win,ticks_elapsed,atk_start_h,pub_h,priv_h,pub_cw,priv_cw,atk_q,block_target,daa2_n_blocks,n_chains,ms_elapsed,atk_start_t,doublespend_after_n_confs
0, 4230, 86, 97, 90, 12987237, 11739123, 0.3, 50, 200, 64, 2180, 3333, 1
0, 4479, 64, 81, 73, 12816016, 11211757, 0.3, 50, 200, 64, 2256, 3333, 1
0, 4593, 73, 91, 86, 13490910, 11864644, 0.3, 50, 200, 64, 2292, 3333, 1
0, 4469, 77, 91, 84, 13263160, 11974976, 0.3, 50, 200, 64, 2342, 3333, 1
0, 4579, 67, 79, 68, 14213774, 12232912, 0.3, 50, 200, 64, 2345, 3333, 1
0, 4735, 67, 90, 73, 13886102, 12073950, 0.3, 50, 200, 64, 2350, 3333, 1
0, 4474, 64, 78, 67, 13094487, 11326636, 0.3, 50, 200, 64, 2369, 3333, 1
0, 4579, 59, 81, 62, 13274991, 11424953, 0.3, 50, 200, 64, 2376, 3333, 1
0, 4774, 63, 87, 78, 14056172, 12192094, 0.3, 50, 200, 64, 2384, 3333, 1
0, 4749, 71, 79, 82, 14053100, 12223523, 0.3, 50, 200, 64, 2427, 3333, 1
0, 4759, 70, 88, 78, 13574011, 11987370, 0.3, 50, 200, 64, 2481, 3333, 1
0, 4812, 76, 89, 84, 13991350, 12161629, 0.3, 50, 200, 64, 2491, 3333, 1
0, 4834, 67, 89, 81, 14334081, 12511554, 0.3, 50, 200, 64, 2501, 3333, 1
0, 4893, 62, 86, 75, 13905381, 11893604, 0.3, 50, 200, 64, 2547, 3333, 1
0, 5056, 63, 84, 78, 14985676, 12931720, 0.3, 50, 200, 64, 2562, 3333, 1
0, 5187, 57, 81, 71, 14757034, 12625364, 0.3, 50, 200, 64, 2744, 3333, 1
1, 3424, 73, 74, 74, 10754737, 10483801, 0.3, 50, 200, 64, 1746, 3333, 1
0, 4559, 70, 88, 80, 13590286, 12081619, 0.3, 50, 200, 64, 2268, 3333, 1
0, 4460, 67, 85, 73, 13051243, 11488464, 0.3, 50, 200, 64, 2126, 3333, 1
0, 4728, 76, 90, 87, 13959101, 12315996, 0.3, 50, 200, 64, 2311, 3333, 1
0, 4574, 72, 85, 78, 13685142, 11951478, 0.3, 50, 200, 64, 2391, 3333, 1
0, 4748, 66, 92, 74, 13602574, 11688003, 0.3, 50, 200, 64, 2439, 3333, 1
0, 4876, 66, 85, 73, 14266298, 12428931, 0.3, 50, 200, 64, 2538, 3333, 1
0, 4652, 74, 92, 83, 13574121, 12148574, 0.3, 50, 200, 64, 2467, 3333, 1
0, 4640, 66, 87, 71, 13525054, 11631140, 0.3, 50, 200, 64, 2355, 3333, 1
0, 5103, 68, 90, 73, 15059516, 13183365, 0.3, 50, 200, 64, 2588, 3333, 1
0, 4726, 74, 84, 84, 13499185, 11936061, 0.3, 50, 200, 64, 2414, 3333, 1
0, 4836, 64, 82, 74, 14533385, 12675793, 0.3, 50, 200, 64, 2514, 3333, 1
0, 4855, 58, 76, 69, 14008450, 12094592, 0.3, 50, 200, 64, 2411, 3333, 1
0, 5066, 63, 81, 73, 14931044, 12831764, 0.3, 50, 200, 64, 2632, 3333, 1
0, 5030, 71, 93, 79, 15350396, 13408434, 0.3, 50, 200, 64, 2488, 3333, 1
0, 4677, 65, 80, 73, 13880402, 11969789, 0.3, 50, 200, 64, 2366, 3333, 1
0, 4482, 76, 91, 85, 13188482, 11747316, 0.3, 50, 200, 64, 2266, 3333, 1
0, 4477, 61, 80, 65, 13271257, 11111635, 0.3, 50, 200, 64, 2206, 3333, 1
0, 4344, 73, 85, 78, 13192394, 11766835, 0.3, 50, 200, 64, 2251, 3333, 1
0, 4842, 78, 98, 86, 14285774, 12720073, 0.3, 50, 200, 64, 2474, 3333, 1
0, 4658, 64, 87, 79, 13729424, 11922136, 0.3, 50, 200, 64, 2297, 3333, 1
0, 4760, 57, 80, 69, 14013030, 11893309, 0.3, 50, 200, 64, 2322, 3333, 1
0, 4810, 61, 79, 69, 14904561, 12696493, 0.3, 50, 200, 64, 2316, 3333, 1
0, 4895, 73, 88, 81, 14384688, 12576728, 0.3, 50, 200, 64, 2439, 3333, 1
0, 4608, 69, 89, 84, 14452458, 12806237, 0.3, 50, 200, 64, 2365, 3333, 1
0, 4623, 80, 98, 88, 13728405, 12060318, 0.3, 50, 200, 64, 2358, 3333, 1
0, 4717, 80, 97, 83, 14331150, 12659051, 0.3, 50, 200, 64, 2360, 3333, 1
0, 4878, 71, 102, 83, 15060086, 13196768, 0.3, 50, 200, 64, 2592, 3333, 1
0, 4715, 78, 96, 89, 13576019, 12086231, 0.3, 50, 200, 64, 2559, 3333, 1
0, 5054, 64, 86, 74, 14363213, 12022035, 0.3, 50, 200, 64, 2551, 3333, 1
0, 4777, 74, 90, 82, 14281744, 12473601, 0.3, 50, 200, 64, 2491, 3333, 1
0, 5258, 72, 93, 84, 14527223, 12622473, 0.3, 50, 200, 64, 2641, 3333, 1
0, 5020, 73, 94, 91, 14208456, 12474690, 0.3, 50, 200, 64, 2571, 3333, 1
0, 4588, 70, 84, 78, 12867995, 11451499, 0.3, 50, 200, 64, 2319, 3333, 1
0, 4355, 79, 95, 85, 12926627, 11684606, 0.3, 50, 200, 64, 2295, 3333, 1
0, 4270, 72, 78, 75, 13097206, 11429855, 0.3, 50, 200, 64, 2196, 3333, 1
0, 4971, 60, 90, 75, 13944955, 11997147, 0.3, 50, 200, 64, 2573, 3333, 1
0, 4815, 79, 94, 87, 14103370, 12614080, 0.3, 50, 200, 64, 2363, 3333, 1
0, 4240, 76, 85, 78, 12925663, 11351283, 0.3, 50, 200, 64, 2121, 3333, 1
0, 4736, 69, 89, 78, 13646606, 12001536, 0.3, 50, 200, 64, 2352, 3333, 1
0, 4357, 56, 66, 61, 13999397, 11875152, 0.3, 50, 200, 64, 2211, 3333, 1
0, 4978, 74, 96, 87, 14822233, 13222225, 0.3, 50, 200, 64, 2458, 3333, 1
0, 4467, 76, 92, 88, 13514097, 12122009, 0.3, 50, 200, 64, 2313, 3333, 1
0, 5134, 56, 86, 69, 15790674, 13402332, 0.3, 50, 200, 64, 2570, 3333, 1
0, 5222, 81, 98, 91, 16045447, 14512476, 0.3, 50, 200, 64, 2533, 3333, 1
0, 4955, 63, 85, 75, 14726472, 12799481, 0.3, 50, 200, 64, 2669, 3333, 1
0, 4834, 55, 75, 64, 14329026, 12192302, 0.3, 50, 200, 64, 2642, 3333, 1
0, 4931, 59, 79, 68, 15112913, 12953960, 0.3, 50, 200, 64, 2413, 3333, 1
0, 4403, 75, 86, 82, 13777931, 12456933, 0.3, 50, 200, 64, 2233, 3333, 1
0, 4342, 75, 83, 82, 13147964, 11711269, 0.3, 50, 200, 64, 2216, 3333, 1
0, 4522, 73, 84, 81, 13077482, 11504305, 0.3, 50, 200, 64, 2118, 3333, 1
0, 4254, 73, 89, 81, 12795571, 11449912, 0.3, 50, 200, 64, 2166, 3333, 1
0, 4412, 77, 90, 90, 13137399, 11757981, 0.3, 50, 200, 64, 2325, 3333, 1
0, 4968, 74, 93, 85, 14839392, 13316098, 0.3, 50, 200, 64, 2551, 3333, 1
0, 4657, 71, 86, 82, 13758655, 11990741, 0.3, 50, 200, 64, 2417, 3333, 1
0, 4355, 70, 82, 78, 13387167, 11821683, 0.3, 50, 200, 64, 2204, 3333, 1
0, 4590, 68, 88, 81, 13475426, 11848992, 0.3, 50, 200, 64, 2270, 3333, 1
0, 4795, 63, 80, 73, 13554302, 11777581, 0.3, 50, 200, 64, 2383, 3333, 1
0, 4704, 82, 97, 92, 13942567, 12444015, 0.3, 50, 200, 64, 2382, 3333, 1
0, 4999, 72, 90, 77, 15321599, 13504047, 0.3, 50, 200, 64, 2535, 3333, 1
0, 4959, 58, 81, 74, 14334604, 12415850, 0.3, 50, 200, 64, 2631, 3333, 1
0, 4962, 72, 88, 82, 13975324, 12289019, 0.3, 50, 200, 64, 2565, 3333, 1
0, 4943, 54, 78, 64, 14037486, 12092838, 0.3, 50, 200, 64, 2452, 3333, 1
0, 4694, 75, 94, 85, 13682947, 12301025, 0.3, 50, 200, 64, 2455, 3333, 1
0, 4985, 67, 87, 83, 14699825, 12772183, 0.3, 50, 200, 64, 2628, 3333, 1
0, 4590, 66, 87, 72, 13344103, 11560693, 0.3, 50, 200, 64, 2426, 3333, 1
0, 4624, 81, 96, 86, 13747017, 12358483, 0.3, 50, 200, 64, 2371, 3333, 1
0, 4475, 80, 96, 85, 13282240, 11756246, 0.3, 50, 200, 64, 2227, 3333, 1
1, 3540, 64, 65, 65, 11150247, 11126329, 0.3, 50, 200, 64, 1835, 3333, 1
0, 5017, 65, 88, 75, 14249224, 12331382, 0.3, 50, 200, 64, 2495, 3333, 1
1, 3523, 78, 79, 79, 11598929, 11461876, 0.3, 50, 200, 64, 1805, 3333, 1
0, 4906, 63, 89, 73, 7223908, 6173395, 0.3, 50, 200, 32, 470, 3333, 1
0, 5377, 63, 87, 73, 14817266, 12934168, 0.3, 50, 200, 64, 2834, 3333, 1
0, 4793, 59, 81, 69, 14070981, 12084425, 0.3, 50, 200, 64, 2472, 3333, 1
0, 4149, 72, 81, 73, 12535752, 10803837, 0.3, 50, 200, 64, 2109, 3333, 1
0, 4978, 65, 84, 80, 7494361, 6363466, 0.3, 50, 200, 32, 462, 3333, 1
0, 4644, 73, 91, 79, 14295210, 12587285, 0.3, 50, 200, 64, 2347, 3333, 1
0, 4923, 67, 87, 80, 14293534, 12338234, 0.3, 50, 200, 64, 2610, 3333, 1
0, 4937, 62, 84, 74, 14035813, 12274928, 0.3, 50, 200, 64, 2704, 3333, 1
0, 4339, 71, 89, 76, 12848615, 11356812, 0.3, 50, 200, 64, 2306, 3333, 1
0, 4808, 68, 87, 77, 14207092, 12005464, 0.3, 50, 200, 64, 2417, 3333, 1
1, 3371, 59, 60, 60, 5268353, 5166668, 0.3, 50, 200, 32, 350, 3333, 1
0, 4697, 64, 85, 77, 13993703, 11944936, 0.3, 50, 200, 64, 2530, 3333, 1
0, 4758, 67, 87, 76, 6923883, 5961599, 0.3, 50, 200, 32, 495, 3333, 1
0, 4706, 79, 97, 86, 6872927, 6180138, 0.3, 50, 200, 32, 469, 3333, 1
0, 4862, 77, 96, 87, 7243440, 6453968, 0.3, 50, 200, 32, 519, 3333, 1
0, 4084, 79, 92, 83, 6228518, 5540175, 0.3, 50, 200, 32, 403, 3333, 1
0, 4638, 68, 82, 77, 6566880, 5742140, 0.3, 50, 200, 32, 441, 3333, 1
0, 4753, 55, 77, 63, 6743666, 5745631, 0.3, 50, 200, 32, 437, 3333, 1
0, 5164, 77, 90, 86, 7579167, 6856798, 0.3, 50, 200, 32, 513, 3333, 1
0, 4661, 70, 86, 82, 7095973, 6267791, 0.3, 50, 200, 32, 453, 3333, 1
0, 5088, 92, 105, 94, 8011059, 7283401, 0.3, 50, 200, 32, 474, 3333, 1
1, 3616, 74, 75, 76, 5700552, 5688375, 0.3, 50, 200, 32, 344, 3333, 1
0, 5009, 70, 88, 79, 7408879, 6465202, 0.3, 50, 200, 32, 472, 3333, 1
0, 5302, 74, 102, 84, 7621752, 6782099, 0.3, 50, 200, 32, 469, 3333, 1
0, 4247, 76, 93, 81, 6191640, 5463513, 0.3, 50, 200, 32, 356, 3333, 1
0, 4382, 82, 97, 88, 6690419, 6059330, 0.3, 50, 200, 32, 448, 3333, 1
0, 4118, 69, 83, 70, 6535863, 5604247, 0.3, 50, 200, 32, 364, 3333, 1
0, 4728, 72, 88, 81, 6831526, 6064025, 0.3, 50, 200, 32, 501, 3333, 1
0, 4493, 69, 79, 79, 6784212, 5892508, 0.3, 50, 200, 32, 378, 3333, 1
0, 4371, 76, 87, 79, 6476760, 5731596, 0.3, 50, 200, 32, 432, 3333, 1
0, 5170, 74, 91, 85, 7625564, 6777158, 0.3, 50, 200, 32, 468, 3333, 1
0, 4841, 70, 85, 77, 7202542, 6286124, 0.3, 50, 200, 32, 438, 3333, 1
0, 4754, 71, 85, 79, 6885036, 6070734, 0.3, 50, 200, 32, 495, 3333, 1
0, 4985, 65, 85, 73, 7273855, 6244367, 0.3, 50, 200, 32, 490, 3333, 1
0, 4488, 74, 85, 88, 6726363, 5884071, 0.3, 50, 200, 32, 410, 3333, 1
0, 4442, 66, 80, 71, 6446597, 5635740, 0.3, 50, 200, 32, 442, 3333, 1
0, 4343, 71, 85, 74, 6443823, 5690174, 0.3, 50, 200, 32, 415, 3333, 1
0, 4965, 65, 81, 73, 7367110, 6351366, 0.3, 50, 200, 32, 485, 3333, 1
0, 4623, 60, 83, 71, 6767348, 5873551, 0.3, 50, 200, 32, 498, 3333, 1
1, 3422, 59, 60, 60, 5711773, 5643564, 0.3, 50, 200, 32, 287, 3333, 1
0, 4539, 73, 89, 83, 6358536, 5614621, 0.3, 50, 200, 32, 419, 3333, 1
0, 4829, 65, 80, 74, 7367198, 6441864, 0.3, 50, 200, 32, 460, 3333, 1
0, 4460, 62, 79, 66, 6435021, 5484059, 0.3, 50, 200, 32, 426, 3333, 1
0, 4094, 77, 90, 81, 13460246, 12095109, 0.3, 50, 200, 64, 2144, 3333, 1
0, 4738, 76, 92, 85, 6983130, 6270536, 0.3, 50, 200, 32, 494, 3333, 1
0, 5498, 69, 94, 85, 8089043, 7009219, 0.3, 50, 200, 32, 509, 3333, 1
0, 4109, 71, 80, 73, 12386339, 10898867, 0.3, 50, 200, 64, 2120, 3333, 1
1, 3457, 77, 78, 78, 5635128, 5626010, 0.3, 50, 200, 32, 291, 3333, 1
0, 4981, 63, 90, 77, 7110958, 6152198, 0.3, 50, 200, 32, 494, 3333, 1
0, 4132, 74, 81, 75, 12304517, 10635256, 0.3, 50, 200, 64, 2165, 3333, 1
0, 4455, 68, 85, 78, 6382291, 5578882, 0.3, 50, 200, 32, 394, 3333, 1
0, 4491, 70, 79, 77, 6734520, 5870388, 0.3, 50, 200, 32, 403, 3333, 1
0, 4663, 66, 87, 75, 6862081, 5947095, 0.3, 50, 200, 32, 428, 3333, 1
0, 4778, 77, 92, 83, 13884484, 12390713, 0.3, 50, 200, 64, 2447, 3333, 1
0, 5151, 86, 99, 92, 7842061, 7047189, 0.3, 50, 200, 32, 439, 3333, 1
0, 4696, 66, 86, 79, 7241963, 6306790, 0.3, 50, 200, 32, 464, 3333, 1
0, 4748, 79, 99, 90, 7255619, 6417436, 0.3, 50, 200, 32, 462, 3333, 1
0, 4654, 77, 98, 89, 6495945, 5764037, 0.3, 50, 200, 32, 374, 3333, 1
0, 4912, 59, 76, 65, 6980040, 5970908, 0.3, 50, 200, 32, 445, 3333, 1
0, 4587, 80, 93, 91, 6788442, 6128152, 0.3, 50, 200, 32, 436, 3333, 1
0, 4261, 73, 86, 76, 6157503, 5481073, 0.3, 50, 200, 32, 382, 3333, 1
0, 4886, 85, 106, 94, 6953754, 6267299, 0.3, 50, 200, 32, 469, 3333, 1
0, 4580, 77, 95, 83, 6977516, 6190986, 0.3, 50, 200, 32, 489, 3333, 1
1, 3569, 60, 61, 61, 5843934, 5784339, 0.3, 50, 200, 32, 332, 3333, 1
0, 5154, 62, 91, 74, 7472283, 6395797, 0.3, 50, 200, 32, 457, 3333, 1
0, 4984, 65, 92, 73, 7286508, 6357676, 0.3, 50, 200, 32, 508, 3333, 1
0, 5130, 72, 90, 82, 7485091, 6488635, 0.3, 50, 200, 32, 431, 3333, 1
0, 4996, 73, 96, 77, 7423839, 6426986, 0.3, 50, 200, 32, 483, 3333, 1
0, 4865, 64, 76, 73, 6949836, 6030735, 0.3, 50, 200, 32, 439, 3333, 1
0, 3954, 63, 77, 64, 6039807, 5190844, 0.3, 50, 200, 32, 362, 3333, 1
0, 4599, 65, 84, 78, 7032333, 6121500, 0.3, 50, 200, 32, 428, 3333, 1
0, 4375, 69, 80, 71, 6355064, 5506174, 0.3, 50, 200, 32, 444, 3333, 1
0, 4643, 69, 78, 71, 7120299, 6228604, 0.3, 50, 200, 32, 484, 3333, 1
0, 4132, 84, 97, 90, 6159763, 5556446, 0.3, 50, 200, 32, 417, 3333, 1
1, 3400, 66, 67, 67, 5492396, 5395497, 0.3, 50, 200, 32, 291, 3333, 1
0, 4680, 66, 95, 71, 6776172, 5918082, 0.3, 50, 200, 32, 410, 3333, 1
0, 4770, 69, 90, 79, 6885888, 6021238, 0.3, 50, 200, 32, 465, 3333, 1
0, 4985, 75, 85, 80, 7429413, 6624786, 0.3, 50, 200, 32, 429, 3333, 1
0, 4660, 77, 88, 84, 7040270, 6359817, 0.3, 50, 200, 32, 421, 3333, 1
0, 4789, 75, 89, 84, 7127600, 6410427, 0.3, 50, 200, 32, 486, 3333, 1
0, 4692, 77, 90, 80, 7120267, 6281737, 0.3, 50, 200, 32, 403, 3333, 1
0, 4881, 58, 71, 70, 7043243, 5993064, 0.3, 50, 200, 32, 521, 3333, 1
0, 4799, 72, 98, 84, 7349720, 6482148, 0.3, 50, 200, 32, 474, 3333, 1
0, 4761, 80, 94, 87, 7246162, 6521674, 0.3, 50, 200, 32, 495, 3333, 1
0, 4292, 72, 88, 82, 6452084, 5687690, 0.3, 50, 200, 32, 449, 3333, 1
0, 4757, 62, 81, 69, 7141094, 6056613, 0.3, 50, 200, 32, 476, 3333, 1
0, 5002, 64, 85, 81, 7161122, 6207693, 0.3, 50, 200, 32, 509, 3333, 1
0, 4547, 67, 96, 73, 6873250, 5983035, 0.3, 50, 200, 32, 373, 3333, 1
0, 4828, 65, 87, 82, 7022750, 6198442, 0.3, 50, 200, 32, 419, 3333, 1
0, 4393, 71, 84, 75, 6614184, 5807771, 0.3, 50, 200, 32, 345, 3333, 1
0, 4946, 56, 78, 70, 7248392, 6179762, 0.3, 50, 200, 32, 432, 3333, 1
1, 3375, 65, 66, 66, 5283628, 4893691, 0.3, 50, 200, 32, 321, 3333, 1
0, 4638, 66, 84, 72, 6808563, 5975868, 0.3, 50, 200, 32, 474, 3333, 1
0, 4491, 67, 88, 77, 6888468, 6107236, 0.3, 50, 200, 32, 466, 3333, 1
0, 5125, 77, 100, 90, 7623333, 6604173, 0.3, 50, 200, 32, 524, 3333, 1
0, 5495, 71, 85, 87, 7977317, 6943717, 0.3, 50, 200, 32, 612, 3333, 1
0, 4686, 78, 91, 89, 6980274, 6237458, 0.3, 50, 200, 32, 401, 3333, 1
0, 4605, 79, 99, 89, 6957042, 6174422, 0.3, 50, 200, 32, 429, 3333, 1
0, 5034, 62, 84, 72, 7325640, 6242595, 0.3, 50, 200, 32, 452, 3333, 1
0, 4356, 84, 94, 90, 6514667, 5800309, 0.3, 50, 200, 32, 390, 3333, 1
0, 4785, 63, 93, 73, 6907502, 5979061, 0.3, 50, 200, 32, 528, 3333, 1
0, 4409, 69, 91, 77, 4819935, 4284044, 0.3, 50, 200, 23, 225, 3333, 1
0, 4750, 84, 99, 88, 7305593, 6678810, 0.3, 50, 200, 32, 443, 3333, 1
0, 5134, 76, 92, 84, 7594259, 6642162, 0.3, 50, 200, 32, 516, 3333, 1
0, 5352, 76, 89, 82, 7991352, 7013953, 0.3, 50, 200, 32, 474, 3333, 1
1, 3524, 60, 61, 62, 4037390, 4039068, 0.3, 50, 200, 23, 154, 3333, 1
0, 4051, 70, 76, 71, 6819497, 5679482, 0.3, 50, 200, 32, 411, 3333, 1
0, 4944, 65, 88, 78, 7333507, 6404150, 0.3, 50, 200, 32, 518, 3333, 1
0, 5141, 61, 80, 70, 7602583, 6563834, 0.3, 50, 200, 32, 446, 3333, 1
0, 4593, 68, 87, 78, 5052011, 4447170, 0.3, 50, 200, 23, 220, 3333, 1
0, 4798, 70, 89, 80, 6688408, 5824184, 0.3, 50, 200, 32, 453, 3333, 1
0, 4539, 67, 74, 68, 6840129, 5912654, 0.3, 50, 200, 32, 406, 3333, 1
0, 4836, 65, 85, 82, 6949015, 6108338, 0.3, 50, 200, 32, 438, 3333, 1
0, 4575, 59, 78, 66, 6658910, 5766744, 0.3, 50, 200, 32, 471, 3333, 1
0, 4868, 61, 80, 78, 7015984, 6022163, 0.3, 50, 200, 32, 501, 3333, 1
0, 4682, 80, 92, 87, 6715830, 5961468, 0.3, 50, 200, 32, 496, 3333, 1
0, 4498, 82, 101, 86, 5086229, 4476529, 0.3, 50, 200, 23, 227, 3333, 1
0, 4208, 69, 85, 72, 4467325, 3883909, 0.3, 50, 200, 23, 194, 3333, 1
0, 4839, 67, 84, 81, 5165688, 4495171, 0.3, 50, 200, 23, 221, 3333, 1
0, 4651, 78, 87, 83, 4946072, 4278561, 0.3, 50, 200, 23, 216, 3333, 1
0, 4455, 69, 81, 78, 4913517, 4317594, 0.3, 50, 200, 23, 208, 3333, 1
0, 4731, 66, 85, 72, 4992774, 4337981, 0.3, 50, 200, 23, 210, 3333, 1
0, 4962, 72, 82, 80, 5364562, 4772033, 0.3, 50, 200, 23, 228, 3333, 1
0, 4696, 72, 96, 86, 4943719, 4391455, 0.3, 50, 200, 23, 211, 3333, 1
0, 4504, 86, 97, 89, 4778639, 4238010, 0.3, 50, 200, 23, 205, 3333, 1
0, 4598, 63, 78, 69, 4821075, 4181590, 0.3, 50, 200, 23, 225, 3333, 1
0, 4966, 76, 94, 85, 5282285, 4698314, 0.3, 50, 200, 23, 243, 3333, 1
0, 4869, 56, 70, 63, 5179367, 4431484, 0.3, 50, 200, 23, 202, 3333, 1
0, 4646, 66, 84, 73, 4955604, 4296419, 0.3, 50, 200, 23, 206, 3333, 1
1, 3887, 80, 81, 81, 4484245, 4339262, 0.3, 50, 200, 23, 193, 3333, 1
0, 5051, 58, 78, 70, 5633620, 4735149, 0.3, 50, 200, 23, 230, 3333, 1
0, 4421, 69, 84, 73, 4637703, 4033795, 0.3, 50, 200, 23, 218, 3333, 1
0, 4344, 66, 87, 73, 4730818, 4109166, 0.3, 50, 200, 23, 218, 3333, 1
0, 4462, 71, 84, 80, 4537715, 3990654, 0.3, 50, 200, 23, 178, 3333, 1
0, 4813, 79, 102, 89, 5080121, 4520339, 0.3, 50, 200, 23, 222, 3333, 1
0, 4830, 69, 92, 80, 5037161, 4437501, 0.3, 50, 200, 23, 249, 3333, 1
0, 4761, 65, 85, 77, 5229521, 4580330, 0.3, 50, 200, 23, 232, 3333, 1
0, 5050, 61, 90, 70, 5281329, 4542020, 0.3, 50, 200, 23, 257, 3333, 1
1, 3646, 60, 61, 62, 4464913, 4467479, 0.3, 50, 200, 23, 155, 3333, 1
0, 4870, 63, 83, 77, 4789034, 4136102, 0.3, 50, 200, 23, 231, 3333, 1
0, 5268, 76, 102, 86, 5615313, 4954324, 0.3, 50, 200, 23, 220, 3333, 1
0, 4115, 86, 101, 87, 4782995, 4237627, 0.3, 50, 200, 23, 189, 3333, 1
0, 4701, 72, 83, 75, 5167324, 4572409, 0.3, 50, 200, 23, 216, 3333, 1
0, 4791, 62, 80, 73, 4986186, 4360547, 0.3, 50, 200, 23, 232, 3333, 1
0, 4388, 69, 83, 79, 4523964, 3984696, 0.3, 50, 200, 23, 215, 3333, 1
0, 4862, 77, 96, 86, 5476723, 4857736, 0.3, 50, 200, 23, 233, 3333, 1
0, 4146, 70, 81, 72, 4439417, 3861354, 0.3, 50, 200, 23, 197, 3333, 1
0, 4699, 71, 88, 75, 4909650, 4278091, 0.3, 50, 200, 23, 241, 3333, 1
1, 3671, 81, 82, 82, 4256422, 4096111, 0.3, 50, 200, 23, 171, 3333, 1
0, 4407, 71, 88, 77, 4840445, 4231959, 0.3, 50, 200, 23, 209, 3333, 1
0, 4949, 67, 101, 83, 4979883, 4337918, 0.3, 50, 200, 23, 223, 3333, 1
0, 4617, 57, 81, 63, 4676323, 3952944, 0.3, 50, 200, 23, 206, 3333, 1
0, 4986, 57, 82, 63, 5025370, 4254120, 0.3, 50, 200, 23, 257, 3333, 1
0, 4670, 68, 87, 75, 5150578, 4571584, 0.3, 50, 200, 23, 247, 3333, 1
0, 4616, 80, 102, 88, 5116039, 4547111, 0.3, 50, 200, 23, 232, 3333, 1
0, 4583, 68, 81, 75, 4774921, 4136930, 0.3, 50, 200, 23, 194, 3333, 1
0, 4927, 77, 97, 89, 5023632, 4502976, 0.3, 50, 200, 23, 246, 3333, 1
0, 4759, 76, 89, 79, 5186314, 4624336, 0.3, 50, 200, 23, 224, 3333, 1
0, 4758, 59, 77, 68, 4845859, 4164053, 0.3, 50, 200, 23, 209, 3333, 1
0, 4399, 70, 92, 79, 4834521, 4238431, 0.3, 50, 200, 23, 187, 3333, 1
0, 4181, 69, 77, 70, 4521262, 3893145, 0.3, 50, 200, 23, 192, 3333, 1
0, 5197, 70, 91, 87, 5111989, 4473618, 0.3, 50, 200, 23, 247, 3333, 1
0, 4796, 62, 87, 71, 5023329, 4335205, 0.3, 50, 200, 23, 229, 3333, 1
0, 4277, 75, 92, 83, 4680845, 4182721, 0.3, 50, 200, 23, 203, 3333, 1
0, 4780, 71, 90, 82, 4968667, 4399301, 0.3, 50, 200, 23, 200, 3333, 1
0, 4409, 77, 94, 84, 4991597, 4503021, 0.3, 50, 200, 23, 231, 3333, 1
0, 4940, 60, 77, 71, 5425789, 4606016, 0.3, 50, 200, 23, 256, 3333, 1
0, 4989, 64, 83, 72, 5411297, 4706248, 0.3, 50, 200, 23, 232, 3333, 1
0, 4876, 63, 84, 76, 4893702, 4224728, 0.3, 50, 200, 23, 204, 3333, 1
0, 5106, 65, 94, 75, 5493111, 4748751, 0.3, 50, 200, 23, 206, 3333, 1
0, 5192, 60, 88, 69, 5049435, 4369278, 0.3, 50, 200, 23, 263, 3333, 1
0, 4672, 63, 73, 72, 5326202, 4501289, 0.3, 50, 200, 23, 211, 3333, 1
0, 5066, 67, 87, 79, 5396050, 4707292, 0.3, 50, 200, 23, 243, 3333, 1
0, 5422, 74, 103, 82, 5578508, 4933971, 0.3, 50, 200, 23, 210, 3333, 1
0, 5485, 70, 92, 83, 5761002, 5015296, 0.3, 50, 200, 23, 258, 3333, 1
0, 5269, 66, 89, 81, 5887219, 5064264, 0.3, 50, 200, 23, 234, 3333, 1
0, 4448, 72, 86, 77, 4579352, 3975979, 0.3, 50, 200, 23, 214, 3333, 1
0, 4856, 69, 84, 79, 5228952, 4554018, 0.3, 50, 200, 23, 224, 3333, 1
0, 4639, 73, 89, 82, 5241068, 4565882, 0.3, 50, 200, 23, 192, 3333, 1
0, 4428, 75, 96, 85, 4722826, 4198111, 0.3, 50, 200, 23, 180, 3333, 1
0, 4693, 69, 90, 80, 5006636, 4403173, 0.3, 50, 200, 23, 221, 3333, 1
0, 4485, 76, 90, 82, 4743330, 4214804, 0.3, 50, 200, 23, 200, 3333, 1
0, 4492, 68, 90, 75, 4818335, 4211717, 0.3, 50, 200, 23, 202, 3333, 1
1, 3448, 67, 68, 68, 4008662, 3970530, 0.3, 50, 200, 23, 157, 3333, 1
0, 4339, 73, 83, 77, 4635169, 4064702, 0.3, 50, 200, 23, 218, 3333, 1
0, 4771, 58, 80, 69, 5142827, 4396734, 0.3, 50, 200, 23, 239, 3333, 1
0, 4376, 65, 85, 71, 4436528, 3877924, 0.3, 50, 200, 23, 205, 3333, 1
1, 3379, 56, 57, 57, 3995646, 3982789, 0.3, 50, 200, 23, 154, 3333, 1
0, 4895, 72, 96, 82, 5275238, 4651508, 0.3, 50, 200, 23, 250, 3333, 1
0, 4501, 75, 89, 84, 4992320, 4442939, 0.3, 50, 200, 23, 235, 3333, 1
1, 3346, 69, 70, 70, 3938519, 3913740, 0.3, 50, 200, 23, 170, 3333, 1
0, 4924, 69, 84, 74, 5302586, 4607776, 0.3, 50, 200, 23, 258, 3333, 1
0, 5030, 61, 82, 71, 5029698, 4316285, 0.3, 50, 200, 23, 237, 3333, 1
0, 4331, 79, 91, 87, 4853991, 4365259, 0.3, 50, 200, 23, 238, 3333, 1
1, 3570, 72, 73, 74, 4195304, 4205640, 0.3, 50, 200, 23, 182, 3333, 1
0, 4463, 71, 94, 78, 4520483, 3994684, 0.3, 50, 200, 23, 224, 3333, 1
0, 4518, 69, 89, 74, 4610940, 4045468, 0.3, 50, 200, 23, 201, 3333, 1
0, 5223, 60, 86, 71, 5552797, 4809889, 0.3, 50, 200, 23, 272, 3333, 1
0, 4740, 55, 73, 64, 4818047, 4100821, 0.3, 50, 200, 23, 242, 3333, 1
0, 4161, 73, 94, 79, 4288445, 3785024, 0.3, 50, 200, 23, 194, 3333, 1
0, 4596, 70, 94, 77, 4948113, 4327803, 0.3, 50, 200, 23, 234, 3333, 1
0, 4658, 67, 83, 72, 4902495, 4296981, 0.3, 50, 200, 23, 223, 3333, 1
0, 4381, 78, 93, 81, 4888578, 4361829, 0.3, 50, 200, 23, 210, 3333, 1
0, 4757, 72, 89, 80, 5169150, 4582184, 0.3, 50, 200, 23, 237, 3333, 1
0, 4982, 71, 93, 82, 5151587, 4453333, 0.3, 50, 200, 23, 218, 3333, 1
0, 4548, 70, 87, 79, 3496753, 3078181, 0.3, 50, 200, 16, 97, 3333, 1
0, 5092, 65, 85, 79, 3650888, 3149857, 0.3, 50, 200, 16, 92, 3333, 1
0, 4750, 66, 86, 75, 5107366, 4560748, 0.3, 50, 200, 23, 201, 3333, 1
0, 5121, 72, 98, 87, 5572950, 4939832, 0.3, 50, 200, 23, 264, 3333, 1
0, 4567, 65, 85, 71, 4878239, 4312628, 0.3, 50, 200, 23, 214, 3333, 1
0, 4677, 76, 92, 84, 3552264, 3163854, 0.3, 50, 200, 16, 87, 3333, 1
0, 4912, 66, 79, 74, 4974965, 4308960, 0.3, 50, 200, 23, 200, 3333, 1
0, 4592, 61, 77, 68, 4823583, 4168281, 0.3, 50, 200, 23, 234, 3333, 1
0, 5014, 64, 79, 72, 5322458, 4584982, 0.3, 50, 200, 23, 229, 3333, 1
0, 5299, 75, 99, 81, 4108380, 3603863, 0.3, 50, 200, 16, 144, 3333, 1
0, 5161, 66, 84, 77, 5378316, 4623439, 0.3, 50, 200, 23, 242, 3333, 1
0, 4652, 70, 91, 78, 3255055, 2816164, 0.3, 50, 200, 16, 111, 3333, 1
1, 3404, 67, 68, 68, 2780324, 2749962, 0.3, 50, 200, 16, 82, 3333, 1
0, 5058, 62, 86, 73, 5085229, 4420445, 0.3, 50, 200, 23, 207, 3333, 1
0, 5047, 59, 81, 67, 3784397, 3197406, 0.3, 50, 200, 16, 99, 3333, 1
0, 4484, 78, 93, 83, 3321351, 2974820, 0.3, 50, 200, 16, 83, 3333, 1
0, 4847, 73, 91, 84, 3506432, 3114357, 0.3, 50, 200, 16, 106, 3333, 1
0, 4178, 74, 89, 77, 3167824, 2810660, 0.3, 50, 200, 16, 90, 3333, 1
1, 3445, 71, 73, 72, 2682649, 2591228, 0.3, 50, 200, 16, 64, 3333, 1
0, 4893, 75, 92, 85, 3736106, 3329750, 0.3, 50, 200, 16, 120, 3333, 1
0, 4648, 80, 95, 84, 3292355, 2903666, 0.3, 50, 200, 16, 111, 3333, 1
0, 4878, 46, 73, 58, 3653128, 3111296, 0.3, 50, 200, 16, 118, 3333, 1
0, 4337, 66, 82, 76, 3000429, 2604401, 0.3, 50, 200, 16, 102, 3333, 1
0, 4878, 65, 86, 75, 3752037, 3280024, 0.3, 50, 200, 16, 119, 3333, 1
0, 5731, 81, 106, 96, 4172945, 3750718, 0.3, 50, 200, 16, 143, 3333, 1
0, 4281, 69, 85, 76, 3337830, 2959961, 0.3, 50, 200, 16, 97, 3333, 1
1, 3438, 77, 78, 79, 2781179, 2806282, 0.3, 50, 200, 16, 82, 3333, 1
0, 4659, 72, 89, 85, 3475104, 3087503, 0.3, 50, 200, 16, 108, 3333, 1
0, 4992, 72, 90, 77, 3573299, 3181208, 0.3, 50, 200, 16, 110, 3333, 1
0, 4400, 77, 91, 89, 3151716, 2810862, 0.3, 50, 200, 16, 114, 3333, 1
0, 5176, 67, 82, 73, 3580413, 3096505, 0.3, 50, 200, 16, 123, 3333, 1
0, 4568, 75, 90, 81, 3399231, 3016472, 0.3, 50, 200, 16, 129, 3333, 1
0, 4367, 65, 76, 72, 3235653, 2807959, 0.3, 50, 200, 16, 96, 3333, 1
0, 5242, 70, 84, 78, 4063742, 3589328, 0.3, 50, 200, 16, 135, 3333, 1
0, 4252, 75, 89, 82, 3239312, 2885565, 0.3, 50, 200, 16, 120, 3333, 1
0, 4637, 75, 91, 91, 3412829, 3028845, 0.3, 50, 200, 16, 107, 3333, 1
0, 4377, 65, 78, 77, 3332837, 2918256, 0.3, 50, 200, 16, 116, 3333, 1
0, 4150, 77, 90, 81, 3226060, 2848986, 0.3, 50, 200, 16, 120, 3333, 1
0, 4752, 74, 87, 86, 3753358, 3315530, 0.3, 50, 200, 16, 119, 3333, 1
0, 4609, 65, 81, 73, 3474176, 3015531, 0.3, 50, 200, 16, 109, 3333, 1
0, 4995, 66, 89, 72, 3661732, 3109868, 0.3, 50, 200, 16, 105, 3333, 1
0, 5552, 61, 91, 78, 3823496, 3310825, 0.3, 50, 200, 16, 143, 3333, 1
0, 4728, 71, 80, 81, 3486836, 3107123, 0.3, 50, 200, 16, 124, 3333, 1
0, 4474, 66, 80, 67, 3496880, 2991441, 0.3, 50, 200, 16, 138, 3333, 1
0, 4923, 74, 91, 83, 3542988, 3138658, 0.3, 50, 200, 16, 122, 3333, 1
0, 4222, 80, 92, 86, 3021434, 2755679, 0.3, 50, 200, 16, 100, 3333, 1
1, 3461, 61, 62, 62, 2752496, 2725977, 0.3, 50, 200, 16, 95, 3333, 1
0, 4974, 69, 87, 76, 3692529, 3222809, 0.3, 50, 200, 16, 105, 3333, 1
0, 5247, 70, 92, 82, 3831935, 3348239, 0.3, 50, 200, 16, 122, 3333, 1
0, 4592, 78, 97, 89, 3315405, 2984742, 0.3, 50, 200, 16, 101, 3333, 1
0, 4074, 77, 86, 78, 3019819, 2693663, 0.3, 50, 200, 16, 89, 3333, 1
0, 4623, 72, 95, 82, 3511168, 3085145, 0.3, 50, 200, 16, 118, 3333, 1
1, 3417, 69, 70, 70, 2911245, 2887754, 0.3, 50, 200, 16, 79, 3333, 1
0, 4510, 55, 68, 61, 3413153, 2905835, 0.3, 50, 200, 16, 98, 3333, 1
1, 3499, 56, 57, 57, 2987477, 2851521, 0.3, 50, 200, 16, 93, 3333, 1
0, 4542, 68, 86, 78, 3326996, 2885685, 0.3, 50, 200, 16, 100, 3333, 1
0, 4930, 75, 90, 83, 3548112, 3115898, 0.3, 50, 200, 16, 102, 3333, 1
0, 4492, 64, 79, 71, 3363722, 2931938, 0.3, 50, 200, 16, 111, 3333, 1
0, 4504, 72, 86, 78, 3513867, 3115200, 0.3, 50, 200, 16, 96, 3333, 1
0, 4856, 65, 86, 75, 3732670, 3241318, 0.3, 50, 200, 16, 100, 3333, 1
0, 5218, 66, 87, 75, 3738723, 3257476, 0.3, 50, 200, 16, 106, 3333, 1
0, 4730, 70, 90, 78, 3457977, 3001478, 0.3, 50, 200, 16, 106, 3333, 1
0, 4334, 67, 77, 69, 3271487, 2822863, 0.3, 50, 200, 16, 95, 3333, 1
0, 4732, 68, 92, 80, 3470902, 3064227, 0.3, 50, 200, 16, 95, 3333, 1
0, 5167, 75, 90, 85, 4112863, 3654441, 0.3, 50, 200, 16, 141, 3333, 1
0, 4750, 69, 82, 77, 3666163, 3227312, 0.3, 50, 200, 16, 104, 3333, 1
0, 4696, 73, 83, 76, 3549018, 3113614, 0.3, 50, 200, 16, 140, 3333, 1
1, 3348, 63, 64, 64, 2615590, 2557997, 0.3, 50, 200, 16, 70, 3333, 1
0, 4647, 72, 89, 80, 3576178, 3149601, 0.3, 50, 200, 16, 104, 3333, 1
0, 5255, 54, 84, 70, 3579985, 3061195, 0.3, 50, 200, 16, 119, 3333, 1
0, 4295, 67, 81, 71, 3065223, 2661341, 0.3, 50, 200, 16, 87, 3333, 1
0, 4981, 66, 88, 78, 3687097, 3220302, 0.3, 50, 200, 16, 125, 3333, 1
0, 4667, 60, 69, 70, 3419941, 2903095, 0.3, 50, 200, 16, 121, 3333, 1
0, 4880, 56, 77, 65, 3656465, 3108619, 0.3, 50, 200, 16, 125, 3333, 1
0, 4103, 74, 83, 76, 3065941, 2762172, 0.3, 50, 200, 16, 100, 3333, 1
0, 5420, 63, 91, 82, 4028561, 3478114, 0.3, 50, 200, 16, 128, 3333, 1
0, 5080, 63, 77, 71, 3939671, 3414843, 0.3, 50, 200, 16, 114, 3333, 1
0, 4489, 69, 88, 77, 3418221, 2962921, 0.3, 50, 200, 16, 95, 3333, 1
0, 3987, 62, 71, 68, 3132133, 2707238, 0.3, 50, 200, 16, 94, 3333, 1
0, 4624, 67, 80, 79, 3110512, 2747802, 0.3, 50, 200, 16, 104, 3333, 1
0, 4500, 65, 87, 68, 3255118, 2815810, 0.3, 50, 200, 16, 97, 3333, 1
1, 3404, 69, 70, 70, 2631768, 2584206, 0.3, 50, 200, 16, 70, 3333, 1
0, 4659, 70, 87, 79, 3725240, 3186877, 0.3, 50, 200, 16, 106, 3333, 1
0, 4139, 77, 84, 79, 3219501, 2830881, 0.3, 50, 200, 16, 94, 3333, 1
0, 5165, 71, 94, 80, 3808416, 3338108, 0.3, 50, 200, 16, 105, 3333, 1
0, 4210, 71, 85, 78, 3336161, 2929868, 0.3, 50, 200, 16, 88, 3333, 1
0, 4776, 79, 97, 87, 3585609, 3163233, 0.3, 50, 200, 16, 101, 3333, 1
0, 4537, 73, 89, 77, 3305765, 2971544, 0.3, 50, 200, 16, 87, 3333, 1
1, 3593, 87, 88, 88, 2820939, 2820939, 0.3, 50, 200, 16, 96, 3333, 1
0, 4924, 62, 76, 71, 3845712, 3311965, 0.3, 50, 200, 16, 131, 3333, 1
0, 4881, 61, 87, 74, 3499362, 3014777, 0.3, 50, 200, 16, 146, 3333, 1
0, 4788, 65, 92, 77, 3513802, 3084818, 0.3, 50, 200, 16, 142, 3333, 1
0, 4769, 65, 85, 80, 3383435, 2960951, 0.3, 50, 200, 16, 104, 3333, 1
0, 5126, 89, 102, 91, 3680112, 3277369, 0.3, 50, 200, 16, 131, 3333, 1
0, 4131, 85, 92, 88, 3056754, 2683711, 0.3, 50, 200, 16, 102, 3333, 1
0, 4488, 72, 91, 81, 3513615, 3071396, 0.3, 50, 200, 16, 120, 3333, 1
0, 4728, 80, 88, 83, 3464851, 3110641, 0.3, 50, 200, 16, 129, 3333, 1
0, 4716, 60, 74, 71, 3442918, 2945239, 0.3, 50, 200, 16, 118, 3333, 1
1, 3736, 66, 67, 68, 2803842, 2926687, 0.3, 50, 200, 16, 98, 3333, 1
1, 3377, 60, 61, 61, 1770378, 1663196, 0.3, 50, 200, 11, 38, 3333, 1
0, 4186, 88, 99, 96, 3296507, 3016299, 0.3, 50, 200, 16, 107, 3333, 1
1, 3469, 78, 79, 81, 1883296, 1893089, 0.3, 50, 200, 11, 40, 3333, 1
0, 4601, 85, 97, 92, 3525323, 3173871, 0.3, 50, 200, 16, 127, 3333, 1
0, 5025, 67, 81, 78, 3507246, 3072039, 0.3, 50, 200, 16, 107, 3333, 1
0, 4614, 66, 88, 74, 2495848, 2144771, 0.3, 50, 200, 11, 55, 3333, 1
0, 4669, 89, 111, 96, 3710390, 3395103, 0.3, 50, 200, 16, 112, 3333, 1
0, 4788, 70, 89, 75, 2504681, 2193053, 0.3, 50, 200, 11, 64, 3333, 1
0, 4589, 73, 89, 77, 3164546, 2776193, 0.3, 50, 200, 16, 119, 3333, 1
0, 4614, 70, 88, 82, 2362613, 2072977, 0.3, 50, 200, 11, 54, 3333, 1
0, 4910, 77, 97, 91, 3599929, 3104644, 0.3, 50, 200, 16, 128, 3333, 1
0, 4499, 71, 84, 78, 2187817, 1933997, 0.3, 50, 200, 11, 56, 3333, 1
1, 3472, 81, 82, 82, 1973994, 1956239, 0.3, 50, 200, 11, 41, 3333, 1
0, 4673, 64, 85, 72, 2348914, 2017422, 0.3, 50, 200, 11, 61, 3333, 1
0, 4622, 69, 98, 79, 3610369, 3140576, 0.3, 50, 200, 16, 111, 3333, 1
0, 4890, 56, 79, 72, 3604848, 3087782, 0.3, 50, 200, 16, 115, 3333, 1
0, 4841, 69, 86, 80, 3736432, 3269857, 0.3, 50, 200, 16, 126, 3333, 1
1, 3588, 63, 64, 65, 1882276, 1882163, 0.3, 50, 200, 11, 43, 3333, 1
1, 3649, 75, 76, 77, 2018857, 2012652, 0.3, 50, 200, 11, 44, 3333, 1
0, 5260, 65, 90, 80, 2542715, 2191525, 0.3, 50, 200, 11, 71, 3333, 1
0, 4965, 70, 93, 82, 2384978, 2115311, 0.3, 50, 200, 11, 55, 3333, 1
0, 5262, 89, 106, 102, 2859293, 2540182, 0.3, 50, 200, 11, 67, 3333, 1
0, 4765, 70, 91, 78, 2450599, 2161531, 0.3, 50, 200, 11, 51, 3333, 1
0, 4412, 61, 80, 72, 2182655, 1887820, 0.3, 50, 200, 11, 55, 3333, 1
0, 5015, 66, 102, 79, 2367579, 2064579, 0.3, 50, 200, 11, 63, 3333, 1
0, 4247, 66, 82, 77, 2121269, 1826563, 0.3, 50, 200, 11, 50, 3333, 1
0, 4528, 56, 76, 58, 2288360, 1860611, 0.3, 50, 200, 11, 58, 3333, 1
0, 5014, 58, 84, 68, 2268783, 1946091, 0.3, 50, 200, 11, 61, 3333, 1
0, 4518, 75, 92, 79, 2303286, 2037344, 0.3, 50, 200, 11, 62, 3333, 1
0, 4203, 78, 88, 84, 2253524, 2008301, 0.3, 50, 200, 11, 50, 3333, 1
0, 5173, 78, 102, 88, 2609214, 2323991, 0.3, 50, 200, 11, 66, 3333, 1
0, 4623, 70, 85, 76, 2480575, 2189144, 0.3, 50, 200, 11, 61, 3333, 1
0, 4186, 59, 73, 60, 2099191, 1773940, 0.3, 50, 200, 11, 45, 3333, 1
0, 4246, 63, 76, 66, 2162456, 1846594, 0.3, 50, 200, 11, 45, 3333, 1
0, 4318, 64, 81, 67, 2270012, 1927304, 0.3, 50, 200, 11, 57, 3333, 1
0, 4875, 74, 87, 84, 2405603, 2114244, 0.3, 50, 200, 11, 75, 3333, 1
0, 4644, 68, 91, 77, 2422261, 2123658, 0.3, 50, 200, 11, 58, 3333, 1
0, 4954, 62, 83, 77, 2447161, 2131651, 0.3, 50, 200, 11, 57, 3333, 1
0, 5212, 79, 93, 89, 2627448, 2356068, 0.3, 50, 200, 11, 72, 3333, 1
0, 4367, 74, 88, 82, 2171758, 1911475, 0.3, 50, 200, 11, 49, 3333, 1
1, 3531, 66, 69, 67, 2088118, 2016872, 0.3, 50, 200, 11, 47, 3333, 1
0, 4795, 74, 97, 84, 2398955, 2121414, 0.3, 50, 200, 11, 62, 3333, 1
0, 5205, 63, 90, 74, 2504005, 2136298, 0.3, 50, 200, 11, 68, 3333, 1
0, 4740, 63, 92, 72, 2388903, 2083041, 0.3, 50, 200, 11, 55, 3333, 1
0, 4145, 75, 90, 79, 2145022, 1901288, 0.3, 50, 200, 11, 59, 3333, 1
1, 3490, 72, 73, 73, 1811275, 1754520, 0.3, 50, 200, 11, 38, 3333, 1
0, 5027, 71, 92, 79, 2371509, 2052724, 0.3, 50, 200, 11, 56, 3333, 1
0, 5022, 68, 94, 74, 2374601, 2044097, 0.3, 50, 200, 11, 51, 3333, 1
0, 5096, 55, 85, 71, 2341448, 1993527, 0.3, 50, 200, 11, 58, 3333, 1
0, 4360, 71, 83, 76, 2321664, 2050554, 0.3, 50, 200, 11, 51, 3333, 1
0, 4610, 71, 85, 83, 2345811, 2059465, 0.3, 50, 200, 11, 53, 3333, 1
0, 4880, 70, 86, 79, 2406260, 2094655, 0.3, 50, 200, 11, 67, 3333, 1
0, 5950, 81, 93, 91, 2976085, 2633156, 0.3, 50, 200, 11, 81, 3333, 1
0, 4857, 89, 107, 94, 2623509, 2377410, 0.3, 50, 200, 11, 60, 3333, 1
0, 4810, 65, 87, 79, 2391019, 2083001, 0.3, 50, 200, 11, 56, 3333, 1
0, 5002, 70, 96, 81, 2416805, 2141771, 0.3, 50, 200, 11, 71, 3333, 1
0, 4901, 75, 97, 85, 2544228, 2212262, 0.3, 50, 200, 11, 70, 3333, 1
0, 4154, 76, 91, 80, 2169690, 1929830, 0.3, 50, 200, 11, 62, 3333, 1
1, 3375, 62, 63, 63, 1985320, 1946549, 0.3, 50, 200, 11, 46, 3333, 1
0, 4975, 69, 87, 76, 2367661, 2062596, 0.3, 50, 200, 11, 70, 3333, 1
1, 3524, 66, 67, 70, 1978594, 1979451, 0.3, 50, 200, 11, 54, 3333, 1
0, 5022, 76, 86, 87, 2774673, 2460405, 0.3, 50, 200, 11, 67, 3333, 1
0, 4743, 65, 85, 72, 2312412, 2022304, 0.3, 50, 200, 11, 63, 3333, 1
1, 3540, 82, 84, 83, 1874724, 1853000, 0.3, 50, 200, 11, 38, 3333, 1
0, 5200, 74, 94, 86, 2564979, 2272973, 0.3, 50, 200, 11, 79, 3333, 1
0, 5091, 61, 79, 73, 2612013, 2261879, 0.3, 50, 200, 11, 59, 3333, 1
0, 4615, 70, 88, 78, 2488995, 2169237, 0.3, 50, 200, 11, 70, 3333, 1
0, 4558, 63, 83, 71, 2246759, 1953019, 0.3, 50, 200, 11, 69, 3333, 1
0, 4481, 71, 89, 86, 2349247, 2059670, 0.3, 50, 200, 11, 46, 3333, 1
1, 3382, 64, 65, 65, 1833737, 1815817, 0.3, 50, 200, 11, 39, 3333, 1
0, 4820, 73, 92, 77, 2422804, 2156280, 0.3, 50, 200, 11, 62, 3333, 1
0, 4575, 77, 89, 87, 2199839, 1968449, 0.3, 50, 200, 11, 55, 3333, 1
0, 5056, 60, 93, 76, 2453217, 2117966, 0.3, 50, 200, 11, 66, 3333, 1
0, 4621, 68, 80, 76, 2113038, 1852560, 0.3, 50, 200, 11, 54, 3333, 1
0, 4848, 71, 86, 78, 2966593, 2578258, 0.3, 50, 200, 11, 58, 3333, 1
0, 4784, 75, 94, 84, 2400634, 2109432, 0.3, 50, 200, 11, 50, 3333, 1
0, 4689, 76, 91, 86, 2378887, 2134091, 0.3, 50, 200, 11, 53, 3333, 1
0, 5190, 69, 91, 83, 2352705, 2080076, 0.3, 50, 200, 11, 56, 3333, 1
0, 5178, 65, 87, 75, 2578127, 2284433, 0.3, 50, 200, 11, 72, 3333, 1
0, 4717, 67, 86, 74, 2363043, 2065692, 0.3, 50, 200, 11, 55, 3333, 1
0, 5266, 70, 95, 89, 2711077, 2379820, 0.3, 50, 200, 11, 60, 3333, 1
0, 4758, 60, 74, 67, 2383424, 2047086, 0.3, 50, 200, 11, 58, 3333, 1
0, 4929, 77, 93, 87, 2643977, 2335432, 0.3, 50, 200, 11, 63, 3333, 1
1, 3491, 70, 71, 72, 1944394, 1947387, 0.3, 50, 200, 11, 38, 3333, 1
0, 5445, 55, 87, 70, 2735563, 2345730, 0.3, 50, 200, 11, 69, 3333, 1
0, 4417, 65, 83, 73, 2201040, 1923612, 0.3, 50, 200, 11, 54, 3333, 1
0, 4632, 75, 92, 86, 2377563, 2070327, 0.3, 50, 200, 11, 56, 3333, 1
0, 4888, 59, 85, 69, 2515423, 2142407, 0.3, 50, 200, 11, 61, 3333, 1
1, 3970, 85, 86, 87, 2180208, 2176418, 0.3, 50, 200, 11, 54, 3333, 1
0, 4695, 74, 93, 83, 2551751, 2197918, 0.3, 50, 200, 11, 59, 3333, 1
0, 4285, 76, 86, 78, 2089044, 1757294, 0.3, 50, 200, 11, 61, 3333, 1
0, 5142, 67, 97, 78, 2386427, 2086023, 0.3, 50, 200, 11, 73, 3333, 1
0, 4359, 75, 91, 83, 2273688, 2026484, 0.3, 50, 200, 11, 44, 3333, 1
0, 4785, 60, 81, 69, 2334193, 1994824, 0.3, 50, 200, 11, 59, 3333, 1
0, 4159, 67, 81, 70, 2260839, 1979876, 0.3, 50, 200, 11, 51, 3333, 1
0, 4992, 61, 92, 78, 2430704, 2084229, 0.3, 50, 200, 11, 49, 3333, 1
1, 4110, 86, 87, 87, 2190286, 2136735, 0.3, 50, 200, 11, 50, 3333, 1
0, 5085, 61, 82, 72, 2747733, 2389382, 0.3, 50, 200, 11, 61, 3333, 1
0, 4417, 83, 104, 90, 2244801, 2073892, 0.3, 50, 200, 11, 45, 3333, 1
0, 4588, 75, 92, 81, 2277708, 1996113, 0.3, 50, 200, 11, 44, 3333, 1
0, 4760, 87, 99, 97, 2357061, 2121014, 0.3, 50, 200, 11, 49, 3333, 1
0, 5157, 61, 87, 77, 2549378, 2193380, 0.3, 50, 200, 11, 66, 3333, 1
1, 3420, 72, 73, 73, 1355546, 1339513, 0.3, 50, 200, 8, 21, 3333, 1
0, 4373, 65, 77, 68, 2366259, 2064567, 0.3, 50, 200, 11, 44, 3333, 1
0, 4242, 69, 77, 75, 1549223, 1365703, 0.3, 50, 200, 8, 26, 3333, 1
0, 4806, 69, 89, 81, 2405367, 2115194, 0.3, 50, 200, 11, 65, 3333, 1
0, 4637, 78, 94, 86, 1674752, 1487946, 0.3, 50, 200, 8, 33, 3333, 1
1, 3420, 73, 74, 74, 1224561, 1194134, 0.3, 50, 200, 8, 19, 3333, 1
0, 4738, 70, 82, 80, 2221572, 1959430, 0.3, 50, 200, 11, 57, 3333, 1
1, 3638, 78, 79, 80, 1903997, 1923381, 0.3, 50, 200, 11, 50, 3333, 1
0, 4830, 75, 93, 87, 1853982, 1622479, 0.3, 50, 200, 8, 31, 3333, 1
0, 4671, 63, 87, 72, 1699422, 1486025, 0.3, 50, 200, 8, 29, 3333, 1
0, 5084, 71, 92, 85, 1728380, 1500791, 0.3, 50, 200, 8, 34, 3333, 1
0, 4622, 70, 92, 83, 2336227, 2048288, 0.3, 50, 200, 11, 49, 3333, 1
1, 3800, 71, 75, 73, 2122102, 2155515, 0.3, 50, 200, 11, 48, 3333, 1
0, 4858, 68, 85, 72, 1738585, 1503387, 0.3, 50, 200, 8, 36, 3333, 1
0, 4319, 70, 89, 81, 1534689, 1347449, 0.3, 50, 200, 8, 26, 3333, 1
0, 4787, 61, 90, 70, 2452869, 2086943, 0.3, 50, 200, 11, 65, 3333, 1
1, 3562, 73, 74, 74, 1517100, 1472035, 0.3, 50, 200, 8, 20, 3333, 1
0, 4905, 69, 89, 78, 1655887, 1469704, 0.3, 50, 200, 8, 30, 3333, 1
0, 4827, 60, 77, 69, 1834505, 1575884, 0.3, 50, 200, 8, 37, 3333, 1
1, 3383, 61, 62, 62, 1299772, 1280648, 0.3, 50, 200, 8, 19, 3333, 1
0, 4245, 81, 94, 89, 1611475, 1450476, 0.3, 50, 200, 8, 27, 3333, 1
0, 4019, 80, 87, 81, 1585059, 1393295, 0.3, 50, 200, 8, 33, 3333, 1
0, 4818, 69, 87, 77, 1801187, 1583881, 0.3, 50, 200, 8, 31, 3333, 1
0, 5057, 90, 102, 96, 1797546, 1629209, 0.3, 50, 200, 8, 39, 3333, 1
0, 4811, 78, 92, 83, 1657840, 1430867, 0.3, 50, 200, 8, 32, 3333, 1
0, 4124, 73, 83, 77, 1673712, 1476027, 0.3, 50, 200, 8, 30, 3333, 1
0, 4803, 78, 91, 88, 1569858, 1397980, 0.3, 50, 200, 8, 32, 3333, 1
0, 4367, 71, 88, 81, 1624429, 1434540, 0.3, 50, 200, 8, 31, 3333, 1
1, 3393, 72, 73, 73, 1382359, 1341591, 0.3, 50, 200, 8, 29, 3333, 1
0, 5889, 74, 91, 86, 2311562, 2031229, 0.3, 50, 200, 8, 43, 3333, 1
1, 3882, 70, 72, 71, 1533660, 1525246, 0.3, 50, 200, 8, 30, 3333, 1
0, 4671, 67, 83, 77, 1740356, 1498051, 0.3, 50, 200, 8, 32, 3333, 1
0, 4996, 69, 83, 79, 1849430, 1620970, 0.3, 50, 200, 8, 39, 3333, 1
0, 5302, 70, 91, 77, 1906910, 1669157, 0.3, 50, 200, 8, 37, 3333, 1
0, 4788, 67, 83, 76, 1680873, 1467050, 0.3, 50, 200, 8, 38, 3333, 1
1, 3367, 59, 60, 60, 1363348, 1362522, 0.3, 50, 200, 8, 26, 3333, 1
0, 4770, 54, 74, 66, 1900522, 1616571, 0.3, 50, 200, 8, 33, 3333, 1
1, 3460, 70, 71, 71, 1338425, 1297875, 0.3, 50, 200, 8, 25, 3333, 1
1, 3712, 78, 79, 79, 1455914, 1448676, 0.3, 50, 200, 8, 25, 3333, 1
0, 5503, 87, 107, 95, 1974006, 1797918, 0.3, 50, 200, 8, 42, 3333, 1
0, 4203, 80, 98, 84, 1525546, 1359767, 0.3, 50, 200, 8, 32, 3333, 1
0, 4669, 75, 93, 90, 1549356, 1379484, 0.3, 50, 200, 8, 32, 3333, 1
1, 3651, 69, 70, 70, 1448995, 1425149, 0.3, 50, 200, 8, 24, 3333, 1
0, 4463, 81, 95, 87, 1575806, 1421404, 0.3, 50, 200, 8, 26, 3333, 1
0, 4908, 74, 95, 87, 1750391, 1560046, 0.3, 50, 200, 8, 38, 3333, 1
0, 4554, 73, 92, 83, 1690668, 1498518, 0.3, 50, 200, 8, 31, 3333, 1
1, 3698, 69, 70, 70, 1482494, 1445067, 0.3, 50, 200, 8, 27, 3333, 1
1, 3395, 78, 79, 79, 1419649, 1393375, 0.3, 50, 200, 8, 27, 3333, 1
0, 4804, 73, 96, 87, 1725047, 1518669, 0.3, 50, 200, 8, 33, 3333, 1
1, 3484, 65, 66, 66, 1461302, 1450344, 0.3, 50, 200, 8, 21, 3333, 1
1, 3410, 68, 69, 70, 1340300, 1342874, 0.3, 50, 200, 8, 21, 3333, 1
1, 3561, 48, 49, 50, 1448025, 1448141, 0.3, 50, 200, 8, 28, 3333, 1
0, 4866, 75, 94, 83, 1747956, 1565278, 0.3, 50, 200, 8, 30, 3333, 1
0, 5052, 66, 90, 75, 1893709, 1648284, 0.3, 50, 200, 8, 42, 3333, 1
0, 5034, 67, 86, 81, 1722611, 1529593, 0.3, 50, 200, 8, 38, 3333, 1
0, 5137, 73, 96, 87, 1847692, 1624139, 0.3, 50, 200, 8, 41, 3333, 1
0, 5400, 66, 88, 78, 1907377, 1662566, 0.3, 50, 200, 8, 45, 3333, 1
1, 3545, 68, 69, 71, 1385827, 1383861, 0.3, 50, 200, 8, 27, 3333, 1
1, 3546, 65, 66, 67, 1478056, 1478110, 0.3, 50, 200, 8, 29, 3333, 1
1, 3523, 66, 67, 67, 1507008, 1486710, 0.3, 50, 200, 8, 29, 3333, 1
0, 5413, 63, 85, 74, 1880593, 1642323, 0.3, 50, 200, 8, 40, 3333, 1
0, 4436, 70, 86, 82, 1706310, 1482132, 0.3, 50, 200, 8, 36, 3333, 1
0, 4382, 75, 90, 83, 1650290, 1452505, 0.3, 50, 200, 8, 39, 3333, 1
1, 3461, 77, 78, 78, 1390864, 1383185, 0.3, 50, 200, 8, 31, 3333, 1
0, 4559, 76, 94, 88, 1558735, 1397627, 0.3, 50, 200, 8, 45, 3333, 1
1, 3440, 65, 66, 67, 1218986, 1215999, 0.3, 50, 200, 8, 34, 3333, 1
0, 4522, 76, 89, 84, 1644480, 1464035, 0.3, 50, 200, 8, 38, 3333, 1
0, 4706, 85, 94, 91, 1680151, 1507307, 0.3, 50, 200, 8, 45, 3333, 1
0, 4817, 53, 70, 61, 1781029, 1514249, 0.3, 50, 200, 8, 46, 3333, 1
0, 4744, 76, 93, 87, 1860822, 1654723, 0.3, 50, 200, 8, 46, 3333, 1
0, 4395, 72, 91, 82, 1633946, 1464509, 0.3, 50, 200, 8, 35, 3333, 1
0, 4800, 72, 86, 76, 1778046, 1540497, 0.3, 50, 200, 8, 39, 3333, 1
0, 4735, 75, 94, 83, 1720036, 1509127, 0.3, 50, 200, 8, 37, 3333, 1
0, 4838, 77, 100, 86, 1828716, 1627843, 0.3, 50, 200, 8, 33, 3333, 1
0, 4865, 75, 94, 90, 1761357, 1553093, 0.3, 50, 200, 8, 36, 3333, 1
0, 4401, 73, 86, 85, 1710616, 1521130, 0.3, 50, 200, 8, 41, 3333, 1
0, 4823, 85, 101, 92, 1833342, 1640392, 0.3, 50, 200, 8, 32, 3333, 1
0, 4870, 68, 92, 83, 1635295, 1430328, 0.3, 50, 200, 8, 36, 3333, 1
1, 3393, 67, 68, 68, 1402853, 1371815, 0.3, 50, 200, 8, 25, 3333, 1
1, 3608, 74, 75, 75, 1426201, 1357506, 0.3, 50, 200, 8, 30, 3333, 1
0, 5573, 72, 94, 91, 1890069, 1677393, 0.3, 50, 200, 8, 44, 3333, 1
0, 4951, 73, 94, 79, 1732456, 1503573, 0.3, 50, 200, 8, 41, 3333, 1
1, 3423, 62, 63, 63, 1444991, 1436663, 0.3, 50, 200, 8, 22, 3333, 1
0, 4732, 62, 80, 69, 1677033, 1441614, 0.3, 50, 200, 8, 35, 3333, 1
0, 4695, 76, 92, 84, 1772127, 1585598, 0.3, 50, 200, 8, 28, 3333, 1
0, 5455, 65, 96, 85, 1972845, 1715306, 0.3, 50, 200, 8, 47, 3333, 1
0, 4559, 76, 97, 85, 1699408, 1514627, 0.3, 50, 200, 8, 27, 3333, 1
1, 3600, 79, 80, 81, 1380020, 1387909, 0.3, 50, 200, 8, 26, 3333, 1
0, 4835, 81, 96, 94, 1756816, 1560823, 0.3, 50, 200, 8, 31, 3333, 1
0, 5462, 67, 93, 82, 1924565, 1680121, 0.3, 50, 200, 8, 39, 3333, 1
0, 4318, 78, 89, 84, 1752102, 1589852, 0.3, 50, 200, 8, 33, 3333, 1
0, 4314, 66, 79, 76, 1611386, 1416920, 0.3, 50, 200, 8, 30, 3333, 1
0, 5379, 62, 76, 72, 1855816, 1580618, 0.3, 50, 200, 8, 38, 3333, 1
0, 4813, 70, 95, 81, 1756584, 1547430, 0.3, 50, 200, 8, 35, 3333, 1
0, 5615, 67, 93, 85, 2148293, 1868938, 0.3, 50, 200, 8, 34, 3333, 1
0, 4726, 75, 89, 87, 1783239, 1565990, 0.3, 50, 200, 8, 37, 3333, 1
0, 5144, 61, 80, 69, 1747508, 1504634, 0.3, 50, 200, 8, 35, 3333, 1
1, 3555, 77, 78, 78, 1432958, 1397480, 0.3, 50, 200, 8, 25, 3333, 1
0, 4928, 69, 92, 82, 1891716, 1674265, 0.3, 50, 200, 8, 41, 3333, 1
0, 5105, 81, 96, 92, 1821622, 1631337, 0.3, 50, 200, 8, 36, 3333, 1
1, 3366, 67, 68, 69, 1420792, 1457431, 0.3, 50, 200, 8, 24, 3333, 1
1, 3511, 68, 69, 70, 1397474, 1395013, 0.3, 50, 200, 8, 27, 3333, 1
0, 5148, 64, 97, 79, 1815562, 1584119, 0.3, 50, 200, 8, 40, 3333, 1
0, 5152, 55, 84, 67, 1954388, 1681250, 0.3, 50, 200, 8, 33, 3333, 1
1, 3479, 73, 74, 75, 1275134, 1284138, 0.3, 50, 200, 7, 24, 3333, 1
0, 5118, 54, 76, 68, 1802487, 1522072, 0.3, 50, 200, 8, 37, 3333, 1
0, 4343, 78, 94, 87, 1632157, 1482863, 0.3, 50, 200, 8, 31, 3333, 1
0, 4386, 65, 85, 70, 1460977, 1264547, 0.3, 50, 200, 7, 28, 3333, 1
0, 4685, 78, 95, 86, 1413149, 1265773, 0.3, 50, 200, 7, 22, 3333, 1
0, 4494, 65, 81, 70, 1463924, 1256868, 0.3, 50, 200, 7, 22, 3333, 1
0, 4988, 68, 92, 81, 1820911, 1606427, 0.3, 50, 200, 8, 38, 3333, 1
1, 3756, 70, 71, 73, 1290885, 1296274, 0.3, 50, 200, 7, 20, 3333, 1
0, 3976, 72, 86, 74, 1317188, 1170352, 0.3, 50, 200, 7, 19, 3333, 1
1, 3704, 73, 77, 76, 1284457, 1284807, 0.3, 50, 200, 7, 29, 3333, 1
0, 4089, 69, 80, 75, 1398345, 1202476, 0.3, 50, 200, 7, 25, 3333, 1
0, 4849, 73, 97, 81, 1513761, 1301211, 0.3, 50, 200, 7, 26, 3333, 1
1, 3594, 59, 60, 60, 1313690, 1292554, 0.3, 50, 200, 7, 18, 3333, 1
0, 4744, 69, 81, 75, 1545300, 1362700, 0.3, 50, 200, 7, 26, 3333, 1
1, 3560, 64, 65, 66, 1270986, 1253206, 0.3, 50, 200, 7, 17, 3333, 1
0, 4612, 64, 79, 69, 1671813, 1445058, 0.3, 50, 200, 7, 26, 3333, 1
0, 4896, 78, 90, 85, 1627967, 1448952, 0.3, 50, 200, 7, 23, 3333, 1
0, 5677, 59, 89, 78, 1668540, 1438256, 0.3, 50, 200, 7, 29, 3333, 1
0, 4853, 73, 89, 87, 1428817, 1263577, 0.3, 50, 200, 7, 29, 3333, 1
0, 4228, 71, 83, 78, 1326082, 1162039, 0.3, 50, 200, 7, 25, 3333, 1
0, 4763, 68, 82, 77, 1469941, 1291507, 0.3, 50, 200, 7, 30, 3333, 1
0, 4972, 71, 91, 86, 1694814, 1470217, 0.3, 50, 200, 7, 24, 3333, 1
0, 5077, 78, 107, 89, 1743722, 1552910, 0.3, 50, 200, 7, 26, 3333, 1
1, 3436, 69, 70, 70, 1228805, 1203440, 0.3, 50, 200, 7, 19, 3333, 1
0, 5757, 58, 85, 73, 1912641, 1636739, 0.3, 50, 200, 7, 32, 3333, 1
1, 3765, 55, 56, 57, 1295699, 1298505, 0.3, 50, 200, 7, 18, 3333, 1
0, 4669, 69, 92, 73, 1421481, 1249057, 0.3, 50, 200, 7, 22, 3333, 1
0, 4739, 75, 94, 86, 1477990, 1302084, 0.3, 50, 200, 7, 29, 3333, 1
1, 3425, 59, 60, 60, 1188108, 1145041, 0.3, 50, 200, 7, 15, 3333, 1
0, 4854, 67, 94, 85, 1533060, 1365027, 0.3, 50, 200, 7, 23, 3333, 1
0, 4769, 60, 81, 69, 1602861, 1365138, 0.3, 50, 200, 7, 29, 3333, 1
0, 4563, 78, 96, 85, 1411179, 1266512, 0.3, 50, 200, 7, 27, 3333, 1
1, 3416, 64, 65, 66, 1215068, 1217630, 0.3, 50, 200, 7, 19, 3333, 1
1, 3685, 53, 54, 56, 1250003, 1297918, 0.3, 50, 200, 7, 20, 3333, 1
0, 4859, 64, 89, 70, 1448801, 1236754, 0.3, 50, 200, 7, 26, 3333, 1
0, 4304, 71, 85, 77, 1409267, 1236602, 0.3, 50, 200, 7, 21, 3333, 1
1, 3472, 81, 82, 82, 1207922, 1200112, 0.3, 50, 200, 7, 21, 3333, 1
1, 3403, 68, 69, 69, 1274297, 1269675, 0.3, 50, 200, 7, 24, 3333, 1
0, 5064, 71, 90, 81, 1694184, 1475850, 0.3, 50, 200, 7, 36, 3333, 1
1, 3570, 70, 71, 71, 1108508, 1097452, 0.3, 50, 200, 7, 16, 3333, 1
0, 4613, 71, 88, 77, 1571437, 1391723, 0.3, 50, 200, 7, 25, 3333, 1
1, 3817, 77, 78, 78, 1436086, 1393211, 0.3, 50, 200, 7, 23, 3333, 1
1, 3739, 80, 82, 84, 1205685, 1201708, 0.3, 50, 200, 7, 18, 3333, 1
0, 4819, 65, 83, 77, 1529190, 1312438, 0.3, 50, 200, 7, 28, 3333, 1
1, 3460, 69, 71, 71, 1235346, 1228376, 0.3, 50, 200, 7, 19, 3333, 1
0, 5183, 63, 79, 74, 1531047, 1321820, 0.3, 50, 200, 7, 26, 3333, 1
0, 4976, 64, 89, 71, 1632691, 1407400, 0.3, 50, 200, 7, 25, 3333, 1
1, 3480, 81, 82, 82, 1202506, 1166254, 0.3, 50, 200, 7, 20, 3333, 1
0, 4837, 61, 82, 71, 1586646, 1366899, 0.3, 50, 200, 7, 31, 3333, 1
0, 4714, 67, 86, 76, 1455545, 1250206, 0.3, 50, 200, 7, 25, 3333, 1
0, 5251, 60, 89, 80, 1481201, 1284981, 0.3, 50, 200, 7, 29, 3333, 1
0, 5170, 67, 86, 79, 1585639, 1384445, 0.3, 50, 200, 7, 33, 3333, 1
1, 3420, 56, 57, 57, 1107924, 1100894, 0.3, 50, 200, 7, 15, 3333, 1
0, 4383, 72, 89, 78, 1402180, 1231558, 0.3, 50, 200, 7, 25, 3333, 1
0, 4476, 82, 93, 91, 1429735, 1276920, 0.3, 50, 200, 7, 26, 3333, 1
0, 4026, 75, 86, 76, 1474025, 1266589, 0.3, 50, 200, 7, 26, 3333, 1
1, 3516, 58, 59, 60, 1370883, 1371062, 0.3, 50, 200, 7, 16, 3333, 1
0, 4485, 83, 101, 90, 1421728, 1269256, 0.3, 50, 200, 7, 28, 3333, 1
0, 4826, 78, 94, 86, 1603971, 1421637, 0.3, 50, 200, 7, 31, 3333, 1
0, 4096, 66, 74, 72, 1403028, 1195517, 0.3, 50, 200, 7, 23, 3333, 1
1, 3837, 72, 73, 74, 1316392, 1317595, 0.3, 50, 200, 7, 25, 3333, 1
0, 4973, 85, 100, 89, 1766629, 1582561, 0.3, 50, 200, 7, 25, 3333, 1
0, 4909, 64, 83, 73, 1585771, 1364694, 0.3, 50, 200, 7, 23, 3333, 1
0, 5011, 72, 105, 93, 1541034, 1384509, 0.3, 50, 200, 7, 33, 3333, 1
0, 4552, 70, 87, 77, 1475624, 1282643, 0.3, 50, 200, 7, 29, 3333, 1
1, 3459, 75, 76, 78, 1320878, 1337365, 0.3, 50, 200, 7, 22, 3333, 1
0, 4597, 81, 90, 86, 1551838, 1413988, 0.3, 50, 200, 7, 23, 3333, 1
1, 3465, 66, 67, 68, 1186844, 1189107, 0.3, 50, 200, 7, 21, 3333, 1
1, 3618, 54, 55, 55, 1365489, 1362159, 0.3, 50, 200, 7, 18, 3333, 1
0, 4874, 77, 91, 85, 1615538, 1410153, 0.3, 50, 200, 7, 24, 3333, 1
1, 3452, 67, 68, 68, 1171997, 1144996, 0.3, 50, 200, 7, 21, 3333, 1
0, 4641, 62, 80, 69, 1389816, 1187567, 0.3, 50, 200, 7, 23, 3333, 1
0, 3964, 74, 85, 75, 1266008, 1114936, 0.3, 50, 200, 7, 25, 3333, 1
0, 4409, 78, 92, 87, 1443730, 1295649, 0.3, 50, 200, 7, 26, 3333, 1
0, 4652, 59, 88, 71, 1541482, 1315559, 0.3, 50, 200, 7, 28, 3333, 1
0, 5686, 73, 93, 87, 1767169, 1560269, 0.3, 50, 200, 7, 33, 3333, 1
0, 4992, 84, 99, 93, 1583845, 1441795, 0.3, 50, 200, 7, 32, 3333, 1
1, 3364, 74, 75, 75, 1181191, 1181191, 0.3, 50, 200, 7, 18, 3333, 1
1, 3478, 63, 64, 64, 1295506, 1291779, 0.3, 50, 200, 7, 17, 3333, 1
0, 5137, 72, 94, 79, 1809900, 1591217, 0.3, 50, 200, 7, 28, 3333, 1
0, 5147, 65, 93, 78, 1680916, 1452312, 0.3, 50, 200, 7, 34, 3333, 1
0, 5162, 73, 94, 83, 1527639, 1355139, 0.3, 50, 200, 7, 35, 3333, 1
0, 4975, 64, 90, 74, 1511157, 1321000, 0.3, 50, 200, 7, 30, 3333, 1
0, 4459, 74, 77, 82, 1419776, 1266133, 0.3, 50, 200, 7, 27, 3333, 1
0, 5042, 76, 92, 86, 1760330, 1552871, 0.3, 50, 200, 7, 35, 3333, 1
0, 4126, 74, 82, 81, 1433296, 1261360, 0.3, 50, 200, 7, 24, 3333, 1
0, 4510, 79, 95, 84, 1608705, 1462374, 0.3, 50, 200, 7, 30, 3333, 1
0, 4566, 76, 89, 83, 1400266, 1216794, 0.3, 50, 200, 7, 29, 3333, 1
1, 3484, 67, 68, 69, 1328270, 1330609, 0.3, 50, 200, 7, 22, 3333, 1
0, 4518, 72, 92, 80, 1412460, 1259688, 0.3, 50, 200, 7, 34, 3333, 1
1, 3536, 62, 63, 64, 1294466, 1298260, 0.3, 50, 200, 7, 23, 3333, 1
0, 5093, 59, 87, 75, 1489102, 1284642, 0.3, 50, 200, 7, 35, 3333, 1
0, 4274, 73, 87, 83, 1425571, 1252915, 0.3, 50, 200, 7, 29, 3333, 1
0, 4485, 77, 91, 88, 1511170, 1360192, 0.3, 50, 200, 7, 31, 3333, 1
0, 4720, 65, 75, 74, 1487495, 1286730, 0.3, 50, 200, 7, 32, 3333, 1
0, 4984, 64, 84, 79, 1583731, 1391470, 0.3, 50, 200, 7, 32, 3333, 1
0, 4767, 54, 73, 66, 1483206, 1248893, 0.3, 50, 200, 7, 34, 3333, 1
0, 4874, 79, 95, 92, 1526833, 1359389, 0.3, 50, 200, 7, 33, 3333, 1
1, 3822, 64, 65, 65, 1109207, 1109207, 0.3, 50, 200, 6, 14, 3333, 1
1, 3403, 73, 74, 75, 1121931, 1142879, 0.3, 50, 200, 7, 21, 3333, 1
1, 3391, 67, 68, 68, 1028723, 1010491, 0.3, 50, 200, 6, 15, 3333, 1
1, 3422, 68, 69, 69, 1065655, 1063435, 0.3, 50, 200, 6, 13, 3333, 1
0, 4122, 75, 84, 83, 1232866, 1079066, 0.3, 50, 200, 7, 20, 3333, 1
0, 5049, 71, 100, 82, 1610035, 1386493, 0.3, 50, 200, 7, 31, 3333, 1
0, 4629, 77, 92, 82, 1278400, 1135218, 0.3, 50, 200, 6, 22, 3333, 1
0, 4651, 74, 91, 77, 1430127, 1228376, 0.3, 50, 200, 6, 18, 3333, 1
0, 4430, 76, 96, 86, 1388990, 1234193, 0.3, 50, 200, 7, 25, 3333, 1
0, 5069, 66, 84, 71, 1406573, 1234551, 0.3, 50, 200, 6, 24, 3333, 1
0, 5024, 75, 89, 86, 1354295, 1173124, 0.3, 50, 200, 6, 24, 3333, 1
0, 5451, 58, 91, 83, 1628592, 1418226, 0.3, 50, 200, 7, 29, 3333, 1
0, 5105, 62, 88, 70, 1380537, 1185572, 0.3, 50, 200, 6, 21, 3333, 1
0, 4888, 70, 78, 77, 1327013, 1157849, 0.3, 50, 200, 6, 26, 3333, 1
0, 4223, 69, 87, 75, 1191316, 1039834, 0.3, 50, 200, 6, 21, 3333, 1
0, 4995, 59, 76, 72, 1400746, 1220392, 0.3, 50, 200, 6, 21, 3333, 1
1, 3441, 60, 61, 61, 1097934, 1084219, 0.3, 50, 200, 6, 13, 3333, 1
1, 3491, 62, 63, 64, 1089268, 1087846, 0.3, 50, 200, 6, 17, 3333, 1
0, 5304, 68, 81, 83, 1476359, 1277419, 0.3, 50, 200, 6, 20, 3333, 1
0, 4956, 76, 93, 82, 1366782, 1206274, 0.3, 50, 200, 6, 22, 3333, 1
0, 4568, 76, 90, 79, 1307200, 1149389, 0.3, 50, 200, 6, 19, 3333, 1
1, 4281, 74, 75, 76, 1384104, 1378761, 0.3, 50, 200, 6, 21, 3333, 1
0, 4226, 77, 87, 79, 1105437, 992646, 0.3, 50, 200, 6, 21, 3333, 1
0, 4918, 69, 89, 78, 1336923, 1167354, 0.3, 50, 200, 6, 20, 3333, 1
0, 4267, 73, 90, 79, 1225922, 1071490, 0.3, 50, 200, 6, 16, 3333, 1
0, 5004, 68, 85, 77, 1263069, 1093017, 0.3, 50, 200, 6, 27, 3333, 1
0, 5137, 72, 93, 85, 1370079, 1225047, 0.3, 50, 200, 6, 27, 3333, 1
0, 4798, 62, 80, 71, 1430810, 1215434, 0.3, 50, 200, 6, 24, 3333, 1
1, 3964, 59, 60, 62, 1166810, 1188701, 0.3, 50, 200, 6, 20, 3333, 1
0, 4558, 65, 80, 72, 1318958, 1151086, 0.3, 50, 200, 6, 22, 3333, 1
0, 4691, 66, 80, 72, 1261596, 1108041, 0.3, 50, 200, 6, 18, 3333, 1
0, 4565, 67, 83, 77, 1311533, 1148688, 0.3, 50, 200, 6, 18, 3333, 1
1, 3565, 67, 68, 68, 1068129, 1051398, 0.3, 50, 200, 6, 13, 3333, 1
1, 3470, 66, 67, 67, 1084871, 1075917, 0.3, 50, 200, 6, 16, 3333, 1
1, 3524, 63, 64, 64, 1122222, 1103475, 0.3, 50, 200, 6, 15, 3333, 1
0, 5400, 65, 94, 83, 1557688, 1386566, 0.3, 50, 200, 6, 27, 3333, 1
1, 3437, 60, 62, 62, 999026, 999042, 0.3, 50, 200, 6, 18, 3333, 1
0, 5199, 70, 100, 81, 1359362, 1197183, 0.3, 50, 200, 6, 26, 3333, 1
0, 4289, 70, 85, 76, 1177586, 1040097, 0.3, 50, 200, 6, 22, 3333, 1
0, 4669, 84, 93, 96, 1281650, 1161997, 0.3, 50, 200, 6, 18, 3333, 1
0, 5230, 59, 87, 76, 1512809, 1307897, 0.3, 50, 200, 6, 20, 3333, 1
0, 4901, 68, 87, 75, 1349904, 1174756, 0.3, 50, 200, 6, 21, 3333, 1
0, 4916, 75, 91, 86, 1478216, 1320308, 0.3, 50, 200, 6, 24, 3333, 1
0, 4615, 63, 83, 70, 1339940, 1155087, 0.3, 50, 200, 6, 21, 3333, 1
0, 4814, 71, 86, 73, 1395899, 1232766, 0.3, 50, 200, 6, 20, 3333, 1
0, 5098, 61, 79, 68, 1409604, 1225811, 0.3, 50, 200, 6, 28, 3333, 1
0, 5824, 55, 82, 72, 1585700, 1343378, 0.3, 50, 200, 6, 34, 3333, 1
0, 4211, 65, 82, 68, 1145501, 995198, 0.3, 50, 200, 6, 17, 3333, 1
0, 5520, 77, 93, 83, 1605198, 1430906, 0.3, 50, 200, 6, 26, 3333, 1
1, 3426, 61, 62, 63, 1046405, 1045259, 0.3, 50, 200, 6, 14, 3333, 1
0, 5491, 64, 85, 80, 1464831, 1252076, 0.3, 50, 200, 6, 28, 3333, 1
0, 4033, 72, 84, 76, 1213632, 1084723, 0.3, 50, 200, 6, 18, 3333, 1
1, 3396, 60, 61, 61, 962761, 958656, 0.3, 50, 200, 6, 12, 3333, 1
0, 4663, 73, 91, 86, 1216163, 1073024, 0.3, 50, 200, 6, 25, 3333, 1
1, 3653, 75, 76, 77, 1094682, 1100122, 0.3, 50, 200, 6, 15, 3333, 1
0, 4542, 69, 85, 77, 1309071, 1140049, 0.3, 50, 200, 6, 22, 3333, 1
0, 5679, 70, 93, 84, 1648956, 1450780, 0.3, 50, 200, 6, 25, 3333, 1
0, 4399, 66, 84, 71, 1257454, 1078638, 0.3, 50, 200, 6, 18, 3333, 1
0, 4953, 63, 85, 83, 1260327, 1082772, 0.3, 50, 200, 6, 22, 3333, 1
0, 5357, 62, 88, 79, 1444191, 1252252, 0.3, 50, 200, 6, 27, 3333, 1
0, 4829, 61, 77, 71, 1371012, 1161873, 0.3, 50, 200, 6, 23, 3333, 1
1, 3487, 78, 79, 79, 1135615, 1121982, 0.3, 50, 200, 6, 18, 3333, 1
0, 4646, 65, 84, 72, 1193403, 1023748, 0.3, 50, 200, 6, 19, 3333, 1
0, 5038, 62, 77, 75, 1414998, 1227811, 0.3, 50, 200, 6, 20, 3333, 1
0, 4313, 77, 93, 83, 1243374, 1119124, 0.3, 50, 200, 6, 23, 3333, 1
0, 4389, 69, 91, 76, 1143440, 1005122, 0.3, 50, 200, 6, 22, 3333, 1
0, 4827, 66, 87, 78, 1385663, 1183382, 0.3, 50, 200, 6, 22, 3333, 1
0, 4482, 72, 89, 79, 1167742, 1040560, 0.3, 50, 200, 6, 17, 3333, 1
1, 3411, 73, 74, 74, 1124474, 1106146, 0.3, 50, 200, 6, 14, 3333, 1
0, 4928, 82, 97, 92, 1249184, 1099955, 0.3, 50, 200, 6, 23, 3333, 1
0, 4559, 64, 74, 73, 1286121, 1111127, 0.3, 50, 200, 6, 25, 3333, 1
0, 5100, 67, 94, 84, 1303561, 1141344, 0.3, 50, 200, 6, 29, 3333, 1
1, 3912, 66, 67, 67, 1091863, 1032212, 0.3, 50, 200, 6, 17, 3333, 1
0, 4739, 64, 86, 73, 1309832, 1147534, 0.3, 50, 200, 6, 19, 3333, 1
0, 4856, 76, 89, 85, 1286485, 1125757, 0.3, 50, 200, 6, 26, 3333, 1
0, 4143, 76, 87, 80, 1314221, 1149044, 0.3, 50, 200, 6, 19, 3333, 1
1, 3382, 64, 65, 65, 1017027, 1007974, 0.3, 50, 200, 6, 14, 3333, 1
0, 5362, 59, 75, 75, 1371986, 1174880, 0.3, 50, 200, 6, 26, 3333, 1
1, 3478, 55, 56, 57, 996290, 995670, 0.3, 50, 200, 6, 12, 3333, 1
0, 5158, 74, 101, 89, 1260388, 1087814, 0.3, 50, 200, 6, 25, 3333, 1
0, 4788, 77, 98, 88, 1317165, 1174636, 0.3, 50, 200, 6, 23, 3333, 1
1, 3956, 87, 88, 88, 1071926, 1061466, 0.3, 50, 200, 6, 18, 3333, 1
0, 4937, 70, 92, 77, 1267957, 1125294, 0.3, 50, 200, 6, 22, 3333, 1
0, 5003, 69, 88, 83, 1267231, 1120849, 0.3, 50, 200, 6, 26, 3333, 1
0, 4535, 68, 89, 74, 1099216, 962519, 0.3, 50, 200, 6, 19, 3333, 1
1, 3435, 70, 72, 72, 953329, 954957, 0.3, 50, 200, 6, 16, 3333, 1
0, 4530, 64, 89, 76, 1205211, 1065205, 0.3, 50, 200, 6, 22, 3333, 1
0, 4248, 69, 81, 71, 1253722, 1098455, 0.3, 50, 200, 6, 19, 3333, 1
0, 4921, 68, 86, 79, 1226556, 1064563, 0.3, 50, 200, 6, 24, 3333, 1
0, 4877, 63, 85, 75, 1346560, 1169510, 0.3, 50, 200, 6, 23, 3333, 1
0, 4443, 73, 91, 78, 1274263, 1122625, 0.3, 50, 200, 6, 19, 3333, 1
0, 4483, 65, 81, 72, 1264647, 1088240, 0.3, 50, 200, 6, 20, 3333, 1
1, 3625, 70, 71, 71, 1162656, 1095203, 0.3, 50, 200, 6, 16, 3333, 1
0, 4176, 75, 93, 77, 1167119, 1024021, 0.3, 50, 200, 6, 21, 3333, 1
0, 4447, 71, 88, 80, 1186964, 1048004, 0.3, 50, 200, 6, 18, 3333, 1
0, 4959, 68, 88, 83, 1418911, 1239068, 0.3, 50, 200, 6, 20, 3333, 1
0, 4733, 68, 83, 77, 1306893, 1135911, 0.3, 50, 200, 6, 24, 3333, 1
1, 3729, 60, 61, 64, 1067425, 1072760, 0.3, 50, 200, 6, 18, 3333, 1
0, 4758, 74, 93, 80, 1301225, 1156310, 0.3, 50, 200, 6, 26, 3333, 1
1, 3587, 66, 67, 69, 989296, 995809, 0.3, 50, 200, 6, 18, 3333, 1
0, 5091, 73, 96, 81, 1359277, 1192389, 0.3, 50, 200, 6, 26, 3333, 1
1, 3449, 65, 66, 66, 999235, 973422, 0.3, 50, 200, 6, 14, 3333, 1
0, 4369, 66, 80, 72, 1278298, 1136125, 0.3, 50, 200, 6, 19, 3333, 1
1, 3692, 74, 77, 77, 936023, 927648, 0.3, 50, 200, 6, 17, 3333, 1
1, 4031, 69, 71, 71, 1071166, 1065107, 0.3, 50, 200, 5, 14, 3333, 1
1, 3538, 74, 75, 75, 813164, 802751, 0.3, 50, 200, 5, 10, 3333, 1
0, 4969, 71, 93, 78, 1185734, 1029388, 0.3, 50, 200, 5, 19, 3333, 1
0, 4454, 81, 95, 87, 1061650, 950557, 0.3, 50, 200, 5, 15, 3333, 1
0, 4361, 72, 85, 77, 955692, 847674, 0.3, 50, 200, 5, 17, 3333, 1
1, 3380, 69, 70, 71, 838806, 843271, 0.3, 50, 200, 5, 13, 3333, 1
0, 4443, 68, 91, 75, 1084430, 944065, 0.3, 50, 200, 5, 14, 3333, 1
0, 4546, 73, 91, 83, 1155191, 1015257, 0.3, 50, 200, 6, 24, 3333, 1
1, 4095, 90, 91, 92, 1188135, 1190611, 0.3, 50, 200, 5, 13, 3333, 1
1, 3354, 70, 71, 72, 804592, 807033, 0.3, 50, 200, 5, 10, 3333, 1
0, 4469, 61, 80, 66, 1023073, 874656, 0.3, 50, 200, 5, 16, 3333, 1
0, 4548, 64, 87, 73, 1115733, 963707, 0.3, 50, 200, 5, 16, 3333, 1
0, 4783, 65, 84, 78, 1026251, 897204, 0.3, 50, 200, 5, 16, 3333, 1
0, 4809, 68, 86, 76, 1101614, 956929, 0.3, 50, 200, 5, 17, 3333, 1
0, 4795, 66, 92, 85, 1127221, 977761, 0.3, 50, 200, 5, 18, 3333, 1
0, 4720, 76, 91, 83, 1185142, 998648, 0.3, 50, 200, 5, 16, 3333, 1
1, 3365, 68, 69, 69, 878089, 860798, 0.3, 50, 200, 5, 13, 3333, 1
0, 4194, 58, 69, 65, 1061659, 904312, 0.3, 50, 200, 5, 16, 3333, 1
1, 3793, 69, 70, 72, 934032, 935801, 0.3, 50, 200, 5, 14, 3333, 1
0, 4408, 66, 78, 72, 1003321, 873290, 0.3, 50, 200, 5, 15, 3333, 1
0, 4627, 75, 89, 81, 1099915, 980365, 0.3, 50, 200, 5, 16, 3333, 1
1, 3534, 76, 77, 77, 876320, 831217, 0.3, 50, 200, 5, 14, 3333, 1
0, 4569, 77, 90, 86, 1009252, 891167, 0.3, 50, 200, 5, 16, 3333, 1
1, 3664, 75, 76, 79, 911168, 900247, 0.3, 50, 200, 5, 12, 3333, 1
1, 3694, 66, 67, 68, 894799, 893870, 0.3, 50, 200, 5, 14, 3333, 1
0, 4577, 64, 83, 75, 1011212, 880311, 0.3, 50, 200, 5, 15, 3333, 1
1, 3456, 65, 66, 66, 802640, 779699, 0.3, 50, 200, 5, 13, 3333, 1
0, 4514, 73, 89, 80, 1075890, 951880, 0.3, 50, 200, 5, 22, 3333, 1
1, 3381, 56, 57, 58, 875728, 877904, 0.3, 50, 200, 5, 9, 3333, 1
1, 3565, 65, 66, 67, 931249, 930804, 0.3, 50, 200, 5, 14, 3333, 1
0, 4048, 74, 82, 80, 1053921, 944289, 0.3, 50, 200, 5, 17, 3333, 1
0, 4408, 81, 96, 89, 997526, 883711, 0.3, 50, 200, 5, 17, 3333, 1
0, 4552, 72, 81, 78, 1221200, 1081772, 0.3, 50, 200, 5, 16, 3333, 1
0, 4050, 77, 90, 79, 963577, 863146, 0.3, 50, 200, 5, 12, 3333, 1
1, 3539, 71, 72, 74, 864069, 867110, 0.3, 50, 200, 5, 13, 3333, 1
0, 5348, 70, 89, 83, 1214945, 1021680, 0.3, 50, 200, 5, 18, 3333, 1
0, 5056, 56, 80, 70, 1183670, 1008049, 0.3, 50, 200, 5, 17, 3333, 1
1, 3463, 52, 54, 54, 837629, 837629, 0.3, 50, 200, 5, 13, 3333, 1
0, 5147, 69, 85, 84, 1130220, 971538, 0.3, 50, 200, 5, 20, 3333, 1
0, 4522, 74, 84, 79, 1054872, 931818, 0.3, 50, 200, 5, 15, 3333, 1
0, 4633, 76, 96, 86, 1047773, 942005, 0.3, 50, 200, 5, 17, 3333, 1
0, 5246, 53, 76, 72, 1146992, 977570, 0.3, 50, 200, 5, 19, 3333, 1
0, 6294, 68, 100, 81, 1429849, 1273151, 0.3, 50, 200, 5, 25, 3333, 1
0, 4211, 65, 81, 70, 919210, 804460, 0.3, 50, 200, 5, 12, 3333, 1
1, 3460, 81, 82, 83, 801747, 801730, 0.3, 50, 200, 5, 10, 3333, 1
0, 5204, 68, 97, 79, 1212976, 1061726, 0.3, 50, 200, 5, 18, 3333, 1
0, 5258, 64, 92, 78, 1227728, 1062239, 0.3, 50, 200, 5, 16, 3333, 1
1, 4011, 72, 74, 73, 905699, 896297, 0.3, 50, 200, 5, 15, 3333, 1
1, 3490, 68, 70, 70, 770284, 768465, 0.3, 50, 200, 5, 13, 3333, 1
0, 4248, 77, 96, 85, 985014, 862886, 0.3, 50, 200, 5, 15, 3333, 1
1, 3446, 68, 69, 69, 868365, 856112, 0.3, 50, 200, 5, 10, 3333, 1
1, 3499, 66, 67, 67, 920193, 917202, 0.3, 50, 200, 5, 11, 3333, 1
1, 3946, 76, 78, 80, 936704, 940201, 0.3, 50, 200, 5, 14, 3333, 1
0, 5315, 70, 93, 84, 1168582, 1019486, 0.3, 50, 200, 5, 16, 3333, 1
0, 5298, 78, 98, 86, 1157436, 1023001, 0.3, 50, 200, 5, 20, 3333, 1
1, 3389, 71, 72, 72, 816485, 808758, 0.3, 50, 200, 5, 10, 3333, 1
1, 3573, 63, 64, 66, 876180, 879999, 0.3, 50, 200, 5, 10, 3333, 1
0, 4608, 67, 91, 75, 1062108, 917785, 0.3, 50, 200, 5, 15, 3333, 1
1, 3379, 63, 64, 65, 872281, 874562, 0.3, 50, 200, 5, 13, 3333, 1
0, 4634, 69, 88, 81, 1087603, 947064, 0.3, 50, 200, 5, 16, 3333, 1
0, 4672, 72, 90, 79, 1006755, 901234, 0.3, 50, 200, 5, 16, 3333, 1
1, 3571, 68, 69, 69, 834737, 810476, 0.3, 50, 200, 5, 14, 3333, 1
0, 4988, 62, 83, 72, 1144674, 1001473, 0.3, 50, 200, 5, 21, 3333, 1
0, 5059, 64, 85, 74, 1150946, 988245, 0.3, 50, 200, 5, 19, 3333, 1
0, 5161, 73, 87, 80, 1138257, 991528, 0.3, 50, 200, 5, 22, 3333, 1
1, 3496, 71, 73, 74, 923187, 917735, 0.3, 50, 200, 5, 14, 3333, 1
0, 5022, 75, 92, 82, 1119046, 997440, 0.3, 50, 200, 5, 18, 3333, 1
0, 4614, 73, 86, 78, 1067461, 948026, 0.3, 50, 200, 5, 17, 3333, 1
0, 4887, 53, 68, 61, 1138705, 958971, 0.3, 50, 200, 5, 20, 3333, 1
1, 3449, 79, 81, 82, 859962, 858115, 0.3, 50, 200, 5, 11, 3333, 1
0, 4535, 65, 81, 71, 1106479, 953553, 0.3, 50, 200, 5, 19, 3333, 1
0, 4841, 73, 89, 87, 1062557, 942123, 0.3, 50, 200, 5, 21, 3333, 1
0, 4324, 75, 89, 84, 1017712, 897239, 0.3, 50, 200, 5, 14, 3333, 1
1, 3391, 74, 75, 75, 827845, 825382, 0.3, 50, 200, 5, 13, 3333, 1
0, 4272, 65, 84, 71, 996968, 859794, 0.3, 50, 200, 5, 12, 3333, 1
1, 3491, 58, 59, 59, 853549, 844458, 0.3, 50, 200, 5, 13, 3333, 1
0, 4472, 66, 83, 75, 1106395, 970231, 0.3, 50, 200, 5, 13, 3333, 1
0, 4587, 65, 86, 77, 1050720, 911862, 0.3, 50, 200, 5, 18, 3333, 1
0, 4854, 48, 76, 58, 1191911, 1010492, 0.3, 50, 200, 5, 14, 3333, 1
0, 4877, 66, 90, 78, 1031555, 898630, 0.3, 50, 200, 5, 19, 3333, 1
1, 4036, 81, 82, 82, 942314, 938880, 0.3, 50, 200, 5, 12, 3333, 1
0, 5647, 74, 98, 86, 1391564, 1180255, 0.3, 50, 200, 5, 22, 3333, 1
0, 5910, 69, 106, 86, 1336723, 1186635, 0.3, 50, 200, 5, 24, 3333, 1
1, 3540, 64, 65, 66, 760493, 760698, 0.3, 50, 200, 5, 10, 3333, 1
0, 4602, 67, 78, 72, 995440, 858541, 0.3, 50, 200, 5, 17, 3333, 1
0, 4459, 66, 80, 76, 1024789, 891860, 0.3, 50, 200, 5, 15, 3333, 1
0, 4188, 63, 71, 68, 983382, 857405, 0.3, 50, 200, 5, 16, 3333, 1
1, 3625, 68, 69, 70, 847578, 849548, 0.3, 50, 200, 5, 11, 3333, 1
1, 3477, 77, 78, 78, 891412, 891412, 0.3, 50, 200, 5, 13, 3333, 1
1, 3611, 70, 72, 72, 863496, 863496, 0.3, 50, 200, 5, 14, 3333, 1
0, 4508, 66, 82, 72, 996316, 872000, 0.3, 50, 200, 5, 15, 3333, 1
0, 4070, 76, 89, 83, 1072695, 979867, 0.3, 50, 200, 5, 13, 3333, 1
0, 5042, 63, 85, 76, 1320788, 1135050, 0.3, 50, 200, 5, 16, 3333, 1
1, 3854, 89, 90, 91, 919900, 917434, 0.3, 50, 200, 5, 14, 3333, 1
0, 4702, 73, 88, 79, 1098114, 969726, 0.3, 50, 200, 5, 20, 3333, 1
0, 4931, 76, 87, 88, 1128226, 1015136, 0.3, 50, 200, 5, 19, 3333, 1
1, 3779, 70, 72, 71, 1066666, 1055160, 0.3, 50, 200, 5, 15, 3333, 1
1, 3451, 70, 71, 71, 656679, 644351, 0.3, 50, 200, 4, 8, 3333, 1
1, 3400, 77, 78, 78, 683411, 679268, 0.3, 50, 200, 4, 8, 3333, 1
1, 3599, 74, 76, 78, 711394, 710865, 0.3, 50, 200, 4, 8, 3333, 1
1, 3508, 67, 70, 69, 681749, 676751, 0.3, 50, 200, 4, 10, 3333, 1
0, 4962, 79, 95, 89, 1017510, 911188, 0.3, 50, 200, 5, 20, 3333, 1
1, 3457, 70, 71, 71, 672469, 660193, 0.3, 50, 200, 4, 7, 3333, 1
0, 4631, 76, 84, 80, 847916, 744615, 0.3, 50, 200, 4, 12, 3333, 1
0, 4833, 75, 91, 93, 1160567, 1009876, 0.3, 50, 200, 5, 18, 3333, 1
1, 3616, 63, 64, 64, 656159, 644947, 0.3, 50, 200, 4, 7, 3333, 1
0, 4543, 73, 91, 78, 982341, 860281, 0.3, 50, 200, 5, 17, 3333, 1
1, 3465, 61, 62, 63, 689789, 692466, 0.3, 50, 200, 4, 7, 3333, 1
0, 4165, 64, 78, 67, 865895, 737099, 0.3, 50, 200, 4, 9, 3333, 1
1, 3846, 69, 70, 71, 944709, 947348, 0.3, 50, 200, 4, 8, 3333, 1
0, 4697, 63, 79, 73, 1034694, 891647, 0.3, 50, 200, 5, 19, 3333, 1
0, 5253, 81, 101, 95, 823176, 737913, 0.3, 50, 200, 4, 12, 3333, 1
0, 4211, 67, 82, 75, 770516, 667826, 0.3, 50, 200, 4, 12, 3333, 1
1, 3618, 63, 64, 65, 678303, 675252, 0.3, 50, 200, 4, 8, 3333, 1
0, 5164, 57, 79, 73, 998357, 858554, 0.3, 50, 200, 4, 15, 3333, 1
0, 4545, 62, 81, 66, 975625, 835417, 0.3, 50, 200, 4, 14, 3333, 1
1, 3552, 65, 66, 67, 728362, 730375, 0.3, 50, 200, 4, 10, 3333, 1
0, 4419, 89, 97, 93, 859676, 772792, 0.3, 50, 200, 4, 10, 3333, 1
1, 3491, 72, 73, 73, 749328, 730595, 0.3, 50, 200, 4, 9, 3333, 1
0, 4831, 73, 93, 80, 1014589, 898238, 0.3, 50, 200, 4, 11, 3333, 1
0, 4466, 77, 91, 82, 815154, 727712, 0.3, 50, 200, 4, 9, 3333, 1
0, 5943, 74, 94, 86, 1136484, 1014565, 0.3, 50, 200, 4, 18, 3333, 1
1, 3498, 65, 66, 68, 746949, 747937, 0.3, 50, 200, 4, 9, 3333, 1
0, 4676, 75, 90, 83, 885153, 791228, 0.3, 50, 200, 4, 14, 3333, 1
0, 5274, 77, 98, 91, 951526, 846556, 0.3, 50, 200, 4, 14, 3333, 1
0, 4931, 69, 94, 77, 889253, 780360, 0.3, 50, 200, 4, 14, 3333, 1
0, 4709, 73, 87, 82, 866945, 755034, 0.3, 50, 200, 4, 14, 3333, 1
0, 4997, 73, 92, 88, 863190, 770485, 0.3, 50, 200, 4, 18, 3333, 1
0, 5513, 68, 90, 89, 965238, 837722, 0.3, 50, 200, 4, 15, 3333, 1
1, 3561, 76, 78, 78, 709927, 707979, 0.3, 50, 200, 4, 10, 3333, 1
0, 4613, 66, 82, 74, 809647, 710969, 0.3, 50, 200, 4, 11, 3333, 1
1, 3479, 57, 58, 58, 736367, 722248, 0.3, 50, 200, 4, 8, 3333, 1
1, 3741, 65, 68, 66, 676054, 663346, 0.3, 50, 200, 4, 8, 3333, 1
0, 4430, 80, 99, 90, 789692, 709901, 0.3, 50, 200, 4, 10, 3333, 1
0, 5418, 67, 95, 79, 979401, 844962, 0.3, 50, 200, 4, 14, 3333, 1
0, 4779, 65, 81, 73, 851039, 729500, 0.3, 50, 200, 4, 14, 3333, 1
0, 4019, 72, 81, 75, 770947, 672713, 0.3, 50, 200, 4, 13, 3333, 1
1, 3512, 66, 67, 68, 648286, 650166, 0.3, 50, 200, 4, 11, 3333, 1
0, 4486, 68, 85, 74, 906957, 794880, 0.3, 50, 200, 4, 10, 3333, 1
1, 3389, 45, 46, 46, 681082, 671421, 0.3, 50, 200, 4, 7, 3333, 1
1, 3529, 78, 79, 80, 735451, 738376, 0.3, 50, 200, 4, 8, 3333, 1
1, 3478, 66, 67, 68, 686591, 695059, 0.3, 50, 200, 4, 10, 3333, 1
0, 5147, 70, 87, 82, 849919, 743019, 0.3, 50, 200, 4, 17, 3333, 1
1, 3480, 68, 69, 71, 655199, 656613, 0.3, 50, 200, 4, 8, 3333, 1
1, 3398, 77, 78, 78, 672605, 667815, 0.3, 50, 200, 4, 8, 3333, 1
1, 3884, 79, 81, 80, 835753, 819159, 0.3, 50, 200, 4, 9, 3333, 1
0, 5429, 75, 92, 83, 1011342, 899463, 0.3, 50, 200, 4, 16, 3333, 1
0, 5719, 82, 97, 91, 1112130, 1002522, 0.3, 50, 200, 4, 15, 3333, 1
0, 4275, 60, 73, 63, 863040, 738420, 0.3, 50, 200, 4, 12, 3333, 1
1, 3534, 63, 64, 64, 642161, 629773, 0.3, 50, 200, 4, 8, 3333, 1
0, 4213, 74, 86, 77, 776513, 675616, 0.3, 50, 200, 4, 11, 3333, 1
0, 4310, 75, 97, 86, 772094, 681756, 0.3, 50, 200, 4, 11, 3333, 1
1, 3542, 64, 65, 67, 641511, 632919, 0.3, 50, 200, 4, 9, 3333, 1
1, 3643, 69, 70, 70, 717674, 706126, 0.3, 50, 200, 4, 10, 3333, 1
1, 3448, 65, 66, 67, 674367, 671259, 0.3, 50, 200, 4, 9, 3333, 1
0, 5153, 59, 78, 66, 931756, 803088, 0.3, 50, 200, 4, 15, 3333, 1
1, 3692, 71, 72, 72, 737793, 732326, 0.3, 50, 200, 4, 10, 3333, 1
0, 4627, 74, 87, 86, 878277, 784122, 0.3, 50, 200, 4, 12, 3333, 1
1, 3504, 62, 64, 64, 714950, 714961, 0.3, 50, 200, 4, 9, 3333, 1
0, 4196, 85, 91, 88, 832842, 728027, 0.3, 50, 200, 4, 14, 3333, 1
1, 3533, 59, 60, 62, 629708, 623181, 0.3, 50, 200, 4, 10, 3333, 1
1, 3517, 64, 65, 66, 788518, 789404, 0.3, 50, 200, 4, 9, 3333, 1
0, 4699, 67, 86, 79, 887412, 770034, 0.3, 50, 200, 4, 13, 3333, 1
0, 4735, 68, 85, 80, 763501, 669241, 0.3, 50, 200, 4, 13, 3333, 1
0, 5313, 60, 79, 76, 935516, 807227, 0.3, 50, 200, 4, 17, 3333, 1
0, 4776, 72, 97, 77, 889156, 780610, 0.3, 50, 200, 4, 12, 3333, 1
1, 3436, 60, 61, 62, 717905, 720370, 0.3, 50, 200, 4, 10, 3333, 1
1, 3561, 63, 64, 65, 732212, 734923, 0.3, 50, 200, 4, 10, 3333, 1
1, 3590, 70, 72, 73, 698438, 692986, 0.3, 50, 200, 4, 8, 3333, 1
0, 4697, 76, 92, 84, 719081, 628814, 0.3, 50, 200, 4, 14, 3333, 1
1, 3726, 66, 67, 68, 688010, 684441, 0.3, 50, 200, 4, 9, 3333, 1
1, 3809, 76, 77, 77, 723070, 720257, 0.3, 50, 200, 4, 11, 3333, 1
0, 4403, 75, 87, 80, 788709, 676932, 0.3, 50, 200, 4, 14, 3333, 1
0, 5172, 71, 102, 87, 893380, 799091, 0.3, 50, 200, 4, 15, 3333, 1
0, 4458, 68, 83, 77, 795320, 695730, 0.3, 50, 200, 4, 10, 3333, 1
0, 4350, 69, 84, 80, 910007, 804411, 0.3, 50, 200, 4, 11, 3333, 1
1, 3876, 75, 77, 82, 705814, 711749, 0.3, 50, 200, 4, 10, 3333, 1
1, 3790, 73, 74, 78, 794401, 789722, 0.3, 50, 200, 4, 11, 3333, 1
1, 3622, 70, 71, 72, 721832, 724286, 0.3, 50, 200, 4, 10, 3333, 1
1, 3599, 67, 69, 71, 805125, 806712, 0.3, 50, 200, 4, 10, 3333, 1
0, 4666, 65, 88, 73, 941491, 802878, 0.3, 50, 200, 4, 14, 3333, 1
0, 5156, 72, 98, 82, 932800, 821667, 0.3, 50, 200, 4, 13, 3333, 1
1, 3856, 78, 81, 81, 804427, 796633, 0.3, 50, 200, 4, 12, 3333, 1
1, 3454, 76, 77, 79, 740397, 745917, 0.3, 50, 200, 4, 8, 3333, 1
1, 3384, 74, 75, 76, 655229, 655319, 0.3, 50, 200, 4, 10, 3333, 1
0, 5044, 63, 83, 79, 933215, 815272, 0.3, 50, 200, 4, 13, 3333, 1
1, 3655, 83, 84, 84, 725128, 721705, 0.3, 50, 200, 4, 9, 3333, 1
0, 5536, 79, 99, 90, 1022714, 916570, 0.3, 50, 200, 4, 16, 3333, 1
0, 4351, 67, 84, 73, 865891, 740763, 0.3, 50, 200, 4, 13, 3333, 1
1, 3448, 72, 73, 74, 710636, 701790, 0.3, 50, 200, 4, 8, 3333, 1
0, 4680, 73, 89, 79, 798460, 712964, 0.3, 50, 200, 4, 14, 3333, 1
0, 5733, 75, 92, 93, 1014644, 895105, 0.3, 50, 200, 4, 13, 3333, 1
1, 3558, 71, 72, 74, 702711, 700985, 0.3, 50, 200, 4, 10, 3333, 1
1, 3451, 72, 73, 73, 698519, 698519, 0.3, 50, 200, 4, 8, 3333, 1
1, 3470, 53, 54, 55, 703380, 703805, 0.3, 50, 200, 4, 7, 3333, 1
0, 4159, 75, 85, 80, 770271, 685474, 0.3, 50, 200, 4, 11, 3333, 1
0, 4408, 64, 75, 69, 843955, 739026, 0.3, 50, 200, 4, 12, 3333, 1
0, 4510, 69, 91, 75, 884841, 767394, 0.3, 50, 200, 4, 14, 3333, 1
0, 4057, 71, 81, 75, 724884, 631369, 0.3, 50, 200, 4, 12, 3333, 1
0, 4478, 71, 85, 78, 657016, 574308, 0.3, 50, 200, 3, 8, 3333, 1
0, 4941, 56, 85, 74, 986937, 846944, 0.3, 50, 200, 4, 15, 3333, 1
0, 5529, 63, 89, 75, 702625, 605508, 0.3, 50, 200, 3, 10, 3333, 1
0, 5188, 85, 107, 96, 682129, 612115, 0.3, 50, 200, 3, 9, 3333, 1
1, 3375, 76, 77, 78, 538264, 540572, 0.3, 50, 200, 3, 7, 3333, 1
0, 4849, 77, 103, 89, 924186, 819937, 0.3, 50, 200, 4, 14, 3333, 1
0, 5476, 71, 102, 85, 687091, 606637, 0.3, 50, 200, 3, 12, 3333, 1
0, 5132, 66, 95, 85, 645579, 569784, 0.3, 50, 200, 3, 11, 3333, 1
0, 4559, 85, 88, 86, 608714, 541409, 0.3, 50, 200, 3, 9, 3333, 1
1, 3772, 81, 82, 83, 562496, 560273, 0.3, 50, 200, 3, 7, 3333, 1
1, 3432, 68, 70, 69, 552998, 541593, 0.3, 50, 200, 3, 6, 3333, 1
0, 4713, 73, 89, 79, 599403, 528628, 0.3, 50, 200, 3, 9, 3333, 1
0, 4887, 77, 98, 87, 663837, 582176, 0.3, 50, 200, 3, 8, 3333, 1
0, 4574, 70, 90, 82, 557296, 492345, 0.3, 50, 200, 3, 7, 3333, 1
0, 5265, 62, 84, 74, 797525, 690673, 0.3, 50, 200, 3, 10, 3333, 1
0, 5020, 58, 88, 75, 649356, 564708, 0.3, 50, 200, 3, 10, 3333, 1
0, 4830, 57, 75, 66, 606944, 520809, 0.3, 50, 200, 3, 9, 3333, 1
1, 3605, 79, 80, 80, 565972, 560620, 0.3, 50, 200, 3, 6, 3333, 1
0, 4428, 76, 91, 84, 599068, 533048, 0.3, 50, 200, 3, 9, 3333, 1
0, 4581, 77, 93, 79, 687379, 607330, 0.3, 50, 200, 3, 8, 3333, 1
0, 4349, 70, 83, 75, 654633, 569987, 0.3, 50, 200, 3, 10, 3333, 1
0, 4255, 83, 92, 84, 561740, 492434, 0.3, 50, 200, 3, 9, 3333, 1
1, 3515, 65, 67, 69, 479410, 478689, 0.3, 50, 200, 3, 6, 3333, 1
0, 4882, 68, 85, 79, 700937, 611052, 0.3, 50, 200, 3, 8, 3333, 1
0, 4644, 72, 92, 85, 646459, 573378, 0.3, 50, 200, 3, 9, 3333, 1
0, 4224, 75, 85, 79, 559604, 492811, 0.3, 50, 200, 3, 8, 3333, 1
0, 4523, 80, 97, 90, 631284, 559919, 0.3, 50, 200, 3, 12, 3333, 1
0, 4992, 80, 98, 89, 604023, 535046, 0.3, 50, 200, 3, 8, 3333, 1
0, 5425, 76, 94, 89, 766900, 681114, 0.3, 50, 200, 3, 10, 3333, 1
0, 5822, 66, 92, 80, 748864, 658067, 0.3, 50, 200, 3, 12, 3333, 1
0, 5972, 78, 97, 92, 808438, 698649, 0.3, 50, 200, 3, 12, 3333, 1
0, 4525, 75, 90, 82, 649055, 573917, 0.3, 50, 200, 3, 8, 3333, 1
1, 3466, 79, 80, 81, 483668, 486133, 0.3, 50, 200, 3, 7, 3333, 1
0, 4425, 70, 85, 78, 648932, 568759, 0.3, 50, 200, 3, 8, 3333, 1
1, 3416, 69, 70, 70, 492906, 486652, 0.3, 50, 200, 3, 5, 3333, 1
0, 4946, 76, 82, 84, 696270, 616029, 0.3, 50, 200, 3, 9, 3333, 1
0, 3855, 87, 99, 88, 483310, 434547, 0.3, 50, 200, 3, 6, 3333, 1
0, 5034, 67, 95, 84, 715162, 625224, 0.3, 50, 200, 3, 8, 3333, 1
0, 5572, 59, 87, 76, 760043, 649509, 0.3, 50, 200, 3, 12, 3333, 1
0, 4574, 73, 93, 85, 636769, 562460, 0.3, 50, 200, 3, 8, 3333, 1
1, 3491, 65, 66, 67, 604639, 607590, 0.3, 50, 200, 3, 5, 3333, 1
0, 4811, 66, 87, 78, 632697, 555760, 0.3, 50, 200, 3, 8, 3333, 1
1, 3503, 61, 64, 63, 513448, 511326, 0.3, 50, 200, 3, 7, 3333, 1
0, 5156, 77, 105, 96, 660346, 589871, 0.3, 50, 200, 3, 11, 3333, 1
1, 3489, 59, 60, 60, 485903, 476407, 0.3, 50, 200, 3, 6, 3333, 1
1, 3996, 76, 77, 77, 634040, 628526, 0.3, 50, 200, 3, 8, 3333, 1
1, 3403, 65, 66, 67, 556306, 558387, 0.3, 50, 200, 3, 5, 3333, 1
0, 4566, 68, 93, 78, 557769, 485064, 0.3, 50, 200, 3, 9, 3333, 1
1, 3510, 68, 70, 69, 474545, 467483, 0.3, 50, 200, 3, 5, 3333, 1
0, 3984, 71, 82, 74, 604027, 527472, 0.3, 50, 200, 3, 9, 3333, 1
0, 4833, 87, 104, 94, 686554, 596183, 0.3, 50, 200, 3, 11, 3333, 1
1, 3711, 71, 72, 73, 552977, 555055, 0.3, 50, 200, 3, 5, 3333, 1
1, 3544, 67, 68, 69, 556956, 559972, 0.3, 50, 200, 3, 6, 3333, 1
1, 3825, 82, 86, 84, 518512, 499004, 0.3, 50, 200, 3, 6, 3333, 1
0, 4554, 64, 85, 73, 584573, 513581, 0.3, 50, 200, 3, 9, 3333, 1
0, 3979, 64, 72, 72, 584381, 510270, 0.3, 50, 200, 3, 6, 3333, 1
1, 3528, 72, 73, 73, 527897, 525967, 0.3, 50, 200, 3, 7, 3333, 1
0, 5067, 58, 81, 71, 698567, 604041, 0.3, 50, 200, 3, 11, 3333, 1
1, 3539, 70, 73, 72, 474561, 478989, 0.3, 50, 200, 3, 5, 3333, 1
0, 4898, 68, 88, 74, 659355, 574813, 0.3, 50, 200, 3, 10, 3333, 1
0, 4206, 77, 88, 81, 659080, 577273, 0.3, 50, 200, 3, 9, 3333, 1
0, 3998, 75, 84, 80, 552720, 497021, 0.3, 50, 200, 3, 7, 3333, 1
1, 3411, 62, 63, 63, 452675, 446668, 0.3, 50, 200, 3, 5, 3333, 1
1, 3587, 65, 67, 67, 512967, 513005, 0.3, 50, 200, 3, 5, 3333, 1
0, 4940, 62, 87, 72, 675335, 595815, 0.3, 50, 200, 3, 10, 3333, 1
1, 3732, 72, 73, 74, 605683, 608545, 0.3, 50, 200, 3, 7, 3333, 1
0, 5007, 79, 94, 87, 727564, 638883, 0.3, 50, 200, 3, 10, 3333, 1
0, 4645, 69, 88, 78, 655440, 580606, 0.3, 50, 200, 3, 7, 3333, 1
1, 3555, 68, 69, 72, 520855, 524081, 0.3, 50, 200, 3, 5, 3333, 1
1, 3472, 62, 63, 64, 529212, 526543, 0.3, 50, 200, 3, 6, 3333, 1
0, 5102, 67, 87, 82, 633187, 554246, 0.3, 50, 200, 3, 10, 3333, 1
1, 4233, 67, 72, 70, 625719, 621293, 0.3, 50, 200, 3, 8, 3333, 1
0, 4408, 69, 87, 76, 645489, 563094, 0.3, 50, 200, 3, 8, 3333, 1
0, 4529, 73, 85, 82, 651819, 569430, 0.3, 50, 200, 3, 9, 3333, 1
1, 4033, 66, 67, 67, 610941, 596081, 0.3, 50, 200, 3, 6, 3333, 1
1, 3683, 64, 65, 66, 592223, 594314, 0.3, 50, 200, 3, 6, 3333, 1
0, 4384, 67, 76, 76, 586567, 516958, 0.3, 50, 200, 3, 8, 3333, 1
0, 4516, 67, 83, 69, 658361, 566425, 0.3, 50, 200, 3, 7, 3333, 1
1, 3975, 78, 80, 80, 573812, 573839, 0.3, 50, 200, 3, 7, 3333, 1
1, 3588, 73, 75, 74, 567135, 548537, 0.3, 50, 200, 3, 5, 3333, 1
0, 5406, 75, 100, 93, 695043, 621889, 0.3, 50, 200, 3, 11, 3333, 1
0, 4700, 61, 77, 66, 693009, 594064, 0.3, 50, 200, 3, 7, 3333, 1
0, 5721, 61, 97, 80, 735845, 643451, 0.3, 50, 200, 3, 10, 3333, 1
0, 4424, 79, 91, 86, 565262, 503226, 0.3, 50, 200, 3, 9, 3333, 1
0, 4755, 63, 77, 67, 640830, 552932, 0.3, 50, 200, 3, 9, 3333, 1
1, 3471, 79, 80, 80, 465513, 458997, 0.3, 50, 200, 3, 7, 3333, 1
0, 4625, 75, 86, 79, 641724, 569542, 0.3, 50, 200, 3, 7, 3333, 1
1, 3605, 69, 72, 72, 520365, 522602, 0.3, 50, 200, 3, 6, 3333, 1
0, 4603, 68, 81, 73, 636782, 556829, 0.3, 50, 200, 3, 9, 3333, 1
0, 4451, 74, 90, 80, 647366, 573860, 0.3, 50, 200, 3, 9, 3333, 1
0, 5083, 64, 87, 83, 656274, 574844, 0.3, 50, 200, 3, 8, 3333, 1
1, 3406, 64, 65, 67, 503122, 508153, 0.3, 50, 200, 3, 5, 3333, 1
0, 5011, 73, 93, 89, 681838, 606037, 0.3, 50, 200, 3, 12, 3333, 1
1, 3598, 61, 62, 62, 518109, 509014, 0.3, 50, 200, 3, 7, 3333, 1
1, 3558, 70, 72, 71, 661698, 616073, 0.3, 50, 200, 3, 7, 3333, 1
0, 4920, 58, 71, 67, 723481, 613418, 0.3, 50, 200, 3, 9, 3333, 1
0, 4570, 70, 87, 77, 665313, 579093, 0.3, 50, 200, 3, 10, 3333, 1
0, 5287, 65, 84, 75, 695943, 600583, 0.3, 50, 200, 3, 10, 3333, 1
0, 4110, 75, 84, 76, 432405, 375575, 0.3, 50, 200, 2, 5, 3333, 1
0, 4872, 65, 79, 74, 714285, 618696, 0.3, 50, 200, 3, 9, 3333, 1
1, 3472, 65, 66, 67, 521715, 524348, 0.3, 50, 200, 3, 6, 3333, 1
0, 4312, 72, 85, 73, 589042, 516845, 0.3, 50, 200, 3, 8, 3333, 1
0, 4681, 69, 91, 74, 420731, 355109, 0.3, 50, 200, 2, 5, 3333, 1
0, 4783, 61, 86, 76, 697455, 600205, 0.3, 50, 200, 3, 10, 3333, 1
0, 5511, 62, 88, 83, 484108, 423249, 0.3, 50, 200, 2, 7, 3333, 1
1, 3524, 76, 77, 78, 343226, 345571, 0.3, 50, 200, 2, 4, 3333, 1
1, 3936, 71, 76, 75, 355130, 353232, 0.3, 50, 200, 2, 3, 3333, 1
0, 5142, 72, 90, 84, 416972, 371026, 0.3, 50, 200, 2, 6, 3333, 1
0, 4168, 80, 93, 86, 387404, 343304, 0.3, 50, 200, 2, 5, 3333, 1
0, 4477, 69, 89, 74, 409216, 359326, 0.3, 50, 200, 2, 5, 3333, 1
1, 3426, 67, 68, 68, 292290, 289914, 0.3, 50, 200, 2, 4, 3333, 1
1, 3791, 66, 67, 68, 397219, 397612, 0.3, 50, 200, 2, 4, 3333, 1
0, 4602, 71, 89, 81, 381939, 339378, 0.3, 50, 200, 2, 6, 3333, 1
0, 5061, 70, 94, 85, 397543, 353204, 0.3, 50, 200, 2, 5, 3333, 1
1, 3419, 60, 61, 62, 383728, 386741, 0.3, 50, 200, 2, 3, 3333, 1
0, 4368, 77, 85, 79, 390174, 346130, 0.3, 50, 200, 2, 4, 3333, 1
0, 4961, 77, 97, 88, 432712, 381765, 0.3, 50, 200, 2, 5, 3333, 1
0, 4982, 74, 86, 83, 423795, 370937, 0.3, 50, 200, 2, 5, 3333, 1
1, 3538, 70, 71, 72, 356075, 359083, 0.3, 50, 200, 2, 3, 3333, 1
1, 3674, 73, 74, 77, 397715, 401996, 0.3, 50, 200, 2, 4, 3333, 1
0, 5044, 77, 101, 95, 406571, 366429, 0.3, 50, 200, 2, 6, 3333, 1
0, 4450, 66, 85, 78, 443652, 387694, 0.3, 50, 200, 2, 4, 3333, 1
0, 4174, 66, 85, 68, 417324, 358345, 0.3, 50, 200, 2, 5, 3333, 1
1, 3531, 73, 75, 75, 308960, 308963, 0.3, 50, 200, 2, 4, 3333, 1
1, 3404, 64, 66, 66, 326460, 323712, 0.3, 50, 200, 2, 4, 3333, 1
1, 3458, 67, 68, 68, 356646, 351003, 0.3, 50, 200, 2, 4, 3333, 1
0, 5330, 63, 89, 80, 410380, 360606, 0.3, 50, 200, 2, 6, 3333, 1
0, 5014, 58, 82, 65, 489772, 424391, 0.3, 50, 200, 2, 5, 3333, 1
0, 4019, 65, 78, 68, 395022, 342299, 0.3, 50, 200, 2, 4, 3333, 1
0, 4383, 71, 88, 77, 463211, 404599, 0.3, 50, 200, 2, 5, 3333, 1
1, 3486, 63, 64, 64, 322348, 322348, 0.3, 50, 200, 2, 3, 3333, 1
1, 3526, 70, 71, 72, 407640, 410561, 0.3, 50, 200, 2, 4, 3333, 1
0, 4832, 63, 88, 79, 436519, 382992, 0.3, 50, 200, 2, 5, 3333, 1
0, 4249, 71, 85, 76, 417703, 366868, 0.3, 50, 200, 2, 5, 3333, 1
1, 3477, 79, 80, 81, 390163, 390197, 0.3, 50, 200, 2, 4, 3333, 1
1, 3722, 69, 72, 70, 271151, 267220, 0.3, 50, 200, 2, 4, 3333, 1
1, 3676, 70, 72, 71, 301530, 297255, 0.3, 50, 200, 2, 4, 3333, 1
0, 4462, 76, 93, 84, 439989, 387899, 0.3, 50, 200, 2, 5, 3333, 1
1, 3605, 73, 74, 74, 362987, 362987, 0.3, 50, 200, 2, 3, 3333, 1
0, 4598, 66, 88, 70, 458832, 394774, 0.3, 50, 200, 2, 6, 3333, 1
0, 4737, 67, 79, 74, 442675, 384331, 0.3, 50, 200, 2, 5, 3333, 1
1, 3514, 72, 74, 74, 336585, 336597, 0.3, 50, 200, 2, 4, 3333, 1
1, 3493, 73, 74, 75, 301664, 301984, 0.3, 50, 200, 2, 3, 3333, 1
0, 5228, 74, 95, 94, 456144, 404500, 0.3, 50, 200, 2, 7, 3333, 1
0, 4858, 63, 84, 71, 483435, 410327, 0.3, 50, 200, 2, 6, 3333, 1
1, 3501, 62, 63, 65, 328830, 331391, 0.3, 50, 200, 2, 3, 3333, 1
1, 3792, 79, 80, 81, 381211, 381201, 0.3, 50, 200, 2, 4, 3333, 1
1, 3763, 75, 76, 76, 378987, 356851, 0.3, 50, 200, 2, 4, 3333, 1
1, 3672, 57, 58, 59, 411066, 413902, 0.3, 50, 200, 2, 4, 3333, 1
0, 4448, 57, 77, 62, 363767, 310627, 0.3, 50, 200, 2, 5, 3333, 1
0, 4698, 65, 87, 73, 441920, 383564, 0.3, 50, 200, 2, 5, 3333, 1
1, 3395, 67, 68, 68, 385557, 379937, 0.3, 50, 200, 2, 6, 3333, 1
1, 3558, 73, 74, 75, 366839, 366884, 0.3, 50, 200, 2, 3, 3333, 1
1, 3395, 59, 60, 60, 364619, 364619, 0.3, 50, 200, 2, 3, 3333, 1
1, 3557, 70, 71, 71, 410456, 404611, 0.3, 50, 200, 2, 4, 3333, 1
0, 4833, 64, 85, 74, 498221, 431549, 0.3, 50, 200, 2, 6, 3333, 1
1, 3608, 83, 84, 88, 393999, 405958, 0.3, 50, 200, 2, 4, 3333, 1
0, 4823, 89, 105, 94, 470531, 419871, 0.3, 50, 200, 2, 7, 3333, 1
0, 3837, 81, 84, 82, 341927, 306248, 0.3, 50, 200, 2, 4, 3333, 1
1, 3505, 68, 69, 69, 349498, 349498, 0.3, 50, 200, 2, 4, 3333, 1
1, 3370, 66, 67, 67, 330015, 319364, 0.3, 50, 200, 2, 4, 3333, 1
1, 3438, 68, 69, 69, 305245, 294268, 0.3, 50, 200, 2, 3, 3333, 1
1, 3788, 69, 70, 72, 342264, 346378, 0.3, 50, 200, 2, 4, 3333, 1
0, 4821, 73, 90, 79, 455157, 401603, 0.3, 50, 200, 2, 5, 3333, 1
0, 4374, 73, 93, 80, 411603, 363281, 0.3, 50, 200, 2, 4, 3333, 1
1, 3705, 54, 55, 55, 381926, 381926, 0.3, 50, 200, 2, 3, 3333, 1
0, 4061, 75, 87, 80, 463883, 416234, 0.3, 50, 200, 2, 4, 3333, 1
0, 4402, 69, 88, 81, 347970, 303313, 0.3, 50, 200, 2, 6, 3333, 1
1, 3399, 76, 78, 78, 339033, 339048, 0.3, 50, 200, 2, 3, 3333, 1
1, 3589, 72, 73, 74, 338143, 340615, 0.3, 50, 200, 2, 3, 3333, 1
1, 3643, 64, 65, 66, 343050, 345693, 0.3, 50, 200, 2, 4, 3333, 1
0, 5277, 63, 87, 74, 465894, 406720, 0.3, 50, 200, 2, 6, 3333, 1
0, 5152, 84, 103, 90, 518799, 461696, 0.3, 50, 200, 2, 6, 3333, 1
0, 3960, 74, 84, 75, 361041, 319181, 0.3, 50, 200, 2, 5, 3333, 1
0, 4541, 65, 85, 72, 410964, 353389, 0.3, 50, 200, 2, 5, 3333, 1
0, 4799, 67, 85, 78, 466934, 413132, 0.3, 50, 200, 2, 6, 3333, 1
1, 3518, 74, 76, 76, 315942, 318322, 0.3, 50, 200, 2, 4, 3333, 1
1, 3540, 73, 74, 76, 340904, 345337, 0.3, 50, 200, 2, 3, 3333, 1
1, 3820, 72, 74, 73, 362196, 357398, 0.3, 50, 200, 2, 3, 3333, 1
1, 3405, 51, 52, 54, 270406, 272574, 0.3, 50, 200, 2, 4, 3333, 1
0, 4571, 64, 92, 77, 459217, 404646, 0.3, 50, 200, 2, 6, 3333, 1
1, 3409, 73, 74, 75, 340127, 339992, 0.3, 50, 200, 2, 4, 3333, 1
1, 3457, 67, 68, 69, 333756, 336366, 0.3, 50, 200, 2, 4, 3333, 1
1, 3533, 80, 82, 82, 320723, 320745, 0.3, 50, 200, 2, 5, 3333, 1
1, 3651, 68, 69, 69, 334373, 334373, 0.3, 50, 200, 2, 4, 3333, 1
1, 3816, 69, 72, 74, 351722, 356890, 0.3, 50, 200, 2, 5, 3333, 1
1, 3518, 68, 69, 70, 355770, 358175, 0.3, 50, 200, 2, 4, 3333, 1
0, 4760, 66, 85, 75, 458910, 404635, 0.3, 50, 200, 2, 5, 3333, 1
1, 3801, 66, 67, 67, 327679, 321456, 0.3, 50, 200, 2, 4, 3333, 1
0, 4150, 66, 84, 71, 460640, 398584, 0.3, 50, 200, 2, 4, 3333, 1
1, 3602, 74, 76, 78, 317325, 315884, 0.3, 50, 200, 2, 3, 3333, 1
1, 3512, 64, 65, 66, 324138, 326087, 0.3, 50, 200, 2, 3, 3333, 1
1, 3690, 79, 80, 82, 325961, 328598, 0.3, 50, 200, 2, 3, 3333, 1
1, 3707, 78, 79, 79, 346980, 341674, 0.3, 50, 200, 2, 3, 3333, 1
0, 4236, 80, 98, 82, 387256, 347672, 0.3, 50, 200, 2, 4, 3333, 1
0, 5675, 62, 93, 81, 548427, 478651, 0.3, 50, 200, 2, 6, 3333, 1
0, 5128, 70, 90, 82, 483938, 426006, 0.3, 50, 200, 2, 7, 3333, 1
1, 3780, 77, 79, 80, 179236, 181743, 0.3, 50, 200, 1, 1, 3333, 1
1, 3509, 60, 61, 62, 314392, 316553, 0.3, 50, 200, 2, 3, 3333, 1
1, 3412, 68, 69, 69, 314238, 311949, 0.3, 50, 200, 2, 3, 3333, 1
1, 4007, 71, 72, 73, 181528, 183843, 0.3, 50, 200, 1, 1, 3333, 1
1, 3468, 62, 63, 64, 320303, 325014, 0.3, 50, 200, 2, 3, 3333, 1
1, 3629, 58, 61, 61, 160108, 160119, 0.3, 50, 200, 1, 2, 3333, 1
1, 3395, 67, 68, 69, 189923, 192741, 0.3, 50, 200, 1, 1, 3333, 1
1, 3573, 64, 65, 65, 307821, 290933, 0.3, 50, 200, 2, 3, 3333, 1
1, 3654, 65, 66, 68, 173222, 178206, 0.3, 50, 200, 1, 1, 3333, 1
1, 3609, 55, 57, 57, 155438, 155567, 0.3, 50, 200, 1, 1, 3333, 1
0, 4395, 72, 87, 76, 193545, 168969, 0.3, 50, 200, 1, 2, 3333, 1
0, 4415, 69, 86, 75, 206810, 180088, 0.3, 50, 200, 1, 2, 3333, 1
0, 4671, 75, 84, 83, 428814, 384879, 0.3, 50, 200, 2, 5, 3333, 1
1, 3468, 78, 79, 80, 184618, 187292, 0.3, 50, 200, 1, 2, 3333, 1
1, 3546, 75, 77, 77, 164450, 164483, 0.3, 50, 200, 1, 1, 3333, 1
1, 3452, 76, 78, 78, 188225, 188251, 0.3, 50, 200, 1, 2, 3333, 1
1, 3740, 64, 65, 66, 132000, 133864, 0.3, 50, 200, 1, 1, 3333, 1
1, 3526, 51, 53, 53, 150312, 150363, 0.3, 50, 200, 1, 1, 3333, 1
1, 3465, 52, 54, 54, 198100, 198107, 0.3, 50, 200, 1, 1, 3333, 1
0, 5112, 75, 94, 83, 265040, 234938, 0.3, 50, 200, 1, 3, 3333, 1
1, 3844, 89, 91, 91, 165065, 165075, 0.3, 50, 200, 1, 1, 3333, 1
1, 3556, 60, 61, 62, 175167, 177702, 0.3, 50, 200, 1, 2, 3333, 1
1, 3599, 62, 64, 64, 201003, 201017, 0.3, 50, 200, 1, 1, 3333, 1
1, 3516, 64, 65, 66, 174420, 176963, 0.3, 50, 200, 1, 1, 3333, 1
1, 3513, 61, 62, 64, 162783, 167566, 0.3, 50, 200, 1, 1, 3333, 1
0, 5036, 66, 91, 80, 249022, 218760, 0.3, 50, 200, 1, 2, 3333, 1
1, 3746, 74, 76, 76, 163028, 163082, 0.3, 50, 200, 1, 1, 3333, 1
0, 3831, 64, 77, 67, 174718, 152435, 0.3, 50, 200, 1, 2, 3333, 1
1, 3533, 70, 71, 73, 155287, 159883, 0.3, 50, 200, 1, 1, 3333, 1
1, 4305, 68, 74, 75, 230428, 231878, 0.3, 50, 200, 1, 2, 3333, 1
1, 3938, 61, 63, 63, 182849, 182858, 0.3, 50, 200, 1, 1, 3333, 1
0, 3995, 74, 88, 77, 191923, 166072, 0.3, 50, 200, 1, 2, 3333, 1
1, 3606, 67, 69, 70, 193747, 196690, 0.3, 50, 200, 1, 2, 3333, 1
1, 3465, 64, 67, 68, 157234, 159492, 0.3, 50, 200, 1, 1, 3333, 1
1, 3539, 81, 83, 83, 172214, 172258, 0.3, 50, 200, 1, 2, 3333, 1
0, 4648, 63, 81, 69, 227984, 197163, 0.3, 50, 200, 1, 2, 3333, 1
1, 3544, 72, 74, 74, 156164, 156215, 0.3, 50, 200, 1, 1, 3333, 1
1, 3791, 69, 70, 71, 192004, 194634, 0.3, 50, 200, 1, 1, 3333, 1
1, 3637, 77, 78, 79, 181627, 184297, 0.3, 50, 200, 1, 2, 3333, 1
1, 3581, 65, 66, 67, 188707, 191537, 0.3, 50, 200, 1, 2, 3333, 1
0, 4249, 66, 81, 71, 173313, 151947, 0.3, 50, 200, 1, 3, 3333, 1
0, 4104, 75, 91, 81, 179351, 157429, 0.3, 50, 200, 1, 2, 3333, 1
1, 3598, 58, 60, 61, 177608, 180243, 0.3, 50, 200, 1, 2, 3333, 1
1, 3615, 59, 60, 61, 193703, 196535, 0.3, 50, 200, 1, 1, 3333, 1
0, 4581, 84, 101, 91, 201539, 179082, 0.3, 50, 200, 1, 2, 3333, 1
0, 4105, 67, 83, 73, 207274, 182141, 0.3, 50, 200, 1, 2, 3333, 1
1, 3838, 79, 80, 81, 181323, 183750, 0.3, 50, 200, 1, 2, 3333, 1
1, 3551, 65, 67, 67, 158092, 158112, 0.3, 50, 200, 1, 1, 3333, 1
1, 3498, 70, 71, 72, 171598, 174082, 0.3, 50, 200, 1, 2, 3333, 1
1, 3569, 72, 74, 74, 149307, 149343, 0.3, 50, 200, 1, 1, 3333, 1
0, 4191, 78, 92, 82, 226557, 199701, 0.3, 50, 200, 1, 2, 3333, 1
1, 3527, 85, 86, 87, 167177, 169590, 0.3, 50, 200, 1, 1, 3333, 1
0, 4476, 75, 93, 83, 176805, 156049, 0.3, 50, 200, 1, 2, 3333, 1
0, 4163, 62, 78, 66, 193063, 164460, 0.3, 50, 200, 1, 2, 3333, 1
1, 3673, 68, 70, 70, 169271, 169273, 0.3, 50, 200, 1, 2, 3333, 1
1, 3557, 59, 61, 61, 162629, 162665, 0.3, 50, 200, 1, 1, 3333, 1
0, 4710, 69, 89, 78, 235708, 205429, 0.3, 50, 200, 1, 2, 3333, 1
0, 5198, 67, 86, 74, 232967, 203524, 0.3, 50, 200, 1, 3, 3333, 1
0, 4237, 65, 82, 71, 177303, 153189, 0.3, 50, 200, 1, 2, 3333, 1
1, 3495, 70, 72, 72, 207005, 207060, 0.3, 50, 200, 1, 2, 3333, 1
0, 5375, 79, 102, 92, 241557, 213966, 0.3, 50, 200, 1, 3, 3333, 1
1, 3493, 77, 78, 79, 149282, 151502, 0.3, 50, 200, 1, 2, 3333, 1
1, 3414, 72, 73, 74, 151864, 154136, 0.3, 50, 200, 1, 2, 3333, 1
0, 4526, 73, 89, 78, 208321, 181237, 0.3, 50, 200, 1, 2, 3333, 1
1, 3429, 76, 78, 78, 147562, 147568, 0.3, 50, 200, 1, 1, 3333, 1
1, 3493, 79, 80, 81, 172380, 174900, 0.3, 50, 200, 1, 2, 3333, 1
1, 3541, 66, 68, 69, 172601, 175116, 0.3, 50, 200, 1, 2, 3333, 1
1, 3917, 75, 76, 77, 178141, 180427, 0.3, 50, 200, 1, 1, 3333, 1
1, 3564, 69, 71, 71, 179510, 179586, 0.3, 50, 200, 1, 2, 3333, 1
1, 3420, 60, 61, 62, 160679, 163084, 0.3, 50, 200, 1, 1, 3333, 1
1, 3595, 67, 68, 70, 184399, 189656, 0.3, 50, 200, 1, 1, 3333, 1
1, 3531, 70, 72, 72, 276500, 276514, 0.3, 50, 200, 1, 1, 3333, 1
1, 3484, 77, 79, 79, 217930, 217942, 0.3, 50, 200, 1, 2, 3333, 1
1, 3834, 66, 68, 68, 172148, 172245, 0.3, 50, 200, 1, 2, 3333, 1
1, 3847, 75, 76, 77, 181429, 183907, 0.3, 50, 200, 1, 1, 3333, 1
1, 4117, 74, 76, 76, 191730, 191793, 0.3, 50, 200, 1, 2, 3333, 1
1, 3563, 67, 69, 69, 177482, 177568, 0.3, 50, 200, 1, 1, 3333, 1
0, 4689, 79, 95, 85, 198626, 175835, 0.3, 50, 200, 1, 2, 3333, 1
1, 3695, 67, 69, 69, 168510, 168567, 0.3, 50, 200, 1, 1, 3333, 1
1, 3843, 59, 61, 61, 184911, 184924, 0.3, 50, 200, 1, 1, 3333, 1
1, 3490, 69, 71, 71, 156730, 156776, 0.3, 50, 200, 1, 1, 3333, 1
1, 3363, 70, 71, 72, 155914, 158237, 0.3, 50, 200, 1, 2, 3333, 1
1, 3647, 67, 69, 70, 196928, 199829, 0.3, 50, 200, 1, 1, 3333, 1
1, 3490, 68, 70, 70, 167990, 168034, 0.3, 50, 200, 1, 1, 3333, 1
1, 3654, 83, 84, 85, 178591, 181132, 0.3, 50, 200, 1, 1, 3333, 1
1, 3619, 73, 75, 75, 167418, 167500, 0.3, 50, 200, 1, 1, 3333, 1
0, 4096, 79, 93, 84, 208859, 185469, 0.3, 50, 200, 1, 2, 3333, 1
1, 4183, 67, 73, 74, 180694, 182437, 0.3, 50, 200, 1, 2, 3333, 1
1, 3426, 83, 85, 85, 214538, 214549, 0.3, 50, 200, 1, 1, 3333, 1
1, 3577, 72, 73, 74, 176707, 179193, 0.3, 50, 200, 1, 1, 3333, 1
0, 4185, 74, 86, 76, 228492, 200908, 0.3, 50, 200, 1, 1, 3333, 1
0, 4971, 68, 88, 79, 191102, 167880, 0.3, 50, 200, 1, 2, 3333, 1
1, 3682, 68, 70, 70, 193512, 193551, 0.3, 50, 200, 1, 1, 3333, 1
1, 3588, 67, 69, 69, 141452, 141480, 0.3, 50, 200, 1, 2, 3333, 1
1, 3712, 70, 75, 76, 177200, 179480, 0.3, 50, 200, 1, 1, 3333, 1
1, 3534, 68, 70, 70, 170143, 170186, 0.3, 50, 200, 1, 2, 3333, 1
0, 6173, 62, 98, 86, 269700, 236830, 0.3, 50, 200, 1, 3, 3333, 1
1, 4109, 80, 84, 85, 158832, 160813, 0.3, 50, 200, 1, 1, 3333, 1
1, 3562, 69, 71, 71, 150849, 150878, 0.3, 50, 200, 1, 2, 3333, 1
0, 4416, 73, 86, 75, 229707, 199182, 0.3, 50, 200, 1, 2, 3333, 1
1, 3874, 67, 68, 70, 179256, 184627, 0.3, 50, 200, 1, 1, 3333, 1
0, 3709, 66, 79, 69, 193094, 167624, 0.3, 50, 200, 1, 1, 3333, 1
0, 3948, 70, 83, 72, 178282, 154420, 0.3, 50, 200, 1, 1, 3333, 1
0, 4085, 67, 84, 73, 190576, 165057, 0.3, 50, 200, 1, 2, 3333, 1
1, 3773, 71, 73, 73, 188730, 188790, 0.3, 50, 200, 1, 1, 3333, 1
0, 4415, 76, 97, 83, 13064237, 11649370, 0.3, 50, 200, 64, 2264, 3333, 1
0, 4574, 71, 88, 81, 13496825, 11958069, 0.3, 50, 200, 64, 2273, 3333, 1
0, 4354, 67, 79, 68, 13098271, 11015277, 0.3, 50, 200, 64, 2284, 3333, 1
0, 4591, 63, 86, 76, 13242338, 11366233, 0.3, 50, 200, 64, 2329, 3333, 1
0, 5045, 61, 79, 74, 14318678, 12235296, 0.3, 50, 200, 64, 2351, 3333, 1
0, 4538, 66, 78, 72, 13730505, 12016887, 0.3, 50, 200, 64, 2369, 3333, 1
0, 4587, 73, 92, 81, 13388392, 11611470, 0.3, 50, 200, 64, 2371, 3333, 1
0, 4671, 67, 80, 73, 13704706, 11832598, 0.3, 50, 200, 64, 2390, 3333, 1
0, 4677, 73, 90, 80, 13659829, 11945820, 0.3, 50, 200, 64, 2426, 3333, 1
0, 4793, 61, 78, 69, 13545004, 11772432, 0.3, 50, 200, 64, 2473, 3333, 1
0, 4835, 64, 83, 72, 14457924, 12530895, 0.3, 50, 200, 64, 2478, 3333, 1
0, 5261, 75, 89, 91, 15560164, 13882493, 0.3, 50, 200, 64, 2525, 3333, 1
0, 4816, 64, 83, 75, 13970922, 12133955, 0.3, 50, 200, 64, 2559, 3333, 1
0, 5076, 64, 94, 71, 15302562, 13234565, 0.3, 50, 200, 64, 2709, 3333, 1
0, 5050, 73, 90, 83, 14781378, 12697452, 0.3, 50, 200, 64, 2744, 3333, 1
0, 5488, 68, 85, 78, 16287610, 14221740, 0.3, 50, 200, 64, 2980, 3333, 1
0, 4093, 88, 95, 89, 12387199, 10960957, 0.3, 50, 200, 64, 2071, 3333, 1
0, 4506, 77, 81, 78, 13789298, 12139992, 0.3, 50, 200, 64, 2408, 3333, 1
0, 4830, 72, 88, 83, 14171732, 12508571, 0.3, 50, 200, 64, 2498, 3333, 1
0, 4266, 82, 94, 87, 13322623, 11764223, 0.3, 50, 200, 64, 2309, 3333, 1
0, 4651, 78, 92, 92, 13228950, 11805315, 0.3, 50, 200, 64, 2462, 3333, 1
0, 4840, 64, 82, 78, 14150023, 12464314, 0.3, 50, 200, 64, 2574, 3333, 1
0, 4719, 73, 103, 81, 14058705, 12390920, 0.3, 50, 200, 64, 2536, 3333, 1
0, 4668, 81, 93, 88, 13766837, 12024254, 0.3, 50, 200, 64, 2507, 3333, 1
0, 4715, 63, 85, 68, 13400972, 11559900, 0.3, 50, 200, 64, 2581, 3333, 1
0, 4799, 47, 68, 51, 14126809, 11994161, 0.3, 50, 200, 64, 2576, 3333, 1
0, 4602, 67, 92, 77, 13657937, 12021742, 0.3, 50, 200, 64, 2435, 3333, 1
0, 5140, 70, 91, 79, 14579811, 12518605, 0.3, 50, 200, 64, 2814, 3333, 1
0, 4720, 65, 89, 74, 13806870, 12132747, 0.3, 50, 200, 64, 2612, 3333, 1
0, 5236, 68, 90, 85, 15364918, 13421706, 0.3, 50, 200, 64, 2855, 3333, 1
0, 4489, 63, 77, 77, 13446714, 11658250, 0.3, 50, 200, 64, 2467, 3333, 1
0, 5711, 63, 96, 76, 16850881, 14586439, 0.3, 50, 200, 64, 3241, 3333, 1
0, 4491, 63, 80, 68, 13675440, 11851314, 0.3, 50, 200, 64, 2574, 3333, 1
0, 4109, 72, 82, 80, 12435945, 11148645, 0.3, 50, 200, 64, 2375, 3333, 1
0, 4512, 69, 93, 78, 13052647, 11504484, 0.3, 50, 200, 64, 2583, 3333, 1
0, 4855, 68, 83, 77, 14161357, 12523019, 0.3, 50, 200, 64, 2761, 3333, 1
0, 4735, 65, 91, 84, 13363295, 11592267, 0.3, 50, 200, 64, 2708, 3333, 1
0, 4976, 55, 75, 62, 15005250, 12871298, 0.3, 50, 200, 64, 2745, 3333, 1
0, 4714, 71, 92, 82, 13886603, 12100945, 0.3, 50, 200, 64, 2755, 3333, 1
1, 3481, 75, 76, 76, 11267243, 10820681, 0.3, 50, 200, 64, 1910, 3333, 1
1, 3894, 66, 74, 69, 12253547, 12709317, 0.3, 50, 200, 64, 2190, 3333, 1
0, 4923, 62, 91, 82, 13876568, 11907486, 0.3, 50, 200, 64, 2753, 3333, 1
0, 4643, 71, 92, 81, 13560002, 11925253, 0.3, 50, 200, 64, 2581, 3333, 1
0, 5063, 62, 86, 85, 14281877, 12419019, 0.3, 50, 200, 64, 2954, 3333, 1
0, 4793, 65, 81, 75, 14008520, 12112309, 0.3, 50, 200, 64, 2765, 3333, 1
0, 4635, 73, 87, 87, 13887189, 12310167, 0.3, 50, 200, 64, 2565, 3333, 1
0, 4653, 74, 87, 81, 14009267, 12350298, 0.3, 50, 200, 64, 2588, 3333, 1
0, 5287, 68, 85, 80, 15659180, 13787858, 0.3, 50, 200, 64, 3140, 3333, 1
0, 4506, 69, 88, 80, 13371081, 11737048, 0.3, 50, 200, 64, 2386, 3333, 1
0, 5072, 66, 94, 73, 16066700, 13960139, 0.3, 50, 200, 64, 2614, 3333, 1
0, 4731, 73, 91, 93, 13702960, 12385218, 0.3, 50, 200, 64, 2465, 3333, 1
0, 4434, 74, 86, 78, 13074994, 11453980, 0.3, 50, 200, 64, 2333, 3333, 1
0, 4505, 66, 87, 71, 13184236, 11466296, 0.3, 50, 200, 64, 2440, 3333, 1
0, 4049, 70, 83, 71, 12623565, 10919045, 0.3, 50, 200, 64, 2124, 3333, 1
0, 4716, 74, 90, 85, 14126892, 12271481, 0.3, 50, 200, 64, 2452, 3333, 1
0, 4594, 80, 96, 86, 14017976, 12605168, 0.3, 50, 200, 64, 2477, 3333, 1
0, 4649, 67, 83, 75, 13817427, 11990798, 0.3, 50, 200, 64, 2530, 3333, 1
0, 4814, 64, 81, 75, 14048058, 11822861, 0.3, 50, 200, 64, 2635, 3333, 1
0, 4794, 74, 89, 83, 14431561, 12677199, 0.3, 50, 200, 64, 2425, 3333, 1
0, 4977, 81, 100, 94, 14527952, 12928503, 0.3, 50, 200, 64, 2618, 3333, 1
0, 4863, 68, 90, 74, 14105039, 12252833, 0.3, 50, 200, 64, 2662, 3333, 1
0, 4773, 76, 93, 89, 14369571, 12783090, 0.3, 50, 200, 64, 2668, 3333, 1
0, 4835, 63, 85, 74, 14165132, 12277339, 0.3, 50, 200, 64, 2673, 3333, 1
0, 4511, 69, 89, 81, 13820013, 12155240, 0.3, 50, 200, 64, 2424, 3333, 1
0, 4299, 72, 91, 79, 13617760, 11969609, 0.3, 50, 200, 64, 2294, 3333, 1
1, 3595, 73, 74, 74, 11603993, 11505140, 0.3, 50, 200, 64, 1737, 3333, 1
0, 4900, 54, 80, 68, 14092704, 12037097, 0.3, 50, 200, 64, 2646, 3333, 1
0, 4794, 77, 92, 87, 14823115, 13075728, 0.3, 50, 200, 64, 2540, 3333, 1
0, 4466, 69, 87, 78, 12978198, 11503544, 0.3, 50, 200, 64, 2367, 3333, 1
0, 4605, 67, 80, 74, 13658786, 11861181, 0.3, 50, 200, 64, 2475, 3333, 1
0, 4945, 59, 86, 71, 15055150, 13021473, 0.3, 50, 200, 64, 2906, 3333, 1
0, 4885, 63, 80, 72, 14465550, 12458977, 0.3, 50, 200, 64, 2525, 3333, 1
0, 4608, 66, 84, 74, 13514610, 11816997, 0.3, 50, 200, 64, 2360, 3333, 1
0, 4597, 74, 90, 84, 13549691, 11834634, 0.3, 50, 200, 64, 2497, 3333, 1
0, 4450, 68, 84, 74, 13442237, 11856520, 0.3, 50, 200, 64, 2605, 3333, 1
0, 4948, 62, 79, 73, 14576961, 12688128, 0.3, 50, 200, 64, 2727, 3333, 1
0, 4739, 65, 83, 77, 13593878, 11891723, 0.3, 50, 200, 64, 2536, 3333, 1
0, 4734, 60, 80, 65, 13418783, 11438261, 0.3, 50, 200, 64, 2576, 3333, 1
0, 4356, 75, 92, 81, 12966681, 11586732, 0.3, 50, 200, 64, 2160, 3333, 1
0, 5033, 60, 93, 75, 14354991, 12359584, 0.3, 50, 200, 64, 2566, 3333, 1
0, 4342, 76, 83, 79, 12711125, 11203391, 0.3, 50, 200, 64, 2198, 3333, 1
0, 4904, 74, 92, 83, 14931411, 13214456, 0.3, 50, 200, 64, 2690, 3333, 1
0, 4560, 61, 78, 70, 13421734, 11532092, 0.3, 50, 200, 64, 2429, 3333, 1
0, 4222, 79, 91, 87, 12825400, 11725687, 0.3, 50, 200, 64, 2302, 3333, 1
0, 4821, 60, 81, 74, 13798238, 11741296, 0.3, 50, 200, 64, 2634, 3333, 1
0, 4460, 68, 78, 77, 13231416, 11668084, 0.3, 50, 200, 64, 2374, 3333, 1
0, 4830, 68, 87, 77, 14416907, 12604268, 0.3, 50, 200, 64, 2557, 3333, 1
0, 4710, 83, 96, 90, 14192799, 12736197, 0.3, 50, 200, 64, 2470, 3333, 1
0, 4419, 73, 90, 79, 13000274, 11351244, 0.3, 50, 200, 64, 2234, 3333, 1
0, 4473, 70, 89, 84, 13041976, 11372908, 0.3, 50, 200, 64, 2231, 3333, 1
0, 4485, 72, 83, 75, 13528283, 11994015, 0.3, 50, 200, 64, 2452, 3333, 1
0, 4764, 72, 95, 83, 13848812, 12367724, 0.3, 50, 200, 64, 2373, 3333, 1
0, 4920, 69, 83, 74, 14976092, 12913179, 0.3, 50, 200, 64, 2632, 3333, 1
0, 4367, 76, 89, 81, 6558731, 5846471, 0.3, 50, 200, 32, 446, 3333, 1
0, 4466, 76, 95, 82, 6595953, 5814679, 0.3, 50, 200, 32, 442, 3333, 1
0, 4534, 78, 97, 85, 13778416, 12416117, 0.3, 50, 200, 64, 2403, 3333, 1
1, 3384, 66, 67, 68, 5699422, 5702097, 0.3, 50, 200, 32, 323, 3333, 1
0, 4732, 73, 89, 83, 14307825, 12679069, 0.3, 50, 200, 64, 2479, 3333, 1
0, 4785, 65, 81, 75, 6960426, 6044525, 0.3, 50, 200, 32, 492, 3333, 1
0, 4778, 78, 92, 83, 7040058, 6132394, 0.3, 50, 200, 32, 463, 3333, 1
0, 4645, 66, 91, 80, 6835584, 5903154, 0.3, 50, 200, 32, 475, 3333, 1
0, 4083, 64, 75, 68, 5870868, 5109701, 0.3, 50, 200, 32, 375, 3333, 1
0, 5220, 81, 94, 91, 7837813, 6835519, 0.3, 50, 200, 32, 503, 3333, 1
0, 5637, 61, 93, 75, 8010499, 6915041, 0.3, 50, 200, 32, 582, 3333, 1
0, 4246, 77, 95, 80, 6201273, 5616477, 0.3, 50, 200, 32, 380, 3333, 1
0, 4737, 82, 98, 91, 6672008, 5962948, 0.3, 50, 200, 32, 498, 3333, 1
0, 4611, 75, 91, 84, 6903640, 6068672, 0.3, 50, 200, 32, 510, 3333, 1
0, 5223, 57, 81, 70, 7674976, 6587214, 0.3, 50, 200, 32, 595, 3333, 1
0, 4109, 82, 92, 87, 6322222, 5614610, 0.3, 50, 200, 32, 422, 3333, 1
0, 4647, 60, 78, 66, 6984823, 6056422, 0.3, 50, 200, 32, 480, 3333, 1
0, 4647, 81, 92, 84, 7120635, 6322311, 0.3, 50, 200, 32, 507, 3333, 1
0, 5179, 65, 80, 72, 7624639, 6627990, 0.3, 50, 200, 32, 507, 3333, 1
0, 4902, 68, 97, 81, 14088534, 11981017, 0.3, 50, 200, 64, 2796, 3333, 1
0, 4240, 76, 99, 87, 6352759, 5656820, 0.3, 50, 200, 32, 443, 3333, 1
0, 3734, 58, 63, 59, 6022226, 5069856, 0.3, 50, 200, 32, 378, 3333, 1
0, 4990, 64, 81, 71, 7079779, 6176451, 0.3, 50, 200, 32, 508, 3333, 1
0, 4558, 69, 86, 75, 6900120, 6094256, 0.3, 50, 200, 32, 423, 3333, 1
1, 3470, 68, 69, 69, 5300088, 5288670, 0.3, 50, 200, 32, 341, 3333, 1
0, 5009, 65, 89, 73, 7815893, 6750810, 0.3, 50, 200, 32, 532, 3333, 1
0, 4860, 81, 100, 89, 6970482, 6032100, 0.3, 50, 200, 32, 499, 3333, 1
0, 4732, 80, 96, 91, 6785208, 6140171, 0.3, 50, 200, 32, 463, 3333, 1
0, 4584, 77, 89, 86, 6470001, 5732580, 0.3, 50, 200, 32, 489, 3333, 1
0, 4857, 57, 74, 63, 6979801, 5904700, 0.3, 50, 200, 32, 490, 3333, 1
0, 5269, 70, 92, 83, 7412572, 6532705, 0.3, 50, 200, 32, 509, 3333, 1
0, 4929, 63, 80, 73, 6933515, 6068084, 0.3, 50, 200, 32, 526, 3333, 1
0, 4993, 58, 83, 74, 7417868, 6311588, 0.3, 50, 200, 32, 537, 3333, 1
0, 4792, 68, 83, 76, 6893270, 6057943, 0.3, 50, 200, 32, 486, 3333, 1
0, 5005, 69, 103, 84, 7241333, 6385232, 0.3, 50, 200, 32, 525, 3333, 1
0, 3732, 74, 82, 75, 11736501, 10469962, 0.3, 50, 200, 64, 1941, 3333, 1
0, 4804, 75, 97, 82, 7242096, 6326430, 0.3, 50, 200, 32, 490, 3333, 1
0, 4391, 70, 91, 78, 6561239, 5801688, 0.3, 50, 200, 32, 410, 3333, 1
0, 4532, 67, 84, 73, 6933507, 5987556, 0.3, 50, 200, 32, 506, 3333, 1
0, 4675, 66, 73, 72, 7119538, 6130651, 0.3, 50, 200, 32, 499, 3333, 1
0, 4543, 77, 90, 85, 6796905, 5959930, 0.3, 50, 200, 32, 492, 3333, 1
0, 4926, 85, 101, 91, 7336736, 6616627, 0.3, 50, 200, 32, 536, 3333, 1
0, 4732, 73, 95, 82, 7104528, 6299799, 0.3, 50, 200, 32, 496, 3333, 1
0, 5512, 79, 105, 96, 8029453, 7158595, 0.3, 50, 200, 32, 557, 3333, 1
0, 4905, 78, 95, 85, 7140241, 6434792, 0.3, 50, 200, 32, 517, 3333, 1
0, 4863, 60, 84, 74, 7120699, 6135646, 0.3, 50, 200, 32, 533, 3333, 1
0, 4390, 57, 77, 61, 6541670, 5473772, 0.3, 50, 200, 32, 457, 3333, 1
0, 4972, 72, 101, 87, 7677158, 6659893, 0.3, 50, 200, 32, 493, 3333, 1
0, 5180, 68, 88, 78, 7279876, 6408819, 0.3, 50, 200, 32, 532, 3333, 1
0, 5113, 84, 96, 87, 7739756, 6970254, 0.3, 50, 200, 32, 542, 3333, 1
0, 4130, 91, 101, 100, 6281958, 5683326, 0.3, 50, 200, 32, 390, 3333, 1
0, 4661, 77, 93, 83, 7071835, 6110242, 0.3, 50, 200, 32, 486, 3333, 1
0, 4607, 64, 86, 72, 13701778, 11898819, 0.3, 50, 200, 64, 2597, 3333, 1
1, 3544, 72, 73, 73, 5385583, 5371641, 0.3, 50, 200, 32, 353, 3333, 1
0, 4940, 74, 96, 83, 7253435, 6301552, 0.3, 50, 200, 32, 487, 3333, 1
0, 4954, 75, 85, 86, 14479286, 12744507, 0.3, 50, 200, 64, 2682, 3333, 1
0, 4825, 68, 87, 74, 7581676, 6586914, 0.3, 50, 200, 32, 463, 3333, 1
0, 4628, 68, 81, 77, 6828386, 6060530, 0.3, 50, 200, 32, 513, 3333, 1
0, 4753, 82, 90, 86, 7263234, 6453466, 0.3, 50, 200, 32, 466, 3333, 1
0, 4923, 58, 85, 75, 14418688, 12471349, 0.3, 50, 200, 64, 2613, 3333, 1
0, 4664, 71, 92, 78, 6846297, 5974924, 0.3, 50, 200, 32, 421, 3333, 1
0, 4854, 70, 83, 77, 6959686, 5766340, 0.3, 50, 200, 32, 504, 3333, 1
0, 4707, 85, 104, 96, 7135000, 6406710, 0.3, 50, 200, 32, 467, 3333, 1
0, 4623, 72, 90, 87, 6770608, 6003367, 0.3, 50, 200, 32, 443, 3333, 1
0, 5028, 70, 93, 79, 7409801, 6442033, 0.3, 50, 200, 32, 504, 3333, 1
0, 4801, 56, 73, 64, 7040664, 5918008, 0.3, 50, 200, 32, 462, 3333, 1
0, 4372, 75, 91, 79, 6324267, 5661244, 0.3, 50, 200, 32, 448, 3333, 1
0, 4611, 67, 83, 77, 6554075, 5713612, 0.3, 50, 200, 32, 497, 3333, 1
0, 4650, 67, 86, 72, 6538575, 5658300, 0.3, 50, 200, 32, 478, 3333, 1
0, 5239, 63, 88, 81, 7189235, 6237184, 0.3, 50, 200, 32, 558, 3333, 1
0, 4339, 81, 94, 85, 6778143, 6090911, 0.3, 50, 200, 32, 413, 3333, 1
0, 4964, 78, 93, 88, 7354599, 6565132, 0.3, 50, 200, 32, 499, 3333, 1
0, 4750, 69, 89, 74, 7439343, 6406047, 0.3, 50, 200, 32, 507, 3333, 1
0, 4334, 69, 77, 74, 6538525, 5769513, 0.3, 50, 200, 32, 427, 3333, 1
0, 4980, 64, 87, 77, 7399216, 6377372, 0.3, 50, 200, 32, 504, 3333, 1
0, 4985, 59, 83, 70, 7467538, 6327971, 0.3, 50, 200, 32, 551, 3333, 1
0, 4112, 79, 95, 85, 6023459, 5344545, 0.3, 50, 200, 32, 396, 3333, 1
0, 4913, 77, 100, 90, 6967997, 6010091, 0.3, 50, 200, 32, 509, 3333, 1
0, 4959, 83, 109, 96, 7275896, 6614746, 0.3, 50, 200, 32, 517, 3333, 1
0, 5067, 69, 89, 86, 6875470, 5967580, 0.3, 50, 200, 32, 523, 3333, 1
0, 4912, 68, 92, 87, 6912584, 6090588, 0.3, 50, 200, 32, 454, 3333, 1
0, 5321, 69, 96, 83, 7700237, 6736752, 0.3, 50, 200, 32, 516, 3333, 1
0, 4333, 69, 81, 77, 6365673, 5655813, 0.3, 50, 200, 32, 411, 3333, 1
0, 4356, 68, 84, 75, 6626685, 5790151, 0.3, 50, 200, 32, 432, 3333, 1
0, 4660, 60, 76, 65, 6640057, 5759726, 0.3, 50, 200, 32, 452, 3333, 1
0, 4533, 85, 103, 95, 6913581, 6202233, 0.3, 50, 200, 32, 476, 3333, 1
0, 4929, 73, 94, 82, 7558002, 6763256, 0.3, 50, 200, 32, 467, 3333, 1
0, 4735, 83, 110, 99, 7163351, 6446513, 0.3, 50, 200, 32, 426, 3333, 1
0, 5126, 66, 88, 79, 7118728, 6224963, 0.3, 50, 200, 32, 511, 3333, 1
0, 4442, 68, 86, 75, 6494499, 5668200, 0.3, 50, 200, 32, 370, 3333, 1
0, 4747, 73, 82, 79, 7105024, 6286943, 0.3, 50, 200, 32, 490, 3333, 1
1, 3380, 67, 68, 69, 5410592, 5413162, 0.3, 50, 200, 32, 310, 3333, 1
0, 4405, 81, 92, 85, 6422710, 5836791, 0.3, 50, 200, 32, 419, 3333, 1
1, 3734, 76, 77, 78, 5855494, 5834965, 0.3, 50, 200, 32, 373, 3333, 1
0, 4949, 58, 82, 74, 7146620, 6187573, 0.3, 50, 200, 32, 476, 3333, 1
0, 4584, 62, 76, 72, 6770094, 5883744, 0.3, 50, 200, 32, 468, 3333, 1
0, 4534, 75, 96, 87, 6973662, 6126435, 0.3, 50, 200, 32, 442, 3333, 1
0, 4592, 67, 90, 78, 6897975, 6103301, 0.3, 50, 200, 32, 464, 3333, 1
0, 4355, 63, 87, 70, 6438708, 5623972, 0.3, 50, 200, 32, 400, 3333, 1
1, 3367, 72, 73, 73, 3812319, 3767977, 0.3, 50, 200, 23, 150, 3333, 1
0, 4285, 67, 81, 70, 6562564, 5668866, 0.3, 50, 200, 32, 350, 3333, 1
1, 3420, 69, 70, 70, 5200409, 5135997, 0.3, 50, 200, 32, 288, 3333, 1
0, 4797, 78, 97, 89, 5289907, 4630719, 0.3, 50, 200, 23, 232, 3333, 1
0, 4563, 72, 88, 80, 6891486, 5974585, 0.3, 50, 200, 32, 444, 3333, 1
1, 3566, 82, 83, 83, 4125182, 4125182, 0.3, 50, 200, 23, 169, 3333, 1
0, 5122, 63, 85, 77, 5863493, 5119036, 0.3, 50, 200, 23, 257, 3333, 1
0, 4319, 68, 87, 75, 7079956, 6195175, 0.3, 50, 200, 32, 496, 3333, 1
1, 3600, 72, 73, 73, 4058025, 3941485, 0.3, 50, 200, 23, 161, 3333, 1
0, 4736, 77, 96, 84, 7235736, 6406596, 0.3, 50, 200, 32, 529, 3333, 1
1, 3450, 74, 75, 76, 3973436, 3976054, 0.3, 50, 200, 23, 196, 3333, 1
1, 3409, 67, 68, 70, 3889240, 3876330, 0.3, 50, 200, 23, 172, 3333, 1
0, 5039, 65, 87, 74, 5551281, 4782224, 0.3, 50, 200, 23, 264, 3333, 1
0, 4344, 64, 81, 69, 4628978, 4007704, 0.3, 50, 200, 23, 213, 3333, 1
0, 5164, 69, 96, 84, 7337836, 6407115, 0.3, 50, 200, 32, 544, 3333, 1
0, 5199, 70, 89, 77, 7446702, 6508477, 0.3, 50, 200, 32, 506, 3333, 1
0, 5188, 51, 78, 63, 5218006, 4440692, 0.3, 50, 200, 23, 256, 3333, 1
0, 5505, 63, 89, 71, 5543919, 4778660, 0.3, 50, 200, 23, 266, 3333, 1
0, 5043, 75, 96, 91, 5241512, 4672236, 0.3, 50, 200, 23, 246, 3333, 1
0, 4973, 58, 77, 74, 7208403, 6194254, 0.3, 50, 200, 32, 542, 3333, 1
0, 4093, 64, 80, 68, 4466729, 3902943, 0.3, 50, 200, 23, 191, 3333, 1
0, 4722, 71, 87, 80, 5393772, 4769513, 0.3, 50, 200, 23, 248, 3333, 1
0, 4405, 74, 87, 85, 4767560, 4262731, 0.3, 50, 200, 23, 224, 3333, 1
0, 4713, 70, 91, 78, 4678637, 4119016, 0.3, 50, 200, 23, 229, 3333, 1
0, 4454, 72, 94, 81, 4861908, 4329281, 0.3, 50, 200, 23, 228, 3333, 1
0, 4456, 74, 91, 82, 4722704, 4170464, 0.3, 50, 200, 23, 243, 3333, 1
0, 4477, 69, 79, 74, 4735818, 4116308, 0.3, 50, 200, 23, 196, 3333, 1
0, 4963, 69, 91, 77, 5375681, 4674884, 0.3, 50, 200, 23, 263, 3333, 1
0, 4989, 82, 91, 88, 5394536, 4841945, 0.3, 50, 200, 23, 268, 3333, 1
1, 3385, 72, 73, 73, 3931192, 3892166, 0.3, 50, 200, 23, 171, 3333, 1
0, 5111, 68, 89, 74, 5400293, 4712281, 0.3, 50, 200, 23, 260, 3333, 1
0, 5037, 58, 84, 71, 5286386, 4567085, 0.3, 50, 200, 23, 242, 3333, 1
0, 4669, 70, 83, 73, 4929769, 4290874, 0.3, 50, 200, 23, 231, 3333, 1
0, 4911, 66, 80, 72, 5476208, 4739462, 0.3, 50, 200, 23, 270, 3333, 1
0, 4502, 69, 83, 75, 4563987, 4000916, 0.3, 50, 200, 23, 232, 3333, 1
0, 4762, 65, 81, 76, 4967869, 4275138, 0.3, 50, 200, 23, 232, 3333, 1
1, 3902, 76, 77, 77, 4312378, 4299496, 0.3, 50, 200, 23, 196, 3333, 1
0, 4881, 75, 94, 89, 5001661, 4407691, 0.3, 50, 200, 23, 239, 3333, 1
1, 3701, 68, 69, 70, 4148079, 4156630, 0.3, 50, 200, 23, 186, 3333, 1
0, 4344, 73, 89, 85, 4644909, 4120256, 0.3, 50, 200, 23, 238, 3333, 1
0, 4557, 70, 85, 82, 5003996, 4353042, 0.3, 50, 200, 23, 248, 3333, 1
0, 4487, 66, 78, 71, 4763558, 4114429, 0.3, 50, 200, 23, 224, 3333, 1
0, 4675, 73, 90, 83, 4778956, 4204730, 0.3, 50, 200, 23, 244, 3333, 1
0, 4264, 68, 79, 73, 4662087, 4097715, 0.3, 50, 200, 23, 204, 3333, 1
0, 4896, 61, 83, 71, 4916188, 4179491, 0.3, 50, 200, 23, 250, 3333, 1
0, 4534, 70, 95, 80, 4870759, 4269048, 0.3, 50, 200, 23, 210, 3333, 1
0, 4229, 90, 102, 97, 4564786, 4175571, 0.3, 50, 200, 23, 214, 3333, 1
0, 4376, 76, 93, 84, 4642261, 4085945, 0.3, 50, 200, 23, 199, 3333, 1
0, 4789, 72, 84, 82, 5215567, 4623176, 0.3, 50, 200, 23, 245, 3333, 1
0, 4474, 72, 89, 81, 5062902, 4460775, 0.3, 50, 200, 23, 254, 3333, 1
0, 4466, 74, 97, 79, 4915682, 4276841, 0.3, 50, 200, 23, 246, 3333, 1
0, 4631, 67, 82, 76, 4786750, 4195751, 0.3, 50, 200, 23, 230, 3333, 1
0, 4397, 72, 86, 77, 4667716, 4140018, 0.3, 50, 200, 23, 227, 3333, 1
0, 4570, 72, 81, 82, 4960167, 4337575, 0.3, 50, 200, 23, 229, 3333, 1
0, 4836, 75, 95, 80, 5421346, 4747700, 0.3, 50, 200, 23, 257, 3333, 1
1, 3401, 71, 72, 73, 3916773, 3916209, 0.3, 50, 200, 23, 167, 3333, 1
0, 5065, 76, 94, 82, 5414831, 4827404, 0.3, 50, 200, 23, 239, 3333, 1
0, 4964, 69, 82, 77, 5226513, 4501939, 0.3, 50, 200, 23, 253, 3333, 1
0, 4546, 68, 82, 76, 4870162, 4285719, 0.3, 50, 200, 23, 240, 3333, 1
0, 5213, 69, 84, 78, 5333154, 4708731, 0.3, 50, 200, 23, 250, 3333, 1
0, 4884, 67, 90, 75, 5332771, 4640405, 0.3, 50, 200, 23, 259, 3333, 1
0, 4809, 74, 90, 85, 5035483, 4408577, 0.3, 50, 200, 23, 234, 3333, 1
0, 4937, 63, 89, 71, 5360390, 4601066, 0.3, 50, 200, 23, 263, 3333, 1
1, 3638, 69, 71, 70, 4108429, 4076318, 0.3, 50, 200, 23, 169, 3333, 1
1, 3733, 54, 55, 55, 4236069, 4220471, 0.3, 50, 200, 23, 199, 3333, 1
0, 4794, 63, 90, 74, 5008544, 4304229, 0.3, 50, 200, 23, 240, 3333, 1
0, 5159, 56, 76, 67, 5102739, 4435548, 0.3, 50, 200, 23, 275, 3333, 1
0, 4845, 67, 83, 74, 5440032, 4677210, 0.3, 50, 200, 23, 264, 3333, 1
0, 4869, 71, 85, 79, 5599259, 4897942, 0.3, 50, 200, 23, 226, 3333, 1
1, 3678, 78, 79, 79, 4171388, 4149461, 0.3, 50, 200, 23, 182, 3333, 1
0, 4443, 76, 87, 82, 4715394, 4090921, 0.3, 50, 200, 23, 219, 3333, 1
0, 4529, 66, 79, 71, 4732176, 4063704, 0.3, 50, 200, 23, 224, 3333, 1
0, 4870, 64, 83, 77, 4958944, 4312454, 0.3, 50, 200, 23, 241, 3333, 1
0, 4437, 65, 73, 68, 4692875, 4048565, 0.3, 50, 200, 23, 232, 3333, 1
0, 4797, 67, 96, 77, 5009111, 4292445, 0.3, 50, 200, 23, 227, 3333, 1
0, 3998, 73, 81, 74, 4289037, 3762327, 0.3, 50, 200, 23, 199, 3333, 1
0, 4726, 77, 99, 85, 5241902, 4693879, 0.3, 50, 200, 23, 258, 3333, 1
0, 4806, 68, 91, 74, 5082487, 4467983, 0.3, 50, 200, 23, 247, 3333, 1
0, 4824, 69, 85, 79, 4862051, 4287274, 0.3, 50, 200, 23, 261, 3333, 1
0, 4627, 74, 86, 82, 4867850, 4327055, 0.3, 50, 200, 23, 232, 3333, 1
0, 4658, 75, 82, 77, 5178604, 4552083, 0.3, 50, 200, 23, 235, 3333, 1
0, 5041, 77, 98, 85, 5128756, 4544492, 0.3, 50, 200, 23, 267, 3333, 1
1, 3744, 72, 73, 73, 4149606, 4086714, 0.3, 50, 200, 23, 187, 3333, 1
0, 4528, 71, 93, 85, 5248179, 4602644, 0.3, 50, 200, 23, 229, 3333, 1
1, 3618, 61, 62, 62, 4037849, 4036475, 0.3, 50, 200, 23, 153, 3333, 1
0, 4762, 67, 90, 77, 5413414, 4746187, 0.3, 50, 200, 23, 244, 3333, 1
1, 3389, 66, 67, 67, 3873596, 3824692, 0.3, 50, 200, 23, 172, 3333, 1
1, 3401, 71, 72, 73, 3836469, 3838163, 0.3, 50, 200, 23, 181, 3333, 1
0, 4964, 79, 96, 90, 4843392, 4372282, 0.3, 50, 200, 23, 249, 3333, 1
0, 4593, 72, 89, 76, 5048658, 4446171, 0.3, 50, 200, 23, 244, 3333, 1
0, 4841, 74, 91, 81, 5021712, 4294374, 0.3, 50, 200, 23, 241, 3333, 1
0, 4966, 59, 81, 69, 5128988, 4375370, 0.3, 50, 200, 23, 267, 3333, 1
0, 5006, 78, 94, 89, 5401508, 4781863, 0.3, 50, 200, 23, 249, 3333, 1
0, 4949, 67, 87, 78, 5214091, 4528009, 0.3, 50, 200, 23, 248, 3333, 1
0, 5035, 66, 82, 85, 5313299, 4642944, 0.3, 50, 200, 23, 276, 3333, 1
0, 4515, 73, 90, 83, 4603544, 4045040, 0.3, 50, 200, 23, 209, 3333, 1
0, 4693, 70, 84, 77, 4869827, 4281771, 0.3, 50, 200, 23, 252, 3333, 1
0, 4811, 63, 84, 76, 4937351, 4278685, 0.3, 50, 200, 23, 243, 3333, 1
0, 4504, 67, 84, 76, 4697060, 4099728, 0.3, 50, 200, 23, 252, 3333, 1
0, 4707, 71, 93, 81, 4954024, 4403583, 0.3, 50, 200, 23, 246, 3333, 1
0, 4660, 65, 83, 74, 4705618, 4079013, 0.3, 50, 200, 23, 244, 3333, 1
0, 4651, 68, 92, 85, 3332523, 2948996, 0.3, 50, 200, 16, 110, 3333, 1
0, 4640, 61, 87, 68, 4920631, 4163548, 0.3, 50, 200, 23, 268, 3333, 1
1, 3410, 67, 68, 68, 2762810, 2734479, 0.3, 50, 200, 16, 89, 3333, 1
0, 4915, 69, 91, 78, 3689403, 3204939, 0.3, 50, 200, 16, 127, 3333, 1
0, 4769, 64, 98, 74, 5230792, 4518015, 0.3, 50, 200, 23, 287, 3333, 1
1, 3422, 70, 71, 71, 3707687, 3646567, 0.3, 50, 200, 23, 166, 3333, 1
0, 4985, 71, 89, 82, 3539045, 3092902, 0.3, 50, 200, 16, 129, 3333, 1
0, 4812, 88, 101, 96, 5220187, 4737398, 0.3, 50, 200, 23, 250, 3333, 1
0, 4344, 71, 81, 77, 3570525, 3125714, 0.3, 50, 200, 16, 109, 3333, 1
0, 4432, 67, 77, 69, 4859511, 4285631, 0.3, 50, 200, 23, 216, 3333, 1
1, 3714, 77, 78, 78, 2822950, 2709274, 0.3, 50, 200, 16, 102, 3333, 1
0, 4413, 76, 99, 88, 3415874, 3087366, 0.3, 50, 200, 16, 106, 3333, 1
0, 5053, 73, 92, 84, 5177034, 4609157, 0.3, 50, 200, 23, 252, 3333, 1
0, 4826, 68, 82, 73, 3512001, 3083862, 0.3, 50, 200, 16, 121, 3333, 1
0, 4655, 64, 80, 75, 3544351, 3061282, 0.3, 50, 200, 16, 110, 3333, 1
0, 4642, 70, 87, 82, 4847530, 4192338, 0.3, 50, 200, 23, 258, 3333, 1
0, 4484, 62, 81, 73, 3252543, 2868656, 0.3, 50, 200, 16, 112, 3333, 1
0, 5380, 62, 93, 75, 3840707, 3349685, 0.3, 50, 200, 16, 148, 3333, 1
1, 3566, 64, 65, 65, 2975749, 2901655, 0.3, 50, 200, 16, 107, 3333, 1
0, 4882, 72, 98, 84, 3799771, 3327538, 0.3, 50, 200, 16, 128, 3333, 1
0, 4948, 57, 77, 65, 3704507, 3195267, 0.3, 50, 200, 16, 129, 3333, 1
0, 4150, 74, 83, 78, 3166351, 2823328, 0.3, 50, 200, 16, 106, 3333, 1
0, 5037, 66, 91, 78, 3737166, 3281739, 0.3, 50, 200, 16, 123, 3333, 1
0, 4925, 79, 90, 80, 3711982, 3197672, 0.3, 50, 200, 16, 127, 3333, 1
0, 4613, 76, 91, 84, 3398907, 3007052, 0.3, 50, 200, 16, 125, 3333, 1
1, 3403, 60, 61, 61, 2521157, 2452592, 0.3, 50, 200, 16, 72, 3333, 1
0, 4706, 70, 92, 79, 3620288, 3185516, 0.3, 50, 200, 16, 108, 3333, 1
0, 4563, 69, 84, 76, 3436161, 3004054, 0.3, 50, 200, 16, 112, 3333, 1
0, 4832, 62, 85, 72, 3787387, 3238346, 0.3, 50, 200, 16, 115, 3333, 1
0, 5095, 57, 82, 63, 3716008, 3188253, 0.3, 50, 200, 16, 132, 3333, 1
0, 4710, 76, 92, 82, 3494102, 3130885, 0.3, 50, 200, 16, 129, 3333, 1
0, 5087, 60, 86, 74, 3564972, 3016818, 0.3, 50, 200, 16, 124, 3333, 1
0, 4030, 57, 68, 59, 2947537, 2481141, 0.3, 50, 200, 16, 94, 3333, 1
0, 4542, 75, 88, 80, 3306719, 2893235, 0.3, 50, 200, 16, 120, 3333, 1
0, 4793, 74, 106, 86, 3433707, 2990629, 0.3, 50, 200, 16, 119, 3333, 1
0, 4972, 64, 84, 73, 3638903, 3125728, 0.3, 50, 200, 16, 116, 3333, 1
0, 4797, 61, 74, 69, 3655471, 3191207, 0.3, 50, 200, 16, 112, 3333, 1
0, 4742, 72, 92, 87, 3595489, 3159338, 0.3, 50, 200, 16, 100, 3333, 1
1, 3647, 71, 72, 72, 2960368, 2960368, 0.3, 50, 200, 16, 84, 3333, 1
0, 4650, 76, 98, 87, 3305245, 2949282, 0.3, 50, 200, 16, 109, 3333, 1
1, 3409, 74, 75, 75, 2759762, 2726866, 0.3, 50, 200, 16, 69, 3333, 1
0, 4785, 81, 94, 87, 3521399, 3093186, 0.3, 50, 200, 16, 113, 3333, 1
0, 5080, 68, 84, 78, 3449596, 3054066, 0.3, 50, 200, 16, 133, 3333, 1
0, 4753, 72, 93, 80, 3301447, 2947917, 0.3, 50, 200, 16, 129, 3333, 1
0, 4397, 62, 77, 72, 3491584, 3028274, 0.3, 50, 200, 16, 111, 3333, 1
0, 5681, 66, 97, 80, 4150754, 3643295, 0.3, 50, 200, 16, 152, 3333, 1
0, 4935, 70, 85, 81, 3580484, 3141658, 0.3, 50, 200, 16, 117, 3333, 1
1, 3438, 78, 79, 79, 2713085, 2713085, 0.3, 50, 200, 16, 85, 3333, 1
0, 4358, 76, 90, 85, 3221294, 2840087, 0.3, 50, 200, 16, 97, 3333, 1
0, 4956, 73, 95, 85, 3570768, 3110900, 0.3, 50, 200, 16, 117, 3333, 1
0, 4488, 79, 101, 86, 3181868, 2829532, 0.3, 50, 200, 16, 112, 3333, 1
0, 4713, 60, 81, 72, 3400105, 2937922, 0.3, 50, 200, 16, 110, 3333, 1
0, 4409, 67, 85, 77, 3290108, 2873439, 0.3, 50, 200, 16, 102, 3333, 1
1, 3538, 62, 63, 64, 2854010, 2856941, 0.3, 50, 200, 16, 83, 3333, 1
0, 4937, 65, 85, 80, 3494631, 3059441, 0.3, 50, 200, 16, 120, 3333, 1
0, 4464, 68, 81, 74, 3229181, 2813669, 0.3, 50, 200, 16, 121, 3333, 1
0, 4241, 72, 83, 76, 3217402, 2814351, 0.3, 50, 200, 16, 125, 3333, 1
0, 4890, 64, 81, 75, 3628587, 3140030, 0.3, 50, 200, 16, 116, 3333, 1
0, 4787, 70, 92, 81, 3344463, 2895401, 0.3, 50, 200, 16, 128, 3333, 1
0, 4515, 65, 79, 74, 3253255, 2835931, 0.3, 50, 200, 16, 119, 3333, 1
0, 4450, 83, 93, 89, 3355789, 3080377, 0.3, 50, 200, 16, 108, 3333, 1
0, 5276, 71, 93, 82, 3875996, 3417971, 0.3, 50, 200, 16, 135, 3333, 1
0, 4781, 71, 90, 77, 3492823, 3082766, 0.3, 50, 200, 16, 128, 3333, 1
0, 5045, 61, 81, 79, 3914387, 3369761, 0.3, 50, 200, 16, 148, 3333, 1
0, 5039, 71, 89, 81, 3553421, 3109477, 0.3, 50, 200, 16, 124, 3333, 1
1, 3624, 67, 68, 69, 2888577, 2888181, 0.3, 50, 200, 16, 105, 3333, 1
0, 4862, 73, 90, 83, 3631834, 3284350, 0.3, 50, 200, 16, 124, 3333, 1
0, 4593, 72, 93, 79, 3397914, 2987131, 0.3, 50, 200, 16, 118, 3333, 1
0, 5544, 71, 94, 85, 3768106, 3288249, 0.3, 50, 200, 16, 146, 3333, 1
0, 5248, 62, 84, 79, 3874006, 3378022, 0.3, 50, 200, 16, 152, 3333, 1
0, 4714, 74, 84, 80, 3382960, 2996856, 0.3, 50, 200, 16, 138, 3333, 1
0, 4820, 72, 97, 82, 3465855, 3054884, 0.3, 50, 200, 16, 111, 3333, 1
0, 4378, 74, 90, 79, 3394396, 2979289, 0.3, 50, 200, 16, 107, 3333, 1
0, 4905, 78, 102, 89, 3663227, 3243138, 0.3, 50, 200, 16, 115, 3333, 1
1, 3440, 62, 63, 63, 2786595, 2784236, 0.3, 50, 200, 16, 77, 3333, 1
0, 4570, 61, 79, 67, 3569155, 3071817, 0.3, 50, 200, 16, 114, 3333, 1
0, 4517, 67, 85, 71, 3343961, 2919541, 0.3, 50, 200, 16, 110, 3333, 1
0, 4376, 66, 89, 68, 3318335, 2806198, 0.3, 50, 200, 16, 119, 3333, 1
0, 4507, 62, 77, 68, 3183359, 2760649, 0.3, 50, 200, 16, 107, 3333, 1
0, 4783, 74, 93, 85, 3518699, 3126813, 0.3, 50, 200, 16, 114, 3333, 1
0, 4671, 78, 93, 91, 3381456, 3054312, 0.3, 50, 200, 16, 119, 3333, 1
0, 4842, 69, 92, 85, 3555250, 3143001, 0.3, 50, 200, 16, 124, 3333, 1
1, 3557, 76, 77, 78, 2948519, 2950845, 0.3, 50, 200, 16, 92, 3333, 1
1, 3578, 64, 65, 66, 2992984, 2995436, 0.3, 50, 200, 16, 95, 3333, 1
0, 4888, 68, 85, 77, 3664472, 3207605, 0.3, 50, 200, 16, 123, 3333, 1
1, 3527, 69, 70, 70, 2838927, 2673776, 0.3, 50, 200, 16, 86, 3333, 1
1, 3837, 64, 65, 65, 3035742, 2981819, 0.3, 50, 200, 16, 84, 3333, 1
0, 4666, 73, 83, 83, 3585247, 3136413, 0.3, 50, 200, 16, 127, 3333, 1
0, 4253, 73, 95, 80, 3187917, 2852568, 0.3, 50, 200, 16, 100, 3333, 1
0, 5167, 90, 104, 101, 3833773, 3462128, 0.3, 50, 200, 16, 113, 3333, 1
0, 5057, 67, 78, 77, 3661620, 3141968, 0.3, 50, 200, 16, 126, 3333, 1
0, 4798, 79, 92, 86, 3544693, 3150218, 0.3, 50, 200, 16, 131, 3333, 1
0, 4280, 78, 96, 85, 3241094, 2789671, 0.3, 50, 200, 16, 100, 3333, 1
0, 4794, 70, 86, 78, 3439925, 2975512, 0.3, 50, 200, 16, 121, 3333, 1
0, 4980, 65, 82, 75, 3685111, 3227530, 0.3, 50, 200, 16, 140, 3333, 1
0, 4850, 77, 102, 93, 3402865, 3012590, 0.3, 50, 200, 16, 120, 3333, 1
1, 3668, 80, 81, 81, 3006106, 2907012, 0.3, 50, 200, 16, 94, 3333, 1
0, 4448, 75, 87, 84, 3101170, 2744730, 0.3, 50, 200, 16, 112, 3333, 1
0, 4786, 67, 75, 75, 3447086, 3046178, 0.3, 50, 200, 16, 135, 3333, 1
0, 5060, 76, 95, 89, 3887482, 3392418, 0.3, 50, 200, 16, 133, 3333, 1
1, 3814, 93, 94, 96, 1989953, 1991271, 0.3, 50, 200, 11, 47, 3333, 1
0, 4944, 71, 87, 85, 2357075, 2053379, 0.3, 50, 200, 11, 62, 3333, 1
0, 4529, 82, 93, 90, 2547830, 2309273, 0.3, 50, 200, 11, 49, 3333, 1
0, 4974, 76, 92, 86, 3695874, 3291822, 0.3, 50, 200, 16, 112, 3333, 1
0, 4915, 82, 102, 92, 2501386, 2237300, 0.3, 50, 200, 11, 56, 3333, 1
1, 3486, 78, 79, 79, 1930713, 1902934, 0.3, 50, 200, 11, 44, 3333, 1
0, 5295, 51, 69, 66, 3888306, 3319579, 0.3, 50, 200, 16, 134, 3333, 1
0, 4199, 79, 90, 90, 2215318, 2010868, 0.3, 50, 200, 11, 48, 3333, 1
1, 3614, 81, 82, 82, 3174591, 3152125, 0.3, 50, 200, 16, 97, 3333, 1
0, 4234, 66, 78, 78, 3095682, 2725014, 0.3, 50, 200, 16, 125, 3333, 1
0, 4817, 70, 83, 71, 3789351, 3222717, 0.3, 50, 200, 16, 129, 3333, 1
0, 5048, 60, 87, 73, 2476009, 2125558, 0.3, 50, 200, 11, 70, 3333, 1
0, 4562, 66, 80, 69, 2238025, 1882892, 0.3, 50, 200, 11, 59, 3333, 1
0, 5148, 76, 103, 88, 2676304, 2423224, 0.3, 50, 200, 11, 59, 3333, 1
1, 3466, 64, 65, 66, 1852612, 1838054, 0.3, 50, 200, 11, 42, 3333, 1
1, 3814, 74, 75, 75, 2194705, 2093033, 0.3, 50, 200, 11, 47, 3333, 1
0, 4709, 66, 89, 75, 3434544, 3008419, 0.3, 50, 200, 16, 125, 3333, 1
1, 3751, 72, 79, 75, 2007660, 1975291, 0.3, 50, 200, 11, 49, 3333, 1
0, 4820, 71, 95, 80, 3401895, 2985539, 0.3, 50, 200, 16, 125, 3333, 1
0, 4382, 66, 78, 70, 2458670, 2130784, 0.3, 50, 200, 11, 59, 3333, 1
1, 3584, 60, 61, 62, 2041341, 2038585, 0.3, 50, 200, 11, 45, 3333, 1
1, 3527, 70, 71, 71, 1730381, 1730381, 0.3, 50, 200, 11, 46, 3333, 1
0, 4637, 72, 91, 85, 2449398, 2172279, 0.3, 50, 200, 11, 58, 3333, 1
0, 4708, 67, 87, 76, 2547847, 2243887, 0.3, 50, 200, 11, 56, 3333, 1
0, 5040, 89, 103, 94, 2593457, 2323695, 0.3, 50, 200, 11, 69, 3333, 1
0, 4791, 72, 88, 80, 2462856, 2207374, 0.3, 50, 200, 11, 52, 3333, 1
0, 4768, 68, 95, 80, 2350870, 2058219, 0.3, 50, 200, 11, 63, 3333, 1
0, 5769, 77, 103, 90, 3182806, 2791917, 0.3, 50, 200, 11, 82, 3333, 1
0, 4964, 81, 93, 87, 2726576, 2442410, 0.3, 50, 200, 11, 62, 3333, 1
0, 4956, 80, 90, 84, 2477678, 2188605, 0.3, 50, 200, 11, 64, 3333, 1
0, 4843, 76, 88, 82, 2495267, 2205550, 0.3, 50, 200, 11, 69, 3333, 1
1, 3389, 62, 63, 63, 1862401, 1834552, 0.3, 50, 200, 11, 42, 3333, 1
0, 4867, 67, 88, 75, 2431768, 2104294, 0.3, 50, 200, 11, 56, 3333, 1
0, 4736, 81, 103, 91, 2485293, 2229561, 0.3, 50, 200, 11, 61, 3333, 1
0, 4820, 79, 88, 89, 2457674, 2144200, 0.3, 50, 200, 11, 62, 3333, 1
0, 4896, 64, 76, 74, 2507058, 2169621, 0.3, 50, 200, 11, 63, 3333, 1
0, 4426, 69, 83, 74, 2395246, 2051184, 0.3, 50, 200, 11, 59, 3333, 1
0, 4925, 63, 84, 69, 2543613, 2208037, 0.3, 50, 200, 11, 65, 3333, 1
0, 4906, 77, 99, 86, 2683825, 2365678, 0.3, 50, 200, 11, 64, 3333, 1
0, 4501, 70, 88, 79, 2313709, 2022827, 0.3, 50, 200, 11, 60, 3333, 1
1, 3376, 60, 61, 61, 1826211, 1800976, 0.3, 50, 200, 11, 46, 3333, 1
0, 4620, 77, 90, 83, 2326846, 2096255, 0.3, 50, 200, 11, 65, 3333, 1
1, 3698, 80, 81, 81, 1999242, 1980278, 0.3, 50, 200, 11, 48, 3333, 1
0, 4216, 80, 87, 83, 2245256, 1988977, 0.3, 50, 200, 11, 61, 3333, 1
0, 5535, 54, 77, 74, 2657147, 2277044, 0.3, 50, 200, 11, 77, 3333, 1
0, 4687, 71, 94, 82, 2319082, 2038621, 0.3, 50, 200, 11, 63, 3333, 1
0, 4402, 73, 89, 85, 2223601, 1988791, 0.3, 50, 200, 11, 61, 3333, 1
0, 4600, 61, 80, 69, 2336572, 1979087, 0.3, 50, 200, 11, 60, 3333, 1
0, 4896, 74, 96, 88, 2588154, 2318641, 0.3, 50, 200, 11, 63, 3333, 1
0, 5150, 66, 94, 81, 2661431, 2273174, 0.3, 50, 200, 11, 75, 3333, 1
0, 4864, 66, 91, 72, 2320245, 1982707, 0.3, 50, 200, 11, 71, 3333, 1
0, 5119, 71, 99, 87, 2355830, 2098851, 0.3, 50, 200, 11, 69, 3333, 1
1, 3740, 62, 63, 63, 1951986, 1916116, 0.3, 50, 200, 11, 44, 3333, 1
1, 3538, 69, 70, 70, 2045278, 2007708, 0.3, 50, 200, 11, 51, 3333, 1
0, 4874, 76, 94, 85, 2436723, 2158651, 0.3, 50, 200, 11, 70, 3333, 1
0, 5157, 65, 91, 72, 2508251, 2140491, 0.3, 50, 200, 11, 75, 3333, 1
1, 3698, 69, 70, 71, 2039491, 2048635, 0.3, 50, 200, 11, 45, 3333, 1
0, 4088, 71, 84, 78, 2097925, 1824334, 0.3, 50, 200, 11, 63, 3333, 1
0, 4787, 71, 93, 84, 2410702, 2097608, 0.3, 50, 200, 11, 65, 3333, 1
0, 4661, 67, 85, 77, 2625027, 2295958, 0.3, 50, 200, 11, 68, 3333, 1
1, 3631, 68, 69, 70, 1929620, 1922136, 0.3, 50, 200, 11, 45, 3333, 1
1, 3567, 67, 68, 69, 1921773, 1963820, 0.3, 50, 200, 11, 43, 3333, 1
0, 5200, 69, 84, 81, 2724264, 2391504, 0.3, 50, 200, 11, 70, 3333, 1
1, 3632, 71, 72, 72, 1907635, 1875882, 0.3, 50, 200, 11, 47, 3333, 1
0, 6204, 75, 95, 84, 3207815, 2844533, 0.3, 50, 200, 11, 84, 3333, 1
0, 4939, 64, 89, 74, 2566523, 2225793, 0.3, 50, 200, 11, 64, 3333, 1
0, 4223, 81, 95, 87, 2119446, 1912609, 0.3, 50, 200, 11, 50, 3333, 1
0, 5129, 73, 93, 83, 2477911, 2229152, 0.3, 50, 200, 11, 65, 3333, 1
0, 5437, 72, 92, 84, 2750195, 2414911, 0.3, 50, 200, 11, 67, 3333, 1
0, 4883, 73, 92, 81, 2390171, 2075061, 0.3, 50, 200, 11, 61, 3333, 1
0, 4137, 77, 89, 86, 2097164, 1896362, 0.3, 50, 200, 11, 48, 3333, 1
0, 4856, 63, 95, 71, 2556019, 2158929, 0.3, 50, 200, 11, 66, 3333, 1
0, 5169, 73, 85, 80, 2319058, 1996428, 0.3, 50, 200, 11, 65, 3333, 1
0, 4366, 77, 90, 79, 2248643, 2002891, 0.3, 50, 200, 11, 58, 3333, 1
0, 4740, 71, 85, 77, 2375353, 2076016, 0.3, 50, 200, 11, 68, 3333, 1
0, 5165, 65, 92, 78, 2644135, 2311069, 0.3, 50, 200, 11, 65, 3333, 1
1, 3643, 70, 71, 71, 1965264, 1902579, 0.3, 50, 200, 11, 47, 3333, 1
1, 3467, 66, 67, 67, 1994177, 1932095, 0.3, 50, 200, 11, 37, 3333, 1
1, 3474, 63, 64, 64, 1900316, 1878026, 0.3, 50, 200, 11, 37, 3333, 1
0, 4402, 66, 89, 74, 2258400, 1990420, 0.3, 50, 200, 11, 49, 3333, 1
0, 4349, 74, 83, 80, 2234002, 1963572, 0.3, 50, 200, 11, 64, 3333, 1
0, 4803, 66, 82, 73, 2484176, 2201192, 0.3, 50, 200, 11, 60, 3333, 1
1, 3399, 67, 68, 68, 1918848, 1891556, 0.3, 50, 200, 11, 41, 3333, 1
0, 5161, 75, 91, 87, 2505962, 2204407, 0.3, 50, 200, 11, 65, 3333, 1
0, 4823, 73, 98, 84, 2360580, 2058608, 0.3, 50, 200, 11, 67, 3333, 1
0, 4606, 74, 91, 85, 2326740, 2098773, 0.3, 50, 200, 11, 69, 3333, 1
0, 4557, 63, 81, 68, 2397056, 2076206, 0.3, 50, 200, 11, 47, 3333, 1
1, 3518, 79, 80, 80, 1920589, 1900990, 0.3, 50, 200, 11, 42, 3333, 1
1, 3544, 67, 68, 68, 1956892, 1956892, 0.3, 50, 200, 11, 41, 3333, 1
0, 4573, 67, 84, 72, 2365861, 2021047, 0.3, 50, 200, 11, 62, 3333, 1
0, 4404, 73, 89, 78, 2298743, 2025656, 0.3, 50, 200, 11, 57, 3333, 1
0, 5390, 72, 98, 79, 2651512, 2352374, 0.3, 50, 200, 11, 74, 3333, 1
1, 3646, 69, 70, 72, 1938055, 1927854, 0.3, 50, 200, 11, 41, 3333, 1
0, 4380, 63, 77, 65, 2335690, 1975149, 0.3, 50, 200, 11, 53, 3333, 1
0, 4416, 77, 92, 87, 2366241, 2099434, 0.3, 50, 200, 11, 59, 3333, 1
0, 5233, 98, 110, 108, 2746030, 2514713, 0.3, 50, 200, 11, 69, 3333, 1
0, 4611, 62, 87, 70, 2344495, 1991124, 0.3, 50, 200, 11, 52, 3333, 1
0, 5873, 73, 98, 83, 2861567, 2502877, 0.3, 50, 200, 11, 77, 3333, 1
0, 5633, 63, 86, 79, 2756068, 2415872, 0.3, 50, 200, 11, 81, 3333, 1
1, 3486, 51, 52, 54, 1982725, 1991370, 0.3, 50, 200, 11, 41, 3333, 1
1, 3369, 70, 71, 71, 1936625, 1872654, 0.3, 50, 200, 11, 45, 3333, 1
1, 3373, 69, 70, 70, 1980406, 1977933, 0.3, 50, 200, 11, 46, 3333, 1
0, 5129, 70, 94, 81, 1812672, 1592023, 0.3, 50, 200, 8, 39, 3333, 1
0, 4306, 71, 81, 73, 2124894, 1834228, 0.3, 50, 200, 11, 61, 3333, 1
0, 4370, 74, 89, 78, 1630033, 1457708, 0.3, 50, 200, 8, 37, 3333, 1
0, 4948, 71, 91, 82, 1860148, 1618242, 0.3, 50, 200, 8, 42, 3333, 1
0, 4496, 71, 87, 79, 1687068, 1490758, 0.3, 50, 200, 8, 37, 3333, 1
0, 5349, 75, 93, 88, 1944495, 1686677, 0.3, 50, 200, 8, 38, 3333, 1
0, 4383, 69, 83, 73, 2299164, 2007643, 0.3, 50, 200, 11, 61, 3333, 1
0, 5096, 54, 69, 62, 2604498, 2218426, 0.3, 50, 200, 11, 67, 3333, 1
0, 4997, 69, 91, 79, 2403529, 2061215, 0.3, 50, 200, 11, 66, 3333, 1
0, 4832, 63, 81, 70, 1744414, 1501068, 0.3, 50, 200, 8, 35, 3333, 1
0, 4920, 72, 83, 76, 2578333, 2245352, 0.3, 50, 200, 11, 57, 3333, 1
0, 5212, 57, 92, 73, 1779435, 1515814, 0.3, 50, 200, 8, 48, 3333, 1
1, 3417, 68, 69, 69, 1429934, 1382612, 0.3, 50, 200, 8, 26, 3333, 1
0, 4690, 74, 85, 85, 1682173, 1461758, 0.3, 50, 200, 8, 36, 3333, 1
0, 4885, 60, 72, 65, 1765062, 1515297, 0.3, 50, 200, 8, 41, 3333, 1
0, 4753, 66, 81, 77, 1805470, 1565042, 0.3, 50, 200, 8, 33, 3333, 1
0, 4343, 69, 84, 76, 1566905, 1367557, 0.3, 50, 200, 8, 34, 3333, 1
0, 4337, 73, 86, 82, 1632777, 1451444, 0.3, 50, 200, 8, 31, 3333, 1
1, 3857, 76, 77, 78, 1455848, 1442220, 0.3, 50, 200, 8, 29, 3333, 1
0, 4372, 63, 78, 68, 1572580, 1351880, 0.3, 50, 200, 8, 33, 3333, 1
0, 4709, 70, 81, 83, 1659849, 1425977, 0.3, 50, 200, 8, 39, 3333, 1
0, 4837, 62, 81, 71, 1749041, 1526420, 0.3, 50, 200, 8, 38, 3333, 1
0, 5109, 83, 113, 100, 1806552, 1614636, 0.3, 50, 200, 8, 36, 3333, 1
0, 4757, 65, 90, 78, 1835412, 1589650, 0.3, 50, 200, 8, 38, 3333, 1
1, 3580, 63, 68, 64, 1453238, 1430185, 0.3, 50, 200, 8, 24, 3333, 1
0, 5103, 66, 93, 85, 1830021, 1619042, 0.3, 50, 200, 8, 37, 3333, 1
0, 4775, 82, 101, 91, 1714665, 1516798, 0.3, 50, 200, 8, 41, 3333, 1
1, 3861, 55, 56, 57, 1582355, 1585422, 0.3, 50, 200, 8, 32, 3333, 1
0, 4312, 73, 83, 78, 1589260, 1408691, 0.3, 50, 200, 8, 37, 3333, 1
0, 4357, 73, 86, 81, 1695596, 1495844, 0.3, 50, 200, 8, 29, 3333, 1
1, 3641, 52, 53, 53, 1317106, 1273035, 0.3, 50, 200, 8, 27, 3333, 1
0, 4910, 50, 74, 59, 1753448, 1494157, 0.3, 50, 200, 8, 40, 3333, 1
0, 4572, 67, 83, 75, 1743747, 1519309, 0.3, 50, 200, 8, 38, 3333, 1
0, 4155, 76, 85, 81, 1557000, 1386930, 0.3, 50, 200, 8, 31, 3333, 1
0, 5277, 79, 98, 94, 1860997, 1678081, 0.3, 50, 200, 8, 39, 3333, 1
1, 3735, 79, 80, 80, 1482753, 1444203, 0.3, 50, 200, 8, 30, 3333, 1
0, 4397, 77, 97, 82, 1528087, 1381286, 0.3, 50, 200, 8, 34, 3333, 1
0, 4021, 82, 91, 85, 1577908, 1395956, 0.3, 50, 200, 8, 36, 3333, 1
0, 4423, 70, 88, 78, 1648455, 1449222, 0.3, 50, 200, 8, 37, 3333, 1
0, 4509, 85, 97, 91, 1717746, 1510536, 0.3, 50, 200, 8, 38, 3333, 1
0, 4593, 65, 78, 71, 1764774, 1544425, 0.3, 50, 200, 8, 35, 3333, 1
0, 5242, 68, 87, 84, 1830492, 1606143, 0.3, 50, 200, 8, 37, 3333, 1
1, 3620, 77, 81, 80, 1480679, 1488058, 0.3, 50, 200, 8, 30, 3333, 1
0, 4638, 70, 87, 80, 1750195, 1559553, 0.3, 50, 200, 8, 40, 3333, 1
0, 4376, 73, 90, 82, 1565105, 1373487, 0.3, 50, 200, 8, 35, 3333, 1
0, 4239, 69, 81, 73, 1708797, 1495295, 0.3, 50, 200, 8, 34, 3333, 1
0, 5255, 79, 99, 91, 1903404, 1692837, 0.3, 50, 200, 8, 46, 3333, 1
0, 4746, 69, 88, 75, 1747138, 1534096, 0.3, 50, 200, 8, 35, 3333, 1
0, 5182, 69, 94, 86, 1825826, 1557498, 0.3, 50, 200, 8, 44, 3333, 1
0, 4284, 78, 94, 83, 1568779, 1373204, 0.3, 50, 200, 8, 37, 3333, 1
0, 4333, 83, 91, 87, 1577355, 1429340, 0.3, 50, 200, 8, 38, 3333, 1
0, 4635, 73, 88, 79, 1689408, 1468902, 0.3, 50, 200, 8, 41, 3333, 1
1, 3566, 78, 81, 80, 1449460, 1430877, 0.3, 50, 200, 8, 28, 3333, 1
0, 4461, 58, 80, 64, 1578529, 1341675, 0.3, 50, 200, 8, 38, 3333, 1
0, 4552, 69, 85, 73, 1626013, 1402749, 0.3, 50, 200, 8, 37, 3333, 1
0, 4447, 83, 100, 93, 1596033, 1453212, 0.3, 50, 200, 8, 31, 3333, 1
0, 4837, 76, 96, 85, 1690621, 1505206, 0.3, 50, 200, 8, 38, 3333, 1
1, 3498, 71, 72, 73, 1391495, 1386073, 0.3, 50, 200, 8, 26, 3333, 1
1, 3385, 78, 79, 79, 1264820, 1264820, 0.3, 50, 200, 8, 23, 3333, 1
0, 5056, 64, 88, 72, 1791952, 1535860, 0.3, 50, 200, 8, 45, 3333, 1
1, 3560, 77, 78, 78, 1365725, 1332292, 0.3, 50, 200, 8, 31, 3333, 1
0, 5723, 85, 101, 95, 2092822, 1884196, 0.3, 50, 200, 8, 46, 3333, 1
0, 4591, 66, 91, 69, 1594011, 1385972, 0.3, 50, 200, 8, 36, 3333, 1
0, 4903, 77, 90, 86, 1781304, 1562814, 0.3, 50, 200, 8, 41, 3333, 1
0, 4418, 73, 94, 81, 1688231, 1481812, 0.3, 50, 200, 8, 36, 3333, 1
1, 3557, 67, 71, 70, 1485830, 1479526, 0.3, 50, 200, 8, 25, 3333, 1
1, 3527, 70, 71, 71, 1401341, 1350491, 0.3, 50, 200, 8, 30, 3333, 1
0, 4735, 72, 85, 82, 1807825, 1575344, 0.3, 50, 200, 8, 38, 3333, 1
0, 4900, 56, 77, 63, 1850836, 1559931, 0.3, 50, 200, 8, 37, 3333, 1
0, 4970, 69, 92, 77, 1784761, 1556671, 0.3, 50, 200, 8, 40, 3333, 1
0, 4607, 55, 77, 67, 1755191, 1525415, 0.3, 50, 200, 8, 38, 3333, 1
0, 4441, 72, 85, 75, 1591192, 1395025, 0.3, 50, 200, 8, 34, 3333, 1
0, 4783, 66, 85, 74, 1691910, 1466147, 0.3, 50, 200, 8, 40, 3333, 1
1, 3840, 89, 90, 91, 1605486, 1617225, 0.3, 50, 200, 8, 26, 3333, 1
0, 4925, 71, 93, 84, 1746955, 1538928, 0.3, 50, 200, 8, 37, 3333, 1
0, 4565, 64, 85, 73, 1628139, 1426039, 0.3, 50, 200, 8, 34, 3333, 1
0, 5044, 67, 92, 78, 1841950, 1600547, 0.3, 50, 200, 8, 43, 3333, 1
1, 3500, 63, 66, 65, 1412998, 1400575, 0.3, 50, 200, 8, 29, 3333, 1
0, 3993, 69, 77, 70, 1563512, 1349902, 0.3, 50, 200, 8, 29, 3333, 1
1, 3883, 83, 87, 84, 1507856, 1496129, 0.3, 50, 200, 8, 28, 3333, 1
0, 4977, 60, 76, 66, 1966179, 1685833, 0.3, 50, 200, 8, 42, 3333, 1
0, 4197, 75, 88, 82, 1495219, 1335356, 0.3, 50, 200, 8, 36, 3333, 1
1, 3569, 77, 78, 78, 1389524, 1364633, 0.3, 50, 200, 8, 20, 3333, 1
0, 5023, 67, 90, 80, 1988656, 1755077, 0.3, 50, 200, 8, 31, 3333, 1
0, 4785, 62, 88, 73, 1942970, 1670544, 0.3, 50, 200, 8, 35, 3333, 1
1, 3457, 67, 68, 68, 1474874, 1442295, 0.3, 50, 200, 8, 25, 3333, 1
0, 4719, 73, 87, 84, 1763758, 1539347, 0.3, 50, 200, 8, 41, 3333, 1
1, 3407, 59, 60, 61, 1257007, 1254419, 0.3, 50, 200, 8, 29, 3333, 1
0, 4165, 77, 89, 81, 1509395, 1334793, 0.3, 50, 200, 8, 33, 3333, 1
1, 3568, 61, 63, 62, 1354509, 1256021, 0.3, 50, 200, 8, 29, 3333, 1
0, 4951, 78, 95, 87, 1795065, 1585896, 0.3, 50, 200, 8, 32, 3333, 1
0, 4889, 64, 76, 76, 1828729, 1574432, 0.3, 50, 200, 8, 41, 3333, 1
1, 3442, 59, 60, 60, 1410670, 1408048, 0.3, 50, 200, 8, 27, 3333, 1
1, 3629, 64, 65, 65, 1570579, 1554758, 0.3, 50, 200, 8, 27, 3333, 1
0, 3866, 79, 86, 81, 1481412, 1330599, 0.3, 50, 200, 8, 27, 3333, 1
1, 3586, 78, 79, 79, 1340172, 1336261, 0.3, 50, 200, 8, 29, 3333, 1
1, 3645, 76, 77, 77, 1186146, 1139390, 0.3, 50, 200, 7, 20, 3333, 1
0, 4589, 80, 94, 85, 1739403, 1533588, 0.3, 50, 200, 8, 39, 3333, 1
1, 3696, 82, 83, 85, 1424445, 1427931, 0.3, 50, 200, 8, 29, 3333, 1
0, 4615, 66, 85, 77, 1647973, 1449918, 0.3, 50, 200, 8, 40, 3333, 1
1, 3420, 74, 75, 75, 1143585, 1130934, 0.3, 50, 200, 7, 21, 3333, 1
1, 3718, 63, 64, 70, 1274623, 1268332, 0.3, 50, 200, 7, 23, 3333, 1
0, 4499, 64, 77, 72, 1706950, 1486909, 0.3, 50, 200, 8, 38, 3333, 1
0, 4849, 77, 90, 87, 1733790, 1546747, 0.3, 50, 200, 7, 30, 3333, 1
1, 3427, 57, 58, 59, 1304166, 1299135, 0.3, 50, 200, 8, 34, 3333, 1
0, 4287, 74, 91, 78, 1617737, 1434336, 0.3, 50, 200, 8, 39, 3333, 1
0, 4470, 80, 93, 87, 1645097, 1442226, 0.3, 50, 200, 8, 37, 3333, 1
0, 4917, 70, 83, 81, 1830535, 1609898, 0.3, 50, 200, 8, 42, 3333, 1
0, 4675, 52, 67, 59, 1634729, 1387260, 0.3, 50, 200, 8, 40, 3333, 1
1, 3660, 78, 79, 79, 1229947, 1172618, 0.3, 50, 200, 7, 25, 3333, 1
0, 4291, 76, 92, 83, 1300045, 1136526, 0.3, 50, 200, 7, 28, 3333, 1
0, 5240, 57, 77, 73, 1785205, 1549578, 0.3, 50, 200, 7, 37, 3333, 1
0, 5421, 67, 88, 79, 1618385, 1427471, 0.3, 50, 200, 7, 29, 3333, 1
1, 3597, 66, 67, 68, 1188338, 1186597, 0.3, 50, 200, 7, 17, 3333, 1
1, 3517, 72, 73, 74, 1167145, 1163958, 0.3, 50, 200, 7, 23, 3333, 1
0, 4991, 73, 90, 80, 1664553, 1470647, 0.3, 50, 200, 7, 31, 3333, 1
1, 3423, 67, 68, 69, 1194779, 1194490, 0.3, 50, 200, 7, 22, 3333, 1
0, 4744, 80, 96, 86, 1538727, 1381889, 0.3, 50, 200, 7, 30, 3333, 1
0, 4842, 68, 90, 81, 1493107, 1320547, 0.3, 50, 200, 7, 32, 3333, 1
0, 5028, 66, 86, 77, 1577181, 1371349, 0.3, 50, 200, 7, 30, 3333, 1
0, 5010, 61, 85, 70, 1515569, 1304469, 0.3, 50, 200, 7, 32, 3333, 1
0, 4631, 72, 87, 82, 1401237, 1229271, 0.3, 50, 200, 7, 33, 3333, 1
0, 5260, 65, 88, 77, 1719489, 1495214, 0.3, 50, 200, 7, 30, 3333, 1
0, 4812, 76, 97, 81, 1674557, 1475286, 0.3, 50, 200, 7, 29, 3333, 1
0, 5024, 73, 93, 83, 1679331, 1494115, 0.3, 50, 200, 7, 33, 3333, 1
0, 4413, 65, 77, 72, 1534635, 1349689, 0.3, 50, 200, 7, 24, 3333, 1
0, 4683, 57, 75, 65, 1444991, 1235723, 0.3, 50, 200, 7, 30, 3333, 1
1, 3534, 71, 72, 72, 1295936, 1272728, 0.3, 50, 200, 7, 21, 3333, 1
0, 4893, 67, 86, 73, 1572836, 1357463, 0.3, 50, 200, 7, 32, 3333, 1
0, 4229, 72, 84, 78, 1451283, 1304600, 0.3, 50, 200, 7, 28, 3333, 1
0, 5096, 85, 94, 89, 1692509, 1473348, 0.3, 50, 200, 7, 30, 3333, 1
0, 5132, 82, 101, 93, 1712790, 1538002, 0.3, 50, 200, 7, 33, 3333, 1
0, 5020, 76, 87, 87, 1693063, 1475027, 0.3, 50, 200, 7, 32, 3333, 1
0, 4092, 73, 82, 79, 1249583, 1115513, 0.3, 50, 200, 7, 29, 3333, 1
1, 3361, 68, 69, 69, 1176664, 1159140, 0.3, 50, 200, 7, 25, 3333, 1
0, 5228, 73, 87, 86, 1652984, 1457724, 0.3, 50, 200, 7, 33, 3333, 1
0, 4443, 86, 94, 89, 1369171, 1221201, 0.3, 50, 200, 7, 31, 3333, 1
0, 4833, 69, 78, 75, 1586343, 1362031, 0.3, 50, 200, 7, 31, 3333, 1
0, 4429, 70, 84, 73, 1423755, 1229378, 0.3, 50, 200, 7, 29, 3333, 1
1, 3706, 65, 66, 66, 1192118, 1186029, 0.3, 50, 200, 7, 19, 3333, 1
1, 3675, 76, 77, 80, 1229169, 1227549, 0.3, 50, 200, 7, 24, 3333, 1
0, 4650, 78, 98, 86, 1563551, 1384804, 0.3, 50, 200, 7, 28, 3333, 1
0, 4790, 73, 87, 80, 1557405, 1389546, 0.3, 50, 200, 7, 24, 3333, 1
0, 5208, 79, 99, 87, 1567718, 1385685, 0.3, 50, 200, 7, 32, 3333, 1
0, 4607, 61, 79, 70, 1414101, 1219542, 0.3, 50, 200, 7, 31, 3333, 1
0, 4920, 58, 84, 77, 1595811, 1370469, 0.3, 50, 200, 7, 30, 3333, 1
1, 3392, 75, 76, 76, 1251427, 1231078, 0.3, 50, 200, 7, 22, 3333, 1
1, 3423, 81, 82, 82, 1259504, 1242463, 0.3, 50, 200, 7, 21, 3333, 1
0, 4372, 75, 91, 85, 1454533, 1295778, 0.3, 50, 200, 7, 29, 3333, 1
1, 3514, 80, 82, 82, 1256062, 1263380, 0.3, 50, 200, 7, 23, 3333, 1
1, 3651, 65, 66, 69, 1268996, 1246486, 0.3, 50, 200, 7, 22, 3333, 1
1, 3946, 83, 84, 85, 1261756, 1261471, 0.3, 50, 200, 7, 24, 3333, 1
0, 4668, 79, 95, 87, 1570272, 1414429, 0.3, 50, 200, 7, 29, 3333, 1
0, 4989, 78, 94, 92, 1609101, 1430997, 0.3, 50, 200, 7, 25, 3333, 1
0, 5014, 68, 82, 72, 1664085, 1448956, 0.3, 50, 200, 7, 33, 3333, 1
0, 4837, 60, 80, 72, 1471561, 1263583, 0.3, 50, 200, 7, 33, 3333, 1
0, 4380, 82, 92, 88, 1370841, 1231609, 0.3, 50, 200, 7, 30, 3333, 1
0, 4536, 58, 80, 66, 1444532, 1230569, 0.3, 50, 200, 7, 31, 3333, 1
0, 4130, 78, 91, 83, 1380266, 1236455, 0.3, 50, 200, 7, 24, 3333, 1
0, 5324, 65, 96, 79, 1731265, 1524595, 0.3, 50, 200, 7, 29, 3333, 1
0, 4276, 73, 83, 75, 1374617, 1206958, 0.3, 50, 200, 7, 27, 3333, 1
0, 4802, 66, 92, 77, 1464407, 1274770, 0.3, 50, 200, 7, 30, 3333, 1
0, 4368, 83, 96, 86, 1445074, 1291918, 0.3, 50, 200, 7, 22, 3333, 1
0, 4480, 63, 86, 70, 1479702, 1275320, 0.3, 50, 200, 7, 28, 3333, 1
0, 4806, 72, 93, 85, 1640303, 1442712, 0.3, 50, 200, 7, 29, 3333, 1
0, 5026, 68, 84, 80, 1523686, 1323787, 0.3, 50, 200, 7, 31, 3333, 1
1, 3688, 72, 73, 73, 1199514, 1179448, 0.3, 50, 200, 7, 19, 3333, 1
0, 5049, 64, 80, 70, 1601856, 1400652, 0.3, 50, 200, 7, 34, 3333, 1
0, 4919, 65, 84, 74, 1562110, 1342882, 0.3, 50, 200, 7, 32, 3333, 1
0, 5002, 77, 100, 84, 1535116, 1376429, 0.3, 50, 200, 7, 31, 3333, 1
0, 4254, 79, 92, 86, 1347504, 1200563, 0.3, 50, 200, 7, 21, 3333, 1
0, 6553, 81, 98, 93, 2231007, 1972282, 0.3, 50, 200, 7, 37, 3333, 1
0, 4134, 71, 85, 76, 1425395, 1254327, 0.3, 50, 200, 7, 29, 3333, 1
0, 4568, 61, 77, 67, 1495831, 1277236, 0.3, 50, 200, 7, 28, 3333, 1
0, 4743, 76, 92, 82, 1502799, 1324299, 0.3, 50, 200, 7, 32, 3333, 1
0, 4368, 82, 101, 88, 1409447, 1259864, 0.3, 50, 200, 7, 25, 3333, 1
0, 4638, 74, 89, 79, 1630633, 1468342, 0.3, 50, 200, 7, 25, 3333, 1
0, 4237, 72, 84, 78, 1417690, 1244083, 0.3, 50, 200, 7, 24, 3333, 1
1, 3637, 63, 66, 66, 1216533, 1218655, 0.3, 50, 200, 7, 23, 3333, 1
0, 4821, 74, 92, 86, 1573900, 1405843, 0.3, 50, 200, 7, 31, 3333, 1
1, 3621, 70, 73, 71, 1326928, 1306407, 0.3, 50, 200, 7, 25, 3333, 1
0, 4272, 67, 88, 72, 1288870, 1107506, 0.3, 50, 200, 7, 27, 3333, 1
0, 5022, 65, 79, 70, 1674358, 1465107, 0.3, 50, 200, 7, 36, 3333, 1
0, 4565, 71, 85, 78, 1571639, 1364131, 0.3, 50, 200, 7, 30, 3333, 1
1, 3508, 68, 69, 69, 1207837, 1169597, 0.3, 50, 200, 7, 20, 3333, 1
1, 3645, 76, 77, 78, 1247960, 1255479, 0.3, 50, 200, 7, 24, 3333, 1
0, 5033, 80, 99, 90, 1532358, 1361788, 0.3, 50, 200, 7, 32, 3333, 1
1, 3573, 64, 65, 65, 1453375, 1453375, 0.3, 50, 200, 7, 22, 3333, 1
0, 4851, 70, 95, 82, 1636155, 1408878, 0.3, 50, 200, 7, 37, 3333, 1
0, 5063, 57, 86, 81, 1653746, 1410642, 0.3, 50, 200, 7, 37, 3333, 1
0, 5115, 91, 105, 100, 1656776, 1506429, 0.3, 50, 200, 7, 31, 3333, 1
0, 4441, 74, 91, 80, 1466494, 1304133, 0.3, 50, 200, 7, 31, 3333, 1
1, 3695, 67, 68, 68, 1320511, 1315359, 0.3, 50, 200, 7, 24, 3333, 1
1, 3554, 75, 76, 76, 1179364, 1179364, 0.3, 50, 200, 7, 20, 3333, 1
0, 4878, 64, 82, 75, 1587286, 1380073, 0.3, 50, 200, 7, 34, 3333, 1
0, 4879, 78, 93, 88, 1590652, 1394575, 0.3, 50, 200, 7, 36, 3333, 1
1, 3526, 61, 62, 62, 1195182, 1194227, 0.3, 50, 200, 7, 20, 3333, 1
1, 3374, 74, 75, 75, 1192302, 1187666, 0.3, 50, 200, 7, 22, 3333, 1
0, 4907, 66, 86, 70, 1349089, 1172599, 0.3, 50, 200, 6, 22, 3333, 1
0, 4246, 84, 94, 91, 1201571, 1071082, 0.3, 50, 200, 6, 23, 3333, 1
0, 4743, 58, 82, 71, 1667172, 1434046, 0.3, 50, 200, 7, 25, 3333, 1
0, 4403, 67, 86, 74, 1140231, 1007585, 0.3, 50, 200, 6, 24, 3333, 1
0, 4240, 71, 85, 75, 1202747, 1030971, 0.3, 50, 200, 6, 23, 3333, 1
1, 3675, 64, 65, 66, 1259551, 1253613, 0.3, 50, 200, 7, 28, 3333, 1
0, 4291, 75, 87, 81, 1407930, 1248979, 0.3, 50, 200, 7, 29, 3333, 1
0, 4576, 71, 84, 80, 1389646, 1234506, 0.3, 50, 200, 7, 27, 3333, 1
0, 4829, 82, 93, 90, 1503349, 1334570, 0.3, 50, 200, 7, 33, 3333, 1
0, 4782, 82, 96, 88, 1500049, 1326261, 0.3, 50, 200, 6, 27, 3333, 1
0, 4170, 73, 84, 79, 1150085, 1004302, 0.3, 50, 200, 6, 23, 3333, 1
0, 5098, 64, 90, 81, 1532374, 1345276, 0.3, 50, 200, 7, 34, 3333, 1
0, 4923, 86, 99, 95, 1518673, 1350615, 0.3, 50, 200, 7, 33, 3333, 1
1, 3662, 65, 66, 67, 1039241, 1039893, 0.3, 50, 200, 6, 16, 3333, 1
1, 3466, 75, 76, 77, 988217, 990882, 0.3, 50, 200, 6, 17, 3333, 1
1, 3596, 68, 69, 69, 1116250, 1105916, 0.3, 50, 200, 6, 19, 3333, 1
1, 3566, 67, 68, 68, 1058947, 1042702, 0.3, 50, 200, 6, 17, 3333, 1
0, 4166, 55, 71, 61, 1057064, 884442, 0.3, 50, 200, 6, 20, 3333, 1
1, 3644, 76, 77, 77, 1038384, 1028704, 0.3, 50, 200, 6, 19, 3333, 1
0, 4382, 67, 82, 70, 1257246, 1095798, 0.3, 50, 200, 6, 20, 3333, 1
0, 4037, 71, 83, 76, 1192146, 1023389, 0.3, 50, 200, 6, 20, 3333, 1
0, 5176, 73, 103, 86, 1345315, 1192934, 0.3, 50, 200, 6, 26, 3333, 1
1, 3483, 69, 70, 71, 897846, 900359, 0.3, 50, 200, 6, 18, 3333, 1
0, 4376, 62, 77, 71, 1230470, 1068108, 0.3, 50, 200, 6, 25, 3333, 1
0, 5204, 70, 100, 81, 1460058, 1289683, 0.3, 50, 200, 6, 28, 3333, 1
0, 4646, 63, 77, 72, 1335245, 1160330, 0.3, 50, 200, 6, 21, 3333, 1
0, 4671, 71, 100, 80, 1283590, 1114285, 0.3, 50, 200, 6, 23, 3333, 1
0, 5014, 77, 97, 84, 1523251, 1354628, 0.3, 50, 200, 6, 24, 3333, 1
0, 5260, 68, 94, 84, 1466750, 1292694, 0.3, 50, 200, 6, 25, 3333, 1
0, 4745, 65, 83, 71, 1319105, 1155159, 0.3, 50, 200, 6, 22, 3333, 1
0, 4798, 67, 90, 72, 1245672, 1079486, 0.3, 50, 200, 6, 18, 3333, 1
1, 3386, 67, 68, 68, 1197349, 1187398, 0.3, 50, 200, 6, 16, 3333, 1
0, 4880, 92, 102, 97, 1337032, 1203336, 0.3, 50, 200, 6, 21, 3333, 1
0, 5237, 63, 79, 77, 1426773, 1236689, 0.3, 50, 200, 6, 22, 3333, 1
1, 3484, 67, 68, 69, 1022070, 1024626, 0.3, 50, 200, 6, 16, 3333, 1
0, 4313, 75, 89, 84, 1222767, 1096070, 0.3, 50, 200, 6, 19, 3333, 1
1, 3508, 85, 86, 88, 1040663, 1042534, 0.3, 50, 200, 6, 14, 3333, 1
1, 3528, 64, 65, 67, 1031605, 1038468, 0.3, 50, 200, 6, 14, 3333, 1
1, 3741, 76, 77, 77, 1073651, 1052305, 0.3, 50, 200, 6, 15, 3333, 1
0, 4624, 64, 75, 71, 1275649, 1100109, 0.3, 50, 200, 6, 22, 3333, 1
0, 4506, 82, 93, 90, 1195364, 1064136, 0.3, 50, 200, 6, 22, 3333, 1
0, 5382, 72, 98, 82, 1432385, 1259503, 0.3, 50, 200, 6, 24, 3333, 1
0, 5200, 62, 86, 67, 1425322, 1200459, 0.3, 50, 200, 6, 27, 3333, 1
1, 3447, 59, 60, 60, 1067954, 1020375, 0.3, 50, 200, 6, 14, 3333, 1
0, 3866, 83, 92, 85, 1169750, 1028737, 0.3, 50, 200, 6, 19, 3333, 1
0, 4669, 63, 86, 75, 1187289, 1044270, 0.3, 50, 200, 6, 24, 3333, 1
0, 4037, 74, 84, 75, 1176979, 996248, 0.3, 50, 200, 6, 24, 3333, 1
1, 3753, 62, 63, 64, 1104898, 1100884, 0.3, 50, 200, 6, 14, 3333, 1
1, 3676, 68, 69, 69, 1040646, 1038417, 0.3, 50, 200, 6, 15, 3333, 1
0, 4687, 64, 80, 71, 1526709, 1333808, 0.3, 50, 200, 6, 21, 3333, 1
0, 4667, 85, 104, 97, 1382405, 1258185, 0.3, 50, 200, 6, 26, 3333, 1
1, 3534, 66, 67, 67, 1128925, 1118018, 0.3, 50, 200, 6, 15, 3333, 1
1, 3689, 67, 68, 69, 1203349, 1204752, 0.3, 50, 200, 6, 17, 3333, 1
0, 4504, 69, 87, 72, 1220128, 1065676, 0.3, 50, 200, 6, 18, 3333, 1
1, 3537, 68, 69, 69, 1016955, 1005964, 0.3, 50, 200, 6, 16, 3333, 1
0, 4950, 61, 84, 77, 1256636, 1090143, 0.3, 50, 200, 6, 21, 3333, 1
0, 5058, 74, 94, 88, 1410220, 1217507, 0.3, 50, 200, 6, 21, 3333, 1
0, 4832, 68, 92, 76, 1351109, 1186773, 0.3, 50, 200, 6, 23, 3333, 1
0, 4574, 73, 82, 77, 1246464, 1109250, 0.3, 50, 200, 6, 24, 3333, 1
0, 4968, 61, 90, 71, 1281360, 1120986, 0.3, 50, 200, 6, 21, 3333, 1
1, 3608, 68, 70, 72, 1018793, 1016751, 0.3, 50, 200, 6, 16, 3333, 1
0, 4952, 71, 85, 84, 1335816, 1173489, 0.3, 50, 200, 6, 25, 3333, 1
0, 5311, 72, 96, 83, 1382673, 1220839, 0.3, 50, 200, 6, 24, 3333, 1
0, 4853, 68, 86, 76, 1307895, 1134311, 0.3, 50, 200, 6, 24, 3333, 1
1, 3368, 76, 77, 77, 974699, 934829, 0.3, 50, 200, 6, 13, 3333, 1
0, 4582, 77, 88, 83, 1353615, 1186384, 0.3, 50, 200, 6, 19, 3333, 1
0, 4335, 55, 65, 60, 1227233, 1042185, 0.3, 50, 200, 6, 19, 3333, 1
0, 4689, 66, 82, 78, 1365687, 1197561, 0.3, 50, 200, 6, 19, 3333, 1
0, 5006, 69, 90, 77, 1353778, 1172863, 0.3, 50, 200, 6, 30, 3333, 1
0, 4958, 86, 110, 97, 1343220, 1226721, 0.3, 50, 200, 6, 22, 3333, 1
0, 4887, 77, 96, 89, 1442398, 1271166, 0.3, 50, 200, 6, 24, 3333, 1
0, 5133, 62, 85, 71, 1351779, 1172749, 0.3, 50, 200, 6, 24, 3333, 1
0, 4775, 67, 86, 80, 1331882, 1149674, 0.3, 50, 200, 6, 21, 3333, 1
0, 4515, 84, 96, 90, 1233341, 1087173, 0.3, 50, 200, 6, 19, 3333, 1
0, 4792, 72, 91, 87, 1341974, 1190403, 0.3, 50, 200, 6, 21, 3333, 1
0, 4888, 74, 98, 86, 1275499, 1135029, 0.3, 50, 200, 6, 22, 3333, 1
0, 4408, 78, 91, 87, 1138869, 1013061, 0.3, 50, 200, 6, 21, 3333, 1
0, 4121, 77, 87, 78, 1083332, 960617, 0.3, 50, 200, 6, 18, 3333, 1
1, 3557, 65, 66, 66, 1130599, 1113303, 0.3, 50, 200, 6, 16, 3333, 1
1, 3575, 68, 69, 70, 1171655, 1169664, 0.3, 50, 200, 6, 14, 3333, 1
0, 5127, 65, 92, 82, 1331598, 1171411, 0.3, 50, 200, 6, 30, 3333, 1
1, 3614, 69, 70, 71, 1087193, 1066004, 0.3, 50, 200, 6, 19, 3333, 1
0, 4550, 67, 84, 77, 1386252, 1196220, 0.3, 50, 200, 6, 25, 3333, 1
0, 4603, 70, 93, 78, 1227866, 1086341, 0.3, 50, 200, 6, 21, 3333, 1
1, 3463, 57, 58, 58, 1179486, 1174167, 0.3, 50, 200, 6, 17, 3333, 1
0, 4839, 62, 89, 73, 1353918, 1181340, 0.3, 50, 200, 6, 22, 3333, 1
0, 4845, 53, 82, 62, 1364396, 1163691, 0.3, 50, 200, 6, 22, 3333, 1
0, 4763, 70, 88, 83, 1351842, 1193556, 0.3, 50, 200, 6, 25, 3333, 1
0, 5136, 73, 95, 83, 1542957, 1335121, 0.3, 50, 200, 6, 22, 3333, 1
0, 4463, 64, 80, 68, 1224951, 1050368, 0.3, 50, 200, 6, 23, 3333, 1
1, 3389, 76, 77, 77, 1038079, 1008448, 0.3, 50, 200, 6, 15, 3333, 1
0, 4322, 85, 103, 94, 1232492, 1111836, 0.3, 50, 200, 6, 20, 3333, 1
0, 4888, 70, 91, 79, 1338134, 1167573, 0.3, 50, 200, 6, 27, 3333, 1
0, 4546, 74, 91, 82, 1357571, 1188326, 0.3, 50, 200, 6, 25, 3333, 1
1, 3526, 76, 78, 78, 1071942, 1071963, 0.3, 50, 200, 6, 17, 3333, 1
0, 3984, 69, 81, 70, 1179250, 1029752, 0.3, 50, 200, 6, 17, 3333, 1
0, 5682, 75, 103, 93, 1433399, 1268466, 0.3, 50, 200, 6, 26, 3333, 1
0, 4501, 66, 82, 76, 1246648, 1087048, 0.3, 50, 200, 6, 25, 3333, 1
0, 4552, 75, 87, 83, 1360866, 1225539, 0.3, 50, 200, 6, 21, 3333, 1
1, 3342, 62, 63, 63, 989473, 953967, 0.3, 50, 200, 6, 14, 3333, 1
1, 3387, 76, 77, 77, 925298, 906433, 0.3, 50, 200, 6, 13, 3333, 1
0, 5214, 76, 104, 88, 1290118, 1155230, 0.3, 50, 200, 6, 24, 3333, 1
0, 4968, 69, 98, 81, 1295955, 1144790, 0.3, 50, 200, 6, 29, 3333, 1
0, 4775, 77, 100, 89, 1240887, 1110976, 0.3, 50, 200, 6, 25, 3333, 1
0, 4642, 71, 83, 77, 1056577, 938065, 0.3, 50, 200, 5, 15, 3333, 1
1, 3401, 70, 71, 73, 869613, 875235, 0.3, 50, 200, 5, 15, 3333, 1
0, 4511, 76, 94, 80, 1306741, 1173833, 0.3, 50, 200, 6, 23, 3333, 1
0, 6814, 66, 102, 82, 1724636, 1520354, 0.3, 50, 200, 6, 31, 3333, 1
0, 4760, 69, 87, 80, 1288046, 1121519, 0.3, 50, 200, 6, 22, 3333, 1
1, 3365, 65, 66, 66, 805958, 796940, 0.3, 50, 200, 5, 11, 3333, 1
0, 4769, 55, 80, 67, 1081197, 910309, 0.3, 50, 200, 5, 22, 3333, 1
0, 4690, 66, 86, 77, 944984, 833987, 0.3, 50, 200, 5, 19, 3333, 1
0, 4925, 63, 86, 75, 1171245, 1020384, 0.3, 50, 200, 5, 21, 3333, 1
1, 3589, 62, 64, 65, 857754, 845450, 0.3, 50, 200, 5, 10, 3333, 1
0, 4422, 72, 85, 76, 1039115, 907617, 0.3, 50, 200, 5, 16, 3333, 1
0, 4198, 87, 98, 96, 1117642, 1001491, 0.3, 50, 200, 5, 18, 3333, 1
0, 4871, 68, 87, 80, 1030777, 915909, 0.3, 50, 200, 5, 17, 3333, 1
0, 5530, 62, 92, 81, 1168420, 1022559, 0.3, 50, 200, 5, 20, 3333, 1
0, 4555, 66, 77, 71, 1030241, 884291, 0.3, 50, 200, 5, 17, 3333, 1
1, 3677, 59, 61, 61, 935192, 933063, 0.3, 50, 200, 5, 13, 3333, 1
1, 3669, 76, 77, 77, 843810, 829537, 0.3, 50, 200, 5, 16, 3333, 1
0, 4052, 64, 77, 70, 974281, 848823, 0.3, 50, 200, 5, 16, 3333, 1
1, 3514, 78, 79, 80, 932530, 932522, 0.3, 50, 200, 5, 14, 3333, 1
1, 3844, 74, 75, 77, 915997, 916308, 0.3, 50, 200, 5, 14, 3333, 1
0, 4772, 72, 79, 76, 972148, 856524, 0.3, 50, 200, 5, 18, 3333, 1
0, 4593, 70, 89, 76, 1080820, 964214, 0.3, 50, 200, 5, 17, 3333, 1
0, 4629, 80, 96, 85, 1197931, 1068331, 0.3, 50, 200, 5, 19, 3333, 1
1, 3434, 78, 79, 79, 791402, 791402, 0.3, 50, 200, 5, 12, 3333, 1
1, 3487, 75, 76, 78, 763870, 758769, 0.3, 50, 200, 5, 14, 3333, 1
1, 3428, 70, 71, 71, 798008, 792611, 0.3, 50, 200, 5, 12, 3333, 1
0, 4610, 81, 93, 89, 1193387, 1071923, 0.3, 50, 200, 5, 19, 3333, 1
0, 4540, 69, 80, 75, 1083047, 946768, 0.3, 50, 200, 5, 18, 3333, 1
0, 5168, 66, 95, 80, 1168318, 1008980, 0.3, 50, 200, 5, 17, 3333, 1
0, 4909, 66, 91, 77, 1046684, 905846, 0.3, 50, 200, 5, 21, 3333, 1
1, 3392, 53, 54, 54, 901040, 885904, 0.3, 50, 200, 5, 13, 3333, 1
0, 4140, 69, 82, 73, 900402, 781375, 0.3, 50, 200, 5, 19, 3333, 1
0, 4669, 70, 81, 75, 1065298, 925978, 0.3, 50, 200, 5, 19, 3333, 1
0, 4232, 78, 86, 79, 964452, 844557, 0.3, 50, 200, 5, 18, 3333, 1
1, 3515, 71, 72, 72, 843364, 841738, 0.3, 50, 200, 5, 11, 3333, 1
0, 5601, 67, 89, 78, 1203219, 1035592, 0.3, 50, 200, 5, 26, 3333, 1
0, 4711, 76, 96, 85, 1111624, 987754, 0.3, 50, 200, 5, 17, 3333, 1
0, 4148, 65, 80, 71, 1017560, 887660, 0.3, 50, 200, 5, 17, 3333, 1
1, 3408, 64, 65, 65, 771387, 753662, 0.3, 50, 200, 5, 14, 3333, 1
0, 4574, 60, 77, 66, 995147, 842152, 0.3, 50, 200, 5, 15, 3333, 1
0, 4660, 73, 94, 80, 1114531, 984155, 0.3, 50, 200, 5, 17, 3333, 1
0, 5272, 84, 106, 92, 1335522, 1207321, 0.3, 50, 200, 5, 22, 3333, 1
0, 4707, 74, 97, 90, 1048958, 919040, 0.3, 50, 200, 5, 18, 3333, 1
0, 4550, 77, 93, 81, 1098061, 959519, 0.3, 50, 200, 5, 14, 3333, 1
0, 5043, 76, 91, 83, 1193239, 1057325, 0.3, 50, 200, 5, 19, 3333, 1
1, 3523, 60, 61, 64, 841526, 848946, 0.3, 50, 200, 5, 13, 3333, 1
0, 5172, 85, 104, 96, 1121099, 1014765, 0.3, 50, 200, 5, 19, 3333, 1
0, 5559, 63, 92, 78, 1266472, 1090038, 0.3, 50, 200, 5, 23, 3333, 1
1, 3526, 74, 75, 76, 979648, 981979, 0.3, 50, 200, 5, 12, 3333, 1
0, 5105, 50, 74, 63, 1090638, 932092, 0.3, 50, 200, 5, 21, 3333, 1
1, 3403, 67, 68, 68, 965199, 954365, 0.3, 50, 200, 5, 12, 3333, 1
1, 3448, 65, 66, 66, 800144, 795519, 0.3, 50, 200, 5, 11, 3333, 1
1, 3603, 81, 83, 86, 919838, 920450, 0.3, 50, 200, 5, 12, 3333, 1
1, 3377, 73, 74, 75, 861078, 863277, 0.3, 50, 200, 5, 10, 3333, 1
0, 4204, 73, 95, 82, 943057, 814828, 0.3, 50, 200, 5, 17, 3333, 1
0, 4751, 70, 89, 79, 1054540, 924645, 0.3, 50, 200, 5, 19, 3333, 1
0, 4385, 75, 89, 79, 1005010, 886582, 0.3, 50, 200, 5, 16, 3333, 1
1, 3369, 74, 75, 75, 780277, 759350, 0.3, 50, 200, 5, 12, 3333, 1
0, 4251, 70, 83, 77, 998447, 870847, 0.3, 50, 200, 5, 18, 3333, 1
0, 5675, 64, 93, 83, 1183659, 1038037, 0.3, 50, 200, 5, 19, 3333, 1
1, 3362, 65, 66, 66, 944412, 944412, 0.3, 50, 200, 5, 14, 3333, 1
1, 3591, 76, 77, 79, 780883, 776681, 0.3, 50, 200, 5, 14, 3333, 1
0, 4599, 69, 78, 75, 1113283, 980897, 0.3, 50, 200, 5, 16, 3333, 1
0, 4567, 72, 91, 79, 959423, 837793, 0.3, 50, 200, 5, 18, 3333, 1
0, 4179, 77, 95, 85, 1091258, 958280, 0.3, 50, 200, 5, 13, 3333, 1
0, 3941, 68, 77, 71, 1103439, 972879, 0.3, 50, 200, 5, 13, 3333, 1
0, 5453, 73, 95, 90, 1224572, 1084754, 0.3, 50, 200, 5, 23, 3333, 1
1, 3407, 57, 58, 60, 885837, 889982, 0.3, 50, 200, 5, 14, 3333, 1
1, 3458, 73, 74, 76, 905173, 910428, 0.3, 50, 200, 5, 10, 3333, 1
0, 4469, 59, 71, 72, 957237, 824324, 0.3, 50, 200, 5, 16, 3333, 1
0, 4538, 67, 85, 72, 1060615, 916485, 0.3, 50, 200, 5, 17, 3333, 1
0, 4911, 86, 100, 94, 1193310, 1074170, 0.3, 50, 200, 5, 18, 3333, 1
1, 3700, 76, 77, 78, 987966, 990830, 0.3, 50, 200, 5, 11, 3333, 1
1, 3406, 73, 74, 74, 763805, 763805, 0.3, 50, 200, 5, 14, 3333, 1
0, 4811, 80, 91, 86, 1103888, 986770, 0.3, 50, 200, 5, 17, 3333, 1
0, 4769, 74, 96, 80, 1147739, 1016629, 0.3, 50, 200, 5, 18, 3333, 1
0, 5241, 67, 87, 82, 1166912, 1019137, 0.3, 50, 200, 5, 19, 3333, 1
1, 3566, 67, 68, 69, 840917, 835428, 0.3, 50, 200, 5, 10, 3333, 1
0, 4361, 67, 82, 75, 961175, 848662, 0.3, 50, 200, 5, 15, 3333, 1
0, 4248, 75, 92, 82, 976052, 867879, 0.3, 50, 200, 5, 14, 3333, 1
1, 3612, 63, 66, 64, 927870, 919706, 0.3, 50, 200, 5, 13, 3333, 1
0, 4241, 73, 88, 82, 947431, 826734, 0.3, 50, 200, 5, 16, 3333, 1
0, 4034, 61, 72, 62, 863497, 732897, 0.3, 50, 200, 5, 17, 3333, 1
0, 4976, 65, 86, 71, 1173519, 1024408, 0.3, 50, 200, 5, 16, 3333, 1
0, 5610, 56, 84, 70, 1263002, 1086012, 0.3, 50, 200, 5, 22, 3333, 1
1, 3449, 67, 68, 69, 795593, 798131, 0.3, 50, 200, 5, 14, 3333, 1
0, 4834, 79, 99, 87, 1039714, 932860, 0.3, 50, 200, 5, 18, 3333, 1
1, 3510, 57, 58, 58, 848182, 776698, 0.3, 50, 200, 5, 15, 3333, 1
0, 4375, 67, 77, 69, 1128833, 981123, 0.3, 50, 200, 5, 13, 3333, 1
0, 4747, 72, 91, 76, 1177862, 1032215, 0.3, 50, 200, 5, 18, 3333, 1
1, 3512, 77, 78, 79, 918288, 921053, 0.3, 50, 200, 5, 14, 3333, 1
1, 3480, 64, 65, 65, 909320, 876835, 0.3, 50, 200, 5, 14, 3333, 1
0, 4512, 68, 81, 72, 1068168, 910260, 0.3, 50, 200, 5, 19, 3333, 1
1, 3411, 71, 72, 74, 833934, 838440, 0.3, 50, 200, 5, 13, 3333, 1
1, 3518, 74, 75, 75, 815539, 809802, 0.3, 50, 200, 5, 13, 3333, 1
1, 3479, 73, 76, 76, 939783, 922716, 0.3, 50, 200, 5, 14, 3333, 1
0, 4477, 73, 85, 77, 977975, 872823, 0.3, 50, 200, 5, 17, 3333, 1
0, 4851, 73, 91, 80, 1052541, 910251, 0.3, 50, 200, 5, 21, 3333, 1
0, 4790, 66, 79, 79, 1101398, 968387, 0.3, 50, 200, 5, 17, 3333, 1
1, 3530, 72, 74, 74, 727792, 722763, 0.3, 50, 200, 4, 11, 3333, 1
0, 4532, 71, 93, 78, 1084229, 960825, 0.3, 50, 200, 5, 18, 3333, 1
0, 4735, 73, 89, 81, 913904, 797159, 0.3, 50, 200, 4, 12, 3333, 1
0, 4693, 56, 70, 65, 1111583, 954861, 0.3, 50, 200, 5, 19, 3333, 1
0, 4747, 94, 109, 98, 1172425, 1059168, 0.3, 50, 200, 5, 17, 3333, 1
0, 4979, 66, 100, 82, 870720, 756539, 0.3, 50, 200, 4, 14, 3333, 1
1, 3790, 67, 68, 68, 777288, 769235, 0.3, 50, 200, 4, 10, 3333, 1
1, 3513, 61, 62, 63, 768811, 773215, 0.3, 50, 200, 4, 9, 3333, 1
0, 4699, 72, 87, 78, 1089573, 960335, 0.3, 50, 200, 5, 19, 3333, 1
0, 4933, 67, 93, 82, 852880, 743066, 0.3, 50, 200, 4, 13, 3333, 1
0, 5440, 72, 95, 85, 1037952, 915887, 0.3, 50, 200, 4, 15, 3333, 1
0, 4357, 76, 94, 83, 801526, 702157, 0.3, 50, 200, 4, 13, 3333, 1
0, 3990, 76, 84, 77, 872970, 766817, 0.3, 50, 200, 4, 11, 3333, 1
1, 3449, 71, 73, 73, 682536, 680463, 0.3, 50, 200, 4, 8, 3333, 1
0, 4554, 66, 82, 73, 765970, 666160, 0.3, 50, 200, 4, 12, 3333, 1
0, 5337, 67, 98, 79, 965059, 843056, 0.3, 50, 200, 4, 16, 3333, 1
0, 3930, 73, 84, 77, 757335, 667268, 0.3, 50, 200, 4, 12, 3333, 1
0, 4279, 74, 87, 77, 762111, 659371, 0.3, 50, 200, 4, 13, 3333, 1
1, 3548, 82, 83, 84, 670392, 672355, 0.3, 50, 200, 4, 10, 3333, 1
0, 4726, 79, 96, 88, 963896, 849146, 0.3, 50, 200, 4, 11, 3333, 1
0, 4849, 62, 86, 81, 810131, 704732, 0.3, 50, 200, 4, 14, 3333, 1
0, 4462, 80, 96, 83, 767358, 691295, 0.3, 50, 200, 4, 13, 3333, 1
0, 4347, 64, 77, 72, 913097, 790335, 0.3, 50, 200, 4, 13, 3333, 1
1, 3417, 64, 65, 66, 735935, 738508, 0.3, 50, 200, 4, 7, 3333, 1
0, 4058, 84, 93, 91, 760941, 678144, 0.3, 50, 200, 4, 13, 3333, 1
0, 4308, 75, 88, 79, 779475, 688370, 0.3, 50, 200, 4, 12, 3333, 1
1, 3366, 68, 69, 69, 638704, 634298, 0.3, 50, 200, 4, 9, 3333, 1
1, 3654, 68, 69, 71, 733787, 730515, 0.3, 50, 200, 4, 8, 3333, 1
1, 3457, 69, 70, 71, 756043, 754804, 0.3, 50, 200, 4, 10, 3333, 1
0, 4831, 75, 87, 82, 896423, 764162, 0.3, 50, 200, 4, 15, 3333, 1
0, 4304, 78, 90, 82, 782159, 699339, 0.3, 50, 200, 4, 13, 3333, 1
1, 4272, 75, 77, 78, 768877, 768241, 0.3, 50, 200, 4, 11, 3333, 1
0, 4463, 65, 79, 70, 921689, 789935, 0.3, 50, 200, 4, 14, 3333, 1
0, 4436, 65, 87, 72, 921830, 792344, 0.3, 50, 200, 4, 11, 3333, 1
1, 3472, 71, 72, 73, 658015, 660156, 0.3, 50, 200, 4, 9, 3333, 1
0, 4145, 77, 86, 79, 743582, 638005, 0.3, 50, 200, 4, 12, 3333, 1
1, 3808, 73, 75, 75, 653619, 642066, 0.3, 50, 200, 4, 10, 3333, 1
1, 3449, 73, 75, 74, 612405, 607492, 0.3, 50, 200, 4, 10, 3333, 1
1, 3422, 66, 67, 67, 698391, 698391, 0.3, 50, 200, 4, 8, 3333, 1
1, 3746, 63, 68, 66, 740438, 742299, 0.3, 50, 200, 4, 11, 3333, 1
1, 3687, 79, 80, 81, 746749, 744907, 0.3, 50, 200, 4, 11, 3333, 1
0, 4414, 66, 87, 72, 897318, 793223, 0.3, 50, 200, 4, 12, 3333, 1
0, 3882, 81, 92, 83, 705686, 640534, 0.3, 50, 200, 4, 11, 3333, 1
0, 5204, 65, 88, 85, 905166, 796596, 0.3, 50, 200, 4, 17, 3333, 1
1, 3447, 67, 68, 68, 703230, 703230, 0.3, 50, 200, 4, 13, 3333, 1
1, 4044, 65, 69, 68, 773211, 767535, 0.3, 50, 200, 4, 10, 3333, 1
1, 3905, 81, 82, 83, 729291, 731820, 0.3, 50, 200, 4, 12, 3333, 1
1, 3479, 71, 72, 73, 686441, 686231, 0.3, 50, 200, 4, 9, 3333, 1
0, 4477, 76, 89, 84, 744960, 662626, 0.3, 50, 200, 4, 11, 3333, 1
0, 4976, 73, 93, 83, 923374, 809346, 0.3, 50, 200, 4, 15, 3333, 1
0, 4222, 78, 88, 84, 776293, 693862, 0.3, 50, 200, 4, 10, 3333, 1
0, 4578, 65, 81, 69, 991274, 860371, 0.3, 50, 200, 4, 14, 3333, 1
0, 4615, 62, 79, 68, 907519, 777295, 0.3, 50, 200, 4, 12, 3333, 1
0, 4731, 73, 85, 79, 887160, 765159, 0.3, 50, 200, 4, 13, 3333, 1
0, 4171, 70, 82, 74, 842542, 734231, 0.3, 50, 200, 4, 12, 3333, 1
0, 4443, 66, 82, 74, 836465, 736576, 0.3, 50, 200, 4, 13, 3333, 1
0, 4681, 69, 83, 80, 881831, 779443, 0.3, 50, 200, 4, 12, 3333, 1
0, 5315, 66, 93, 82, 1032720, 911159, 0.3, 50, 200, 4, 14, 3333, 1
1, 3489, 69, 70, 72, 739849, 741488, 0.3, 50, 200, 4, 8, 3333, 1
0, 5503, 68, 94, 78, 975141, 862434, 0.3, 50, 200, 4, 15, 3333, 1
0, 4794, 56, 75, 73, 906073, 773279, 0.3, 50, 200, 4, 17, 3333, 1
0, 5152, 61, 88, 75, 997279, 871309, 0.3, 50, 200, 4, 16, 3333, 1
0, 4061, 86, 98, 89, 760720, 678847, 0.3, 50, 200, 4, 12, 3333, 1
0, 4140, 80, 92, 82, 777670, 692202, 0.3, 50, 200, 4, 12, 3333, 1
0, 4377, 65, 75, 70, 794729, 698328, 0.3, 50, 200, 4, 13, 3333, 1
1, 3390, 65, 67, 66, 641946, 633882, 0.3, 50, 200, 4, 8, 3333, 1
0, 5015, 68, 92, 83, 881299, 773404, 0.3, 50, 200, 4, 14, 3333, 1
1, 4187, 77, 78, 78, 823669, 804134, 0.3, 50, 200, 4, 12, 3333, 1
0, 5222, 74, 97, 94, 920225, 820868, 0.3, 50, 200, 4, 16, 3333, 1
0, 5005, 73, 96, 87, 917309, 811118, 0.3, 50, 200, 4, 14, 3333, 1
1, 4026, 74, 77, 79, 851194, 848562, 0.3, 50, 200, 4, 12, 3333, 1
1, 3646, 71, 73, 73, 663291, 660087, 0.3, 50, 200, 4, 11, 3333, 1
0, 5693, 66, 87, 80, 1004554, 879614, 0.3, 50, 200, 4, 15, 3333, 1
1, 3488, 80, 81, 82, 738889, 741240, 0.3, 50, 200, 4, 9, 3333, 1
1, 3766, 63, 67, 66, 804603, 777579, 0.3, 50, 200, 4, 11, 3333, 1
0, 4627, 79, 97, 89, 802834, 693039, 0.3, 50, 200, 4, 15, 3333, 1
1, 3520, 67, 68, 70, 689453, 693424, 0.3, 50, 200, 4, 10, 3333, 1
0, 4714, 74, 89, 79, 848960, 749781, 0.3, 50, 200, 4, 14, 3333, 1
0, 4248, 59, 80, 71, 811622, 691319, 0.3, 50, 200, 4, 13, 3333, 1
0, 4858, 73, 85, 85, 915916, 804681, 0.3, 50, 200, 4, 16, 3333, 1
0, 4455, 72, 84, 75, 951098, 823637, 0.3, 50, 200, 4, 12, 3333, 1
1, 3483, 65, 67, 68, 665350, 661595, 0.3, 50, 200, 4, 10, 3333, 1
0, 4359, 63, 85, 68, 824940, 716009, 0.3, 50, 200, 4, 11, 3333, 1
0, 5107, 70, 88, 81, 864382, 768569, 0.3, 50, 200, 4, 14, 3333, 1
1, 3456, 66, 67, 67, 730579, 730579, 0.3, 50, 200, 4, 8, 3333, 1
0, 4324, 65, 85, 70, 831274, 722784, 0.3, 50, 200, 4, 13, 3333, 1
0, 5304, 72, 97, 83, 999519, 879006, 0.3, 50, 200, 4, 12, 3333, 1
0, 4689, 87, 95, 93, 860955, 772835, 0.3, 50, 200, 4, 14, 3333, 1
1, 3389, 61, 62, 65, 668194, 669473, 0.3, 50, 200, 4, 9, 3333, 1
0, 4950, 68, 91, 80, 844034, 735284, 0.3, 50, 200, 4, 14, 3333, 1
0, 4733, 70, 88, 74, 876404, 764761, 0.3, 50, 200, 4, 13, 3333, 1
0, 4474, 65, 82, 74, 762636, 670423, 0.3, 50, 200, 4, 12, 3333, 1
1, 3582, 78, 80, 79, 659158, 654357, 0.3, 50, 200, 4, 9, 3333, 1
1, 3571, 70, 71, 72, 752033, 751728, 0.3, 50, 200, 4, 8, 3333, 1
0, 4571, 65, 86, 77, 920561, 800258, 0.3, 50, 200, 4, 14, 3333, 1
0, 4587, 69, 90, 74, 843734, 740844, 0.3, 50, 200, 4, 14, 3333, 1
0, 4503, 79, 92, 85, 876471, 780689, 0.3, 50, 200, 4, 13, 3333, 1
1, 3929, 65, 66, 66, 751142, 749487, 0.3, 50, 200, 4, 9, 3333, 1
1, 3774, 78, 79, 79, 530693, 530693, 0.3, 50, 200, 3, 7, 3333, 1
1, 3424, 74, 75, 75, 747827, 747827, 0.3, 50, 200, 4, 12, 3333, 1
1, 3732, 70, 71, 72, 726098, 718563, 0.3, 50, 200, 4, 10, 3333, 1
0, 4429, 61, 83, 72, 563882, 485223, 0.3, 50, 200, 3, 7, 3333, 1
0, 4561, 61, 81, 68, 841375, 729836, 0.3, 50, 200, 4, 14, 3333, 1
0, 5392, 53, 85, 71, 730510, 626114, 0.3, 50, 200, 3, 8, 3333, 1
0, 4697, 74, 93, 81, 650680, 568839, 0.3, 50, 200, 3, 7, 3333, 1
1, 3376, 78, 79, 80, 491107, 493391, 0.3, 50, 200, 3, 6, 3333, 1
0, 3676, 79, 85, 81, 852740, 754258, 0.3, 50, 200, 4, 11, 3333, 1
1, 3401, 61, 62, 63, 462969, 463156, 0.3, 50, 200, 3, 5, 3333, 1
0, 4544, 73, 94, 84, 853588, 755125, 0.3, 50, 200, 4, 14, 3333, 1
0, 4358, 64, 83, 76, 602860, 531876, 0.3, 50, 200, 3, 7, 3333, 1
1, 3813, 66, 67, 68, 552195, 554505, 0.3, 50, 200, 3, 8, 3333, 1
0, 5221, 64, 86, 77, 903095, 778515, 0.3, 50, 200, 4, 13, 3333, 1
1, 3696, 68, 70, 71, 560700, 560988, 0.3, 50, 200, 3, 7, 3333, 1
1, 3578, 56, 57, 58, 495010, 497380, 0.3, 50, 200, 3, 6, 3333, 1
1, 3365, 59, 60, 61, 526672, 528446, 0.3, 50, 200, 3, 6, 3333, 1
0, 4371, 64, 77, 66, 785027, 686537, 0.3, 50, 200, 3, 7, 3333, 1
1, 3455, 77, 78, 79, 470791, 471123, 0.3, 50, 200, 3, 6, 3333, 1
1, 3551, 65, 66, 66, 521435, 508426, 0.3, 50, 200, 3, 5, 3333, 1
0, 4678, 66, 78, 74, 607546, 518063, 0.3, 50, 200, 3, 7, 3333, 1
0, 4688, 75, 94, 84, 662538, 585742, 0.3, 50, 200, 3, 10, 3333, 1
0, 4730, 59, 78, 66, 694195, 589122, 0.3, 50, 200, 3, 8, 3333, 1
1, 3432, 69, 70, 72, 516296, 521497, 0.3, 50, 200, 3, 6, 3333, 1
0, 4554, 66, 81, 70, 679765, 581064, 0.3, 50, 200, 3, 8, 3333, 1
1, 3627, 71, 72, 72, 516966, 507412, 0.3, 50, 200, 3, 8, 3333, 1
1, 3867, 69, 72, 73, 575762, 576715, 0.3, 50, 200, 3, 7, 3333, 1
1, 3461, 66, 68, 67, 471373, 469158, 0.3, 50, 200, 3, 5, 3333, 1
0, 4565, 78, 87, 82, 617617, 542341, 0.3, 50, 200, 3, 10, 3333, 1
0, 5322, 49, 80, 62, 660896, 561263, 0.3, 50, 200, 3, 11, 3333, 1
0, 4701, 58, 81, 62, 629028, 531174, 0.3, 50, 200, 3, 7, 3333, 1
0, 4621, 73, 90, 83, 617944, 550349, 0.3, 50, 200, 3, 10, 3333, 1
1, 3696, 79, 80, 81, 554464, 559838, 0.3, 50, 200, 3, 6, 3333, 1
1, 3708, 64, 65, 67, 663117, 666541, 0.3, 50, 200, 3, 7, 3333, 1
0, 4305, 72, 86, 78, 580996, 514798, 0.3, 50, 200, 3, 9, 3333, 1
1, 3546, 70, 71, 72, 557088, 559454, 0.3, 50, 200, 3, 7, 3333, 1
0, 4373, 75, 94, 83, 557152, 493260, 0.3, 50, 200, 3, 9, 3333, 1
1, 3387, 67, 68, 69, 567970, 570407, 0.3, 50, 200, 3, 6, 3333, 1
0, 4212, 74, 91, 79, 622882, 541774, 0.3, 50, 200, 3, 9, 3333, 1
1, 3346, 67, 68, 69, 497532, 499565, 0.3, 50, 200, 3, 7, 3333, 1
0, 5539, 63, 96, 78, 705119, 616805, 0.3, 50, 200, 3, 12, 3333, 1
1, 3421, 77, 78, 79, 481067, 483537, 0.3, 50, 200, 3, 8, 3333, 1
0, 4492, 81, 97, 87, 591520, 530265, 0.3, 50, 200, 3, 10, 3333, 1
0, 4670, 76, 96, 86, 648229, 575982, 0.3, 50, 200, 3, 9, 3333, 1
0, 5137, 67, 103, 83, 709937, 622227, 0.3, 50, 200, 3, 11, 3333, 1
0, 4508, 78, 94, 84, 636207, 561838, 0.3, 50, 200, 3, 10, 3333, 1
1, 3676, 56, 57, 58, 548214, 550762, 0.3, 50, 200, 3, 6, 3333, 1
0, 4679, 74, 97, 91, 625311, 552356, 0.3, 50, 200, 3, 11, 3333, 1
0, 4504, 70, 80, 77, 561374, 490067, 0.3, 50, 200, 3, 10, 3333, 1
1, 3522, 66, 68, 67, 557625, 552197, 0.3, 50, 200, 3, 7, 3333, 1
1, 3487, 60, 61, 61, 562683, 549332, 0.3, 50, 200, 3, 7, 3333, 1
1, 3554, 72, 74, 73, 521306, 518995, 0.3, 50, 200, 3, 6, 3333, 1
0, 5724, 59, 89, 74, 812696, 697533, 0.3, 50, 200, 3, 12, 3333, 1
0, 4984, 68, 89, 79, 703968, 615605, 0.3, 50, 200, 3, 10, 3333, 1
1, 3533, 69, 70, 70, 539372, 523127, 0.3, 50, 200, 3, 9, 3333, 1
0, 4982, 63, 90, 80, 651845, 570626, 0.3, 50, 200, 3, 9, 3333, 1
1, 3608, 74, 75, 76, 522923, 525584, 0.3, 50, 200, 3, 7, 3333, 1
0, 4842, 63, 86, 72, 658872, 575563, 0.3, 50, 200, 3, 9, 3333, 1
1, 3831, 69, 70, 70, 569753, 563334, 0.3, 50, 200, 3, 7, 3333, 1
0, 4539, 67, 85, 73, 578182, 501353, 0.3, 50, 200, 3, 8, 3333, 1
0, 4287, 83, 92, 84, 567974, 501295, 0.3, 50, 200, 3, 8, 3333, 1
1, 3486, 62, 63, 63, 535527, 520773, 0.3, 50, 200, 3, 6, 3333, 1
0, 5783, 65, 97, 82, 774061, 692772, 0.3, 50, 200, 3, 12, 3333, 1
1, 3526, 76, 77, 80, 575512, 577565, 0.3, 50, 200, 3, 6, 3333, 1
0, 4874, 69, 88, 78, 690221, 603202, 0.3, 50, 200, 3, 10, 3333, 1
1, 3436, 75, 77, 76, 496213, 490517, 0.3, 50, 200, 3, 6, 3333, 1
0, 4831, 88, 100, 94, 739469, 669577, 0.3, 50, 200, 3, 10, 3333, 1
1, 3505, 66, 67, 67, 459100, 459100, 0.3, 50, 200, 3, 6, 3333, 1
1, 3363, 61, 62, 63, 463898, 466208, 0.3, 50, 200, 3, 5, 3333, 1
1, 3388, 73, 74, 74, 502818, 500238, 0.3, 50, 200, 3, 7, 3333, 1
1, 3758, 72, 73, 74, 552151, 554339, 0.3, 50, 200, 3, 7, 3333, 1
1, 3413, 68, 69, 69, 468352, 445097, 0.3, 50, 200, 3, 6, 3333, 1
0, 4624, 80, 95, 89, 685897, 612634, 0.3, 50, 200, 3, 9, 3333, 1
0, 4405, 67, 80, 71, 625426, 541801, 0.3, 50, 200, 3, 7, 3333, 1
0, 4149, 70, 86, 72, 521597, 457840, 0.3, 50, 200, 3, 6, 3333, 1
0, 4405, 67, 86, 71, 758614, 656527, 0.3, 50, 200, 3, 9, 3333, 1
0, 4386, 67, 84, 74, 632750, 550501, 0.3, 50, 200, 3, 8, 3333, 1
0, 5553, 61, 86, 74, 726352, 626459, 0.3, 50, 200, 3, 12, 3333, 1
1, 3549, 56, 57, 58, 544078, 549017, 0.3, 50, 200, 3, 5, 3333, 1
0, 5191, 77, 100, 85, 704738, 621271, 0.3, 50, 200, 3, 10, 3333, 1
1, 3385, 73, 74, 74, 493805, 488498, 0.3, 50, 200, 3, 7, 3333, 1
1, 3504, 69, 70, 71, 539321, 541952, 0.3, 50, 200, 3, 6, 3333, 1
0, 4606, 77, 87, 81, 678616, 603387, 0.3, 50, 200, 3, 8, 3333, 1
0, 4600, 68, 86, 73, 610782, 529320, 0.3, 50, 200, 3, 9, 3333, 1
0, 5684, 69, 93, 86, 682985, 602266, 0.3, 50, 200, 3, 10, 3333, 1
0, 4721, 73, 99, 83, 569177, 500287, 0.3, 50, 200, 3, 8, 3333, 1
1, 3477, 72, 73, 75, 508899, 510665, 0.3, 50, 200, 3, 6, 3333, 1
0, 4344, 75, 84, 84, 621823, 549635, 0.3, 50, 200, 3, 8, 3333, 1
0, 4709, 69, 81, 73, 661085, 582982, 0.3, 50, 200, 3, 9, 3333, 1
0, 4528, 53, 70, 55, 622102, 524509, 0.3, 50, 200, 3, 9, 3333, 1
0, 5295, 67, 99, 84, 741742, 640290, 0.3, 50, 200, 3, 11, 3333, 1
1, 3552, 58, 59, 59, 532276, 527636, 0.3, 50, 200, 3, 5, 3333, 1
1, 3687, 79, 80, 80, 484562, 478288, 0.3, 50, 200, 3, 7, 3333, 1
1, 3509, 62, 63, 65, 557922, 556591, 0.3, 50, 200, 3, 6, 3333, 1
0, 5900, 58, 91, 82, 757700, 662541, 0.3, 50, 200, 3, 12, 3333, 1
1, 3734, 63, 66, 64, 557601, 545114, 0.3, 50, 200, 3, 7, 3333, 1
0, 5031, 78, 102, 91, 662830, 588194, 0.3, 50, 200, 3, 8, 3333, 1
0, 4483, 74, 86, 79, 654292, 580163, 0.3, 50, 200, 3, 8, 3333, 1
0, 5713, 70, 95, 83, 780713, 687808, 0.3, 50, 200, 3, 12, 3333, 1
1, 3652, 69, 70, 70, 393527, 387597, 0.3, 50, 200, 2, 4, 3333, 1
0, 4411, 74, 93, 78, 579374, 498559, 0.3, 50, 200, 3, 8, 3333, 1
1, 3427, 69, 70, 70, 414105, 404594, 0.3, 50, 200, 3, 6, 3333, 1
1, 3562, 68, 70, 71, 330787, 337802, 0.3, 50, 200, 2, 4, 3333, 1
1, 3741, 76, 77, 78, 373088, 383154, 0.3, 50, 200, 2, 4, 3333, 1
0, 4493, 65, 83, 72, 635267, 549919, 0.3, 50, 200, 3, 7, 3333, 1
0, 4439, 79, 90, 80, 443595, 390563, 0.3, 50, 200, 2, 5, 3333, 1
1, 3506, 70, 71, 72, 332056, 334529, 0.3, 50, 200, 2, 3, 3333, 1
1, 3404, 65, 66, 66, 397336, 397336, 0.3, 50, 200, 2, 3, 3333, 1
0, 5659, 73, 95, 84, 739469, 655572, 0.3, 50, 200, 3, 10, 3333, 1
0, 4695, 86, 101, 92, 597133, 538506, 0.3, 50, 200, 3, 10, 3333, 1
1, 3740, 74, 75, 79, 492537, 500435, 0.3, 50, 200, 3, 8, 3333, 1
0, 5626, 67, 91, 88, 769137, 679102, 0.3, 50, 200, 3, 10, 3333, 1
0, 5050, 65, 88, 74, 452603, 396463, 0.3, 50, 200, 2, 6, 3333, 1
0, 4667, 67, 83, 77, 449405, 391619, 0.3, 50, 200, 2, 6, 3333, 1
1, 3999, 69, 71, 73, 389077, 393844, 0.3, 50, 200, 2, 5, 3333, 1
1, 3803, 72, 73, 73, 415632, 412815, 0.3, 50, 200, 2, 5, 3333, 1
0, 4223, 68, 84, 72, 368555, 324406, 0.3, 50, 200, 2, 4, 3333, 1
1, 3634, 64, 65, 66, 312062, 314144, 0.3, 50, 200, 2, 4, 3333, 1
1, 3563, 78, 80, 79, 371079, 368430, 0.3, 50, 200, 2, 4, 3333, 1
1, 3445, 70, 71, 71, 343217, 340632, 0.3, 50, 200, 2, 3, 3333, 1
1, 3563, 61, 62, 62, 368894, 365719, 0.3, 50, 200, 2, 4, 3333, 1
1, 3500, 76, 77, 77, 360197, 360197, 0.3, 50, 200, 2, 3, 3333, 1
0, 4394, 59, 80, 66, 421066, 362344, 0.3, 50, 200, 2, 5, 3333, 1
1, 3402, 73, 74, 75, 361910, 361153, 0.3, 50, 200, 2, 4, 3333, 1
0, 4215, 71, 89, 80, 361510, 317140, 0.3, 50, 200, 2, 5, 3333, 1
1, 3497, 58, 59, 59, 336651, 329661, 0.3, 50, 200, 2, 3, 3333, 1
1, 3813, 57, 58, 62, 349439, 353199, 0.3, 50, 200, 2, 5, 3333, 1
1, 3445, 62, 64, 64, 355698, 353142, 0.3, 50, 200, 2, 3, 3333, 1
1, 3949, 76, 80, 78, 381736, 377277, 0.3, 50, 200, 2, 5, 3333, 1
0, 5576, 76, 100, 94, 466857, 413389, 0.3, 50, 200, 2, 8, 3333, 1
1, 3551, 76, 77, 80, 322200, 322595, 0.3, 50, 200, 2, 4, 3333, 1
1, 3572, 73, 74, 75, 315385, 319944, 0.3, 50, 200, 2, 4, 3333, 1
0, 5383, 64, 89, 78, 519031, 443235, 0.3, 50, 200, 2, 6, 3333, 1
1, 3844, 75, 76, 77, 397535, 400345, 0.3, 50, 200, 2, 4, 3333, 1
0, 4839, 74, 90, 83, 458881, 401135, 0.3, 50, 200, 2, 6, 3333, 1
0, 4673, 64, 80, 71, 456284, 399293, 0.3, 50, 200, 2, 5, 3333, 1
1, 3840, 75, 76, 79, 390142, 394035, 0.3, 50, 200, 2, 4, 3333, 1
0, 5260, 70, 82, 77, 441455, 386366, 0.3, 50, 200, 2, 6, 3333, 1
1, 3556, 74, 75, 75, 401865, 394597, 0.3, 50, 200, 2, 4, 3333, 1
1, 3763, 73, 75, 76, 359284, 361489, 0.3, 50, 200, 2, 5, 3333, 1
1, 3767, 75, 76, 76, 367929, 362676, 0.3, 50, 200, 2, 4, 3333, 1
1, 3951, 67, 70, 71, 387424, 389806, 0.3, 50, 200, 2, 5, 3333, 1
0, 4829, 66, 82, 80, 419570, 366325, 0.3, 50, 200, 2, 6, 3333, 1
1, 3463, 69, 70, 71, 361171, 363763, 0.3, 50, 200, 2, 4, 3333, 1
0, 4225, 56, 67, 60, 382407, 324224, 0.3, 50, 200, 2, 5, 3333, 1
0, 4108, 75, 88, 79, 423583, 378040, 0.3, 50, 200, 2, 5, 3333, 1
1, 3468, 67, 68, 69, 347315, 349660, 0.3, 50, 200, 2, 4, 3333, 1
1, 3990, 73, 74, 75, 355601, 358144, 0.3, 50, 200, 2, 4, 3333, 1
1, 3431, 59, 60, 61, 346111, 348349, 0.3, 50, 200, 2, 4, 3333, 1
0, 4676, 68, 86, 77, 486429, 423187, 0.3, 50, 200, 2, 6, 3333, 1
1, 3488, 71, 73, 72, 351525, 348848, 0.3, 50, 200, 2, 3, 3333, 1
0, 4482, 66, 88, 73, 486552, 427675, 0.3, 50, 200, 2, 6, 3333, 1
0, 4830, 63, 84, 77, 409833, 359020, 0.3, 50, 200, 2, 6, 3333, 1
1, 3524, 59, 60, 60, 332554, 330170, 0.3, 50, 200, 2, 4, 3333, 1
0, 4916, 63, 92, 75, 487221, 424679, 0.3, 50, 200, 2, 6, 3333, 1
1, 3678, 63, 67, 68, 308839, 309328, 0.3, 50, 200, 2, 4, 3333, 1
0, 4912, 76, 98, 87, 439236, 385847, 0.3, 50, 200, 2, 7, 3333, 1
1, 3560, 68, 69, 70, 343908, 346650, 0.3, 50, 200, 2, 4, 3333, 1
1, 3531, 58, 59, 59, 267459, 261531, 0.3, 50, 200, 2, 4, 3333, 1
0, 4144, 72, 89, 81, 365874, 325884, 0.3, 50, 200, 2, 5, 3333, 1
0, 4830, 68, 83, 75, 435831, 379528, 0.3, 50, 200, 2, 6, 3333, 1
0, 4604, 67, 86, 73, 490616, 419591, 0.3, 50, 200, 2, 5, 3333, 1
0, 4961, 62, 81, 71, 435166, 380444, 0.3, 50, 200, 2, 5, 3333, 1
1, 3411, 62, 63, 64, 375826, 378289, 0.3, 50, 200, 2, 4, 3333, 1
1, 3652, 70, 71, 72, 315686, 315788, 0.3, 50, 200, 2, 3, 3333, 1
0, 4287, 87, 104, 93, 374568, 333294, 0.3, 50, 200, 2, 6, 3333, 1
1, 3580, 62, 63, 64, 306762, 311349, 0.3, 50, 200, 2, 3, 3333, 1
0, 4747, 70, 82, 76, 426390, 376060, 0.3, 50, 200, 2, 6, 3333, 1
0, 5394, 63, 85, 72, 453926, 396285, 0.3, 50, 200, 2, 6, 3333, 1
1, 3426, 65, 66, 67, 337839, 340209, 0.3, 50, 200, 2, 3, 3333, 1
1, 3461, 48, 50, 50, 345062, 345079, 0.3, 50, 200, 2, 4, 3333, 1
0, 5397, 69, 92, 86, 483106, 425619, 0.3, 50, 200, 2, 6, 3333, 1
1, 3610, 80, 81, 82, 369977, 372655, 0.3, 50, 200, 2, 4, 3333, 1
0, 4425, 54, 71, 61, 363729, 305557, 0.3, 50, 200, 2, 5, 3333, 1
1, 3553, 67, 68, 71, 344661, 349218, 0.3, 50, 200, 2, 4, 3333, 1
0, 5553, 61, 91, 83, 468484, 412647, 0.3, 50, 200, 2, 7, 3333, 1
1, 3470, 74, 75, 75, 331401, 328990, 0.3, 50, 200, 2, 4, 3333, 1
1, 3439, 67, 69, 69, 358036, 358041, 0.3, 50, 200, 2, 4, 3333, 1
0, 4449, 70, 85, 72, 457269, 394503, 0.3, 50, 200, 2, 5, 3333, 1
1, 3535, 66, 68, 67, 368360, 360354, 0.3, 50, 200, 2, 3, 3333, 1
1, 4079, 79, 80, 81, 437358, 440243, 0.3, 50, 200, 2, 5, 3333, 1
1, 3849, 77, 81, 83, 369058, 368946, 0.3, 50, 200, 2, 5, 3333, 1
1, 3690, 71, 72, 76, 294294, 303135, 0.3, 50, 200, 2, 4, 3333, 1
0, 5046, 62, 82, 74, 485829, 417782, 0.3, 50, 200, 2, 6, 3333, 1
0, 4728, 70, 89, 78, 505469, 442236, 0.3, 50, 200, 2, 6, 3333, 1
1, 3561, 57, 58, 59, 335724, 335060, 0.3, 50, 200, 2, 4, 3333, 1
0, 4690, 58, 80, 64, 409103, 349482, 0.3, 50, 200, 2, 5, 3333, 1
1, 3489, 65, 66, 67, 359368, 361823, 0.3, 50, 200, 2, 3, 3333, 1
0, 4242, 79, 91, 82, 392232, 349939, 0.3, 50, 200, 2, 6, 3333, 1
1, 3593, 53, 54, 55, 333930, 335985, 0.3, 50, 200, 2, 3, 3333, 1
1, 3624, 72, 73, 74, 328148, 330104, 0.3, 50, 200, 2, 4, 3333, 1
0, 4935, 53, 75, 65, 384528, 329052, 0.3, 50, 200, 2, 5, 3333, 1
1, 3554, 74, 76, 75, 309354, 304835, 0.3, 50, 200, 2, 3, 3333, 1
0, 3803, 68, 80, 69, 399827, 344320, 0.3, 50, 200, 2, 4, 3333, 1
1, 3440, 76, 77, 77, 312699, 302016, 0.3, 50, 200, 2, 4, 3333, 1
0, 4067, 68, 80, 70, 373987, 324797, 0.3, 50, 200, 2, 5, 3333, 1
1, 3777, 75, 76, 80, 334049, 334805, 0.3, 50, 200, 2, 4, 3333, 1
1, 3650, 66, 68, 67, 317815, 313272, 0.3, 50, 200, 2, 4, 3333, 1
0, 5896, 63, 90, 83, 552911, 484529, 0.3, 50, 200, 2, 6, 3333, 1
1, 3441, 72, 73, 74, 137994, 140036, 0.3, 50, 200, 1, 1, 3333, 1
1, 3698, 83, 87, 91, 280973, 289129, 0.3, 50, 200, 2, 4, 3333, 1
0, 4192, 71, 81, 73, 349764, 305855, 0.3, 50, 200, 2, 5, 3333, 1
1, 3811, 72, 73, 74, 410060, 413178, 0.3, 50, 200, 2, 4, 3333, 1
1, 4013, 67, 68, 70, 203947, 209232, 0.3, 50, 200, 1, 1, 3333, 1
1, 3602, 67, 69, 70, 158284, 160597, 0.3, 50, 200, 1, 2, 3333, 1
0, 4037, 77, 92, 82, 408156, 361497, 0.3, 50, 200, 2, 5, 3333, 1
0, 4233, 72, 83, 78, 428480, 378293, 0.3, 50, 200, 2, 5, 3333, 1
1, 3963, 75, 78, 79, 166650, 168745, 0.3, 50, 200, 1, 1, 3333, 1
1, 3532, 65, 68, 68, 283207, 288070, 0.3, 50, 200, 2, 4, 3333, 1
0, 4307, 73, 88, 78, 182666, 160448, 0.3, 50, 200, 1, 2, 3333, 1
0, 4709, 70, 93, 80, 456243, 400437, 0.3, 50, 200, 2, 5, 3333, 1
0, 4862, 74, 92, 82, 239733, 212007, 0.3, 50, 200, 1, 2, 3333, 1
1, 3593, 75, 76, 77, 131185, 133119, 0.3, 50, 200, 1, 1, 3333, 1
1, 3536, 67, 69, 69, 184563, 184684, 0.3, 50, 200, 1, 2, 3333, 1
1, 3401, 72, 74, 74, 162544, 162555, 0.3, 50, 200, 1, 1, 3333, 1
1, 3786, 67, 69, 69, 214764, 214906, 0.3, 50, 200, 1, 1, 3333, 1
0, 5232, 68, 90, 78, 283526, 248414, 0.3, 50, 200, 1, 3, 3333, 1
1, 3722, 68, 70, 70, 166036, 166042, 0.3, 50, 200, 1, 2, 3333, 1
0, 4669, 72, 93, 84, 231846, 205729, 0.3, 50, 200, 1, 3, 3333, 1
0, 5773, 65, 100, 89, 209002, 184732, 0.3, 50, 200, 1, 3, 3333, 1
1, 3392, 73, 74, 75, 161884, 164291, 0.3, 50, 200, 1, 1, 3333, 1
1, 3737, 78, 79, 80, 187899, 190480, 0.3, 50, 200, 1, 2, 3333, 1
1, 3395, 59, 61, 61, 137627, 137638, 0.3, 50, 200, 1, 1, 3333, 1
0, 4109, 69, 84, 74, 169524, 148097, 0.3, 50, 200, 1, 2, 3333, 1
1, 3828, 64, 66, 68, 162358, 167121, 0.3, 50, 200, 1, 2, 3333, 1
0, 5014, 80, 102, 92, 223073, 199038, 0.3, 50, 200, 1, 2, 3333, 1
1, 3520, 71, 72, 73, 190048, 192866, 0.3, 50, 200, 1, 1, 3333, 1
1, 3630, 70, 71, 72, 142263, 144272, 0.3, 50, 200, 1, 1, 3333, 1
1, 3662, 78, 80, 80, 186343, 186353, 0.3, 50, 200, 1, 1, 3333, 1
0, 5261, 70, 95, 84, 225086, 198752, 0.3, 50, 200, 1, 3, 3333, 1
1, 3545, 82, 83, 84, 179333, 181940, 0.3, 50, 200, 1, 2, 3333, 1
1, 3781, 77, 78, 79, 156850, 158981, 0.3, 50, 200, 1, 1, 3333, 1
1, 3714, 68, 69, 70, 179999, 182647, 0.3, 50, 200, 1, 1, 3333, 1
1, 3500, 66, 68, 68, 164935, 164980, 0.3, 50, 200, 1, 1, 3333, 1
1, 3842, 67, 69, 70, 209206, 211976, 0.3, 50, 200, 1, 1, 3333, 1
0, 4631, 80, 96, 86, 255701, 224961, 0.3, 50, 200, 1, 2, 3333, 1
1, 3679, 72, 74, 75, 140905, 142948, 0.3, 50, 200, 1, 1, 3333, 1
0, 4174, 60, 74, 62, 215398, 183512, 0.3, 50, 200, 1, 2, 3333, 1
1, 3919, 69, 71, 71, 193910, 193947, 0.3, 50, 200, 1, 2, 3333, 1
1, 3690, 60, 62, 62, 164927, 164956, 0.3, 50, 200, 1, 1, 3333, 1
0, 4191, 77, 90, 80, 206711, 181404, 0.3, 50, 200, 1, 2, 3333, 1
0, 4475, 61, 80, 68, 188051, 162011, 0.3, 50, 200, 1, 2, 3333, 1
1, 3536, 67, 68, 69, 191014, 193798, 0.3, 50, 200, 1, 1, 3333, 1
1, 3790, 64, 65, 66, 167568, 169927, 0.3, 50, 200, 1, 2, 3333, 1
1, 4593, 54, 58, 59, 197051, 198585, 0.3, 50, 200, 1, 2, 3333, 1
1, 3526, 77, 78, 79, 157746, 160003, 0.3, 50, 200, 1, 1, 3333, 1
0, 4637, 85, 100, 90, 283169, 250282, 0.3, 50, 200, 1, 2, 3333, 1
1, 3727, 68, 70, 70, 180842, 180975, 0.3, 50, 200, 1, 1, 3333, 1
0, 4438, 74, 91, 80, 195428, 170259, 0.3, 50, 200, 1, 2, 3333, 1
0, 5645, 74, 102, 90, 281074, 249134, 0.3, 50, 200, 1, 2, 3333, 1
1, 3492, 67, 68, 69, 167329, 169799, 0.3, 50, 200, 1, 1, 3333, 1
1, 3729, 95, 96, 98, 198573, 204078, 0.3, 50, 200, 1, 2, 3333, 1
1, 3810, 71, 73, 73, 202487, 202546, 0.3, 50, 200, 1, 1, 3333, 1
1, 4555, 70, 79, 80, 181161, 182743, 0.3, 50, 200, 1, 2, 3333, 1
1, 3617, 84, 86, 87, 181737, 184294, 0.3, 50, 200, 1, 1, 3333, 1
1, 3599, 73, 75, 76, 192475, 195252, 0.3, 50, 200, 1, 1, 3333, 1
1, 3694, 70, 71, 73, 168601, 173537, 0.3, 50, 200, 1, 1, 3333, 1
0, 4967, 77, 104, 95, 230099, 207534, 0.3, 50, 200, 1, 3, 3333, 1
1, 3495, 75, 76, 77, 158839, 161206, 0.3, 50, 200, 1, 2, 3333, 1
1, 3606, 69, 70, 71, 213702, 216710, 0.3, 50, 200, 1, 2, 3333, 1
1, 3567, 77, 79, 79, 169729, 169748, 0.3, 50, 200, 1, 1, 3333, 1
1, 4223, 80, 82, 85, 200729, 208349, 0.3, 50, 200, 1, 2, 3333, 1
0, 3732, 69, 81, 71, 189303, 164999, 0.3, 50, 200, 1, 2, 3333, 1
1, 3644, 72, 73, 75, 177663, 182634, 0.3, 50, 200, 1, 1, 3333, 1
0, 4147, 77, 91, 81, 191033, 167771, 0.3, 50, 200, 1, 2, 3333, 1
1, 3762, 76, 78, 78, 175058, 175182, 0.3, 50, 200, 1, 2, 3333, 1
1, 3493, 71, 72, 73, 160835, 163221, 0.3, 50, 200, 1, 1, 3333, 1
0, 5626, 71, 107, 98, 216102, 195987, 0.3, 50, 200, 1, 3, 3333, 1
1, 4004, 81, 82, 83, 196135, 198609, 0.3, 50, 200, 1, 2, 3333, 1
1, 3615, 68, 69, 70, 152415, 154563, 0.3, 50, 200, 1, 2, 3333, 1
1, 3772, 67, 68, 69, 198643, 201299, 0.3, 50, 200, 1, 2, 3333, 1
1, 3626, 69, 71, 72, 170070, 172515, 0.3, 50, 200, 1, 1, 3333, 1
1, 3532, 73, 74, 76, 165722, 170645, 0.3, 50, 200, 1, 1, 3333, 1
0, 4197, 71, 87, 76, 195785, 170639, 0.3, 50, 200, 1, 2, 3333, 1
1, 3491, 74, 75, 76, 155390, 157692, 0.3, 50, 200, 1, 1, 3333, 1
1, 3660, 67, 69, 69, 178876, 178951, 0.3, 50, 200, 1, 1, 3333, 1
1, 3463, 76, 78, 78, 228461, 228517, 0.3, 50, 200, 1, 2, 3333, 1
0, 6107, 61, 98, 84, 247129, 216475, 0.3, 50, 200, 1, 4, 3333, 1
1, 3540, 68, 69, 70, 152189, 154358, 0.3, 50, 200, 1, 1, 3333, 1
1, 3562, 66, 68, 68, 194789, 194790, 0.3, 50, 200, 1, 1, 3333, 1
1, 3777, 78, 80, 81, 159997, 162230, 0.3, 50, 200, 1, 2, 3333, 1
1, 3624, 70, 71, 72, 148610, 150740, 0.3, 50, 200, 1, 1, 3333, 1
1, 3470, 72, 73, 75, 143978, 148222, 0.3, 50, 200, 1, 1, 3333, 1
1, 4188, 76, 83, 84, 145055, 146512, 0.3, 50, 200, 1, 2, 3333, 1
0, 5439, 84, 115, 106, 183229, 165560, 0.3, 50, 200, 1, 4, 3333, 1
1, 3523, 67, 68, 69, 203685, 206653, 0.3, 50, 200, 1, 1, 3333, 1
1, 3540, 65, 67, 67, 146024, 146043, 0.3, 50, 200, 1, 1, 3333, 1
1, 3775, 62, 63, 65, 158997, 163310, 0.3, 50, 200, 1, 2, 3333, 1
1, 3546, 64, 65, 66, 222366, 225699, 0.3, 50, 200, 1, 1, 3333, 1
1, 3756, 75, 77, 77, 210682, 210758, 0.3, 50, 200, 1, 2, 3333, 1
1, 3535, 74, 75, 80, 153217, 164720, 0.3, 50, 200, 1, 2, 3333, 1
1, 3931, 58, 60, 60, 163447, 163478, 0.3, 50, 200, 1, 2, 3333, 1
1, 3460, 58, 60, 60, 192774, 192803, 0.3, 50, 200, 1, 2, 3333, 1
1, 3694, 73, 75, 77, 143496, 147536, 0.3, 50, 200, 1, 1, 3333, 1
0, 5056, 50, 74, 58, 260921, 220391, 0.3, 50, 200, 1, 3, 3333, 1
1, 3625, 74, 75, 77, 170546, 175510, 0.3, 50, 200, 1, 2, 3333, 1
1, 3449, 73, 75, 75, 137341, 137358, 0.3, 50, 200, 1, 1, 3333, 1
1, 3747, 72, 74, 74, 135291, 135299, 0.3, 50, 200, 1, 1, 3333, 1
1, 3473, 56, 57, 58, 165448, 167879, 0.3, 50, 200, 1, 1, 3333, 1
0, 4834, 60, 77, 63, 213195, 180417, 0.3, 50, 200, 1, 2, 3333, 1
1, 3550, 70, 72, 73, 178226, 180893, 0.3, 50, 200, 1, 1, 3333, 1
1, 4124, 75, 77, 77, 277320, 277363, 0.3, 50, 200, 1, 1, 3333, 1
1, 3551, 65, 67, 67, 170573, 170574, 0.3, 50, 200, 1, 1, 3333, 1
0, 4536, 68, 82, 71, 231118, 201994, 0.3, 50, 200, 1, 1, 3333, 1
1, 3613, 79, 81, 82, 198569, 201542, 0.3, 50, 200, 1, 1, 3333, 1
0, 4761, 63, 87, 75, 190765, 164964, 0.3, 50, 200, 1, 2, 3333, 1
1, 3427, 71, 72, 72, 11113030, 10954848, 0.3, 50, 200, 64, 2109, 3333, 1
1, 3380, 68, 69, 69, 11203970, 11203970, 0.3, 50, 200, 64, 2200, 3333, 1
1, 3733, 70, 71, 71, 11653648, 11653648, 0.3, 50, 200, 64, 2468, 3333, 1
0, 4016, 69, 75, 70, 11985217, 10431291, 0.3, 50, 200, 64, 2621, 3333, 1
0, 4228, 82, 97, 89, 12640190, 11293603, 0.3, 50, 200, 64, 2760, 3333, 1
0, 4376, 80, 100, 90, 12731380, 11484317, 0.3, 50, 200, 64, 2816, 3333, 1
0, 4575, 76, 93, 85, 13437935, 11949728, 0.3, 50, 200, 64, 2908, 3333, 1
0, 4475, 72, 85, 77, 12891176, 11364741, 0.3, 50, 200, 64, 2920, 3333, 1
0, 4484, 78, 97, 86, 13293252, 11840927, 0.3, 50, 200, 64, 2922, 3333, 1
0, 4573, 71, 95, 84, 13255566, 11611385, 0.3, 50, 200, 64, 2965, 3333, 1
0, 4688, 67, 81, 81, 13783493, 12130196, 0.3, 50, 200, 64, 3110, 3333, 1
0, 4749, 78, 95, 90, 14250776, 12506596, 0.3, 50, 200, 64, 3166, 3333, 1
0, 4862, 74, 93, 79, 14559511, 12705235, 0.3, 50, 200, 64, 3219, 3333, 1
0, 4937, 77, 93, 84, 15265113, 13588510, 0.3, 50, 200, 64, 3277, 3333, 1
0, 5243, 70, 97, 81, 14808364, 13007182, 0.3, 50, 200, 64, 3495, 3333, 1
0, 5212, 68, 88, 84, 14128335, 12200998, 0.3, 50, 200, 64, 3612, 3333, 1
0, 3763, 76, 85, 77, 11839053, 10472978, 0.3, 50, 200, 64, 2542, 3333, 1
0, 4771, 77, 98, 85, 14333532, 12935595, 0.3, 50, 200, 64, 3164, 3333, 1
0, 4818, 63, 87, 77, 14172223, 12253276, 0.3, 50, 200, 64, 3218, 3333, 1
0, 4027, 83, 98, 91, 12019011, 10878566, 0.3, 50, 200, 64, 2665, 3333, 1
0, 4842, 69, 91, 78, 13898170, 12166073, 0.3, 50, 200, 64, 3305, 3333, 1
0, 4549, 57, 67, 60, 13159569, 10970879, 0.3, 50, 200, 64, 3076, 3333, 1
0, 4983, 64, 80, 72, 14680387, 12368659, 0.3, 50, 200, 64, 3374, 3333, 1
0, 4785, 56, 77, 62, 14426592, 12323353, 0.3, 50, 200, 64, 3328, 3333, 1
0, 4822, 69, 86, 82, 14245375, 12472430, 0.3, 50, 200, 64, 3270, 3333, 1
0, 4663, 61, 87, 70, 13917612, 11915813, 0.3, 50, 200, 64, 3122, 3333, 1
0, 5050, 69, 87, 79, 14526012, 12698605, 0.3, 50, 200, 64, 3389, 3333, 1
0, 5019, 63, 92, 76, 14686411, 12709994, 0.3, 50, 200, 64, 3327, 3333, 1
0, 4844, 64, 91, 73, 13995615, 12177608, 0.3, 50, 200, 64, 3248, 3333, 1
0, 5264, 53, 68, 69, 15286055, 12896014, 0.3, 50, 200, 64, 3574, 3333, 1
0, 4925, 61, 82, 75, 14355637, 12427083, 0.3, 50, 200, 64, 3281, 3333, 1
0, 4916, 73, 89, 77, 14382013, 12780233, 0.3, 50, 200, 64, 3261, 3333, 1
0, 4197, 67, 81, 72, 12565196, 11361048, 0.3, 50, 200, 64, 2597, 3333, 1
0, 4533, 68, 84, 76, 13769429, 12024986, 0.3, 50, 200, 64, 2845, 3333, 1
0, 4835, 73, 97, 87, 14197738, 12358626, 0.3, 50, 200, 64, 3135, 3333, 1
0, 4249, 64, 71, 68, 12691700, 10992640, 0.3, 50, 200, 64, 2633, 3333, 1
0, 5364, 59, 85, 71, 15498126, 13174540, 0.3, 50, 200, 64, 3527, 3333, 1
0, 4683, 83, 101, 95, 13775367, 12587484, 0.3, 50, 200, 64, 2964, 3333, 1
0, 4477, 81, 95, 87, 13557562, 12190721, 0.3, 50, 200, 64, 2905, 3333, 1
0, 4746, 70, 93, 85, 13953074, 12298410, 0.3, 50, 200, 64, 2958, 3333, 1
0, 4374, 69, 81, 75, 13017643, 11409178, 0.3, 50, 200, 64, 2820, 3333, 1
0, 4674, 60, 78, 69, 13588487, 11931898, 0.3, 50, 200, 64, 3083, 3333, 1
0, 4881, 83, 99, 90, 14619545, 13212600, 0.3, 50, 200, 64, 3013, 3333, 1
0, 4739, 62, 76, 69, 13663908, 11722458, 0.3, 50, 200, 64, 3141, 3333, 1
0, 5175, 70, 90, 81, 15128104, 13447646, 0.3, 50, 200, 64, 3361, 3333, 1
0, 4584, 70, 89, 86, 13879706, 12342893, 0.3, 50, 200, 64, 3033, 3333, 1
0, 4851, 82, 98, 88, 14180987, 12564042, 0.3, 50, 200, 64, 3136, 3333, 1
0, 4984, 70, 90, 79, 14577595, 12691916, 0.3, 50, 200, 64, 3265, 3333, 1
0, 5313, 56, 83, 76, 15071674, 12667836, 0.3, 50, 200, 64, 3572, 3333, 1
0, 4751, 68, 81, 75, 14198550, 12502825, 0.3, 50, 200, 64, 3132, 3333, 1
0, 4778, 72, 88, 83, 13931670, 12272848, 0.3, 50, 200, 64, 3191, 3333, 1
0, 4797, 76, 91, 91, 13561555, 11834412, 0.3, 50, 200, 64, 3219, 3333, 1
0, 4893, 64, 84, 78, 14581415, 12572080, 0.3, 50, 200, 64, 3205, 3333, 1
0, 4432, 74, 90, 79, 13073080, 11572742, 0.3, 50, 200, 64, 2863, 3333, 1
0, 5159, 61, 84, 70, 15309099, 13321290, 0.3, 50, 200, 64, 3292, 3333, 1
0, 4426, 76, 88, 81, 13484283, 11938932, 0.3, 50, 200, 64, 2828, 3333, 1
0, 4655, 63, 81, 72, 13213627, 11484509, 0.3, 50, 200, 64, 3069, 3333, 1
0, 4860, 76, 99, 89, 14212153, 12687680, 0.3, 50, 200, 64, 3227, 3333, 1
0, 4559, 76, 92, 84, 13481726, 11956414, 0.3, 50, 200, 64, 2908, 3333, 1
0, 4572, 70, 90, 82, 13545895, 11997364, 0.3, 50, 200, 64, 2925, 3333, 1
0, 4973, 64, 94, 78, 14113374, 12316314, 0.3, 50, 200, 64, 3145, 3333, 1
0, 4644, 73, 90, 88, 13413214, 11885729, 0.3, 50, 200, 64, 3184, 3333, 1
0, 4525, 71, 86, 80, 13110761, 11651962, 0.3, 50, 200, 64, 2837, 3333, 1
0, 4783, 65, 81, 73, 13810761, 11860952, 0.3, 50, 200, 64, 3100, 3333, 1
0, 4672, 75, 100, 82, 13998017, 12257292, 0.3, 50, 200, 64, 2893, 3333, 1
0, 4576, 57, 70, 72, 13201861, 11225563, 0.3, 50, 200, 64, 2938, 3333, 1
0, 4545, 76, 92, 82, 13375082, 11800969, 0.3, 50, 200, 64, 2801, 3333, 1
0, 4918, 88, 105, 96, 14013584, 12711538, 0.3, 50, 200, 64, 3032, 3333, 1
0, 4709, 70, 82, 86, 13227773, 11630233, 0.3, 50, 200, 64, 3043, 3333, 1
0, 4595, 70, 92, 77, 13750040, 11997729, 0.3, 50, 200, 64, 2864, 3333, 1
0, 4478, 67, 74, 72, 13180215, 11594150, 0.3, 50, 200, 64, 2770, 3333, 1
0, 4604, 76, 90, 83, 13634432, 12195583, 0.3, 50, 200, 64, 2941, 3333, 1
0, 4944, 74, 87, 83, 14812763, 12753375, 0.3, 50, 200, 64, 3151, 3333, 1
0, 4615, 74, 97, 81, 13789397, 12309711, 0.3, 50, 200, 64, 2925, 3333, 1
0, 4999, 66, 87, 76, 14567423, 12609357, 0.3, 50, 200, 64, 3232, 3333, 1
0, 4732, 65, 85, 80, 13818914, 12183016, 0.3, 50, 200, 64, 2958, 3333, 1
0, 4420, 79, 94, 93, 12900792, 11478645, 0.3, 50, 200, 64, 2663, 3333, 1
0, 4751, 67, 85, 74, 13959853, 11907467, 0.3, 50, 200, 64, 2923, 3333, 1
0, 4583, 59, 81, 65, 13571732, 11713670, 0.3, 50, 200, 64, 2949, 3333, 1
0, 4865, 66, 83, 77, 14483246, 12618032, 0.3, 50, 200, 64, 3082, 3333, 1
0, 4721, 74, 91, 80, 14375974, 12888103, 0.3, 50, 200, 64, 2955, 3333, 1
0, 4618, 68, 83, 78, 13726618, 11947078, 0.3, 50, 200, 64, 2920, 3333, 1
0, 5033, 61, 86, 69, 14770110, 12844884, 0.3, 50, 200, 64, 3250, 3333, 1
0, 4900, 68, 86, 79, 14843050, 13007717, 0.3, 50, 200, 64, 3227, 3333, 1
0, 4793, 64, 82, 84, 14231233, 12438486, 0.3, 50, 200, 64, 3052, 3333, 1
0, 4741, 68, 79, 76, 13976536, 12006200, 0.3, 50, 200, 64, 3077, 3333, 1
0, 4597, 77, 94, 85, 14043269, 12477309, 0.3, 50, 200, 64, 2849, 3333, 1
0, 4520, 73, 89, 79, 13935917, 12307731, 0.3, 50, 200, 64, 2890, 3333, 1
0, 4985, 49, 74, 63, 14376918, 12208880, 0.3, 50, 200, 64, 3234, 3333, 1
0, 5083, 80, 96, 90, 14991898, 13425276, 0.3, 50, 200, 64, 3263, 3333, 1
0, 4545, 68, 86, 78, 13319399, 11555895, 0.3, 50, 200, 64, 2854, 3333, 1
0, 4392, 75, 84, 81, 6603857, 5918957, 0.3, 50, 200, 32, 528, 3333, 1
0, 4588, 76, 96, 85, 7089865, 6372429, 0.3, 50, 200, 32, 545, 3333, 1
0, 5241, 58, 86, 69, 15102892, 13084709, 0.3, 50, 200, 64, 3321, 3333, 1
0, 5532, 67, 89, 79, 8113624, 7206128, 0.3, 50, 200, 32, 692, 3333, 1
1, 3369, 69, 70, 70, 5365921, 5253598, 0.3, 50, 200, 32, 418, 3333, 1
0, 4825, 71, 91, 85, 7142499, 6269493, 0.3, 50, 200, 32, 639, 3333, 1
0, 4613, 76, 93, 84, 6637371, 5897545, 0.3, 50, 200, 32, 568, 3333, 1
0, 5228, 64, 86, 72, 15630173, 13436115, 0.3, 50, 200, 64, 3327, 3333, 1
0, 4548, 75, 90, 81, 6427379, 5709353, 0.3, 50, 200, 32, 572, 3333, 1
0, 5195, 68, 82, 76, 7796806, 6872176, 0.3, 50, 200, 32, 648, 3333, 1
0, 5114, 59, 85, 71, 14619282, 12605889, 0.3, 50, 200, 64, 3227, 3333, 1
0, 4981, 70, 81, 76, 7254476, 6297806, 0.3, 50, 200, 32, 643, 3333, 1
0, 4554, 84, 103, 91, 6723051, 6095245, 0.3, 50, 200, 32, 574, 3333, 1
0, 4842, 60, 84, 72, 13930704, 12011035, 0.3, 50, 200, 64, 3095, 3333, 1
0, 5391, 85, 96, 95, 15493662, 13484479, 0.3, 50, 200, 64, 3526, 3333, 1
0, 4920, 81, 94, 88, 7322099, 6600302, 0.3, 50, 200, 32, 587, 3333, 1
0, 4990, 90, 103, 102, 7448582, 6486028, 0.3, 50, 200, 32, 647, 3333, 1
0, 4586, 62, 78, 66, 6703086, 5755776, 0.3, 50, 200, 32, 591, 3333, 1
0, 4546, 77, 96, 80, 6784476, 5994351, 0.3, 50, 200, 32, 565, 3333, 1
0, 5200, 83, 103, 92, 7713356, 6714322, 0.3, 50, 200, 32, 685, 3333, 1
0, 4319, 78, 94, 88, 6511981, 5829691, 0.3, 50, 200, 32, 551, 3333, 1
0, 4169, 74, 86, 83, 6134305, 5437267, 0.3, 50, 200, 32, 503, 3333, 1
0, 4454, 82, 102, 90, 6547986, 5808248, 0.3, 50, 200, 32, 558, 3333, 1
0, 4372, 67, 86, 75, 6767941, 5817253, 0.3, 50, 200, 32, 551, 3333, 1
0, 4764, 70, 84, 77, 6938195, 6039027, 0.3, 50, 200, 32, 606, 3333, 1
0, 4332, 80, 99, 85, 6423065, 5724101, 0.3, 50, 200, 32, 531, 3333, 1
0, 4995, 63, 89, 73, 7169314, 6226596, 0.3, 50, 200, 32, 607, 3333, 1
0, 4738, 62, 79, 73, 6851525, 5921114, 0.3, 50, 200, 32, 617, 3333, 1
0, 4927, 81, 92, 91, 7415367, 6684760, 0.3, 50, 200, 32, 587, 3333, 1
0, 4030, 77, 86, 78, 6241839, 5437478, 0.3, 50, 200, 32, 494, 3333, 1
0, 5197, 78, 97, 86, 7434846, 6674839, 0.3, 50, 200, 32, 658, 3333, 1
0, 4355, 79, 96, 86, 6237718, 5525614, 0.3, 50, 200, 32, 524, 3333, 1
0, 4492, 73, 86, 78, 13381945, 11713076, 0.3, 50, 200, 64, 2894, 3333, 1
0, 5070, 93, 107, 97, 7801474, 6909035, 0.3, 50, 200, 32, 611, 3333, 1
0, 4612, 71, 91, 80, 6565471, 5757378, 0.3, 50, 200, 32, 550, 3333, 1
0, 4842, 67, 92, 80, 6749226, 5870616, 0.3, 50, 200, 32, 592, 3333, 1
0, 4822, 74, 89, 87, 6891211, 5995511, 0.3, 50, 200, 32, 593, 3333, 1
0, 4840, 65, 92, 81, 6966483, 6015441, 0.3, 50, 200, 32, 595, 3333, 1
0, 4823, 59, 88, 76, 6924400, 5942070, 0.3, 50, 200, 32, 603, 3333, 1
0, 4924, 67, 79, 85, 6922656, 6100339, 0.3, 50, 200, 32, 611, 3333, 1
0, 4709, 60, 76, 72, 6827978, 5879055, 0.3, 50, 200, 32, 561, 3333, 1
0, 4817, 77, 89, 86, 7055255, 6234224, 0.3, 50, 200, 32, 565, 3333, 1
0, 4240, 75, 88, 77, 6464577, 5659676, 0.3, 50, 200, 32, 508, 3333, 1
0, 4932, 84, 101, 93, 7192040, 6459324, 0.3, 50, 200, 32, 612, 3333, 1
0, 4050, 78, 85, 79, 6139519, 5374413, 0.3, 50, 200, 32, 475, 3333, 1
0, 5060, 53, 82, 67, 7418560, 6212982, 0.3, 50, 200, 32, 638, 3333, 1
1, 3520, 57, 58, 58, 5567997, 5522435, 0.3, 50, 200, 32, 394, 3333, 1
0, 3991, 67, 81, 69, 6259165, 5446726, 0.3, 50, 200, 32, 474, 3333, 1
1, 3360, 72, 73, 73, 5834686, 5705058, 0.3, 50, 200, 32, 370, 3333, 1
0, 4881, 59, 82, 73, 6882507, 5955984, 0.3, 50, 200, 32, 594, 3333, 1
0, 4918, 71, 92, 81, 7070271, 6291264, 0.3, 50, 200, 32, 579, 3333, 1
0, 4872, 63, 87, 72, 13939512, 12012265, 0.3, 50, 200, 64, 3116, 3333, 1
0, 4622, 73, 86, 76, 14794397, 13109282, 0.3, 50, 200, 64, 2961, 3333, 1
0, 5018, 71, 88, 80, 14757026, 13126542, 0.3, 50, 200, 64, 3222, 3333, 1
0, 4602, 75, 92, 84, 6938558, 6089111, 0.3, 50, 200, 32, 566, 3333, 1
0, 5033, 66, 78, 72, 7269632, 6200266, 0.3, 50, 200, 32, 651, 3333, 1
1, 3610, 71, 72, 72, 5813110, 5563485, 0.3, 50, 200, 32, 450, 3333, 1
0, 4639, 59, 91, 65, 6607034, 5658918, 0.3, 50, 200, 32, 599, 3333, 1
0, 4819, 60, 85, 71, 7164370, 6122146, 0.3, 50, 200, 32, 609, 3333, 1
0, 4641, 71, 85, 79, 6911625, 5975424, 0.3, 50, 200, 32, 590, 3333, 1
0, 4534, 69, 83, 76, 6659211, 5857667, 0.3, 50, 200, 32, 572, 3333, 1
0, 5159, 56, 81, 69, 7109579, 6026488, 0.3, 50, 200, 32, 689, 3333, 1
0, 4494, 70, 85, 80, 6563407, 5792535, 0.3, 50, 200, 32, 577, 3333, 1
0, 4335, 67, 83, 73, 6731764, 5794016, 0.3, 50, 200, 32, 558, 3333, 1
0, 5094, 62, 87, 78, 7533856, 6552922, 0.3, 50, 200, 32, 621, 3333, 1
1, 3813, 68, 69, 69, 6517319, 6441576, 0.3, 50, 200, 32, 461, 3333, 1
0, 4094, 65, 74, 66, 6236482, 5267404, 0.3, 50, 200, 32, 543, 3333, 1
0, 4615, 70, 89, 83, 6718967, 5938882, 0.3, 50, 200, 32, 631, 3333, 1
1, 3352, 64, 65, 66, 5445328, 5447418, 0.3, 50, 200, 32, 392, 3333, 1
0, 4801, 71, 89, 81, 7245019, 6394721, 0.3, 50, 200, 32, 629, 3333, 1
1, 3407, 68, 69, 69, 5651539, 5532416, 0.3, 50, 200, 32, 399, 3333, 1
0, 4708, 68, 86, 76, 6779474, 5971742, 0.3, 50, 200, 32, 630, 3333, 1
0, 4756, 62, 84, 70, 6644236, 5776278, 0.3, 50, 200, 32, 625, 3333, 1
0, 4804, 59, 81, 65, 7308446, 6292638, 0.3, 50, 200, 32, 604, 3333, 1
0, 4449, 68, 83, 73, 6446458, 5568177, 0.3, 50, 200, 32, 545, 3333, 1
0, 4766, 65, 85, 76, 6924268, 6022864, 0.3, 50, 200, 32, 602, 3333, 1
0, 4772, 71, 90, 78, 7191610, 6340367, 0.3, 50, 200, 32, 592, 3333, 1
0, 4840, 78, 88, 80, 7282522, 6460268, 0.3, 50, 200, 32, 593, 3333, 1
1, 3432, 74, 75, 75, 5527286, 5416168, 0.3, 50, 200, 32, 421, 3333, 1
0, 5081, 71, 87, 79, 7394079, 6527204, 0.3, 50, 200, 32, 658, 3333, 1
0, 4769, 67, 79, 73, 7485021, 6472290, 0.3, 50, 200, 32, 612, 3333, 1
0, 4134, 65, 73, 66, 6093152, 5197000, 0.3, 50, 200, 32, 538, 3333, 1
0, 4734, 69, 83, 77, 7203107, 6431047, 0.3, 50, 200, 32, 604, 3333, 1
0, 4641, 65, 89, 75, 7008296, 6095521, 0.3, 50, 200, 32, 590, 3333, 1
0, 4822, 77, 101, 86, 7323705, 6484504, 0.3, 50, 200, 32, 601, 3333, 1
0, 4837, 63, 77, 71, 7064646, 6074543, 0.3, 50, 200, 32, 618, 3333, 1
0, 4897, 63, 99, 82, 6801961, 5987705, 0.3, 50, 200, 32, 617, 3333, 1
0, 4819, 78, 88, 87, 7419614, 6645710, 0.3, 50, 200, 32, 613, 3333, 1
0, 4801, 62, 82, 74, 7156034, 6194839, 0.3, 50, 200, 32, 594, 3333, 1
0, 4240, 72, 84, 77, 6433845, 5696929, 0.3, 50, 200, 32, 531, 3333, 1
0, 4718, 62, 77, 72, 6915384, 6064085, 0.3, 50, 200, 32, 594, 3333, 1
0, 4666, 74, 86, 84, 6849114, 6037965, 0.3, 50, 200, 32, 597, 3333, 1
0, 5091, 74, 87, 83, 7262300, 6412941, 0.3, 50, 200, 32, 625, 3333, 1
0, 4938, 60, 88, 67, 7047052, 6056993, 0.3, 50, 200, 32, 590, 3333, 1
0, 4873, 63, 83, 74, 7250370, 6309073, 0.3, 50, 200, 32, 630, 3333, 1
1, 3375, 64, 65, 65, 5756654, 5389039, 0.3, 50, 200, 32, 413, 3333, 1
0, 4463, 69, 84, 76, 6506707, 5741312, 0.3, 50, 200, 32, 534, 3333, 1
0, 5069, 62, 81, 71, 7420304, 6362785, 0.3, 50, 200, 32, 690, 3333, 1
0, 5058, 65, 93, 80, 7024442, 6114152, 0.3, 50, 200, 32, 616, 3333, 1
0, 4689, 75, 92, 80, 7011145, 6180280, 0.3, 50, 200, 32, 603, 3333, 1
0, 4470, 73, 84, 79, 6478495, 5646369, 0.3, 50, 200, 32, 550, 3333, 1
0, 4726, 69, 92, 80, 6806910, 5968571, 0.3, 50, 200, 32, 592, 3333, 1
0, 5036, 65, 82, 74, 7349529, 6393450, 0.3, 50, 200, 32, 674, 3333, 1
0, 4941, 61, 87, 78, 6848326, 5819838, 0.3, 50, 200, 32, 629, 3333, 1
1, 3430, 57, 58, 59, 3869195, 3871685, 0.3, 50, 200, 23, 201, 3333, 1
0, 4756, 80, 101, 90, 7124737, 6375777, 0.3, 50, 200, 32, 592, 3333, 1
1, 3558, 68, 69, 69, 5731203, 5495827, 0.3, 50, 200, 32, 439, 3333, 1
0, 4861, 73, 91, 85, 4768668, 4187013, 0.3, 50, 200, 23, 291, 3333, 1
0, 4722, 78, 94, 89, 4862893, 4410185, 0.3, 50, 200, 23, 287, 3333, 1
0, 4495, 69, 78, 76, 5002397, 4383143, 0.3, 50, 200, 23, 274, 3333, 1
0, 4605, 72, 87, 84, 5270382, 4600148, 0.3, 50, 200, 23, 281, 3333, 1
1, 3525, 56, 57, 57, 5475022, 5475022, 0.3, 50, 200, 32, 434, 3333, 1
0, 4784, 54, 71, 67, 5176404, 4458839, 0.3, 50, 200, 23, 292, 3333, 1
0, 4312, 72, 87, 76, 4683026, 4093403, 0.3, 50, 200, 23, 276, 3333, 1
0, 4750, 74, 91, 83, 5042383, 4434271, 0.3, 50, 200, 23, 309, 3333, 1
0, 5610, 74, 83, 87, 5539264, 4717325, 0.3, 50, 200, 23, 372, 3333, 1
0, 4876, 64, 81, 70, 5295328, 4593887, 0.3, 50, 200, 23, 297, 3333, 1
0, 4613, 73, 85, 77, 4953837, 4340352, 0.3, 50, 200, 23, 288, 3333, 1
0, 4407, 70, 80, 76, 4832363, 4202925, 0.3, 50, 200, 23, 270, 3333, 1
0, 4722, 71, 90, 84, 6958889, 6090155, 0.3, 50, 200, 32, 615, 3333, 1
0, 5097, 69, 90, 80, 5206461, 4587155, 0.3, 50, 200, 23, 304, 3333, 1
0, 5229, 60, 83, 73, 5323804, 4509582, 0.3, 50, 200, 23, 319, 3333, 1
0, 4311, 77, 88, 83, 4538411, 4035913, 0.3, 50, 200, 23, 256, 3333, 1
0, 4588, 76, 95, 83, 4704051, 4131225, 0.3, 50, 200, 23, 263, 3333, 1
0, 4029, 77, 84, 80, 4527732, 4086394, 0.3, 50, 200, 23, 245, 3333, 1
0, 4812, 72, 95, 87, 5188027, 4559003, 0.3, 50, 200, 23, 279, 3333, 1
0, 5110, 72, 95, 81, 7628706, 6646668, 0.3, 50, 200, 32, 659, 3333, 1
0, 4450, 75, 87, 82, 4868963, 4298169, 0.3, 50, 200, 23, 266, 3333, 1
0, 4631, 91, 101, 95, 4943454, 4497323, 0.3, 50, 200, 23, 263, 3333, 1
0, 4542, 64, 77, 67, 4813496, 4118991, 0.3, 50, 200, 23, 272, 3333, 1
0, 5168, 66, 97, 79, 5514000, 4805072, 0.3, 50, 200, 23, 314, 3333, 1
0, 5340, 78, 103, 88, 5773173, 5158773, 0.3, 50, 200, 23, 338, 3333, 1
0, 4178, 89, 99, 93, 4634902, 4256067, 0.3, 50, 200, 23, 241, 3333, 1
0, 4319, 73, 81, 74, 4790359, 4176405, 0.3, 50, 200, 23, 250, 3333, 1
0, 4960, 72, 95, 82, 5272399, 4620445, 0.3, 50, 200, 23, 300, 3333, 1
0, 4572, 74, 94, 84, 4783313, 4215689, 0.3, 50, 200, 23, 265, 3333, 1
0, 4432, 73, 85, 80, 4848173, 4251191, 0.3, 50, 200, 23, 260, 3333, 1
0, 4450, 72, 86, 80, 4670151, 4095166, 0.3, 50, 200, 23, 262, 3333, 1
0, 4821, 60, 71, 66, 5192392, 4483069, 0.3, 50, 200, 23, 296, 3333, 1
0, 5201, 61, 84, 79, 5222708, 4519225, 0.3, 50, 200, 23, 321, 3333, 1
0, 4588, 73, 89, 84, 4903517, 4353074, 0.3, 50, 200, 23, 272, 3333, 1
0, 5127, 57, 77, 66, 5090563, 4296950, 0.3, 50, 200, 23, 316, 3333, 1
0, 5393, 58, 81, 75, 5743599, 4837965, 0.3, 50, 200, 23, 332, 3333, 1
0, 4721, 87, 101, 98, 5105509, 4605591, 0.3, 50, 200, 23, 280, 3333, 1
0, 4447, 69, 85, 73, 4764226, 4138218, 0.3, 50, 200, 23, 279, 3333, 1
0, 4959, 70, 97, 85, 5019316, 4297086, 0.3, 50, 200, 23, 306, 3333, 1
0, 4874, 69, 90, 78, 5018781, 4354387, 0.3, 50, 200, 23, 289, 3333, 1
0, 5081, 68, 82, 76, 5152714, 4524635, 0.3, 50, 200, 23, 307, 3333, 1
0, 4389, 87, 96, 93, 5010368, 4592544, 0.3, 50, 200, 23, 262, 3333, 1
1, 3481, 75, 76, 76, 4001504, 3852408, 0.3, 50, 200, 23, 204, 3333, 1
0, 5067, 54, 66, 61, 5253644, 4490597, 0.3, 50, 200, 23, 317, 3333, 1
0, 5191, 78, 93, 87, 5441689, 4858628, 0.3, 50, 200, 23, 313, 3333, 1
0, 4424, 80, 97, 89, 4783412, 4278837, 0.3, 50, 200, 23, 254, 3333, 1
0, 5055, 73, 92, 86, 5349403, 4722051, 0.3, 50, 200, 23, 310, 3333, 1
0, 5419, 73, 90, 79, 5792632, 5149351, 0.3, 50, 200, 23, 332, 3333, 1
0, 4953, 68, 81, 74, 5014353, 4378311, 0.3, 50, 200, 23, 297, 3333, 1
0, 5263, 64, 83, 76, 5628325, 4858031, 0.3, 50, 200, 23, 324, 3333, 1
0, 5144, 74, 100, 85, 5387180, 4809487, 0.3, 50, 200, 23, 314, 3333, 1
0, 4611, 67, 89, 73, 4789900, 4187575, 0.3, 50, 200, 23, 273, 3333, 1
0, 4622, 79, 101, 93, 4906822, 4407867, 0.3, 50, 200, 23, 270, 3333, 1
0, 4114, 69, 80, 75, 4570747, 4032659, 0.3, 50, 200, 23, 248, 3333, 1
0, 4937, 61, 88, 73, 5036494, 4382310, 0.3, 50, 200, 23, 295, 3333, 1
1, 3449, 70, 71, 71, 3994797, 3961182, 0.3, 50, 200, 23, 200, 3333, 1
0, 4580, 69, 85, 74, 5266192, 4623761, 0.3, 50, 200, 23, 258, 3333, 1
1, 3395, 65, 66, 66, 3822095, 3705702, 0.3, 50, 200, 23, 197, 3333, 1
0, 4552, 67, 86, 72, 4830250, 4230133, 0.3, 50, 200, 23, 270, 3333, 1
0, 4670, 62, 85, 74, 4995221, 4327133, 0.3, 50, 200, 23, 288, 3333, 1
1, 3575, 76, 77, 77, 4252882, 4226993, 0.3, 50, 200, 23, 215, 3333, 1
0, 4760, 62, 89, 69, 4918599, 4234849, 0.3, 50, 200, 23, 291, 3333, 1
0, 4846, 70, 92, 79, 5367614, 4607717, 0.3, 50, 200, 23, 282, 3333, 1
0, 5534, 66, 89, 87, 5654918, 4983644, 0.3, 50, 200, 23, 343, 3333, 1
1, 3900, 93, 94, 94, 4123861, 4096949, 0.3, 50, 200, 23, 221, 3333, 1
0, 5480, 60, 90, 74, 5474641, 4721354, 0.3, 50, 200, 23, 331, 3333, 1
0, 5017, 61, 82, 75, 5255976, 4505499, 0.3, 50, 200, 23, 281, 3333, 1
0, 4487, 75, 87, 80, 4661762, 4136512, 0.3, 50, 200, 23, 259, 3333, 1
0, 4424, 68, 87, 77, 4753462, 4145099, 0.3, 50, 200, 23, 251, 3333, 1
0, 4333, 52, 67, 53, 4530361, 3765530, 0.3, 50, 200, 23, 270, 3333, 1
0, 5139, 66, 92, 77, 5264275, 4603209, 0.3, 50, 200, 23, 300, 3333, 1
0, 5311, 55, 81, 72, 5422225, 4654277, 0.3, 50, 200, 23, 316, 3333, 1
0, 4592, 63, 78, 73, 4935498, 4289269, 0.3, 50, 200, 23, 269, 3333, 1
0, 4652, 74, 92, 84, 4965158, 4372451, 0.3, 50, 200, 23, 279, 3333, 1
0, 5145, 79, 100, 91, 5526595, 4978651, 0.3, 50, 200, 23, 306, 3333, 1
0, 5456, 78, 102, 100, 5415122, 4878349, 0.3, 50, 200, 23, 323, 3333, 1
0, 4590, 80, 98, 93, 5003056, 4471748, 0.3, 50, 200, 23, 271, 3333, 1
0, 4529, 66, 82, 70, 4769632, 4189557, 0.3, 50, 200, 23, 256, 3333, 1
0, 4557, 70, 81, 81, 4941566, 4338254, 0.3, 50, 200, 23, 265, 3333, 1
1, 3647, 75, 76, 76, 4196647, 4190066, 0.3, 50, 200, 23, 214, 3333, 1
0, 5009, 76, 89, 87, 5071366, 4411800, 0.3, 50, 200, 23, 290, 3333, 1
0, 5559, 55, 95, 73, 5605373, 4848953, 0.3, 50, 200, 23, 359, 3333, 1
0, 4222, 80, 98, 88, 4440422, 3979462, 0.3, 50, 200, 23, 231, 3333, 1
0, 4751, 62, 88, 76, 5064585, 4367644, 0.3, 50, 200, 23, 282, 3333, 1
0, 4460, 72, 92, 77, 4514441, 3964334, 0.3, 50, 200, 23, 264, 3333, 1
0, 5103, 75, 93, 90, 5323880, 4666176, 0.3, 50, 200, 23, 306, 3333, 1
0, 4867, 59, 76, 67, 5055110, 4390864, 0.3, 50, 200, 23, 280, 3333, 1
0, 4633, 70, 93, 81, 4837989, 4194815, 0.3, 50, 200, 23, 272, 3333, 1
1, 3370, 73, 75, 74, 3735438, 3711667, 0.3, 50, 200, 23, 202, 3333, 1
1, 3505, 58, 59, 59, 4092962, 4036545, 0.3, 50, 200, 23, 201, 3333, 1
0, 5101, 64, 86, 80, 5607729, 4883539, 0.3, 50, 200, 23, 305, 3333, 1
1, 3401, 61, 62, 62, 3882443, 3696024, 0.3, 50, 200, 23, 187, 3333, 1
0, 4401, 67, 80, 75, 3297946, 2900354, 0.3, 50, 200, 16, 129, 3333, 1
0, 4787, 66, 88, 76, 3450605, 2990086, 0.3, 50, 200, 16, 141, 3333, 1
0, 4623, 72, 92, 84, 3347070, 2891127, 0.3, 50, 200, 16, 135, 3333, 1
0, 5128, 57, 85, 71, 5272967, 4478668, 0.3, 50, 200, 23, 315, 3333, 1
0, 4572, 66, 81, 75, 4873649, 4284941, 0.3, 50, 200, 23, 277, 3333, 1
0, 4774, 64, 76, 76, 3488346, 2992693, 0.3, 50, 200, 16, 137, 3333, 1
0, 4567, 64, 80, 74, 5109141, 4464404, 0.3, 50, 200, 23, 270, 3333, 1
0, 5396, 64, 85, 67, 5682387, 4906752, 0.3, 50, 200, 23, 323, 3333, 1
0, 4512, 63, 81, 68, 3215709, 2782519, 0.3, 50, 200, 16, 136, 3333, 1
0, 5343, 66, 94, 74, 5652409, 4924034, 0.3, 50, 200, 23, 319, 3333, 1
0, 4721, 78, 98, 84, 5214791, 4660191, 0.3, 50, 200, 23, 274, 3333, 1
0, 5143, 87, 107, 92, 5693618, 5051646, 0.3, 50, 200, 23, 300, 3333, 1
0, 4633, 69, 89, 80, 4602965, 4054507, 0.3, 50, 200, 23, 270, 3333, 1
0, 4755, 70, 89, 81, 3609107, 3167605, 0.3, 50, 200, 16, 135, 3333, 1
0, 4349, 75, 88, 80, 4908902, 4441100, 0.3, 50, 200, 23, 269, 3333, 1
0, 4510, 65, 82, 77, 3467591, 3051666, 0.3, 50, 200, 16, 131, 3333, 1
0, 5059, 65, 79, 75, 5214362, 4590244, 0.3, 50, 200, 23, 296, 3333, 1
0, 4753, 60, 83, 68, 3350421, 2896015, 0.3, 50, 200, 16, 135, 3333, 1
1, 3615, 75, 76, 77, 2937176, 2938168, 0.3, 50, 200, 16, 107, 3333, 1
0, 4862, 76, 93, 85, 3465946, 3076003, 0.3, 50, 200, 16, 142, 3333, 1
0, 4853, 70, 87, 74, 3474590, 3002425, 0.3, 50, 200, 16, 150, 3333, 1
0, 4198, 70, 86, 75, 3064731, 2734014, 0.3, 50, 200, 16, 117, 3333, 1
0, 4641, 71, 90, 77, 3194525, 2869969, 0.3, 50, 200, 16, 134, 3333, 1
1, 3645, 65, 66, 66, 2785117, 2664188, 0.3, 50, 200, 16, 100, 3333, 1
0, 5388, 78, 91, 84, 4143112, 3704953, 0.3, 50, 200, 16, 149, 3333, 1
0, 5118, 66, 83, 77, 3782774, 3254141, 0.3, 50, 200, 16, 150, 3333, 1
0, 4888, 76, 92, 87, 3751629, 3258919, 0.3, 50, 200, 16, 135, 3333, 1
0, 5062, 64, 97, 79, 3616955, 3193545, 0.3, 50, 200, 16, 139, 3333, 1
0, 5041, 82, 102, 89, 3764412, 3383165, 0.3, 50, 200, 16, 144, 3333, 1
0, 5032, 85, 110, 93, 3798317, 3335093, 0.3, 50, 200, 16, 144, 3333, 1
0, 4687, 80, 90, 88, 3585162, 3209651, 0.3, 50, 200, 16, 131, 3333, 1
0, 4620, 66, 82, 78, 3415273, 2957992, 0.3, 50, 200, 16, 129, 3333, 1
0, 4430, 82, 95, 90, 3097592, 2797374, 0.3, 50, 200, 16, 126, 3333, 1
0, 4937, 65, 81, 72, 3651114, 3161974, 0.3, 50, 200, 16, 134, 3333, 1
0, 4594, 62, 71, 68, 3290515, 2868570, 0.3, 50, 200, 16, 124, 3333, 1
0, 4775, 79, 93, 81, 3659001, 3266898, 0.3, 50, 200, 16, 134, 3333, 1
0, 4832, 68, 88, 79, 3409381, 2972597, 0.3, 50, 200, 16, 138, 3333, 1
0, 4869, 70, 93, 76, 3530581, 3117952, 0.3, 50, 200, 16, 139, 3333, 1
1, 4048, 76, 77, 77, 3163647, 3102418, 0.3, 50, 200, 16, 111, 3333, 1
0, 4551, 61, 82, 65, 3394020, 2879998, 0.3, 50, 200, 16, 130, 3333, 1
0, 5324, 64, 85, 74, 3639584, 3157243, 0.3, 50, 200, 16, 153, 3333, 1
0, 4581, 68, 81, 74, 3497649, 3071613, 0.3, 50, 200, 16, 126, 3333, 1
1, 3602, 72, 73, 73, 2802345, 2780120, 0.3, 50, 200, 16, 90, 3333, 1
0, 4483, 65, 83, 77, 3362612, 2919984, 0.3, 50, 200, 16, 118, 3333, 1
0, 3968, 76, 86, 78, 3088318, 2738732, 0.3, 50, 200, 16, 109, 3333, 1
0, 4703, 69, 87, 79, 3421776, 2999406, 0.3, 50, 200, 16, 128, 3333, 1
1, 3468, 69, 70, 70, 2628381, 2590980, 0.3, 50, 200, 16, 97, 3333, 1
0, 4906, 78, 89, 87, 3569268, 3153197, 0.3, 50, 200, 16, 126, 3333, 1
0, 4796, 64, 87, 74, 3481887, 3045904, 0.3, 50, 200, 16, 129, 3333, 1
0, 4737, 74, 93, 81, 3712512, 3312915, 0.3, 50, 200, 16, 127, 3333, 1
0, 4287, 75, 86, 79, 3226592, 2871264, 0.3, 50, 200, 16, 117, 3333, 1
0, 4644, 71, 87, 83, 3447099, 3001780, 0.3, 50, 200, 16, 120, 3333, 1
0, 4373, 73, 87, 80, 3350534, 2980641, 0.3, 50, 200, 16, 121, 3333, 1
0, 4755, 54, 70, 61, 3585292, 3036832, 0.3, 50, 200, 16, 139, 3333, 1
1, 3472, 66, 67, 67, 2687796, 2667248, 0.3, 50, 200, 16, 99, 3333, 1
0, 4701, 69, 87, 80, 3484542, 3051954, 0.3, 50, 200, 16, 132, 3333, 1
0, 4936, 84, 106, 94, 3752698, 3359374, 0.3, 50, 200, 16, 138, 3333, 1
1, 3374, 58, 59, 59, 2888029, 2829473, 0.3, 50, 200, 16, 91, 3333, 1
1, 3729, 70, 71, 71, 3098921, 2976870, 0.3, 50, 200, 16, 103, 3333, 1
0, 4903, 75, 92, 88, 3471852, 3087551, 0.3, 50, 200, 16, 140, 3333, 1
0, 4482, 71, 86, 76, 3451768, 3036197, 0.3, 50, 200, 16, 131, 3333, 1
0, 5290, 61, 81, 77, 3939993, 3462819, 0.3, 50, 200, 16, 161, 3333, 1
0, 4262, 73, 91, 80, 3250889, 2861470, 0.3, 50, 200, 16, 121, 3333, 1
1, 3358, 82, 83, 83, 2524850, 2506710, 0.3, 50, 200, 16, 93, 3333, 1
1, 3918, 73, 74, 74, 3215855, 3172293, 0.3, 50, 200, 16, 115, 3333, 1
0, 5134, 56, 77, 65, 3734449, 3224116, 0.3, 50, 200, 16, 153, 3333, 1
0, 4631, 66, 77, 72, 3339256, 2898011, 0.3, 50, 200, 16, 139, 3333, 1
0, 4929, 65, 80, 72, 3637995, 3143483, 0.3, 50, 200, 16, 142, 3333, 1
0, 4965, 66, 93, 84, 3568121, 3107200, 0.3, 50, 200, 16, 151, 3333, 1
0, 5007, 81, 107, 90, 3763532, 3368367, 0.3, 50, 200, 16, 153, 3333, 1
0, 5093, 62, 87, 70, 3874149, 3331170, 0.3, 50, 200, 16, 145, 3333, 1
0, 4656, 69, 93, 82, 3429038, 2963250, 0.3, 50, 200, 16, 146, 3333, 1
0, 4568, 63, 80, 73, 3773922, 3306652, 0.3, 50, 200, 16, 138, 3333, 1
1, 3459, 59, 60, 60, 2839011, 2817964, 0.3, 50, 200, 16, 102, 3333, 1
0, 4746, 76, 109, 93, 3483400, 3149254, 0.3, 50, 200, 16, 148, 3333, 1
0, 4721, 79, 91, 83, 3365329, 3033406, 0.3, 50, 200, 16, 143, 3333, 1
1, 3680, 83, 84, 84, 2938359, 2841504, 0.3, 50, 200, 16, 112, 3333, 1
0, 4463, 72, 90, 81, 3301036, 2891285, 0.3, 50, 200, 16, 131, 3333, 1
0, 4047, 78, 85, 81, 2974348, 2662075, 0.3, 50, 200, 16, 120, 3333, 1
0, 4899, 53, 81, 62, 3730795, 3148224, 0.3, 50, 200, 16, 155, 3333, 1
0, 4021, 69, 74, 75, 3183572, 2770860, 0.3, 50, 200, 16, 127, 3333, 1
0, 4955, 71, 95, 88, 3861304, 3421107, 0.3, 50, 200, 16, 150, 3333, 1
0, 4442, 67, 83, 74, 3545925, 3128057, 0.3, 50, 200, 16, 134, 3333, 1
0, 4638, 71, 85, 83, 3356987, 2920441, 0.3, 50, 200, 16, 147, 3333, 1
0, 4421, 70, 89, 77, 3376828, 2982300, 0.3, 50, 200, 16, 138, 3333, 1
0, 5134, 70, 90, 89, 3676994, 3240088, 0.3, 50, 200, 16, 162, 3333, 1
0, 4873, 67, 89, 80, 3684450, 3217483, 0.3, 50, 200, 16, 144, 3333, 1
0, 4872, 69, 99, 80, 3604714, 3186473, 0.3, 50, 200, 16, 154, 3333, 1
0, 4716, 63, 88, 73, 3527400, 3035869, 0.3, 50, 200, 16, 145, 3333, 1
0, 5008, 59, 77, 68, 3640086, 3088539, 0.3, 50, 200, 16, 154, 3333, 1
0, 4837, 65, 84, 73, 3586189, 3124639, 0.3, 50, 200, 16, 147, 3333, 1
0, 4332, 78, 89, 83, 3329177, 3002158, 0.3, 50, 200, 16, 131, 3333, 1
0, 4474, 64, 84, 72, 3296363, 2855808, 0.3, 50, 200, 16, 133, 3333, 1
1, 3629, 69, 70, 70, 2779965, 2758438, 0.3, 50, 200, 16, 100, 3333, 1
0, 4834, 55, 77, 68, 3351523, 2876153, 0.3, 50, 200, 16, 153, 3333, 1
0, 5357, 54, 76, 67, 3737327, 3150673, 0.3, 50, 200, 16, 163, 3333, 1
0, 4938, 63, 83, 69, 3482223, 2912725, 0.3, 50, 200, 16, 153, 3333, 1
1, 3473, 77, 78, 78, 2761804, 2744083, 0.3, 50, 200, 16, 98, 3333, 1
0, 4465, 67, 88, 73, 3391069, 2998380, 0.3, 50, 200, 16, 130, 3333, 1
0, 4787, 54, 75, 62, 3494862, 2984493, 0.3, 50, 200, 16, 140, 3333, 1
1, 3846, 80, 81, 82, 3224220, 3220129, 0.3, 50, 200, 16, 109, 3333, 1
1, 3492, 55, 56, 57, 2591913, 2590264, 0.3, 50, 200, 16, 99, 3333, 1
0, 4647, 63, 75, 71, 3328112, 2881825, 0.3, 50, 200, 16, 145, 3333, 1
0, 4103, 76, 83, 78, 3288756, 2879273, 0.3, 50, 200, 16, 122, 3333, 1
0, 4556, 75, 84, 76, 3642783, 3209895, 0.3, 50, 200, 16, 132, 3333, 1
0, 4750, 75, 96, 83, 2409877, 2132631, 0.3, 50, 200, 11, 71, 3333, 1
0, 4990, 64, 90, 77, 3568010, 3065608, 0.3, 50, 200, 16, 143, 3333, 1
0, 5259, 66, 94, 88, 2565660, 2238066, 0.3, 50, 200, 11, 78, 3333, 1
0, 4407, 74, 97, 79, 3316048, 2935444, 0.3, 50, 200, 16, 132, 3333, 1
0, 4757, 60, 81, 73, 3780208, 3216509, 0.3, 50, 200, 16, 140, 3333, 1
0, 4393, 72, 85, 80, 2099186, 1872032, 0.3, 50, 200, 11, 62, 3333, 1
0, 3996, 83, 91, 84, 3151803, 2791296, 0.3, 50, 200, 16, 116, 3333, 1
0, 5022, 80, 101, 91, 2595238, 2283878, 0.3, 50, 200, 11, 76, 3333, 1
0, 4492, 67, 83, 74, 2521468, 2177388, 0.3, 50, 200, 11, 69, 3333, 1
0, 4784, 72, 84, 79, 2389245, 2085049, 0.3, 50, 200, 11, 70, 3333, 1
0, 4912, 59, 85, 63, 2334648, 2002903, 0.3, 50, 200, 11, 72, 3333, 1
0, 4464, 73, 83, 77, 2458348, 2164939, 0.3, 50, 200, 11, 68, 3333, 1
0, 4325, 84, 93, 91, 2083201, 1845104, 0.3, 50, 200, 11, 67, 3333, 1
0, 4920, 64, 95, 83, 2374041, 2070492, 0.3, 50, 200, 11, 77, 3333, 1
0, 4372, 83, 95, 89, 2265029, 1989910, 0.3, 50, 200, 11, 65, 3333, 1
0, 5147, 59, 84, 74, 2560925, 2204413, 0.3, 50, 200, 11, 79, 3333, 1
1, 3438, 71, 72, 72, 1838841, 1797099, 0.3, 50, 200, 11, 53, 3333, 1
1, 3697, 90, 92, 91, 1977077, 1937842, 0.3, 50, 200, 11, 57, 3333, 1
1, 3848, 77, 78, 79, 2126021, 2128212, 0.3, 50, 200, 11, 61, 3333, 1
0, 5447, 73, 92, 88, 3936689, 3522820, 0.3, 50, 200, 16, 165, 3333, 1
0, 5136, 70, 101, 81, 2514089, 2200127, 0.3, 50, 200, 11, 86, 3333, 1
0, 4311, 74, 88, 81, 2202482, 1921538, 0.3, 50, 200, 11, 69, 3333, 1
0, 4764, 83, 99, 92, 2389495, 2112862, 0.3, 50, 200, 11, 77, 3333, 1
0, 4699, 63, 78, 72, 2436915, 2123836, 0.3, 50, 200, 11, 72, 3333, 1
1, 3510, 61, 62, 62, 1936987, 1893256, 0.3, 50, 200, 11, 55, 3333, 1
1, 3396, 67, 68, 68, 1810521, 1752048, 0.3, 50, 200, 11, 49, 3333, 1
0, 5144, 79, 94, 99, 2559650, 2262991, 0.3, 50, 200, 11, 84, 3333, 1
1, 3577, 67, 68, 68, 2130180, 2117715, 0.3, 50, 200, 11, 54, 3333, 1
1, 3386, 77, 78, 78, 1898217, 1884958, 0.3, 50, 200, 11, 51, 3333, 1
1, 3529, 73, 74, 74, 1711995, 1676226, 0.3, 50, 200, 11, 55, 3333, 1
0, 4658, 69, 90, 79, 2300143, 2002249, 0.3, 50, 200, 11, 75, 3333, 1
0, 5032, 74, 95, 85, 2525014, 2227133, 0.3, 50, 200, 11, 80, 3333, 1
0, 4373, 67, 86, 72, 2292560, 1998825, 0.3, 50, 200, 11, 69, 3333, 1
0, 4904, 61, 81, 71, 2433655, 2111051, 0.3, 50, 200, 11, 74, 3333, 1
1, 3503, 68, 69, 69, 1921273, 1921273, 0.3, 50, 200, 11, 52, 3333, 1
0, 4929, 73, 93, 79, 2483709, 2212167, 0.3, 50, 200, 11, 79, 3333, 1
1, 3838, 79, 80, 80, 2075132, 2067148, 0.3, 50, 200, 11, 57, 3333, 1
0, 4375, 80, 89, 86, 2151406, 1917815, 0.3, 50, 200, 11, 71, 3333, 1
0, 5630, 59, 88, 84, 2715150, 2332026, 0.3, 50, 200, 11, 84, 3333, 1
0, 5014, 63, 84, 73, 2594701, 2242486, 0.3, 50, 200, 11, 78, 3333, 1
0, 5058, 73, 95, 87, 2547991, 2200592, 0.3, 50, 200, 11, 81, 3333, 1
0, 4801, 67, 91, 76, 2381842, 2093829, 0.3, 50, 200, 11, 77, 3333, 1
0, 4921, 63, 79, 70, 2582872, 2243916, 0.3, 50, 200, 11, 80, 3333, 1
0, 5746, 84, 103, 99, 2759295, 2475917, 0.3, 50, 200, 11, 89, 3333, 1
1, 3513, 61, 62, 62, 2034807, 2003049, 0.3, 50, 200, 11, 57, 3333, 1
0, 4880, 65, 90, 72, 2644149, 2265626, 0.3, 50, 200, 11, 76, 3333, 1
1, 3379, 75, 76, 77, 1755007, 1757558, 0.3, 50, 200, 11, 54, 3333, 1
0, 4778, 73, 88, 79, 2547846, 2244805, 0.3, 50, 200, 11, 74, 3333, 1
0, 4672, 64, 84, 72, 2259037, 1980669, 0.3, 50, 200, 11, 75, 3333, 1
0, 5019, 73, 99, 80, 2659182, 2342802, 0.3, 50, 200, 11, 86, 3333, 1
1, 3583, 67, 69, 69, 1971848, 1967500, 0.3, 50, 200, 11, 53, 3333, 1
0, 4631, 75, 93, 84, 2279233, 1996977, 0.3, 50, 200, 11, 71, 3333, 1
0, 4299, 72, 97, 78, 2206661, 1918450, 0.3, 50, 200, 11, 71, 3333, 1
1, 3397, 58, 59, 60, 1903926, 1903709, 0.3, 50, 200, 11, 53, 3333, 1
0, 4865, 73, 93, 84, 2459388, 2173167, 0.3, 50, 200, 11, 82, 3333, 1
0, 4523, 67, 82, 74, 2475865, 2150403, 0.3, 50, 200, 11, 76, 3333, 1
0, 4577, 79, 94, 90, 2515171, 2228926, 0.3, 50, 200, 11, 74, 3333, 1
0, 4622, 81, 98, 90, 2375763, 2093467, 0.3, 50, 200, 11, 80, 3333, 1
0, 4337, 68, 85, 77, 2290941, 2020914, 0.3, 50, 200, 11, 70, 3333, 1
1, 3404, 59, 60, 61, 1969313, 1966620, 0.3, 50, 200, 11, 52, 3333, 1
0, 4757, 77, 90, 86, 2453867, 2194988, 0.3, 50, 200, 11, 77, 3333, 1
1, 3941, 76, 77, 77, 2103299, 2082997, 0.3, 50, 200, 11, 64, 3333, 1
1, 3644, 84, 85, 85, 2082081, 2015382, 0.3, 50, 200, 11, 63, 3333, 1
0, 4626, 65, 79, 77, 2490310, 2194615, 0.3, 50, 200, 11, 75, 3333, 1
0, 4835, 76, 94, 83, 2608414, 2326270, 0.3, 50, 200, 11, 85, 3333, 1
0, 5125, 62, 78, 72, 2535247, 2182012, 0.3, 50, 200, 11, 79, 3333, 1
0, 4007, 84, 89, 85, 2078608, 1891250, 0.3, 50, 200, 11, 63, 3333, 1
1, 3506, 59, 60, 60, 1800781, 1761289, 0.3, 50, 200, 11, 55, 3333, 1
1, 3417, 63, 64, 64, 1899322, 1890176, 0.3, 50, 200, 11, 51, 3333, 1
0, 5233, 76, 87, 86, 2717214, 2424621, 0.3, 50, 200, 11, 80, 3333, 1
1, 3530, 67, 68, 69, 1998138, 1973467, 0.3, 50, 200, 11, 57, 3333, 1
0, 4535, 66, 82, 74, 2489369, 2143291, 0.3, 50, 200, 11, 72, 3333, 1
0, 4633, 66, 91, 77, 2220879, 1933183, 0.3, 50, 200, 11, 76, 3333, 1
1, 3621, 60, 61, 63, 1836820, 1831928, 0.3, 50, 200, 11, 52, 3333, 1
1, 3395, 69, 70, 70, 1839679, 1754710, 0.3, 50, 200, 11, 50, 3333, 1
1, 3640, 68, 70, 69, 1919207, 1890160, 0.3, 50, 200, 11, 54, 3333, 1
0, 3466, 66, 68, 67, 2047639, 1768597, 0.3, 50, 200, 11, 56, 3333, 1
1, 3652, 66, 67, 67, 1940616, 1923009, 0.3, 50, 200, 11, 54, 3333, 1
0, 4822, 70, 91, 80, 2197856, 1914691, 0.3, 50, 200, 11, 80, 3333, 1
0, 4470, 64, 78, 69, 2533854, 2137101, 0.3, 50, 200, 11, 70, 3333, 1
0, 4478, 74, 93, 81, 2284007, 2013788, 0.3, 50, 200, 11, 72, 3333, 1
0, 4479, 64, 78, 70, 2179305, 1894224, 0.3, 50, 200, 11, 71, 3333, 1
0, 5328, 85, 100, 92, 2928740, 2622822, 0.3, 50, 200, 11, 79, 3333, 1
0, 4215, 68, 79, 74, 2326301, 2051759, 0.3, 50, 200, 11, 65, 3333, 1
0, 5023, 62, 89, 82, 2353033, 2025029, 0.3, 50, 200, 11, 82, 3333, 1
1, 3944, 72, 73, 73, 2100193, 2087262, 0.3, 50, 200, 11, 59, 3333, 1
0, 4713, 69, 88, 78, 2480526, 2184590, 0.3, 50, 200, 11, 74, 3333, 1
0, 4945, 73, 106, 80, 2455983, 2155166, 0.3, 50, 200, 11, 77, 3333, 1
0, 4647, 66, 83, 71, 2241517, 1958283, 0.3, 50, 200, 11, 75, 3333, 1
1, 3381, 71, 72, 72, 2047944, 1997394, 0.3, 50, 200, 11, 55, 3333, 1
0, 4594, 76, 96, 88, 2115063, 1864525, 0.3, 50, 200, 11, 69, 3333, 1
0, 5173, 69, 88, 82, 2478135, 2149873, 0.3, 50, 200, 11, 82, 3333, 1
0, 4551, 80, 92, 88, 2386597, 2113389, 0.3, 50, 200, 11, 73, 3333, 1
0, 4372, 71, 87, 77, 2234704, 1957458, 0.3, 50, 200, 11, 70, 3333, 1
0, 4666, 70, 88, 79, 2401770, 2113524, 0.3, 50, 200, 11, 77, 3333, 1
0, 5039, 62, 84, 73, 2721019, 2343997, 0.3, 50, 200, 11, 82, 3333, 1
0, 4430, 72, 86, 75, 2288589, 2022279, 0.3, 50, 200, 11, 73, 3333, 1
0, 4108, 78, 88, 79, 2189359, 1896212, 0.3, 50, 200, 11, 68, 3333, 1
0, 4791, 87, 104, 95, 2376807, 2149394, 0.3, 50, 200, 11, 80, 3333, 1
0, 4896, 58, 79, 70, 2436769, 2116257, 0.3, 50, 200, 11, 80, 3333, 1
1, 3393, 77, 78, 78, 1387176, 1363269, 0.3, 50, 200, 8, 32, 3333, 1
0, 5202, 74, 95, 84, 2625721, 2318356, 0.3, 50, 200, 11, 86, 3333, 1
0, 4449, 75, 87, 81, 1769155, 1556494, 0.3, 50, 200, 8, 43, 3333, 1
0, 5091, 60, 85, 69, 2534111, 2183560, 0.3, 50, 200, 11, 77, 3333, 1
0, 4870, 72, 89, 84, 1740276, 1535006, 0.3, 50, 200, 8, 47, 3333, 1
0, 4430, 64, 78, 67, 2171134, 1885854, 0.3, 50, 200, 11, 70, 3333, 1
0, 4364, 74, 81, 82, 2127171, 1885734, 0.3, 50, 200, 11, 71, 3333, 1
0, 4813, 64, 86, 76, 2518990, 2202542, 0.3, 50, 200, 11, 77, 3333, 1
0, 4854, 57, 85, 73, 1764678, 1507786, 0.3, 50, 200, 8, 42, 3333, 1
0, 4428, 64, 78, 76, 1617011, 1423288, 0.3, 50, 200, 8, 40, 3333, 1
0, 5879, 79, 101, 91, 1984231, 1764078, 0.3, 50, 200, 8, 54, 3333, 1
0, 4544, 65, 83, 74, 1715091, 1493011, 0.3, 50, 200, 8, 43, 3333, 1
1, 3548, 58, 59, 60, 1500257, 1501625, 0.3, 50, 200, 8, 28, 3333, 1
0, 4431, 73, 79, 77, 1728182, 1529705, 0.3, 50, 200, 8, 39, 3333, 1
1, 3757, 80, 81, 82, 1522000, 1516117, 0.3, 50, 200, 8, 32, 3333, 1
0, 4470, 69, 82, 70, 1776679, 1554495, 0.3, 50, 200, 8, 41, 3333, 1
0, 4788, 65, 86, 76, 1684295, 1470224, 0.3, 50, 200, 8, 42, 3333, 1
1, 3596, 85, 86, 86, 1474964, 1451405, 0.3, 50, 200, 8, 31, 3333, 1
1, 3373, 66, 67, 67, 1331734, 1310983, 0.3, 50, 200, 8, 28, 3333, 1
0, 4759, 66, 89, 77, 1694254, 1483124, 0.3, 50, 200, 8, 42, 3333, 1
0, 4090, 79, 91, 87, 1455929, 1319323, 0.3, 50, 200, 8, 36, 3333, 1
0, 4579, 81, 101, 91, 1676834, 1497827, 0.3, 50, 200, 8, 39, 3333, 1
0, 4486, 64, 76, 72, 1828180, 1576774, 0.3, 50, 200, 8, 41, 3333, 1
1, 3406, 74, 75, 75, 1415143, 1415143, 0.3, 50, 200, 8, 29, 3333, 1
0, 4273, 73, 86, 79, 1745726, 1535327, 0.3, 50, 200, 8, 37, 3333, 1
0, 4475, 69, 78, 74, 1605178, 1400367, 0.3, 50, 200, 8, 38, 3333, 1
0, 4963, 70, 86, 79, 1742865, 1547142, 0.3, 50, 200, 8, 45, 3333, 1
0, 4507, 78, 92, 88, 1733249, 1566376, 0.3, 50, 200, 8, 41, 3333, 1
1, 3395, 66, 67, 67, 1448019, 1427437, 0.3, 50, 200, 8, 31, 3333, 1
1, 3452, 58, 59, 59, 1412192, 1407817, 0.3, 50, 200, 8, 28, 3333, 1
0, 4329, 69, 79, 74, 1678163, 1461783, 0.3, 50, 200, 8, 38, 3333, 1
0, 5076, 72, 93, 84, 1792225, 1574147, 0.3, 50, 200, 8, 46, 3333, 1
0, 4699, 56, 76, 72, 1717869, 1468413, 0.3, 50, 200, 8, 43, 3333, 1
0, 4235, 68, 81, 75, 1639997, 1442753, 0.3, 50, 200, 8, 38, 3333, 1
0, 4796, 78, 97, 81, 1815280, 1598111, 0.3, 50, 200, 8, 44, 3333, 1
1, 3613, 71, 73, 73, 1405552, 1376562, 0.3, 50, 200, 8, 30, 3333, 1
0, 4519, 70, 85, 72, 1867853, 1635196, 0.3, 50, 200, 8, 40, 3333, 1
1, 3654, 74, 78, 76, 1494894, 1481984, 0.3, 50, 200, 8, 29, 3333, 1
0, 5281, 59, 82, 70, 1829501, 1561973, 0.3, 50, 200, 8, 49, 3333, 1
0, 4995, 65, 96, 77, 1840656, 1589781, 0.3, 50, 200, 8, 44, 3333, 1
0, 4727, 68, 82, 81, 1836354, 1609221, 0.3, 50, 200, 8, 41, 3333, 1
0, 5785, 55, 86, 70, 2253396, 1930602, 0.3, 50, 200, 8, 52, 3333, 1
0, 4383, 78, 86, 79, 1645113, 1414399, 0.3, 50, 200, 8, 40, 3333, 1
0, 4489, 68, 86, 76, 1733717, 1498426, 0.3, 50, 200, 8, 37, 3333, 1
0, 5038, 66, 84, 84, 1815653, 1595422, 0.3, 50, 200, 8, 42, 3333, 1
0, 5281, 62, 90, 77, 1931128, 1665012, 0.3, 50, 200, 8, 47, 3333, 1
1, 3526, 76, 77, 77, 1496377, 1453872, 0.3, 50, 200, 8, 32, 3333, 1
0, 4700, 78, 93, 88, 1737556, 1542943, 0.3, 50, 200, 8, 40, 3333, 1
1, 3444, 65, 67, 67, 1386731, 1377106, 0.3, 50, 200, 8, 29, 3333, 1
0, 4915, 74, 87, 78, 1838313, 1605561, 0.3, 50, 200, 8, 41, 3333, 1
1, 3396, 63, 64, 64, 1323247, 1309499, 0.3, 50, 200, 8, 29, 3333, 1
0, 4205, 71, 85, 79, 1748037, 1521979, 0.3, 50, 200, 8, 39, 3333, 1
0, 5050, 66, 81, 75, 1906719, 1669235, 0.3, 50, 200, 8, 46, 3333, 1
0, 4800, 68, 82, 73, 1785878, 1573703, 0.3, 50, 200, 8, 42, 3333, 1
1, 3404, 76, 77, 77, 1366178, 1354670, 0.3, 50, 200, 8, 29, 3333, 1
0, 4924, 66, 89, 78, 1912102, 1695079, 0.3, 50, 200, 8, 42, 3333, 1
1, 3472, 55, 56, 57, 1362972, 1356233, 0.3, 50, 200, 8, 28, 3333, 1
0, 4598, 69, 90, 77, 1786330, 1574482, 0.3, 50, 200, 8, 42, 3333, 1
0, 4859, 71, 100, 80, 1874590, 1635836, 0.3, 50, 200, 8, 42, 3333, 1
0, 4781, 75, 91, 83, 1765744, 1560176, 0.3, 50, 200, 8, 42, 3333, 1
0, 4666, 66, 89, 74, 1829840, 1592936, 0.3, 50, 200, 8, 42, 3333, 1
0, 4306, 84, 96, 89, 1681087, 1512148, 0.3, 50, 200, 8, 41, 3333, 1
1, 3549, 80, 81, 81, 1444201, 1444201, 0.3, 50, 200, 8, 30, 3333, 1
0, 4531, 72, 89, 81, 1724417, 1530071, 0.3, 50, 200, 8, 40, 3333, 1
0, 4675, 64, 88, 68, 1746624, 1506401, 0.3, 50, 200, 8, 41, 3333, 1
0, 4528, 67, 80, 74, 1778418, 1533659, 0.3, 50, 200, 8, 36, 3333, 1
0, 4922, 71, 92, 84, 1821977, 1613001, 0.3, 50, 200, 8, 43, 3333, 1
0, 4716, 61, 77, 67, 1713950, 1482323, 0.3, 50, 200, 8, 42, 3333, 1
0, 4797, 73, 91, 82, 1732325, 1524021, 0.3, 50, 200, 8, 41, 3333, 1
0, 4408, 68, 80, 73, 1661111, 1447509, 0.3, 50, 200, 8, 38, 3333, 1
1, 3650, 66, 67, 68, 1504449, 1535489, 0.3, 50, 200, 8, 32, 3333, 1
0, 4878, 76, 89, 86, 1711149, 1510190, 0.3, 50, 200, 8, 44, 3333, 1
1, 3372, 78, 79, 79, 1330400, 1300870, 0.3, 50, 200, 8, 29, 3333, 1
1, 3396, 62, 63, 63, 1399652, 1399652, 0.3, 50, 200, 8, 27, 3333, 1
0, 4270, 74, 88, 78, 1495139, 1315030, 0.3, 50, 200, 8, 37, 3333, 1
0, 4707, 70, 89, 79, 1845037, 1604942, 0.3, 50, 200, 8, 40, 3333, 1
0, 4540, 78, 94, 90, 1608656, 1442905, 0.3, 50, 200, 8, 40, 3333, 1
0, 5000, 65, 81, 76, 1835600, 1619413, 0.3, 50, 200, 8, 45, 3333, 1
0, 4441, 68, 82, 78, 1681112, 1492875, 0.3, 50, 200, 8, 38, 3333, 1
0, 4586, 75, 86, 84, 1677507, 1497103, 0.3, 50, 200, 8, 38, 3333, 1
0, 4884, 67, 81, 78, 1759691, 1526081, 0.3, 50, 200, 8, 46, 3333, 1
0, 4287, 80, 93, 87, 1557561, 1409182, 0.3, 50, 200, 8, 36, 3333, 1
0, 4095, 80, 87, 83, 1647100, 1452824, 0.3, 50, 200, 8, 36, 3333, 1
0, 4851, 80, 97, 88, 1873464, 1670588, 0.3, 50, 200, 8, 42, 3333, 1
0, 5159, 61, 85, 72, 1963943, 1702522, 0.3, 50, 200, 8, 45, 3333, 1
1, 3390, 85, 86, 86, 1367643, 1347563, 0.3, 50, 200, 8, 28, 3333, 1
0, 4481, 73, 86, 77, 1608439, 1404330, 0.3, 50, 200, 8, 40, 3333, 1
0, 4780, 67, 85, 80, 1663369, 1471740, 0.3, 50, 200, 8, 41, 3333, 1
0, 5052, 65, 88, 78, 1997900, 1731708, 0.3, 50, 200, 8, 45, 3333, 1
0, 4602, 75, 96, 86, 1666022, 1457906, 0.3, 50, 200, 8, 39, 3333, 1
0, 4395, 71, 92, 79, 1531913, 1347968, 0.3, 50, 200, 8, 37, 3333, 1
1, 3580, 77, 79, 80, 1416694, 1395981, 0.3, 50, 200, 8, 29, 3333, 1
1, 3669, 77, 78, 78, 1476393, 1476393, 0.3, 50, 200, 8, 33, 3333, 1
1, 3546, 81, 82, 83, 1349115, 1349927, 0.3, 50, 200, 8, 30, 3333, 1
0, 4316, 72, 79, 81, 1638038, 1442334, 0.3, 50, 200, 8, 37, 3333, 1
0, 5270, 67, 86, 82, 1918395, 1673411, 0.3, 50, 200, 8, 44, 3333, 1
0, 4223, 66, 76, 67, 1687708, 1444803, 0.3, 50, 200, 8, 36, 3333, 1
0, 5553, 66, 101, 84, 2009166, 1765842, 0.3, 50, 200, 8, 49, 3333, 1
0, 4460, 74, 90, 82, 1711905, 1520251, 0.3, 50, 200, 8, 39, 3333, 1
0, 5604, 59, 86, 68, 1991406, 1740994, 0.3, 50, 200, 8, 52, 3333, 1
0, 4876, 66, 82, 75, 1761173, 1537452, 0.3, 50, 200, 8, 44, 3333, 1
0, 4219, 59, 66, 60, 1378585, 1127417, 0.3, 50, 200, 7, 29, 3333, 1
0, 4396, 58, 81, 67, 1674426, 1430100, 0.3, 50, 200, 8, 39, 3333, 1
0, 5276, 58, 91, 69, 1853835, 1597915, 0.3, 50, 200, 8, 46, 3333, 1
1, 3451, 68, 69, 70, 1139488, 1138541, 0.3, 50, 200, 7, 22, 3333, 1
0, 5342, 64, 93, 82, 1969867, 1722036, 0.3, 50, 200, 8, 48, 3333, 1
0, 4551, 76, 96, 84, 1786440, 1582055, 0.3, 50, 200, 8, 41, 3333, 1
0, 4604, 74, 94, 81, 1507253, 1333520, 0.3, 50, 200, 7, 31, 3333, 1
0, 4362, 65, 82, 69, 1312479, 1126814, 0.3, 50, 200, 7, 32, 3333, 1
0, 5208, 66, 93, 82, 1670962, 1467934, 0.3, 50, 200, 7, 37, 3333, 1
0, 4885, 76, 94, 89, 1699210, 1530202, 0.3, 50, 200, 7, 36, 3333, 1
0, 4187, 83, 90, 90, 1375966, 1243888, 0.3, 50, 200, 7, 29, 3333, 1
1, 3388, 62, 63, 65, 1117683, 1116104, 0.3, 50, 200, 7, 22, 3333, 1
0, 4319, 59, 69, 66, 1414882, 1215980, 0.3, 50, 200, 7, 30, 3333, 1
1, 3507, 71, 72, 73, 1104869, 1102865, 0.3, 50, 200, 7, 22, 3333, 1
0, 4615, 54, 76, 58, 1504593, 1268336, 0.3, 50, 200, 7, 36, 3333, 1
0, 5334, 76, 100, 87, 1709197, 1502428, 0.3, 50, 200, 7, 38, 3333, 1
0, 4537, 66, 84, 74, 1537229, 1333669, 0.3, 50, 200, 7, 32, 3333, 1
1, 3553, 75, 76, 76, 1193194, 1186848, 0.3, 50, 200, 7, 23, 3333, 1
1, 3408, 74, 75, 75, 1264474, 1258399, 0.3, 50, 200, 7, 22, 3333, 1
0, 4417, 74, 79, 77, 1391938, 1207092, 0.3, 50, 200, 7, 33, 3333, 1
0, 4754, 61, 86, 71, 1396240, 1189367, 0.3, 50, 200, 7, 33, 3333, 1
1, 3897, 72, 75, 75, 1325467, 1295605, 0.3, 50, 200, 7, 25, 3333, 1
0, 4700, 62, 76, 68, 1471614, 1284778, 0.3, 50, 200, 7, 34, 3333, 1
1, 3648, 75, 76, 76, 1321807, 1296205, 0.3, 50, 200, 7, 24, 3333, 1
1, 3581, 68, 69, 69, 1204384, 1197113, 0.3, 50, 200, 7, 23, 3333, 1
0, 5297, 81, 96, 94, 1696312, 1499157, 0.3, 50, 200, 7, 37, 3333, 1
1, 3430, 74, 75, 77, 1304913, 1303506, 0.3, 50, 200, 7, 24, 3333, 1
0, 4637, 65, 85, 78, 1574133, 1380813, 0.3, 50, 200, 7, 33, 3333, 1
0, 4516, 74, 86, 80, 1560257, 1379550, 0.3, 50, 200, 7, 32, 3333, 1
1, 3726, 76, 77, 77, 1387949, 1346460, 0.3, 50, 200, 7, 25, 3333, 1
0, 4305, 70, 85, 74, 1370273, 1162216, 0.3, 50, 200, 7, 29, 3333, 1
0, 5190, 70, 104, 85, 1626071, 1406028, 0.3, 50, 200, 7, 38, 3333, 1
1, 3563, 65, 66, 66, 1163381, 1151993, 0.3, 50, 200, 7, 24, 3333, 1
0, 4663, 72, 90, 86, 1390044, 1246644, 0.3, 50, 200, 7, 34, 3333, 1
0, 4323, 89, 100, 95, 1430896, 1272649, 0.3, 50, 200, 7, 33, 3333, 1
1, 3415, 69, 71, 71, 1184875, 1178538, 0.3, 50, 200, 7, 24, 3333, 1
0, 4395, 68, 82, 76, 1451486, 1269412, 0.3, 50, 200, 7, 32, 3333, 1
0, 4794, 69, 86, 78, 1628232, 1413836, 0.3, 50, 200, 7, 37, 3333, 1
0, 4422, 72, 86, 78, 1467456, 1311119, 0.3, 50, 200, 7, 32, 3333, 1
0, 4037, 71, 84, 74, 1289883, 1132715, 0.3, 50, 200, 7, 27, 3333, 1
0, 4773, 67, 84, 79, 1498117, 1302200, 0.3, 50, 200, 7, 33, 3333, 1
0, 4718, 68, 88, 76, 1502491, 1312935, 0.3, 50, 200, 7, 33, 3333, 1
1, 3590, 76, 78, 77, 1321175, 1299992, 0.3, 50, 200, 7, 25, 3333, 1
0, 4917, 69, 85, 78, 1656536, 1435214, 0.3, 50, 200, 7, 35, 3333, 1
0, 3935, 71, 79, 78, 1214003, 1113910, 0.3, 50, 200, 7, 28, 3333, 1
0, 5448, 59, 96, 74, 1680321, 1454014, 0.3, 50, 200, 7, 37, 3333, 1
1, 4156, 43, 44, 44, 1547235, 1547235, 0.3, 50, 200, 7, 26, 3333, 1
0, 4404, 75, 93, 80, 1434235, 1277036, 0.3, 50, 200, 7, 31, 3333, 1
0, 5030, 66, 83, 72, 1619836, 1398145, 0.3, 50, 200, 7, 35, 3333, 1
1, 3910, 81, 82, 82, 1342425, 1287254, 0.3, 50, 200, 7, 26, 3333, 1
0, 4710, 74, 90, 83, 1331399, 1171982, 0.3, 50, 200, 7, 35, 3333, 1
1, 3484, 71, 74, 74, 1192009, 1183008, 0.3, 50, 200, 7, 23, 3333, 1
0, 4874, 70, 89, 78, 1542462, 1349632, 0.3, 50, 200, 7, 36, 3333, 1
1, 3649, 72, 76, 73, 1299234, 1274723, 0.3, 50, 200, 7, 26, 3333, 1
0, 4668, 79, 89, 83, 1416344, 1266844, 0.3, 50, 200, 7, 32, 3333, 1
0, 4708, 70, 82, 77, 1535418, 1338758, 0.3, 50, 200, 7, 31, 3333, 1
1, 3434, 68, 69, 69, 1207670, 1182504, 0.3, 50, 200, 7, 22, 3333, 1
0, 4337, 88, 97, 93, 1390246, 1276197, 0.3, 50, 200, 7, 29, 3333, 1
0, 5138, 56, 84, 71, 1674147, 1433591, 0.3, 50, 200, 7, 33, 3333, 1
1, 3397, 74, 75, 75, 1270930, 1260473, 0.3, 50, 200, 7, 22, 3333, 1
1, 3514, 87, 88, 88, 1101460, 1091696, 0.3, 50, 200, 7, 23, 3333, 1
0, 4423, 72, 86, 78, 1412837, 1266212, 0.3, 50, 200, 7, 32, 3333, 1
1, 3517, 72, 73, 73, 1126651, 1109006, 0.3, 50, 200, 7, 25, 3333, 1
0, 4789, 69, 86, 77, 1675890, 1465883, 0.3, 50, 200, 7, 33, 3333, 1
0, 4307, 69, 84, 79, 1397818, 1246050, 0.3, 50, 200, 7, 32, 3333, 1
1, 3505, 69, 70, 72, 1215942, 1215283, 0.3, 50, 200, 7, 25, 3333, 1
1, 3496, 67, 68, 68, 1125852, 1116561, 0.3, 50, 200, 7, 24, 3333, 1
0, 4525, 65, 78, 72, 1419161, 1228316, 0.3, 50, 200, 7, 35, 3333, 1
1, 3955, 71, 72, 72, 1471529, 1451427, 0.3, 50, 200, 7, 26, 3333, 1
0, 4524, 72, 82, 75, 1438931, 1234441, 0.3, 50, 200, 7, 34, 3333, 1
0, 4309, 69, 81, 75, 1445033, 1279618, 0.3, 50, 200, 7, 31, 3333, 1
0, 4266, 71, 79, 73, 1499025, 1313197, 0.3, 50, 200, 7, 29, 3333, 1
0, 4678, 69, 82, 77, 1420774, 1242677, 0.3, 50, 200, 7, 36, 3333, 1
1, 4543, 87, 88, 90, 1686287, 1679347, 0.3, 50, 200, 7, 32, 3333, 1
0, 4895, 63, 76, 69, 1585452, 1364800, 0.3, 50, 200, 7, 36, 3333, 1
0, 5119, 68, 98, 84, 1628072, 1428746, 0.3, 50, 200, 7, 39, 3333, 1
0, 4747, 61, 75, 68, 1452118, 1260796, 0.3, 50, 200, 7, 35, 3333, 1
1, 3541, 63, 64, 65, 1196855, 1193981, 0.3, 50, 200, 7, 23, 3333, 1
0, 4304, 69, 82, 76, 1337019, 1171742, 0.3, 50, 200, 7, 31, 3333, 1
1, 3539, 64, 65, 67, 1260450, 1264472, 0.3, 50, 200, 7, 23, 3333, 1
0, 4842, 63, 76, 68, 1657622, 1411181, 0.3, 50, 200, 7, 36, 3333, 1
0, 4401, 80, 90, 86, 1363607, 1210493, 0.3, 50, 200, 7, 31, 3333, 1
1, 3478, 69, 70, 71, 1173419, 1168479, 0.3, 50, 200, 7, 26, 3333, 1
1, 3409, 66, 67, 67, 1220600, 1198602, 0.3, 50, 200, 7, 28, 3333, 1
0, 4899, 56, 74, 65, 1668406, 1397781, 0.3, 50, 200, 7, 37, 3333, 1
1, 3400, 73, 74, 75, 1071984, 1074311, 0.3, 50, 200, 7, 24, 3333, 1
1, 3392, 65, 66, 66, 1202439, 1191206, 0.3, 50, 200, 7, 26, 3333, 1
0, 4451, 62, 84, 80, 1356451, 1157307, 0.3, 50, 200, 7, 35, 3333, 1
0, 5392, 50, 71, 67, 1704883, 1468638, 0.3, 50, 200, 7, 37, 3333, 1
0, 4743, 66, 86, 74, 1499482, 1304653, 0.3, 50, 200, 7, 33, 3333, 1
1, 3651, 70, 72, 74, 1296276, 1300656, 0.3, 50, 200, 7, 25, 3333, 1
0, 5058, 73, 95, 80, 1660395, 1455463, 0.3, 50, 200, 7, 36, 3333, 1
0, 4870, 79, 94, 88, 1527505, 1367576, 0.3, 50, 200, 7, 34, 3333, 1
0, 4768, 67, 78, 72, 1429322, 1201682, 0.3, 50, 200, 7, 38, 3333, 1
0, 4996, 70, 91, 84, 1763227, 1566157, 0.3, 50, 200, 7, 36, 3333, 1
0, 4251, 76, 90, 81, 1391220, 1239405, 0.3, 50, 200, 7, 30, 3333, 1
0, 5207, 69, 86, 82, 1661545, 1454794, 0.3, 50, 200, 7, 36, 3333, 1
0, 4159, 69, 77, 75, 1351326, 1183588, 0.3, 50, 200, 7, 30, 3333, 1
0, 4916, 82, 101, 94, 1663281, 1501063, 0.3, 50, 200, 7, 38, 3333, 1
0, 4453, 83, 96, 89, 1492239, 1336995, 0.3, 50, 200, 7, 33, 3333, 1
1, 3485, 73, 74, 74, 1193032, 1190581, 0.3, 50, 200, 7, 24, 3333, 1
0, 5144, 58, 81, 70, 1740358, 1494039, 0.3, 50, 200, 7, 38, 3333, 1
0, 4790, 73, 88, 88, 1310714, 1169520, 0.3, 50, 200, 6, 27, 3333, 1
1, 3748, 74, 75, 75, 1034825, 1031911, 0.3, 50, 200, 6, 21, 3333, 1
0, 4680, 70, 86, 80, 1565312, 1371514, 0.3, 50, 200, 7, 32, 3333, 1
0, 4464, 65, 86, 72, 1246468, 1098287, 0.3, 50, 200, 6, 25, 3333, 1
0, 4944, 60, 80, 66, 1281776, 1088443, 0.3, 50, 200, 6, 29, 3333, 1
0, 4762, 63, 82, 72, 1439599, 1274669, 0.3, 50, 200, 7, 35, 3333, 1
1, 3395, 70, 71, 71, 985726, 979801, 0.3, 50, 200, 6, 19, 3333, 1
0, 5007, 57, 76, 68, 1478928, 1243888, 0.3, 50, 200, 6, 29, 3333, 1
0, 4401, 74, 93, 78, 1258315, 1106898, 0.3, 50, 200, 6, 27, 3333, 1
0, 4866, 73, 92, 82, 1360061, 1196018, 0.3, 50, 200, 6, 28, 3333, 1
0, 4506, 70, 85, 76, 1186856, 1065029, 0.3, 50, 200, 6, 25, 3333, 1
0, 4217, 77, 88, 80, 1414065, 1242669, 0.3, 50, 200, 6, 26, 3333, 1
0, 4593, 66, 80, 73, 1254223, 1092259, 0.3, 50, 200, 6, 25, 3333, 1
1, 3494, 68, 71, 70, 1014914, 1014875, 0.3, 50, 200, 6, 19, 3333, 1
0, 4598, 58, 74, 63, 1440541, 1217661, 0.3, 50, 200, 6, 25, 3333, 1
0, 4475, 78, 93, 88, 1244792, 1087833, 0.3, 50, 200, 6, 27, 3333, 1
1, 3403, 76, 77, 77, 953549, 953549, 0.3, 50, 200, 6, 19, 3333, 1
0, 4928, 72, 98, 90, 1285133, 1135139, 0.3, 50, 200, 6, 29, 3333, 1
0, 4263, 75, 85, 80, 1300150, 1156925, 0.3, 50, 200, 6, 22, 3333, 1
1, 3426, 71, 73, 72, 1096151, 1092109, 0.3, 50, 200, 6, 22, 3333, 1
0, 4357, 75, 90, 80, 1305865, 1152168, 0.3, 50, 200, 6, 25, 3333, 1
0, 4593, 78, 94, 83, 1328577, 1161470, 0.3, 50, 200, 6, 26, 3333, 1
0, 4605, 69, 86, 76, 1251333, 1112751, 0.3, 50, 200, 6, 25, 3333, 1
1, 3792, 67, 68, 68, 1126780, 1121185, 0.3, 50, 200, 6, 22, 3333, 1
1, 3629, 72, 73, 73, 1143041, 1111069, 0.3, 50, 200, 6, 21, 3333, 1
1, 3386, 69, 70, 70, 1100010, 1100010, 0.3, 50, 200, 6, 19, 3333, 1
0, 4958, 62, 78, 74, 1438220, 1251488, 0.3, 50, 200, 6, 30, 3333, 1
1, 3879, 73, 74, 74, 1187449, 1187449, 0.3, 50, 200, 6, 22, 3333, 1
0, 4120, 75, 81, 80, 1303010, 1141371, 0.3, 50, 200, 6, 22, 3333, 1
1, 3738, 63, 64, 64, 1139018, 1130194, 0.3, 50, 200, 6, 21, 3333, 1
0, 4630, 66, 83, 74, 1378703, 1208581, 0.3, 50, 200, 6, 26, 3333, 1
0, 4485, 76, 92, 85, 1226073, 1095827, 0.3, 50, 200, 6, 26, 3333, 1
1, 3772, 78, 79, 80, 1227890, 1210928, 0.3, 50, 200, 6, 22, 3333, 1
1, 3498, 57, 58, 60, 1013752, 1016959, 0.3, 50, 200, 6, 20, 3333, 1
0, 4687, 65, 78, 76, 1268717, 1109740, 0.3, 50, 200, 6, 27, 3333, 1
0, 5379, 71, 94, 80, 1420672, 1258514, 0.3, 50, 200, 6, 33, 3333, 1
0, 5333, 68, 90, 86, 1360500, 1198301, 0.3, 50, 200, 6, 32, 3333, 1
1, 3501, 71, 72, 72, 989120, 989120, 0.3, 50, 200, 6, 21, 3333, 1
1, 3405, 72, 73, 74, 1002361, 1007355, 0.3, 50, 200, 6, 18, 3333, 1
0, 5431, 79, 99, 91, 1406870, 1252754, 0.3, 50, 200, 6, 33, 3333, 1
0, 4877, 60, 91, 70, 1275962, 1091336, 0.3, 50, 200, 6, 27, 3333, 1
0, 4435, 70, 87, 78, 1194850, 1051036, 0.3, 50, 200, 6, 28, 3333, 1
1, 3683, 61, 62, 63, 1098796, 1092866, 0.3, 50, 200, 6, 19, 3333, 1
0, 5617, 72, 99, 85, 1521324, 1342482, 0.3, 50, 200, 6, 38, 3333, 1
1, 3443, 64, 65, 65, 1118559, 1105642, 0.3, 50, 200, 6, 20, 3333, 1
0, 5360, 68, 90, 78, 1530513, 1329132, 0.3, 50, 200, 6, 32, 3333, 1
0, 4742, 75, 95, 87, 1199141, 1073942, 0.3, 50, 200, 6, 27, 3333, 1
0, 4961, 77, 94, 86, 1376139, 1207768, 0.3, 50, 200, 6, 28, 3333, 1
0, 4680, 61, 81, 65, 1274536, 1095873, 0.3, 50, 200, 6, 28, 3333, 1
1, 3817, 70, 73, 73, 1178359, 1176301, 0.3, 50, 200, 6, 22, 3333, 1
0, 4539, 74, 93, 81, 1287457, 1140936, 0.3, 50, 200, 6, 26, 3333, 1
0, 4788, 65, 86, 75, 1334198, 1147926, 0.3, 50, 200, 6, 28, 3333, 1
0, 5180, 61, 85, 77, 1406926, 1232925, 0.3, 50, 200, 6, 32, 3333, 1
0, 4615, 77, 92, 83, 1146786, 1010328, 0.3, 50, 200, 6, 26, 3333, 1
1, 3707, 72, 73, 73, 1081585, 1075055, 0.3, 50, 200, 6, 20, 3333, 1
1, 3497, 71, 72, 72, 1174970, 1154145, 0.3, 50, 200, 6, 18, 3333, 1
1, 3524, 57, 58, 58, 1062140, 1033980, 0.3, 50, 200, 6, 19, 3333, 1
0, 4575, 70, 83, 81, 1175858, 1032753, 0.3, 50, 200, 6, 25, 3333, 1
0, 4641, 79, 95, 89, 1394954, 1256841, 0.3, 50, 200, 6, 26, 3333, 1
0, 4995, 66, 84, 77, 1421277, 1246574, 0.3, 50, 200, 6, 29, 3333, 1
1, 3643, 67, 68, 68, 1092629, 989708, 0.3, 50, 200, 6, 20, 3333, 1
1, 3351, 71, 72, 72, 927636, 899031, 0.3, 50, 200, 6, 19, 3333, 1
0, 4861, 64, 74, 71, 1434157, 1252414, 0.3, 50, 200, 6, 28, 3333, 1
1, 3753, 73, 75, 74, 1062817, 1060231, 0.3, 50, 200, 6, 21, 3333, 1
0, 4773, 85, 96, 90, 1408362, 1271583, 0.3, 50, 200, 6, 28, 3333, 1
0, 4687, 64, 79, 70, 1313588, 1131758, 0.3, 50, 200, 6, 30, 3333, 1
1, 3802, 78, 79, 79, 1040224, 1031633, 0.3, 50, 200, 6, 21, 3333, 1
0, 4718, 68, 86, 80, 1256129, 1093622, 0.3, 50, 200, 6, 28, 3333, 1
0, 4557, 78, 96, 87, 1174232, 1050376, 0.3, 50, 200, 6, 27, 3333, 1
1, 3439, 69, 70, 70, 938568, 915492, 0.3, 50, 200, 6, 18, 3333, 1
0, 4666, 79, 99, 85, 1400187, 1238642, 0.3, 50, 200, 6, 32, 3333, 1
0, 3962, 80, 89, 84, 1097782, 970619, 0.3, 50, 200, 6, 23, 3333, 1
0, 5241, 80, 104, 92, 1457050, 1302587, 0.3, 50, 200, 6, 31, 3333, 1
0, 5530, 65, 95, 83, 1508235, 1305049, 0.3, 50, 200, 6, 33, 3333, 1
0, 4628, 72, 97, 83, 1363776, 1201489, 0.3, 50, 200, 6, 27, 3333, 1
0, 4635, 64, 81, 68, 1283261, 1104975, 0.3, 50, 200, 6, 28, 3333, 1
0, 4730, 64, 85, 73, 1319898, 1128667, 0.3, 50, 200, 6, 26, 3333, 1
0, 5035, 71, 92, 79, 1455381, 1277237, 0.3, 50, 200, 6, 28, 3333, 1
1, 3637, 69, 71, 70, 950506, 936026, 0.3, 50, 200, 6, 21, 3333, 1
0, 4902, 73, 90, 80, 1273923, 1115611, 0.3, 50, 200, 6, 28, 3333, 1
0, 4810, 80, 95, 90, 1350235, 1202051, 0.3, 50, 200, 6, 29, 3333, 1
0, 5642, 81, 102, 98, 1365773, 1235452, 0.3, 50, 200, 6, 31, 3333, 1
0, 4729, 61, 80, 70, 1277180, 1098945, 0.3, 50, 200, 6, 27, 3333, 1
1, 3517, 72, 74, 74, 1001041, 1000352, 0.3, 50, 200, 6, 19, 3333, 1
1, 3510, 75, 76, 78, 1025010, 1029763, 0.3, 50, 200, 6, 17, 3333, 1
0, 4424, 76, 89, 79, 1169414, 1035706, 0.3, 50, 200, 6, 24, 3333, 1
1, 3397, 54, 55, 57, 1082783, 1081480, 0.3, 50, 200, 6, 18, 3333, 1
0, 4824, 63, 85, 72, 1310212, 1124142, 0.3, 50, 200, 6, 27, 3333, 1
1, 3476, 74, 75, 75, 978175, 962676, 0.3, 50, 200, 6, 20, 3333, 1
1, 3465, 67, 70, 69, 1002318, 997899, 0.3, 50, 200, 6, 16, 3333, 1
0, 5210, 54, 81, 70, 1473154, 1249489, 0.3, 50, 200, 6, 29, 3333, 1
0, 5584, 61, 79, 77, 1536862, 1311650, 0.3, 50, 200, 6, 31, 3333, 1
0, 4990, 67, 84, 78, 1336768, 1168125, 0.3, 50, 200, 6, 26, 3333, 1
1, 3413, 75, 76, 76, 909921, 893751, 0.3, 50, 200, 6, 20, 3333, 1
1, 3465, 57, 58, 59, 909112, 912333, 0.3, 50, 200, 6, 20, 3333, 1
0, 4719, 68, 83, 83, 1260161, 1103717, 0.3, 50, 200, 6, 26, 3333, 1
1, 3431, 52, 53, 54, 1053713, 1057202, 0.3, 50, 200, 6, 18, 3333, 1
1, 3433, 64, 65, 65, 808187, 793324, 0.3, 50, 200, 5, 15, 3333, 1
0, 4202, 71, 90, 77, 963152, 831886, 0.3, 50, 200, 5, 19, 3333, 1
0, 5152, 63, 83, 83, 1344455, 1178047, 0.3, 50, 200, 6, 28, 3333, 1
0, 4647, 72, 83, 85, 1367034, 1208400, 0.3, 50, 200, 6, 27, 3333, 1
0, 4699, 66, 79, 74, 1263422, 1118984, 0.3, 50, 200, 6, 26, 3333, 1
0, 4550, 61, 78, 75, 982802, 851555, 0.3, 50, 200, 5, 17, 3333, 1
0, 4943, 73, 90, 85, 1079431, 958539, 0.3, 50, 200, 5, 21, 3333, 1
0, 4784, 76, 90, 80, 1303443, 1140478, 0.3, 50, 200, 6, 27, 3333, 1
0, 4764, 74, 95, 88, 1260110, 1130348, 0.3, 50, 200, 6, 29, 3333, 1
0, 5055, 66, 87, 78, 1223045, 1072739, 0.3, 50, 200, 5, 21, 3333, 1
0, 4426, 70, 88, 75, 889110, 762549, 0.3, 50, 200, 5, 20, 3333, 1
0, 4914, 67, 90, 81, 1067797, 930096, 0.3, 50, 200, 5, 22, 3333, 1
0, 4898, 58, 85, 68, 1062611, 906609, 0.3, 50, 200, 5, 21, 3333, 1
0, 4525, 73, 86, 81, 987112, 876293, 0.3, 50, 200, 5, 19, 3333, 1
0, 4491, 76, 92, 82, 931587, 831460, 0.3, 50, 200, 5, 20, 3333, 1
0, 4509, 76, 87, 81, 1028654, 898792, 0.3, 50, 200, 5, 20, 3333, 1
1, 3423, 77, 78, 80, 877033, 877817, 0.3, 50, 200, 5, 15, 3333, 1
1, 3487, 66, 67, 67, 883594, 874872, 0.3, 50, 200, 5, 14, 3333, 1
0, 4112, 68, 75, 71, 999630, 871622, 0.3, 50, 200, 5, 17, 3333, 1
0, 4352, 72, 82, 78, 1008227, 897657, 0.3, 50, 200, 5, 19, 3333, 1
0, 4339, 64, 83, 65, 1118903, 951897, 0.3, 50, 200, 5, 19, 3333, 1
1, 3468, 77, 78, 80, 857839, 864777, 0.3, 50, 200, 5, 15, 3333, 1
0, 4986, 65, 83, 76, 1160574, 1006189, 0.3, 50, 200, 5, 21, 3333, 1
1, 3453, 55, 56, 56, 898679, 893104, 0.3, 50, 200, 5, 14, 3333, 1
0, 5189, 60, 77, 73, 1118671, 974435, 0.3, 50, 200, 5, 24, 3333, 1
0, 4392, 66, 76, 67, 1076281, 936113, 0.3, 50, 200, 5, 19, 3333, 1
0, 3961, 64, 76, 68, 1023113, 870281, 0.3, 50, 200, 5, 17, 3333, 1
0, 5045, 61, 81, 71, 1121717, 969035, 0.3, 50, 200, 5, 23, 3333, 1
0, 5250, 64, 85, 75, 1302134, 1123938, 0.3, 50, 200, 5, 22, 3333, 1
0, 4753, 61, 73, 75, 1040976, 891126, 0.3, 50, 200, 5, 21, 3333, 1
0, 5718, 61, 87, 82, 1213080, 1059979, 0.3, 50, 200, 5, 26, 3333, 1
0, 4147, 66, 76, 71, 963440, 843422, 0.3, 50, 200, 5, 18, 3333, 1
0, 4941, 61, 83, 72, 1175355, 1005635, 0.3, 50, 200, 5, 20, 3333, 1
1, 3923, 87, 89, 90, 960976, 942965, 0.3, 50, 200, 5, 18, 3333, 1
0, 4209, 67, 82, 71, 1009277, 874402, 0.3, 50, 200, 5, 18, 3333, 1
0, 4634, 80, 97, 93, 1159058, 1032029, 0.3, 50, 200, 5, 21, 3333, 1
1, 3567, 63, 64, 64, 887444, 882004, 0.3, 50, 200, 5, 13, 3333, 1
1, 4150, 78, 79, 79, 900296, 882390, 0.3, 50, 200, 5, 18, 3333, 1
0, 4451, 71, 85, 78, 1015905, 900794, 0.3, 50, 200, 5, 19, 3333, 1
0, 5121, 53, 75, 65, 1201420, 1039264, 0.3, 50, 200, 5, 25, 3333, 1
1, 3562, 71, 72, 74, 821856, 816157, 0.3, 50, 200, 5, 15, 3333, 1
0, 4712, 71, 97, 80, 1114953, 980186, 0.3, 50, 200, 5, 20, 3333, 1
1, 3681, 80, 81, 82, 983845, 979528, 0.3, 50, 200, 5, 15, 3333, 1
1, 3763, 71, 72, 72, 979554, 979554, 0.3, 50, 200, 5, 15, 3333, 1
0, 4068, 77, 85, 82, 1066485, 970055, 0.3, 50, 200, 5, 16, 3333, 1
0, 4991, 65, 89, 73, 1144722, 977471, 0.3, 50, 200, 5, 21, 3333, 1
0, 5587, 82, 95, 93, 1273856, 1118317, 0.3, 50, 200, 5, 23, 3333, 1
0, 5142, 85, 101, 89, 1225727, 1102567, 0.3, 50, 200, 5, 22, 3333, 1
0, 5005, 73, 93, 83, 1117532, 982182, 0.3, 50, 200, 5, 21, 3333, 1
0, 4863, 63, 84, 72, 1067774, 934641, 0.3, 50, 200, 5, 20, 3333, 1
1, 3467, 69, 70, 72, 795160, 801201, 0.3, 50, 200, 5, 15, 3333, 1
1, 3493, 70, 71, 72, 816833, 816004, 0.3, 50, 200, 5, 14, 3333, 1
0, 4749, 65, 82, 75, 975865, 847955, 0.3, 50, 200, 5, 20, 3333, 1
0, 4952, 54, 81, 66, 1204272, 1011718, 0.3, 50, 200, 5, 21, 3333, 1
1, 3400, 61, 63, 64, 850173, 848194, 0.3, 50, 200, 5, 14, 3333, 1
0, 5142, 69, 92, 76, 1134605, 987289, 0.3, 50, 200, 5, 20, 3333, 1
0, 5237, 75, 95, 86, 1224001, 1086277, 0.3, 50, 200, 5, 23, 3333, 1
0, 4735, 67, 79, 72, 1098592, 969194, 0.3, 50, 200, 5, 20, 3333, 1
0, 4610, 61, 78, 72, 1153306, 998502, 0.3, 50, 200, 5, 21, 3333, 1
0, 4820, 66, 82, 74, 1058594, 926425, 0.3, 50, 200, 5, 21, 3333, 1
0, 5022, 56, 81, 71, 1088239, 935068, 0.3, 50, 200, 5, 22, 3333, 1
0, 5305, 72, 97, 83, 1291997, 1117221, 0.3, 50, 200, 5, 22, 3333, 1
0, 4079, 63, 71, 70, 1007031, 856952, 0.3, 50, 200, 5, 18, 3333, 1
1, 3641, 74, 75, 76, 886946, 879542, 0.3, 50, 200, 5, 15, 3333, 1
0, 5138, 67, 94, 77, 1182028, 1038679, 0.3, 50, 200, 5, 26, 3333, 1
0, 4676, 79, 102, 92, 1100961, 987689, 0.3, 50, 200, 5, 22, 3333, 1
1, 3558, 67, 68, 69, 914826, 913433, 0.3, 50, 200, 5, 16, 3333, 1
0, 5207, 71, 100, 88, 1095088, 970133, 0.3, 50, 200, 5, 26, 3333, 1
1, 3524, 73, 75, 74, 816907, 811996, 0.3, 50, 200, 5, 15, 3333, 1
1, 3805, 65, 67, 69, 918637, 932237, 0.3, 50, 200, 5, 17, 3333, 1
0, 4209, 75, 90, 79, 1065732, 943864, 0.3, 50, 200, 5, 18, 3333, 1
0, 4496, 63, 82, 69, 1134725, 980632, 0.3, 50, 200, 5, 20, 3333, 1
0, 3743, 77, 82, 78, 902710, 801005, 0.3, 50, 200, 5, 16, 3333, 1
0, 4295, 76, 81, 81, 1143842, 1013313, 0.3, 50, 200, 5, 18, 3333, 1
0, 4329, 64, 86, 70, 1046074, 903381, 0.3, 50, 200, 5, 19, 3333, 1
0, 5037, 68, 93, 80, 1117778, 979419, 0.3, 50, 200, 5, 23, 3333, 1
0, 5083, 64, 84, 74, 1136088, 976089, 0.3, 50, 200, 5, 22, 3333, 1
0, 3931, 69, 80, 72, 919982, 817987, 0.3, 50, 200, 5, 17, 3333, 1
0, 4440, 66, 83, 72, 965406, 835062, 0.3, 50, 200, 5, 19, 3333, 1
0, 4799, 66, 86, 76, 1161998, 1016728, 0.3, 50, 200, 5, 22, 3333, 1
0, 5056, 64, 84, 74, 1128921, 985912, 0.3, 50, 200, 5, 24, 3333, 1
1, 3632, 83, 85, 84, 915826, 913349, 0.3, 50, 200, 5, 16, 3333, 1
0, 4194, 80, 90, 88, 981782, 856506, 0.3, 50, 200, 5, 19, 3333, 1
0, 4538, 67, 82, 73, 1142117, 998368, 0.3, 50, 200, 5, 20, 3333, 1
0, 4514, 87, 101, 92, 1138358, 1019014, 0.3, 50, 200, 5, 21, 3333, 1
0, 4612, 75, 91, 83, 1011055, 888498, 0.3, 50, 200, 5, 22, 3333, 1
1, 3642, 64, 65, 65, 925636, 925636, 0.3, 50, 200, 5, 16, 3333, 1
0, 4138, 72, 86, 80, 1078368, 942761, 0.3, 50, 200, 5, 19, 3333, 1
0, 4425, 86, 98, 88, 979574, 864583, 0.3, 50, 200, 5, 20, 3333, 1
0, 4223, 72, 79, 77, 1063078, 917214, 0.3, 50, 200, 5, 21, 3333, 1
1, 3618, 68, 69, 70, 950128, 941299, 0.3, 50, 200, 5, 15, 3333, 1
1, 3406, 69, 70, 70, 819526, 813789, 0.3, 50, 200, 5, 14, 3333, 1
0, 4451, 73, 86, 77, 1084559, 949041, 0.3, 50, 200, 5, 21, 3333, 1
1, 3832, 77, 78, 79, 970015, 965749, 0.3, 50, 200, 5, 16, 3333, 1
0, 4676, 72, 87, 79, 1061162, 938432, 0.3, 50, 200, 5, 21, 3333, 1
1, 3344, 76, 77, 77, 841532, 839825, 0.3, 50, 200, 5, 14, 3333, 1
0, 4525, 70, 87, 75, 960776, 841908, 0.3, 50, 200, 5, 21, 3333, 1
1, 3434, 75, 77, 76, 854637, 850959, 0.3, 50, 200, 5, 15, 3333, 1
0, 4859, 75, 90, 83, 1152624, 1022543, 0.3, 50, 200, 5, 21, 3333, 1
1, 3489, 79, 80, 81, 759574, 762723, 0.3, 50, 200, 4, 11, 3333, 1
0, 4919, 73, 91, 78, 1098070, 970260, 0.3, 50, 200, 5, 22, 3333, 1
1, 3430, 67, 68, 69, 913197, 915317, 0.3, 50, 200, 5, 14, 3333, 1
1, 3627, 84, 85, 85, 702058, 698150, 0.3, 50, 200, 4, 12, 3333, 1
0, 4993, 68, 89, 79, 1174094, 1043352, 0.3, 50, 200, 5, 22, 3333, 1
0, 4800, 72, 85, 77, 1130716, 996519, 0.3, 50, 200, 5, 22, 3333, 1
1, 3786, 72, 73, 73, 715428, 712383, 0.3, 50, 200, 4, 12, 3333, 1
0, 4107, 69, 78, 73, 990583, 854963, 0.3, 50, 200, 5, 19, 3333, 1
1, 3404, 66, 67, 68, 685683, 685253, 0.3, 50, 200, 4, 11, 3333, 1
1, 3649, 71, 73, 76, 688906, 681541, 0.3, 50, 200, 4, 11, 3333, 1
0, 4310, 57, 73, 63, 757687, 624136, 0.3, 50, 200, 4, 15, 3333, 1
1, 3502, 56, 57, 58, 658600, 659752, 0.3, 50, 200, 4, 11, 3333, 1
1, 3493, 71, 72, 72, 621375, 614327, 0.3, 50, 200, 4, 9, 3333, 1
0, 5480, 60, 89, 74, 1203266, 1038950, 0.3, 50, 200, 5, 26, 3333, 1
0, 4446, 71, 89, 78, 882356, 760428, 0.3, 50, 200, 4, 16, 3333, 1
0, 4094, 64, 74, 67, 768220, 665761, 0.3, 50, 200, 4, 14, 3333, 1
1, 3413, 67, 68, 68, 650540, 640750, 0.3, 50, 200, 4, 11, 3333, 1
0, 4219, 80, 94, 88, 830319, 738502, 0.3, 50, 200, 4, 14, 3333, 1
0, 4801, 76, 98, 86, 798094, 706390, 0.3, 50, 200, 4, 16, 3333, 1
0, 4836, 80, 102, 88, 986834, 883961, 0.3, 50, 200, 4, 16, 3333, 1
0, 5157, 71, 98, 89, 881631, 780731, 0.3, 50, 200, 4, 18, 3333, 1
0, 4324, 66, 80, 69, 861518, 744357, 0.3, 50, 200, 4, 15, 3333, 1
1, 3617, 87, 89, 88, 760097, 757559, 0.3, 50, 200, 4, 11, 3333, 1
0, 4909, 65, 82, 77, 960005, 829411, 0.3, 50, 200, 4, 16, 3333, 1
0, 5221, 79, 107, 97, 1030257, 908860, 0.3, 50, 200, 4, 20, 3333, 1
0, 5031, 65, 82, 77, 974921, 845447, 0.3, 50, 200, 4, 17, 3333, 1
1, 3476, 57, 58, 59, 720020, 719205, 0.3, 50, 200, 4, 10, 3333, 1
1, 3806, 76, 77, 77, 725786, 721267, 0.3, 50, 200, 4, 12, 3333, 1
0, 5282, 59, 77, 73, 928177, 806429, 0.3, 50, 200, 4, 19, 3333, 1
0, 4525, 62, 82, 67, 782924, 669658, 0.3, 50, 200, 4, 15, 3333, 1
1, 3703, 64, 65, 65, 732019, 719898, 0.3, 50, 200, 4, 12, 3333, 1
0, 4926, 84, 100, 98, 979242, 889833, 0.3, 50, 200, 4, 17, 3333, 1
0, 4729, 67, 85, 75, 879264, 760007, 0.3, 50, 200, 4, 15, 3333, 1
1, 3407, 65, 66, 68, 745423, 750635, 0.3, 50, 200, 4, 11, 3333, 1
1, 3406, 69, 70, 70, 766473, 766473, 0.3, 50, 200, 4, 10, 3333, 1
1, 3604, 78, 79, 79, 770649, 765384, 0.3, 50, 200, 4, 11, 3333, 1
1, 3583, 82, 83, 83, 675635, 669053, 0.3, 50, 200, 4, 12, 3333, 1
0, 5084, 65, 88, 81, 884096, 764013, 0.3, 50, 200, 4, 17, 3333, 1
0, 4294, 72, 84, 77, 830266, 741502, 0.3, 50, 200, 4, 13, 3333, 1
1, 3494, 76, 77, 77, 747686, 734979, 0.3, 50, 200, 4, 11, 3333, 1
0, 4861, 65, 83, 77, 817182, 722915, 0.3, 50, 200, 4, 16, 3333, 1
0, 5111, 65, 83, 78, 903490, 778104, 0.3, 50, 200, 4, 17, 3333, 1
1, 3418, 70, 71, 72, 626930, 629640, 0.3, 50, 200, 4, 10, 3333, 1
0, 5047, 69, 96, 83, 957127, 837652, 0.3, 50, 200, 4, 15, 3333, 1
1, 3844, 70, 71, 71, 757424, 751250, 0.3, 50, 200, 4, 12, 3333, 1
1, 3838, 73, 74, 75, 850814, 856223, 0.3, 50, 200, 4, 12, 3333, 1
0, 5058, 62, 83, 71, 963347, 813806, 0.3, 50, 200, 4, 17, 3333, 1
0, 4682, 70, 92, 80, 833950, 751944, 0.3, 50, 200, 4, 15, 3333, 1
0, 5434, 66, 91, 73, 946008, 810638, 0.3, 50, 200, 4, 18, 3333, 1
0, 6291, 47, 79, 68, 1032953, 887687, 0.3, 50, 200, 4, 21, 3333, 1
0, 4792, 65, 80, 72, 849202, 743684, 0.3, 50, 200, 4, 17, 3333, 1
1, 3870, 77, 79, 81, 759455, 764635, 0.3, 50, 200, 4, 12, 3333, 1
0, 4196, 62, 71, 65, 777293, 665707, 0.3, 50, 200, 4, 13, 3333, 1
1, 3814, 66, 67, 67, 740712, 722957, 0.3, 50, 200, 4, 11, 3333, 1
1, 3534, 71, 72, 72, 716515, 700729, 0.3, 50, 200, 4, 10, 3333, 1
1, 3888, 76, 77, 78, 739800, 734223, 0.3, 50, 200, 4, 12, 3333, 1
1, 3421, 70, 71, 71, 757750, 757750, 0.3, 50, 200, 4, 10, 3333, 1
0, 4608, 72, 88, 80, 872533, 766121, 0.3, 50, 200, 4, 14, 3333, 1
0, 4664, 77, 95, 88, 764432, 683601, 0.3, 50, 200, 4, 15, 3333, 1
1, 3613, 71, 73, 74, 733105, 730199, 0.3, 50, 200, 4, 11, 3333, 1
0, 5609, 56, 79, 70, 1020577, 878163, 0.3, 50, 200, 4, 18, 3333, 1
0, 4850, 80, 94, 87, 1019004, 903046, 0.3, 50, 200, 4, 16, 3333, 1
0, 4669, 85, 100, 94, 840883, 758062, 0.3, 50, 200, 4, 15, 3333, 1
0, 4679, 66, 84, 75, 844963, 733075, 0.3, 50, 200, 4, 16, 3333, 1
1, 3807, 74, 75, 75, 677728, 650156, 0.3, 50, 200, 4, 12, 3333, 1
1, 3446, 73, 74, 74, 699037, 656344, 0.3, 50, 200, 4, 10, 3333, 1
0, 5118, 57, 85, 67, 871302, 740139, 0.3, 50, 200, 4, 17, 3333, 1
0, 4761, 58, 79, 65, 795055, 680052, 0.3, 50, 200, 4, 14, 3333, 1
0, 4916, 64, 88, 74, 848150, 737645, 0.3, 50, 200, 4, 16, 3333, 1
0, 4598, 67, 88, 77, 882133, 775720, 0.3, 50, 200, 4, 15, 3333, 1
1, 3834, 70, 71, 72, 727911, 723622, 0.3, 50, 200, 4, 12, 3333, 1
0, 4696, 66, 82, 75, 947904, 826507, 0.3, 50, 200, 4, 15, 3333, 1
1, 3509, 60, 61, 62, 623246, 631998, 0.3, 50, 200, 4, 12, 3333, 1
0, 4969, 67, 82, 78, 916646, 813184, 0.3, 50, 200, 4, 18, 3333, 1
1, 3637, 66, 67, 68, 709653, 691484, 0.3, 50, 200, 4, 12, 3333, 1
0, 4548, 68, 86, 77, 811621, 701201, 0.3, 50, 200, 4, 15, 3333, 1
0, 4511, 74, 84, 80, 844013, 747144, 0.3, 50, 200, 4, 16, 3333, 1
0, 5024, 76, 96, 82, 984848, 875775, 0.3, 50, 200, 4, 18, 3333, 1
0, 4915, 70, 93, 79, 860492, 757534, 0.3, 50, 200, 4, 16, 3333, 1
1, 3572, 60, 61, 61, 696340, 668874, 0.3, 50, 200, 4, 13, 3333, 1
0, 4706, 77, 99, 87, 848476, 754801, 0.3, 50, 200, 4, 16, 3333, 1
1, 3589, 78, 79, 80, 633344, 637590, 0.3, 50, 200, 4, 13, 3333, 1
0, 3997, 63, 71, 68, 925550, 781630, 0.3, 50, 200, 4, 13, 3333, 1
1, 3801, 64, 65, 67, 697360, 699353, 0.3, 50, 200, 4, 13, 3333, 1
0, 4812, 81, 103, 95, 925286, 839427, 0.3, 50, 200, 4, 16, 3333, 1
1, 4017, 59, 61, 62, 793562, 786272, 0.3, 50, 200, 4, 12, 3333, 1
0, 5136, 58, 75, 71, 905901, 780872, 0.3, 50, 200, 4, 18, 3333, 1
1, 3488, 70, 71, 71, 783788, 770324, 0.3, 50, 200, 4, 11, 3333, 1
0, 5376, 70, 96, 85, 996387, 887581, 0.3, 50, 200, 4, 17, 3333, 1
1, 3670, 78, 84, 80, 738208, 724442, 0.3, 50, 200, 4, 11, 3333, 1
1, 3661, 78, 79, 80, 787592, 786787, 0.3, 50, 200, 4, 12, 3333, 1
0, 4528, 74, 92, 83, 839643, 737476, 0.3, 50, 200, 4, 15, 3333, 1
1, 3546, 74, 75, 77, 746066, 746640, 0.3, 50, 200, 4, 13, 3333, 1
0, 4662, 76, 103, 92, 790150, 689985, 0.3, 50, 200, 4, 16, 3333, 1
0, 4724, 55, 76, 62, 897208, 768636, 0.3, 50, 200, 4, 16, 3333, 1
0, 4689, 72, 91, 80, 843989, 753953, 0.3, 50, 200, 4, 16, 3333, 1
0, 5543, 68, 81, 82, 979093, 857388, 0.3, 50, 200, 4, 19, 3333, 1
1, 3571, 68, 69, 70, 472280, 474632, 0.3, 50, 200, 3, 7, 3333, 1
0, 4202, 76, 88, 82, 766284, 678572, 0.3, 50, 200, 4, 14, 3333, 1
1, 3380, 64, 65, 65, 683173, 679539, 0.3, 50, 200, 4, 10, 3333, 1
1, 3543, 77, 78, 78, 704516, 695157, 0.3, 50, 200, 4, 11, 3333, 1
0, 4686, 68, 88, 76, 878617, 769381, 0.3, 50, 200, 4, 16, 3333, 1
0, 4456, 73, 88, 79, 795649, 701874, 0.3, 50, 200, 4, 15, 3333, 1
0, 4751, 73, 96, 82, 843450, 739789, 0.3, 50, 200, 4, 16, 3333, 1
0, 5033, 72, 90, 85, 911282, 804145, 0.3, 50, 200, 4, 18, 3333, 1
0, 4967, 70, 84, 78, 686582, 608612, 0.3, 50, 200, 3, 12, 3333, 1
0, 4280, 72, 90, 77, 655375, 572593, 0.3, 50, 200, 3, 9, 3333, 1
0, 4264, 73, 88, 81, 658567, 579623, 0.3, 50, 200, 3, 11, 3333, 1
0, 4648, 62, 77, 68, 759322, 652104, 0.3, 50, 200, 4, 16, 3333, 1
0, 5144, 64, 78, 67, 1092721, 935115, 0.3, 50, 200, 4, 17, 3333, 1
0, 4719, 80, 94, 88, 651322, 586122, 0.3, 50, 200, 3, 11, 3333, 1
0, 5145, 62, 81, 70, 694772, 599164, 0.3, 50, 200, 3, 11, 3333, 1
0, 4198, 87, 99, 90, 621342, 554140, 0.3, 50, 200, 3, 10, 3333, 1
1, 4081, 74, 75, 75, 655065, 642140, 0.3, 50, 200, 3, 9, 3333, 1
1, 3608, 71, 72, 72, 597868, 597868, 0.3, 50, 200, 3, 7, 3333, 1
0, 4054, 78, 98, 84, 525705, 470057, 0.3, 50, 200, 3, 10, 3333, 1
0, 4379, 79, 90, 84, 647890, 578177, 0.3, 50, 200, 3, 10, 3333, 1
1, 3705, 63, 64, 65, 553703, 559711, 0.3, 50, 200, 3, 8, 3333, 1
0, 4629, 65, 80, 70, 811600, 709227, 0.3, 50, 200, 3, 10, 3333, 1
1, 3696, 76, 77, 77, 549480, 546892, 0.3, 50, 200, 3, 8, 3333, 1
1, 3752, 59, 62, 60, 596635, 578316, 0.3, 50, 200, 3, 7, 3333, 1
0, 5061, 74, 96, 86, 670890, 595798, 0.3, 50, 200, 3, 11, 3333, 1
0, 4233, 87, 101, 94, 625419, 565025, 0.3, 50, 200, 3, 10, 3333, 1
0, 4980, 62, 83, 73, 781612, 675596, 0.3, 50, 200, 3, 12, 3333, 1
1, 3578, 56, 57, 61, 501654, 507621, 0.3, 50, 200, 3, 7, 3333, 1
0, 5060, 62, 89, 69, 710283, 614164, 0.3, 50, 200, 3, 11, 3333, 1
0, 5048, 68, 91, 80, 629446, 556409, 0.3, 50, 200, 3, 12, 3333, 1
1, 3748, 69, 70, 70, 631224, 631224, 0.3, 50, 200, 3, 7, 3333, 1
0, 5120, 57, 85, 70, 625807, 532171, 0.3, 50, 200, 3, 12, 3333, 1
1, 3558, 67, 68, 69, 501595, 504009, 0.3, 50, 200, 3, 7, 3333, 1
0, 4653, 67, 84, 75, 651234, 569603, 0.3, 50, 200, 3, 10, 3333, 1
0, 4440, 64, 80, 73, 620166, 534991, 0.3, 50, 200, 3, 10, 3333, 1
0, 4345, 65, 72, 73, 619931, 537809, 0.3, 50, 200, 3, 11, 3333, 1
1, 3385, 63, 64, 65, 530801, 530444, 0.3, 50, 200, 3, 7, 3333, 1
0, 4533, 67, 87, 74, 621564, 538156, 0.3, 50, 200, 3, 10, 3333, 1
0, 4282, 87, 100, 89, 599128, 534978, 0.3, 50, 200, 3, 9, 3333, 1
0, 4655, 70, 83, 75, 628874, 549083, 0.3, 50, 200, 3, 11, 3333, 1
1, 3685, 64, 65, 65, 549542, 534752, 0.3, 50, 200, 3, 8, 3333, 1
0, 4676, 69, 92, 78, 623141, 548109, 0.3, 50, 200, 3, 10, 3333, 1
1, 3540, 68, 69, 70, 492939, 495075, 0.3, 50, 200, 3, 7, 3333, 1
0, 4907, 59, 80, 77, 653425, 566305, 0.3, 50, 200, 3, 13, 3333, 1
0, 4710, 67, 86, 71, 695274, 600034, 0.3, 50, 200, 3, 11, 3333, 1
0, 4163, 61, 73, 66, 474074, 406336, 0.3, 50, 200, 3, 11, 3333, 1
0, 4937, 62, 82, 71, 723365, 627686, 0.3, 50, 200, 3, 14, 3333, 1
1, 3379, 76, 77, 77, 527428, 520952, 0.3, 50, 200, 3, 11, 3333, 1
0, 4589, 63, 79, 69, 607394, 523086, 0.3, 50, 200, 3, 15, 3333, 1
1, 3708, 71, 72, 73, 540280, 542254, 0.3, 50, 200, 3, 9, 3333, 1
0, 5042, 78, 96, 89, 665358, 595353, 0.3, 50, 200, 3, 17, 3333, 1
0, 4395, 75, 86, 81, 569327, 506790, 0.3, 50, 200, 3, 14, 3333, 1
1, 3682, 75, 76, 77, 505733, 505948, 0.3, 50, 200, 3, 13, 3333, 1
0, 4687, 73, 98, 90, 613843, 544464, 0.3, 50, 200, 3, 16, 3333, 1
1, 3489, 68, 69, 70, 446630, 448581, 0.3, 50, 200, 3, 10, 3333, 1
1, 3824, 70, 71, 73, 495090, 494576, 0.3, 50, 200, 3, 11, 3333, 1
0, 5889, 64, 91, 82, 795025, 703913, 0.3, 50, 200, 3, 17, 3333, 1
1, 3919, 77, 79, 79, 567198, 567250, 0.3, 50, 200, 3, 11, 3333, 1
0, 4144, 66, 84, 71, 618133, 531660, 0.3, 50, 200, 3, 14, 3333, 1
1, 3932, 78, 80, 80, 584469, 587633, 0.3, 50, 200, 3, 10, 3333, 1
1, 3407, 68, 69, 71, 488023, 489164, 0.3, 50, 200, 3, 12, 3333, 1
1, 4025, 76, 77, 77, 640422, 640422, 0.3, 50, 200, 3, 12, 3333, 1
0, 4579, 67, 81, 70, 620910, 541674, 0.3, 50, 200, 3, 12, 3333, 1
0, 4400, 69, 82, 78, 587007, 524124, 0.3, 50, 200, 3, 13, 3333, 1
1, 3397, 71, 72, 72, 502910, 498403, 0.3, 50, 200, 3, 11, 3333, 1
1, 3462, 62, 63, 63, 521908, 505184, 0.3, 50, 200, 3, 11, 3333, 1
1, 3637, 70, 72, 72, 529769, 528028, 0.3, 50, 200, 3, 10, 3333, 1
0, 4515, 64, 86, 70, 590418, 509039, 0.3, 50, 200, 3, 12, 3333, 1
0, 4478, 83, 94, 93, 605150, 543562, 0.3, 50, 200, 3, 16, 3333, 1
0, 5051, 70, 95, 85, 728192, 644103, 0.3, 50, 200, 3, 16, 3333, 1
1, 3400, 71, 72, 72, 537477, 532077, 0.3, 50, 200, 3, 10, 3333, 1
0, 4344, 65, 81, 68, 635912, 543646, 0.3, 50, 200, 3, 12, 3333, 1
1, 3423, 78, 79, 80, 598435, 601021, 0.3, 50, 200, 3, 8, 3333, 1
0, 4626, 62, 83, 69, 643198, 554865, 0.3, 50, 200, 3, 13, 3333, 1
0, 5062, 54, 77, 64, 635475, 541563, 0.3, 50, 200, 3, 13, 3333, 1
1, 3451, 67, 68, 68, 527704, 501460, 0.3, 50, 200, 3, 8, 3333, 1
0, 4970, 62, 79, 70, 682996, 586740, 0.3, 50, 200, 3, 15, 3333, 1
0, 5145, 63, 89, 75, 763077, 655365, 0.3, 50, 200, 3, 13, 3333, 1
0, 4560, 73, 80, 76, 647175, 566098, 0.3, 50, 200, 3, 11, 3333, 1
1, 3502, 75, 77, 77, 532375, 529700, 0.3, 50, 200, 3, 10, 3333, 1
0, 3894, 70, 82, 71, 559015, 492325, 0.3, 50, 200, 3, 9, 3333, 1
1, 3644, 59, 60, 62, 520002, 528252, 0.3, 50, 200, 3, 9, 3333, 1
1, 3491, 72, 73, 73, 525083, 519752, 0.3, 50, 200, 3, 7, 3333, 1
1, 3717, 75, 76, 78, 554630, 558221, 0.3, 50, 200, 3, 9, 3333, 1
0, 3994, 82, 90, 84, 544541, 482011, 0.3, 50, 200, 3, 8, 3333, 1
1, 3390, 64, 65, 65, 536865, 536865, 0.3, 50, 200, 3, 7, 3333, 1
1, 3621, 58, 59, 59, 648715, 648715, 0.3, 50, 200, 3, 8, 3333, 1
0, 6151, 75, 101, 98, 724022, 636314, 0.3, 50, 200, 3, 15, 3333, 1
1, 3653, 70, 71, 72, 508621, 510893, 0.3, 50, 200, 3, 8, 3333, 1
0, 4683, 62, 78, 70, 666987, 580954, 0.3, 50, 200, 3, 11, 3333, 1
0, 3876, 69, 83, 71, 665325, 574891, 0.3, 50, 200, 3, 10, 3333, 1
0, 4375, 80, 94, 86, 618381, 551881, 0.3, 50, 200, 3, 11, 3333, 1
1, 3447, 72, 73, 73, 513418, 513418, 0.3, 50, 200, 3, 7, 3333, 1
0, 4162, 71, 83, 77, 599004, 520495, 0.3, 50, 200, 3, 11, 3333, 1
0, 4146, 71, 80, 73, 638131, 559458, 0.3, 50, 200, 3, 11, 3333, 1
1, 4184, 77, 78, 79, 638452, 641056, 0.3, 50, 200, 3, 9, 3333, 1
1, 3660, 54, 55, 55, 564337, 545410, 0.3, 50, 200, 3, 7, 3333, 1
0, 4153, 80, 97, 88, 599801, 540394, 0.3, 50, 200, 3, 11, 3333, 1
0, 4817, 80, 91, 86, 688132, 614382, 0.3, 50, 200, 3, 12, 3333, 1
1, 3496, 62, 63, 64, 477209, 479184, 0.3, 50, 200, 3, 7, 3333, 1
0, 4727, 75, 91, 81, 630508, 540111, 0.3, 50, 200, 3, 11, 3333, 1
0, 4293, 75, 86, 80, 616896, 545534, 0.3, 50, 200, 3, 11, 3333, 1
1, 3554, 78, 80, 80, 538320, 533200, 0.3, 50, 200, 3, 8, 3333, 1
1, 3353, 69, 71, 71, 306032, 306033, 0.3, 50, 200, 2, 4, 3333, 1
1, 3752, 81, 82, 83, 470452, 472389, 0.3, 50, 200, 3, 8, 3333, 1
1, 3656, 75, 76, 76, 616875, 601112, 0.3, 50, 200, 3, 8, 3333, 1
0, 4297, 71, 89, 80, 545446, 491314, 0.3, 50, 200, 3, 9, 3333, 1
0, 4857, 71, 88, 74, 704517, 616327, 0.3, 50, 200, 3, 11, 3333, 1
1, 3486, 59, 61, 60, 624316, 618794, 0.3, 50, 200, 3, 8, 3333, 1
1, 3396, 68, 69, 70, 321148, 323316, 0.3, 50, 200, 2, 4, 3333, 1
0, 4454, 73, 88, 77, 399195, 353335, 0.3, 50, 200, 2, 7, 3333, 1
0, 4397, 61, 78, 68, 426428, 369799, 0.3, 50, 200, 2, 7, 3333, 1
0, 4304, 70, 84, 76, 427605, 375608, 0.3, 50, 200, 2, 8, 3333, 1
1, 3888, 73, 74, 75, 427815, 430475, 0.3, 50, 200, 2, 5, 3333, 1
0, 4141, 65, 76, 66, 376599, 320987, 0.3, 50, 200, 2, 6, 3333, 1
1, 3466, 77, 79, 78, 371694, 369372, 0.3, 50, 200, 2, 5, 3333, 1
0, 4666, 65, 83, 72, 634877, 548885, 0.3, 50, 200, 3, 11, 3333, 1
1, 3801, 84, 85, 85, 347911, 343900, 0.3, 50, 200, 2, 7, 3333, 1
1, 4028, 82, 83, 85, 383414, 386182, 0.3, 50, 200, 2, 5, 3333, 1
0, 4079, 69, 78, 74, 421643, 375803, 0.3, 50, 200, 2, 5, 3333, 1
1, 3636, 73, 74, 75, 326010, 330792, 0.3, 50, 200, 2, 4, 3333, 1
1, 3426, 59, 60, 61, 328113, 330553, 0.3, 50, 200, 2, 5, 3333, 1
0, 3860, 67, 81, 68, 362619, 311820, 0.3, 50, 200, 2, 7, 3333, 1
0, 5073, 63, 85, 72, 528389, 458223, 0.3, 50, 200, 2, 8, 3333, 1
0, 4103, 90, 94, 91, 460729, 405907, 0.3, 50, 200, 2, 5, 3333, 1
0, 4425, 64, 78, 69, 424412, 364761, 0.3, 50, 200, 2, 7, 3333, 1
1, 3436, 66, 68, 68, 361708, 361710, 0.3, 50, 200, 2, 4, 3333, 1
1, 3486, 80, 81, 81, 341216, 331038, 0.3, 50, 200, 2, 6, 3333, 1
0, 4883, 84, 95, 92, 450593, 400925, 0.3, 50, 200, 2, 7, 3333, 1
1, 3408, 65, 66, 67, 295642, 297747, 0.3, 50, 200, 2, 4, 3333, 1
0, 4478, 61, 81, 74, 383695, 335675, 0.3, 50, 200, 2, 6, 3333, 1
0, 4594, 77, 87, 83, 426179, 379916, 0.3, 50, 200, 2, 7, 3333, 1
0, 4321, 70, 86, 76, 382482, 332345, 0.3, 50, 200, 2, 7, 3333, 1
1, 3493, 75, 77, 77, 355507, 355511, 0.3, 50, 200, 2, 4, 3333, 1
1, 3639, 74, 75, 79, 328697, 335622, 0.3, 50, 200, 2, 4, 3333, 1
1, 3550, 78, 79, 79, 354136, 354136, 0.3, 50, 200, 2, 4, 3333, 1
1, 3550, 69, 70, 72, 305067, 306659, 0.3, 50, 200, 2, 4, 3333, 1
1, 3837, 76, 77, 78, 379660, 382465, 0.3, 50, 200, 2, 6, 3333, 1
0, 5871, 71, 98, 88, 553900, 492133, 0.3, 50, 200, 2, 9, 3333, 1
1, 3750, 79, 80, 81, 421530, 424539, 0.3, 50, 200, 2, 5, 3333, 1
0, 4102, 81, 96, 83, 420557, 371105, 0.3, 50, 200, 2, 6, 3333, 1
1, 3898, 77, 79, 79, 409142, 411770, 0.3, 50, 200, 2, 5, 3333, 1
1, 3659, 82, 84, 86, 339392, 342752, 0.3, 50, 200, 2, 4, 3333, 1
0, 4591, 80, 92, 84, 493491, 439033, 0.3, 50, 200, 2, 6, 3333, 1
1, 3915, 70, 71, 74, 333375, 344717, 0.3, 50, 200, 2, 5, 3333, 1
0, 5038, 76, 97, 85, 426016, 375979, 0.3, 50, 200, 2, 8, 3333, 1
0, 4867, 75, 98, 88, 417825, 374201, 0.3, 50, 200, 2, 7, 3333, 1
0, 4938, 61, 80, 69, 475749, 406521, 0.3, 50, 200, 2, 7, 3333, 1
1, 3769, 70, 71, 72, 339770, 338099, 0.3, 50, 200, 2, 5, 3333, 1
0, 4734, 67, 89, 77, 437218, 378448, 0.3, 50, 200, 2, 7, 3333, 1
0, 4572, 70, 87, 77, 420447, 363082, 0.3, 50, 200, 2, 6, 3333, 1
0, 6137, 71, 98, 91, 468067, 419935, 0.3, 50, 200, 2, 9, 3333, 1
0, 4823, 86, 97, 93, 531254, 468612, 0.3, 50, 200, 2, 6, 3333, 1
1, 3799, 76, 77, 78, 352012, 354423, 0.3, 50, 200, 2, 4, 3333, 1
1, 3602, 66, 69, 68, 397171, 394726, 0.3, 50, 200, 2, 5, 3333, 1
0, 4850, 59, 80, 65, 499080, 423262, 0.3, 50, 200, 2, 6, 3333, 1
0, 4524, 70, 85, 75, 468329, 405142, 0.3, 50, 200, 2, 6, 3333, 1
1, 3777, 67, 68, 70, 410307, 415408, 0.3, 50, 200, 2, 5, 3333, 1
0, 5139, 68, 91, 81, 437008, 386576, 0.3, 50, 200, 2, 7, 3333, 1
0, 5189, 71, 89, 82, 463151, 404667, 0.3, 50, 200, 2, 7, 3333, 1
0, 4980, 68, 87, 75, 467447, 400135, 0.3, 50, 200, 2, 6, 3333, 1
1, 4144, 66, 67, 69, 462415, 463211, 0.3, 50, 200, 2, 5, 3333, 1
0, 4317, 84, 93, 85, 429329, 384465, 0.3, 50, 200, 2, 5, 3333, 1
1, 3520, 69, 70, 71, 305802, 307914, 0.3, 50, 200, 2, 4, 3333, 1
0, 3861, 62, 77, 65, 313681, 268372, 0.3, 50, 200, 2, 5, 3333, 1
1, 3860, 76, 78, 82, 326708, 328992, 0.3, 50, 200, 2, 6, 3333, 1
0, 4470, 76, 93, 85, 441522, 390828, 0.3, 50, 200, 2, 6, 3333, 1
1, 3512, 70, 71, 73, 346263, 346193, 0.3, 50, 200, 2, 6, 3333, 1
1, 3645, 71, 72, 73, 407840, 410755, 0.3, 50, 200, 2, 5, 3333, 1
1, 3715, 61, 65, 64, 352509, 350398, 0.3, 50, 200, 2, 4, 3333, 1
1, 3469, 71, 73, 73, 385279, 385310, 0.3, 50, 200, 2, 6, 3333, 1
0, 4680, 59, 85, 69, 373548, 323282, 0.3, 50, 200, 2, 7, 3333, 1
0, 5052, 62, 88, 79, 413535, 357320, 0.3, 50, 200, 2, 8, 3333, 1
0, 4320, 77, 91, 83, 450583, 398210, 0.3, 50, 200, 2, 6, 3333, 1
0, 4579, 69, 89, 80, 389044, 338381, 0.3, 50, 200, 2, 6, 3333, 1
1, 3483, 57, 58, 59, 356565, 359113, 0.3, 50, 200, 2, 4, 3333, 1
1, 3803, 57, 58, 58, 358408, 355547, 0.3, 50, 200, 2, 5, 3333, 1
0, 5103, 64, 89, 75, 464369, 400421, 0.3, 50, 200, 2, 7, 3333, 1
1, 3653, 79, 80, 81, 382986, 385236, 0.3, 50, 200, 2, 4, 3333, 1
0, 4670, 68, 87, 79, 422745, 374076, 0.3, 50, 200, 2, 6, 3333, 1
1, 3423, 60, 61, 61, 309312, 307218, 0.3, 50, 200, 2, 4, 3333, 1
0, 5378, 81, 102, 88, 559195, 485072, 0.3, 50, 200, 2, 9, 3333, 1
1, 3815, 77, 78, 80, 319494, 323365, 0.3, 50, 200, 2, 5, 3333, 1
0, 4954, 70, 82, 79, 485989, 423592, 0.3, 50, 200, 2, 7, 3333, 1
1, 3735, 82, 84, 84, 361358, 358594, 0.3, 50, 200, 2, 5, 3333, 1
1, 3749, 73, 74, 76, 320057, 320592, 0.3, 50, 200, 2, 4, 3333, 1
1, 3571, 70, 72, 73, 306802, 311285, 0.3, 50, 200, 2, 5, 3333, 1
0, 4536, 72, 85, 76, 418668, 360953, 0.3, 50, 200, 2, 6, 3333, 1
0, 5142, 75, 96, 79, 453501, 404367, 0.3, 50, 200, 2, 7, 3333, 1
0, 3642, 68, 78, 69, 357601, 310841, 0.3, 50, 200, 2, 4, 3333, 1
1, 4141, 55, 56, 60, 353047, 359477, 0.3, 50, 200, 2, 5, 3333, 1
0, 5092, 63, 82, 69, 546217, 463930, 0.3, 50, 200, 2, 7, 3333, 1
0, 5139, 64, 87, 76, 448989, 391894, 0.3, 50, 200, 2, 7, 3333, 1
0, 5235, 73, 93, 82, 471014, 413914, 0.3, 50, 200, 2, 7, 3333, 1
0, 4218, 59, 73, 64, 351030, 302373, 0.3, 50, 200, 2, 7, 3333, 1
1, 3428, 69, 70, 70, 321075, 316586, 0.3, 50, 200, 2, 4, 3333, 1
1, 3508, 76, 77, 79, 353462, 358909, 0.3, 50, 200, 2, 6, 3333, 1
0, 4381, 69, 84, 74, 416350, 367289, 0.3, 50, 200, 2, 6, 3333, 1
0, 4721, 76, 98, 83, 501565, 438217, 0.3, 50, 200, 2, 7, 3333, 1
1, 3439, 64, 65, 66, 312169, 312916, 0.3, 50, 200, 2, 4, 3333, 1
1, 3644, 69, 70, 71, 395420, 395091, 0.3, 50, 200, 2, 5, 3333, 1
0, 4728, 65, 86, 73, 371523, 327378, 0.3, 50, 200, 2, 7, 3333, 1
1, 4133, 75, 76, 78, 352709, 359304, 0.3, 50, 200, 2, 5, 3333, 1
1, 3525, 71, 73, 73, 355260, 353007, 0.3, 50, 200, 2, 4, 3333, 1
1, 3941, 67, 69, 69, 153998, 154075, 0.3, 50, 200, 1, 2, 3333, 1
0, 4953, 67, 86, 73, 484199, 426188, 0.3, 50, 200, 2, 7, 3333, 1
1, 3722, 64, 65, 67, 181632, 186830, 0.3, 50, 200, 1, 2, 3333, 1
1, 3735, 84, 85, 86, 320417, 322669, 0.3, 50, 200, 2, 5, 3333, 1
1, 3397, 59, 60, 61, 184130, 186860, 0.3, 50, 200, 1, 1, 3333, 1
0, 4941, 65, 88, 76, 443999, 383484, 0.3, 50, 200, 2, 7, 3333, 1
1, 3567, 52, 54, 54, 196347, 196351, 0.3, 50, 200, 1, 2, 3333, 1
1, 3825, 70, 71, 71, 340390, 337854, 0.3, 50, 200, 2, 6, 3333, 1
1, 3667, 73, 75, 76, 157951, 160331, 0.3, 50, 200, 1, 2, 3333, 1
1, 3578, 59, 61, 61, 177778, 177844, 0.3, 50, 200, 1, 2, 3333, 1
1, 4066, 70, 72, 72, 192767, 192806, 0.3, 50, 200, 1, 2, 3333, 1
0, 6125, 75, 101, 89, 264133, 235570, 0.3, 50, 200, 1, 4, 3333, 1
0, 4566, 78, 90, 84, 453624, 402614, 0.3, 50, 200, 2, 7, 3333, 1
1, 3384, 66, 68, 68, 160234, 160243, 0.3, 50, 200, 1, 2, 3333, 1
1, 3564, 69, 74, 75, 150707, 152806, 0.3, 50, 200, 1, 3, 3333, 1
1, 3709, 83, 85, 85, 202057, 202062, 0.3, 50, 200, 1, 2, 3333, 1
1, 4402, 80, 82, 82, 197619, 197644, 0.3, 50, 200, 1, 2, 3333, 1
1, 3489, 62, 63, 64, 188735, 191488, 0.3, 50, 200, 1, 1, 3333, 1
1, 3447, 72, 74, 74, 182089, 182108, 0.3, 50, 200, 1, 2, 3333, 1
1, 3547, 77, 78, 81, 184114, 192325, 0.3, 50, 200, 1, 2, 3333, 1
1, 3557, 72, 73, 74, 170132, 172547, 0.3, 50, 200, 1, 2, 3333, 1
0, 5432, 63, 86, 72, 271634, 233957, 0.3, 50, 200, 1, 3, 3333, 1
1, 3680, 56, 58, 58, 156327, 156352, 0.3, 50, 200, 1, 2, 3333, 1
1, 3525, 57, 58, 59, 218634, 221784, 0.3, 50, 200, 1, 1, 3333, 1
1, 3484, 68, 70, 70, 145250, 145270, 0.3, 50, 200, 1, 2, 3333, 1
0, 4038, 73, 87, 77, 208479, 182513, 0.3, 50, 200, 1, 2, 3333, 1
0, 4824, 73, 93, 83, 244723, 216550, 0.3, 50, 200, 1, 3, 3333, 1
1, 3572, 75, 77, 77, 160491, 160516, 0.3, 50, 200, 1, 2, 3333, 1
1, 3689, 61, 62, 64, 182738, 187860, 0.3, 50, 200, 1, 2, 3333, 1
1, 3634, 67, 68, 69, 189555, 192325, 0.3, 50, 200, 1, 2, 3333, 1
1, 3441, 60, 61, 62, 157123, 159469, 0.3, 50, 200, 1, 1, 3333, 1
0, 4237, 69, 85, 74, 185913, 161759, 0.3, 50, 200, 1, 2, 3333, 1
0, 4835, 91, 109, 100, 222076, 200509, 0.3, 50, 200, 1, 3, 3333, 1
0, 5228, 53, 79, 65, 275828, 234661, 0.3, 50, 200, 1, 3, 3333, 1
1, 3689, 71, 73, 73, 173595, 173737, 0.3, 50, 200, 1, 2, 3333, 1
0, 4897, 73, 97, 88, 191786, 172141, 0.3, 50, 200, 1, 3, 3333, 1
0, 5275, 69, 87, 75, 222518, 195419, 0.3, 50, 200, 1, 3, 3333, 1
1, 3650, 62, 63, 66, 184432, 192346, 0.3, 50, 200, 1, 2, 3333, 1
1, 3539, 67, 68, 69, 193582, 196342, 0.3, 50, 200, 1, 2, 3333, 1
0, 4585, 67, 88, 79, 201581, 178455, 0.3, 50, 200, 1, 2, 3333, 1
1, 3428, 74, 75, 76, 149012, 151245, 0.3, 50, 200, 1, 2, 3333, 1
0, 4628, 78, 98, 87, 234941, 206943, 0.3, 50, 200, 1, 3, 3333, 1
1, 3577, 67, 68, 70, 158830, 163533, 0.3, 50, 200, 1, 2, 3333, 1
0, 4673, 69, 85, 73, 214528, 185955, 0.3, 50, 200, 1, 3, 3333, 1
1, 5832, 60, 81, 82, 210813, 211245, 0.3, 50, 200, 1, 4, 3333, 1
1, 3467, 76, 77, 78, 190231, 193040, 0.3, 50, 200, 1, 2, 3333, 1
0, 4640, 65, 81, 69, 180407, 155308, 0.3, 50, 200, 1, 3, 3333, 1
1, 3571, 66, 67, 68, 152268, 154438, 0.3, 50, 200, 1, 2, 3333, 1
0, 4163, 74, 87, 76, 185785, 161641, 0.3, 50, 200, 1, 2, 3333, 1
1, 3571, 55, 57, 57, 187756, 187842, 0.3, 50, 200, 1, 2, 3333, 1
1, 3675, 58, 60, 62, 157798, 162321, 0.3, 50, 200, 1, 2, 3333, 1
1, 4242, 76, 78, 80, 191059, 196053, 0.3, 50, 200, 1, 2, 3333, 1
1, 3983, 71, 73, 74, 201992, 204658, 0.3, 50, 200, 1, 2, 3333, 1
1, 3586, 78, 79, 80, 132986, 134849, 0.3, 50, 200, 1, 2, 3333, 1
0, 4823, 71, 91, 81, 220579, 195249, 0.3, 50, 200, 1, 3, 3333, 1
0, 5095, 56, 80, 67, 255706, 219059, 0.3, 50, 200, 1, 3, 3333, 1
0, 4433, 74, 94, 84, 178762, 157096, 0.3, 50, 200, 1, 2, 3333, 1
1, 3666, 71, 72, 75, 183512, 191498, 0.3, 50, 200, 1, 2, 3333, 1
0, 4761, 69, 86, 74, 253402, 220281, 0.3, 50, 200, 1, 3, 3333, 1
1, 3448, 71, 72, 73, 143540, 145640, 0.3, 50, 200, 1, 1, 3333, 1
0, 4086, 77, 89, 80, 175202, 155361, 0.3, 50, 200, 1, 2, 3333, 1
1, 3699, 65, 66, 67, 171731, 174059, 0.3, 50, 200, 1, 2, 3333, 1
1, 3601, 74, 75, 76, 180119, 182688, 0.3, 50, 200, 1, 2, 3333, 1
0, 4618, 67, 80, 69, 230382, 200941, 0.3, 50, 200, 1, 3, 3333, 1
0, 4302, 65, 80, 68, 202523, 174872, 0.3, 50, 200, 1, 2, 3333, 1
0, 4379, 59, 78, 66, 209600, 179916, 0.3, 50, 200, 1, 2, 3333, 1
0, 5371, 75, 98, 87, 221520, 196235, 0.3, 50, 200, 1, 3, 3333, 1
1, 3837, 75, 80, 81, 174064, 176161, 0.3, 50, 200, 1, 2, 3333, 1
1, 3477, 65, 66, 67, 157758, 160047, 0.3, 50, 200, 1, 2, 3333, 1
1, 3437, 67, 68, 69, 172501, 175049, 0.3, 50, 200, 1, 1, 3333, 1
1, 3726, 63, 65, 66, 168796, 171500, 0.3, 50, 200, 1, 2, 3333, 1
0, 3989, 75, 88, 78, 158263, 138537, 0.3, 50, 200, 1, 2, 3333, 1
1, 3568, 66, 68, 70, 192655, 198303, 0.3, 50, 200, 1, 2, 3333, 1
0, 4421, 70, 84, 74, 209514, 182298, 0.3, 50, 200, 1, 2, 3333, 1
1, 3611, 63, 64, 65, 228671, 231871, 0.3, 50, 200, 1, 2, 3333, 1
1, 3391, 79, 80, 81, 157367, 159703, 0.3, 50, 200, 1, 2, 3333, 1
1, 3763, 78, 80, 80, 182153, 182193, 0.3, 50, 200, 1, 2, 3333, 1
0, 3906, 70, 80, 71, 223240, 195840, 0.3, 50, 200, 1, 2, 3333, 1
1, 3457, 68, 69, 70, 168651, 171115, 0.3, 50, 200, 1, 2, 3333, 1
1, 3589, 62, 64, 64, 225789, 225837, 0.3, 50, 200, 1, 2, 3333, 1
1, 3805, 71, 73, 74, 196601, 199262, 0.3, 50, 200, 1, 2, 3333, 1
1, 3360, 61, 62, 63, 148025, 150238, 0.3, 50, 200, 1, 2, 3333, 1
1, 3509, 66, 67, 68, 154719, 157006, 0.3, 50, 200, 1, 2, 3333, 1
1, 3423, 59, 60, 61, 204548, 207550, 0.3, 50, 200, 1, 1, 3333, 1
0, 5475, 62, 86, 74, 242191, 210941, 0.3, 50, 200, 1, 3, 3333, 1
1, 3903, 75, 77, 77, 196727, 196839, 0.3, 50, 200, 1, 2, 3333, 1
0, 4378, 69, 85, 74, 183559, 159956, 0.3, 50, 200, 1, 2, 3333, 1
0, 4375, 76, 92, 82, 227490, 199590, 0.3, 50, 200, 1, 2, 3333, 1
0, 4171, 64, 79, 68, 173993, 150382, 0.3, 50, 200, 1, 2, 3333, 1
1, 3564, 67, 68, 69, 170138, 172609, 0.3, 50, 200, 1, 2, 3333, 1
1, 3403, 66, 68, 68, 148368, 148410, 0.3, 50, 200, 1, 2, 3333, 1
1, 3445, 71, 73, 73, 159009, 159025, 0.3, 50, 200, 1, 2, 3333, 1
1, 3571, 69, 70, 71, 178626, 181286, 0.3, 50, 200, 1, 2, 3333, 1
1, 4128, 68, 70, 71, 207670, 210474, 0.3, 50, 200, 1, 2, 3333, 1
1, 4027, 71, 73, 75, 191951, 196978, 0.3, 50, 200, 1, 2, 3333, 1
1, 3577, 70, 72, 73, 170809, 173353, 0.3, 50, 200, 1, 2, 3333, 1
1, 3658, 65, 67, 69, 198715, 204602, 0.3, 50, 200, 1, 2, 3333, 1
1, 3976, 62, 64, 65, 211771, 214835, 0.3, 50, 200, 1, 2, 3333, 1
1, 3666, 72, 74, 74, 181779, 181795, 0.3, 50, 200, 1, 2, 3333, 1
1, 3673, 83, 85, 85, 174518, 174571, 0.3, 50, 200, 1, 2, 3333, 1
1, 3427, 70, 72, 72, 164137, 164141, 0.3, 50, 200, 1, 2, 3333, 1
1, 3474, 75, 76, 78, 199171, 205156, 0.3, 50, 200, 1, 1, 3333, 1
1, 3762, 63, 65, 65, 135298, 135417, 0.3, 50, 200, 1, 2, 3333, 1
1, 3626, 65, 67, 67, 174621, 174667, 0.3, 50, 200, 1, 2, 3333, 1
1, 3553, 56, 58, 59, 155460, 157713, 0.3, 50, 200, 1, 1, 3333, 1
0, 4047, 83, 96, 86, 12073057, 10862245, 0.3, 50, 200, 64, 2454, 3333, 1
0, 4315, 73, 85, 75, 12738713, 11134899, 0.3, 50, 200, 64, 2644, 3333, 1
0, 4404, 77, 88, 86, 13503243, 12185476, 0.3, 50, 200, 64, 2728, 3333, 1
0, 4564, 79, 89, 81, 13567101, 12150551, 0.3, 50, 200, 64, 2733, 3333, 1
0, 4508, 65, 80, 72, 13534105, 11708005, 0.3, 50, 200, 64, 2759, 3333, 1
0, 4476, 78, 93, 82, 13367402, 11963030, 0.3, 50, 200, 64, 2768, 3333, 1
0, 4685, 71, 89, 85, 13489374, 11982212, 0.3, 50, 200, 64, 2868, 3333, 1
0, 4813, 75, 93, 82, 14212980, 12469751, 0.3, 50, 200, 64, 2906, 3333, 1
0, 4723, 67, 84, 75, 13436775, 11439031, 0.3, 50, 200, 64, 2929, 3333, 1
0, 4698, 75, 87, 77, 14016276, 12253183, 0.3, 50, 200, 64, 2931, 3333, 1
0, 4854, 76, 99, 85, 14574018, 12968556, 0.3, 50, 200, 64, 2942, 3333, 1
0, 4695, 71, 86, 81, 14474938, 12932533, 0.3, 50, 200, 64, 2982, 3333, 1
0, 4850, 82, 96, 89, 14238829, 12786328, 0.3, 50, 200, 64, 3016, 3333, 1
0, 4777, 69, 88, 78, 14270869, 12577044, 0.3, 50, 200, 64, 3017, 3333, 1
0, 4912, 59, 82, 70, 14641917, 12582068, 0.3, 50, 200, 64, 3082, 3333, 1
0, 5199, 56, 88, 66, 16101343, 13713910, 0.3, 50, 200, 64, 3440, 3333, 1
0, 4480, 70, 84, 82, 13501037, 11816092, 0.3, 50, 200, 64, 2828, 3333, 1
0, 4251, 78, 93, 83, 12524789, 11238024, 0.3, 50, 200, 64, 2628, 3333, 1
0, 4200, 79, 91, 81, 12900789, 11438326, 0.3, 50, 200, 64, 2599, 3333, 1
0, 4411, 62, 78, 65, 12961427, 11173150, 0.3, 50, 200, 64, 2840, 3333, 1
0, 4268, 72, 84, 79, 12703531, 11322342, 0.3, 50, 200, 64, 2678, 3333, 1
0, 4740, 71, 85, 79, 14316887, 12656501, 0.3, 50, 200, 64, 3027, 3333, 1
0, 4792, 66, 81, 72, 13771234, 11995169, 0.3, 50, 200, 64, 3075, 3333, 1
0, 4835, 63, 80, 72, 14356824, 12460105, 0.3, 50, 200, 64, 3144, 3333, 1
0, 4607, 70, 93, 80, 13982341, 12337670, 0.3, 50, 200, 64, 2887, 3333, 1
0, 4647, 71, 90, 78, 13435679, 11907945, 0.3, 50, 200, 64, 2979, 3333, 1
0, 5268, 74, 89, 80, 15038046, 13313700, 0.3, 50, 200, 64, 3370, 3333, 1
0, 4902, 64, 78, 71, 14197064, 12356704, 0.3, 50, 200, 64, 3147, 3333, 1
0, 4805, 74, 106, 87, 13881907, 12354196, 0.3, 50, 200, 64, 3089, 3333, 1
0, 5070, 66, 91, 72, 14963149, 12921461, 0.3, 50, 200, 64, 3229, 3333, 1
0, 5241, 63, 82, 77, 14596901, 12323150, 0.3, 50, 200, 64, 3471, 3333, 1
0, 4881, 83, 100, 92, 14520525, 13140325, 0.3, 50, 200, 64, 3059, 3333, 1
0, 4308, 74, 92, 77, 12776633, 11208923, 0.3, 50, 200, 64, 2624, 3333, 1
0, 5261, 65, 86, 75, 15911618, 13961578, 0.3, 50, 200, 64, 3266, 3333, 1
0, 4177, 80, 91, 83, 12751909, 11476505, 0.3, 50, 200, 64, 2544, 3333, 1
0, 4656, 73, 98, 85, 13448033, 11960237, 0.3, 50, 200, 64, 2890, 3333, 1
0, 5036, 68, 95, 82, 14544831, 12698268, 0.3, 50, 200, 64, 3265, 3333, 1
0, 4813, 66, 86, 78, 13950550, 12179561, 0.3, 50, 200, 64, 3121, 3333, 1
0, 4591, 60, 78, 65, 13987651, 11829757, 0.3, 50, 200, 64, 2884, 3333, 1
0, 4793, 64, 85, 76, 14163990, 12107064, 0.3, 50, 200, 64, 3036, 3333, 1
0, 4619, 74, 94, 86, 13674661, 12162409, 0.3, 50, 200, 64, 2946, 3333, 1
0, 4931, 71, 95, 79, 14556968, 12708043, 0.3, 50, 200, 64, 3159, 3333, 1
0, 4777, 77, 87, 84, 14590199, 13106832, 0.3, 50, 200, 64, 3047, 3333, 1
0, 4742, 69, 86, 77, 14287335, 12500305, 0.3, 50, 200, 64, 2930, 3333, 1
0, 4918, 69, 91, 75, 14413090, 12292643, 0.3, 50, 200, 64, 3121, 3333, 1
0, 4926, 69, 96, 77, 14857841, 12880866, 0.3, 50, 200, 64, 3154, 3333, 1
0, 4818, 74, 95, 86, 14311580, 12629972, 0.3, 50, 200, 64, 3120, 3333, 1
0, 5081, 61, 82, 77, 14953182, 13002049, 0.3, 50, 200, 64, 3324, 3333, 1
1, 3384, 68, 69, 69, 10980710, 10429458, 0.3, 50, 200, 64, 2140, 3333, 1
0, 3997, 84, 87, 85, 12332068, 11194092, 0.3, 50, 200, 64, 2457, 3333, 1
0, 4655, 72, 82, 82, 13896290, 12193962, 0.3, 50, 200, 64, 3033, 3333, 1
0, 4600, 58, 70, 62, 13750135, 11657759, 0.3, 50, 200, 64, 2957, 3333, 1
0, 4491, 65, 82, 68, 13262426, 11491017, 0.3, 50, 200, 64, 2922, 3333, 1
0, 4494, 66, 85, 72, 12923127, 11396312, 0.3, 50, 200, 64, 2969, 3333, 1
0, 4661, 69, 87, 78, 13887496, 12167193, 0.3, 50, 200, 64, 3089, 3333, 1
0, 4554, 74, 86, 79, 13668355, 11992253, 0.3, 50, 200, 64, 2861, 3333, 1
0, 4892, 67, 80, 76, 14859535, 12945513, 0.3, 50, 200, 64, 3184, 3333, 1
0, 4911, 64, 90, 81, 14408488, 12529887, 0.3, 50, 200, 64, 3103, 3333, 1
0, 4761, 70, 85, 82, 13830120, 11955749, 0.3, 50, 200, 64, 3170, 3333, 1
0, 4525, 73, 86, 81, 13347055, 11727368, 0.3, 50, 200, 64, 2814, 3333, 1
0, 4647, 73, 94, 81, 13504938, 11795630, 0.3, 50, 200, 64, 3002, 3333, 1
0, 4810, 65, 90, 76, 14847606, 12957024, 0.3, 50, 200, 64, 3072, 3333, 1
0, 4330, 77, 90, 81, 12489740, 10954247, 0.3, 50, 200, 64, 2738, 3333, 1
0, 4929, 75, 93, 87, 14270780, 12785569, 0.3, 50, 200, 64, 3145, 3333, 1
1, 3393, 58, 59, 59, 10633028, 10549510, 0.3, 50, 200, 64, 2013, 3333, 1
0, 4626, 70, 85, 79, 13119368, 11516158, 0.3, 50, 200, 64, 3077, 3333, 1
0, 4204, 78, 90, 83, 12316537, 11047872, 0.3, 50, 200, 64, 2642, 3333, 1
0, 4502, 68, 84, 82, 13743224, 12153704, 0.3, 50, 200, 64, 2943, 3333, 1
0, 4240, 75, 85, 80, 12844598, 11258090, 0.3, 50, 200, 64, 2669, 3333, 1
0, 4486, 68, 89, 84, 13476126, 11676956, 0.3, 50, 200, 64, 2925, 3333, 1
0, 4600, 87, 97, 93, 13927769, 12721930, 0.3, 50, 200, 64, 2916, 3333, 1
0, 4534, 76, 92, 89, 13334627, 11893072, 0.3, 50, 200, 64, 2892, 3333, 1
0, 4212, 73, 92, 80, 12440706, 10951235, 0.3, 50, 200, 64, 2747, 3333, 1
0, 4444, 71, 86, 75, 12840979, 11253901, 0.3, 50, 200, 64, 2896, 3333, 1
0, 4569, 70, 84, 79, 13274395, 11624008, 0.3, 50, 200, 64, 2951, 3333, 1
0, 4529, 87, 99, 90, 13176234, 11915037, 0.3, 50, 200, 64, 2902, 3333, 1
0, 5261, 72, 86, 86, 15158182, 13383571, 0.3, 50, 200, 64, 3461, 3333, 1
0, 4513, 72, 87, 83, 13362926, 11824091, 0.3, 50, 200, 64, 2936, 3333, 1
0, 4355, 72, 79, 77, 13155373, 11663455, 0.3, 50, 200, 64, 2789, 3333, 1
0, 5005, 63, 97, 68, 14985322, 13101763, 0.3, 50, 200, 64, 3232, 3333, 1
0, 4249, 74, 82, 77, 12539795, 11057204, 0.3, 50, 200, 64, 2721, 3333, 1
0, 4685, 71, 97, 80, 13842362, 12137609, 0.3, 50, 200, 64, 3134, 3333, 1
0, 4248, 76, 87, 81, 12932391, 11198008, 0.3, 50, 200, 64, 2775, 3333, 1
0, 4641, 66, 93, 76, 13605128, 11800774, 0.3, 50, 200, 64, 2923, 3333, 1
0, 4967, 67, 85, 76, 14242199, 12350434, 0.3, 50, 200, 64, 3175, 3333, 1
0, 4686, 73, 92, 83, 14157251, 12583089, 0.3, 50, 200, 64, 3136, 3333, 1
0, 4889, 63, 89, 76, 13999505, 12159719, 0.3, 50, 200, 64, 3355, 3333, 1
0, 4562, 72, 94, 81, 13625852, 12003597, 0.3, 50, 200, 64, 3046, 3333, 1
0, 4446, 68, 87, 75, 13192556, 11740132, 0.3, 50, 200, 64, 3007, 3333, 1
0, 4815, 66, 82, 78, 13575955, 11805653, 0.3, 50, 200, 64, 3202, 3333, 1
0, 4357, 72, 87, 81, 12902411, 11279790, 0.3, 50, 200, 64, 2889, 3333, 1
0, 4506, 69, 88, 75, 13656064, 12030017, 0.3, 50, 200, 64, 2956, 3333, 1
0, 4395, 79, 92, 87, 6855746, 6145413, 0.3, 50, 200, 32, 568, 3333, 1
0, 4658, 77, 88, 79, 14373524, 12878077, 0.3, 50, 200, 64, 3045, 3333, 1
0, 5185, 73, 91, 80, 7677443, 6780574, 0.3, 50, 200, 32, 667, 3333, 1
0, 4338, 80, 91, 85, 6477221, 5790185, 0.3, 50, 200, 32, 571, 3333, 1
0, 4280, 72, 82, 75, 12567080, 10896793, 0.3, 50, 200, 64, 2840, 3333, 1
0, 4814, 61, 81, 72, 14059232, 12043269, 0.3, 50, 200, 64, 3213, 3333, 1
0, 4393, 70, 84, 78, 6949105, 6019841, 0.3, 50, 200, 32, 552, 3333, 1
0, 4687, 72, 86, 78, 7225591, 6285360, 0.3, 50, 200, 32, 603, 3333, 1
0, 4232, 76, 86, 81, 6322092, 5637432, 0.3, 50, 200, 32, 562, 3333, 1
0, 4938, 71, 97, 81, 6985320, 6174007, 0.3, 50, 200, 32, 633, 3333, 1
0, 5104, 66, 84, 73, 7710716, 6753465, 0.3, 50, 200, 32, 645, 3333, 1
1, 3574, 69, 70, 70, 5677213, 5614749, 0.3, 50, 200, 32, 433, 3333, 1
0, 5417, 65, 86, 77, 7748817, 6734477, 0.3, 50, 200, 32, 696, 3333, 1
1, 3435, 59, 60, 60, 5737534, 5708743, 0.3, 50, 200, 32, 400, 3333, 1
0, 5015, 61, 84, 70, 7331417, 6323482, 0.3, 50, 200, 32, 633, 3333, 1
0, 4684, 72, 98, 81, 7319903, 6471615, 0.3, 50, 200, 32, 604, 3333, 1
0, 5209, 59, 83, 82, 7780837, 6694488, 0.3, 50, 200, 32, 663, 3333, 1
0, 4432, 74, 87, 83, 6534801, 5705221, 0.3, 50, 200, 32, 554, 3333, 1
0, 4685, 71, 95, 83, 13819270, 12259243, 0.3, 50, 200, 64, 3203, 3333, 1
0, 4675, 75, 93, 81, 6975742, 6220747, 0.3, 50, 200, 32, 588, 3333, 1
0, 5199, 74, 83, 80, 7619506, 6699554, 0.3, 50, 200, 32, 659, 3333, 1
0, 4556, 72, 85, 78, 6576609, 5682160, 0.3, 50, 200, 32, 577, 3333, 1
0, 4603, 73, 88, 81, 6966462, 6096773, 0.3, 50, 200, 32, 588, 3333, 1
0, 4381, 74, 94, 78, 6719281, 5933944, 0.3, 50, 200, 32, 527, 3333, 1
0, 4427, 82, 101, 93, 6624081, 6008896, 0.3, 50, 200, 32, 551, 3333, 1
0, 4884, 69, 89, 75, 7002583, 6137239, 0.3, 50, 200, 32, 602, 3333, 1
0, 4743, 64, 80, 74, 6936830, 6025554, 0.3, 50, 200, 32, 576, 3333, 1
0, 4588, 69, 88, 78, 6654971, 5769510, 0.3, 50, 200, 32, 556, 3333, 1
0, 4688, 73, 92, 83, 6987125, 6246129, 0.3, 50, 200, 32, 558, 3333, 1
0, 4721, 74, 87, 80, 7062453, 6247444, 0.3, 50, 200, 32, 597, 3333, 1
0, 4776, 62, 83, 71, 7194385, 6233603, 0.3, 50, 200, 32, 593, 3333, 1
0, 4319, 73, 91, 82, 6563697, 5818747, 0.3, 50, 200, 32, 513, 3333, 1
0, 4297, 78, 89, 81, 6594463, 5807325, 0.3, 50, 200, 32, 514, 3333, 1
0, 4741, 68, 91, 79, 6638384, 5914234, 0.3, 50, 200, 32, 549, 3333, 1
0, 4446, 95, 101, 99, 13462948, 12271284, 0.3, 50, 200, 64, 2999, 3333, 1
0, 4569, 66, 82, 74, 6753731, 5915186, 0.3, 50, 200, 32, 536, 3333, 1
0, 4975, 71, 96, 79, 6884798, 6130841, 0.3, 50, 200, 32, 605, 3333, 1
0, 4744, 73, 96, 82, 14511045, 12761439, 0.3, 50, 200, 64, 3142, 3333, 1
0, 5523, 75, 96, 83, 8221180, 7157571, 0.3, 50, 200, 32, 706, 3333, 1
0, 5030, 58, 87, 68, 7182832, 6103867, 0.3, 50, 200, 32, 610, 3333, 1
0, 4472, 76, 87, 82, 6752908, 6154481, 0.3, 50, 200, 32, 525, 3333, 1
0, 4939, 72, 94, 81, 7328490, 6459176, 0.3, 50, 200, 32, 595, 3333, 1
0, 4688, 58, 78, 68, 6833335, 5870150, 0.3, 50, 200, 32, 588, 3333, 1
0, 4689, 71, 91, 75, 7134677, 6251760, 0.3, 50, 200, 32, 577, 3333, 1
1, 3423, 71, 72, 73, 5819988, 5822758, 0.3, 50, 200, 32, 418, 3333, 1
0, 4442, 79, 89, 87, 6465379, 5756717, 0.3, 50, 200, 32, 563, 3333, 1
1, 3414, 68, 69, 69, 5609605, 5557367, 0.3, 50, 200, 32, 407, 3333, 1
0, 4935, 60, 85, 69, 14351701, 12320284, 0.3, 50, 200, 64, 3263, 3333, 1
0, 4743, 71, 89, 80, 7100589, 6149830, 0.3, 50, 200, 32, 608, 3333, 1
0, 4520, 68, 92, 76, 13245112, 11607817, 0.3, 50, 200, 64, 2955, 3333, 1
0, 5187, 51, 70, 62, 7389412, 6338459, 0.3, 50, 200, 32, 670, 3333, 1
0, 4566, 74, 84, 79, 6908961, 5949919, 0.3, 50, 200, 32, 584, 3333, 1
0, 4254, 73, 93, 82, 6179379, 5495598, 0.3, 50, 200, 32, 546, 3333, 1
0, 4877, 59, 80, 72, 7070368, 6117161, 0.3, 50, 200, 32, 635, 3333, 1
0, 4880, 66, 90, 83, 7168619, 6308115, 0.3, 50, 200, 32, 632, 3333, 1
0, 4644, 67, 99, 80, 7012692, 6134411, 0.3, 50, 200, 32, 629, 3333, 1
0, 4139, 92, 97, 94, 6378617, 5753853, 0.3, 50, 200, 32, 527, 3333, 1
0, 4544, 73, 89, 85, 6783835, 6044731, 0.3, 50, 200, 32, 580, 3333, 1
0, 4534, 69, 81, 75, 7039793, 6149612, 0.3, 50, 200, 32, 575, 3333, 1
0, 5414, 70, 98, 83, 7986226, 6919781, 0.3, 50, 200, 32, 703, 3333, 1
0, 4727, 82, 96, 88, 6823671, 6088083, 0.3, 50, 200, 32, 599, 3333, 1
0, 4697, 70, 88, 76, 7022915, 6173938, 0.3, 50, 200, 32, 615, 3333, 1
0, 5012, 69, 93, 81, 7496248, 6440397, 0.3, 50, 200, 32, 633, 3333, 1
0, 5231, 67, 87, 78, 7574730, 6536435, 0.3, 50, 200, 32, 692, 3333, 1
0, 4889, 66, 94, 76, 7363284, 6339416, 0.3, 50, 200, 32, 654, 3333, 1
0, 4997, 73, 89, 86, 7259563, 6427606, 0.3, 50, 200, 32, 657, 3333, 1
0, 4883, 59, 85, 73, 7229298, 6231905, 0.3, 50, 200, 32, 656, 3333, 1
0, 4890, 64, 82, 75, 7346267, 6348788, 0.3, 50, 200, 32, 640, 3333, 1
0, 4844, 60, 81, 75, 7086671, 6074885, 0.3, 50, 200, 32, 640, 3333, 1
0, 4728, 61, 78, 68, 6898235, 5942727, 0.3, 50, 200, 32, 601, 3333, 1
0, 4424, 71, 94, 77, 6593706, 5845705, 0.3, 50, 200, 32, 563, 3333, 1
0, 4600, 62, 86, 74, 6934577, 6036025, 0.3, 50, 200, 32, 606, 3333, 1
0, 4850, 78, 92, 88, 6841514, 5951630, 0.3, 50, 200, 32, 660, 3333, 1
0, 4734, 71, 87, 80, 7028292, 6205670, 0.3, 50, 200, 32, 625, 3333, 1
0, 4590, 67, 79, 73, 7014209, 6092659, 0.3, 50, 200, 32, 579, 3333, 1
0, 5354, 69, 85, 75, 8038220, 7062706, 0.3, 50, 200, 32, 694, 3333, 1
0, 4547, 69, 96, 77, 7093075, 6268923, 0.3, 50, 200, 32, 559, 3333, 1
0, 5567, 75, 98, 89, 8092911, 7049471, 0.3, 50, 200, 32, 730, 3333, 1
0, 4816, 60, 80, 73, 7070558, 6155373, 0.3, 50, 200, 32, 611, 3333, 1
0, 4625, 71, 86, 79, 6945810, 6131931, 0.3, 50, 200, 32, 625, 3333, 1
0, 4926, 60, 72, 74, 7290110, 6233602, 0.3, 50, 200, 32, 626, 3333, 1
1, 3357, 74, 75, 76, 5202980, 5191778, 0.3, 50, 200, 32, 415, 3333, 1
0, 4501, 67, 84, 77, 7046542, 6166813, 0.3, 50, 200, 32, 576, 3333, 1
0, 4428, 68, 85, 77, 6830407, 6048639, 0.3, 50, 200, 32, 554, 3333, 1
0, 4461, 73, 84, 85, 6375914, 5730214, 0.3, 50, 200, 32, 573, 3333, 1
0, 4607, 77, 88, 90, 6486526, 5890095, 0.3, 50, 200, 32, 569, 3333, 1
0, 4632, 66, 79, 75, 6914774, 5891810, 0.3, 50, 200, 32, 616, 3333, 1
0, 4856, 75, 95, 87, 7216813, 6412344, 0.3, 50, 200, 32, 610, 3333, 1
0, 5144, 86, 101, 91, 7631176, 6847297, 0.3, 50, 200, 32, 671, 3333, 1
0, 4585, 72, 91, 86, 6922129, 6151445, 0.3, 50, 200, 32, 615, 3333, 1
0, 4682, 71, 94, 82, 7051289, 6201723, 0.3, 50, 200, 32, 623, 3333, 1
0, 4964, 62, 82, 79, 7161581, 6108066, 0.3, 50, 200, 32, 681, 3333, 1
1, 3539, 70, 71, 71, 5631088, 5313619, 0.3, 50, 200, 32, 434, 3333, 1
0, 4649, 67, 79, 75, 6997709, 6127327, 0.3, 50, 200, 32, 628, 3333, 1
0, 5016, 64, 93, 85, 7223335, 6253297, 0.3, 50, 200, 32, 653, 3333, 1
0, 4728, 67, 83, 77, 7293175, 6353517, 0.3, 50, 200, 32, 595, 3333, 1
0, 5084, 82, 99, 89, 7849182, 7088945, 0.3, 50, 200, 32, 673, 3333, 1
0, 4650, 74, 84, 82, 6637241, 5795154, 0.3, 50, 200, 32, 612, 3333, 1
0, 5333, 68, 88, 80, 7748099, 6774314, 0.3, 50, 200, 32, 704, 3333, 1
0, 4748, 65, 77, 74, 4845750, 4213699, 0.3, 50, 200, 23, 321, 3333, 1
0, 4856, 73, 87, 79, 7223245, 6350841, 0.3, 50, 200, 32, 632, 3333, 1
1, 3470, 78, 79, 79, 5482233, 5396133, 0.3, 50, 200, 32, 431, 3333, 1
0, 4473, 83, 103, 89, 6684520, 6053104, 0.3, 50, 200, 32, 574, 3333, 1
0, 4833, 80, 94, 85, 5306261, 4740702, 0.3, 50, 200, 23, 292, 3333, 1
0, 4556, 78, 92, 84, 7000742, 6271696, 0.3, 50, 200, 32, 557, 3333, 1
0, 4717, 75, 94, 85, 4893287, 4302697, 0.3, 50, 200, 23, 282, 3333, 1
0, 5116, 58, 91, 72, 5474841, 4662087, 0.3, 50, 200, 23, 332, 3333, 1
0, 4455, 73, 93, 82, 4954408, 4378510, 0.3, 50, 200, 23, 252, 3333, 1
0, 5397, 61, 83, 74, 8092897, 6971168, 0.3, 50, 200, 32, 687, 3333, 1
0, 4922, 66, 83, 85, 6968127, 6043547, 0.3, 50, 200, 32, 678, 3333, 1
0, 4550, 73, 89, 84, 6971600, 6147699, 0.3, 50, 200, 32, 566, 3333, 1
0, 4835, 76, 92, 89, 7076814, 6267607, 0.3, 50, 200, 32, 605, 3333, 1
0, 4130, 83, 95, 87, 4466864, 4032323, 0.3, 50, 200, 23, 235, 3333, 1
0, 4710, 63, 82, 70, 7145601, 6068888, 0.3, 50, 200, 32, 611, 3333, 1
0, 4458, 66, 84, 74, 4941451, 4354437, 0.3, 50, 200, 23, 255, 3333, 1
1, 3701, 66, 67, 67, 4255422, 4209886, 0.3, 50, 200, 23, 216, 3333, 1
0, 5559, 66, 88, 80, 5830608, 5011045, 0.3, 50, 200, 23, 319, 3333, 1
0, 4256, 70, 85, 76, 4814272, 4269766, 0.3, 50, 200, 23, 244, 3333, 1
0, 4625, 74, 87, 80, 4838219, 4296013, 0.3, 50, 200, 23, 263, 3333, 1
0, 4018, 76, 84, 77, 4353105, 3866795, 0.3, 50, 200, 23, 225, 3333, 1
0, 5146, 89, 103, 102, 5492062, 4913650, 0.3, 50, 200, 23, 310, 3333, 1
0, 4502, 67, 73, 74, 4795464, 4148708, 0.3, 50, 200, 23, 270, 3333, 1
0, 4883, 77, 98, 89, 4919470, 4346138, 0.3, 50, 200, 23, 283, 3333, 1
1, 3498, 65, 66, 67, 3859388, 3878537, 0.3, 50, 200, 23, 202, 3333, 1
0, 4949, 59, 84, 78, 5424581, 4639706, 0.3, 50, 200, 23, 295, 3333, 1
0, 4743, 75, 91, 83, 5255107, 4640836, 0.3, 50, 200, 23, 288, 3333, 1
1, 3493, 69, 70, 71, 3857264, 3837735, 0.3, 50, 200, 23, 204, 3333, 1
0, 4549, 70, 87, 74, 5115830, 4423393, 0.3, 50, 200, 23, 276, 3333, 1
1, 3647, 71, 72, 72, 3996786, 3945933, 0.3, 50, 200, 23, 208, 3333, 1
0, 4434, 74, 89, 80, 5058580, 4465761, 0.3, 50, 200, 23, 260, 3333, 1
0, 4881, 71, 92, 86, 5100718, 4466045, 0.3, 50, 200, 23, 296, 3333, 1
0, 5155, 74, 89, 79, 5685384, 5032103, 0.3, 50, 200, 23, 314, 3333, 1
0, 4524, 77, 83, 84, 5038057, 4504415, 0.3, 50, 200, 23, 255, 3333, 1
0, 4032, 74, 81, 75, 4627000, 3955614, 0.3, 50, 200, 23, 250, 3333, 1
0, 5113, 75, 90, 79, 5445668, 4858746, 0.3, 50, 200, 23, 303, 3333, 1
0, 4398, 84, 95, 92, 4487888, 4014690, 0.3, 50, 200, 23, 248, 3333, 1
0, 5453, 67, 100, 87, 5532071, 4844204, 0.3, 50, 200, 23, 342, 3333, 1
0, 4565, 72, 88, 88, 5102646, 4485286, 0.3, 50, 200, 23, 265, 3333, 1
0, 5113, 60, 87, 70, 5303330, 4503112, 0.3, 50, 200, 23, 307, 3333, 1
1, 3526, 80, 81, 81, 3986832, 3927688, 0.3, 50, 200, 23, 202, 3333, 1
0, 5096, 56, 78, 66, 5287505, 4540986, 0.3, 50, 200, 23, 289, 3333, 1
0, 5012, 74, 84, 89, 5499532, 4957399, 0.3, 50, 200, 23, 313, 3333, 1
0, 4792, 70, 90, 85, 5076761, 4445142, 0.3, 50, 200, 23, 281, 3333, 1
0, 4130, 72, 82, 73, 4304287, 3719575, 0.3, 50, 200, 23, 239, 3333, 1
0, 4322, 67, 79, 71, 4811451, 4245259, 0.3, 50, 200, 23, 256, 3333, 1
0, 4636, 69, 90, 73, 4910900, 4259584, 0.3, 50, 200, 23, 286, 3333, 1
0, 4878, 69, 86, 79, 5425220, 4797561, 0.3, 50, 200, 23, 300, 3333, 1
0, 5140, 71, 90, 86, 5205619, 4608884, 0.3, 50, 200, 23, 301, 3333, 1
0, 4999, 76, 92, 91, 5166811, 4518288, 0.3, 50, 200, 23, 312, 3333, 1
0, 4503, 72, 93, 82, 4754802, 4152223, 0.3, 50, 200, 23, 274, 3333, 1
0, 4798, 62, 88, 70, 5085903, 4380739, 0.3, 50, 200, 23, 289, 3333, 1
0, 4515, 69, 88, 77, 4980188, 4422919, 0.3, 50, 200, 23, 268, 3333, 1
0, 5187, 64, 88, 76, 5106135, 4442042, 0.3, 50, 200, 23, 315, 3333, 1
0, 5422, 72, 90, 82, 5539527, 4847865, 0.3, 50, 200, 23, 341, 3333, 1
0, 4410, 73, 93, 84, 4656950, 4040091, 0.3, 50, 200, 23, 274, 3333, 1
1, 4156, 71, 72, 72, 4979449, 4834701, 0.3, 50, 200, 23, 251, 3333, 1
0, 4945, 74, 87, 78, 5159203, 4487094, 0.3, 50, 200, 23, 308, 3333, 1
0, 4458, 68, 77, 74, 4852657, 4155051, 0.3, 50, 200, 23, 273, 3333, 1
0, 4548, 62, 83, 71, 4693052, 4109204, 0.3, 50, 200, 23, 279, 3333, 1
0, 5136, 66, 89, 71, 5051263, 4399523, 0.3, 50, 200, 23, 311, 3333, 1
0, 5147, 72, 97, 80, 5360539, 4709566, 0.3, 50, 200, 23, 313, 3333, 1
1, 3427, 70, 71, 71, 4002717, 3913691, 0.3, 50, 200, 23, 200, 3333, 1
0, 4775, 77, 90, 85, 4869310, 4302141, 0.3, 50, 200, 23, 297, 3333, 1
0, 4756, 79, 90, 86, 4983019, 4462602, 0.3, 50, 200, 23, 287, 3333, 1
0, 4765, 69, 91, 80, 5167912, 4507639, 0.3, 50, 200, 23, 291, 3333, 1
0, 4844, 73, 88, 79, 5248258, 4589282, 0.3, 50, 200, 23, 275, 3333, 1
0, 4858, 75, 93, 85, 5043700, 4496966, 0.3, 50, 200, 23, 281, 3333, 1
0, 4429, 64, 79, 68, 4520308, 3902174, 0.3, 50, 200, 23, 257, 3333, 1
0, 4865, 68, 88, 87, 5053251, 4440553, 0.3, 50, 200, 23, 282, 3333, 1
0, 5350, 68, 93, 85, 5153959, 4453951, 0.3, 50, 200, 23, 354, 3333, 1
0, 5184, 65, 83, 75, 5527527, 4725439, 0.3, 50, 200, 23, 321, 3333, 1
0, 4450, 77, 88, 82, 4663405, 4110158, 0.3, 50, 200, 23, 273, 3333, 1
0, 4078, 89, 96, 93, 4430243, 3973282, 0.3, 50, 200, 23, 242, 3333, 1
0, 4450, 67, 79, 71, 4949928, 4329660, 0.3, 50, 200, 23, 270, 3333, 1
0, 4822, 67, 88, 78, 5410644, 4696673, 0.3, 50, 200, 23, 296, 3333, 1
0, 4202, 64, 81, 70, 4647571, 4059272, 0.3, 50, 200, 23, 255, 3333, 1
0, 4838, 81, 102, 87, 5118802, 4514878, 0.3, 50, 200, 23, 293, 3333, 1
0, 5256, 85, 101, 95, 5650512, 5139830, 0.3, 50, 200, 23, 316, 3333, 1
0, 4457, 68, 81, 76, 4911455, 4345768, 0.3, 50, 200, 23, 266, 3333, 1
0, 4222, 76, 88, 78, 4462181, 3938224, 0.3, 50, 200, 23, 254, 3333, 1
0, 4779, 75, 101, 83, 4977459, 4459436, 0.3, 50, 200, 23, 293, 3333, 1
1, 3417, 60, 62, 63, 4063106, 4061066, 0.3, 50, 200, 23, 190, 3333, 1
1, 3404, 82, 83, 83, 3931113, 3757009, 0.3, 50, 200, 23, 209, 3333, 1
0, 4850, 73, 95, 99, 4978039, 4290130, 0.3, 50, 200, 23, 298, 3333, 1
0, 4655, 73, 91, 84, 4926376, 4355580, 0.3, 50, 200, 23, 278, 3333, 1
0, 4590, 75, 98, 82, 5138999, 4584320, 0.3, 50, 200, 23, 273, 3333, 1
0, 4568, 72, 86, 74, 5100085, 4444972, 0.3, 50, 200, 23, 265, 3333, 1
0, 4519, 65, 84, 69, 4894251, 4249569, 0.3, 50, 200, 23, 272, 3333, 1
0, 4322, 75, 88, 78, 4494202, 3965267, 0.3, 50, 200, 23, 258, 3333, 1
0, 4371, 61, 74, 65, 4801454, 4031110, 0.3, 50, 200, 23, 268, 3333, 1
0, 4341, 62, 77, 66, 4535584, 3866184, 0.3, 50, 200, 23, 267, 3333, 1
0, 5382, 71, 88, 86, 5717953, 4977726, 0.3, 50, 200, 23, 329, 3333, 1
0, 5554, 60, 84, 70, 5817094, 5046097, 0.3, 50, 200, 23, 340, 3333, 1
0, 4954, 74, 93, 80, 5282229, 4635297, 0.3, 50, 200, 23, 301, 3333, 1
0, 4580, 68, 89, 80, 4921501, 4298979, 0.3, 50, 200, 23, 271, 3333, 1
0, 4758, 68, 89, 77, 4866325, 4232882, 0.3, 50, 200, 23, 289, 3333, 1
0, 4373, 70, 85, 83, 4533772, 4018516, 0.3, 50, 200, 23, 271, 3333, 1
0, 4706, 79, 94, 82, 5151978, 4574004, 0.3, 50, 200, 23, 283, 3333, 1
0, 4807, 61, 83, 71, 5064724, 4350103, 0.3, 50, 200, 23, 293, 3333, 1
0, 4426, 70, 85, 84, 4758219, 4161756, 0.3, 50, 200, 23, 286, 3333, 1
0, 4910, 66, 84, 74, 5179432, 4530523, 0.3, 50, 200, 23, 306, 3333, 1
1, 3760, 82, 83, 83, 4393794, 4336538, 0.3, 50, 200, 23, 229, 3333, 1
0, 4668, 62, 83, 74, 3392202, 2922356, 0.3, 50, 200, 16, 134, 3333, 1
0, 4911, 65, 86, 72, 5285822, 4560432, 0.3, 50, 200, 23, 303, 3333, 1
0, 5376, 64, 94, 79, 5767125, 4991624, 0.3, 50, 200, 23, 338, 3333, 1
0, 4636, 67, 80, 73, 3535080, 3104340, 0.3, 50, 200, 16, 136, 3333, 1
0, 4904, 59, 80, 73, 3517771, 3036886, 0.3, 50, 200, 16, 143, 3333, 1
0, 4640, 69, 85, 76, 3386098, 2983256, 0.3, 50, 200, 16, 135, 3333, 1
0, 4404, 61, 81, 72, 4983843, 4359113, 0.3, 50, 200, 23, 276, 3333, 1
0, 4518, 73, 88, 80, 3462421, 3062087, 0.3, 50, 200, 16, 135, 3333, 1
0, 4224, 76, 87, 80, 4512878, 3936693, 0.3, 50, 200, 23, 254, 3333, 1
0, 4371, 67, 78, 74, 2961398, 2535733, 0.3, 50, 200, 16, 124, 3333, 1
0, 4086, 79, 91, 83, 4688464, 4104932, 0.3, 50, 200, 23, 254, 3333, 1
0, 4858, 60, 84, 70, 3527790, 3026845, 0.3, 50, 200, 16, 131, 3333, 1
0, 4656, 74, 90, 80, 3701143, 3235555, 0.3, 50, 200, 16, 140, 3333, 1
0, 4430, 64, 85, 70, 3274041, 2792903, 0.3, 50, 200, 16, 131, 3333, 1
0, 4170, 66, 81, 72, 3133961, 2727368, 0.3, 50, 200, 16, 120, 3333, 1
0, 4535, 71, 86, 80, 4768328, 4189327, 0.3, 50, 200, 23, 284, 3333, 1
0, 4235, 72, 87, 79, 3196446, 2849558, 0.3, 50, 200, 16, 131, 3333, 1
1, 3477, 71, 72, 72, 2741690, 2632416, 0.3, 50, 200, 16, 102, 3333, 1
0, 4390, 70, 81, 79, 3219602, 2806543, 0.3, 50, 200, 16, 122, 3333, 1
0, 4461, 71, 94, 80, 3366558, 2995961, 0.3, 50, 200, 16, 119, 3333, 1
0, 5117, 78, 96, 96, 3931766, 3490119, 0.3, 50, 200, 16, 143, 3333, 1
0, 4886, 71, 87, 87, 3654430, 3232736, 0.3, 50, 200, 16, 138, 3333, 1
0, 4609, 67, 89, 75, 3363971, 2952411, 0.3, 50, 200, 16, 136, 3333, 1
0, 5022, 73, 95, 89, 3700369, 3195844, 0.3, 50, 200, 16, 152, 3333, 1
0, 4079, 74, 91, 79, 3214813, 2852098, 0.3, 50, 200, 16, 116, 3333, 1
0, 4315, 59, 78, 63, 3285524, 2761143, 0.3, 50, 200, 16, 125, 3333, 1
0, 4512, 81, 96, 87, 3413107, 3022096, 0.3, 50, 200, 16, 130, 3333, 1
0, 5428, 60, 75, 74, 4019880, 3422864, 0.3, 50, 200, 16, 159, 3333, 1
0, 4452, 75, 96, 86, 3494266, 3093131, 0.3, 50, 200, 16, 126, 3333, 1
0, 4760, 63, 92, 79, 3509540, 3049717, 0.3, 50, 200, 16, 137, 3333, 1
1, 3437, 74, 75, 75, 2774386, 2707358, 0.3, 50, 200, 16, 95, 3333, 1
0, 5161, 68, 89, 79, 3824974, 3347288, 0.3, 50, 200, 16, 155, 3333, 1
0, 4271, 80, 94, 85, 3142681, 2758874, 0.3, 50, 200, 16, 131, 3333, 1
1, 3614, 64, 65, 65, 2804354, 2774439, 0.3, 50, 200, 16, 107, 3333, 1
0, 4894, 62, 84, 75, 3551873, 3054763, 0.3, 50, 200, 16, 142, 3333, 1
0, 4296, 78, 91, 82, 3330616, 2942455, 0.3, 50, 200, 16, 129, 3333, 1
1, 3362, 68, 69, 69, 2568283, 2543574, 0.3, 50, 200, 16, 94, 3333, 1
0, 4532, 69, 84, 80, 3255086, 2884858, 0.3, 50, 200, 16, 137, 3333, 1
0, 4877, 66, 81, 76, 3552665, 3152107, 0.3, 50, 200, 16, 145, 3333, 1
0, 4921, 66, 87, 77, 3439742, 2964652, 0.3, 50, 200, 16, 143, 3333, 1
0, 4601, 61, 72, 72, 3271627, 2824574, 0.3, 50, 200, 16, 131, 3333, 1
0, 4678, 73, 88, 79, 3595687, 3184572, 0.3, 50, 200, 16, 147, 3333, 1
0, 4984, 62, 83, 71, 3577081, 3064492, 0.3, 50, 200, 16, 146, 3333, 1
0, 4717, 68, 83, 72, 3399746, 2917122, 0.3, 50, 200, 16, 139, 3333, 1
0, 5058, 64, 78, 72, 3932704, 3415646, 0.3, 50, 200, 16, 143, 3333, 1
0, 5250, 66, 93, 81, 3832084, 3329259, 0.3, 50, 200, 16, 145, 3333, 1
0, 4538, 78, 88, 84, 3505229, 3040811, 0.3, 50, 200, 16, 125, 3333, 1
0, 4871, 71, 86, 86, 3592327, 3212930, 0.3, 50, 200, 16, 153, 3333, 1
1, 3503, 56, 57, 57, 2972841, 2921478, 0.3, 50, 200, 16, 106, 3333, 1
0, 4745, 76, 90, 82, 3603457, 3244420, 0.3, 50, 200, 16, 140, 3333, 1
1, 3709, 75, 76, 76, 2958933, 2909404, 0.3, 50, 200, 16, 112, 3333, 1
1, 3527, 72, 73, 73, 2760020, 2723043, 0.3, 50, 200, 16, 104, 3333, 1
0, 4719, 64, 79, 69, 3647294, 3135382, 0.3, 50, 200, 16, 151, 3333, 1
0, 4459, 73, 84, 80, 3336745, 2949750, 0.3, 50, 200, 16, 142, 3333, 1
0, 4672, 75, 93, 87, 3469123, 3058113, 0.3, 50, 200, 16, 142, 3333, 1
1, 3789, 63, 64, 64, 3075112, 3019720, 0.3, 50, 200, 16, 120, 3333, 1
0, 4729, 61, 79, 69, 3516596, 3059987, 0.3, 50, 200, 16, 141, 3333, 1
0, 5560, 61, 84, 73, 4029786, 3484804, 0.3, 50, 200, 16, 168, 3333, 1
0, 4512, 74, 92, 78, 3210808, 2833842, 0.3, 50, 200, 16, 143, 3333, 1
1, 4123, 68, 69, 69, 3505663, 3429676, 0.3, 50, 200, 16, 117, 3333, 1
0, 4491, 70, 84, 80, 3376464, 2962322, 0.3, 50, 200, 16, 134, 3333, 1
1, 3371, 70, 71, 71, 2696848, 2687426, 0.3, 50, 200, 16, 95, 3333, 1
0, 4899, 71, 88, 80, 3407185, 2987799, 0.3, 50, 200, 16, 150, 3333, 1
0, 4969, 57, 78, 74, 3721843, 3149256, 0.3, 50, 200, 16, 152, 3333, 1
0, 4499, 73, 87, 81, 3307361, 2925892, 0.3, 50, 200, 16, 135, 3333, 1
0, 5446, 64, 82, 80, 3752750, 3263042, 0.3, 50, 200, 16, 173, 3333, 1
0, 5236, 75, 101, 88, 3789059, 3355805, 0.3, 50, 200, 16, 157, 3333, 1
0, 4379, 63, 80, 73, 3355141, 2867302, 0.3, 50, 200, 16, 125, 3333, 1
0, 4626, 66, 85, 82, 3517802, 3118486, 0.3, 50, 200, 16, 128, 3333, 1
0, 4417, 79, 88, 84, 3185988, 2875679, 0.3, 50, 200, 16, 125, 3333, 1
0, 4910, 67, 85, 76, 3708207, 3170611, 0.3, 50, 200, 16, 150, 3333, 1
1, 3426, 71, 72, 72, 2678592, 2595989, 0.3, 50, 200, 16, 95, 3333, 1
0, 5094, 68, 85, 81, 3771186, 3323502, 0.3, 50, 200, 16, 153, 3333, 1
1, 3992, 69, 70, 70, 3238736, 3214548, 0.3, 50, 200, 16, 114, 3333, 1
1, 3408, 67, 68, 68, 2570919, 2543305, 0.3, 50, 200, 16, 97, 3333, 1
0, 4599, 77, 100, 91, 3593673, 3172956, 0.3, 50, 200, 16, 135, 3333, 1
0, 4950, 65, 84, 77, 3503195, 3076741, 0.3, 50, 200, 16, 147, 3333, 1
0, 4291, 84, 99, 96, 3253960, 2936832, 0.3, 50, 200, 16, 117, 3333, 1
0, 4724, 70, 83, 82, 3459581, 3043581, 0.3, 50, 200, 16, 139, 3333, 1
0, 5281, 72, 90, 78, 3847476, 3286044, 0.3, 50, 200, 16, 160, 3333, 1
1, 3577, 68, 69, 69, 2888500, 2866829, 0.3, 50, 200, 16, 101, 3333, 1
0, 4571, 67, 92, 78, 3439493, 3009097, 0.3, 50, 200, 16, 128, 3333, 1
1, 3427, 71, 72, 72, 2646872, 2625432, 0.3, 50, 200, 16, 99, 3333, 1
1, 3743, 70, 71, 71, 2828945, 2828945, 0.3, 50, 200, 16, 101, 3333, 1
0, 5228, 60, 83, 67, 3888778, 3356461, 0.3, 50, 200, 16, 154, 3333, 1
0, 4058, 69, 78, 70, 3270016, 2792059, 0.3, 50, 200, 16, 116, 3333, 1
0, 5075, 63, 84, 74, 3716110, 3199532, 0.3, 50, 200, 16, 142, 3333, 1
0, 4302, 67, 85, 74, 3164865, 2792316, 0.3, 50, 200, 16, 120, 3333, 1
1, 3381, 83, 84, 84, 2707038, 2668793, 0.3, 50, 200, 16, 103, 3333, 1
0, 5030, 70, 89, 80, 3587192, 3161974, 0.3, 50, 200, 16, 137, 3333, 1
0, 4818, 71, 97, 86, 3608996, 3182564, 0.3, 50, 200, 16, 141, 3333, 1
0, 4545, 72, 89, 79, 3384605, 2973109, 0.3, 50, 200, 16, 132, 3333, 1
0, 5071, 60, 77, 75, 3768319, 3241916, 0.3, 50, 200, 16, 155, 3333, 1
0, 4439, 73, 78, 78, 3503025, 3034314, 0.3, 50, 200, 16, 127, 3333, 1
0, 4690, 69, 83, 78, 3498699, 3015809, 0.3, 50, 200, 16, 137, 3333, 1
0, 4467, 76, 94, 82, 3367012, 2975874, 0.3, 50, 200, 16, 125, 3333, 1
0, 4710, 63, 83, 69, 3484445, 3020993, 0.3, 50, 200, 16, 135, 3333, 1
0, 4693, 70, 86, 84, 3274443, 2909173, 0.3, 50, 200, 16, 135, 3333, 1
1, 3375, 72, 73, 73, 2012939, 1990525, 0.3, 50, 200, 11, 47, 3333, 1
0, 4591, 60, 65, 61, 3483331, 2977811, 0.3, 50, 200, 16, 129, 3333, 1
1, 3435, 67, 68, 68, 2804018, 2723222, 0.3, 50, 200, 16, 96, 3333, 1
1, 3461, 58, 59, 59, 1936900, 1911830, 0.3, 50, 200, 11, 45, 3333, 1
0, 4023, 86, 91, 91, 3068728, 2754583, 0.3, 50, 200, 16, 116, 3333, 1
1, 3648, 78, 79, 80, 2832131, 2845850, 0.3, 50, 200, 16, 105, 3333, 1
1, 3374, 54, 55, 55, 2627379, 2581912, 0.3, 50, 200, 16, 95, 3333, 1
0, 5054, 66, 90, 80, 2659826, 2328860, 0.3, 50, 200, 11, 75, 3333, 1
0, 4452, 77, 92, 88, 3078054, 2705947, 0.3, 50, 200, 16, 126, 3333, 1
0, 4642, 67, 76, 78, 2370026, 2074297, 0.3, 50, 200, 11, 71, 3333, 1
0, 4581, 80, 98, 90, 3311324, 2891540, 0.3, 50, 200, 16, 128, 3333, 1
0, 5035, 71, 93, 87, 2579963, 2294944, 0.3, 50, 200, 11, 74, 3333, 1
1, 3480, 65, 66, 66, 1860753, 1839612, 0.3, 50, 200, 11, 50, 3333, 1
0, 4592, 64, 79, 70, 3357109, 2902188, 0.3, 50, 200, 16, 133, 3333, 1
0, 4564, 73, 83, 78, 2431624, 2131898, 0.3, 50, 200, 11, 63, 3333, 1
1, 3942, 80, 81, 81, 2257336, 2245442, 0.3, 50, 200, 11, 56, 3333, 1
1, 3542, 64, 65, 65, 2084823, 2038182, 0.3, 50, 200, 11, 48, 3333, 1
0, 4844, 68, 94, 82, 2444008, 2157126, 0.3, 50, 200, 11, 74, 3333, 1
1, 3393, 71, 72, 72, 1799718, 1771515, 0.3, 50, 200, 11, 55, 3333, 1
1, 3679, 72, 73, 74, 1998446, 2001554, 0.3, 50, 200, 11, 53, 3333, 1
0, 5302, 83, 103, 92, 2596585, 2281245, 0.3, 50, 200, 11, 82, 3333, 1
0, 4537, 78, 94, 87, 2363353, 2106390, 0.3, 50, 200, 11, 73, 3333, 1
0, 4308, 77, 92, 82, 2299499, 2043041, 0.3, 50, 200, 11, 66, 3333, 1
1, 3429, 72, 73, 73, 1928413, 1798721, 0.3, 50, 200, 11, 51, 3333, 1
1, 3395, 63, 64, 64, 1815902, 1808498, 0.3, 50, 200, 11, 53, 3333, 1
0, 4575, 74, 86, 82, 2163437, 1867830, 0.3, 50, 200, 11, 70, 3333, 1
0, 4954, 62, 78, 71, 2452300, 2111884, 0.3, 50, 200, 11, 82, 3333, 1
0, 4517, 89, 103, 96, 2348262, 2083192, 0.3, 50, 200, 11, 76, 3333, 1
0, 4904, 54, 74, 65, 2545099, 2180653, 0.3, 50, 200, 11, 72, 3333, 1
0, 4808, 73, 93, 84, 2432506, 2137320, 0.3, 50, 200, 11, 77, 3333, 1
0, 4610, 67, 87, 73, 2309464, 2009651, 0.3, 50, 200, 11, 73, 3333, 1
0, 5200, 81, 107, 96, 2770353, 2468113, 0.3, 50, 200, 11, 81, 3333, 1
0, 4493, 69, 86, 78, 2222459, 1946328, 0.3, 50, 200, 11, 68, 3333, 1
0, 4749, 66, 78, 70, 2387364, 2098335, 0.3, 50, 200, 11, 72, 3333, 1
0, 4273, 78, 91, 82, 2143636, 1879601, 0.3, 50, 200, 11, 68, 3333, 1
0, 4605, 73, 82, 89, 2314244, 2041238, 0.3, 50, 200, 11, 75, 3333, 1
0, 4499, 82, 96, 89, 2369016, 2145278, 0.3, 50, 200, 11, 73, 3333, 1
0, 4713, 61, 76, 70, 2538641, 2194527, 0.3, 50, 200, 11, 76, 3333, 1
0, 4849, 56, 77, 66, 2487677, 2126595, 0.3, 50, 200, 11, 77, 3333, 1
0, 4386, 79, 88, 84, 2230274, 2023782, 0.3, 50, 200, 11, 69, 3333, 1
0, 4769, 60, 95, 71, 2277495, 1965945, 0.3, 50, 200, 11, 73, 3333, 1
1, 3637, 61, 65, 63, 1824602, 1766022, 0.3, 50, 200, 11, 57, 3333, 1
0, 4958, 68, 87, 78, 2484196, 2167884, 0.3, 50, 200, 11, 80, 3333, 1
0, 5731, 60, 81, 71, 2812851, 2459003, 0.3, 50, 200, 11, 91, 3333, 1
0, 4150, 65, 73, 74, 2181650, 1923323, 0.3, 50, 200, 11, 59, 3333, 1
0, 4907, 74, 90, 85, 2567021, 2243063, 0.3, 50, 200, 11, 75, 3333, 1
0, 5179, 65, 89, 78, 2655677, 2339085, 0.3, 50, 200, 11, 81, 3333, 1
0, 4253, 71, 88, 77, 2226826, 1946385, 0.3, 50, 200, 11, 69, 3333, 1
1, 3509, 61, 62, 63, 1948926, 1950374, 0.3, 50, 200, 11, 47, 3333, 1
0, 4634, 64, 79, 70, 2172063, 1856971, 0.3, 50, 200, 11, 73, 3333, 1
1, 3536, 71, 72, 72, 1886438, 1873219, 0.3, 50, 200, 11, 52, 3333, 1
0, 4758, 68, 82, 78, 2372642, 2063592, 0.3, 50, 200, 11, 76, 3333, 1
1, 3377, 57, 58, 58, 1970896, 1884733, 0.3, 50, 200, 11, 52, 3333, 1
0, 4487, 68, 82, 77, 2212364, 1949241, 0.3, 50, 200, 11, 66, 3333, 1
1, 3686, 72, 73, 73, 2026235, 1821844, 0.3, 50, 200, 11, 56, 3333, 1
0, 5318, 78, 91, 85, 2642816, 2345337, 0.3, 50, 200, 11, 84, 3333, 1
0, 4426, 69, 84, 78, 2329410, 2052703, 0.3, 50, 200, 11, 67, 3333, 1
1, 3574, 65, 66, 66, 1826500, 1724726, 0.3, 50, 200, 11, 53, 3333, 1
0, 4931, 66, 82, 74, 2596611, 2264952, 0.3, 50, 200, 11, 75, 3333, 1
1, 3919, 80, 81, 83, 2175396, 2147668, 0.3, 50, 200, 11, 62, 3333, 1
0, 4312, 75, 89, 81, 2121814, 1843186, 0.3, 50, 200, 11, 69, 3333, 1
1, 3827, 81, 82, 82, 2049697, 2026155, 0.3, 50, 200, 11, 58, 3333, 1
0, 4397, 72, 90, 83, 2321434, 2046311, 0.3, 50, 200, 11, 67, 3333, 1
0, 5303, 70, 103, 84, 2522109, 2212624, 0.3, 50, 200, 11, 82, 3333, 1
1, 3505, 66, 67, 67, 1965578, 1928252, 0.3, 50, 200, 11, 48, 3333, 1
0, 4522, 75, 88, 80, 2554607, 2263077, 0.3, 50, 200, 11, 66, 3333, 1
1, 3761, 83, 84, 87, 2374680, 2382680, 0.3, 50, 200, 11, 47, 3333, 1
0, 4469, 64, 77, 67, 2238188, 1941223, 0.3, 50, 200, 11, 64, 3333, 1
0, 4846, 72, 89, 80, 2506718, 2210696, 0.3, 50, 200, 11, 74, 3333, 1
0, 4787, 76, 103, 87, 2430222, 2170576, 0.3, 50, 200, 11, 67, 3333, 1
0, 4681, 80, 100, 90, 2352936, 2072661, 0.3, 50, 200, 11, 72, 3333, 1
0, 4253, 76, 87, 81, 2292793, 2030883, 0.3, 50, 200, 11, 62, 3333, 1
0, 4802, 71, 91, 83, 2531180, 2232497, 0.3, 50, 200, 11, 72, 3333, 1
0, 5115, 51, 74, 62, 2586914, 2209280, 0.3, 50, 200, 11, 81, 3333, 1
0, 4430, 73, 89, 79, 2277587, 2000925, 0.3, 50, 200, 11, 65, 3333, 1
0, 4573, 65, 80, 74, 2455668, 2132382, 0.3, 50, 200, 11, 67, 3333, 1
1, 3419, 65, 66, 66, 1838635, 1833797, 0.3, 50, 200, 11, 54, 3333, 1
0, 4789, 55, 80, 65, 2295147, 1958975, 0.3, 50, 200, 11, 78, 3333, 1
1, 3349, 71, 72, 72, 1851485, 1838002, 0.3, 50, 200, 11, 54, 3333, 1
0, 4353, 83, 96, 87, 2359752, 2132162, 0.3, 50, 200, 11, 72, 3333, 1
0, 4787, 71, 86, 82, 2346445, 2046240, 0.3, 50, 200, 11, 76, 3333, 1
0, 4523, 69, 84, 78, 2323279, 2061575, 0.3, 50, 200, 11, 67, 3333, 1
0, 5127, 76, 89, 87, 2510306, 2222645, 0.3, 50, 200, 11, 79, 3333, 1
0, 5270, 74, 104, 85, 2649287, 2293579, 0.3, 50, 200, 11, 84, 3333, 1
1, 3494, 70, 71, 71, 1755322, 1697191, 0.3, 50, 200, 11, 53, 3333, 1
0, 5436, 69, 92, 82, 2702167, 2402001, 0.3, 50, 200, 11, 82, 3333, 1
1, 3532, 74, 76, 79, 1898420, 1916325, 0.3, 50, 200, 11, 53, 3333, 1
0, 5187, 72, 92, 80, 2453544, 2162345, 0.3, 50, 200, 11, 83, 3333, 1
0, 4437, 82, 91, 85, 2142280, 1911768, 0.3, 50, 200, 11, 67, 3333, 1
0, 4914, 59, 87, 70, 2457443, 2105870, 0.3, 50, 200, 11, 75, 3333, 1
0, 4819, 67, 85, 79, 2336162, 2058330, 0.3, 50, 200, 11, 78, 3333, 1
0, 4875, 61, 86, 73, 2552370, 2188274, 0.3, 50, 200, 11, 73, 3333, 1
0, 4926, 64, 97, 73, 2441721, 2140612, 0.3, 50, 200, 11, 67, 3333, 1
0, 4655, 80, 92, 89, 2303323, 2064066, 0.3, 50, 200, 11, 68, 3333, 1
0, 4930, 78, 95, 84, 2418924, 2147338, 0.3, 50, 200, 11, 71, 3333, 1
1, 3488, 56, 58, 57, 1924705, 1891548, 0.3, 50, 200, 11, 48, 3333, 1
1, 3514, 79, 80, 81, 1902392, 1897731, 0.3, 50, 200, 11, 57, 3333, 1
0, 4874, 81, 98, 92, 2404711, 2111406, 0.3, 50, 200, 11, 71, 3333, 1
1, 3457, 79, 80, 80, 1917405, 1887314, 0.3, 50, 200, 11, 48, 3333, 1
0, 4647, 66, 94, 76, 2265731, 2006748, 0.3, 50, 200, 11, 67, 3333, 1
0, 4850, 67, 91, 75, 2425839, 2095395, 0.3, 50, 200, 11, 72, 3333, 1
0, 5467, 76, 99, 91, 2851093, 2517442, 0.3, 50, 200, 11, 74, 3333, 1
1, 3346, 75, 76, 76, 1705421, 1678388, 0.3, 50, 200, 11, 49, 3333, 1
1, 3353, 70, 71, 71, 1396325, 1362739, 0.3, 50, 200, 8, 28, 3333, 1
0, 4526, 68, 83, 72, 1754806, 1509689, 0.3, 50, 200, 8, 37, 3333, 1
1, 3560, 62, 63, 63, 1494208, 1492641, 0.3, 50, 200, 8, 29, 3333, 1
0, 5282, 78, 96, 86, 2663480, 2370856, 0.3, 50, 200, 11, 75, 3333, 1
1, 3629, 72, 73, 73, 1471812, 1463455, 0.3, 50, 200, 8, 29, 3333, 1
0, 4382, 77, 89, 87, 2173993, 1961994, 0.3, 50, 200, 11, 66, 3333, 1
0, 4549, 74, 90, 91, 1668561, 1495699, 0.3, 50, 200, 8, 40, 3333, 1
0, 4594, 63, 78, 68, 2349221, 1987920, 0.3, 50, 200, 11, 65, 3333, 1
0, 4659, 66, 94, 79, 2401899, 2089587, 0.3, 50, 200, 11, 69, 3333, 1
0, 4919, 71, 89, 78, 1770737, 1569131, 0.3, 50, 200, 8, 44, 3333, 1
1, 3640, 71, 72, 72, 1438302, 1437439, 0.3, 50, 200, 8, 30, 3333, 1
0, 5060, 69, 88, 80, 1800991, 1597159, 0.3, 50, 200, 8, 43, 3333, 1
0, 5407, 58, 79, 68, 2695714, 2330366, 0.3, 50, 200, 11, 77, 3333, 1
1, 3424, 84, 85, 86, 1366658, 1369137, 0.3, 50, 200, 8, 29, 3333, 1
0, 4622, 70, 87, 75, 1468554, 1298394, 0.3, 50, 200, 8, 41, 3333, 1
0, 4601, 68, 80, 81, 1717911, 1502203, 0.3, 50, 200, 8, 37, 3333, 1
0, 4140, 70, 81, 71, 1625151, 1388919, 0.3, 50, 200, 8, 36, 3333, 1
0, 4545, 80, 97, 90, 1615608, 1434291, 0.3, 50, 200, 8, 44, 3333, 1
0, 4814, 62, 83, 74, 1707159, 1477154, 0.3, 50, 200, 8, 46, 3333, 1
0, 5159, 72, 96, 85, 1758717, 1538111, 0.3, 50, 200, 8, 46, 3333, 1
0, 4123, 68, 84, 72, 1565732, 1382955, 0.3, 50, 200, 8, 35, 3333, 1
0, 4729, 70, 83, 79, 1742889, 1538356, 0.3, 50, 200, 8, 43, 3333, 1
0, 4268, 78, 93, 85, 1647093, 1466643, 0.3, 50, 200, 8, 40, 3333, 1
0, 4710, 74, 93, 85, 1663750, 1460979, 0.3, 50, 200, 8, 43, 3333, 1
0, 5296, 61, 90, 77, 1892841, 1633962, 0.3, 50, 200, 8, 48, 3333, 1
1, 3606, 73, 74, 74, 1385702, 1376077, 0.3, 50, 200, 8, 33, 3333, 1
0, 5275, 53, 83, 69, 1749147, 1506960, 0.3, 50, 200, 8, 47, 3333, 1
0, 4359, 75, 87, 83, 1616560, 1422141, 0.3, 50, 200, 8, 39, 3333, 1
0, 4888, 92, 105, 97, 1821253, 1662639, 0.3, 50, 200, 8, 43, 3333, 1
0, 5320, 62, 85, 78, 1861481, 1607326, 0.3, 50, 200, 8, 48, 3333, 1
0, 5198, 71, 96, 91, 2027589, 1784589, 0.3, 50, 200, 8, 49, 3333, 1
1, 3461, 63, 64, 64, 1419301, 1403311, 0.3, 50, 200, 8, 31, 3333, 1
0, 4277, 77, 84, 83, 1521963, 1376612, 0.3, 50, 200, 8, 35, 3333, 1
0, 4974, 69, 86, 84, 1843212, 1614234, 0.3, 50, 200, 8, 44, 3333, 1
0, 4845, 67, 83, 74, 1666644, 1440296, 0.3, 50, 200, 8, 43, 3333, 1
0, 4813, 65, 90, 80, 1665750, 1419268, 0.3, 50, 200, 8, 45, 3333, 1
0, 5111, 70, 89, 77, 1803216, 1587451, 0.3, 50, 200, 8, 48, 3333, 1
0, 4424, 84, 99, 88, 1738817, 1569791, 0.3, 50, 200, 8, 41, 3333, 1
1, 3543, 74, 75, 75, 1368592, 1315487, 0.3, 50, 200, 8, 29, 3333, 1
0, 4766, 72, 86, 80, 1725238, 1519757, 0.3, 50, 200, 8, 41, 3333, 1
1, 3433, 61, 62, 62, 1266816, 1176779, 0.3, 50, 200, 8, 28, 3333, 1
1, 3414, 68, 69, 69, 1416193, 1384095, 0.3, 50, 200, 8, 33, 3333, 1
1, 3556, 65, 66, 67, 1360666, 1360990, 0.3, 50, 200, 8, 30, 3333, 1
0, 4242, 87, 97, 93, 1608910, 1436997, 0.3, 50, 200, 8, 38, 3333, 1
0, 5149, 61, 86, 72, 1939671, 1664122, 0.3, 50, 200, 8, 48, 3333, 1
0, 5156, 56, 78, 72, 1745263, 1472290, 0.3, 50, 200, 8, 50, 3333, 1
0, 4526, 72, 86, 83, 1714122, 1506658, 0.3, 50, 200, 8, 42, 3333, 1
0, 4741, 57, 82, 67, 1953945, 1659455, 0.3, 50, 200, 8, 38, 3333, 1
0, 4511, 64, 80, 75, 1689351, 1458194, 0.3, 50, 200, 8, 41, 3333, 1
1, 3516, 74, 75, 75, 1421095, 1387917, 0.3, 50, 200, 8, 31, 3333, 1
1, 3621, 67, 69, 70, 1439341, 1441231, 0.3, 50, 200, 8, 30, 3333, 1
0, 5472, 69, 87, 79, 1862289, 1628731, 0.3, 50, 200, 8, 51, 3333, 1
0, 4795, 58, 80, 65, 1861129, 1601059, 0.3, 50, 200, 8, 45, 3333, 1
0, 4045, 72, 80, 75, 1575555, 1329377, 0.3, 50, 200, 8, 37, 3333, 1
0, 5706, 82, 108, 89, 2261766, 2030178, 0.3, 50, 200, 8, 52, 3333, 1
1, 3592, 67, 70, 70, 1572418, 1568482, 0.3, 50, 200, 8, 29, 3333, 1
0, 4224, 75, 88, 79, 1525629, 1353082, 0.3, 50, 200, 8, 38, 3333, 1
0, 4796, 60, 76, 73, 1730623, 1499201, 0.3, 50, 200, 8, 43, 3333, 1
1, 3695, 63, 64, 65, 1297834, 1282680, 0.3, 50, 200, 8, 32, 3333, 1
0, 4247, 73, 94, 82, 1588885, 1407534, 0.3, 50, 200, 8, 37, 3333, 1
1, 3619, 69, 70, 70, 1394450, 1384093, 0.3, 50, 200, 8, 31, 3333, 1
0, 4919, 63, 93, 72, 1772308, 1551036, 0.3, 50, 200, 8, 46, 3333, 1
1, 3537, 69, 70, 70, 1470192, 1465132, 0.3, 50, 200, 8, 30, 3333, 1
0, 4582, 78, 101, 92, 1805212, 1616267, 0.3, 50, 200, 8, 38, 3333, 1
1, 3515, 77, 78, 79, 1309650, 1310219, 0.3, 50, 200, 8, 30, 3333, 1
0, 4771, 69, 87, 79, 1675687, 1457217, 0.3, 50, 200, 8, 41, 3333, 1
1, 3350, 70, 71, 71, 1336082, 1309132, 0.3, 50, 200, 8, 30, 3333, 1
0, 4641, 74, 89, 81, 1671647, 1479917, 0.3, 50, 200, 8, 40, 3333, 1
0, 4320, 75, 80, 80, 1620720, 1415484, 0.3, 50, 200, 8, 40, 3333, 1
0, 5090, 65, 83, 76, 1827560, 1583591, 0.3, 50, 200, 8, 44, 3333, 1
0, 5395, 71, 93, 88, 1954451, 1722588, 0.3, 50, 200, 8, 44, 3333, 1
0, 4978, 74, 92, 79, 1918574, 1693728, 0.3, 50, 200, 8, 45, 3333, 1
0, 5440, 60, 92, 79, 1965305, 1685789, 0.3, 50, 200, 8, 49, 3333, 1
0, 4762, 74, 100, 85, 1849417, 1594692, 0.3, 50, 200, 8, 43, 3333, 1
0, 4543, 83, 95, 92, 1836491, 1638989, 0.3, 50, 200, 8, 45, 3333, 1
1, 3464, 68, 70, 70, 1416696, 1402501, 0.3, 50, 200, 8, 29, 3333, 1
1, 3343, 69, 70, 71, 1357295, 1359708, 0.3, 50, 200, 8, 28, 3333, 1
0, 4522, 72, 90, 81, 1720180, 1506483, 0.3, 50, 200, 8, 40, 3333, 1
0, 4659, 66, 81, 77, 1763734, 1556796, 0.3, 50, 200, 8, 39, 3333, 1
0, 4499, 58, 78, 68, 1734534, 1484000, 0.3, 50, 200, 8, 41, 3333, 1
0, 4714, 76, 100, 91, 1704222, 1501364, 0.3, 50, 200, 8, 40, 3333, 1
0, 4885, 76, 96, 86, 1970038, 1763925, 0.3, 50, 200, 8, 39, 3333, 1
0, 4294, 72, 89, 78, 1664195, 1440235, 0.3, 50, 200, 8, 38, 3333, 1
0, 5017, 69, 97, 84, 1732333, 1527966, 0.3, 50, 200, 8, 44, 3333, 1
1, 3602, 74, 75, 77, 1452302, 1442456, 0.3, 50, 200, 8, 30, 3333, 1
0, 4238, 64, 77, 65, 1618918, 1379003, 0.3, 50, 200, 8, 36, 3333, 1
0, 4584, 85, 92, 96, 1679304, 1468001, 0.3, 50, 200, 8, 41, 3333, 1
0, 4848, 64, 86, 77, 1771004, 1550199, 0.3, 50, 200, 8, 44, 3333, 1
0, 4556, 68, 89, 82, 1551908, 1343530, 0.3, 50, 200, 8, 40, 3333, 1
0, 4887, 73, 87, 85, 1772115, 1570491, 0.3, 50, 200, 8, 42, 3333, 1
0, 4556, 75, 93, 83, 1759122, 1553702, 0.3, 50, 200, 8, 43, 3333, 1
0, 5181, 60, 85, 80, 1899014, 1650922, 0.3, 50, 200, 8, 44, 3333, 1
0, 4591, 72, 96, 82, 1742236, 1528531, 0.3, 50, 200, 8, 39, 3333, 1
0, 5115, 74, 93, 88, 1989012, 1724341, 0.3, 50, 200, 8, 49, 3333, 1
0, 5577, 61, 78, 81, 1852346, 1590922, 0.3, 50, 200, 8, 48, 3333, 1
1, 3576, 70, 71, 72, 1428093, 1430393, 0.3, 50, 200, 8, 27, 3333, 1
0, 5851, 70, 85, 83, 2117358, 1875217, 0.3, 50, 200, 8, 52, 3333, 1
0, 4873, 53, 76, 64, 1749372, 1485321, 0.3, 50, 200, 8, 42, 3333, 1
0, 4849, 80, 96, 86, 1893219, 1688868, 0.3, 50, 200, 8, 40, 3333, 1
1, 3976, 74, 75, 76, 1697562, 1699839, 0.3, 50, 200, 8, 32, 3333, 1
1, 3481, 68, 69, 70, 1453219, 1455248, 0.3, 50, 200, 8, 29, 3333, 1
0, 4413, 73, 87, 85, 1644278, 1455391, 0.3, 50, 200, 8, 40, 3333, 1
0, 4922, 67, 86, 79, 1765448, 1546610, 0.3, 50, 200, 8, 39, 3333, 1
0, 4673, 73, 93, 79, 1708575, 1475914, 0.3, 50, 200, 8, 42, 3333, 1
0, 4223, 79, 86, 82, 1349581, 1211439, 0.3, 50, 200, 7, 31, 3333, 1
0, 4982, 65, 80, 77, 1805816, 1534658, 0.3, 50, 200, 8, 47, 3333, 1
1, 3794, 71, 72, 72, 1220719, 1168924, 0.3, 50, 200, 7, 24, 3333, 1
1, 3418, 69, 70, 70, 1175920, 1164314, 0.3, 50, 200, 7, 22, 3333, 1
0, 4765, 62, 80, 75, 1501104, 1285957, 0.3, 50, 200, 7, 35, 3333, 1
0, 4487, 64, 74, 72, 1458849, 1257878, 0.3, 50, 200, 7, 29, 3333, 1
1, 3364, 69, 70, 71, 1152931, 1155749, 0.3, 50, 200, 7, 23, 3333, 1
0, 5074, 74, 90, 90, 1608553, 1427822, 0.3, 50, 200, 7, 37, 3333, 1
0, 4491, 75, 90, 85, 1578340, 1404812, 0.3, 50, 200, 7, 32, 3333, 1
0, 4698, 56, 74, 59, 1504778, 1269883, 0.3, 50, 200, 7, 33, 3333, 1
0, 4555, 73, 87, 77, 1604129, 1409890, 0.3, 50, 200, 7, 32, 3333, 1
0, 5353, 72, 88, 81, 1606649, 1408216, 0.3, 50, 200, 7, 37, 3333, 1
0, 4876, 61, 90, 71, 1618972, 1363295, 0.3, 50, 200, 7, 34, 3333, 1
0, 4989, 68, 88, 77, 1714583, 1467543, 0.3, 50, 200, 7, 33, 3333, 1
0, 4269, 72, 84, 78, 1460390, 1287303, 0.3, 50, 200, 7, 32, 3333, 1
0, 5284, 77, 97, 85, 1623677, 1428594, 0.3, 50, 200, 7, 38, 3333, 1
0, 4952, 60, 82, 71, 1580572, 1346598, 0.3, 50, 200, 7, 34, 3333, 1
0, 4887, 75, 93, 83, 1525932, 1355804, 0.3, 50, 200, 7, 37, 3333, 1
0, 5495, 76, 97, 93, 1642511, 1453908, 0.3, 50, 200, 7, 41, 3333, 1
1, 4109, 68, 69, 69, 1431361, 1427675, 0.3, 50, 200, 7, 29, 3333, 1
1, 3991, 73, 74, 74, 1421199, 1418432, 0.3, 50, 200, 7, 24, 3333, 1
0, 4170, 64, 80, 66, 1326613, 1106212, 0.3, 50, 200, 7, 30, 3333, 1
0, 4420, 75, 92, 83, 1427829, 1267795, 0.3, 50, 200, 7, 34, 3333, 1
0, 5022, 73, 98, 82, 1645136, 1462936, 0.3, 50, 200, 7, 34, 3333, 1
0, 4738, 72, 91, 78, 1561354, 1383436, 0.3, 50, 200, 7, 35, 3333, 1
0, 4948, 72, 91, 83, 1594086, 1393320, 0.3, 50, 200, 7, 33, 3333, 1
0, 4306, 76, 91, 81, 1498123, 1329352, 0.3, 50, 200, 7, 29, 3333, 1
0, 4506, 80, 103, 90, 1541931, 1380535, 0.3, 50, 200, 7, 31, 3333, 1
0, 4967, 74, 85, 84, 1670309, 1479222, 0.3, 50, 200, 7, 36, 3333, 1
0, 4804, 64, 78, 68, 1577511, 1363008, 0.3, 50, 200, 7, 32, 3333, 1
1, 4055, 73, 74, 74, 1403544, 1391442, 0.3, 50, 200, 7, 26, 3333, 1
0, 4376, 66, 89, 71, 1495249, 1294382, 0.3, 50, 200, 7, 30, 3333, 1
0, 4954, 71, 89, 85, 1555946, 1348326, 0.3, 50, 200, 7, 35, 3333, 1
0, 4665, 65, 82, 78, 1484638, 1289571, 0.3, 50, 200, 7, 33, 3333, 1
0, 4565, 69, 82, 75, 1515405, 1331577, 0.3, 50, 200, 7, 33, 3333, 1
0, 5271, 78, 95, 87, 1639451, 1479453, 0.3, 50, 200, 7, 37, 3333, 1
0, 4434, 78, 91, 87, 1340336, 1204897, 0.3, 50, 200, 7, 32, 3333, 1
0, 4333, 74, 77, 75, 1580615, 1369624, 0.3, 50, 200, 7, 30, 3333, 1
0, 5288, 61, 88, 78, 1622437, 1374301, 0.3, 50, 200, 7, 37, 3333, 1
0, 4190, 78, 92, 85, 1449109, 1301708, 0.3, 50, 200, 7, 29, 3333, 1
0, 4495, 73, 87, 82, 1625535, 1424378, 0.3, 50, 200, 7, 31, 3333, 1
0, 4961, 72, 86, 77, 1610344, 1411598, 0.3, 50, 200, 7, 37, 3333, 1
0, 4711, 82, 98, 87, 1607991, 1448671, 0.3, 50, 200, 7, 30, 3333, 1
1, 3404, 67, 68, 68, 1157477, 1099631, 0.3, 50, 200, 7, 24, 3333, 1
0, 4698, 70, 88, 77, 1447564, 1272789, 0.3, 50, 200, 7, 34, 3333, 1
0, 4613, 74, 88, 80, 1536165, 1334972, 0.3, 50, 200, 7, 36, 3333, 1
0, 5036, 58, 93, 70, 1634502, 1402661, 0.3, 50, 200, 7, 35, 3333, 1
0, 5537, 67, 81, 76, 1813794, 1576975, 0.3, 50, 200, 7, 39, 3333, 1
0, 4850, 59, 82, 76, 1503872, 1285991, 0.3, 50, 200, 7, 32, 3333, 1
0, 4852, 73, 97, 90, 1643263, 1429468, 0.3, 50, 200, 7, 35, 3333, 1
0, 4147, 82, 95, 89, 1400300, 1246293, 0.3, 50, 200, 7, 29, 3333, 1
1, 3428, 64, 65, 65, 1242904, 1220218, 0.3, 50, 200, 7, 23, 3333, 1
1, 3598, 75, 76, 77, 1288748, 1303566, 0.3, 50, 200, 7, 26, 3333, 1
0, 4771, 74, 94, 82, 1622269, 1434345, 0.3, 50, 200, 7, 34, 3333, 1
0, 5009, 57, 75, 67, 1609476, 1371229, 0.3, 50, 200, 7, 31, 3333, 1
0, 4898, 78, 95, 84, 1649805, 1492783, 0.3, 50, 200, 7, 32, 3333, 1
0, 4271, 77, 89, 82, 1434857, 1281394, 0.3, 50, 200, 7, 26, 3333, 1
0, 4674, 67, 81, 79, 1529062, 1329098, 0.3, 50, 200, 7, 30, 3333, 1
1, 3599, 69, 70, 70, 1222325, 1207287, 0.3, 50, 200, 7, 26, 3333, 1
1, 3618, 66, 68, 69, 1267673, 1277290, 0.3, 50, 200, 7, 24, 3333, 1
1, 3553, 65, 66, 68, 1130570, 1132055, 0.3, 50, 200, 7, 22, 3333, 1
0, 4242, 68, 85, 74, 1357316, 1187937, 0.3, 50, 200, 7, 31, 3333, 1
0, 4476, 65, 82, 70, 1474524, 1293256, 0.3, 50, 200, 7, 31, 3333, 1
0, 4732, 70, 86, 75, 1533781, 1361514, 0.3, 50, 200, 7, 34, 3333, 1
0, 5177, 67, 86, 74, 1725929, 1500242, 0.3, 50, 200, 7, 37, 3333, 1
0, 4194, 77, 89, 85, 1336028, 1193271, 0.3, 50, 200, 7, 32, 3333, 1
0, 4197, 78, 84, 82, 1484580, 1306804, 0.3, 50, 200, 7, 29, 3333, 1
0, 4784, 71, 91, 79, 1461553, 1267547, 0.3, 50, 200, 7, 36, 3333, 1
0, 4945, 70, 91, 88, 1615165, 1418976, 0.3, 50, 200, 7, 35, 3333, 1
0, 4789, 76, 88, 78, 1518986, 1343024, 0.3, 50, 200, 7, 35, 3333, 1
0, 4883, 67, 84, 80, 1522644, 1289679, 0.3, 50, 200, 7, 39, 3333, 1
0, 4886, 59, 81, 66, 1589723, 1346780, 0.3, 50, 200, 7, 32, 3333, 1
1, 3426, 74, 75, 75, 1139791, 1129137, 0.3, 50, 200, 7, 24, 3333, 1
0, 4535, 74, 91, 85, 1516615, 1352406, 0.3, 50, 200, 7, 33, 3333, 1
1, 3624, 58, 59, 59, 1259204, 1249005, 0.3, 50, 200, 7, 21, 3333, 1
0, 4750, 69, 93, 81, 1370852, 1215414, 0.3, 50, 200, 7, 34, 3333, 1
0, 5125, 68, 91, 81, 1646681, 1428360, 0.3, 50, 200, 7, 37, 3333, 1
0, 4477, 69, 79, 75, 1479102, 1284297, 0.3, 50, 200, 7, 31, 3333, 1
1, 3775, 67, 68, 68, 1201755, 1196907, 0.3, 50, 200, 7, 26, 3333, 1
1, 3441, 75, 76, 76, 1129888, 1111836, 0.3, 50, 200, 7, 23, 3333, 1
1, 3616, 74, 75, 75, 1159058, 1140526, 0.3, 50, 200, 7, 25, 3333, 1
0, 4788, 74, 92, 83, 1674896, 1491310, 0.3, 50, 200, 7, 32, 3333, 1
1, 3657, 48, 49, 49, 1141867, 1141867, 0.3, 50, 200, 7, 24, 3333, 1
0, 4693, 79, 97, 83, 1575982, 1380174, 0.3, 50, 200, 7, 34, 3333, 1
0, 5115, 68, 91, 89, 1541271, 1332184, 0.3, 50, 200, 7, 39, 3333, 1
1, 3434, 62, 63, 63, 1240433, 1231830, 0.3, 50, 200, 7, 24, 3333, 1
0, 4220, 80, 93, 83, 1418298, 1249060, 0.3, 50, 200, 7, 33, 3333, 1
0, 4436, 69, 86, 78, 1465968, 1270087, 0.3, 50, 200, 7, 31, 3333, 1
0, 3978, 78, 87, 83, 1439494, 1295059, 0.3, 50, 200, 7, 30, 3333, 1
0, 4855, 65, 79, 67, 1538465, 1325995, 0.3, 50, 200, 7, 31, 3333, 1
0, 4309, 64, 77, 66, 1423016, 1216279, 0.3, 50, 200, 7, 31, 3333, 1
0, 5018, 71, 94, 82, 1591972, 1391890, 0.3, 50, 200, 7, 35, 3333, 1
1, 3466, 65, 66, 67, 1188996, 1192842, 0.3, 50, 200, 7, 25, 3333, 1
1, 4005, 63, 69, 64, 1376409, 1315788, 0.3, 50, 200, 7, 26, 3333, 1
0, 4379, 68, 80, 76, 1350412, 1169599, 0.3, 50, 200, 7, 33, 3333, 1
0, 4314, 73, 84, 74, 1442889, 1229747, 0.3, 50, 200, 7, 31, 3333, 1
0, 5304, 64, 91, 83, 1737667, 1517004, 0.3, 50, 200, 7, 40, 3333, 1
1, 3376, 57, 58, 58, 1143154, 1094547, 0.3, 50, 200, 7, 22, 3333, 1
0, 4602, 63, 89, 70, 1489849, 1289056, 0.3, 50, 200, 7, 34, 3333, 1
1, 3753, 69, 70, 70, 1115649, 1114328, 0.3, 50, 200, 6, 19, 3333, 1
0, 4292, 76, 90, 79, 1230779, 1073772, 0.3, 50, 200, 6, 24, 3333, 1
1, 3443, 76, 77, 77, 1039743, 982281, 0.3, 50, 200, 6, 19, 3333, 1
0, 4923, 51, 76, 62, 1601035, 1324916, 0.3, 50, 200, 7, 36, 3333, 1
1, 3451, 80, 81, 81, 1043928, 1031212, 0.3, 50, 200, 6, 20, 3333, 1
0, 5028, 61, 79, 75, 1534433, 1333582, 0.3, 50, 200, 6, 29, 3333, 1
0, 4197, 87, 99, 97, 1217015, 1098337, 0.3, 50, 200, 6, 23, 3333, 1
0, 5449, 65, 92, 84, 1675897, 1443672, 0.3, 50, 200, 7, 38, 3333, 1
0, 4466, 60, 77, 68, 1241999, 1050380, 0.3, 50, 200, 6, 26, 3333, 1
0, 4903, 59, 82, 68, 1358828, 1163259, 0.3, 50, 200, 6, 30, 3333, 1
0, 4736, 70, 88, 79, 1304670, 1138523, 0.3, 50, 200, 6, 25, 3333, 1
1, 3453, 66, 67, 67, 950851, 939955, 0.3, 50, 200, 6, 19, 3333, 1
1, 3488, 68, 69, 69, 1036132, 1028882, 0.3, 50, 200, 6, 20, 3333, 1
0, 4500, 65, 87, 71, 1330152, 1146610, 0.3, 50, 200, 6, 25, 3333, 1
0, 5795, 66, 91, 79, 1564365, 1368208, 0.3, 50, 200, 6, 30, 3333, 1
1, 3432, 66, 67, 67, 976452, 947540, 0.3, 50, 200, 6, 19, 3333, 1
0, 4596, 78, 94, 85, 1376303, 1217111, 0.3, 50, 200, 6, 28, 3333, 1
0, 4495, 72, 88, 73, 1285453, 1109802, 0.3, 50, 200, 6, 28, 3333, 1
1, 3393, 71, 72, 73, 937643, 940257, 0.3, 50, 200, 6, 19, 3333, 1
0, 4868, 65, 87, 76, 1389838, 1212423, 0.3, 50, 200, 6, 28, 3333, 1
0, 4627, 61, 87, 65, 1251018, 1065898, 0.3, 50, 200, 6, 29, 3333, 1
1, 3731, 66, 69, 68, 1040048, 1020589, 0.3, 50, 200, 6, 21, 3333, 1
0, 4528, 64, 82, 71, 1329938, 1137766, 0.3, 50, 200, 6, 26, 3333, 1
0, 4271, 84, 90, 87, 1183012, 1058803, 0.3, 50, 200, 6, 25, 3333, 1
0, 4715, 63, 85, 78, 1303804, 1132110, 0.3, 50, 200, 6, 28, 3333, 1
0, 4918, 72, 101, 82, 1270693, 1108667, 0.3, 50, 200, 6, 29, 3333, 1
0, 4259, 88, 96, 89, 1284752, 1114597, 0.3, 50, 200, 6, 25, 3333, 1
1, 3407, 56, 57, 58, 1078791, 1080143, 0.3, 50, 200, 6, 19, 3333, 1
0, 4424, 66, 81, 76, 1239835, 1090309, 0.3, 50, 200, 6, 26, 3333, 1
0, 4614, 70, 87, 76, 1170242, 1033839, 0.3, 50, 200, 6, 28, 3333, 1
0, 5061, 67, 96, 79, 1315571, 1142197, 0.3, 50, 200, 6, 28, 3333, 1
0, 4196, 69, 87, 75, 1230845, 1073195, 0.3, 50, 200, 6, 25, 3333, 1
1, 3433, 74, 75, 76, 970372, 972652, 0.3, 50, 200, 6, 19, 3333, 1
0, 4356, 66, 85, 71, 1134297, 1005313, 0.3, 50, 200, 6, 23, 3333, 1
0, 5276, 64, 80, 72, 1442191, 1254148, 0.3, 50, 200, 6, 30, 3333, 1
1, 3485, 73, 74, 74, 1044638, 1037419, 0.3, 50, 200, 6, 18, 3333, 1
0, 4532, 73, 90, 81, 1283722, 1126135, 0.3, 50, 200, 6, 27, 3333, 1
1, 3431, 56, 57, 57, 947605, 929969, 0.3, 50, 200, 6, 17, 3333, 1
0, 4323, 87, 96, 89, 1278261, 1152188, 0.3, 50, 200, 6, 27, 3333, 1
0, 4607, 68, 88, 75, 1375743, 1212614, 0.3, 50, 200, 6, 25, 3333, 1
0, 4885, 78, 93, 87, 1353235, 1185743, 0.3, 50, 200, 6, 28, 3333, 1
0, 4702, 69, 83, 74, 1294064, 1122133, 0.3, 50, 200, 6, 26, 3333, 1
0, 4517, 87, 100, 90, 1246076, 1125439, 0.3, 50, 200, 6, 27, 3333, 1
0, 4495, 70, 81, 75, 1349026, 1197010, 0.3, 50, 200, 6, 26, 3333, 1
1, 3606, 70, 71, 71, 976792, 973764, 0.3, 50, 200, 6, 20, 3333, 1
0, 4228, 72, 89, 78, 1223286, 1073955, 0.3, 50, 200, 6, 23, 3333, 1
1, 3556, 62, 63, 63, 1060192, 1035014, 0.3, 50, 200, 6, 19, 3333, 1
0, 4519, 66, 85, 73, 1271554, 1109360, 0.3, 50, 200, 6, 26, 3333, 1
0, 4238, 66, 86, 67, 1295257, 1103791, 0.3, 50, 200, 6, 26, 3333, 1
1, 3727, 73, 74, 74, 1062307, 1024281, 0.3, 50, 200, 6, 23, 3333, 1
0, 4362, 75, 83, 82, 1303741, 1169246, 0.3, 50, 200, 6, 26, 3333, 1
0, 4386, 77, 88, 80, 1289444, 1154813, 0.3, 50, 200, 6, 26, 3333, 1
1, 3403, 61, 62, 62, 1065734, 1023781, 0.3, 50, 200, 6, 21, 3333, 1
0, 4086, 76, 89, 80, 1196380, 1069979, 0.3, 50, 200, 6, 23, 3333, 1
0, 4759, 59, 81, 71, 1334392, 1145022, 0.3, 50, 200, 6, 29, 3333, 1
0, 4868, 62, 91, 74, 1270763, 1090464, 0.3, 50, 200, 6, 27, 3333, 1
1, 3667, 81, 82, 82, 1163268, 1149140, 0.3, 50, 200, 6, 21, 3333, 1
0, 4612, 68, 84, 77, 1186532, 1059559, 0.3, 50, 200, 6, 28, 3333, 1
0, 5151, 66, 95, 83, 1513504, 1290215, 0.3, 50, 200, 6, 29, 3333, 1
0, 4708, 72, 91, 78, 1304122, 1146601, 0.3, 50, 200, 6, 28, 3333, 1
0, 4965, 79, 98, 89, 1327796, 1187128, 0.3, 50, 200, 6, 28, 3333, 1
0, 4869, 66, 89, 76, 1316660, 1150747, 0.3, 50, 200, 6, 27, 3333, 1
0, 5478, 77, 95, 93, 1463284, 1314020, 0.3, 50, 200, 6, 33, 3333, 1
0, 4779, 67, 85, 77, 1439591, 1270044, 0.3, 50, 200, 6, 27, 3333, 1
0, 4468, 75, 90, 81, 1311166, 1160508, 0.3, 50, 200, 6, 26, 3333, 1
0, 4810, 66, 81, 76, 1283868, 1134680, 0.3, 50, 200, 6, 29, 3333, 1
0, 4771, 74, 91, 79, 1311824, 1157049, 0.3, 50, 200, 6, 25, 3333, 1
1, 3730, 64, 65, 65, 1163602, 1135036, 0.3, 50, 200, 6, 20, 3333, 1
0, 4154, 77, 84, 80, 1210044, 1082999, 0.3, 50, 200, 6, 24, 3333, 1
0, 4178, 71, 89, 74, 1200121, 1045856, 0.3, 50, 200, 6, 23, 3333, 1
1, 3507, 59, 60, 60, 1040159, 1015992, 0.3, 50, 200, 6, 21, 3333, 1
0, 5191, 77, 97, 88, 1475815, 1304453, 0.3, 50, 200, 6, 30, 3333, 1
1, 3475, 73, 74, 74, 1051707, 1048020, 0.3, 50, 200, 6, 19, 3333, 1
1, 3587, 68, 69, 69, 1133351, 1100115, 0.3, 50, 200, 6, 20, 3333, 1
0, 5041, 62, 87, 78, 1240917, 1028413, 0.3, 50, 200, 6, 33, 3333, 1
1, 3414, 60, 61, 62, 958070, 960496, 0.3, 50, 200, 6, 19, 3333, 1
0, 5265, 71, 87, 80, 1499559, 1311501, 0.3, 50, 200, 6, 32, 3333, 1
1, 3542, 64, 65, 65, 1065443, 1064731, 0.3, 50, 200, 6, 20, 3333, 1
0, 4862, 70, 84, 79, 1383281, 1218909, 0.3, 50, 200, 6, 27, 3333, 1
0, 4791, 67, 86, 78, 1276455, 1068803, 0.3, 50, 200, 6, 29, 3333, 1
1, 3390, 65, 66, 66, 1095963, 1079897, 0.3, 50, 200, 6, 18, 3333, 1
1, 3549, 70, 71, 74, 1034805, 1037092, 0.3, 50, 200, 6, 19, 3333, 1
0, 5143, 69, 88, 82, 1400381, 1236679, 0.3, 50, 200, 6, 32, 3333, 1
0, 5064, 73, 87, 88, 1365214, 1218914, 0.3, 50, 200, 6, 30, 3333, 1
0, 5042, 64, 88, 76, 1304630, 1139281, 0.3, 50, 200, 6, 32, 3333, 1
0, 4633, 72, 95, 84, 1296493, 1142016, 0.3, 50, 200, 6, 27, 3333, 1
0, 4722, 79, 100, 89, 1296481, 1130005, 0.3, 50, 200, 6, 27, 3333, 1
1, 4201, 72, 73, 73, 1240687, 1237677, 0.3, 50, 200, 6, 24, 3333, 1
1, 3660, 70, 72, 72, 1067273, 1035477, 0.3, 50, 200, 6, 19, 3333, 1
1, 3389, 71, 73, 74, 944683, 947562, 0.3, 50, 200, 6, 18, 3333, 1
0, 4942, 58, 92, 77, 1259933, 1083764, 0.3, 50, 200, 6, 30, 3333, 1
0, 4900, 65, 83, 75, 1250678, 1083728, 0.3, 50, 200, 6, 28, 3333, 1
0, 4138, 71, 85, 75, 1161521, 1018434, 0.3, 50, 200, 6, 23, 3333, 1
1, 3421, 68, 69, 69, 1064737, 1032953, 0.3, 50, 200, 6, 18, 3333, 1
0, 4466, 77, 93, 82, 1245800, 1106232, 0.3, 50, 200, 6, 28, 3333, 1
0, 4421, 72, 86, 73, 1307914, 1144195, 0.3, 50, 200, 6, 25, 3333, 1
0, 4841, 74, 95, 83, 1314325, 1172575, 0.3, 50, 200, 6, 29, 3333, 1
1, 3434, 66, 67, 67, 851249, 840039, 0.3, 50, 200, 5, 14, 3333, 1
0, 4957, 69, 89, 82, 1361684, 1195270, 0.3, 50, 200, 6, 29, 3333, 1
1, 3469, 67, 68, 69, 1069278, 1071609, 0.3, 50, 200, 6, 19, 3333, 1
0, 5022, 80, 93, 89, 1450294, 1304877, 0.3, 50, 200, 6, 30, 3333, 1
1, 3598, 74, 75, 76, 824126, 821405, 0.3, 50, 200, 5, 15, 3333, 1
0, 3899, 76, 80, 81, 1101484, 978263, 0.3, 50, 200, 6, 21, 3333, 1
0, 4545, 69, 85, 82, 1225415, 1064292, 0.3, 50, 200, 6, 25, 3333, 1
1, 3566, 68, 69, 70, 963962, 964222, 0.3, 50, 200, 5, 15, 3333, 1
0, 4274, 80, 97, 86, 992594, 882116, 0.3, 50, 200, 5, 19, 3333, 1
1, 3793, 53, 55, 57, 848585, 830904, 0.3, 50, 200, 5, 17, 3333, 1
0, 4838, 65, 81, 77, 1010376, 894075, 0.3, 50, 200, 5, 22, 3333, 1
0, 4799, 69, 93, 81, 947433, 837949, 0.3, 50, 200, 5, 21, 3333, 1
1, 3455, 58, 59, 60, 758185, 760444, 0.3, 50, 200, 5, 14, 3333, 1
0, 5262, 69, 96, 90, 1040676, 911758, 0.3, 50, 200, 5, 25, 3333, 1
1, 3388, 63, 64, 64, 832497, 832497, 0.3, 50, 200, 5, 13, 3333, 1
1, 3602, 82, 85, 84, 842069, 839614, 0.3, 50, 200, 5, 14, 3333, 1
0, 4508, 67, 84, 73, 1043469, 912393, 0.3, 50, 200, 5, 21, 3333, 1
0, 4167, 73, 90, 79, 1029392, 920936, 0.3, 50, 200, 5, 17, 3333, 1
0, 4388, 71, 83, 74, 1139610, 1001215, 0.3, 50, 200, 5, 18, 3333, 1
1, 3471, 55, 56, 56, 961185, 944404, 0.3, 50, 200, 5, 14, 3333, 1
0, 4304, 78, 90, 83, 1109793, 991732, 0.3, 50, 200, 5, 18, 3333, 1
0, 5035, 75, 91, 87, 1195689, 1056900, 0.3, 50, 200, 5, 23, 3333, 1
0, 4100, 74, 88, 80, 950974, 827846, 0.3, 50, 200, 5, 18, 3333, 1
1, 3426, 71, 72, 73, 774807, 772641, 0.3, 50, 200, 5, 14, 3333, 1
0, 5348, 63, 84, 78, 1150989, 1006136, 0.3, 50, 200, 5, 25, 3333, 1
0, 5086, 60, 83, 69, 1006421, 866125, 0.3, 50, 200, 5, 23, 3333, 1
1, 3712, 71, 72, 72, 879683, 868514, 0.3, 50, 200, 5, 14, 3333, 1
0, 4829, 72, 93, 81, 1078980, 952355, 0.3, 50, 200, 5, 21, 3333, 1
0, 4786, 66, 85, 74, 1007459, 870914, 0.3, 50, 200, 5, 21, 3333, 1
0, 4458, 65, 83, 71, 993210, 857359, 0.3, 50, 200, 5, 20, 3333, 1
0, 4562, 69, 95, 75, 1093970, 958547, 0.3, 50, 200, 5, 20, 3333, 1
0, 4347, 72, 89, 77, 1087713, 970392, 0.3, 50, 200, 5, 19, 3333, 1
0, 5299, 75, 94, 86, 1304071, 1168412, 0.3, 50, 200, 5, 24, 3333, 1
0, 4383, 60, 80, 69, 984323, 847125, 0.3, 50, 200, 5, 17, 3333, 1
0, 4936, 70, 87, 82, 1115173, 949903, 0.3, 50, 200, 5, 22, 3333, 1
0, 4533, 64, 86, 70, 1024132, 872824, 0.3, 50, 200, 5, 20, 3333, 1
0, 4379, 83, 98, 89, 1133657, 1017937, 0.3, 50, 200, 5, 20, 3333, 1
1, 3402, 55, 56, 57, 847397, 844424, 0.3, 50, 200, 5, 13, 3333, 1
0, 4940, 73, 92, 81, 1208025, 1065201, 0.3, 50, 200, 5, 22, 3333, 1
0, 4462, 72, 84, 80, 1054068, 931281, 0.3, 50, 200, 5, 20, 3333, 1
1, 3555, 60, 61, 61, 843595, 826648, 0.3, 50, 200, 5, 13, 3333, 1
0, 4812, 67, 77, 71, 1177646, 1009682, 0.3, 50, 200, 5, 22, 3333, 1
1, 3553, 61, 65, 64, 875020, 862434, 0.3, 50, 200, 5, 15, 3333, 1
0, 5479, 80, 108, 99, 1192246, 1065245, 0.3, 50, 200, 5, 23, 3333, 1
0, 4428, 71, 94, 78, 1066830, 938520, 0.3, 50, 200, 5, 17, 3333, 1
0, 4149, 80, 91, 82, 1051942, 931878, 0.3, 50, 200, 5, 17, 3333, 1
0, 4476, 67, 78, 77, 1022510, 893758, 0.3, 50, 200, 5, 20, 3333, 1
1, 3767, 71, 72, 72, 914094, 885812, 0.3, 50, 200, 5, 17, 3333, 1
0, 5036, 67, 86, 71, 1268441, 1109087, 0.3, 50, 200, 5, 20, 3333, 1
1, 3466, 63, 65, 64, 830957, 806442, 0.3, 50, 200, 5, 14, 3333, 1
0, 4617, 74, 93, 80, 1092924, 964213, 0.3, 50, 200, 5, 20, 3333, 1
0, 4626, 75, 94, 79, 1128595, 1000273, 0.3, 50, 200, 5, 21, 3333, 1
0, 4797, 64, 84, 70, 1030885, 887972, 0.3, 50, 200, 5, 22, 3333, 1
0, 3785, 74, 80, 75, 994143, 877144, 0.3, 50, 200, 5, 17, 3333, 1
1, 3607, 62, 65, 64, 877184, 870062, 0.3, 50, 200, 5, 15, 3333, 1
0, 5105, 65, 85, 75, 1243453, 1077876, 0.3, 50, 200, 5, 22, 3333, 1
0, 4805, 71, 88, 80, 1127193, 993163, 0.3, 50, 200, 5, 21, 3333, 1
0, 4346, 67, 78, 72, 985173, 864827, 0.3, 50, 200, 5, 19, 3333, 1
1, 3582, 74, 75, 76, 907033, 909154, 0.3, 50, 200, 5, 16, 3333, 1
0, 4250, 76, 87, 79, 976788, 854855, 0.3, 50, 200, 5, 20, 3333, 1
0, 4418, 78, 95, 94, 1043483, 928396, 0.3, 50, 200, 5, 20, 3333, 1
0, 4355, 71, 88, 80, 975253, 859812, 0.3, 50, 200, 5, 20, 3333, 1
0, 4617, 64, 83, 72, 1202767, 1021637, 0.3, 50, 200, 5, 23, 3333, 1
0, 4815, 77, 89, 87, 1068806, 949844, 0.3, 50, 200, 5, 23, 3333, 1
1, 3617, 67, 68, 69, 910344, 911353, 0.3, 50, 200, 5, 16, 3333, 1
0, 4144, 66, 80, 69, 1002539, 866207, 0.3, 50, 200, 5, 20, 3333, 1
1, 3580, 61, 62, 63, 865013, 870975, 0.3, 50, 200, 5, 16, 3333, 1
0, 4534, 87, 101, 94, 1092105, 981896, 0.3, 50, 200, 5, 22, 3333, 1
0, 4447, 72, 80, 78, 1174285, 1044006, 0.3, 50, 200, 5, 21, 3333, 1
1, 3939, 74, 75, 76, 991013, 993708, 0.3, 50, 200, 5, 17, 3333, 1
0, 4422, 74, 87, 78, 1211579, 1074291, 0.3, 50, 200, 5, 20, 3333, 1
0, 4833, 75, 90, 83, 1060467, 947039, 0.3, 50, 200, 5, 23, 3333, 1
0, 4329, 86, 94, 90, 1020071, 917023, 0.3, 50, 200, 5, 20, 3333, 1
1, 3470, 68, 69, 72, 820149, 828848, 0.3, 50, 200, 5, 14, 3333, 1
0, 4534, 67, 82, 75, 940960, 830123, 0.3, 50, 200, 5, 20, 3333, 1
0, 4806, 74, 86, 80, 1084212, 956814, 0.3, 50, 200, 5, 21, 3333, 1
0, 4070, 75, 84, 78, 1036576, 919313, 0.3, 50, 200, 5, 19, 3333, 1
0, 4614, 73, 89, 80, 1078929, 948469, 0.3, 50, 200, 5, 22, 3333, 1
1, 3579, 77, 78, 81, 920274, 926568, 0.3, 50, 200, 5, 16, 3333, 1
1, 3552, 65, 66, 66, 925266, 901036, 0.3, 50, 200, 5, 15, 3333, 1
0, 4754, 60, 83, 66, 1181616, 1000242, 0.3, 50, 200, 5, 22, 3333, 1
1, 3358, 62, 63, 63, 937599, 926298, 0.3, 50, 200, 5, 15, 3333, 1
1, 3602, 56, 57, 58, 810556, 812949, 0.3, 50, 200, 5, 15, 3333, 1
0, 4791, 65, 94, 76, 1118387, 983704, 0.3, 50, 200, 5, 21, 3333, 1
0, 4797, 67, 93, 75, 1122113, 956733, 0.3, 50, 200, 5, 21, 3333, 1
1, 3447, 62, 63, 63, 832150, 795765, 0.3, 50, 200, 5, 15, 3333, 1
0, 4888, 60, 79, 69, 1209073, 1011777, 0.3, 50, 200, 5, 21, 3333, 1
0, 4931, 68, 87, 84, 1137810, 999134, 0.3, 50, 200, 5, 22, 3333, 1
1, 3517, 70, 71, 71, 863823, 848328, 0.3, 50, 200, 5, 15, 3333, 1
1, 3542, 73, 75, 75, 777206, 773991, 0.3, 50, 200, 5, 15, 3333, 1
1, 3681, 72, 73, 73, 874666, 844511, 0.3, 50, 200, 5, 16, 3333, 1
1, 3397, 74, 75, 75, 802553, 800248, 0.3, 50, 200, 5, 14, 3333, 1
0, 4360, 67, 90, 69, 1180818, 1017580, 0.3, 50, 200, 5, 18, 3333, 1
1, 3751, 71, 72, 73, 835673, 841568, 0.3, 50, 200, 5, 15, 3333, 1
0, 5180, 61, 81, 79, 1178184, 1021413, 0.3, 50, 200, 5, 23, 3333, 1
0, 4324, 71, 85, 78, 1166113, 1034358, 0.3, 50, 200, 5, 18, 3333, 1
0, 4984, 59, 82, 71, 1156602, 996339, 0.3, 50, 200, 5, 22, 3333, 1
0, 4341, 74, 86, 79, 1119027, 986478, 0.3, 50, 200, 5, 19, 3333, 1
0, 5158, 82, 102, 90, 1182248, 1071604, 0.3, 50, 200, 5, 28, 3333, 1
1, 3580, 57, 58, 59, 928162, 931080, 0.3, 50, 200, 5, 14, 3333, 1
0, 5068, 63, 86, 73, 1173706, 1021427, 0.3, 50, 200, 5, 22, 3333, 1
0, 4993, 74, 91, 83, 1146073, 1024408, 0.3, 50, 200, 5, 21, 3333, 1
1, 3356, 66, 67, 67, 844922, 825892, 0.3, 50, 200, 5, 14, 3333, 1
1, 3551, 65, 66, 66, 711582, 702766, 0.3, 50, 200, 4, 11, 3333, 1
0, 4279, 72, 81, 79, 908166, 794594, 0.3, 50, 200, 4, 13, 3333, 1
1, 3627, 74, 75, 78, 887431, 889999, 0.3, 50, 200, 5, 15, 3333, 1
0, 4705, 73, 107, 90, 843000, 751340, 0.3, 50, 200, 4, 14, 3333, 1
0, 4297, 66, 78, 72, 841261, 734500, 0.3, 50, 200, 4, 14, 3333, 1
0, 4891, 73, 92, 86, 1119627, 989793, 0.3, 50, 200, 5, 22, 3333, 1
0, 5252, 63, 84, 72, 923849, 804136, 0.3, 50, 200, 4, 16, 3333, 1
0, 4126, 76, 88, 80, 806571, 702695, 0.3, 50, 200, 4, 12, 3333, 1
1, 3684, 76, 78, 80, 771110, 762492, 0.3, 50, 200, 4, 10, 3333, 1
1, 3513, 75, 76, 76, 627286, 620168, 0.3, 50, 200, 4, 11, 3333, 1
1, 3489, 74, 77, 78, 714923, 719823, 0.3, 50, 200, 4, 11, 3333, 1
0, 4930, 74, 97, 87, 907122, 808104, 0.3, 50, 200, 4, 16, 3333, 1
1, 3575, 68, 70, 69, 655718, 648917, 0.3, 50, 200, 4, 10, 3333, 1
0, 5153, 62, 84, 73, 892311, 772799, 0.3, 50, 200, 4, 17, 3333, 1
0, 4974, 66, 89, 79, 984882, 859858, 0.3, 50, 200, 4, 17, 3333, 1
0, 4038, 79, 86, 82, 777485, 697597, 0.3, 50, 200, 4, 13, 3333, 1
0, 4932, 83, 109, 99, 884950, 792376, 0.3, 50, 200, 4, 17, 3333, 1
0, 4373, 59, 73, 64, 808223, 689035, 0.3, 50, 200, 4, 15, 3333, 1
0, 4367, 72, 92, 81, 802576, 705746, 0.3, 50, 200, 4, 13, 3333, 1
1, 3498, 63, 64, 64, 684865, 665035, 0.3, 50, 200, 4, 10, 3333, 1
0, 4828, 70, 85, 81, 886349, 764709, 0.3, 50, 200, 4, 15, 3333, 1
1, 3587, 64, 65, 65, 712981, 699829, 0.3, 50, 200, 4, 10, 3333, 1
0, 5472, 78, 101, 85, 1050293, 936391, 0.3, 50, 200, 4, 15, 3333, 1
0, 4557, 81, 96, 92, 889790, 777143, 0.3, 50, 200, 4, 16, 3333, 1
1, 3527, 66, 67, 69, 714068, 712600, 0.3, 50, 200, 4, 11, 3333, 1
1, 3723, 79, 80, 81, 769786, 772171, 0.3, 50, 200, 4, 11, 3333, 1
0, 4249, 71, 81, 78, 808100, 709930, 0.3, 50, 200, 4, 13, 3333, 1
1, 3646, 67, 69, 68, 702942, 683744, 0.3, 50, 200, 4, 12, 3333, 1
1, 3372, 62, 63, 63, 618278, 609520, 0.3, 50, 200, 4, 12, 3333, 1
1, 3539, 74, 75, 76, 730502, 732944, 0.3, 50, 200, 4, 14, 3333, 1
0, 4942, 67, 83, 72, 915935, 802399, 0.3, 50, 200, 4, 15, 3333, 1
0, 4874, 55, 74, 64, 892091, 734902, 0.3, 50, 200, 4, 16, 3333, 1
0, 4217, 78, 82, 79, 820393, 739689, 0.3, 50, 200, 4, 13, 3333, 1
1, 3499, 63, 64, 65, 773963, 776133, 0.3, 50, 200, 4, 12, 3333, 1
0, 4961, 68, 90, 79, 842215, 737731, 0.3, 50, 200, 4, 16, 3333, 1
0, 4347, 69, 85, 78, 866981, 770630, 0.3, 50, 200, 4, 13, 3333, 1
1, 3475, 81, 82, 82, 763158, 752333, 0.3, 50, 200, 4, 11, 3333, 1
0, 4779, 70, 91, 78, 837601, 737297, 0.3, 50, 200, 4, 14, 3333, 1
0, 4636, 78, 92, 89, 888099, 797548, 0.3, 50, 200, 4, 14, 3333, 1
0, 5455, 65, 94, 82, 953589, 842513, 0.3, 50, 200, 4, 20, 3333, 1
0, 4138, 88, 99, 93, 901672, 816028, 0.3, 50, 200, 4, 13, 3333, 1
0, 4892, 72, 92, 82, 915981, 804081, 0.3, 50, 200, 4, 16, 3333, 1
0, 4493, 64, 78, 72, 793955, 686432, 0.3, 50, 200, 4, 15, 3333, 1
0, 4831, 64, 85, 78, 1013015, 881184, 0.3, 50, 200, 4, 16, 3333, 1
0, 4572, 83, 91, 91, 874695, 783721, 0.3, 50, 200, 4, 15, 3333, 1
0, 4145, 77, 93, 84, 791152, 699461, 0.3, 50, 200, 4, 12, 3333, 1
0, 4729, 66, 83, 74, 851954, 740714, 0.3, 50, 200, 4, 17, 3333, 1
1, 3566, 79, 80, 82, 667703, 673324, 0.3, 50, 200, 4, 12, 3333, 1
1, 3379, 66, 67, 68, 726633, 729300, 0.3, 50, 200, 4, 10, 3333, 1
0, 5226, 64, 93, 74, 876085, 761309, 0.3, 50, 200, 4, 17, 3333, 1
1, 3398, 72, 73, 74, 687254, 689882, 0.3, 50, 200, 4, 11, 3333, 1
1, 3580, 69, 70, 71, 667856, 667074, 0.3, 50, 200, 4, 10, 3333, 1
1, 3387, 80, 81, 83, 631739, 636437, 0.3, 50, 200, 4, 12, 3333, 1
1, 3782, 56, 57, 61, 747655, 752889, 0.3, 50, 200, 4, 12, 3333, 1
0, 4131, 66, 85, 71, 821432, 709875, 0.3, 50, 200, 4, 14, 3333, 1
0, 5382, 61, 88, 77, 897098, 775077, 0.3, 50, 200, 4, 19, 3333, 1
1, 3626, 66, 67, 68, 615114, 617088, 0.3, 50, 200, 4, 9, 3333, 1
0, 4623, 71, 87, 76, 796622, 686868, 0.3, 50, 200, 4, 15, 3333, 1
0, 4645, 60, 82, 65, 844670, 723355, 0.3, 50, 200, 4, 14, 3333, 1
1, 3391, 63, 64, 65, 626146, 628353, 0.3, 50, 200, 4, 10, 3333, 1
1, 3366, 66, 67, 67, 735219, 728201, 0.3, 50, 200, 4, 11, 3333, 1
0, 4713, 82, 100, 88, 860352, 768468, 0.3, 50, 200, 4, 15, 3333, 1
0, 4992, 66, 89, 76, 948151, 824861, 0.3, 50, 200, 4, 16, 3333, 1
1, 3828, 80, 81, 81, 761654, 761654, 0.3, 50, 200, 4, 12, 3333, 1
0, 4911, 64, 88, 76, 926239, 787706, 0.3, 50, 200, 4, 16, 3333, 1
0, 4621, 84, 99, 89, 824962, 730233, 0.3, 50, 200, 4, 16, 3333, 1
0, 4365, 80, 90, 87, 774320, 699878, 0.3, 50, 200, 4, 14, 3333, 1
0, 4602, 68, 84, 76, 851766, 750554, 0.3, 50, 200, 4, 15, 3333, 1
1, 3421, 64, 65, 65, 725415, 709378, 0.3, 50, 200, 4, 10, 3333, 1
1, 3598, 82, 83, 84, 704545, 706862, 0.3, 50, 200, 4, 9, 3333, 1
0, 4874, 77, 94, 81, 966410, 857154, 0.3, 50, 200, 4, 16, 3333, 1
1, 4027, 74, 75, 75, 731743, 731743, 0.3, 50, 200, 4, 12, 3333, 1
0, 5176, 59, 87, 75, 829796, 712548, 0.3, 50, 200, 4, 17, 3333, 1
0, 4587, 72, 91, 81, 866704, 770267, 0.3, 50, 200, 4, 13, 3333, 1
0, 4282, 71, 92, 77, 912345, 791781, 0.3, 50, 200, 4, 14, 3333, 1
0, 4330, 78, 83, 80, 809998, 710406, 0.3, 50, 200, 4, 14, 3333, 1
1, 3373, 57, 58, 58, 681654, 676138, 0.3, 50, 200, 4, 11, 3333, 1
1, 3725, 78, 79, 80, 734173, 735675, 0.3, 50, 200, 4, 12, 3333, 1
0, 4611, 57, 75, 66, 866598, 745623, 0.3, 50, 200, 4, 14, 3333, 1
0, 4872, 78, 103, 94, 824940, 736494, 0.3, 50, 200, 4, 18, 3333, 1
0, 5094, 60, 91, 78, 871043, 754189, 0.3, 50, 200, 4, 17, 3333, 1
1, 4009, 73, 74, 74, 879685, 876823, 0.3, 50, 200, 4, 13, 3333, 1
0, 5592, 59, 99, 75, 1104174, 953944, 0.3, 50, 200, 4, 18, 3333, 1
0, 5319, 71, 100, 87, 995233, 876269, 0.3, 50, 200, 4, 17, 3333, 1
1, 3735, 72, 73, 75, 796547, 790425, 0.3, 50, 200, 4, 11, 3333, 1
0, 5361, 65, 90, 79, 956421, 837668, 0.3, 50, 200, 4, 18, 3333, 1
0, 4157, 69, 82, 71, 767036, 666159, 0.3, 50, 200, 4, 14, 3333, 1
1, 3460, 71, 72, 74, 610131, 617372, 0.3, 50, 200, 4, 11, 3333, 1
0, 4743, 51, 74, 57, 887762, 754027, 0.3, 50, 200, 4, 16, 3333, 1
0, 4779, 83, 101, 91, 864601, 765495, 0.3, 50, 200, 4, 15, 3333, 1
0, 4396, 70, 82, 79, 855599, 759765, 0.3, 50, 200, 4, 15, 3333, 1
0, 4486, 77, 93, 82, 779304, 693317, 0.3, 50, 200, 4, 16, 3333, 1
1, 3647, 68, 69, 69, 766909, 764159, 0.3, 50, 200, 4, 11, 3333, 1
1, 3445, 76, 77, 78, 750007, 750853, 0.3, 50, 200, 4, 11, 3333, 1
0, 4639, 74, 89, 83, 889603, 793260, 0.3, 50, 200, 4, 16, 3333, 1
0, 4459, 67, 84, 75, 791627, 683118, 0.3, 50, 200, 4, 14, 3333, 1
0, 4590, 62, 77, 65, 849691, 726753, 0.3, 50, 200, 4, 14, 3333, 1
1, 3782, 64, 66, 67, 797052, 797979, 0.3, 50, 200, 4, 12, 3333, 1
0, 4367, 69, 84, 73, 567773, 495288, 0.3, 50, 200, 3, 10, 3333, 1
0, 5001, 66, 84, 79, 920417, 806055, 0.3, 50, 200, 4, 15, 3333, 1
0, 4938, 69, 94, 79, 994931, 873845, 0.3, 50, 200, 4, 19, 3333, 1
0, 4634, 62, 85, 71, 630788, 552322, 0.3, 50, 200, 3, 12, 3333, 1
0, 5128, 80, 99, 88, 862935, 779532, 0.3, 50, 200, 4, 17, 3333, 1
0, 5921, 76, 108, 110, 777341, 702585, 0.3, 50, 200, 3, 13, 3333, 1
0, 4790, 61, 82, 69, 857879, 742686, 0.3, 50, 200, 4, 15, 3333, 1
0, 4763, 71, 87, 76, 709163, 619145, 0.3, 50, 200, 3, 11, 3333, 1
0, 5314, 66, 103, 85, 681115, 607705, 0.3, 50, 200, 3, 13, 3333, 1
1, 3500, 72, 73, 73, 482519, 479432, 0.3, 50, 200, 3, 8, 3333, 1
1, 3522, 72, 73, 73, 519080, 505361, 0.3, 50, 200, 3, 7, 3333, 1
1, 4089, 78, 79, 80, 639795, 642671, 0.3, 50, 200, 3, 8, 3333, 1
0, 5260, 72, 96, 86, 805404, 713873, 0.3, 50, 200, 3, 11, 3333, 1
0, 5157, 68, 96, 84, 606890, 531081, 0.3, 50, 200, 3, 12, 3333, 1
0, 4324, 77, 92, 81, 582120, 514147, 0.3, 50, 200, 3, 9, 3333, 1
0, 4910, 63, 90, 71, 659724, 571245, 0.3, 50, 200, 3, 10, 3333, 1
0, 4220, 72, 87, 73, 589263, 518517, 0.3, 50, 200, 3, 9, 3333, 1
0, 4611, 70, 86, 79, 632027, 552284, 0.3, 50, 200, 3, 9, 3333, 1
1, 3482, 75, 77, 78, 515773, 518282, 0.3, 50, 200, 3, 8, 3333, 1
1, 3632, 76, 77, 77, 595838, 593103, 0.3, 50, 200, 3, 7, 3333, 1
0, 4512, 74, 93, 85, 592831, 533579, 0.3, 50, 200, 3, 9, 3333, 1
0, 4763, 73, 86, 78, 662721, 575519, 0.3, 50, 200, 3, 11, 3333, 1
0, 5193, 78, 99, 86, 698038, 623713, 0.3, 50, 200, 3, 12, 3333, 1
0, 5046, 72, 83, 74, 658387, 586471, 0.3, 50, 200, 3, 11, 3333, 1
0, 4691, 66, 80, 80, 578719, 502423, 0.3, 50, 200, 3, 10, 3333, 1
1, 3528, 69, 70, 71, 482440, 482690, 0.3, 50, 200, 3, 7, 3333, 1
0, 5295, 58, 79, 68, 626743, 520461, 0.3, 50, 200, 3, 12, 3333, 1
0, 4573, 66, 84, 71, 689228, 591689, 0.3, 50, 200, 3, 10, 3333, 1
1, 3406, 76, 77, 77, 575436, 569811, 0.3, 50, 200, 3, 6, 3333, 1
0, 4613, 75, 90, 84, 618490, 543419, 0.3, 50, 200, 3, 10, 3333, 1
1, 3518, 69, 70, 70, 510723, 506730, 0.3, 50, 200, 3, 8, 3333, 1
0, 4593, 85, 95, 88, 625559, 559509, 0.3, 50, 200, 3, 10, 3333, 1
1, 3464, 74, 75, 75, 534411, 530937, 0.3, 50, 200, 3, 8, 3333, 1
0, 4766, 55, 76, 63, 666616, 558393, 0.3, 50, 200, 3, 10, 3333, 1
1, 3569, 73, 74, 74, 502484, 498005, 0.3, 50, 200, 3, 8, 3333, 1
1, 3621, 66, 67, 69, 538960, 543553, 0.3, 50, 200, 3, 7, 3333, 1
0, 4590, 68, 84, 80, 650271, 568882, 0.3, 50, 200, 3, 10, 3333, 1
0, 4609, 81, 94, 90, 663981, 581750, 0.3, 50, 200, 3, 11, 3333, 1
0, 5077, 72, 97, 85, 716743, 618765, 0.3, 50, 200, 3, 12, 3333, 1
0, 4939, 81, 94, 89, 634798, 566708, 0.3, 50, 200, 3, 13, 3333, 1
1, 3676, 74, 75, 75, 538303, 536957, 0.3, 50, 200, 3, 8, 3333, 1
0, 4313, 71, 88, 76, 600554, 522797, 0.3, 50, 200, 3, 9, 3333, 1
1, 3554, 66, 67, 68, 550533, 553010, 0.3, 50, 200, 3, 7, 3333, 1
0, 4674, 61, 80, 68, 686390, 585333, 0.3, 50, 200, 3, 10, 3333, 1
1, 3677, 66, 71, 70, 499411, 502023, 0.3, 50, 200, 3, 7, 3333, 1
1, 3390, 68, 69, 69, 523620, 523620, 0.3, 50, 200, 3, 6, 3333, 1
1, 3752, 70, 71, 71, 528787, 520711, 0.3, 50, 200, 3, 7, 3333, 1
0, 4167, 76, 85, 80, 589158, 517396, 0.3, 50, 200, 3, 9, 3333, 1
0, 4467, 73, 89, 81, 599744, 524583, 0.3, 50, 200, 3, 10, 3333, 1
0, 4696, 67, 83, 71, 660335, 578881, 0.3, 50, 200, 3, 9, 3333, 1
1, 3413, 66, 68, 68, 506148, 506148, 0.3, 50, 200, 3, 7, 3333, 1
0, 5211, 70, 90, 81, 711828, 635730, 0.3, 50, 200, 3, 12, 3333, 1
1, 3859, 81, 83, 84, 634366, 630923, 0.3, 50, 200, 3, 9, 3333, 1
0, 4143, 62, 80, 66, 540018, 467790, 0.3, 50, 200, 3, 9, 3333, 1
0, 5085, 70, 90, 84, 710368, 631686, 0.3, 50, 200, 3, 10, 3333, 1
0, 4731, 75, 94, 84, 663281, 591514, 0.3, 50, 200, 3, 9, 3333, 1
1, 3479, 68, 70, 72, 535202, 543762, 0.3, 50, 200, 3, 7, 3333, 1
1, 3502, 66, 69, 68, 556859, 555193, 0.3, 50, 200, 3, 7, 3333, 1
1, 3504, 61, 62, 64, 457076, 463214, 0.3, 50, 200, 3, 7, 3333, 1
1, 3666, 69, 70, 71, 572664, 575127, 0.3, 50, 200, 3, 8, 3333, 1
0, 4650, 68, 81, 70, 633755, 544657, 0.3, 50, 200, 3, 10, 3333, 1
0, 4472, 64, 81, 73, 668237, 573877, 0.3, 50, 200, 3, 10, 3333, 1
0, 5176, 70, 95, 81, 706915, 624495, 0.3, 50, 200, 3, 12, 3333, 1
0, 4796, 72, 85, 76, 662463, 581657, 0.3, 50, 200, 3, 11, 3333, 1
1, 3757, 74, 79, 76, 566730, 554778, 0.3, 50, 200, 3, 9, 3333, 1
0, 4777, 65, 81, 72, 719715, 624967, 0.3, 50, 200, 3, 13, 3333, 1
0, 4760, 71, 95, 85, 618780, 541081, 0.3, 50, 200, 3, 12, 3333, 1
1, 3912, 69, 71, 72, 558281, 555027, 0.3, 50, 200, 3, 8, 3333, 1
1, 3786, 72, 73, 73, 543037, 543037, 0.3, 50, 200, 3, 9, 3333, 1
0, 4488, 66, 80, 70, 623255, 546801, 0.3, 50, 200, 3, 10, 3333, 1
1, 3448, 76, 77, 77, 521537, 512876, 0.3, 50, 200, 3, 7, 3333, 1
0, 4735, 67, 86, 76, 664774, 583896, 0.3, 50, 200, 3, 11, 3333, 1
1, 3662, 68, 69, 69, 524200, 515369, 0.3, 50, 200, 3, 8, 3333, 1
0, 5439, 76, 102, 87, 761708, 675346, 0.3, 50, 200, 3, 12, 3333, 1
1, 3481, 59, 60, 61, 527701, 530295, 0.3, 50, 200, 3, 7, 3333, 1
1, 3736, 82, 83, 83, 593671, 586084, 0.3, 50, 200, 3, 8, 3333, 1
1, 3463, 69, 70, 71, 489013, 491560, 0.3, 50, 200, 3, 7, 3333, 1
0, 5383, 72, 95, 90, 689899, 602423, 0.3, 50, 200, 3, 13, 3333, 1
0, 4382, 76, 88, 84, 597656, 530977, 0.3, 50, 200, 3, 10, 3333, 1
1, 3610, 62, 64, 65, 452855, 449763, 0.3, 50, 200, 3, 7, 3333, 1
1, 4219, 85, 86, 86, 651160, 651160, 0.3, 50, 200, 3, 10, 3333, 1
1, 3574, 67, 68, 70, 572742, 572542, 0.3, 50, 200, 3, 8, 3333, 1
0, 4607, 73, 88, 80, 657187, 569587, 0.3, 50, 200, 3, 11, 3333, 1
1, 3475, 79, 80, 80, 585098, 583719, 0.3, 50, 200, 3, 8, 3333, 1
1, 3434, 77, 79, 78, 560144, 552425, 0.3, 50, 200, 3, 7, 3333, 1
0, 4505, 59, 76, 64, 677729, 576513, 0.3, 50, 200, 3, 10, 3333, 1
0, 4706, 63, 77, 72, 673036, 579661, 0.3, 50, 200, 3, 11, 3333, 1
1, 3465, 65, 66, 66, 496184, 493315, 0.3, 50, 200, 3, 7, 3333, 1
0, 5019, 72, 90, 80, 653402, 574147, 0.3, 50, 200, 3, 12, 3333, 1
0, 4865, 72, 95, 88, 634516, 559464, 0.3, 50, 200, 3, 11, 3333, 1
0, 4267, 63, 86, 69, 551023, 478838, 0.3, 50, 200, 3, 10, 3333, 1
0, 4792, 70, 91, 82, 591315, 523363, 0.3, 50, 200, 3, 13, 3333, 1
0, 4585, 57, 86, 70, 564125, 482697, 0.3, 50, 200, 3, 10, 3333, 1
1, 3747, 78, 80, 79, 546101, 540059, 0.3, 50, 200, 3, 8, 3333, 1
1, 3650, 73, 74, 75, 463593, 464674, 0.3, 50, 200, 3, 8, 3333, 1
0, 5011, 68, 88, 82, 611434, 536289, 0.3, 50, 200, 3, 12, 3333, 1
0, 4526, 58, 77, 69, 686348, 584616, 0.3, 50, 200, 3, 11, 3333, 1
1, 3529, 61, 62, 62, 480727, 479224, 0.3, 50, 200, 3, 7, 3333, 1
0, 4907, 74, 89, 84, 615760, 544786, 0.3, 50, 200, 3, 11, 3333, 1
1, 3492, 71, 72, 73, 307511, 307705, 0.3, 50, 200, 2, 4, 3333, 1
0, 3958, 75, 84, 79, 655141, 564685, 0.3, 50, 200, 3, 8, 3333, 1
1, 3468, 62, 64, 64, 525306, 522467, 0.3, 50, 200, 3, 8, 3333, 1
0, 4476, 65, 84, 72, 585558, 518345, 0.3, 50, 200, 3, 10, 3333, 1
0, 4718, 63, 88, 79, 545780, 476299, 0.3, 50, 200, 3, 12, 3333, 1
1, 3565, 70, 71, 72, 373066, 375516, 0.3, 50, 200, 2, 4, 3333, 1
0, 4530, 80, 93, 91, 425667, 380420, 0.3, 50, 200, 2, 6, 3333, 1
0, 4156, 84, 101, 88, 353025, 318041, 0.3, 50, 200, 2, 6, 3333, 1
1, 3546, 73, 75, 74, 326262, 323920, 0.3, 50, 200, 2, 4, 3333, 1
0, 4686, 68, 83, 74, 491523, 427700, 0.3, 50, 200, 2, 8, 3333, 1
0, 4570, 82, 97, 86, 401112, 358444, 0.3, 50, 200, 2, 6, 3333, 1
1, 3603, 64, 65, 67, 307667, 308264, 0.3, 50, 200, 2, 4, 3333, 1
0, 5410, 62, 88, 77, 515296, 449896, 0.3, 50, 200, 2, 7, 3333, 1
0, 5373, 66, 91, 77, 783654, 687735, 0.3, 50, 200, 3, 14, 3333, 1
0, 5064, 48, 69, 56, 466853, 397174, 0.3, 50, 200, 2, 7, 3333, 1
0, 4205, 80, 93, 82, 391849, 350181, 0.3, 50, 200, 2, 6, 3333, 1
1, 3649, 75, 76, 77, 320771, 323259, 0.3, 50, 200, 2, 4, 3333, 1
1, 3608, 81, 82, 83, 355339, 357886, 0.3, 50, 200, 2, 4, 3333, 1
1, 3585, 68, 70, 70, 359995, 362380, 0.3, 50, 200, 2, 4, 3333, 1
1, 3493, 61, 62, 64, 352901, 360512, 0.3, 50, 200, 2, 4, 3333, 1
1, 3398, 75, 77, 77, 356333, 356338, 0.3, 50, 200, 2, 4, 3333, 1
1, 3730, 78, 79, 80, 347540, 349860, 0.3, 50, 200, 2, 4, 3333, 1
1, 3387, 71, 72, 73, 345897, 348322, 0.3, 50, 200, 2, 4, 3333, 1
0, 4704, 69, 84, 74, 426122, 369623, 0.3, 50, 200, 2, 5, 3333, 1
1, 3712, 71, 72, 73, 354477, 356417, 0.3, 50, 200, 2, 4, 3333, 1
0, 4657, 70, 87, 82, 454970, 399285, 0.3, 50, 200, 2, 6, 3333, 1
1, 3950, 78, 79, 79, 384353, 384353, 0.3, 50, 200, 2, 4, 3333, 1
0, 5200, 71, 93, 81, 525651, 466183, 0.3, 50, 200, 2, 7, 3333, 1
1, 3752, 67, 69, 68, 334860, 312594, 0.3, 50, 200, 2, 4, 3333, 1
1, 3787, 62, 65, 64, 316689, 314757, 0.3, 50, 200, 2, 4, 3333, 1
1, 3610, 59, 60, 61, 339731, 341864, 0.3, 50, 200, 2, 3, 3333, 1
1, 3621, 81, 82, 83, 394132, 396741, 0.3, 50, 200, 2, 4, 3333, 1
0, 4559, 69, 80, 71, 394387, 346425, 0.3, 50, 200, 2, 6, 3333, 1
0, 4755, 81, 94, 82, 466631, 414079, 0.3, 50, 200, 2, 6, 3333, 1
1, 3617, 74, 75, 79, 364397, 385850, 0.3, 50, 200, 2, 4, 3333, 1
0, 4245, 71, 85, 72, 392794, 340759, 0.3, 50, 200, 2, 5, 3333, 1
0, 5032, 67, 83, 77, 438705, 377722, 0.3, 50, 200, 2, 7, 3333, 1
1, 3774, 81, 82, 83, 362903, 365400, 0.3, 50, 200, 2, 5, 3333, 1
0, 5405, 69, 96, 84, 447658, 397220, 0.3, 50, 200, 2, 6, 3333, 1
1, 3813, 63, 66, 67, 351244, 353361, 0.3, 50, 200, 2, 4, 3333, 1
1, 3607, 56, 57, 58, 334314, 334577, 0.3, 50, 200, 2, 4, 3333, 1
0, 5151, 71, 91, 78, 504638, 442437, 0.3, 50, 200, 2, 6, 3333, 1
0, 5603, 64, 92, 81, 469126, 411673, 0.3, 50, 200, 2, 8, 3333, 1
0, 5439, 75, 92, 88, 437737, 387424, 0.3, 50, 200, 2, 8, 3333, 1
0, 4657, 72, 94, 84, 435285, 386207, 0.3, 50, 200, 2, 6, 3333, 1
0, 4909, 67, 85, 75, 440816, 383120, 0.3, 50, 200, 2, 6, 3333, 1
1, 3486, 68, 69, 70, 294817, 294978, 0.3, 50, 200, 2, 4, 3333, 1
0, 4832, 71, 84, 84, 453803, 398281, 0.3, 50, 200, 2, 8, 3333, 1
0, 4393, 64, 82, 73, 445070, 390662, 0.3, 50, 200, 2, 6, 3333, 1
1, 3450, 73, 74, 74, 312878, 294970, 0.3, 50, 200, 2, 4, 3333, 1
0, 4390, 73, 89, 79, 463403, 407094, 0.3, 50, 200, 2, 6, 3333, 1
1, 3668, 86, 87, 88, 362942, 365767, 0.3, 50, 200, 2, 5, 3333, 1
1, 3455, 67, 68, 69, 306888, 309061, 0.3, 50, 200, 2, 4, 3333, 1
0, 4946, 64, 81, 76, 425383, 370279, 0.3, 50, 200, 2, 7, 3333, 1
1, 4181, 77, 78, 79, 425577, 427885, 0.3, 50, 200, 2, 5, 3333, 1
1, 3790, 61, 62, 66, 354268, 364957, 0.3, 50, 200, 2, 4, 3333, 1
1, 3598, 74, 75, 76, 418837, 421179, 0.3, 50, 200, 2, 4, 3333, 1
1, 3529, 76, 77, 77, 308810, 308810, 0.3, 50, 200, 2, 4, 3333, 1
0, 4308, 74, 92, 81, 432732, 386285, 0.3, 50, 200, 2, 6, 3333, 1
1, 3685, 74, 76, 77, 334583, 346788, 0.3, 50, 200, 2, 4, 3333, 1
0, 5414, 70, 103, 84, 493570, 433323, 0.3, 50, 200, 2, 7, 3333, 1
0, 4503, 62, 81, 69, 418840, 359950, 0.3, 50, 200, 2, 6, 3333, 1
1, 3442, 66, 67, 68, 296838, 299177, 0.3, 50, 200, 2, 4, 3333, 1
0, 5439, 68, 90, 81, 419370, 368970, 0.3, 50, 200, 2, 7, 3333, 1
1, 3461, 76, 77, 78, 338337, 339084, 0.3, 50, 200, 2, 4, 3333, 1
0, 4150, 70, 88, 77, 374695, 326902, 0.3, 50, 200, 2, 5, 3333, 1
0, 5236, 77, 92, 87, 461679, 410896, 0.3, 50, 200, 2, 7, 3333, 1
0, 4826, 69, 88, 80, 393280, 343229, 0.3, 50, 200, 2, 6, 3333, 1
0, 4792, 66, 81, 75, 471279, 411695, 0.3, 50, 200, 2, 7, 3333, 1
1, 3870, 73, 74, 74, 383047, 380441, 0.3, 50, 200, 2, 5, 3333, 1
0, 5256, 76, 99, 92, 492747, 438370, 0.3, 50, 200, 2, 8, 3333, 1
0, 4095, 81, 94, 88, 374805, 337581, 0.3, 50, 200, 2, 5, 3333, 1
1, 3554, 61, 62, 62, 337184, 326290, 0.3, 50, 200, 2, 4, 3333, 1
0, 6048, 70, 103, 87, 497691, 434738, 0.3, 50, 200, 2, 8, 3333, 1
1, 3434, 70, 71, 72, 329634, 332165, 0.3, 50, 200, 2, 4, 3333, 1
0, 3945, 74, 86, 78, 408572, 359226, 0.3, 50, 200, 2, 5, 3333, 1
0, 5616, 69, 101, 90, 531806, 474210, 0.3, 50, 200, 2, 10, 3333, 1
0, 6469, 66, 106, 91, 509056, 456785, 0.3, 50, 200, 2, 8, 3333, 1
0, 4021, 67, 82, 71, 378692, 328125, 0.3, 50, 200, 2, 5, 3333, 1
0, 4651, 67, 78, 75, 428585, 373553, 0.3, 50, 200, 2, 6, 3333, 1
1, 3450, 75, 76, 76, 377570, 372742, 0.3, 50, 200, 2, 4, 3333, 1
1, 4235, 83, 85, 86, 372703, 373142, 0.3, 50, 200, 2, 5, 3333, 1
0, 4446, 64, 78, 72, 397644, 343162, 0.3, 50, 200, 2, 5, 3333, 1
1, 3794, 71, 72, 73, 354980, 357668, 0.3, 50, 200, 2, 4, 3333, 1
0, 5001, 66, 82, 69, 476387, 408319, 0.3, 50, 200, 2, 7, 3333, 1
1, 3486, 65, 66, 66, 291020, 286603, 0.3, 50, 200, 2, 4, 3333, 1
0, 4952, 73, 96, 84, 474482, 416883, 0.3, 50, 200, 2, 7, 3333, 1
1, 3509, 76, 77, 78, 401574, 404729, 0.3, 50, 200, 2, 4, 3333, 1
1, 3798, 76, 77, 78, 361193, 363954, 0.3, 50, 200, 2, 4, 3333, 1
0, 4543, 67, 86, 79, 394791, 349083, 0.3, 50, 200, 2, 6, 3333, 1
0, 4430, 81, 95, 89, 382181, 340566, 0.3, 50, 200, 2, 6, 3333, 1
0, 4403, 76, 89, 84, 403864, 357453, 0.3, 50, 200, 2, 5, 3333, 1
1, 3604, 66, 67, 67, 365820, 356165, 0.3, 50, 200, 2, 4, 3333, 1
1, 3909, 69, 71, 72, 344769, 347140, 0.3, 50, 200, 2, 4, 3333, 1
1, 3480, 78, 79, 80, 309353, 311624, 0.3, 50, 200, 2, 4, 3333, 1
0, 4396, 84, 94, 86, 474446, 420681, 0.3, 50, 200, 2, 7, 3333, 1
0, 4408, 62, 73, 68, 381067, 320181, 0.3, 50, 200, 2, 6, 3333, 1
1, 3985, 83, 84, 85, 364408, 366619, 0.3, 50, 200, 2, 5, 3333, 1
1, 3589, 75, 76, 77, 319738, 322181, 0.3, 50, 200, 2, 4, 3333, 1
1, 3895, 64, 66, 66, 252244, 252265, 0.3, 50, 200, 1, 2, 3333, 1
0, 4340, 72, 86, 74, 463034, 403598, 0.3, 50, 200, 2, 5, 3333, 1
1, 3651, 51, 52, 52, 403090, 403090, 0.3, 50, 200, 2, 4, 3333, 1
1, 3449, 63, 65, 65, 369389, 371853, 0.3, 50, 200, 2, 4, 3333, 1
1, 4072, 73, 75, 75, 194171, 194212, 0.3, 50, 200, 1, 2, 3333, 1
1, 3979, 81, 83, 83, 168003, 168014, 0.3, 50, 200, 1, 3, 3333, 1
0, 4909, 65, 86, 78, 422998, 372223, 0.3, 50, 200, 2, 6, 3333, 1
1, 3477, 68, 69, 70, 157724, 160078, 0.3, 50, 200, 1, 1, 3333, 1
1, 3540, 63, 65, 65, 158761, 158786, 0.3, 50, 200, 1, 1, 3333, 1
0, 4561, 78, 91, 83, 412456, 370256, 0.3, 50, 200, 2, 6, 3333, 1
0, 4912, 74, 94, 83, 453102, 402453, 0.3, 50, 200, 2, 7, 3333, 1
0, 4566, 72, 88, 77, 227111, 199203, 0.3, 50, 200, 1, 2, 3333, 1
0, 4154, 68, 84, 73, 171876, 149217, 0.3, 50, 200, 1, 2, 3333, 1
1, 3724, 65, 66, 67, 159328, 161608, 0.3, 50, 200, 1, 2, 3333, 1
1, 3698, 79, 81, 81, 146817, 146866, 0.3, 50, 200, 1, 2, 3333, 1
0, 4692, 65, 88, 78, 180231, 159171, 0.3, 50, 200, 1, 3, 3333, 1
1, 3920, 71, 73, 73, 153505, 153518, 0.3, 50, 200, 1, 2, 3333, 1
1, 3793, 82, 83, 84, 165388, 167651, 0.3, 50, 200, 1, 2, 3333, 1
1, 3519, 72, 74, 74, 169986, 169988, 0.3, 50, 200, 1, 2, 3333, 1
1, 3525, 57, 59, 60, 177620, 180239, 0.3, 50, 200, 1, 1, 3333, 1
1, 3572, 64, 66, 66, 135813, 135823, 0.3, 50, 200, 1, 1, 3333, 1
1, 3641, 60, 61, 62, 139615, 141581, 0.3, 50, 200, 1, 2, 3333, 1
0, 4591, 67, 84, 71, 243950, 209416, 0.3, 50, 200, 1, 3, 3333, 1
1, 3479, 68, 70, 70, 147882, 147889, 0.3, 50, 200, 1, 2, 3333, 1
1, 3610, 68, 70, 70, 156569, 156587, 0.3, 50, 200, 1, 2, 3333, 1
0, 5310, 72, 92, 82, 256144, 227068, 0.3, 50, 200, 1, 3, 3333, 1
1, 3409, 76, 77, 78, 210285, 213408, 0.3, 50, 200, 1, 1, 3333, 1
0, 4023, 76, 89, 79, 183908, 161262, 0.3, 50, 200, 1, 2, 3333, 1
1, 3924, 69, 71, 71, 200974, 200982, 0.3, 50, 200, 1, 1, 3333, 1
1, 3441, 75, 77, 77, 163813, 163815, 0.3, 50, 200, 1, 2, 3333, 1
1, 3441, 56, 57, 58, 166659, 169149, 0.3, 50, 200, 1, 1, 3333, 1
1, 3638, 78, 80, 80, 161818, 161822, 0.3, 50, 200, 1, 2, 3333, 1
1, 4065, 73, 75, 75, 190682, 190747, 0.3, 50, 200, 1, 2, 3333, 1
1, 3566, 73, 75, 76, 155254, 157610, 0.3, 50, 200, 1, 2, 3333, 1
1, 3420, 72, 73, 74, 134200, 136207, 0.3, 50, 200, 1, 1, 3333, 1
1, 3526, 67, 68, 70, 165952, 170821, 0.3, 50, 200, 1, 1, 3333, 1
1, 3493, 66, 68, 69, 151001, 153222, 0.3, 50, 200, 1, 1, 3333, 1
0, 4059, 76, 88, 79, 204271, 180655, 0.3, 50, 200, 1, 2, 3333, 1
1, 3815, 84, 85, 86, 164553, 166800, 0.3, 50, 200, 1, 3, 3333, 1
0, 4551, 64, 80, 68, 214368, 183617, 0.3, 50, 200, 1, 3, 3333, 1
1, 3744, 77, 78, 80, 219242, 225471, 0.3, 50, 200, 1, 2, 3333, 1
1, 3805, 68, 70, 70, 171277, 171304, 0.3, 50, 200, 1, 2, 3333, 1
0, 3880, 61, 73, 62, 212486, 182748, 0.3, 50, 200, 1, 2, 3333, 1
0, 4777, 69, 87, 76, 235707, 205726, 0.3, 50, 200, 1, 3, 3333, 1
1, 3692, 75, 77, 81, 180957, 191610, 0.3, 50, 200, 1, 2, 3333, 1
0, 4295, 73, 89, 77, 220424, 190844, 0.3, 50, 200, 1, 2, 3333, 1
0, 4662, 79, 99, 89, 244188, 216753, 0.3, 50, 200, 1, 3, 3333, 1
1, 3448, 69, 70, 71, 168291, 170760, 0.3, 50, 200, 1, 2, 3333, 1
1, 3521, 77, 79, 79, 198756, 198781, 0.3, 50, 200, 1, 2, 3333, 1
0, 4904, 69, 88, 76, 220088, 190999, 0.3, 50, 200, 1, 3, 3333, 1
1, 3846, 77, 78, 79, 210343, 213341, 0.3, 50, 200, 1, 2, 3333, 1
1, 4202, 55, 60, 61, 229825, 232330, 0.3, 50, 200, 1, 2, 3333, 1
1, 3709, 85, 87, 87, 190304, 190315, 0.3, 50, 200, 1, 2, 3333, 1
1, 3395, 74, 76, 77, 156808, 159158, 0.3, 50, 200, 1, 2, 3333, 1
0, 4882, 61, 84, 73, 212833, 186148, 0.3, 50, 200, 1, 3, 3333, 1
0, 4132, 71, 84, 73, 207210, 179935, 0.3, 50, 200, 1, 2, 3333, 1
1, 3594, 72, 75, 76, 151527, 153600, 0.3, 50, 200, 1, 2, 3333, 1
1, 3453, 64, 65, 66, 191663, 194530, 0.3, 50, 200, 1, 2, 3333, 1
1, 3620, 78, 80, 80, 171245, 171321, 0.3, 50, 200, 1, 2, 3333, 1
1, 3655, 78, 80, 80, 156601, 156630, 0.3, 50, 200, 1, 2, 3333, 1
1, 3460, 77, 79, 79, 203917, 203994, 0.3, 50, 200, 1, 2, 3333, 1
0, 4195, 85, 99, 89, 182261, 160194, 0.3, 50, 200, 1, 2, 3333, 1
1, 4154, 72, 74, 74, 187952, 187976, 0.3, 50, 200, 1, 2, 3333, 1
1, 3457, 69, 71, 71, 144344, 144402, 0.3, 50, 200, 1, 2, 3333, 1
0, 4746, 73, 91, 80, 235573, 206898, 0.3, 50, 200, 1, 2, 3333, 1
1, 3533, 78, 80, 80, 146362, 146378, 0.3, 50, 200, 1, 2, 3333, 1
1, 3584, 75, 77, 77, 170151, 170203, 0.3, 50, 200, 1, 1, 3333, 1
0, 4465, 67, 84, 73, 224445, 194170, 0.3, 50, 200, 1, 3, 3333, 1
1, 3695, 57, 58, 59, 224314, 227531, 0.3, 50, 200, 1, 2, 3333, 1
1, 3683, 74, 75, 77, 181912, 187192, 0.3, 50, 200, 1, 2, 3333, 1
1, 3690, 67, 68, 69, 143113, 145081, 0.3, 50, 200, 1, 2, 3333, 1
1, 3449, 67, 68, 69, 143800, 145944, 0.3, 50, 200, 1, 1, 3333, 1
0, 4596, 65, 79, 67, 270256, 233407, 0.3, 50, 200, 1, 3, 3333, 1
1, 3823, 71, 72, 73, 173476, 175787, 0.3, 50, 200, 1, 2, 3333, 1
0, 4717, 73, 96, 86, 186694, 164983, 0.3, 50, 200, 1, 3, 3333, 1
1, 3793, 68, 70, 70, 191572, 191664, 0.3, 50, 200, 1, 2, 3333, 1
0, 4797, 68, 87, 76, 205422, 179681, 0.3, 50, 200, 1, 3, 3333, 1
0, 4883, 56, 78, 64, 221168, 187787, 0.3, 50, 200, 1, 3, 3333, 1
1, 3461, 54, 55, 58, 149455, 156183, 0.3, 50, 200, 1, 1, 3333, 1
1, 3497, 69, 70, 71, 166826, 169226, 0.3, 50, 200, 1, 2, 3333, 1
1, 3692, 71, 73, 73, 195910, 195929, 0.3, 50, 200, 1, 2, 3333, 1
1, 3701, 62, 64, 64, 188548, 188566, 0.3, 50, 200, 1, 2, 3333, 1
0, 6597, 83, 122, 112, 271278, 245988, 0.3, 50, 200, 1, 4, 3333, 1
0, 4740, 78, 94, 84, 205312, 183083, 0.3, 50, 200, 1, 3, 3333, 1
0, 5784, 62, 95, 81, 220979, 193121, 0.3, 50, 200, 1, 4, 3333, 1
1, 3375, 60, 62, 62, 144894, 144906, 0.3, 50, 200, 1, 2, 3333, 1
1, 3934, 69, 71, 72, 212982, 216003, 0.3, 50, 200, 1, 2, 3333, 1
0, 4259, 81, 94, 84, 209737, 184803, 0.3, 50, 200, 1, 2, 3333, 1
0, 5332, 75, 100, 89, 253644, 224893, 0.3, 50, 200, 1, 4, 3333, 1
1, 3589, 67, 68, 69, 166946, 169311, 0.3, 50, 200, 1, 1, 3333, 1
1, 3688, 83, 85, 86, 185853, 188635, 0.3, 50, 200, 1, 2, 3333, 1
0, 3945, 70, 83, 72, 193130, 167090, 0.3, 50, 200, 1, 2, 3333, 1
1, 3646, 67, 69, 69, 155762, 155814, 0.3, 50, 200, 1, 2, 3333, 1
0, 4384, 68, 85, 75, 179429, 157700, 0.3, 50, 200, 1, 2, 3333, 1
1, 3704, 61, 63, 65, 164075, 168716, 0.3, 50, 200, 1, 2, 3333, 1
1, 3688, 63, 64, 66, 243042, 250188, 0.3, 50, 200, 1, 2, 3333, 1
1, 3504, 65, 67, 67, 167707, 167729, 0.3, 50, 200, 1, 2, 3333, 1
0, 4282, 67, 84, 73, 190077, 165563, 0.3, 50, 200, 1, 2, 3333, 1
0, 4538, 58, 76, 63, 220576, 188526, 0.3, 50, 200, 1, 2, 3333, 1
1, 3551, 71, 73, 73, 191559, 191578, 0.3, 50, 200, 1, 2, 3333, 1
1, 3672, 73, 75, 75, 164672, 164679, 0.3, 50, 200, 1, 2, 3333, 1
1, 3628, 66, 68, 68, 154447, 154494, 0.3, 50, 200, 1, 1, 3333, 1
0, 5326, 75, 100, 89, 250144, 222497, 0.3, 50, 200, 1, 4, 3333, 1
1, 3668, 69, 71, 71, 189004, 189066, 0.3, 50, 200, 1, 1, 3333, 1
1, 3729, 65, 67, 67, 181517, 181574, 0.3, 50, 200, 1, 2, 3333, 1
0, 5033, 71, 94, 83, 224320, 197244, 0.3, 50, 200, 1, 2, 3333, 1
