win,ticks_elapsed,atk_start_h,pub_h,priv_h,pub_cw,priv_cw,atk_q,block_target,daa2_n_blocks,n_chains,ms_elapsed,atk_start_t,doublespend_after_n_confs
1, 5691, 111, 118, 119, 118, 119, 0.44, 50, 100, 1, 2, 5000, 5
0, 6750, 109, 132, 123, 132, 123, 0.44, 50, 100, 1, 3, 5000, 5
1, 5477, 104, 109, 110, 109, 110, 0.44, 50, 100, 1, 2, 5000, 5
0, 6750, 118, 140, 132, 140, 132, 0.44, 50, 100, 1, 3, 5000, 5
0, 6750, 131, 151, 142, 151, 142, 0.44, 50, 100, 1, 3, 5000, 5
0, 6750, 110, 131, 128, 131, 128, 0.44, 50, 100, 1, 3, 5000, 5
1, 5612, 90, 95, 96, 95, 96, 0.44, 50, 100, 1, 2, 5000, 5
1, 5762, 101, 108, 109, 108, 109, 0.44, 50, 100, 1, 2, 5000, 5
0, 6750, 98, 120, 111, 120, 111, 0.44, 50, 100, 1, 3, 5000, 5
0, 6750, 119, 138, 136, 138, 136, 0.44, 50, 100, 1, 3, 5000, 5
1, 5488, 107, 112, 113, 112, 113, 0.44, 50, 100, 1, 2, 5000, 5
0, 6750, 105, 132, 121, 132, 121, 0.44, 50, 100, 1, 3, 5000, 5
1, 5322, 99, 104, 105, 104, 105, 0.44, 50, 100, 1, 2, 5000, 5
0, 6750, 113, 127, 126, 127, 126, 0.44, 50, 100, 1, 3, 5000, 5
1, 5426, 93, 98, 99, 98, 99, 0.44, 50, 100, 1, 2, 5000, 5
0, 6750, 96, 112, 110, 112, 110, 0.44, 50, 100, 1, 3, 5000, 5
0, 6750, 96, 114, 110, 114, 110, 0.44, 50, 100, 1, 3, 5000, 5
1, 5426, 108, 113, 114, 113, 114, 0.44, 50, 100, 1, 2, 5000, 5
1, 5366, 108, 113, 114, 113, 114, 0.44, 50, 100, 1, 2, 5000, 5
1, 5706, 104, 109, 110, 109, 110, 0.44, 50, 100, 1, 2, 5000, 5
0, 6750, 101, 122, 115, 122, 115, 0.44, 50, 100, 1, 3, 5000, 5
1, 5576, 109, 114, 116, 114, 116, 0.44, 50, 100, 1, 2, 5000, 5
0, 6750, 95, 121, 119, 121, 119, 0.44, 50, 100, 1, 3, 5000, 5
1, 5407, 110, 115, 116, 115, 116, 0.44, 50, 100, 1, 2, 5000, 5
1, 5531, 85, 90, 91, 90, 91, 0.44, 50, 100, 1, 2, 5000, 5
0, 6750, 105, 123, 116, 123, 116, 0.44, 50, 100, 1, 3, 5000, 5
1, 5580, 90, 95, 96, 95, 96, 0.44, 50, 100, 1, 2, 5000, 5
0, 6750, 97, 115, 108, 115, 108, 0.44, 50, 100, 1, 3, 5000, 5
0, 6750, 94, 115, 112, 115, 112, 0.44, 50, 100, 1, 3, 5000, 5
0, 6750, 107, 133, 127, 133, 127, 0.44, 50, 100, 1, 3, 5000, 5
1, 5467, 95, 100, 101, 100, 101, 0.44, 50, 100, 1, 2, 5000, 5
0, 6750, 101, 126, 114, 126, 114, 0.44, 50, 100, 1, 3, 5000, 5
0, 6750, 107, 132, 124, 132, 124, 0.44, 50, 100, 1, 3, 5000, 5
0, 6750, 88, 111, 98, 111, 98, 0.44, 50, 100, 1, 3, 5000, 5
1, 5631, 117, 122, 123, 122, 123, 0.44, 50, 100, 1, 2, 5000, 5
0, 6750, 110, 127, 124, 127, 124, 0.44, 50, 100, 1, 3, 5000, 5
1, 5774, 106, 111, 113, 111, 113, 0.44, 50, 100, 1, 2, 5000, 5
1, 5615, 97, 102, 104, 102, 104, 0.44, 50, 100, 1, 2, 5000, 5
1, 5750, 107, 112, 115, 112, 115, 0.44, 50, 100, 1, 2, 5000, 5
0, 6750, 109, 136, 127, 136, 127, 0.44, 50, 100, 1, 3, 5000, 5
1, 5449, 102, 107, 108, 107, 108, 0.44, 50, 100, 1, 2, 5000, 5
1, 5490, 83, 88, 89, 88, 89, 0.44, 50, 100, 1, 2, 5000, 5
0, 6750, 103, 123, 116, 123, 116, 0.44, 50, 100, 1, 3, 5000, 5
0, 6750, 119, 146, 135, 146, 135, 0.44, 50, 100, 1, 3, 5000, 5
0, 6750, 117, 140, 135, 140, 135, 0.44, 50, 100, 1, 3, 5000, 5
1, 5472, 117, 122, 123, 122, 123, 0.44, 50, 100, 1, 2, 5000, 5
0, 6750, 113, 136, 126, 136, 126, 0.44, 50, 100, 1, 3, 5000, 5
1, 5829, 99, 104, 110, 104, 110, 0.44, 50, 100, 1, 2, 5000, 5
0, 6750, 99, 120, 117, 120, 117, 0.44, 50, 100, 1, 3, 5000, 5
1, 5846, 93, 101, 102, 101, 102, 0.44, 50, 100, 1, 2, 5000, 5
0, 6750, 89, 114, 106, 114, 106, 0.44, 50, 100, 1, 3, 5000, 5
0, 6750, 107, 136, 125, 136, 125, 0.44, 50, 100, 1, 3, 5000, 5
1, 5509, 115, 120, 122, 120, 122, 0.44, 50, 100, 1, 2, 5000, 5
1, 6115, 99, 108, 109, 108, 109, 0.44, 50, 100, 1, 2, 5000, 5
0, 6750, 97, 115, 112, 115, 112, 0.44, 50, 100, 1, 3, 5000, 5
1, 5459, 97, 102, 103, 102, 103, 0.44, 50, 100, 1, 2, 5000, 5
1, 5717, 114, 119, 120, 119, 120, 0.44, 50, 100, 1, 2, 5000, 5
0, 6750, 109, 127, 125, 127, 125, 0.44, 50, 100, 1, 3, 5000, 5
1, 5596, 114, 119, 120, 119, 120, 0.44, 50, 100, 1, 2, 5000, 5
1, 5449, 75, 80, 81, 80, 81, 0.44, 50, 100, 1, 2, 5000, 5
1, 6276, 106, 116, 117, 116, 117, 0.44, 50, 100, 1, 2, 5000, 5
0, 6750, 95, 117, 113, 117, 113, 0.44, 50, 100, 1, 3, 5000, 5
1, 5859, 99, 109, 110, 109, 110, 0.44, 50, 100, 1, 2, 5000, 5
0, 6750, 115, 136, 127, 136, 127, 0.44, 50, 100, 1, 3, 5000, 5
0, 6750, 109, 132, 129, 132, 129, 0.44, 50, 100, 1, 3, 5000, 5
0, 6750, 115, 138, 123, 138, 123, 0.44, 50, 100, 1, 3, 5000, 5
1, 6401, 111, 128, 129, 128, 129, 0.44, 50, 100, 1, 3, 5000, 5
1, 5810, 111, 116, 117, 116, 117, 0.44, 50, 100, 1, 2, 5000, 5
0, 6750, 112, 131, 122, 131, 122, 0.44, 50, 100, 1, 3, 5000, 5
1, 5571, 96, 101, 102, 101, 102, 0.44, 50, 100, 1, 2, 5000, 5
1, 5918, 83, 94, 95, 94, 95, 0.44, 50, 100, 1, 2, 5000, 5
1, 5616, 99, 104, 106, 104, 106, 0.44, 50, 100, 1, 2, 5000, 5
1, 5476, 106, 111, 113, 111, 113, 0.44, 50, 100, 1, 2, 5000, 5
1, 5885, 100, 109, 110, 109, 110, 0.44, 50, 100, 1, 2, 5000, 5
0, 6750, 102, 127, 113, 127, 113, 0.44, 50, 100, 1, 3, 5000, 5
0, 6750, 92, 115, 104, 115, 104, 0.44, 50, 100, 1, 3, 5000, 5
0, 6750, 96, 123, 105, 123, 105, 0.44, 50, 100, 1, 3, 5000, 5
0, 6750, 87, 113, 110, 113, 110, 0.44, 50, 100, 1, 3, 5000, 5
0, 6750, 108, 129, 125, 129, 125, 0.44, 50, 100, 1, 3, 5000, 5
0, 6750, 106, 121, 115, 121, 115, 0.44, 50, 100, 1, 3, 5000, 5
1, 5785, 111, 117, 118, 117, 118, 0.44, 50, 100, 1, 2, 5000, 5
1, 5599, 106, 111, 112, 111, 112, 0.44, 50, 100, 1, 2, 5000, 5
1, 5381, 102, 107, 108, 107, 108, 0.44, 50, 100, 1, 2, 5000, 5
1, 5843, 103, 108, 112, 108, 112, 0.44, 50, 100, 1, 2, 5000, 5
1, 5304, 108, 113, 115, 113, 115, 0.44, 50, 100, 1, 2, 5000, 5
0, 6750, 107, 136, 124, 136, 124, 0.44, 50, 100, 1, 3, 5000, 5
0, 6750, 105, 131, 120, 131, 120, 0.44, 50, 100, 1, 3, 5000, 5
0, 6750, 109, 128, 122, 128, 122, 0.44, 50, 100, 1, 3, 5000, 5
1, 5509, 120, 125, 126, 125, 126, 0.44, 50, 100, 1, 2, 5000, 5
1, 6149, 97, 109, 110, 109, 110, 0.44, 50, 100, 1, 2, 5000, 5
0, 6750, 92, 114, 104, 114, 104, 0.44, 50, 100, 1, 3, 5000, 5
1, 5531, 103, 108, 110, 108, 110, 0.44, 50, 100, 1, 2, 5000, 5
1, 5561, 104, 111, 112, 111, 112, 0.44, 50, 100, 1, 2, 5000, 5
0, 6750, 96, 124, 112, 124, 112, 0.44, 50, 100, 1, 3, 5000, 5
1, 5986, 88, 93, 99, 93, 99, 0.44, 50, 100, 1, 2, 5000, 5
1, 5548, 96, 101, 103, 101, 103, 0.44, 50, 100, 1, 2, 5000, 5
0, 6750, 103, 132, 120, 132, 120, 0.44, 50, 100, 1, 3, 5000, 5
1, 5403, 92, 97, 100, 97, 100, 0.44, 50, 100, 1, 2, 5000, 5
1, 5826, 95, 100, 101, 100, 101, 0.44, 50, 100, 1, 2, 5000, 5
0, 6750, 117, 133, 127, 133, 127, 0.44, 50, 100, 1, 3, 5000, 5
0, 8500, 84, 140, 117, 140, 117, 0.44, 50, 100, 1, 5, 5000, 10
0, 8500, 103, 158, 142, 158, 142, 0.44, 50, 100, 1, 4, 5000, 10
0, 8500, 99, 147, 134, 147, 134, 0.44, 50, 100, 1, 5, 5000, 10
1, 7781, 106, 135, 136, 135, 136, 0.44, 50, 100, 1, 4, 5000, 10
0, 8500, 97, 147, 135, 147, 135, 0.44, 50, 100, 1, 5, 5000, 10
1, 6038, 100, 110, 115, 110, 115, 0.44, 50, 100, 1, 2, 5000, 10
1, 6355, 108, 118, 121, 118, 121, 0.44, 50, 100, 1, 3, 5000, 10
1, 6329, 95, 105, 106, 105, 106, 0.44, 50, 100, 1, 3, 5000, 10
1, 6070, 103, 113, 115, 113, 115, 0.44, 50, 100, 1, 2, 5000, 10
0, 8500, 97, 143, 128, 143, 128, 0.44, 50, 100, 1, 5, 5000, 10
0, 8500, 114, 160, 150, 160, 150, 0.44, 50, 100, 1, 5, 5000, 10
1, 6296, 104, 115, 116, 115, 116, 0.44, 50, 100, 1, 3, 5000, 10
1, 6004, 112, 122, 125, 122, 125, 0.44, 50, 100, 1, 2, 5000, 10
0, 8500, 89, 130, 115, 130, 115, 0.44, 50, 100, 1, 4, 5000, 10
1, 6280, 118, 128, 129, 128, 129, 0.44, 50, 100, 1, 3, 5000, 10
1, 5949, 108, 120, 121, 120, 121, 0.44, 50, 100, 1, 2, 5000, 10
1, 6026, 105, 115, 117, 115, 117, 0.44, 50, 100, 1, 2, 5000, 10
0, 8500, 70, 100, 95, 100, 95, 0.44, 50, 100, 1, 4, 5000, 10
0, 8500, 94, 137, 123, 137, 123, 0.44, 50, 100, 1, 4, 5000, 10
1, 6058, 84, 94, 96, 94, 96, 0.44, 50, 100, 1, 3, 5000, 10
1, 6386, 108, 125, 126, 125, 126, 0.44, 50, 100, 1, 3, 5000, 10
1, 5939, 95, 105, 108, 105, 108, 0.44, 50, 100, 1, 2, 5000, 10
0, 8500, 106, 142, 136, 142, 136, 0.44, 50, 100, 1, 5, 5000, 10
1, 6704, 103, 113, 125, 113, 125, 0.44, 50, 100, 1, 3, 5000, 10
1, 5813, 109, 119, 121, 119, 121, 0.44, 50, 100, 1, 2, 5000, 10
1, 7938, 103, 132, 133, 132, 133, 0.44, 50, 100, 1, 4, 5000, 10
1, 6507, 76, 86, 92, 86, 92, 0.44, 50, 100, 1, 3, 5000, 10
1, 6097, 88, 99, 100, 99, 100, 0.44, 50, 100, 1, 2, 5000, 10
0, 8500, 93, 142, 124, 142, 124, 0.44, 50, 100, 1, 5, 5000, 10
0, 8500, 82, 130, 117, 130, 117, 0.44, 50, 100, 1, 5, 5000, 10
0, 8500, 100, 147, 145, 147, 145, 0.44, 50, 100, 1, 5, 5000, 10
1, 6606, 116, 126, 135, 126, 135, 0.44, 50, 100, 1, 3, 5000, 10
0, 8500, 90, 136, 132, 136, 132, 0.44, 50, 100, 1, 4, 5000, 10
0, 8500, 97, 137, 127, 137, 127, 0.44, 50, 100, 1, 5, 5000, 10
1, 6144, 97, 107, 108, 107, 108, 0.44, 50, 100, 1, 2, 5000, 10
1, 6122, 115, 125, 128, 125, 128, 0.44, 50, 100, 1, 3, 5000, 10
1, 6010, 105, 115, 116, 115, 116, 0.44, 50, 100, 1, 2, 5000, 10
0, 8500, 117, 156, 149, 156, 149, 0.44, 50, 100, 1, 5, 5000, 10
0, 8500, 117, 156, 141, 156, 141, 0.44, 50, 100, 1, 4, 5000, 10
1, 7078, 94, 113, 114, 113, 114, 0.44, 50, 100, 1, 3, 5000, 10
1, 7074, 94, 127, 128, 127, 128, 0.44, 50, 100, 1, 3, 5000, 10
1, 8428, 100, 139, 140, 139, 140, 0.44, 50, 100, 1, 4, 5000, 10
0, 8500, 106, 155, 131, 155, 131, 0.44, 50, 100, 1, 5, 5000, 10
1, 6053, 100, 110, 111, 110, 111, 0.44, 50, 100, 1, 2, 5000, 10
1, 6510, 82, 94, 95, 94, 95, 0.44, 50, 100, 1, 3, 5000, 10
1, 6481, 113, 123, 124, 123, 124, 0.44, 50, 100, 1, 3, 5000, 10
0, 8500, 99, 152, 131, 152, 131, 0.44, 50, 100, 1, 5, 5000, 10
0, 8500, 95, 133, 113, 133, 113, 0.44, 50, 100, 1, 4, 5000, 10
0, 8500, 106, 152, 135, 152, 135, 0.44, 50, 100, 1, 5, 5000, 10
0, 8500, 115, 162, 151, 162, 151, 0.44, 50, 100, 1, 5, 5000, 10
1, 6399, 86, 98, 99, 98, 99, 0.44, 50, 100, 1, 3, 5000, 10
1, 5888, 109, 119, 120, 119, 120, 0.44, 50, 100, 1, 2, 5000, 10
1, 5949, 101, 111, 113, 111, 113, 0.44, 50, 100, 1, 2, 5000, 10
0, 8500, 97, 138, 130, 138, 130, 0.44, 50, 100, 1, 4, 5000, 10
0, 8500, 102, 148, 143, 148, 143, 0.44, 50, 100, 1, 5, 5000, 10
0, 8500, 99, 148, 142, 148, 142, 0.44, 50, 100, 1, 5, 5000, 10
0, 8500, 99, 150, 139, 150, 139, 0.44, 50, 100, 1, 5, 5000, 10
1, 6334, 95, 105, 109, 105, 109, 0.44, 50, 100, 1, 3, 5000, 10
0, 8500, 100, 145, 135, 145, 135, 0.44, 50, 100, 1, 5, 5000, 10
1, 6263, 89, 99, 107, 99, 107, 0.44, 50, 100, 1, 2, 5000, 10
1, 6049, 109, 119, 120, 119, 120, 0.44, 50, 100, 1, 2, 5000, 10
0, 8500, 108, 148, 135, 148, 135, 0.44, 50, 100, 1, 5, 5000, 10
0, 8500, 124, 169, 156, 169, 156, 0.44, 50, 100, 1, 5, 5000, 10
1, 6117, 119, 129, 133, 129, 133, 0.44, 50, 100, 1, 2, 5000, 10
0, 8500, 92, 143, 132, 143, 132, 0.44, 50, 100, 1, 5, 5000, 10
0, 8500, 113, 147, 144, 147, 144, 0.44, 50, 100, 1, 5, 5000, 10
1, 7529, 116, 138, 139, 138, 139, 0.44, 50, 100, 1, 4, 5000, 10
0, 8500, 106, 146, 134, 146, 134, 0.44, 50, 100, 1, 4, 5000, 10
1, 5887, 110, 120, 121, 120, 121, 0.44, 50, 100, 1, 2, 5000, 10
1, 6271, 98, 108, 111, 108, 111, 0.44, 50, 100, 1, 3, 5000, 10
1, 6002, 118, 129, 130, 129, 130, 0.44, 50, 100, 1, 2, 5000, 10
1, 5752, 105, 115, 116, 115, 116, 0.44, 50, 100, 1, 2, 5000, 10
0, 8500, 104, 152, 148, 152, 148, 0.44, 50, 100, 1, 4, 5000, 10
1, 6546, 105, 116, 117, 116, 117, 0.44, 50, 100, 1, 3, 5000, 10
0, 8500, 102, 144, 136, 144, 136, 0.44, 50, 100, 1, 4, 5000, 10
1, 6918, 106, 126, 127, 126, 127, 0.44, 50, 100, 1, 3, 5000, 10
0, 8500, 106, 159, 143, 159, 143, 0.44, 50, 100, 1, 4, 5000, 10
1, 6325, 97, 107, 113, 107, 113, 0.44, 50, 100, 1, 2, 5000, 10
0, 8500, 94, 143, 138, 143, 138, 0.44, 50, 100, 1, 4, 5000, 10
1, 6249, 98, 108, 112, 108, 112, 0.44, 50, 100, 1, 2, 5000, 10
1, 6144, 99, 109, 110, 109, 110, 0.44, 50, 100, 1, 2, 5000, 10
0, 8500, 86, 140, 124, 140, 124, 0.44, 50, 100, 1, 4, 5000, 10
0, 8500, 113, 153, 142, 153, 142, 0.44, 50, 100, 1, 5, 5000, 10
1, 6081, 99, 109, 111, 109, 111, 0.44, 50, 100, 1, 2, 5000, 10
1, 5879, 82, 92, 95, 92, 95, 0.44, 50, 100, 1, 2, 5000, 10
1, 6167, 71, 83, 84, 83, 84, 0.44, 50, 100, 1, 2, 5000, 10
0, 8500, 104, 144, 138, 144, 138, 0.44, 50, 100, 1, 4, 5000, 10
0, 8500, 123, 171, 154, 171, 154, 0.44, 50, 100, 1, 5, 5000, 10
0, 8500, 107, 166, 148, 166, 148, 0.44, 50, 100, 1, 5, 5000, 10
1, 6009, 105, 115, 116, 115, 116, 0.44, 50, 100, 1, 2, 5000, 10
0, 8500, 96, 147, 138, 147, 138, 0.44, 50, 100, 1, 4, 5000, 10
0, 8500, 102, 145, 136, 145, 136, 0.44, 50, 100, 1, 5, 5000, 10
0, 8500, 104, 144, 126, 144, 126, 0.44, 50, 100, 1, 5, 5000, 10
0, 8500, 93, 138, 125, 138, 125, 0.44, 50, 100, 1, 4, 5000, 10
0, 8500, 116, 158, 142, 158, 142, 0.44, 50, 100, 1, 4, 5000, 10
0, 8500, 117, 154, 146, 154, 146, 0.44, 50, 100, 1, 5, 5000, 10
0, 8500, 92, 152, 139, 152, 139, 0.44, 50, 100, 1, 5, 5000, 10
0, 8500, 115, 158, 151, 158, 151, 0.44, 50, 100, 1, 5, 5000, 10
0, 8500, 102, 148, 124, 148, 124, 0.44, 50, 100, 1, 4, 5000, 10
0, 8500, 100, 147, 134, 147, 134, 0.44, 50, 100, 1, 5, 5000, 10
0, 10250, 111, 183, 171, 183, 171, 0.44, 50, 100, 1, 6, 5000, 15
0, 10250, 98, 178, 157, 178, 157, 0.44, 50, 100, 1, 6, 5000, 15
0, 10250, 91, 156, 141, 156, 141, 0.44, 50, 100, 1, 6, 5000, 15
1, 6484, 105, 120, 121, 120, 121, 0.44, 50, 100, 1, 3, 5000, 15
0, 10250, 100, 167, 151, 167, 151, 0.44, 50, 100, 1, 6, 5000, 15
1, 6180, 101, 118, 119, 118, 119, 0.44, 50, 100, 1, 2, 5000, 15
1, 7056, 96, 111, 121, 111, 121, 0.44, 50, 100, 1, 3, 5000, 15
0, 10250, 108, 177, 148, 177, 148, 0.44, 50, 100, 1, 6, 5000, 15
1, 6568, 88, 103, 106, 103, 106, 0.44, 50, 100, 1, 3, 5000, 15
1, 6724, 92, 111, 112, 111, 112, 0.44, 50, 100, 1, 3, 5000, 15
1, 6053, 94, 109, 110, 109, 110, 0.44, 50, 100, 1, 2, 5000, 15
1, 7063, 99, 124, 125, 124, 125, 0.44, 50, 100, 1, 3, 5000, 15
1, 7017, 96, 111, 116, 111, 116, 0.44, 50, 100, 1, 3, 5000, 15
0, 10250, 80, 132, 119, 132, 119, 0.44, 50, 100, 1, 6, 5000, 15
1, 7279, 114, 138, 139, 138, 139, 0.44, 50, 100, 1, 4, 5000, 15
0, 10250, 97, 181, 152, 181, 152, 0.44, 50, 100, 1, 6, 5000, 15
1, 6501, 118, 133, 134, 133, 134, 0.44, 50, 100, 1, 3, 5000, 15
1, 6972, 82, 101, 102, 101, 102, 0.44, 50, 100, 1, 3, 5000, 15
1, 7048, 95, 122, 123, 122, 123, 0.44, 50, 100, 1, 3, 5000, 15
1, 6430, 92, 107, 117, 107, 117, 0.44, 50, 100, 1, 3, 5000, 15
1, 6720, 111, 130, 131, 130, 131, 0.44, 50, 100, 1, 3, 5000, 15
0, 10250, 112, 184, 178, 184, 178, 0.44, 50, 100, 1, 6, 5000, 15
1, 7126, 95, 122, 123, 122, 123, 0.44, 50, 100, 1, 3, 5000, 15
0, 10250, 98, 187, 165, 187, 165, 0.44, 50, 100, 1, 7, 5000, 15
0, 10250, 101, 177, 168, 177, 168, 0.44, 50, 100, 1, 6, 5000, 15
1, 6510, 108, 123, 127, 123, 127, 0.44, 50, 100, 1, 3, 5000, 15
1, 6979, 103, 118, 128, 118, 128, 0.44, 50, 100, 1, 3, 5000, 15
0, 10250, 101, 191, 161, 191, 161, 0.44, 50, 100, 1, 6, 5000, 15
1, 6562, 120, 135, 136, 135, 136, 0.44, 50, 100, 1, 3, 5000, 15
1, 6143, 87, 103, 104, 103, 104, 0.44, 50, 100, 1, 2, 5000, 15
1, 8277, 105, 147, 148, 147, 148, 0.44, 50, 100, 1, 4, 5000, 15
0, 10250, 111, 183, 170, 183, 170, 0.44, 50, 100, 1, 6, 5000, 15
0, 10250, 111, 186, 170, 186, 170, 0.44, 50, 100, 1, 8, 5000, 15
0, 10250, 106, 180, 175, 180, 175, 0.44, 50, 100, 1, 6, 5000, 15
0, 10250, 92, 174, 149, 174, 149, 0.44, 50, 100, 1, 6, 5000, 15
0, 10250, 108, 176, 153, 176, 153, 0.44, 50, 100, 1, 6, 5000, 15
0, 10250, 87, 190, 158, 190, 158, 0.44, 50, 100, 1, 6, 5000, 15
0, 10250, 106, 180, 165, 180, 165, 0.44, 50, 100, 1, 6, 5000, 15
1, 6734, 108, 123, 124, 123, 124, 0.44, 50, 100, 1, 4, 5000, 15
0, 10250, 106, 189, 174, 189, 174, 0.44, 50, 100, 1, 6, 5000, 15
0, 10250, 90, 166, 135, 166, 135, 0.44, 50, 100, 1, 6, 5000, 15
0, 10250, 114, 184, 181, 184, 181, 0.44, 50, 100, 1, 6, 5000, 15
0, 10250, 104, 171, 152, 171, 152, 0.44, 50, 100, 1, 6, 5000, 15
1, 6493, 103, 119, 120, 119, 120, 0.44, 50, 100, 1, 3, 5000, 15
1, 8228, 90, 133, 134, 133, 134, 0.44, 50, 100, 1, 4, 5000, 15
0, 10250, 94, 175, 162, 175, 162, 0.44, 50, 100, 1, 6, 5000, 15
0, 10250, 96, 176, 138, 176, 138, 0.44, 50, 100, 1, 6, 5000, 15
1, 8481, 90, 136, 137, 136, 137, 0.44, 50, 100, 1, 4, 5000, 15
0, 10250, 87, 169, 159, 169, 159, 0.44, 50, 100, 1, 6, 5000, 15
0, 10250, 111, 193, 172, 193, 172, 0.44, 50, 100, 1, 6, 5000, 15
0, 10250, 97, 172, 150, 172, 150, 0.44, 50, 100, 1, 6, 5000, 15
0, 10250, 106, 202, 173, 202, 173, 0.44, 50, 100, 1, 6, 5000, 15
1, 5991, 98, 113, 119, 113, 119, 0.44, 50, 100, 1, 3, 5000, 15
1, 6553, 95, 110, 114, 110, 114, 0.44, 50, 100, 1, 3, 5000, 15
0, 10250, 108, 179, 166, 179, 166, 0.44, 50, 100, 1, 6, 5000, 15
1, 6036, 103, 118, 119, 118, 119, 0.44, 50, 100, 1, 2, 5000, 15
0, 10250, 108, 186, 164, 186, 164, 0.44, 50, 100, 1, 6, 5000, 15
1, 6472, 104, 119, 120, 119, 120, 0.44, 50, 100, 1, 3, 5000, 15
0, 10250, 101, 177, 164, 177, 164, 0.44, 50, 100, 1, 6, 5000, 15
0, 10250, 92, 167, 147, 167, 147, 0.44, 50, 100, 1, 6, 5000, 15
1, 8101, 100, 138, 139, 138, 139, 0.44, 50, 100, 1, 4, 5000, 15
1, 6899, 88, 103, 111, 103, 111, 0.44, 50, 100, 1, 4, 5000, 15
1, 6484, 106, 121, 128, 121, 128, 0.44, 50, 100, 1, 3, 5000, 15
0, 10250, 105, 181, 171, 181, 171, 0.44, 50, 100, 1, 6, 5000, 15
0, 10250, 96, 164, 160, 164, 160, 0.44, 50, 100, 1, 6, 5000, 15
1, 6910, 104, 123, 124, 123, 124, 0.44, 50, 100, 1, 3, 5000, 15
1, 6277, 89, 104, 110, 104, 110, 0.44, 50, 100, 1, 2, 5000, 15
0, 10250, 86, 160, 138, 160, 138, 0.44, 50, 100, 1, 7, 5000, 15
0, 10250, 111, 181, 158, 181, 158, 0.44, 50, 100, 1, 6, 5000, 15
0, 10250, 110, 188, 180, 188, 180, 0.44, 50, 100, 1, 7, 5000, 15
0, 10250, 104, 168, 147, 168, 147, 0.44, 50, 100, 1, 7, 5000, 15
0, 10250, 109, 187, 170, 187, 170, 0.44, 50, 100, 1, 6, 5000, 15
0, 10250, 96, 172, 156, 172, 156, 0.44, 50, 100, 1, 6, 5000, 15
0, 10250, 102, 179, 162, 179, 162, 0.44, 50, 100, 1, 7, 5000, 15
0, 10250, 101, 165, 150, 165, 150, 0.44, 50, 100, 1, 6, 5000, 15
1, 6479, 97, 112, 115, 112, 115, 0.44, 50, 100, 1, 3, 5000, 15
1, 5979, 97, 112, 113, 112, 113, 0.44, 50, 100, 1, 2, 5000, 15
1, 6386, 111, 126, 131, 126, 131, 0.44, 50, 100, 1, 3, 5000, 15
1, 7607, 93, 115, 116, 115, 116, 0.44, 50, 100, 1, 4, 5000, 15
0, 10250, 93, 178, 167, 178, 167, 0.44, 50, 100, 1, 7, 5000, 15
0, 10250, 114, 189, 176, 189, 176, 0.44, 50, 100, 1, 6, 5000, 15
1, 6402, 113, 128, 130, 128, 130, 0.44, 50, 100, 1, 3, 5000, 15
1, 6355, 86, 101, 104, 101, 104, 0.44, 50, 100, 1, 3, 5000, 15
0, 10250, 100, 178, 154, 178, 154, 0.44, 50, 100, 1, 6, 5000, 15
1, 6480, 96, 113, 114, 113, 114, 0.44, 50, 100, 1, 3, 5000, 15
1, 9164, 106, 154, 155, 154, 155, 0.44, 50, 100, 1, 5, 5000, 15
0, 10250, 75, 138, 126, 138, 126, 0.44, 50, 100, 1, 6, 5000, 15
1, 7073, 110, 125, 128, 125, 128, 0.44, 50, 100, 1, 3, 5000, 15
1, 6385, 100, 115, 116, 115, 116, 0.44, 50, 100, 1, 3, 5000, 15
0, 10250, 104, 164, 156, 164, 156, 0.44, 50, 100, 1, 6, 5000, 15
0, 10250, 90, 168, 153, 168, 153, 0.44, 50, 100, 1, 6, 5000, 15
1, 6368, 113, 130, 131, 130, 131, 0.44, 50, 100, 1, 3, 5000, 15
0, 10250, 98, 176, 161, 176, 161, 0.44, 50, 100, 1, 6, 5000, 15
0, 10250, 106, 200, 168, 200, 168, 0.44, 50, 100, 1, 6, 5000, 15
1, 9555, 103, 163, 164, 163, 164, 0.44, 50, 100, 1, 6, 5000, 15
1, 5978, 112, 127, 128, 127, 128, 0.44, 50, 100, 1, 2, 5000, 15
0, 10250, 90, 159, 153, 159, 153, 0.44, 50, 100, 1, 6, 5000, 15
1, 8330, 121, 151, 152, 151, 152, 0.44, 50, 100, 1, 4, 5000, 15
0, 10250, 95, 172, 159, 172, 159, 0.44, 50, 100, 1, 6, 5000, 15
0, 10250, 102, 184, 152, 184, 152, 0.44, 50, 100, 1, 6, 5000, 15
1, 7026, 99, 119, 124, 119, 124, 0.44, 50, 100, 1, 3, 5000, 20
0, 12000, 107, 206, 186, 206, 186, 0.44, 50, 100, 1, 8, 5000, 20
1, 7512, 91, 122, 123, 122, 123, 0.44, 50, 100, 1, 4, 5000, 20
1, 6955, 105, 125, 129, 125, 129, 0.44, 50, 100, 1, 3, 5000, 20
0, 12000, 96, 196, 170, 196, 170, 0.44, 50, 100, 1, 8, 5000, 20
1, 8848, 101, 145, 146, 145, 146, 0.44, 50, 100, 1, 5, 5000, 20
1, 8891, 108, 149, 150, 149, 150, 0.44, 50, 100, 1, 5, 5000, 20
1, 7142, 94, 114, 115, 114, 115, 0.44, 50, 100, 1, 3, 5000, 20
0, 12000, 104, 214, 188, 214, 188, 0.44, 50, 100, 1, 9, 5000, 20
0, 12000, 104, 204, 186, 204, 186, 0.44, 50, 100, 1, 8, 5000, 20
0, 12000, 82, 189, 175, 189, 175, 0.44, 50, 100, 1, 8, 5000, 20
1, 7126, 112, 132, 137, 132, 137, 0.44, 50, 100, 1, 3, 5000, 20
0, 12000, 107, 213, 197, 213, 197, 0.44, 50, 100, 1, 8, 5000, 20
0, 12000, 109, 219, 198, 219, 198, 0.44, 50, 100, 1, 8, 5000, 20
0, 12000, 95, 218, 200, 218, 200, 0.44, 50, 100, 1, 8, 5000, 20
1, 11321, 98, 175, 176, 175, 176, 0.44, 50, 100, 1, 7, 5000, 20
0, 12000, 102, 212, 193, 212, 193, 0.44, 50, 100, 1, 8, 5000, 20
0, 12000, 107, 200, 171, 200, 171, 0.44, 50, 100, 1, 8, 5000, 20
0, 12000, 96, 195, 167, 195, 167, 0.44, 50, 100, 1, 8, 5000, 20
1, 7800, 94, 127, 128, 127, 128, 0.44, 50, 100, 1, 4, 5000, 20
1, 8393, 87, 123, 124, 123, 124, 0.44, 50, 100, 1, 4, 5000, 20
1, 7844, 103, 134, 135, 134, 135, 0.44, 50, 100, 1, 4, 5000, 20
0, 12000, 102, 213, 186, 213, 186, 0.44, 50, 100, 1, 8, 5000, 20
1, 7216, 112, 132, 141, 132, 141, 0.44, 50, 100, 1, 4, 5000, 20
0, 12000, 109, 221, 205, 221, 205, 0.44, 50, 100, 1, 8, 5000, 20
0, 12000, 101, 207, 198, 207, 198, 0.44, 50, 100, 1, 8, 5000, 20
0, 12000, 101, 210, 179, 210, 179, 0.44, 50, 100, 1, 8, 5000, 20
0, 12000, 118, 229, 203, 229, 203, 0.44, 50, 100, 1, 8, 5000, 20
0, 12000, 87, 188, 161, 188, 161, 0.44, 50, 100, 1, 8, 5000, 20
0, 12000, 84, 197, 169, 197, 169, 0.44, 50, 100, 1, 8, 5000, 20
0, 12000, 90, 195, 162, 195, 162, 0.44, 50, 100, 1, 8, 5000, 20
0, 12000, 115, 197, 175, 197, 175, 0.44, 50, 100, 1, 8, 5000, 20
1, 9206, 98, 141, 142, 141, 142, 0.44, 50, 100, 1, 5, 5000, 20
0, 12000, 93, 204, 199, 204, 199, 0.44, 50, 100, 1, 8, 5000, 20
0, 12000, 114, 222, 208, 222, 208, 0.44, 50, 100, 1, 8, 5000, 20
1, 8175, 104, 138, 139, 138, 139, 0.44, 50, 100, 1, 4, 5000, 20
0, 12000, 91, 188, 168, 188, 168, 0.44, 50, 100, 1, 8, 5000, 20
0, 12000, 93, 197, 180, 197, 180, 0.44, 50, 100, 1, 8, 5000, 20
1, 7792, 108, 138, 139, 138, 139, 0.44, 50, 100, 1, 4, 5000, 20
1, 6464, 109, 129, 130, 129, 130, 0.44, 50, 100, 1, 3, 5000, 20
0, 12000, 113, 213, 196, 213, 196, 0.44, 50, 100, 1, 8, 5000, 20
1, 7313, 99, 119, 125, 119, 125, 0.44, 50, 100, 1, 3, 5000, 20
0, 12000, 109, 209, 191, 209, 191, 0.44, 50, 100, 1, 8, 5000, 20
1, 8909, 101, 138, 139, 138, 139, 0.44, 50, 100, 1, 5, 5000, 20
1, 8547, 85, 120, 121, 120, 121, 0.44, 50, 100, 1, 4, 5000, 20
1, 7311, 109, 129, 132, 129, 132, 0.44, 50, 100, 1, 3, 5000, 20
0, 12000, 105, 231, 196, 231, 196, 0.44, 50, 100, 1, 8, 5000, 20
1, 7180, 92, 112, 113, 112, 113, 0.44, 50, 100, 1, 3, 5000, 20
1, 11185, 99, 184, 185, 184, 185, 0.44, 50, 100, 1, 7, 5000, 20
1, 7484, 114, 136, 137, 136, 137, 0.44, 50, 100, 1, 4, 5000, 20
0, 12000, 99, 194, 182, 194, 182, 0.44, 50, 100, 1, 8, 5000, 20
1, 7237, 106, 134, 135, 134, 135, 0.44, 50, 100, 1, 4, 5000, 20
1, 7218, 103, 123, 129, 123, 129, 0.44, 50, 100, 1, 4, 5000, 20
1, 6911, 105, 125, 128, 125, 128, 0.44, 50, 100, 1, 3, 5000, 20
0, 12000, 97, 197, 183, 197, 183, 0.44, 50, 100, 1, 8, 5000, 20
1, 6978, 109, 129, 131, 129, 131, 0.44, 50, 100, 1, 3, 5000, 20
1, 6763, 95, 115, 116, 115, 116, 0.44, 50, 100, 1, 3, 5000, 20
1, 6964, 103, 123, 124, 123, 124, 0.44, 50, 100, 1, 3, 5000, 20
0, 12000, 111, 213, 182, 213, 182, 0.44, 50, 100, 1, 8, 5000, 20
1, 7631, 108, 139, 140, 139, 140, 0.44, 50, 100, 1, 4, 5000, 20
1, 9531, 96, 148, 149, 148, 149, 0.44, 50, 100, 1, 6, 5000, 20
1, 6968, 110, 130, 132, 130, 132, 0.44, 50, 100, 1, 3, 5000, 20
1, 7300, 116, 136, 141, 136, 141, 0.44, 50, 100, 1, 3, 5000, 20
0, 12000, 96, 208, 196, 208, 196, 0.44, 50, 100, 1, 8, 5000, 20
1, 7464, 104, 124, 125, 124, 125, 0.44, 50, 100, 1, 4, 5000, 20
0, 12000, 103, 215, 184, 215, 184, 0.44, 50, 100, 1, 8, 5000, 20
0, 12000, 92, 217, 194, 217, 194, 0.44, 50, 100, 1, 8, 5000, 20
0, 12000, 111, 204, 184, 204, 184, 0.44, 50, 100, 1, 8, 5000, 20
1, 7526, 110, 130, 135, 130, 135, 0.44, 50, 100, 1, 4, 5000, 20
1, 8880, 115, 159, 160, 159, 160, 0.44, 50, 100, 1, 5, 5000, 20
1, 7479, 108, 140, 141, 140, 141, 0.44, 50, 100, 1, 4, 5000, 20
1, 6968, 109, 129, 132, 129, 132, 0.44, 50, 100, 1, 3, 5000, 20
0, 12000, 100, 198, 188, 198, 188, 0.44, 50, 100, 1, 8, 5000, 20
1, 7131, 94, 114, 120, 114, 120, 0.44, 50, 100, 1, 3, 5000, 20
1, 7036, 116, 136, 137, 136, 137, 0.44, 50, 100, 1, 5, 5000, 20
1, 7445, 103, 126, 127, 126, 127, 0.44, 50, 100, 1, 4, 5000, 20
1, 11161, 90, 156, 157, 156, 157, 0.44, 50, 100, 1, 7, 5000, 20
0, 12000, 103, 208, 197, 208, 197, 0.44, 50, 100, 1, 9, 5000, 20
0, 12000, 98, 205, 180, 205, 180, 0.44, 50, 100, 1, 9, 5000, 20
0, 12000, 81, 167, 142, 167, 142, 0.44, 50, 100, 1, 9, 5000, 20
0, 12000, 97, 216, 203, 216, 203, 0.44, 50, 100, 1, 8, 5000, 20
0, 12000, 107, 202, 174, 202, 174, 0.44, 50, 100, 1, 9, 5000, 20
1, 9724, 88, 141, 142, 141, 142, 0.44, 50, 100, 1, 7, 5000, 20
1, 7058, 84, 104, 106, 104, 106, 0.44, 50, 100, 1, 4, 5000, 20
0, 12000, 110, 225, 203, 225, 203, 0.44, 50, 100, 1, 8, 5000, 20
0, 12000, 114, 207, 185, 207, 185, 0.44, 50, 100, 1, 8, 5000, 20
1, 8194, 103, 139, 140, 139, 140, 0.44, 50, 100, 1, 4, 5000, 20
1, 8335, 119, 153, 154, 153, 154, 0.44, 50, 100, 1, 5, 5000, 20
1, 6401, 93, 113, 114, 113, 114, 0.44, 50, 100, 1, 3, 5000, 20
0, 12000, 88, 191, 181, 191, 181, 0.44, 50, 100, 1, 8, 5000, 20
1, 7378, 117, 139, 140, 139, 140, 0.44, 50, 100, 1, 4, 5000, 20
0, 12000, 107, 230, 204, 230, 204, 0.44, 50, 100, 1, 8, 5000, 20
1, 6989, 100, 120, 121, 120, 121, 0.44, 50, 100, 1, 3, 5000, 20
0, 12000, 102, 214, 198, 214, 198, 0.44, 50, 100, 1, 8, 5000, 20
1, 6341, 106, 126, 127, 126, 127, 0.44, 50, 100, 1, 3, 5000, 20
0, 12000, 103, 215, 201, 215, 201, 0.44, 50, 100, 1, 8, 5000, 20
1, 6438, 116, 136, 138, 136, 138, 0.44, 50, 100, 1, 3, 5000, 20
0, 12000, 97, 217, 198, 217, 198, 0.44, 50, 100, 1, 8, 5000, 20
0, 12000, 92, 197, 168, 197, 168, 0.44, 50, 100, 1, 8, 5000, 20
0, 12000, 94, 211, 190, 211, 190, 0.44, 50, 100, 1, 8, 5000, 20
0, 13750, 90, 227, 223, 227, 223, 0.44, 50, 100, 1, 10, 5000, 25
0, 13750, 118, 240, 232, 240, 232, 0.44, 50, 100, 1, 10, 5000, 25
0, 13750, 109, 245, 233, 245, 233, 0.44, 50, 100, 1, 10, 5000, 25
0, 13750, 100, 238, 220, 238, 220, 0.44, 50, 100, 1, 10, 5000, 25
0, 13750, 98, 247, 238, 247, 238, 0.44, 50, 100, 1, 9, 5000, 25
1, 10986, 105, 190, 191, 190, 191, 0.44, 50, 100, 1, 7, 5000, 25
1, 7639, 88, 113, 117, 113, 117, 0.44, 50, 100, 1, 4, 5000, 25
0, 13750, 95, 252, 215, 252, 215, 0.44, 50, 100, 1, 9, 5000, 25
0, 13750, 107, 243, 234, 243, 234, 0.44, 50, 100, 1, 10, 5000, 25
1, 7976, 101, 127, 128, 127, 128, 0.44, 50, 100, 1, 6, 5000, 25
0, 13750, 76, 192, 184, 192, 184, 0.44, 50, 100, 1, 12, 5000, 25
1, 8026, 107, 132, 133, 132, 133, 0.44, 50, 100, 1, 4, 5000, 25
0, 13750, 105, 249, 228, 249, 228, 0.44, 50, 100, 1, 10, 5000, 25
0, 13750, 91, 226, 217, 226, 217, 0.44, 50, 100, 1, 10, 5000, 25
0, 13750, 102, 243, 231, 243, 231, 0.44, 50, 100, 1, 10, 5000, 25
0, 13750, 104, 243, 228, 243, 228, 0.44, 50, 100, 1, 10, 5000, 25
0, 13750, 112, 255, 231, 255, 231, 0.44, 50, 100, 1, 10, 5000, 25
0, 13750, 81, 238, 206, 238, 206, 0.44, 50, 100, 1, 10, 5000, 25
1, 8427, 92, 132, 133, 132, 133, 0.44, 50, 100, 1, 6, 5000, 25
0, 13750, 108, 256, 225, 256, 225, 0.44, 50, 100, 1, 11, 5000, 25
1, 9246, 118, 169, 170, 169, 170, 0.44, 50, 100, 1, 5, 5000, 25
0, 13750, 100, 247, 227, 247, 227, 0.44, 50, 100, 1, 10, 5000, 25
1, 7693, 79, 108, 109, 108, 109, 0.44, 50, 100, 1, 4, 5000, 25
0, 13750, 99, 247, 223, 247, 223, 0.44, 50, 100, 1, 10, 5000, 25
0, 13750, 109, 235, 213, 235, 213, 0.44, 50, 100, 1, 10, 5000, 25
0, 13750, 82, 205, 177, 205, 177, 0.44, 50, 100, 1, 9, 5000, 25
0, 13750, 96, 250, 233, 250, 233, 0.44, 50, 100, 1, 10, 5000, 25
0, 13750, 104, 248, 232, 248, 232, 0.44, 50, 100, 1, 12, 5000, 25
0, 13750, 96, 231, 224, 231, 224, 0.44, 50, 100, 1, 12, 5000, 25
1, 7222, 99, 124, 125, 124, 125, 0.44, 50, 100, 1, 3, 5000, 25
0, 13750, 116, 257, 243, 257, 243, 0.44, 50, 100, 1, 10, 5000, 25
1, 7139, 108, 133, 136, 133, 136, 0.44, 50, 100, 1, 4, 5000, 25
1, 7745, 80, 108, 109, 108, 109, 0.44, 50, 100, 1, 4, 5000, 25
1, 9654, 105, 167, 168, 167, 168, 0.44, 50, 100, 1, 6, 5000, 25
0, 13750, 103, 247, 226, 247, 226, 0.44, 50, 100, 1, 10, 5000, 25
1, 8177, 114, 153, 154, 153, 154, 0.44, 50, 100, 1, 4, 5000, 25
1, 7425, 115, 140, 141, 140, 141, 0.44, 50, 100, 1, 4, 5000, 25
0, 13750, 103, 235, 202, 235, 202, 0.44, 50, 100, 1, 9, 5000, 25
0, 13750, 106, 262, 237, 262, 237, 0.44, 50, 100, 1, 10, 5000, 25
0, 13750, 102, 240, 211, 240, 211, 0.44, 50, 100, 1, 10, 5000, 25
0, 13750, 94, 235, 226, 235, 226, 0.44, 50, 100, 1, 10, 5000, 25
0, 13750, 106, 242, 220, 242, 220, 0.44, 50, 100, 1, 10, 5000, 25
1, 8010, 108, 133, 138, 133, 138, 0.44, 50, 100, 1, 4, 5000, 25
0, 13750, 90, 231, 217, 231, 217, 0.44, 50, 100, 1, 9, 5000, 25
0, 13750, 99, 249, 223, 249, 223, 0.44, 50, 100, 1, 9, 5000, 25
0, 13750, 94, 239, 238, 239, 238, 0.44, 50, 100, 1, 10, 5000, 25
0, 13750, 103, 246, 220, 246, 220, 0.44, 50, 100, 1, 10, 5000, 25
1, 8359, 97, 138, 139, 138, 139, 0.44, 50, 100, 1, 4, 5000, 25
0, 13750, 92, 235, 215, 235, 215, 0.44, 50, 100, 1, 10, 5000, 25
1, 7549, 97, 125, 126, 125, 126, 0.44, 50, 100, 1, 4, 5000, 25
0, 13750, 98, 240, 216, 240, 216, 0.44, 50, 100, 1, 13, 5000, 25
0, 13750, 104, 256, 225, 256, 225, 0.44, 50, 100, 1, 10, 5000, 25
0, 13750, 100, 255, 233, 255, 233, 0.44, 50, 100, 1, 10, 5000, 25
1, 9894, 97, 169, 170, 169, 170, 0.44, 50, 100, 1, 6, 5000, 25
1, 7248, 97, 122, 123, 122, 123, 0.44, 50, 100, 1, 3, 5000, 25
0, 13750, 102, 251, 232, 251, 232, 0.44, 50, 100, 1, 10, 5000, 25
0, 13750, 120, 270, 241, 270, 241, 0.44, 50, 100, 1, 10, 5000, 25
0, 13750, 110, 242, 217, 242, 217, 0.44, 50, 100, 1, 10, 5000, 25
0, 13750, 106, 235, 215, 235, 215, 0.44, 50, 100, 1, 10, 5000, 25
0, 13750, 91, 239, 228, 239, 228, 0.44, 50, 100, 1, 10, 5000, 25
1, 11553, 109, 201, 202, 201, 202, 0.44, 50, 100, 1, 8, 5000, 25
1, 7326, 94, 119, 121, 119, 121, 0.44, 50, 100, 1, 4, 5000, 25
0, 13750, 112, 270, 247, 270, 247, 0.44, 50, 100, 1, 10, 5000, 25
0, 13750, 107, 237, 215, 237, 215, 0.44, 50, 100, 1, 10, 5000, 25
0, 13750, 103, 251, 231, 251, 231, 0.44, 50, 100, 1, 11, 5000, 25
0, 13750, 99, 236, 211, 236, 211, 0.44, 50, 100, 1, 10, 5000, 25
0, 13750, 83, 240, 208, 240, 208, 0.44, 50, 100, 1, 11, 5000, 25
1, 8997, 107, 146, 147, 146, 147, 0.44, 50, 100, 1, 6, 5000, 25
0, 13750, 100, 234, 205, 234, 205, 0.44, 50, 100, 1, 11, 5000, 25
1, 8365, 106, 141, 142, 141, 142, 0.44, 50, 100, 1, 5, 5000, 25
1, 7639, 102, 127, 130, 127, 130, 0.44, 50, 100, 1, 4, 5000, 25
0, 13750, 104, 246, 215, 246, 215, 0.44, 50, 100, 1, 9, 5000, 25
0, 13750, 88, 229, 207, 229, 207, 0.44, 50, 100, 1, 9, 5000, 25
0, 13750, 90, 219, 204, 219, 204, 0.44, 50, 100, 1, 10, 5000, 25
0, 13750, 91, 243, 219, 243, 219, 0.44, 50, 100, 1, 10, 5000, 25
0, 13750, 100, 233, 213, 233, 213, 0.44, 50, 100, 1, 10, 5000, 25
1, 7588, 80, 108, 109, 108, 109, 0.44, 50, 100, 1, 4, 5000, 25
0, 13750, 106, 259, 216, 259, 216, 0.44, 50, 100, 1, 10, 5000, 25
0, 13750, 104, 248, 219, 248, 219, 0.44, 50, 100, 1, 10, 5000, 25
1, 7521, 97, 122, 124, 122, 124, 0.44, 50, 100, 1, 4, 5000, 25
0, 13750, 84, 230, 213, 230, 213, 0.44, 50, 100, 1, 10, 5000, 25
1, 7426, 80, 111, 112, 111, 112, 0.44, 50, 100, 1, 4, 5000, 25
1, 7110, 96, 122, 123, 122, 123, 0.44, 50, 100, 1, 4, 5000, 25
1, 7669, 104, 129, 132, 129, 132, 0.44, 50, 100, 1, 4, 5000, 25
0, 13750, 91, 236, 215, 236, 215, 0.44, 50, 100, 1, 10, 5000, 25
1, 7698, 101, 141, 142, 141, 142, 0.44, 50, 100, 1, 5, 5000, 25
0, 13750, 97, 244, 234, 244, 234, 0.44, 50, 100, 1, 12, 5000, 25
0, 13750, 109, 248, 238, 248, 238, 0.44, 50, 100, 1, 10, 5000, 25
1, 11791, 108, 185, 186, 185, 186, 0.44, 50, 100, 1, 7, 5000, 25
1, 7648, 102, 127, 128, 127, 128, 0.44, 50, 100, 1, 4, 5000, 25
1, 8219, 100, 127, 128, 127, 128, 0.44, 50, 100, 1, 4, 5000, 25
1, 7275, 101, 126, 129, 126, 129, 0.44, 50, 100, 1, 3, 5000, 25
1, 6703, 98, 123, 124, 123, 124, 0.44, 50, 100, 1, 3, 5000, 25
1, 7193, 116, 141, 149, 141, 149, 0.44, 50, 100, 1, 3, 5000, 25
1, 8739, 95, 142, 143, 142, 143, 0.44, 50, 100, 1, 5, 5000, 25
1, 8243, 107, 138, 139, 138, 139, 0.44, 50, 100, 1, 5, 5000, 25
0, 13750, 103, 259, 238, 259, 238, 0.44, 50, 100, 1, 10, 5000, 25
1, 7280, 94, 119, 122, 119, 122, 0.44, 50, 100, 1, 4, 5000, 25
0, 13750, 98, 236, 223, 236, 223, 0.44, 50, 100, 1, 10, 5000, 25
1, 7686, 103, 131, 132, 131, 132, 0.44, 50, 100, 1, 4, 5000, 25
0, 15500, 112, 290, 280, 290, 280, 0.44, 50, 100, 1, 12, 5000, 30
0, 15500, 98, 265, 244, 265, 244, 0.44, 50, 100, 1, 12, 5000, 30
0, 15500, 97, 263, 229, 263, 229, 0.44, 50, 100, 1, 12, 5000, 30
0, 15500, 107, 287, 244, 287, 244, 0.44, 50, 100, 1, 12, 5000, 30
1, 8776, 98, 128, 132, 128, 132, 0.44, 50, 100, 1, 5, 5000, 30
0, 15500, 93, 262, 262, 262, 262, 0.44, 50, 100, 1, 12, 5000, 30
0, 15500, 111, 291, 265, 291, 265, 0.44, 50, 100, 1, 12, 5000, 30
0, 15500, 114, 284, 271, 284, 271, 0.44, 50, 100, 1, 13, 5000, 30
0, 15500, 89, 264, 247, 264, 247, 0.44, 50, 100, 1, 11, 5000, 30
1, 12068, 91, 179, 180, 179, 180, 0.44, 50, 100, 1, 8, 5000, 30
1, 7697, 101, 131, 132, 131, 132, 0.44, 50, 100, 1, 4, 5000, 30
1, 9163, 99, 148, 149, 148, 149, 0.44, 50, 100, 1, 5, 5000, 30
0, 15500, 119, 273, 270, 273, 270, 0.44, 50, 100, 1, 12, 5000, 30
0, 15500, 114, 283, 267, 283, 267, 0.44, 50, 100, 1, 11, 5000, 30
0, 15500, 113, 292, 267, 292, 267, 0.44, 50, 100, 1, 12, 5000, 30
0, 15500, 106, 289, 273, 289, 273, 0.44, 50, 100, 1, 11, 5000, 30
0, 15500, 95, 268, 248, 268, 248, 0.44, 50, 100, 1, 12, 5000, 30
0, 15500, 96, 259, 247, 259, 247, 0.44, 50, 100, 1, 11, 5000, 30
1, 13969, 117, 255, 256, 255, 256, 0.44, 50, 100, 1, 10, 5000, 30
0, 15500, 104, 265, 263, 265, 263, 0.44, 50, 100, 1, 11, 5000, 30
1, 13003, 103, 232, 233, 232, 233, 0.44, 50, 100, 1, 9, 5000, 30
0, 15500, 94, 250, 228, 250, 228, 0.44, 50, 100, 1, 11, 5000, 30
0, 15500, 110, 279, 254, 279, 254, 0.44, 50, 100, 1, 11, 5000, 30
1, 9152, 101, 160, 161, 160, 161, 0.44, 50, 100, 1, 5, 5000, 30
1, 15315, 94, 263, 264, 263, 264, 0.44, 50, 100, 1, 11, 5000, 30
1, 9211, 99, 143, 144, 143, 144, 0.44, 50, 100, 1, 5, 5000, 30
1, 11547, 98, 184, 185, 184, 185, 0.44, 50, 100, 1, 8, 5000, 30
1, 7594, 110, 140, 141, 140, 141, 0.44, 50, 100, 1, 4, 5000, 30
0, 15500, 85, 267, 244, 267, 244, 0.44, 50, 100, 1, 11, 5000, 30
1, 7858, 93, 123, 127, 123, 127, 0.44, 50, 100, 1, 4, 5000, 30
0, 15500, 87, 257, 230, 257, 230, 0.44, 50, 100, 1, 11, 5000, 30
0, 15500, 98, 275, 251, 275, 251, 0.44, 50, 100, 1, 11, 5000, 30
0, 15500, 100, 264, 246, 264, 246, 0.44, 50, 100, 1, 11, 5000, 30
0, 15500, 101, 286, 266, 286, 266, 0.44, 50, 100, 1, 12, 5000, 30
0, 15500, 91, 274, 253, 274, 253, 0.44, 50, 100, 1, 11, 5000, 30
1, 12462, 104, 211, 212, 211, 212, 0.44, 50, 100, 1, 9, 5000, 30
0, 15500, 98, 283, 268, 283, 268, 0.44, 50, 100, 1, 12, 5000, 30
0, 15500, 91, 276, 261, 276, 261, 0.44, 50, 100, 1, 11, 5000, 30
0, 15500, 89, 269, 240, 269, 240, 0.44, 50, 100, 1, 15, 5000, 30
0, 15500, 106, 300, 274, 300, 274, 0.44, 50, 100, 1, 15, 5000, 30
0, 15500, 114, 286, 266, 286, 266, 0.44, 50, 100, 1, 11, 5000, 30
1, 8350, 116, 146, 148, 146, 148, 0.44, 50, 100, 1, 5, 5000, 30
0, 15500, 103, 283, 263, 283, 263, 0.44, 50, 100, 1, 12, 5000, 30
1, 7436, 100, 130, 136, 130, 136, 0.44, 50, 100, 1, 4, 5000, 30
0, 15500, 98, 282, 246, 282, 246, 0.44, 50, 100, 1, 12, 5000, 30
1, 7737, 112, 145, 146, 145, 146, 0.44, 50, 100, 1, 4, 5000, 30
0, 15500, 101, 277, 265, 277, 265, 0.44, 50, 100, 1, 12, 5000, 30
1, 8294, 91, 121, 122, 121, 122, 0.44, 50, 100, 1, 4, 5000, 30
0, 15500, 97, 269, 255, 269, 255, 0.44, 50, 100, 1, 11, 5000, 30
1, 7794, 103, 133, 138, 133, 138, 0.44, 50, 100, 1, 4, 5000, 30
1, 14854, 102, 263, 264, 263, 264, 0.44, 50, 100, 1, 11, 5000, 30
1, 9234, 126, 174, 175, 174, 175, 0.44, 50, 100, 1, 5, 5000, 30
0, 15500, 105, 296, 265, 296, 265, 0.44, 50, 100, 1, 11, 5000, 30
1, 9736, 109, 167, 168, 167, 168, 0.44, 50, 100, 1, 6, 5000, 30
0, 15500, 92, 264, 248, 264, 248, 0.44, 50, 100, 1, 11, 5000, 30
1, 10163, 101, 182, 183, 182, 183, 0.44, 50, 100, 1, 6, 5000, 30
1, 7016, 101, 131, 132, 131, 132, 0.44, 50, 100, 1, 3, 5000, 30
1, 10515, 108, 173, 174, 173, 174, 0.44, 50, 100, 1, 6, 5000, 30
1, 7553, 108, 138, 146, 138, 146, 0.44, 50, 100, 1, 4, 5000, 30
0, 15500, 98, 262, 234, 262, 234, 0.44, 50, 100, 1, 11, 5000, 30
0, 15500, 94, 269, 248, 269, 248, 0.44, 50, 100, 1, 11, 5000, 30
1, 8265, 97, 138, 139, 138, 139, 0.44, 50, 100, 1, 4, 5000, 30
0, 15500, 105, 281, 270, 281, 270, 0.44, 50, 100, 1, 11, 5000, 30
0, 15500, 104, 286, 252, 286, 252, 0.44, 50, 100, 1, 11, 5000, 30
1, 7606, 101, 131, 135, 131, 135, 0.44, 50, 100, 1, 4, 5000, 30
0, 15500, 100, 268, 233, 268, 233, 0.44, 50, 100, 1, 11, 5000, 30
0, 15500, 96, 275, 260, 275, 260, 0.44, 50, 100, 1, 11, 5000, 30
0, 15500, 103, 284, 269, 284, 269, 0.44, 50, 100, 1, 11, 5000, 30
1, 8937, 81, 122, 123, 122, 123, 0.44, 50, 100, 1, 5, 5000, 30
0, 15500, 99, 282, 259, 282, 259, 0.44, 50, 100, 1, 12, 5000, 30
1, 8710, 81, 113, 114, 113, 114, 0.44, 50, 100, 1, 5, 5000, 30
1, 8076, 105, 139, 140, 139, 140, 0.44, 50, 100, 1, 4, 5000, 30
1, 11249, 88, 172, 173, 172, 173, 0.44, 50, 100, 1, 7, 5000, 30
0, 15500, 106, 282, 265, 282, 265, 0.44, 50, 100, 1, 11, 5000, 30
0, 15500, 95, 250, 229, 250, 229, 0.44, 50, 100, 1, 11, 5000, 30
1, 11774, 120, 197, 198, 197, 198, 0.44, 50, 100, 1, 8, 5000, 30
0, 15500, 94, 279, 246, 279, 246, 0.44, 50, 100, 1, 11, 5000, 30
0, 15500, 104, 272, 266, 272, 266, 0.44, 50, 100, 1, 13, 5000, 30
1, 7801, 116, 150, 151, 150, 151, 0.44, 50, 100, 1, 5, 5000, 30
0, 15500, 99, 288, 265, 288, 265, 0.44, 50, 100, 1, 12, 5000, 30
1, 8584, 105, 142, 143, 142, 143, 0.44, 50, 100, 1, 5, 5000, 30
0, 15500, 112, 276, 264, 276, 264, 0.44, 50, 100, 1, 12, 5000, 30
1, 7696, 98, 128, 130, 128, 130, 0.44, 50, 100, 1, 4, 5000, 30
1, 11607, 108, 200, 201, 200, 201, 0.44, 50, 100, 1, 7, 5000, 30
1, 10118, 100, 163, 164, 163, 164, 0.44, 50, 100, 1, 6, 5000, 30
1, 7901, 97, 127, 128, 127, 128, 0.44, 50, 100, 1, 4, 5000, 30
1, 7691, 125, 158, 159, 158, 159, 0.44, 50, 100, 1, 4, 5000, 30
0, 15500, 102, 267, 265, 267, 265, 0.44, 50, 100, 1, 11, 5000, 30
1, 7364, 93, 123, 124, 123, 124, 0.44, 50, 100, 1, 4, 5000, 30
0, 15500, 92, 257, 249, 257, 249, 0.44, 50, 100, 1, 12, 5000, 30
1, 9499, 105, 160, 161, 160, 161, 0.44, 50, 100, 1, 5, 5000, 30
1, 7336, 97, 127, 130, 127, 130, 0.44, 50, 100, 1, 3, 5000, 30
0, 15500, 109, 287, 267, 287, 267, 0.44, 50, 100, 1, 11, 5000, 30
1, 8204, 106, 137, 138, 137, 138, 0.44, 50, 100, 1, 4, 5000, 30
0, 15500, 117, 275, 255, 275, 255, 0.44, 50, 100, 1, 11, 5000, 30
0, 15500, 93, 264, 251, 264, 251, 0.44, 50, 100, 1, 11, 5000, 30
0, 15500, 102, 278, 261, 278, 261, 0.44, 50, 100, 1, 12, 5000, 30
0, 15500, 108, 277, 261, 277, 261, 0.44, 50, 100, 1, 12, 5000, 30
0, 15500, 101, 283, 261, 283, 261, 0.44, 50, 100, 1, 11, 5000, 30
0, 15500, 122, 286, 261, 286, 261, 0.44, 50, 100, 1, 11, 5000, 30
1, 8024, 96, 131, 136, 131, 136, 0.44, 50, 100, 1, 4, 5000, 35
0, 17250, 103, 298, 291, 298, 291, 0.44, 50, 100, 1, 13, 5000, 35
0, 17250, 95, 319, 284, 319, 284, 0.44, 50, 100, 1, 13, 5000, 35
0, 17250, 97, 301, 284, 301, 284, 0.44, 50, 100, 1, 13, 5000, 35
1, 8515, 113, 152, 153, 152, 153, 0.44, 50, 100, 1, 5, 5000, 35
1, 12969, 83, 195, 196, 195, 196, 0.44, 50, 100, 1, 9, 5000, 35
0, 17250, 107, 302, 296, 302, 296, 0.44, 50, 100, 1, 13, 5000, 35
0, 17250, 112, 324, 312, 324, 312, 0.44, 50, 100, 1, 13, 5000, 35
0, 17250, 96, 311, 288, 311, 288, 0.44, 50, 100, 1, 13, 5000, 35
0, 17250, 104, 312, 284, 312, 284, 0.44, 50, 100, 1, 13, 5000, 35
0, 17250, 80, 312, 290, 312, 290, 0.44, 50, 100, 1, 13, 5000, 35
0, 17250, 102, 319, 297, 319, 297, 0.44, 50, 100, 1, 13, 5000, 35
1, 11898, 92, 186, 187, 186, 187, 0.44, 50, 100, 1, 8, 5000, 35
0, 17250, 93, 307, 288, 307, 288, 0.44, 50, 100, 1, 16, 5000, 35
1, 8273, 107, 142, 144, 142, 144, 0.44, 50, 100, 1, 6, 5000, 35
1, 9077, 108, 145, 146, 145, 146, 0.44, 50, 100, 1, 5, 5000, 35
1, 7824, 101, 138, 139, 138, 139, 0.44, 50, 100, 1, 4, 5000, 35
1, 8174, 96, 133, 134, 133, 134, 0.44, 50, 100, 1, 4, 5000, 35
1, 7726, 95, 130, 132, 130, 132, 0.44, 50, 100, 1, 4, 5000, 35
1, 8218, 117, 152, 155, 152, 155, 0.44, 50, 100, 1, 4, 5000, 35
1, 14094, 85, 226, 227, 226, 227, 0.44, 50, 100, 1, 10, 5000, 35
0, 17250, 86, 293, 279, 293, 279, 0.44, 50, 100, 1, 17, 5000, 35
0, 17250, 108, 329, 308, 329, 308, 0.44, 50, 100, 1, 14, 5000, 35
0, 17250, 79, 293, 269, 293, 269, 0.44, 50, 100, 1, 13, 5000, 35
1, 8316, 121, 156, 160, 156, 160, 0.44, 50, 100, 1, 4, 5000, 35
0, 17250, 107, 324, 306, 324, 306, 0.44, 50, 100, 1, 13, 5000, 35
1, 8457, 88, 123, 126, 123, 126, 0.44, 50, 100, 1, 5, 5000, 35
1, 15026, 112, 256, 257, 256, 257, 0.44, 50, 100, 1, 11, 5000, 35
1, 9973, 98, 155, 156, 155, 156, 0.44, 50, 100, 1, 6, 5000, 35
1, 8554, 108, 143, 144, 143, 144, 0.44, 50, 100, 1, 5, 5000, 35
0, 17250, 104, 303, 283, 303, 283, 0.44, 50, 100, 1, 13, 5000, 35
0, 17250, 104, 295, 275, 295, 275, 0.44, 50, 100, 1, 13, 5000, 35
0, 17250, 94, 292, 274, 292, 274, 0.44, 50, 100, 1, 13, 5000, 35
0, 17250, 110, 317, 304, 317, 304, 0.44, 50, 100, 1, 13, 5000, 35
1, 7740, 96, 132, 133, 132, 133, 0.44, 50, 100, 1, 4, 5000, 35
0, 17250, 89, 314, 283, 314, 283, 0.44, 50, 100, 1, 14, 5000, 35
0, 17250, 89, 307, 294, 307, 294, 0.44, 50, 100, 1, 15, 5000, 35
1, 15948, 91, 284, 285, 284, 285, 0.44, 50, 100, 1, 12, 5000, 35
1, 15062, 95, 245, 246, 245, 246, 0.44, 50, 100, 1, 11, 5000, 35
0, 17250, 90, 297, 279, 297, 279, 0.44, 50, 100, 1, 13, 5000, 35
0, 17250, 95, 308, 296, 308, 296, 0.44, 50, 100, 1, 14, 5000, 35
0, 17250, 88, 300, 292, 300, 292, 0.44, 50, 100, 1, 13, 5000, 35
0, 17250, 97, 306, 283, 306, 283, 0.44, 50, 100, 1, 14, 5000, 35
1, 11259, 88, 172, 173, 172, 173, 0.44, 50, 100, 1, 8, 5000, 35
0, 17250, 98, 315, 299, 315, 299, 0.44, 50, 100, 1, 14, 5000, 35
1, 8495, 103, 138, 139, 138, 139, 0.44, 50, 100, 1, 5, 5000, 35
1, 8349, 96, 131, 136, 131, 136, 0.44, 50, 100, 1, 4, 5000, 35
0, 17250, 100, 327, 303, 327, 303, 0.44, 50, 100, 1, 13, 5000, 35
1, 8485, 101, 143, 144, 143, 144, 0.44, 50, 100, 1, 5, 5000, 35
0, 17250, 106, 317, 306, 317, 306, 0.44, 50, 100, 1, 13, 5000, 35
0, 17250, 100, 323, 304, 323, 304, 0.44, 50, 100, 1, 13, 5000, 35
0, 17250, 85, 295, 273, 295, 273, 0.44, 50, 100, 1, 13, 5000, 35
0, 17250, 103, 313, 291, 313, 291, 0.44, 50, 100, 1, 14, 5000, 35
0, 17250, 109, 317, 292, 317, 292, 0.44, 50, 100, 1, 14, 5000, 35
1, 11472, 102, 197, 198, 197, 198, 0.44, 50, 100, 1, 8, 5000, 35
0, 17250, 78, 294, 285, 294, 285, 0.44, 50, 100, 1, 14, 5000, 35
1, 8370, 105, 145, 146, 145, 146, 0.44, 50, 100, 1, 5, 5000, 35
0, 17250, 96, 303, 281, 303, 281, 0.44, 50, 100, 1, 13, 5000, 35
0, 17250, 103, 308, 289, 308, 289, 0.44, 50, 100, 1, 13, 5000, 35
0, 17250, 97, 312, 288, 312, 288, 0.44, 50, 100, 1, 13, 5000, 35
0, 17250, 106, 311, 283, 311, 283, 0.44, 50, 100, 1, 13, 5000, 35
1, 8147, 113, 155, 156, 155, 156, 0.44, 50, 100, 1, 5, 5000, 35
0, 17250, 104, 306, 278, 306, 278, 0.44, 50, 100, 1, 14, 5000, 35
1, 8318, 89, 125, 126, 125, 126, 0.44, 50, 100, 1, 4, 5000, 35
0, 17250, 100, 313, 289, 313, 289, 0.44, 50, 100, 1, 13, 5000, 35
0, 17250, 89, 308, 280, 308, 280, 0.44, 50, 100, 1, 14, 5000, 35
0, 17250, 106, 316, 292, 316, 292, 0.44, 50, 100, 1, 13, 5000, 35
0, 17250, 101, 322, 301, 322, 301, 0.44, 50, 100, 1, 13, 5000, 35
0, 17250, 121, 319, 304, 319, 304, 0.44, 50, 100, 1, 13, 5000, 35
1, 8566, 97, 144, 145, 144, 145, 0.44, 50, 100, 1, 6, 5000, 35
0, 17250, 100, 297, 280, 297, 280, 0.44, 50, 100, 1, 17, 5000, 35
0, 17250, 92, 283, 253, 283, 253, 0.44, 50, 100, 1, 19, 5000, 35
1, 14423, 106, 252, 253, 252, 253, 0.44, 50, 100, 1, 14, 5000, 35
1, 8013, 104, 139, 141, 139, 141, 0.44, 50, 100, 1, 5, 5000, 35
0, 17250, 99, 320, 293, 320, 293, 0.44, 50, 100, 1, 14, 5000, 35
1, 8699, 98, 133, 137, 133, 137, 0.44, 50, 100, 1, 6, 5000, 35
0, 17250, 117, 335, 325, 335, 325, 0.44, 50, 100, 1, 14, 5000, 35
1, 8965, 114, 162, 163, 162, 163, 0.44, 50, 100, 1, 5, 5000, 35
0, 17250, 113, 319, 291, 319, 291, 0.44, 50, 100, 1, 13, 5000, 35
0, 17250, 110, 324, 301, 324, 301, 0.44, 50, 100, 1, 13, 5000, 35
1, 8344, 96, 133, 134, 133, 134, 0.44, 50, 100, 1, 5, 5000, 35
0, 17250, 103, 300, 286, 300, 286, 0.44, 50, 100, 1, 14, 5000, 35
0, 17250, 101, 315, 297, 315, 297, 0.44, 50, 100, 1, 15, 5000, 35
0, 17250, 106, 314, 286, 314, 286, 0.44, 50, 100, 1, 15, 5000, 35
0, 17250, 95, 316, 298, 316, 298, 0.44, 50, 100, 1, 13, 5000, 35
0, 17250, 113, 307, 295, 307, 295, 0.44, 50, 100, 1, 13, 5000, 35
0, 17250, 107, 301, 286, 301, 286, 0.44, 50, 100, 1, 14, 5000, 35
0, 17250, 96, 316, 279, 316, 279, 0.44, 50, 100, 1, 13, 5000, 35
1, 8541, 98, 133, 134, 133, 134, 0.44, 50, 100, 1, 5, 5000, 35
0, 17250, 103, 310, 306, 310, 306, 0.44, 50, 100, 1, 13, 5000, 35
1, 14557, 83, 240, 241, 240, 241, 0.44, 50, 100, 1, 13, 5000, 35
0, 17250, 113, 324, 305, 324, 305, 0.44, 50, 100, 1, 15, 5000, 35
0, 17250, 102, 305, 291, 305, 291, 0.44, 50, 100, 1, 14, 5000, 35
1, 12779, 112, 217, 218, 217, 218, 0.44, 50, 100, 1, 9, 5000, 35
0, 17250, 89, 314, 284, 314, 284, 0.44, 50, 100, 1, 14, 5000, 35
1, 8747, 109, 153, 154, 153, 154, 0.44, 50, 100, 1, 6, 5000, 35
0, 17250, 99, 306, 291, 306, 291, 0.44, 50, 100, 1, 13, 5000, 35
1, 12544, 107, 211, 212, 211, 212, 0.44, 50, 100, 1, 9, 5000, 35
1, 9876, 109, 159, 160, 159, 160, 0.44, 50, 100, 1, 6, 5000, 35
0, 17250, 103, 330, 308, 330, 308, 0.44, 50, 100, 1, 13, 5000, 35
1, 8925, 108, 153, 162, 153, 162, 0.44, 50, 100, 1, 5, 5000, 45
0, 20750, 81, 348, 330, 348, 330, 0.44, 50, 100, 1, 17, 5000, 45
0, 20750, 94, 370, 356, 370, 356, 0.44, 50, 100, 1, 17, 5000, 45
1, 19189, 88, 332, 333, 332, 333, 0.44, 50, 100, 1, 15, 5000, 45
1, 10762, 101, 158, 159, 158, 159, 0.44, 50, 100, 1, 7, 5000, 45
1, 16452, 88, 260, 261, 260, 261, 0.44, 50, 100, 1, 14, 5000, 45
0, 20750, 102, 374, 361, 374, 361, 0.44, 50, 100, 1, 19, 5000, 45
1, 10476, 104, 178, 179, 178, 179, 0.44, 50, 100, 1, 7, 5000, 45
1, 11255, 101, 182, 183, 182, 183, 0.44, 50, 100, 1, 8, 5000, 45
0, 20750, 103, 391, 377, 391, 377, 0.44, 50, 100, 1, 19, 5000, 45
0, 20750, 104, 390, 365, 390, 365, 0.44, 50, 100, 1, 20, 5000, 45
0, 20750, 97, 380, 369, 380, 369, 0.44, 50, 100, 1, 18, 5000, 45
1, 15707, 101, 270, 271, 270, 271, 0.44, 50, 100, 1, 14, 5000, 45
1, 15146, 113, 258, 259, 258, 259, 0.44, 50, 100, 1, 13, 5000, 45
0, 20750, 114, 372, 350, 372, 350, 0.44, 50, 100, 1, 19, 5000, 45
0, 20750, 107, 379, 371, 379, 371, 0.44, 50, 100, 1, 17, 5000, 45
1, 9972, 97, 155, 156, 155, 156, 0.44, 50, 100, 1, 6, 5000, 45
0, 20750, 112, 392, 355, 392, 355, 0.44, 50, 100, 1, 17, 5000, 45
0, 20750, 104, 389, 376, 389, 376, 0.44, 50, 100, 1, 18, 5000, 45
1, 10470, 91, 159, 160, 159, 160, 0.44, 50, 100, 1, 7, 5000, 45
1, 16741, 108, 300, 301, 300, 301, 0.44, 50, 100, 1, 13, 5000, 45
1, 8672, 95, 141, 142, 141, 142, 0.44, 50, 100, 1, 5, 5000, 45
1, 12643, 104, 230, 231, 230, 231, 0.44, 50, 100, 1, 9, 5000, 45
0, 20750, 105, 384, 374, 384, 374, 0.44, 50, 100, 1, 17, 5000, 45
0, 20750, 91, 382, 362, 382, 362, 0.44, 50, 100, 1, 19, 5000, 45
0, 20750, 108, 394, 371, 394, 371, 0.44, 50, 100, 1, 20, 5000, 45
0, 20750, 108, 377, 367, 377, 367, 0.44, 50, 100, 1, 19, 5000, 45
1, 8549, 104, 152, 153, 152, 153, 0.44, 50, 100, 1, 5, 5000, 45
0, 20750, 100, 375, 362, 375, 362, 0.44, 50, 100, 1, 18, 5000, 45
0, 20750, 110, 384, 356, 384, 356, 0.44, 50, 100, 1, 17, 5000, 45
0, 20750, 99, 387, 366, 387, 366, 0.44, 50, 100, 1, 17, 5000, 45
0, 20750, 104, 380, 368, 380, 368, 0.44, 50, 100, 1, 17, 5000, 45
0, 20750, 103, 381, 363, 381, 363, 0.44, 50, 100, 1, 19, 5000, 45
0, 20750, 108, 396, 363, 396, 363, 0.44, 50, 100, 1, 17, 5000, 45
0, 20750, 100, 372, 332, 372, 332, 0.44, 50, 100, 1, 17, 5000, 45
0, 20750, 105, 382, 366, 382, 366, 0.44, 50, 100, 1, 17, 5000, 45
1, 8483, 105, 150, 151, 150, 151, 0.44, 50, 100, 1, 5, 5000, 45
0, 20750, 100, 385, 357, 385, 357, 0.44, 50, 100, 1, 17, 5000, 45
0, 20750, 103, 378, 367, 378, 367, 0.44, 50, 100, 1, 18, 5000, 45
1, 9576, 105, 150, 156, 150, 156, 0.44, 50, 100, 1, 6, 5000, 45
0, 20750, 99, 379, 363, 379, 363, 0.44, 50, 100, 1, 17, 5000, 45
1, 13785, 96, 232, 233, 232, 233, 0.44, 50, 100, 1, 10, 5000, 45
0, 20750, 123, 388, 379, 388, 379, 0.44, 50, 100, 1, 16, 5000, 45
0, 20750, 110, 401, 374, 401, 374, 0.44, 50, 100, 1, 16, 5000, 45
0, 20750, 116, 396, 378, 396, 378, 0.44, 50, 100, 1, 16, 5000, 45
1, 12237, 87, 208, 209, 208, 209, 0.44, 50, 100, 1, 9, 5000, 45
1, 19589, 97, 354, 355, 354, 355, 0.44, 50, 100, 1, 15, 5000, 45
1, 8732, 95, 141, 142, 141, 142, 0.44, 50, 100, 1, 5, 5000, 45
0, 20750, 108, 384, 355, 384, 355, 0.44, 50, 100, 1, 17, 5000, 45
1, 14737, 94, 248, 249, 248, 249, 0.44, 50, 100, 1, 10, 5000, 45
1, 9254, 80, 125, 132, 125, 132, 0.44, 50, 100, 1, 5, 5000, 45
0, 20750, 115, 398, 383, 398, 383, 0.44, 50, 100, 1, 17, 5000, 45
0, 20750, 89, 368, 353, 368, 353, 0.44, 50, 100, 1, 17, 5000, 45
0, 20750, 78, 354, 347, 354, 347, 0.44, 50, 100, 1, 17, 5000, 45
0, 20750, 119, 396, 375, 396, 375, 0.44, 50, 100, 1, 17, 5000, 45
1, 9686, 93, 151, 152, 151, 152, 0.44, 50, 100, 1, 6, 5000, 45
0, 20750, 85, 354, 344, 354, 344, 0.44, 50, 100, 1, 18, 5000, 45
0, 20750, 102, 401, 364, 401, 364, 0.44, 50, 100, 1, 17, 5000, 45
0, 20750, 109, 386, 358, 386, 358, 0.44, 50, 100, 1, 21, 5000, 45
1, 8596, 127, 172, 178, 172, 178, 0.44, 50, 100, 1, 5, 5000, 45
0, 20750, 112, 399, 384, 399, 384, 0.44, 50, 100, 1, 21, 5000, 45
0, 20750, 108, 378, 368, 378, 368, 0.44, 50, 100, 1, 17, 5000, 45
0, 20750, 102, 389, 367, 389, 367, 0.44, 50, 100, 1, 18, 5000, 45
0, 20750, 105, 391, 366, 391, 366, 0.44, 50, 100, 1, 17, 5000, 45
0, 20750, 107, 387, 369, 387, 369, 0.44, 50, 100, 1, 17, 5000, 45
0, 20750, 95, 369, 355, 369, 355, 0.44, 50, 100, 1, 17, 5000, 45
0, 20750, 99, 397, 349, 397, 349, 0.44, 50, 100, 1, 17, 5000, 45
0, 20750, 109, 394, 371, 394, 371, 0.44, 50, 100, 1, 17, 5000, 45
1, 10237, 95, 161, 162, 161, 162, 0.44, 50, 100, 1, 7, 5000, 45
1, 15323, 94, 265, 266, 265, 266, 0.44, 50, 100, 1, 12, 5000, 45
0, 20750, 106, 382, 368, 382, 368, 0.44, 50, 100, 1, 18, 5000, 45
1, 19839, 111, 353, 354, 353, 354, 0.44, 50, 100, 1, 17, 5000, 45
0, 20750, 108, 384, 376, 384, 376, 0.44, 50, 100, 1, 17, 5000, 45
0, 20750, 104, 394, 378, 394, 378, 0.44, 50, 100, 1, 17, 5000, 45
1, 13099, 104, 210, 211, 210, 211, 0.44, 50, 100, 1, 9, 5000, 45
0, 20750, 107, 391, 370, 391, 370, 0.44, 50, 100, 1, 17, 5000, 45
1, 10910, 113, 169, 170, 169, 170, 0.44, 50, 100, 1, 7, 5000, 45
0, 20750, 88, 392, 362, 392, 362, 0.44, 50, 100, 1, 17, 5000, 45
1, 9039, 104, 157, 158, 157, 158, 0.44, 50, 100, 1, 5, 5000, 45
1, 9645, 101, 146, 150, 146, 150, 0.44, 50, 100, 1, 7, 5000, 45
0, 20750, 101, 373, 351, 373, 351, 0.44, 50, 100, 1, 19, 5000, 45
1, 8583, 103, 148, 149, 148, 149, 0.44, 50, 100, 1, 5, 5000, 45
0, 20750, 106, 384, 349, 384, 349, 0.44, 50, 100, 1, 17, 5000, 45
1, 8504, 99, 146, 147, 146, 147, 0.44, 50, 100, 1, 5, 5000, 45
0, 20750, 102, 388, 376, 388, 376, 0.44, 50, 100, 1, 18, 5000, 45
1, 12225, 103, 198, 199, 198, 199, 0.44, 50, 100, 1, 8, 5000, 45
0, 20750, 106, 387, 363, 387, 363, 0.44, 50, 100, 1, 18, 5000, 45
0, 20750, 105, 364, 350, 364, 350, 0.44, 50, 100, 1, 17, 5000, 45
1, 9787, 101, 163, 164, 163, 164, 0.44, 50, 100, 1, 6, 5000, 45
1, 11863, 95, 195, 196, 195, 196, 0.44, 50, 100, 1, 8, 5000, 45
0, 20750, 91, 356, 344, 356, 344, 0.44, 50, 100, 1, 17, 5000, 45
1, 10797, 105, 174, 175, 174, 175, 0.44, 50, 100, 1, 7, 5000, 45
0, 20750, 114, 388, 374, 388, 374, 0.44, 50, 100, 1, 17, 5000, 45
0, 20750, 89, 367, 345, 367, 345, 0.44, 50, 100, 1, 17, 5000, 45
0, 20750, 103, 377, 348, 377, 348, 0.44, 50, 100, 1, 17, 5000, 45
1, 8986, 104, 153, 154, 153, 154, 0.44, 50, 100, 1, 5, 5000, 45
0, 20750, 105, 392, 391, 392, 391, 0.44, 50, 100, 1, 17, 5000, 45
0, 20750, 102, 387, 364, 387, 364, 0.44, 50, 100, 1, 17, 5000, 45
0, 20750, 96, 391, 369, 391, 369, 0.44, 50, 100, 1, 17, 5000, 45
1, 10251, 122, 177, 185, 177, 185, 0.44, 50, 100, 1, 9, 5000, 55
0, 20750, 97, 396, 368, 396, 368, 0.44, 50, 100, 1, 20, 5000, 45
1, 10299, 121, 180, 181, 180, 181, 0.44, 50, 100, 1, 6, 5000, 55
0, 24250, 86, 439, 413, 439, 413, 0.44, 50, 100, 1, 20, 5000, 55
0, 24250, 124, 466, 439, 466, 439, 0.44, 50, 100, 1, 20, 5000, 55
0, 24250, 95, 450, 427, 450, 427, 0.44, 50, 100, 1, 20, 5000, 55
0, 24250, 87, 451, 439, 451, 439, 0.44, 50, 100, 1, 20, 5000, 55
0, 24250, 102, 461, 451, 461, 451, 0.44, 50, 100, 1, 20, 5000, 55
0, 24250, 85, 451, 418, 451, 418, 0.44, 50, 100, 1, 21, 5000, 55
0, 24250, 99, 444, 413, 444, 413, 0.44, 50, 100, 1, 20, 5000, 55
1, 12565, 106, 221, 222, 221, 222, 0.44, 50, 100, 1, 8, 5000, 55
0, 24250, 112, 455, 427, 455, 427, 0.44, 50, 100, 1, 22, 5000, 55
0, 24250, 79, 436, 407, 436, 407, 0.44, 50, 100, 1, 21, 5000, 55
1, 21868, 92, 391, 392, 391, 392, 0.44, 50, 100, 1, 19, 5000, 55
0, 24250, 100, 446, 429, 446, 429, 0.44, 50, 100, 1, 20, 5000, 55
0, 24250, 101, 440, 410, 440, 410, 0.44, 50, 100, 1, 20, 5000, 55
1, 23087, 111, 431, 432, 431, 432, 0.44, 50, 100, 1, 20, 5000, 55
0, 24250, 92, 445, 438, 445, 438, 0.44, 50, 100, 1, 25, 5000, 55
1, 19512, 97, 353, 354, 353, 354, 0.44, 50, 100, 1, 16, 5000, 55
0, 24250, 108, 462, 438, 462, 438, 0.44, 50, 100, 1, 26, 5000, 55
1, 10482, 94, 176, 177, 176, 177, 0.44, 50, 100, 1, 8, 5000, 55
0, 24250, 105, 462, 435, 462, 435, 0.44, 50, 100, 1, 22, 5000, 55
1, 10450, 110, 187, 188, 187, 188, 0.44, 50, 100, 1, 7, 5000, 55
0, 24250, 86, 431, 418, 431, 418, 0.44, 50, 100, 1, 23, 5000, 55
0, 24250, 92, 464, 438, 464, 438, 0.44, 50, 100, 1, 21, 5000, 55
1, 14312, 105, 249, 250, 249, 250, 0.44, 50, 100, 1, 14, 5000, 55
0, 24250, 100, 457, 433, 457, 433, 0.44, 50, 100, 1, 20, 5000, 55
1, 14176, 103, 254, 255, 254, 255, 0.44, 50, 100, 1, 11, 5000, 55
0, 24250, 102, 445, 434, 445, 434, 0.44, 50, 100, 1, 21, 5000, 55
0, 24250, 108, 464, 444, 464, 444, 0.44, 50, 100, 1, 22, 5000, 55
1, 14872, 89, 246, 247, 246, 247, 0.44, 50, 100, 1, 12, 5000, 55
0, 24250, 107, 457, 428, 457, 428, 0.44, 50, 100, 1, 20, 5000, 55
0, 24250, 119, 454, 441, 454, 441, 0.44, 50, 100, 1, 20, 5000, 55
0, 24250, 98, 460, 438, 460, 438, 0.44, 50, 100, 1, 21, 5000, 55
1, 9559, 107, 166, 167, 166, 167, 0.44, 50, 100, 1, 6, 5000, 55
0, 24250, 90, 440, 424, 440, 424, 0.44, 50, 100, 1, 20, 5000, 55
0, 24250, 103, 437, 424, 437, 424, 0.44, 50, 100, 1, 20, 5000, 55
0, 24250, 107, 468, 453, 468, 453, 0.44, 50, 100, 1, 21, 5000, 55
1, 14048, 109, 254, 255, 254, 255, 0.44, 50, 100, 1, 10, 5000, 55
0, 24250, 108, 466, 445, 466, 445, 0.44, 50, 100, 1, 23, 5000, 55
0, 24250, 102, 449, 436, 449, 436, 0.44, 50, 100, 1, 19, 5000, 55
1, 9588, 101, 156, 170, 156, 170, 0.44, 50, 100, 1, 6, 5000, 55
0, 24250, 110, 479, 463, 479, 463, 0.44, 50, 100, 1, 22, 5000, 55
1, 9144, 98, 153, 155, 153, 155, 0.44, 50, 100, 1, 6, 5000, 55
0, 24250, 112, 460, 447, 460, 447, 0.44, 50, 100, 1, 20, 5000, 55
1, 14863, 95, 248, 249, 248, 249, 0.44, 50, 100, 1, 11, 5000, 55
0, 24250, 94, 440, 419, 440, 419, 0.44, 50, 100, 1, 20, 5000, 55
1, 12953, 109, 220, 221, 220, 221, 0.44, 50, 100, 1, 9, 5000, 55
1, 9571, 95, 150, 157, 150, 157, 0.44, 50, 100, 1, 6, 5000, 55
0, 24250, 100, 449, 423, 449, 423, 0.44, 50, 100, 1, 21, 5000, 55
1, 9519, 111, 166, 173, 166, 173, 0.44, 50, 100, 1, 6, 5000, 55
0, 24250, 90, 440, 424, 440, 424, 0.44, 50, 100, 1, 22, 5000, 55
1, 9291, 112, 167, 173, 167, 173, 0.44, 50, 100, 1, 6, 5000, 55
0, 24250, 83, 444, 421, 444, 421, 0.44, 50, 100, 1, 22, 5000, 55
1, 15928, 108, 271, 272, 271, 272, 0.44, 50, 100, 1, 13, 5000, 55
0, 24250, 104, 454, 435, 454, 435, 0.44, 50, 100, 1, 24, 5000, 55
1, 9134, 94, 159, 160, 159, 160, 0.44, 50, 100, 1, 7, 5000, 55
1, 17111, 108, 295, 296, 295, 296, 0.44, 50, 100, 1, 14, 5000, 55
0, 24250, 107, 435, 418, 435, 418, 0.44, 50, 100, 1, 21, 5000, 55
0, 24250, 70, 428, 412, 428, 412, 0.44, 50, 100, 1, 26, 5000, 55
0, 24250, 99, 445, 417, 445, 417, 0.44, 50, 100, 1, 22, 5000, 55
0, 24250, 116, 465, 457, 465, 457, 0.44, 50, 100, 1, 23, 5000, 55
0, 24250, 97, 444, 416, 444, 416, 0.44, 50, 100, 1, 24, 5000, 55
0, 24250, 102, 453, 443, 453, 443, 0.44, 50, 100, 1, 26, 5000, 55
0, 24250, 99, 452, 434, 452, 434, 0.44, 50, 100, 1, 21, 5000, 55
1, 23442, 97, 435, 436, 435, 436, 0.44, 50, 100, 1, 22, 5000, 55
0, 24250, 102, 452, 427, 452, 427, 0.44, 50, 100, 1, 21, 5000, 55
1, 8922, 105, 160, 161, 160, 161, 0.44, 50, 100, 1, 6, 5000, 55
1, 10331, 109, 164, 167, 164, 167, 0.44, 50, 100, 1, 7, 5000, 55
0, 24250, 109, 448, 423, 448, 423, 0.44, 50, 100, 1, 23, 5000, 55
1, 21475, 111, 394, 395, 394, 395, 0.44, 50, 100, 1, 21, 5000, 55
1, 9446, 105, 162, 163, 162, 163, 0.44, 50, 100, 1, 6, 5000, 55
0, 24250, 107, 454, 429, 454, 429, 0.44, 50, 100, 1, 20, 5000, 55
1, 12220, 93, 201, 202, 201, 202, 0.44, 50, 100, 1, 9, 5000, 55
0, 24250, 99, 444, 437, 444, 437, 0.44, 50, 100, 1, 22, 5000, 55
1, 9409, 98, 154, 155, 154, 155, 0.44, 50, 100, 1, 8, 5000, 55
0, 24250, 91, 450, 432, 450, 432, 0.44, 50, 100, 1, 24, 5000, 55
1, 10339, 113, 168, 170, 168, 170, 0.44, 50, 100, 1, 7, 5000, 55
0, 24250, 95, 444, 425, 444, 425, 0.44, 50, 100, 1, 23, 5000, 55
0, 24250, 117, 453, 442, 453, 442, 0.44, 50, 100, 1, 23, 5000, 55
1, 12432, 100, 197, 198, 197, 198, 0.44, 50, 100, 1, 9, 5000, 55
1, 9283, 99, 154, 157, 154, 157, 0.44, 50, 100, 1, 5, 5000, 55
0, 24250, 94, 449, 423, 449, 423, 0.44, 50, 100, 1, 21, 5000, 55
0, 24250, 105, 457, 417, 457, 417, 0.44, 50, 100, 1, 25, 5000, 55
0, 24250, 98, 448, 431, 448, 431, 0.44, 50, 100, 1, 23, 5000, 55
0, 24250, 104, 455, 430, 455, 430, 0.44, 50, 100, 1, 20, 5000, 55
1, 21029, 96, 387, 388, 387, 388, 0.44, 50, 100, 1, 17, 5000, 55
0, 24250, 97, 472, 437, 472, 437, 0.44, 50, 100, 1, 22, 5000, 55
1, 13467, 106, 246, 247, 246, 247, 0.44, 50, 100, 1, 10, 5000, 55
0, 24250, 114, 465, 440, 465, 440, 0.44, 50, 100, 1, 21, 5000, 55
0, 24250, 118, 482, 460, 482, 460, 0.44, 50, 100, 1, 21, 5000, 55
1, 15970, 87, 265, 266, 265, 266, 0.44, 50, 100, 1, 14, 5000, 55
0, 24250, 90, 430, 412, 430, 412, 0.44, 50, 100, 1, 22, 5000, 55
1, 10394, 107, 181, 182, 181, 182, 0.44, 50, 100, 1, 7, 5000, 55
0, 24250, 81, 453, 431, 453, 431, 0.44, 50, 100, 1, 23, 5000, 55
0, 24250, 112, 463, 446, 463, 446, 0.44, 50, 100, 1, 20, 5000, 55
1, 11450, 98, 183, 184, 183, 184, 0.44, 50, 100, 1, 7, 5000, 55
0, 24250, 115, 445, 431, 445, 431, 0.44, 50, 100, 1, 21, 5000, 55
1, 18894, 87, 333, 334, 333, 334, 0.44, 50, 100, 1, 15, 5000, 55
1, 10497, 84, 164, 165, 164, 165, 0.44, 50, 100, 1, 7, 5000, 65
0, 24250, 98, 463, 442, 463, 442, 0.44, 50, 100, 1, 21, 5000, 55
0, 24250, 112, 463, 434, 463, 434, 0.44, 50, 100, 1, 21, 5000, 55
1, 10382, 102, 167, 168, 167, 168, 0.44, 50, 100, 1, 6, 5000, 65
0, 27750, 107, 527, 498, 527, 498, 0.44, 50, 100, 1, 25, 5000, 65
0, 27750, 97, 517, 492, 517, 492, 0.44, 50, 100, 1, 25, 5000, 65
1, 11339, 89, 179, 180, 179, 180, 0.44, 50, 100, 1, 7, 5000, 65
0, 27750, 88, 521, 501, 521, 501, 0.44, 50, 100, 1, 26, 5000, 65
1, 20389, 102, 357, 358, 357, 358, 0.44, 50, 100, 1, 18, 5000, 65
0, 27750, 96, 516, 503, 516, 503, 0.44, 50, 100, 1, 27, 5000, 65
0, 27750, 114, 528, 509, 528, 509, 0.44, 50, 100, 1, 25, 5000, 65
1, 23188, 103, 432, 433, 432, 433, 0.44, 50, 100, 1, 20, 5000, 65
0, 27750, 99, 521, 495, 521, 495, 0.44, 50, 100, 1, 28, 5000, 65
1, 9957, 93, 158, 159, 158, 159, 0.44, 50, 100, 1, 6, 5000, 65
0, 27750, 88, 493, 488, 493, 488, 0.44, 50, 100, 1, 28, 5000, 65
0, 27750, 102, 526, 507, 526, 507, 0.44, 50, 100, 1, 26, 5000, 65
1, 14044, 95, 244, 245, 244, 245, 0.44, 50, 100, 1, 11, 5000, 65
0, 27750, 100, 520, 517, 520, 517, 0.44, 50, 100, 1, 24, 5000, 65
1, 10041, 96, 161, 163, 161, 163, 0.44, 50, 100, 1, 7, 5000, 65
0, 27750, 91, 518, 492, 518, 492, 0.44, 50, 100, 1, 28, 5000, 65
1, 10966, 96, 169, 170, 169, 170, 0.44, 50, 100, 1, 7, 5000, 65
0, 27750, 93, 510, 493, 510, 493, 0.44, 50, 100, 1, 25, 5000, 65
1, 20257, 113, 360, 361, 360, 361, 0.44, 50, 100, 1, 16, 5000, 65
0, 27750, 86, 514, 501, 514, 501, 0.44, 50, 100, 1, 27, 5000, 65
1, 20075, 111, 353, 354, 353, 354, 0.44, 50, 100, 1, 18, 5000, 65
1, 11979, 86, 182, 183, 182, 183, 0.44, 50, 100, 1, 8, 5000, 65
0, 27750, 104, 528, 499, 528, 499, 0.44, 50, 100, 1, 25, 5000, 65
1, 10927, 104, 177, 178, 177, 178, 0.44, 50, 100, 1, 7, 5000, 65
0, 27750, 85, 507, 486, 507, 486, 0.44, 50, 100, 1, 29, 5000, 65
0, 27750, 95, 529, 517, 529, 517, 0.44, 50, 100, 1, 26, 5000, 65
1, 10658, 115, 189, 190, 189, 190, 0.44, 50, 100, 1, 7, 5000, 65
1, 15503, 104, 271, 272, 271, 272, 0.44, 50, 100, 1, 13, 5000, 65
1, 11437, 105, 185, 186, 185, 186, 0.44, 50, 100, 1, 8, 5000, 65
0, 27750, 100, 532, 504, 532, 504, 0.44, 50, 100, 1, 30, 5000, 65
1, 15769, 120, 284, 285, 284, 285, 0.44, 50, 100, 1, 12, 5000, 65
0, 27750, 111, 529, 506, 529, 506, 0.44, 50, 100, 1, 26, 5000, 65
1, 19133, 115, 348, 349, 348, 349, 0.44, 50, 100, 1, 16, 5000, 65
0, 27750, 105, 528, 518, 528, 518, 0.44, 50, 100, 1, 31, 5000, 65
1, 11004, 98, 171, 172, 171, 172, 0.44, 50, 100, 1, 8, 5000, 65
0, 27750, 98, 528, 510, 528, 510, 0.44, 50, 100, 1, 31, 5000, 65
0, 27750, 109, 523, 500, 523, 500, 0.44, 50, 100, 1, 28, 5000, 65
0, 27750, 115, 543, 513, 543, 513, 0.44, 50, 100, 1, 26, 5000, 65
1, 9511, 96, 165, 166, 165, 166, 0.44, 50, 100, 1, 8, 5000, 65
1, 23905, 112, 447, 448, 447, 448, 0.44, 50, 100, 1, 24, 5000, 65
1, 17239, 100, 299, 300, 299, 300, 0.44, 50, 100, 1, 14, 5000, 65
0, 27750, 118, 542, 516, 542, 516, 0.44, 50, 100, 1, 31, 5000, 65
1, 25653, 109, 494, 495, 494, 495, 0.44, 50, 100, 1, 23, 5000, 65
1, 19054, 121, 343, 344, 343, 344, 0.44, 50, 100, 1, 17, 5000, 65
0, 27750, 96, 517, 489, 517, 489, 0.44, 50, 100, 1, 25, 5000, 65
0, 27750, 86, 508, 488, 508, 488, 0.44, 50, 100, 1, 31, 5000, 65
0, 27750, 104, 529, 511, 529, 511, 0.44, 50, 100, 1, 26, 5000, 65
1, 16575, 104, 296, 297, 296, 297, 0.44, 50, 100, 1, 18, 5000, 65
0, 27750, 99, 532, 515, 532, 515, 0.44, 50, 100, 1, 24, 5000, 65
0, 27750, 87, 510, 480, 510, 480, 0.44, 50, 100, 1, 31, 5000, 65
0, 27750, 126, 513, 504, 513, 504, 0.44, 50, 100, 1, 28, 5000, 65
0, 27750, 113, 527, 521, 527, 521, 0.44, 50, 100, 1, 31, 5000, 65
0, 27750, 108, 529, 516, 529, 516, 0.44, 50, 100, 1, 28, 5000, 65
0, 27750, 88, 494, 458, 494, 458, 0.44, 50, 100, 1, 30, 5000, 65
0, 27750, 121, 532, 515, 532, 515, 0.44, 50, 100, 1, 27, 5000, 65
0, 27750, 96, 514, 492, 514, 492, 0.44, 50, 100, 1, 32, 5000, 65
0, 27750, 111, 518, 503, 518, 503, 0.44, 50, 100, 1, 26, 5000, 65
0, 27750, 106, 530, 515, 530, 515, 0.44, 50, 100, 1, 25, 5000, 65
1, 13146, 99, 203, 204, 203, 204, 0.44, 50, 100, 1, 11, 5000, 65
0, 27750, 89, 506, 475, 506, 475, 0.44, 50, 100, 1, 26, 5000, 65
1, 10291, 103, 168, 175, 168, 175, 0.44, 50, 100, 1, 9, 5000, 65
0, 27750, 111, 521, 502, 521, 502, 0.44, 50, 100, 1, 28, 5000, 65
0, 27750, 99, 533, 495, 533, 495, 0.44, 50, 100, 1, 27, 5000, 65
0, 27750, 107, 526, 507, 526, 507, 0.44, 50, 100, 1, 24, 5000, 65
1, 20542, 110, 375, 376, 375, 376, 0.44, 50, 100, 1, 17, 5000, 65
1, 26160, 115, 480, 481, 480, 481, 0.44, 50, 100, 1, 23, 5000, 65
1, 12127, 84, 188, 189, 188, 189, 0.44, 50, 100, 1, 8, 5000, 65
1, 23979, 103, 441, 442, 441, 442, 0.44, 50, 100, 1, 20, 5000, 65
0, 27750, 102, 517, 487, 517, 487, 0.44, 50, 100, 1, 29, 5000, 65
1, 14102, 100, 253, 254, 253, 254, 0.44, 50, 100, 1, 10, 5000, 65
0, 27750, 101, 514, 494, 514, 494, 0.44, 50, 100, 1, 24, 5000, 65
0, 27750, 98, 543, 517, 543, 517, 0.44, 50, 100, 1, 29, 5000, 65
0, 27750, 107, 519, 504, 519, 504, 0.44, 50, 100, 1, 24, 5000, 65
1, 18787, 95, 306, 307, 306, 307, 0.44, 50, 100, 1, 15, 5000, 65
0, 27750, 107, 528, 507, 528, 507, 0.44, 50, 100, 1, 24, 5000, 65
1, 16652, 102, 287, 288, 287, 288, 0.44, 50, 100, 1, 13, 5000, 65
0, 27750, 97, 533, 514, 533, 514, 0.44, 50, 100, 1, 25, 5000, 65
0, 27750, 116, 530, 518, 530, 518, 0.44, 50, 100, 1, 32, 5000, 65
1, 15641, 89, 249, 250, 249, 250, 0.44, 50, 100, 1, 12, 5000, 65
0, 27750, 104, 532, 507, 532, 507, 0.44, 50, 100, 1, 31, 5000, 65
0, 27750, 105, 536, 522, 536, 522, 0.44, 50, 100, 1, 25, 5000, 65
0, 27750, 99, 511, 503, 511, 503, 0.44, 50, 100, 1, 26, 5000, 65
1, 10713, 103, 169, 170, 169, 170, 0.44, 50, 100, 1, 7, 5000, 65
0, 27750, 114, 527, 508, 527, 508, 0.44, 50, 100, 1, 27, 5000, 65
0, 27750, 108, 550, 519, 550, 519, 0.44, 50, 100, 1, 28, 5000, 65
1, 25981, 115, 488, 489, 488, 489, 0.44, 50, 100, 1, 26, 5000, 65
1, 11144, 102, 192, 193, 192, 193, 0.44, 50, 100, 1, 8, 5000, 65
1, 10269, 100, 165, 174, 165, 174, 0.44, 50, 100, 1, 7, 5000, 65
0, 27750, 122, 537, 518, 537, 518, 0.44, 50, 100, 1, 29, 5000, 65
0, 27750, 83, 508, 487, 508, 487, 0.44, 50, 100, 1, 24, 5000, 65
1, 10060, 108, 173, 180, 173, 180, 0.44, 50, 100, 1, 6, 5000, 65
0, 27750, 102, 516, 510, 516, 510, 0.44, 50, 100, 1, 25, 5000, 65
0, 27750, 99, 511, 474, 511, 474, 0.44, 50, 100, 1, 23, 5000, 65
0, 27750, 95, 513, 504, 513, 504, 0.44, 50, 100, 1, 30, 5000, 65
0, 27750, 108, 522, 510, 522, 510, 0.44, 50, 100, 1, 26, 5000, 65
0, 27750, 115, 536, 509, 536, 509, 0.44, 50, 100, 1, 31, 5000, 65
1, 22299, 100, 400, 401, 400, 401, 0.44, 50, 100, 1, 20, 5000, 65
0, 27750, 105, 528, 498, 528, 498, 0.44, 50, 100, 1, 26, 5000, 65
0, 31250, 91, 580, 549, 580, 549, 0.44, 50, 100, 1, 29, 5000, 75
0, 31250, 102, 588, 572, 588, 572, 0.44, 50, 100, 1, 29, 5000, 75
0, 31250, 78, 566, 552, 566, 552, 0.44, 50, 100, 1, 29, 5000, 75
1, 13856, 95, 210, 211, 210, 211, 0.44, 50, 100, 1, 10, 5000, 75
1, 23238, 100, 416, 417, 416, 417, 0.44, 50, 100, 1, 20, 5000, 75
1, 28869, 97, 526, 527, 526, 527, 0.44, 50, 100, 1, 29, 5000, 75
1, 11146, 102, 185, 186, 185, 186, 0.44, 50, 100, 1, 8, 5000, 75
1, 11003, 91, 167, 168, 167, 168, 0.44, 50, 100, 1, 8, 5000, 75
0, 31250, 96, 593, 580, 593, 580, 0.44, 50, 100, 1, 32, 5000, 75
1, 10760, 92, 167, 169, 167, 169, 0.44, 50, 100, 1, 9, 5000, 75
0, 31250, 91, 576, 557, 576, 557, 0.44, 50, 100, 1, 32, 5000, 75
0, 31250, 107, 585, 575, 585, 575, 0.44, 50, 100, 1, 28, 5000, 75
1, 11140, 108, 187, 188, 187, 188, 0.44, 50, 100, 1, 7, 5000, 75
0, 31250, 107, 602, 580, 602, 580, 0.44, 50, 100, 1, 28, 5000, 75
1, 17931, 116, 328, 329, 328, 329, 0.44, 50, 100, 1, 15, 5000, 75
0, 31250, 107, 609, 576, 609, 576, 0.44, 50, 100, 1, 38, 5000, 75
0, 31250, 89, 580, 564, 580, 564, 0.44, 50, 100, 1, 37, 5000, 75
1, 26798, 100, 491, 492, 491, 492, 0.44, 50, 100, 1, 25, 5000, 75
0, 31250, 90, 570, 550, 570, 550, 0.44, 50, 100, 1, 29, 5000, 75
0, 31250, 116, 616, 587, 616, 587, 0.44, 50, 100, 1, 29, 5000, 75
0, 31250, 108, 600, 589, 600, 589, 0.44, 50, 100, 1, 28, 5000, 75
1, 26517, 95, 469, 470, 469, 470, 0.44, 50, 100, 1, 22, 5000, 75
0, 31250, 93, 574, 561, 574, 561, 0.44, 50, 100, 1, 32, 5000, 75
0, 31250, 101, 589, 567, 589, 567, 0.44, 50, 100, 1, 34, 5000, 75
1, 22430, 89, 406, 407, 406, 407, 0.44, 50, 100, 1, 21, 5000, 75
0, 31250, 81, 562, 549, 562, 549, 0.44, 50, 100, 1, 35, 5000, 75
0, 31250, 87, 582, 569, 582, 569, 0.44, 50, 100, 1, 31, 5000, 75
1, 31044, 114, 576, 577, 576, 577, 0.44, 50, 100, 1, 31, 5000, 75
0, 31250, 84, 558, 531, 558, 531, 0.44, 50, 100, 1, 30, 5000, 75
0, 31250, 110, 580, 570, 580, 570, 0.44, 50, 100, 1, 33, 5000, 75
1, 17016, 99, 300, 301, 300, 301, 0.44, 50, 100, 1, 16, 5000, 75
0, 31250, 104, 582, 562, 582, 562, 0.44, 50, 100, 1, 30, 5000, 75
0, 31250, 107, 598, 583, 598, 583, 0.44, 50, 100, 1, 29, 5000, 75
0, 31250, 114, 587, 573, 587, 573, 0.44, 50, 100, 1, 41, 5000, 75
0, 31250, 96, 581, 563, 581, 563, 0.44, 50, 100, 1, 34, 5000, 75
0, 31250, 121, 593, 569, 593, 569, 0.44, 50, 100, 1, 37, 5000, 75
0, 31250, 102, 596, 585, 596, 585, 0.44, 50, 100, 1, 33, 5000, 75
1, 23339, 97, 429, 430, 429, 430, 0.44, 50, 100, 1, 24, 5000, 75
1, 13907, 102, 235, 236, 235, 236, 0.44, 50, 100, 1, 10, 5000, 75
0, 31250, 89, 584, 554, 584, 554, 0.44, 50, 100, 1, 39, 5000, 75
0, 31250, 96, 575, 558, 575, 558, 0.44, 50, 100, 1, 28, 5000, 75
1, 14870, 106, 260, 261, 260, 261, 0.44, 50, 100, 1, 11, 5000, 75
0, 31250, 99, 594, 562, 594, 562, 0.44, 50, 100, 1, 33, 5000, 75
0, 31250, 89, 572, 552, 572, 552, 0.44, 50, 100, 1, 28, 5000, 75
0, 31250, 99, 572, 551, 572, 551, 0.44, 50, 100, 1, 32, 5000, 75
1, 28090, 107, 529, 530, 529, 530, 0.44, 50, 100, 1, 30, 5000, 75
1, 23023, 103, 420, 421, 420, 421, 0.44, 50, 100, 1, 20, 5000, 75
0, 31250, 112, 604, 590, 604, 590, 0.44, 50, 100, 1, 28, 5000, 75
1, 11340, 99, 174, 177, 174, 177, 0.44, 50, 100, 1, 7, 5000, 75
0, 31250, 91, 589, 570, 589, 570, 0.44, 50, 100, 1, 28, 5000, 75
0, 31250, 75, 562, 539, 562, 539, 0.44, 50, 100, 1, 30, 5000, 75
0, 31250, 100, 588, 569, 588, 569, 0.44, 50, 100, 1, 28, 5000, 75
0, 31250, 95, 583, 552, 583, 552, 0.44, 50, 100, 1, 34, 5000, 75
1, 11492, 99, 174, 177, 174, 177, 0.44, 50, 100, 1, 11, 5000, 75
1, 18489, 98, 323, 324, 323, 324, 0.44, 50, 100, 1, 16, 5000, 75
0, 31250, 96, 596, 577, 596, 577, 0.44, 50, 100, 1, 32, 5000, 75
1, 12064, 95, 195, 196, 195, 196, 0.44, 50, 100, 1, 12, 5000, 75
1, 27929, 101, 513, 514, 513, 514, 0.44, 50, 100, 1, 33, 5000, 75
0, 31250, 106, 599, 575, 599, 575, 0.44, 50, 100, 1, 28, 5000, 75
1, 13278, 107, 218, 219, 218, 219, 0.44, 50, 100, 1, 9, 5000, 75
1, 20398, 106, 360, 361, 360, 361, 0.44, 50, 100, 1, 17, 5000, 75
1, 13353, 117, 226, 227, 226, 227, 0.44, 50, 100, 1, 10, 5000, 75
0, 31250, 104, 590, 573, 590, 573, 0.44, 50, 100, 1, 31, 5000, 75
1, 24100, 111, 440, 441, 440, 441, 0.44, 50, 100, 1, 21, 5000, 75
1, 16103, 106, 291, 292, 291, 292, 0.44, 50, 100, 1, 12, 5000, 75
0, 31250, 108, 593, 574, 593, 574, 0.44, 50, 100, 1, 30, 5000, 75
0, 31250, 104, 587, 572, 587, 572, 0.44, 50, 100, 1, 30, 5000, 75
0, 31250, 96, 586, 557, 586, 557, 0.44, 50, 100, 1, 27, 5000, 75
1, 10607, 109, 184, 186, 184, 186, 0.44, 50, 100, 1, 7, 5000, 75
0, 31250, 87, 568, 566, 568, 566, 0.44, 50, 100, 1, 27, 5000, 75
0, 31250, 96, 598, 576, 598, 576, 0.44, 50, 100, 1, 29, 5000, 75
0, 31250, 86, 570, 558, 570, 558, 0.44, 50, 100, 1, 32, 5000, 75
1, 11871, 96, 207, 208, 207, 208, 0.44, 50, 100, 1, 9, 5000, 75
0, 31250, 99, 586, 547, 586, 547, 0.44, 50, 100, 1, 28, 5000, 75
1, 11844, 113, 205, 206, 205, 206, 0.44, 50, 100, 1, 11, 5000, 75
0, 31250, 104, 590, 564, 590, 564, 0.44, 50, 100, 1, 33, 5000, 75
0, 31250, 102, 599, 592, 599, 592, 0.44, 50, 100, 1, 31, 5000, 75
0, 31250, 104, 597, 582, 597, 582, 0.44, 50, 100, 1, 32, 5000, 75
1, 12198, 119, 214, 215, 214, 215, 0.44, 50, 100, 1, 8, 5000, 75
0, 31250, 97, 589, 560, 589, 560, 0.44, 50, 100, 1, 31, 5000, 75
0, 31250, 115, 613, 582, 613, 582, 0.44, 50, 100, 1, 36, 5000, 75
0, 31250, 96, 595, 575, 595, 575, 0.44, 50, 100, 1, 31, 5000, 75
0, 31250, 110, 606, 588, 606, 588, 0.44, 50, 100, 1, 37, 5000, 75
1, 30148, 103, 567, 568, 567, 568, 0.44, 50, 100, 1, 28, 5000, 75
0, 31250, 102, 585, 548, 585, 548, 0.44, 50, 100, 1, 33, 5000, 75
1, 16325, 92, 275, 276, 275, 276, 0.44, 50, 100, 1, 13, 5000, 75
0, 31250, 98, 589, 563, 589, 563, 0.44, 50, 100, 1, 31, 5000, 75
0, 31250, 87, 591, 568, 591, 568, 0.44, 50, 100, 1, 31, 5000, 75
1, 18666, 94, 329, 330, 329, 330, 0.44, 50, 100, 1, 16, 5000, 75
1, 10889, 101, 176, 177, 176, 177, 0.44, 50, 100, 1, 8, 5000, 75
0, 31250, 93, 586, 570, 586, 570, 0.44, 50, 100, 1, 32, 5000, 75
1, 12581, 89, 198, 199, 198, 199, 0.44, 50, 100, 1, 9, 5000, 75
0, 31250, 89, 581, 556, 581, 556, 0.44, 50, 100, 1, 36, 5000, 75
0, 31250, 97, 573, 557, 573, 557, 0.44, 50, 100, 1, 29, 5000, 75
1, 14817, 93, 242, 243, 242, 243, 0.44, 50, 100, 1, 11, 5000, 75
0, 31250, 103, 601, 588, 601, 588, 0.44, 50, 100, 1, 32, 5000, 75
0, 31250, 109, 599, 564, 599, 564, 0.44, 50, 100, 1, 30, 5000, 75
0, 31250, 103, 585, 570, 585, 570, 0.44, 50, 100, 1, 28, 5000, 75
1, 18418, 100, 338, 339, 338, 339, 0.44, 50, 100, 1, 16, 5000, 85
0, 31250, 90, 590, 554, 590, 554, 0.44, 50, 100, 1, 28, 5000, 75
0, 31250, 88, 581, 565, 581, 565, 0.44, 50, 100, 1, 28, 5000, 75
1, 23668, 91, 422, 423, 422, 423, 0.44, 50, 100, 1, 22, 5000, 85
1, 12775, 110, 220, 221, 220, 221, 0.44, 50, 100, 1, 10, 5000, 85
0, 34750, 106, 656, 637, 656, 637, 0.44, 50, 100, 1, 33, 5000, 85
1, 14542, 113, 257, 258, 257, 258, 0.44, 50, 100, 1, 11, 5000, 85
0, 34750, 104, 666, 652, 666, 652, 0.44, 50, 100, 1, 32, 5000, 85
0, 34750, 126, 685, 648, 685, 648, 0.44, 50, 100, 1, 31, 5000, 85
1, 22157, 103, 406, 407, 406, 407, 0.44, 50, 100, 1, 19, 5000, 85
0, 34750, 105, 668, 653, 668, 653, 0.44, 50, 100, 1, 32, 5000, 85
1, 15733, 99, 254, 255, 254, 255, 0.44, 50, 100, 1, 13, 5000, 85
0, 34750, 103, 660, 639, 660, 639, 0.44, 50, 100, 1, 32, 5000, 85
0, 34750, 98, 655, 634, 655, 634, 0.44, 50, 100, 1, 33, 5000, 85
0, 34750, 86, 648, 630, 648, 630, 0.44, 50, 100, 1, 36, 5000, 85
0, 34750, 95, 663, 641, 663, 641, 0.44, 50, 100, 1, 32, 5000, 85
0, 34750, 112, 683, 665, 683, 665, 0.44, 50, 100, 1, 37, 5000, 85
0, 34750, 89, 659, 626, 659, 626, 0.44, 50, 100, 1, 33, 5000, 85
1, 28910, 96, 542, 543, 542, 543, 0.44, 50, 100, 1, 28, 5000, 85
0, 34750, 102, 658, 629, 658, 629, 0.44, 50, 100, 1, 33, 5000, 85
1, 14626, 110, 266, 267, 266, 267, 0.44, 50, 100, 1, 14, 5000, 85
1, 22808, 90, 410, 411, 410, 411, 0.44, 50, 100, 1, 24, 5000, 85
0, 34750, 110, 667, 647, 667, 647, 0.44, 50, 100, 1, 36, 5000, 85
0, 34750, 100, 667, 642, 667, 642, 0.44, 50, 100, 1, 34, 5000, 85
1, 10989, 89, 175, 176, 175, 176, 0.44, 50, 100, 1, 8, 5000, 85
0, 34750, 114, 671, 654, 671, 654, 0.44, 50, 100, 1, 35, 5000, 85
0, 34750, 105, 656, 649, 656, 649, 0.44, 50, 100, 1, 34, 5000, 85
0, 34750, 112, 666, 637, 666, 637, 0.44, 50, 100, 1, 33, 5000, 85
1, 21172, 95, 377, 378, 377, 378, 0.44, 50, 100, 1, 19, 5000, 85
0, 34750, 112, 666, 651, 666, 651, 0.44, 50, 100, 1, 37, 5000, 85
0, 34750, 103, 663, 643, 663, 643, 0.44, 50, 100, 1, 33, 5000, 85
1, 32450, 107, 617, 618, 617, 618, 0.44, 50, 100, 1, 35, 5000, 85
0, 34750, 104, 654, 622, 654, 622, 0.44, 50, 100, 1, 34, 5000, 85
1, 16191, 87, 273, 274, 273, 274, 0.44, 50, 100, 1, 13, 5000, 85
0, 34750, 111, 666, 649, 666, 649, 0.44, 50, 100, 1, 37, 5000, 85
1, 24309, 103, 437, 438, 437, 438, 0.44, 50, 100, 1, 23, 5000, 85
0, 34750, 98, 677, 643, 677, 643, 0.44, 50, 100, 1, 35, 5000, 85
0, 34750, 113, 678, 637, 678, 637, 0.44, 50, 100, 1, 41, 5000, 85
0, 34750, 95, 654, 634, 654, 634, 0.44, 50, 100, 1, 35, 5000, 85
0, 34750, 111, 672, 654, 672, 654, 0.44, 50, 100, 1, 36, 5000, 85
1, 26811, 101, 474, 475, 474, 475, 0.44, 50, 100, 1, 25, 5000, 85
1, 28727, 101, 536, 537, 536, 537, 0.44, 50, 100, 1, 31, 5000, 85
0, 34750, 102, 666, 653, 666, 653, 0.44, 50, 100, 1, 41, 5000, 85
0, 34750, 104, 660, 628, 660, 628, 0.44, 50, 100, 1, 39, 5000, 85
0, 34750, 114, 669, 652, 669, 652, 0.44, 50, 100, 1, 42, 5000, 85
0, 34750, 96, 662, 644, 662, 644, 0.44, 50, 100, 1, 40, 5000, 85
0, 34750, 101, 665, 639, 665, 639, 0.44, 50, 100, 1, 37, 5000, 85
0, 34750, 96, 662, 643, 662, 643, 0.44, 50, 100, 1, 34, 5000, 85
1, 21219, 106, 392, 393, 392, 393, 0.44, 50, 100, 1, 23, 5000, 85
0, 34750, 105, 669, 633, 669, 633, 0.44, 50, 100, 1, 36, 5000, 85
1, 11478, 99, 184, 193, 184, 193, 0.44, 50, 100, 1, 10, 5000, 85
0, 34750, 104, 662, 642, 662, 642, 0.44, 50, 100, 1, 39, 5000, 85
1, 29155, 123, 558, 559, 558, 559, 0.44, 50, 100, 1, 30, 5000, 85
0, 34750, 91, 659, 645, 659, 645, 0.44, 50, 100, 1, 36, 5000, 85
1, 10961, 115, 200, 205, 200, 205, 0.44, 50, 100, 1, 8, 5000, 85
0, 34750, 87, 642, 612, 642, 612, 0.44, 50, 100, 1, 39, 5000, 85
0, 34750, 104, 658, 643, 658, 643, 0.44, 50, 100, 1, 34, 5000, 85
1, 25847, 102, 465, 466, 465, 466, 0.44, 50, 100, 1, 23, 5000, 85
0, 34750, 89, 644, 634, 644, 634, 0.44, 50, 100, 1, 38, 5000, 85
0, 34750, 108, 652, 639, 652, 639, 0.44, 50, 100, 1, 36, 5000, 85
1, 12656, 108, 211, 212, 211, 212, 0.44, 50, 100, 1, 9, 5000, 85
0, 34750, 109, 670, 651, 670, 651, 0.44, 50, 100, 1, 35, 5000, 85
0, 34750, 95, 668, 646, 668, 646, 0.44, 50, 100, 1, 38, 5000, 85
0, 34750, 117, 676, 659, 676, 659, 0.44, 50, 100, 1, 33, 5000, 85
0, 34750, 110, 673, 648, 673, 648, 0.44, 50, 100, 1, 37, 5000, 85
1, 25791, 111, 483, 484, 483, 484, 0.44, 50, 100, 1, 30, 5000, 85
1, 12121, 105, 203, 204, 203, 204, 0.44, 50, 100, 1, 12, 5000, 85
1, 27303, 107, 514, 515, 514, 515, 0.44, 50, 100, 1, 25, 5000, 85
1, 34146, 86, 624, 625, 624, 625, 0.44, 50, 100, 1, 33, 5000, 85
1, 14129, 111, 252, 253, 252, 253, 0.44, 50, 100, 1, 10, 5000, 85
0, 34750, 112, 668, 642, 668, 642, 0.44, 50, 100, 1, 34, 5000, 85
1, 20961, 103, 373, 374, 373, 374, 0.44, 50, 100, 1, 25, 5000, 85
1, 15649, 106, 277, 278, 277, 278, 0.44, 50, 100, 1, 12, 5000, 85
0, 34750, 116, 686, 663, 686, 663, 0.44, 50, 100, 1, 40, 5000, 85
1, 30244, 95, 554, 555, 554, 555, 0.44, 50, 100, 1, 30, 5000, 85
0, 34750, 98, 666, 645, 666, 645, 0.44, 50, 100, 1, 31, 5000, 85
1, 15639, 104, 284, 285, 284, 285, 0.44, 50, 100, 1, 13, 5000, 85
0, 34750, 99, 658, 654, 658, 654, 0.44, 50, 100, 1, 35, 5000, 85
0, 34750, 85, 639, 614, 639, 614, 0.44, 50, 100, 1, 34, 5000, 85
1, 21745, 105, 384, 385, 384, 385, 0.44, 50, 100, 1, 19, 5000, 85
0, 34750, 103, 651, 623, 651, 623, 0.44, 50, 100, 1, 32, 5000, 85
1, 12950, 98, 230, 231, 230, 231, 0.44, 50, 100, 1, 9, 5000, 85
0, 34750, 111, 676, 656, 676, 656, 0.44, 50, 100, 1, 34, 5000, 85
0, 34750, 118, 663, 656, 663, 656, 0.44, 50, 100, 1, 31, 5000, 85
1, 13888, 108, 267, 268, 267, 268, 0.44, 50, 100, 1, 12, 5000, 85
0, 34750, 110, 650, 630, 650, 630, 0.44, 50, 100, 1, 31, 5000, 85
1, 11384, 107, 192, 194, 192, 194, 0.44, 50, 100, 1, 8, 5000, 85
0, 34750, 94, 642, 625, 642, 625, 0.44, 50, 100, 1, 36, 5000, 85
1, 19546, 87, 340, 341, 340, 341, 0.44, 50, 100, 1, 17, 5000, 85
0, 34750, 97, 656, 623, 656, 623, 0.44, 50, 100, 1, 35, 5000, 85
1, 11381, 108, 193, 194, 193, 194, 0.44, 50, 100, 1, 7, 5000, 85
0, 34750, 101, 666, 642, 666, 642, 0.44, 50, 100, 1, 31, 5000, 85
1, 15097, 103, 272, 273, 272, 273, 0.44, 50, 100, 1, 11, 5000, 85
1, 11959, 102, 193, 194, 193, 194, 0.44, 50, 100, 1, 8, 5000, 85
1, 26228, 103, 481, 482, 481, 482, 0.44, 50, 100, 1, 22, 5000, 85
0, 34750, 113, 670, 634, 670, 634, 0.44, 50, 100, 1, 32, 5000, 85
1, 18951, 99, 340, 341, 340, 341, 0.44, 50, 100, 1, 15, 5000, 85
1, 11567, 110, 219, 220, 219, 220, 0.44, 50, 100, 1, 8, 5000, 85
0, 34750, 108, 669, 642, 669, 642, 0.44, 50, 100, 1, 31, 5000, 85
1, 19184, 106, 336, 337, 336, 337, 0.44, 50, 100, 1, 15, 5000, 85
0, 34750, 110, 673, 652, 673, 652, 0.44, 50, 100, 1, 31, 5000, 85
1, 26204, 108, 488, 489, 488, 489, 0.44, 50, 100, 1, 27, 5000, 85
0, 38250, 91, 738, 722, 738, 722, 0.44, 50, 100, 1, 36, 5000, 95
0, 38250, 98, 729, 721, 729, 721, 0.44, 50, 100, 1, 42, 5000, 95
0, 38250, 105, 732, 722, 732, 722, 0.44, 50, 100, 1, 40, 5000, 95
0, 38250, 101, 742, 729, 742, 729, 0.44, 50, 100, 1, 44, 5000, 95
0, 38250, 103, 731, 723, 731, 723, 0.44, 50, 100, 1, 42, 5000, 95
0, 38250, 103, 730, 709, 730, 709, 0.44, 50, 100, 1, 40, 5000, 95
0, 38250, 105, 746, 725, 746, 725, 0.44, 50, 100, 1, 39, 5000, 95
1, 13536, 93, 220, 221, 220, 221, 0.44, 50, 100, 1, 11, 5000, 95
0, 38250, 124, 750, 722, 750, 722, 0.44, 50, 100, 1, 43, 5000, 95
0, 38250, 100, 732, 717, 732, 717, 0.44, 50, 100, 1, 43, 5000, 95
1, 30004, 94, 557, 558, 557, 558, 0.44, 50, 100, 1, 33, 5000, 95
0, 38250, 95, 723, 700, 723, 700, 0.44, 50, 100, 1, 39, 5000, 95
0, 38250, 107, 740, 719, 740, 719, 0.44, 50, 100, 1, 39, 5000, 95
0, 38250, 81, 719, 688, 719, 688, 0.44, 50, 100, 1, 36, 5000, 95
1, 20264, 93, 349, 350, 349, 350, 0.44, 50, 100, 1, 16, 5000, 95
1, 14780, 109, 272, 273, 272, 273, 0.44, 50, 100, 1, 12, 5000, 95
0, 38250, 113, 740, 725, 740, 725, 0.44, 50, 100, 1, 37, 5000, 95
0, 38250, 114, 742, 727, 742, 727, 0.44, 50, 100, 1, 44, 5000, 95
1, 23616, 93, 428, 429, 428, 429, 0.44, 50, 100, 1, 27, 5000, 95
0, 38250, 108, 731, 715, 731, 715, 0.44, 50, 100, 1, 41, 5000, 95
1, 11543, 106, 201, 202, 201, 202, 0.44, 50, 100, 1, 9, 5000, 95
0, 38250, 101, 735, 725, 735, 725, 0.44, 50, 100, 1, 36, 5000, 95
1, 11598, 104, 206, 207, 206, 207, 0.44, 50, 100, 1, 11, 5000, 95
0, 38250, 95, 733, 721, 733, 721, 0.44, 50, 100, 1, 37, 5000, 95
0, 38250, 107, 740, 702, 740, 702, 0.44, 50, 100, 1, 42, 5000, 95
1, 31802, 112, 599, 600, 599, 600, 0.44, 50, 100, 1, 29, 5000, 95
0, 38250, 106, 738, 737, 738, 737, 0.44, 50, 100, 1, 36, 5000, 95
1, 11505, 98, 193, 196, 193, 196, 0.44, 50, 100, 1, 8, 5000, 95
0, 38250, 90, 705, 691, 705, 691, 0.44, 50, 100, 1, 41, 5000, 95
0, 38250, 110, 744, 719, 744, 719, 0.44, 50, 100, 1, 35, 5000, 95
1, 12264, 105, 200, 201, 200, 201, 0.44, 50, 100, 1, 8, 5000, 95
0, 38250, 100, 721, 709, 721, 709, 0.44, 50, 100, 1, 35, 5000, 95
0, 38250, 104, 731, 706, 731, 706, 0.44, 50, 100, 1, 41, 5000, 95
0, 38250, 94, 711, 683, 711, 683, 0.44, 50, 100, 1, 36, 5000, 95
1, 18553, 95, 327, 328, 327, 328, 0.44, 50, 100, 1, 18, 5000, 95
1, 18297, 116, 321, 322, 321, 322, 0.44, 50, 100, 1, 19, 5000, 95
0, 38250, 82, 701, 679, 701, 679, 0.44, 50, 100, 1, 43, 5000, 95
1, 22777, 123, 439, 440, 439, 440, 0.44, 50, 100, 1, 27, 5000, 95
0, 38250, 103, 741, 722, 741, 722, 0.44, 50, 100, 1, 48, 5000, 95
1, 12194, 101, 196, 203, 196, 203, 0.44, 50, 100, 1, 12, 5000, 95
1, 21301, 94, 381, 382, 381, 382, 0.44, 50, 100, 1, 23, 5000, 95
0, 38250, 103, 742, 719, 742, 719, 0.44, 50, 100, 1, 51, 5000, 95
0, 38250, 96, 722, 714, 722, 714, 0.44, 50, 100, 1, 48, 5000, 95
1, 12115, 107, 202, 203, 202, 203, 0.44, 50, 100, 1, 12, 5000, 95
1, 23229, 98, 415, 416, 415, 416, 0.44, 50, 100, 1, 26, 5000, 95
0, 38250, 112, 741, 715, 741, 715, 0.44, 50, 100, 1, 47, 5000, 95
1, 17204, 117, 315, 316, 315, 316, 0.44, 50, 100, 1, 17, 5000, 95
1, 37102, 105, 711, 712, 711, 712, 0.44, 50, 100, 1, 43, 5000, 95
1, 31660, 99, 599, 600, 599, 600, 0.44, 50, 100, 1, 31, 5000, 95
1, 20459, 113, 383, 384, 383, 384, 0.44, 50, 100, 1, 20, 5000, 95
1, 15187, 107, 282, 283, 282, 283, 0.44, 50, 100, 1, 17, 5000, 95
1, 19051, 104, 349, 350, 349, 350, 0.44, 50, 100, 1, 19, 5000, 95
0, 38250, 94, 710, 691, 710, 691, 0.44, 50, 100, 1, 40, 5000, 95
1, 11885, 96, 192, 193, 192, 193, 0.44, 50, 100, 1, 9, 5000, 95
0, 38250, 106, 729, 712, 729, 712, 0.44, 50, 100, 1, 38, 5000, 95
1, 18970, 91, 326, 327, 326, 327, 0.44, 50, 100, 1, 16, 5000, 95
0, 38250, 96, 721, 698, 721, 698, 0.44, 50, 100, 1, 38, 5000, 95
1, 37081, 113, 712, 713, 712, 713, 0.44, 50, 100, 1, 37, 5000, 95
0, 38250, 105, 730, 700, 730, 700, 0.44, 50, 100, 1, 37, 5000, 95
1, 29675, 99, 563, 564, 563, 564, 0.44, 50, 100, 1, 31, 5000, 95
1, 16712, 103, 302, 303, 302, 303, 0.44, 50, 100, 1, 16, 5000, 95
0, 38250, 89, 726, 709, 726, 709, 0.44, 50, 100, 1, 42, 5000, 95
0, 38250, 111, 733, 727, 733, 727, 0.44, 50, 100, 1, 39, 5000, 95
0, 38250, 103, 718, 696, 718, 696, 0.44, 50, 100, 1, 43, 5000, 95
1, 37174, 117, 702, 703, 702, 703, 0.44, 50, 100, 1, 42, 5000, 95
1, 27004, 96, 487, 488, 487, 488, 0.44, 50, 100, 1, 29, 5000, 95
1, 13227, 99, 220, 221, 220, 221, 0.44, 50, 100, 1, 12, 5000, 95
0, 38250, 95, 727, 694, 727, 694, 0.44, 50, 100, 1, 47, 5000, 95
0, 38250, 91, 728, 690, 728, 690, 0.44, 50, 100, 1, 40, 5000, 95
1, 35005, 100, 666, 667, 666, 667, 0.44, 50, 100, 1, 37, 5000, 95
1, 29999, 100, 549, 550, 549, 550, 0.44, 50, 100, 1, 33, 5000, 95
0, 38250, 113, 744, 717, 744, 717, 0.44, 50, 100, 1, 48, 5000, 95
0, 38250, 79, 694, 685, 694, 685, 0.44, 50, 100, 1, 38, 5000, 95
0, 38250, 100, 740, 726, 740, 726, 0.44, 50, 100, 1, 36, 5000, 95
0, 38250, 92, 737, 712, 737, 712, 0.44, 50, 100, 1, 48, 5000, 95
1, 25117, 103, 456, 457, 456, 457, 0.44, 50, 100, 1, 27, 5000, 95
0, 38250, 85, 715, 705, 715, 705, 0.44, 50, 100, 1, 38, 5000, 95
0, 38250, 99, 725, 709, 725, 709, 0.44, 50, 100, 1, 43, 5000, 95
1, 32993, 111, 626, 627, 626, 627, 0.44, 50, 100, 1, 30, 5000, 95
0, 38250, 130, 737, 721, 737, 721, 0.44, 50, 100, 1, 38, 5000, 95
1, 15147, 96, 253, 254, 253, 254, 0.44, 50, 100, 1, 14, 5000, 95
1, 14381, 97, 246, 247, 246, 247, 0.44, 50, 100, 1, 13, 5000, 95
0, 38250, 108, 733, 723, 733, 723, 0.44, 50, 100, 1, 41, 5000, 95
0, 38250, 104, 738, 712, 738, 712, 0.44, 50, 100, 1, 40, 5000, 95
1, 10877, 86, 181, 182, 181, 182, 0.44, 50, 100, 1, 7, 5000, 95
1, 19595, 103, 351, 352, 351, 352, 0.44, 50, 100, 1, 17, 5000, 95
1, 11849, 97, 210, 211, 210, 211, 0.44, 50, 100, 1, 8, 5000, 95
0, 38250, 108, 730, 729, 730, 729, 0.44, 50, 100, 1, 40, 5000, 95
0, 38250, 99, 735, 702, 735, 702, 0.44, 50, 100, 1, 39, 5000, 95
0, 38250, 115, 746, 732, 746, 732, 0.44, 50, 100, 1, 36, 5000, 95
1, 11227, 86, 181, 187, 181, 187, 0.44, 50, 100, 1, 8, 5000, 95
0, 38250, 99, 720, 697, 720, 697, 0.44, 50, 100, 1, 36, 5000, 95
1, 20760, 103, 394, 395, 394, 395, 0.44, 50, 100, 1, 17, 5000, 95
0, 38250, 86, 709, 700, 709, 700, 0.44, 50, 100, 1, 37, 5000, 95
1, 18467, 99, 330, 331, 330, 331, 0.44, 50, 100, 1, 15, 5000, 95
1, 24387, 100, 442, 443, 442, 443, 0.44, 50, 100, 1, 22, 5000, 95
1, 11741, 93, 188, 196, 188, 196, 0.44, 50, 100, 1, 10, 5000, 95
0, 38250, 105, 754, 715, 754, 715, 0.44, 50, 100, 1, 38, 5000, 95
1, 27942, 95, 500, 501, 500, 501, 0.44, 50, 100, 1, 29, 5000, 95
0, 38250, 92, 703, 698, 703, 698, 0.44, 50, 100, 1, 40, 5000, 95
1, 12978, 105, 233, 234, 233, 234, 0.44, 50, 100, 1, 10, 5000, 105
1, 20007, 103, 359, 360, 359, 360, 0.44, 50, 100, 1, 18, 5000, 105
1, 39070, 115, 749, 750, 749, 750, 0.44, 50, 100, 1, 40, 5000, 105
1, 22609, 112, 412, 413, 412, 413, 0.44, 50, 100, 1, 24, 5000, 105
0, 41750, 113, 805, 798, 805, 798, 0.44, 50, 100, 1, 46, 5000, 105
1, 22607, 96, 406, 407, 406, 407, 0.44, 50, 100, 1, 24, 5000, 105
0, 41750, 100, 808, 796, 808, 796, 0.44, 50, 100, 1, 48, 5000, 105
1, 21752, 106, 393, 394, 393, 394, 0.44, 50, 100, 1, 20, 5000, 105
1, 25650, 90, 470, 471, 470, 471, 0.44, 50, 100, 1, 27, 5000, 105
0, 41750, 99, 796, 777, 796, 777, 0.44, 50, 100, 1, 49, 5000, 105
0, 41750, 105, 808, 783, 808, 783, 0.44, 50, 100, 1, 47, 5000, 105
1, 16224, 105, 274, 275, 274, 275, 0.44, 50, 100, 1, 13, 5000, 105
1, 12600, 106, 217, 218, 217, 218, 0.44, 50, 100, 1, 9, 5000, 105
1, 30017, 90, 556, 557, 556, 557, 0.44, 50, 100, 1, 29, 5000, 105
0, 41750, 111, 797, 777, 797, 777, 0.44, 50, 100, 1, 46, 5000, 105
0, 41750, 108, 803, 791, 803, 791, 0.44, 50, 100, 1, 42, 5000, 105
0, 41750, 96, 779, 765, 779, 765, 0.44, 50, 100, 1, 40, 5000, 105
1, 15530, 103, 255, 256, 255, 256, 0.44, 50, 100, 1, 11, 5000, 105
1, 16323, 102, 291, 292, 291, 292, 0.44, 50, 100, 1, 13, 5000, 105
1, 25659, 99, 479, 480, 479, 480, 0.44, 50, 100, 1, 27, 5000, 105
0, 41750, 111, 804, 782, 804, 782, 0.44, 50, 100, 1, 44, 5000, 105
1, 23436, 98, 419, 420, 419, 420, 0.44, 50, 100, 1, 25, 5000, 105
1, 12892, 100, 217, 218, 217, 218, 0.44, 50, 100, 1, 9, 5000, 105
0, 41750, 104, 781, 777, 781, 777, 0.44, 50, 100, 1, 45, 5000, 105
0, 41750, 111, 804, 784, 804, 784, 0.44, 50, 100, 1, 43, 5000, 105
1, 18921, 103, 331, 332, 331, 332, 0.44, 50, 100, 1, 17, 5000, 105
0, 41750, 106, 802, 783, 802, 783, 0.44, 50, 100, 1, 50, 5000, 105
0, 41750, 98, 783, 770, 783, 770, 0.44, 50, 100, 1, 48, 5000, 105
1, 18017, 100, 318, 319, 318, 319, 0.44, 50, 100, 1, 20, 5000, 105
0, 41750, 107, 816, 794, 816, 794, 0.44, 50, 100, 1, 44, 5000, 105
1, 14502, 113, 262, 263, 262, 263, 0.44, 50, 100, 1, 13, 5000, 105
1, 12904, 93, 210, 211, 210, 211, 0.44, 50, 100, 1, 11, 5000, 105
0, 41750, 97, 789, 764, 789, 764, 0.44, 50, 100, 1, 44, 5000, 105
0, 41750, 92, 797, 779, 797, 779, 0.44, 50, 100, 1, 51, 5000, 105
1, 15671, 99, 286, 287, 286, 287, 0.44, 50, 100, 1, 13, 5000, 105
0, 41750, 98, 802, 780, 802, 780, 0.44, 50, 100, 1, 52, 5000, 105
0, 41750, 111, 808, 785, 808, 785, 0.44, 50, 100, 1, 46, 5000, 105
1, 33269, 99, 628, 629, 628, 629, 0.44, 50, 100, 1, 31, 5000, 105
1, 35828, 106, 671, 672, 671, 672, 0.44, 50, 100, 1, 34, 5000, 105
0, 41750, 104, 792, 783, 792, 783, 0.44, 50, 100, 1, 38, 5000, 105
1, 37533, 99, 701, 702, 701, 702, 0.44, 50, 100, 1, 34, 5000, 105
1, 14733, 109, 260, 261, 260, 261, 0.44, 50, 100, 1, 12, 5000, 105
0, 41750, 111, 816, 794, 816, 794, 0.44, 50, 100, 1, 43, 5000, 105
1, 25210, 89, 443, 444, 443, 444, 0.44, 50, 100, 1, 23, 5000, 105
0, 41750, 104, 794, 765, 794, 765, 0.44, 50, 100, 1, 40, 5000, 105
0, 41750, 97, 811, 804, 811, 804, 0.44, 50, 100, 1, 41, 5000, 105
1, 16220, 94, 270, 271, 270, 271, 0.44, 50, 100, 1, 13, 5000, 105
1, 28616, 103, 533, 534, 533, 534, 0.44, 50, 100, 1, 29, 5000, 105
1, 25512, 106, 477, 478, 477, 478, 0.44, 50, 100, 1, 25, 5000, 105
1, 24777, 119, 458, 459, 458, 459, 0.44, 50, 100, 1, 24, 5000, 105
0, 41750, 76, 783, 761, 783, 761, 0.44, 50, 100, 1, 39, 5000, 105
1, 28957, 106, 553, 554, 553, 554, 0.44, 50, 100, 1, 25, 5000, 105
1, 34569, 115, 652, 653, 652, 653, 0.44, 50, 100, 1, 35, 5000, 105
0, 41750, 103, 796, 780, 796, 780, 0.44, 50, 100, 1, 41, 5000, 105
0, 41750, 101, 792, 774, 792, 774, 0.44, 50, 100, 1, 39, 5000, 105
1, 26198, 106, 495, 496, 495, 496, 0.44, 50, 100, 1, 24, 5000, 105
0, 41750, 105, 804, 789, 804, 789, 0.44, 50, 100, 1, 43, 5000, 105
0, 41750, 97, 809, 786, 809, 786, 0.44, 50, 100, 1, 39, 5000, 105
0, 41750, 107, 803, 783, 803, 783, 0.44, 50, 100, 1, 46, 5000, 105
0, 41750, 111, 818, 797, 818, 797, 0.44, 50, 100, 1, 40, 5000, 105
1, 35249, 104, 684, 685, 684, 685, 0.44, 50, 100, 1, 36, 5000, 105
0, 41750, 98, 797, 794, 797, 794, 0.44, 50, 100, 1, 41, 5000, 105
1, 21741, 86, 376, 377, 376, 377, 0.44, 50, 100, 1, 24, 5000, 105
0, 41750, 92, 798, 777, 798, 777, 0.44, 50, 100, 1, 43, 5000, 105
1, 40417, 93, 776, 777, 776, 777, 0.44, 50, 100, 1, 39, 5000, 105
1, 16672, 97, 290, 291, 290, 291, 0.44, 50, 100, 1, 15, 5000, 105
1, 34545, 90, 630, 631, 630, 631, 0.44, 50, 100, 1, 35, 5000, 105
0, 41750, 110, 812, 798, 812, 798, 0.44, 50, 100, 1, 46, 5000, 105
1, 14476, 101, 262, 263, 262, 263, 0.44, 50, 100, 1, 12, 5000, 105
0, 41750, 93, 788, 773, 788, 773, 0.44, 50, 100, 1, 47, 5000, 105
0, 41750, 88, 788, 777, 788, 777, 0.44, 50, 100, 1, 41, 5000, 105
1, 19082, 101, 341, 342, 341, 342, 0.44, 50, 100, 1, 19, 5000, 105
0, 41750, 102, 805, 782, 805, 782, 0.44, 50, 100, 1, 43, 5000, 105
1, 28641, 106, 545, 546, 545, 546, 0.44, 50, 100, 1, 27, 5000, 105
1, 30023, 88, 557, 558, 557, 558, 0.44, 50, 100, 1, 28, 5000, 105
1, 23806, 117, 458, 459, 458, 459, 0.44, 50, 100, 1, 23, 5000, 105
0, 41750, 92, 783, 770, 783, 770, 0.44, 50, 100, 1, 44, 5000, 105
1, 11590, 96, 201, 202, 201, 202, 0.44, 50, 100, 1, 8, 5000, 105
1, 20503, 113, 377, 378, 377, 378, 0.44, 50, 100, 1, 21, 5000, 105
1, 12287, 104, 209, 212, 209, 212, 0.44, 50, 100, 1, 9, 5000, 105
0, 41750, 116, 802, 788, 802, 788, 0.44, 50, 100, 1, 43, 5000, 105
0, 41750, 102, 803, 782, 803, 782, 0.44, 50, 100, 1, 39, 5000, 105
1, 12607, 104, 217, 218, 217, 218, 0.44, 50, 100, 1, 9, 5000, 105
1, 17269, 107, 293, 294, 293, 294, 0.44, 50, 100, 1, 14, 5000, 105
0, 41750, 102, 795, 762, 795, 762, 0.44, 50, 100, 1, 38, 5000, 105
1, 28777, 97, 530, 531, 530, 531, 0.44, 50, 100, 1, 35, 5000, 105
1, 12267, 89, 196, 197, 196, 197, 0.44, 50, 100, 1, 10, 5000, 105
0, 41750, 107, 816, 776, 816, 776, 0.44, 50, 100, 1, 49, 5000, 105
0, 41750, 83, 789, 770, 789, 770, 0.44, 50, 100, 1, 43, 5000, 105
0, 41750, 88, 786, 766, 786, 766, 0.44, 50, 100, 1, 42, 5000, 105
0, 41750, 106, 817, 787, 817, 787, 0.44, 50, 100, 1, 39, 5000, 105
0, 41750, 104, 799, 783, 799, 783, 0.44, 50, 100, 1, 40, 5000, 105
0, 41750, 98, 804, 775, 804, 775, 0.44, 50, 100, 1, 42, 5000, 105
1, 25834, 93, 463, 464, 463, 464, 0.44, 50, 100, 1, 23, 5000, 105
0, 41750, 99, 803, 786, 803, 786, 0.44, 50, 100, 1, 40, 5000, 105
0, 41750, 91, 792, 770, 792, 770, 0.44, 50, 100, 1, 50, 5000, 105
1, 17731, 102, 310, 311, 310, 311, 0.44, 50, 100, 1, 18, 5000, 150
0, 41750, 103, 796, 784, 796, 784, 0.44, 50, 100, 1, 45, 5000, 105
0, 41750, 96, 790, 769, 790, 769, 0.44, 50, 100, 1, 47, 5000, 105
1, 17955, 98, 315, 316, 315, 316, 0.44, 50, 100, 1, 14, 5000, 150
0, 41750, 115, 830, 806, 830, 806, 0.44, 50, 100, 1, 51, 5000, 105
0, 41750, 98, 804, 774, 804, 774, 0.44, 50, 100, 1, 47, 5000, 105
1, 15210, 91, 250, 251, 250, 251, 0.44, 50, 100, 1, 11, 5000, 150
1, 47826, 108, 918, 919, 918, 919, 0.44, 50, 100, 1, 51, 5000, 150
1, 30918, 98, 574, 575, 574, 575, 0.44, 50, 100, 1, 34, 5000, 150
0, 57500, 103, 1105, 1086, 1105, 1086, 0.44, 50, 100, 1, 63, 5000, 150
0, 57500, 103, 1125, 1099, 1125, 1099, 0.44, 50, 100, 1, 62, 5000, 150
1, 17654, 97, 313, 314, 313, 314, 0.44, 50, 100, 1, 16, 5000, 150
1, 32465, 90, 597, 598, 597, 598, 0.44, 50, 100, 1, 36, 5000, 150
0, 57500, 107, 1111, 1104, 1111, 1104, 0.44, 50, 100, 1, 58, 5000, 150
0, 57500, 108, 1120, 1095, 1120, 1095, 0.44, 50, 100, 1, 67, 5000, 150
0, 57500, 98, 1112, 1104, 1112, 1104, 0.44, 50, 100, 1, 64, 5000, 150
1, 56337, 99, 1083, 1084, 1083, 1084, 0.44, 50, 100, 1, 59, 5000, 150
1, 29889, 92, 534, 535, 534, 535, 0.44, 50, 100, 1, 29, 5000, 150
0, 57500, 101, 1114, 1100, 1114, 1100, 0.44, 50, 100, 1, 68, 5000, 150
0, 57500, 87, 1102, 1084, 1102, 1084, 0.44, 50, 100, 1, 64, 5000, 150
0, 57500, 112, 1121, 1113, 1121, 1113, 0.44, 50, 100, 1, 65, 5000, 150
1, 53937, 104, 1025, 1026, 1025, 1026, 0.44, 50, 100, 1, 61, 5000, 150
1, 35091, 84, 652, 653, 652, 653, 0.44, 50, 100, 1, 40, 5000, 150
1, 33546, 96, 625, 626, 625, 626, 0.44, 50, 100, 1, 33, 5000, 150
0, 57500, 99, 1111, 1103, 1111, 1103, 0.44, 50, 100, 1, 65, 5000, 150
0, 57500, 110, 1132, 1106, 1132, 1106, 0.44, 50, 100, 1, 59, 5000, 150
0, 57500, 115, 1145, 1118, 1145, 1118, 0.44, 50, 100, 1, 75, 5000, 150
1, 35749, 99, 686, 687, 686, 687, 0.44, 50, 100, 1, 42, 5000, 150
1, 32388, 101, 610, 611, 610, 611, 0.44, 50, 100, 1, 31, 5000, 150
1, 37941, 96, 704, 705, 704, 705, 0.44, 50, 100, 1, 41, 5000, 150
1, 22213, 102, 396, 397, 396, 397, 0.44, 50, 100, 1, 26, 5000, 150
0, 57500, 94, 1105, 1084, 1105, 1084, 0.44, 50, 100, 1, 70, 5000, 150
1, 14524, 100, 250, 258, 250, 258, 0.44, 50, 100, 1, 13, 5000, 150
1, 35700, 100, 667, 668, 667, 668, 0.44, 50, 100, 1, 40, 5000, 150
1, 24076, 63, 401, 402, 401, 402, 0.44, 50, 100, 1, 25, 5000, 150
0, 57500, 110, 1123, 1110, 1123, 1110, 0.44, 50, 100, 1, 69, 5000, 150
1, 34329, 100, 623, 624, 623, 624, 0.44, 50, 100, 1, 39, 5000, 150
0, 57500, 106, 1131, 1096, 1131, 1096, 0.44, 50, 100, 1, 67, 5000, 150
1, 32653, 99, 603, 604, 603, 604, 0.44, 50, 100, 1, 37, 5000, 150
1, 37461, 86, 671, 672, 671, 672, 0.44, 50, 100, 1, 38, 5000, 150
1, 33399, 98, 613, 614, 613, 614, 0.44, 50, 100, 1, 34, 5000, 150
1, 40071, 102, 748, 749, 748, 749, 0.44, 50, 100, 1, 45, 5000, 150
1, 19764, 94, 344, 345, 344, 345, 0.44, 50, 100, 1, 20, 5000, 150
1, 19298, 102, 346, 347, 346, 347, 0.44, 50, 100, 1, 18, 5000, 150
0, 57500, 105, 1115, 1096, 1115, 1096, 0.44, 50, 100, 1, 57, 5000, 150
0, 57500, 106, 1119, 1094, 1119, 1094, 0.44, 50, 100, 1, 69, 5000, 150
0, 57500, 103, 1119, 1087, 1119, 1087, 0.44, 50, 100, 1, 79, 5000, 150
1, 50250, 79, 928, 929, 928, 929, 0.44, 50, 100, 1, 59, 5000, 150
1, 16516, 127, 301, 302, 301, 302, 0.44, 50, 100, 1, 19, 5000, 150
1, 23564, 90, 412, 413, 412, 413, 0.44, 50, 100, 1, 22, 5000, 150
0, 57500, 117, 1122, 1103, 1122, 1103, 0.44, 50, 100, 1, 63, 5000, 150
1, 21279, 98, 383, 384, 383, 384, 0.44, 50, 100, 1, 21, 5000, 150
0, 57500, 100, 1115, 1079, 1115, 1079, 0.44, 50, 100, 1, 71, 5000, 150
1, 42319, 96, 799, 800, 799, 800, 0.44, 50, 100, 1, 46, 5000, 150
0, 57500, 99, 1117, 1094, 1117, 1094, 0.44, 50, 100, 1, 64, 5000, 150
1, 17231, 101, 310, 311, 310, 311, 0.44, 50, 100, 1, 22, 5000, 150
1, 16908, 102, 284, 285, 284, 285, 0.44, 50, 100, 1, 14, 5000, 150
0, 57500, 90, 1103, 1093, 1103, 1093, 0.44, 50, 100, 1, 66, 5000, 150
1, 42822, 105, 812, 813, 812, 813, 0.44, 50, 100, 1, 50, 5000, 150
0, 57500, 95, 1118, 1094, 1118, 1094, 0.44, 50, 100, 1, 65, 5000, 150
1, 34648, 107, 658, 659, 658, 659, 0.44, 50, 100, 1, 38, 5000, 150
0, 57500, 104, 1108, 1083, 1108, 1083, 0.44, 50, 100, 1, 63, 5000, 150
1, 22792, 103, 415, 416, 415, 416, 0.44, 50, 100, 1, 23, 5000, 150
0, 57500, 122, 1128, 1113, 1128, 1113, 0.44, 50, 100, 1, 66, 5000, 150
1, 19801, 111, 371, 372, 371, 372, 0.44, 50, 100, 1, 17, 5000, 150
1, 32797, 101, 620, 621, 620, 621, 0.44, 50, 100, 1, 37, 5000, 150
0, 57500, 100, 1117, 1106, 1117, 1106, 0.44, 50, 100, 1, 61, 5000, 150
0, 57500, 100, 1107, 1090, 1107, 1090, 0.44, 50, 100, 1, 74, 5000, 150
1, 22483, 108, 414, 415, 414, 415, 0.44, 50, 100, 1, 20, 5000, 150
0, 57500, 91, 1101, 1080, 1101, 1080, 0.44, 50, 100, 1, 61, 5000, 150
1, 14963, 98, 258, 259, 258, 259, 0.44, 50, 100, 1, 12, 5000, 150
1, 20379, 102, 373, 374, 373, 374, 0.44, 50, 100, 1, 18, 5000, 150
0, 57500, 114, 1121, 1103, 1121, 1103, 0.44, 50, 100, 1, 73, 5000, 150
0, 57500, 87, 1109, 1073, 1109, 1073, 0.44, 50, 100, 1, 58, 5000, 150
1, 35488, 98, 676, 677, 676, 677, 0.44, 50, 100, 1, 40, 5000, 150
1, 35835, 109, 675, 676, 675, 676, 0.44, 50, 100, 1, 36, 5000, 150
1, 20740, 104, 361, 362, 361, 362, 0.44, 50, 100, 1, 20, 5000, 150
0, 57500, 99, 1119, 1098, 1119, 1098, 0.44, 50, 100, 1, 62, 5000, 150
1, 18606, 114, 353, 354, 353, 354, 0.44, 50, 100, 1, 17, 5000, 150
1, 40695, 102, 758, 759, 758, 759, 0.44, 50, 100, 1, 40, 5000, 150
1, 23144, 98, 399, 400, 399, 400, 0.44, 50, 100, 1, 19, 5000, 150
1, 38935, 111, 752, 753, 752, 753, 0.44, 50, 100, 1, 45, 5000, 150
1, 24394, 116, 457, 458, 457, 458, 0.44, 50, 100, 1, 21, 5000, 150
1, 22176, 117, 417, 418, 417, 418, 0.44, 50, 100, 1, 19, 5000, 150
1, 46551, 104, 886, 887, 886, 887, 0.44, 50, 100, 1, 54, 5000, 150
1, 14617, 102, 252, 256, 252, 256, 0.44, 50, 100, 1, 11, 5000, 150
1, 49075, 99, 933, 934, 933, 934, 0.44, 50, 100, 1, 46, 5000, 150
1, 34489, 95, 644, 645, 644, 645, 0.44, 50, 100, 1, 31, 5000, 150
0, 57500, 120, 1122, 1116, 1122, 1116, 0.44, 50, 100, 1, 60, 5000, 150
0, 57500, 97, 1106, 1104, 1106, 1104, 0.44, 50, 100, 1, 73, 5000, 150
1, 28523, 103, 537, 538, 537, 538, 0.44, 50, 100, 1, 35, 5000, 150
0, 57500, 106, 1091, 1074, 1091, 1074, 0.44, 50, 100, 1, 64, 5000, 150
1, 14693, 104, 259, 260, 259, 260, 0.44, 50, 100, 1, 12, 5000, 150
1, 32836, 111, 620, 621, 620, 621, 0.44, 50, 100, 1, 37, 5000, 150
0, 57500, 97, 1113, 1096, 1113, 1096, 0.44, 50, 100, 1, 64, 5000, 150
1, 23466, 105, 435, 436, 435, 436, 0.44, 50, 100, 1, 26, 5000, 150
0, 57500, 102, 1124, 1101, 1124, 1101, 0.44, 50, 100, 1, 64, 5000, 150
0, 57500, 105, 1117, 1098, 1117, 1098, 0.44, 50, 100, 1, 60, 5000, 150
1, 26654, 111, 486, 487, 486, 487, 0.44, 50, 100, 1, 29, 5000, 150
0, 57500, 110, 1127, 1106, 1127, 1106, 0.44, 50, 100, 1, 66, 5000, 150
0, 57500, 102, 1101, 1091, 1101, 1091, 0.44, 50, 100, 1, 57, 5000, 150
0, 57500, 90, 1116, 1094, 1116, 1094, 0.44, 50, 100, 1, 72, 5000, 150
0, 57500, 101, 1092, 1080, 1092, 1080, 0.44, 50, 100, 1, 56, 5000, 150
0, 57500, 98, 1118, 1105, 1118, 1105, 0.44, 50, 100, 1, 66, 5000, 150
1, 5790, 111, 121, 122, 121, 122, 0.44, 50, 100, 1, 2, 5000, 5
1, 5356, 113, 118, 119, 118, 119, 0.44, 50, 100, 1, 2, 5000, 5
1, 5619, 93, 98, 99, 98, 99, 0.44, 50, 100, 1, 2, 5000, 5
0, 6750, 113, 133, 126, 133, 126, 0.44, 50, 100, 1, 3, 5000, 5
1, 5825, 113, 118, 119, 118, 119, 0.44, 50, 100, 1, 2, 5000, 5
1, 5627, 103, 108, 109, 108, 109, 0.44, 50, 100, 1, 2, 5000, 5
0, 6750, 105, 132, 123, 132, 123, 0.44, 50, 100, 1, 3, 5000, 5
1, 5713, 97, 103, 104, 103, 104, 0.44, 50, 100, 1, 2, 5000, 5
1, 5448, 103, 108, 110, 108, 110, 0.44, 50, 100, 1, 2, 5000, 5
0, 6750, 96, 119, 110, 119, 110, 0.44, 50, 100, 1, 3, 5000, 5
1, 5541, 91, 96, 97, 96, 97, 0.44, 50, 100, 1, 2, 5000, 5
0, 6750, 112, 144, 134, 144, 134, 0.44, 50, 100, 1, 3, 5000, 5
0, 6750, 92, 116, 106, 116, 106, 0.44, 50, 100, 1, 3, 5000, 5
1, 6376, 100, 111, 112, 111, 112, 0.44, 50, 100, 1, 3, 5000, 5
1, 5417, 95, 100, 101, 100, 101, 0.44, 50, 100, 1, 2, 5000, 5
1, 6146, 95, 104, 105, 104, 105, 0.44, 50, 100, 1, 2, 5000, 5
1, 5589, 101, 106, 107, 106, 107, 0.44, 50, 100, 1, 2, 5000, 5
1, 5491, 103, 108, 110, 108, 110, 0.44, 50, 100, 1, 2, 5000, 5
0, 6750, 94, 118, 106, 118, 106, 0.44, 50, 100, 1, 3, 5000, 5
1, 5465, 102, 107, 108, 107, 108, 0.44, 50, 100, 1, 2, 5000, 5
1, 5601, 103, 108, 111, 108, 111, 0.44, 50, 100, 1, 2, 5000, 5
1, 5394, 100, 105, 106, 105, 106, 0.44, 50, 100, 1, 2, 5000, 5
1, 5754, 89, 94, 103, 94, 103, 0.44, 50, 100, 1, 2, 5000, 5
1, 5490, 109, 114, 115, 114, 115, 0.44, 50, 100, 1, 2, 5000, 5
1, 5693, 113, 118, 121, 118, 121, 0.44, 50, 100, 1, 2, 5000, 5
1, 5563, 94, 99, 103, 99, 103, 0.44, 50, 100, 1, 2, 5000, 5
0, 6750, 100, 127, 117, 127, 117, 0.44, 50, 100, 1, 3, 5000, 5
1, 5777, 111, 116, 121, 116, 121, 0.44, 50, 100, 1, 2, 5000, 5
0, 6750, 87, 104, 95, 104, 95, 0.44, 50, 100, 1, 3, 5000, 5
1, 5652, 110, 115, 116, 115, 116, 0.44, 50, 100, 1, 2, 5000, 5
1, 6059, 100, 111, 112, 111, 112, 0.44, 50, 100, 1, 2, 5000, 5
0, 6750, 106, 132, 125, 132, 125, 0.44, 50, 100, 1, 3, 5000, 5
1, 5748, 95, 101, 102, 101, 102, 0.44, 50, 100, 1, 2, 5000, 5
1, 5711, 109, 114, 115, 114, 115, 0.44, 50, 100, 1, 2, 5000, 5
1, 5853, 111, 116, 117, 116, 117, 0.44, 50, 100, 1, 2, 5000, 5
1, 5785, 104, 112, 113, 112, 113, 0.44, 50, 100, 1, 2, 5000, 5
0, 6750, 104, 136, 120, 136, 120, 0.44, 50, 100, 1, 3, 5000, 5
1, 5832, 94, 99, 101, 99, 101, 0.44, 50, 100, 1, 2, 5000, 5
1, 5760, 115, 120, 126, 120, 126, 0.44, 50, 100, 1, 2, 5000, 5
0, 6750, 99, 122, 118, 122, 118, 0.44, 50, 100, 1, 3, 5000, 5
1, 6460, 103, 124, 125, 124, 125, 0.44, 50, 100, 1, 3, 5000, 5
0, 6750, 110, 132, 127, 132, 127, 0.44, 50, 100, 1, 3, 5000, 5
1, 6029, 87, 92, 94, 92, 94, 0.44, 50, 100, 1, 2, 5000, 5
0, 6750, 101, 123, 118, 123, 118, 0.44, 50, 100, 1, 3, 5000, 5
1, 5641, 95, 100, 105, 100, 105, 0.44, 50, 100, 1, 2, 5000, 5
1, 5680, 98, 103, 104, 103, 104, 0.44, 50, 100, 1, 2, 5000, 5
0, 6750, 93, 120, 108, 120, 108, 0.44, 50, 100, 1, 3, 5000, 5
0, 6750, 104, 121, 113, 121, 113, 0.44, 50, 100, 1, 3, 5000, 5
1, 5975, 113, 123, 124, 123, 124, 0.44, 50, 100, 1, 2, 5000, 5
0, 6750, 98, 122, 115, 122, 115, 0.44, 50, 100, 1, 3, 5000, 5
1, 5531, 93, 98, 99, 98, 99, 0.44, 50, 100, 1, 2, 5000, 5
1, 5706, 106, 116, 117, 116, 117, 0.44, 50, 100, 1, 2, 5000, 5
1, 5605, 105, 110, 112, 110, 112, 0.44, 50, 100, 1, 2, 5000, 5
0, 6750, 102, 121, 112, 121, 112, 0.44, 50, 100, 1, 3, 5000, 5
1, 6477, 112, 117, 123, 117, 123, 0.44, 50, 100, 1, 3, 5000, 5
0, 6750, 89, 114, 103, 114, 103, 0.44, 50, 100, 1, 3, 5000, 5
0, 6750, 111, 135, 129, 135, 129, 0.44, 50, 100, 1, 3, 5000, 5
0, 6750, 99, 125, 113, 125, 113, 0.44, 50, 100, 1, 3, 5000, 5
1, 5556, 109, 114, 116, 114, 116, 0.44, 50, 100, 1, 2, 5000, 5
0, 6750, 112, 134, 131, 134, 131, 0.44, 50, 100, 1, 3, 5000, 5
0, 6750, 93, 120, 102, 120, 102, 0.44, 50, 100, 1, 3, 5000, 5
0, 6750, 96, 118, 109, 118, 109, 0.44, 50, 100, 1, 3, 5000, 5
1, 5838, 104, 113, 114, 113, 114, 0.44, 50, 100, 1, 2, 5000, 5
0, 6750, 114, 131, 126, 131, 126, 0.44, 50, 100, 1, 3, 5000, 5
1, 5742, 100, 107, 108, 107, 108, 0.44, 50, 100, 1, 2, 5000, 5
1, 5284, 105, 110, 111, 110, 111, 0.44, 50, 100, 1, 2, 5000, 5
0, 6750, 118, 135, 133, 135, 133, 0.44, 50, 100, 1, 3, 5000, 5
1, 5596, 111, 116, 117, 116, 117, 0.44, 50, 100, 1, 2, 5000, 5
1, 5904, 98, 106, 107, 106, 107, 0.44, 50, 100, 1, 2, 5000, 5
0, 6750, 109, 129, 124, 129, 124, 0.44, 50, 100, 1, 3, 5000, 5
1, 5581, 114, 119, 120, 119, 120, 0.44, 50, 100, 1, 2, 5000, 5
0, 6750, 103, 129, 120, 129, 120, 0.44, 50, 100, 1, 3, 5000, 5
0, 6750, 110, 133, 127, 133, 127, 0.44, 50, 100, 1, 3, 5000, 5
1, 5355, 91, 96, 97, 96, 97, 0.44, 50, 100, 1, 2, 5000, 5
0, 6750, 104, 126, 116, 126, 116, 0.44, 50, 100, 1, 3, 5000, 5
0, 6750, 109, 130, 123, 130, 123, 0.44, 50, 100, 1, 3, 5000, 5
1, 5546, 109, 114, 117, 114, 117, 0.44, 50, 100, 1, 2, 5000, 5
1, 5368, 99, 104, 105, 104, 105, 0.44, 50, 100, 1, 2, 5000, 5
1, 5625, 95, 100, 101, 100, 101, 0.44, 50, 100, 1, 2, 5000, 5
0, 6750, 105, 121, 119, 121, 119, 0.44, 50, 100, 1, 3, 5000, 5
1, 5321, 97, 102, 104, 102, 104, 0.44, 50, 100, 1, 2, 5000, 5
1, 5408, 106, 111, 112, 111, 112, 0.44, 50, 100, 1, 2, 5000, 5
1, 5738, 106, 111, 112, 111, 112, 0.44, 50, 100, 1, 2, 5000, 5
0, 6750, 114, 137, 122, 137, 122, 0.44, 50, 100, 1, 3, 5000, 5
1, 6396, 99, 111, 112, 111, 112, 0.44, 50, 100, 1, 3, 5000, 5
1, 6343, 69, 79, 80, 79, 80, 0.44, 50, 100, 1, 2, 5000, 5
1, 5842, 107, 112, 114, 112, 114, 0.44, 50, 100, 1, 2, 5000, 5
1, 5370, 101, 106, 107, 106, 107, 0.44, 50, 100, 1, 2, 5000, 5
1, 5534, 98, 103, 105, 103, 105, 0.44, 50, 100, 1, 2, 5000, 5
0, 6750, 103, 128, 118, 128, 118, 0.44, 50, 100, 1, 3, 5000, 5
0, 6750, 101, 118, 116, 118, 116, 0.44, 50, 100, 1, 3, 5000, 5
0, 6750, 104, 127, 120, 127, 120, 0.44, 50, 100, 1, 3, 5000, 5
1, 5993, 105, 115, 116, 115, 116, 0.44, 50, 100, 1, 2, 5000, 5
0, 6750, 107, 131, 127, 131, 127, 0.44, 50, 100, 1, 3, 5000, 5
1, 5966, 94, 103, 104, 103, 104, 0.44, 50, 100, 1, 2, 5000, 5
0, 6750, 100, 118, 114, 118, 114, 0.44, 50, 100, 1, 3, 5000, 5
1, 5299, 104, 110, 111, 110, 111, 0.44, 50, 100, 1, 2, 5000, 5
1, 5705, 101, 106, 110, 106, 110, 0.44, 50, 100, 1, 2, 5000, 5
0, 6750, 98, 116, 110, 116, 110, 0.44, 50, 100, 1, 3, 5000, 5
1, 6364, 100, 117, 118, 117, 118, 0.44, 50, 100, 1, 3, 5000, 5
1, 6334, 113, 123, 125, 123, 125, 0.44, 50, 100, 1, 3, 5000, 10
0, 8500, 114, 150, 142, 150, 142, 0.44, 50, 100, 1, 5, 5000, 10
1, 5965, 94, 106, 107, 106, 107, 0.44, 50, 100, 1, 3, 5000, 10
1, 5866, 97, 107, 109, 107, 109, 0.44, 50, 100, 1, 2, 5000, 10
0, 8500, 102, 143, 131, 143, 131, 0.44, 50, 100, 1, 4, 5000, 10
1, 7607, 106, 132, 133, 132, 133, 0.44, 50, 100, 1, 4, 5000, 10
0, 8500, 111, 157, 141, 157, 141, 0.44, 50, 100, 1, 5, 5000, 10
1, 7898, 101, 134, 135, 134, 135, 0.44, 50, 100, 1, 4, 5000, 10
1, 8223, 109, 140, 141, 140, 141, 0.44, 50, 100, 1, 4, 5000, 10
0, 8500, 99, 151, 137, 151, 137, 0.44, 50, 100, 1, 4, 5000, 10
0, 8500, 107, 143, 129, 143, 129, 0.44, 50, 100, 1, 5, 5000, 10
0, 8500, 112, 162, 145, 162, 145, 0.44, 50, 100, 1, 5, 5000, 10
0, 8500, 95, 135, 124, 135, 124, 0.44, 50, 100, 1, 5, 5000, 10
1, 5696, 84, 94, 96, 94, 96, 0.44, 50, 100, 1, 2, 5000, 10
0, 8500, 102, 148, 133, 148, 133, 0.44, 50, 100, 1, 5, 5000, 10
1, 6341, 100, 117, 118, 117, 118, 0.44, 50, 100, 1, 3, 5000, 10
1, 6342, 101, 111, 112, 111, 112, 0.44, 50, 100, 1, 2, 5000, 10
1, 6259, 76, 86, 87, 86, 87, 0.44, 50, 100, 1, 2, 5000, 10
1, 6262, 108, 120, 121, 120, 121, 0.44, 50, 100, 1, 2, 5000, 10
1, 7242, 115, 136, 137, 136, 137, 0.44, 50, 100, 1, 3, 5000, 10
1, 6063, 104, 116, 117, 116, 117, 0.44, 50, 100, 1, 2, 5000, 10
1, 6239, 109, 121, 122, 121, 122, 0.44, 50, 100, 1, 2, 5000, 10
1, 5635, 105, 117, 118, 117, 118, 0.44, 50, 100, 1, 2, 5000, 10
1, 6207, 113, 123, 124, 123, 124, 0.44, 50, 100, 1, 3, 5000, 10
1, 5721, 105, 115, 117, 115, 117, 0.44, 50, 100, 1, 2, 5000, 10
0, 8500, 88, 141, 120, 141, 120, 0.44, 50, 100, 1, 4, 5000, 10
0, 8500, 96, 145, 141, 145, 141, 0.44, 50, 100, 1, 5, 5000, 10
0, 8500, 96, 143, 134, 143, 134, 0.44, 50, 100, 1, 5, 5000, 10
1, 6042, 94, 105, 106, 105, 106, 0.44, 50, 100, 1, 2, 5000, 10
1, 5941, 85, 95, 96, 95, 96, 0.44, 50, 100, 1, 2, 5000, 10
0, 8500, 119, 160, 150, 160, 150, 0.44, 50, 100, 1, 5, 5000, 10
0, 8500, 99, 142, 128, 142, 128, 0.44, 50, 100, 1, 5, 5000, 10
1, 6725, 102, 119, 120, 119, 120, 0.44, 50, 100, 1, 3, 5000, 10
0, 8500, 119, 168, 151, 168, 151, 0.44, 50, 100, 1, 5, 5000, 10
1, 5889, 118, 128, 129, 128, 129, 0.44, 50, 100, 1, 2, 5000, 10
0, 8500, 103, 147, 137, 147, 137, 0.44, 50, 100, 1, 5, 5000, 10
0, 8500, 93, 136, 123, 136, 123, 0.44, 50, 100, 1, 5, 5000, 10
1, 5755, 107, 117, 118, 117, 118, 0.44, 50, 100, 1, 2, 5000, 10
1, 6567, 102, 118, 119, 118, 119, 0.44, 50, 100, 1, 3, 5000, 10
0, 8500, 97, 150, 128, 150, 128, 0.44, 50, 100, 1, 5, 5000, 10
1, 6020, 80, 90, 93, 90, 93, 0.44, 50, 100, 1, 2, 5000, 10
0, 8500, 88, 133, 125, 133, 125, 0.44, 50, 100, 1, 4, 5000, 10
0, 8500, 102, 147, 143, 147, 143, 0.44, 50, 100, 1, 5, 5000, 10
0, 8500, 105, 161, 139, 161, 139, 0.44, 50, 100, 1, 5, 5000, 10
1, 6070, 105, 115, 120, 115, 120, 0.44, 50, 100, 1, 2, 5000, 10
1, 6754, 97, 108, 109, 108, 109, 0.44, 50, 100, 1, 3, 5000, 10
1, 5793, 118, 128, 130, 128, 130, 0.44, 50, 100, 1, 2, 5000, 10
0, 8500, 101, 145, 135, 145, 135, 0.44, 50, 100, 1, 4, 5000, 10
0, 8500, 90, 130, 123, 130, 123, 0.44, 50, 100, 1, 4, 5000, 10
0, 8500, 83, 137, 110, 137, 110, 0.44, 50, 100, 1, 5, 5000, 10
0, 8500, 98, 145, 139, 145, 139, 0.44, 50, 100, 1, 5, 5000, 10
0, 8500, 111, 156, 146, 156, 146, 0.44, 50, 100, 1, 5, 5000, 10
1, 5756, 110, 120, 121, 120, 121, 0.44, 50, 100, 1, 2, 5000, 10
0, 8500, 109, 148, 137, 148, 137, 0.44, 50, 100, 1, 5, 5000, 10
1, 6224, 102, 112, 115, 112, 115, 0.44, 50, 100, 1, 2, 5000, 10
1, 6842, 112, 132, 133, 132, 133, 0.44, 50, 100, 1, 3, 5000, 10
1, 6895, 99, 124, 125, 124, 125, 0.44, 50, 100, 1, 3, 5000, 10
0, 8500, 89, 128, 124, 128, 124, 0.44, 50, 100, 1, 4, 5000, 10
1, 6361, 109, 119, 121, 119, 121, 0.44, 50, 100, 1, 3, 5000, 10
1, 5913, 107, 117, 120, 117, 120, 0.44, 50, 100, 1, 2, 5000, 10
1, 6088, 100, 110, 111, 110, 111, 0.44, 50, 100, 1, 2, 5000, 10
0, 8500, 89, 125, 115, 125, 115, 0.44, 50, 100, 1, 4, 5000, 10
1, 6000, 103, 115, 116, 115, 116, 0.44, 50, 100, 1, 3, 5000, 10
0, 8500, 97, 141, 124, 141, 124, 0.44, 50, 100, 1, 5, 5000, 10
0, 8500, 88, 134, 116, 134, 116, 0.44, 50, 100, 1, 4, 5000, 10
0, 8500, 84, 123, 116, 123, 116, 0.44, 50, 100, 1, 5, 5000, 10
1, 6166, 100, 110, 116, 110, 116, 0.44, 50, 100, 1, 3, 5000, 10
0, 8500, 93, 139, 133, 139, 133, 0.44, 50, 100, 1, 5, 5000, 10
1, 6321, 92, 102, 108, 102, 108, 0.44, 50, 100, 1, 3, 5000, 10
0, 8500, 82, 127, 117, 127, 117, 0.44, 50, 100, 1, 5, 5000, 10
0, 8500, 108, 160, 149, 160, 149, 0.44, 50, 100, 1, 5, 5000, 10
0, 8500, 96, 143, 118, 143, 118, 0.44, 50, 100, 1, 5, 5000, 10
1, 6342, 109, 119, 120, 119, 120, 0.44, 50, 100, 1, 3, 5000, 10
1, 6549, 80, 90, 96, 90, 96, 0.44, 50, 100, 1, 3, 5000, 10
0, 8500, 93, 134, 117, 134, 117, 0.44, 50, 100, 1, 5, 5000, 10
1, 6337, 111, 124, 125, 124, 125, 0.44, 50, 100, 1, 3, 5000, 10
0, 8500, 95, 141, 126, 141, 126, 0.44, 50, 100, 1, 5, 5000, 10
0, 8500, 101, 151, 136, 151, 136, 0.44, 50, 100, 1, 5, 5000, 10
1, 6198, 93, 104, 105, 104, 105, 0.44, 50, 100, 1, 2, 5000, 10
0, 8500, 114, 158, 144, 158, 144, 0.44, 50, 100, 1, 5, 5000, 10
0, 8500, 102, 156, 142, 156, 142, 0.44, 50, 100, 1, 5, 5000, 10
0, 8500, 93, 143, 122, 143, 122, 0.44, 50, 100, 1, 5, 5000, 10
1, 7806, 103, 120, 121, 120, 121, 0.44, 50, 100, 1, 4, 5000, 10
1, 6102, 118, 128, 131, 128, 131, 0.44, 50, 100, 1, 3, 5000, 10
1, 6440, 104, 120, 121, 120, 121, 0.44, 50, 100, 1, 3, 5000, 10
1, 5770, 98, 108, 109, 108, 109, 0.44, 50, 100, 1, 2, 5000, 10
1, 6243, 98, 111, 112, 111, 112, 0.44, 50, 100, 1, 3, 5000, 10
1, 7513, 108, 140, 141, 140, 141, 0.44, 50, 100, 1, 4, 5000, 10
1, 5983, 82, 92, 94, 92, 94, 0.44, 50, 100, 1, 2, 5000, 10
1, 6029, 99, 109, 112, 109, 112, 0.44, 50, 100, 1, 2, 5000, 10
1, 6011, 117, 127, 133, 127, 133, 0.44, 50, 100, 1, 2, 5000, 10
1, 6097, 101, 111, 115, 111, 115, 0.44, 50, 100, 1, 2, 5000, 10
0, 8500, 103, 154, 143, 154, 143, 0.44, 50, 100, 1, 5, 5000, 10
0, 8500, 98, 149, 122, 149, 122, 0.44, 50, 100, 1, 4, 5000, 10
1, 6161, 102, 113, 114, 113, 114, 0.44, 50, 100, 1, 2, 5000, 10
1, 7770, 89, 115, 116, 115, 116, 0.44, 50, 100, 1, 4, 5000, 10
0, 8500, 91, 133, 126, 133, 126, 0.44, 50, 100, 1, 4, 5000, 10
1, 7009, 105, 124, 125, 124, 125, 0.44, 50, 100, 1, 3, 5000, 10
0, 8500, 103, 160, 144, 160, 144, 0.44, 50, 100, 1, 5, 5000, 10
1, 7841, 110, 149, 150, 149, 150, 0.44, 50, 100, 1, 4, 5000, 10
0, 10250, 109, 187, 173, 187, 173, 0.44, 50, 100, 1, 6, 5000, 15
1, 6621, 111, 126, 127, 126, 127, 0.44, 50, 100, 1, 3, 5000, 15
0, 10250, 112, 195, 177, 195, 177, 0.44, 50, 100, 1, 6, 5000, 15
1, 6985, 94, 109, 114, 109, 114, 0.44, 50, 100, 1, 3, 5000, 15
0, 10250, 102, 188, 169, 188, 169, 0.44, 50, 100, 1, 7, 5000, 15
1, 6849, 103, 118, 121, 118, 121, 0.44, 50, 100, 1, 3, 5000, 15
0, 10250, 100, 181, 161, 181, 161, 0.44, 50, 100, 1, 6, 5000, 15
1, 6806, 98, 115, 116, 115, 116, 0.44, 50, 100, 1, 3, 5000, 15
0, 10250, 110, 191, 177, 191, 177, 0.44, 50, 100, 1, 7, 5000, 15
0, 10250, 108, 170, 161, 170, 161, 0.44, 50, 100, 1, 6, 5000, 15
1, 6745, 107, 126, 127, 126, 127, 0.44, 50, 100, 1, 3, 5000, 15
1, 6294, 98, 113, 114, 113, 114, 0.44, 50, 100, 1, 3, 5000, 15
0, 10250, 96, 169, 160, 169, 160, 0.44, 50, 100, 1, 6, 5000, 15
1, 7366, 93, 108, 112, 108, 112, 0.44, 50, 100, 1, 3, 5000, 15
1, 7538, 103, 131, 132, 131, 132, 0.44, 50, 100, 1, 4, 5000, 15
0, 10250, 112, 185, 161, 185, 161, 0.44, 50, 100, 1, 7, 5000, 15
0, 10250, 98, 178, 166, 178, 166, 0.44, 50, 100, 1, 6, 5000, 15
0, 10250, 94, 182, 155, 182, 155, 0.44, 50, 100, 1, 6, 5000, 15
1, 7113, 103, 132, 133, 132, 133, 0.44, 50, 100, 1, 3, 5000, 15
0, 10250, 99, 176, 155, 176, 155, 0.44, 50, 100, 1, 6, 5000, 15
0, 10250, 94, 167, 149, 167, 149, 0.44, 50, 100, 1, 6, 5000, 15
1, 6548, 106, 121, 122, 121, 122, 0.44, 50, 100, 1, 3, 5000, 15
1, 8999, 102, 142, 143, 142, 143, 0.44, 50, 100, 1, 5, 5000, 15
1, 6972, 101, 118, 119, 118, 119, 0.44, 50, 100, 1, 3, 5000, 15
0, 10250, 86, 159, 144, 159, 144, 0.44, 50, 100, 1, 6, 5000, 15
0, 10250, 92, 186, 176, 186, 176, 0.44, 50, 100, 1, 7, 5000, 15
0, 10250, 102, 167, 155, 167, 155, 0.44, 50, 100, 1, 7, 5000, 15
0, 10250, 108, 172, 153, 172, 153, 0.44, 50, 100, 1, 7, 5000, 15
0, 10250, 104, 189, 168, 189, 168, 0.44, 50, 100, 1, 7, 5000, 15
0, 10250, 104, 177, 165, 177, 165, 0.44, 50, 100, 1, 6, 5000, 15
1, 6518, 98, 113, 116, 113, 116, 0.44, 50, 100, 1, 3, 5000, 15
1, 6803, 107, 125, 126, 125, 126, 0.44, 50, 100, 1, 3, 5000, 15
1, 8311, 97, 137, 138, 137, 138, 0.44, 50, 100, 1, 4, 5000, 15
1, 9236, 108, 166, 167, 166, 167, 0.44, 50, 100, 1, 5, 5000, 15
1, 6813, 99, 123, 124, 123, 124, 0.44, 50, 100, 1, 3, 5000, 15
0, 10250, 111, 197, 171, 197, 171, 0.44, 50, 100, 1, 6, 5000, 15
0, 10250, 104, 195, 173, 195, 173, 0.44, 50, 100, 1, 7, 5000, 15
0, 10250, 105, 175, 165, 175, 165, 0.44, 50, 100, 1, 6, 5000, 15
0, 10250, 100, 159, 151, 159, 151, 0.44, 50, 100, 1, 6, 5000, 15
0, 10250, 87, 145, 129, 145, 129, 0.44, 50, 100, 1, 6, 5000, 15
0, 10250, 110, 183, 168, 183, 168, 0.44, 50, 100, 1, 6, 5000, 15
0, 10250, 124, 197, 180, 197, 180, 0.44, 50, 100, 1, 6, 5000, 15
0, 10250, 118, 181, 180, 181, 180, 0.44, 50, 100, 1, 6, 5000, 15
1, 8784, 111, 148, 149, 148, 149, 0.44, 50, 100, 1, 5, 5000, 15
0, 10250, 122, 193, 174, 193, 174, 0.44, 50, 100, 1, 6, 5000, 15
1, 6272, 113, 129, 130, 129, 130, 0.44, 50, 100, 1, 3, 5000, 15
1, 6300, 98, 113, 118, 113, 118, 0.44, 50, 100, 1, 3, 5000, 15
1, 6282, 82, 99, 100, 99, 100, 0.44, 50, 100, 1, 3, 5000, 15
0, 10250, 112, 187, 163, 187, 163, 0.44, 50, 100, 1, 6, 5000, 15
0, 10250, 118, 190, 180, 190, 180, 0.44, 50, 100, 1, 6, 5000, 15
0, 10250, 99, 177, 156, 177, 156, 0.44, 50, 100, 1, 7, 5000, 15
0, 10250, 92, 178, 157, 178, 157, 0.44, 50, 100, 1, 6, 5000, 15
0, 10250, 117, 189, 175, 189, 175, 0.44, 50, 100, 1, 6, 5000, 15
1, 6540, 95, 110, 112, 110, 112, 0.44, 50, 100, 1, 3, 5000, 15
0, 10250, 99, 193, 175, 193, 175, 0.44, 50, 100, 1, 6, 5000, 15
0, 10250, 98, 185, 167, 185, 167, 0.44, 50, 100, 1, 7, 5000, 15
1, 6694, 112, 128, 129, 128, 129, 0.44, 50, 100, 1, 3, 5000, 15
0, 10250, 118, 192, 167, 192, 167, 0.44, 50, 100, 1, 6, 5000, 15
0, 10250, 108, 191, 179, 191, 179, 0.44, 50, 100, 1, 6, 5000, 15
1, 8132, 96, 132, 133, 132, 133, 0.44, 50, 100, 1, 4, 5000, 15
0, 10250, 100, 177, 161, 177, 161, 0.44, 50, 100, 1, 6, 5000, 15
1, 6134, 105, 120, 121, 120, 121, 0.44, 50, 100, 1, 3, 5000, 15
1, 6838, 98, 115, 116, 115, 116, 0.44, 50, 100, 1, 3, 5000, 15
0, 10250, 105, 169, 155, 169, 155, 0.44, 50, 100, 1, 6, 5000, 15
0, 10250, 92, 156, 141, 156, 141, 0.44, 50, 100, 1, 7, 5000, 15
1, 10062, 86, 150, 151, 150, 151, 0.44, 50, 100, 1, 6, 5000, 15
0, 10250, 112, 198, 174, 198, 174, 0.44, 50, 100, 1, 7, 5000, 15
0, 10250, 76, 149, 135, 149, 135, 0.44, 50, 100, 1, 6, 5000, 15
1, 6633, 109, 125, 126, 125, 126, 0.44, 50, 100, 1, 3, 5000, 15
1, 6838, 101, 116, 123, 116, 123, 0.44, 50, 100, 1, 3, 5000, 15
1, 6773, 98, 113, 119, 113, 119, 0.44, 50, 100, 1, 3, 5000, 15
0, 10250, 101, 181, 177, 181, 177, 0.44, 50, 100, 1, 6, 5000, 15
1, 6537, 97, 113, 114, 113, 114, 0.44, 50, 100, 1, 3, 5000, 15
0, 10250, 98, 193, 167, 193, 167, 0.44, 50, 100, 1, 6, 5000, 15
0, 10250, 114, 178, 164, 178, 164, 0.44, 50, 100, 1, 6, 5000, 15
1, 8434, 112, 151, 152, 151, 152, 0.44, 50, 100, 1, 5, 5000, 15
1, 6443, 100, 115, 116, 115, 116, 0.44, 50, 100, 1, 3, 5000, 15
0, 10250, 95, 170, 151, 170, 151, 0.44, 50, 100, 1, 6, 5000, 15
0, 10250, 111, 179, 170, 179, 170, 0.44, 50, 100, 1, 7, 5000, 15
0, 10250, 99, 189, 159, 189, 159, 0.44, 50, 100, 1, 6, 5000, 15
1, 6725, 88, 107, 108, 107, 108, 0.44, 50, 100, 1, 3, 5000, 15
1, 5982, 99, 114, 115, 114, 115, 0.44, 50, 100, 1, 2, 5000, 15
0, 10250, 113, 199, 172, 199, 172, 0.44, 50, 100, 1, 6, 5000, 15
0, 10250, 96, 162, 153, 162, 153, 0.44, 50, 100, 1, 7, 5000, 15
1, 6474, 99, 117, 118, 117, 118, 0.44, 50, 100, 1, 3, 5000, 15
1, 7281, 94, 120, 121, 120, 121, 0.44, 50, 100, 1, 4, 5000, 15
0, 10250, 117, 181, 170, 181, 170, 0.44, 50, 100, 1, 6, 5000, 15
0, 10250, 104, 169, 147, 169, 147, 0.44, 50, 100, 1, 7, 5000, 15
0, 10250, 107, 175, 155, 175, 155, 0.44, 50, 100, 1, 7, 5000, 15
1, 6749, 105, 120, 128, 120, 128, 0.44, 50, 100, 1, 3, 5000, 15
0, 10250, 93, 166, 147, 166, 147, 0.44, 50, 100, 1, 6, 5000, 15
0, 10250, 93, 170, 167, 170, 167, 0.44, 50, 100, 1, 9, 5000, 15
1, 6839, 103, 118, 122, 118, 122, 0.44, 50, 100, 1, 3, 5000, 15
1, 7219, 113, 136, 137, 136, 137, 0.44, 50, 100, 1, 4, 5000, 15
1, 7629, 104, 135, 136, 135, 136, 0.44, 50, 100, 1, 4, 5000, 15
1, 6952, 99, 114, 118, 114, 118, 0.44, 50, 100, 1, 3, 5000, 15
1, 6049, 90, 105, 106, 105, 106, 0.44, 50, 100, 1, 2, 5000, 15
0, 10250, 79, 165, 148, 165, 148, 0.44, 50, 100, 1, 6, 5000, 15
1, 7385, 89, 122, 123, 122, 123, 0.44, 50, 100, 1, 4, 5000, 15
1, 5988, 97, 113, 114, 113, 114, 0.44, 50, 100, 1, 2, 5000, 15
1, 8283, 105, 139, 140, 139, 140, 0.44, 50, 100, 1, 4, 5000, 20
1, 6834, 100, 121, 122, 121, 122, 0.44, 50, 100, 1, 3, 5000, 20
0, 12000, 89, 205, 161, 205, 161, 0.44, 50, 100, 1, 8, 5000, 20
0, 12000, 95, 206, 189, 206, 189, 0.44, 50, 100, 1, 8, 5000, 20
1, 6772, 95, 115, 117, 115, 117, 0.44, 50, 100, 1, 3, 5000, 20
0, 12000, 90, 210, 201, 210, 201, 0.44, 50, 100, 1, 8, 5000, 20
1, 11066, 92, 169, 170, 169, 170, 0.44, 50, 100, 1, 7, 5000, 20
0, 12000, 92, 201, 176, 201, 176, 0.44, 50, 100, 1, 8, 5000, 20
1, 10142, 97, 167, 168, 167, 168, 0.44, 50, 100, 1, 7, 5000, 20
0, 12000, 79, 195, 178, 195, 178, 0.44, 50, 100, 1, 9, 5000, 20
0, 12000, 98, 223, 204, 223, 204, 0.44, 50, 100, 1, 8, 5000, 20
0, 12000, 87, 192, 177, 192, 177, 0.44, 50, 100, 1, 8, 5000, 20
1, 7996, 106, 141, 142, 141, 142, 0.44, 50, 100, 1, 5, 5000, 20
0, 12000, 109, 219, 200, 219, 200, 0.44, 50, 100, 1, 9, 5000, 20
1, 7186, 93, 113, 116, 113, 116, 0.44, 50, 100, 1, 4, 5000, 20
0, 12000, 104, 219, 197, 219, 197, 0.44, 50, 100, 1, 8, 5000, 20
1, 7036, 111, 131, 132, 131, 132, 0.44, 50, 100, 1, 3, 5000, 20
1, 6548, 97, 118, 119, 118, 119, 0.44, 50, 100, 1, 3, 5000, 20
0, 12000, 98, 222, 184, 222, 184, 0.44, 50, 100, 1, 8, 5000, 20
0, 12000, 106, 216, 176, 216, 176, 0.44, 50, 100, 1, 8, 5000, 20
0, 12000, 98, 221, 194, 221, 194, 0.44, 50, 100, 1, 8, 5000, 20
0, 12000, 99, 206, 187, 206, 187, 0.44, 50, 100, 1, 8, 5000, 20
0, 12000, 101, 197, 175, 197, 175, 0.44, 50, 100, 1, 9, 5000, 20
1, 7305, 94, 118, 119, 118, 119, 0.44, 50, 100, 1, 4, 5000, 20
0, 12000, 102, 203, 193, 203, 193, 0.44, 50, 100, 1, 8, 5000, 20
0, 12000, 100, 216, 196, 216, 196, 0.44, 50, 100, 1, 8, 5000, 20
0, 12000, 113, 198, 191, 198, 191, 0.44, 50, 100, 1, 8, 5000, 20
0, 12000, 108, 210, 193, 210, 193, 0.44, 50, 100, 1, 8, 5000, 20
1, 7114, 105, 128, 129, 128, 129, 0.44, 50, 100, 1, 3, 5000, 20
0, 12000, 86, 194, 178, 194, 178, 0.44, 50, 100, 1, 8, 5000, 20
1, 8050, 107, 127, 136, 127, 136, 0.44, 50, 100, 1, 4, 5000, 20
1, 7499, 101, 130, 131, 130, 131, 0.44, 50, 100, 1, 4, 5000, 20
1, 9598, 88, 143, 144, 143, 144, 0.44, 50, 100, 1, 6, 5000, 20
0, 12000, 90, 182, 164, 182, 164, 0.44, 50, 100, 1, 8, 5000, 20
0, 12000, 107, 219, 179, 219, 179, 0.44, 50, 100, 1, 9, 5000, 20
0, 12000, 87, 204, 177, 204, 177, 0.44, 50, 100, 1, 8, 5000, 20
1, 6770, 111, 131, 132, 131, 132, 0.44, 50, 100, 1, 3, 5000, 20
0, 12000, 104, 212, 182, 212, 182, 0.44, 50, 100, 1, 8, 5000, 20
1, 8602, 95, 133, 134, 133, 134, 0.44, 50, 100, 1, 5, 5000, 20
1, 7297, 111, 131, 133, 131, 133, 0.44, 50, 100, 1, 4, 5000, 20
1, 7420, 114, 134, 141, 134, 141, 0.44, 50, 100, 1, 4, 5000, 20
0, 12000, 100, 217, 196, 217, 196, 0.44, 50, 100, 1, 8, 5000, 20
1, 11124, 93, 181, 182, 181, 182, 0.44, 50, 100, 1, 7, 5000, 20
1, 6832, 93, 113, 117, 113, 117, 0.44, 50, 100, 1, 3, 5000, 20
0, 12000, 105, 207, 182, 207, 182, 0.44, 50, 100, 1, 8, 5000, 20
1, 10696, 91, 161, 162, 161, 162, 0.44, 50, 100, 1, 7, 5000, 20
1, 7221, 116, 136, 139, 136, 139, 0.44, 50, 100, 1, 3, 5000, 20
1, 7061, 101, 122, 123, 122, 123, 0.44, 50, 100, 1, 3, 5000, 20
0, 12000, 113, 209, 194, 209, 194, 0.44, 50, 100, 1, 8, 5000, 20
1, 6969, 111, 131, 133, 131, 133, 0.44, 50, 100, 1, 4, 5000, 20
1, 7204, 80, 100, 103, 100, 103, 0.44, 50, 100, 1, 4, 5000, 20
0, 12000, 98, 198, 184, 198, 184, 0.44, 50, 100, 1, 8, 5000, 20
1, 7221, 100, 120, 125, 120, 125, 0.44, 50, 100, 1, 3, 5000, 20
1, 7049, 117, 137, 140, 137, 140, 0.44, 50, 100, 1, 4, 5000, 20
0, 12000, 103, 191, 185, 191, 185, 0.44, 50, 100, 1, 8, 5000, 20
1, 7345, 101, 121, 133, 121, 133, 0.44, 50, 100, 1, 4, 5000, 20
1, 6809, 110, 132, 133, 132, 133, 0.44, 50, 100, 1, 3, 5000, 20
0, 12000, 119, 230, 210, 230, 210, 0.44, 50, 100, 1, 9, 5000, 20
1, 8427, 112, 152, 153, 152, 153, 0.44, 50, 100, 1, 6, 5000, 20
1, 6425, 120, 140, 141, 140, 141, 0.44, 50, 100, 1, 3, 5000, 20
1, 8051, 106, 145, 146, 145, 146, 0.44, 50, 100, 1, 4, 5000, 20
1, 6262, 95, 115, 118, 115, 118, 0.44, 50, 100, 1, 3, 5000, 20
1, 9950, 99, 171, 172, 171, 172, 0.44, 50, 100, 1, 6, 5000, 20
1, 7171, 112, 134, 135, 134, 135, 0.44, 50, 100, 1, 4, 5000, 20
0, 12000, 104, 199, 184, 199, 184, 0.44, 50, 100, 1, 8, 5000, 20
0, 12000, 114, 227, 188, 227, 188, 0.44, 50, 100, 1, 8, 5000, 20
0, 12000, 114, 200, 178, 200, 178, 0.44, 50, 100, 1, 8, 5000, 20
1, 7592, 104, 129, 130, 129, 130, 0.44, 50, 100, 1, 4, 5000, 20
1, 9945, 85, 163, 164, 163, 164, 0.44, 50, 100, 1, 6, 5000, 20
0, 12000, 99, 211, 179, 211, 179, 0.44, 50, 100, 1, 8, 5000, 20
0, 12000, 105, 192, 187, 192, 187, 0.44, 50, 100, 1, 8, 5000, 20
1, 6905, 97, 117, 119, 117, 119, 0.44, 50, 100, 1, 3, 5000, 20
0, 12000, 104, 208, 200, 208, 200, 0.44, 50, 100, 1, 8, 5000, 20
0, 12000, 102, 205, 196, 205, 196, 0.44, 50, 100, 1, 8, 5000, 20
0, 12000, 110, 213, 189, 213, 189, 0.44, 50, 100, 1, 8, 5000, 20
1, 10182, 110, 167, 168, 167, 168, 0.44, 50, 100, 1, 6, 5000, 20
1, 6961, 111, 131, 135, 131, 135, 0.44, 50, 100, 1, 3, 5000, 20
1, 6538, 98, 119, 120, 119, 120, 0.44, 50, 100, 1, 3, 5000, 20
0, 12000, 97, 220, 163, 220, 163, 0.44, 50, 100, 1, 8, 5000, 20
1, 7658, 75, 95, 99, 95, 99, 0.44, 50, 100, 1, 4, 5000, 20
0, 12000, 106, 225, 213, 225, 213, 0.44, 50, 100, 1, 8, 5000, 20
0, 12000, 101, 206, 193, 206, 193, 0.44, 50, 100, 1, 8, 5000, 20
1, 7168, 103, 123, 126, 123, 126, 0.44, 50, 100, 1, 4, 5000, 20
0, 12000, 100, 226, 193, 226, 193, 0.44, 50, 100, 1, 8, 5000, 20
0, 12000, 105, 218, 194, 218, 194, 0.44, 50, 100, 1, 9, 5000, 20
0, 12000, 100, 205, 183, 205, 183, 0.44, 50, 100, 1, 9, 5000, 20
0, 12000, 89, 204, 199, 204, 199, 0.44, 50, 100, 1, 8, 5000, 20
0, 12000, 120, 210, 202, 210, 202, 0.44, 50, 100, 1, 9, 5000, 20
1, 6796, 97, 117, 119, 117, 119, 0.44, 50, 100, 1, 3, 5000, 20
0, 12000, 111, 210, 178, 210, 178, 0.44, 50, 100, 1, 9, 5000, 20
1, 8437, 116, 149, 150, 149, 150, 0.44, 50, 100, 1, 5, 5000, 20
1, 6729, 108, 128, 129, 128, 129, 0.44, 50, 100, 1, 3, 5000, 20
0, 12000, 96, 200, 173, 200, 173, 0.44, 50, 100, 1, 8, 5000, 20
1, 6761, 111, 131, 137, 131, 137, 0.44, 50, 100, 1, 3, 5000, 20
1, 7098, 108, 128, 129, 128, 129, 0.44, 50, 100, 1, 3, 5000, 20
0, 12000, 88, 213, 192, 213, 192, 0.44, 50, 100, 1, 8, 5000, 20
0, 12000, 107, 211, 188, 211, 188, 0.44, 50, 100, 1, 8, 5000, 20
1, 6578, 105, 125, 128, 125, 128, 0.44, 50, 100, 1, 3, 5000, 20
0, 12000, 110, 217, 195, 217, 195, 0.44, 50, 100, 1, 8, 5000, 20
0, 12000, 99, 218, 185, 218, 185, 0.44, 50, 100, 1, 8, 5000, 20
0, 13750, 99, 242, 227, 242, 227, 0.44, 50, 100, 1, 10, 5000, 25
1, 7168, 93, 118, 120, 118, 120, 0.44, 50, 100, 1, 4, 5000, 25
0, 13750, 79, 241, 213, 241, 213, 0.44, 50, 100, 1, 10, 5000, 25
1, 13358, 96, 229, 230, 229, 230, 0.44, 50, 100, 1, 11, 5000, 25
1, 9364, 109, 154, 155, 154, 155, 0.44, 50, 100, 1, 6, 5000, 25
0, 13750, 110, 253, 228, 253, 228, 0.44, 50, 100, 1, 11, 5000, 25
1, 7311, 109, 138, 139, 138, 139, 0.44, 50, 100, 1, 4, 5000, 25
1, 8874, 102, 161, 162, 161, 162, 0.44, 50, 100, 1, 5, 5000, 25
0, 13750, 93, 243, 212, 243, 212, 0.44, 50, 100, 1, 10, 5000, 25
1, 7622, 103, 129, 130, 129, 130, 0.44, 50, 100, 1, 4, 5000, 25
1, 13412, 112, 241, 242, 241, 242, 0.44, 50, 100, 1, 9, 5000, 25
0, 13750, 97, 245, 226, 245, 226, 0.44, 50, 100, 1, 10, 5000, 25
1, 8729, 112, 149, 150, 149, 150, 0.44, 50, 100, 1, 5, 5000, 25
0, 13750, 102, 245, 223, 245, 223, 0.44, 50, 100, 1, 10, 5000, 25
1, 8762, 110, 146, 147, 146, 147, 0.44, 50, 100, 1, 5, 5000, 25
1, 8409, 101, 143, 144, 143, 144, 0.44, 50, 100, 1, 5, 5000, 25
0, 13750, 96, 234, 203, 234, 203, 0.44, 50, 100, 1, 10, 5000, 25
1, 8121, 95, 129, 130, 129, 130, 0.44, 50, 100, 1, 5, 5000, 25
1, 13591, 86, 210, 211, 210, 211, 0.44, 50, 100, 1, 9, 5000, 25
0, 13750, 109, 236, 228, 236, 228, 0.44, 50, 100, 1, 10, 5000, 25
1, 8829, 112, 159, 160, 159, 160, 0.44, 50, 100, 1, 5, 5000, 25
0, 13750, 112, 252, 220, 252, 220, 0.44, 50, 100, 1, 9, 5000, 25
1, 7582, 95, 123, 124, 123, 124, 0.44, 50, 100, 1, 4, 5000, 25
1, 7888, 104, 129, 130, 129, 130, 0.44, 50, 100, 1, 4, 5000, 25
1, 7726, 107, 134, 135, 134, 135, 0.44, 50, 100, 1, 4, 5000, 25
1, 7090, 105, 130, 136, 130, 136, 0.44, 50, 100, 1, 3, 5000, 25
0, 13750, 103, 247, 229, 247, 229, 0.44, 50, 100, 1, 10, 5000, 25
1, 7175, 110, 135, 138, 135, 138, 0.44, 50, 100, 1, 4, 5000, 25
0, 13750, 106, 239, 225, 239, 225, 0.44, 50, 100, 1, 10, 5000, 25
0, 13750, 107, 265, 233, 265, 233, 0.44, 50, 100, 1, 10, 5000, 25
1, 6925, 88, 113, 117, 113, 117, 0.44, 50, 100, 1, 3, 5000, 25
0, 13750, 100, 230, 201, 230, 201, 0.44, 50, 100, 1, 9, 5000, 25
1, 8039, 93, 133, 134, 133, 134, 0.44, 50, 100, 1, 4, 5000, 25
1, 7759, 105, 130, 131, 130, 131, 0.44, 50, 100, 1, 4, 5000, 25
1, 7534, 108, 133, 134, 133, 134, 0.44, 50, 100, 1, 4, 5000, 25
0, 13750, 93, 252, 231, 252, 231, 0.44, 50, 100, 1, 10, 5000, 25
1, 7272, 104, 129, 131, 129, 131, 0.44, 50, 100, 1, 4, 5000, 25
0, 13750, 95, 248, 229, 248, 229, 0.44, 50, 100, 1, 10, 5000, 25
0, 13750, 105, 248, 237, 248, 237, 0.44, 50, 100, 1, 10, 5000, 25
0, 13750, 105, 238, 225, 238, 225, 0.44, 50, 100, 1, 10, 5000, 25
0, 13750, 104, 245, 245, 245, 245, 0.44, 50, 100, 1, 10, 5000, 25
0, 13750, 97, 251, 233, 251, 233, 0.44, 50, 100, 1, 10, 5000, 25
1, 7031, 102, 127, 129, 127, 129, 0.44, 50, 100, 1, 3, 5000, 25
0, 13750, 110, 258, 225, 258, 225, 0.44, 50, 100, 1, 10, 5000, 25
0, 13750, 89, 231, 200, 231, 200, 0.44, 50, 100, 1, 10, 5000, 25
0, 13750, 92, 237, 225, 237, 225, 0.44, 50, 100, 1, 10, 5000, 25
1, 13185, 98, 219, 220, 219, 220, 0.44, 50, 100, 1, 9, 5000, 25
0, 13750, 111, 250, 247, 250, 247, 0.44, 50, 100, 1, 10, 5000, 25
1, 11471, 90, 186, 187, 186, 187, 0.44, 50, 100, 1, 8, 5000, 25
0, 13750, 109, 227, 205, 227, 205, 0.44, 50, 100, 1, 10, 5000, 25
0, 13750, 97, 242, 216, 242, 216, 0.44, 50, 100, 1, 11, 5000, 25
0, 13750, 115, 235, 224, 235, 224, 0.44, 50, 100, 1, 11, 5000, 25
0, 13750, 99, 231, 217, 231, 217, 0.44, 50, 100, 1, 10, 5000, 25
1, 7313, 112, 137, 138, 137, 138, 0.44, 50, 100, 1, 4, 5000, 25
0, 13750, 102, 248, 225, 248, 225, 0.44, 50, 100, 1, 10, 5000, 25
0, 13750, 114, 251, 234, 251, 234, 0.44, 50, 100, 1, 10, 5000, 25
0, 13750, 97, 227, 203, 227, 203, 0.44, 50, 100, 1, 10, 5000, 25
0, 13750, 93, 245, 232, 245, 232, 0.44, 50, 100, 1, 9, 5000, 25
1, 6875, 92, 117, 121, 117, 121, 0.44, 50, 100, 1, 3, 5000, 25
0, 13750, 102, 237, 218, 237, 218, 0.44, 50, 100, 1, 10, 5000, 25
1, 7730, 95, 120, 121, 120, 121, 0.44, 50, 100, 1, 4, 5000, 25
0, 13750, 100, 250, 208, 250, 208, 0.44, 50, 100, 1, 10, 5000, 25
1, 8253, 82, 107, 108, 107, 108, 0.44, 50, 100, 1, 4, 5000, 25
0, 13750, 101, 251, 226, 251, 226, 0.44, 50, 100, 1, 9, 5000, 25
1, 7352, 104, 129, 136, 129, 136, 0.44, 50, 100, 1, 4, 5000, 25
1, 7323, 110, 135, 137, 135, 137, 0.44, 50, 100, 1, 4, 5000, 25
0, 13750, 102, 254, 228, 254, 228, 0.44, 50, 100, 1, 10, 5000, 25
0, 13750, 110, 249, 214, 249, 214, 0.44, 50, 100, 1, 10, 5000, 25
0, 13750, 112, 257, 248, 257, 248, 0.44, 50, 100, 1, 10, 5000, 25
1, 10906, 117, 180, 181, 180, 181, 0.44, 50, 100, 1, 7, 5000, 25
1, 7896, 98, 142, 143, 142, 143, 0.44, 50, 100, 1, 4, 5000, 25
0, 13750, 108, 249, 232, 249, 232, 0.44, 50, 100, 1, 10, 5000, 25
0, 13750, 106, 235, 218, 235, 218, 0.44, 50, 100, 1, 10, 5000, 25
1, 6929, 107, 132, 135, 132, 135, 0.44, 50, 100, 1, 3, 5000, 25
0, 13750, 94, 230, 202, 230, 202, 0.44, 50, 100, 1, 9, 5000, 25
1, 7217, 93, 118, 122, 118, 122, 0.44, 50, 100, 1, 3, 5000, 25
0, 13750, 109, 260, 232, 260, 232, 0.44, 50, 100, 1, 9, 5000, 25
0, 13750, 107, 243, 236, 243, 236, 0.44, 50, 100, 1, 10, 5000, 25
1, 7097, 101, 126, 129, 126, 129, 0.44, 50, 100, 1, 3, 5000, 25
0, 13750, 100, 251, 226, 251, 226, 0.44, 50, 100, 1, 10, 5000, 25
1, 8416, 102, 134, 135, 134, 135, 0.44, 50, 100, 1, 4, 5000, 25
1, 7896, 104, 131, 132, 131, 132, 0.44, 50, 100, 1, 4, 5000, 25
1, 7380, 130, 155, 157, 155, 157, 0.44, 50, 100, 1, 4, 5000, 25
0, 13750, 87, 223, 190, 223, 190, 0.44, 50, 100, 1, 10, 5000, 25
1, 7157, 103, 128, 133, 128, 133, 0.44, 50, 100, 1, 4, 5000, 25
0, 13750, 107, 242, 232, 242, 232, 0.44, 50, 100, 1, 10, 5000, 25
1, 8065, 107, 137, 138, 137, 138, 0.44, 50, 100, 1, 4, 5000, 25
1, 9542, 95, 151, 152, 151, 152, 0.44, 50, 100, 1, 6, 5000, 25
1, 7984, 109, 134, 139, 134, 139, 0.44, 50, 100, 1, 4, 5000, 25
1, 8060, 117, 142, 143, 142, 143, 0.44, 50, 100, 1, 4, 5000, 25
0, 13750, 115, 251, 236, 251, 236, 0.44, 50, 100, 1, 10, 5000, 25
0, 13750, 95, 248, 229, 248, 229, 0.44, 50, 100, 1, 10, 5000, 25
1, 10225, 85, 141, 142, 141, 142, 0.44, 50, 100, 1, 6, 5000, 25
1, 7712, 110, 135, 140, 135, 140, 0.44, 50, 100, 1, 4, 5000, 25
0, 13750, 88, 215, 202, 215, 202, 0.44, 50, 100, 1, 10, 5000, 25
1, 7547, 103, 128, 142, 128, 142, 0.44, 50, 100, 1, 4, 5000, 25
1, 7302, 101, 126, 127, 126, 127, 0.44, 50, 100, 1, 4, 5000, 25
0, 13750, 95, 222, 188, 222, 188, 0.44, 50, 100, 1, 9, 5000, 25
1, 7598, 94, 120, 121, 120, 121, 0.44, 50, 100, 1, 4, 5000, 25
0, 13750, 112, 258, 241, 258, 241, 0.44, 50, 100, 1, 10, 5000, 25
0, 15500, 101, 295, 272, 295, 272, 0.44, 50, 100, 1, 12, 5000, 30
0, 15500, 88, 252, 248, 252, 248, 0.44, 50, 100, 1, 11, 5000, 30
1, 8346, 102, 148, 149, 148, 149, 0.44, 50, 100, 1, 5, 5000, 30
0, 15500, 112, 281, 267, 281, 267, 0.44, 50, 100, 1, 12, 5000, 30
1, 9096, 105, 151, 152, 151, 152, 0.44, 50, 100, 1, 5, 5000, 30
0, 15500, 110, 291, 266, 291, 266, 0.44, 50, 100, 1, 13, 5000, 30
1, 7745, 102, 132, 133, 132, 133, 0.44, 50, 100, 1, 4, 5000, 30
0, 15500, 105, 270, 238, 270, 238, 0.44, 50, 100, 1, 12, 5000, 30
0, 15500, 96, 267, 250, 267, 250, 0.44, 50, 100, 1, 12, 5000, 30
0, 15500, 101, 293, 266, 293, 266, 0.44, 50, 100, 1, 13, 5000, 30
0, 15500, 105, 266, 252, 266, 252, 0.44, 50, 100, 1, 12, 5000, 30
1, 8050, 114, 144, 151, 144, 151, 0.44, 50, 100, 1, 4, 5000, 30
0, 15500, 104, 295, 280, 295, 280, 0.44, 50, 100, 1, 13, 5000, 30
1, 7934, 111, 141, 149, 141, 149, 0.44, 50, 100, 1, 5, 5000, 30
0, 15500, 101, 281, 274, 281, 274, 0.44, 50, 100, 1, 13, 5000, 30
1, 7409, 105, 136, 137, 136, 137, 0.44, 50, 100, 1, 4, 5000, 30
0, 15500, 96, 272, 250, 272, 250, 0.44, 50, 100, 1, 11, 5000, 30
0, 15500, 106, 290, 263, 290, 263, 0.44, 50, 100, 1, 12, 5000, 30
0, 15500, 115, 272, 236, 272, 236, 0.44, 50, 100, 1, 11, 5000, 30
1, 8337, 101, 147, 148, 147, 148, 0.44, 50, 100, 1, 5, 5000, 30
0, 15500, 86, 274, 260, 274, 260, 0.44, 50, 100, 1, 12, 5000, 30
0, 15500, 116, 303, 275, 303, 275, 0.44, 50, 100, 1, 12, 5000, 30
0, 15500, 110, 284, 268, 284, 268, 0.44, 50, 100, 1, 12, 5000, 30
1, 7434, 94, 124, 125, 124, 125, 0.44, 50, 100, 1, 4, 5000, 30
0, 15500, 101, 281, 263, 281, 263, 0.44, 50, 100, 1, 12, 5000, 30
1, 9397, 118, 165, 166, 165, 166, 0.44, 50, 100, 1, 6, 5000, 30
1, 8403, 102, 132, 134, 132, 134, 0.44, 50, 100, 1, 5, 5000, 30
1, 7421, 101, 131, 134, 131, 134, 0.44, 50, 100, 1, 4, 5000, 30
1, 8204, 108, 138, 141, 138, 141, 0.44, 50, 100, 1, 4, 5000, 30
0, 15500, 92, 282, 272, 282, 272, 0.44, 50, 100, 1, 12, 5000, 30
1, 9467, 98, 158, 159, 158, 159, 0.44, 50, 100, 1, 6, 5000, 30
0, 15500, 101, 297, 274, 297, 274, 0.44, 50, 100, 1, 11, 5000, 30
1, 7000, 98, 128, 133, 128, 133, 0.44, 50, 100, 1, 4, 5000, 30
1, 7586, 97, 127, 130, 127, 130, 0.44, 50, 100, 1, 4, 5000, 30
1, 12746, 97, 210, 211, 210, 211, 0.44, 50, 100, 1, 9, 5000, 30
0, 15500, 113, 287, 271, 287, 271, 0.44, 50, 100, 1, 11, 5000, 30
0, 15500, 98, 270, 240, 270, 240, 0.44, 50, 100, 1, 11, 5000, 30
1, 8263, 90, 120, 121, 120, 121, 0.44, 50, 100, 1, 4, 5000, 30
0, 15500, 94, 279, 262, 279, 262, 0.44, 50, 100, 1, 12, 5000, 30
1, 7308, 103, 134, 135, 134, 135, 0.44, 50, 100, 1, 4, 5000, 30
1, 7275, 94, 124, 125, 124, 125, 0.44, 50, 100, 1, 3, 5000, 30
1, 7430, 105, 135, 136, 135, 136, 0.44, 50, 100, 1, 4, 5000, 30
1, 7862, 85, 115, 118, 115, 118, 0.44, 50, 100, 1, 4, 5000, 30
0, 15500, 109, 292, 270, 292, 270, 0.44, 50, 100, 1, 12, 5000, 30
0, 15500, 96, 281, 258, 281, 258, 0.44, 50, 100, 1, 12, 5000, 30
1, 8279, 105, 135, 138, 135, 138, 0.44, 50, 100, 1, 5, 5000, 30
0, 15500, 107, 285, 265, 285, 265, 0.44, 50, 100, 1, 14, 5000, 30
1, 9213, 93, 145, 146, 145, 146, 0.44, 50, 100, 1, 6, 5000, 30
0, 15500, 98, 268, 245, 268, 245, 0.44, 50, 100, 1, 12, 5000, 30
1, 8113, 110, 144, 145, 144, 145, 0.44, 50, 100, 1, 5, 5000, 30
1, 8198, 109, 143, 144, 143, 144, 0.44, 50, 100, 1, 4, 5000, 30
0, 15500, 102, 278, 265, 278, 265, 0.44, 50, 100, 1, 12, 5000, 30
0, 15500, 112, 279, 264, 279, 264, 0.44, 50, 100, 1, 12, 5000, 30
1, 12213, 92, 180, 181, 180, 181, 0.44, 50, 100, 1, 8, 5000, 30
0, 15500, 106, 280, 243, 280, 243, 0.44, 50, 100, 1, 12, 5000, 30
0, 15500, 105, 271, 240, 271, 240, 0.44, 50, 100, 1, 11, 5000, 30
1, 8375, 92, 122, 126, 122, 126, 0.44, 50, 100, 1, 4, 5000, 30
0, 15500, 81, 252, 237, 252, 237, 0.44, 50, 100, 1, 11, 5000, 30
1, 8272, 107, 137, 140, 137, 140, 0.44, 50, 100, 1, 4, 5000, 30
1, 9454, 115, 169, 170, 169, 170, 0.44, 50, 100, 1, 6, 5000, 30
0, 15500, 89, 271, 265, 271, 265, 0.44, 50, 100, 1, 14, 5000, 30
0, 15500, 93, 269, 264, 269, 264, 0.44, 50, 100, 1, 13, 5000, 30
0, 15500, 107, 274, 259, 274, 259, 0.44, 50, 100, 1, 11, 5000, 30
0, 15500, 112, 293, 282, 293, 282, 0.44, 50, 100, 1, 12, 5000, 30
0, 15500, 91, 271, 249, 271, 249, 0.44, 50, 100, 1, 12, 5000, 30
1, 7255, 117, 147, 148, 147, 148, 0.44, 50, 100, 1, 4, 5000, 30
0, 15500, 89, 268, 236, 268, 236, 0.44, 50, 100, 1, 12, 5000, 30
1, 7833, 83, 123, 124, 123, 124, 0.44, 50, 100, 1, 4, 5000, 30
0, 15500, 99, 260, 245, 260, 245, 0.44, 50, 100, 1, 11, 5000, 30
0, 15500, 117, 289, 268, 289, 268, 0.44, 50, 100, 1, 11, 5000, 30
1, 8135, 98, 128, 135, 128, 135, 0.44, 50, 100, 1, 4, 5000, 30
0, 15500, 105, 284, 266, 284, 266, 0.44, 50, 100, 1, 11, 5000, 30
1, 7793, 81, 111, 118, 111, 118, 0.44, 50, 100, 1, 4, 5000, 30
1, 7430, 100, 130, 131, 130, 131, 0.44, 50, 100, 1, 4, 5000, 30
0, 15500, 91, 272, 243, 272, 243, 0.44, 50, 100, 1, 11, 5000, 30
1, 8548, 98, 132, 133, 132, 133, 0.44, 50, 100, 1, 5, 5000, 30
0, 15500, 106, 284, 268, 284, 268, 0.44, 50, 100, 1, 11, 5000, 30
0, 15500, 113, 293, 263, 293, 263, 0.44, 50, 100, 1, 12, 5000, 30
0, 15500, 114, 280, 264, 280, 264, 0.44, 50, 100, 1, 11, 5000, 30
0, 15500, 118, 285, 269, 285, 269, 0.44, 50, 100, 1, 12, 5000, 30
1, 11460, 102, 190, 191, 190, 191, 0.44, 50, 100, 1, 7, 5000, 30
0, 15500, 109, 276, 262, 276, 262, 0.44, 50, 100, 1, 12, 5000, 30
1, 14743, 120, 276, 277, 276, 277, 0.44, 50, 100, 1, 11, 5000, 30
0, 15500, 115, 284, 264, 284, 264, 0.44, 50, 100, 1, 12, 5000, 30
1, 7784, 95, 130, 131, 130, 131, 0.44, 50, 100, 1, 4, 5000, 30
0, 15500, 101, 280, 262, 280, 262, 0.44, 50, 100, 1, 11, 5000, 30
1, 7926, 112, 142, 143, 142, 143, 0.44, 50, 100, 1, 4, 5000, 30
0, 15500, 105, 280, 261, 280, 261, 0.44, 50, 100, 1, 12, 5000, 30
0, 15500, 118, 275, 257, 275, 257, 0.44, 50, 100, 1, 11, 5000, 30
1, 12477, 98, 196, 197, 196, 197, 0.44, 50, 100, 1, 8, 5000, 30
0, 15500, 90, 272, 269, 272, 269, 0.44, 50, 100, 1, 12, 5000, 30
1, 11990, 101, 203, 204, 203, 204, 0.44, 50, 100, 1, 8, 5000, 30
0, 15500, 104, 273, 263, 273, 263, 0.44, 50, 100, 1, 12, 5000, 30
1, 12395, 97, 199, 200, 199, 200, 0.44, 50, 100, 1, 8, 5000, 30
1, 9490, 112, 172, 173, 172, 173, 0.44, 50, 100, 1, 6, 5000, 30
1, 7398, 90, 122, 123, 122, 123, 0.44, 50, 100, 1, 4, 5000, 30
1, 8592, 102, 141, 142, 141, 142, 0.44, 50, 100, 1, 5, 5000, 30
1, 12621, 92, 207, 208, 207, 208, 0.44, 50, 100, 1, 9, 5000, 30
0, 15500, 105, 295, 277, 295, 277, 0.44, 50, 100, 1, 11, 5000, 30
0, 15500, 98, 285, 262, 285, 262, 0.44, 50, 100, 1, 13, 5000, 30
0, 17250, 92, 278, 257, 278, 257, 0.44, 50, 100, 1, 14, 5000, 35
1, 11025, 112, 185, 186, 185, 186, 0.44, 50, 100, 1, 7, 5000, 35
0, 17250, 117, 310, 293, 310, 293, 0.44, 50, 100, 1, 13, 5000, 35
1, 10618, 97, 162, 163, 162, 163, 0.44, 50, 100, 1, 7, 5000, 35
0, 17250, 104, 319, 302, 319, 302, 0.44, 50, 100, 1, 14, 5000, 35
0, 17250, 114, 320, 312, 320, 312, 0.44, 50, 100, 1, 13, 5000, 35
0, 17250, 110, 315, 302, 315, 302, 0.44, 50, 100, 1, 13, 5000, 35
1, 9910, 106, 158, 159, 158, 159, 0.44, 50, 100, 1, 6, 5000, 35
1, 8329, 109, 144, 145, 144, 145, 0.44, 50, 100, 1, 5, 5000, 35
0, 17250, 95, 309, 294, 309, 294, 0.44, 50, 100, 1, 13, 5000, 35
0, 17250, 90, 301, 295, 301, 295, 0.44, 50, 100, 1, 18, 5000, 35
0, 17250, 101, 317, 307, 317, 307, 0.44, 50, 100, 1, 13, 5000, 35
0, 17250, 101, 310, 281, 310, 281, 0.44, 50, 100, 1, 17, 5000, 35
1, 9512, 110, 157, 158, 157, 158, 0.44, 50, 100, 1, 6, 5000, 35
0, 17250, 95, 321, 308, 321, 308, 0.44, 50, 100, 1, 13, 5000, 35
1, 7933, 103, 138, 140, 138, 140, 0.44, 50, 100, 1, 4, 5000, 35
1, 9467, 111, 176, 177, 176, 177, 0.44, 50, 100, 1, 6, 5000, 35
0, 17250, 112, 315, 298, 315, 298, 0.44, 50, 100, 1, 14, 5000, 35
1, 9091, 96, 156, 157, 156, 157, 0.44, 50, 100, 1, 5, 5000, 35
0, 17250, 104, 314, 300, 314, 300, 0.44, 50, 100, 1, 14, 5000, 35
1, 12099, 113, 202, 203, 202, 203, 0.44, 50, 100, 1, 8, 5000, 35
0, 17250, 95, 295, 279, 295, 279, 0.44, 50, 100, 1, 13, 5000, 35
0, 17250, 96, 313, 296, 313, 296, 0.44, 50, 100, 1, 14, 5000, 35
0, 17250, 87, 309, 295, 309, 295, 0.44, 50, 100, 1, 17, 5000, 35
1, 8380, 105, 140, 143, 140, 143, 0.44, 50, 100, 1, 5, 5000, 35
0, 17250, 108, 316, 294, 316, 294, 0.44, 50, 100, 1, 17, 5000, 35
0, 17250, 101, 297, 288, 297, 288, 0.44, 50, 100, 1, 14, 5000, 35
1, 8547, 107, 142, 144, 142, 144, 0.44, 50, 100, 1, 6, 5000, 35
1, 7941, 108, 143, 150, 143, 150, 0.44, 50, 100, 1, 4, 5000, 35
1, 9736, 84, 138, 139, 138, 139, 0.44, 50, 100, 1, 6, 5000, 35
1, 8700, 96, 131, 140, 131, 140, 0.44, 50, 100, 1, 5, 5000, 35
1, 14677, 107, 261, 262, 261, 262, 0.44, 50, 100, 1, 10, 5000, 35
0, 17250, 100, 306, 290, 306, 290, 0.44, 50, 100, 1, 16, 5000, 35
0, 17250, 93, 305, 287, 305, 287, 0.44, 50, 100, 1, 13, 5000, 35
1, 9124, 91, 126, 133, 126, 133, 0.44, 50, 100, 1, 5, 5000, 35
0, 17250, 115, 292, 278, 292, 278, 0.44, 50, 100, 1, 15, 5000, 35
0, 17250, 108, 314, 306, 314, 306, 0.44, 50, 100, 1, 14, 5000, 35
0, 17250, 111, 314, 282, 314, 282, 0.44, 50, 100, 1, 13, 5000, 35
0, 17250, 107, 332, 296, 332, 296, 0.44, 50, 100, 1, 13, 5000, 35
1, 9292, 90, 136, 137, 136, 137, 0.44, 50, 100, 1, 5, 5000, 35
0, 17250, 112, 321, 306, 321, 306, 0.44, 50, 100, 1, 14, 5000, 35
1, 11224, 95, 183, 184, 183, 184, 0.44, 50, 100, 1, 7, 5000, 35
0, 17250, 103, 323, 314, 323, 314, 0.44, 50, 100, 1, 14, 5000, 35
1, 12543, 97, 188, 189, 188, 189, 0.44, 50, 100, 1, 9, 5000, 35
0, 17250, 118, 327, 316, 327, 316, 0.44, 50, 100, 1, 14, 5000, 35
1, 9829, 122, 175, 176, 175, 176, 0.44, 50, 100, 1, 6, 5000, 35
0, 17250, 89, 321, 296, 321, 296, 0.44, 50, 100, 1, 14, 5000, 35
1, 7974, 102, 137, 142, 137, 142, 0.44, 50, 100, 1, 4, 5000, 35
0, 17250, 98, 322, 302, 322, 302, 0.44, 50, 100, 1, 13, 5000, 35
0, 17250, 77, 284, 269, 284, 269, 0.44, 50, 100, 1, 13, 5000, 35
1, 8272, 90, 125, 127, 125, 127, 0.44, 50, 100, 1, 4, 5000, 35
1, 7809, 99, 134, 136, 134, 136, 0.44, 50, 100, 1, 4, 5000, 35
1, 13168, 99, 224, 225, 224, 225, 0.44, 50, 100, 1, 9, 5000, 35
1, 11729, 107, 195, 196, 195, 196, 0.44, 50, 100, 1, 8, 5000, 35
1, 14872, 99, 249, 250, 249, 250, 0.44, 50, 100, 1, 11, 5000, 35
1, 9529, 103, 154, 155, 154, 155, 0.44, 50, 100, 1, 5, 5000, 35
0, 17250, 100, 296, 260, 296, 260, 0.44, 50, 100, 1, 13, 5000, 35
0, 17250, 99, 299, 294, 299, 294, 0.44, 50, 100, 1, 13, 5000, 35
1, 14523, 89, 237, 238, 237, 238, 0.44, 50, 100, 1, 12, 5000, 35
1, 8275, 115, 150, 158, 150, 158, 0.44, 50, 100, 1, 5, 5000, 35
1, 13418, 94, 215, 216, 215, 216, 0.44, 50, 100, 1, 10, 5000, 35
1, 7987, 93, 132, 133, 132, 133, 0.44, 50, 100, 1, 4, 5000, 35
1, 8561, 100, 135, 139, 135, 139, 0.44, 50, 100, 1, 5, 5000, 35
0, 17250, 87, 310, 298, 310, 298, 0.44, 50, 100, 1, 13, 5000, 35
0, 17250, 99, 311, 280, 311, 280, 0.44, 50, 100, 1, 13, 5000, 35
0, 17250, 99, 310, 288, 310, 288, 0.44, 50, 100, 1, 13, 5000, 35
1, 15124, 114, 278, 279, 278, 279, 0.44, 50, 100, 1, 11, 5000, 35
0, 17250, 112, 316, 300, 316, 300, 0.44, 50, 100, 1, 13, 5000, 35
1, 14121, 111, 250, 251, 250, 251, 0.44, 50, 100, 1, 11, 5000, 35
0, 17250, 100, 305, 292, 305, 292, 0.44, 50, 100, 1, 13, 5000, 35
1, 9605, 98, 151, 152, 151, 152, 0.44, 50, 100, 1, 5, 5000, 35
0, 17250, 108, 321, 299, 321, 299, 0.44, 50, 100, 1, 13, 5000, 35
1, 15131, 106, 260, 261, 260, 261, 0.44, 50, 100, 1, 11, 5000, 35
0, 17250, 107, 300, 290, 300, 290, 0.44, 50, 100, 1, 13, 5000, 35
0, 17250, 95, 319, 301, 319, 301, 0.44, 50, 100, 1, 13, 5000, 35
0, 17250, 101, 310, 300, 310, 300, 0.44, 50, 100, 1, 13, 5000, 35
0, 17250, 108, 309, 299, 309, 299, 0.44, 50, 100, 1, 13, 5000, 35
1, 13659, 103, 253, 254, 253, 254, 0.44, 50, 100, 1, 10, 5000, 35
1, 8105, 91, 126, 127, 126, 127, 0.44, 50, 100, 1, 4, 5000, 35
0, 17250, 111, 315, 304, 315, 304, 0.44, 50, 100, 1, 13, 5000, 35
1, 8142, 95, 133, 134, 133, 134, 0.44, 50, 100, 1, 4, 5000, 35
0, 17250, 94, 311, 283, 311, 283, 0.44, 50, 100, 1, 13, 5000, 35
0, 17250, 106, 332, 308, 332, 308, 0.44, 50, 100, 1, 14, 5000, 35
0, 17250, 104, 314, 286, 314, 286, 0.44, 50, 100, 1, 13, 5000, 35
0, 17250, 95, 296, 277, 296, 277, 0.44, 50, 100, 1, 13, 5000, 35
0, 17250, 79, 271, 267, 271, 267, 0.44, 50, 100, 1, 14, 5000, 35
1, 9220, 106, 148, 149, 148, 149, 0.44, 50, 100, 1, 6, 5000, 35
0, 17250, 107, 310, 293, 310, 293, 0.44, 50, 100, 1, 14, 5000, 35
1, 7265, 99, 134, 136, 134, 136, 0.44, 50, 100, 1, 3, 5000, 35
1, 16763, 105, 295, 296, 295, 296, 0.44, 50, 100, 1, 13, 5000, 35
0, 17250, 101, 320, 307, 320, 307, 0.44, 50, 100, 1, 13, 5000, 35
1, 8354, 102, 140, 141, 140, 141, 0.44, 50, 100, 1, 5, 5000, 35
0, 17250, 110, 295, 273, 295, 273, 0.44, 50, 100, 1, 13, 5000, 35
1, 8499, 99, 134, 142, 134, 142, 0.44, 50, 100, 1, 5, 5000, 35
0, 17250, 111, 313, 304, 313, 304, 0.44, 50, 100, 1, 13, 5000, 35
0, 17250, 108, 320, 298, 320, 298, 0.44, 50, 100, 1, 14, 5000, 35
1, 7677, 107, 142, 144, 142, 144, 0.44, 50, 100, 1, 4, 5000, 35
0, 17250, 95, 288, 266, 288, 266, 0.44, 50, 100, 1, 13, 5000, 35
0, 17250, 94, 318, 303, 318, 303, 0.44, 50, 100, 1, 14, 5000, 35
0, 17250, 103, 316, 296, 316, 296, 0.44, 50, 100, 1, 13, 5000, 35
1, 9766, 102, 147, 148, 147, 148, 0.44, 50, 100, 1, 6, 5000, 45
0, 20750, 117, 391, 369, 391, 369, 0.44, 50, 100, 1, 17, 5000, 45
0, 20750, 89, 382, 371, 382, 371, 0.44, 50, 100, 1, 17, 5000, 45
0, 20750, 110, 377, 365, 377, 365, 0.44, 50, 100, 1, 16, 5000, 45
1, 9702, 98, 161, 162, 161, 162, 0.44, 50, 100, 1, 6, 5000, 45
0, 20750, 103, 386, 363, 386, 363, 0.44, 50, 100, 1, 17, 5000, 45
0, 20750, 104, 386, 369, 386, 369, 0.44, 50, 100, 1, 17, 5000, 45
0, 20750, 95, 370, 358, 370, 358, 0.44, 50, 100, 1, 17, 5000, 45
0, 20750, 90, 371, 364, 371, 364, 0.44, 50, 100, 1, 17, 5000, 45
0, 20750, 110, 383, 363, 383, 363, 0.44, 50, 100, 1, 16, 5000, 45
0, 20750, 101, 379, 359, 379, 359, 0.44, 50, 100, 1, 18, 5000, 45
1, 8922, 105, 150, 158, 150, 158, 0.44, 50, 100, 1, 6, 5000, 45
0, 20750, 113, 388, 361, 388, 361, 0.44, 50, 100, 1, 22, 5000, 45
1, 8873, 99, 144, 145, 144, 145, 0.44, 50, 100, 1, 6, 5000, 45
0, 20750, 102, 384, 370, 384, 370, 0.44, 50, 100, 1, 17, 5000, 45
0, 20750, 87, 375, 356, 375, 356, 0.44, 50, 100, 1, 22, 5000, 45
0, 20750, 96, 388, 359, 388, 359, 0.44, 50, 100, 1, 17, 5000, 45
1, 12845, 114, 220, 221, 220, 221, 0.44, 50, 100, 1, 10, 5000, 45
0, 20750, 100, 382, 366, 382, 366, 0.44, 50, 100, 1, 17, 5000, 45
1, 17530, 106, 312, 313, 312, 313, 0.44, 50, 100, 1, 14, 5000, 45
0, 20750, 83, 367, 354, 367, 354, 0.44, 50, 100, 1, 17, 5000, 45
0, 20750, 115, 384, 373, 384, 373, 0.44, 50, 100, 1, 17, 5000, 45
1, 16253, 104, 281, 282, 281, 282, 0.44, 50, 100, 1, 14, 5000, 45
1, 14506, 98, 258, 259, 258, 259, 0.44, 50, 100, 1, 11, 5000, 45
1, 8791, 99, 144, 146, 144, 146, 0.44, 50, 100, 1, 5, 5000, 45
0, 20750, 96, 373, 362, 373, 362, 0.44, 50, 100, 1, 18, 5000, 45
0, 20750, 96, 374, 345, 374, 345, 0.44, 50, 100, 1, 16, 5000, 45
1, 12749, 95, 218, 219, 218, 219, 0.44, 50, 100, 1, 9, 5000, 45
0, 20750, 106, 369, 346, 369, 346, 0.44, 50, 100, 1, 18, 5000, 45
0, 20750, 102, 395, 373, 395, 373, 0.44, 50, 100, 1, 17, 5000, 45
0, 20750, 99, 381, 377, 381, 377, 0.44, 50, 100, 1, 18, 5000, 45
1, 14885, 111, 250, 251, 250, 251, 0.44, 50, 100, 1, 11, 5000, 45
0, 20750, 109, 389, 375, 389, 375, 0.44, 50, 100, 1, 21, 5000, 45
0, 20750, 92, 385, 363, 385, 363, 0.44, 50, 100, 1, 17, 5000, 45
0, 20750, 89, 370, 350, 370, 350, 0.44, 50, 100, 1, 17, 5000, 45
1, 12190, 106, 203, 204, 203, 204, 0.44, 50, 100, 1, 8, 5000, 45
0, 20750, 86, 359, 355, 359, 355, 0.44, 50, 100, 1, 19, 5000, 45
0, 20750, 92, 372, 365, 372, 365, 0.44, 50, 100, 1, 17, 5000, 45
0, 20750, 100, 372, 353, 372, 353, 0.44, 50, 100, 1, 18, 5000, 45
0, 20750, 93, 376, 365, 376, 365, 0.44, 50, 100, 1, 17, 5000, 45
0, 20750, 98, 387, 348, 387, 348, 0.44, 50, 100, 1, 17, 5000, 45
1, 9041, 103, 150, 151, 150, 151, 0.44, 50, 100, 1, 5, 5000, 45
0, 20750, 115, 393, 377, 393, 377, 0.44, 50, 100, 1, 18, 5000, 45
0, 20750, 105, 400, 377, 400, 377, 0.44, 50, 100, 1, 18, 5000, 45
1, 9672, 111, 156, 158, 156, 158, 0.44, 50, 100, 1, 6, 5000, 45
1, 8243, 110, 155, 159, 155, 159, 0.44, 50, 100, 1, 5, 5000, 45
0, 20750, 108, 393, 364, 393, 364, 0.44, 50, 100, 1, 17, 5000, 45
0, 20750, 109, 378, 347, 378, 347, 0.44, 50, 100, 1, 19, 5000, 45
0, 20750, 96, 377, 356, 377, 356, 0.44, 50, 100, 1, 18, 5000, 45
0, 20750, 106, 392, 374, 392, 374, 0.44, 50, 100, 1, 18, 5000, 45
1, 9699, 116, 170, 171, 170, 171, 0.44, 50, 100, 1, 6, 5000, 45
1, 18202, 96, 317, 318, 317, 318, 0.44, 50, 100, 1, 17, 5000, 45
0, 20750, 96, 378, 366, 378, 366, 0.44, 50, 100, 1, 21, 5000, 45
0, 20750, 113, 388, 351, 388, 351, 0.44, 50, 100, 1, 18, 5000, 45
0, 20750, 99, 373, 360, 373, 360, 0.44, 50, 100, 1, 21, 5000, 45
1, 8789, 95, 140, 141, 140, 141, 0.44, 50, 100, 1, 5, 5000, 45
0, 20750, 100, 382, 356, 382, 356, 0.44, 50, 100, 1, 21, 5000, 45
0, 20750, 96, 403, 374, 403, 374, 0.44, 50, 100, 1, 17, 5000, 45
1, 8886, 110, 155, 157, 155, 157, 0.44, 50, 100, 1, 6, 5000, 45
0, 20750, 103, 390, 358, 390, 358, 0.44, 50, 100, 1, 19, 5000, 45
0, 20750, 89, 390, 365, 390, 365, 0.44, 50, 100, 1, 17, 5000, 45
1, 9303, 104, 149, 153, 149, 153, 0.44, 50, 100, 1, 6, 5000, 45
0, 20750, 110, 407, 369, 407, 369, 0.44, 50, 100, 1, 24, 5000, 45
0, 20750, 95, 381, 361, 381, 361, 0.44, 50, 100, 1, 18, 5000, 45
0, 20750, 91, 373, 339, 373, 339, 0.44, 50, 100, 1, 23, 5000, 45
0, 20750, 103, 384, 363, 384, 363, 0.44, 50, 100, 1, 18, 5000, 45
0, 20750, 109, 390, 365, 390, 365, 0.44, 50, 100, 1, 19, 5000, 45
0, 20750, 116, 408, 392, 408, 392, 0.44, 50, 100, 1, 18, 5000, 45
1, 8896, 106, 151, 152, 151, 152, 0.44, 50, 100, 1, 6, 5000, 45
0, 20750, 110, 392, 365, 392, 365, 0.44, 50, 100, 1, 20, 5000, 45
1, 8682, 111, 158, 159, 158, 159, 0.44, 50, 100, 1, 6, 5000, 45
0, 20750, 103, 389, 370, 389, 370, 0.44, 50, 100, 1, 19, 5000, 45
1, 9065, 91, 136, 141, 136, 141, 0.44, 50, 100, 1, 7, 5000, 45
0, 20750, 109, 377, 354, 377, 354, 0.44, 50, 100, 1, 19, 5000, 45
1, 11615, 111, 195, 196, 195, 196, 0.44, 50, 100, 1, 8, 5000, 45
0, 20750, 94, 367, 346, 367, 346, 0.44, 50, 100, 1, 18, 5000, 45
1, 11330, 116, 200, 201, 200, 201, 0.44, 50, 100, 1, 8, 5000, 45
0, 20750, 105, 386, 368, 386, 368, 0.44, 50, 100, 1, 18, 5000, 45
1, 9501, 100, 145, 152, 145, 152, 0.44, 50, 100, 1, 5, 5000, 45
0, 20750, 102, 372, 354, 372, 354, 0.44, 50, 100, 1, 16, 5000, 45
1, 15845, 100, 279, 280, 279, 280, 0.44, 50, 100, 1, 12, 5000, 45
1, 9419, 96, 161, 162, 161, 162, 0.44, 50, 100, 1, 6, 5000, 45
1, 9914, 102, 161, 162, 161, 162, 0.44, 50, 100, 1, 6, 5000, 45
1, 9942, 97, 146, 147, 146, 147, 0.44, 50, 100, 1, 6, 5000, 45
0, 20750, 108, 392, 374, 392, 374, 0.44, 50, 100, 1, 19, 5000, 45
1, 8366, 93, 138, 147, 138, 147, 0.44, 50, 100, 1, 5, 5000, 45
1, 15118, 111, 272, 273, 272, 273, 0.44, 50, 100, 1, 11, 5000, 45
1, 10722, 104, 160, 161, 160, 161, 0.44, 50, 100, 1, 7, 5000, 45
0, 20750, 94, 386, 350, 386, 350, 0.44, 50, 100, 1, 17, 5000, 45
1, 8402, 84, 129, 132, 129, 132, 0.44, 50, 100, 1, 5, 5000, 45
1, 14854, 110, 264, 265, 264, 265, 0.44, 50, 100, 1, 11, 5000, 45
1, 9144, 94, 139, 148, 139, 148, 0.44, 50, 100, 1, 5, 5000, 45
0, 20750, 91, 372, 341, 372, 341, 0.44, 50, 100, 1, 17, 5000, 45
0, 20750, 99, 369, 355, 369, 355, 0.44, 50, 100, 1, 17, 5000, 45
0, 20750, 109, 390, 371, 390, 371, 0.44, 50, 100, 1, 17, 5000, 45
1, 9200, 99, 145, 146, 145, 146, 0.44, 50, 100, 1, 7, 5000, 45
0, 20750, 99, 384, 367, 384, 367, 0.44, 50, 100, 1, 17, 5000, 45
1, 9103, 101, 146, 150, 146, 150, 0.44, 50, 100, 1, 5, 5000, 45
0, 20750, 99, 378, 356, 378, 356, 0.44, 50, 100, 1, 19, 5000, 45
1, 9807, 107, 174, 175, 174, 175, 0.44, 50, 100, 1, 7, 5000, 45
1, 16196, 105, 287, 288, 287, 288, 0.44, 50, 100, 1, 12, 5000, 55
0, 24250, 109, 453, 437, 453, 437, 0.44, 50, 100, 1, 20, 5000, 55
0, 24250, 89, 430, 412, 430, 412, 0.44, 50, 100, 1, 24, 5000, 55
1, 10378, 117, 172, 189, 172, 189, 0.44, 50, 100, 1, 7, 5000, 55
0, 24250, 99, 448, 412, 448, 412, 0.44, 50, 100, 1, 27, 5000, 55
0, 24250, 105, 461, 443, 461, 443, 0.44, 50, 100, 1, 28, 5000, 55
1, 10614, 103, 181, 182, 181, 182, 0.44, 50, 100, 1, 7, 5000, 55
0, 24250, 96, 449, 432, 449, 432, 0.44, 50, 100, 1, 21, 5000, 55
1, 22415, 113, 408, 409, 408, 409, 0.44, 50, 100, 1, 26, 5000, 55
1, 9565, 106, 161, 166, 161, 166, 0.44, 50, 100, 1, 6, 5000, 55
0, 24250, 96, 452, 433, 452, 433, 0.44, 50, 100, 1, 22, 5000, 55
1, 12959, 106, 222, 223, 222, 223, 0.44, 50, 100, 1, 9, 5000, 55
1, 10286, 103, 172, 173, 172, 173, 0.44, 50, 100, 1, 7, 5000, 55
1, 10266, 104, 159, 168, 159, 168, 0.44, 50, 100, 1, 6, 5000, 55
0, 24250, 111, 471, 447, 471, 447, 0.44, 50, 100, 1, 21, 5000, 55
1, 16825, 101, 311, 312, 311, 312, 0.44, 50, 100, 1, 14, 5000, 55
1, 10176, 95, 150, 153, 150, 153, 0.44, 50, 100, 1, 7, 5000, 55
1, 9069, 105, 160, 162, 160, 162, 0.44, 50, 100, 1, 5, 5000, 55
0, 24250, 104, 458, 438, 458, 438, 0.44, 50, 100, 1, 20, 5000, 55
1, 10180, 82, 137, 147, 137, 147, 0.44, 50, 100, 1, 6, 5000, 55
0, 24250, 92, 435, 427, 435, 427, 0.44, 50, 100, 1, 23, 5000, 55
1, 10651, 80, 152, 153, 152, 153, 0.44, 50, 100, 1, 9, 5000, 55
0, 24250, 110, 468, 433, 468, 433, 0.44, 50, 100, 1, 20, 5000, 55
0, 24250, 121, 463, 433, 463, 433, 0.44, 50, 100, 1, 26, 5000, 55
1, 13907, 110, 232, 233, 232, 233, 0.44, 50, 100, 1, 10, 5000, 55
0, 24250, 110, 470, 446, 470, 446, 0.44, 50, 100, 1, 23, 5000, 55
0, 24250, 102, 446, 420, 446, 420, 0.44, 50, 100, 1, 22, 5000, 55
1, 13176, 106, 232, 233, 232, 233, 0.44, 50, 100, 1, 10, 5000, 55
0, 24250, 105, 449, 440, 449, 440, 0.44, 50, 100, 1, 21, 5000, 55
0, 24250, 108, 446, 431, 446, 431, 0.44, 50, 100, 1, 21, 5000, 55
1, 18116, 104, 322, 323, 322, 323, 0.44, 50, 100, 1, 15, 5000, 55
0, 24250, 101, 461, 439, 461, 439, 0.44, 50, 100, 1, 22, 5000, 55
1, 9431, 96, 151, 152, 151, 152, 0.44, 50, 100, 1, 7, 5000, 55
0, 24250, 111, 465, 444, 465, 444, 0.44, 50, 100, 1, 24, 5000, 55
0, 24250, 91, 448, 430, 448, 430, 0.44, 50, 100, 1, 25, 5000, 55
1, 10121, 111, 170, 171, 170, 171, 0.44, 50, 100, 1, 7, 5000, 55
0, 24250, 105, 445, 428, 445, 428, 0.44, 50, 100, 1, 22, 5000, 55
1, 23108, 118, 428, 429, 428, 429, 0.44, 50, 100, 1, 21, 5000, 55
1, 9801, 102, 160, 161, 160, 161, 0.44, 50, 100, 1, 6, 5000, 55
0, 24250, 105, 453, 423, 453, 423, 0.44, 50, 100, 1, 22, 5000, 55
1, 17402, 106, 314, 315, 314, 315, 0.44, 50, 100, 1, 14, 5000, 55
0, 24250, 111, 455, 444, 455, 444, 0.44, 50, 100, 1, 21, 5000, 55
1, 9446, 85, 140, 141, 140, 141, 0.44, 50, 100, 1, 6, 5000, 55
0, 24250, 103, 459, 442, 459, 442, 0.44, 50, 100, 1, 21, 5000, 55
1, 20757, 100, 369, 370, 369, 370, 0.44, 50, 100, 1, 20, 5000, 55
1, 9006, 81, 136, 138, 136, 138, 0.44, 50, 100, 1, 5, 5000, 55
0, 24250, 96, 464, 442, 464, 442, 0.44, 50, 100, 1, 21, 5000, 55
1, 16150, 116, 286, 287, 286, 287, 0.44, 50, 100, 1, 13, 5000, 55
1, 10541, 98, 185, 186, 185, 186, 0.44, 50, 100, 1, 7, 5000, 55
1, 18355, 107, 320, 321, 320, 321, 0.44, 50, 100, 1, 14, 5000, 55
0, 24250, 101, 448, 425, 448, 425, 0.44, 50, 100, 1, 20, 5000, 55
1, 11744, 97, 188, 189, 188, 189, 0.44, 50, 100, 1, 8, 5000, 55
1, 22740, 108, 423, 424, 423, 424, 0.44, 50, 100, 1, 19, 5000, 55
0, 24250, 101, 448, 424, 448, 424, 0.44, 50, 100, 1, 21, 5000, 55
0, 24250, 92, 446, 420, 446, 420, 0.44, 50, 100, 1, 20, 5000, 55
1, 17027, 106, 310, 311, 310, 311, 0.44, 50, 100, 1, 16, 5000, 55
1, 14503, 102, 247, 248, 247, 248, 0.44, 50, 100, 1, 13, 5000, 55
0, 24250, 104, 441, 426, 441, 426, 0.44, 50, 100, 1, 21, 5000, 55
0, 24250, 107, 459, 437, 459, 437, 0.44, 50, 100, 1, 20, 5000, 55
0, 24250, 101, 461, 441, 461, 441, 0.44, 50, 100, 1, 21, 5000, 55
0, 24250, 95, 450, 427, 450, 427, 0.44, 50, 100, 1, 21, 5000, 55
1, 12279, 103, 201, 202, 201, 202, 0.44, 50, 100, 1, 9, 5000, 55
1, 17645, 111, 308, 309, 308, 309, 0.44, 50, 100, 1, 14, 5000, 55
0, 24250, 109, 460, 431, 460, 431, 0.44, 50, 100, 1, 20, 5000, 55
1, 9722, 102, 157, 163, 157, 163, 0.44, 50, 100, 1, 6, 5000, 55
1, 12689, 116, 225, 226, 225, 226, 0.44, 50, 100, 1, 9, 5000, 55
1, 10314, 103, 158, 163, 158, 163, 0.44, 50, 100, 1, 6, 5000, 55
1, 10115, 112, 170, 171, 170, 171, 0.44, 50, 100, 1, 6, 5000, 55
0, 24250, 100, 421, 409, 421, 409, 0.44, 50, 100, 1, 21, 5000, 55
0, 24250, 101, 451, 431, 451, 431, 0.44, 50, 100, 1, 25, 5000, 55
0, 24250, 75, 431, 412, 431, 412, 0.44, 50, 100, 1, 22, 5000, 55
1, 9128, 101, 156, 159, 156, 159, 0.44, 50, 100, 1, 6, 5000, 55
1, 17014, 92, 299, 300, 299, 300, 0.44, 50, 100, 1, 18, 5000, 55
0, 24250, 95, 439, 423, 439, 423, 0.44, 50, 100, 1, 21, 5000, 55
1, 20134, 90, 343, 344, 343, 344, 0.44, 50, 100, 1, 16, 5000, 55
0, 24250, 90, 448, 412, 448, 412, 0.44, 50, 100, 1, 20, 5000, 55
0, 24250, 94, 450, 435, 450, 435, 0.44, 50, 100, 1, 24, 5000, 55
1, 9797, 110, 165, 169, 165, 169, 0.44, 50, 100, 1, 7, 5000, 55
1, 20490, 109, 363, 364, 363, 364, 0.44, 50, 100, 1, 19, 5000, 55
0, 24250, 91, 453, 428, 453, 428, 0.44, 50, 100, 1, 25, 5000, 55
0, 24250, 97, 447, 417, 447, 417, 0.44, 50, 100, 1, 24, 5000, 55
0, 24250, 97, 443, 433, 443, 433, 0.44, 50, 100, 1, 21, 5000, 55
0, 24250, 102, 455, 436, 455, 436, 0.44, 50, 100, 1, 27, 5000, 55
1, 9764, 114, 169, 174, 169, 174, 0.44, 50, 100, 1, 6, 5000, 55
0, 24250, 109, 476, 446, 476, 446, 0.44, 50, 100, 1, 21, 5000, 55
0, 24250, 110, 478, 465, 478, 465, 0.44, 50, 100, 1, 26, 5000, 55
1, 9740, 106, 162, 163, 162, 163, 0.44, 50, 100, 1, 6, 5000, 55
1, 23204, 111, 432, 433, 432, 433, 0.44, 50, 100, 1, 25, 5000, 55
1, 9902, 99, 154, 159, 154, 159, 0.44, 50, 100, 1, 6, 5000, 55
0, 24250, 99, 443, 426, 443, 426, 0.44, 50, 100, 1, 24, 5000, 55
1, 9455, 119, 179, 180, 179, 180, 0.44, 50, 100, 1, 6, 5000, 55
1, 10623, 98, 177, 178, 177, 178, 0.44, 50, 100, 1, 7, 5000, 55
0, 24250, 105, 458, 440, 458, 440, 0.44, 50, 100, 1, 20, 5000, 55
0, 24250, 96, 462, 427, 462, 427, 0.44, 50, 100, 1, 20, 5000, 55
1, 9139, 86, 141, 146, 141, 146, 0.44, 50, 100, 1, 5, 5000, 55
1, 9881, 85, 140, 156, 140, 156, 0.44, 50, 100, 1, 6, 5000, 55
0, 24250, 96, 450, 429, 450, 429, 0.44, 50, 100, 1, 28, 5000, 55
0, 24250, 109, 443, 431, 443, 431, 0.44, 50, 100, 1, 20, 5000, 55
0, 24250, 105, 463, 439, 463, 439, 0.44, 50, 100, 1, 27, 5000, 55
1, 14113, 77, 233, 234, 233, 234, 0.44, 50, 100, 1, 10, 5000, 65
0, 24250, 110, 450, 441, 450, 441, 0.44, 50, 100, 1, 22, 5000, 55
1, 10359, 106, 171, 173, 171, 173, 0.44, 50, 100, 1, 7, 5000, 65
0, 27750, 96, 509, 495, 509, 495, 0.44, 50, 100, 1, 23, 5000, 65
0, 27750, 106, 513, 499, 513, 499, 0.44, 50, 100, 1, 24, 5000, 65
1, 10998, 117, 185, 186, 185, 186, 0.44, 50, 100, 1, 8, 5000, 65
0, 27750, 126, 531, 506, 531, 506, 0.44, 50, 100, 1, 26, 5000, 65
1, 11502, 109, 192, 193, 192, 193, 0.44, 50, 100, 1, 9, 5000, 65
0, 27750, 101, 529, 505, 529, 505, 0.44, 50, 100, 1, 24, 5000, 65
0, 27750, 112, 515, 504, 515, 504, 0.44, 50, 100, 1, 30, 5000, 65
0, 27750, 91, 515, 505, 515, 505, 0.44, 50, 100, 1, 34, 5000, 65
0, 27750, 98, 525, 489, 525, 489, 0.44, 50, 100, 1, 29, 5000, 65
1, 10585, 85, 150, 154, 150, 154, 0.44, 50, 100, 1, 7, 5000, 65
0, 27750, 99, 524, 499, 524, 499, 0.44, 50, 100, 1, 26, 5000, 65
0, 27750, 103, 536, 498, 536, 498, 0.44, 50, 100, 1, 27, 5000, 65
0, 27750, 103, 532, 518, 532, 518, 0.44, 50, 100, 1, 27, 5000, 65
0, 27750, 95, 515, 498, 515, 498, 0.44, 50, 100, 1, 25, 5000, 65
0, 27750, 91, 524, 504, 524, 504, 0.44, 50, 100, 1, 24, 5000, 65
1, 10725, 114, 179, 185, 179, 185, 0.44, 50, 100, 1, 7, 5000, 65
0, 27750, 109, 533, 519, 533, 519, 0.44, 50, 100, 1, 24, 5000, 65
1, 10652, 90, 173, 174, 173, 174, 0.44, 50, 100, 1, 7, 5000, 65
0, 27750, 111, 528, 516, 528, 516, 0.44, 50, 100, 1, 24, 5000, 65
0, 27750, 87, 509, 493, 509, 493, 0.44, 50, 100, 1, 25, 5000, 65
1, 15565, 111, 262, 263, 262, 263, 0.44, 50, 100, 1, 12, 5000, 65
1, 10107, 91, 158, 159, 158, 159, 0.44, 50, 100, 1, 6, 5000, 65
1, 16824, 100, 290, 291, 290, 291, 0.44, 50, 100, 1, 13, 5000, 65
1, 13439, 108, 237, 238, 237, 238, 0.44, 50, 100, 1, 9, 5000, 65
0, 27750, 99, 525, 513, 525, 513, 0.44, 50, 100, 1, 24, 5000, 65
1, 10891, 96, 174, 175, 174, 175, 0.44, 50, 100, 1, 7, 5000, 65
1, 10449, 105, 177, 178, 177, 178, 0.44, 50, 100, 1, 7, 5000, 65
1, 10848, 114, 193, 194, 193, 194, 0.44, 50, 100, 1, 7, 5000, 65
0, 27750, 117, 532, 514, 532, 514, 0.44, 50, 100, 1, 27, 5000, 65
0, 27750, 91, 519, 507, 519, 507, 0.44, 50, 100, 1, 24, 5000, 65
1, 18401, 120, 349, 350, 349, 350, 0.44, 50, 100, 1, 15, 5000, 65
0, 27750, 106, 525, 494, 525, 494, 0.44, 50, 100, 1, 24, 5000, 65
0, 27750, 110, 529, 511, 529, 511, 0.44, 50, 100, 1, 28, 5000, 65
1, 24988, 99, 448, 449, 448, 449, 0.44, 50, 100, 1, 23, 5000, 65
1, 17664, 104, 311, 312, 311, 312, 0.44, 50, 100, 1, 13, 5000, 65
1, 11354, 103, 185, 186, 185, 186, 0.44, 50, 100, 1, 8, 5000, 65
1, 21177, 108, 386, 387, 386, 387, 0.44, 50, 100, 1, 17, 5000, 65
0, 27750, 112, 529, 520, 529, 520, 0.44, 50, 100, 1, 28, 5000, 65
1, 10270, 99, 164, 165, 164, 165, 0.44, 50, 100, 1, 7, 5000, 65
1, 25193, 125, 462, 463, 462, 463, 0.44, 50, 100, 1, 23, 5000, 65
1, 19738, 96, 338, 339, 338, 339, 0.44, 50, 100, 1, 17, 5000, 65
0, 27750, 114, 538, 526, 538, 526, 0.44, 50, 100, 1, 25, 5000, 65
0, 27750, 118, 541, 518, 541, 518, 0.44, 50, 100, 1, 24, 5000, 65
1, 10415, 115, 180, 182, 180, 182, 0.44, 50, 100, 1, 7, 5000, 65
0, 27750, 104, 517, 508, 517, 508, 0.44, 50, 100, 1, 27, 5000, 65
1, 13542, 107, 233, 234, 233, 234, 0.44, 50, 100, 1, 11, 5000, 65
0, 27750, 87, 513, 501, 513, 501, 0.44, 50, 100, 1, 28, 5000, 65
0, 27750, 98, 525, 511, 525, 511, 0.44, 50, 100, 1, 27, 5000, 65
1, 10942, 102, 177, 178, 177, 178, 0.44, 50, 100, 1, 7, 5000, 65
0, 27750, 91, 516, 497, 516, 497, 0.44, 50, 100, 1, 27, 5000, 65
0, 27750, 105, 522, 511, 522, 511, 0.44, 50, 100, 1, 27, 5000, 65
0, 27750, 88, 507, 505, 507, 505, 0.44, 50, 100, 1, 25, 5000, 65
1, 24585, 113, 449, 450, 449, 450, 0.44, 50, 100, 1, 22, 5000, 65
0, 27750, 97, 522, 499, 522, 499, 0.44, 50, 100, 1, 27, 5000, 65
1, 18889, 104, 347, 348, 347, 348, 0.44, 50, 100, 1, 17, 5000, 65
1, 22641, 87, 388, 389, 388, 389, 0.44, 50, 100, 1, 20, 5000, 65
1, 10555, 107, 176, 177, 176, 177, 0.44, 50, 100, 1, 7, 5000, 65
0, 27750, 103, 516, 502, 516, 502, 0.44, 50, 100, 1, 24, 5000, 65
0, 27750, 96, 515, 508, 515, 508, 0.44, 50, 100, 1, 28, 5000, 65
1, 22872, 101, 413, 414, 413, 414, 0.44, 50, 100, 1, 19, 5000, 65
1, 12547, 122, 215, 216, 215, 216, 0.44, 50, 100, 1, 10, 5000, 65
0, 27750, 125, 542, 528, 542, 528, 0.44, 50, 100, 1, 26, 5000, 65
0, 27750, 108, 517, 501, 517, 501, 0.44, 50, 100, 1, 25, 5000, 65
0, 27750, 109, 524, 496, 524, 496, 0.44, 50, 100, 1, 25, 5000, 65
1, 22654, 106, 419, 420, 419, 420, 0.44, 50, 100, 1, 23, 5000, 65
0, 27750, 93, 520, 512, 520, 512, 0.44, 50, 100, 1, 31, 5000, 65
1, 19091, 116, 361, 362, 361, 362, 0.44, 50, 100, 1, 19, 5000, 65
0, 27750, 89, 502, 487, 502, 487, 0.44, 50, 100, 1, 28, 5000, 65
0, 27750, 100, 510, 488, 510, 488, 0.44, 50, 100, 1, 28, 5000, 65
0, 27750, 99, 518, 515, 518, 515, 0.44, 50, 100, 1, 27, 5000, 65
0, 27750, 112, 516, 501, 516, 501, 0.44, 50, 100, 1, 25, 5000, 65
1, 15030, 103, 256, 257, 256, 257, 0.44, 50, 100, 1, 11, 5000, 65
0, 27750, 106, 524, 518, 524, 518, 0.44, 50, 100, 1, 31, 5000, 65
1, 10335, 93, 158, 166, 158, 166, 0.44, 50, 100, 1, 6, 5000, 65
0, 27750, 86, 492, 485, 492, 485, 0.44, 50, 100, 1, 30, 5000, 65
1, 25416, 110, 476, 477, 476, 477, 0.44, 50, 100, 1, 22, 5000, 65
1, 27577, 105, 505, 506, 505, 506, 0.44, 50, 100, 1, 24, 5000, 65
0, 27750, 120, 534, 509, 534, 509, 0.44, 50, 100, 1, 25, 5000, 65
0, 27750, 90, 524, 509, 524, 509, 0.44, 50, 100, 1, 25, 5000, 65
1, 12592, 102, 220, 221, 220, 221, 0.44, 50, 100, 1, 9, 5000, 65
0, 27750, 96, 523, 504, 523, 504, 0.44, 50, 100, 1, 24, 5000, 65
1, 13290, 108, 218, 219, 218, 219, 0.44, 50, 100, 1, 10, 5000, 65
0, 27750, 102, 520, 514, 520, 514, 0.44, 50, 100, 1, 24, 5000, 65
0, 27750, 85, 505, 474, 505, 474, 0.44, 50, 100, 1, 24, 5000, 65
1, 9391, 109, 174, 175, 174, 175, 0.44, 50, 100, 1, 6, 5000, 65
0, 27750, 114, 530, 506, 530, 506, 0.44, 50, 100, 1, 24, 5000, 65
1, 11222, 108, 177, 178, 177, 178, 0.44, 50, 100, 1, 9, 5000, 65
0, 27750, 99, 518, 496, 518, 496, 0.44, 50, 100, 1, 24, 5000, 65
0, 27750, 98, 518, 499, 518, 499, 0.44, 50, 100, 1, 27, 5000, 65
1, 16146, 105, 295, 296, 295, 296, 0.44, 50, 100, 1, 12, 5000, 65
0, 27750, 108, 526, 514, 526, 514, 0.44, 50, 100, 1, 25, 5000, 65
1, 16433, 120, 294, 295, 294, 295, 0.44, 50, 100, 1, 18, 5000, 65
1, 10587, 97, 162, 168, 162, 168, 0.44, 50, 100, 1, 8, 5000, 65
1, 27658, 100, 521, 522, 521, 522, 0.44, 50, 100, 1, 31, 5000, 65
0, 27750, 116, 532, 514, 532, 514, 0.44, 50, 100, 1, 28, 5000, 65
1, 21887, 95, 394, 395, 394, 395, 0.44, 50, 100, 1, 21, 5000, 65
1, 12264, 112, 220, 221, 220, 221, 0.44, 50, 100, 1, 9, 5000, 65
1, 25318, 93, 456, 457, 456, 457, 0.44, 50, 100, 1, 26, 5000, 65
1, 18959, 101, 347, 348, 347, 348, 0.44, 50, 100, 1, 16, 5000, 75
1, 11770, 109, 194, 195, 194, 195, 0.44, 50, 100, 1, 8, 5000, 75
1, 20534, 107, 381, 382, 381, 382, 0.44, 50, 100, 1, 17, 5000, 75
0, 31250, 99, 598, 574, 598, 574, 0.44, 50, 100, 1, 31, 5000, 75
0, 31250, 111, 604, 581, 604, 581, 0.44, 50, 100, 1, 38, 5000, 75
1, 25607, 94, 462, 463, 462, 463, 0.44, 50, 100, 1, 24, 5000, 75
1, 28920, 116, 555, 556, 555, 556, 0.44, 50, 100, 1, 35, 5000, 75
0, 31250, 107, 576, 549, 576, 549, 0.44, 50, 100, 1, 30, 5000, 75
0, 31250, 88, 574, 547, 574, 547, 0.44, 50, 100, 1, 39, 5000, 75
1, 22431, 99, 403, 404, 403, 404, 0.44, 50, 100, 1, 22, 5000, 75
0, 31250, 95, 597, 562, 597, 562, 0.44, 50, 100, 1, 33, 5000, 75
0, 31250, 111, 599, 578, 599, 578, 0.44, 50, 100, 1, 30, 5000, 75
1, 12247, 103, 186, 187, 186, 187, 0.44, 50, 100, 1, 11, 5000, 75
1, 11343, 114, 190, 191, 190, 191, 0.44, 50, 100, 1, 10, 5000, 75
0, 31250, 100, 605, 572, 605, 572, 0.44, 50, 100, 1, 35, 5000, 75
0, 31250, 120, 611, 587, 611, 587, 0.44, 50, 100, 1, 31, 5000, 75
1, 26447, 100, 472, 473, 472, 473, 0.44, 50, 100, 1, 29, 5000, 75
0, 31250, 98, 584, 562, 584, 562, 0.44, 50, 100, 1, 39, 5000, 75
0, 31250, 88, 577, 568, 577, 568, 0.44, 50, 100, 1, 40, 5000, 75
0, 31250, 88, 579, 555, 579, 555, 0.44, 50, 100, 1, 36, 5000, 75
1, 14034, 101, 232, 233, 232, 233, 0.44, 50, 100, 1, 11, 5000, 75
1, 15953, 109, 276, 277, 276, 277, 0.44, 50, 100, 1, 18, 5000, 75
1, 10316, 107, 185, 186, 185, 186, 0.44, 50, 100, 1, 9, 5000, 75
0, 31250, 99, 584, 570, 584, 570, 0.44, 50, 100, 1, 36, 5000, 75
1, 11670, 92, 167, 168, 167, 168, 0.44, 50, 100, 1, 10, 5000, 75
0, 31250, 106, 596, 589, 596, 589, 0.44, 50, 100, 1, 36, 5000, 75
1, 11192, 99, 174, 183, 174, 183, 0.44, 50, 100, 1, 8, 5000, 75
0, 31250, 83, 575, 555, 575, 555, 0.44, 50, 100, 1, 31, 5000, 75
0, 31250, 104, 589, 573, 589, 573, 0.44, 50, 100, 1, 29, 5000, 75
0, 31250, 119, 597, 580, 597, 580, 0.44, 50, 100, 1, 36, 5000, 75
1, 29396, 99, 543, 544, 543, 544, 0.44, 50, 100, 1, 33, 5000, 75
0, 31250, 94, 579, 560, 579, 560, 0.44, 50, 100, 1, 30, 5000, 75
1, 16806, 105, 300, 301, 300, 301, 0.44, 50, 100, 1, 15, 5000, 75
0, 31250, 92, 572, 541, 572, 541, 0.44, 50, 100, 1, 32, 5000, 75
0, 31250, 99, 600, 577, 600, 577, 0.44, 50, 100, 1, 30, 5000, 75
1, 11451, 118, 193, 198, 193, 198, 0.44, 50, 100, 1, 11, 5000, 75
1, 12075, 101, 211, 212, 211, 212, 0.44, 50, 100, 1, 9, 5000, 75
0, 31250, 107, 590, 576, 590, 576, 0.44, 50, 100, 1, 32, 5000, 75
0, 31250, 108, 593, 568, 593, 568, 0.44, 50, 100, 1, 30, 5000, 75
1, 18676, 95, 329, 330, 329, 330, 0.44, 50, 100, 1, 15, 5000, 75
1, 14626, 112, 265, 266, 265, 266, 0.44, 50, 100, 1, 11, 5000, 75
0, 31250, 100, 599, 591, 599, 591, 0.44, 50, 100, 1, 29, 5000, 75
0, 31250, 89, 588, 570, 588, 570, 0.44, 50, 100, 1, 28, 5000, 75
1, 10788, 103, 178, 179, 178, 179, 0.44, 50, 100, 1, 8, 5000, 75
1, 17669, 109, 319, 320, 319, 320, 0.44, 50, 100, 1, 14, 5000, 75
0, 31250, 89, 578, 561, 578, 561, 0.44, 50, 100, 1, 32, 5000, 75
1, 29814, 98, 566, 567, 566, 567, 0.44, 50, 100, 1, 30, 5000, 75
1, 11250, 107, 187, 188, 187, 188, 0.44, 50, 100, 1, 8, 5000, 75
1, 10291, 99, 174, 178, 174, 178, 0.44, 50, 100, 1, 7, 5000, 75
1, 28857, 95, 539, 540, 539, 540, 0.44, 50, 100, 1, 26, 5000, 75
0, 31250, 102, 595, 563, 595, 563, 0.44, 50, 100, 1, 34, 5000, 75
0, 31250, 102, 599, 583, 599, 583, 0.44, 50, 100, 1, 35, 5000, 75
0, 31250, 109, 590, 579, 590, 579, 0.44, 50, 100, 1, 30, 5000, 75
1, 22559, 96, 402, 403, 402, 403, 0.44, 50, 100, 1, 20, 5000, 75
0, 31250, 94, 584, 571, 584, 571, 0.44, 50, 100, 1, 30, 5000, 75
0, 31250, 96, 596, 568, 596, 568, 0.44, 50, 100, 1, 29, 5000, 75
1, 10659, 98, 173, 177, 173, 177, 0.44, 50, 100, 1, 9, 5000, 75
1, 29626, 97, 530, 531, 530, 531, 0.44, 50, 100, 1, 30, 5000, 75
1, 19682, 70, 321, 322, 321, 322, 0.44, 50, 100, 1, 16, 5000, 75
0, 31250, 101, 589, 565, 589, 565, 0.44, 50, 100, 1, 29, 5000, 75
1, 24305, 116, 442, 443, 442, 443, 0.44, 50, 100, 1, 29, 5000, 75
1, 10847, 97, 176, 177, 176, 177, 0.44, 50, 100, 1, 8, 5000, 75
1, 19848, 106, 370, 371, 370, 371, 0.44, 50, 100, 1, 18, 5000, 75
0, 31250, 116, 594, 573, 594, 573, 0.44, 50, 100, 1, 31, 5000, 75
1, 13750, 96, 238, 239, 238, 239, 0.44, 50, 100, 1, 11, 5000, 75
1, 16043, 103, 284, 285, 284, 285, 0.44, 50, 100, 1, 12, 5000, 75
0, 31250, 103, 590, 571, 590, 571, 0.44, 50, 100, 1, 29, 5000, 75
1, 11658, 114, 206, 207, 206, 207, 0.44, 50, 100, 1, 9, 5000, 75
0, 31250, 69, 562, 537, 562, 537, 0.44, 50, 100, 1, 28, 5000, 75
0, 31250, 83, 578, 550, 578, 550, 0.44, 50, 100, 1, 28, 5000, 75
1, 19192, 93, 343, 344, 343, 344, 0.44, 50, 100, 1, 15, 5000, 75
1, 15301, 104, 267, 268, 267, 268, 0.44, 50, 100, 1, 12, 5000, 75
1, 28836, 78, 521, 522, 521, 522, 0.44, 50, 100, 1, 37, 5000, 75
0, 31250, 88, 568, 548, 568, 548, 0.44, 50, 100, 1, 29, 5000, 75
1, 19229, 110, 333, 334, 333, 334, 0.44, 50, 100, 1, 20, 5000, 75
0, 31250, 102, 580, 570, 580, 570, 0.44, 50, 100, 1, 33, 5000, 75
1, 14146, 102, 244, 245, 244, 245, 0.44, 50, 100, 1, 11, 5000, 75
0, 31250, 97, 581, 575, 581, 575, 0.44, 50, 100, 1, 34, 5000, 75
0, 31250, 96, 601, 583, 601, 583, 0.44, 50, 100, 1, 32, 5000, 75
0, 31250, 102, 594, 573, 594, 573, 0.44, 50, 100, 1, 36, 5000, 75
1, 13609, 94, 229, 230, 229, 230, 0.44, 50, 100, 1, 14, 5000, 75
1, 26004, 107, 485, 486, 485, 486, 0.44, 50, 100, 1, 30, 5000, 75
0, 31250, 111, 598, 568, 598, 568, 0.44, 50, 100, 1, 36, 5000, 75
0, 31250, 94, 577, 569, 577, 569, 0.44, 50, 100, 1, 32, 5000, 75
1, 25487, 89, 463, 464, 463, 464, 0.44, 50, 100, 1, 25, 5000, 75
1, 25665, 100, 469, 470, 469, 470, 0.44, 50, 100, 1, 24, 5000, 75
0, 31250, 109, 592, 583, 592, 583, 0.44, 50, 100, 1, 37, 5000, 75
1, 23548, 107, 434, 435, 434, 435, 0.44, 50, 100, 1, 28, 5000, 75
1, 11228, 102, 181, 182, 181, 182, 0.44, 50, 100, 1, 7, 5000, 75
0, 31250, 108, 602, 587, 602, 587, 0.44, 50, 100, 1, 28, 5000, 75
1, 18066, 111, 324, 325, 324, 325, 0.44, 50, 100, 1, 15, 5000, 75
1, 11728, 88, 185, 186, 185, 186, 0.44, 50, 100, 1, 9, 5000, 75
0, 31250, 87, 570, 564, 570, 564, 0.44, 50, 100, 1, 31, 5000, 75
1, 28578, 92, 518, 519, 518, 519, 0.44, 50, 100, 1, 26, 5000, 75
0, 31250, 100, 586, 551, 586, 551, 0.44, 50, 100, 1, 27, 5000, 75
1, 13233, 109, 229, 230, 229, 230, 0.44, 50, 100, 1, 10, 5000, 75
1, 28963, 103, 538, 539, 538, 539, 0.44, 50, 100, 1, 25, 5000, 75
0, 31250, 104, 587, 565, 587, 565, 0.44, 50, 100, 1, 35, 5000, 75
1, 25006, 99, 441, 442, 441, 442, 0.44, 50, 100, 1, 25, 5000, 75
0, 31250, 94, 592, 570, 592, 570, 0.44, 50, 100, 1, 33, 5000, 75
1, 24904, 93, 444, 445, 444, 445, 0.44, 50, 100, 1, 23, 5000, 85
1, 13421, 110, 239, 240, 239, 240, 0.44, 50, 100, 1, 10, 5000, 85
0, 34750, 107, 663, 644, 663, 644, 0.44, 50, 100, 1, 32, 5000, 85
1, 25627, 105, 475, 476, 475, 476, 0.44, 50, 100, 1, 26, 5000, 85
0, 34750, 88, 639, 623, 639, 623, 0.44, 50, 100, 1, 32, 5000, 85
1, 20323, 110, 382, 383, 382, 383, 0.44, 50, 100, 1, 20, 5000, 85
1, 31942, 107, 602, 603, 602, 603, 0.44, 50, 100, 1, 29, 5000, 85
1, 33552, 96, 624, 625, 624, 625, 0.44, 50, 100, 1, 33, 5000, 85
0, 34750, 116, 667, 643, 667, 643, 0.44, 50, 100, 1, 34, 5000, 85
1, 18773, 100, 322, 323, 322, 323, 0.44, 50, 100, 1, 16, 5000, 85
0, 34750, 106, 636, 622, 636, 622, 0.44, 50, 100, 1, 32, 5000, 85
1, 30036, 103, 564, 565, 564, 565, 0.44, 50, 100, 1, 27, 5000, 85
1, 19053, 110, 347, 348, 347, 348, 0.44, 50, 100, 1, 16, 5000, 85
0, 34750, 88, 651, 628, 651, 628, 0.44, 50, 100, 1, 39, 5000, 85
1, 16580, 114, 302, 303, 302, 303, 0.44, 50, 100, 1, 14, 5000, 85
1, 30578, 101, 580, 581, 580, 581, 0.44, 50, 100, 1, 35, 5000, 85
1, 22774, 79, 389, 390, 389, 390, 0.44, 50, 100, 1, 21, 5000, 85
1, 29805, 102, 546, 547, 546, 547, 0.44, 50, 100, 1, 28, 5000, 85
0, 34750, 98, 651, 647, 651, 647, 0.44, 50, 100, 1, 32, 5000, 85
1, 12003, 111, 196, 203, 196, 203, 0.44, 50, 100, 1, 8, 5000, 85
0, 34750, 111, 672, 647, 672, 647, 0.44, 50, 100, 1, 35, 5000, 85
0, 34750, 109, 670, 652, 670, 652, 0.44, 50, 100, 1, 34, 5000, 85
0, 34750, 111, 667, 655, 667, 655, 0.44, 50, 100, 1, 38, 5000, 85
0, 34750, 111, 678, 659, 678, 659, 0.44, 50, 100, 1, 33, 5000, 85
0, 34750, 109, 674, 660, 674, 660, 0.44, 50, 100, 1, 35, 5000, 85
0, 34750, 106, 678, 661, 678, 661, 0.44, 50, 100, 1, 40, 5000, 85
0, 34750, 92, 644, 621, 644, 621, 0.44, 50, 100, 1, 36, 5000, 85
0, 34750, 108, 678, 652, 678, 652, 0.44, 50, 100, 1, 38, 5000, 85
1, 29899, 106, 558, 559, 558, 559, 0.44, 50, 100, 1, 36, 5000, 85
0, 34750, 97, 664, 656, 664, 656, 0.44, 50, 100, 1, 37, 5000, 85
0, 34750, 96, 656, 635, 656, 635, 0.44, 50, 100, 1, 34, 5000, 85
1, 18591, 94, 330, 331, 330, 331, 0.44, 50, 100, 1, 16, 5000, 85
0, 34750, 110, 656, 635, 656, 635, 0.44, 50, 100, 1, 35, 5000, 85
0, 34750, 104, 675, 643, 675, 643, 0.44, 50, 100, 1, 40, 5000, 85
1, 11824, 106, 192, 193, 192, 193, 0.44, 50, 100, 1, 11, 5000, 85
0, 34750, 106, 652, 639, 652, 639, 0.44, 50, 100, 1, 41, 5000, 85
0, 34750, 84, 650, 626, 650, 626, 0.44, 50, 100, 1, 38, 5000, 85
0, 34750, 102, 655, 637, 655, 637, 0.44, 50, 100, 1, 33, 5000, 85
1, 18252, 103, 340, 341, 340, 341, 0.44, 50, 100, 1, 17, 5000, 85
0, 34750, 94, 651, 624, 651, 624, 0.44, 50, 100, 1, 34, 5000, 85
0, 34750, 109, 656, 636, 656, 636, 0.44, 50, 100, 1, 34, 5000, 85
0, 34750, 104, 646, 637, 646, 637, 0.44, 50, 100, 1, 35, 5000, 85
1, 28395, 114, 531, 532, 531, 532, 0.44, 50, 100, 1, 25, 5000, 85
0, 34750, 94, 638, 633, 638, 633, 0.44, 50, 100, 1, 33, 5000, 85
1, 27159, 113, 519, 520, 519, 520, 0.44, 50, 100, 1, 25, 5000, 85
1, 11193, 108, 193, 207, 193, 207, 0.44, 50, 100, 1, 8, 5000, 85
0, 34750, 91, 661, 634, 661, 634, 0.44, 50, 100, 1, 34, 5000, 85
0, 34750, 105, 665, 642, 665, 642, 0.44, 50, 100, 1, 34, 5000, 85
1, 28888, 89, 524, 525, 524, 525, 0.44, 50, 100, 1, 28, 5000, 85
0, 34750, 107, 663, 646, 663, 646, 0.44, 50, 100, 1, 36, 5000, 85
1, 23553, 95, 434, 435, 434, 435, 0.44, 50, 100, 1, 23, 5000, 85
1, 17756, 103, 301, 302, 301, 302, 0.44, 50, 100, 1, 16, 5000, 85
0, 34750, 118, 675, 659, 675, 659, 0.44, 50, 100, 1, 36, 5000, 85
1, 29898, 103, 553, 554, 553, 554, 0.44, 50, 100, 1, 32, 5000, 85
0, 34750, 95, 665, 627, 665, 627, 0.44, 50, 100, 1, 34, 5000, 85
0, 34750, 99, 665, 652, 665, 652, 0.44, 50, 100, 1, 34, 5000, 85
1, 26208, 109, 484, 485, 484, 485, 0.44, 50, 100, 1, 25, 5000, 85
0, 34750, 102, 664, 643, 664, 643, 0.44, 50, 100, 1, 33, 5000, 85
0, 34750, 109, 661, 647, 661, 647, 0.44, 50, 100, 1, 35, 5000, 85
1, 11054, 98, 183, 184, 183, 184, 0.44, 50, 100, 1, 8, 5000, 85
1, 21257, 109, 380, 381, 380, 381, 0.44, 50, 100, 1, 18, 5000, 85
0, 34750, 118, 678, 663, 678, 663, 0.44, 50, 100, 1, 36, 5000, 85
0, 34750, 102, 663, 646, 663, 646, 0.44, 50, 100, 1, 38, 5000, 85
0, 34750, 93, 664, 633, 664, 633, 0.44, 50, 100, 1, 35, 5000, 85
0, 34750, 96, 637, 624, 637, 624, 0.44, 50, 100, 1, 36, 5000, 85
1, 12917, 99, 222, 223, 222, 223, 0.44, 50, 100, 1, 10, 5000, 85
0, 34750, 110, 666, 641, 666, 641, 0.44, 50, 100, 1, 37, 5000, 85
0, 34750, 94, 655, 639, 655, 639, 0.44, 50, 100, 1, 32, 5000, 85
1, 15203, 116, 263, 264, 263, 264, 0.44, 50, 100, 1, 14, 5000, 85
0, 34750, 98, 655, 629, 655, 629, 0.44, 50, 100, 1, 40, 5000, 85
0, 34750, 103, 664, 647, 664, 647, 0.44, 50, 100, 1, 37, 5000, 85
0, 34750, 86, 636, 608, 636, 608, 0.44, 50, 100, 1, 41, 5000, 85
1, 23041, 87, 425, 426, 425, 426, 0.44, 50, 100, 1, 26, 5000, 85
0, 34750, 111, 659, 641, 659, 641, 0.44, 50, 100, 1, 42, 5000, 85
1, 11644, 106, 191, 192, 191, 192, 0.44, 50, 100, 1, 12, 5000, 85
0, 34750, 102, 660, 643, 660, 643, 0.44, 50, 100, 1, 42, 5000, 85
1, 13058, 90, 207, 208, 207, 208, 0.44, 50, 100, 1, 10, 5000, 85
1, 17477, 112, 311, 312, 311, 312, 0.44, 50, 100, 1, 16, 5000, 85
0, 34750, 114, 654, 648, 654, 648, 0.44, 50, 100, 1, 40, 5000, 85
0, 34750, 107, 679, 665, 679, 665, 0.44, 50, 100, 1, 39, 5000, 85
1, 11360, 85, 184, 185, 184, 185, 0.44, 50, 100, 1, 10, 5000, 85
0, 34750, 93, 657, 649, 657, 649, 0.44, 50, 100, 1, 39, 5000, 85
1, 25109, 117, 471, 472, 471, 472, 0.44, 50, 100, 1, 21, 5000, 85
0, 34750, 93, 660, 648, 660, 648, 0.44, 50, 100, 1, 42, 5000, 85
1, 20601, 110, 365, 366, 365, 366, 0.44, 50, 100, 1, 17, 5000, 85
1, 18283, 118, 327, 328, 327, 328, 0.44, 50, 100, 1, 15, 5000, 85
0, 34750, 106, 659, 645, 659, 645, 0.44, 50, 100, 1, 41, 5000, 85
0, 34750, 94, 657, 631, 657, 631, 0.44, 50, 100, 1, 32, 5000, 85
1, 13517, 87, 216, 217, 216, 217, 0.44, 50, 100, 1, 10, 5000, 85
0, 34750, 99, 649, 634, 649, 634, 0.44, 50, 100, 1, 36, 5000, 85
1, 14198, 99, 246, 247, 246, 247, 0.44, 50, 100, 1, 13, 5000, 85
0, 34750, 105, 667, 654, 667, 654, 0.44, 50, 100, 1, 35, 5000, 85
1, 17212, 100, 307, 308, 307, 308, 0.44, 50, 100, 1, 14, 5000, 85
0, 34750, 72, 637, 621, 637, 621, 0.44, 50, 100, 1, 35, 5000, 85
0, 34750, 100, 663, 646, 663, 646, 0.44, 50, 100, 1, 33, 5000, 85
1, 11683, 103, 188, 190, 188, 190, 0.44, 50, 100, 1, 8, 5000, 85
0, 34750, 111, 663, 656, 663, 656, 0.44, 50, 100, 1, 34, 5000, 85
0, 34750, 110, 659, 646, 659, 646, 0.44, 50, 100, 1, 34, 5000, 85
1, 16842, 98, 298, 299, 298, 299, 0.44, 50, 100, 1, 14, 5000, 95
1, 33668, 112, 636, 637, 636, 637, 0.44, 50, 100, 1, 32, 5000, 85
0, 34750, 109, 668, 646, 668, 646, 0.44, 50, 100, 1, 34, 5000, 85
1, 14751, 92, 245, 246, 245, 246, 0.44, 50, 100, 1, 11, 5000, 95
0, 38250, 98, 721, 703, 721, 703, 0.44, 50, 100, 1, 34, 5000, 95
0, 38250, 102, 732, 704, 732, 704, 0.44, 50, 100, 1, 43, 5000, 95
1, 24037, 105, 444, 445, 444, 445, 0.44, 50, 100, 1, 21, 5000, 95
0, 38250, 114, 741, 725, 741, 725, 0.44, 50, 100, 1, 41, 5000, 95
1, 24025, 106, 442, 443, 442, 443, 0.44, 50, 100, 1, 22, 5000, 95
0, 38250, 108, 744, 720, 744, 720, 0.44, 50, 100, 1, 41, 5000, 95
0, 38250, 107, 735, 711, 735, 711, 0.44, 50, 100, 1, 38, 5000, 95
1, 21452, 107, 391, 392, 391, 392, 0.44, 50, 100, 1, 18, 5000, 95
0, 38250, 103, 728, 717, 728, 717, 0.44, 50, 100, 1, 38, 5000, 95
0, 38250, 101, 731, 709, 731, 709, 0.44, 50, 100, 1, 41, 5000, 95
0, 38250, 101, 727, 680, 727, 680, 0.44, 50, 100, 1, 39, 5000, 95
1, 19197, 112, 340, 341, 340, 341, 0.44, 50, 100, 1, 17, 5000, 95
0, 38250, 109, 729, 714, 729, 714, 0.44, 50, 100, 1, 39, 5000, 95
1, 33023, 114, 625, 626, 625, 626, 0.44, 50, 100, 1, 34, 5000, 95
0, 38250, 99, 733, 712, 733, 712, 0.44, 50, 100, 1, 41, 5000, 95
1, 12040, 92, 187, 190, 187, 190, 0.44, 50, 100, 1, 10, 5000, 95
0, 38250, 112, 721, 699, 721, 699, 0.44, 50, 100, 1, 41, 5000, 95
0, 38250, 94, 723, 713, 723, 713, 0.44, 50, 100, 1, 38, 5000, 95
0, 38250, 111, 752, 725, 752, 725, 0.44, 50, 100, 1, 37, 5000, 95
0, 38250, 116, 753, 732, 753, 732, 0.44, 50, 100, 1, 38, 5000, 95
1, 23145, 105, 411, 412, 411, 412, 0.44, 50, 100, 1, 23, 5000, 95
1, 14430, 119, 250, 251, 250, 251, 0.44, 50, 100, 1, 14, 5000, 95
1, 16930, 108, 292, 293, 292, 293, 0.44, 50, 100, 1, 14, 5000, 95
0, 38250, 91, 720, 692, 720, 692, 0.44, 50, 100, 1, 44, 5000, 95
1, 36179, 92, 682, 683, 682, 683, 0.44, 50, 100, 1, 42, 5000, 95
1, 12851, 95, 212, 213, 212, 213, 0.44, 50, 100, 1, 9, 5000, 95
0, 38250, 98, 717, 698, 717, 698, 0.44, 50, 100, 1, 38, 5000, 95
1, 16236, 105, 281, 282, 281, 282, 0.44, 50, 100, 1, 18, 5000, 95
0, 38250, 93, 743, 721, 743, 721, 0.44, 50, 100, 1, 50, 5000, 95
0, 38250, 108, 738, 727, 738, 727, 0.44, 50, 100, 1, 50, 5000, 95
0, 38250, 110, 739, 706, 739, 706, 0.44, 50, 100, 1, 51, 5000, 95
0, 38250, 106, 723, 709, 723, 709, 0.44, 50, 100, 1, 41, 5000, 95
0, 38250, 105, 741, 730, 741, 730, 0.44, 50, 100, 1, 52, 5000, 95
1, 13568, 109, 230, 231, 230, 231, 0.44, 50, 100, 1, 13, 5000, 95
0, 38250, 84, 714, 692, 714, 692, 0.44, 50, 100, 1, 49, 5000, 95
1, 24344, 99, 455, 456, 455, 456, 0.44, 50, 100, 1, 25, 5000, 95
1, 32851, 107, 619, 620, 619, 620, 0.44, 50, 100, 1, 37, 5000, 95
0, 38250, 101, 721, 688, 721, 688, 0.44, 50, 100, 1, 43, 5000, 95
1, 11665, 90, 185, 197, 185, 197, 0.44, 50, 100, 1, 9, 5000, 95
0, 38250, 100, 738, 715, 738, 715, 0.44, 50, 100, 1, 42, 5000, 95
1, 12048, 108, 217, 218, 217, 218, 0.44, 50, 100, 1, 9, 5000, 95
0, 38250, 125, 728, 721, 728, 721, 0.44, 50, 100, 1, 39, 5000, 95
0, 38250, 95, 734, 720, 734, 720, 0.44, 50, 100, 1, 38, 5000, 95
1, 13034, 105, 224, 225, 224, 225, 0.44, 50, 100, 1, 13, 5000, 95
0, 38250, 98, 742, 706, 742, 706, 0.44, 50, 100, 1, 47, 5000, 95
1, 25930, 99, 486, 487, 486, 487, 0.44, 50, 100, 1, 29, 5000, 95
1, 15072, 94, 234, 235, 234, 235, 0.44, 50, 100, 1, 15, 5000, 95
0, 38250, 98, 720, 715, 720, 715, 0.44, 50, 100, 1, 49, 5000, 95
1, 20717, 110, 384, 385, 384, 385, 0.44, 50, 100, 1, 23, 5000, 95
1, 36990, 91, 700, 701, 700, 701, 0.44, 50, 100, 1, 40, 5000, 95
1, 11363, 106, 201, 202, 201, 202, 0.44, 50, 100, 1, 8, 5000, 95
1, 16752, 106, 298, 299, 298, 299, 0.44, 50, 100, 1, 15, 5000, 95
0, 38250, 103, 722, 687, 722, 687, 0.44, 50, 100, 1, 44, 5000, 95
1, 17871, 83, 305, 306, 305, 306, 0.44, 50, 100, 1, 20, 5000, 95
0, 38250, 98, 744, 724, 744, 724, 0.44, 50, 100, 1, 45, 5000, 95
1, 20017, 100, 366, 367, 366, 367, 0.44, 50, 100, 1, 18, 5000, 95
0, 38250, 111, 731, 715, 731, 715, 0.44, 50, 100, 1, 42, 5000, 95
1, 21278, 98, 371, 372, 371, 372, 0.44, 50, 100, 1, 19, 5000, 95
1, 11710, 102, 197, 198, 197, 198, 0.44, 50, 100, 1, 9, 5000, 95
0, 38250, 90, 716, 700, 716, 700, 0.44, 50, 100, 1, 44, 5000, 95
0, 38250, 99, 721, 716, 721, 716, 0.44, 50, 100, 1, 41, 5000, 95
1, 19467, 107, 353, 354, 353, 354, 0.44, 50, 100, 1, 19, 5000, 95
1, 11524, 98, 196, 197, 196, 197, 0.44, 50, 100, 1, 8, 5000, 95
0, 38250, 102, 740, 714, 740, 714, 0.44, 50, 100, 1, 43, 5000, 95
1, 12293, 95, 201, 202, 201, 202, 0.44, 50, 100, 1, 9, 5000, 95
0, 38250, 100, 720, 701, 720, 701, 0.44, 50, 100, 1, 38, 5000, 95
1, 17722, 97, 303, 304, 303, 304, 0.44, 50, 100, 1, 14, 5000, 95
0, 38250, 98, 734, 714, 734, 714, 0.44, 50, 100, 1, 39, 5000, 95
1, 18446, 85, 332, 333, 332, 333, 0.44, 50, 100, 1, 15, 5000, 95
0, 38250, 107, 741, 703, 741, 703, 0.44, 50, 100, 1, 43, 5000, 95
1, 25319, 109, 468, 469, 468, 469, 0.44, 50, 100, 1, 33, 5000, 95
1, 14778, 93, 258, 259, 258, 259, 0.44, 50, 100, 1, 16, 5000, 95
1, 21660, 105, 390, 391, 390, 391, 0.44, 50, 100, 1, 22, 5000, 95
0, 38250, 105, 718, 710, 718, 710, 0.44, 50, 100, 1, 46, 5000, 95
1, 15724, 105, 284, 285, 284, 285, 0.44, 50, 100, 1, 13, 5000, 95
0, 38250, 105, 730, 712, 730, 712, 0.44, 50, 100, 1, 44, 5000, 95
1, 12671, 115, 216, 217, 216, 217, 0.44, 50, 100, 1, 9, 5000, 95
0, 38250, 100, 720, 705, 720, 705, 0.44, 50, 100, 1, 43, 5000, 95
0, 38250, 95, 738, 728, 738, 728, 0.44, 50, 100, 1, 40, 5000, 95
1, 19100, 95, 339, 340, 339, 340, 0.44, 50, 100, 1, 17, 5000, 95
0, 38250, 95, 731, 700, 731, 700, 0.44, 50, 100, 1, 38, 5000, 95
0, 38250, 81, 726, 707, 726, 707, 0.44, 50, 100, 1, 36, 5000, 95
0, 38250, 110, 731, 716, 731, 716, 0.44, 50, 100, 1, 36, 5000, 95
0, 38250, 104, 732, 714, 732, 714, 0.44, 50, 100, 1, 40, 5000, 95
0, 38250, 99, 735, 713, 735, 713, 0.44, 50, 100, 1, 36, 5000, 95
1, 16367, 103, 297, 298, 297, 298, 0.44, 50, 100, 1, 14, 5000, 95
0, 38250, 83, 701, 680, 701, 680, 0.44, 50, 100, 1, 40, 5000, 95
0, 38250, 102, 727, 718, 727, 718, 0.44, 50, 100, 1, 35, 5000, 95
0, 38250, 88, 709, 686, 709, 686, 0.44, 50, 100, 1, 46, 5000, 95
1, 16422, 108, 288, 289, 288, 289, 0.44, 50, 100, 1, 16, 5000, 95
0, 38250, 94, 723, 710, 723, 710, 0.44, 50, 100, 1, 37, 5000, 95
1, 18570, 105, 329, 330, 329, 330, 0.44, 50, 100, 1, 15, 5000, 95
1, 16844, 76, 271, 272, 271, 272, 0.44, 50, 100, 1, 14, 5000, 95
1, 36853, 102, 696, 697, 696, 697, 0.44, 50, 100, 1, 38, 5000, 95
1, 11599, 98, 194, 195, 194, 195, 0.44, 50, 100, 1, 9, 5000, 95
1, 22078, 114, 412, 413, 412, 413, 0.44, 50, 100, 1, 19, 5000, 95
1, 13526, 113, 235, 236, 235, 236, 0.44, 50, 100, 1, 10, 5000, 95
0, 38250, 97, 733, 707, 733, 707, 0.44, 50, 100, 1, 36, 5000, 95
1, 15533, 95, 267, 268, 267, 268, 0.44, 50, 100, 1, 12, 5000, 105
1, 13132, 115, 234, 235, 234, 235, 0.44, 50, 100, 1, 10, 5000, 105
0, 41750, 104, 819, 795, 819, 795, 0.44, 50, 100, 1, 50, 5000, 105
1, 13263, 98, 225, 226, 225, 226, 0.44, 50, 100, 1, 11, 5000, 105
0, 41750, 93, 797, 776, 797, 776, 0.44, 50, 100, 1, 51, 5000, 105
0, 41750, 92, 806, 781, 806, 781, 0.44, 50, 100, 1, 47, 5000, 105
0, 41750, 104, 808, 791, 808, 791, 0.44, 50, 100, 1, 49, 5000, 105
0, 41750, 100, 797, 770, 797, 770, 0.44, 50, 100, 1, 47, 5000, 105
0, 41750, 97, 801, 791, 801, 791, 0.44, 50, 100, 1, 45, 5000, 105
0, 41750, 114, 797, 776, 797, 776, 0.44, 50, 100, 1, 41, 5000, 105
1, 15571, 90, 262, 263, 262, 263, 0.44, 50, 100, 1, 14, 5000, 105
1, 26591, 95, 488, 489, 488, 489, 0.44, 50, 100, 1, 28, 5000, 105
1, 13052, 105, 222, 223, 222, 223, 0.44, 50, 100, 1, 13, 5000, 105
0, 41750, 106, 799, 781, 799, 781, 0.44, 50, 100, 1, 42, 5000, 105
1, 41052, 124, 779, 780, 779, 780, 0.44, 50, 100, 1, 42, 5000, 105
1, 28165, 109, 524, 525, 524, 525, 0.44, 50, 100, 1, 27, 5000, 105
0, 41750, 105, 803, 773, 803, 773, 0.44, 50, 100, 1, 42, 5000, 105
1, 25186, 101, 458, 459, 458, 459, 0.44, 50, 100, 1, 24, 5000, 105
1, 37247, 111, 701, 702, 701, 702, 0.44, 50, 100, 1, 38, 5000, 105
1, 26947, 107, 497, 498, 497, 498, 0.44, 50, 100, 1, 28, 5000, 105
0, 41750, 93, 794, 776, 794, 776, 0.44, 50, 100, 1, 43, 5000, 105
1, 20617, 112, 370, 371, 370, 371, 0.44, 50, 100, 1, 20, 5000, 105
1, 11902, 102, 207, 208, 207, 208, 0.44, 50, 100, 1, 9, 5000, 105
1, 36704, 107, 701, 702, 701, 702, 0.44, 50, 100, 1, 42, 5000, 105
1, 36396, 94, 675, 676, 675, 676, 0.44, 50, 100, 1, 38, 5000, 105
1, 15206, 91, 248, 249, 248, 249, 0.44, 50, 100, 1, 16, 5000, 105
1, 32824, 106, 626, 627, 626, 627, 0.44, 50, 100, 1, 40, 5000, 105
1, 17593, 87, 294, 295, 294, 295, 0.44, 50, 100, 1, 18, 5000, 105
1, 41362, 105, 778, 779, 778, 779, 0.44, 50, 100, 1, 51, 5000, 105
1, 19583, 109, 342, 343, 342, 343, 0.44, 50, 100, 1, 16, 5000, 105
1, 37573, 97, 712, 713, 712, 713, 0.44, 50, 100, 1, 46, 5000, 105
0, 41750, 110, 795, 776, 795, 776, 0.44, 50, 100, 1, 40, 5000, 105
0, 41750, 90, 801, 777, 801, 777, 0.44, 50, 100, 1, 47, 5000, 105
0, 41750, 99, 807, 780, 807, 780, 0.44, 50, 100, 1, 39, 5000, 105
1, 25253, 89, 462, 463, 462, 463, 0.44, 50, 100, 1, 26, 5000, 105
1, 12154, 117, 222, 223, 222, 223, 0.44, 50, 100, 1, 9, 5000, 105
0, 41750, 108, 804, 786, 804, 786, 0.44, 50, 100, 1, 46, 5000, 105
1, 16056, 101, 278, 279, 278, 279, 0.44, 50, 100, 1, 13, 5000, 105
1, 39784, 100, 751, 752, 751, 752, 0.44, 50, 100, 1, 44, 5000, 105
0, 41750, 85, 797, 777, 797, 777, 0.44, 50, 100, 1, 42, 5000, 105
1, 29839, 108, 552, 553, 552, 553, 0.44, 50, 100, 1, 30, 5000, 105
0, 41750, 81, 783, 767, 783, 767, 0.44, 50, 100, 1, 43, 5000, 105
1, 36230, 96, 662, 663, 662, 663, 0.44, 50, 100, 1, 33, 5000, 105
1, 12395, 120, 225, 227, 225, 227, 0.44, 50, 100, 1, 10, 5000, 105
1, 22063, 105, 411, 412, 411, 412, 0.44, 50, 100, 1, 25, 5000, 105
0, 41750, 98, 797, 785, 797, 785, 0.44, 50, 100, 1, 41, 5000, 105
0, 41750, 103, 796, 783, 796, 783, 0.44, 50, 100, 1, 52, 5000, 105
1, 39201, 97, 722, 723, 722, 723, 0.44, 50, 100, 1, 37, 5000, 105
0, 41750, 98, 814, 789, 814, 789, 0.44, 50, 100, 1, 48, 5000, 105
0, 41750, 107, 803, 789, 803, 789, 0.44, 50, 100, 1, 42, 5000, 105
0, 41750, 94, 797, 791, 797, 791, 0.44, 50, 100, 1, 43, 5000, 105
1, 34234, 99, 645, 646, 645, 646, 0.44, 50, 100, 1, 34, 5000, 105
0, 41750, 109, 803, 788, 803, 788, 0.44, 50, 100, 1, 43, 5000, 105
1, 30987, 98, 569, 570, 569, 570, 0.44, 50, 100, 1, 34, 5000, 105
1, 39964, 98, 756, 757, 756, 757, 0.44, 50, 100, 1, 43, 5000, 105
1, 35650, 103, 669, 670, 669, 670, 0.44, 50, 100, 1, 39, 5000, 105
1, 23133, 93, 430, 431, 430, 431, 0.44, 50, 100, 1, 23, 5000, 105
0, 41750, 114, 816, 793, 816, 793, 0.44, 50, 100, 1, 51, 5000, 105
1, 12579, 116, 222, 223, 222, 223, 0.44, 50, 100, 1, 13, 5000, 105
0, 41750, 87, 801, 772, 801, 772, 0.44, 50, 100, 1, 47, 5000, 105
0, 41750, 99, 801, 791, 801, 791, 0.44, 50, 100, 1, 45, 5000, 105
1, 34359, 103, 656, 657, 656, 657, 0.44, 50, 100, 1, 39, 5000, 105
1, 12716, 102, 224, 225, 224, 225, 0.44, 50, 100, 1, 9, 5000, 105
0, 41750, 95, 803, 785, 803, 785, 0.44, 50, 100, 1, 50, 5000, 105
1, 21951, 94, 375, 376, 375, 376, 0.44, 50, 100, 1, 19, 5000, 105
0, 41750, 101, 810, 790, 810, 790, 0.44, 50, 100, 1, 43, 5000, 105
1, 12497, 103, 214, 215, 214, 215, 0.44, 50, 100, 1, 10, 5000, 105
1, 31924, 105, 612, 613, 612, 613, 0.44, 50, 100, 1, 30, 5000, 105
0, 41750, 107, 792, 775, 792, 775, 0.44, 50, 100, 1, 51, 5000, 105
1, 12930, 103, 215, 216, 215, 216, 0.44, 50, 100, 1, 9, 5000, 105
0, 41750, 114, 816, 795, 816, 795, 0.44, 50, 100, 1, 52, 5000, 105
0, 41750, 118, 802, 779, 802, 779, 0.44, 50, 100, 1, 50, 5000, 105
0, 41750, 76, 759, 756, 759, 756, 0.44, 50, 100, 1, 51, 5000, 105
1, 28442, 110, 529, 530, 529, 530, 0.44, 50, 100, 1, 29, 5000, 105
1, 23197, 109, 433, 434, 433, 434, 0.44, 50, 100, 1, 24, 5000, 105
1, 21466, 102, 399, 400, 399, 400, 0.44, 50, 100, 1, 22, 5000, 105
1, 33432, 113, 639, 640, 639, 640, 0.44, 50, 100, 1, 39, 5000, 105
0, 41750, 109, 800, 782, 800, 782, 0.44, 50, 100, 1, 49, 5000, 105
1, 14062, 109, 254, 255, 254, 255, 0.44, 50, 100, 1, 11, 5000, 105
1, 22652, 95, 397, 398, 397, 398, 0.44, 50, 100, 1, 26, 5000, 105
0, 41750, 98, 797, 776, 797, 776, 0.44, 50, 100, 1, 43, 5000, 105
1, 24674, 114, 463, 464, 463, 464, 0.44, 50, 100, 1, 21, 5000, 105
0, 41750, 86, 774, 748, 774, 748, 0.44, 50, 100, 1, 49, 5000, 105
1, 20754, 112, 361, 362, 361, 362, 0.44, 50, 100, 1, 19, 5000, 105
1, 37111, 108, 711, 712, 711, 712, 0.44, 50, 100, 1, 41, 5000, 105
1, 27883, 114, 525, 526, 525, 526, 0.44, 50, 100, 1, 29, 5000, 105
1, 40996, 98, 763, 764, 763, 764, 0.44, 50, 100, 1, 47, 5000, 105
1, 30002, 110, 569, 570, 569, 570, 0.44, 50, 100, 1, 30, 5000, 105
0, 41750, 104, 803, 785, 803, 785, 0.44, 50, 100, 1, 43, 5000, 105
1, 30005, 105, 557, 558, 557, 558, 0.44, 50, 100, 1, 27, 5000, 105
1, 16661, 100, 293, 294, 293, 294, 0.44, 50, 100, 1, 13, 5000, 105
1, 13805, 105, 238, 239, 238, 239, 0.44, 50, 100, 1, 10, 5000, 105
1, 40842, 88, 763, 764, 763, 764, 0.44, 50, 100, 1, 43, 5000, 105
0, 41750, 89, 790, 760, 790, 760, 0.44, 50, 100, 1, 40, 5000, 105
0, 41750, 95, 788, 757, 788, 757, 0.44, 50, 100, 1, 44, 5000, 105
0, 41750, 90, 786, 775, 786, 775, 0.44, 50, 100, 1, 42, 5000, 105
1, 38873, 99, 725, 726, 725, 726, 0.44, 50, 100, 1, 38, 5000, 105
0, 41750, 113, 799, 784, 799, 784, 0.44, 50, 100, 1, 39, 5000, 105
1, 27095, 93, 507, 508, 507, 508, 0.44, 50, 100, 1, 25, 5000, 150
1, 19662, 102, 350, 351, 350, 351, 0.44, 50, 100, 1, 22, 5000, 150
0, 41750, 87, 777, 763, 777, 763, 0.44, 50, 100, 1, 48, 5000, 105
1, 17897, 94, 309, 310, 309, 310, 0.44, 50, 100, 1, 18, 5000, 150
0, 41750, 104, 807, 781, 807, 781, 0.44, 50, 100, 1, 45, 5000, 105
1, 14104, 102, 253, 254, 253, 254, 0.44, 50, 100, 1, 15, 5000, 150
1, 29681, 114, 559, 560, 559, 560, 0.44, 50, 100, 1, 28, 5000, 150
0, 57500, 95, 1110, 1086, 1110, 1086, 0.44, 50, 100, 1, 67, 5000, 150
1, 21603, 96, 385, 386, 385, 386, 0.44, 50, 100, 1, 22, 5000, 150
0, 57500, 100, 1116, 1104, 1116, 1104, 0.44, 50, 100, 1, 74, 5000, 150
1, 21616, 113, 409, 410, 409, 410, 0.44, 50, 100, 1, 19, 5000, 150
1, 31016, 101, 569, 570, 569, 570, 0.44, 50, 100, 1, 35, 5000, 150
1, 52733, 87, 999, 1000, 999, 1000, 0.44, 50, 100, 1, 66, 5000, 150
1, 23241, 108, 414, 415, 414, 415, 0.44, 50, 100, 1, 25, 5000, 150
0, 57500, 100, 1123, 1102, 1123, 1102, 0.44, 50, 100, 1, 70, 5000, 150
0, 57500, 79, 1094, 1081, 1094, 1081, 0.44, 50, 100, 1, 65, 5000, 150
1, 46680, 112, 908, 909, 908, 909, 0.44, 50, 100, 1, 58, 5000, 150
1, 17232, 106, 311, 312, 311, 312, 0.44, 50, 100, 1, 20, 5000, 150
1, 29015, 106, 550, 551, 550, 551, 0.44, 50, 100, 1, 37, 5000, 150
1, 16350, 104, 292, 293, 292, 293, 0.44, 50, 100, 1, 16, 5000, 150
1, 17753, 97, 311, 312, 311, 312, 0.44, 50, 100, 1, 16, 5000, 150
1, 46042, 88, 860, 861, 860, 861, 0.44, 50, 100, 1, 51, 5000, 150
1, 23667, 95, 431, 432, 431, 432, 0.44, 50, 100, 1, 21, 5000, 150
1, 21248, 101, 396, 397, 396, 397, 0.44, 50, 100, 1, 20, 5000, 150
1, 14618, 105, 255, 256, 255, 256, 0.44, 50, 100, 1, 15, 5000, 150
0, 57500, 114, 1122, 1099, 1122, 1099, 0.44, 50, 100, 1, 66, 5000, 150
1, 21643, 98, 379, 380, 379, 380, 0.44, 50, 100, 1, 20, 5000, 150
1, 19400, 91, 340, 341, 340, 341, 0.44, 50, 100, 1, 20, 5000, 150
0, 57500, 94, 1112, 1077, 1112, 1077, 0.44, 50, 100, 1, 68, 5000, 150
1, 37189, 99, 702, 703, 702, 703, 0.44, 50, 100, 1, 43, 5000, 150
0, 57500, 102, 1116, 1088, 1116, 1088, 0.44, 50, 100, 1, 61, 5000, 150
1, 26553, 89, 473, 474, 473, 474, 0.44, 50, 100, 1, 26, 5000, 150
1, 19179, 106, 338, 339, 338, 339, 0.44, 50, 100, 1, 17, 5000, 150
1, 32388, 100, 615, 616, 615, 616, 0.44, 50, 100, 1, 40, 5000, 150
1, 29535, 109, 562, 563, 562, 563, 0.44, 50, 100, 1, 28, 5000, 150
1, 35539, 107, 679, 680, 679, 680, 0.44, 50, 100, 1, 33, 5000, 150
1, 15293, 102, 252, 262, 252, 262, 0.44, 50, 100, 1, 11, 5000, 150
0, 57500, 101, 1117, 1101, 1117, 1101, 0.44, 50, 100, 1, 65, 5000, 150
0, 57500, 110, 1131, 1110, 1131, 1110, 0.44, 50, 100, 1, 76, 5000, 150
1, 49945, 80, 926, 927, 926, 927, 0.44, 50, 100, 1, 55, 5000, 150
1, 18286, 111, 350, 351, 350, 351, 0.44, 50, 100, 1, 15, 5000, 150
1, 18679, 109, 345, 346, 345, 346, 0.44, 50, 100, 1, 17, 5000, 150
1, 23414, 112, 436, 437, 436, 437, 0.44, 50, 100, 1, 28, 5000, 150
0, 57500, 104, 1118, 1103, 1118, 1103, 0.44, 50, 100, 1, 58, 5000, 150
1, 46666, 89, 881, 882, 881, 882, 0.44, 50, 100, 1, 54, 5000, 150
1, 48223, 108, 921, 922, 921, 922, 0.44, 50, 100, 1, 55, 5000, 150
0, 57500, 98, 1106, 1088, 1106, 1088, 0.44, 50, 100, 1, 73, 5000, 150
1, 42080, 119, 806, 807, 806, 807, 0.44, 50, 100, 1, 41, 5000, 150
1, 15110, 121, 271, 273, 271, 273, 0.44, 50, 100, 1, 12, 5000, 150
0, 57500, 94, 1112, 1094, 1112, 1094, 0.44, 50, 100, 1, 73, 5000, 150
0, 57500, 100, 1123, 1114, 1123, 1114, 0.44, 50, 100, 1, 64, 5000, 150
1, 48074, 108, 927, 928, 927, 928, 0.44, 50, 100, 1, 59, 5000, 150
0, 57500, 99, 1104, 1089, 1104, 1089, 0.44, 50, 100, 1, 71, 5000, 150
0, 57500, 115, 1118, 1103, 1118, 1103, 0.44, 50, 100, 1, 60, 5000, 150
1, 24749, 108, 449, 450, 449, 450, 0.44, 50, 100, 1, 32, 5000, 150
1, 14884, 96, 246, 247, 246, 247, 0.44, 50, 100, 1, 12, 5000, 150
0, 57500, 100, 1114, 1095, 1114, 1095, 0.44, 50, 100, 1, 66, 5000, 150
1, 30243, 97, 547, 548, 547, 548, 0.44, 50, 100, 1, 38, 5000, 150
1, 14277, 96, 246, 247, 246, 247, 0.44, 50, 100, 1, 11, 5000, 150
1, 18823, 91, 314, 315, 314, 315, 0.44, 50, 100, 1, 17, 5000, 150
0, 57500, 97, 1108, 1102, 1108, 1102, 0.44, 50, 100, 1, 67, 5000, 150
1, 29598, 105, 560, 561, 560, 561, 0.44, 50, 100, 1, 39, 5000, 150
0, 57500, 89, 1110, 1080, 1110, 1080, 0.44, 50, 100, 1, 68, 5000, 150
0, 57500, 89, 1100, 1069, 1100, 1069, 0.44, 50, 100, 1, 80, 5000, 150
1, 17166, 92, 290, 291, 290, 291, 0.44, 50, 100, 1, 17, 5000, 150
1, 48050, 99, 917, 918, 917, 918, 0.44, 50, 100, 1, 59, 5000, 150
1, 20658, 82, 361, 362, 361, 362, 0.44, 50, 100, 1, 20, 5000, 150
1, 49881, 106, 962, 963, 962, 963, 0.44, 50, 100, 1, 55, 5000, 150
0, 57500, 91, 1098, 1082, 1098, 1082, 0.44, 50, 100, 1, 67, 5000, 150
1, 41490, 110, 776, 777, 776, 777, 0.44, 50, 100, 1, 49, 5000, 150
1, 41428, 105, 786, 787, 786, 787, 0.44, 50, 100, 1, 46, 5000, 150
0, 57500, 101, 1115, 1103, 1115, 1103, 0.44, 50, 100, 1, 63, 5000, 150
1, 17137, 92, 284, 285, 284, 285, 0.44, 50, 100, 1, 17, 5000, 150
1, 52083, 97, 977, 978, 977, 978, 0.44, 50, 100, 1, 71, 5000, 150
1, 37059, 95, 695, 696, 695, 696, 0.44, 50, 100, 1, 47, 5000, 150
1, 48554, 103, 940, 941, 940, 941, 0.44, 50, 100, 1, 57, 5000, 150
0, 57500, 92, 1102, 1075, 1102, 1075, 0.44, 50, 100, 1, 65, 5000, 150
0, 57500, 106, 1102, 1092, 1102, 1092, 0.44, 50, 100, 1, 72, 5000, 150
1, 17781, 99, 328, 329, 328, 329, 0.44, 50, 100, 1, 18, 5000, 150
1, 35838, 90, 664, 665, 664, 665, 0.44, 50, 100, 1, 43, 5000, 150
0, 57500, 87, 1106, 1087, 1106, 1087, 0.44, 50, 100, 1, 64, 5000, 150
1, 40829, 102, 774, 775, 774, 775, 0.44, 50, 100, 1, 46, 5000, 150
1, 19528, 100, 350, 351, 350, 351, 0.44, 50, 100, 1, 17, 5000, 150
0, 57500, 99, 1120, 1092, 1120, 1092, 0.44, 50, 100, 1, 74, 5000, 150
0, 57500, 106, 1103, 1074, 1103, 1074, 0.44, 50, 100, 1, 77, 5000, 150
1, 15986, 100, 291, 292, 291, 292, 0.44, 50, 100, 1, 13, 5000, 150
1, 20968, 93, 367, 368, 367, 368, 0.44, 50, 100, 1, 22, 5000, 150
1, 49808, 91, 931, 932, 931, 932, 0.44, 50, 100, 1, 61, 5000, 150
0, 57500, 98, 1108, 1078, 1108, 1078, 0.44, 50, 100, 1, 65, 5000, 150
1, 15867, 119, 288, 289, 288, 289, 0.44, 50, 100, 1, 14, 5000, 150
0, 57500, 94, 1094, 1085, 1094, 1085, 0.44, 50, 100, 1, 75, 5000, 150
1, 15575, 99, 251, 252, 251, 252, 0.44, 50, 100, 1, 14, 5000, 150
1, 23352, 108, 437, 438, 437, 438, 0.44, 50, 100, 1, 29, 5000, 150
1, 16395, 80, 282, 283, 282, 283, 0.44, 50, 100, 1, 14, 5000, 150
0, 57500, 96, 1113, 1104, 1113, 1104, 0.44, 50, 100, 1, 71, 5000, 150
0, 57500, 108, 1117, 1109, 1117, 1109, 0.44, 50, 100, 1, 63, 5000, 150
1, 43375, 105, 820, 821, 820, 821, 0.44, 50, 100, 1, 54, 5000, 150
1, 15594, 75, 249, 250, 249, 250, 0.44, 50, 100, 1, 16, 5000, 150
0, 57500, 111, 1122, 1103, 1122, 1103, 0.44, 50, 100, 1, 66, 5000, 150
0, 57500, 105, 1120, 1100, 1120, 1100, 0.44, 50, 100, 1, 53, 5000, 150
0, 57500, 111, 1115, 1094, 1115, 1094, 0.44, 50, 100, 1, 53, 5000, 150
0, 57500, 85, 1111, 1086, 1111, 1086, 0.44, 50, 100, 1, 54, 5000, 150
1, 5659, 96, 101, 107, 101, 107, 0.44, 50, 100, 1, 2, 5000, 5
1, 5936, 113, 121, 122, 121, 122, 0.44, 50, 100, 1, 2, 5000, 5
1, 5605, 105, 110, 111, 110, 111, 0.44, 50, 100, 1, 2, 5000, 5
1, 6583, 97, 118, 119, 118, 119, 0.44, 50, 100, 1, 3, 5000, 5
0, 6750, 97, 125, 110, 125, 110, 0.44, 50, 100, 1, 3, 5000, 5
0, 6750, 106, 129, 128, 129, 128, 0.44, 50, 100, 1, 3, 5000, 5
1, 5666, 112, 117, 120, 117, 120, 0.44, 50, 100, 1, 2, 5000, 5
0, 6750, 103, 133, 113, 133, 113, 0.44, 50, 100, 1, 3, 5000, 5
1, 5485, 109, 115, 116, 115, 116, 0.44, 50, 100, 1, 2, 5000, 5
1, 6120, 109, 114, 116, 114, 116, 0.44, 50, 100, 1, 2, 5000, 5
0, 6750, 105, 121, 119, 121, 119, 0.44, 50, 100, 1, 3, 5000, 5
1, 5826, 93, 98, 103, 98, 103, 0.44, 50, 100, 1, 2, 5000, 5
1, 5313, 108, 113, 114, 113, 114, 0.44, 50, 100, 1, 2, 5000, 5
1, 5988, 98, 103, 104, 103, 104, 0.44, 50, 100, 1, 2, 5000, 5
1, 5410, 106, 111, 113, 111, 113, 0.44, 50, 100, 1, 2, 5000, 5
1, 5825, 108, 115, 116, 115, 116, 0.44, 50, 100, 1, 2, 5000, 5
0, 6750, 99, 113, 112, 113, 112, 0.44, 50, 100, 1, 3, 5000, 5
0, 6750, 114, 129, 117, 129, 117, 0.44, 50, 100, 1, 3, 5000, 5
1, 5560, 101, 106, 109, 106, 109, 0.44, 50, 100, 1, 2, 5000, 5
0, 6750, 87, 106, 98, 106, 98, 0.44, 50, 100, 1, 3, 5000, 5
1, 5409, 109, 114, 115, 114, 115, 0.44, 50, 100, 1, 2, 5000, 5
0, 6750, 103, 116, 113, 116, 113, 0.44, 50, 100, 1, 3, 5000, 5
1, 5794, 105, 110, 112, 110, 112, 0.44, 50, 100, 1, 2, 5000, 5
0, 6750, 91, 112, 101, 112, 101, 0.44, 50, 100, 1, 3, 5000, 5
0, 6750, 113, 133, 123, 133, 123, 0.44, 50, 100, 1, 3, 5000, 5
1, 5427, 99, 104, 105, 104, 105, 0.44, 50, 100, 1, 2, 5000, 5
1, 5365, 116, 121, 122, 121, 122, 0.44, 50, 100, 1, 2, 5000, 5
0, 6750, 107, 135, 122, 135, 122, 0.44, 50, 100, 1, 3, 5000, 5
0, 6750, 110, 131, 121, 131, 121, 0.44, 50, 100, 1, 3, 5000, 5
0, 6750, 105, 125, 118, 125, 118, 0.44, 50, 100, 1, 3, 5000, 5
1, 5853, 99, 108, 109, 108, 109, 0.44, 50, 100, 1, 2, 5000, 5
1, 5438, 108, 114, 115, 114, 115, 0.44, 50, 100, 1, 2, 5000, 5
0, 6750, 101, 124, 117, 124, 117, 0.44, 50, 100, 1, 3, 5000, 5
1, 6229, 116, 129, 130, 129, 130, 0.44, 50, 100, 1, 3, 5000, 5
1, 5273, 103, 108, 110, 108, 110, 0.44, 50, 100, 1, 2, 5000, 5
0, 6750, 108, 133, 123, 133, 123, 0.44, 50, 100, 1, 3, 5000, 5
0, 6750, 95, 120, 111, 120, 111, 0.44, 50, 100, 1, 3, 5000, 5
1, 5693, 102, 107, 110, 107, 110, 0.44, 50, 100, 1, 2, 5000, 5
1, 5659, 107, 112, 114, 112, 114, 0.44, 50, 100, 1, 2, 5000, 5
0, 6750, 93, 112, 109, 112, 109, 0.44, 50, 100, 1, 3, 5000, 5
1, 6591, 86, 100, 101, 100, 101, 0.44, 50, 100, 1, 3, 5000, 5
0, 6750, 107, 134, 123, 134, 123, 0.44, 50, 100, 1, 3, 5000, 5
1, 5536, 107, 112, 113, 112, 113, 0.44, 50, 100, 1, 2, 5000, 5
0, 6750, 99, 121, 117, 121, 117, 0.44, 50, 100, 1, 3, 5000, 5
1, 5386, 103, 108, 109, 108, 109, 0.44, 50, 100, 1, 2, 5000, 5
0, 6750, 107, 132, 121, 132, 121, 0.44, 50, 100, 1, 3, 5000, 5
1, 5445, 93, 98, 102, 98, 102, 0.44, 50, 100, 1, 2, 5000, 5
1, 5748, 96, 101, 102, 101, 102, 0.44, 50, 100, 1, 2, 5000, 5
0, 6750, 93, 113, 108, 113, 108, 0.44, 50, 100, 1, 3, 5000, 5
0, 6750, 91, 111, 103, 111, 103, 0.44, 50, 100, 1, 3, 5000, 5
1, 5705, 106, 112, 113, 112, 113, 0.44, 50, 100, 1, 2, 5000, 5
1, 6504, 102, 117, 118, 117, 118, 0.44, 50, 100, 1, 3, 5000, 5
0, 6750, 87, 115, 102, 115, 102, 0.44, 50, 100, 1, 3, 5000, 5
0, 6750, 93, 124, 104, 124, 104, 0.44, 50, 100, 1, 3, 5000, 5
0, 6750, 112, 136, 130, 136, 130, 0.44, 50, 100, 1, 3, 5000, 5
1, 5732, 100, 106, 107, 106, 107, 0.44, 50, 100, 1, 2, 5000, 5
0, 6750, 118, 133, 130, 133, 130, 0.44, 50, 100, 1, 3, 5000, 5
0, 6750, 105, 134, 126, 134, 126, 0.44, 50, 100, 1, 3, 5000, 5
1, 5621, 101, 107, 108, 107, 108, 0.44, 50, 100, 1, 2, 5000, 5
1, 5331, 102, 108, 109, 108, 109, 0.44, 50, 100, 1, 2, 5000, 5
1, 5618, 103, 108, 109, 108, 109, 0.44, 50, 100, 1, 2, 5000, 5
1, 5680, 75, 82, 83, 82, 83, 0.44, 50, 100, 1, 2, 5000, 5
1, 5418, 73, 78, 81, 78, 81, 0.44, 50, 100, 1, 2, 5000, 5
1, 5683, 104, 109, 114, 109, 114, 0.44, 50, 100, 1, 2, 5000, 5
0, 6750, 107, 129, 119, 129, 119, 0.44, 50, 100, 1, 3, 5000, 5
0, 6750, 83, 108, 98, 108, 98, 0.44, 50, 100, 1, 3, 5000, 5
1, 5942, 94, 99, 101, 99, 101, 0.44, 50, 100, 1, 2, 5000, 5
1, 5593, 99, 104, 105, 104, 105, 0.44, 50, 100, 1, 2, 5000, 5
1, 5457, 107, 112, 115, 112, 115, 0.44, 50, 100, 1, 2, 5000, 5
0, 6750, 98, 120, 112, 120, 112, 0.44, 50, 100, 1, 3, 5000, 5
0, 6750, 89, 120, 108, 120, 108, 0.44, 50, 100, 1, 3, 5000, 5
1, 5402, 97, 102, 105, 102, 105, 0.44, 50, 100, 1, 2, 5000, 5
0, 6750, 108, 132, 123, 132, 123, 0.44, 50, 100, 1, 3, 5000, 5
1, 5702, 101, 106, 108, 106, 108, 0.44, 50, 100, 1, 2, 5000, 5
0, 6750, 101, 129, 123, 129, 123, 0.44, 50, 100, 1, 3, 5000, 5
0, 6750, 86, 110, 101, 110, 101, 0.44, 50, 100, 1, 3, 5000, 5
0, 6750, 108, 133, 123, 133, 123, 0.44, 50, 100, 1, 3, 5000, 5
0, 6750, 100, 126, 114, 126, 114, 0.44, 50, 100, 1, 3, 5000, 5
1, 5774, 89, 94, 95, 94, 95, 0.44, 50, 100, 1, 2, 5000, 5
0, 6750, 108, 126, 116, 126, 116, 0.44, 50, 100, 1, 3, 5000, 5
1, 5751, 97, 106, 107, 106, 107, 0.44, 50, 100, 1, 2, 5000, 5
1, 5437, 95, 100, 101, 100, 101, 0.44, 50, 100, 1, 2, 5000, 5
0, 6750, 106, 139, 131, 139, 131, 0.44, 50, 100, 1, 3, 5000, 5
0, 6750, 103, 121, 116, 121, 116, 0.44, 50, 100, 1, 3, 5000, 5
1, 5556, 94, 99, 101, 99, 101, 0.44, 50, 100, 1, 2, 5000, 5
0, 6750, 101, 120, 118, 120, 118, 0.44, 50, 100, 1, 4, 5000, 5
0, 6750, 104, 119, 117, 119, 117, 0.44, 50, 100, 1, 3, 5000, 5
1, 5456, 106, 111, 112, 111, 112, 0.44, 50, 100, 1, 2, 5000, 5
0, 6750, 119, 150, 139, 150, 139, 0.44, 50, 100, 1, 3, 5000, 5
0, 6750, 92, 108, 105, 108, 105, 0.44, 50, 100, 1, 3, 5000, 5
1, 5582, 117, 122, 123, 122, 123, 0.44, 50, 100, 1, 2, 5000, 5
0, 6750, 98, 121, 110, 121, 110, 0.44, 50, 100, 1, 3, 5000, 5
1, 5513, 100, 105, 106, 105, 106, 0.44, 50, 100, 1, 2, 5000, 5
0, 6750, 103, 125, 118, 125, 118, 0.44, 50, 100, 1, 3, 5000, 5
0, 6750, 85, 107, 101, 107, 101, 0.44, 50, 100, 1, 3, 5000, 5
1, 6678, 88, 111, 112, 111, 112, 0.44, 50, 100, 1, 3, 5000, 5
1, 5751, 91, 96, 98, 96, 98, 0.44, 50, 100, 1, 2, 5000, 5
0, 6750, 107, 131, 119, 131, 119, 0.44, 50, 100, 1, 3, 5000, 5
0, 6750, 99, 122, 115, 122, 115, 0.44, 50, 100, 1, 3, 5000, 5
1, 5761, 125, 130, 133, 130, 133, 0.44, 50, 100, 1, 2, 5000, 5
0, 8500, 95, 141, 121, 141, 121, 0.44, 50, 100, 1, 5, 5000, 10
1, 5692, 89, 99, 100, 99, 100, 0.44, 50, 100, 1, 2, 5000, 10
1, 6671, 103, 123, 124, 123, 124, 0.44, 50, 100, 1, 4, 5000, 10
1, 5976, 102, 112, 113, 112, 113, 0.44, 50, 100, 1, 2, 5000, 10
1, 8217, 103, 141, 142, 141, 142, 0.44, 50, 100, 1, 5, 5000, 10
0, 8500, 107, 154, 144, 154, 144, 0.44, 50, 100, 1, 5, 5000, 10
0, 8500, 89, 138, 129, 138, 129, 0.44, 50, 100, 1, 5, 5000, 10
1, 6670, 107, 126, 127, 126, 127, 0.44, 50, 100, 1, 3, 5000, 10
1, 5990, 105, 115, 116, 115, 116, 0.44, 50, 100, 1, 3, 5000, 10
1, 6465, 105, 119, 120, 119, 120, 0.44, 50, 100, 1, 3, 5000, 10
1, 8205, 90, 127, 128, 127, 128, 0.44, 50, 100, 1, 4, 5000, 10
1, 5930, 111, 121, 123, 121, 123, 0.44, 50, 100, 1, 2, 5000, 10
0, 8500, 82, 135, 122, 135, 122, 0.44, 50, 100, 1, 4, 5000, 10
0, 8500, 111, 158, 141, 158, 141, 0.44, 50, 100, 1, 5, 5000, 10
0, 8500, 106, 149, 142, 149, 142, 0.44, 50, 100, 1, 5, 5000, 10
1, 6300, 91, 101, 105, 101, 105, 0.44, 50, 100, 1, 3, 5000, 10
0, 8500, 115, 158, 148, 158, 148, 0.44, 50, 100, 1, 5, 5000, 10
1, 5946, 108, 119, 120, 119, 120, 0.44, 50, 100, 1, 2, 5000, 10
1, 6058, 96, 106, 108, 106, 108, 0.44, 50, 100, 1, 2, 5000, 10
0, 8500, 115, 159, 150, 159, 150, 0.44, 50, 100, 1, 5, 5000, 10
1, 6361, 109, 119, 123, 119, 123, 0.44, 50, 100, 1, 3, 5000, 10
1, 6033, 99, 109, 110, 109, 110, 0.44, 50, 100, 1, 2, 5000, 10
1, 5787, 105, 115, 116, 115, 116, 0.44, 50, 100, 1, 2, 5000, 10
0, 8500, 121, 157, 147, 157, 147, 0.44, 50, 100, 1, 5, 5000, 10
1, 5749, 101, 114, 115, 114, 115, 0.44, 50, 100, 1, 2, 5000, 10
0, 8500, 102, 157, 142, 157, 142, 0.44, 50, 100, 1, 4, 5000, 10
1, 6480, 103, 114, 115, 114, 115, 0.44, 50, 100, 1, 3, 5000, 10
0, 8500, 107, 163, 143, 163, 143, 0.44, 50, 100, 1, 5, 5000, 10
1, 6216, 99, 109, 110, 109, 110, 0.44, 50, 100, 1, 2, 5000, 10
1, 6330, 118, 128, 136, 128, 136, 0.44, 50, 100, 1, 3, 5000, 10
0, 8500, 107, 150, 149, 150, 149, 0.44, 50, 100, 1, 5, 5000, 10
1, 6088, 102, 117, 118, 117, 118, 0.44, 50, 100, 1, 2, 5000, 10
1, 5849, 115, 125, 126, 125, 126, 0.44, 50, 100, 1, 2, 5000, 10
0, 8500, 88, 130, 119, 130, 119, 0.44, 50, 100, 1, 4, 5000, 10
0, 8500, 93, 139, 135, 139, 135, 0.44, 50, 100, 1, 5, 5000, 10
1, 6482, 96, 111, 112, 111, 112, 0.44, 50, 100, 1, 3, 5000, 10
0, 8500, 101, 141, 134, 141, 134, 0.44, 50, 100, 1, 5, 5000, 10
0, 8500, 102, 144, 134, 144, 134, 0.44, 50, 100, 1, 5, 5000, 10
1, 6102, 104, 114, 115, 114, 115, 0.44, 50, 100, 1, 2, 5000, 10
1, 6433, 93, 103, 108, 103, 108, 0.44, 50, 100, 1, 3, 5000, 10
0, 8500, 116, 168, 163, 168, 163, 0.44, 50, 100, 1, 5, 5000, 10
1, 7579, 89, 119, 120, 119, 120, 0.44, 50, 100, 1, 4, 5000, 10
1, 6733, 102, 117, 118, 117, 118, 0.44, 50, 100, 1, 3, 5000, 10
1, 6661, 105, 118, 119, 118, 119, 0.44, 50, 100, 1, 3, 5000, 10
1, 6304, 111, 121, 125, 121, 125, 0.44, 50, 100, 1, 2, 5000, 10
0, 8500, 98, 150, 141, 150, 141, 0.44, 50, 100, 1, 5, 5000, 10
0, 8500, 96, 142, 132, 142, 132, 0.44, 50, 100, 1, 5, 5000, 10
0, 8500, 100, 142, 130, 142, 130, 0.44, 50, 100, 1, 5, 5000, 10
1, 6427, 116, 129, 130, 129, 130, 0.44, 50, 100, 1, 3, 5000, 10
0, 8500, 90, 140, 122, 140, 122, 0.44, 50, 100, 1, 4, 5000, 10
0, 8500, 95, 148, 127, 148, 127, 0.44, 50, 100, 1, 5, 5000, 10
1, 6199, 112, 123, 124, 123, 124, 0.44, 50, 100, 1, 3, 5000, 10
1, 6534, 89, 106, 107, 106, 107, 0.44, 50, 100, 1, 3, 5000, 10
0, 8500, 117, 162, 152, 162, 152, 0.44, 50, 100, 1, 5, 5000, 10
1, 8428, 90, 143, 144, 143, 144, 0.44, 50, 100, 1, 5, 5000, 10
0, 8500, 101, 149, 142, 149, 142, 0.44, 50, 100, 1, 5, 5000, 10
1, 6137, 100, 112, 113, 112, 113, 0.44, 50, 100, 1, 3, 5000, 10
1, 6090, 99, 109, 111, 109, 111, 0.44, 50, 100, 1, 2, 5000, 10
1, 5970, 99, 109, 112, 109, 112, 0.44, 50, 100, 1, 2, 5000, 10
1, 6184, 114, 124, 125, 124, 125, 0.44, 50, 100, 1, 3, 5000, 10
0, 8500, 93, 157, 132, 157, 132, 0.44, 50, 100, 1, 5, 5000, 10
0, 8500, 105, 158, 143, 158, 143, 0.44, 50, 100, 1, 6, 5000, 10
0, 8500, 103, 146, 134, 146, 134, 0.44, 50, 100, 1, 5, 5000, 10
1, 6029, 93, 103, 104, 103, 104, 0.44, 50, 100, 1, 2, 5000, 10
0, 8500, 101, 135, 130, 135, 130, 0.44, 50, 100, 1, 5, 5000, 10
1, 6462, 112, 124, 125, 124, 125, 0.44, 50, 100, 1, 3, 5000, 10
1, 6297, 92, 102, 105, 102, 105, 0.44, 50, 100, 1, 2, 5000, 10
1, 6127, 112, 122, 123, 122, 123, 0.44, 50, 100, 1, 2, 5000, 10
1, 6511, 83, 99, 100, 99, 100, 0.44, 50, 100, 1, 3, 5000, 10
1, 6996, 111, 137, 138, 137, 138, 0.44, 50, 100, 1, 3, 5000, 10
0, 8500, 109, 162, 150, 162, 150, 0.44, 50, 100, 1, 5, 5000, 10
0, 8500, 90, 127, 117, 127, 117, 0.44, 50, 100, 1, 5, 5000, 10
1, 7305, 85, 104, 105, 104, 105, 0.44, 50, 100, 1, 3, 5000, 10
1, 6391, 97, 107, 111, 107, 111, 0.44, 50, 100, 1, 3, 5000, 10
1, 6585, 97, 117, 118, 117, 118, 0.44, 50, 100, 1, 3, 5000, 10
1, 6675, 109, 119, 134, 119, 134, 0.44, 50, 100, 1, 3, 5000, 10
0, 8500, 101, 148, 140, 148, 140, 0.44, 50, 100, 1, 5, 5000, 10
1, 5732, 110, 120, 124, 120, 124, 0.44, 50, 100, 1, 2, 5000, 10
0, 8500, 94, 143, 127, 143, 127, 0.44, 50, 100, 1, 4, 5000, 10
1, 5646, 100, 110, 111, 110, 111, 0.44, 50, 100, 1, 2, 5000, 10
0, 8500, 99, 148, 133, 148, 133, 0.44, 50, 100, 1, 5, 5000, 10
1, 6197, 99, 113, 114, 113, 114, 0.44, 50, 100, 1, 2, 5000, 10
0, 8500, 106, 158, 141, 158, 141, 0.44, 50, 100, 1, 5, 5000, 10
1, 5864, 112, 122, 123, 122, 123, 0.44, 50, 100, 1, 2, 5000, 10
1, 6732, 102, 112, 114, 112, 114, 0.44, 50, 100, 1, 3, 5000, 10
1, 6307, 98, 108, 115, 108, 115, 0.44, 50, 100, 1, 2, 5000, 10
0, 8500, 117, 165, 155, 165, 155, 0.44, 50, 100, 1, 4, 5000, 10
0, 8500, 105, 157, 150, 157, 150, 0.44, 50, 100, 1, 5, 5000, 10
0, 8500, 102, 139, 127, 139, 127, 0.44, 50, 100, 1, 5, 5000, 10
0, 8500, 114, 156, 141, 156, 141, 0.44, 50, 100, 1, 5, 5000, 10
0, 8500, 108, 161, 140, 161, 140, 0.44, 50, 100, 1, 5, 5000, 10
0, 8500, 106, 154, 147, 154, 147, 0.44, 50, 100, 1, 5, 5000, 10
1, 7137, 96, 111, 112, 111, 112, 0.44, 50, 100, 1, 3, 5000, 10
1, 6195, 105, 115, 118, 115, 118, 0.44, 50, 100, 1, 3, 5000, 10
0, 8500, 83, 125, 112, 125, 112, 0.44, 50, 100, 1, 5, 5000, 10
1, 7843, 116, 147, 148, 147, 148, 0.44, 50, 100, 1, 4, 5000, 10
0, 8500, 107, 138, 127, 138, 127, 0.44, 50, 100, 1, 4, 5000, 10
1, 6577, 94, 106, 107, 106, 107, 0.44, 50, 100, 1, 3, 5000, 10
1, 6430, 103, 114, 115, 114, 115, 0.44, 50, 100, 1, 3, 5000, 10
0, 8500, 100, 152, 141, 152, 141, 0.44, 50, 100, 1, 5, 5000, 10
0, 10250, 98, 177, 154, 177, 154, 0.44, 50, 100, 1, 6, 5000, 15
1, 10050, 109, 164, 165, 164, 165, 0.44, 50, 100, 1, 6, 5000, 15
0, 10250, 105, 172, 168, 172, 168, 0.44, 50, 100, 1, 6, 5000, 15
1, 7046, 104, 124, 125, 124, 125, 0.44, 50, 100, 1, 3, 5000, 15
1, 6175, 100, 115, 116, 115, 116, 0.44, 50, 100, 1, 2, 5000, 15
0, 10250, 88, 173, 143, 173, 143, 0.44, 50, 100, 1, 6, 5000, 15
0, 10250, 102, 175, 160, 175, 160, 0.44, 50, 100, 1, 7, 5000, 15
1, 6442, 108, 123, 125, 123, 125, 0.44, 50, 100, 1, 3, 5000, 15
0, 10250, 89, 163, 155, 163, 155, 0.44, 50, 100, 1, 6, 5000, 15
1, 6782, 114, 129, 135, 129, 135, 0.44, 50, 100, 1, 3, 5000, 15
1, 5940, 103, 118, 119, 118, 119, 0.44, 50, 100, 1, 2, 5000, 15
1, 6648, 104, 119, 120, 119, 120, 0.44, 50, 100, 1, 3, 5000, 15
0, 10250, 90, 169, 163, 169, 163, 0.44, 50, 100, 1, 7, 5000, 15
0, 10250, 85, 169, 149, 169, 149, 0.44, 50, 100, 1, 6, 5000, 15
0, 10250, 98, 181, 158, 181, 158, 0.44, 50, 100, 1, 6, 5000, 15
1, 7106, 104, 119, 121, 119, 121, 0.44, 50, 100, 1, 3, 5000, 15
0, 10250, 95, 182, 167, 182, 167, 0.44, 50, 100, 1, 6, 5000, 15
0, 10250, 89, 150, 139, 150, 139, 0.44, 50, 100, 1, 6, 5000, 15
0, 10250, 96, 172, 168, 172, 168, 0.44, 50, 100, 1, 6, 5000, 15
0, 10250, 122, 183, 168, 183, 168, 0.44, 50, 100, 1, 6, 5000, 15
0, 10250, 100, 177, 169, 177, 169, 0.44, 50, 100, 1, 6, 5000, 15
0, 10250, 106, 178, 150, 178, 150, 0.44, 50, 100, 1, 6, 5000, 15
0, 10250, 116, 192, 170, 192, 170, 0.44, 50, 100, 1, 6, 5000, 15
0, 10250, 101, 181, 163, 181, 163, 0.44, 50, 100, 1, 6, 5000, 15
0, 10250, 95, 170, 138, 170, 138, 0.44, 50, 100, 1, 6, 5000, 15
0, 10250, 102, 163, 151, 163, 151, 0.44, 50, 100, 1, 6, 5000, 15
0, 10250, 110, 171, 159, 171, 159, 0.44, 50, 100, 1, 6, 5000, 15
1, 6953, 113, 130, 131, 130, 131, 0.44, 50, 100, 1, 3, 5000, 15
1, 6151, 94, 109, 110, 109, 110, 0.44, 50, 100, 1, 2, 5000, 15
0, 10250, 104, 190, 160, 190, 160, 0.44, 50, 100, 1, 6, 5000, 15
1, 6836, 100, 118, 119, 118, 119, 0.44, 50, 100, 1, 3, 5000, 15
0, 10250, 97, 179, 158, 179, 158, 0.44, 50, 100, 1, 6, 5000, 15
1, 8595, 93, 134, 135, 134, 135, 0.44, 50, 100, 1, 5, 5000, 15
1, 6930, 98, 119, 120, 119, 120, 0.44, 50, 100, 1, 3, 5000, 15
1, 6211, 89, 104, 106, 104, 106, 0.44, 50, 100, 1, 2, 5000, 15
1, 6653, 86, 101, 102, 101, 102, 0.44, 50, 100, 1, 3, 5000, 15
0, 10250, 120, 182, 158, 182, 158, 0.44, 50, 100, 1, 6, 5000, 15
0, 10250, 96, 182, 167, 182, 167, 0.44, 50, 100, 1, 6, 5000, 15
0, 10250, 93, 177, 165, 177, 165, 0.44, 50, 100, 1, 6, 5000, 15
0, 10250, 98, 187, 152, 187, 152, 0.44, 50, 100, 1, 6, 5000, 15
0, 10250, 96, 185, 152, 185, 152, 0.44, 50, 100, 1, 6, 5000, 15
0, 10250, 82, 140, 130, 140, 130, 0.44, 50, 100, 1, 6, 5000, 15
1, 6345, 96, 111, 112, 111, 112, 0.44, 50, 100, 1, 3, 5000, 15
0, 10250, 99, 163, 144, 163, 144, 0.44, 50, 100, 1, 6, 5000, 15
1, 6752, 100, 115, 118, 115, 118, 0.44, 50, 100, 1, 3, 5000, 15
1, 7196, 112, 127, 130, 127, 130, 0.44, 50, 100, 1, 3, 5000, 15
1, 6965, 89, 105, 106, 105, 106, 0.44, 50, 100, 1, 3, 5000, 15
1, 6645, 93, 109, 110, 109, 110, 0.44, 50, 100, 1, 3, 5000, 15
0, 10250, 105, 185, 165, 185, 165, 0.44, 50, 100, 1, 6, 5000, 15
0, 10250, 112, 186, 170, 186, 170, 0.44, 50, 100, 1, 6, 5000, 15
0, 10250, 120, 186, 178, 186, 178, 0.44, 50, 100, 1, 6, 5000, 15
0, 10250, 115, 188, 164, 188, 164, 0.44, 50, 100, 1, 6, 5000, 15
1, 8554, 86, 125, 126, 125, 126, 0.44, 50, 100, 1, 4, 5000, 15
1, 6775, 108, 123, 126, 123, 126, 0.44, 50, 100, 1, 3, 5000, 15
0, 10250, 102, 175, 168, 175, 168, 0.44, 50, 100, 1, 6, 5000, 15
1, 6687, 87, 105, 106, 105, 106, 0.44, 50, 100, 1, 3, 5000, 15
0, 10250, 87, 140, 136, 140, 136, 0.44, 50, 100, 1, 8, 5000, 15
1, 6259, 113, 128, 129, 128, 129, 0.44, 50, 100, 1, 4, 5000, 15
0, 10250, 106, 161, 151, 161, 151, 0.44, 50, 100, 1, 9, 5000, 15
1, 6518, 98, 113, 114, 113, 114, 0.44, 50, 100, 1, 3, 5000, 15
0, 10250, 98, 169, 152, 169, 152, 0.44, 50, 100, 1, 7, 5000, 15
0, 10250, 115, 192, 172, 192, 172, 0.44, 50, 100, 1, 7, 5000, 15
0, 10250, 99, 180, 166, 180, 166, 0.44, 50, 100, 1, 8, 5000, 15
0, 10250, 101, 190, 171, 190, 171, 0.44, 50, 100, 1, 8, 5000, 15
0, 10250, 109, 187, 167, 187, 167, 0.44, 50, 100, 1, 8, 5000, 15
0, 10250, 88, 153, 148, 153, 148, 0.44, 50, 100, 1, 6, 5000, 15
0, 10250, 90, 165, 155, 165, 155, 0.44, 50, 100, 1, 6, 5000, 15
1, 6480, 103, 118, 120, 118, 120, 0.44, 50, 100, 1, 3, 5000, 15
1, 7239, 107, 131, 132, 131, 132, 0.44, 50, 100, 1, 4, 5000, 15
0, 10250, 97, 171, 158, 171, 158, 0.44, 50, 100, 1, 8, 5000, 15
0, 10250, 116, 194, 182, 194, 182, 0.44, 50, 100, 1, 6, 5000, 15
0, 10250, 96, 190, 154, 190, 154, 0.44, 50, 100, 1, 7, 5000, 15
1, 6792, 88, 103, 107, 103, 107, 0.44, 50, 100, 1, 3, 5000, 15
1, 6807, 100, 115, 116, 115, 116, 0.44, 50, 100, 1, 3, 5000, 15
1, 6218, 94, 111, 112, 111, 112, 0.44, 50, 100, 1, 2, 5000, 15
1, 6367, 96, 115, 116, 115, 116, 0.44, 50, 100, 1, 3, 5000, 15
0, 10250, 96, 176, 159, 176, 159, 0.44, 50, 100, 1, 7, 5000, 15
0, 10250, 93, 159, 136, 159, 136, 0.44, 50, 100, 1, 6, 5000, 15
0, 10250, 106, 185, 161, 185, 161, 0.44, 50, 100, 1, 6, 5000, 15
0, 10250, 113, 195, 169, 195, 169, 0.44, 50, 100, 1, 6, 5000, 15
0, 10250, 99, 168, 164, 168, 164, 0.44, 50, 100, 1, 6, 5000, 15
1, 6436, 112, 127, 128, 127, 128, 0.44, 50, 100, 1, 3, 5000, 15
0, 10250, 108, 188, 171, 188, 171, 0.44, 50, 100, 1, 6, 5000, 15
0, 10250, 102, 179, 166, 179, 166, 0.44, 50, 100, 1, 7, 5000, 15
0, 10250, 112, 170, 159, 170, 159, 0.44, 50, 100, 1, 6, 5000, 15
0, 10250, 99, 178, 154, 178, 154, 0.44, 50, 100, 1, 9, 5000, 15
0, 10250, 86, 160, 153, 160, 153, 0.44, 50, 100, 1, 7, 5000, 15
1, 8623, 106, 145, 146, 145, 146, 0.44, 50, 100, 1, 5, 5000, 15
1, 8602, 100, 141, 142, 141, 142, 0.44, 50, 100, 1, 5, 5000, 15
1, 6913, 102, 117, 126, 117, 126, 0.44, 50, 100, 1, 3, 5000, 15
0, 10250, 105, 172, 165, 172, 165, 0.44, 50, 100, 1, 7, 5000, 15
1, 6654, 100, 115, 120, 115, 120, 0.44, 50, 100, 1, 3, 5000, 15
0, 10250, 102, 188, 171, 188, 171, 0.44, 50, 100, 1, 6, 5000, 15
1, 9046, 111, 147, 148, 147, 148, 0.44, 50, 100, 1, 5, 5000, 15
1, 6869, 99, 121, 122, 121, 122, 0.44, 50, 100, 1, 3, 5000, 15
1, 6705, 87, 102, 107, 102, 107, 0.44, 50, 100, 1, 3, 5000, 15
0, 10250, 104, 169, 150, 169, 150, 0.44, 50, 100, 1, 6, 5000, 15
1, 7514, 103, 134, 135, 134, 135, 0.44, 50, 100, 1, 4, 5000, 15
1, 7520, 104, 133, 134, 133, 134, 0.44, 50, 100, 1, 4, 5000, 15
0, 10250, 102, 186, 183, 186, 183, 0.44, 50, 100, 1, 7, 5000, 15
1, 6764, 108, 128, 129, 128, 129, 0.44, 50, 100, 1, 4, 5000, 20
0, 12000, 108, 216, 179, 216, 179, 0.44, 50, 100, 1, 9, 5000, 20
0, 12000, 103, 210, 179, 210, 179, 0.44, 50, 100, 1, 8, 5000, 20
0, 12000, 114, 221, 195, 221, 195, 0.44, 50, 100, 1, 8, 5000, 20
0, 12000, 109, 222, 208, 222, 208, 0.44, 50, 100, 1, 8, 5000, 20
0, 12000, 89, 223, 206, 223, 206, 0.44, 50, 100, 1, 9, 5000, 20
1, 7372, 102, 122, 125, 122, 125, 0.44, 50, 100, 1, 4, 5000, 20
0, 12000, 104, 208, 197, 208, 197, 0.44, 50, 100, 1, 8, 5000, 20
1, 10037, 104, 171, 172, 171, 172, 0.44, 50, 100, 1, 6, 5000, 20
1, 7013, 112, 133, 134, 133, 134, 0.44, 50, 100, 1, 4, 5000, 20
1, 8765, 110, 158, 159, 158, 159, 0.44, 50, 100, 1, 5, 5000, 20
1, 6606, 109, 129, 133, 129, 133, 0.44, 50, 100, 1, 3, 5000, 20
0, 12000, 108, 212, 193, 212, 193, 0.44, 50, 100, 1, 8, 5000, 20
1, 7310, 89, 110, 111, 110, 111, 0.44, 50, 100, 1, 4, 5000, 20
0, 12000, 87, 196, 171, 196, 171, 0.44, 50, 100, 1, 8, 5000, 20
1, 7751, 112, 140, 141, 140, 141, 0.44, 50, 100, 1, 4, 5000, 20
0, 12000, 117, 217, 191, 217, 191, 0.44, 50, 100, 1, 9, 5000, 20
0, 12000, 99, 198, 170, 198, 170, 0.44, 50, 100, 1, 8, 5000, 20
0, 12000, 116, 211, 198, 211, 198, 0.44, 50, 100, 1, 9, 5000, 20
1, 7506, 108, 128, 129, 128, 129, 0.44, 50, 100, 1, 4, 5000, 20
0, 12000, 91, 216, 180, 216, 180, 0.44, 50, 100, 1, 11, 5000, 20
0, 12000, 116, 217, 188, 217, 188, 0.44, 50, 100, 1, 8, 5000, 20
0, 12000, 84, 193, 154, 193, 154, 0.44, 50, 100, 1, 10, 5000, 20
0, 12000, 92, 194, 175, 194, 175, 0.44, 50, 100, 1, 9, 5000, 20
0, 12000, 88, 207, 182, 207, 182, 0.44, 50, 100, 1, 11, 5000, 20
1, 6671, 97, 119, 120, 119, 120, 0.44, 50, 100, 1, 3, 5000, 20
0, 12000, 106, 214, 196, 214, 196, 0.44, 50, 100, 1, 9, 5000, 20
1, 7069, 106, 127, 128, 127, 128, 0.44, 50, 100, 1, 4, 5000, 20
1, 10783, 105, 172, 173, 172, 173, 0.44, 50, 100, 1, 7, 5000, 20
1, 7769, 109, 129, 133, 129, 133, 0.44, 50, 100, 1, 4, 5000, 20
1, 6973, 98, 118, 122, 118, 122, 0.44, 50, 100, 1, 3, 5000, 20
0, 12000, 98, 205, 199, 205, 199, 0.44, 50, 100, 1, 8, 5000, 20
0, 12000, 90, 202, 185, 202, 185, 0.44, 50, 100, 1, 9, 5000, 20
0, 12000, 107, 192, 167, 192, 167, 0.44, 50, 100, 1, 8, 5000, 20
0, 12000, 99, 209, 178, 209, 178, 0.44, 50, 100, 1, 9, 5000, 20
0, 12000, 110, 213, 190, 213, 190, 0.44, 50, 100, 1, 8, 5000, 20
0, 12000, 103, 212, 207, 212, 207, 0.44, 50, 100, 1, 8, 5000, 20
0, 12000, 107, 213, 201, 213, 201, 0.44, 50, 100, 1, 8, 5000, 20
0, 12000, 90, 209, 177, 209, 177, 0.44, 50, 100, 1, 8, 5000, 20
1, 10800, 97, 164, 165, 164, 165, 0.44, 50, 100, 1, 7, 5000, 20
1, 7740, 95, 126, 127, 126, 127, 0.44, 50, 100, 1, 4, 5000, 20
0, 12000, 106, 224, 197, 224, 197, 0.44, 50, 100, 1, 8, 5000, 20
1, 6921, 105, 125, 132, 125, 132, 0.44, 50, 100, 1, 3, 5000, 20
1, 6645, 104, 124, 126, 124, 126, 0.44, 50, 100, 1, 3, 5000, 20
0, 12000, 110, 210, 196, 210, 196, 0.44, 50, 100, 1, 8, 5000, 20
0, 12000, 114, 218, 197, 218, 197, 0.44, 50, 100, 1, 8, 5000, 20
0, 12000, 99, 192, 184, 192, 184, 0.44, 50, 100, 1, 8, 5000, 20
0, 12000, 108, 213, 199, 213, 199, 0.44, 50, 100, 1, 8, 5000, 20
0, 12000, 91, 210, 182, 210, 182, 0.44, 50, 100, 1, 8, 5000, 20
1, 6735, 91, 116, 117, 116, 117, 0.44, 50, 100, 1, 3, 5000, 20
0, 12000, 103, 207, 193, 207, 193, 0.44, 50, 100, 1, 9, 5000, 20
0, 12000, 108, 212, 203, 212, 203, 0.44, 50, 100, 1, 8, 5000, 20
0, 12000, 96, 199, 180, 199, 180, 0.44, 50, 100, 1, 9, 5000, 20
1, 7080, 98, 120, 121, 120, 121, 0.44, 50, 100, 1, 3, 5000, 20
0, 12000, 94, 196, 171, 196, 171, 0.44, 50, 100, 1, 8, 5000, 20
0, 12000, 108, 211, 185, 211, 185, 0.44, 50, 100, 1, 8, 5000, 20
1, 9359, 89, 128, 129, 128, 129, 0.44, 50, 100, 1, 5, 5000, 20
0, 12000, 107, 206, 191, 206, 191, 0.44, 50, 100, 1, 8, 5000, 20
1, 6824, 110, 130, 134, 130, 134, 0.44, 50, 100, 1, 3, 5000, 20
0, 12000, 103, 206, 198, 206, 198, 0.44, 50, 100, 1, 8, 5000, 20
1, 6836, 113, 133, 136, 133, 136, 0.44, 50, 100, 1, 3, 5000, 20
0, 12000, 108, 216, 200, 216, 200, 0.44, 50, 100, 1, 8, 5000, 20
0, 12000, 99, 208, 179, 208, 179, 0.44, 50, 100, 1, 8, 5000, 20
1, 7168, 103, 123, 125, 123, 125, 0.44, 50, 100, 1, 3, 5000, 20
0, 12000, 111, 223, 210, 223, 210, 0.44, 50, 100, 1, 8, 5000, 20
0, 12000, 95, 202, 178, 202, 178, 0.44, 50, 100, 1, 8, 5000, 20
1, 6391, 111, 131, 133, 131, 133, 0.44, 50, 100, 1, 3, 5000, 20
0, 12000, 105, 204, 187, 204, 187, 0.44, 50, 100, 1, 8, 5000, 20
1, 6862, 106, 126, 127, 126, 127, 0.44, 50, 100, 1, 3, 5000, 20
0, 12000, 113, 232, 199, 232, 199, 0.44, 50, 100, 1, 8, 5000, 20
0, 12000, 120, 226, 206, 226, 206, 0.44, 50, 100, 1, 8, 5000, 20
1, 10856, 90, 173, 174, 173, 174, 0.44, 50, 100, 1, 7, 5000, 20
0, 12000, 99, 227, 197, 227, 197, 0.44, 50, 100, 1, 9, 5000, 20
1, 10786, 90, 173, 174, 173, 174, 0.44, 50, 100, 1, 8, 5000, 20
1, 6964, 105, 125, 134, 125, 134, 0.44, 50, 100, 1, 3, 5000, 20
1, 7488, 108, 132, 133, 132, 133, 0.44, 50, 100, 1, 4, 5000, 20
0, 12000, 87, 195, 184, 195, 184, 0.44, 50, 100, 1, 8, 5000, 20
0, 12000, 111, 245, 209, 245, 209, 0.44, 50, 100, 1, 9, 5000, 20
1, 7046, 101, 121, 130, 121, 130, 0.44, 50, 100, 1, 3, 5000, 20
0, 12000, 97, 193, 172, 193, 172, 0.44, 50, 100, 1, 9, 5000, 20
0, 12000, 98, 205, 189, 205, 189, 0.44, 50, 100, 1, 8, 5000, 20
0, 12000, 99, 225, 204, 225, 204, 0.44, 50, 100, 1, 8, 5000, 20
1, 11197, 106, 188, 189, 188, 189, 0.44, 50, 100, 1, 7, 5000, 20
0, 12000, 89, 197, 172, 197, 172, 0.44, 50, 100, 1, 8, 5000, 20
0, 12000, 88, 198, 182, 198, 182, 0.44, 50, 100, 1, 9, 5000, 20
0, 12000, 103, 218, 191, 218, 191, 0.44, 50, 100, 1, 8, 5000, 20
0, 12000, 88, 197, 188, 197, 188, 0.44, 50, 100, 1, 8, 5000, 20
1, 8122, 94, 133, 134, 133, 134, 0.44, 50, 100, 1, 4, 5000, 20
0, 12000, 93, 211, 194, 211, 194, 0.44, 50, 100, 1, 9, 5000, 20
0, 12000, 104, 221, 210, 221, 210, 0.44, 50, 100, 1, 10, 5000, 20
1, 11521, 110, 200, 201, 200, 201, 0.44, 50, 100, 1, 8, 5000, 20
1, 6901, 94, 114, 115, 114, 115, 0.44, 50, 100, 1, 4, 5000, 20
1, 7095, 107, 127, 130, 127, 130, 0.44, 50, 100, 1, 4, 5000, 20
0, 12000, 90, 196, 188, 196, 188, 0.44, 50, 100, 1, 9, 5000, 20
0, 12000, 98, 216, 198, 216, 198, 0.44, 50, 100, 1, 9, 5000, 20
1, 7925, 103, 123, 133, 123, 133, 0.44, 50, 100, 1, 4, 5000, 20
1, 6645, 112, 132, 133, 132, 133, 0.44, 50, 100, 1, 3, 5000, 20
0, 12000, 104, 220, 195, 220, 195, 0.44, 50, 100, 1, 8, 5000, 20
1, 6654, 96, 116, 121, 116, 121, 0.44, 50, 100, 1, 3, 5000, 20
0, 12000, 105, 222, 218, 222, 218, 0.44, 50, 100, 1, 8, 5000, 20
1, 7341, 104, 129, 130, 129, 130, 0.44, 50, 100, 1, 4, 5000, 25
1, 7800, 112, 142, 143, 142, 143, 0.44, 50, 100, 1, 4, 5000, 25
0, 13750, 105, 246, 224, 246, 224, 0.44, 50, 100, 1, 10, 5000, 25
1, 12858, 105, 199, 200, 199, 200, 0.44, 50, 100, 1, 10, 5000, 25
1, 9757, 95, 146, 147, 146, 147, 0.44, 50, 100, 1, 7, 5000, 25
1, 8972, 94, 134, 135, 134, 135, 0.44, 50, 100, 1, 5, 5000, 25
1, 7429, 101, 126, 132, 126, 132, 0.44, 50, 100, 1, 4, 5000, 25
1, 7557, 116, 147, 148, 147, 148, 0.44, 50, 100, 1, 4, 5000, 25
0, 13750, 102, 243, 228, 243, 228, 0.44, 50, 100, 1, 10, 5000, 25
1, 7909, 100, 125, 127, 125, 127, 0.44, 50, 100, 1, 4, 5000, 25
0, 13750, 109, 255, 225, 255, 225, 0.44, 50, 100, 1, 10, 5000, 25
1, 7068, 99, 124, 128, 124, 128, 0.44, 50, 100, 1, 3, 5000, 25
1, 8639, 96, 130, 131, 130, 131, 0.44, 50, 100, 1, 5, 5000, 25
0, 13750, 104, 243, 218, 243, 218, 0.44, 50, 100, 1, 10, 5000, 25
0, 13750, 96, 241, 214, 241, 214, 0.44, 50, 100, 1, 10, 5000, 25
1, 6978, 98, 123, 124, 123, 124, 0.44, 50, 100, 1, 4, 5000, 25
0, 13750, 105, 247, 231, 247, 231, 0.44, 50, 100, 1, 10, 5000, 25
0, 13750, 108, 259, 236, 259, 236, 0.44, 50, 100, 1, 11, 5000, 25
1, 7514, 105, 130, 136, 130, 136, 0.44, 50, 100, 1, 4, 5000, 25
0, 13750, 102, 239, 227, 239, 227, 0.44, 50, 100, 1, 10, 5000, 25
0, 13750, 110, 255, 202, 255, 202, 0.44, 50, 100, 1, 9, 5000, 25
0, 13750, 111, 249, 239, 249, 239, 0.44, 50, 100, 1, 10, 5000, 25
1, 11344, 91, 176, 177, 176, 177, 0.44, 50, 100, 1, 7, 5000, 25
1, 7033, 88, 113, 116, 113, 116, 0.44, 50, 100, 1, 3, 5000, 25
0, 13750, 97, 246, 227, 246, 227, 0.44, 50, 100, 1, 10, 5000, 25
0, 13750, 87, 235, 198, 235, 198, 0.44, 50, 100, 1, 10, 5000, 25
1, 11522, 101, 204, 205, 204, 205, 0.44, 50, 100, 1, 8, 5000, 25
0, 13750, 101, 251, 227, 251, 227, 0.44, 50, 100, 1, 10, 5000, 25
0, 13750, 96, 219, 205, 219, 205, 0.44, 50, 100, 1, 10, 5000, 25
1, 8876, 104, 141, 142, 141, 142, 0.44, 50, 100, 1, 5, 5000, 25
0, 13750, 108, 253, 222, 253, 222, 0.44, 50, 100, 1, 10, 5000, 25
1, 7245, 98, 123, 126, 123, 126, 0.44, 50, 100, 1, 4, 5000, 25
1, 11592, 109, 207, 208, 207, 208, 0.44, 50, 100, 1, 8, 5000, 25
0, 13750, 86, 228, 207, 228, 207, 0.44, 50, 100, 1, 10, 5000, 25
0, 13750, 99, 241, 225, 241, 225, 0.44, 50, 100, 1, 11, 5000, 25
0, 13750, 112, 258, 253, 258, 253, 0.44, 50, 100, 1, 11, 5000, 25
1, 6930, 112, 137, 138, 137, 138, 0.44, 50, 100, 1, 3, 5000, 25
0, 13750, 98, 223, 204, 223, 204, 0.44, 50, 100, 1, 9, 5000, 25
1, 7817, 114, 139, 140, 139, 140, 0.44, 50, 100, 1, 4, 5000, 25
1, 7760, 111, 138, 139, 138, 139, 0.44, 50, 100, 1, 4, 5000, 25
0, 13750, 105, 242, 222, 242, 222, 0.44, 50, 100, 1, 10, 5000, 25
1, 10095, 93, 155, 156, 155, 156, 0.44, 50, 100, 1, 6, 5000, 25
0, 13750, 103, 246, 211, 246, 211, 0.44, 50, 100, 1, 10, 5000, 25
0, 13750, 100, 234, 199, 234, 199, 0.44, 50, 100, 1, 10, 5000, 25
1, 8129, 101, 126, 137, 126, 137, 0.44, 50, 100, 1, 4, 5000, 25
0, 13750, 88, 216, 205, 216, 205, 0.44, 50, 100, 1, 10, 5000, 25
1, 7606, 110, 135, 136, 135, 136, 0.44, 50, 100, 1, 4, 5000, 25
1, 7454, 104, 131, 132, 131, 132, 0.44, 50, 100, 1, 4, 5000, 25
0, 13750, 111, 263, 226, 263, 226, 0.44, 50, 100, 1, 10, 5000, 25
1, 7374, 93, 126, 127, 126, 127, 0.44, 50, 100, 1, 4, 5000, 25
0, 13750, 106, 247, 238, 247, 238, 0.44, 50, 100, 1, 10, 5000, 25
1, 7148, 114, 142, 143, 142, 143, 0.44, 50, 100, 1, 3, 5000, 25
1, 7006, 100, 125, 126, 125, 126, 0.44, 50, 100, 1, 3, 5000, 25
0, 13750, 118, 248, 243, 248, 243, 0.44, 50, 100, 1, 10, 5000, 25
1, 7639, 106, 131, 132, 131, 132, 0.44, 50, 100, 1, 4, 5000, 25
0, 13750, 97, 233, 215, 233, 215, 0.44, 50, 100, 1, 11, 5000, 25
1, 6658, 93, 118, 119, 118, 119, 0.44, 50, 100, 1, 3, 5000, 25
0, 13750, 118, 258, 235, 258, 235, 0.44, 50, 100, 1, 11, 5000, 25
1, 8116, 107, 137, 138, 137, 138, 0.44, 50, 100, 1, 4, 5000, 25
0, 13750, 91, 225, 201, 225, 201, 0.44, 50, 100, 1, 9, 5000, 25
0, 13750, 106, 240, 224, 240, 224, 0.44, 50, 100, 1, 10, 5000, 25
0, 13750, 84, 231, 212, 231, 212, 0.44, 50, 100, 1, 10, 5000, 25
1, 9413, 119, 160, 161, 160, 161, 0.44, 50, 100, 1, 5, 5000, 25
1, 11563, 105, 186, 187, 186, 187, 0.44, 50, 100, 1, 9, 5000, 25
0, 13750, 108, 249, 232, 249, 232, 0.44, 50, 100, 1, 10, 5000, 25
0, 13750, 114, 248, 228, 248, 228, 0.44, 50, 100, 1, 10, 5000, 25
1, 7202, 103, 128, 132, 128, 132, 0.44, 50, 100, 1, 4, 5000, 25
0, 13750, 103, 240, 235, 240, 235, 0.44, 50, 100, 1, 10, 5000, 25
1, 9364, 112, 153, 154, 153, 154, 0.44, 50, 100, 1, 6, 5000, 25
1, 7489, 98, 133, 134, 133, 134, 0.44, 50, 100, 1, 4, 5000, 25
0, 13750, 102, 251, 218, 251, 218, 0.44, 50, 100, 1, 10, 5000, 25
0, 13750, 107, 227, 213, 227, 213, 0.44, 50, 100, 1, 10, 5000, 25
1, 7158, 98, 123, 124, 123, 124, 0.44, 50, 100, 1, 4, 5000, 25
0, 13750, 101, 228, 198, 228, 198, 0.44, 50, 100, 1, 9, 5000, 25
1, 8483, 95, 130, 131, 130, 131, 0.44, 50, 100, 1, 5, 5000, 25
0, 13750, 99, 237, 217, 237, 217, 0.44, 50, 100, 1, 9, 5000, 25
1, 7385, 106, 134, 135, 134, 135, 0.44, 50, 100, 1, 3, 5000, 25
0, 13750, 113, 252, 232, 252, 232, 0.44, 50, 100, 1, 9, 5000, 25
1, 7485, 107, 132, 138, 132, 138, 0.44, 50, 100, 1, 4, 5000, 25
0, 13750, 104, 258, 232, 258, 232, 0.44, 50, 100, 1, 12, 5000, 25
1, 7072, 97, 128, 129, 128, 129, 0.44, 50, 100, 1, 3, 5000, 25
0, 13750, 102, 256, 233, 256, 233, 0.44, 50, 100, 1, 12, 5000, 25
0, 13750, 85, 225, 208, 225, 208, 0.44, 50, 100, 1, 10, 5000, 25
1, 7986, 103, 128, 132, 128, 132, 0.44, 50, 100, 1, 4, 5000, 25
0, 13750, 91, 236, 220, 236, 220, 0.44, 50, 100, 1, 10, 5000, 25
0, 13750, 107, 246, 223, 246, 223, 0.44, 50, 100, 1, 10, 5000, 25
0, 13750, 100, 230, 206, 230, 206, 0.44, 50, 100, 1, 10, 5000, 25
0, 13750, 98, 226, 215, 226, 215, 0.44, 50, 100, 1, 9, 5000, 25
1, 13427, 105, 221, 222, 221, 222, 0.44, 50, 100, 1, 9, 5000, 25
1, 8604, 108, 156, 157, 156, 157, 0.44, 50, 100, 1, 5, 5000, 25
0, 13750, 74, 227, 212, 227, 212, 0.44, 50, 100, 1, 9, 5000, 25
1, 10673, 119, 177, 178, 177, 178, 0.44, 50, 100, 1, 9, 5000, 25
0, 13750, 93, 246, 228, 246, 228, 0.44, 50, 100, 1, 11, 5000, 25
0, 13750, 109, 257, 247, 257, 247, 0.44, 50, 100, 1, 10, 5000, 25
0, 13750, 97, 237, 223, 237, 223, 0.44, 50, 100, 1, 11, 5000, 25
0, 13750, 107, 247, 234, 247, 234, 0.44, 50, 100, 1, 11, 5000, 25
0, 13750, 100, 244, 234, 244, 234, 0.44, 50, 100, 1, 10, 5000, 25
0, 13750, 106, 255, 240, 255, 240, 0.44, 50, 100, 1, 10, 5000, 25
1, 8013, 109, 134, 137, 134, 137, 0.44, 50, 100, 1, 4, 5000, 25
0, 13750, 95, 232, 216, 232, 216, 0.44, 50, 100, 1, 10, 5000, 25
1, 7882, 101, 131, 132, 131, 132, 0.44, 50, 100, 1, 4, 5000, 30
1, 9853, 91, 147, 148, 147, 148, 0.44, 50, 100, 1, 6, 5000, 30
1, 7554, 101, 131, 134, 131, 134, 0.44, 50, 100, 1, 4, 5000, 30
1, 8028, 96, 126, 134, 126, 134, 0.44, 50, 100, 1, 5, 5000, 30
0, 15500, 80, 264, 240, 264, 240, 0.44, 50, 100, 1, 12, 5000, 30
0, 15500, 100, 269, 254, 269, 254, 0.44, 50, 100, 1, 13, 5000, 30
1, 9871, 90, 147, 148, 147, 148, 0.44, 50, 100, 1, 6, 5000, 30
0, 15500, 91, 281, 268, 281, 268, 0.44, 50, 100, 1, 12, 5000, 30
0, 15500, 96, 264, 241, 264, 241, 0.44, 50, 100, 1, 12, 5000, 30
1, 10313, 96, 164, 165, 164, 165, 0.44, 50, 100, 1, 7, 5000, 30
0, 15500, 104, 279, 263, 279, 263, 0.44, 50, 100, 1, 12, 5000, 30
1, 9664, 113, 171, 172, 171, 172, 0.44, 50, 100, 1, 7, 5000, 30
0, 15500, 96, 275, 260, 275, 260, 0.44, 50, 100, 1, 12, 5000, 30
0, 15500, 109, 284, 245, 284, 245, 0.44, 50, 100, 1, 12, 5000, 30
1, 11199, 94, 189, 190, 189, 190, 0.44, 50, 100, 1, 7, 5000, 30
0, 15500, 102, 284, 264, 284, 264, 0.44, 50, 100, 1, 12, 5000, 30
0, 15500, 106, 288, 275, 288, 275, 0.44, 50, 100, 1, 12, 5000, 30
0, 15500, 101, 282, 268, 282, 268, 0.44, 50, 100, 1, 16, 5000, 30
0, 15500, 84, 260, 245, 260, 245, 0.44, 50, 100, 1, 16, 5000, 30
0, 15500, 100, 270, 237, 270, 237, 0.44, 50, 100, 1, 14, 5000, 30
1, 7771, 100, 130, 132, 130, 132, 0.44, 50, 100, 1, 4, 5000, 30
0, 15500, 110, 277, 256, 277, 256, 0.44, 50, 100, 1, 14, 5000, 30
0, 15500, 112, 284, 264, 284, 264, 0.44, 50, 100, 1, 12, 5000, 30
1, 11083, 103, 178, 179, 178, 179, 0.44, 50, 100, 1, 8, 5000, 30
1, 12618, 109, 224, 225, 224, 225, 0.44, 50, 100, 1, 9, 5000, 30
0, 15500, 108, 276, 253, 276, 253, 0.44, 50, 100, 1, 12, 5000, 30
1, 7519, 117, 147, 152, 147, 152, 0.44, 50, 100, 1, 4, 5000, 30
0, 15500, 100, 276, 262, 276, 262, 0.44, 50, 100, 1, 12, 5000, 30
1, 8443, 102, 145, 146, 145, 146, 0.44, 50, 100, 1, 5, 5000, 30
1, 8784, 99, 136, 137, 136, 137, 0.44, 50, 100, 1, 7, 5000, 30
1, 7961, 102, 132, 134, 132, 134, 0.44, 50, 100, 1, 4, 5000, 30
0, 15500, 108, 276, 259, 276, 259, 0.44, 50, 100, 1, 14, 5000, 30
0, 15500, 99, 270, 268, 270, 268, 0.44, 50, 100, 1, 13, 5000, 30
0, 15500, 107, 283, 265, 283, 265, 0.44, 50, 100, 1, 13, 5000, 30
0, 15500, 109, 298, 265, 298, 265, 0.44, 50, 100, 1, 15, 5000, 30
1, 13920, 102, 227, 228, 227, 228, 0.44, 50, 100, 1, 13, 5000, 30
0, 15500, 93, 268, 250, 268, 250, 0.44, 50, 100, 1, 13, 5000, 30
1, 8296, 82, 112, 113, 112, 113, 0.44, 50, 100, 1, 5, 5000, 30
1, 14929, 99, 253, 254, 253, 254, 0.44, 50, 100, 1, 12, 5000, 30
0, 15500, 99, 278, 259, 278, 259, 0.44, 50, 100, 1, 13, 5000, 30
1, 7686, 106, 136, 137, 136, 137, 0.44, 50, 100, 1, 4, 5000, 30
0, 15500, 104, 255, 245, 255, 245, 0.44, 50, 100, 1, 12, 5000, 30
0, 15500, 111, 271, 268, 271, 268, 0.44, 50, 100, 1, 12, 5000, 30
1, 7523, 101, 132, 133, 132, 133, 0.44, 50, 100, 1, 4, 5000, 30
0, 15500, 108, 282, 263, 282, 263, 0.44, 50, 100, 1, 12, 5000, 30
0, 15500, 100, 274, 253, 274, 253, 0.44, 50, 100, 1, 11, 5000, 30
0, 15500, 107, 267, 261, 267, 261, 0.44, 50, 100, 1, 12, 5000, 30
0, 15500, 114, 291, 279, 291, 279, 0.44, 50, 100, 1, 13, 5000, 30
0, 15500, 105, 289, 272, 289, 272, 0.44, 50, 100, 1, 12, 5000, 30
0, 15500, 106, 278, 250, 278, 250, 0.44, 50, 100, 1, 13, 5000, 30
1, 7971, 103, 133, 141, 133, 141, 0.44, 50, 100, 1, 5, 5000, 30
0, 15500, 96, 265, 250, 265, 250, 0.44, 50, 100, 1, 12, 5000, 30
1, 7092, 96, 126, 128, 126, 128, 0.44, 50, 100, 1, 4, 5000, 30
1, 8144, 105, 140, 141, 140, 141, 0.44, 50, 100, 1, 4, 5000, 30
0, 15500, 96, 274, 264, 274, 264, 0.44, 50, 100, 1, 11, 5000, 30
1, 10473, 111, 179, 180, 179, 180, 0.44, 50, 100, 1, 7, 5000, 30
0, 15500, 99, 286, 271, 286, 271, 0.44, 50, 100, 1, 12, 5000, 30
1, 11389, 115, 196, 197, 196, 197, 0.44, 50, 100, 1, 8, 5000, 30
0, 15500, 112, 287, 267, 287, 267, 0.44, 50, 100, 1, 12, 5000, 30
0, 15500, 85, 259, 244, 259, 244, 0.44, 50, 100, 1, 11, 5000, 30
1, 13506, 100, 240, 241, 240, 241, 0.44, 50, 100, 1, 9, 5000, 30
0, 15500, 103, 273, 246, 273, 246, 0.44, 50, 100, 1, 12, 5000, 30
0, 15500, 100, 281, 259, 281, 259, 0.44, 50, 100, 1, 12, 5000, 30
0, 15500, 82, 244, 226, 244, 226, 0.44, 50, 100, 1, 12, 5000, 30
0, 15500, 92, 279, 258, 279, 258, 0.44, 50, 100, 1, 13, 5000, 30
1, 9273, 103, 149, 150, 149, 150, 0.44, 50, 100, 1, 6, 5000, 30
0, 15500, 96, 269, 263, 269, 263, 0.44, 50, 100, 1, 12, 5000, 30
1, 12097, 103, 203, 204, 203, 204, 0.44, 50, 100, 1, 8, 5000, 30
0, 15500, 112, 288, 265, 288, 265, 0.44, 50, 100, 1, 11, 5000, 30
1, 15177, 111, 276, 277, 276, 277, 0.44, 50, 100, 1, 11, 5000, 30
1, 7766, 98, 128, 130, 128, 130, 0.44, 50, 100, 1, 4, 5000, 30
0, 15500, 116, 305, 276, 305, 276, 0.44, 50, 100, 1, 12, 5000, 30
0, 15500, 100, 274, 262, 274, 262, 0.44, 50, 100, 1, 11, 5000, 30
0, 15500, 109, 281, 270, 281, 270, 0.44, 50, 100, 1, 12, 5000, 30
0, 15500, 123, 293, 274, 293, 274, 0.44, 50, 100, 1, 12, 5000, 30
0, 15500, 106, 274, 261, 274, 261, 0.44, 50, 100, 1, 12, 5000, 30
0, 15500, 98, 270, 257, 270, 257, 0.44, 50, 100, 1, 12, 5000, 30
0, 15500, 102, 280, 256, 280, 256, 0.44, 50, 100, 1, 12, 5000, 30
0, 15500, 104, 279, 265, 279, 265, 0.44, 50, 100, 1, 13, 5000, 30
1, 7928, 109, 139, 143, 139, 143, 0.44, 50, 100, 1, 6, 5000, 30
1, 15349, 105, 272, 273, 272, 273, 0.44, 50, 100, 1, 14, 5000, 30
1, 8323, 82, 112, 119, 112, 119, 0.44, 50, 100, 1, 4, 5000, 30
0, 15500, 109, 278, 264, 278, 264, 0.44, 50, 100, 1, 14, 5000, 30
0, 15500, 86, 275, 259, 275, 259, 0.44, 50, 100, 1, 12, 5000, 30
0, 15500, 83, 248, 220, 248, 220, 0.44, 50, 100, 1, 12, 5000, 30
0, 15500, 108, 271, 259, 271, 259, 0.44, 50, 100, 1, 12, 5000, 30
0, 15500, 103, 272, 269, 272, 269, 0.44, 50, 100, 1, 13, 5000, 30
1, 7317, 94, 124, 127, 124, 127, 0.44, 50, 100, 1, 4, 5000, 30
0, 15500, 99, 270, 254, 270, 254, 0.44, 50, 100, 1, 14, 5000, 30
0, 15500, 103, 282, 267, 282, 267, 0.44, 50, 100, 1, 13, 5000, 30
1, 7492, 102, 132, 135, 132, 135, 0.44, 50, 100, 1, 4, 5000, 30
0, 15500, 100, 274, 261, 274, 261, 0.44, 50, 100, 1, 12, 5000, 30
0, 15500, 106, 274, 268, 274, 268, 0.44, 50, 100, 1, 13, 5000, 30
1, 13943, 108, 246, 247, 246, 247, 0.44, 50, 100, 1, 11, 5000, 30
1, 7772, 103, 133, 135, 133, 135, 0.44, 50, 100, 1, 4, 5000, 30
0, 15500, 86, 274, 256, 274, 256, 0.44, 50, 100, 1, 12, 5000, 30
0, 15500, 100, 291, 274, 291, 274, 0.44, 50, 100, 1, 12, 5000, 30
1, 9787, 83, 138, 139, 138, 139, 0.44, 50, 100, 1, 6, 5000, 30
0, 15500, 103, 294, 275, 294, 275, 0.44, 50, 100, 1, 12, 5000, 30
0, 15500, 100, 263, 243, 263, 243, 0.44, 50, 100, 1, 11, 5000, 30
0, 17250, 105, 321, 315, 321, 315, 0.44, 50, 100, 1, 14, 5000, 35
0, 17250, 103, 319, 311, 319, 311, 0.44, 50, 100, 1, 15, 5000, 35
1, 11775, 86, 181, 182, 181, 182, 0.44, 50, 100, 1, 11, 5000, 35
0, 17250, 104, 312, 298, 312, 298, 0.44, 50, 100, 1, 16, 5000, 35
1, 9782, 95, 156, 157, 156, 157, 0.44, 50, 100, 1, 6, 5000, 35
0, 17250, 100, 296, 270, 296, 270, 0.44, 50, 100, 1, 13, 5000, 35
0, 17250, 88, 302, 281, 302, 281, 0.44, 50, 100, 1, 14, 5000, 35
0, 17250, 118, 337, 299, 337, 299, 0.44, 50, 100, 1, 14, 5000, 35
1, 8983, 113, 149, 150, 149, 150, 0.44, 50, 100, 1, 7, 5000, 35
1, 8648, 114, 156, 157, 156, 157, 0.44, 50, 100, 1, 5, 5000, 35
0, 17250, 96, 309, 276, 309, 276, 0.44, 50, 100, 1, 17, 5000, 35
1, 10877, 106, 171, 172, 171, 172, 0.44, 50, 100, 1, 8, 5000, 35
0, 17250, 97, 288, 280, 288, 280, 0.44, 50, 100, 1, 15, 5000, 35
1, 9663, 97, 166, 167, 166, 167, 0.44, 50, 100, 1, 6, 5000, 35
0, 17250, 112, 321, 311, 321, 311, 0.44, 50, 100, 1, 18, 5000, 35
0, 17250, 103, 308, 307, 308, 307, 0.44, 50, 100, 1, 18, 5000, 35
0, 17250, 98, 296, 280, 296, 280, 0.44, 50, 100, 1, 14, 5000, 35
0, 17250, 96, 305, 290, 305, 290, 0.44, 50, 100, 1, 15, 5000, 35
0, 17250, 93, 308, 290, 308, 290, 0.44, 50, 100, 1, 14, 5000, 35
0, 17250, 114, 337, 313, 337, 313, 0.44, 50, 100, 1, 14, 5000, 35
1, 7642, 96, 131, 136, 131, 136, 0.44, 50, 100, 1, 4, 5000, 35
0, 17250, 91, 287, 278, 287, 278, 0.44, 50, 100, 1, 13, 5000, 35
0, 17250, 108, 326, 316, 326, 316, 0.44, 50, 100, 1, 13, 5000, 35
1, 8654, 77, 119, 120, 119, 120, 0.44, 50, 100, 1, 5, 5000, 35
0, 17250, 111, 329, 316, 329, 316, 0.44, 50, 100, 1, 16, 5000, 35
1, 10899, 117, 191, 192, 191, 192, 0.44, 50, 100, 1, 7, 5000, 35
1, 7779, 97, 133, 134, 133, 134, 0.44, 50, 100, 1, 4, 5000, 35
0, 17250, 100, 330, 297, 330, 297, 0.44, 50, 100, 1, 16, 5000, 35
1, 9887, 87, 149, 150, 149, 150, 0.44, 50, 100, 1, 6, 5000, 35
0, 17250, 105, 319, 310, 319, 310, 0.44, 50, 100, 1, 14, 5000, 35
1, 12646, 94, 204, 205, 204, 205, 0.44, 50, 100, 1, 9, 5000, 35
0, 17250, 103, 311, 297, 311, 297, 0.44, 50, 100, 1, 17, 5000, 35
0, 17250, 99, 305, 282, 305, 282, 0.44, 50, 100, 1, 17, 5000, 35
1, 8479, 110, 145, 151, 145, 151, 0.44, 50, 100, 1, 5, 5000, 35
0, 17250, 88, 307, 278, 307, 278, 0.44, 50, 100, 1, 15, 5000, 35
0, 17250, 102, 312, 292, 312, 292, 0.44, 50, 100, 1, 15, 5000, 35
0, 17250, 107, 319, 296, 319, 296, 0.44, 50, 100, 1, 13, 5000, 35
1, 7457, 92, 127, 130, 127, 130, 0.44, 50, 100, 1, 5, 5000, 35
1, 8978, 106, 141, 143, 141, 143, 0.44, 50, 100, 1, 5, 5000, 35
0, 17250, 101, 324, 304, 324, 304, 0.44, 50, 100, 1, 16, 5000, 35
1, 8619, 101, 154, 155, 154, 155, 0.44, 50, 100, 1, 5, 5000, 35
0, 17250, 103, 304, 290, 304, 290, 0.44, 50, 100, 1, 13, 5000, 35
1, 10363, 104, 179, 180, 179, 180, 0.44, 50, 100, 1, 7, 5000, 35
0, 17250, 88, 301, 292, 301, 292, 0.44, 50, 100, 1, 13, 5000, 35
1, 10429, 104, 177, 178, 177, 178, 0.44, 50, 100, 1, 8, 5000, 35
1, 7914, 95, 130, 131, 130, 131, 0.44, 50, 100, 1, 4, 5000, 35
0, 17250, 108, 308, 290, 308, 290, 0.44, 50, 100, 1, 15, 5000, 35
1, 11102, 105, 186, 187, 186, 187, 0.44, 50, 100, 1, 7, 5000, 35
0, 17250, 95, 317, 303, 317, 303, 0.44, 50, 100, 1, 13, 5000, 35
0, 17250, 102, 324, 312, 324, 312, 0.44, 50, 100, 1, 13, 5000, 35
0, 17250, 91, 321, 291, 321, 291, 0.44, 50, 100, 1, 13, 5000, 35
0, 17250, 90, 276, 267, 276, 267, 0.44, 50, 100, 1, 17, 5000, 35
1, 16851, 121, 305, 306, 305, 306, 0.44, 50, 100, 1, 16, 5000, 35
1, 8238, 89, 126, 127, 126, 127, 0.44, 50, 100, 1, 5, 5000, 35
0, 17250, 93, 302, 270, 302, 270, 0.44, 50, 100, 1, 14, 5000, 35
0, 17250, 108, 318, 303, 318, 303, 0.44, 50, 100, 1, 14, 5000, 35
0, 17250, 104, 319, 300, 319, 300, 0.44, 50, 100, 1, 13, 5000, 35
0, 17250, 112, 317, 301, 317, 301, 0.44, 50, 100, 1, 13, 5000, 35
1, 14853, 112, 267, 268, 267, 268, 0.44, 50, 100, 1, 12, 5000, 35
1, 8907, 108, 143, 150, 143, 150, 0.44, 50, 100, 1, 5, 5000, 35
0, 17250, 77, 262, 242, 262, 242, 0.44, 50, 100, 1, 14, 5000, 35
1, 8526, 114, 149, 151, 149, 151, 0.44, 50, 100, 1, 5, 5000, 35
0, 17250, 90, 299, 280, 299, 280, 0.44, 50, 100, 1, 14, 5000, 35
0, 17250, 106, 311, 286, 311, 286, 0.44, 50, 100, 1, 15, 5000, 35
0, 17250, 102, 314, 288, 314, 288, 0.44, 50, 100, 1, 14, 5000, 35
0, 17250, 118, 314, 306, 314, 306, 0.44, 50, 100, 1, 14, 5000, 35
0, 17250, 101, 305, 279, 305, 279, 0.44, 50, 100, 1, 14, 5000, 35
0, 17250, 99, 317, 299, 317, 299, 0.44, 50, 100, 1, 14, 5000, 35
0, 17250, 100, 313, 299, 313, 299, 0.44, 50, 100, 1, 14, 5000, 35
0, 17250, 109, 313, 298, 313, 298, 0.44, 50, 100, 1, 14, 5000, 35
0, 17250, 95, 320, 312, 320, 312, 0.44, 50, 100, 1, 14, 5000, 35
0, 17250, 87, 296, 277, 296, 277, 0.44, 50, 100, 1, 15, 5000, 35
0, 17250, 112, 310, 288, 310, 288, 0.44, 50, 100, 1, 17, 5000, 35
0, 17250, 107, 332, 323, 332, 323, 0.44, 50, 100, 1, 16, 5000, 35
0, 17250, 101, 322, 303, 322, 303, 0.44, 50, 100, 1, 17, 5000, 35
0, 17250, 87, 304, 275, 304, 275, 0.44, 50, 100, 1, 14, 5000, 35
1, 8603, 86, 121, 122, 121, 122, 0.44, 50, 100, 1, 5, 5000, 35
0, 17250, 106, 311, 298, 311, 298, 0.44, 50, 100, 1, 15, 5000, 35
1, 10868, 79, 151, 152, 151, 152, 0.44, 50, 100, 1, 7, 5000, 35
1, 9028, 111, 153, 154, 153, 154, 0.44, 50, 100, 1, 5, 5000, 35
1, 8835, 107, 142, 145, 142, 145, 0.44, 50, 100, 1, 5, 5000, 35
0, 17250, 105, 303, 282, 303, 282, 0.44, 50, 100, 1, 14, 5000, 35
0, 17250, 108, 327, 310, 327, 310, 0.44, 50, 100, 1, 14, 5000, 35
0, 17250, 99, 337, 296, 337, 296, 0.44, 50, 100, 1, 14, 5000, 35
1, 10087, 92, 165, 166, 165, 166, 0.44, 50, 100, 1, 6, 5000, 35
0, 17250, 70, 272, 245, 272, 245, 0.44, 50, 100, 1, 14, 5000, 35
1, 9231, 109, 151, 152, 151, 152, 0.44, 50, 100, 1, 5, 5000, 35
0, 17250, 102, 321, 296, 321, 296, 0.44, 50, 100, 1, 14, 5000, 35
1, 9194, 93, 144, 145, 144, 145, 0.44, 50, 100, 1, 6, 5000, 35
1, 13567, 98, 213, 214, 213, 214, 0.44, 50, 100, 1, 10, 5000, 35
0, 17250, 95, 322, 311, 322, 311, 0.44, 50, 100, 1, 14, 5000, 35
0, 17250, 98, 302, 285, 302, 285, 0.44, 50, 100, 1, 14, 5000, 35
0, 17250, 102, 316, 291, 316, 291, 0.44, 50, 100, 1, 14, 5000, 35
1, 8330, 88, 123, 124, 123, 124, 0.44, 50, 100, 1, 5, 5000, 35
0, 17250, 108, 307, 285, 307, 285, 0.44, 50, 100, 1, 14, 5000, 35
1, 8596, 108, 145, 146, 145, 146, 0.44, 50, 100, 1, 5, 5000, 35
1, 8233, 110, 145, 146, 145, 146, 0.44, 50, 100, 1, 5, 5000, 35
1, 8467, 99, 137, 138, 137, 138, 0.44, 50, 100, 1, 5, 5000, 35
1, 8385, 119, 157, 158, 157, 158, 0.44, 50, 100, 1, 5, 5000, 35
0, 17250, 98, 310, 295, 310, 295, 0.44, 50, 100, 1, 14, 5000, 35
1, 8724, 100, 145, 146, 145, 146, 0.44, 50, 100, 1, 5, 5000, 45
0, 20750, 106, 375, 352, 375, 352, 0.44, 50, 100, 1, 17, 5000, 45
1, 11993, 105, 195, 196, 195, 196, 0.44, 50, 100, 1, 8, 5000, 45
0, 20750, 83, 356, 338, 356, 338, 0.44, 50, 100, 1, 17, 5000, 45
1, 10033, 110, 169, 170, 169, 170, 0.44, 50, 100, 1, 7, 5000, 45
0, 20750, 107, 388, 380, 388, 380, 0.44, 50, 100, 1, 17, 5000, 45
0, 20750, 101, 392, 355, 392, 355, 0.44, 50, 100, 1, 17, 5000, 45
0, 20750, 95, 379, 360, 379, 360, 0.44, 50, 100, 1, 17, 5000, 45
0, 20750, 95, 367, 352, 367, 352, 0.44, 50, 100, 1, 19, 5000, 45
1, 7950, 105, 150, 153, 150, 153, 0.44, 50, 100, 1, 6, 5000, 45
0, 20750, 95, 368, 351, 368, 351, 0.44, 50, 100, 1, 18, 5000, 45
0, 20750, 102, 368, 354, 368, 354, 0.44, 50, 100, 1, 18, 5000, 45
0, 20750, 90, 361, 332, 361, 332, 0.44, 50, 100, 1, 19, 5000, 45
0, 20750, 114, 398, 386, 398, 386, 0.44, 50, 100, 1, 18, 5000, 45
0, 20750, 118, 380, 364, 380, 364, 0.44, 50, 100, 1, 17, 5000, 45
0, 20750, 97, 370, 346, 370, 346, 0.44, 50, 100, 1, 19, 5000, 45
0, 20750, 105, 369, 351, 369, 351, 0.44, 50, 100, 1, 17, 5000, 45
1, 8843, 121, 166, 168, 166, 168, 0.44, 50, 100, 1, 6, 5000, 45
0, 20750, 112, 396, 364, 396, 364, 0.44, 50, 100, 1, 17, 5000, 45
0, 20750, 100, 365, 355, 365, 355, 0.44, 50, 100, 1, 18, 5000, 45
0, 20750, 95, 389, 367, 389, 367, 0.44, 50, 100, 1, 18, 5000, 45
0, 20750, 114, 387, 378, 387, 378, 0.44, 50, 100, 1, 18, 5000, 45
0, 20750, 101, 386, 377, 386, 377, 0.44, 50, 100, 1, 18, 5000, 45
1, 9151, 116, 161, 162, 161, 162, 0.44, 50, 100, 1, 6, 5000, 45
0, 20750, 110, 394, 376, 394, 376, 0.44, 50, 100, 1, 20, 5000, 45
0, 20750, 104, 373, 362, 373, 362, 0.44, 50, 100, 1, 18, 5000, 45
0, 20750, 108, 382, 367, 382, 367, 0.44, 50, 100, 1, 23, 5000, 45
0, 20750, 86, 376, 365, 376, 365, 0.44, 50, 100, 1, 17, 5000, 45
0, 20750, 115, 391, 372, 391, 372, 0.44, 50, 100, 1, 23, 5000, 45
0, 20750, 103, 386, 361, 386, 361, 0.44, 50, 100, 1, 18, 5000, 45
1, 9037, 103, 148, 149, 148, 149, 0.44, 50, 100, 1, 5, 5000, 45
0, 20750, 107, 393, 371, 393, 371, 0.44, 50, 100, 1, 19, 5000, 45
1, 9141, 93, 146, 147, 146, 147, 0.44, 50, 100, 1, 6, 5000, 45
0, 20750, 96, 378, 350, 378, 350, 0.44, 50, 100, 1, 18, 5000, 45
1, 17229, 113, 304, 305, 304, 305, 0.44, 50, 100, 1, 14, 5000, 45
1, 9151, 108, 155, 156, 155, 156, 0.44, 50, 100, 1, 5, 5000, 45
0, 20750, 109, 372, 362, 372, 362, 0.44, 50, 100, 1, 17, 5000, 45
1, 8961, 109, 157, 158, 157, 158, 0.44, 50, 100, 1, 7, 5000, 45
0, 20750, 116, 392, 390, 392, 390, 0.44, 50, 100, 1, 20, 5000, 45
0, 20750, 93, 384, 361, 384, 361, 0.44, 50, 100, 1, 17, 5000, 45
1, 10323, 99, 158, 159, 158, 159, 0.44, 50, 100, 1, 6, 5000, 45
0, 20750, 114, 395, 372, 395, 372, 0.44, 50, 100, 1, 22, 5000, 45
0, 20750, 98, 392, 377, 392, 377, 0.44, 50, 100, 1, 22, 5000, 45
0, 20750, 103, 397, 386, 397, 386, 0.44, 50, 100, 1, 18, 5000, 45
0, 20750, 114, 394, 355, 394, 355, 0.44, 50, 100, 1, 17, 5000, 45
0, 20750, 87, 355, 331, 355, 331, 0.44, 50, 100, 1, 19, 5000, 45
0, 20750, 86, 346, 329, 346, 329, 0.44, 50, 100, 1, 17, 5000, 45
0, 20750, 112, 379, 363, 379, 363, 0.44, 50, 100, 1, 18, 5000, 45
1, 11572, 103, 200, 201, 200, 201, 0.44, 50, 100, 1, 8, 5000, 45
0, 20750, 117, 397, 370, 397, 370, 0.44, 50, 100, 1, 18, 5000, 45
0, 20750, 102, 388, 360, 388, 360, 0.44, 50, 100, 1, 17, 5000, 45
1, 14755, 104, 255, 256, 255, 256, 0.44, 50, 100, 1, 11, 5000, 45
1, 10068, 111, 176, 177, 176, 177, 0.44, 50, 100, 1, 6, 5000, 45
1, 8958, 105, 154, 155, 154, 155, 0.44, 50, 100, 1, 5, 5000, 45
0, 20750, 115, 390, 374, 390, 374, 0.44, 50, 100, 1, 17, 5000, 45
1, 12294, 103, 215, 216, 215, 216, 0.44, 50, 100, 1, 8, 5000, 45
1, 11605, 103, 193, 194, 193, 194, 0.44, 50, 100, 1, 8, 5000, 45
0, 20750, 84, 374, 344, 374, 344, 0.44, 50, 100, 1, 17, 5000, 45
0, 20750, 112, 396, 374, 396, 374, 0.44, 50, 100, 1, 18, 5000, 45
1, 14541, 96, 262, 263, 262, 263, 0.44, 50, 100, 1, 12, 5000, 45
0, 20750, 106, 396, 384, 396, 384, 0.44, 50, 100, 1, 18, 5000, 45
1, 12740, 109, 221, 222, 221, 222, 0.44, 50, 100, 1, 12, 5000, 45
0, 20750, 86, 349, 339, 349, 339, 0.44, 50, 100, 1, 20, 5000, 45
1, 8899, 106, 151, 152, 151, 152, 0.44, 50, 100, 1, 5, 5000, 45
0, 20750, 119, 398, 375, 398, 375, 0.44, 50, 100, 1, 18, 5000, 45
0, 20750, 103, 374, 363, 374, 363, 0.44, 50, 100, 1, 18, 5000, 45
1, 12682, 113, 212, 213, 212, 213, 0.44, 50, 100, 1, 9, 5000, 45
0, 20750, 95, 378, 373, 378, 373, 0.44, 50, 100, 1, 21, 5000, 45
1, 11882, 92, 183, 184, 183, 184, 0.44, 50, 100, 1, 8, 5000, 45
0, 20750, 93, 374, 357, 374, 357, 0.44, 50, 100, 1, 17, 5000, 45
0, 20750, 98, 371, 367, 371, 367, 0.44, 50, 100, 1, 17, 5000, 45
1, 17591, 118, 313, 314, 313, 314, 0.44, 50, 100, 1, 13, 5000, 45
1, 8201, 107, 152, 153, 152, 153, 0.44, 50, 100, 1, 5, 5000, 45
0, 20750, 108, 389, 376, 389, 376, 0.44, 50, 100, 1, 16, 5000, 45
1, 14071, 110, 238, 239, 238, 239, 0.44, 50, 100, 1, 10, 5000, 45
0, 20750, 107, 382, 353, 382, 353, 0.44, 50, 100, 1, 16, 5000, 45
1, 8246, 96, 141, 142, 141, 142, 0.44, 50, 100, 1, 4, 5000, 45
0, 20750, 108, 389, 365, 389, 365, 0.44, 50, 100, 1, 17, 5000, 45
1, 9394, 92, 139, 140, 139, 140, 0.44, 50, 100, 1, 5, 5000, 45
0, 20750, 102, 380, 374, 380, 374, 0.44, 50, 100, 1, 17, 5000, 45
1, 8938, 81, 128, 129, 128, 129, 0.44, 50, 100, 1, 5, 5000, 45
1, 13878, 97, 234, 235, 234, 235, 0.44, 50, 100, 1, 10, 5000, 45
1, 8424, 107, 153, 154, 153, 154, 0.44, 50, 100, 1, 5, 5000, 45
1, 9509, 93, 138, 139, 138, 139, 0.44, 50, 100, 1, 5, 5000, 45
0, 20750, 100, 374, 361, 374, 361, 0.44, 50, 100, 1, 16, 5000, 45
0, 20750, 90, 364, 348, 364, 348, 0.44, 50, 100, 1, 16, 5000, 45
1, 8203, 84, 133, 134, 133, 134, 0.44, 50, 100, 1, 4, 5000, 45
0, 20750, 117, 391, 372, 391, 372, 0.44, 50, 100, 1, 16, 5000, 45
0, 20750, 101, 384, 367, 384, 367, 0.44, 50, 100, 1, 18, 5000, 45
1, 8516, 97, 142, 145, 142, 145, 0.44, 50, 100, 1, 5, 5000, 45
0, 20750, 110, 395, 373, 395, 373, 0.44, 50, 100, 1, 21, 5000, 45
0, 20750, 94, 381, 361, 381, 361, 0.44, 50, 100, 1, 21, 5000, 45
0, 20750, 88, 383, 360, 383, 360, 0.44, 50, 100, 1, 18, 5000, 45
0, 20750, 99, 376, 351, 376, 351, 0.44, 50, 100, 1, 17, 5000, 45
0, 20750, 104, 379, 363, 379, 363, 0.44, 50, 100, 1, 19, 5000, 45
1, 9197, 92, 137, 144, 137, 144, 0.44, 50, 100, 1, 6, 5000, 45
0, 20750, 111, 388, 363, 388, 363, 0.44, 50, 100, 1, 21, 5000, 45
0, 20750, 98, 369, 350, 369, 350, 0.44, 50, 100, 1, 19, 5000, 45
1, 13272, 112, 237, 238, 237, 238, 0.44, 50, 100, 1, 10, 5000, 45
0, 20750, 103, 371, 365, 371, 365, 0.44, 50, 100, 1, 19, 5000, 45
1, 9999, 96, 155, 156, 155, 156, 0.44, 50, 100, 1, 7, 5000, 55
1, 9764, 101, 156, 157, 156, 157, 0.44, 50, 100, 1, 7, 5000, 55
0, 24250, 104, 451, 431, 451, 431, 0.44, 50, 100, 1, 24, 5000, 55
1, 9976, 100, 170, 171, 170, 171, 0.44, 50, 100, 1, 6, 5000, 55
0, 24250, 101, 468, 439, 468, 439, 0.44, 50, 100, 1, 22, 5000, 55
1, 12384, 95, 198, 199, 198, 199, 0.44, 50, 100, 1, 10, 5000, 55
1, 9778, 102, 157, 168, 157, 168, 0.44, 50, 100, 1, 6, 5000, 55
0, 24250, 110, 463, 441, 463, 441, 0.44, 50, 100, 1, 25, 5000, 55
1, 9951, 108, 164, 165, 164, 165, 0.44, 50, 100, 1, 7, 5000, 55
0, 24250, 104, 457, 435, 457, 435, 0.44, 50, 100, 1, 21, 5000, 55
0, 24250, 99, 453, 444, 453, 444, 0.44, 50, 100, 1, 25, 5000, 55
0, 24250, 103, 442, 436, 442, 436, 0.44, 50, 100, 1, 21, 5000, 55
1, 11488, 106, 178, 179, 178, 179, 0.44, 50, 100, 1, 8, 5000, 55
1, 9589, 107, 162, 167, 162, 167, 0.44, 50, 100, 1, 7, 5000, 55
0, 24250, 112, 475, 456, 475, 456, 0.44, 50, 100, 1, 21, 5000, 55
1, 21405, 107, 401, 402, 401, 402, 0.44, 50, 100, 1, 19, 5000, 55
1, 8475, 88, 144, 145, 144, 145, 0.44, 50, 100, 1, 5, 5000, 55
0, 24250, 106, 452, 441, 452, 441, 0.44, 50, 100, 1, 22, 5000, 55
1, 23192, 90, 393, 394, 393, 394, 0.44, 50, 100, 1, 20, 5000, 55
1, 10453, 99, 157, 158, 157, 158, 0.44, 50, 100, 1, 9, 5000, 55
0, 24250, 89, 447, 418, 447, 418, 0.44, 50, 100, 1, 24, 5000, 55
1, 14634, 108, 268, 269, 268, 269, 0.44, 50, 100, 1, 15, 5000, 55
1, 18169, 106, 328, 329, 328, 329, 0.44, 50, 100, 1, 14, 5000, 55
0, 24250, 99, 447, 411, 447, 411, 0.44, 50, 100, 1, 24, 5000, 55
0, 24250, 99, 451, 434, 451, 434, 0.44, 50, 100, 1, 21, 5000, 55
0, 24250, 96, 448, 429, 448, 429, 0.44, 50, 100, 1, 21, 5000, 55
0, 24250, 102, 455, 438, 455, 438, 0.44, 50, 100, 1, 23, 5000, 55
1, 16663, 99, 277, 278, 277, 278, 0.44, 50, 100, 1, 13, 5000, 55
0, 24250, 114, 447, 432, 447, 432, 0.44, 50, 100, 1, 23, 5000, 55
0, 24250, 111, 455, 445, 455, 445, 0.44, 50, 100, 1, 24, 5000, 55
0, 24250, 106, 439, 434, 439, 434, 0.44, 50, 100, 1, 21, 5000, 55
0, 24250, 111, 457, 436, 457, 436, 0.44, 50, 100, 1, 22, 5000, 55
1, 20789, 93, 367, 368, 367, 368, 0.44, 50, 100, 1, 22, 5000, 55
1, 10207, 109, 164, 169, 164, 169, 0.44, 50, 100, 1, 6, 5000, 55
0, 24250, 107, 458, 432, 458, 432, 0.44, 50, 100, 1, 26, 5000, 55
0, 24250, 103, 457, 450, 457, 450, 0.44, 50, 100, 1, 21, 5000, 55
0, 24250, 103, 448, 427, 448, 427, 0.44, 50, 100, 1, 21, 5000, 55
0, 24250, 107, 470, 453, 470, 453, 0.44, 50, 100, 1, 20, 5000, 55
0, 24250, 107, 460, 440, 460, 440, 0.44, 50, 100, 1, 27, 5000, 55
1, 12849, 107, 235, 236, 235, 236, 0.44, 50, 100, 1, 9, 5000, 55
0, 24250, 110, 454, 436, 454, 436, 0.44, 50, 100, 1, 26, 5000, 55
0, 24250, 108, 452, 439, 452, 439, 0.44, 50, 100, 1, 27, 5000, 55
0, 24250, 103, 449, 433, 449, 433, 0.44, 50, 100, 1, 27, 5000, 55
0, 24250, 103, 453, 441, 453, 441, 0.44, 50, 100, 1, 21, 5000, 55
1, 8982, 85, 141, 142, 141, 142, 0.44, 50, 100, 1, 5, 5000, 55
1, 23262, 107, 428, 429, 428, 429, 0.44, 50, 100, 1, 21, 5000, 55
0, 24250, 89, 449, 431, 449, 431, 0.44, 50, 100, 1, 23, 5000, 55
0, 24250, 107, 459, 444, 459, 444, 0.44, 50, 100, 1, 24, 5000, 55
1, 18416, 101, 316, 317, 316, 317, 0.44, 50, 100, 1, 15, 5000, 55
0, 24250, 73, 423, 400, 423, 400, 0.44, 50, 100, 1, 21, 5000, 55
0, 24250, 113, 471, 425, 471, 425, 0.44, 50, 100, 1, 21, 5000, 55
0, 24250, 108, 448, 430, 448, 430, 0.44, 50, 100, 1, 25, 5000, 55
0, 24250, 94, 442, 416, 442, 416, 0.44, 50, 100, 1, 21, 5000, 55
1, 10195, 99, 172, 173, 172, 173, 0.44, 50, 100, 1, 7, 5000, 55
1, 9263, 92, 147, 149, 147, 149, 0.44, 50, 100, 1, 6, 5000, 55
0, 24250, 80, 434, 419, 434, 419, 0.44, 50, 100, 1, 27, 5000, 55
0, 24250, 96, 448, 433, 448, 433, 0.44, 50, 100, 1, 25, 5000, 55
0, 24250, 113, 474, 440, 474, 440, 0.44, 50, 100, 1, 21, 5000, 55
0, 24250, 105, 459, 426, 459, 426, 0.44, 50, 100, 1, 21, 5000, 55
0, 24250, 110, 448, 440, 448, 440, 0.44, 50, 100, 1, 21, 5000, 55
1, 11190, 104, 176, 177, 176, 177, 0.44, 50, 100, 1, 7, 5000, 55
1, 20421, 109, 370, 371, 370, 371, 0.44, 50, 100, 1, 16, 5000, 55
0, 24250, 112, 449, 446, 449, 446, 0.44, 50, 100, 1, 22, 5000, 55
1, 16525, 97, 282, 283, 282, 283, 0.44, 50, 100, 1, 14, 5000, 55
1, 9532, 97, 152, 160, 152, 160, 0.44, 50, 100, 1, 6, 5000, 55
1, 10975, 99, 173, 174, 173, 174, 0.44, 50, 100, 1, 7, 5000, 55
0, 24250, 116, 467, 451, 467, 451, 0.44, 50, 100, 1, 23, 5000, 55
1, 11489, 97, 176, 177, 176, 177, 0.44, 50, 100, 1, 8, 5000, 55
1, 9820, 92, 147, 150, 147, 150, 0.44, 50, 100, 1, 6, 5000, 55
1, 9624, 111, 166, 169, 166, 169, 0.44, 50, 100, 1, 6, 5000, 55
0, 24250, 96, 450, 433, 450, 433, 0.44, 50, 100, 1, 21, 5000, 55
1, 23389, 109, 423, 424, 423, 424, 0.44, 50, 100, 1, 20, 5000, 55
1, 10308, 99, 166, 167, 166, 167, 0.44, 50, 100, 1, 7, 5000, 55
0, 24250, 124, 475, 449, 475, 449, 0.44, 50, 100, 1, 20, 5000, 55
0, 24250, 102, 456, 429, 456, 429, 0.44, 50, 100, 1, 20, 5000, 55
1, 14358, 80, 210, 211, 210, 211, 0.44, 50, 100, 1, 11, 5000, 55
1, 23178, 92, 419, 420, 419, 420, 0.44, 50, 100, 1, 20, 5000, 55
0, 24250, 90, 415, 397, 415, 397, 0.44, 50, 100, 1, 20, 5000, 55
1, 24056, 101, 426, 427, 426, 427, 0.44, 50, 100, 1, 20, 5000, 55
0, 24250, 88, 432, 409, 432, 409, 0.44, 50, 100, 1, 20, 5000, 55
1, 10695, 98, 165, 166, 165, 166, 0.44, 50, 100, 1, 7, 5000, 55
0, 24250, 106, 463, 437, 463, 437, 0.44, 50, 100, 1, 21, 5000, 55
1, 10030, 108, 163, 168, 163, 168, 0.44, 50, 100, 1, 7, 5000, 55
0, 24250, 108, 442, 431, 442, 431, 0.44, 50, 100, 1, 28, 5000, 55
1, 10946, 116, 198, 199, 198, 199, 0.44, 50, 100, 1, 7, 5000, 55
0, 24250, 101, 442, 425, 442, 425, 0.44, 50, 100, 1, 27, 5000, 55
1, 9328, 95, 150, 152, 150, 152, 0.44, 50, 100, 1, 5, 5000, 55
0, 24250, 90, 445, 432, 445, 432, 0.44, 50, 100, 1, 20, 5000, 55
1, 9429, 114, 176, 177, 176, 177, 0.44, 50, 100, 1, 6, 5000, 55
0, 24250, 104, 447, 445, 447, 445, 0.44, 50, 100, 1, 21, 5000, 55
1, 10148, 124, 179, 181, 179, 181, 0.44, 50, 100, 1, 7, 5000, 55
0, 24250, 89, 422, 393, 422, 393, 0.44, 50, 100, 1, 20, 5000, 55
0, 24250, 118, 471, 449, 471, 449, 0.44, 50, 100, 1, 25, 5000, 55
1, 17165, 89, 285, 286, 285, 286, 0.44, 50, 100, 1, 13, 5000, 55
0, 24250, 95, 441, 428, 441, 428, 0.44, 50, 100, 1, 26, 5000, 55
1, 11505, 107, 188, 189, 188, 189, 0.44, 50, 100, 1, 8, 5000, 55
0, 24250, 114, 453, 440, 453, 440, 0.44, 50, 100, 1, 22, 5000, 55
0, 24250, 94, 450, 424, 450, 424, 0.44, 50, 100, 1, 20, 5000, 55
0, 24250, 103, 467, 452, 467, 452, 0.44, 50, 100, 1, 21, 5000, 55
0, 24250, 115, 458, 453, 458, 453, 0.44, 50, 100, 1, 21, 5000, 55
1, 12129, 104, 206, 207, 206, 207, 0.44, 50, 100, 1, 9, 5000, 65
0, 27750, 115, 530, 517, 530, 517, 0.44, 50, 100, 1, 25, 5000, 65
1, 10680, 107, 172, 181, 172, 181, 0.44, 50, 100, 1, 9, 5000, 65
0, 27750, 101, 522, 500, 522, 500, 0.44, 50, 100, 1, 25, 5000, 65
1, 27171, 99, 501, 502, 501, 502, 0.44, 50, 100, 1, 26, 5000, 65
1, 23309, 108, 442, 443, 442, 443, 0.44, 50, 100, 1, 20, 5000, 65
1, 15107, 71, 246, 247, 246, 247, 0.44, 50, 100, 1, 12, 5000, 65
0, 27750, 107, 520, 497, 520, 497, 0.44, 50, 100, 1, 25, 5000, 65
0, 27750, 101, 515, 514, 515, 514, 0.44, 50, 100, 1, 24, 5000, 65
0, 27750, 120, 535, 521, 535, 521, 0.44, 50, 100, 1, 25, 5000, 65
1, 16599, 111, 300, 301, 300, 301, 0.44, 50, 100, 1, 14, 5000, 65
0, 27750, 111, 524, 509, 524, 509, 0.44, 50, 100, 1, 33, 5000, 65
0, 27750, 125, 532, 512, 532, 512, 0.44, 50, 100, 1, 24, 5000, 65
0, 27750, 101, 518, 505, 518, 505, 0.44, 50, 100, 1, 34, 5000, 65
0, 27750, 93, 521, 517, 521, 517, 0.44, 50, 100, 1, 29, 5000, 65
0, 27750, 109, 538, 524, 538, 524, 0.44, 50, 100, 1, 25, 5000, 65
0, 27750, 102, 523, 497, 523, 497, 0.44, 50, 100, 1, 27, 5000, 65
1, 22165, 110, 417, 418, 417, 418, 0.44, 50, 100, 1, 22, 5000, 65
0, 27750, 104, 523, 495, 523, 495, 0.44, 50, 100, 1, 28, 5000, 65
1, 20103, 99, 343, 344, 343, 344, 0.44, 50, 100, 1, 19, 5000, 65
1, 15604, 89, 274, 275, 274, 275, 0.44, 50, 100, 1, 13, 5000, 65
0, 27750, 109, 529, 496, 529, 496, 0.44, 50, 100, 1, 29, 5000, 65
0, 27750, 101, 520, 512, 520, 512, 0.44, 50, 100, 1, 28, 5000, 65
0, 27750, 108, 534, 510, 534, 510, 0.44, 50, 100, 1, 25, 5000, 65
0, 27750, 122, 526, 507, 526, 507, 0.44, 50, 100, 1, 26, 5000, 65
0, 27750, 95, 507, 498, 507, 498, 0.44, 50, 100, 1, 24, 5000, 65
1, 12449, 121, 218, 219, 218, 219, 0.44, 50, 100, 1, 10, 5000, 65
0, 27750, 105, 528, 509, 528, 509, 0.44, 50, 100, 1, 26, 5000, 65
0, 27750, 100, 513, 500, 513, 500, 0.44, 50, 100, 1, 25, 5000, 65
0, 27750, 113, 527, 511, 527, 511, 0.44, 50, 100, 1, 28, 5000, 65
0, 27750, 116, 524, 501, 524, 501, 0.44, 50, 100, 1, 26, 5000, 65
1, 18373, 110, 337, 338, 337, 338, 0.44, 50, 100, 1, 16, 5000, 65
1, 12191, 122, 220, 221, 220, 221, 0.44, 50, 100, 1, 9, 5000, 65
1, 16161, 102, 283, 284, 283, 284, 0.44, 50, 100, 1, 15, 5000, 65
0, 27750, 95, 517, 506, 517, 506, 0.44, 50, 100, 1, 28, 5000, 65
1, 22477, 99, 412, 413, 412, 413, 0.44, 50, 100, 1, 18, 5000, 65
0, 27750, 116, 537, 512, 537, 512, 0.44, 50, 100, 1, 29, 5000, 65
0, 27750, 88, 520, 499, 520, 499, 0.44, 50, 100, 1, 24, 5000, 65
0, 27750, 109, 532, 502, 532, 502, 0.44, 50, 100, 1, 28, 5000, 65
0, 27750, 96, 533, 499, 533, 499, 0.44, 50, 100, 1, 28, 5000, 65
0, 27750, 105, 523, 511, 523, 511, 0.44, 50, 100, 1, 26, 5000, 65
1, 13137, 91, 213, 214, 213, 214, 0.44, 50, 100, 1, 10, 5000, 65
1, 13428, 99, 233, 234, 233, 234, 0.44, 50, 100, 1, 10, 5000, 65
0, 27750, 96, 516, 497, 516, 497, 0.44, 50, 100, 1, 29, 5000, 65
0, 27750, 98, 520, 514, 520, 514, 0.44, 50, 100, 1, 27, 5000, 65
0, 27750, 115, 538, 500, 538, 500, 0.44, 50, 100, 1, 29, 5000, 65
0, 27750, 98, 521, 489, 521, 489, 0.44, 50, 100, 1, 24, 5000, 65
1, 26568, 107, 492, 493, 492, 493, 0.44, 50, 100, 1, 23, 5000, 65
0, 27750, 118, 518, 508, 518, 508, 0.44, 50, 100, 1, 25, 5000, 65
1, 9601, 98, 163, 169, 163, 169, 0.44, 50, 100, 1, 6, 5000, 65
0, 27750, 112, 530, 520, 530, 520, 0.44, 50, 100, 1, 27, 5000, 65
0, 27750, 96, 514, 492, 514, 492, 0.44, 50, 100, 1, 27, 5000, 65
0, 27750, 101, 516, 484, 516, 484, 0.44, 50, 100, 1, 27, 5000, 65
1, 10626, 116, 188, 189, 188, 189, 0.44, 50, 100, 1, 7, 5000, 65
0, 27750, 96, 504, 481, 504, 481, 0.44, 50, 100, 1, 25, 5000, 65
1, 10531, 109, 178, 179, 178, 179, 0.44, 50, 100, 1, 6, 5000, 65
0, 27750, 77, 507, 470, 507, 470, 0.44, 50, 100, 1, 25, 5000, 65
0, 27750, 91, 517, 498, 517, 498, 0.44, 50, 100, 1, 25, 5000, 65
1, 11087, 87, 160, 161, 160, 161, 0.44, 50, 100, 1, 8, 5000, 65
0, 27750, 106, 520, 506, 520, 506, 0.44, 50, 100, 1, 26, 5000, 65
0, 27750, 97, 517, 511, 517, 511, 0.44, 50, 100, 1, 27, 5000, 65
1, 12157, 104, 202, 203, 202, 203, 0.44, 50, 100, 1, 10, 5000, 65
0, 27750, 97, 530, 516, 530, 516, 0.44, 50, 100, 1, 27, 5000, 65
1, 11605, 117, 185, 186, 185, 186, 0.44, 50, 100, 1, 8, 5000, 65
0, 27750, 107, 526, 512, 526, 512, 0.44, 50, 100, 1, 28, 5000, 65
1, 10601, 107, 184, 185, 184, 185, 0.44, 50, 100, 1, 7, 5000, 65
1, 21160, 100, 388, 389, 388, 389, 0.44, 50, 100, 1, 19, 5000, 65
1, 10085, 106, 171, 174, 171, 174, 0.44, 50, 100, 1, 7, 5000, 65
0, 27750, 107, 535, 511, 535, 511, 0.44, 50, 100, 1, 25, 5000, 65
1, 12251, 102, 219, 220, 219, 220, 0.44, 50, 100, 1, 9, 5000, 65
0, 27750, 112, 531, 511, 531, 511, 0.44, 50, 100, 1, 24, 5000, 65
0, 27750, 100, 519, 499, 519, 499, 0.44, 50, 100, 1, 27, 5000, 65
1, 16220, 119, 310, 311, 310, 311, 0.44, 50, 100, 1, 13, 5000, 65
1, 10021, 94, 159, 162, 159, 162, 0.44, 50, 100, 1, 6, 5000, 65
0, 27750, 107, 531, 514, 531, 514, 0.44, 50, 100, 1, 29, 5000, 65
0, 27750, 100, 524, 494, 524, 494, 0.44, 50, 100, 1, 27, 5000, 65
0, 27750, 95, 518, 505, 518, 505, 0.44, 50, 100, 1, 25, 5000, 65
1, 14518, 100, 242, 243, 242, 243, 0.44, 50, 100, 1, 12, 5000, 65
0, 27750, 76, 505, 493, 505, 493, 0.44, 50, 100, 1, 27, 5000, 65
0, 27750, 108, 526, 497, 526, 497, 0.44, 50, 100, 1, 27, 5000, 65
1, 15191, 111, 279, 280, 279, 280, 0.44, 50, 100, 1, 14, 5000, 65
0, 27750, 105, 520, 492, 520, 492, 0.44, 50, 100, 1, 28, 5000, 65
1, 10817, 96, 161, 173, 161, 173, 0.44, 50, 100, 1, 8, 5000, 65
0, 27750, 97, 534, 502, 534, 502, 0.44, 50, 100, 1, 29, 5000, 65
0, 27750, 86, 495, 488, 495, 488, 0.44, 50, 100, 1, 30, 5000, 65
0, 27750, 99, 513, 485, 513, 485, 0.44, 50, 100, 1, 26, 5000, 65
0, 27750, 93, 506, 479, 506, 479, 0.44, 50, 100, 1, 32, 5000, 65
1, 11029, 103, 186, 187, 186, 187, 0.44, 50, 100, 1, 9, 5000, 65
0, 27750, 102, 524, 503, 524, 503, 0.44, 50, 100, 1, 26, 5000, 65
0, 27750, 112, 542, 520, 542, 520, 0.44, 50, 100, 1, 33, 5000, 65
1, 12467, 97, 211, 212, 211, 212, 0.44, 50, 100, 1, 9, 5000, 65
0, 27750, 99, 506, 493, 506, 493, 0.44, 50, 100, 1, 27, 5000, 65
0, 27750, 111, 530, 514, 530, 514, 0.44, 50, 100, 1, 24, 5000, 65
1, 15408, 103, 257, 258, 257, 258, 0.44, 50, 100, 1, 11, 5000, 65
1, 22936, 86, 406, 407, 406, 407, 0.44, 50, 100, 1, 21, 5000, 65
0, 27750, 90, 527, 485, 527, 485, 0.44, 50, 100, 1, 24, 5000, 65
0, 27750, 101, 514, 495, 514, 495, 0.44, 50, 100, 1, 25, 5000, 65
1, 9809, 86, 161, 164, 161, 164, 0.44, 50, 100, 1, 8, 5000, 75
0, 27750, 107, 525, 504, 525, 504, 0.44, 50, 100, 1, 25, 5000, 65
0, 27750, 109, 513, 472, 513, 472, 0.44, 50, 100, 1, 24, 5000, 65
0, 27750, 114, 532, 500, 532, 500, 0.44, 50, 100, 1, 26, 5000, 65
1, 17218, 98, 287, 288, 287, 288, 0.44, 50, 100, 1, 13, 5000, 75
1, 26671, 90, 468, 469, 468, 469, 0.44, 50, 100, 1, 25, 5000, 75
1, 12016, 102, 204, 205, 204, 205, 0.44, 50, 100, 1, 8, 5000, 75
0, 31250, 102, 611, 577, 611, 577, 0.44, 50, 100, 1, 29, 5000, 75
1, 20586, 103, 363, 364, 363, 364, 0.44, 50, 100, 1, 18, 5000, 75
0, 31250, 99, 586, 573, 586, 573, 0.44, 50, 100, 1, 31, 5000, 75
1, 14446, 107, 250, 251, 250, 251, 0.44, 50, 100, 1, 14, 5000, 75
1, 10474, 95, 171, 172, 171, 172, 0.44, 50, 100, 1, 10, 5000, 75
1, 20947, 95, 379, 380, 379, 380, 0.44, 50, 100, 1, 21, 5000, 75
1, 12566, 119, 231, 232, 231, 232, 0.44, 50, 100, 1, 12, 5000, 75
1, 11788, 104, 191, 192, 191, 192, 0.44, 50, 100, 1, 8, 5000, 75
1, 13776, 96, 208, 209, 208, 209, 0.44, 50, 100, 1, 10, 5000, 75
0, 31250, 104, 602, 579, 602, 579, 0.44, 50, 100, 1, 28, 5000, 75
0, 31250, 92, 568, 548, 568, 548, 0.44, 50, 100, 1, 35, 5000, 75
0, 31250, 101, 572, 544, 572, 544, 0.44, 50, 100, 1, 28, 5000, 75
1, 22798, 93, 401, 402, 401, 402, 0.44, 50, 100, 1, 20, 5000, 75
0, 31250, 104, 605, 578, 605, 578, 0.44, 50, 100, 1, 29, 5000, 75
1, 19124, 102, 344, 345, 344, 345, 0.44, 50, 100, 1, 16, 5000, 75
0, 31250, 89, 571, 544, 571, 544, 0.44, 50, 100, 1, 29, 5000, 75
0, 31250, 99, 564, 553, 564, 553, 0.44, 50, 100, 1, 29, 5000, 75
0, 31250, 107, 583, 565, 583, 565, 0.44, 50, 100, 1, 28, 5000, 75
0, 31250, 110, 597, 575, 597, 575, 0.44, 50, 100, 1, 34, 5000, 75
1, 19617, 94, 340, 341, 340, 341, 0.44, 50, 100, 1, 16, 5000, 75
1, 12727, 116, 207, 208, 207, 208, 0.44, 50, 100, 1, 9, 5000, 75
0, 31250, 102, 590, 560, 590, 560, 0.44, 50, 100, 1, 35, 5000, 75
0, 31250, 111, 608, 599, 608, 599, 0.44, 50, 100, 1, 33, 5000, 75
0, 31250, 92, 564, 545, 564, 545, 0.44, 50, 100, 1, 30, 5000, 75
1, 13377, 113, 239, 240, 239, 240, 0.44, 50, 100, 1, 10, 5000, 75
0, 31250, 102, 579, 547, 579, 547, 0.44, 50, 100, 1, 30, 5000, 75
1, 28370, 90, 506, 507, 506, 507, 0.44, 50, 100, 1, 27, 5000, 75
0, 31250, 89, 576, 566, 576, 566, 0.44, 50, 100, 1, 33, 5000, 75
0, 31250, 98, 585, 577, 585, 577, 0.44, 50, 100, 1, 33, 5000, 75
1, 20518, 103, 385, 386, 385, 386, 0.44, 50, 100, 1, 17, 5000, 75
0, 31250, 104, 582, 572, 582, 572, 0.44, 50, 100, 1, 32, 5000, 75
0, 31250, 107, 577, 562, 577, 562, 0.44, 50, 100, 1, 34, 5000, 75
0, 31250, 114, 588, 573, 588, 573, 0.44, 50, 100, 1, 29, 5000, 75
0, 31250, 88, 562, 552, 562, 552, 0.44, 50, 100, 1, 30, 5000, 75
0, 31250, 103, 590, 568, 590, 568, 0.44, 50, 100, 1, 28, 5000, 75
1, 18618, 107, 344, 345, 344, 345, 0.44, 50, 100, 1, 15, 5000, 75
0, 31250, 110, 594, 559, 594, 559, 0.44, 50, 100, 1, 33, 5000, 75
0, 31250, 104, 583, 549, 583, 549, 0.44, 50, 100, 1, 34, 5000, 75
0, 31250, 92, 587, 563, 587, 563, 0.44, 50, 100, 1, 29, 5000, 75
0, 31250, 95, 598, 595, 598, 595, 0.44, 50, 100, 1, 30, 5000, 75
1, 10873, 104, 181, 182, 181, 182, 0.44, 50, 100, 1, 8, 5000, 75
0, 31250, 104, 604, 569, 604, 569, 0.44, 50, 100, 1, 33, 5000, 75
0, 31250, 107, 600, 579, 600, 579, 0.44, 50, 100, 1, 29, 5000, 75
0, 31250, 112, 591, 589, 591, 589, 0.44, 50, 100, 1, 33, 5000, 75
0, 31250, 100, 588, 563, 588, 563, 0.44, 50, 100, 1, 31, 5000, 75
0, 31250, 108, 599, 574, 599, 574, 0.44, 50, 100, 1, 31, 5000, 75
0, 31250, 89, 566, 562, 566, 562, 0.44, 50, 100, 1, 29, 5000, 75
1, 14616, 118, 258, 259, 258, 259, 0.44, 50, 100, 1, 16, 5000, 75
1, 25315, 98, 460, 461, 460, 461, 0.44, 50, 100, 1, 23, 5000, 75
0, 31250, 98, 582, 564, 582, 564, 0.44, 50, 100, 1, 34, 5000, 75
0, 31250, 104, 612, 588, 612, 588, 0.44, 50, 100, 1, 34, 5000, 75
0, 31250, 113, 597, 582, 597, 582, 0.44, 50, 100, 1, 29, 5000, 75
0, 31250, 102, 594, 562, 594, 562, 0.44, 50, 100, 1, 33, 5000, 75
0, 31250, 111, 590, 572, 590, 572, 0.44, 50, 100, 1, 29, 5000, 75
1, 11924, 108, 208, 209, 208, 209, 0.44, 50, 100, 1, 9, 5000, 75
0, 31250, 100, 584, 578, 584, 578, 0.44, 50, 100, 1, 32, 5000, 75
1, 10230, 97, 172, 173, 172, 173, 0.44, 50, 100, 1, 7, 5000, 75
0, 31250, 117, 593, 568, 593, 568, 0.44, 50, 100, 1, 32, 5000, 75
0, 31250, 111, 597, 575, 597, 575, 0.44, 50, 100, 1, 33, 5000, 75
0, 31250, 105, 579, 566, 579, 566, 0.44, 50, 100, 1, 32, 5000, 75
0, 31250, 100, 589, 563, 589, 563, 0.44, 50, 100, 1, 32, 5000, 75
1, 17544, 106, 325, 326, 325, 326, 0.44, 50, 100, 1, 19, 5000, 75
1, 18982, 100, 324, 325, 324, 325, 0.44, 50, 100, 1, 17, 5000, 75
0, 31250, 88, 596, 564, 596, 564, 0.44, 50, 100, 1, 33, 5000, 75
0, 31250, 106, 582, 557, 582, 557, 0.44, 50, 100, 1, 30, 5000, 75
1, 24393, 95, 438, 439, 438, 439, 0.44, 50, 100, 1, 25, 5000, 75
0, 31250, 106, 594, 572, 594, 572, 0.44, 50, 100, 1, 35, 5000, 75
1, 29168, 96, 542, 543, 542, 543, 0.44, 50, 100, 1, 28, 5000, 75
0, 31250, 92, 596, 575, 596, 575, 0.44, 50, 100, 1, 37, 5000, 75
1, 18950, 99, 335, 336, 335, 336, 0.44, 50, 100, 1, 16, 5000, 75
0, 31250, 102, 598, 578, 598, 578, 0.44, 50, 100, 1, 37, 5000, 75
1, 30217, 104, 570, 571, 570, 571, 0.44, 50, 100, 1, 32, 5000, 75
1, 14103, 104, 257, 258, 257, 258, 0.44, 50, 100, 1, 11, 5000, 75
0, 31250, 103, 594, 558, 594, 558, 0.44, 50, 100, 1, 36, 5000, 75
0, 31250, 106, 595, 589, 595, 589, 0.44, 50, 100, 1, 32, 5000, 75
0, 31250, 102, 599, 590, 599, 590, 0.44, 50, 100, 1, 28, 5000, 75
0, 31250, 96, 578, 557, 578, 557, 0.44, 50, 100, 1, 31, 5000, 75
1, 21241, 105, 381, 382, 381, 382, 0.44, 50, 100, 1, 19, 5000, 75
0, 31250, 95, 583, 556, 583, 556, 0.44, 50, 100, 1, 29, 5000, 75
0, 31250, 104, 588, 572, 588, 572, 0.44, 50, 100, 1, 28, 5000, 75
1, 14358, 94, 242, 243, 242, 243, 0.44, 50, 100, 1, 12, 5000, 75
0, 31250, 114, 603, 598, 603, 598, 0.44, 50, 100, 1, 30, 5000, 75
1, 20654, 103, 365, 366, 365, 366, 0.44, 50, 100, 1, 17, 5000, 75
0, 31250, 110, 592, 576, 592, 576, 0.44, 50, 100, 1, 30, 5000, 75
1, 11733, 115, 191, 192, 191, 192, 0.44, 50, 100, 1, 8, 5000, 75
0, 31250, 94, 571, 565, 571, 565, 0.44, 50, 100, 1, 29, 5000, 75
1, 17765, 110, 329, 330, 329, 330, 0.44, 50, 100, 1, 15, 5000, 75
0, 31250, 96, 593, 578, 593, 578, 0.44, 50, 100, 1, 29, 5000, 75
0, 31250, 98, 575, 561, 575, 561, 0.44, 50, 100, 1, 32, 5000, 75
1, 26414, 106, 483, 484, 483, 484, 0.44, 50, 100, 1, 22, 5000, 75
0, 31250, 106, 606, 583, 606, 583, 0.44, 50, 100, 1, 34, 5000, 75
1, 27857, 107, 529, 530, 529, 530, 0.44, 50, 100, 1, 27, 5000, 75
0, 31250, 103, 597, 556, 597, 556, 0.44, 50, 100, 1, 36, 5000, 75
1, 23078, 94, 421, 422, 421, 422, 0.44, 50, 100, 1, 27, 5000, 75
1, 11944, 107, 192, 193, 192, 193, 0.44, 50, 100, 1, 9, 5000, 85
0, 31250, 92, 584, 561, 584, 561, 0.44, 50, 100, 1, 32, 5000, 75
0, 31250, 92, 573, 557, 573, 557, 0.44, 50, 100, 1, 32, 5000, 75
0, 34750, 106, 666, 651, 666, 651, 0.44, 50, 100, 1, 36, 5000, 85
0, 34750, 105, 664, 638, 664, 638, 0.44, 50, 100, 1, 35, 5000, 85
1, 19504, 98, 353, 354, 353, 354, 0.44, 50, 100, 1, 16, 5000, 85
1, 11218, 104, 194, 195, 194, 195, 0.44, 50, 100, 1, 8, 5000, 85
0, 34750, 114, 673, 654, 673, 654, 0.44, 50, 100, 1, 42, 5000, 85
0, 34750, 94, 645, 629, 645, 629, 0.44, 50, 100, 1, 44, 5000, 85
0, 34750, 98, 669, 651, 669, 651, 0.44, 50, 100, 1, 39, 5000, 85
1, 12930, 106, 218, 219, 218, 219, 0.44, 50, 100, 1, 10, 5000, 85
0, 34750, 109, 670, 646, 670, 646, 0.44, 50, 100, 1, 35, 5000, 85
0, 34750, 110, 643, 615, 643, 615, 0.44, 50, 100, 1, 34, 5000, 85
0, 34750, 123, 685, 668, 685, 668, 0.44, 50, 100, 1, 35, 5000, 85
0, 34750, 105, 644, 630, 644, 630, 0.44, 50, 100, 1, 32, 5000, 85
1, 20427, 123, 372, 373, 372, 373, 0.44, 50, 100, 1, 19, 5000, 85
0, 34750, 103, 647, 629, 647, 629, 0.44, 50, 100, 1, 33, 5000, 85
1, 27315, 87, 490, 491, 490, 491, 0.44, 50, 100, 1, 26, 5000, 85
0, 34750, 103, 662, 639, 662, 639, 0.44, 50, 100, 1, 38, 5000, 85
0, 34750, 112, 674, 647, 674, 647, 0.44, 50, 100, 1, 38, 5000, 85
0, 34750, 82, 641, 626, 641, 626, 0.44, 50, 100, 1, 37, 5000, 85
1, 11181, 109, 194, 195, 194, 195, 0.44, 50, 100, 1, 9, 5000, 85
1, 22334, 110, 397, 398, 397, 398, 0.44, 50, 100, 1, 20, 5000, 85
0, 34750, 107, 641, 626, 641, 626, 0.44, 50, 100, 1, 40, 5000, 85
0, 34750, 108, 651, 645, 651, 645, 0.44, 50, 100, 1, 37, 5000, 85
1, 31487, 126, 602, 603, 602, 603, 0.44, 50, 100, 1, 38, 5000, 85
1, 31492, 101, 578, 579, 578, 579, 0.44, 50, 100, 1, 38, 5000, 85
1, 10838, 104, 190, 191, 190, 191, 0.44, 50, 100, 1, 7, 5000, 85
1, 15653, 100, 256, 257, 256, 257, 0.44, 50, 100, 1, 13, 5000, 85
0, 34750, 88, 637, 618, 637, 618, 0.44, 50, 100, 1, 33, 5000, 85
0, 34750, 110, 671, 650, 671, 650, 0.44, 50, 100, 1, 35, 5000, 85
0, 34750, 111, 675, 644, 675, 644, 0.44, 50, 100, 1, 35, 5000, 85
1, 18136, 97, 314, 315, 314, 315, 0.44, 50, 100, 1, 18, 5000, 85
1, 34456, 105, 642, 643, 642, 643, 0.44, 50, 100, 1, 35, 5000, 85
1, 10883, 102, 195, 196, 195, 196, 0.44, 50, 100, 1, 9, 5000, 85
0, 34750, 91, 658, 624, 658, 624, 0.44, 50, 100, 1, 37, 5000, 85
0, 34750, 108, 654, 636, 654, 636, 0.44, 50, 100, 1, 33, 5000, 85
1, 32227, 99, 595, 596, 595, 596, 0.44, 50, 100, 1, 33, 5000, 85
1, 11455, 89, 174, 175, 174, 175, 0.44, 50, 100, 1, 8, 5000, 85
0, 34750, 88, 639, 630, 639, 630, 0.44, 50, 100, 1, 31, 5000, 85
1, 30338, 90, 560, 561, 560, 561, 0.44, 50, 100, 1, 30, 5000, 85
0, 34750, 90, 661, 639, 661, 639, 0.44, 50, 100, 1, 35, 5000, 85
1, 32364, 91, 574, 575, 574, 575, 0.44, 50, 100, 1, 34, 5000, 85
1, 11625, 88, 173, 176, 173, 176, 0.44, 50, 100, 1, 8, 5000, 85
1, 25442, 89, 473, 474, 473, 474, 0.44, 50, 100, 1, 23, 5000, 85
1, 21173, 105, 383, 384, 383, 384, 0.44, 50, 100, 1, 21, 5000, 85
1, 11213, 94, 179, 182, 179, 182, 0.44, 50, 100, 1, 7, 5000, 85
0, 34750, 102, 648, 637, 648, 637, 0.44, 50, 100, 1, 36, 5000, 85
0, 34750, 121, 674, 658, 674, 658, 0.44, 50, 100, 1, 38, 5000, 85
1, 13843, 101, 234, 235, 234, 235, 0.44, 50, 100, 1, 10, 5000, 85
0, 34750, 100, 662, 644, 662, 644, 0.44, 50, 100, 1, 32, 5000, 85
0, 34750, 112, 649, 633, 649, 633, 0.44, 50, 100, 1, 37, 5000, 85
0, 34750, 111, 677, 663, 677, 663, 0.44, 50, 100, 1, 35, 5000, 85
0, 34750, 110, 678, 643, 678, 643, 0.44, 50, 100, 1, 45, 5000, 85
1, 28530, 109, 531, 532, 531, 532, 0.44, 50, 100, 1, 26, 5000, 85
0, 34750, 98, 662, 650, 662, 650, 0.44, 50, 100, 1, 33, 5000, 85
0, 34750, 91, 645, 616, 645, 616, 0.44, 50, 100, 1, 43, 5000, 85
0, 34750, 113, 660, 648, 660, 648, 0.44, 50, 100, 1, 41, 5000, 85
1, 27996, 96, 509, 510, 509, 510, 0.44, 50, 100, 1, 27, 5000, 85
1, 15308, 106, 268, 269, 268, 269, 0.44, 50, 100, 1, 16, 5000, 85
0, 34750, 87, 657, 635, 657, 635, 0.44, 50, 100, 1, 32, 5000, 85
0, 34750, 102, 652, 625, 652, 625, 0.44, 50, 100, 1, 43, 5000, 85
0, 34750, 108, 662, 650, 662, 650, 0.44, 50, 100, 1, 36, 5000, 85
1, 34134, 104, 643, 644, 643, 644, 0.44, 50, 100, 1, 32, 5000, 85
1, 34341, 93, 626, 627, 626, 627, 0.44, 50, 100, 1, 35, 5000, 85
1, 29114, 92, 522, 523, 522, 523, 0.44, 50, 100, 1, 31, 5000, 85
0, 34750, 91, 656, 633, 656, 633, 0.44, 50, 100, 1, 35, 5000, 85
1, 28829, 105, 533, 534, 533, 534, 0.44, 50, 100, 1, 30, 5000, 85
1, 24390, 98, 441, 442, 441, 442, 0.44, 50, 100, 1, 23, 5000, 85
1, 16769, 106, 299, 300, 299, 300, 0.44, 50, 100, 1, 17, 5000, 85
0, 34750, 123, 681, 654, 681, 654, 0.44, 50, 100, 1, 33, 5000, 85
0, 34750, 109, 670, 642, 670, 642, 0.44, 50, 100, 1, 34, 5000, 85
1, 14332, 112, 258, 259, 258, 259, 0.44, 50, 100, 1, 10, 5000, 85
0, 34750, 103, 665, 638, 665, 638, 0.44, 50, 100, 1, 36, 5000, 85
0, 34750, 96, 656, 628, 656, 628, 0.44, 50, 100, 1, 39, 5000, 85
1, 28335, 110, 531, 532, 531, 532, 0.44, 50, 100, 1, 31, 5000, 85
0, 34750, 95, 653, 645, 653, 645, 0.44, 50, 100, 1, 39, 5000, 85
1, 12733, 109, 216, 217, 216, 217, 0.44, 50, 100, 1, 11, 5000, 85
0, 34750, 106, 658, 645, 658, 645, 0.44, 50, 100, 1, 32, 5000, 85
1, 11461, 116, 201, 206, 201, 206, 0.44, 50, 100, 1, 10, 5000, 85
0, 34750, 93, 651, 632, 651, 632, 0.44, 50, 100, 1, 33, 5000, 85
1, 11506, 102, 187, 191, 187, 191, 0.44, 50, 100, 1, 8, 5000, 85
1, 32680, 102, 620, 621, 620, 621, 0.44, 50, 100, 1, 33, 5000, 85
0, 34750, 95, 651, 636, 651, 636, 0.44, 50, 100, 1, 40, 5000, 85
0, 34750, 87, 643, 628, 643, 628, 0.44, 50, 100, 1, 32, 5000, 85
1, 11717, 110, 195, 199, 195, 199, 0.44, 50, 100, 1, 8, 5000, 85
1, 12258, 96, 181, 182, 181, 182, 0.44, 50, 100, 1, 9, 5000, 85
0, 34750, 116, 672, 661, 672, 661, 0.44, 50, 100, 1, 42, 5000, 85
1, 11205, 99, 189, 190, 189, 190, 0.44, 50, 100, 1, 7, 5000, 85
0, 34750, 98, 647, 638, 647, 638, 0.44, 50, 100, 1, 41, 5000, 85
0, 34750, 104, 667, 651, 667, 651, 0.44, 50, 100, 1, 40, 5000, 85
0, 34750, 86, 642, 625, 642, 625, 0.44, 50, 100, 1, 36, 5000, 85
1, 34018, 95, 630, 631, 630, 631, 0.44, 50, 100, 1, 41, 5000, 85
0, 34750, 113, 661, 650, 661, 650, 0.44, 50, 100, 1, 37, 5000, 85
1, 12042, 115, 200, 208, 200, 208, 0.44, 50, 100, 1, 9, 5000, 85
0, 34750, 102, 680, 650, 680, 650, 0.44, 50, 100, 1, 33, 5000, 85
0, 34750, 110, 659, 645, 659, 645, 0.44, 50, 100, 1, 31, 5000, 85
1, 31179, 96, 585, 586, 585, 586, 0.44, 50, 100, 1, 35, 5000, 85
1, 12358, 92, 186, 187, 186, 187, 0.44, 50, 100, 1, 12, 5000, 85
1, 33637, 107, 637, 638, 637, 638, 0.44, 50, 100, 1, 31, 5000, 85
0, 34750, 94, 659, 646, 659, 646, 0.44, 50, 100, 1, 33, 5000, 85
0, 34750, 72, 642, 627, 642, 627, 0.44, 50, 100, 1, 33, 5000, 85
1, 13019, 107, 223, 224, 223, 224, 0.44, 50, 100, 1, 9, 5000, 95
1, 26581, 99, 482, 483, 482, 483, 0.44, 50, 100, 1, 27, 5000, 95
1, 36460, 110, 690, 691, 690, 691, 0.44, 50, 100, 1, 40, 5000, 95
1, 25422, 92, 470, 471, 470, 471, 0.44, 50, 100, 1, 28, 5000, 95
0, 38250, 96, 734, 701, 734, 701, 0.44, 50, 100, 1, 40, 5000, 95
1, 20845, 95, 362, 363, 362, 363, 0.44, 50, 100, 1, 19, 5000, 95
1, 20128, 98, 357, 358, 357, 358, 0.44, 50, 100, 1, 22, 5000, 95
1, 20013, 119, 362, 363, 362, 363, 0.44, 50, 100, 1, 23, 5000, 95
0, 38250, 99, 725, 710, 725, 710, 0.44, 50, 100, 1, 43, 5000, 95
0, 38250, 82, 695, 664, 695, 664, 0.44, 50, 100, 1, 41, 5000, 95
0, 38250, 113, 733, 714, 733, 714, 0.44, 50, 100, 1, 42, 5000, 95
1, 33173, 108, 616, 617, 616, 617, 0.44, 50, 100, 1, 37, 5000, 95
0, 38250, 107, 739, 724, 739, 724, 0.44, 50, 100, 1, 46, 5000, 95
0, 38250, 90, 733, 710, 733, 710, 0.44, 50, 100, 1, 45, 5000, 95
0, 38250, 92, 717, 700, 717, 700, 0.44, 50, 100, 1, 45, 5000, 95
0, 38250, 102, 730, 701, 730, 701, 0.44, 50, 100, 1, 37, 5000, 95
0, 38250, 94, 724, 701, 724, 701, 0.44, 50, 100, 1, 36, 5000, 95
0, 38250, 112, 752, 736, 752, 736, 0.44, 50, 100, 1, 47, 5000, 95
1, 12942, 113, 230, 231, 230, 231, 0.44, 50, 100, 1, 10, 5000, 95
0, 38250, 93, 726, 705, 726, 705, 0.44, 50, 100, 1, 45, 5000, 95
0, 38250, 110, 735, 718, 735, 718, 0.44, 50, 100, 1, 46, 5000, 95
0, 38250, 93, 726, 715, 726, 715, 0.44, 50, 100, 1, 46, 5000, 95
0, 38250, 73, 689, 679, 689, 679, 0.44, 50, 100, 1, 41, 5000, 95
0, 38250, 85, 712, 692, 712, 692, 0.44, 50, 100, 1, 39, 5000, 95
1, 13488, 109, 204, 210, 204, 210, 0.44, 50, 100, 1, 11, 5000, 95
1, 30447, 111, 570, 571, 570, 571, 0.44, 50, 100, 1, 34, 5000, 95
1, 12381, 88, 183, 192, 183, 192, 0.44, 50, 100, 1, 11, 5000, 95
0, 38250, 101, 741, 720, 741, 720, 0.44, 50, 100, 1, 42, 5000, 95
0, 38250, 102, 743, 726, 743, 726, 0.44, 50, 100, 1, 37, 5000, 95
1, 11846, 100, 195, 201, 195, 201, 0.44, 50, 100, 1, 11, 5000, 95
0, 38250, 110, 738, 704, 738, 704, 0.44, 50, 100, 1, 40, 5000, 95
1, 15832, 103, 276, 277, 276, 277, 0.44, 50, 100, 1, 12, 5000, 95
0, 38250, 106, 735, 725, 735, 725, 0.44, 50, 100, 1, 39, 5000, 95
1, 32427, 94, 600, 601, 600, 601, 0.44, 50, 100, 1, 35, 5000, 95
1, 23098, 113, 412, 413, 412, 413, 0.44, 50, 100, 1, 26, 5000, 95
0, 38250, 99, 731, 694, 731, 694, 0.44, 50, 100, 1, 43, 5000, 95
0, 38250, 101, 732, 716, 732, 716, 0.44, 50, 100, 1, 39, 5000, 95
0, 38250, 90, 714, 687, 714, 687, 0.44, 50, 100, 1, 38, 5000, 95
1, 32330, 111, 605, 606, 605, 606, 0.44, 50, 100, 1, 30, 5000, 95
0, 38250, 101, 731, 711, 731, 711, 0.44, 50, 100, 1, 37, 5000, 95
1, 25022, 102, 477, 478, 477, 478, 0.44, 50, 100, 1, 22, 5000, 95
1, 18154, 109, 331, 332, 331, 332, 0.44, 50, 100, 1, 17, 5000, 95
0, 38250, 86, 722, 693, 722, 693, 0.44, 50, 100, 1, 36, 5000, 95
1, 11604, 93, 188, 193, 188, 193, 0.44, 50, 100, 1, 10, 5000, 95
1, 36025, 75, 629, 630, 629, 630, 0.44, 50, 100, 1, 33, 5000, 95
1, 21975, 97, 408, 409, 408, 409, 0.44, 50, 100, 1, 20, 5000, 95
1, 16937, 106, 319, 320, 319, 320, 0.44, 50, 100, 1, 14, 5000, 95
1, 24903, 108, 463, 464, 463, 464, 0.44, 50, 100, 1, 21, 5000, 95
0, 38250, 100, 736, 707, 736, 707, 0.44, 50, 100, 1, 35, 5000, 95
0, 38250, 108, 759, 725, 759, 725, 0.44, 50, 100, 1, 40, 5000, 95
1, 21196, 75, 348, 349, 348, 349, 0.44, 50, 100, 1, 21, 5000, 95
1, 36433, 85, 681, 682, 681, 682, 0.44, 50, 100, 1, 44, 5000, 95
1, 37090, 88, 698, 699, 698, 699, 0.44, 50, 100, 1, 37, 5000, 95
1, 17294, 102, 321, 322, 321, 322, 0.44, 50, 100, 1, 15, 5000, 95
1, 35612, 104, 680, 681, 680, 681, 0.44, 50, 100, 1, 34, 5000, 95
0, 38250, 102, 739, 716, 739, 716, 0.44, 50, 100, 1, 38, 5000, 95
1, 12507, 97, 192, 197, 192, 197, 0.44, 50, 100, 1, 10, 5000, 95
1, 28177, 98, 524, 525, 524, 525, 0.44, 50, 100, 1, 34, 5000, 95
1, 26599, 106, 492, 493, 492, 493, 0.44, 50, 100, 1, 25, 5000, 95
0, 38250, 105, 734, 708, 734, 708, 0.44, 50, 100, 1, 46, 5000, 95
1, 29368, 101, 545, 546, 545, 546, 0.44, 50, 100, 1, 27, 5000, 95
1, 13174, 94, 208, 209, 208, 209, 0.44, 50, 100, 1, 10, 5000, 95
1, 19527, 105, 350, 351, 350, 351, 0.44, 50, 100, 1, 16, 5000, 95
0, 38250, 91, 720, 709, 720, 709, 0.44, 50, 100, 1, 37, 5000, 95
1, 18114, 118, 341, 342, 341, 342, 0.44, 50, 100, 1, 15, 5000, 95
0, 38250, 115, 736, 723, 736, 723, 0.44, 50, 100, 1, 37, 5000, 95
0, 38250, 110, 728, 713, 728, 713, 0.44, 50, 100, 1, 39, 5000, 95
1, 29692, 94, 547, 548, 547, 548, 0.44, 50, 100, 1, 26, 5000, 95
0, 38250, 95, 737, 704, 737, 704, 0.44, 50, 100, 1, 40, 5000, 95
0, 38250, 100, 731, 714, 731, 714, 0.44, 50, 100, 1, 35, 5000, 95
0, 38250, 118, 757, 738, 757, 738, 0.44, 50, 100, 1, 41, 5000, 95
0, 38250, 99, 722, 717, 722, 717, 0.44, 50, 100, 1, 40, 5000, 95
0, 38250, 119, 741, 728, 741, 728, 0.44, 50, 100, 1, 36, 5000, 95
0, 38250, 112, 748, 726, 748, 726, 0.44, 50, 100, 1, 39, 5000, 95
1, 13048, 97, 210, 211, 210, 211, 0.44, 50, 100, 1, 10, 5000, 95
0, 38250, 86, 729, 712, 729, 712, 0.44, 50, 100, 1, 41, 5000, 95
1, 19080, 97, 325, 326, 325, 326, 0.44, 50, 100, 1, 20, 5000, 95
1, 12714, 93, 207, 208, 207, 208, 0.44, 50, 100, 1, 10, 5000, 95
0, 38250, 96, 726, 701, 726, 701, 0.44, 50, 100, 1, 46, 5000, 95
0, 38250, 96, 734, 718, 734, 718, 0.44, 50, 100, 1, 46, 5000, 95
0, 38250, 103, 721, 702, 721, 702, 0.44, 50, 100, 1, 42, 5000, 95
0, 38250, 105, 726, 696, 726, 696, 0.44, 50, 100, 1, 41, 5000, 95
1, 12938, 116, 218, 219, 218, 219, 0.44, 50, 100, 1, 12, 5000, 95
1, 31759, 92, 590, 591, 590, 591, 0.44, 50, 100, 1, 32, 5000, 95
1, 14371, 106, 254, 255, 254, 255, 0.44, 50, 100, 1, 11, 5000, 95
0, 38250, 99, 723, 706, 723, 706, 0.44, 50, 100, 1, 42, 5000, 95
1, 32296, 114, 607, 608, 607, 608, 0.44, 50, 100, 1, 31, 5000, 95
0, 38250, 93, 728, 703, 728, 703, 0.44, 50, 100, 1, 42, 5000, 95
0, 38250, 116, 758, 726, 758, 726, 0.44, 50, 100, 1, 38, 5000, 95
1, 12295, 109, 219, 220, 219, 220, 0.44, 50, 100, 1, 9, 5000, 95
0, 38250, 101, 716, 713, 716, 713, 0.44, 50, 100, 1, 46, 5000, 95
1, 22189, 104, 413, 414, 413, 414, 0.44, 50, 100, 1, 21, 5000, 95
0, 38250, 88, 709, 703, 709, 703, 0.44, 50, 100, 1, 46, 5000, 95
0, 38250, 81, 703, 676, 703, 676, 0.44, 50, 100, 1, 44, 5000, 95
0, 38250, 97, 731, 716, 731, 716, 0.44, 50, 100, 1, 41, 5000, 95
0, 38250, 103, 739, 721, 739, 721, 0.44, 50, 100, 1, 41, 5000, 95
1, 29792, 112, 544, 545, 544, 545, 0.44, 50, 100, 1, 37, 5000, 95
1, 16589, 96, 287, 288, 287, 288, 0.44, 50, 100, 1, 13, 5000, 105
1, 28075, 105, 526, 527, 526, 527, 0.44, 50, 100, 1, 27, 5000, 95
0, 38250, 106, 741, 723, 741, 723, 0.44, 50, 100, 1, 39, 5000, 95
1, 23327, 95, 435, 436, 435, 436, 0.44, 50, 100, 1, 23, 5000, 105
0, 38250, 119, 750, 734, 750, 734, 0.44, 50, 100, 1, 37, 5000, 95
0, 41750, 104, 802, 783, 802, 783, 0.44, 50, 100, 1, 40, 5000, 105
0, 41750, 97, 786, 769, 786, 769, 0.44, 50, 100, 1, 41, 5000, 105
0, 41750, 79, 766, 742, 766, 742, 0.44, 50, 100, 1, 48, 5000, 105
1, 15040, 109, 260, 261, 260, 261, 0.44, 50, 100, 1, 14, 5000, 105
0, 41750, 110, 804, 781, 804, 781, 0.44, 50, 100, 1, 41, 5000, 105
0, 41750, 103, 815, 783, 815, 783, 0.44, 50, 100, 1, 52, 5000, 105
0, 41750, 87, 780, 765, 780, 765, 0.44, 50, 100, 1, 40, 5000, 105
0, 41750, 107, 817, 794, 817, 794, 0.44, 50, 100, 1, 51, 5000, 105
0, 41750, 110, 799, 783, 799, 783, 0.44, 50, 100, 1, 41, 5000, 105
1, 12579, 113, 218, 221, 218, 221, 0.44, 50, 100, 1, 9, 5000, 105
0, 41750, 117, 812, 802, 812, 802, 0.44, 50, 100, 1, 51, 5000, 105
0, 41750, 99, 783, 772, 783, 772, 0.44, 50, 100, 1, 42, 5000, 105
1, 17768, 108, 313, 314, 313, 314, 0.44, 50, 100, 1, 20, 5000, 105
1, 34778, 94, 636, 637, 636, 637, 0.44, 50, 100, 1, 35, 5000, 105
0, 41750, 85, 770, 759, 770, 759, 0.44, 50, 100, 1, 50, 5000, 105
0, 41750, 99, 786, 763, 786, 763, 0.44, 50, 100, 1, 41, 5000, 105
1, 14535, 102, 252, 253, 252, 253, 0.44, 50, 100, 1, 11, 5000, 105
1, 20088, 99, 358, 359, 358, 359, 0.44, 50, 100, 1, 17, 5000, 105
1, 36368, 98, 690, 691, 690, 691, 0.44, 50, 100, 1, 41, 5000, 105
0, 41750, 90, 794, 774, 794, 774, 0.44, 50, 100, 1, 45, 5000, 105
1, 36236, 111, 682, 683, 682, 683, 0.44, 50, 100, 1, 40, 5000, 105
1, 22766, 102, 421, 422, 421, 422, 0.44, 50, 100, 1, 20, 5000, 105
1, 38127, 110, 717, 718, 717, 718, 0.44, 50, 100, 1, 41, 5000, 105
1, 12582, 96, 224, 225, 224, 225, 0.44, 50, 100, 1, 9, 5000, 105
1, 15686, 104, 277, 278, 277, 278, 0.44, 50, 100, 1, 15, 5000, 105
0, 41750, 87, 774, 759, 774, 759, 0.44, 50, 100, 1, 52, 5000, 105
0, 41750, 101, 786, 782, 786, 782, 0.44, 50, 100, 1, 40, 5000, 105
0, 41750, 107, 813, 784, 813, 784, 0.44, 50, 100, 1, 53, 5000, 105
0, 41750, 98, 801, 772, 801, 772, 0.44, 50, 100, 1, 40, 5000, 105
1, 24772, 119, 463, 464, 463, 464, 0.44, 50, 100, 1, 21, 5000, 105
1, 33766, 93, 616, 617, 616, 617, 0.44, 50, 100, 1, 39, 5000, 105
1, 18875, 92, 324, 325, 324, 325, 0.44, 50, 100, 1, 19, 5000, 105
1, 21116, 90, 369, 370, 369, 370, 0.44, 50, 100, 1, 21, 5000, 105
1, 15408, 107, 274, 275, 274, 275, 0.44, 50, 100, 1, 14, 5000, 105
0, 41750, 95, 809, 790, 809, 790, 0.44, 50, 100, 1, 42, 5000, 105
1, 21871, 107, 406, 407, 406, 407, 0.44, 50, 100, 1, 20, 5000, 105
0, 41750, 96, 794, 777, 794, 777, 0.44, 50, 100, 1, 38, 5000, 105
0, 41750, 107, 803, 780, 803, 780, 0.44, 50, 100, 1, 47, 5000, 105
0, 41750, 107, 806, 795, 806, 795, 0.44, 50, 100, 1, 40, 5000, 105
1, 12533, 84, 189, 190, 189, 190, 0.44, 50, 100, 1, 9, 5000, 105
0, 41750, 107, 797, 786, 797, 786, 0.44, 50, 100, 1, 45, 5000, 105
0, 41750, 109, 803, 782, 803, 782, 0.44, 50, 100, 1, 50, 5000, 105
1, 21814, 105, 403, 404, 403, 404, 0.44, 50, 100, 1, 19, 5000, 105
1, 13980, 105, 253, 254, 253, 254, 0.44, 50, 100, 1, 13, 5000, 105
0, 41750, 86, 781, 767, 781, 767, 0.44, 50, 100, 1, 46, 5000, 105
0, 41750, 99, 803, 780, 803, 780, 0.44, 50, 100, 1, 44, 5000, 105
0, 41750, 93, 803, 787, 803, 787, 0.44, 50, 100, 1, 43, 5000, 105
1, 19765, 108, 364, 365, 364, 365, 0.44, 50, 100, 1, 22, 5000, 105
1, 25686, 101, 472, 473, 472, 473, 0.44, 50, 100, 1, 26, 5000, 105
0, 41750, 103, 792, 786, 792, 786, 0.44, 50, 100, 1, 51, 5000, 105
1, 37314, 99, 702, 703, 702, 703, 0.44, 50, 100, 1, 36, 5000, 105
1, 21725, 97, 379, 380, 379, 380, 0.44, 50, 100, 1, 25, 5000, 105
0, 41750, 106, 797, 773, 797, 773, 0.44, 50, 100, 1, 43, 5000, 105
1, 12571, 97, 214, 215, 214, 215, 0.44, 50, 100, 1, 9, 5000, 105
1, 30931, 110, 584, 585, 584, 585, 0.44, 50, 100, 1, 40, 5000, 105
0, 41750, 100, 810, 780, 810, 780, 0.44, 50, 100, 1, 50, 5000, 105
0, 41750, 112, 805, 788, 805, 788, 0.44, 50, 100, 1, 41, 5000, 105
1, 23206, 98, 408, 409, 408, 409, 0.44, 50, 100, 1, 24, 5000, 105
1, 35503, 105, 653, 654, 653, 654, 0.44, 50, 100, 1, 46, 5000, 105
0, 41750, 118, 813, 802, 813, 802, 0.44, 50, 100, 1, 40, 5000, 105
1, 30673, 103, 578, 579, 578, 579, 0.44, 50, 100, 1, 34, 5000, 105
1, 20677, 103, 373, 374, 373, 374, 0.44, 50, 100, 1, 17, 5000, 105
1, 25327, 98, 465, 466, 465, 466, 0.44, 50, 100, 1, 22, 5000, 105
0, 41750, 97, 797, 785, 797, 785, 0.44, 50, 100, 1, 44, 5000, 105
1, 17269, 106, 302, 303, 302, 303, 0.44, 50, 100, 1, 14, 5000, 105
0, 41750, 104, 801, 782, 801, 782, 0.44, 50, 100, 1, 47, 5000, 105
1, 12696, 92, 197, 198, 197, 198, 0.44, 50, 100, 1, 12, 5000, 105
0, 41750, 72, 748, 745, 748, 745, 0.44, 50, 100, 1, 41, 5000, 105
1, 26688, 101, 507, 508, 507, 508, 0.44, 50, 100, 1, 24, 5000, 105
0, 41750, 100, 783, 771, 783, 771, 0.44, 50, 100, 1, 47, 5000, 105
1, 40073, 99, 741, 742, 741, 742, 0.44, 50, 100, 1, 46, 5000, 105
1, 14027, 98, 234, 235, 234, 235, 0.44, 50, 100, 1, 11, 5000, 105
1, 17640, 109, 319, 320, 319, 320, 0.44, 50, 100, 1, 19, 5000, 105
1, 15199, 112, 277, 278, 277, 278, 0.44, 50, 100, 1, 11, 5000, 105
0, 41750, 93, 788, 777, 788, 777, 0.44, 50, 100, 1, 44, 5000, 105
0, 41750, 98, 788, 783, 788, 783, 0.44, 50, 100, 1, 41, 5000, 105
1, 31102, 83, 552, 553, 552, 553, 0.44, 50, 100, 1, 30, 5000, 105
0, 41750, 113, 811, 792, 811, 792, 0.44, 50, 100, 1, 43, 5000, 105
0, 41750, 95, 778, 760, 778, 760, 0.44, 50, 100, 1, 40, 5000, 105
1, 15182, 89, 251, 252, 251, 252, 0.44, 50, 100, 1, 12, 5000, 105
0, 41750, 103, 805, 786, 805, 786, 0.44, 50, 100, 1, 44, 5000, 105
0, 41750, 101, 796, 770, 796, 770, 0.44, 50, 100, 1, 40, 5000, 105
1, 25104, 112, 475, 476, 475, 476, 0.44, 50, 100, 1, 28, 5000, 105
0, 41750, 95, 805, 782, 805, 782, 0.44, 50, 100, 1, 43, 5000, 105
0, 41750, 84, 786, 772, 786, 772, 0.44, 50, 100, 1, 46, 5000, 105
1, 40698, 97, 743, 744, 743, 744, 0.44, 50, 100, 1, 39, 5000, 105
1, 12666, 104, 209, 214, 209, 214, 0.44, 50, 100, 1, 9, 5000, 105
1, 39260, 93, 736, 737, 736, 737, 0.44, 50, 100, 1, 42, 5000, 105
1, 33933, 91, 626, 627, 626, 627, 0.44, 50, 100, 1, 38, 5000, 105
1, 30453, 98, 571, 572, 571, 572, 0.44, 50, 100, 1, 27, 5000, 105
0, 41750, 111, 821, 804, 821, 804, 0.44, 50, 100, 1, 47, 5000, 105
0, 41750, 105, 796, 775, 796, 775, 0.44, 50, 100, 1, 45, 5000, 105
0, 41750, 109, 805, 771, 805, 771, 0.44, 50, 100, 1, 43, 5000, 105
0, 41750, 98, 793, 780, 793, 780, 0.44, 50, 100, 1, 44, 5000, 105
0, 41750, 104, 812, 796, 812, 796, 0.44, 50, 100, 1, 42, 5000, 105
1, 14472, 106, 256, 260, 256, 260, 0.44, 50, 100, 1, 11, 5000, 150
0, 41750, 97, 803, 771, 803, 771, 0.44, 50, 100, 1, 39, 5000, 105
1, 22715, 101, 413, 414, 413, 414, 0.44, 50, 100, 1, 24, 5000, 150
1, 30566, 104, 570, 571, 570, 571, 0.44, 50, 100, 1, 37, 5000, 105
0, 41750, 103, 800, 782, 800, 782, 0.44, 50, 100, 1, 48, 5000, 105
1, 17072, 85, 283, 284, 283, 284, 0.44, 50, 100, 1, 17, 5000, 150
1, 23767, 99, 423, 424, 423, 424, 0.44, 50, 100, 1, 23, 5000, 150
0, 57500, 105, 1114, 1086, 1114, 1086, 0.44, 50, 100, 1, 57, 5000, 150
1, 13645, 92, 242, 244, 242, 244, 0.44, 50, 100, 1, 14, 5000, 150
1, 26194, 89, 475, 476, 475, 476, 0.44, 50, 100, 1, 23, 5000, 150
0, 57500, 99, 1101, 1076, 1101, 1076, 0.44, 50, 100, 1, 61, 5000, 150
1, 39749, 110, 752, 753, 752, 753, 0.44, 50, 100, 1, 39, 5000, 150
1, 14539, 105, 255, 257, 255, 257, 0.44, 50, 100, 1, 14, 5000, 150
1, 25823, 96, 460, 461, 460, 461, 0.44, 50, 100, 1, 32, 5000, 150
0, 57500, 87, 1086, 1071, 1086, 1071, 0.44, 50, 100, 1, 59, 5000, 150
1, 31854, 118, 610, 611, 610, 611, 0.44, 50, 100, 1, 35, 5000, 150
0, 57500, 113, 1115, 1093, 1115, 1093, 0.44, 50, 100, 1, 66, 5000, 150
1, 36873, 114, 711, 712, 711, 712, 0.44, 50, 100, 1, 41, 5000, 150
1, 41649, 107, 792, 793, 792, 793, 0.44, 50, 100, 1, 47, 5000, 150
1, 20323, 125, 372, 373, 372, 373, 0.44, 50, 100, 1, 19, 5000, 150
1, 27849, 118, 525, 526, 525, 526, 0.44, 50, 100, 1, 35, 5000, 150
1, 21733, 103, 394, 395, 394, 395, 0.44, 50, 100, 1, 22, 5000, 150
1, 51740, 96, 1001, 1002, 1001, 1002, 0.44, 50, 100, 1, 61, 5000, 150
1, 34435, 107, 643, 644, 643, 644, 0.44, 50, 100, 1, 40, 5000, 150
0, 57500, 113, 1114, 1090, 1114, 1090, 0.44, 50, 100, 1, 68, 5000, 150
1, 54675, 101, 1063, 1064, 1063, 1064, 0.44, 50, 100, 1, 64, 5000, 150
1, 30781, 98, 576, 577, 576, 577, 0.44, 50, 100, 1, 31, 5000, 150
1, 23308, 104, 418, 419, 418, 419, 0.44, 50, 100, 1, 21, 5000, 150
0, 57500, 90, 1107, 1086, 1107, 1086, 0.44, 50, 100, 1, 65, 5000, 150
1, 31538, 101, 562, 563, 562, 563, 0.44, 50, 100, 1, 29, 5000, 150
1, 25679, 106, 483, 484, 483, 484, 0.44, 50, 100, 1, 30, 5000, 150
1, 19824, 112, 362, 363, 362, 363, 0.44, 50, 100, 1, 17, 5000, 150
0, 57500, 98, 1112, 1092, 1112, 1092, 0.44, 50, 100, 1, 70, 5000, 150
0, 57500, 103, 1119, 1074, 1119, 1074, 0.44, 50, 100, 1, 67, 5000, 150
1, 27854, 104, 527, 528, 527, 528, 0.44, 50, 100, 1, 28, 5000, 150
0, 57500, 96, 1111, 1083, 1111, 1083, 0.44, 50, 100, 1, 77, 5000, 150
0, 57500, 80, 1092, 1072, 1092, 1072, 0.44, 50, 100, 1, 68, 5000, 150
1, 14639, 104, 254, 261, 254, 261, 0.44, 50, 100, 1, 13, 5000, 150
0, 57500, 100, 1117, 1097, 1117, 1097, 0.44, 50, 100, 1, 60, 5000, 150
1, 15165, 91, 253, 254, 253, 254, 0.44, 50, 100, 1, 11, 5000, 150
1, 21203, 103, 375, 376, 375, 376, 0.44, 50, 100, 1, 22, 5000, 150
0, 57500, 92, 1105, 1081, 1105, 1081, 0.44, 50, 100, 1, 67, 5000, 150
0, 57500, 103, 1122, 1096, 1122, 1096, 0.44, 50, 100, 1, 58, 5000, 150
0, 57500, 94, 1121, 1100, 1121, 1100, 0.44, 50, 100, 1, 69, 5000, 150
0, 57500, 119, 1128, 1109, 1128, 1109, 0.44, 50, 100, 1, 72, 5000, 150
1, 41234, 85, 770, 771, 770, 771, 0.44, 50, 100, 1, 42, 5000, 150
1, 34935, 113, 649, 650, 649, 650, 0.44, 50, 100, 1, 36, 5000, 150
0, 57500, 93, 1095, 1076, 1095, 1076, 0.44, 50, 100, 1, 61, 5000, 150
1, 21548, 108, 383, 384, 383, 384, 0.44, 50, 100, 1, 22, 5000, 150
1, 49109, 112, 937, 938, 937, 938, 0.44, 50, 100, 1, 57, 5000, 150
0, 57500, 88, 1114, 1083, 1114, 1083, 0.44, 50, 100, 1, 73, 5000, 150
1, 19058, 109, 354, 355, 354, 355, 0.44, 50, 100, 1, 20, 5000, 150
1, 42671, 100, 816, 817, 816, 817, 0.44, 50, 100, 1, 47, 5000, 150
1, 46913, 101, 898, 899, 898, 899, 0.44, 50, 100, 1, 58, 5000, 150
0, 57500, 108, 1117, 1104, 1117, 1104, 0.44, 50, 100, 1, 64, 5000, 150
1, 14881, 113, 263, 266, 263, 266, 0.44, 50, 100, 1, 11, 5000, 150
1, 15311, 101, 258, 259, 258, 259, 0.44, 50, 100, 1, 12, 5000, 150
1, 34303, 103, 653, 654, 653, 654, 0.44, 50, 100, 1, 32, 5000, 150
1, 17056, 98, 301, 302, 301, 302, 0.44, 50, 100, 1, 15, 5000, 150
0, 57500, 75, 1103, 1090, 1103, 1090, 0.44, 50, 100, 1, 73, 5000, 150
1, 15093, 105, 258, 259, 258, 259, 0.44, 50, 100, 1, 13, 5000, 150
0, 57500, 105, 1123, 1097, 1123, 1097, 0.44, 50, 100, 1, 68, 5000, 150
1, 56099, 101, 1071, 1072, 1071, 1072, 0.44, 50, 100, 1, 60, 5000, 150
1, 33804, 91, 618, 619, 618, 619, 0.44, 50, 100, 1, 44, 5000, 150
1, 18882, 114, 341, 342, 341, 342, 0.44, 50, 100, 1, 19, 5000, 150
0, 57500, 99, 1126, 1111, 1126, 1111, 0.44, 50, 100, 1, 76, 5000, 150
1, 50192, 116, 968, 969, 968, 969, 0.44, 50, 100, 1, 52, 5000, 150
1, 16132, 109, 283, 284, 283, 284, 0.44, 50, 100, 1, 14, 5000, 150
1, 13987, 109, 259, 261, 259, 261, 0.44, 50, 100, 1, 11, 5000, 150
1, 35787, 112, 681, 682, 681, 682, 0.44, 50, 100, 1, 35, 5000, 150
1, 28149, 105, 527, 528, 527, 528, 0.44, 50, 100, 1, 35, 5000, 150
0, 57500, 104, 1117, 1090, 1117, 1090, 0.44, 50, 100, 1, 62, 5000, 150
1, 49352, 121, 972, 973, 972, 973, 0.44, 50, 100, 1, 61, 5000, 150
1, 15068, 101, 256, 257, 256, 257, 0.44, 50, 100, 1, 13, 5000, 150
1, 28197, 113, 531, 532, 531, 532, 0.44, 50, 100, 1, 32, 5000, 150
0, 57500, 113, 1136, 1115, 1136, 1115, 0.44, 50, 100, 1, 62, 5000, 150
1, 21757, 107, 407, 408, 407, 408, 0.44, 50, 100, 1, 22, 5000, 150
1, 15645, 113, 268, 269, 268, 269, 0.44, 50, 100, 1, 15, 5000, 150
1, 35158, 109, 652, 653, 652, 653, 0.44, 50, 100, 1, 46, 5000, 150
0, 57500, 85, 1088, 1071, 1088, 1071, 0.44, 50, 100, 1, 68, 5000, 150
0, 57500, 110, 1131, 1093, 1131, 1093, 0.44, 50, 100, 1, 63, 5000, 150
1, 47325, 121, 908, 909, 908, 909, 0.44, 50, 100, 1, 53, 5000, 150
1, 22995, 100, 429, 430, 429, 430, 0.44, 50, 100, 1, 23, 5000, 150
1, 16800, 95, 296, 297, 296, 297, 0.44, 50, 100, 1, 18, 5000, 150
1, 25418, 113, 487, 488, 487, 488, 0.44, 50, 100, 1, 29, 5000, 150
1, 39147, 112, 748, 749, 748, 749, 0.44, 50, 100, 1, 43, 5000, 150
1, 45594, 92, 850, 851, 850, 851, 0.44, 50, 100, 1, 48, 5000, 150
0, 57500, 93, 1111, 1094, 1111, 1094, 0.44, 50, 100, 1, 68, 5000, 150
1, 14900, 113, 263, 267, 263, 267, 0.44, 50, 100, 1, 13, 5000, 150
1, 40430, 104, 768, 769, 768, 769, 0.44, 50, 100, 1, 45, 5000, 150
1, 56042, 84, 1048, 1049, 1048, 1049, 0.44, 50, 100, 1, 77, 5000, 150
1, 51617, 97, 990, 991, 990, 991, 0.44, 50, 100, 1, 70, 5000, 150
1, 19922, 91, 348, 349, 348, 349, 0.44, 50, 100, 1, 17, 5000, 150
1, 34030, 99, 619, 620, 619, 620, 0.44, 50, 100, 1, 32, 5000, 150
1, 20120, 89, 371, 372, 371, 372, 0.44, 50, 100, 1, 18, 5000, 150
0, 57500, 104, 1110, 1102, 1110, 1102, 0.44, 50, 100, 1, 63, 5000, 150
1, 34508, 92, 651, 652, 651, 652, 0.44, 50, 100, 1, 41, 5000, 150
0, 57500, 96, 1108, 1089, 1108, 1089, 0.44, 50, 100, 1, 66, 5000, 150
0, 57500, 105, 1124, 1100, 1124, 1100, 0.44, 50, 100, 1, 61, 5000, 150
1, 19143, 97, 333, 334, 333, 334, 0.44, 50, 100, 1, 19, 5000, 150
0, 57500, 88, 1097, 1073, 1097, 1073, 0.44, 50, 100, 1, 60, 5000, 150
0, 57500, 100, 1103, 1093, 1103, 1093, 0.44, 50, 100, 1, 54, 5000, 150
0, 57500, 109, 1112, 1092, 1112, 1092, 0.44, 50, 100, 1, 59, 5000, 150
0, 6750, 94, 118, 104, 118, 104, 0.44, 50, 100, 1, 3, 5000, 5
0, 6750, 111, 134, 128, 134, 128, 0.44, 50, 100, 1, 3, 5000, 5
0, 6750, 110, 137, 132, 137, 132, 0.44, 50, 100, 1, 3, 5000, 5
1, 5705, 95, 100, 101, 100, 101, 0.44, 50, 100, 1, 2, 5000, 5
1, 5541, 110, 115, 117, 115, 117, 0.44, 50, 100, 1, 2, 5000, 5
1, 5412, 105, 110, 111, 110, 111, 0.44, 50, 100, 1, 2, 5000, 5
0, 6750, 109, 132, 123, 132, 123, 0.44, 50, 100, 1, 3, 5000, 5
1, 5920, 107, 112, 118, 112, 118, 0.44, 50, 100, 1, 2, 5000, 5
0, 6750, 99, 116, 113, 116, 113, 0.44, 50, 100, 1, 3, 5000, 5
0, 6750, 106, 129, 128, 129, 128, 0.44, 50, 100, 1, 3, 5000, 5
0, 6750, 100, 128, 117, 128, 117, 0.44, 50, 100, 1, 3, 5000, 5
1, 6364, 98, 110, 111, 110, 111, 0.44, 50, 100, 1, 3, 5000, 5
0, 6750, 88, 115, 100, 115, 100, 0.44, 50, 100, 1, 3, 5000, 5
1, 5603, 99, 104, 105, 104, 105, 0.44, 50, 100, 1, 2, 5000, 5
1, 5888, 111, 116, 118, 116, 118, 0.44, 50, 100, 1, 2, 5000, 5
0, 6750, 104, 130, 118, 130, 118, 0.44, 50, 100, 1, 3, 5000, 5
0, 6750, 108, 128, 124, 128, 124, 0.44, 50, 100, 1, 3, 5000, 5
1, 5431, 99, 104, 105, 104, 105, 0.44, 50, 100, 1, 2, 5000, 5
1, 5752, 91, 96, 99, 96, 99, 0.44, 50, 100, 1, 2, 5000, 5
0, 6750, 96, 120, 111, 120, 111, 0.44, 50, 100, 1, 3, 5000, 5
1, 6044, 108, 113, 115, 113, 115, 0.44, 50, 100, 1, 2, 5000, 5
1, 5466, 101, 106, 107, 106, 107, 0.44, 50, 100, 1, 2, 5000, 5
0, 6750, 106, 127, 122, 127, 122, 0.44, 50, 100, 1, 3, 5000, 5
0, 6750, 116, 134, 128, 134, 128, 0.44, 50, 100, 1, 3, 5000, 5
1, 6257, 102, 114, 115, 114, 115, 0.44, 50, 100, 1, 2, 5000, 5
1, 5895, 100, 105, 110, 105, 110, 0.44, 50, 100, 1, 2, 5000, 5
1, 5813, 116, 121, 124, 121, 124, 0.44, 50, 100, 1, 2, 5000, 5
1, 5387, 96, 101, 103, 101, 103, 0.44, 50, 100, 1, 2, 5000, 5
1, 5637, 115, 120, 121, 120, 121, 0.44, 50, 100, 1, 2, 5000, 5
1, 5496, 96, 101, 102, 101, 102, 0.44, 50, 100, 1, 2, 5000, 5
0, 6750, 106, 122, 117, 122, 117, 0.44, 50, 100, 1, 3, 5000, 5
1, 5534, 109, 114, 115, 114, 115, 0.44, 50, 100, 1, 2, 5000, 5
0, 6750, 102, 122, 113, 122, 113, 0.44, 50, 100, 1, 3, 5000, 5
1, 5348, 104, 109, 110, 109, 110, 0.44, 50, 100, 1, 2, 5000, 5
1, 5873, 101, 106, 109, 106, 109, 0.44, 50, 100, 1, 2, 5000, 5
1, 5466, 90, 95, 96, 95, 96, 0.44, 50, 100, 1, 2, 5000, 5
0, 6750, 101, 126, 121, 126, 121, 0.44, 50, 100, 1, 3, 5000, 5
0, 6750, 112, 142, 132, 142, 132, 0.44, 50, 100, 1, 3, 5000, 5
1, 5462, 114, 119, 121, 119, 121, 0.44, 50, 100, 1, 2, 5000, 5
1, 6189, 108, 122, 123, 122, 123, 0.44, 50, 100, 1, 2, 5000, 5
0, 6750, 103, 128, 119, 128, 119, 0.44, 50, 100, 1, 3, 5000, 5
0, 6750, 97, 120, 113, 120, 113, 0.44, 50, 100, 1, 3, 5000, 5
1, 5258, 96, 101, 102, 101, 102, 0.44, 50, 100, 1, 2, 5000, 5
1, 5941, 101, 106, 109, 106, 109, 0.44, 50, 100, 1, 2, 5000, 5
1, 5553, 103, 108, 109, 108, 109, 0.44, 50, 100, 1, 2, 5000, 5
0, 6750, 107, 127, 117, 127, 117, 0.44, 50, 100, 1, 3, 5000, 5
1, 6293, 99, 111, 112, 111, 112, 0.44, 50, 100, 1, 2, 5000, 5
1, 5470, 92, 97, 98, 97, 98, 0.44, 50, 100, 1, 2, 5000, 5
0, 6750, 102, 119, 117, 119, 117, 0.44, 50, 100, 1, 3, 5000, 5
1, 5562, 90, 95, 97, 95, 97, 0.44, 50, 100, 1, 2, 5000, 5
1, 5377, 112, 117, 118, 117, 118, 0.44, 50, 100, 1, 2, 5000, 5
0, 6750, 95, 117, 109, 117, 109, 0.44, 50, 100, 1, 3, 5000, 5
1, 6161, 115, 127, 128, 127, 128, 0.44, 50, 100, 1, 3, 5000, 5
0, 6750, 82, 101, 92, 101, 92, 0.44, 50, 100, 1, 3, 5000, 5
1, 5710, 108, 113, 115, 113, 115, 0.44, 50, 100, 1, 2, 5000, 5
1, 5509, 100, 105, 106, 105, 106, 0.44, 50, 100, 1, 2, 5000, 5
1, 5827, 88, 94, 95, 94, 95, 0.44, 50, 100, 1, 2, 5000, 5
1, 5885, 113, 118, 120, 118, 120, 0.44, 50, 100, 1, 2, 5000, 5
1, 5890, 114, 122, 123, 122, 123, 0.44, 50, 100, 1, 2, 5000, 5
1, 5348, 110, 115, 116, 115, 116, 0.44, 50, 100, 1, 2, 5000, 5
0, 6750, 106, 123, 119, 123, 119, 0.44, 50, 100, 1, 3, 5000, 5
0, 6750, 111, 140, 132, 140, 132, 0.44, 50, 100, 1, 3, 5000, 5
0, 6750, 95, 117, 106, 117, 106, 0.44, 50, 100, 1, 3, 5000, 5
1, 5555, 110, 115, 116, 115, 116, 0.44, 50, 100, 1, 2, 5000, 5
1, 5995, 97, 108, 109, 108, 109, 0.44, 50, 100, 1, 2, 5000, 5
1, 5458, 120, 127, 128, 127, 128, 0.44, 50, 100, 1, 2, 5000, 5
1, 5872, 115, 120, 123, 120, 123, 0.44, 50, 100, 1, 2, 5000, 5
1, 5478, 85, 90, 92, 90, 92, 0.44, 50, 100, 1, 2, 5000, 5
0, 6750, 100, 121, 114, 121, 114, 0.44, 50, 100, 1, 3, 5000, 5
0, 6750, 114, 133, 131, 133, 131, 0.44, 50, 100, 1, 3, 5000, 5
1, 5877, 110, 117, 118, 117, 118, 0.44, 50, 100, 1, 2, 5000, 5
0, 6750, 105, 131, 123, 131, 123, 0.44, 50, 100, 1, 3, 5000, 5
0, 6750, 104, 136, 122, 136, 122, 0.44, 50, 100, 1, 3, 5000, 5
0, 6750, 91, 113, 100, 113, 100, 0.44, 50, 100, 1, 3, 5000, 5
1, 5607, 100, 105, 110, 105, 110, 0.44, 50, 100, 1, 2, 5000, 5
1, 5834, 96, 101, 102, 101, 102, 0.44, 50, 100, 1, 2, 5000, 5
1, 5768, 113, 118, 119, 118, 119, 0.44, 50, 100, 1, 2, 5000, 5
1, 5370, 109, 114, 115, 114, 115, 0.44, 50, 100, 1, 2, 5000, 5
0, 6750, 95, 117, 107, 117, 107, 0.44, 50, 100, 1, 3, 5000, 5
1, 5428, 93, 98, 100, 98, 100, 0.44, 50, 100, 1, 2, 5000, 5
1, 5528, 99, 104, 105, 104, 105, 0.44, 50, 100, 1, 2, 5000, 5
1, 5757, 102, 109, 110, 109, 110, 0.44, 50, 100, 1, 2, 5000, 5
1, 5432, 107, 112, 113, 112, 113, 0.44, 50, 100, 1, 2, 5000, 5
1, 5493, 113, 120, 121, 120, 121, 0.44, 50, 100, 1, 2, 5000, 5
1, 5528, 88, 93, 96, 93, 96, 0.44, 50, 100, 1, 2, 5000, 5
1, 6141, 109, 121, 122, 121, 122, 0.44, 50, 100, 1, 3, 5000, 5
1, 5614, 88, 95, 96, 95, 96, 0.44, 50, 100, 1, 2, 5000, 5
1, 6536, 100, 117, 118, 117, 118, 0.44, 50, 100, 1, 3, 5000, 5
1, 5683, 120, 126, 127, 126, 127, 0.44, 50, 100, 1, 2, 5000, 5
0, 6750, 118, 133, 131, 133, 131, 0.44, 50, 100, 1, 3, 5000, 5
1, 5574, 117, 122, 123, 122, 123, 0.44, 50, 100, 1, 2, 5000, 5
0, 6750, 113, 135, 124, 135, 124, 0.44, 50, 100, 1, 3, 5000, 5
1, 6601, 89, 111, 112, 111, 112, 0.44, 50, 100, 1, 3, 5000, 5
0, 6750, 111, 139, 124, 139, 124, 0.44, 50, 100, 1, 3, 5000, 5
1, 6067, 107, 117, 118, 117, 118, 0.44, 50, 100, 1, 2, 5000, 5
0, 6750, 96, 113, 107, 113, 107, 0.44, 50, 100, 1, 3, 5000, 5
1, 5322, 101, 106, 107, 106, 107, 0.44, 50, 100, 1, 2, 5000, 5
0, 6750, 100, 124, 123, 124, 123, 0.44, 50, 100, 1, 3, 5000, 5
0, 6750, 103, 123, 122, 123, 122, 0.44, 50, 100, 1, 3, 5000, 5
1, 5585, 107, 112, 119, 112, 119, 0.44, 50, 100, 1, 2, 5000, 5
0, 8500, 104, 149, 134, 149, 134, 0.44, 50, 100, 1, 5, 5000, 10
0, 8500, 117, 151, 143, 151, 143, 0.44, 50, 100, 1, 5, 5000, 10
1, 6171, 111, 121, 126, 121, 126, 0.44, 50, 100, 1, 2, 5000, 10
1, 5929, 118, 128, 129, 128, 129, 0.44, 50, 100, 1, 2, 5000, 10
0, 8500, 110, 170, 154, 170, 154, 0.44, 50, 100, 1, 5, 5000, 10
0, 8500, 111, 163, 140, 163, 140, 0.44, 50, 100, 1, 5, 5000, 10
1, 6365, 115, 125, 134, 125, 134, 0.44, 50, 100, 1, 3, 5000, 10
0, 8500, 97, 153, 129, 153, 129, 0.44, 50, 100, 1, 5, 5000, 10
0, 8500, 105, 145, 130, 145, 130, 0.44, 50, 100, 1, 5, 5000, 10
0, 8500, 99, 141, 134, 141, 134, 0.44, 50, 100, 1, 4, 5000, 10
1, 6120, 94, 104, 105, 104, 105, 0.44, 50, 100, 1, 2, 5000, 10
0, 8500, 98, 157, 142, 157, 142, 0.44, 50, 100, 1, 5, 5000, 10
0, 8500, 102, 142, 137, 142, 137, 0.44, 50, 100, 1, 5, 5000, 10
1, 7305, 104, 127, 128, 127, 128, 0.44, 50, 100, 1, 3, 5000, 10
0, 8500, 96, 144, 136, 144, 136, 0.44, 50, 100, 1, 5, 5000, 10
0, 8500, 107, 153, 139, 153, 139, 0.44, 50, 100, 1, 5, 5000, 10
1, 5834, 113, 123, 124, 123, 124, 0.44, 50, 100, 1, 2, 5000, 10
1, 6335, 88, 98, 101, 98, 101, 0.44, 50, 100, 1, 2, 5000, 10
1, 6241, 93, 103, 104, 103, 104, 0.44, 50, 100, 1, 3, 5000, 10
0, 8500, 88, 130, 125, 130, 125, 0.44, 50, 100, 1, 4, 5000, 10
0, 8500, 98, 139, 128, 139, 128, 0.44, 50, 100, 1, 4, 5000, 10
0, 8500, 111, 159, 152, 159, 152, 0.44, 50, 100, 1, 5, 5000, 10
1, 6026, 118, 128, 129, 128, 129, 0.44, 50, 100, 1, 2, 5000, 10
0, 8500, 94, 163, 137, 163, 137, 0.44, 50, 100, 1, 5, 5000, 10
0, 8500, 101, 143, 137, 143, 137, 0.44, 50, 100, 1, 5, 5000, 10
0, 8500, 105, 144, 141, 144, 141, 0.44, 50, 100, 1, 5, 5000, 10
1, 5927, 110, 120, 121, 120, 121, 0.44, 50, 100, 1, 2, 5000, 10
0, 8500, 112, 155, 145, 155, 145, 0.44, 50, 100, 1, 5, 5000, 10
0, 8500, 98, 143, 127, 143, 127, 0.44, 50, 100, 1, 5, 5000, 10
0, 8500, 91, 130, 127, 130, 127, 0.44, 50, 100, 1, 5, 5000, 10
0, 8500, 85, 132, 123, 132, 123, 0.44, 50, 100, 1, 5, 5000, 10
1, 6448, 108, 118, 120, 118, 120, 0.44, 50, 100, 1, 3, 5000, 10
0, 8500, 89, 140, 128, 140, 128, 0.44, 50, 100, 1, 5, 5000, 10
0, 8500, 97, 149, 123, 149, 123, 0.44, 50, 100, 1, 5, 5000, 10
1, 8113, 95, 129, 130, 129, 130, 0.44, 50, 100, 1, 4, 5000, 10
1, 6552, 88, 110, 111, 110, 111, 0.44, 50, 100, 1, 3, 5000, 10
0, 8500, 113, 154, 149, 154, 149, 0.44, 50, 100, 1, 5, 5000, 10
1, 6627, 86, 104, 105, 104, 105, 0.44, 50, 100, 1, 3, 5000, 10
0, 8500, 97, 148, 134, 148, 134, 0.44, 50, 100, 1, 5, 5000, 10
1, 5787, 112, 122, 123, 122, 123, 0.44, 50, 100, 1, 2, 5000, 10
1, 7715, 103, 136, 137, 136, 137, 0.44, 50, 100, 1, 4, 5000, 10
0, 8500, 89, 132, 115, 132, 115, 0.44, 50, 100, 1, 4, 5000, 10
1, 6395, 96, 112, 113, 112, 113, 0.44, 50, 100, 1, 3, 5000, 10
0, 8500, 88, 135, 117, 135, 117, 0.44, 50, 100, 1, 5, 5000, 10
0, 8500, 102, 144, 131, 144, 131, 0.44, 50, 100, 1, 4, 5000, 10
0, 8500, 110, 149, 140, 149, 140, 0.44, 50, 100, 1, 5, 5000, 10
0, 8500, 110, 142, 138, 142, 138, 0.44, 50, 100, 1, 5, 5000, 10
0, 8500, 105, 155, 146, 155, 146, 0.44, 50, 100, 1, 5, 5000, 10
1, 7709, 98, 132, 133, 132, 133, 0.44, 50, 100, 1, 4, 5000, 10
0, 8500, 94, 131, 126, 131, 126, 0.44, 50, 100, 1, 5, 5000, 10
1, 5936, 91, 101, 105, 101, 105, 0.44, 50, 100, 1, 2, 5000, 10
0, 8500, 86, 141, 126, 141, 126, 0.44, 50, 100, 1, 4, 5000, 10
1, 6095, 94, 104, 105, 104, 105, 0.44, 50, 100, 1, 2, 5000, 10
0, 8500, 104, 143, 135, 143, 135, 0.44, 50, 100, 1, 4, 5000, 10
1, 6196, 99, 112, 113, 112, 113, 0.44, 50, 100, 1, 2, 5000, 10
1, 6216, 103, 113, 115, 113, 115, 0.44, 50, 100, 1, 3, 5000, 10
1, 6230, 105, 115, 116, 115, 116, 0.44, 50, 100, 1, 2, 5000, 10
0, 8500, 106, 146, 139, 146, 139, 0.44, 50, 100, 1, 5, 5000, 10
0, 8500, 78, 127, 107, 127, 107, 0.44, 50, 100, 1, 4, 5000, 10
0, 8500, 100, 144, 124, 144, 124, 0.44, 50, 100, 1, 5, 5000, 10
0, 8500, 89, 131, 124, 131, 124, 0.44, 50, 100, 1, 5, 5000, 10
0, 8500, 104, 157, 138, 157, 138, 0.44, 50, 100, 1, 5, 5000, 10
0, 8500, 118, 163, 150, 163, 150, 0.44, 50, 100, 1, 5, 5000, 10
0, 8500, 101, 159, 148, 159, 148, 0.44, 50, 100, 1, 5, 5000, 10
0, 8500, 104, 167, 145, 167, 145, 0.44, 50, 100, 1, 5, 5000, 10
1, 6096, 106, 116, 118, 116, 118, 0.44, 50, 100, 1, 2, 5000, 10
0, 8500, 109, 156, 145, 156, 145, 0.44, 50, 100, 1, 5, 5000, 10
1, 5956, 107, 117, 118, 117, 118, 0.44, 50, 100, 1, 2, 5000, 10
1, 6276, 101, 113, 114, 113, 114, 0.44, 50, 100, 1, 3, 5000, 10
1, 5824, 104, 115, 116, 115, 116, 0.44, 50, 100, 1, 2, 5000, 10
1, 6163, 86, 96, 101, 96, 101, 0.44, 50, 100, 1, 2, 5000, 10
0, 8500, 99, 152, 135, 152, 135, 0.44, 50, 100, 1, 5, 5000, 10
1, 6066, 106, 116, 118, 116, 118, 0.44, 50, 100, 1, 2, 5000, 10
0, 8500, 105, 145, 135, 145, 135, 0.44, 50, 100, 1, 5, 5000, 10
0, 8500, 96, 130, 129, 130, 129, 0.44, 50, 100, 1, 5, 5000, 10
0, 8500, 106, 148, 136, 148, 136, 0.44, 50, 100, 1, 4, 5000, 10
0, 8500, 121, 160, 144, 160, 144, 0.44, 50, 100, 1, 5, 5000, 10
0, 8500, 96, 142, 125, 142, 125, 0.44, 50, 100, 1, 4, 5000, 10
1, 6228, 103, 113, 114, 113, 114, 0.44, 50, 100, 1, 3, 5000, 10
0, 8500, 106, 139, 131, 139, 131, 0.44, 50, 100, 1, 4, 5000, 10
0, 8500, 105, 149, 141, 149, 141, 0.44, 50, 100, 1, 4, 5000, 10
0, 8500, 106, 156, 146, 156, 146, 0.44, 50, 100, 1, 5, 5000, 10
1, 6405, 111, 121, 124, 121, 124, 0.44, 50, 100, 1, 3, 5000, 10
0, 8500, 99, 151, 129, 151, 129, 0.44, 50, 100, 1, 5, 5000, 10
1, 7067, 102, 127, 128, 127, 128, 0.44, 50, 100, 1, 3, 5000, 10
0, 8500, 108, 153, 145, 153, 145, 0.44, 50, 100, 1, 5, 5000, 10
0, 8500, 101, 154, 135, 154, 135, 0.44, 50, 100, 1, 5, 5000, 10
1, 6191, 99, 109, 110, 109, 110, 0.44, 50, 100, 1, 3, 5000, 10
1, 6164, 112, 126, 127, 126, 127, 0.44, 50, 100, 1, 3, 5000, 10
0, 8500, 110, 153, 139, 153, 139, 0.44, 50, 100, 1, 5, 5000, 10
1, 5978, 99, 109, 114, 109, 114, 0.44, 50, 100, 1, 2, 5000, 10
0, 8500, 111, 152, 151, 152, 151, 0.44, 50, 100, 1, 5, 5000, 10
1, 6365, 112, 126, 127, 126, 127, 0.44, 50, 100, 1, 3, 5000, 10
1, 6622, 102, 112, 120, 112, 120, 0.44, 50, 100, 1, 3, 5000, 10
1, 6383, 88, 98, 103, 98, 103, 0.44, 50, 100, 1, 3, 5000, 10
1, 5790, 101, 114, 115, 114, 115, 0.44, 50, 100, 1, 2, 5000, 10
1, 5859, 104, 114, 115, 114, 115, 0.44, 50, 100, 1, 2, 5000, 10
0, 8500, 108, 151, 132, 151, 132, 0.44, 50, 100, 1, 4, 5000, 10
1, 6331, 108, 119, 120, 119, 120, 0.44, 50, 100, 1, 3, 5000, 10
0, 8500, 97, 149, 130, 149, 130, 0.44, 50, 100, 1, 5, 5000, 10
0, 10250, 97, 170, 159, 170, 159, 0.44, 50, 100, 1, 8, 5000, 15
0, 10250, 81, 146, 135, 146, 135, 0.44, 50, 100, 1, 7, 5000, 15
0, 10250, 109, 183, 161, 183, 161, 0.44, 50, 100, 1, 6, 5000, 15
0, 10250, 108, 176, 153, 176, 153, 0.44, 50, 100, 1, 6, 5000, 15
1, 6512, 87, 102, 103, 102, 103, 0.44, 50, 100, 1, 3, 5000, 15
1, 7306, 98, 120, 121, 120, 121, 0.44, 50, 100, 1, 3, 5000, 15
0, 10250, 82, 138, 124, 138, 124, 0.44, 50, 100, 1, 6, 5000, 15
1, 6422, 97, 113, 114, 113, 114, 0.44, 50, 100, 1, 3, 5000, 15
0, 10250, 99, 169, 148, 169, 148, 0.44, 50, 100, 1, 6, 5000, 15
0, 10250, 114, 186, 181, 186, 181, 0.44, 50, 100, 1, 7, 5000, 15
1, 7304, 83, 108, 109, 108, 109, 0.44, 50, 100, 1, 4, 5000, 15
1, 8896, 104, 140, 141, 140, 141, 0.44, 50, 100, 1, 5, 5000, 15
0, 10250, 99, 177, 165, 177, 165, 0.44, 50, 100, 1, 6, 5000, 15
0, 10250, 90, 175, 148, 175, 148, 0.44, 50, 100, 1, 6, 5000, 15
1, 6736, 102, 117, 120, 117, 120, 0.44, 50, 100, 1, 3, 5000, 15
0, 10250, 117, 197, 169, 197, 169, 0.44, 50, 100, 1, 6, 5000, 15
0, 10250, 95, 174, 150, 174, 150, 0.44, 50, 100, 1, 7, 5000, 15
0, 10250, 96, 183, 174, 183, 174, 0.44, 50, 100, 1, 6, 5000, 15
0, 10250, 120, 177, 168, 177, 168, 0.44, 50, 100, 1, 7, 5000, 15
1, 6769, 103, 118, 121, 118, 121, 0.44, 50, 100, 1, 3, 5000, 15
1, 7466, 109, 137, 138, 137, 138, 0.44, 50, 100, 1, 4, 5000, 15
0, 10250, 114, 188, 180, 188, 180, 0.44, 50, 100, 1, 6, 5000, 15
0, 10250, 110, 188, 168, 188, 168, 0.44, 50, 100, 1, 7, 5000, 15
0, 10250, 89, 159, 145, 159, 145, 0.44, 50, 100, 1, 6, 5000, 15
0, 10250, 83, 148, 131, 148, 131, 0.44, 50, 100, 1, 6, 5000, 15
1, 7174, 102, 117, 124, 117, 124, 0.44, 50, 100, 1, 3, 5000, 15
0, 10250, 86, 173, 155, 173, 155, 0.44, 50, 100, 1, 6, 5000, 15
1, 6521, 97, 112, 119, 112, 119, 0.44, 50, 100, 1, 3, 5000, 15
0, 10250, 96, 168, 163, 168, 163, 0.44, 50, 100, 1, 6, 5000, 15
1, 6409, 104, 119, 120, 119, 120, 0.44, 50, 100, 1, 3, 5000, 15
0, 10250, 113, 179, 168, 179, 168, 0.44, 50, 100, 1, 6, 5000, 15
1, 6657, 105, 121, 122, 121, 122, 0.44, 50, 100, 1, 3, 5000, 15
0, 10250, 97, 177, 159, 177, 159, 0.44, 50, 100, 1, 6, 5000, 15
1, 10081, 114, 173, 174, 173, 174, 0.44, 50, 100, 1, 6, 5000, 15
0, 10250, 114, 178, 155, 178, 155, 0.44, 50, 100, 1, 6, 5000, 15
0, 10250, 114, 182, 171, 182, 171, 0.44, 50, 100, 1, 7, 5000, 15
0, 10250, 100, 169, 157, 169, 157, 0.44, 50, 100, 1, 6, 5000, 15
0, 10250, 103, 194, 166, 194, 166, 0.44, 50, 100, 1, 7, 5000, 15
0, 10250, 99, 161, 151, 161, 151, 0.44, 50, 100, 1, 7, 5000, 15
0, 10250, 109, 163, 154, 163, 154, 0.44, 50, 100, 1, 6, 5000, 15
1, 6287, 97, 112, 114, 112, 114, 0.44, 50, 100, 1, 3, 5000, 15
0, 10250, 97, 176, 168, 176, 168, 0.44, 50, 100, 1, 6, 5000, 15
0, 10250, 108, 185, 171, 185, 171, 0.44, 50, 100, 1, 7, 5000, 15
0, 10250, 100, 172, 162, 172, 162, 0.44, 50, 100, 1, 6, 5000, 15
0, 10250, 99, 180, 158, 180, 158, 0.44, 50, 100, 1, 6, 5000, 15
0, 10250, 109, 192, 156, 192, 156, 0.44, 50, 100, 1, 6, 5000, 15
0, 10250, 94, 167, 148, 167, 148, 0.44, 50, 100, 1, 6, 5000, 15
0, 10250, 112, 191, 163, 191, 163, 0.44, 50, 100, 1, 7, 5000, 15
0, 10250, 107, 183, 166, 183, 166, 0.44, 50, 100, 1, 7, 5000, 15
0, 10250, 113, 189, 162, 189, 162, 0.44, 50, 100, 1, 6, 5000, 15
1, 6705, 114, 136, 137, 136, 137, 0.44, 50, 100, 1, 3, 5000, 15
0, 10250, 115, 185, 162, 185, 162, 0.44, 50, 100, 1, 6, 5000, 15
0, 10250, 99, 174, 160, 174, 160, 0.44, 50, 100, 1, 6, 5000, 15
0, 10250, 107, 179, 167, 179, 167, 0.44, 50, 100, 1, 6, 5000, 15
0, 10250, 107, 182, 152, 182, 152, 0.44, 50, 100, 1, 6, 5000, 15
1, 6887, 114, 129, 130, 129, 130, 0.44, 50, 100, 1, 3, 5000, 15
1, 7063, 110, 136, 137, 136, 137, 0.44, 50, 100, 1, 4, 5000, 15
1, 6690, 98, 117, 118, 117, 118, 0.44, 50, 100, 1, 3, 5000, 15
0, 10250, 81, 155, 140, 155, 140, 0.44, 50, 100, 1, 6, 5000, 15
1, 6698, 114, 132, 133, 132, 133, 0.44, 50, 100, 1, 3, 5000, 15
0, 10250, 104, 177, 160, 177, 160, 0.44, 50, 100, 1, 6, 5000, 15
0, 10250, 119, 189, 165, 189, 165, 0.44, 50, 100, 1, 6, 5000, 15
0, 10250, 115, 181, 163, 181, 163, 0.44, 50, 100, 1, 6, 5000, 15
0, 10250, 90, 160, 155, 160, 155, 0.44, 50, 100, 1, 6, 5000, 15
1, 6236, 105, 120, 122, 120, 122, 0.44, 50, 100, 1, 2, 5000, 15
1, 6402, 100, 115, 116, 115, 116, 0.44, 50, 100, 1, 3, 5000, 15
0, 10250, 82, 157, 135, 157, 135, 0.44, 50, 100, 1, 6, 5000, 15
0, 10250, 108, 183, 164, 183, 164, 0.44, 50, 100, 1, 6, 5000, 15
1, 9127, 100, 145, 146, 145, 146, 0.44, 50, 100, 1, 5, 5000, 15
1, 6544, 98, 113, 117, 113, 117, 0.44, 50, 100, 1, 3, 5000, 15
1, 6502, 116, 131, 132, 131, 132, 0.44, 50, 100, 1, 3, 5000, 15
0, 10250, 95, 173, 153, 173, 153, 0.44, 50, 100, 1, 6, 5000, 15
0, 10250, 90, 157, 142, 157, 142, 0.44, 50, 100, 1, 6, 5000, 15
1, 6597, 111, 126, 131, 126, 131, 0.44, 50, 100, 1, 3, 5000, 15
1, 6193, 96, 111, 113, 111, 113, 0.44, 50, 100, 1, 2, 5000, 15
1, 6480, 103, 118, 119, 118, 119, 0.44, 50, 100, 1, 3, 5000, 15
1, 7333, 91, 106, 107, 106, 107, 0.44, 50, 100, 1, 3, 5000, 15
0, 10250, 105, 173, 158, 173, 158, 0.44, 50, 100, 1, 6, 5000, 15
1, 6020, 103, 118, 120, 118, 120, 0.44, 50, 100, 1, 2, 5000, 15
0, 10250, 108, 182, 153, 182, 153, 0.44, 50, 100, 1, 6, 5000, 15
0, 10250, 84, 166, 149, 166, 149, 0.44, 50, 100, 1, 6, 5000, 15
1, 6773, 89, 104, 109, 104, 109, 0.44, 50, 100, 1, 4, 5000, 15
1, 8183, 88, 124, 125, 124, 125, 0.44, 50, 100, 1, 4, 5000, 15
0, 10250, 106, 183, 174, 183, 174, 0.44, 50, 100, 1, 6, 5000, 15
1, 6344, 102, 118, 119, 118, 119, 0.44, 50, 100, 1, 3, 5000, 15
1, 6907, 110, 128, 129, 128, 129, 0.44, 50, 100, 1, 3, 5000, 15
1, 6515, 110, 125, 126, 125, 126, 0.44, 50, 100, 1, 3, 5000, 15
1, 6651, 106, 121, 123, 121, 123, 0.44, 50, 100, 1, 3, 5000, 15
1, 6300, 74, 89, 94, 89, 94, 0.44, 50, 100, 1, 2, 5000, 15
1, 6108, 101, 116, 119, 116, 119, 0.44, 50, 100, 1, 2, 5000, 15
1, 6222, 104, 119, 124, 119, 124, 0.44, 50, 100, 1, 3, 5000, 15
1, 7280, 96, 111, 116, 111, 116, 0.44, 50, 100, 1, 3, 5000, 15
1, 7072, 110, 137, 138, 137, 138, 0.44, 50, 100, 1, 3, 5000, 15
0, 10250, 102, 172, 152, 172, 152, 0.44, 50, 100, 1, 6, 5000, 15
1, 6331, 105, 122, 123, 122, 123, 0.44, 50, 100, 1, 3, 5000, 15
1, 6411, 97, 112, 115, 112, 115, 0.44, 50, 100, 1, 3, 5000, 15
1, 6507, 110, 125, 129, 125, 129, 0.44, 50, 100, 1, 3, 5000, 15
1, 7053, 119, 138, 139, 138, 139, 0.44, 50, 100, 1, 4, 5000, 15
1, 6413, 106, 121, 122, 121, 122, 0.44, 50, 100, 1, 3, 5000, 15
0, 10250, 92, 181, 157, 181, 157, 0.44, 50, 100, 1, 6, 5000, 15
0, 12000, 86, 207, 170, 207, 170, 0.44, 50, 100, 1, 10, 5000, 20
1, 7511, 123, 148, 149, 148, 149, 0.44, 50, 100, 1, 4, 5000, 20
0, 12000, 114, 224, 201, 224, 201, 0.44, 50, 100, 1, 8, 5000, 20
1, 6719, 108, 130, 131, 130, 131, 0.44, 50, 100, 1, 3, 5000, 20
0, 12000, 105, 219, 193, 219, 193, 0.44, 50, 100, 1, 8, 5000, 20
1, 7242, 106, 127, 128, 127, 128, 0.44, 50, 100, 1, 3, 5000, 20
1, 6903, 106, 126, 128, 126, 128, 0.44, 50, 100, 1, 3, 5000, 20
1, 6873, 94, 114, 117, 114, 117, 0.44, 50, 100, 1, 4, 5000, 20
1, 6765, 102, 122, 123, 122, 123, 0.44, 50, 100, 1, 3, 5000, 20
0, 12000, 93, 195, 181, 195, 181, 0.44, 50, 100, 1, 7, 5000, 20
0, 12000, 89, 209, 182, 209, 182, 0.44, 50, 100, 1, 8, 5000, 20
1, 6803, 99, 119, 124, 119, 124, 0.44, 50, 100, 1, 3, 5000, 20
0, 12000, 110, 219, 198, 219, 198, 0.44, 50, 100, 1, 9, 5000, 20
1, 7169, 101, 121, 124, 121, 124, 0.44, 50, 100, 1, 3, 5000, 20
0, 12000, 100, 198, 178, 198, 178, 0.44, 50, 100, 1, 8, 5000, 20
0, 12000, 88, 186, 175, 186, 175, 0.44, 50, 100, 1, 8, 5000, 20
0, 12000, 100, 214, 191, 214, 191, 0.44, 50, 100, 1, 9, 5000, 20
1, 9332, 100, 153, 154, 153, 154, 0.44, 50, 100, 1, 7, 5000, 20
1, 7111, 94, 114, 118, 114, 118, 0.44, 50, 100, 1, 3, 5000, 20
0, 12000, 106, 201, 189, 201, 189, 0.44, 50, 100, 1, 8, 5000, 20
1, 7335, 112, 135, 136, 135, 136, 0.44, 50, 100, 1, 4, 5000, 20
1, 11774, 119, 205, 206, 205, 206, 0.44, 50, 100, 1, 8, 5000, 20
1, 7700, 107, 136, 137, 136, 137, 0.44, 50, 100, 1, 4, 5000, 20
1, 6681, 107, 128, 129, 128, 129, 0.44, 50, 100, 1, 3, 5000, 20
1, 7478, 91, 114, 115, 114, 115, 0.44, 50, 100, 1, 4, 5000, 20
0, 12000, 107, 222, 205, 222, 205, 0.44, 50, 100, 1, 8, 5000, 20
0, 12000, 103, 215, 213, 215, 213, 0.44, 50, 100, 1, 8, 5000, 20
0, 12000, 90, 207, 197, 207, 197, 0.44, 50, 100, 1, 11, 5000, 20
0, 12000, 91, 193, 160, 193, 160, 0.44, 50, 100, 1, 10, 5000, 20
0, 12000, 105, 182, 179, 182, 179, 0.44, 50, 100, 1, 8, 5000, 20
1, 11860, 89, 171, 172, 171, 172, 0.44, 50, 100, 1, 8, 5000, 20
1, 6928, 112, 132, 133, 132, 133, 0.44, 50, 100, 1, 3, 5000, 20
0, 12000, 96, 215, 187, 215, 187, 0.44, 50, 100, 1, 8, 5000, 20
0, 12000, 113, 219, 190, 219, 190, 0.44, 50, 100, 1, 8, 5000, 20
1, 7679, 97, 122, 123, 122, 123, 0.44, 50, 100, 1, 4, 5000, 20
1, 7371, 94, 130, 131, 130, 131, 0.44, 50, 100, 1, 4, 5000, 20
0, 12000, 98, 183, 177, 183, 177, 0.44, 50, 100, 1, 8, 5000, 20
1, 6981, 108, 128, 131, 128, 131, 0.44, 50, 100, 1, 3, 5000, 20
0, 12000, 118, 212, 191, 212, 191, 0.44, 50, 100, 1, 8, 5000, 20
0, 12000, 98, 212, 193, 212, 193, 0.44, 50, 100, 1, 8, 5000, 20
1, 6786, 102, 122, 125, 122, 125, 0.44, 50, 100, 1, 3, 5000, 20
0, 12000, 101, 210, 197, 210, 197, 0.44, 50, 100, 1, 8, 5000, 20
1, 7284, 115, 135, 141, 135, 141, 0.44, 50, 100, 1, 3, 5000, 20
0, 12000, 86, 200, 189, 200, 189, 0.44, 50, 100, 1, 8, 5000, 20
1, 10668, 88, 160, 161, 160, 161, 0.44, 50, 100, 1, 7, 5000, 20
1, 7266, 107, 127, 128, 127, 128, 0.44, 50, 100, 1, 3, 5000, 20
1, 6986, 102, 122, 123, 122, 123, 0.44, 50, 100, 1, 3, 5000, 20
0, 12000, 108, 222, 184, 222, 184, 0.44, 50, 100, 1, 9, 5000, 20
0, 12000, 93, 207, 172, 207, 172, 0.44, 50, 100, 1, 8, 5000, 20
0, 12000, 111, 228, 192, 228, 192, 0.44, 50, 100, 1, 8, 5000, 20
1, 11903, 94, 192, 193, 192, 193, 0.44, 50, 100, 1, 8, 5000, 20
0, 12000, 96, 210, 197, 210, 197, 0.44, 50, 100, 1, 8, 5000, 20
1, 6812, 103, 124, 125, 124, 125, 0.44, 50, 100, 1, 4, 5000, 20
0, 12000, 94, 203, 191, 203, 191, 0.44, 50, 100, 1, 9, 5000, 20
0, 12000, 97, 196, 179, 196, 179, 0.44, 50, 100, 1, 8, 5000, 20
0, 12000, 92, 203, 190, 203, 190, 0.44, 50, 100, 1, 8, 5000, 20
1, 7316, 101, 121, 123, 121, 123, 0.44, 50, 100, 1, 5, 5000, 20
0, 12000, 107, 217, 202, 217, 202, 0.44, 50, 100, 1, 9, 5000, 20
0, 12000, 108, 223, 197, 223, 197, 0.44, 50, 100, 1, 8, 5000, 20
0, 12000, 107, 214, 200, 214, 200, 0.44, 50, 100, 1, 8, 5000, 20
1, 7659, 102, 130, 131, 130, 131, 0.44, 50, 100, 1, 4, 5000, 20
0, 12000, 103, 214, 195, 214, 195, 0.44, 50, 100, 1, 8, 5000, 20
1, 8067, 106, 144, 145, 144, 145, 0.44, 50, 100, 1, 4, 5000, 20
1, 6772, 104, 124, 125, 124, 125, 0.44, 50, 100, 1, 3, 5000, 20
0, 12000, 113, 222, 207, 222, 207, 0.44, 50, 100, 1, 8, 5000, 20
0, 12000, 90, 205, 176, 205, 176, 0.44, 50, 100, 1, 8, 5000, 20
0, 12000, 93, 198, 182, 198, 182, 0.44, 50, 100, 1, 8, 5000, 20
1, 11177, 117, 192, 193, 192, 193, 0.44, 50, 100, 1, 7, 5000, 20
1, 9381, 125, 176, 177, 176, 177, 0.44, 50, 100, 1, 5, 5000, 20
1, 9785, 116, 163, 164, 163, 164, 0.44, 50, 100, 1, 6, 5000, 20
0, 12000, 101, 201, 193, 201, 193, 0.44, 50, 100, 1, 8, 5000, 20
0, 12000, 99, 219, 207, 219, 207, 0.44, 50, 100, 1, 9, 5000, 20
1, 7134, 95, 116, 117, 116, 117, 0.44, 50, 100, 1, 3, 5000, 20
0, 12000, 107, 226, 190, 226, 190, 0.44, 50, 100, 1, 8, 5000, 20
1, 6735, 93, 113, 115, 113, 115, 0.44, 50, 100, 1, 3, 5000, 20
1, 6862, 92, 112, 115, 112, 115, 0.44, 50, 100, 1, 3, 5000, 20
0, 12000, 121, 219, 193, 219, 193, 0.44, 50, 100, 1, 8, 5000, 20
0, 12000, 105, 213, 185, 213, 185, 0.44, 50, 100, 1, 8, 5000, 20
1, 10633, 93, 175, 176, 175, 176, 0.44, 50, 100, 1, 7, 5000, 20
1, 6478, 105, 125, 127, 125, 127, 0.44, 50, 100, 1, 3, 5000, 20
1, 11815, 93, 185, 186, 185, 186, 0.44, 50, 100, 1, 8, 5000, 20
0, 12000, 86, 206, 172, 206, 172, 0.44, 50, 100, 1, 8, 5000, 20
1, 7437, 107, 127, 135, 127, 135, 0.44, 50, 100, 1, 3, 5000, 20
1, 6720, 102, 122, 128, 122, 128, 0.44, 50, 100, 1, 3, 5000, 20
0, 12000, 99, 195, 179, 195, 179, 0.44, 50, 100, 1, 8, 5000, 20
0, 12000, 114, 203, 191, 203, 191, 0.44, 50, 100, 1, 8, 5000, 20
0, 12000, 92, 201, 185, 201, 185, 0.44, 50, 100, 1, 8, 5000, 20
0, 12000, 104, 205, 188, 205, 188, 0.44, 50, 100, 1, 8, 5000, 20
0, 12000, 116, 209, 197, 209, 197, 0.44, 50, 100, 1, 8, 5000, 20
0, 12000, 84, 202, 170, 202, 170, 0.44, 50, 100, 1, 8, 5000, 20
0, 12000, 112, 209, 186, 209, 186, 0.44, 50, 100, 1, 8, 5000, 20
0, 12000, 92, 204, 190, 204, 190, 0.44, 50, 100, 1, 8, 5000, 20
0, 12000, 108, 223, 197, 223, 197, 0.44, 50, 100, 1, 9, 5000, 20
0, 12000, 97, 203, 187, 203, 187, 0.44, 50, 100, 1, 9, 5000, 20
0, 12000, 102, 210, 197, 210, 197, 0.44, 50, 100, 1, 8, 5000, 20
1, 7158, 96, 116, 127, 116, 127, 0.44, 50, 100, 1, 4, 5000, 20
1, 8238, 112, 146, 147, 146, 147, 0.44, 50, 100, 1, 4, 5000, 20
1, 7441, 104, 140, 141, 140, 141, 0.44, 50, 100, 1, 4, 5000, 20
1, 7024, 92, 112, 115, 112, 115, 0.44, 50, 100, 1, 3, 5000, 20
1, 7107, 118, 138, 139, 138, 139, 0.44, 50, 100, 1, 3, 5000, 20
0, 13750, 102, 256, 219, 256, 219, 0.44, 50, 100, 1, 10, 5000, 25
0, 13750, 121, 250, 237, 250, 237, 0.44, 50, 100, 1, 10, 5000, 25
1, 9010, 98, 140, 141, 140, 141, 0.44, 50, 100, 1, 5, 5000, 25
0, 13750, 108, 266, 245, 266, 245, 0.44, 50, 100, 1, 10, 5000, 25
1, 7115, 96, 125, 126, 125, 126, 0.44, 50, 100, 1, 4, 5000, 25
1, 7310, 102, 128, 129, 128, 129, 0.44, 50, 100, 1, 4, 5000, 25
0, 13750, 98, 238, 221, 238, 221, 0.44, 50, 100, 1, 10, 5000, 25
0, 13750, 96, 239, 226, 239, 226, 0.44, 50, 100, 1, 10, 5000, 25
0, 13750, 105, 240, 229, 240, 229, 0.44, 50, 100, 1, 10, 5000, 25
1, 8375, 103, 129, 130, 129, 130, 0.44, 50, 100, 1, 6, 5000, 25
0, 13750, 99, 228, 215, 228, 215, 0.44, 50, 100, 1, 9, 5000, 25
0, 13750, 112, 251, 227, 251, 227, 0.44, 50, 100, 1, 10, 5000, 25
0, 13750, 99, 225, 195, 225, 195, 0.44, 50, 100, 1, 10, 5000, 25
1, 9166, 110, 159, 160, 159, 160, 0.44, 50, 100, 1, 6, 5000, 25
1, 7601, 97, 122, 123, 122, 123, 0.44, 50, 100, 1, 4, 5000, 25
0, 13750, 106, 266, 254, 266, 254, 0.44, 50, 100, 1, 10, 5000, 25
1, 8154, 113, 138, 142, 138, 142, 0.44, 50, 100, 1, 4, 5000, 25
1, 7201, 111, 137, 138, 137, 138, 0.44, 50, 100, 1, 3, 5000, 25
0, 13750, 107, 243, 230, 243, 230, 0.44, 50, 100, 1, 9, 5000, 25
1, 8258, 91, 129, 130, 129, 130, 0.44, 50, 100, 1, 4, 5000, 25
0, 13750, 103, 243, 216, 243, 216, 0.44, 50, 100, 1, 10, 5000, 25
0, 13750, 103, 253, 242, 253, 242, 0.44, 50, 100, 1, 10, 5000, 25
0, 13750, 97, 242, 233, 242, 233, 0.44, 50, 100, 1, 10, 5000, 25
0, 13750, 99, 250, 231, 250, 231, 0.44, 50, 100, 1, 11, 5000, 25
1, 8083, 92, 130, 131, 130, 131, 0.44, 50, 100, 1, 4, 5000, 25
0, 13750, 89, 247, 218, 247, 218, 0.44, 50, 100, 1, 10, 5000, 25
0, 13750, 101, 240, 224, 240, 224, 0.44, 50, 100, 1, 10, 5000, 25
1, 11466, 96, 178, 179, 178, 179, 0.44, 50, 100, 1, 8, 5000, 25
0, 13750, 92, 225, 202, 225, 202, 0.44, 50, 100, 1, 9, 5000, 25
0, 13750, 112, 248, 238, 248, 238, 0.44, 50, 100, 1, 9, 5000, 25
0, 13750, 104, 242, 234, 242, 234, 0.44, 50, 100, 1, 10, 5000, 25
0, 13750, 96, 244, 226, 244, 226, 0.44, 50, 100, 1, 10, 5000, 25
0, 13750, 98, 240, 222, 240, 222, 0.44, 50, 100, 1, 11, 5000, 25
1, 8487, 96, 144, 145, 144, 145, 0.44, 50, 100, 1, 5, 5000, 25
0, 13750, 99, 239, 213, 239, 213, 0.44, 50, 100, 1, 10, 5000, 25
1, 7842, 111, 136, 145, 136, 145, 0.44, 50, 100, 1, 4, 5000, 25
0, 13750, 119, 236, 217, 236, 217, 0.44, 50, 100, 1, 10, 5000, 25
0, 13750, 103, 225, 214, 225, 214, 0.44, 50, 100, 1, 10, 5000, 25
1, 6996, 101, 128, 129, 128, 129, 0.44, 50, 100, 1, 3, 5000, 25
0, 13750, 108, 264, 228, 264, 228, 0.44, 50, 100, 1, 10, 5000, 25
1, 7371, 106, 134, 135, 134, 135, 0.44, 50, 100, 1, 4, 5000, 25
1, 7532, 96, 128, 129, 128, 129, 0.44, 50, 100, 1, 4, 5000, 25
1, 7589, 113, 141, 142, 141, 142, 0.44, 50, 100, 1, 4, 5000, 25
1, 7286, 92, 117, 126, 117, 126, 0.44, 50, 100, 1, 3, 5000, 25
1, 7324, 107, 132, 133, 132, 133, 0.44, 50, 100, 1, 4, 5000, 25
0, 13750, 101, 248, 229, 248, 229, 0.44, 50, 100, 1, 10, 5000, 25
1, 7561, 99, 128, 129, 128, 129, 0.44, 50, 100, 1, 4, 5000, 25
1, 7409, 98, 124, 125, 124, 125, 0.44, 50, 100, 1, 4, 5000, 25
0, 13750, 110, 246, 241, 246, 241, 0.44, 50, 100, 1, 10, 5000, 25
0, 13750, 94, 226, 210, 226, 210, 0.44, 50, 100, 1, 9, 5000, 25
0, 13750, 98, 249, 237, 249, 237, 0.44, 50, 100, 1, 10, 5000, 25
1, 7300, 100, 125, 129, 125, 129, 0.44, 50, 100, 1, 3, 5000, 25
0, 13750, 94, 244, 225, 244, 225, 0.44, 50, 100, 1, 10, 5000, 25
1, 7146, 111, 136, 139, 136, 139, 0.44, 50, 100, 1, 3, 5000, 25
1, 7107, 92, 121, 122, 121, 122, 0.44, 50, 100, 1, 3, 5000, 25
0, 13750, 110, 250, 205, 250, 205, 0.44, 50, 100, 1, 9, 5000, 25
0, 13750, 107, 245, 232, 245, 232, 0.44, 50, 100, 1, 10, 5000, 25
1, 6798, 108, 133, 135, 133, 135, 0.44, 50, 100, 1, 3, 5000, 25
0, 13750, 98, 240, 209, 240, 209, 0.44, 50, 100, 1, 9, 5000, 25
0, 13750, 91, 228, 207, 228, 207, 0.44, 50, 100, 1, 9, 5000, 25
0, 13750, 87, 238, 210, 238, 210, 0.44, 50, 100, 1, 10, 5000, 25
0, 13750, 103, 245, 214, 245, 214, 0.44, 50, 100, 1, 10, 5000, 25
0, 13750, 102, 246, 231, 246, 231, 0.44, 50, 100, 1, 10, 5000, 25
1, 9625, 94, 146, 147, 146, 147, 0.44, 50, 100, 1, 6, 5000, 25
1, 8244, 105, 145, 146, 145, 146, 0.44, 50, 100, 1, 4, 5000, 25
0, 13750, 95, 224, 210, 224, 210, 0.44, 50, 100, 1, 10, 5000, 25
1, 7585, 114, 139, 151, 139, 151, 0.44, 50, 100, 1, 4, 5000, 25
0, 13750, 113, 255, 228, 255, 228, 0.44, 50, 100, 1, 10, 5000, 25
1, 7414, 114, 139, 140, 139, 140, 0.44, 50, 100, 1, 4, 5000, 25
0, 13750, 104, 234, 216, 234, 216, 0.44, 50, 100, 1, 10, 5000, 25
0, 13750, 111, 238, 227, 238, 227, 0.44, 50, 100, 1, 10, 5000, 25
0, 13750, 84, 227, 214, 227, 214, 0.44, 50, 100, 1, 10, 5000, 25
1, 6805, 116, 141, 142, 141, 142, 0.44, 50, 100, 1, 3, 5000, 25
0, 13750, 116, 240, 212, 240, 212, 0.44, 50, 100, 1, 12, 5000, 25
1, 7355, 115, 140, 142, 140, 142, 0.44, 50, 100, 1, 4, 5000, 25
1, 7180, 89, 114, 119, 114, 119, 0.44, 50, 100, 1, 4, 5000, 25
0, 13750, 107, 259, 250, 259, 250, 0.44, 50, 100, 1, 11, 5000, 25
1, 7145, 99, 124, 125, 124, 125, 0.44, 50, 100, 1, 3, 5000, 25
1, 11447, 106, 189, 190, 189, 190, 0.44, 50, 100, 1, 8, 5000, 25
1, 7634, 109, 135, 136, 135, 136, 0.44, 50, 100, 1, 4, 5000, 25
1, 7326, 93, 125, 126, 125, 126, 0.44, 50, 100, 1, 4, 5000, 25
0, 13750, 102, 253, 225, 253, 225, 0.44, 50, 100, 1, 10, 5000, 25
1, 7593, 105, 140, 141, 140, 141, 0.44, 50, 100, 1, 5, 5000, 25
0, 13750, 97, 231, 218, 231, 218, 0.44, 50, 100, 1, 11, 5000, 25
1, 8341, 96, 136, 137, 136, 137, 0.44, 50, 100, 1, 4, 5000, 25
0, 13750, 98, 239, 222, 239, 222, 0.44, 50, 100, 1, 10, 5000, 25
0, 13750, 108, 246, 223, 246, 223, 0.44, 50, 100, 1, 10, 5000, 25
0, 13750, 102, 253, 228, 253, 228, 0.44, 50, 100, 1, 11, 5000, 25
1, 7649, 91, 116, 119, 116, 119, 0.44, 50, 100, 1, 4, 5000, 25
0, 13750, 99, 234, 223, 234, 223, 0.44, 50, 100, 1, 12, 5000, 25
1, 7591, 90, 115, 120, 115, 120, 0.44, 50, 100, 1, 4, 5000, 25
1, 7870, 113, 138, 139, 138, 139, 0.44, 50, 100, 1, 4, 5000, 25
0, 13750, 100, 242, 218, 242, 218, 0.44, 50, 100, 1, 10, 5000, 25
1, 7873, 93, 118, 120, 118, 120, 0.44, 50, 100, 1, 5, 5000, 25
1, 7656, 107, 132, 136, 132, 136, 0.44, 50, 100, 1, 4, 5000, 25
0, 13750, 96, 235, 212, 235, 212, 0.44, 50, 100, 1, 10, 5000, 25
1, 7295, 100, 132, 133, 132, 133, 0.44, 50, 100, 1, 4, 5000, 25
0, 13750, 100, 245, 236, 245, 236, 0.44, 50, 100, 1, 10, 5000, 25
0, 13750, 116, 242, 234, 242, 234, 0.44, 50, 100, 1, 10, 5000, 25
0, 13750, 116, 264, 224, 264, 224, 0.44, 50, 100, 1, 10, 5000, 25
0, 15500, 100, 274, 248, 274, 248, 0.44, 50, 100, 1, 11, 5000, 30
0, 15500, 97, 275, 260, 275, 260, 0.44, 50, 100, 1, 12, 5000, 30
0, 15500, 72, 252, 215, 252, 215, 0.44, 50, 100, 1, 11, 5000, 30
0, 15500, 108, 281, 261, 281, 261, 0.44, 50, 100, 1, 11, 5000, 30
1, 8365, 96, 126, 130, 126, 130, 0.44, 50, 100, 1, 5, 5000, 30
1, 13777, 102, 242, 243, 242, 243, 0.44, 50, 100, 1, 10, 5000, 30
1, 6952, 90, 122, 123, 122, 123, 0.44, 50, 100, 1, 3, 5000, 30
0, 15500, 102, 289, 271, 289, 271, 0.44, 50, 100, 1, 11, 5000, 30
1, 8107, 102, 135, 136, 135, 136, 0.44, 50, 100, 1, 5, 5000, 30
0, 15500, 98, 267, 251, 267, 251, 0.44, 50, 100, 1, 11, 5000, 30
0, 15500, 104, 281, 254, 281, 254, 0.44, 50, 100, 1, 12, 5000, 30
0, 15500, 100, 282, 258, 282, 258, 0.44, 50, 100, 1, 12, 5000, 30
0, 15500, 77, 249, 233, 249, 233, 0.44, 50, 100, 1, 11, 5000, 30
0, 15500, 95, 271, 250, 271, 250, 0.44, 50, 100, 1, 11, 5000, 30
0, 15500, 103, 284, 281, 284, 281, 0.44, 50, 100, 1, 11, 5000, 30
0, 15500, 98, 274, 261, 274, 261, 0.44, 50, 100, 1, 12, 5000, 30
0, 15500, 94, 261, 253, 261, 253, 0.44, 50, 100, 1, 11, 5000, 30
0, 15500, 90, 272, 250, 272, 250, 0.44, 50, 100, 1, 12, 5000, 30
1, 7778, 108, 138, 141, 138, 141, 0.44, 50, 100, 1, 4, 5000, 30
0, 15500, 95, 265, 248, 265, 248, 0.44, 50, 100, 1, 12, 5000, 30
1, 8034, 107, 139, 140, 139, 140, 0.44, 50, 100, 1, 4, 5000, 30
1, 8349, 85, 115, 116, 115, 116, 0.44, 50, 100, 1, 4, 5000, 30
1, 8417, 93, 123, 126, 123, 126, 0.44, 50, 100, 1, 4, 5000, 30
1, 7771, 107, 137, 138, 137, 138, 0.44, 50, 100, 1, 4, 5000, 30
1, 7989, 100, 130, 133, 130, 133, 0.44, 50, 100, 1, 4, 5000, 30
1, 9185, 124, 177, 178, 177, 178, 0.44, 50, 100, 1, 5, 5000, 30
1, 9903, 112, 167, 168, 167, 168, 0.44, 50, 100, 1, 6, 5000, 30
0, 15500, 113, 288, 274, 288, 274, 0.44, 50, 100, 1, 11, 5000, 30
1, 9096, 105, 157, 158, 157, 158, 0.44, 50, 100, 1, 5, 5000, 30
0, 15500, 115, 283, 257, 283, 257, 0.44, 50, 100, 1, 11, 5000, 30
1, 13069, 98, 221, 222, 221, 222, 0.44, 50, 100, 1, 9, 5000, 30
0, 15500, 96, 274, 262, 274, 262, 0.44, 50, 100, 1, 11, 5000, 30
1, 12947, 95, 219, 220, 219, 220, 0.44, 50, 100, 1, 9, 5000, 30
1, 9428, 91, 142, 143, 142, 143, 0.44, 50, 100, 1, 5, 5000, 30
1, 7797, 89, 119, 123, 119, 123, 0.44, 50, 100, 1, 4, 5000, 30
0, 15500, 121, 287, 264, 287, 264, 0.44, 50, 100, 1, 12, 5000, 30
0, 15500, 108, 298, 283, 298, 283, 0.44, 50, 100, 1, 11, 5000, 30
0, 15500, 103, 276, 256, 276, 256, 0.44, 50, 100, 1, 14, 5000, 30
0, 15500, 110, 285, 265, 285, 265, 0.44, 50, 100, 1, 11, 5000, 30
1, 9257, 107, 169, 170, 169, 170, 0.44, 50, 100, 1, 5, 5000, 30
0, 15500, 111, 292, 270, 292, 270, 0.44, 50, 100, 1, 13, 5000, 30
0, 15500, 120, 296, 277, 296, 277, 0.44, 50, 100, 1, 12, 5000, 30
0, 15500, 104, 273, 252, 273, 252, 0.44, 50, 100, 1, 11, 5000, 30
1, 8564, 109, 139, 142, 139, 142, 0.44, 50, 100, 1, 5, 5000, 30
0, 15500, 112, 283, 278, 283, 278, 0.44, 50, 100, 1, 12, 5000, 30
0, 15500, 120, 292, 253, 292, 253, 0.44, 50, 100, 1, 12, 5000, 30
1, 8256, 103, 133, 134, 133, 134, 0.44, 50, 100, 1, 4, 5000, 30
0, 15500, 98, 270, 262, 270, 262, 0.44, 50, 100, 1, 12, 5000, 30
1, 11008, 102, 183, 184, 183, 184, 0.44, 50, 100, 1, 7, 5000, 30
0, 15500, 109, 281, 245, 281, 245, 0.44, 50, 100, 1, 11, 5000, 30
1, 8123, 99, 133, 134, 133, 134, 0.44, 50, 100, 1, 4, 5000, 30
1, 8103, 105, 135, 136, 135, 136, 0.44, 50, 100, 1, 4, 5000, 30
0, 15500, 82, 256, 219, 256, 219, 0.44, 50, 100, 1, 11, 5000, 30
0, 15500, 103, 276, 256, 276, 256, 0.44, 50, 100, 1, 12, 5000, 30
0, 15500, 118, 300, 275, 300, 275, 0.44, 50, 100, 1, 13, 5000, 30
0, 15500, 101, 288, 255, 288, 255, 0.44, 50, 100, 1, 13, 5000, 30
0, 15500, 92, 254, 228, 254, 228, 0.44, 50, 100, 1, 11, 5000, 30
0, 15500, 111, 296, 277, 296, 277, 0.44, 50, 100, 1, 11, 5000, 30
1, 9421, 90, 153, 154, 153, 154, 0.44, 50, 100, 1, 5, 5000, 30
0, 15500, 96, 287, 252, 287, 252, 0.44, 50, 100, 1, 11, 5000, 30
1, 7461, 101, 131, 132, 131, 132, 0.44, 50, 100, 1, 4, 5000, 30
0, 15500, 100, 291, 269, 291, 269, 0.44, 50, 100, 1, 11, 5000, 30
0, 15500, 103, 281, 255, 281, 255, 0.44, 50, 100, 1, 11, 5000, 30
0, 15500, 93, 265, 243, 265, 243, 0.44, 50, 100, 1, 11, 5000, 30
0, 15500, 105, 295, 258, 295, 258, 0.44, 50, 100, 1, 11, 5000, 30
0, 15500, 94, 270, 261, 270, 261, 0.44, 50, 100, 1, 12, 5000, 30
1, 8229, 101, 136, 137, 136, 137, 0.44, 50, 100, 1, 4, 5000, 30
0, 15500, 94, 275, 263, 275, 263, 0.44, 50, 100, 1, 12, 5000, 30
1, 7470, 98, 128, 133, 128, 133, 0.44, 50, 100, 1, 4, 5000, 30
1, 8633, 102, 134, 135, 134, 135, 0.44, 50, 100, 1, 5, 5000, 30
0, 15500, 105, 287, 267, 287, 267, 0.44, 50, 100, 1, 12, 5000, 30
1, 9861, 107, 173, 174, 173, 174, 0.44, 50, 100, 1, 6, 5000, 30
0, 15500, 96, 276, 265, 276, 265, 0.44, 50, 100, 1, 11, 5000, 30
0, 15500, 107, 276, 265, 276, 265, 0.44, 50, 100, 1, 11, 5000, 30
1, 9297, 101, 152, 153, 152, 153, 0.44, 50, 100, 1, 6, 5000, 30
0, 15500, 117, 296, 275, 296, 275, 0.44, 50, 100, 1, 13, 5000, 30
1, 8691, 113, 145, 146, 145, 146, 0.44, 50, 100, 1, 5, 5000, 30
1, 14945, 117, 262, 263, 262, 263, 0.44, 50, 100, 1, 11, 5000, 30
0, 15500, 94, 280, 266, 280, 266, 0.44, 50, 100, 1, 11, 5000, 30
0, 15500, 94, 287, 260, 287, 260, 0.44, 50, 100, 1, 12, 5000, 30
0, 15500, 96, 280, 251, 280, 251, 0.44, 50, 100, 1, 12, 5000, 30
1, 8852, 101, 138, 139, 138, 139, 0.44, 50, 100, 1, 6, 5000, 30
0, 15500, 86, 273, 242, 273, 242, 0.44, 50, 100, 1, 13, 5000, 30
1, 8648, 101, 131, 132, 131, 132, 0.44, 50, 100, 1, 5, 5000, 30
0, 15500, 120, 284, 251, 284, 251, 0.44, 50, 100, 1, 11, 5000, 30
0, 15500, 104, 294, 273, 294, 273, 0.44, 50, 100, 1, 11, 5000, 30
1, 7891, 98, 128, 130, 128, 130, 0.44, 50, 100, 1, 4, 5000, 30
0, 15500, 114, 279, 258, 279, 258, 0.44, 50, 100, 1, 11, 5000, 30
0, 15500, 100, 275, 263, 275, 263, 0.44, 50, 100, 1, 13, 5000, 30
1, 7673, 101, 131, 137, 131, 137, 0.44, 50, 100, 1, 5, 5000, 30
0, 15500, 100, 278, 258, 278, 258, 0.44, 50, 100, 1, 11, 5000, 30
1, 7927, 98, 128, 130, 128, 130, 0.44, 50, 100, 1, 4, 5000, 30
1, 9550, 105, 163, 164, 163, 164, 0.44, 50, 100, 1, 5, 5000, 30
0, 15500, 94, 276, 245, 276, 245, 0.44, 50, 100, 1, 13, 5000, 30
1, 15164, 115, 280, 281, 280, 281, 0.44, 50, 100, 1, 13, 5000, 30
0, 15500, 94, 271, 242, 271, 242, 0.44, 50, 100, 1, 12, 5000, 30
1, 12791, 88, 204, 205, 204, 205, 0.44, 50, 100, 1, 9, 5000, 30
1, 7922, 99, 130, 131, 130, 131, 0.44, 50, 100, 1, 4, 5000, 30
1, 14610, 98, 251, 252, 251, 252, 0.44, 50, 100, 1, 11, 5000, 30
1, 9029, 99, 146, 147, 146, 147, 0.44, 50, 100, 1, 5, 5000, 30
0, 17250, 114, 312, 308, 312, 308, 0.44, 50, 100, 1, 13, 5000, 35
0, 17250, 111, 321, 303, 321, 303, 0.44, 50, 100, 1, 13, 5000, 35
1, 8616, 115, 151, 152, 151, 152, 0.44, 50, 100, 1, 5, 5000, 35
0, 17250, 95, 296, 293, 296, 293, 0.44, 50, 100, 1, 14, 5000, 35
1, 7721, 94, 129, 132, 129, 132, 0.44, 50, 100, 1, 5, 5000, 35
1, 9282, 82, 134, 135, 134, 135, 0.44, 50, 100, 1, 5, 5000, 35
1, 11972, 106, 212, 213, 212, 213, 0.44, 50, 100, 1, 8, 5000, 35
0, 17250, 104, 315, 296, 315, 296, 0.44, 50, 100, 1, 13, 5000, 35
1, 8461, 109, 144, 147, 144, 147, 0.44, 50, 100, 1, 4, 5000, 35
1, 8344, 108, 143, 145, 143, 145, 0.44, 50, 100, 1, 6, 5000, 35
0, 17250, 99, 313, 289, 313, 289, 0.44, 50, 100, 1, 14, 5000, 35
1, 10398, 104, 176, 177, 176, 177, 0.44, 50, 100, 1, 6, 5000, 35
1, 7859, 117, 152, 155, 152, 155, 0.44, 50, 100, 1, 4, 5000, 35
0, 17250, 105, 315, 300, 315, 300, 0.44, 50, 100, 1, 13, 5000, 35
1, 8454, 120, 159, 160, 159, 160, 0.44, 50, 100, 1, 5, 5000, 35
1, 10073, 106, 174, 175, 174, 175, 0.44, 50, 100, 1, 6, 5000, 35
0, 17250, 98, 313, 287, 313, 287, 0.44, 50, 100, 1, 13, 5000, 35
1, 8645, 111, 146, 151, 146, 151, 0.44, 50, 100, 1, 5, 5000, 35
0, 17250, 109, 318, 294, 318, 294, 0.44, 50, 100, 1, 13, 5000, 35
1, 9519, 83, 139, 140, 139, 140, 0.44, 50, 100, 1, 5, 5000, 35
0, 17250, 75, 281, 265, 281, 265, 0.44, 50, 100, 1, 13, 5000, 35
1, 8539, 100, 137, 138, 137, 138, 0.44, 50, 100, 1, 5, 5000, 35
0, 17250, 96, 305, 292, 305, 292, 0.44, 50, 100, 1, 13, 5000, 35
1, 8688, 104, 139, 150, 139, 150, 0.44, 50, 100, 1, 5, 5000, 35
0, 17250, 96, 311, 288, 311, 288, 0.44, 50, 100, 1, 13, 5000, 35
0, 17250, 100, 306, 289, 306, 289, 0.44, 50, 100, 1, 13, 5000, 35
1, 10879, 99, 164, 165, 164, 165, 0.44, 50, 100, 1, 7, 5000, 35
0, 17250, 103, 319, 307, 319, 307, 0.44, 50, 100, 1, 14, 5000, 35
0, 17250, 113, 341, 313, 341, 313, 0.44, 50, 100, 1, 13, 5000, 35
0, 17250, 97, 306, 292, 306, 292, 0.44, 50, 100, 1, 13, 5000, 35
1, 8587, 98, 139, 140, 139, 140, 0.44, 50, 100, 1, 5, 5000, 35
0, 17250, 102, 325, 292, 325, 292, 0.44, 50, 100, 1, 17, 5000, 35
0, 17250, 95, 313, 296, 313, 296, 0.44, 50, 100, 1, 14, 5000, 35
1, 8897, 98, 138, 139, 138, 139, 0.44, 50, 100, 1, 6, 5000, 35
0, 17250, 114, 320, 309, 320, 309, 0.44, 50, 100, 1, 15, 5000, 35
0, 17250, 87, 286, 278, 286, 278, 0.44, 50, 100, 1, 15, 5000, 35
0, 17250, 100, 326, 298, 326, 298, 0.44, 50, 100, 1, 14, 5000, 35
1, 9155, 113, 148, 152, 148, 152, 0.44, 50, 100, 1, 6, 5000, 35
0, 17250, 81, 282, 276, 282, 276, 0.44, 50, 100, 1, 16, 5000, 35
1, 7745, 110, 145, 148, 145, 148, 0.44, 50, 100, 1, 4, 5000, 35
0, 17250, 102, 315, 300, 315, 300, 0.44, 50, 100, 1, 14, 5000, 35
0, 17250, 97, 309, 293, 309, 293, 0.44, 50, 100, 1, 14, 5000, 35
0, 17250, 100, 319, 308, 319, 308, 0.44, 50, 100, 1, 14, 5000, 35
0, 17250, 93, 307, 300, 307, 300, 0.44, 50, 100, 1, 14, 5000, 35
0, 17250, 102, 314, 311, 314, 311, 0.44, 50, 100, 1, 13, 5000, 35
0, 17250, 92, 316, 294, 316, 294, 0.44, 50, 100, 1, 13, 5000, 35
1, 8088, 95, 130, 133, 130, 133, 0.44, 50, 100, 1, 5, 5000, 35
1, 16119, 84, 274, 275, 274, 275, 0.44, 50, 100, 1, 12, 5000, 35
1, 7729, 99, 135, 136, 135, 136, 0.44, 50, 100, 1, 4, 5000, 35
0, 17250, 103, 310, 290, 310, 290, 0.44, 50, 100, 1, 14, 5000, 35
0, 17250, 100, 308, 286, 308, 286, 0.44, 50, 100, 1, 14, 5000, 35
0, 17250, 105, 328, 286, 328, 286, 0.44, 50, 100, 1, 14, 5000, 35
0, 17250, 103, 305, 290, 305, 290, 0.44, 50, 100, 1, 14, 5000, 35
1, 8275, 90, 125, 126, 125, 126, 0.44, 50, 100, 1, 5, 5000, 35
0, 17250, 90, 296, 275, 296, 275, 0.44, 50, 100, 1, 14, 5000, 35
0, 17250, 104, 317, 292, 317, 292, 0.44, 50, 100, 1, 13, 5000, 35
1, 7790, 96, 131, 133, 131, 133, 0.44, 50, 100, 1, 4, 5000, 35
0, 17250, 92, 320, 302, 320, 302, 0.44, 50, 100, 1, 14, 5000, 35
0, 17250, 110, 324, 311, 324, 311, 0.44, 50, 100, 1, 13, 5000, 35
1, 8030, 100, 135, 136, 135, 136, 0.44, 50, 100, 1, 4, 5000, 35
0, 17250, 99, 313, 287, 313, 287, 0.44, 50, 100, 1, 13, 5000, 35
1, 9399, 105, 161, 162, 161, 162, 0.44, 50, 100, 1, 5, 5000, 35
0, 17250, 87, 300, 288, 300, 288, 0.44, 50, 100, 1, 13, 5000, 35
1, 10913, 103, 174, 175, 174, 175, 0.44, 50, 100, 1, 7, 5000, 35
0, 17250, 105, 313, 301, 313, 301, 0.44, 50, 100, 1, 13, 5000, 35
1, 7982, 104, 139, 149, 139, 149, 0.44, 50, 100, 1, 4, 5000, 35
0, 17250, 98, 320, 300, 320, 300, 0.44, 50, 100, 1, 15, 5000, 35
1, 15665, 95, 278, 279, 278, 279, 0.44, 50, 100, 1, 13, 5000, 35
1, 8298, 98, 133, 136, 133, 136, 0.44, 50, 100, 1, 5, 5000, 35
0, 17250, 103, 305, 292, 305, 292, 0.44, 50, 100, 1, 13, 5000, 35
1, 8215, 102, 137, 150, 137, 150, 0.44, 50, 100, 1, 4, 5000, 35
0, 17250, 107, 320, 295, 320, 295, 0.44, 50, 100, 1, 13, 5000, 35
1, 11706, 92, 178, 179, 178, 179, 0.44, 50, 100, 1, 7, 5000, 35
0, 17250, 107, 316, 297, 316, 297, 0.44, 50, 100, 1, 13, 5000, 35
1, 8090, 96, 137, 138, 137, 138, 0.44, 50, 100, 1, 4, 5000, 35
0, 17250, 95, 320, 291, 320, 291, 0.44, 50, 100, 1, 13, 5000, 35
1, 7833, 97, 132, 133, 132, 133, 0.44, 50, 100, 1, 4, 5000, 35
1, 13710, 101, 241, 242, 241, 242, 0.44, 50, 100, 1, 9, 5000, 35
0, 17250, 102, 309, 279, 309, 279, 0.44, 50, 100, 1, 13, 5000, 35
0, 17250, 98, 309, 282, 309, 282, 0.44, 50, 100, 1, 13, 5000, 35
0, 17250, 97, 295, 281, 295, 281, 0.44, 50, 100, 1, 13, 5000, 35
1, 8781, 107, 156, 157, 156, 157, 0.44, 50, 100, 1, 5, 5000, 35
0, 17250, 114, 327, 312, 327, 312, 0.44, 50, 100, 1, 14, 5000, 35
1, 8287, 78, 114, 115, 114, 115, 0.44, 50, 100, 1, 4, 5000, 35
0, 17250, 93, 312, 279, 312, 279, 0.44, 50, 100, 1, 13, 5000, 35
1, 8448, 111, 146, 147, 146, 147, 0.44, 50, 100, 1, 5, 5000, 35
1, 9080, 104, 149, 150, 149, 150, 0.44, 50, 100, 1, 5, 5000, 35
1, 7760, 78, 113, 116, 113, 116, 0.44, 50, 100, 1, 4, 5000, 35
1, 9254, 104, 167, 168, 167, 168, 0.44, 50, 100, 1, 5, 5000, 35
0, 17250, 103, 322, 306, 322, 306, 0.44, 50, 100, 1, 13, 5000, 35
0, 17250, 105, 325, 309, 325, 309, 0.44, 50, 100, 1, 14, 5000, 35
0, 17250, 106, 305, 291, 305, 291, 0.44, 50, 100, 1, 13, 5000, 35
1, 13983, 94, 242, 243, 242, 243, 0.44, 50, 100, 1, 13, 5000, 35
0, 17250, 93, 316, 305, 316, 305, 0.44, 50, 100, 1, 16, 5000, 35
0, 17250, 102, 322, 296, 322, 296, 0.44, 50, 100, 1, 14, 5000, 35
0, 17250, 111, 311, 297, 311, 297, 0.44, 50, 100, 1, 15, 5000, 35
1, 9289, 98, 154, 155, 154, 155, 0.44, 50, 100, 1, 5, 5000, 35
0, 17250, 92, 289, 283, 289, 283, 0.44, 50, 100, 1, 14, 5000, 35
1, 8263, 91, 126, 127, 126, 127, 0.44, 50, 100, 1, 5, 5000, 35
0, 17250, 96, 310, 301, 310, 301, 0.44, 50, 100, 1, 14, 5000, 35
0, 20750, 111, 392, 359, 392, 359, 0.44, 50, 100, 1, 17, 5000, 45
1, 16546, 94, 279, 280, 279, 280, 0.44, 50, 100, 1, 12, 5000, 45
1, 10019, 90, 142, 143, 142, 143, 0.44, 50, 100, 1, 6, 5000, 45
1, 8888, 101, 146, 147, 146, 147, 0.44, 50, 100, 1, 7, 5000, 45
0, 20750, 109, 391, 356, 391, 356, 0.44, 50, 100, 1, 22, 5000, 45
0, 20750, 117, 391, 370, 391, 370, 0.44, 50, 100, 1, 19, 5000, 45
0, 20750, 97, 392, 370, 392, 370, 0.44, 50, 100, 1, 17, 5000, 45
1, 9945, 112, 170, 171, 170, 171, 0.44, 50, 100, 1, 6, 5000, 45
0, 20750, 95, 388, 353, 388, 353, 0.44, 50, 100, 1, 17, 5000, 45
0, 20750, 117, 392, 374, 392, 374, 0.44, 50, 100, 1, 18, 5000, 45
0, 20750, 89, 367, 350, 367, 350, 0.44, 50, 100, 1, 18, 5000, 45
0, 20750, 104, 386, 355, 386, 355, 0.44, 50, 100, 1, 17, 5000, 45
0, 20750, 97, 388, 376, 388, 376, 0.44, 50, 100, 1, 17, 5000, 45
0, 20750, 106, 373, 360, 373, 360, 0.44, 50, 100, 1, 17, 5000, 45
0, 20750, 96, 385, 372, 385, 372, 0.44, 50, 100, 1, 18, 5000, 45
0, 20750, 110, 386, 360, 386, 360, 0.44, 50, 100, 1, 17, 5000, 45
0, 20750, 100, 384, 365, 384, 365, 0.44, 50, 100, 1, 18, 5000, 45
0, 20750, 76, 355, 334, 355, 334, 0.44, 50, 100, 1, 18, 5000, 45
0, 20750, 110, 377, 375, 377, 375, 0.44, 50, 100, 1, 17, 5000, 45
1, 8727, 90, 135, 137, 135, 137, 0.44, 50, 100, 1, 5, 5000, 45
0, 20750, 113, 390, 372, 390, 372, 0.44, 50, 100, 1, 17, 5000, 45
1, 8197, 110, 157, 158, 157, 158, 0.44, 50, 100, 1, 4, 5000, 45
0, 20750, 106, 387, 370, 387, 370, 0.44, 50, 100, 1, 18, 5000, 45
0, 20750, 108, 382, 359, 382, 359, 0.44, 50, 100, 1, 17, 5000, 45
1, 18833, 111, 358, 359, 358, 359, 0.44, 50, 100, 1, 18, 5000, 45
0, 20750, 107, 390, 381, 390, 381, 0.44, 50, 100, 1, 20, 5000, 45
1, 14618, 101, 253, 254, 253, 254, 0.44, 50, 100, 1, 11, 5000, 45
0, 20750, 100, 400, 378, 400, 378, 0.44, 50, 100, 1, 18, 5000, 45
1, 8580, 103, 149, 150, 149, 150, 0.44, 50, 100, 1, 6, 5000, 45
0, 20750, 97, 371, 360, 371, 360, 0.44, 50, 100, 1, 19, 5000, 45
0, 20750, 90, 362, 336, 362, 336, 0.44, 50, 100, 1, 18, 5000, 45
1, 20004, 110, 359, 360, 359, 360, 0.44, 50, 100, 1, 17, 5000, 45
0, 20750, 84, 369, 350, 369, 350, 0.44, 50, 100, 1, 18, 5000, 45
1, 17213, 102, 293, 294, 293, 294, 0.44, 50, 100, 1, 14, 5000, 45
0, 20750, 100, 367, 363, 367, 363, 0.44, 50, 100, 1, 18, 5000, 45
1, 9186, 102, 152, 153, 152, 153, 0.44, 50, 100, 1, 7, 5000, 45
0, 20750, 102, 396, 369, 396, 369, 0.44, 50, 100, 1, 19, 5000, 45
1, 9930, 95, 140, 141, 140, 141, 0.44, 50, 100, 1, 6, 5000, 45
1, 11458, 108, 198, 199, 198, 199, 0.44, 50, 100, 1, 8, 5000, 45
0, 20750, 102, 374, 349, 374, 349, 0.44, 50, 100, 1, 17, 5000, 45
1, 10102, 95, 170, 171, 170, 171, 0.44, 50, 100, 1, 7, 5000, 45
0, 20750, 103, 368, 346, 368, 346, 0.44, 50, 100, 1, 20, 5000, 45
0, 20750, 113, 403, 361, 403, 361, 0.44, 50, 100, 1, 17, 5000, 45
0, 20750, 127, 396, 368, 396, 368, 0.44, 50, 100, 1, 19, 5000, 45
1, 9903, 110, 172, 173, 172, 173, 0.44, 50, 100, 1, 6, 5000, 45
0, 20750, 92, 365, 337, 365, 337, 0.44, 50, 100, 1, 17, 5000, 45
1, 9759, 112, 165, 166, 165, 166, 0.44, 50, 100, 1, 6, 5000, 45
0, 20750, 89, 377, 354, 377, 354, 0.44, 50, 100, 1, 17, 5000, 45
0, 20750, 91, 359, 337, 359, 337, 0.44, 50, 100, 1, 17, 5000, 45
0, 20750, 100, 374, 357, 374, 357, 0.44, 50, 100, 1, 17, 5000, 45
0, 20750, 102, 377, 347, 377, 347, 0.44, 50, 100, 1, 17, 5000, 45
1, 12476, 103, 224, 225, 224, 225, 0.44, 50, 100, 1, 9, 5000, 45
1, 8534, 95, 140, 142, 140, 142, 0.44, 50, 100, 1, 5, 5000, 45
0, 20750, 105, 381, 377, 381, 377, 0.44, 50, 100, 1, 18, 5000, 45
1, 9223, 106, 151, 152, 151, 152, 0.44, 50, 100, 1, 5, 5000, 45
0, 20750, 97, 370, 354, 370, 354, 0.44, 50, 100, 1, 18, 5000, 45
1, 8882, 131, 177, 178, 177, 178, 0.44, 50, 100, 1, 5, 5000, 45
0, 20750, 116, 390, 350, 390, 350, 0.44, 50, 100, 1, 17, 5000, 45
1, 9681, 87, 150, 151, 150, 151, 0.44, 50, 100, 1, 6, 5000, 45
1, 14723, 89, 241, 242, 241, 242, 0.44, 50, 100, 1, 11, 5000, 45
1, 18831, 101, 336, 337, 336, 337, 0.44, 50, 100, 1, 15, 5000, 45
0, 20750, 104, 377, 360, 377, 360, 0.44, 50, 100, 1, 17, 5000, 45
1, 8643, 94, 139, 140, 139, 140, 0.44, 50, 100, 1, 5, 5000, 45
0, 20750, 99, 375, 365, 375, 365, 0.44, 50, 100, 1, 17, 5000, 45
1, 17425, 118, 328, 329, 328, 329, 0.44, 50, 100, 1, 14, 5000, 45
1, 9745, 99, 144, 145, 144, 145, 0.44, 50, 100, 1, 6, 5000, 45
0, 20750, 98, 369, 343, 369, 343, 0.44, 50, 100, 1, 20, 5000, 45
1, 10237, 104, 161, 162, 161, 162, 0.44, 50, 100, 1, 7, 5000, 45
1, 8834, 107, 152, 158, 152, 158, 0.44, 50, 100, 1, 6, 5000, 45
0, 20750, 102, 385, 362, 385, 362, 0.44, 50, 100, 1, 20, 5000, 45
0, 20750, 107, 384, 376, 384, 376, 0.44, 50, 100, 1, 22, 5000, 45
1, 10574, 105, 177, 178, 177, 178, 0.44, 50, 100, 1, 7, 5000, 45
0, 20750, 115, 388, 371, 388, 371, 0.44, 50, 100, 1, 18, 5000, 45
0, 20750, 102, 381, 362, 381, 362, 0.44, 50, 100, 1, 17, 5000, 45
1, 9840, 103, 148, 149, 148, 149, 0.44, 50, 100, 1, 6, 5000, 45
1, 17236, 108, 307, 308, 307, 308, 0.44, 50, 100, 1, 17, 5000, 45
0, 20750, 85, 351, 333, 351, 333, 0.44, 50, 100, 1, 20, 5000, 45
1, 10947, 102, 179, 180, 179, 180, 0.44, 50, 100, 1, 7, 5000, 45
0, 20750, 101, 376, 364, 376, 364, 0.44, 50, 100, 1, 17, 5000, 45
0, 20750, 106, 380, 353, 380, 353, 0.44, 50, 100, 1, 17, 5000, 45
1, 11168, 99, 182, 183, 182, 183, 0.44, 50, 100, 1, 8, 5000, 45
0, 20750, 106, 391, 367, 391, 367, 0.44, 50, 100, 1, 17, 5000, 45
0, 20750, 92, 367, 350, 367, 350, 0.44, 50, 100, 1, 18, 5000, 45
0, 20750, 103, 376, 355, 376, 355, 0.44, 50, 100, 1, 17, 5000, 45
1, 9320, 105, 150, 154, 150, 154, 0.44, 50, 100, 1, 5, 5000, 45
1, 14207, 118, 251, 252, 251, 252, 0.44, 50, 100, 1, 15, 5000, 45
0, 20750, 91, 375, 351, 375, 351, 0.44, 50, 100, 1, 23, 5000, 45
1, 9007, 112, 157, 162, 157, 162, 0.44, 50, 100, 1, 6, 5000, 45
0, 20750, 102, 376, 375, 376, 375, 0.44, 50, 100, 1, 17, 5000, 45
1, 13176, 92, 213, 214, 213, 214, 0.44, 50, 100, 1, 9, 5000, 45
0, 20750, 99, 400, 367, 400, 367, 0.44, 50, 100, 1, 16, 5000, 45
1, 16345, 92, 274, 275, 274, 275, 0.44, 50, 100, 1, 12, 5000, 45
0, 20750, 99, 380, 357, 380, 357, 0.44, 50, 100, 1, 17, 5000, 45
0, 20750, 106, 363, 343, 363, 343, 0.44, 50, 100, 1, 17, 5000, 45
0, 20750, 114, 393, 383, 393, 383, 0.44, 50, 100, 1, 17, 5000, 45
1, 11239, 104, 186, 187, 186, 187, 0.44, 50, 100, 1, 8, 5000, 45
0, 20750, 97, 380, 350, 380, 350, 0.44, 50, 100, 1, 18, 5000, 45
0, 20750, 98, 369, 361, 369, 361, 0.44, 50, 100, 1, 18, 5000, 45
0, 20750, 97, 372, 372, 372, 372, 0.44, 50, 100, 1, 17, 5000, 45
0, 20750, 87, 367, 344, 367, 344, 0.44, 50, 100, 1, 17, 5000, 45
1, 9942, 104, 167, 168, 167, 168, 0.44, 50, 100, 1, 6, 5000, 55
0, 24250, 102, 444, 426, 444, 426, 0.44, 50, 100, 1, 20, 5000, 55
0, 24250, 105, 465, 446, 465, 446, 0.44, 50, 100, 1, 21, 5000, 55
0, 24250, 107, 431, 424, 431, 424, 0.44, 50, 100, 1, 23, 5000, 55
1, 15479, 88, 255, 256, 255, 256, 0.44, 50, 100, 1, 14, 5000, 55
0, 24250, 100, 447, 425, 447, 425, 0.44, 50, 100, 1, 25, 5000, 55
0, 24250, 95, 452, 440, 452, 440, 0.44, 50, 100, 1, 24, 5000, 55
1, 10133, 109, 164, 168, 164, 168, 0.44, 50, 100, 1, 7, 5000, 55
0, 24250, 115, 468, 445, 468, 445, 0.44, 50, 100, 1, 22, 5000, 55
0, 24250, 96, 453, 437, 453, 437, 0.44, 50, 100, 1, 21, 5000, 55
1, 20825, 111, 385, 386, 385, 386, 0.44, 50, 100, 1, 18, 5000, 55
1, 9561, 87, 142, 148, 142, 148, 0.44, 50, 100, 1, 5, 5000, 55
0, 24250, 104, 455, 434, 455, 434, 0.44, 50, 100, 1, 21, 5000, 55
0, 24250, 105, 450, 427, 450, 427, 0.44, 50, 100, 1, 20, 5000, 55
1, 9733, 113, 168, 172, 168, 172, 0.44, 50, 100, 1, 6, 5000, 55
0, 24250, 99, 445, 430, 445, 430, 0.44, 50, 100, 1, 21, 5000, 55
0, 24250, 98, 435, 412, 435, 412, 0.44, 50, 100, 1, 26, 5000, 55
0, 24250, 100, 444, 432, 444, 432, 0.44, 50, 100, 1, 26, 5000, 55
1, 8532, 91, 146, 153, 146, 153, 0.44, 50, 100, 1, 5, 5000, 55
0, 24250, 108, 457, 428, 457, 428, 0.44, 50, 100, 1, 29, 5000, 55
0, 24250, 104, 446, 436, 446, 436, 0.44, 50, 100, 1, 20, 5000, 55
0, 24250, 113, 446, 442, 446, 442, 0.44, 50, 100, 1, 28, 5000, 55
1, 10603, 109, 164, 173, 164, 173, 0.44, 50, 100, 1, 8, 5000, 55
0, 24250, 106, 450, 437, 450, 437, 0.44, 50, 100, 1, 20, 5000, 55
0, 24250, 91, 441, 426, 441, 426, 0.44, 50, 100, 1, 23, 5000, 55
1, 10189, 117, 172, 174, 172, 174, 0.44, 50, 100, 1, 6, 5000, 55
0, 24250, 107, 447, 439, 447, 439, 0.44, 50, 100, 1, 26, 5000, 55
1, 20571, 106, 367, 368, 367, 368, 0.44, 50, 100, 1, 22, 5000, 55
1, 9502, 109, 171, 172, 171, 172, 0.44, 50, 100, 1, 6, 5000, 55
1, 10200, 120, 183, 184, 183, 184, 0.44, 50, 100, 1, 7, 5000, 55
0, 24250, 106, 459, 447, 459, 447, 0.44, 50, 100, 1, 20, 5000, 55
1, 9616, 97, 166, 167, 166, 167, 0.44, 50, 100, 1, 6, 5000, 55
0, 24250, 102, 453, 426, 453, 426, 0.44, 50, 100, 1, 20, 5000, 55
1, 9650, 112, 169, 170, 169, 170, 0.44, 50, 100, 1, 7, 5000, 55
1, 15190, 90, 254, 255, 254, 255, 0.44, 50, 100, 1, 11, 5000, 55
1, 23889, 108, 430, 431, 430, 431, 0.44, 50, 100, 1, 20, 5000, 55
0, 24250, 112, 469, 446, 469, 446, 0.44, 50, 100, 1, 20, 5000, 55
1, 11013, 99, 169, 170, 169, 170, 0.44, 50, 100, 1, 7, 5000, 55
0, 24250, 106, 447, 429, 447, 429, 0.44, 50, 100, 1, 20, 5000, 55
0, 24250, 88, 431, 401, 431, 401, 0.44, 50, 100, 1, 21, 5000, 55
0, 24250, 99, 454, 432, 454, 432, 0.44, 50, 100, 1, 23, 5000, 55
1, 17128, 87, 300, 301, 300, 301, 0.44, 50, 100, 1, 14, 5000, 55
1, 9338, 111, 168, 169, 168, 169, 0.44, 50, 100, 1, 6, 5000, 55
0, 24250, 102, 458, 438, 458, 438, 0.44, 50, 100, 1, 23, 5000, 55
0, 24250, 108, 451, 444, 451, 444, 0.44, 50, 100, 1, 20, 5000, 55
0, 24250, 112, 448, 437, 448, 437, 0.44, 50, 100, 1, 21, 5000, 55
0, 24250, 98, 440, 420, 440, 420, 0.44, 50, 100, 1, 20, 5000, 55
1, 9769, 80, 135, 136, 135, 136, 0.44, 50, 100, 1, 7, 5000, 55
1, 15844, 90, 259, 260, 259, 260, 0.44, 50, 100, 1, 12, 5000, 55
0, 24250, 91, 460, 453, 460, 453, 0.44, 50, 100, 1, 27, 5000, 55
1, 9281, 102, 157, 162, 157, 162, 0.44, 50, 100, 1, 6, 5000, 55
0, 24250, 117, 470, 452, 470, 452, 0.44, 50, 100, 1, 27, 5000, 55
0, 24250, 102, 439, 421, 439, 421, 0.44, 50, 100, 1, 21, 5000, 55
1, 17424, 117, 315, 316, 315, 316, 0.44, 50, 100, 1, 14, 5000, 55
0, 24250, 123, 471, 446, 471, 446, 0.44, 50, 100, 1, 22, 5000, 55
0, 24250, 96, 449, 423, 449, 423, 0.44, 50, 100, 1, 20, 5000, 55
1, 9940, 110, 165, 170, 165, 170, 0.44, 50, 100, 1, 7, 5000, 55
0, 24250, 93, 421, 377, 421, 377, 0.44, 50, 100, 1, 20, 5000, 55
0, 24250, 105, 448, 424, 448, 424, 0.44, 50, 100, 1, 20, 5000, 55
0, 24250, 105, 478, 445, 478, 445, 0.44, 50, 100, 1, 21, 5000, 55
0, 24250, 110, 469, 439, 469, 439, 0.44, 50, 100, 1, 22, 5000, 55
0, 24250, 88, 440, 426, 440, 426, 0.44, 50, 100, 1, 23, 5000, 55
0, 24250, 107, 437, 420, 437, 420, 0.44, 50, 100, 1, 23, 5000, 55
0, 24250, 97, 448, 443, 448, 443, 0.44, 50, 100, 1, 21, 5000, 55
0, 24250, 111, 449, 427, 449, 427, 0.44, 50, 100, 1, 21, 5000, 55
1, 10054, 98, 159, 160, 159, 160, 0.44, 50, 100, 1, 7, 5000, 55
0, 24250, 110, 472, 431, 472, 431, 0.44, 50, 100, 1, 22, 5000, 55
1, 10282, 88, 143, 150, 143, 150, 0.44, 50, 100, 1, 6, 5000, 55
0, 24250, 101, 443, 428, 443, 428, 0.44, 50, 100, 1, 26, 5000, 55
0, 24250, 89, 456, 434, 456, 434, 0.44, 50, 100, 1, 25, 5000, 55
0, 24250, 110, 468, 442, 468, 442, 0.44, 50, 100, 1, 21, 5000, 55
1, 16785, 109, 293, 294, 293, 294, 0.44, 50, 100, 1, 13, 5000, 55
0, 24250, 105, 443, 426, 443, 426, 0.44, 50, 100, 1, 22, 5000, 55
0, 24250, 100, 426, 408, 426, 408, 0.44, 50, 100, 1, 20, 5000, 55
0, 24250, 106, 451, 431, 451, 431, 0.44, 50, 100, 1, 21, 5000, 55
1, 10483, 106, 167, 168, 167, 168, 0.44, 50, 100, 1, 6, 5000, 55
0, 24250, 107, 462, 441, 462, 441, 0.44, 50, 100, 1, 23, 5000, 55
0, 24250, 95, 446, 418, 446, 418, 0.44, 50, 100, 1, 24, 5000, 55
0, 24250, 92, 448, 415, 448, 415, 0.44, 50, 100, 1, 21, 5000, 55
1, 9644, 107, 162, 165, 162, 165, 0.44, 50, 100, 1, 6, 5000, 55
0, 24250, 103, 446, 434, 446, 434, 0.44, 50, 100, 1, 20, 5000, 55
0, 24250, 93, 448, 432, 448, 432, 0.44, 50, 100, 1, 21, 5000, 55
1, 17518, 107, 312, 313, 312, 313, 0.44, 50, 100, 1, 15, 5000, 55
0, 24250, 114, 460, 448, 460, 448, 0.44, 50, 100, 1, 21, 5000, 55
0, 24250, 103, 447, 438, 447, 438, 0.44, 50, 100, 1, 20, 5000, 55
0, 24250, 108, 460, 435, 460, 435, 0.44, 50, 100, 1, 21, 5000, 55
1, 9785, 99, 162, 163, 162, 163, 0.44, 50, 100, 1, 8, 5000, 55
0, 24250, 111, 447, 430, 447, 430, 0.44, 50, 100, 1, 21, 5000, 55
0, 24250, 107, 448, 427, 448, 427, 0.44, 50, 100, 1, 23, 5000, 55
0, 24250, 123, 458, 442, 458, 442, 0.44, 50, 100, 1, 21, 5000, 55
1, 19854, 107, 344, 345, 344, 345, 0.44, 50, 100, 1, 20, 5000, 55
0, 24250, 111, 456, 434, 456, 434, 0.44, 50, 100, 1, 21, 5000, 55
0, 24250, 107, 484, 440, 484, 440, 0.44, 50, 100, 1, 24, 5000, 55
1, 21948, 109, 424, 425, 424, 425, 0.44, 50, 100, 1, 20, 5000, 55
1, 10260, 110, 168, 169, 168, 169, 0.44, 50, 100, 1, 7, 5000, 55
0, 24250, 99, 460, 444, 460, 444, 0.44, 50, 100, 1, 22, 5000, 55
0, 24250, 97, 444, 431, 444, 431, 0.44, 50, 100, 1, 21, 5000, 55
0, 24250, 105, 454, 434, 454, 434, 0.44, 50, 100, 1, 22, 5000, 55
1, 10447, 101, 166, 182, 166, 182, 0.44, 50, 100, 1, 7, 5000, 65
0, 24250, 113, 463, 429, 463, 429, 0.44, 50, 100, 1, 21, 5000, 55
1, 24104, 105, 429, 430, 429, 430, 0.44, 50, 100, 1, 24, 5000, 55
1, 18819, 112, 341, 342, 341, 342, 0.44, 50, 100, 1, 18, 5000, 65
1, 19129, 103, 347, 348, 347, 348, 0.44, 50, 100, 1, 17, 5000, 65
0, 27750, 100, 519, 505, 519, 505, 0.44, 50, 100, 1, 25, 5000, 65
0, 27750, 94, 508, 478, 508, 478, 0.44, 50, 100, 1, 24, 5000, 65
0, 27750, 102, 520, 498, 520, 498, 0.44, 50, 100, 1, 23, 5000, 65
0, 27750, 96, 513, 489, 513, 489, 0.44, 50, 100, 1, 25, 5000, 65
1, 10644, 128, 194, 195, 194, 195, 0.44, 50, 100, 1, 8, 5000, 65
0, 27750, 96, 514, 496, 514, 496, 0.44, 50, 100, 1, 25, 5000, 65
0, 27750, 113, 521, 506, 521, 506, 0.44, 50, 100, 1, 25, 5000, 65
1, 17922, 82, 284, 285, 284, 285, 0.44, 50, 100, 1, 14, 5000, 65
0, 27750, 93, 516, 507, 516, 507, 0.44, 50, 100, 1, 25, 5000, 65
1, 18346, 105, 309, 310, 309, 310, 0.44, 50, 100, 1, 14, 5000, 65
1, 10583, 108, 173, 174, 173, 174, 0.44, 50, 100, 1, 7, 5000, 65
1, 17246, 111, 308, 309, 308, 309, 0.44, 50, 100, 1, 13, 5000, 65
0, 27750, 91, 522, 492, 522, 492, 0.44, 50, 100, 1, 25, 5000, 65
1, 12933, 118, 222, 223, 222, 223, 0.44, 50, 100, 1, 10, 5000, 65
0, 27750, 97, 528, 508, 528, 508, 0.44, 50, 100, 1, 24, 5000, 65
1, 14618, 104, 239, 240, 239, 240, 0.44, 50, 100, 1, 15, 5000, 65
0, 27750, 102, 525, 500, 525, 500, 0.44, 50, 100, 1, 29, 5000, 65
0, 27750, 109, 510, 488, 510, 488, 0.44, 50, 100, 1, 24, 5000, 65
0, 27750, 105, 529, 502, 529, 502, 0.44, 50, 100, 1, 26, 5000, 65
0, 27750, 98, 519, 496, 519, 496, 0.44, 50, 100, 1, 28, 5000, 65
1, 9997, 104, 169, 170, 169, 170, 0.44, 50, 100, 1, 7, 5000, 65
0, 27750, 82, 511, 484, 511, 484, 0.44, 50, 100, 1, 27, 5000, 65
1, 9686, 103, 168, 175, 168, 175, 0.44, 50, 100, 1, 6, 5000, 65
0, 27750, 88, 506, 490, 506, 490, 0.44, 50, 100, 1, 28, 5000, 65
1, 24688, 108, 451, 452, 451, 452, 0.44, 50, 100, 1, 26, 5000, 65
1, 10941, 104, 190, 191, 190, 191, 0.44, 50, 100, 1, 9, 5000, 65
0, 27750, 92, 528, 498, 528, 498, 0.44, 50, 100, 1, 32, 5000, 65
1, 11731, 92, 193, 194, 193, 194, 0.44, 50, 100, 1, 10, 5000, 65
1, 12172, 78, 184, 185, 184, 185, 0.44, 50, 100, 1, 10, 5000, 65
0, 27750, 89, 528, 500, 528, 500, 0.44, 50, 100, 1, 27, 5000, 65
0, 27750, 108, 535, 506, 535, 506, 0.44, 50, 100, 1, 28, 5000, 65
0, 27750, 109, 540, 521, 540, 521, 0.44, 50, 100, 1, 28, 5000, 65
1, 10666, 100, 165, 167, 165, 167, 0.44, 50, 100, 1, 8, 5000, 65
1, 16441, 107, 287, 288, 287, 288, 0.44, 50, 100, 1, 13, 5000, 65
0, 27750, 115, 523, 504, 523, 504, 0.44, 50, 100, 1, 26, 5000, 65
1, 9799, 92, 157, 158, 157, 158, 0.44, 50, 100, 1, 6, 5000, 65
0, 27750, 108, 526, 512, 526, 512, 0.44, 50, 100, 1, 25, 5000, 65
1, 10861, 113, 186, 187, 186, 187, 0.44, 50, 100, 1, 7, 5000, 65
1, 16994, 85, 279, 280, 279, 280, 0.44, 50, 100, 1, 14, 5000, 65
0, 27750, 86, 511, 486, 511, 486, 0.44, 50, 100, 1, 25, 5000, 65
1, 11982, 99, 198, 199, 198, 199, 0.44, 50, 100, 1, 8, 5000, 65
1, 14877, 102, 255, 256, 255, 256, 0.44, 50, 100, 1, 12, 5000, 65
1, 9330, 95, 160, 161, 160, 161, 0.44, 50, 100, 1, 7, 5000, 65
0, 27750, 100, 514, 493, 514, 493, 0.44, 50, 100, 1, 27, 5000, 65
1, 16581, 94, 269, 270, 269, 270, 0.44, 50, 100, 1, 14, 5000, 65
0, 27750, 118, 522, 506, 522, 506, 0.44, 50, 100, 1, 34, 5000, 65
0, 27750, 109, 530, 518, 530, 518, 0.44, 50, 100, 1, 25, 5000, 65
0, 27750, 106, 531, 513, 531, 513, 0.44, 50, 100, 1, 34, 5000, 65
0, 27750, 109, 536, 524, 536, 524, 0.44, 50, 100, 1, 27, 5000, 65
0, 27750, 106, 528, 492, 528, 492, 0.44, 50, 100, 1, 25, 5000, 65
0, 27750, 87, 517, 494, 517, 494, 0.44, 50, 100, 1, 25, 5000, 65
0, 27750, 107, 520, 500, 520, 500, 0.44, 50, 100, 1, 25, 5000, 65
0, 27750, 90, 512, 480, 512, 480, 0.44, 50, 100, 1, 26, 5000, 65
1, 18579, 107, 328, 329, 328, 329, 0.44, 50, 100, 1, 15, 5000, 65
0, 27750, 105, 522, 501, 522, 501, 0.44, 50, 100, 1, 30, 5000, 65
0, 27750, 107, 537, 518, 537, 518, 0.44, 50, 100, 1, 25, 5000, 65
0, 27750, 82, 502, 484, 502, 484, 0.44, 50, 100, 1, 30, 5000, 65
0, 27750, 112, 520, 500, 520, 500, 0.44, 50, 100, 1, 25, 5000, 65
1, 10301, 96, 161, 162, 161, 162, 0.44, 50, 100, 1, 6, 5000, 65
1, 26527, 105, 476, 477, 476, 477, 0.44, 50, 100, 1, 26, 5000, 65
0, 27750, 96, 514, 491, 514, 491, 0.44, 50, 100, 1, 24, 5000, 65
0, 27750, 98, 515, 503, 515, 503, 0.44, 50, 100, 1, 29, 5000, 65
0, 27750, 87, 519, 497, 519, 497, 0.44, 50, 100, 1, 25, 5000, 65
1, 11017, 93, 158, 159, 158, 159, 0.44, 50, 100, 1, 7, 5000, 65
1, 9756, 109, 174, 176, 174, 176, 0.44, 50, 100, 1, 6, 5000, 65
0, 27750, 110, 516, 504, 516, 504, 0.44, 50, 100, 1, 26, 5000, 65
1, 15331, 112, 276, 277, 276, 277, 0.44, 50, 100, 1, 14, 5000, 65
0, 27750, 82, 496, 469, 496, 469, 0.44, 50, 100, 1, 24, 5000, 65
1, 15803, 111, 280, 281, 280, 281, 0.44, 50, 100, 1, 14, 5000, 65
1, 12318, 92, 195, 196, 195, 196, 0.44, 50, 100, 1, 8, 5000, 65
0, 27750, 91, 523, 495, 523, 495, 0.44, 50, 100, 1, 26, 5000, 65
0, 27750, 102, 524, 501, 524, 501, 0.44, 50, 100, 1, 23, 5000, 65
1, 11059, 106, 172, 173, 172, 173, 0.44, 50, 100, 1, 7, 5000, 65
1, 23333, 94, 417, 418, 417, 418, 0.44, 50, 100, 1, 19, 5000, 65
1, 27423, 88, 493, 494, 493, 494, 0.44, 50, 100, 1, 24, 5000, 65
0, 27750, 94, 520, 490, 520, 490, 0.44, 50, 100, 1, 24, 5000, 65
1, 23174, 114, 439, 440, 439, 440, 0.44, 50, 100, 1, 20, 5000, 65
1, 10545, 106, 186, 187, 186, 187, 0.44, 50, 100, 1, 6, 5000, 65
0, 27750, 106, 539, 519, 539, 519, 0.44, 50, 100, 1, 25, 5000, 65
0, 27750, 108, 510, 489, 510, 489, 0.44, 50, 100, 1, 24, 5000, 65
0, 27750, 120, 531, 508, 531, 508, 0.44, 50, 100, 1, 25, 5000, 65
0, 27750, 96, 501, 486, 501, 486, 0.44, 50, 100, 1, 25, 5000, 65
0, 27750, 108, 527, 509, 527, 509, 0.44, 50, 100, 1, 24, 5000, 65
0, 27750, 85, 501, 488, 501, 488, 0.44, 50, 100, 1, 24, 5000, 65
0, 27750, 111, 526, 503, 526, 503, 0.44, 50, 100, 1, 26, 5000, 65
0, 27750, 98, 506, 482, 506, 482, 0.44, 50, 100, 1, 25, 5000, 65
1, 12858, 98, 209, 210, 209, 210, 0.44, 50, 100, 1, 9, 5000, 65
1, 18285, 105, 319, 320, 319, 320, 0.44, 50, 100, 1, 15, 5000, 65
0, 27750, 98, 521, 514, 521, 514, 0.44, 50, 100, 1, 32, 5000, 65
0, 27750, 88, 518, 508, 518, 508, 0.44, 50, 100, 1, 25, 5000, 65
0, 27750, 107, 512, 509, 512, 509, 0.44, 50, 100, 1, 32, 5000, 65
1, 13280, 94, 207, 208, 207, 208, 0.44, 50, 100, 1, 13, 5000, 65
0, 27750, 99, 530, 496, 530, 496, 0.44, 50, 100, 1, 27, 5000, 65
0, 27750, 95, 518, 500, 518, 500, 0.44, 50, 100, 1, 27, 5000, 65
0, 27750, 87, 505, 485, 505, 485, 0.44, 50, 100, 1, 30, 5000, 65
1, 12817, 106, 219, 220, 219, 220, 0.44, 50, 100, 1, 9, 5000, 75
1, 21940, 108, 400, 401, 400, 401, 0.44, 50, 100, 1, 26, 5000, 65
0, 27750, 92, 504, 498, 504, 498, 0.44, 50, 100, 1, 32, 5000, 65
0, 31250, 119, 605, 590, 605, 590, 0.44, 50, 100, 1, 30, 5000, 75
0, 31250, 100, 590, 574, 590, 574, 0.44, 50, 100, 1, 30, 5000, 75
1, 16464, 102, 291, 292, 291, 292, 0.44, 50, 100, 1, 13, 5000, 75
0, 31250, 93, 591, 578, 591, 578, 0.44, 50, 100, 1, 28, 5000, 75
0, 31250, 107, 599, 572, 599, 572, 0.44, 50, 100, 1, 30, 5000, 75
0, 31250, 115, 608, 591, 608, 591, 0.44, 50, 100, 1, 27, 5000, 75
0, 31250, 111, 585, 578, 585, 578, 0.44, 50, 100, 1, 28, 5000, 75
1, 21083, 98, 371, 372, 371, 372, 0.44, 50, 100, 1, 19, 5000, 75
1, 10818, 118, 193, 195, 193, 195, 0.44, 50, 100, 1, 8, 5000, 75
0, 31250, 103, 590, 570, 590, 570, 0.44, 50, 100, 1, 28, 5000, 75
0, 31250, 129, 601, 562, 601, 562, 0.44, 50, 100, 1, 31, 5000, 75
0, 31250, 110, 607, 578, 607, 578, 0.44, 50, 100, 1, 28, 5000, 75
0, 31250, 91, 584, 566, 584, 566, 0.44, 50, 100, 1, 27, 5000, 75
1, 16205, 107, 283, 284, 283, 284, 0.44, 50, 100, 1, 12, 5000, 75
1, 12425, 98, 186, 187, 186, 187, 0.44, 50, 100, 1, 9, 5000, 75
0, 31250, 95, 587, 559, 587, 559, 0.44, 50, 100, 1, 29, 5000, 75
0, 31250, 101, 596, 581, 596, 581, 0.44, 50, 100, 1, 28, 5000, 75
0, 31250, 90, 605, 578, 605, 578, 0.44, 50, 100, 1, 29, 5000, 75
1, 22586, 116, 421, 422, 421, 422, 0.44, 50, 100, 1, 19, 5000, 75
1, 22332, 88, 396, 397, 396, 397, 0.44, 50, 100, 1, 18, 5000, 75
0, 31250, 97, 582, 564, 582, 564, 0.44, 50, 100, 1, 29, 5000, 75
1, 11150, 118, 193, 194, 193, 194, 0.44, 50, 100, 1, 7, 5000, 75
0, 31250, 98, 604, 584, 604, 584, 0.44, 50, 100, 1, 29, 5000, 75
0, 31250, 116, 604, 586, 604, 586, 0.44, 50, 100, 1, 29, 5000, 75
1, 11177, 104, 179, 180, 179, 180, 0.44, 50, 100, 1, 7, 5000, 75
0, 31250, 101, 605, 578, 605, 578, 0.44, 50, 100, 1, 29, 5000, 75
1, 10851, 101, 180, 181, 180, 181, 0.44, 50, 100, 1, 7, 5000, 75
0, 31250, 99, 612, 589, 612, 589, 0.44, 50, 100, 1, 34, 5000, 75
0, 31250, 101, 585, 567, 585, 567, 0.44, 50, 100, 1, 32, 5000, 75
1, 13249, 105, 214, 215, 214, 215, 0.44, 50, 100, 1, 10, 5000, 75
0, 31250, 103, 593, 579, 593, 579, 0.44, 50, 100, 1, 27, 5000, 75
1, 27069, 88, 496, 497, 496, 497, 0.44, 50, 100, 1, 26, 5000, 75
1, 11351, 98, 173, 181, 173, 181, 0.44, 50, 100, 1, 7, 5000, 75
1, 21131, 112, 394, 395, 394, 395, 0.44, 50, 100, 1, 18, 5000, 75
0, 31250, 94, 576, 556, 576, 556, 0.44, 50, 100, 1, 31, 5000, 75
1, 11308, 117, 192, 193, 192, 193, 0.44, 50, 100, 1, 7, 5000, 75
1, 26693, 94, 476, 477, 476, 477, 0.44, 50, 100, 1, 22, 5000, 75
1, 10830, 88, 165, 166, 165, 166, 0.44, 50, 100, 1, 7, 5000, 75
1, 10869, 120, 195, 196, 195, 196, 0.44, 50, 100, 1, 7, 5000, 75
0, 31250, 102, 588, 559, 588, 559, 0.44, 50, 100, 1, 27, 5000, 75
1, 14542, 94, 244, 245, 244, 245, 0.44, 50, 100, 1, 11, 5000, 75
1, 11461, 101, 189, 190, 189, 190, 0.44, 50, 100, 1, 7, 5000, 75
1, 11328, 94, 176, 177, 176, 177, 0.44, 50, 100, 1, 8, 5000, 75
0, 31250, 103, 599, 572, 599, 572, 0.44, 50, 100, 1, 27, 5000, 75
1, 28436, 117, 550, 551, 550, 551, 0.44, 50, 100, 1, 25, 5000, 75
1, 12227, 82, 192, 193, 192, 193, 0.44, 50, 100, 1, 8, 5000, 75
1, 20770, 113, 390, 391, 390, 391, 0.44, 50, 100, 1, 22, 5000, 75
0, 31250, 110, 605, 601, 605, 601, 0.44, 50, 100, 1, 33, 5000, 75
1, 16277, 99, 274, 275, 274, 275, 0.44, 50, 100, 1, 13, 5000, 75
0, 31250, 98, 593, 578, 593, 578, 0.44, 50, 100, 1, 28, 5000, 75
0, 31250, 100, 600, 578, 600, 578, 0.44, 50, 100, 1, 27, 5000, 75
0, 31250, 119, 595, 575, 595, 575, 0.44, 50, 100, 1, 28, 5000, 75
1, 26784, 108, 493, 494, 493, 494, 0.44, 50, 100, 1, 25, 5000, 75
0, 31250, 85, 572, 558, 572, 558, 0.44, 50, 100, 1, 30, 5000, 75
0, 31250, 100, 593, 569, 593, 569, 0.44, 50, 100, 1, 36, 5000, 75
0, 31250, 104, 586, 573, 586, 573, 0.44, 50, 100, 1, 36, 5000, 75
1, 26611, 92, 496, 497, 496, 497, 0.44, 50, 100, 1, 25, 5000, 75
0, 31250, 99, 588, 572, 588, 572, 0.44, 50, 100, 1, 36, 5000, 75
1, 11213, 98, 173, 177, 173, 177, 0.44, 50, 100, 1, 8, 5000, 75
0, 31250, 103, 592, 580, 592, 580, 0.44, 50, 100, 1, 37, 5000, 75
0, 31250, 94, 584, 561, 584, 561, 0.44, 50, 100, 1, 31, 5000, 75
1, 27642, 114, 520, 521, 520, 521, 0.44, 50, 100, 1, 26, 5000, 75
1, 12791, 116, 218, 219, 218, 219, 0.44, 50, 100, 1, 10, 5000, 75
1, 23718, 105, 444, 445, 444, 445, 0.44, 50, 100, 1, 27, 5000, 75
1, 12727, 99, 211, 212, 211, 212, 0.44, 50, 100, 1, 12, 5000, 75
0, 31250, 98, 572, 558, 572, 558, 0.44, 50, 100, 1, 35, 5000, 75
0, 31250, 76, 572, 545, 572, 545, 0.44, 50, 100, 1, 30, 5000, 75
1, 11000, 98, 186, 187, 186, 187, 0.44, 50, 100, 1, 7, 5000, 75
0, 31250, 106, 576, 554, 576, 554, 0.44, 50, 100, 1, 29, 5000, 75
0, 31250, 103, 592, 577, 592, 577, 0.44, 50, 100, 1, 32, 5000, 75
0, 31250, 113, 596, 583, 596, 583, 0.44, 50, 100, 1, 28, 5000, 75
0, 31250, 82, 573, 565, 573, 565, 0.44, 50, 100, 1, 29, 5000, 75
1, 20787, 100, 360, 361, 360, 361, 0.44, 50, 100, 1, 17, 5000, 75
0, 31250, 118, 606, 585, 606, 585, 0.44, 50, 100, 1, 33, 5000, 75
0, 31250, 106, 592, 573, 592, 573, 0.44, 50, 100, 1, 29, 5000, 75
1, 11026, 103, 196, 197, 196, 197, 0.44, 50, 100, 1, 7, 5000, 75
0, 31250, 98, 554, 536, 554, 536, 0.44, 50, 100, 1, 28, 5000, 75
1, 23039, 94, 414, 415, 414, 415, 0.44, 50, 100, 1, 20, 5000, 75
0, 31250, 98, 591, 579, 591, 579, 0.44, 50, 100, 1, 30, 5000, 75
1, 10750, 112, 187, 189, 187, 189, 0.44, 50, 100, 1, 7, 5000, 75
0, 31250, 107, 595, 584, 595, 584, 0.44, 50, 100, 1, 30, 5000, 75
1, 18062, 101, 330, 331, 330, 331, 0.44, 50, 100, 1, 15, 5000, 75
0, 31250, 101, 603, 583, 603, 583, 0.44, 50, 100, 1, 29, 5000, 75
1, 13125, 110, 221, 222, 221, 222, 0.44, 50, 100, 1, 9, 5000, 75
1, 10887, 112, 201, 202, 201, 202, 0.44, 50, 100, 1, 8, 5000, 75
0, 31250, 114, 597, 574, 597, 574, 0.44, 50, 100, 1, 28, 5000, 75
0, 31250, 108, 597, 568, 597, 568, 0.44, 50, 100, 1, 28, 5000, 75
0, 31250, 97, 589, 572, 589, 572, 0.44, 50, 100, 1, 28, 5000, 75
1, 22948, 106, 419, 420, 419, 420, 0.44, 50, 100, 1, 19, 5000, 75
0, 31250, 93, 598, 560, 598, 560, 0.44, 50, 100, 1, 29, 5000, 75
0, 31250, 102, 591, 578, 591, 578, 0.44, 50, 100, 1, 29, 5000, 75
0, 31250, 91, 585, 552, 585, 552, 0.44, 50, 100, 1, 31, 5000, 75
1, 10934, 114, 189, 190, 189, 190, 0.44, 50, 100, 1, 7, 5000, 75
0, 31250, 87, 567, 550, 567, 550, 0.44, 50, 100, 1, 31, 5000, 75
0, 31250, 115, 590, 583, 590, 583, 0.44, 50, 100, 1, 31, 5000, 75
0, 31250, 93, 587, 577, 587, 577, 0.44, 50, 100, 1, 29, 5000, 75
0, 31250, 109, 606, 574, 606, 574, 0.44, 50, 100, 1, 28, 5000, 75
0, 31250, 100, 597, 578, 597, 578, 0.44, 50, 100, 1, 30, 5000, 75
1, 23695, 84, 414, 415, 414, 415, 0.44, 50, 100, 1, 22, 5000, 75
1, 13433, 109, 237, 238, 237, 238, 0.44, 50, 100, 1, 10, 5000, 85
1, 24173, 101, 433, 434, 433, 434, 0.44, 50, 100, 1, 20, 5000, 85
0, 34750, 105, 666, 642, 666, 642, 0.44, 50, 100, 1, 31, 5000, 85
1, 28563, 105, 530, 531, 530, 531, 0.44, 50, 100, 1, 27, 5000, 85
0, 34750, 91, 649, 632, 649, 632, 0.44, 50, 100, 1, 32, 5000, 85
0, 34750, 88, 659, 633, 659, 633, 0.44, 50, 100, 1, 30, 5000, 85
0, 34750, 99, 647, 628, 647, 628, 0.44, 50, 100, 1, 32, 5000, 85
1, 14139, 100, 237, 238, 237, 238, 0.44, 50, 100, 1, 10, 5000, 85
1, 10600, 103, 188, 189, 188, 189, 0.44, 50, 100, 1, 7, 5000, 85
0, 34750, 127, 671, 653, 671, 653, 0.44, 50, 100, 1, 32, 5000, 85
1, 25798, 89, 446, 447, 446, 447, 0.44, 50, 100, 1, 22, 5000, 85
0, 34750, 115, 670, 647, 670, 647, 0.44, 50, 100, 1, 31, 5000, 85
0, 34750, 78, 651, 628, 651, 628, 0.44, 50, 100, 1, 31, 5000, 85
1, 24605, 102, 458, 459, 458, 459, 0.44, 50, 100, 1, 21, 5000, 85
1, 19087, 101, 345, 346, 345, 346, 0.44, 50, 100, 1, 18, 5000, 85
1, 15789, 106, 266, 267, 266, 267, 0.44, 50, 100, 1, 11, 5000, 85
1, 11063, 99, 184, 186, 184, 186, 0.44, 50, 100, 1, 10, 5000, 85
0, 34750, 109, 658, 651, 658, 651, 0.44, 50, 100, 1, 33, 5000, 85
1, 20342, 95, 364, 365, 364, 365, 0.44, 50, 100, 1, 17, 5000, 85
0, 34750, 100, 674, 625, 674, 625, 0.44, 50, 100, 1, 35, 5000, 85
1, 30641, 93, 565, 566, 565, 566, 0.44, 50, 100, 1, 27, 5000, 85
0, 34750, 120, 680, 641, 680, 641, 0.44, 50, 100, 1, 32, 5000, 85
1, 10575, 89, 179, 180, 179, 180, 0.44, 50, 100, 1, 7, 5000, 85
0, 34750, 105, 659, 629, 659, 629, 0.44, 50, 100, 1, 30, 5000, 85
0, 34750, 107, 661, 643, 661, 643, 0.44, 50, 100, 1, 37, 5000, 85
1, 11169, 110, 200, 201, 200, 201, 0.44, 50, 100, 1, 7, 5000, 85
0, 34750, 90, 653, 638, 653, 638, 0.44, 50, 100, 1, 32, 5000, 85
0, 34750, 110, 662, 643, 662, 643, 0.44, 50, 100, 1, 37, 5000, 85
1, 12549, 102, 198, 199, 198, 199, 0.44, 50, 100, 1, 9, 5000, 85
0, 34750, 110, 675, 652, 675, 652, 0.44, 50, 100, 1, 34, 5000, 85
0, 34750, 95, 655, 630, 655, 630, 0.44, 50, 100, 1, 32, 5000, 85
1, 19469, 92, 352, 353, 352, 353, 0.44, 50, 100, 1, 16, 5000, 85
1, 11661, 109, 202, 203, 202, 203, 0.44, 50, 100, 1, 8, 5000, 85
0, 34750, 103, 642, 630, 642, 630, 0.44, 50, 100, 1, 35, 5000, 85
1, 29181, 88, 540, 541, 540, 541, 0.44, 50, 100, 1, 30, 5000, 85
1, 13445, 83, 209, 210, 209, 210, 0.44, 50, 100, 1, 10, 5000, 85
1, 20315, 107, 380, 381, 380, 381, 0.44, 50, 100, 1, 17, 5000, 85
0, 34750, 92, 652, 643, 652, 643, 0.44, 50, 100, 1, 31, 5000, 85
1, 11227, 90, 175, 183, 175, 183, 0.44, 50, 100, 1, 8, 5000, 85
0, 34750, 92, 663, 625, 663, 625, 0.44, 50, 100, 1, 37, 5000, 85
1, 22585, 100, 413, 414, 413, 414, 0.44, 50, 100, 1, 22, 5000, 85
1, 31349, 95, 583, 584, 583, 584, 0.44, 50, 100, 1, 33, 5000, 85
1, 24034, 114, 443, 444, 443, 444, 0.44, 50, 100, 1, 28, 5000, 85
1, 20413, 112, 373, 374, 373, 374, 0.44, 50, 100, 1, 18, 5000, 85
0, 34750, 91, 655, 632, 655, 632, 0.44, 50, 100, 1, 39, 5000, 85
0, 34750, 106, 669, 649, 669, 649, 0.44, 50, 100, 1, 37, 5000, 85
0, 34750, 102, 667, 652, 667, 652, 0.44, 50, 100, 1, 34, 5000, 85
1, 20128, 97, 361, 362, 361, 362, 0.44, 50, 100, 1, 19, 5000, 85
0, 34750, 94, 662, 631, 662, 631, 0.44, 50, 100, 1, 37, 5000, 85
1, 12241, 114, 209, 210, 209, 210, 0.44, 50, 100, 1, 9, 5000, 85
0, 34750, 89, 652, 626, 652, 626, 0.44, 50, 100, 1, 35, 5000, 85
1, 22589, 96, 399, 400, 399, 400, 0.44, 50, 100, 1, 23, 5000, 85
0, 34750, 92, 667, 640, 667, 640, 0.44, 50, 100, 1, 34, 5000, 85
1, 13893, 105, 240, 241, 240, 241, 0.44, 50, 100, 1, 11, 5000, 85
1, 19153, 103, 338, 339, 338, 339, 0.44, 50, 100, 1, 22, 5000, 85
0, 34750, 100, 651, 631, 651, 631, 0.44, 50, 100, 1, 38, 5000, 85
1, 14398, 101, 258, 259, 258, 259, 0.44, 50, 100, 1, 12, 5000, 85
0, 34750, 98, 651, 636, 651, 636, 0.44, 50, 100, 1, 32, 5000, 85
1, 21685, 109, 385, 386, 385, 386, 0.44, 50, 100, 1, 20, 5000, 85
0, 34750, 127, 681, 659, 681, 659, 0.44, 50, 100, 1, 36, 5000, 85
1, 11144, 97, 182, 183, 182, 183, 0.44, 50, 100, 1, 7, 5000, 85
1, 11198, 107, 203, 204, 203, 204, 0.44, 50, 100, 1, 7, 5000, 85
0, 34750, 106, 665, 649, 665, 649, 0.44, 50, 100, 1, 31, 5000, 85
1, 12333, 102, 204, 205, 204, 205, 0.44, 50, 100, 1, 9, 5000, 85
0, 34750, 120, 661, 656, 661, 656, 0.44, 50, 100, 1, 39, 5000, 85
1, 20414, 107, 367, 368, 367, 368, 0.44, 50, 100, 1, 24, 5000, 85
0, 34750, 99, 653, 635, 653, 635, 0.44, 50, 100, 1, 34, 5000, 85
1, 30790, 102, 581, 582, 581, 582, 0.44, 50, 100, 1, 31, 5000, 85
1, 32870, 104, 607, 608, 607, 608, 0.44, 50, 100, 1, 34, 5000, 85
0, 34750, 98, 662, 644, 662, 644, 0.44, 50, 100, 1, 32, 5000, 85
1, 17319, 110, 284, 285, 284, 285, 0.44, 50, 100, 1, 13, 5000, 85
1, 33855, 103, 629, 630, 629, 630, 0.44, 50, 100, 1, 31, 5000, 85
1, 25778, 109, 466, 467, 466, 467, 0.44, 50, 100, 1, 27, 5000, 85
1, 10919, 98, 185, 186, 185, 186, 0.44, 50, 100, 1, 7, 5000, 85
0, 34750, 112, 674, 653, 674, 653, 0.44, 50, 100, 1, 40, 5000, 85
1, 16229, 113, 300, 301, 300, 301, 0.44, 50, 100, 1, 13, 5000, 85
0, 34750, 108, 661, 612, 661, 612, 0.44, 50, 100, 1, 32, 5000, 85
0, 34750, 109, 659, 642, 659, 642, 0.44, 50, 100, 1, 40, 5000, 85
1, 17828, 105, 332, 333, 332, 333, 0.44, 50, 100, 1, 16, 5000, 85
0, 34750, 96, 643, 611, 643, 611, 0.44, 50, 100, 1, 35, 5000, 85
0, 34750, 95, 653, 638, 653, 638, 0.44, 50, 100, 1, 33, 5000, 85
1, 22472, 110, 413, 414, 413, 414, 0.44, 50, 100, 1, 22, 5000, 85
0, 34750, 103, 664, 636, 664, 636, 0.44, 50, 100, 1, 35, 5000, 85
1, 13683, 101, 216, 217, 216, 217, 0.44, 50, 100, 1, 10, 5000, 85
1, 18188, 116, 336, 337, 336, 337, 0.44, 50, 100, 1, 20, 5000, 85
0, 34750, 110, 665, 629, 665, 629, 0.44, 50, 100, 1, 34, 5000, 85
0, 34750, 109, 667, 636, 667, 636, 0.44, 50, 100, 1, 40, 5000, 85
0, 34750, 110, 673, 670, 673, 670, 0.44, 50, 100, 1, 37, 5000, 85
0, 34750, 111, 651, 644, 651, 644, 0.44, 50, 100, 1, 31, 5000, 85
1, 20541, 114, 383, 384, 383, 384, 0.44, 50, 100, 1, 18, 5000, 85
1, 14212, 101, 239, 240, 239, 240, 0.44, 50, 100, 1, 11, 5000, 85
0, 34750, 90, 667, 639, 667, 639, 0.44, 50, 100, 1, 34, 5000, 85
1, 26492, 109, 471, 472, 471, 472, 0.44, 50, 100, 1, 23, 5000, 85
1, 14866, 103, 244, 245, 244, 245, 0.44, 50, 100, 1, 13, 5000, 85
1, 27830, 101, 509, 510, 509, 510, 0.44, 50, 100, 1, 27, 5000, 85
0, 34750, 118, 659, 651, 659, 651, 0.44, 50, 100, 1, 37, 5000, 85
0, 34750, 100, 658, 626, 658, 626, 0.44, 50, 100, 1, 34, 5000, 85
0, 34750, 103, 648, 637, 648, 637, 0.44, 50, 100, 1, 38, 5000, 85
1, 19216, 112, 367, 368, 367, 368, 0.44, 50, 100, 1, 16, 5000, 95
0, 34750, 100, 673, 655, 673, 655, 0.44, 50, 100, 1, 34, 5000, 85
0, 34750, 108, 669, 644, 669, 644, 0.44, 50, 100, 1, 34, 5000, 85
1, 22067, 99, 398, 399, 398, 399, 0.44, 50, 100, 1, 19, 5000, 95
0, 38250, 101, 729, 705, 729, 705, 0.44, 50, 100, 1, 37, 5000, 95
1, 19398, 109, 358, 359, 358, 359, 0.44, 50, 100, 1, 17, 5000, 95
1, 32179, 117, 606, 607, 606, 607, 0.44, 50, 100, 1, 28, 5000, 95
0, 38250, 87, 716, 689, 716, 689, 0.44, 50, 100, 1, 35, 5000, 95
1, 20119, 95, 363, 364, 363, 364, 0.44, 50, 100, 1, 17, 5000, 95
1, 11766, 109, 204, 205, 204, 205, 0.44, 50, 100, 1, 8, 5000, 95
0, 38250, 102, 735, 723, 735, 723, 0.44, 50, 100, 1, 37, 5000, 95
1, 22016, 101, 403, 404, 403, 404, 0.44, 50, 100, 1, 19, 5000, 95
1, 12665, 87, 182, 187, 182, 187, 0.44, 50, 100, 1, 8, 5000, 95
0, 38250, 97, 719, 698, 719, 698, 0.44, 50, 100, 1, 35, 5000, 95
1, 21458, 97, 390, 391, 390, 391, 0.44, 50, 100, 1, 18, 5000, 95
1, 34685, 94, 652, 653, 652, 653, 0.44, 50, 100, 1, 32, 5000, 95
1, 26770, 95, 485, 486, 485, 486, 0.44, 50, 100, 1, 24, 5000, 95
0, 38250, 120, 748, 722, 748, 722, 0.44, 50, 100, 1, 34, 5000, 95
1, 12294, 109, 205, 206, 205, 206, 0.44, 50, 100, 1, 9, 5000, 95
0, 38250, 96, 726, 707, 726, 707, 0.44, 50, 100, 1, 38, 5000, 95
0, 38250, 92, 732, 718, 732, 718, 0.44, 50, 100, 1, 37, 5000, 95
1, 13247, 100, 213, 214, 213, 214, 0.44, 50, 100, 1, 13, 5000, 95
0, 38250, 108, 729, 712, 729, 712, 0.44, 50, 100, 1, 40, 5000, 95
0, 38250, 109, 717, 712, 717, 712, 0.44, 50, 100, 1, 41, 5000, 95
1, 11363, 96, 191, 192, 191, 192, 0.44, 50, 100, 1, 8, 5000, 95
1, 13403, 113, 246, 247, 246, 247, 0.44, 50, 100, 1, 14, 5000, 95
0, 38250, 94, 716, 701, 716, 701, 0.44, 50, 100, 1, 43, 5000, 95
0, 38250, 117, 738, 720, 738, 720, 0.44, 50, 100, 1, 45, 5000, 95
1, 33626, 81, 619, 620, 619, 620, 0.44, 50, 100, 1, 34, 5000, 95
1, 32330, 95, 610, 611, 610, 611, 0.44, 50, 100, 1, 32, 5000, 95
1, 12855, 99, 194, 201, 194, 201, 0.44, 50, 100, 1, 14, 5000, 95
0, 38250, 106, 723, 707, 723, 707, 0.44, 50, 100, 1, 42, 5000, 95
0, 38250, 97, 744, 726, 744, 726, 0.44, 50, 100, 1, 39, 5000, 95
1, 12254, 83, 178, 179, 178, 179, 0.44, 50, 100, 1, 9, 5000, 95
0, 38250, 92, 731, 709, 731, 709, 0.44, 50, 100, 1, 35, 5000, 95
0, 38250, 102, 734, 721, 734, 721, 0.44, 50, 100, 1, 39, 5000, 95
0, 38250, 97, 722, 708, 722, 708, 0.44, 50, 100, 1, 39, 5000, 95
1, 34202, 88, 627, 628, 627, 628, 0.44, 50, 100, 1, 33, 5000, 95
1, 22887, 106, 434, 435, 434, 435, 0.44, 50, 100, 1, 22, 5000, 95
1, 34364, 107, 643, 644, 643, 644, 0.44, 50, 100, 1, 33, 5000, 95
1, 12046, 98, 193, 194, 193, 194, 0.44, 50, 100, 1, 10, 5000, 95
1, 32585, 94, 606, 607, 606, 607, 0.44, 50, 100, 1, 36, 5000, 95
1, 12511, 102, 209, 210, 209, 210, 0.44, 50, 100, 1, 9, 5000, 95
0, 38250, 112, 746, 714, 746, 714, 0.44, 50, 100, 1, 37, 5000, 95
0, 38250, 105, 745, 707, 745, 707, 0.44, 50, 100, 1, 38, 5000, 95
0, 38250, 96, 738, 722, 738, 722, 0.44, 50, 100, 1, 38, 5000, 95
0, 38250, 111, 725, 708, 725, 708, 0.44, 50, 100, 1, 36, 5000, 95
1, 24160, 93, 432, 433, 432, 433, 0.44, 50, 100, 1, 25, 5000, 95
1, 20298, 89, 368, 369, 368, 369, 0.44, 50, 100, 1, 18, 5000, 95
0, 38250, 77, 719, 686, 719, 686, 0.44, 50, 100, 1, 39, 5000, 95
1, 12021, 106, 211, 212, 211, 212, 0.44, 50, 100, 1, 9, 5000, 95
0, 38250, 108, 736, 723, 736, 723, 0.44, 50, 100, 1, 42, 5000, 95
0, 38250, 113, 743, 722, 743, 722, 0.44, 50, 100, 1, 37, 5000, 95
0, 38250, 79, 706, 678, 706, 678, 0.44, 50, 100, 1, 39, 5000, 95
1, 28729, 83, 510, 511, 510, 511, 0.44, 50, 100, 1, 26, 5000, 95
1, 38092, 105, 727, 728, 727, 728, 0.44, 50, 100, 1, 35, 5000, 95
1, 15808, 99, 275, 276, 275, 276, 0.44, 50, 100, 1, 12, 5000, 95
0, 38250, 94, 738, 717, 738, 717, 0.44, 50, 100, 1, 38, 5000, 95
1, 12439, 93, 202, 203, 202, 203, 0.44, 50, 100, 1, 9, 5000, 95
1, 29125, 111, 530, 531, 530, 531, 0.44, 50, 100, 1, 26, 5000, 95
0, 38250, 97, 714, 699, 714, 699, 0.44, 50, 100, 1, 38, 5000, 95
0, 38250, 100, 725, 716, 725, 716, 0.44, 50, 100, 1, 36, 5000, 95
1, 16053, 99, 283, 284, 283, 284, 0.44, 50, 100, 1, 13, 5000, 95
1, 13611, 115, 254, 255, 254, 255, 0.44, 50, 100, 1, 10, 5000, 95
0, 38250, 99, 734, 714, 734, 714, 0.44, 50, 100, 1, 39, 5000, 95
1, 11968, 90, 187, 188, 187, 188, 0.44, 50, 100, 1, 10, 5000, 95
0, 38250, 100, 738, 721, 738, 721, 0.44, 50, 100, 1, 40, 5000, 95
1, 13065, 101, 226, 227, 226, 227, 0.44, 50, 100, 1, 12, 5000, 95
0, 38250, 91, 724, 700, 724, 700, 0.44, 50, 100, 1, 37, 5000, 95
1, 14309, 97, 237, 238, 237, 238, 0.44, 50, 100, 1, 11, 5000, 95
1, 16755, 98, 289, 290, 289, 290, 0.44, 50, 100, 1, 15, 5000, 95
0, 38250, 109, 732, 716, 732, 716, 0.44, 50, 100, 1, 38, 5000, 95
1, 36083, 115, 695, 696, 695, 696, 0.44, 50, 100, 1, 45, 5000, 95
0, 38250, 100, 734, 713, 734, 713, 0.44, 50, 100, 1, 49, 5000, 95
0, 38250, 105, 729, 726, 729, 726, 0.44, 50, 100, 1, 48, 5000, 95
1, 28142, 101, 527, 528, 527, 528, 0.44, 50, 100, 1, 32, 5000, 95
0, 38250, 95, 717, 701, 717, 701, 0.44, 50, 100, 1, 46, 5000, 95
0, 38250, 96, 719, 699, 719, 699, 0.44, 50, 100, 1, 50, 5000, 95
1, 13039, 97, 211, 212, 211, 212, 0.44, 50, 100, 1, 12, 5000, 95
1, 35082, 109, 661, 662, 661, 662, 0.44, 50, 100, 1, 37, 5000, 95
0, 38250, 108, 740, 718, 740, 718, 0.44, 50, 100, 1, 45, 5000, 95
1, 13140, 96, 233, 234, 233, 234, 0.44, 50, 100, 1, 11, 5000, 95
0, 38250, 111, 737, 706, 737, 706, 0.44, 50, 100, 1, 39, 5000, 95
0, 38250, 103, 730, 701, 730, 701, 0.44, 50, 100, 1, 40, 5000, 95
1, 17695, 97, 318, 319, 318, 319, 0.44, 50, 100, 1, 15, 5000, 95
0, 38250, 104, 739, 724, 739, 724, 0.44, 50, 100, 1, 43, 5000, 95
1, 12943, 91, 206, 207, 206, 207, 0.44, 50, 100, 1, 13, 5000, 95
0, 38250, 95, 729, 716, 729, 716, 0.44, 50, 100, 1, 39, 5000, 95
1, 24413, 120, 452, 453, 452, 453, 0.44, 50, 100, 1, 26, 5000, 95
0, 38250, 103, 734, 705, 734, 705, 0.44, 50, 100, 1, 37, 5000, 95
1, 16235, 112, 296, 297, 296, 297, 0.44, 50, 100, 1, 13, 5000, 95
1, 12545, 105, 221, 222, 221, 222, 0.44, 50, 100, 1, 9, 5000, 95
1, 25833, 106, 477, 478, 477, 478, 0.44, 50, 100, 1, 23, 5000, 95
0, 38250, 101, 726, 707, 726, 707, 0.44, 50, 100, 1, 40, 5000, 95
0, 38250, 109, 742, 722, 742, 722, 0.44, 50, 100, 1, 38, 5000, 95
1, 23180, 101, 408, 409, 408, 409, 0.44, 50, 100, 1, 21, 5000, 95
1, 12393, 101, 196, 200, 196, 200, 0.44, 50, 100, 1, 9, 5000, 95
1, 26585, 102, 497, 498, 497, 498, 0.44, 50, 100, 1, 29, 5000, 95
1, 30984, 108, 583, 584, 583, 584, 0.44, 50, 100, 1, 35, 5000, 95
1, 33683, 99, 622, 623, 622, 623, 0.44, 50, 100, 1, 34, 5000, 95
0, 38250, 100, 731, 722, 731, 722, 0.44, 50, 100, 1, 34, 5000, 95
1, 30288, 95, 555, 556, 555, 556, 0.44, 50, 100, 1, 30, 5000, 95
1, 35809, 102, 670, 671, 670, 671, 0.44, 50, 100, 1, 34, 5000, 105
0, 41750, 96, 790, 778, 790, 778, 0.44, 50, 100, 1, 45, 5000, 105
0, 41750, 118, 808, 785, 808, 785, 0.44, 50, 100, 1, 47, 5000, 105
1, 22962, 90, 406, 407, 406, 407, 0.44, 50, 100, 1, 21, 5000, 105
1, 37411, 107, 709, 710, 709, 710, 0.44, 50, 100, 1, 39, 5000, 105
1, 12315, 109, 214, 215, 214, 215, 0.44, 50, 100, 1, 9, 5000, 105
0, 41750, 124, 807, 782, 807, 782, 0.44, 50, 100, 1, 50, 5000, 105
1, 12818, 95, 215, 216, 215, 216, 0.44, 50, 100, 1, 9, 5000, 105
1, 31628, 90, 592, 593, 592, 593, 0.44, 50, 100, 1, 32, 5000, 105
0, 41750, 89, 791, 762, 791, 762, 0.44, 50, 100, 1, 48, 5000, 105
0, 41750, 94, 802, 784, 802, 784, 0.44, 50, 100, 1, 47, 5000, 105
1, 30741, 110, 573, 574, 573, 574, 0.44, 50, 100, 1, 31, 5000, 105
1, 14522, 94, 243, 244, 243, 244, 0.44, 50, 100, 1, 11, 5000, 105
0, 41750, 111, 814, 786, 814, 786, 0.44, 50, 100, 1, 41, 5000, 105
1, 17174, 102, 307, 308, 307, 308, 0.44, 50, 100, 1, 13, 5000, 105
1, 14503, 102, 254, 255, 254, 255, 0.44, 50, 100, 1, 12, 5000, 105
1, 12834, 89, 208, 209, 208, 209, 0.44, 50, 100, 1, 9, 5000, 105
1, 12246, 87, 192, 195, 192, 195, 0.44, 50, 100, 1, 9, 5000, 105
1, 12526, 105, 210, 212, 210, 212, 0.44, 50, 100, 1, 9, 5000, 105
0, 41750, 117, 805, 792, 805, 792, 0.44, 50, 100, 1, 44, 5000, 105
1, 12374, 101, 206, 207, 206, 207, 0.44, 50, 100, 1, 8, 5000, 105
1, 14825, 106, 249, 250, 249, 250, 0.44, 50, 100, 1, 14, 5000, 105
1, 27216, 115, 511, 512, 511, 512, 0.44, 50, 100, 1, 28, 5000, 105
1, 20739, 98, 357, 358, 357, 358, 0.44, 50, 100, 1, 17, 5000, 105
0, 41750, 95, 778, 756, 778, 756, 0.44, 50, 100, 1, 41, 5000, 105
1, 17500, 108, 312, 313, 312, 313, 0.44, 50, 100, 1, 14, 5000, 105
1, 23945, 109, 436, 437, 436, 437, 0.44, 50, 100, 1, 20, 5000, 105
1, 20417, 105, 376, 377, 376, 377, 0.44, 50, 100, 1, 17, 5000, 105
0, 41750, 97, 807, 790, 807, 790, 0.44, 50, 100, 1, 38, 5000, 105
0, 41750, 106, 803, 789, 803, 789, 0.44, 50, 100, 1, 40, 5000, 105
1, 18820, 102, 335, 336, 335, 336, 0.44, 50, 100, 1, 16, 5000, 105
1, 25250, 96, 452, 453, 452, 453, 0.44, 50, 100, 1, 22, 5000, 105
1, 13471, 113, 261, 262, 261, 262, 0.44, 50, 100, 1, 10, 5000, 105
0, 41750, 104, 805, 780, 805, 780, 0.44, 50, 100, 1, 39, 5000, 105
1, 40955, 99, 786, 787, 786, 787, 0.44, 50, 100, 1, 44, 5000, 105
1, 16091, 98, 285, 286, 285, 286, 0.44, 50, 100, 1, 13, 5000, 105
1, 22524, 100, 417, 418, 417, 418, 0.44, 50, 100, 1, 22, 5000, 105
1, 16087, 105, 270, 271, 270, 271, 0.44, 50, 100, 1, 13, 5000, 105
0, 41750, 111, 796, 783, 796, 783, 0.44, 50, 100, 1, 45, 5000, 105
0, 41750, 103, 789, 771, 789, 771, 0.44, 50, 100, 1, 40, 5000, 105
1, 18688, 101, 345, 346, 345, 346, 0.44, 50, 100, 1, 15, 5000, 105
1, 12011, 94, 200, 201, 200, 201, 0.44, 50, 100, 1, 9, 5000, 105
0, 41750, 97, 788, 760, 788, 760, 0.44, 50, 100, 1, 41, 5000, 105
1, 21874, 95, 390, 391, 390, 391, 0.44, 50, 100, 1, 20, 5000, 105
0, 41750, 98, 789, 777, 789, 777, 0.44, 50, 100, 1, 45, 5000, 105
1, 13421, 106, 232, 233, 232, 233, 0.44, 50, 100, 1, 11, 5000, 105
1, 39023, 100, 732, 733, 732, 733, 0.44, 50, 100, 1, 43, 5000, 105
1, 40982, 103, 771, 772, 771, 772, 0.44, 50, 100, 1, 49, 5000, 105
1, 15062, 104, 255, 256, 255, 256, 0.44, 50, 100, 1, 14, 5000, 105
1, 30841, 89, 576, 577, 576, 577, 0.44, 50, 100, 1, 31, 5000, 105
0, 41750, 102, 810, 784, 810, 784, 0.44, 50, 100, 1, 46, 5000, 105
1, 14263, 117, 247, 248, 247, 248, 0.44, 50, 100, 1, 11, 5000, 105
1, 12604, 105, 210, 211, 210, 211, 0.44, 50, 100, 1, 9, 5000, 105
1, 11813, 99, 204, 210, 204, 210, 0.44, 50, 100, 1, 8, 5000, 105
0, 41750, 87, 777, 753, 777, 753, 0.44, 50, 100, 1, 46, 5000, 105
0, 41750, 102, 797, 778, 797, 778, 0.44, 50, 100, 1, 43, 5000, 105
0, 41750, 109, 805, 792, 805, 792, 0.44, 50, 100, 1, 44, 5000, 105
1, 24761, 103, 459, 460, 459, 460, 0.44, 50, 100, 1, 22, 5000, 105
0, 41750, 95, 791, 775, 791, 775, 0.44, 50, 100, 1, 45, 5000, 105
1, 14054, 95, 225, 226, 225, 226, 0.44, 50, 100, 1, 12, 5000, 105
0, 41750, 87, 786, 760, 786, 760, 0.44, 50, 100, 1, 42, 5000, 105
0, 41750, 109, 814, 788, 814, 788, 0.44, 50, 100, 1, 40, 5000, 105
1, 21797, 91, 359, 360, 359, 360, 0.44, 50, 100, 1, 21, 5000, 105
1, 20272, 96, 357, 358, 357, 358, 0.44, 50, 100, 1, 20, 5000, 105
1, 15125, 91, 242, 243, 242, 243, 0.44, 50, 100, 1, 13, 5000, 105
0, 41750, 104, 816, 795, 816, 795, 0.44, 50, 100, 1, 43, 5000, 105
0, 41750, 106, 808, 779, 808, 779, 0.44, 50, 100, 1, 48, 5000, 105
0, 41750, 108, 816, 793, 816, 793, 0.44, 50, 100, 1, 41, 5000, 105
1, 12962, 100, 205, 209, 205, 209, 0.44, 50, 100, 1, 11, 5000, 105
1, 34459, 88, 641, 642, 641, 642, 0.44, 50, 100, 1, 35, 5000, 105
1, 12755, 112, 217, 219, 217, 219, 0.44, 50, 100, 1, 10, 5000, 105
0, 41750, 98, 796, 781, 796, 781, 0.44, 50, 100, 1, 49, 5000, 105
1, 16359, 90, 286, 287, 286, 287, 0.44, 50, 100, 1, 19, 5000, 105
1, 16316, 85, 264, 265, 264, 265, 0.44, 50, 100, 1, 17, 5000, 105
0, 41750, 98, 795, 775, 795, 775, 0.44, 50, 100, 1, 49, 5000, 105
0, 41750, 119, 819, 794, 819, 794, 0.44, 50, 100, 1, 47, 5000, 105
1, 30196, 111, 569, 570, 569, 570, 0.44, 50, 100, 1, 34, 5000, 105
1, 30792, 121, 576, 577, 576, 577, 0.44, 50, 100, 1, 30, 5000, 105
1, 24893, 112, 457, 458, 457, 458, 0.44, 50, 100, 1, 23, 5000, 105
0, 41750, 103, 806, 780, 806, 780, 0.44, 50, 100, 1, 45, 5000, 105
0, 41750, 93, 794, 762, 794, 762, 0.44, 50, 100, 1, 45, 5000, 105
1, 15533, 107, 255, 256, 255, 256, 0.44, 50, 100, 1, 13, 5000, 105
1, 16105, 99, 285, 286, 285, 286, 0.44, 50, 100, 1, 13, 5000, 105
0, 41750, 99, 801, 775, 801, 775, 0.44, 50, 100, 1, 47, 5000, 105
0, 41750, 107, 809, 790, 809, 790, 0.44, 50, 100, 1, 44, 5000, 105
0, 41750, 106, 812, 783, 812, 783, 0.44, 50, 100, 1, 42, 5000, 105
1, 35445, 110, 678, 679, 678, 679, 0.44, 50, 100, 1, 34, 5000, 105
0, 41750, 101, 793, 779, 793, 779, 0.44, 50, 100, 1, 41, 5000, 105
0, 41750, 101, 799, 782, 799, 782, 0.44, 50, 100, 1, 41, 5000, 105
1, 31495, 107, 580, 581, 580, 581, 0.44, 50, 100, 1, 33, 5000, 105
0, 41750, 99, 783, 761, 783, 761, 0.44, 50, 100, 1, 45, 5000, 105
1, 19585, 109, 349, 350, 349, 350, 0.44, 50, 100, 1, 16, 5000, 105
0, 41750, 102, 807, 779, 807, 779, 0.44, 50, 100, 1, 45, 5000, 105
1, 30793, 98, 584, 585, 584, 585, 0.44, 50, 100, 1, 29, 5000, 105
1, 39328, 85, 726, 727, 726, 727, 0.44, 50, 100, 1, 44, 5000, 105
1, 23730, 107, 439, 440, 439, 440, 0.44, 50, 100, 1, 22, 5000, 105
0, 41750, 84, 793, 779, 793, 779, 0.44, 50, 100, 1, 43, 5000, 105
0, 41750, 105, 820, 797, 820, 797, 0.44, 50, 100, 1, 40, 5000, 105
1, 28495, 119, 539, 540, 539, 540, 0.44, 50, 100, 1, 31, 5000, 105
1, 20160, 106, 358, 359, 358, 359, 0.44, 50, 100, 1, 22, 5000, 150
1, 21017, 98, 363, 364, 363, 364, 0.44, 50, 100, 1, 18, 5000, 150
0, 41750, 111, 803, 792, 803, 792, 0.44, 50, 100, 1, 41, 5000, 105
1, 14963, 113, 263, 264, 263, 264, 0.44, 50, 100, 1, 11, 5000, 150
1, 45666, 104, 868, 869, 868, 869, 0.44, 50, 100, 1, 55, 5000, 150
0, 57500, 102, 1113, 1077, 1113, 1077, 0.44, 50, 100, 1, 56, 5000, 150
1, 36965, 94, 688, 689, 688, 689, 0.44, 50, 100, 1, 46, 5000, 150
1, 48880, 119, 944, 945, 944, 945, 0.44, 50, 100, 1, 55, 5000, 150
1, 33979, 107, 630, 631, 630, 631, 0.44, 50, 100, 1, 47, 5000, 150
1, 15667, 102, 283, 284, 283, 284, 0.44, 50, 100, 1, 13, 5000, 150
1, 41631, 115, 798, 799, 798, 799, 0.44, 50, 100, 1, 52, 5000, 150
1, 27381, 99, 490, 491, 490, 491, 0.44, 50, 100, 1, 29, 5000, 150
1, 56759, 114, 1093, 1094, 1093, 1094, 0.44, 50, 100, 1, 65, 5000, 150
1, 30991, 97, 590, 591, 590, 591, 0.44, 50, 100, 1, 28, 5000, 150
1, 24501, 101, 465, 466, 465, 466, 0.44, 50, 100, 1, 29, 5000, 150
1, 50612, 104, 965, 966, 965, 966, 0.44, 50, 100, 1, 54, 5000, 150
1, 53955, 104, 1039, 1040, 1039, 1040, 0.44, 50, 100, 1, 65, 5000, 150
0, 57500, 87, 1096, 1078, 1096, 1078, 0.44, 50, 100, 1, 70, 5000, 150
1, 26386, 113, 503, 504, 503, 504, 0.44, 50, 100, 1, 35, 5000, 150
1, 20341, 93, 349, 350, 349, 350, 0.44, 50, 100, 1, 18, 5000, 150
1, 39105, 94, 729, 730, 729, 730, 0.44, 50, 100, 1, 53, 5000, 150
0, 57500, 106, 1118, 1094, 1118, 1094, 0.44, 50, 100, 1, 64, 5000, 150
1, 38640, 90, 728, 729, 728, 729, 0.44, 50, 100, 1, 40, 5000, 150
1, 34678, 109, 664, 665, 664, 665, 0.44, 50, 100, 1, 33, 5000, 150
0, 57500, 105, 1115, 1093, 1115, 1093, 0.44, 50, 100, 1, 69, 5000, 150
1, 21815, 102, 388, 389, 388, 389, 0.44, 50, 100, 1, 18, 5000, 150
0, 57500, 105, 1120, 1094, 1120, 1094, 0.44, 50, 100, 1, 65, 5000, 150
0, 57500, 97, 1123, 1109, 1123, 1109, 0.44, 50, 100, 1, 62, 5000, 150
1, 49605, 100, 959, 960, 959, 960, 0.44, 50, 100, 1, 58, 5000, 150
1, 29570, 103, 548, 549, 548, 549, 0.44, 50, 100, 1, 32, 5000, 150
1, 55002, 114, 1060, 1061, 1060, 1061, 0.44, 50, 100, 1, 54, 5000, 150
1, 40051, 100, 760, 761, 760, 761, 0.44, 50, 100, 1, 49, 5000, 150
1, 39663, 106, 752, 753, 752, 753, 0.44, 50, 100, 1, 47, 5000, 150
1, 16542, 101, 300, 301, 300, 301, 0.44, 50, 100, 1, 13, 5000, 150
1, 51671, 112, 991, 992, 991, 992, 0.44, 50, 100, 1, 55, 5000, 150
1, 51264, 85, 958, 959, 958, 959, 0.44, 50, 100, 1, 59, 5000, 150
1, 32145, 92, 589, 590, 589, 590, 0.44, 50, 100, 1, 36, 5000, 150
0, 57500, 90, 1078, 1058, 1078, 1058, 0.44, 50, 100, 1, 67, 5000, 150
1, 53691, 98, 1010, 1011, 1010, 1011, 0.44, 50, 100, 1, 64, 5000, 150
1, 25174, 108, 467, 468, 467, 468, 0.44, 50, 100, 1, 22, 5000, 150
0, 57500, 95, 1100, 1076, 1100, 1076, 0.44, 50, 100, 1, 60, 5000, 150
0, 57500, 108, 1132, 1097, 1132, 1097, 0.44, 50, 100, 1, 67, 5000, 150
1, 44366, 111, 832, 833, 832, 833, 0.44, 50, 100, 1, 54, 5000, 150
1, 36159, 91, 668, 669, 668, 669, 0.44, 50, 100, 1, 40, 5000, 150
1, 53463, 101, 1019, 1020, 1019, 1020, 0.44, 50, 100, 1, 52, 5000, 150
1, 37084, 95, 705, 706, 705, 706, 0.44, 50, 100, 1, 46, 5000, 150
1, 14990, 105, 255, 267, 255, 267, 0.44, 50, 100, 1, 12, 5000, 150
1, 28003, 117, 529, 530, 529, 530, 0.44, 50, 100, 1, 32, 5000, 150
1, 23675, 98, 427, 428, 427, 428, 0.44, 50, 100, 1, 22, 5000, 150
0, 57500, 81, 1098, 1059, 1098, 1059, 0.44, 50, 100, 1, 58, 5000, 150
1, 56483, 98, 1072, 1073, 1072, 1073, 0.44, 50, 100, 1, 56, 5000, 150
1, 31624, 84, 577, 578, 577, 578, 0.44, 50, 100, 1, 33, 5000, 150
0, 57500, 96, 1104, 1079, 1104, 1079, 0.44, 50, 100, 1, 65, 5000, 150
0, 57500, 104, 1119, 1097, 1119, 1097, 0.44, 50, 100, 1, 67, 5000, 150
1, 47989, 115, 931, 932, 931, 932, 0.44, 50, 100, 1, 49, 5000, 150
1, 24154, 108, 452, 453, 452, 453, 0.44, 50, 100, 1, 24, 5000, 150
0, 57500, 101, 1108, 1082, 1108, 1082, 0.44, 50, 100, 1, 60, 5000, 150
1, 29638, 110, 573, 574, 573, 574, 0.44, 50, 100, 1, 36, 5000, 150
1, 30407, 106, 566, 567, 566, 567, 0.44, 50, 100, 1, 32, 5000, 150
0, 57500, 114, 1117, 1093, 1117, 1093, 0.44, 50, 100, 1, 79, 5000, 150
1, 22085, 91, 396, 397, 396, 397, 0.44, 50, 100, 1, 20, 5000, 150
1, 51500, 116, 984, 985, 984, 985, 0.44, 50, 100, 1, 62, 5000, 150
0, 57500, 93, 1115, 1092, 1115, 1092, 0.44, 50, 100, 1, 78, 5000, 150
1, 29688, 110, 559, 560, 559, 560, 0.44, 50, 100, 1, 38, 5000, 150
0, 57500, 94, 1116, 1091, 1116, 1091, 0.44, 50, 100, 1, 80, 5000, 150
0, 57500, 70, 1076, 1049, 1076, 1049, 0.44, 50, 100, 1, 79, 5000, 150
1, 17293, 98, 304, 305, 304, 305, 0.44, 50, 100, 1, 15, 5000, 150
0, 57500, 106, 1110, 1098, 1110, 1098, 0.44, 50, 100, 1, 66, 5000, 150
1, 42674, 114, 823, 824, 823, 824, 0.44, 50, 100, 1, 54, 5000, 150
0, 57500, 102, 1113, 1096, 1113, 1096, 0.44, 50, 100, 1, 71, 5000, 150
1, 33872, 98, 626, 627, 626, 627, 0.44, 50, 100, 1, 41, 5000, 150
0, 57500, 103, 1115, 1096, 1115, 1096, 0.44, 50, 100, 1, 64, 5000, 150
1, 39721, 97, 727, 728, 727, 728, 0.44, 50, 100, 1, 42, 5000, 150
1, 42199, 93, 785, 786, 785, 786, 0.44, 50, 100, 1, 54, 5000, 150
0, 57500, 98, 1112, 1082, 1112, 1082, 0.44, 50, 100, 1, 71, 5000, 150
1, 36998, 92, 680, 681, 680, 681, 0.44, 50, 100, 1, 42, 5000, 150
1, 16949, 98, 304, 305, 304, 305, 0.44, 50, 100, 1, 14, 5000, 150
1, 30671, 92, 573, 574, 573, 574, 0.44, 50, 100, 1, 30, 5000, 150
0, 57500, 114, 1129, 1101, 1129, 1101, 0.44, 50, 100, 1, 67, 5000, 150
0, 57500, 109, 1132, 1099, 1132, 1099, 0.44, 50, 100, 1, 73, 5000, 150
0, 57500, 101, 1111, 1090, 1111, 1090, 0.44, 50, 100, 1, 69, 5000, 150
0, 57500, 94, 1113, 1091, 1113, 1091, 0.44, 50, 100, 1, 66, 5000, 150
1, 26303, 97, 475, 476, 475, 476, 0.44, 50, 100, 1, 31, 5000, 150
0, 57500, 100, 1092, 1076, 1092, 1076, 0.44, 50, 100, 1, 64, 5000, 150
0, 57500, 97, 1101, 1079, 1101, 1079, 0.44, 50, 100, 1, 70, 5000, 150
1, 32655, 113, 622, 623, 622, 623, 0.44, 50, 100, 1, 35, 5000, 150
1, 53947, 101, 1025, 1026, 1025, 1026, 0.44, 50, 100, 1, 66, 5000, 150
0, 57500, 91, 1106, 1080, 1106, 1080, 0.44, 50, 100, 1, 64, 5000, 150
1, 29034, 117, 545, 546, 545, 546, 0.44, 50, 100, 1, 32, 5000, 150
0, 57500, 93, 1105, 1078, 1105, 1078, 0.44, 50, 100, 1, 62, 5000, 150
1, 56505, 102, 1095, 1096, 1095, 1096, 0.44, 50, 100, 1, 68, 5000, 150
1, 26943, 99, 488, 489, 488, 489, 0.44, 50, 100, 1, 24, 5000, 150
1, 39147, 108, 731, 732, 731, 732, 0.44, 50, 100, 1, 42, 5000, 150
0, 57500, 106, 1124, 1108, 1124, 1108, 0.44, 50, 100, 1, 63, 5000, 150
0, 57500, 104, 1108, 1097, 1108, 1097, 0.44, 50, 100, 1, 60, 5000, 150
1, 39298, 91, 731, 732, 731, 732, 0.44, 50, 100, 1, 45, 5000, 150
1, 55594, 114, 1076, 1077, 1076, 1077, 0.44, 50, 100, 1, 62, 5000, 150
1, 38728, 123, 745, 746, 745, 746, 0.44, 50, 100, 1, 37, 5000, 150
1, 45070, 86, 826, 827, 826, 827, 0.44, 50, 100, 1, 45, 5000, 150
0, 57500, 109, 1121, 1110, 1121, 1110, 0.44, 50, 100, 1, 63, 5000, 150
0, 57500, 106, 1115, 1095, 1115, 1095, 0.44, 50, 100, 1, 57, 5000, 150
1, 5855, 107, 112, 115, 112, 115, 0.44, 50, 100, 1, 2, 5000, 5
0, 6750, 108, 136, 118, 136, 118, 0.44, 50, 100, 1, 3, 5000, 5
1, 5790, 108, 113, 116, 113, 116, 0.44, 50, 100, 1, 2, 5000, 5
1, 5671, 79, 84, 85, 84, 85, 0.44, 50, 100, 1, 2, 5000, 5
1, 5772, 105, 110, 113, 110, 113, 0.44, 50, 100, 1, 2, 5000, 5
1, 6129, 98, 107, 108, 107, 108, 0.44, 50, 100, 1, 2, 5000, 5
0, 6750, 107, 136, 123, 136, 123, 0.44, 50, 100, 1, 3, 5000, 5
0, 6750, 97, 121, 115, 121, 115, 0.44, 50, 100, 1, 3, 5000, 5
1, 5400, 104, 109, 110, 109, 110, 0.44, 50, 100, 1, 2, 5000, 5
1, 6098, 94, 103, 104, 103, 104, 0.44, 50, 100, 1, 2, 5000, 5
1, 5665, 90, 95, 98, 95, 98, 0.44, 50, 100, 1, 2, 5000, 5
1, 5726, 108, 113, 114, 113, 114, 0.44, 50, 100, 1, 2, 5000, 5
1, 5654, 118, 123, 126, 123, 126, 0.44, 50, 100, 1, 2, 5000, 5
1, 5620, 107, 112, 115, 112, 115, 0.44, 50, 100, 1, 2, 5000, 5
0, 6750, 92, 113, 105, 113, 105, 0.44, 50, 100, 1, 3, 5000, 5
1, 5394, 95, 100, 103, 100, 103, 0.44, 50, 100, 1, 2, 5000, 5
1, 5696, 112, 117, 121, 117, 121, 0.44, 50, 100, 1, 2, 5000, 5
1, 5528, 108, 114, 115, 114, 115, 0.44, 50, 100, 1, 2, 5000, 5
0, 6750, 108, 133, 125, 133, 125, 0.44, 50, 100, 1, 3, 5000, 5
0, 6750, 102, 128, 119, 128, 119, 0.44, 50, 100, 1, 3, 5000, 5
1, 5624, 97, 102, 105, 102, 105, 0.44, 50, 100, 1, 2, 5000, 5
1, 5586, 107, 113, 114, 113, 114, 0.44, 50, 100, 1, 2, 5000, 5
1, 6011, 117, 127, 128, 127, 128, 0.44, 50, 100, 1, 2, 5000, 5
0, 6750, 91, 112, 109, 112, 109, 0.44, 50, 100, 1, 3, 5000, 5
1, 5510, 111, 116, 117, 116, 117, 0.44, 50, 100, 1, 2, 5000, 5
0, 6750, 121, 146, 140, 146, 140, 0.44, 50, 100, 1, 3, 5000, 5
0, 6750, 108, 127, 123, 127, 123, 0.44, 50, 100, 1, 3, 5000, 5
1, 6276, 105, 116, 117, 116, 117, 0.44, 50, 100, 1, 3, 5000, 5
1, 5943, 111, 116, 122, 116, 122, 0.44, 50, 100, 1, 2, 5000, 5
0, 6750, 89, 113, 105, 113, 105, 0.44, 50, 100, 1, 3, 5000, 5
1, 5559, 102, 108, 109, 108, 109, 0.44, 50, 100, 1, 2, 5000, 5
1, 5684, 93, 98, 99, 98, 99, 0.44, 50, 100, 1, 2, 5000, 5
1, 5832, 88, 93, 95, 93, 95, 0.44, 50, 100, 1, 2, 5000, 5
0, 6750, 100, 122, 109, 122, 109, 0.44, 50, 100, 1, 3, 5000, 5
1, 5634, 115, 123, 124, 123, 124, 0.44, 50, 100, 1, 2, 5000, 5
0, 6750, 88, 113, 99, 113, 99, 0.44, 50, 100, 1, 3, 5000, 5
0, 6750, 101, 129, 110, 129, 110, 0.44, 50, 100, 1, 3, 5000, 5
0, 6750, 113, 135, 129, 135, 129, 0.44, 50, 100, 1, 3, 5000, 5
1, 5670, 110, 115, 119, 115, 119, 0.44, 50, 100, 1, 2, 5000, 5
1, 5875, 102, 110, 111, 110, 111, 0.44, 50, 100, 1, 2, 5000, 5
1, 5467, 110, 115, 116, 115, 116, 0.44, 50, 100, 1, 2, 5000, 5
1, 5654, 104, 109, 110, 109, 110, 0.44, 50, 100, 1, 2, 5000, 5
1, 5705, 88, 94, 95, 94, 95, 0.44, 50, 100, 1, 2, 5000, 5
1, 5571, 99, 104, 105, 104, 105, 0.44, 50, 100, 1, 2, 5000, 5
1, 5928, 86, 94, 95, 94, 95, 0.44, 50, 100, 1, 2, 5000, 5
0, 6750, 105, 128, 120, 128, 120, 0.44, 50, 100, 1, 3, 5000, 5
0, 6750, 90, 105, 101, 105, 101, 0.44, 50, 100, 1, 3, 5000, 5
0, 6750, 114, 127, 126, 127, 126, 0.44, 50, 100, 1, 3, 5000, 5
1, 6334, 110, 124, 125, 124, 125, 0.44, 50, 100, 1, 3, 5000, 5
0, 6750, 94, 116, 108, 116, 108, 0.44, 50, 100, 1, 3, 5000, 5
0, 6750, 97, 114, 107, 114, 107, 0.44, 50, 100, 1, 3, 5000, 5
0, 6750, 108, 130, 124, 130, 124, 0.44, 50, 100, 1, 3, 5000, 5
1, 5360, 96, 101, 102, 101, 102, 0.44, 50, 100, 1, 2, 5000, 5
0, 6750, 115, 143, 131, 143, 131, 0.44, 50, 100, 1, 3, 5000, 5
0, 6750, 95, 123, 111, 123, 111, 0.44, 50, 100, 1, 3, 5000, 5
1, 5727, 97, 107, 108, 107, 108, 0.44, 50, 100, 1, 2, 5000, 5
1, 5817, 105, 110, 111, 110, 111, 0.44, 50, 100, 1, 2, 5000, 5
1, 5520, 110, 115, 116, 115, 116, 0.44, 50, 100, 1, 2, 5000, 5
1, 5741, 117, 122, 123, 122, 123, 0.44, 50, 100, 1, 2, 5000, 5
1, 6341, 105, 119, 120, 119, 120, 0.44, 50, 100, 1, 3, 5000, 5
1, 5955, 85, 93, 94, 93, 94, 0.44, 50, 100, 1, 2, 5000, 5
1, 5651, 80, 85, 86, 85, 86, 0.44, 50, 100, 1, 2, 5000, 5
1, 6389, 82, 100, 101, 100, 101, 0.44, 50, 100, 1, 3, 5000, 5
1, 5716, 101, 106, 110, 106, 110, 0.44, 50, 100, 1, 2, 5000, 5
1, 5451, 102, 107, 108, 107, 108, 0.44, 50, 100, 1, 2, 5000, 5
0, 6750, 121, 136, 133, 136, 133, 0.44, 50, 100, 1, 3, 5000, 5
1, 5827, 104, 109, 117, 109, 117, 0.44, 50, 100, 1, 2, 5000, 5
1, 5547, 108, 114, 115, 114, 115, 0.44, 50, 100, 1, 2, 5000, 5
0, 6750, 100, 124, 119, 124, 119, 0.44, 50, 100, 1, 3, 5000, 5
1, 5775, 97, 102, 103, 102, 103, 0.44, 50, 100, 1, 2, 5000, 5
0, 6750, 100, 124, 112, 124, 112, 0.44, 50, 100, 1, 3, 5000, 5
1, 5568, 107, 112, 113, 112, 113, 0.44, 50, 100, 1, 2, 5000, 5
1, 5740, 91, 96, 97, 96, 97, 0.44, 50, 100, 1, 2, 5000, 5
1, 5608, 97, 102, 103, 102, 103, 0.44, 50, 100, 1, 2, 5000, 5
1, 5867, 109, 114, 119, 114, 119, 0.44, 50, 100, 1, 2, 5000, 5
1, 5792, 102, 111, 112, 111, 112, 0.44, 50, 100, 1, 2, 5000, 5
0, 6750, 103, 120, 118, 120, 118, 0.44, 50, 100, 1, 3, 5000, 5
1, 5452, 96, 101, 102, 101, 102, 0.44, 50, 100, 1, 2, 5000, 5
1, 5507, 118, 124, 125, 124, 125, 0.44, 50, 100, 1, 2, 5000, 5
1, 6260, 118, 133, 134, 133, 134, 0.44, 50, 100, 1, 3, 5000, 5
0, 6750, 72, 94, 83, 94, 83, 0.44, 50, 100, 1, 3, 5000, 5
0, 6750, 95, 124, 111, 124, 111, 0.44, 50, 100, 1, 3, 5000, 5
1, 5640, 121, 126, 128, 126, 128, 0.44, 50, 100, 1, 2, 5000, 5
1, 5958, 108, 113, 114, 113, 114, 0.44, 50, 100, 1, 2, 5000, 5
1, 5638, 103, 108, 109, 108, 109, 0.44, 50, 100, 1, 2, 5000, 5
1, 5782, 96, 101, 103, 101, 103, 0.44, 50, 100, 1, 2, 5000, 5
0, 6750, 98, 122, 120, 122, 120, 0.44, 50, 100, 1, 3, 5000, 5
0, 6750, 91, 112, 104, 112, 104, 0.44, 50, 100, 1, 3, 5000, 5
0, 6750, 87, 103, 100, 103, 100, 0.44, 50, 100, 1, 3, 5000, 5
1, 6041, 91, 99, 100, 99, 100, 0.44, 50, 100, 1, 2, 5000, 5
0, 6750, 96, 124, 114, 124, 114, 0.44, 50, 100, 1, 3, 5000, 5
1, 5487, 81, 86, 87, 86, 87, 0.44, 50, 100, 1, 2, 5000, 5
0, 6750, 113, 125, 121, 125, 121, 0.44, 50, 100, 1, 3, 5000, 5
0, 6750, 95, 120, 112, 120, 112, 0.44, 50, 100, 1, 3, 5000, 5
0, 6750, 100, 120, 112, 120, 112, 0.44, 50, 100, 1, 3, 5000, 5
0, 6750, 103, 127, 119, 127, 119, 0.44, 50, 100, 1, 3, 5000, 5
1, 5758, 101, 106, 107, 106, 107, 0.44, 50, 100, 1, 2, 5000, 5
0, 6750, 104, 122, 115, 122, 115, 0.44, 50, 100, 1, 3, 5000, 5
1, 5605, 101, 106, 107, 106, 107, 0.44, 50, 100, 1, 2, 5000, 5
1, 5558, 98, 103, 104, 103, 104, 0.44, 50, 100, 1, 2, 5000, 5
1, 6012, 92, 103, 104, 103, 104, 0.44, 50, 100, 1, 2, 5000, 10
1, 6002, 100, 110, 113, 110, 113, 0.44, 50, 100, 1, 2, 5000, 10
1, 5970, 86, 96, 98, 96, 98, 0.44, 50, 100, 1, 2, 5000, 10
0, 8500, 121, 162, 146, 162, 146, 0.44, 50, 100, 1, 5, 5000, 10
0, 8500, 82, 120, 106, 120, 106, 0.44, 50, 100, 1, 4, 5000, 10
0, 8500, 111, 159, 147, 159, 147, 0.44, 50, 100, 1, 5, 5000, 10
1, 6505, 112, 122, 123, 122, 123, 0.44, 50, 100, 1, 3, 5000, 10
1, 6203, 88, 98, 100, 98, 100, 0.44, 50, 100, 1, 2, 5000, 10
1, 6048, 102, 112, 114, 112, 114, 0.44, 50, 100, 1, 2, 5000, 10
1, 6337, 112, 122, 126, 122, 126, 0.44, 50, 100, 1, 3, 5000, 10
0, 8500, 105, 152, 135, 152, 135, 0.44, 50, 100, 1, 4, 5000, 10
0, 8500, 94, 154, 138, 154, 138, 0.44, 50, 100, 1, 5, 5000, 10
1, 5993, 107, 117, 122, 117, 122, 0.44, 50, 100, 1, 2, 5000, 10
0, 8500, 94, 143, 134, 143, 134, 0.44, 50, 100, 1, 5, 5000, 10
0, 8500, 107, 158, 150, 158, 150, 0.44, 50, 100, 1, 5, 5000, 10
1, 5994, 115, 125, 126, 125, 126, 0.44, 50, 100, 1, 2, 5000, 10
1, 6389, 106, 119, 120, 119, 120, 0.44, 50, 100, 1, 3, 5000, 10
0, 8500, 100, 155, 138, 155, 138, 0.44, 50, 100, 1, 5, 5000, 10
1, 5973, 118, 128, 131, 128, 131, 0.44, 50, 100, 1, 2, 5000, 10
1, 5990, 109, 119, 120, 119, 120, 0.44, 50, 100, 1, 2, 5000, 10
0, 8500, 105, 151, 147, 151, 147, 0.44, 50, 100, 1, 5, 5000, 10
1, 6594, 100, 115, 116, 115, 116, 0.44, 50, 100, 1, 3, 5000, 10
0, 8500, 115, 157, 145, 157, 145, 0.44, 50, 100, 1, 5, 5000, 10
1, 6016, 123, 133, 134, 133, 134, 0.44, 50, 100, 1, 2, 5000, 10
0, 8500, 110, 148, 142, 148, 142, 0.44, 50, 100, 1, 4, 5000, 10
0, 8500, 88, 143, 117, 143, 117, 0.44, 50, 100, 1, 5, 5000, 10
0, 8500, 97, 144, 136, 144, 136, 0.44, 50, 100, 1, 4, 5000, 10
0, 8500, 109, 162, 152, 162, 152, 0.44, 50, 100, 1, 5, 5000, 10
1, 6025, 106, 116, 118, 116, 118, 0.44, 50, 100, 1, 2, 5000, 10
0, 8500, 115, 146, 137, 146, 137, 0.44, 50, 100, 1, 4, 5000, 10
1, 5980, 90, 102, 103, 102, 103, 0.44, 50, 100, 1, 2, 5000, 10
1, 6362, 110, 120, 124, 120, 124, 0.44, 50, 100, 1, 3, 5000, 10
0, 8500, 89, 143, 129, 143, 129, 0.44, 50, 100, 1, 5, 5000, 10
1, 6404, 102, 112, 114, 112, 114, 0.44, 50, 100, 1, 3, 5000, 10
1, 6047, 91, 101, 106, 101, 106, 0.44, 50, 100, 1, 2, 5000, 10
0, 8500, 95, 151, 129, 151, 129, 0.44, 50, 100, 1, 5, 5000, 10
0, 8500, 100, 153, 137, 153, 137, 0.44, 50, 100, 1, 5, 5000, 10
1, 7160, 109, 126, 127, 126, 127, 0.44, 50, 100, 1, 3, 5000, 10
0, 8500, 113, 164, 158, 164, 158, 0.44, 50, 100, 1, 5, 5000, 10
0, 8500, 101, 150, 143, 150, 143, 0.44, 50, 100, 1, 5, 5000, 10
1, 6551, 114, 124, 125, 124, 125, 0.44, 50, 100, 1, 3, 5000, 10
1, 7896, 111, 146, 147, 146, 147, 0.44, 50, 100, 1, 4, 5000, 10
0, 8500, 96, 152, 131, 152, 131, 0.44, 50, 100, 1, 5, 5000, 10
1, 6519, 103, 113, 118, 113, 118, 0.44, 50, 100, 1, 3, 5000, 10
0, 8500, 110, 163, 140, 163, 140, 0.44, 50, 100, 1, 5, 5000, 10
1, 5987, 113, 123, 124, 123, 124, 0.44, 50, 100, 1, 2, 5000, 10
1, 5973, 100, 110, 111, 110, 111, 0.44, 50, 100, 1, 2, 5000, 10
1, 6234, 100, 110, 112, 110, 112, 0.44, 50, 100, 1, 2, 5000, 10
0, 8500, 107, 161, 142, 161, 142, 0.44, 50, 100, 1, 5, 5000, 10
0, 8500, 99, 151, 130, 151, 130, 0.44, 50, 100, 1, 5, 5000, 10
0, 8500, 104, 153, 139, 153, 139, 0.44, 50, 100, 1, 5, 5000, 10
1, 5634, 93, 103, 104, 103, 104, 0.44, 50, 100, 1, 2, 5000, 10
0, 8500, 107, 154, 147, 154, 147, 0.44, 50, 100, 1, 4, 5000, 10
1, 6255, 100, 110, 120, 110, 120, 0.44, 50, 100, 1, 3, 5000, 10
0, 8500, 86, 133, 125, 133, 125, 0.44, 50, 100, 1, 4, 5000, 10
1, 6055, 99, 110, 111, 110, 111, 0.44, 50, 100, 1, 2, 5000, 10
0, 8500, 97, 147, 122, 147, 122, 0.44, 50, 100, 1, 5, 5000, 10
0, 8500, 107, 155, 141, 155, 141, 0.44, 50, 100, 1, 4, 5000, 10
0, 8500, 108, 161, 138, 161, 138, 0.44, 50, 100, 1, 5, 5000, 10
0, 8500, 102, 146, 136, 146, 136, 0.44, 50, 100, 1, 5, 5000, 10
1, 5672, 103, 113, 115, 113, 115, 0.44, 50, 100, 1, 2, 5000, 10
1, 6237, 117, 127, 132, 127, 132, 0.44, 50, 100, 1, 2, 5000, 10
0, 8500, 95, 141, 127, 141, 127, 0.44, 50, 100, 1, 5, 5000, 10
0, 8500, 112, 165, 145, 165, 145, 0.44, 50, 100, 1, 5, 5000, 10
0, 8500, 98, 146, 137, 146, 137, 0.44, 50, 100, 1, 5, 5000, 10
1, 6025, 107, 117, 118, 117, 118, 0.44, 50, 100, 1, 2, 5000, 10
1, 5832, 111, 121, 125, 121, 125, 0.44, 50, 100, 1, 2, 5000, 10
1, 5905, 95, 105, 107, 105, 107, 0.44, 50, 100, 1, 2, 5000, 10
1, 6498, 102, 112, 121, 112, 121, 0.44, 50, 100, 1, 3, 5000, 10
0, 8500, 105, 153, 137, 153, 137, 0.44, 50, 100, 1, 5, 5000, 10
1, 6158, 104, 114, 115, 114, 115, 0.44, 50, 100, 1, 2, 5000, 10
1, 6132, 99, 110, 111, 110, 111, 0.44, 50, 100, 1, 3, 5000, 10
0, 8500, 98, 148, 136, 148, 136, 0.44, 50, 100, 1, 5, 5000, 10
0, 8500, 92, 147, 132, 147, 132, 0.44, 50, 100, 1, 5, 5000, 10
0, 8500, 96, 141, 137, 141, 137, 0.44, 50, 100, 1, 5, 5000, 10
1, 5989, 94, 106, 107, 106, 107, 0.44, 50, 100, 1, 3, 5000, 10
0, 8500, 92, 154, 132, 154, 132, 0.44, 50, 100, 1, 5, 5000, 10
0, 8500, 94, 139, 125, 139, 125, 0.44, 50, 100, 1, 4, 5000, 10
1, 6184, 115, 125, 126, 125, 126, 0.44, 50, 100, 1, 2, 5000, 10
1, 6111, 105, 115, 118, 115, 118, 0.44, 50, 100, 1, 2, 5000, 10
0, 8500, 105, 145, 135, 145, 135, 0.44, 50, 100, 1, 5, 5000, 10
1, 5451, 105, 115, 116, 115, 116, 0.44, 50, 100, 1, 2, 5000, 10
0, 8500, 93, 142, 128, 142, 128, 0.44, 50, 100, 1, 5, 5000, 10
1, 6211, 110, 120, 124, 120, 124, 0.44, 50, 100, 1, 3, 5000, 10
0, 8500, 109, 151, 137, 151, 137, 0.44, 50, 100, 1, 5, 5000, 10
0, 8500, 89, 129, 124, 129, 124, 0.44, 50, 100, 1, 5, 5000, 10
1, 5724, 108, 118, 119, 118, 119, 0.44, 50, 100, 1, 2, 5000, 10
1, 6166, 109, 119, 122, 119, 122, 0.44, 50, 100, 1, 3, 5000, 10
1, 5770, 97, 107, 108, 107, 108, 0.44, 50, 100, 1, 2, 5000, 10
1, 6092, 87, 97, 98, 97, 98, 0.44, 50, 100, 1, 2, 5000, 10
0, 8500, 114, 166, 149, 166, 149, 0.44, 50, 100, 1, 5, 5000, 10
1, 5679, 103, 113, 114, 113, 114, 0.44, 50, 100, 1, 2, 5000, 10
1, 7319, 119, 151, 152, 151, 152, 0.44, 50, 100, 1, 4, 5000, 10
0, 8500, 96, 156, 134, 156, 134, 0.44, 50, 100, 1, 5, 5000, 10
1, 7102, 113, 128, 129, 128, 129, 0.44, 50, 100, 1, 3, 5000, 10
1, 5640, 102, 112, 113, 112, 113, 0.44, 50, 100, 1, 2, 5000, 10
1, 6166, 97, 107, 108, 107, 108, 0.44, 50, 100, 1, 2, 5000, 10
0, 8500, 115, 160, 143, 160, 143, 0.44, 50, 100, 1, 5, 5000, 10
0, 8500, 101, 151, 134, 151, 134, 0.44, 50, 100, 1, 6, 5000, 10
0, 8500, 96, 138, 134, 138, 134, 0.44, 50, 100, 1, 4, 5000, 10
1, 8779, 104, 136, 137, 136, 137, 0.44, 50, 100, 1, 5, 5000, 15
1, 6514, 103, 123, 124, 123, 124, 0.44, 50, 100, 1, 3, 5000, 15
1, 6748, 97, 112, 113, 112, 113, 0.44, 50, 100, 1, 3, 5000, 15
1, 6842, 92, 115, 116, 115, 116, 0.44, 50, 100, 1, 3, 5000, 15
0, 10250, 97, 165, 144, 165, 144, 0.44, 50, 100, 1, 6, 5000, 15
1, 6638, 88, 103, 104, 103, 104, 0.44, 50, 100, 1, 3, 5000, 15
0, 10250, 98, 158, 153, 158, 153, 0.44, 50, 100, 1, 6, 5000, 15
0, 10250, 88, 152, 148, 152, 148, 0.44, 50, 100, 1, 6, 5000, 15
1, 6644, 79, 94, 97, 94, 97, 0.44, 50, 100, 1, 3, 5000, 15
0, 10250, 116, 200, 181, 200, 181, 0.44, 50, 100, 1, 6, 5000, 15
0, 10250, 100, 173, 165, 173, 165, 0.44, 50, 100, 1, 6, 5000, 15
1, 7473, 113, 139, 140, 139, 140, 0.44, 50, 100, 1, 4, 5000, 15
0, 10250, 100, 180, 165, 180, 165, 0.44, 50, 100, 1, 6, 5000, 15
0, 10250, 99, 174, 157, 174, 157, 0.44, 50, 100, 1, 6, 5000, 15
1, 6575, 109, 124, 126, 124, 126, 0.44, 50, 100, 1, 3, 5000, 15
0, 10250, 122, 192, 176, 192, 176, 0.44, 50, 100, 1, 7, 5000, 15
0, 10250, 94, 183, 157, 183, 157, 0.44, 50, 100, 1, 8, 5000, 15
0, 10250, 108, 187, 176, 187, 176, 0.44, 50, 100, 1, 6, 5000, 15
0, 10250, 113, 200, 170, 200, 170, 0.44, 50, 100, 1, 7, 5000, 15
1, 7216, 102, 117, 120, 117, 120, 0.44, 50, 100, 1, 4, 5000, 15
0, 10250, 90, 155, 147, 155, 147, 0.44, 50, 100, 1, 6, 5000, 15
1, 6527, 92, 107, 108, 107, 108, 0.44, 50, 100, 1, 3, 5000, 15
1, 6161, 98, 113, 117, 113, 117, 0.44, 50, 100, 1, 3, 5000, 15
0, 10250, 98, 184, 150, 184, 150, 0.44, 50, 100, 1, 6, 5000, 15
1, 7379, 78, 105, 106, 105, 106, 0.44, 50, 100, 1, 4, 5000, 15
0, 10250, 92, 157, 152, 157, 152, 0.44, 50, 100, 1, 8, 5000, 15
1, 7046, 112, 127, 128, 127, 128, 0.44, 50, 100, 1, 4, 5000, 15
1, 8084, 110, 145, 146, 145, 146, 0.44, 50, 100, 1, 5, 5000, 15
1, 7018, 108, 123, 126, 123, 126, 0.44, 50, 100, 1, 4, 5000, 15
0, 10250, 102, 198, 167, 198, 167, 0.44, 50, 100, 1, 7, 5000, 15
0, 10250, 111, 173, 164, 173, 164, 0.44, 50, 100, 1, 9, 5000, 15
0, 10250, 89, 184, 148, 184, 148, 0.44, 50, 100, 1, 7, 5000, 15
0, 10250, 98, 171, 170, 171, 170, 0.44, 50, 100, 1, 6, 5000, 15
0, 10250, 104, 180, 176, 180, 176, 0.44, 50, 100, 1, 7, 5000, 15
1, 6483, 103, 118, 119, 118, 119, 0.44, 50, 100, 1, 3, 5000, 15
0, 10250, 93, 159, 136, 159, 136, 0.44, 50, 100, 1, 6, 5000, 15
0, 10250, 89, 157, 138, 157, 138, 0.44, 50, 100, 1, 7, 5000, 15
0, 10250, 110, 181, 171, 181, 171, 0.44, 50, 100, 1, 6, 5000, 15
0, 10250, 95, 162, 139, 162, 139, 0.44, 50, 100, 1, 6, 5000, 15
1, 6374, 100, 115, 122, 115, 122, 0.44, 50, 100, 1, 3, 5000, 15
1, 9687, 97, 156, 157, 156, 157, 0.44, 50, 100, 1, 6, 5000, 15
0, 10250, 97, 190, 153, 190, 153, 0.44, 50, 100, 1, 7, 5000, 15
0, 10250, 105, 182, 164, 182, 164, 0.44, 50, 100, 1, 7, 5000, 15
0, 10250, 111, 188, 172, 188, 172, 0.44, 50, 100, 1, 7, 5000, 15
0, 10250, 104, 173, 168, 173, 168, 0.44, 50, 100, 1, 6, 5000, 15
1, 6324, 104, 119, 121, 119, 121, 0.44, 50, 100, 1, 3, 5000, 15
0, 10250, 117, 177, 175, 177, 175, 0.44, 50, 100, 1, 6, 5000, 15
0, 10250, 105, 183, 156, 183, 156, 0.44, 50, 100, 1, 6, 5000, 15
0, 10250, 96, 167, 158, 167, 158, 0.44, 50, 100, 1, 7, 5000, 15
0, 10250, 118, 202, 186, 202, 186, 0.44, 50, 100, 1, 8, 5000, 15
0, 10250, 110, 183, 169, 183, 169, 0.44, 50, 100, 1, 7, 5000, 15
0, 10250, 88, 148, 143, 148, 143, 0.44, 50, 100, 1, 6, 5000, 15
1, 6466, 111, 126, 128, 126, 128, 0.44, 50, 100, 1, 3, 5000, 15
1, 6191, 96, 111, 113, 111, 113, 0.44, 50, 100, 1, 3, 5000, 15
1, 6539, 112, 127, 129, 127, 129, 0.44, 50, 100, 1, 3, 5000, 15
0, 10250, 98, 179, 152, 179, 152, 0.44, 50, 100, 1, 6, 5000, 15
1, 6120, 91, 106, 108, 106, 108, 0.44, 50, 100, 1, 2, 5000, 15
1, 6818, 108, 123, 128, 123, 128, 0.44, 50, 100, 1, 3, 5000, 15
0, 10250, 93, 171, 146, 171, 146, 0.44, 50, 100, 1, 7, 5000, 15
1, 9082, 99, 156, 157, 156, 157, 0.44, 50, 100, 1, 5, 5000, 15
0, 10250, 96, 171, 162, 171, 162, 0.44, 50, 100, 1, 8, 5000, 15
0, 10250, 101, 177, 171, 177, 171, 0.44, 50, 100, 1, 9, 5000, 15
0, 10250, 104, 164, 155, 164, 155, 0.44, 50, 100, 1, 6, 5000, 15
1, 6754, 96, 111, 112, 111, 112, 0.44, 50, 100, 1, 3, 5000, 15
0, 10250, 115, 186, 174, 186, 174, 0.44, 50, 100, 1, 6, 5000, 15
1, 7832, 100, 127, 128, 127, 128, 0.44, 50, 100, 1, 4, 5000, 15
0, 10250, 116, 186, 173, 186, 173, 0.44, 50, 100, 1, 6, 5000, 15
1, 6429, 99, 114, 115, 114, 115, 0.44, 50, 100, 1, 3, 5000, 15
1, 9159, 109, 152, 153, 152, 153, 0.44, 50, 100, 1, 5, 5000, 15
1, 8174, 110, 150, 151, 150, 151, 0.44, 50, 100, 1, 4, 5000, 15
1, 6681, 105, 120, 121, 120, 121, 0.44, 50, 100, 1, 3, 5000, 15
0, 10250, 118, 172, 161, 172, 161, 0.44, 50, 100, 1, 6, 5000, 15
0, 10250, 108, 168, 150, 168, 150, 0.44, 50, 100, 1, 7, 5000, 15
0, 10250, 95, 172, 154, 172, 154, 0.44, 50, 100, 1, 6, 5000, 15
0, 10250, 95, 157, 137, 157, 137, 0.44, 50, 100, 1, 6, 5000, 15
1, 6957, 90, 115, 116, 115, 116, 0.44, 50, 100, 1, 3, 5000, 15
0, 10250, 100, 180, 159, 180, 159, 0.44, 50, 100, 1, 6, 5000, 15
0, 10250, 115, 170, 167, 170, 167, 0.44, 50, 100, 1, 6, 5000, 15
0, 10250, 104, 178, 165, 178, 165, 0.44, 50, 100, 1, 6, 5000, 15
1, 6848, 99, 119, 120, 119, 120, 0.44, 50, 100, 1, 3, 5000, 15
0, 10250, 108, 180, 163, 180, 163, 0.44, 50, 100, 1, 6, 5000, 15
0, 10250, 109, 182, 164, 182, 164, 0.44, 50, 100, 1, 6, 5000, 15
0, 10250, 101, 169, 161, 169, 161, 0.44, 50, 100, 1, 7, 5000, 15
0, 10250, 109, 183, 175, 183, 175, 0.44, 50, 100, 1, 6, 5000, 15
1, 7301, 101, 126, 127, 126, 127, 0.44, 50, 100, 1, 4, 5000, 15
1, 6266, 96, 111, 114, 111, 114, 0.44, 50, 100, 1, 2, 5000, 15
0, 10250, 99, 169, 149, 169, 149, 0.44, 50, 100, 1, 6, 5000, 15
0, 10250, 111, 190, 177, 190, 177, 0.44, 50, 100, 1, 7, 5000, 15
0, 10250, 92, 166, 147, 166, 147, 0.44, 50, 100, 1, 6, 5000, 15
0, 10250, 106, 181, 166, 181, 166, 0.44, 50, 100, 1, 7, 5000, 15
0, 10250, 107, 168, 154, 168, 154, 0.44, 50, 100, 1, 7, 5000, 15
1, 6323, 100, 116, 117, 116, 117, 0.44, 50, 100, 1, 3, 5000, 15
0, 10250, 88, 176, 162, 176, 162, 0.44, 50, 100, 1, 6, 5000, 15
0, 10250, 104, 185, 156, 185, 156, 0.44, 50, 100, 1, 6, 5000, 15
1, 6183, 112, 127, 128, 127, 128, 0.44, 50, 100, 1, 3, 5000, 15
0, 10250, 97, 161, 158, 161, 158, 0.44, 50, 100, 1, 6, 5000, 15
1, 6509, 109, 126, 127, 126, 127, 0.44, 50, 100, 1, 3, 5000, 15
1, 6449, 115, 131, 132, 131, 132, 0.44, 50, 100, 1, 3, 5000, 15
1, 8959, 102, 146, 147, 146, 147, 0.44, 50, 100, 1, 5, 5000, 15
1, 7108, 111, 139, 140, 139, 140, 0.44, 50, 100, 1, 3, 5000, 15
1, 6978, 113, 133, 135, 133, 135, 0.44, 50, 100, 1, 3, 5000, 20
0, 12000, 112, 226, 196, 226, 196, 0.44, 50, 100, 1, 8, 5000, 20
1, 8350, 109, 147, 148, 147, 148, 0.44, 50, 100, 1, 4, 5000, 20
0, 12000, 117, 236, 194, 236, 194, 0.44, 50, 100, 1, 8, 5000, 20
0, 12000, 124, 224, 200, 224, 200, 0.44, 50, 100, 1, 8, 5000, 20
0, 12000, 93, 202, 196, 202, 196, 0.44, 50, 100, 1, 8, 5000, 20
0, 12000, 114, 213, 199, 213, 199, 0.44, 50, 100, 1, 8, 5000, 20
1, 7121, 98, 119, 120, 119, 120, 0.44, 50, 100, 1, 3, 5000, 20
0, 12000, 122, 225, 205, 225, 205, 0.44, 50, 100, 1, 8, 5000, 20
0, 12000, 92, 195, 163, 195, 163, 0.44, 50, 100, 1, 8, 5000, 20
0, 12000, 112, 209, 178, 209, 178, 0.44, 50, 100, 1, 8, 5000, 20
0, 12000, 102, 224, 191, 224, 191, 0.44, 50, 100, 1, 8, 5000, 20
1, 6983, 106, 126, 127, 126, 127, 0.44, 50, 100, 1, 3, 5000, 20
0, 12000, 112, 207, 182, 207, 182, 0.44, 50, 100, 1, 10, 5000, 20
0, 12000, 101, 197, 179, 197, 179, 0.44, 50, 100, 1, 8, 5000, 20
1, 7229, 105, 125, 130, 125, 130, 0.44, 50, 100, 1, 3, 5000, 20
0, 12000, 90, 186, 184, 186, 184, 0.44, 50, 100, 1, 8, 5000, 20
0, 12000, 97, 198, 178, 198, 178, 0.44, 50, 100, 1, 8, 5000, 20
1, 10885, 93, 186, 187, 186, 187, 0.44, 50, 100, 1, 7, 5000, 20
0, 12000, 103, 202, 183, 202, 183, 0.44, 50, 100, 1, 8, 5000, 20
0, 12000, 97, 219, 198, 219, 198, 0.44, 50, 100, 1, 9, 5000, 20
0, 12000, 106, 217, 207, 217, 207, 0.44, 50, 100, 1, 8, 5000, 20
0, 12000, 102, 195, 186, 195, 186, 0.44, 50, 100, 1, 8, 5000, 20
1, 7044, 108, 131, 132, 131, 132, 0.44, 50, 100, 1, 3, 5000, 20
0, 12000, 101, 222, 189, 222, 189, 0.44, 50, 100, 1, 8, 5000, 20
1, 6916, 94, 116, 117, 116, 117, 0.44, 50, 100, 1, 3, 5000, 20
0, 12000, 104, 201, 184, 201, 184, 0.44, 50, 100, 1, 8, 5000, 20
1, 7127, 105, 125, 126, 125, 126, 0.44, 50, 100, 1, 3, 5000, 20
1, 7525, 114, 139, 140, 139, 140, 0.44, 50, 100, 1, 4, 5000, 20
0, 12000, 98, 184, 175, 184, 175, 0.44, 50, 100, 1, 8, 5000, 20
0, 12000, 92, 209, 180, 209, 180, 0.44, 50, 100, 1, 8, 5000, 20
0, 12000, 100, 204, 188, 204, 188, 0.44, 50, 100, 1, 8, 5000, 20
1, 7441, 114, 134, 140, 134, 140, 0.44, 50, 100, 1, 4, 5000, 20
0, 12000, 95, 217, 181, 217, 181, 0.44, 50, 100, 1, 9, 5000, 20
1, 6669, 110, 130, 131, 130, 131, 0.44, 50, 100, 1, 3, 5000, 20
0, 12000, 95, 194, 163, 194, 163, 0.44, 50, 100, 1, 8, 5000, 20
0, 12000, 102, 207, 184, 207, 184, 0.44, 50, 100, 1, 8, 5000, 20
0, 12000, 93, 208, 173, 208, 173, 0.44, 50, 100, 1, 8, 5000, 20
1, 7514, 96, 117, 118, 117, 118, 0.44, 50, 100, 1, 4, 5000, 20
0, 12000, 101, 219, 200, 219, 200, 0.44, 50, 100, 1, 8, 5000, 20
1, 11686, 94, 202, 203, 202, 203, 0.44, 50, 100, 1, 8, 5000, 20
1, 6471, 106, 126, 128, 126, 128, 0.44, 50, 100, 1, 3, 5000, 20
0, 12000, 94, 187, 165, 187, 165, 0.44, 50, 100, 1, 8, 5000, 20
0, 12000, 101, 201, 189, 201, 189, 0.44, 50, 100, 1, 8, 5000, 20
0, 12000, 101, 218, 195, 218, 195, 0.44, 50, 100, 1, 8, 5000, 20
1, 7593, 114, 144, 145, 144, 145, 0.44, 50, 100, 1, 4, 5000, 20
1, 7387, 107, 127, 134, 127, 134, 0.44, 50, 100, 1, 3, 5000, 20
1, 7989, 102, 128, 129, 128, 129, 0.44, 50, 100, 1, 5, 5000, 20
1, 6938, 89, 109, 115, 109, 115, 0.44, 50, 100, 1, 3, 5000, 20
0, 12000, 100, 200, 183, 200, 183, 0.44, 50, 100, 1, 8, 5000, 20
0, 12000, 88, 196, 172, 196, 172, 0.44, 50, 100, 1, 8, 5000, 20
1, 7075, 96, 116, 123, 116, 123, 0.44, 50, 100, 1, 4, 5000, 20
0, 12000, 98, 209, 193, 209, 193, 0.44, 50, 100, 1, 8, 5000, 20
1, 10712, 94, 151, 152, 151, 152, 0.44, 50, 100, 1, 6, 5000, 20
0, 12000, 91, 194, 186, 194, 186, 0.44, 50, 100, 1, 8, 5000, 20
1, 7418, 102, 125, 126, 125, 126, 0.44, 50, 100, 1, 5, 5000, 20
0, 12000, 99, 208, 168, 208, 168, 0.44, 50, 100, 1, 10, 5000, 20
1, 7374, 128, 148, 151, 148, 151, 0.44, 50, 100, 1, 4, 5000, 20
1, 7208, 91, 111, 115, 111, 115, 0.44, 50, 100, 1, 3, 5000, 20
0, 12000, 97, 209, 192, 209, 192, 0.44, 50, 100, 1, 9, 5000, 20
1, 6441, 98, 118, 119, 118, 119, 0.44, 50, 100, 1, 3, 5000, 20
1, 10862, 123, 199, 200, 199, 200, 0.44, 50, 100, 1, 7, 5000, 20
0, 12000, 108, 219, 180, 219, 180, 0.44, 50, 100, 1, 8, 5000, 20
1, 6872, 97, 119, 120, 119, 120, 0.44, 50, 100, 1, 3, 5000, 20
0, 12000, 109, 220, 195, 220, 195, 0.44, 50, 100, 1, 10, 5000, 20
0, 12000, 100, 200, 174, 200, 174, 0.44, 50, 100, 1, 10, 5000, 20
0, 12000, 103, 207, 180, 207, 180, 0.44, 50, 100, 1, 9, 5000, 20
0, 12000, 93, 197, 182, 197, 182, 0.44, 50, 100, 1, 9, 5000, 20
0, 12000, 105, 216, 191, 216, 191, 0.44, 50, 100, 1, 8, 5000, 20
1, 7146, 112, 132, 133, 132, 133, 0.44, 50, 100, 1, 3, 5000, 20
1, 7222, 120, 140, 146, 140, 146, 0.44, 50, 100, 1, 3, 5000, 20
0, 12000, 105, 219, 187, 219, 187, 0.44, 50, 100, 1, 8, 5000, 20
1, 7292, 77, 113, 114, 113, 114, 0.44, 50, 100, 1, 4, 5000, 20
1, 7931, 93, 122, 123, 122, 123, 0.44, 50, 100, 1, 4, 5000, 20
0, 12000, 103, 209, 196, 209, 196, 0.44, 50, 100, 1, 8, 5000, 20
1, 8401, 104, 145, 146, 145, 146, 0.44, 50, 100, 1, 5, 5000, 20
1, 7455, 103, 123, 126, 123, 126, 0.44, 50, 100, 1, 4, 5000, 20
0, 12000, 104, 217, 202, 217, 202, 0.44, 50, 100, 1, 8, 5000, 20
0, 12000, 93, 215, 201, 215, 201, 0.44, 50, 100, 1, 8, 5000, 20
0, 12000, 93, 182, 158, 182, 158, 0.44, 50, 100, 1, 8, 5000, 20
1, 8873, 96, 137, 138, 137, 138, 0.44, 50, 100, 1, 5, 5000, 20
0, 12000, 105, 214, 203, 214, 203, 0.44, 50, 100, 1, 8, 5000, 20
1, 6868, 94, 114, 122, 114, 122, 0.44, 50, 100, 1, 3, 5000, 20
0, 12000, 88, 185, 167, 185, 167, 0.44, 50, 100, 1, 10, 5000, 20
1, 10064, 114, 172, 173, 172, 173, 0.44, 50, 100, 1, 8, 5000, 20
1, 7056, 98, 118, 120, 118, 120, 0.44, 50, 100, 1, 3, 5000, 20
0, 12000, 98, 199, 178, 199, 178, 0.44, 50, 100, 1, 8, 5000, 20
1, 7598, 99, 122, 123, 122, 123, 0.44, 50, 100, 1, 4, 5000, 20
1, 6971, 97, 122, 123, 122, 123, 0.44, 50, 100, 1, 3, 5000, 20
0, 12000, 117, 207, 177, 207, 177, 0.44, 50, 100, 1, 8, 5000, 20
1, 7085, 98, 118, 119, 118, 119, 0.44, 50, 100, 1, 3, 5000, 20
0, 12000, 109, 218, 203, 218, 203, 0.44, 50, 100, 1, 8, 5000, 20
1, 7114, 98, 118, 127, 118, 127, 0.44, 50, 100, 1, 3, 5000, 20
0, 12000, 109, 217, 186, 217, 186, 0.44, 50, 100, 1, 8, 5000, 20
0, 12000, 115, 216, 204, 216, 204, 0.44, 50, 100, 1, 8, 5000, 20
0, 12000, 117, 208, 202, 208, 202, 0.44, 50, 100, 1, 8, 5000, 20
0, 12000, 104, 198, 182, 198, 182, 0.44, 50, 100, 1, 8, 5000, 20
0, 12000, 107, 216, 182, 216, 182, 0.44, 50, 100, 1, 8, 5000, 20
1, 8401, 109, 146, 147, 146, 147, 0.44, 50, 100, 1, 5, 5000, 20
1, 7318, 102, 122, 123, 122, 123, 0.44, 50, 100, 1, 3, 5000, 20
0, 13750, 107, 252, 233, 252, 233, 0.44, 50, 100, 1, 10, 5000, 25
1, 13254, 108, 223, 224, 223, 224, 0.44, 50, 100, 1, 9, 5000, 25
0, 13750, 99, 238, 233, 238, 233, 0.44, 50, 100, 1, 11, 5000, 25
0, 13750, 97, 241, 214, 241, 214, 0.44, 50, 100, 1, 11, 5000, 25
0, 13750, 105, 249, 223, 249, 223, 0.44, 50, 100, 1, 10, 5000, 25
1, 7915, 98, 131, 132, 131, 132, 0.44, 50, 100, 1, 4, 5000, 25
0, 13750, 105, 244, 219, 244, 219, 0.44, 50, 100, 1, 10, 5000, 25
1, 7792, 106, 137, 138, 137, 138, 0.44, 50, 100, 1, 4, 5000, 25
1, 12912, 103, 213, 214, 213, 214, 0.44, 50, 100, 1, 8, 5000, 25
1, 8657, 109, 152, 153, 152, 153, 0.44, 50, 100, 1, 5, 5000, 25
0, 13750, 101, 233, 209, 233, 209, 0.44, 50, 100, 1, 10, 5000, 25
0, 13750, 111, 240, 221, 240, 221, 0.44, 50, 100, 1, 9, 5000, 25
0, 13750, 106, 264, 242, 264, 242, 0.44, 50, 100, 1, 10, 5000, 25
0, 13750, 97, 224, 201, 224, 201, 0.44, 50, 100, 1, 10, 5000, 25
0, 13750, 106, 248, 227, 248, 227, 0.44, 50, 100, 1, 10, 5000, 25
1, 7020, 101, 126, 135, 126, 135, 0.44, 50, 100, 1, 3, 5000, 25
0, 13750, 103, 259, 243, 259, 243, 0.44, 50, 100, 1, 10, 5000, 25
0, 13750, 102, 260, 231, 260, 231, 0.44, 50, 100, 1, 10, 5000, 25
1, 10660, 114, 195, 196, 195, 196, 0.44, 50, 100, 1, 7, 5000, 25
1, 6792, 114, 139, 142, 139, 142, 0.44, 50, 100, 1, 3, 5000, 25
0, 13750, 85, 246, 229, 246, 229, 0.44, 50, 100, 1, 10, 5000, 25
0, 13750, 113, 258, 241, 258, 241, 0.44, 50, 100, 1, 10, 5000, 25
0, 13750, 85, 210, 201, 210, 201, 0.44, 50, 100, 1, 10, 5000, 25
0, 13750, 85, 232, 208, 232, 208, 0.44, 50, 100, 1, 10, 5000, 25
1, 10274, 111, 182, 183, 182, 183, 0.44, 50, 100, 1, 6, 5000, 25
0, 13750, 88, 218, 205, 218, 205, 0.44, 50, 100, 1, 10, 5000, 25
0, 13750, 112, 258, 231, 258, 231, 0.44, 50, 100, 1, 9, 5000, 25
0, 13750, 89, 236, 222, 236, 222, 0.44, 50, 100, 1, 10, 5000, 25
0, 13750, 91, 237, 228, 237, 228, 0.44, 50, 100, 1, 10, 5000, 25
0, 13750, 107, 248, 235, 248, 235, 0.44, 50, 100, 1, 10, 5000, 25
1, 7689, 96, 128, 129, 128, 129, 0.44, 50, 100, 1, 4, 5000, 25
1, 13231, 84, 212, 213, 212, 213, 0.44, 50, 100, 1, 10, 5000, 25
1, 7874, 97, 140, 141, 140, 141, 0.44, 50, 100, 1, 4, 5000, 25
1, 13200, 118, 239, 240, 239, 240, 0.44, 50, 100, 1, 9, 5000, 25
1, 7236, 113, 138, 144, 138, 144, 0.44, 50, 100, 1, 3, 5000, 25
0, 13750, 103, 241, 237, 241, 237, 0.44, 50, 100, 1, 9, 5000, 25
1, 7639, 88, 125, 126, 125, 126, 0.44, 50, 100, 1, 4, 5000, 25
0, 13750, 96, 241, 221, 241, 221, 0.44, 50, 100, 1, 10, 5000, 25
1, 8077, 102, 127, 131, 127, 131, 0.44, 50, 100, 1, 4, 5000, 25
1, 8418, 108, 148, 149, 148, 149, 0.44, 50, 100, 1, 5, 5000, 25
0, 13750, 112, 257, 238, 257, 238, 0.44, 50, 100, 1, 10, 5000, 25
1, 11869, 101, 189, 190, 189, 190, 0.44, 50, 100, 1, 8, 5000, 25
1, 7488, 96, 121, 123, 121, 123, 0.44, 50, 100, 1, 4, 5000, 25
0, 13750, 93, 234, 213, 234, 213, 0.44, 50, 100, 1, 10, 5000, 25
1, 7792, 102, 127, 133, 127, 133, 0.44, 50, 100, 1, 4, 5000, 25
0, 13750, 86, 225, 211, 225, 211, 0.44, 50, 100, 1, 10, 5000, 25
0, 13750, 95, 240, 236, 240, 236, 0.44, 50, 100, 1, 10, 5000, 25
0, 13750, 99, 233, 221, 233, 221, 0.44, 50, 100, 1, 10, 5000, 25
1, 7257, 116, 142, 143, 142, 143, 0.44, 50, 100, 1, 4, 5000, 25
0, 13750, 97, 239, 226, 239, 226, 0.44, 50, 100, 1, 10, 5000, 25
1, 7319, 117, 142, 146, 142, 146, 0.44, 50, 100, 1, 4, 5000, 25
1, 7688, 104, 129, 130, 129, 130, 0.44, 50, 100, 1, 4, 5000, 25
1, 7666, 92, 121, 122, 121, 122, 0.44, 50, 100, 1, 5, 5000, 25
1, 7531, 82, 117, 118, 117, 118, 0.44, 50, 100, 1, 4, 5000, 25
1, 7303, 120, 145, 150, 145, 150, 0.44, 50, 100, 1, 4, 5000, 25
0, 13750, 109, 236, 204, 236, 204, 0.44, 50, 100, 1, 10, 5000, 25
1, 7622, 86, 111, 120, 111, 120, 0.44, 50, 100, 1, 4, 5000, 25
1, 9653, 99, 149, 150, 149, 150, 0.44, 50, 100, 1, 6, 5000, 25
0, 13750, 109, 261, 241, 261, 241, 0.44, 50, 100, 1, 10, 5000, 25
0, 13750, 94, 220, 205, 220, 205, 0.44, 50, 100, 1, 10, 5000, 25
0, 13750, 106, 241, 231, 241, 231, 0.44, 50, 100, 1, 10, 5000, 25
0, 13750, 107, 238, 222, 238, 222, 0.44, 50, 100, 1, 10, 5000, 25
0, 13750, 109, 261, 240, 261, 240, 0.44, 50, 100, 1, 11, 5000, 25
0, 13750, 105, 240, 225, 240, 225, 0.44, 50, 100, 1, 11, 5000, 25
0, 13750, 96, 225, 208, 225, 208, 0.44, 50, 100, 1, 10, 5000, 25
1, 13537, 101, 225, 226, 225, 226, 0.44, 50, 100, 1, 10, 5000, 25
1, 7604, 98, 130, 131, 130, 131, 0.44, 50, 100, 1, 4, 5000, 25
0, 13750, 114, 259, 234, 259, 234, 0.44, 50, 100, 1, 10, 5000, 25
0, 13750, 91, 224, 205, 224, 205, 0.44, 50, 100, 1, 10, 5000, 25
1, 9748, 105, 151, 152, 151, 152, 0.44, 50, 100, 1, 6, 5000, 25
0, 13750, 113, 257, 250, 257, 250, 0.44, 50, 100, 1, 10, 5000, 25
1, 7626, 99, 124, 131, 124, 131, 0.44, 50, 100, 1, 5, 5000, 25
0, 13750, 102, 253, 243, 253, 243, 0.44, 50, 100, 1, 11, 5000, 25
1, 7805, 91, 123, 124, 123, 124, 0.44, 50, 100, 1, 4, 5000, 25
0, 13750, 111, 261, 230, 261, 230, 0.44, 50, 100, 1, 10, 5000, 25
1, 7750, 93, 118, 129, 118, 129, 0.44, 50, 100, 1, 4, 5000, 25
1, 8037, 110, 148, 149, 148, 149, 0.44, 50, 100, 1, 4, 5000, 25
1, 9498, 81, 125, 126, 125, 126, 0.44, 50, 100, 1, 6, 5000, 25
1, 7176, 111, 137, 138, 137, 138, 0.44, 50, 100, 1, 4, 5000, 25
0, 13750, 101, 241, 212, 241, 212, 0.44, 50, 100, 1, 10, 5000, 25
0, 13750, 111, 254, 238, 254, 238, 0.44, 50, 100, 1, 10, 5000, 25
1, 7263, 105, 130, 133, 130, 133, 0.44, 50, 100, 1, 3, 5000, 25
0, 13750, 111, 253, 247, 253, 247, 0.44, 50, 100, 1, 10, 5000, 25
0, 13750, 99, 222, 209, 222, 209, 0.44, 50, 100, 1, 10, 5000, 25
0, 13750, 84, 221, 205, 221, 205, 0.44, 50, 100, 1, 9, 5000, 25
0, 13750, 107, 228, 214, 228, 214, 0.44, 50, 100, 1, 10, 5000, 25
0, 13750, 114, 249, 240, 249, 240, 0.44, 50, 100, 1, 10, 5000, 25
0, 13750, 116, 266, 246, 266, 246, 0.44, 50, 100, 1, 9, 5000, 25
1, 7640, 107, 132, 141, 132, 141, 0.44, 50, 100, 1, 4, 5000, 25
0, 13750, 103, 252, 236, 252, 236, 0.44, 50, 100, 1, 10, 5000, 25
1, 10967, 83, 173, 174, 173, 174, 0.44, 50, 100, 1, 7, 5000, 25
1, 7349, 96, 121, 123, 121, 123, 0.44, 50, 100, 1, 3, 5000, 25
0, 13750, 103, 237, 218, 237, 218, 0.44, 50, 100, 1, 9, 5000, 25
1, 8008, 98, 131, 132, 131, 132, 0.44, 50, 100, 1, 4, 5000, 25
0, 13750, 88, 231, 214, 231, 214, 0.44, 50, 100, 1, 9, 5000, 25
1, 7723, 117, 142, 148, 142, 148, 0.44, 50, 100, 1, 4, 5000, 25
0, 13750, 100, 247, 226, 247, 226, 0.44, 50, 100, 1, 10, 5000, 25
1, 8741, 100, 143, 144, 143, 144, 0.44, 50, 100, 1, 5, 5000, 25
0, 13750, 84, 222, 205, 222, 205, 0.44, 50, 100, 1, 9, 5000, 25
0, 13750, 92, 213, 191, 213, 191, 0.44, 50, 100, 1, 9, 5000, 25
1, 8265, 106, 136, 142, 136, 142, 0.44, 50, 100, 1, 4, 5000, 30
1, 14833, 112, 262, 263, 262, 263, 0.44, 50, 100, 1, 11, 5000, 30
0, 15500, 113, 285, 265, 285, 265, 0.44, 50, 100, 1, 11, 5000, 30
1, 8060, 103, 133, 134, 133, 134, 0.44, 50, 100, 1, 4, 5000, 30
0, 15500, 103, 285, 276, 285, 276, 0.44, 50, 100, 1, 12, 5000, 30
1, 7264, 115, 145, 146, 145, 146, 0.44, 50, 100, 1, 4, 5000, 30
1, 7941, 93, 135, 136, 135, 136, 0.44, 50, 100, 1, 4, 5000, 30
1, 7712, 103, 133, 136, 133, 136, 0.44, 50, 100, 1, 4, 5000, 30
0, 15500, 96, 269, 240, 269, 240, 0.44, 50, 100, 1, 11, 5000, 30
1, 7537, 108, 140, 141, 140, 141, 0.44, 50, 100, 1, 4, 5000, 30
1, 7834, 109, 139, 140, 139, 140, 0.44, 50, 100, 1, 4, 5000, 30
0, 15500, 102, 290, 270, 290, 270, 0.44, 50, 100, 1, 11, 5000, 30
0, 15500, 113, 294, 273, 294, 273, 0.44, 50, 100, 1, 12, 5000, 30
0, 15500, 101, 276, 258, 276, 258, 0.44, 50, 100, 1, 11, 5000, 30
0, 15500, 104, 279, 269, 279, 269, 0.44, 50, 100, 1, 12, 5000, 30
0, 15500, 101, 275, 251, 275, 251, 0.44, 50, 100, 1, 13, 5000, 30
0, 15500, 114, 296, 276, 296, 276, 0.44, 50, 100, 1, 12, 5000, 30
1, 8589, 90, 125, 126, 125, 126, 0.44, 50, 100, 1, 5, 5000, 30
1, 7905, 99, 129, 131, 129, 131, 0.44, 50, 100, 1, 4, 5000, 30
0, 15500, 104, 277, 252, 277, 252, 0.44, 50, 100, 1, 13, 5000, 30
1, 7455, 93, 123, 126, 123, 126, 0.44, 50, 100, 1, 4, 5000, 30
0, 15500, 113, 278, 260, 278, 260, 0.44, 50, 100, 1, 13, 5000, 30
1, 11103, 99, 181, 182, 181, 182, 0.44, 50, 100, 1, 9, 5000, 30
1, 7840, 85, 115, 119, 115, 119, 0.44, 50, 100, 1, 4, 5000, 30
0, 15500, 99, 284, 264, 284, 264, 0.44, 50, 100, 1, 11, 5000, 30
1, 7413, 101, 136, 137, 136, 137, 0.44, 50, 100, 1, 4, 5000, 30
0, 15500, 91, 255, 254, 255, 254, 0.44, 50, 100, 1, 12, 5000, 30
0, 15500, 111, 279, 263, 279, 263, 0.44, 50, 100, 1, 11, 5000, 30
1, 7923, 99, 131, 132, 131, 132, 0.44, 50, 100, 1, 4, 5000, 30
0, 15500, 102, 291, 273, 291, 273, 0.44, 50, 100, 1, 11, 5000, 30
1, 9805, 93, 166, 167, 166, 167, 0.44, 50, 100, 1, 6, 5000, 30
0, 15500, 115, 305, 278, 305, 278, 0.44, 50, 100, 1, 11, 5000, 30
1, 7768, 96, 126, 133, 126, 133, 0.44, 50, 100, 1, 4, 5000, 30
1, 7245, 106, 137, 138, 137, 138, 0.44, 50, 100, 1, 3, 5000, 30
0, 15500, 103, 283, 271, 283, 271, 0.44, 50, 100, 1, 12, 5000, 30
1, 10705, 94, 168, 169, 168, 169, 0.44, 50, 100, 1, 8, 5000, 30
0, 15500, 102, 291, 273, 291, 273, 0.44, 50, 100, 1, 13, 5000, 30
1, 8055, 102, 132, 133, 132, 133, 0.44, 50, 100, 1, 4, 5000, 30
0, 15500, 100, 276, 235, 276, 235, 0.44, 50, 100, 1, 12, 5000, 30
0, 15500, 91, 277, 266, 277, 266, 0.44, 50, 100, 1, 12, 5000, 30
1, 7449, 99, 130, 131, 130, 131, 0.44, 50, 100, 1, 4, 5000, 30
0, 15500, 79, 251, 222, 251, 222, 0.44, 50, 100, 1, 12, 5000, 30
1, 8405, 108, 140, 141, 140, 141, 0.44, 50, 100, 1, 4, 5000, 30
0, 15500, 88, 264, 255, 264, 255, 0.44, 50, 100, 1, 12, 5000, 30
1, 7927, 91, 121, 122, 121, 122, 0.44, 50, 100, 1, 5, 5000, 30
0, 15500, 118, 283, 260, 283, 260, 0.44, 50, 100, 1, 12, 5000, 30
0, 15500, 99, 271, 251, 271, 251, 0.44, 50, 100, 1, 11, 5000, 30
1, 9751, 107, 169, 170, 169, 170, 0.44, 50, 100, 1, 6, 5000, 30
0, 15500, 108, 270, 262, 270, 262, 0.44, 50, 100, 1, 11, 5000, 30
0, 15500, 100, 281, 252, 281, 252, 0.44, 50, 100, 1, 12, 5000, 30
1, 7854, 94, 124, 125, 124, 125, 0.44, 50, 100, 1, 4, 5000, 30
0, 15500, 106, 284, 275, 284, 275, 0.44, 50, 100, 1, 12, 5000, 30
0, 15500, 93, 261, 258, 261, 258, 0.44, 50, 100, 1, 11, 5000, 30
1, 8184, 116, 146, 149, 146, 149, 0.44, 50, 100, 1, 4, 5000, 30
0, 15500, 98, 279, 257, 279, 257, 0.44, 50, 100, 1, 11, 5000, 30
1, 7437, 109, 139, 140, 139, 140, 0.44, 50, 100, 1, 4, 5000, 30
1, 8054, 107, 137, 138, 137, 138, 0.44, 50, 100, 1, 4, 5000, 30
0, 15500, 99, 270, 242, 270, 242, 0.44, 50, 100, 1, 11, 5000, 30
1, 8344, 104, 134, 135, 134, 135, 0.44, 50, 100, 1, 4, 5000, 30
0, 15500, 97, 256, 246, 256, 246, 0.44, 50, 100, 1, 11, 5000, 30
0, 15500, 113, 282, 255, 282, 255, 0.44, 50, 100, 1, 12, 5000, 30
1, 8847, 103, 151, 152, 151, 152, 0.44, 50, 100, 1, 5, 5000, 30
0, 15500, 99, 286, 264, 286, 264, 0.44, 50, 100, 1, 11, 5000, 30
1, 10214, 109, 181, 182, 181, 182, 0.44, 50, 100, 1, 6, 5000, 30
0, 15500, 111, 289, 276, 289, 276, 0.44, 50, 100, 1, 12, 5000, 30
0, 15500, 92, 283, 264, 283, 264, 0.44, 50, 100, 1, 12, 5000, 30
1, 7694, 95, 128, 129, 128, 129, 0.44, 50, 100, 1, 4, 5000, 30
0, 15500, 108, 280, 266, 280, 266, 0.44, 50, 100, 1, 11, 5000, 30
1, 7418, 107, 137, 138, 137, 138, 0.44, 50, 100, 1, 4, 5000, 30
1, 10167, 84, 135, 136, 135, 136, 0.44, 50, 100, 1, 6, 5000, 30
0, 15500, 107, 290, 260, 290, 260, 0.44, 50, 100, 1, 11, 5000, 30
1, 7653, 98, 134, 135, 134, 135, 0.44, 50, 100, 1, 4, 5000, 30
1, 7871, 114, 144, 149, 144, 149, 0.44, 50, 100, 1, 4, 5000, 30
1, 7583, 94, 124, 126, 124, 126, 0.44, 50, 100, 1, 4, 5000, 30
0, 15500, 120, 290, 267, 290, 267, 0.44, 50, 100, 1, 12, 5000, 30
1, 8613, 108, 138, 139, 138, 139, 0.44, 50, 100, 1, 5, 5000, 30
1, 10175, 55, 89, 90, 89, 90, 0.44, 50, 100, 1, 6, 5000, 30
0, 15500, 107, 283, 261, 283, 261, 0.44, 50, 100, 1, 11, 5000, 30
0, 15500, 100, 291, 272, 291, 272, 0.44, 50, 100, 1, 12, 5000, 30
0, 15500, 110, 300, 276, 300, 276, 0.44, 50, 100, 1, 11, 5000, 30
0, 15500, 109, 279, 255, 279, 255, 0.44, 50, 100, 1, 11, 5000, 30
0, 15500, 106, 287, 277, 287, 277, 0.44, 50, 100, 1, 12, 5000, 30
0, 15500, 94, 290, 267, 290, 267, 0.44, 50, 100, 1, 12, 5000, 30
0, 15500, 103, 276, 269, 276, 269, 0.44, 50, 100, 1, 12, 5000, 30
0, 15500, 109, 292, 276, 292, 276, 0.44, 50, 100, 1, 12, 5000, 30
1, 7905, 100, 131, 132, 131, 132, 0.44, 50, 100, 1, 5, 5000, 30
0, 15500, 98, 276, 244, 276, 244, 0.44, 50, 100, 1, 11, 5000, 30
1, 8115, 99, 135, 136, 135, 136, 0.44, 50, 100, 1, 4, 5000, 30
0, 15500, 95, 269, 250, 269, 250, 0.44, 50, 100, 1, 11, 5000, 30
1, 7610, 99, 134, 135, 134, 135, 0.44, 50, 100, 1, 4, 5000, 30
1, 9709, 104, 172, 173, 172, 173, 0.44, 50, 100, 1, 7, 5000, 30
0, 15500, 100, 273, 272, 273, 272, 0.44, 50, 100, 1, 13, 5000, 30
0, 15500, 105, 279, 269, 279, 269, 0.44, 50, 100, 1, 12, 5000, 30
1, 9859, 91, 151, 152, 151, 152, 0.44, 50, 100, 1, 7, 5000, 30
0, 15500, 104, 283, 270, 283, 270, 0.44, 50, 100, 1, 12, 5000, 30
1, 7901, 95, 125, 128, 125, 128, 0.44, 50, 100, 1, 4, 5000, 30
0, 15500, 94, 271, 253, 271, 253, 0.44, 50, 100, 1, 12, 5000, 30
1, 8216, 91, 121, 126, 121, 126, 0.44, 50, 100, 1, 4, 5000, 30
0, 15500, 104, 289, 254, 289, 254, 0.44, 50, 100, 1, 11, 5000, 30
1, 8222, 101, 136, 141, 136, 141, 0.44, 50, 100, 1, 4, 5000, 35
0, 15500, 95, 281, 240, 281, 240, 0.44, 50, 100, 1, 12, 5000, 30
1, 8314, 100, 135, 140, 135, 140, 0.44, 50, 100, 1, 5, 5000, 35
1, 7724, 104, 139, 141, 139, 141, 0.44, 50, 100, 1, 4, 5000, 35
1, 12649, 101, 206, 207, 206, 207, 0.44, 50, 100, 1, 9, 5000, 35
1, 15232, 108, 252, 253, 252, 253, 0.44, 50, 100, 1, 12, 5000, 35
1, 12825, 107, 213, 214, 213, 214, 0.44, 50, 100, 1, 9, 5000, 35
0, 17250, 103, 303, 282, 303, 282, 0.44, 50, 100, 1, 17, 5000, 35
1, 13382, 98, 244, 245, 244, 245, 0.44, 50, 100, 1, 10, 5000, 35
0, 17250, 101, 306, 288, 306, 288, 0.44, 50, 100, 1, 17, 5000, 35
0, 17250, 97, 319, 290, 319, 290, 0.44, 50, 100, 1, 15, 5000, 35
0, 17250, 101, 319, 278, 319, 278, 0.44, 50, 100, 1, 14, 5000, 35
0, 17250, 94, 324, 296, 324, 296, 0.44, 50, 100, 1, 16, 5000, 35
0, 17250, 111, 323, 309, 323, 309, 0.44, 50, 100, 1, 15, 5000, 35
0, 17250, 103, 324, 299, 324, 299, 0.44, 50, 100, 1, 18, 5000, 35
0, 17250, 99, 317, 294, 317, 294, 0.44, 50, 100, 1, 16, 5000, 35
0, 17250, 104, 318, 288, 318, 288, 0.44, 50, 100, 1, 15, 5000, 35
1, 9208, 102, 137, 149, 137, 149, 0.44, 50, 100, 1, 5, 5000, 35
0, 17250, 97, 321, 302, 321, 302, 0.44, 50, 100, 1, 14, 5000, 35
1, 7962, 102, 137, 138, 137, 138, 0.44, 50, 100, 1, 4, 5000, 35
0, 17250, 86, 288, 258, 288, 258, 0.44, 50, 100, 1, 13, 5000, 35
0, 17250, 104, 314, 305, 314, 305, 0.44, 50, 100, 1, 13, 5000, 35
0, 17250, 110, 322, 307, 322, 307, 0.44, 50, 100, 1, 15, 5000, 35
0, 17250, 95, 322, 298, 322, 298, 0.44, 50, 100, 1, 13, 5000, 35
1, 7733, 100, 135, 136, 135, 136, 0.44, 50, 100, 1, 4, 5000, 35
0, 17250, 99, 322, 294, 322, 294, 0.44, 50, 100, 1, 15, 5000, 35
0, 17250, 101, 309, 298, 309, 298, 0.44, 50, 100, 1, 13, 5000, 35
0, 17250, 103, 316, 295, 316, 295, 0.44, 50, 100, 1, 13, 5000, 35
0, 17250, 94, 308, 286, 308, 286, 0.44, 50, 100, 1, 13, 5000, 35
0, 17250, 103, 318, 303, 318, 303, 0.44, 50, 100, 1, 13, 5000, 35
0, 17250, 93, 314, 281, 314, 281, 0.44, 50, 100, 1, 14, 5000, 35
1, 7533, 84, 120, 121, 120, 121, 0.44, 50, 100, 1, 4, 5000, 35
0, 17250, 85, 292, 272, 292, 272, 0.44, 50, 100, 1, 14, 5000, 35
0, 17250, 121, 324, 308, 324, 308, 0.44, 50, 100, 1, 14, 5000, 35
0, 17250, 101, 320, 283, 320, 283, 0.44, 50, 100, 1, 14, 5000, 35
0, 17250, 115, 322, 310, 322, 310, 0.44, 50, 100, 1, 15, 5000, 35
0, 17250, 75, 283, 251, 283, 251, 0.44, 50, 100, 1, 15, 5000, 35
1, 8408, 101, 136, 146, 136, 146, 0.44, 50, 100, 1, 5, 5000, 35
0, 17250, 93, 309, 287, 309, 287, 0.44, 50, 100, 1, 14, 5000, 35
1, 13032, 98, 216, 217, 216, 217, 0.44, 50, 100, 1, 10, 5000, 35
1, 8051, 112, 150, 151, 150, 151, 0.44, 50, 100, 1, 4, 5000, 35
1, 8304, 112, 147, 148, 147, 148, 0.44, 50, 100, 1, 4, 5000, 35
0, 17250, 100, 314, 294, 314, 294, 0.44, 50, 100, 1, 13, 5000, 35
0, 17250, 103, 312, 297, 312, 297, 0.44, 50, 100, 1, 13, 5000, 35
0, 17250, 95, 301, 279, 301, 279, 0.44, 50, 100, 1, 13, 5000, 35
0, 17250, 95, 314, 301, 314, 301, 0.44, 50, 100, 1, 13, 5000, 35
1, 13892, 91, 234, 235, 234, 235, 0.44, 50, 100, 1, 11, 5000, 35
0, 17250, 98, 295, 273, 295, 273, 0.44, 50, 100, 1, 13, 5000, 35
0, 17250, 100, 321, 284, 321, 284, 0.44, 50, 100, 1, 13, 5000, 35
0, 17250, 100, 311, 290, 311, 290, 0.44, 50, 100, 1, 13, 5000, 35
0, 17250, 114, 335, 312, 335, 312, 0.44, 50, 100, 1, 13, 5000, 35
1, 14015, 91, 242, 243, 242, 243, 0.44, 50, 100, 1, 10, 5000, 35
1, 8360, 101, 136, 138, 136, 138, 0.44, 50, 100, 1, 4, 5000, 35
0, 17250, 95, 285, 282, 285, 282, 0.44, 50, 100, 1, 14, 5000, 35
1, 8405, 94, 129, 130, 129, 130, 0.44, 50, 100, 1, 4, 5000, 35
0, 17250, 110, 326, 308, 326, 308, 0.44, 50, 100, 1, 13, 5000, 35
0, 17250, 108, 319, 298, 319, 298, 0.44, 50, 100, 1, 13, 5000, 35
1, 11027, 92, 165, 166, 165, 166, 0.44, 50, 100, 1, 7, 5000, 35
0, 17250, 120, 323, 308, 323, 308, 0.44, 50, 100, 1, 13, 5000, 35
1, 8064, 95, 130, 132, 130, 132, 0.44, 50, 100, 1, 4, 5000, 35
0, 17250, 98, 312, 282, 312, 282, 0.44, 50, 100, 1, 16, 5000, 35
1, 9028, 92, 144, 145, 144, 145, 0.44, 50, 100, 1, 5, 5000, 35
0, 17250, 103, 317, 293, 317, 293, 0.44, 50, 100, 1, 16, 5000, 35
0, 17250, 97, 303, 287, 303, 287, 0.44, 50, 100, 1, 13, 5000, 35
0, 17250, 100, 305, 291, 305, 291, 0.44, 50, 100, 1, 13, 5000, 35
1, 7837, 116, 151, 153, 151, 153, 0.44, 50, 100, 1, 4, 5000, 35
0, 17250, 100, 316, 289, 316, 289, 0.44, 50, 100, 1, 16, 5000, 35
0, 17250, 109, 308, 294, 308, 294, 0.44, 50, 100, 1, 16, 5000, 35
1, 8498, 98, 133, 137, 133, 137, 0.44, 50, 100, 1, 5, 5000, 35
0, 17250, 113, 311, 292, 311, 292, 0.44, 50, 100, 1, 15, 5000, 35
1, 7683, 97, 132, 137, 132, 137, 0.44, 50, 100, 1, 4, 5000, 35
0, 17250, 105, 321, 299, 321, 299, 0.44, 50, 100, 1, 14, 5000, 35
0, 17250, 83, 296, 270, 296, 270, 0.44, 50, 100, 1, 13, 5000, 35
1, 10254, 94, 157, 158, 157, 158, 0.44, 50, 100, 1, 7, 5000, 35
0, 17250, 87, 310, 287, 310, 287, 0.44, 50, 100, 1, 16, 5000, 35
1, 8067, 94, 129, 132, 129, 132, 0.44, 50, 100, 1, 5, 5000, 35
0, 17250, 96, 314, 289, 314, 289, 0.44, 50, 100, 1, 16, 5000, 35
1, 7730, 113, 148, 151, 148, 151, 0.44, 50, 100, 1, 4, 5000, 35
1, 8075, 98, 134, 135, 134, 135, 0.44, 50, 100, 1, 4, 5000, 35
0, 17250, 102, 317, 294, 317, 294, 0.44, 50, 100, 1, 13, 5000, 35
0, 17250, 106, 329, 291, 329, 291, 0.44, 50, 100, 1, 13, 5000, 35
1, 7998, 92, 129, 130, 129, 130, 0.44, 50, 100, 1, 4, 5000, 35
0, 17250, 93, 303, 296, 303, 296, 0.44, 50, 100, 1, 13, 5000, 35
0, 17250, 94, 302, 291, 302, 291, 0.44, 50, 100, 1, 13, 5000, 35
0, 17250, 102, 297, 283, 297, 283, 0.44, 50, 100, 1, 13, 5000, 35
0, 17250, 110, 312, 298, 312, 298, 0.44, 50, 100, 1, 13, 5000, 35
0, 17250, 89, 305, 266, 305, 266, 0.44, 50, 100, 1, 13, 5000, 35
0, 17250, 110, 310, 285, 310, 285, 0.44, 50, 100, 1, 14, 5000, 35
0, 17250, 99, 307, 271, 307, 271, 0.44, 50, 100, 1, 14, 5000, 35
1, 9095, 94, 129, 146, 129, 146, 0.44, 50, 100, 1, 5, 5000, 35
0, 17250, 97, 303, 283, 303, 283, 0.44, 50, 100, 1, 14, 5000, 35
1, 7850, 111, 146, 151, 146, 151, 0.44, 50, 100, 1, 4, 5000, 35
1, 8393, 110, 146, 147, 146, 147, 0.44, 50, 100, 1, 5, 5000, 35
0, 17250, 93, 311, 296, 311, 296, 0.44, 50, 100, 1, 13, 5000, 35
1, 7936, 96, 131, 132, 131, 132, 0.44, 50, 100, 1, 4, 5000, 35
0, 17250, 108, 328, 301, 328, 301, 0.44, 50, 100, 1, 13, 5000, 35
0, 17250, 102, 324, 303, 324, 303, 0.44, 50, 100, 1, 13, 5000, 35
0, 17250, 105, 316, 290, 316, 290, 0.44, 50, 100, 1, 13, 5000, 35
0, 17250, 108, 300, 288, 300, 288, 0.44, 50, 100, 1, 13, 5000, 35
1, 12564, 91, 202, 203, 202, 203, 0.44, 50, 100, 1, 9, 5000, 35
0, 17250, 98, 294, 272, 294, 272, 0.44, 50, 100, 1, 13, 5000, 35
1, 9794, 107, 152, 154, 152, 154, 0.44, 50, 100, 1, 6, 5000, 45
0, 20750, 99, 384, 364, 384, 364, 0.44, 50, 100, 1, 16, 5000, 45
1, 9355, 98, 155, 156, 155, 156, 0.44, 50, 100, 1, 7, 5000, 45
1, 9013, 114, 165, 166, 165, 166, 0.44, 50, 100, 1, 5, 5000, 45
0, 20750, 98, 384, 375, 384, 375, 0.44, 50, 100, 1, 19, 5000, 45
0, 20750, 112, 393, 364, 393, 364, 0.44, 50, 100, 1, 17, 5000, 45
0, 20750, 83, 377, 355, 377, 355, 0.44, 50, 100, 1, 18, 5000, 45
0, 20750, 95, 383, 350, 383, 350, 0.44, 50, 100, 1, 17, 5000, 45
1, 8820, 97, 142, 146, 142, 146, 0.44, 50, 100, 1, 5, 5000, 45
0, 20750, 106, 391, 366, 391, 366, 0.44, 50, 100, 1, 17, 5000, 45
0, 20750, 115, 391, 374, 391, 374, 0.44, 50, 100, 1, 16, 5000, 45
1, 11106, 90, 177, 178, 177, 178, 0.44, 50, 100, 1, 7, 5000, 45
1, 13410, 105, 234, 235, 234, 235, 0.44, 50, 100, 1, 9, 5000, 45
0, 20750, 107, 387, 374, 387, 374, 0.44, 50, 100, 1, 18, 5000, 45
0, 20750, 110, 383, 370, 383, 370, 0.44, 50, 100, 1, 18, 5000, 45
1, 11812, 107, 196, 197, 196, 197, 0.44, 50, 100, 1, 8, 5000, 45
0, 20750, 90, 362, 350, 362, 350, 0.44, 50, 100, 1, 17, 5000, 45
0, 20750, 107, 394, 356, 394, 356, 0.44, 50, 100, 1, 17, 5000, 45
1, 14785, 87, 244, 245, 244, 245, 0.44, 50, 100, 1, 11, 5000, 45
0, 20750, 102, 374, 370, 374, 370, 0.44, 50, 100, 1, 17, 5000, 45
0, 20750, 91, 371, 359, 371, 359, 0.44, 50, 100, 1, 21, 5000, 45
0, 20750, 105, 383, 362, 383, 362, 0.44, 50, 100, 1, 21, 5000, 45
0, 20750, 113, 385, 373, 385, 373, 0.44, 50, 100, 1, 17, 5000, 45
0, 20750, 82, 364, 358, 364, 358, 0.44, 50, 100, 1, 17, 5000, 45
1, 8167, 89, 134, 135, 134, 135, 0.44, 50, 100, 1, 4, 5000, 45
1, 8441, 109, 154, 157, 154, 157, 0.44, 50, 100, 1, 5, 5000, 45
0, 20750, 92, 375, 362, 375, 362, 0.44, 50, 100, 1, 20, 5000, 45
0, 20750, 115, 401, 386, 401, 386, 0.44, 50, 100, 1, 20, 5000, 45
0, 20750, 106, 380, 362, 380, 362, 0.44, 50, 100, 1, 17, 5000, 45
0, 20750, 95, 368, 355, 368, 355, 0.44, 50, 100, 1, 16, 5000, 45
1, 9086, 95, 140, 143, 140, 143, 0.44, 50, 100, 1, 5, 5000, 45
0, 20750, 123, 398, 382, 398, 382, 0.44, 50, 100, 1, 17, 5000, 45
0, 20750, 97, 381, 372, 381, 372, 0.44, 50, 100, 1, 17, 5000, 45
0, 20750, 99, 381, 352, 381, 352, 0.44, 50, 100, 1, 17, 5000, 45
1, 8563, 89, 134, 139, 134, 139, 0.44, 50, 100, 1, 5, 5000, 45
0, 20750, 92, 378, 368, 378, 368, 0.44, 50, 100, 1, 18, 5000, 45
0, 20750, 111, 390, 371, 390, 371, 0.44, 50, 100, 1, 18, 5000, 45
0, 20750, 107, 400, 377, 400, 377, 0.44, 50, 100, 1, 18, 5000, 45
1, 9716, 96, 151, 152, 151, 152, 0.44, 50, 100, 1, 6, 5000, 45
0, 20750, 96, 379, 356, 379, 356, 0.44, 50, 100, 1, 17, 5000, 45
1, 8345, 104, 149, 151, 149, 151, 0.44, 50, 100, 1, 5, 5000, 45
0, 20750, 104, 377, 357, 377, 357, 0.44, 50, 100, 1, 17, 5000, 45
1, 10113, 104, 167, 168, 167, 168, 0.44, 50, 100, 1, 6, 5000, 45
0, 20750, 94, 373, 348, 373, 348, 0.44, 50, 100, 1, 16, 5000, 45
0, 20750, 101, 379, 356, 379, 356, 0.44, 50, 100, 1, 16, 5000, 45
1, 9128, 112, 157, 163, 157, 163, 0.44, 50, 100, 1, 5, 5000, 45
0, 20750, 87, 376, 357, 376, 357, 0.44, 50, 100, 1, 16, 5000, 45
0, 20750, 99, 382, 356, 382, 356, 0.44, 50, 100, 1, 17, 5000, 45
1, 14214, 103, 241, 242, 241, 242, 0.44, 50, 100, 1, 10, 5000, 45
0, 20750, 92, 365, 352, 365, 352, 0.44, 50, 100, 1, 17, 5000, 45
1, 8610, 89, 134, 140, 134, 140, 0.44, 50, 100, 1, 5, 5000, 45
0, 20750, 83, 366, 354, 366, 354, 0.44, 50, 100, 1, 17, 5000, 45
0, 20750, 107, 397, 369, 397, 369, 0.44, 50, 100, 1, 17, 5000, 45
0, 20750, 109, 392, 365, 392, 365, 0.44, 50, 100, 1, 17, 5000, 45
0, 20750, 119, 387, 369, 387, 369, 0.44, 50, 100, 1, 18, 5000, 45
0, 20750, 102, 392, 386, 392, 386, 0.44, 50, 100, 1, 17, 5000, 45
1, 8756, 108, 154, 155, 154, 155, 0.44, 50, 100, 1, 5, 5000, 45
0, 20750, 107, 374, 357, 374, 357, 0.44, 50, 100, 1, 16, 5000, 45
0, 20750, 118, 385, 370, 385, 370, 0.44, 50, 100, 1, 17, 5000, 45
0, 20750, 96, 376, 356, 376, 356, 0.44, 50, 100, 1, 17, 5000, 45
1, 10413, 98, 162, 163, 162, 163, 0.44, 50, 100, 1, 6, 5000, 45
0, 20750, 100, 371, 335, 371, 335, 0.44, 50, 100, 1, 17, 5000, 45
1, 8929, 118, 163, 165, 163, 165, 0.44, 50, 100, 1, 5, 5000, 45
0, 20750, 105, 386, 365, 386, 365, 0.44, 50, 100, 1, 16, 5000, 45
1, 9632, 108, 164, 165, 164, 165, 0.44, 50, 100, 1, 6, 5000, 45
1, 9629, 110, 172, 173, 172, 173, 0.44, 50, 100, 1, 6, 5000, 45
0, 20750, 95, 378, 368, 378, 368, 0.44, 50, 100, 1, 16, 5000, 45
0, 20750, 98, 368, 348, 368, 348, 0.44, 50, 100, 1, 17, 5000, 45
1, 9327, 117, 162, 167, 162, 167, 0.44, 50, 100, 1, 6, 5000, 45
0, 20750, 117, 390, 369, 390, 369, 0.44, 50, 100, 1, 16, 5000, 45
1, 11580, 111, 199, 200, 199, 200, 0.44, 50, 100, 1, 8, 5000, 45
0, 20750, 91, 368, 358, 368, 358, 0.44, 50, 100, 1, 17, 5000, 45
1, 8599, 102, 147, 150, 147, 150, 0.44, 50, 100, 1, 5, 5000, 45
1, 11218, 110, 190, 191, 190, 191, 0.44, 50, 100, 1, 7, 5000, 45
0, 20750, 104, 371, 356, 371, 356, 0.44, 50, 100, 1, 16, 5000, 45
0, 20750, 103, 382, 375, 382, 375, 0.44, 50, 100, 1, 17, 5000, 45
0, 20750, 100, 374, 352, 374, 352, 0.44, 50, 100, 1, 16, 5000, 45
1, 9892, 109, 168, 169, 168, 169, 0.44, 50, 100, 1, 6, 5000, 45
0, 20750, 110, 390, 378, 390, 378, 0.44, 50, 100, 1, 18, 5000, 45
0, 20750, 109, 390, 360, 390, 360, 0.44, 50, 100, 1, 18, 5000, 45
1, 8083, 101, 146, 147, 146, 147, 0.44, 50, 100, 1, 6, 5000, 45
0, 20750, 106, 382, 365, 382, 365, 0.44, 50, 100, 1, 19, 5000, 45
0, 20750, 111, 384, 367, 384, 367, 0.44, 50, 100, 1, 17, 5000, 45
0, 20750, 100, 376, 370, 376, 370, 0.44, 50, 100, 1, 18, 5000, 45
0, 20750, 113, 393, 378, 393, 378, 0.44, 50, 100, 1, 17, 5000, 45
0, 20750, 98, 389, 343, 389, 343, 0.44, 50, 100, 1, 16, 5000, 45
1, 10213, 89, 166, 167, 166, 167, 0.44, 50, 100, 1, 7, 5000, 45
0, 20750, 104, 383, 378, 383, 378, 0.44, 50, 100, 1, 20, 5000, 45
1, 18645, 108, 342, 343, 342, 343, 0.44, 50, 100, 1, 18, 5000, 45
0, 20750, 105, 381, 363, 381, 363, 0.44, 50, 100, 1, 18, 5000, 45
0, 20750, 99, 357, 350, 357, 350, 0.44, 50, 100, 1, 17, 5000, 45
1, 10060, 106, 166, 167, 166, 167, 0.44, 50, 100, 1, 6, 5000, 45
0, 20750, 102, 374, 357, 374, 357, 0.44, 50, 100, 1, 17, 5000, 45
0, 20750, 92, 380, 370, 380, 370, 0.44, 50, 100, 1, 17, 5000, 45
1, 8745, 89, 134, 137, 134, 137, 0.44, 50, 100, 1, 5, 5000, 45
1, 8715, 118, 165, 166, 165, 166, 0.44, 50, 100, 1, 5, 5000, 45
0, 20750, 115, 398, 391, 398, 391, 0.44, 50, 100, 1, 17, 5000, 45
1, 9514, 119, 178, 179, 178, 179, 0.44, 50, 100, 1, 6, 5000, 45
0, 20750, 82, 358, 338, 358, 338, 0.44, 50, 100, 1, 17, 5000, 45
0, 20750, 98, 366, 344, 366, 344, 0.44, 50, 100, 1, 16, 5000, 45
1, 10638, 95, 172, 173, 172, 173, 0.44, 50, 100, 1, 7, 5000, 55
0, 24250, 107, 450, 432, 450, 432, 0.44, 50, 100, 1, 22, 5000, 55
0, 24250, 95, 437, 426, 437, 426, 0.44, 50, 100, 1, 20, 5000, 55
1, 9610, 113, 171, 172, 171, 172, 0.44, 50, 100, 1, 6, 5000, 55
0, 24250, 107, 451, 430, 451, 430, 0.44, 50, 100, 1, 21, 5000, 55
0, 24250, 100, 460, 433, 460, 433, 0.44, 50, 100, 1, 21, 5000, 55
1, 17151, 108, 306, 307, 306, 307, 0.44, 50, 100, 1, 14, 5000, 55
0, 24250, 97, 443, 413, 443, 413, 0.44, 50, 100, 1, 21, 5000, 55
0, 24250, 113, 463, 439, 463, 439, 0.44, 50, 100, 1, 20, 5000, 55
1, 10133, 103, 158, 159, 158, 159, 0.44, 50, 100, 1, 6, 5000, 55
1, 10107, 120, 175, 182, 175, 182, 0.44, 50, 100, 1, 7, 5000, 55
0, 24250, 101, 443, 431, 443, 431, 0.44, 50, 100, 1, 28, 5000, 55
0, 24250, 99, 462, 433, 462, 433, 0.44, 50, 100, 1, 21, 5000, 55
0, 24250, 90, 455, 421, 455, 421, 0.44, 50, 100, 1, 27, 5000, 55
1, 10067, 110, 165, 174, 165, 174, 0.44, 50, 100, 1, 7, 5000, 55
1, 17568, 95, 323, 324, 323, 324, 0.44, 50, 100, 1, 15, 5000, 55
1, 10460, 111, 173, 174, 173, 174, 0.44, 50, 100, 1, 6, 5000, 55
0, 24250, 98, 468, 438, 468, 438, 0.44, 50, 100, 1, 20, 5000, 55
0, 24250, 95, 438, 417, 438, 417, 0.44, 50, 100, 1, 20, 5000, 55
1, 9477, 99, 154, 155, 154, 155, 0.44, 50, 100, 1, 5, 5000, 55
0, 24250, 109, 463, 441, 463, 441, 0.44, 50, 100, 1, 20, 5000, 55
1, 22462, 95, 377, 378, 377, 378, 0.44, 50, 100, 1, 18, 5000, 55
1, 13134, 99, 215, 216, 215, 216, 0.44, 50, 100, 1, 9, 5000, 55
1, 11638, 104, 199, 200, 199, 200, 0.44, 50, 100, 1, 8, 5000, 55
1, 9670, 107, 162, 174, 162, 174, 0.44, 50, 100, 1, 6, 5000, 55
1, 9683, 85, 140, 141, 140, 141, 0.44, 50, 100, 1, 6, 5000, 55
0, 24250, 101, 448, 432, 448, 432, 0.44, 50, 100, 1, 29, 5000, 55
0, 24250, 102, 455, 430, 455, 430, 0.44, 50, 100, 1, 22, 5000, 55
1, 9648, 100, 155, 156, 155, 156, 0.44, 50, 100, 1, 6, 5000, 55
1, 9637, 95, 150, 160, 150, 160, 0.44, 50, 100, 1, 6, 5000, 55
0, 24250, 115, 460, 441, 460, 441, 0.44, 50, 100, 1, 22, 5000, 55
0, 24250, 91, 436, 418, 436, 418, 0.44, 50, 100, 1, 20, 5000, 55
1, 10102, 102, 168, 169, 168, 169, 0.44, 50, 100, 1, 7, 5000, 55
0, 24250, 97, 441, 420, 441, 420, 0.44, 50, 100, 1, 21, 5000, 55
0, 24250, 95, 454, 427, 454, 427, 0.44, 50, 100, 1, 21, 5000, 55
1, 11539, 108, 202, 203, 202, 203, 0.44, 50, 100, 1, 11, 5000, 55
0, 24250, 108, 457, 427, 457, 427, 0.44, 50, 100, 1, 25, 5000, 55
1, 15756, 91, 256, 257, 256, 257, 0.44, 50, 100, 1, 12, 5000, 55
1, 12366, 102, 209, 210, 209, 210, 0.44, 50, 100, 1, 9, 5000, 55
0, 24250, 105, 455, 445, 455, 445, 0.44, 50, 100, 1, 21, 5000, 55
0, 24250, 84, 432, 418, 432, 418, 0.44, 50, 100, 1, 21, 5000, 55
1, 9346, 86, 141, 142, 141, 142, 0.44, 50, 100, 1, 6, 5000, 55
0, 24250, 103, 439, 411, 439, 411, 0.44, 50, 100, 1, 22, 5000, 55
1, 9060, 105, 162, 163, 162, 163, 0.44, 50, 100, 1, 6, 5000, 55
0, 24250, 110, 457, 443, 457, 443, 0.44, 50, 100, 1, 23, 5000, 55
0, 24250, 104, 453, 427, 453, 427, 0.44, 50, 100, 1, 20, 5000, 55
0, 24250, 118, 454, 444, 454, 444, 0.44, 50, 100, 1, 21, 5000, 55
0, 24250, 99, 449, 429, 449, 429, 0.44, 50, 100, 1, 23, 5000, 55
0, 24250, 106, 477, 451, 477, 451, 0.44, 50, 100, 1, 23, 5000, 55
0, 24250, 107, 465, 423, 465, 423, 0.44, 50, 100, 1, 22, 5000, 55
0, 24250, 117, 445, 425, 445, 425, 0.44, 50, 100, 1, 22, 5000, 55
0, 24250, 105, 466, 457, 466, 457, 0.44, 50, 100, 1, 20, 5000, 55
1, 14442, 99, 253, 254, 253, 254, 0.44, 50, 100, 1, 14, 5000, 55
0, 24250, 110, 458, 447, 458, 447, 0.44, 50, 100, 1, 24, 5000, 55
0, 24250, 103, 448, 429, 448, 429, 0.44, 50, 100, 1, 21, 5000, 55
1, 16586, 90, 291, 292, 291, 292, 0.44, 50, 100, 1, 13, 5000, 55
1, 14307, 115, 250, 251, 250, 251, 0.44, 50, 100, 1, 11, 5000, 55
1, 9251, 108, 163, 164, 163, 164, 0.44, 50, 100, 1, 6, 5000, 55
0, 24250, 98, 451, 429, 451, 429, 0.44, 50, 100, 1, 24, 5000, 55
1, 15455, 104, 260, 261, 260, 261, 0.44, 50, 100, 1, 12, 5000, 55
0, 24250, 113, 451, 439, 451, 439, 0.44, 50, 100, 1, 21, 5000, 55
1, 18825, 97, 320, 321, 320, 321, 0.44, 50, 100, 1, 16, 5000, 55
1, 9966, 101, 162, 163, 162, 163, 0.44, 50, 100, 1, 6, 5000, 55
0, 24250, 101, 455, 437, 455, 437, 0.44, 50, 100, 1, 26, 5000, 55
0, 24250, 112, 465, 438, 465, 438, 0.44, 50, 100, 1, 26, 5000, 55
1, 18691, 98, 329, 330, 329, 330, 0.44, 50, 100, 1, 18, 5000, 55
1, 12277, 98, 218, 219, 218, 219, 0.44, 50, 100, 1, 9, 5000, 55
0, 24250, 103, 453, 416, 453, 416, 0.44, 50, 100, 1, 21, 5000, 55
1, 9869, 109, 168, 169, 168, 169, 0.44, 50, 100, 1, 6, 5000, 55
1, 12092, 103, 219, 220, 219, 220, 0.44, 50, 100, 1, 8, 5000, 55
0, 24250, 94, 453, 427, 453, 427, 0.44, 50, 100, 1, 20, 5000, 55
1, 10341, 115, 192, 193, 192, 193, 0.44, 50, 100, 1, 6, 5000, 55
1, 9982, 92, 147, 153, 147, 153, 0.44, 50, 100, 1, 6, 5000, 55
0, 24250, 91, 443, 412, 443, 412, 0.44, 50, 100, 1, 20, 5000, 55
1, 9950, 113, 168, 172, 168, 172, 0.44, 50, 100, 1, 6, 5000, 55
0, 24250, 93, 429, 410, 429, 410, 0.44, 50, 100, 1, 21, 5000, 55
1, 21495, 104, 401, 402, 401, 402, 0.44, 50, 100, 1, 20, 5000, 55
0, 24250, 95, 436, 421, 436, 421, 0.44, 50, 100, 1, 22, 5000, 55
1, 18078, 98, 329, 330, 329, 330, 0.44, 50, 100, 1, 16, 5000, 55
0, 24250, 110, 452, 439, 452, 439, 0.44, 50, 100, 1, 22, 5000, 55
0, 24250, 97, 459, 427, 459, 427, 0.44, 50, 100, 1, 21, 5000, 55
1, 10397, 104, 162, 163, 162, 163, 0.44, 50, 100, 1, 7, 5000, 55
1, 16239, 94, 280, 281, 280, 281, 0.44, 50, 100, 1, 17, 5000, 55
1, 15635, 123, 271, 272, 271, 272, 0.44, 50, 100, 1, 11, 5000, 55
0, 24250, 101, 438, 430, 438, 430, 0.44, 50, 100, 1, 23, 5000, 55
0, 24250, 96, 448, 433, 448, 433, 0.44, 50, 100, 1, 26, 5000, 55
1, 18408, 119, 343, 344, 343, 344, 0.44, 50, 100, 1, 16, 5000, 55
0, 24250, 97, 450, 438, 450, 438, 0.44, 50, 100, 1, 22, 5000, 55
0, 24250, 120, 465, 433, 465, 433, 0.44, 50, 100, 1, 22, 5000, 55
1, 11806, 102, 199, 200, 199, 200, 0.44, 50, 100, 1, 8, 5000, 55
0, 24250, 114, 458, 435, 458, 435, 0.44, 50, 100, 1, 24, 5000, 55
0, 24250, 100, 435, 425, 435, 425, 0.44, 50, 100, 1, 23, 5000, 55
0, 24250, 103, 444, 434, 444, 434, 0.44, 50, 100, 1, 22, 5000, 55
1, 11521, 104, 188, 189, 188, 189, 0.44, 50, 100, 1, 8, 5000, 55
0, 24250, 113, 449, 434, 449, 434, 0.44, 50, 100, 1, 26, 5000, 55
0, 24250, 109, 449, 430, 449, 430, 0.44, 50, 100, 1, 23, 5000, 55
1, 12622, 98, 211, 212, 211, 212, 0.44, 50, 100, 1, 12, 5000, 55
0, 24250, 102, 452, 421, 452, 421, 0.44, 50, 100, 1, 24, 5000, 55
0, 24250, 92, 461, 416, 461, 416, 0.44, 50, 100, 1, 24, 5000, 55
0, 24250, 111, 457, 439, 457, 439, 0.44, 50, 100, 1, 23, 5000, 55
0, 27750, 103, 519, 506, 519, 506, 0.44, 50, 100, 1, 26, 5000, 65
1, 10741, 97, 162, 163, 162, 163, 0.44, 50, 100, 1, 8, 5000, 65
0, 27750, 106, 518, 495, 518, 495, 0.44, 50, 100, 1, 31, 5000, 65
0, 27750, 87, 488, 479, 488, 479, 0.44, 50, 100, 1, 28, 5000, 65
0, 27750, 99, 530, 502, 530, 502, 0.44, 50, 100, 1, 28, 5000, 65
1, 16070, 103, 267, 268, 267, 268, 0.44, 50, 100, 1, 16, 5000, 65
0, 27750, 102, 522, 503, 522, 503, 0.44, 50, 100, 1, 29, 5000, 65
1, 9837, 105, 170, 171, 170, 171, 0.44, 50, 100, 1, 6, 5000, 65
0, 27750, 100, 519, 510, 519, 510, 0.44, 50, 100, 1, 25, 5000, 65
0, 27750, 98, 526, 491, 526, 491, 0.44, 50, 100, 1, 35, 5000, 65
0, 27750, 98, 524, 493, 524, 493, 0.44, 50, 100, 1, 27, 5000, 65
0, 27750, 99, 517, 499, 517, 499, 0.44, 50, 100, 1, 26, 5000, 65
1, 9675, 102, 167, 174, 167, 174, 0.44, 50, 100, 1, 6, 5000, 65
0, 27750, 97, 518, 501, 518, 501, 0.44, 50, 100, 1, 32, 5000, 65
0, 27750, 121, 541, 512, 541, 512, 0.44, 50, 100, 1, 26, 5000, 65
1, 10394, 102, 173, 174, 173, 174, 0.44, 50, 100, 1, 7, 5000, 65
0, 27750, 93, 521, 502, 521, 502, 0.44, 50, 100, 1, 28, 5000, 65
1, 16776, 99, 304, 305, 304, 305, 0.44, 50, 100, 1, 13, 5000, 65
0, 27750, 94, 521, 509, 521, 509, 0.44, 50, 100, 1, 24, 5000, 65
1, 10274, 90, 155, 159, 155, 159, 0.44, 50, 100, 1, 7, 5000, 65
1, 20270, 98, 355, 356, 355, 356, 0.44, 50, 100, 1, 16, 5000, 65
0, 27750, 112, 540, 508, 540, 508, 0.44, 50, 100, 1, 32, 5000, 65
1, 10125, 99, 168, 169, 168, 169, 0.44, 50, 100, 1, 9, 5000, 65
0, 27750, 94, 532, 501, 532, 501, 0.44, 50, 100, 1, 32, 5000, 65
1, 24554, 97, 442, 443, 442, 443, 0.44, 50, 100, 1, 25, 5000, 65
1, 14326, 98, 237, 238, 237, 238, 0.44, 50, 100, 1, 11, 5000, 65
0, 27750, 103, 517, 496, 517, 496, 0.44, 50, 100, 1, 27, 5000, 65
0, 27750, 106, 516, 502, 516, 502, 0.44, 50, 100, 1, 27, 5000, 65
1, 21473, 107, 382, 383, 382, 383, 0.44, 50, 100, 1, 20, 5000, 65
1, 10588, 96, 161, 165, 161, 165, 0.44, 50, 100, 1, 7, 5000, 65
0, 27750, 119, 540, 517, 540, 517, 0.44, 50, 100, 1, 24, 5000, 65
1, 10694, 95, 172, 173, 172, 173, 0.44, 50, 100, 1, 7, 5000, 65
1, 23480, 90, 399, 400, 399, 400, 0.44, 50, 100, 1, 22, 5000, 65
0, 27750, 96, 530, 504, 530, 504, 0.44, 50, 100, 1, 26, 5000, 65
0, 27750, 102, 519, 496, 519, 496, 0.44, 50, 100, 1, 26, 5000, 65
0, 27750, 92, 529, 496, 529, 496, 0.44, 50, 100, 1, 24, 5000, 65
0, 27750, 99, 511, 498, 511, 498, 0.44, 50, 100, 1, 24, 5000, 65
1, 26545, 90, 469, 470, 469, 470, 0.44, 50, 100, 1, 23, 5000, 65
1, 10484, 109, 174, 178, 174, 178, 0.44, 50, 100, 1, 7, 5000, 65
1, 18831, 109, 355, 356, 355, 356, 0.44, 50, 100, 1, 15, 5000, 65
0, 27750, 91, 512, 498, 512, 498, 0.44, 50, 100, 1, 24, 5000, 65
1, 10171, 98, 163, 165, 163, 165, 0.44, 50, 100, 1, 9, 5000, 65
0, 27750, 110, 526, 518, 526, 518, 0.44, 50, 100, 1, 27, 5000, 65
1, 10101, 107, 177, 178, 177, 178, 0.44, 50, 100, 1, 6, 5000, 65
0, 27750, 104, 513, 484, 513, 484, 0.44, 50, 100, 1, 24, 5000, 65
0, 27750, 108, 528, 510, 528, 510, 0.44, 50, 100, 1, 26, 5000, 65
1, 14751, 120, 265, 266, 265, 266, 0.44, 50, 100, 1, 13, 5000, 65
1, 13002, 99, 223, 224, 223, 224, 0.44, 50, 100, 1, 10, 5000, 65
0, 27750, 96, 512, 491, 512, 491, 0.44, 50, 100, 1, 27, 5000, 65
1, 10261, 105, 174, 175, 174, 175, 0.44, 50, 100, 1, 9, 5000, 65
1, 26422, 103, 473, 474, 473, 474, 0.44, 50, 100, 1, 24, 5000, 65
0, 27750, 111, 534, 505, 534, 505, 0.44, 50, 100, 1, 28, 5000, 65
1, 12653, 93, 188, 189, 188, 189, 0.44, 50, 100, 1, 10, 5000, 65
0, 27750, 96, 523, 510, 523, 510, 0.44, 50, 100, 1, 31, 5000, 65
0, 27750, 109, 536, 516, 536, 516, 0.44, 50, 100, 1, 27, 5000, 65
0, 27750, 96, 519, 497, 519, 497, 0.44, 50, 100, 1, 32, 5000, 65
0, 27750, 82, 493, 479, 493, 479, 0.44, 50, 100, 1, 31, 5000, 65
0, 27750, 103, 526, 507, 526, 507, 0.44, 50, 100, 1, 26, 5000, 65
1, 10513, 115, 180, 181, 180, 181, 0.44, 50, 100, 1, 7, 5000, 65
1, 22991, 107, 415, 416, 415, 416, 0.44, 50, 100, 1, 20, 5000, 65
0, 27750, 92, 507, 481, 507, 481, 0.44, 50, 100, 1, 30, 5000, 65
0, 27750, 94, 536, 525, 536, 525, 0.44, 50, 100, 1, 28, 5000, 65
1, 11254, 111, 203, 204, 203, 204, 0.44, 50, 100, 1, 9, 5000, 65
0, 27750, 96, 516, 508, 516, 508, 0.44, 50, 100, 1, 25, 5000, 65
1, 11035, 109, 174, 177, 174, 177, 0.44, 50, 100, 1, 7, 5000, 65
0, 27750, 103, 505, 493, 505, 493, 0.44, 50, 100, 1, 24, 5000, 65
0, 27750, 92, 503, 490, 503, 490, 0.44, 50, 100, 1, 26, 5000, 65
0, 27750, 113, 539, 529, 539, 529, 0.44, 50, 100, 1, 26, 5000, 65
1, 10073, 106, 171, 173, 171, 173, 0.44, 50, 100, 1, 7, 5000, 65
1, 10987, 87, 170, 171, 170, 171, 0.44, 50, 100, 1, 7, 5000, 65
0, 27750, 101, 520, 496, 520, 496, 0.44, 50, 100, 1, 24, 5000, 65
0, 27750, 116, 523, 509, 523, 509, 0.44, 50, 100, 1, 24, 5000, 65
1, 14106, 105, 223, 224, 223, 224, 0.44, 50, 100, 1, 10, 5000, 65
1, 21559, 109, 396, 397, 396, 397, 0.44, 50, 100, 1, 18, 5000, 65
0, 27750, 103, 520, 506, 520, 506, 0.44, 50, 100, 1, 24, 5000, 65
1, 10152, 96, 161, 164, 161, 164, 0.44, 50, 100, 1, 6, 5000, 65
0, 27750, 93, 513, 492, 513, 492, 0.44, 50, 100, 1, 30, 5000, 65
1, 14133, 121, 264, 265, 264, 265, 0.44, 50, 100, 1, 12, 5000, 65
0, 27750, 94, 513, 496, 513, 496, 0.44, 50, 100, 1, 29, 5000, 65
0, 27750, 86, 502, 486, 502, 486, 0.44, 50, 100, 1, 30, 5000, 65
1, 16767, 111, 301, 302, 301, 302, 0.44, 50, 100, 1, 14, 5000, 65
1, 11744, 88, 186, 187, 186, 187, 0.44, 50, 100, 1, 11, 5000, 65
0, 27750, 84, 499, 480, 499, 480, 0.44, 50, 100, 1, 27, 5000, 65
1, 11601, 120, 203, 204, 203, 204, 0.44, 50, 100, 1, 8, 5000, 65
0, 27750, 88, 524, 504, 524, 504, 0.44, 50, 100, 1, 24, 5000, 65
1, 10263, 85, 161, 162, 161, 162, 0.44, 50, 100, 1, 7, 5000, 65
1, 10062, 76, 143, 144, 143, 144, 0.44, 50, 100, 1, 7, 5000, 65
0, 27750, 100, 508, 494, 508, 494, 0.44, 50, 100, 1, 25, 5000, 65
0, 27750, 87, 507, 506, 507, 506, 0.44, 50, 100, 1, 24, 5000, 65
0, 27750, 119, 524, 510, 524, 510, 0.44, 50, 100, 1, 24, 5000, 65
0, 27750, 101, 534, 505, 534, 505, 0.44, 50, 100, 1, 25, 5000, 65
0, 27750, 107, 527, 510, 527, 510, 0.44, 50, 100, 1, 28, 5000, 65
0, 27750, 111, 524, 500, 524, 500, 0.44, 50, 100, 1, 28, 5000, 65
0, 27750, 89, 529, 491, 529, 491, 0.44, 50, 100, 1, 31, 5000, 65
0, 27750, 104, 533, 502, 533, 502, 0.44, 50, 100, 1, 28, 5000, 65
0, 27750, 104, 522, 510, 522, 510, 0.44, 50, 100, 1, 30, 5000, 65
0, 27750, 101, 520, 498, 520, 498, 0.44, 50, 100, 1, 29, 5000, 65
0, 27750, 102, 508, 500, 508, 500, 0.44, 50, 100, 1, 27, 5000, 65
1, 26979, 107, 495, 496, 495, 496, 0.44, 50, 100, 1, 25, 5000, 65
0, 27750, 94, 531, 484, 531, 484, 0.44, 50, 100, 1, 26, 5000, 65
1, 23680, 112, 445, 446, 445, 446, 0.44, 50, 100, 1, 20, 5000, 75
0, 31250, 109, 592, 563, 592, 563, 0.44, 50, 100, 1, 29, 5000, 75
1, 15622, 101, 291, 292, 291, 292, 0.44, 50, 100, 1, 12, 5000, 75
0, 31250, 110, 591, 574, 591, 574, 0.44, 50, 100, 1, 29, 5000, 75
0, 31250, 96, 579, 564, 579, 564, 0.44, 50, 100, 1, 28, 5000, 75
1, 19848, 103, 347, 348, 347, 348, 0.44, 50, 100, 1, 16, 5000, 75
0, 31250, 106, 603, 597, 603, 597, 0.44, 50, 100, 1, 28, 5000, 75
1, 11296, 100, 188, 189, 188, 189, 0.44, 50, 100, 1, 7, 5000, 75
0, 31250, 103, 606, 592, 606, 592, 0.44, 50, 100, 1, 28, 5000, 75
1, 11092, 93, 168, 169, 168, 169, 0.44, 50, 100, 1, 7, 5000, 75
0, 31250, 103, 596, 585, 596, 585, 0.44, 50, 100, 1, 28, 5000, 75
1, 10409, 109, 184, 185, 184, 185, 0.44, 50, 100, 1, 7, 5000, 75
0, 31250, 92, 603, 575, 603, 575, 0.44, 50, 100, 1, 29, 5000, 75
0, 31250, 95, 594, 573, 594, 573, 0.44, 50, 100, 1, 29, 5000, 75
1, 11539, 105, 180, 195, 180, 195, 0.44, 50, 100, 1, 8, 5000, 75
0, 31250, 106, 584, 555, 584, 555, 0.44, 50, 100, 1, 28, 5000, 75
1, 27764, 102, 517, 518, 517, 518, 0.44, 50, 100, 1, 24, 5000, 75
1, 11194, 94, 169, 173, 169, 173, 0.44, 50, 100, 1, 7, 5000, 75
0, 31250, 101, 589, 578, 589, 578, 0.44, 50, 100, 1, 28, 5000, 75
0, 31250, 116, 602, 598, 602, 598, 0.44, 50, 100, 1, 28, 5000, 75
1, 23040, 85, 396, 397, 396, 397, 0.44, 50, 100, 1, 20, 5000, 75
0, 31250, 89, 583, 561, 583, 561, 0.44, 50, 100, 1, 28, 5000, 75
1, 20566, 101, 367, 368, 367, 368, 0.44, 50, 100, 1, 17, 5000, 75
0, 31250, 105, 596, 577, 596, 577, 0.44, 50, 100, 1, 28, 5000, 75
0, 31250, 115, 591, 574, 591, 574, 0.44, 50, 100, 1, 37, 5000, 75
0, 31250, 98, 588, 579, 588, 579, 0.44, 50, 100, 1, 36, 5000, 75
1, 15799, 119, 288, 289, 288, 289, 0.44, 50, 100, 1, 13, 5000, 75
0, 31250, 96, 575, 564, 575, 564, 0.44, 50, 100, 1, 37, 5000, 75
0, 31250, 99, 586, 569, 586, 569, 0.44, 50, 100, 1, 29, 5000, 75
0, 31250, 99, 587, 548, 587, 548, 0.44, 50, 100, 1, 36, 5000, 75
0, 31250, 85, 576, 562, 576, 562, 0.44, 50, 100, 1, 30, 5000, 75
0, 31250, 114, 588, 562, 588, 562, 0.44, 50, 100, 1, 33, 5000, 75
1, 23798, 103, 439, 440, 439, 440, 0.44, 50, 100, 1, 20, 5000, 75
0, 31250, 105, 602, 571, 602, 571, 0.44, 50, 100, 1, 28, 5000, 75
0, 31250, 102, 588, 564, 588, 564, 0.44, 50, 100, 1, 35, 5000, 75
0, 31250, 116, 605, 577, 605, 577, 0.44, 50, 100, 1, 29, 5000, 75
0, 31250, 105, 586, 569, 586, 569, 0.44, 50, 100, 1, 31, 5000, 75
1, 13386, 99, 224, 225, 224, 225, 0.44, 50, 100, 1, 14, 5000, 75
0, 31250, 111, 595, 570, 595, 570, 0.44, 50, 100, 1, 33, 5000, 75
1, 24589, 108, 451, 452, 451, 452, 0.44, 50, 100, 1, 28, 5000, 75
1, 18144, 97, 329, 330, 329, 330, 0.44, 50, 100, 1, 16, 5000, 75
0, 31250, 110, 618, 589, 618, 589, 0.44, 50, 100, 1, 29, 5000, 75
0, 31250, 94, 601, 568, 601, 568, 0.44, 50, 100, 1, 38, 5000, 75
1, 21634, 107, 402, 403, 402, 403, 0.44, 50, 100, 1, 19, 5000, 75
1, 22139, 96, 404, 405, 404, 405, 0.44, 50, 100, 1, 20, 5000, 75
0, 31250, 101, 594, 586, 594, 586, 0.44, 50, 100, 1, 36, 5000, 75
0, 31250, 100, 597, 574, 597, 574, 0.44, 50, 100, 1, 35, 5000, 75
0, 31250, 89, 587, 553, 587, 553, 0.44, 50, 100, 1, 30, 5000, 75
1, 18620, 102, 326, 327, 326, 327, 0.44, 50, 100, 1, 16, 5000, 75
0, 31250, 110, 622, 584, 622, 584, 0.44, 50, 100, 1, 34, 5000, 75
0, 31250, 113, 578, 568, 578, 568, 0.44, 50, 100, 1, 30, 5000, 75
1, 16900, 94, 280, 281, 280, 281, 0.44, 50, 100, 1, 16, 5000, 75
0, 31250, 99, 601, 581, 601, 581, 0.44, 50, 100, 1, 37, 5000, 75
0, 31250, 106, 602, 573, 602, 573, 0.44, 50, 100, 1, 33, 5000, 75
0, 31250, 108, 596, 583, 596, 583, 0.44, 50, 100, 1, 34, 5000, 75
1, 28859, 99, 522, 523, 522, 523, 0.44, 50, 100, 1, 29, 5000, 75
0, 31250, 82, 584, 548, 584, 548, 0.44, 50, 100, 1, 30, 5000, 75
0, 31250, 98, 574, 536, 574, 536, 0.44, 50, 100, 1, 36, 5000, 75
0, 31250, 91, 582, 566, 582, 566, 0.44, 50, 100, 1, 28, 5000, 75
1, 16166, 95, 283, 284, 283, 284, 0.44, 50, 100, 1, 13, 5000, 75
0, 31250, 105, 613, 573, 613, 573, 0.44, 50, 100, 1, 28, 5000, 75
0, 31250, 100, 608, 585, 608, 585, 0.44, 50, 100, 1, 29, 5000, 75
1, 11996, 111, 198, 199, 198, 199, 0.44, 50, 100, 1, 11, 5000, 75
1, 25772, 107, 474, 475, 474, 475, 0.44, 50, 100, 1, 29, 5000, 75
1, 14208, 96, 221, 222, 221, 222, 0.44, 50, 100, 1, 13, 5000, 75
0, 31250, 98, 602, 581, 602, 581, 0.44, 50, 100, 1, 31, 5000, 75
1, 28426, 82, 524, 525, 524, 525, 0.44, 50, 100, 1, 28, 5000, 75
1, 18013, 94, 320, 321, 320, 321, 0.44, 50, 100, 1, 17, 5000, 75
0, 31250, 89, 571, 539, 571, 539, 0.44, 50, 100, 1, 28, 5000, 75
0, 31250, 101, 584, 552, 584, 552, 0.44, 50, 100, 1, 31, 5000, 75
1, 24801, 103, 470, 471, 470, 471, 0.44, 50, 100, 1, 22, 5000, 75
1, 14247, 102, 243, 244, 243, 244, 0.44, 50, 100, 1, 12, 5000, 75
1, 15411, 101, 275, 276, 275, 276, 0.44, 50, 100, 1, 14, 5000, 75
0, 31250, 116, 605, 584, 605, 584, 0.44, 50, 100, 1, 29, 5000, 75
0, 31250, 120, 589, 572, 589, 572, 0.44, 50, 100, 1, 31, 5000, 75
0, 31250, 89, 577, 563, 577, 563, 0.44, 50, 100, 1, 29, 5000, 75
1, 26861, 119, 501, 502, 501, 502, 0.44, 50, 100, 1, 25, 5000, 75
1, 14908, 109, 257, 258, 257, 258, 0.44, 50, 100, 1, 12, 5000, 75
1, 12333, 95, 186, 187, 186, 187, 0.44, 50, 100, 1, 10, 5000, 75
0, 31250, 111, 598, 574, 598, 574, 0.44, 50, 100, 1, 31, 5000, 75
0, 31250, 107, 598, 579, 598, 579, 0.44, 50, 100, 1, 31, 5000, 75
0, 31250, 106, 600, 564, 600, 564, 0.44, 50, 100, 1, 30, 5000, 75
1, 12923, 93, 205, 206, 205, 206, 0.44, 50, 100, 1, 11, 5000, 75
1, 17597, 101, 317, 318, 317, 318, 0.44, 50, 100, 1, 17, 5000, 75
1, 17120, 104, 320, 321, 320, 321, 0.44, 50, 100, 1, 13, 5000, 75
1, 10903, 98, 173, 179, 173, 179, 0.44, 50, 100, 1, 7, 5000, 75
0, 31250, 129, 607, 595, 607, 595, 0.44, 50, 100, 1, 34, 5000, 75
0, 31250, 106, 596, 579, 596, 579, 0.44, 50, 100, 1, 30, 5000, 75
1, 10916, 100, 175, 181, 175, 181, 0.44, 50, 100, 1, 7, 5000, 75
0, 31250, 93, 590, 575, 590, 575, 0.44, 50, 100, 1, 35, 5000, 75
0, 31250, 93, 592, 586, 592, 586, 0.44, 50, 100, 1, 29, 5000, 75
1, 21911, 102, 397, 398, 397, 398, 0.44, 50, 100, 1, 19, 5000, 75
0, 31250, 109, 588, 556, 588, 556, 0.44, 50, 100, 1, 31, 5000, 75
1, 10372, 100, 175, 177, 175, 177, 0.44, 50, 100, 1, 7, 5000, 75
1, 23686, 86, 418, 419, 418, 419, 0.44, 50, 100, 1, 21, 5000, 75
1, 30240, 110, 558, 559, 558, 559, 0.44, 50, 100, 1, 27, 5000, 75
0, 31250, 115, 614, 589, 614, 589, 0.44, 50, 100, 1, 39, 5000, 75
1, 27112, 101, 517, 518, 517, 518, 0.44, 50, 100, 1, 34, 5000, 75
1, 19918, 101, 364, 365, 364, 365, 0.44, 50, 100, 1, 17, 5000, 75
1, 11765, 118, 215, 216, 215, 216, 0.44, 50, 100, 1, 8, 5000, 85
1, 25979, 120, 486, 487, 486, 487, 0.44, 50, 100, 1, 23, 5000, 75
1, 11622, 114, 199, 200, 199, 200, 0.44, 50, 100, 1, 8, 5000, 85
1, 14875, 88, 243, 244, 243, 244, 0.44, 50, 100, 1, 11, 5000, 85
1, 12177, 102, 187, 203, 187, 203, 0.44, 50, 100, 1, 9, 5000, 85
0, 34750, 97, 644, 626, 644, 626, 0.44, 50, 100, 1, 33, 5000, 85
1, 11833, 106, 205, 206, 205, 206, 0.44, 50, 100, 1, 8, 5000, 85
1, 13745, 117, 223, 224, 223, 224, 0.44, 50, 100, 1, 10, 5000, 85
0, 34750, 100, 658, 633, 658, 633, 0.44, 50, 100, 1, 30, 5000, 85
1, 11340, 118, 203, 205, 203, 205, 0.44, 50, 100, 1, 9, 5000, 85
1, 22902, 104, 405, 406, 405, 406, 0.44, 50, 100, 1, 21, 5000, 85
0, 34750, 116, 657, 653, 657, 653, 0.44, 50, 100, 1, 31, 5000, 85
0, 34750, 98, 655, 646, 655, 646, 0.44, 50, 100, 1, 36, 5000, 85
1, 23060, 111, 411, 412, 411, 412, 0.44, 50, 100, 1, 23, 5000, 85
1, 16289, 103, 289, 290, 289, 290, 0.44, 50, 100, 1, 12, 5000, 85
1, 13233, 88, 216, 217, 216, 217, 0.44, 50, 100, 1, 9, 5000, 85
0, 34750, 105, 648, 625, 648, 625, 0.44, 50, 100, 1, 31, 5000, 85
0, 34750, 91, 643, 621, 643, 621, 0.44, 50, 100, 1, 36, 5000, 85
1, 29739, 109, 561, 562, 561, 562, 0.44, 50, 100, 1, 27, 5000, 85
0, 34750, 98, 642, 617, 642, 617, 0.44, 50, 100, 1, 35, 5000, 85
1, 13265, 102, 223, 224, 223, 224, 0.44, 50, 100, 1, 9, 5000, 85
0, 34750, 98, 650, 632, 650, 632, 0.44, 50, 100, 1, 33, 5000, 85
0, 34750, 103, 651, 636, 651, 636, 0.44, 50, 100, 1, 31, 5000, 85
1, 13781, 101, 216, 217, 216, 217, 0.44, 50, 100, 1, 11, 5000, 85
1, 11804, 99, 184, 194, 184, 194, 0.44, 50, 100, 1, 8, 5000, 85
0, 34750, 101, 667, 634, 667, 634, 0.44, 50, 100, 1, 32, 5000, 85
0, 34750, 122, 673, 640, 673, 640, 0.44, 50, 100, 1, 32, 5000, 85
1, 11694, 95, 182, 183, 182, 183, 0.44, 50, 100, 1, 8, 5000, 85
0, 34750, 84, 633, 617, 633, 617, 0.44, 50, 100, 1, 38, 5000, 85
1, 27958, 108, 524, 525, 524, 525, 0.44, 50, 100, 1, 25, 5000, 85
1, 24028, 105, 455, 456, 455, 456, 0.44, 50, 100, 1, 26, 5000, 85
1, 24601, 94, 448, 449, 448, 449, 0.44, 50, 100, 1, 23, 5000, 85
0, 34750, 93, 660, 632, 660, 632, 0.44, 50, 100, 1, 33, 5000, 85
0, 34750, 105, 661, 651, 661, 651, 0.44, 50, 100, 1, 33, 5000, 85
0, 34750, 84, 642, 637, 642, 637, 0.44, 50, 100, 1, 32, 5000, 85
0, 34750, 102, 671, 650, 671, 650, 0.44, 50, 100, 1, 35, 5000, 85
0, 34750, 89, 658, 637, 658, 637, 0.44, 50, 100, 1, 39, 5000, 85
0, 34750, 82, 639, 624, 639, 624, 0.44, 50, 100, 1, 32, 5000, 85
1, 23072, 93, 402, 403, 402, 403, 0.44, 50, 100, 1, 22, 5000, 85
0, 34750, 103, 673, 654, 673, 654, 0.44, 50, 100, 1, 40, 5000, 85
1, 19379, 105, 345, 346, 345, 346, 0.44, 50, 100, 1, 17, 5000, 85
1, 25550, 94, 447, 448, 447, 448, 0.44, 50, 100, 1, 28, 5000, 85
0, 34750, 95, 648, 643, 648, 643, 0.44, 50, 100, 1, 39, 5000, 85
1, 26273, 103, 470, 471, 470, 471, 0.44, 50, 100, 1, 28, 5000, 85
1, 17524, 91, 296, 297, 296, 297, 0.44, 50, 100, 1, 14, 5000, 85
0, 34750, 94, 631, 607, 631, 607, 0.44, 50, 100, 1, 39, 5000, 85
0, 34750, 96, 664, 639, 664, 639, 0.44, 50, 100, 1, 34, 5000, 85
1, 11880, 98, 183, 184, 183, 184, 0.44, 50, 100, 1, 9, 5000, 85
0, 34750, 90, 638, 604, 638, 604, 0.44, 50, 100, 1, 33, 5000, 85
1, 26902, 97, 489, 490, 489, 490, 0.44, 50, 100, 1, 30, 5000, 85
0, 34750, 88, 659, 621, 659, 621, 0.44, 50, 100, 1, 36, 5000, 85
1, 12181, 101, 188, 189, 188, 189, 0.44, 50, 100, 1, 8, 5000, 85
0, 34750, 99, 671, 634, 671, 634, 0.44, 50, 100, 1, 35, 5000, 85
0, 34750, 103, 670, 652, 670, 652, 0.44, 50, 100, 1, 32, 5000, 85
0, 34750, 109, 659, 620, 659, 620, 0.44, 50, 100, 1, 36, 5000, 85
0, 34750, 103, 672, 642, 672, 642, 0.44, 50, 100, 1, 42, 5000, 85
1, 26875, 102, 480, 481, 480, 481, 0.44, 50, 100, 1, 31, 5000, 85
1, 19538, 86, 343, 344, 343, 344, 0.44, 50, 100, 1, 18, 5000, 85
0, 34750, 101, 653, 632, 653, 632, 0.44, 50, 100, 1, 40, 5000, 85
0, 34750, 116, 670, 659, 670, 659, 0.44, 50, 100, 1, 32, 5000, 85
1, 12274, 117, 204, 205, 204, 205, 0.44, 50, 100, 1, 10, 5000, 85
0, 34750, 93, 665, 631, 665, 631, 0.44, 50, 100, 1, 37, 5000, 85
1, 12401, 110, 195, 197, 195, 197, 0.44, 50, 100, 1, 9, 5000, 85
1, 31638, 99, 590, 591, 590, 591, 0.44, 50, 100, 1, 33, 5000, 85
0, 34750, 112, 648, 648, 648, 648, 0.44, 50, 100, 1, 40, 5000, 85
1, 10944, 108, 193, 195, 193, 195, 0.44, 50, 100, 1, 8, 5000, 85
0, 34750, 104, 658, 623, 658, 623, 0.44, 50, 100, 1, 32, 5000, 85
0, 34750, 97, 640, 619, 640, 619, 0.44, 50, 100, 1, 31, 5000, 85
0, 34750, 97, 653, 639, 653, 639, 0.44, 50, 100, 1, 32, 5000, 85
0, 34750, 93, 636, 627, 636, 627, 0.44, 50, 100, 1, 34, 5000, 85
1, 12106, 91, 176, 190, 176, 190, 0.44, 50, 100, 1, 8, 5000, 85
0, 34750, 116, 662, 649, 662, 649, 0.44, 50, 100, 1, 32, 5000, 85
0, 34750, 102, 653, 633, 653, 633, 0.44, 50, 100, 1, 32, 5000, 85
0, 34750, 94, 650, 617, 650, 617, 0.44, 50, 100, 1, 32, 5000, 85
0, 34750, 122, 677, 648, 677, 648, 0.44, 50, 100, 1, 31, 5000, 85
0, 34750, 98, 649, 630, 649, 630, 0.44, 50, 100, 1, 38, 5000, 85
1, 26820, 111, 511, 512, 511, 512, 0.44, 50, 100, 1, 25, 5000, 85
1, 23928, 107, 444, 445, 444, 445, 0.44, 50, 100, 1, 20, 5000, 85
0, 34750, 74, 626, 606, 626, 606, 0.44, 50, 100, 1, 39, 5000, 85
1, 34316, 116, 669, 670, 669, 670, 0.44, 50, 100, 1, 31, 5000, 85
1, 21241, 106, 393, 394, 393, 394, 0.44, 50, 100, 1, 18, 5000, 85
0, 34750, 109, 659, 642, 659, 642, 0.44, 50, 100, 1, 31, 5000, 85
0, 34750, 80, 639, 622, 639, 622, 0.44, 50, 100, 1, 35, 5000, 85
0, 34750, 110, 666, 661, 666, 661, 0.44, 50, 100, 1, 31, 5000, 85
0, 34750, 110, 660, 652, 660, 652, 0.44, 50, 100, 1, 40, 5000, 85
0, 34750, 89, 651, 633, 651, 633, 0.44, 50, 100, 1, 32, 5000, 85
1, 33863, 106, 632, 633, 632, 633, 0.44, 50, 100, 1, 41, 5000, 85
0, 34750, 110, 663, 650, 663, 650, 0.44, 50, 100, 1, 34, 5000, 85
1, 12112, 100, 205, 206, 205, 206, 0.44, 50, 100, 1, 9, 5000, 85
0, 34750, 106, 659, 638, 659, 638, 0.44, 50, 100, 1, 37, 5000, 85
0, 34750, 99, 639, 616, 639, 616, 0.44, 50, 100, 1, 36, 5000, 85
0, 34750, 102, 681, 664, 681, 664, 0.44, 50, 100, 1, 35, 5000, 85
1, 12225, 98, 185, 186, 185, 186, 0.44, 50, 100, 1, 9, 5000, 85
0, 34750, 113, 676, 655, 676, 655, 0.44, 50, 100, 1, 34, 5000, 85
1, 12172, 107, 199, 200, 199, 200, 0.44, 50, 100, 1, 8, 5000, 85
0, 34750, 107, 667, 666, 667, 666, 0.44, 50, 100, 1, 35, 5000, 85
0, 34750, 105, 665, 641, 665, 641, 0.44, 50, 100, 1, 37, 5000, 85
1, 10368, 97, 182, 187, 182, 187, 0.44, 50, 100, 1, 7, 5000, 85
1, 17679, 98, 324, 325, 324, 325, 0.44, 50, 100, 1, 14, 5000, 85
0, 34750, 106, 677, 644, 677, 644, 0.44, 50, 100, 1, 32, 5000, 85
0, 34750, 106, 668, 658, 668, 658, 0.44, 50, 100, 1, 32, 5000, 85
1, 13281, 81, 204, 205, 204, 205, 0.44, 50, 100, 1, 13, 5000, 95
1, 14025, 107, 252, 253, 252, 253, 0.44, 50, 100, 1, 10, 5000, 95
0, 38250, 106, 740, 712, 740, 712, 0.44, 50, 100, 1, 37, 5000, 95
1, 18714, 114, 338, 339, 338, 339, 0.44, 50, 100, 1, 19, 5000, 95
0, 38250, 99, 711, 699, 711, 699, 0.44, 50, 100, 1, 39, 5000, 95
0, 38250, 105, 738, 716, 738, 716, 0.44, 50, 100, 1, 35, 5000, 95
0, 38250, 99, 734, 712, 734, 712, 0.44, 50, 100, 1, 35, 5000, 95
0, 38250, 85, 716, 698, 716, 698, 0.44, 50, 100, 1, 35, 5000, 95
1, 22332, 115, 403, 404, 403, 404, 0.44, 50, 100, 1, 20, 5000, 95
1, 19739, 110, 360, 361, 360, 361, 0.44, 50, 100, 1, 17, 5000, 95
1, 15553, 108, 267, 268, 267, 268, 0.44, 50, 100, 1, 12, 5000, 95
0, 38250, 104, 722, 703, 722, 703, 0.44, 50, 100, 1, 37, 5000, 95
1, 11703, 107, 202, 203, 202, 203, 0.44, 50, 100, 1, 8, 5000, 95
1, 23075, 107, 433, 434, 433, 434, 0.44, 50, 100, 1, 19, 5000, 95
0, 38250, 123, 749, 719, 749, 719, 0.44, 50, 100, 1, 38, 5000, 95
1, 13103, 99, 213, 214, 213, 214, 0.44, 50, 100, 1, 11, 5000, 95
1, 12748, 113, 218, 219, 218, 219, 0.44, 50, 100, 1, 9, 5000, 95
0, 38250, 107, 729, 701, 729, 701, 0.44, 50, 100, 1, 38, 5000, 95
1, 11907, 104, 199, 206, 199, 206, 0.44, 50, 100, 1, 8, 5000, 95
0, 38250, 98, 734, 708, 734, 708, 0.44, 50, 100, 1, 37, 5000, 95
1, 22096, 97, 395, 396, 395, 396, 0.44, 50, 100, 1, 19, 5000, 95
0, 38250, 95, 737, 719, 737, 719, 0.44, 50, 100, 1, 39, 5000, 95
0, 38250, 117, 720, 712, 720, 712, 0.44, 50, 100, 1, 36, 5000, 95
1, 16375, 99, 291, 292, 291, 292, 0.44, 50, 100, 1, 13, 5000, 95
1, 32178, 82, 584, 585, 584, 585, 0.44, 50, 100, 1, 40, 5000, 95
0, 38250, 88, 722, 688, 722, 688, 0.44, 50, 100, 1, 36, 5000, 95
1, 11712, 109, 204, 205, 204, 205, 0.44, 50, 100, 1, 8, 5000, 95
0, 38250, 96, 733, 719, 733, 719, 0.44, 50, 100, 1, 42, 5000, 95
1, 13080, 98, 220, 221, 220, 221, 0.44, 50, 100, 1, 10, 5000, 95
0, 38250, 92, 727, 707, 727, 707, 0.44, 50, 100, 1, 37, 5000, 95
0, 38250, 96, 717, 704, 717, 704, 0.44, 50, 100, 1, 35, 5000, 95
0, 38250, 107, 739, 724, 739, 724, 0.44, 50, 100, 1, 35, 5000, 95
0, 38250, 96, 740, 716, 740, 716, 0.44, 50, 100, 1, 37, 5000, 95
1, 31684, 97, 599, 600, 599, 600, 0.44, 50, 100, 1, 28, 5000, 95
0, 38250, 99, 721, 711, 721, 711, 0.44, 50, 100, 1, 35, 5000, 95
0, 38250, 102, 736, 726, 736, 726, 0.44, 50, 100, 1, 36, 5000, 95
1, 29106, 109, 541, 542, 541, 542, 0.44, 50, 100, 1, 26, 5000, 95
0, 38250, 110, 744, 729, 744, 729, 0.44, 50, 100, 1, 36, 5000, 95
1, 21034, 109, 375, 376, 375, 376, 0.44, 50, 100, 1, 20, 5000, 95
0, 38250, 91, 715, 700, 715, 700, 0.44, 50, 100, 1, 35, 5000, 95
1, 12145, 110, 205, 208, 205, 208, 0.44, 50, 100, 1, 9, 5000, 95
1, 31948, 104, 603, 604, 603, 604, 0.44, 50, 100, 1, 29, 5000, 95
1, 18026, 112, 333, 334, 333, 334, 0.44, 50, 100, 1, 18, 5000, 95
1, 12351, 110, 216, 217, 216, 217, 0.44, 50, 100, 1, 10, 5000, 95
0, 38250, 119, 738, 723, 738, 723, 0.44, 50, 100, 1, 37, 5000, 95
1, 12012, 113, 208, 210, 208, 210, 0.44, 50, 100, 1, 8, 5000, 95
1, 33327, 84, 600, 601, 600, 601, 0.44, 50, 100, 1, 34, 5000, 95
1, 11357, 99, 194, 195, 194, 195, 0.44, 50, 100, 1, 7, 5000, 95
1, 27215, 105, 506, 507, 506, 507, 0.44, 50, 100, 1, 23, 5000, 95
0, 38250, 85, 715, 684, 715, 684, 0.44, 50, 100, 1, 35, 5000, 95
1, 36281, 91, 669, 670, 669, 670, 0.44, 50, 100, 1, 38, 5000, 95
1, 12997, 97, 210, 211, 210, 211, 0.44, 50, 100, 1, 9, 5000, 95
1, 22566, 105, 413, 414, 413, 414, 0.44, 50, 100, 1, 19, 5000, 95
1, 12147, 96, 191, 204, 191, 204, 0.44, 50, 100, 1, 8, 5000, 95
0, 38250, 103, 746, 730, 746, 730, 0.44, 50, 100, 1, 35, 5000, 95
0, 38250, 94, 725, 694, 725, 694, 0.44, 50, 100, 1, 35, 5000, 95
1, 27258, 100, 494, 495, 494, 495, 0.44, 50, 100, 1, 25, 5000, 95
0, 38250, 90, 712, 665, 712, 665, 0.44, 50, 100, 1, 34, 5000, 95
1, 26486, 109, 491, 492, 491, 492, 0.44, 50, 100, 1, 25, 5000, 95
1, 20905, 102, 380, 381, 380, 381, 0.44, 50, 100, 1, 20, 5000, 95
0, 38250, 83, 725, 703, 725, 703, 0.44, 50, 100, 1, 36, 5000, 95
1, 22529, 106, 406, 407, 406, 407, 0.44, 50, 100, 1, 20, 5000, 95
1, 27248, 98, 484, 485, 484, 485, 0.44, 50, 100, 1, 27, 5000, 95
1, 37782, 98, 711, 712, 711, 712, 0.44, 50, 100, 1, 38, 5000, 95
1, 12573, 101, 196, 204, 196, 204, 0.44, 50, 100, 1, 9, 5000, 95
1, 37351, 106, 712, 713, 712, 713, 0.44, 50, 100, 1, 39, 5000, 95
1, 14600, 116, 266, 267, 266, 267, 0.44, 50, 100, 1, 12, 5000, 95
0, 38250, 98, 707, 689, 707, 689, 0.44, 50, 100, 1, 41, 5000, 95
0, 38250, 99, 705, 688, 705, 688, 0.44, 50, 100, 1, 38, 5000, 95
0, 38250, 104, 739, 713, 739, 713, 0.44, 50, 100, 1, 38, 5000, 95
1, 37551, 99, 697, 698, 697, 698, 0.44, 50, 100, 1, 39, 5000, 95
1, 20303, 93, 357, 358, 357, 358, 0.44, 50, 100, 1, 20, 5000, 95
1, 29599, 89, 528, 529, 528, 529, 0.44, 50, 100, 1, 32, 5000, 95
1, 12585, 95, 205, 206, 205, 206, 0.44, 50, 100, 1, 9, 5000, 95
1, 23423, 110, 436, 437, 436, 437, 0.44, 50, 100, 1, 26, 5000, 95
1, 21815, 108, 396, 397, 396, 397, 0.44, 50, 100, 1, 19, 5000, 95
0, 38250, 101, 715, 708, 715, 708, 0.44, 50, 100, 1, 34, 5000, 95
0, 38250, 104, 739, 716, 739, 716, 0.44, 50, 100, 1, 34, 5000, 95
1, 22456, 107, 419, 420, 419, 420, 0.44, 50, 100, 1, 20, 5000, 95
0, 38250, 95, 721, 712, 721, 712, 0.44, 50, 100, 1, 34, 5000, 95
1, 22046, 108, 411, 412, 411, 412, 0.44, 50, 100, 1, 19, 5000, 95
0, 38250, 95, 733, 697, 733, 697, 0.44, 50, 100, 1, 43, 5000, 95
1, 22534, 109, 415, 416, 415, 416, 0.44, 50, 100, 1, 21, 5000, 95
0, 38250, 108, 739, 711, 739, 711, 0.44, 50, 100, 1, 40, 5000, 95
1, 35140, 99, 657, 658, 657, 658, 0.44, 50, 100, 1, 36, 5000, 95
1, 26589, 105, 490, 491, 490, 491, 0.44, 50, 100, 1, 26, 5000, 95
1, 26009, 106, 482, 483, 482, 483, 0.44, 50, 100, 1, 23, 5000, 95
1, 12136, 110, 216, 217, 216, 217, 0.44, 50, 100, 1, 8, 5000, 95
1, 12076, 101, 196, 197, 196, 197, 0.44, 50, 100, 1, 8, 5000, 95
0, 38250, 113, 736, 718, 736, 718, 0.44, 50, 100, 1, 37, 5000, 95
1, 19714, 101, 360, 361, 360, 361, 0.44, 50, 100, 1, 22, 5000, 95
0, 38250, 86, 707, 696, 707, 696, 0.44, 50, 100, 1, 42, 5000, 95
1, 24791, 105, 466, 467, 466, 467, 0.44, 50, 100, 1, 22, 5000, 95
0, 38250, 98, 721, 715, 721, 715, 0.44, 50, 100, 1, 35, 5000, 95
1, 33699, 104, 631, 632, 631, 632, 0.44, 50, 100, 1, 30, 5000, 95
1, 13736, 108, 221, 222, 221, 222, 0.44, 50, 100, 1, 10, 5000, 95
0, 38250, 91, 734, 716, 734, 716, 0.44, 50, 100, 1, 35, 5000, 95
0, 38250, 116, 724, 710, 724, 710, 0.44, 50, 100, 1, 43, 5000, 95
1, 22484, 103, 411, 412, 411, 412, 0.44, 50, 100, 1, 20, 5000, 105
0, 38250, 100, 717, 700, 717, 700, 0.44, 50, 100, 1, 43, 5000, 95
0, 38250, 119, 755, 739, 755, 739, 0.44, 50, 100, 1, 39, 5000, 95
1, 18713, 89, 327, 328, 327, 328, 0.44, 50, 100, 1, 16, 5000, 105
1, 19212, 108, 343, 344, 343, 344, 0.44, 50, 100, 1, 16, 5000, 105
0, 41750, 96, 773, 768, 773, 768, 0.44, 50, 100, 1, 44, 5000, 105
1, 13069, 102, 222, 223, 222, 223, 0.44, 50, 100, 1, 10, 5000, 105
0, 41750, 101, 798, 771, 798, 771, 0.44, 50, 100, 1, 41, 5000, 105
1, 41379, 103, 786, 787, 786, 787, 0.44, 50, 100, 1, 39, 5000, 105
1, 31079, 118, 593, 594, 593, 594, 0.44, 50, 100, 1, 29, 5000, 105
0, 41750, 107, 809, 785, 809, 785, 0.44, 50, 100, 1, 39, 5000, 105
1, 15762, 114, 278, 279, 278, 279, 0.44, 50, 100, 1, 12, 5000, 105
1, 19689, 109, 362, 363, 362, 363, 0.44, 50, 100, 1, 21, 5000, 105
0, 41750, 118, 807, 783, 807, 783, 0.44, 50, 100, 1, 39, 5000, 105
1, 12875, 114, 219, 222, 219, 222, 0.44, 50, 100, 1, 9, 5000, 105
1, 41081, 101, 785, 786, 785, 786, 0.44, 50, 100, 1, 40, 5000, 105
1, 27282, 100, 503, 504, 503, 504, 0.44, 50, 100, 1, 30, 5000, 105
0, 41750, 107, 802, 780, 802, 780, 0.44, 50, 100, 1, 45, 5000, 105
1, 11994, 82, 188, 189, 188, 189, 0.44, 50, 100, 1, 8, 5000, 105
1, 20439, 115, 376, 377, 376, 377, 0.44, 50, 100, 1, 18, 5000, 105
1, 29768, 103, 557, 558, 557, 558, 0.44, 50, 100, 1, 27, 5000, 105
0, 41750, 110, 798, 781, 798, 781, 0.44, 50, 100, 1, 44, 5000, 105
1, 32158, 106, 596, 597, 596, 597, 0.44, 50, 100, 1, 29, 5000, 105
1, 19435, 93, 349, 350, 349, 350, 0.44, 50, 100, 1, 18, 5000, 105
1, 14401, 120, 258, 259, 258, 259, 0.44, 50, 100, 1, 11, 5000, 105
0, 41750, 98, 802, 773, 802, 773, 0.44, 50, 100, 1, 40, 5000, 105
1, 14296, 110, 256, 257, 256, 257, 0.44, 50, 100, 1, 12, 5000, 105
0, 41750, 96, 793, 781, 793, 781, 0.44, 50, 100, 1, 42, 5000, 105
0, 41750, 111, 828, 813, 828, 813, 0.44, 50, 100, 1, 39, 5000, 105
1, 18896, 96, 326, 327, 326, 327, 0.44, 50, 100, 1, 17, 5000, 105
0, 41750, 109, 803, 793, 803, 793, 0.44, 50, 100, 1, 39, 5000, 105
1, 12884, 96, 201, 205, 201, 205, 0.44, 50, 100, 1, 9, 5000, 105
1, 17135, 105, 307, 308, 307, 308, 0.44, 50, 100, 1, 14, 5000, 105
1, 13963, 108, 244, 245, 244, 245, 0.44, 50, 100, 1, 11, 5000, 105
1, 12913, 76, 181, 182, 181, 182, 0.44, 50, 100, 1, 11, 5000, 105
0, 41750, 90, 771, 760, 771, 760, 0.44, 50, 100, 1, 41, 5000, 105
0, 41750, 91, 795, 771, 795, 771, 0.44, 50, 100, 1, 40, 5000, 105
1, 18155, 111, 329, 330, 329, 330, 0.44, 50, 100, 1, 18, 5000, 105
1, 18843, 100, 337, 338, 337, 338, 0.44, 50, 100, 1, 15, 5000, 105
1, 25697, 96, 467, 468, 467, 468, 0.44, 50, 100, 1, 23, 5000, 105
0, 41750, 106, 789, 761, 789, 761, 0.44, 50, 100, 1, 38, 5000, 105
1, 22779, 106, 418, 419, 418, 419, 0.44, 50, 100, 1, 19, 5000, 105
0, 41750, 103, 800, 791, 800, 791, 0.44, 50, 100, 1, 43, 5000, 105
1, 23863, 98, 433, 434, 433, 434, 0.44, 50, 100, 1, 25, 5000, 105
1, 30088, 100, 550, 551, 550, 551, 0.44, 50, 100, 1, 30, 5000, 105
0, 41750, 108, 804, 790, 804, 790, 0.44, 50, 100, 1, 47, 5000, 105
1, 23930, 115, 451, 452, 451, 452, 0.44, 50, 100, 1, 22, 5000, 105
1, 24276, 86, 427, 428, 427, 428, 0.44, 50, 100, 1, 21, 5000, 105
0, 41750, 115, 814, 793, 814, 793, 0.44, 50, 100, 1, 42, 5000, 105
1, 12596, 102, 209, 210, 209, 210, 0.44, 50, 100, 1, 9, 5000, 105
1, 25621, 102, 473, 474, 473, 474, 0.44, 50, 100, 1, 24, 5000, 105
0, 41750, 99, 810, 781, 810, 781, 0.44, 50, 100, 1, 41, 5000, 105
0, 41750, 96, 788, 765, 788, 765, 0.44, 50, 100, 1, 47, 5000, 105
1, 12553, 108, 213, 219, 213, 219, 0.44, 50, 100, 1, 9, 5000, 105
1, 12609, 107, 226, 227, 226, 227, 0.44, 50, 100, 1, 9, 5000, 105
1, 38943, 117, 742, 743, 742, 743, 0.44, 50, 100, 1, 38, 5000, 105
0, 41750, 97, 795, 778, 795, 778, 0.44, 50, 100, 1, 43, 5000, 105
1, 14149, 92, 210, 211, 210, 211, 0.44, 50, 100, 1, 10, 5000, 105
1, 26306, 90, 470, 471, 470, 471, 0.44, 50, 100, 1, 24, 5000, 105
1, 12486, 101, 206, 211, 206, 211, 0.44, 50, 100, 1, 8, 5000, 105
0, 41750, 96, 811, 788, 811, 788, 0.44, 50, 100, 1, 45, 5000, 105
1, 27810, 94, 485, 486, 485, 486, 0.44, 50, 100, 1, 30, 5000, 105
0, 41750, 97, 778, 766, 778, 766, 0.44, 50, 100, 1, 46, 5000, 105
0, 41750, 96, 807, 787, 807, 787, 0.44, 50, 100, 1, 48, 5000, 105
1, 39044, 107, 755, 756, 755, 756, 0.44, 50, 100, 1, 37, 5000, 105
1, 20212, 101, 368, 369, 368, 369, 0.44, 50, 100, 1, 22, 5000, 105
1, 35446, 106, 667, 668, 667, 668, 0.44, 50, 100, 1, 35, 5000, 105
0, 41750, 92, 769, 740, 769, 740, 0.44, 50, 100, 1, 39, 5000, 105
1, 18555, 95, 330, 331, 330, 331, 0.44, 50, 100, 1, 15, 5000, 105
1, 34521, 112, 644, 645, 644, 645, 0.44, 50, 100, 1, 40, 5000, 105
1, 37317, 101, 717, 718, 717, 718, 0.44, 50, 100, 1, 35, 5000, 105
1, 16018, 82, 264, 265, 264, 265, 0.44, 50, 100, 1, 18, 5000, 105
1, 12452, 103, 224, 225, 224, 225, 0.44, 50, 100, 1, 9, 5000, 105
1, 41541, 116, 781, 782, 781, 782, 0.44, 50, 100, 1, 49, 5000, 105
0, 41750, 108, 813, 790, 813, 790, 0.44, 50, 100, 1, 44, 5000, 105
0, 41750, 116, 811, 782, 811, 782, 0.44, 50, 100, 1, 43, 5000, 105
1, 24017, 111, 429, 430, 429, 430, 0.44, 50, 100, 1, 25, 5000, 105
0, 41750, 104, 818, 803, 818, 803, 0.44, 50, 100, 1, 40, 5000, 105
1, 20181, 70, 349, 350, 349, 350, 0.44, 50, 100, 1, 17, 5000, 105
0, 41750, 102, 810, 767, 810, 767, 0.44, 50, 100, 1, 40, 5000, 105
0, 41750, 96, 790, 784, 790, 784, 0.44, 50, 100, 1, 44, 5000, 105
0, 41750, 117, 820, 797, 820, 797, 0.44, 50, 100, 1, 40, 5000, 105
0, 41750, 87, 801, 780, 801, 780, 0.44, 50, 100, 1, 38, 5000, 105
1, 17001, 91, 293, 294, 293, 294, 0.44, 50, 100, 1, 14, 5000, 105
1, 24563, 106, 453, 454, 453, 454, 0.44, 50, 100, 1, 21, 5000, 105
0, 41750, 97, 790, 776, 790, 776, 0.44, 50, 100, 1, 42, 5000, 105
0, 41750, 98, 808, 793, 808, 793, 0.44, 50, 100, 1, 53, 5000, 105
1, 35908, 90, 666, 667, 666, 667, 0.44, 50, 100, 1, 36, 5000, 105
0, 41750, 108, 789, 778, 789, 778, 0.44, 50, 100, 1, 44, 5000, 105
0, 41750, 102, 804, 781, 804, 781, 0.44, 50, 100, 1, 50, 5000, 105
0, 41750, 102, 813, 793, 813, 793, 0.44, 50, 100, 1, 42, 5000, 105
1, 24132, 95, 426, 427, 426, 427, 0.44, 50, 100, 1, 21, 5000, 105
0, 41750, 100, 795, 781, 795, 781, 0.44, 50, 100, 1, 47, 5000, 105
1, 23097, 104, 430, 431, 430, 431, 0.44, 50, 100, 1, 21, 5000, 105
1, 35897, 107, 687, 688, 687, 688, 0.44, 50, 100, 1, 41, 5000, 105
0, 41750, 107, 812, 792, 812, 792, 0.44, 50, 100, 1, 50, 5000, 105
0, 41750, 111, 814, 778, 814, 778, 0.44, 50, 100, 1, 41, 5000, 105
0, 41750, 116, 799, 788, 799, 788, 0.44, 50, 100, 1, 47, 5000, 105
1, 33796, 94, 635, 636, 635, 636, 0.44, 50, 100, 1, 33, 5000, 105
0, 41750, 92, 800, 788, 800, 788, 0.44, 50, 100, 1, 40, 5000, 105
1, 23628, 98, 422, 423, 422, 423, 0.44, 50, 100, 1, 22, 5000, 150
1, 22209, 98, 406, 407, 406, 407, 0.44, 50, 100, 1, 19, 5000, 150
0, 41750, 101, 802, 785, 802, 785, 0.44, 50, 100, 1, 51, 5000, 105
1, 20711, 107, 382, 383, 382, 383, 0.44, 50, 100, 1, 17, 5000, 150
0, 41750, 109, 813, 784, 813, 784, 0.44, 50, 100, 1, 51, 5000, 105
0, 57500, 109, 1124, 1103, 1124, 1103, 0.44, 50, 100, 1, 58, 5000, 150
1, 26494, 104, 485, 486, 485, 486, 0.44, 50, 100, 1, 25, 5000, 150
1, 20252, 105, 358, 359, 358, 359, 0.44, 50, 100, 1, 20, 5000, 150
0, 57500, 92, 1080, 1066, 1080, 1066, 0.44, 50, 100, 1, 59, 5000, 150
1, 21782, 89, 377, 378, 377, 378, 0.44, 50, 100, 1, 19, 5000, 150
0, 57500, 90, 1117, 1103, 1117, 1103, 0.44, 50, 100, 1, 57, 5000, 150
1, 50892, 102, 972, 973, 972, 973, 0.44, 50, 100, 1, 49, 5000, 150
1, 15273, 110, 272, 273, 272, 273, 0.44, 50, 100, 1, 12, 5000, 150
1, 41493, 101, 767, 768, 767, 768, 0.44, 50, 100, 1, 46, 5000, 150
1, 24650, 95, 438, 439, 438, 439, 0.44, 50, 100, 1, 22, 5000, 150
1, 53562, 112, 1036, 1037, 1036, 1037, 0.44, 50, 100, 1, 54, 5000, 150
1, 27993, 126, 555, 556, 555, 556, 0.44, 50, 100, 1, 24, 5000, 150
1, 36574, 98, 698, 699, 698, 699, 0.44, 50, 100, 1, 34, 5000, 150
1, 22508, 99, 403, 404, 403, 404, 0.44, 50, 100, 1, 19, 5000, 150
0, 57500, 104, 1097, 1089, 1097, 1089, 0.44, 50, 100, 1, 58, 5000, 150
1, 52447, 96, 1014, 1015, 1014, 1015, 0.44, 50, 100, 1, 68, 5000, 150
1, 17218, 102, 300, 301, 300, 301, 0.44, 50, 100, 1, 14, 5000, 150
0, 57500, 111, 1119, 1097, 1119, 1097, 0.44, 50, 100, 1, 71, 5000, 150
1, 32817, 110, 602, 603, 602, 603, 0.44, 50, 100, 1, 41, 5000, 150
0, 57500, 103, 1116, 1103, 1116, 1103, 0.44, 50, 100, 1, 66, 5000, 150
1, 14575, 104, 254, 257, 254, 257, 0.44, 50, 100, 1, 16, 5000, 150
0, 57500, 102, 1108, 1085, 1108, 1085, 0.44, 50, 100, 1, 60, 5000, 150
1, 51646, 93, 998, 999, 998, 999, 0.44, 50, 100, 1, 56, 5000, 150
0, 57500, 86, 1085, 1072, 1085, 1072, 0.44, 50, 100, 1, 63, 5000, 150
1, 24974, 97, 469, 470, 469, 470, 0.44, 50, 100, 1, 24, 5000, 150
1, 22146, 107, 393, 394, 393, 394, 0.44, 50, 100, 1, 23, 5000, 150
0, 57500, 110, 1115, 1101, 1115, 1101, 0.44, 50, 100, 1, 65, 5000, 150
1, 33468, 100, 626, 627, 626, 627, 0.44, 50, 100, 1, 34, 5000, 150
0, 57500, 93, 1106, 1090, 1106, 1090, 0.44, 50, 100, 1, 71, 5000, 150
1, 20058, 108, 362, 363, 362, 363, 0.44, 50, 100, 1, 18, 5000, 150
1, 29373, 103, 563, 564, 563, 564, 0.44, 50, 100, 1, 35, 5000, 150
0, 57500, 107, 1112, 1093, 1112, 1093, 0.44, 50, 100, 1, 76, 5000, 150
1, 30237, 106, 569, 570, 569, 570, 0.44, 50, 100, 1, 31, 5000, 150
1, 34010, 90, 639, 640, 639, 640, 0.44, 50, 100, 1, 39, 5000, 150
0, 57500, 95, 1114, 1088, 1114, 1088, 0.44, 50, 100, 1, 69, 5000, 150
1, 31519, 105, 591, 592, 591, 592, 0.44, 50, 100, 1, 32, 5000, 150
1, 27382, 114, 523, 524, 523, 524, 0.44, 50, 100, 1, 32, 5000, 150
1, 19463, 101, 358, 359, 358, 359, 0.44, 50, 100, 1, 20, 5000, 150
0, 57500, 94, 1103, 1089, 1103, 1089, 0.44, 50, 100, 1, 76, 5000, 150
1, 15878, 87, 243, 244, 243, 244, 0.44, 50, 100, 1, 18, 5000, 150
1, 17386, 103, 311, 312, 311, 312, 0.44, 50, 100, 1, 17, 5000, 150
0, 57500, 106, 1125, 1120, 1125, 1120, 0.44, 50, 100, 1, 69, 5000, 150
0, 57500, 94, 1112, 1081, 1112, 1081, 0.44, 50, 100, 1, 73, 5000, 150
1, 27017, 101, 499, 500, 499, 500, 0.44, 50, 100, 1, 29, 5000, 150
1, 54236, 102, 1051, 1052, 1051, 1052, 0.44, 50, 100, 1, 66, 5000, 150
0, 57500, 107, 1118, 1095, 1118, 1095, 0.44, 50, 100, 1, 65, 5000, 150
1, 25570, 100, 470, 471, 470, 471, 0.44, 50, 100, 1, 29, 5000, 150
1, 23533, 102, 444, 445, 444, 445, 0.44, 50, 100, 1, 21, 5000, 150
0, 57500, 103, 1106, 1085, 1106, 1085, 0.44, 50, 100, 1, 61, 5000, 150
1, 34569, 97, 644, 645, 644, 645, 0.44, 50, 100, 1, 37, 5000, 150
0, 57500, 98, 1110, 1101, 1110, 1101, 0.44, 50, 100, 1, 74, 5000, 150
1, 41592, 111, 789, 790, 789, 790, 0.44, 50, 100, 1, 50, 5000, 150
0, 57500, 89, 1103, 1085, 1103, 1085, 0.44, 50, 100, 1, 75, 5000, 150
1, 41573, 91, 787, 788, 787, 788, 0.44, 50, 100, 1, 46, 5000, 150
1, 31524, 104, 592, 593, 592, 593, 0.44, 50, 100, 1, 37, 5000, 150
0, 57500, 115, 1109, 1091, 1109, 1091, 0.44, 50, 100, 1, 65, 5000, 150
1, 24439, 110, 451, 452, 451, 452, 0.44, 50, 100, 1, 28, 5000, 150
1, 14911, 107, 257, 267, 257, 267, 0.44, 50, 100, 1, 15, 5000, 150
0, 57500, 106, 1128, 1097, 1128, 1097, 0.44, 50, 100, 1, 75, 5000, 150
0, 57500, 103, 1104, 1067, 1104, 1067, 0.44, 50, 100, 1, 69, 5000, 150
1, 43266, 104, 813, 814, 813, 814, 0.44, 50, 100, 1, 45, 5000, 150
1, 50057, 119, 973, 974, 973, 974, 0.44, 50, 100, 1, 66, 5000, 150
1, 13953, 116, 266, 271, 266, 271, 0.44, 50, 100, 1, 15, 5000, 150
1, 37227, 97, 685, 686, 685, 686, 0.44, 50, 100, 1, 43, 5000, 150
0, 57500, 112, 1105, 1077, 1105, 1077, 0.44, 50, 100, 1, 66, 5000, 150
0, 57500, 112, 1116, 1096, 1116, 1096, 0.44, 50, 100, 1, 71, 5000, 150
1, 38505, 99, 712, 713, 712, 713, 0.44, 50, 100, 1, 49, 5000, 150
1, 16744, 104, 278, 279, 278, 279, 0.44, 50, 100, 1, 16, 5000, 150
1, 24829, 94, 452, 453, 452, 453, 0.44, 50, 100, 1, 25, 5000, 150
0, 57500, 85, 1105, 1082, 1105, 1082, 0.44, 50, 100, 1, 80, 5000, 150
0, 57500, 108, 1123, 1099, 1123, 1099, 0.44, 50, 100, 1, 68, 5000, 150
1, 22904, 110, 414, 415, 414, 415, 0.44, 50, 100, 1, 28, 5000, 150
0, 57500, 117, 1122, 1107, 1122, 1107, 0.44, 50, 100, 1, 72, 5000, 150
0, 57500, 113, 1124, 1109, 1124, 1109, 0.44, 50, 100, 1, 66, 5000, 150
1, 16604, 108, 281, 282, 281, 282, 0.44, 50, 100, 1, 16, 5000, 150
0, 57500, 110, 1121, 1101, 1121, 1101, 0.44, 50, 100, 1, 70, 5000, 150
1, 25434, 97, 456, 457, 456, 457, 0.44, 50, 100, 1, 24, 5000, 150
1, 57102, 94, 1085, 1086, 1085, 1086, 0.44, 50, 100, 1, 66, 5000, 150
1, 20276, 100, 352, 353, 352, 353, 0.44, 50, 100, 1, 19, 5000, 150
1, 15780, 116, 284, 285, 284, 285, 0.44, 50, 100, 1, 18, 5000, 150
1, 53609, 109, 1033, 1034, 1033, 1034, 0.44, 50, 100, 1, 65, 5000, 150
1, 17525, 116, 322, 323, 322, 323, 0.44, 50, 100, 1, 15, 5000, 150
1, 17331, 102, 305, 306, 305, 306, 0.44, 50, 100, 1, 20, 5000, 150
1, 42739, 93, 807, 808, 807, 808, 0.44, 50, 100, 1, 48, 5000, 150
1, 36836, 99, 698, 699, 698, 699, 0.44, 50, 100, 1, 35, 5000, 150
1, 33464, 107, 637, 638, 637, 638, 0.44, 50, 100, 1, 41, 5000, 150
0, 57500, 75, 1086, 1054, 1086, 1054, 0.44, 50, 100, 1, 61, 5000, 150
1, 14508, 107, 257, 266, 257, 266, 0.44, 50, 100, 1, 13, 5000, 150
1, 37852, 92, 695, 696, 695, 696, 0.44, 50, 100, 1, 38, 5000, 150
1, 33427, 97, 611, 612, 611, 612, 0.44, 50, 100, 1, 38, 5000, 150
0, 57500, 114, 1118, 1098, 1118, 1098, 0.44, 50, 100, 1, 62, 5000, 150
1, 47826, 93, 896, 897, 896, 897, 0.44, 50, 100, 1, 52, 5000, 150
0, 57500, 104, 1113, 1099, 1113, 1099, 0.44, 50, 100, 1, 72, 5000, 150
0, 57500, 119, 1117, 1089, 1117, 1089, 0.44, 50, 100, 1, 67, 5000, 150
0, 57500, 103, 1113, 1099, 1113, 1099, 0.44, 50, 100, 1, 64, 5000, 150
0, 57500, 89, 1094, 1077, 1094, 1077, 0.44, 50, 100, 1, 57, 5000, 150
0, 57500, 101, 1109, 1096, 1109, 1096, 0.44, 50, 100, 1, 65, 5000, 150
1, 5790, 89, 94, 98, 94, 98, 0.44, 50, 100, 1, 2, 5000, 5
0, 6750, 98, 129, 121, 129, 121, 0.44, 50, 100, 1, 3, 5000, 5
0, 6750, 94, 118, 110, 118, 110, 0.44, 50, 100, 1, 3, 5000, 5
1, 5375, 93, 98, 100, 98, 100, 0.44, 50, 100, 1, 2, 5000, 5
1, 5443, 103, 108, 109, 108, 109, 0.44, 50, 100, 1, 2, 5000, 5
0, 6750, 119, 136, 135, 136, 135, 0.44, 50, 100, 1, 3, 5000, 5
1, 5854, 113, 118, 122, 118, 122, 0.44, 50, 100, 1, 2, 5000, 5
0, 6750, 96, 121, 114, 121, 114, 0.44, 50, 100, 1, 3, 5000, 5
1, 5544, 88, 93, 95, 93, 95, 0.44, 50, 100, 1, 2, 5000, 5
0, 6750, 106, 130, 120, 130, 120, 0.44, 50, 100, 1, 3, 5000, 5
1, 5443, 96, 101, 102, 101, 102, 0.44, 50, 100, 1, 2, 5000, 5
1, 5489, 89, 94, 95, 94, 95, 0.44, 50, 100, 1, 2, 5000, 5
1, 5544, 97, 102, 103, 102, 103, 0.44, 50, 100, 1, 2, 5000, 5
0, 6750, 86, 113, 101, 113, 101, 0.44, 50, 100, 1, 3, 5000, 5
1, 5369, 103, 108, 110, 108, 110, 0.44, 50, 100, 1, 2, 5000, 5
0, 6750, 87, 107, 100, 107, 100, 0.44, 50, 100, 1, 3, 5000, 5
1, 5767, 111, 116, 118, 116, 118, 0.44, 50, 100, 1, 2, 5000, 5
0, 6750, 91, 111, 102, 111, 102, 0.44, 50, 100, 1, 3, 5000, 5
0, 6750, 113, 138, 129, 138, 129, 0.44, 50, 100, 1, 3, 5000, 5
1, 5370, 110, 115, 117, 115, 117, 0.44, 50, 100, 1, 2, 5000, 5
1, 6281, 93, 111, 112, 111, 112, 0.44, 50, 100, 1, 3, 5000, 5
0, 6750, 104, 129, 113, 129, 113, 0.44, 50, 100, 1, 3, 5000, 5
1, 5707, 96, 101, 106, 101, 106, 0.44, 50, 100, 1, 2, 5000, 5
0, 6750, 105, 128, 124, 128, 124, 0.44, 50, 100, 1, 3, 5000, 5
1, 5408, 107, 112, 114, 112, 114, 0.44, 50, 100, 1, 2, 5000, 5
0, 6750, 88, 108, 100, 108, 100, 0.44, 50, 100, 1, 3, 5000, 5
1, 5694, 105, 110, 111, 110, 111, 0.44, 50, 100, 1, 2, 5000, 5
1, 6040, 93, 98, 99, 98, 99, 0.44, 50, 100, 1, 2, 5000, 5
1, 5374, 108, 113, 115, 113, 115, 0.44, 50, 100, 1, 2, 5000, 5
1, 5607, 100, 105, 106, 105, 106, 0.44, 50, 100, 1, 2, 5000, 5
1, 5981, 117, 126, 127, 126, 127, 0.44, 50, 100, 1, 3, 5000, 5
1, 5784, 99, 104, 110, 104, 110, 0.44, 50, 100, 1, 2, 5000, 5
0, 6750, 75, 109, 88, 109, 88, 0.44, 50, 100, 1, 3, 5000, 5
1, 5979, 91, 99, 100, 99, 100, 0.44, 50, 100, 1, 2, 5000, 5
1, 6679, 99, 119, 120, 119, 120, 0.44, 50, 100, 1, 3, 5000, 5
1, 5462, 116, 121, 122, 121, 122, 0.44, 50, 100, 1, 2, 5000, 5
0, 6750, 98, 120, 112, 120, 112, 0.44, 50, 100, 1, 3, 5000, 5
1, 5933, 119, 124, 125, 124, 125, 0.44, 50, 100, 1, 2, 5000, 5
1, 5634, 115, 120, 121, 120, 121, 0.44, 50, 100, 1, 2, 5000, 5
0, 6750, 113, 129, 127, 129, 127, 0.44, 50, 100, 1, 3, 5000, 5
1, 5654, 111, 116, 117, 116, 117, 0.44, 50, 100, 1, 2, 5000, 5
0, 6750, 106, 130, 119, 130, 119, 0.44, 50, 100, 1, 3, 5000, 5
0, 6750, 96, 119, 108, 119, 108, 0.44, 50, 100, 1, 3, 5000, 5
1, 5372, 106, 111, 112, 111, 112, 0.44, 50, 100, 1, 2, 5000, 5
0, 6750, 98, 122, 111, 122, 111, 0.44, 50, 100, 1, 3, 5000, 5
1, 5403, 108, 113, 114, 113, 114, 0.44, 50, 100, 1, 2, 5000, 5
0, 6750, 105, 127, 119, 127, 119, 0.44, 50, 100, 1, 3, 5000, 5
0, 6750, 113, 140, 134, 140, 134, 0.44, 50, 100, 1, 3, 5000, 5
0, 6750, 92, 115, 108, 115, 108, 0.44, 50, 100, 1, 3, 5000, 5
0, 6750, 113, 127, 125, 127, 125, 0.44, 50, 100, 1, 3, 5000, 5
1, 5516, 112, 118, 119, 118, 119, 0.44, 50, 100, 1, 2, 5000, 5
0, 6750, 105, 125, 121, 125, 121, 0.44, 50, 100, 1, 3, 5000, 5
1, 5504, 101, 106, 107, 106, 107, 0.44, 50, 100, 1, 2, 5000, 5
1, 5407, 111, 116, 118, 116, 118, 0.44, 50, 100, 1, 2, 5000, 5
0, 6750, 88, 107, 104, 107, 104, 0.44, 50, 100, 1, 3, 5000, 5
0, 6750, 88, 114, 108, 114, 108, 0.44, 50, 100, 1, 3, 5000, 5
1, 5542, 99, 104, 107, 104, 107, 0.44, 50, 100, 1, 2, 5000, 5
1, 6304, 100, 112, 113, 112, 113, 0.44, 50, 100, 1, 2, 5000, 5
1, 5765, 105, 110, 111, 110, 111, 0.44, 50, 100, 1, 2, 5000, 5
0, 6750, 96, 115, 103, 115, 103, 0.44, 50, 100, 1, 3, 5000, 5
1, 6109, 103, 114, 115, 114, 115, 0.44, 50, 100, 1, 2, 5000, 5
1, 5532, 106, 111, 112, 111, 112, 0.44, 50, 100, 1, 2, 5000, 5
1, 5472, 82, 87, 89, 87, 89, 0.44, 50, 100, 1, 2, 5000, 5
1, 6603, 98, 114, 115, 114, 115, 0.44, 50, 100, 1, 3, 5000, 5
0, 6750, 95, 123, 110, 123, 110, 0.44, 50, 100, 1, 3, 5000, 5
0, 6750, 96, 124, 114, 124, 114, 0.44, 50, 100, 1, 3, 5000, 5
1, 5244, 88, 94, 95, 94, 95, 0.44, 50, 100, 1, 1, 5000, 5
0, 6750, 108, 130, 124, 130, 124, 0.44, 50, 100, 1, 3, 5000, 5
1, 6705, 93, 110, 111, 110, 111, 0.44, 50, 100, 1, 3, 5000, 5
0, 6750, 98, 117, 109, 117, 109, 0.44, 50, 100, 1, 3, 5000, 5
0, 6750, 96, 121, 111, 121, 111, 0.44, 50, 100, 1, 3, 5000, 5
0, 6750, 103, 122, 113, 122, 113, 0.44, 50, 100, 1, 3, 5000, 5
0, 6750, 94, 115, 108, 115, 108, 0.44, 50, 100, 1, 3, 5000, 5
1, 6040, 108, 113, 117, 113, 117, 0.44, 50, 100, 1, 2, 5000, 5
0, 6750, 90, 108, 99, 108, 99, 0.44, 50, 100, 1, 3, 5000, 5
1, 5628, 99, 110, 111, 110, 111, 0.44, 50, 100, 1, 2, 5000, 5
1, 5710, 100, 105, 106, 105, 106, 0.44, 50, 100, 1, 2, 5000, 5
1, 5678, 108, 113, 115, 113, 115, 0.44, 50, 100, 1, 2, 5000, 5
0, 6750, 106, 125, 122, 125, 122, 0.44, 50, 100, 1, 3, 5000, 5
1, 5579, 122, 127, 129, 127, 129, 0.44, 50, 100, 1, 2, 5000, 5
1, 6538, 106, 116, 117, 116, 117, 0.44, 50, 100, 1, 3, 5000, 5
0, 6750, 97, 119, 105, 119, 105, 0.44, 50, 100, 1, 3, 5000, 5
0, 6750, 107, 131, 123, 131, 123, 0.44, 50, 100, 1, 3, 5000, 5
1, 6198, 106, 129, 130, 129, 130, 0.44, 50, 100, 1, 3, 5000, 5
0, 6750, 88, 114, 98, 114, 98, 0.44, 50, 100, 1, 3, 5000, 5
1, 5356, 88, 93, 94, 93, 94, 0.44, 50, 100, 1, 2, 5000, 5
1, 5522, 112, 117, 118, 117, 118, 0.44, 50, 100, 1, 2, 5000, 5
1, 5532, 104, 109, 110, 109, 110, 0.44, 50, 100, 1, 2, 5000, 5
0, 6750, 106, 126, 122, 126, 122, 0.44, 50, 100, 1, 3, 5000, 5
0, 6750, 96, 119, 109, 119, 109, 0.44, 50, 100, 1, 3, 5000, 5
0, 6750, 107, 131, 116, 131, 116, 0.44, 50, 100, 1, 3, 5000, 5
0, 6750, 104, 127, 117, 127, 117, 0.44, 50, 100, 1, 3, 5000, 5
0, 6750, 91, 112, 101, 112, 101, 0.44, 50, 100, 1, 3, 5000, 5
1, 5825, 97, 106, 107, 106, 107, 0.44, 50, 100, 1, 2, 5000, 5
1, 5667, 104, 109, 117, 109, 117, 0.44, 50, 100, 1, 2, 5000, 5
0, 6750, 93, 113, 103, 113, 103, 0.44, 50, 100, 1, 3, 5000, 5
1, 5662, 97, 102, 107, 102, 107, 0.44, 50, 100, 1, 2, 5000, 5
1, 6144, 126, 139, 140, 139, 140, 0.44, 50, 100, 1, 3, 5000, 5
0, 6750, 105, 127, 116, 127, 116, 0.44, 50, 100, 1, 3, 5000, 5
1, 5438, 87, 92, 93, 92, 93, 0.44, 50, 100, 1, 2, 5000, 5
1, 5852, 92, 102, 103, 102, 103, 0.44, 50, 100, 1, 2, 5000, 10
1, 6302, 100, 110, 111, 110, 111, 0.44, 50, 100, 1, 2, 5000, 10
1, 7746, 113, 140, 141, 140, 141, 0.44, 50, 100, 1, 4, 5000, 10
1, 6275, 109, 119, 128, 119, 128, 0.44, 50, 100, 1, 2, 5000, 10
0, 8500, 95, 156, 131, 156, 131, 0.44, 50, 100, 1, 5, 5000, 10
0, 8500, 101, 157, 137, 157, 137, 0.44, 50, 100, 1, 5, 5000, 10
1, 7167, 92, 116, 117, 116, 117, 0.44, 50, 100, 1, 3, 5000, 10
1, 5906, 106, 116, 117, 116, 117, 0.44, 50, 100, 1, 2, 5000, 10
1, 6144, 93, 106, 107, 106, 107, 0.44, 50, 100, 1, 2, 5000, 10
1, 5879, 110, 120, 122, 120, 122, 0.44, 50, 100, 1, 2, 5000, 10
1, 5910, 104, 114, 115, 114, 115, 0.44, 50, 100, 1, 2, 5000, 10
0, 8500, 103, 144, 134, 144, 134, 0.44, 50, 100, 1, 5, 5000, 10
0, 8500, 105, 157, 141, 157, 141, 0.44, 50, 100, 1, 5, 5000, 10
1, 5975, 102, 112, 116, 112, 116, 0.44, 50, 100, 1, 2, 5000, 10
0, 8500, 81, 120, 112, 120, 112, 0.44, 50, 100, 1, 5, 5000, 10
1, 6344, 104, 114, 115, 114, 115, 0.44, 50, 100, 1, 3, 5000, 10
1, 6269, 95, 105, 106, 105, 106, 0.44, 50, 100, 1, 2, 5000, 10
1, 8187, 102, 128, 129, 128, 129, 0.44, 50, 100, 1, 4, 5000, 10
1, 5782, 90, 100, 101, 100, 101, 0.44, 50, 100, 1, 2, 5000, 10
1, 6479, 101, 112, 113, 112, 113, 0.44, 50, 100, 1, 3, 5000, 10
1, 6169, 97, 107, 114, 107, 114, 0.44, 50, 100, 1, 2, 5000, 10
1, 6099, 95, 109, 110, 109, 110, 0.44, 50, 100, 1, 2, 5000, 10
0, 8500, 121, 163, 151, 163, 151, 0.44, 50, 100, 1, 6, 5000, 10
0, 8500, 105, 147, 133, 147, 133, 0.44, 50, 100, 1, 5, 5000, 10
0, 8500, 96, 148, 123, 148, 123, 0.44, 50, 100, 1, 5, 5000, 10
0, 8500, 94, 144, 129, 144, 129, 0.44, 50, 100, 1, 4, 5000, 10
1, 6244, 93, 104, 105, 104, 105, 0.44, 50, 100, 1, 3, 5000, 10
0, 8500, 108, 155, 144, 155, 144, 0.44, 50, 100, 1, 4, 5000, 10
1, 6204, 94, 104, 105, 104, 105, 0.44, 50, 100, 1, 2, 5000, 10
0, 8500, 100, 145, 134, 145, 134, 0.44, 50, 100, 1, 4, 5000, 10
1, 6170, 103, 113, 115, 113, 115, 0.44, 50, 100, 1, 2, 5000, 10
1, 6323, 100, 111, 112, 111, 112, 0.44, 50, 100, 1, 3, 5000, 10
0, 8500, 95, 144, 130, 144, 130, 0.44, 50, 100, 1, 5, 5000, 10
0, 8500, 96, 147, 141, 147, 141, 0.44, 50, 100, 1, 5, 5000, 10
0, 8500, 97, 165, 131, 165, 131, 0.44, 50, 100, 1, 5, 5000, 10
1, 6666, 104, 118, 119, 118, 119, 0.44, 50, 100, 1, 3, 5000, 10
0, 8500, 83, 126, 124, 126, 124, 0.44, 50, 100, 1, 5, 5000, 10
1, 5946, 101, 111, 115, 111, 115, 0.44, 50, 100, 1, 2, 5000, 10
0, 8500, 119, 165, 156, 165, 156, 0.44, 50, 100, 1, 5, 5000, 10
0, 8500, 106, 149, 134, 149, 134, 0.44, 50, 100, 1, 4, 5000, 10
1, 5832, 95, 105, 106, 105, 106, 0.44, 50, 100, 1, 2, 5000, 10
1, 6310, 112, 122, 125, 122, 125, 0.44, 50, 100, 1, 2, 5000, 10
1, 6384, 92, 104, 105, 104, 105, 0.44, 50, 100, 1, 3, 5000, 10
0, 8500, 102, 142, 130, 142, 130, 0.44, 50, 100, 1, 4, 5000, 10
0, 8500, 95, 146, 130, 146, 130, 0.44, 50, 100, 1, 5, 5000, 10
1, 6231, 104, 122, 123, 122, 123, 0.44, 50, 100, 1, 3, 5000, 10
0, 8500, 100, 153, 126, 153, 126, 0.44, 50, 100, 1, 4, 5000, 10
1, 6377, 90, 100, 104, 100, 104, 0.44, 50, 100, 1, 3, 5000, 10
1, 6951, 105, 130, 131, 130, 131, 0.44, 50, 100, 1, 3, 5000, 10
1, 7261, 113, 134, 135, 134, 135, 0.44, 50, 100, 1, 3, 5000, 10
1, 6169, 108, 118, 121, 118, 121, 0.44, 50, 100, 1, 3, 5000, 10
1, 6152, 103, 118, 119, 118, 119, 0.44, 50, 100, 1, 2, 5000, 10
1, 5735, 96, 106, 107, 106, 107, 0.44, 50, 100, 1, 2, 5000, 10
0, 8500, 88, 143, 133, 143, 133, 0.44, 50, 100, 1, 5, 5000, 10
0, 8500, 100, 147, 136, 147, 136, 0.44, 50, 100, 1, 5, 5000, 10
1, 6047, 100, 110, 111, 110, 111, 0.44, 50, 100, 1, 2, 5000, 10
0, 8500, 94, 135, 123, 135, 123, 0.44, 50, 100, 1, 4, 5000, 10
0, 8500, 96, 143, 129, 143, 129, 0.44, 50, 100, 1, 4, 5000, 10
0, 8500, 96, 144, 136, 144, 136, 0.44, 50, 100, 1, 4, 5000, 10
1, 6305, 111, 124, 125, 124, 125, 0.44, 50, 100, 1, 3, 5000, 10
0, 8500, 106, 154, 144, 154, 144, 0.44, 50, 100, 1, 5, 5000, 10
0, 8500, 118, 159, 153, 159, 153, 0.44, 50, 100, 1, 4, 5000, 10
1, 5861, 97, 110, 111, 110, 111, 0.44, 50, 100, 1, 2, 5000, 10
1, 6170, 85, 95, 102, 95, 102, 0.44, 50, 100, 1, 2, 5000, 10
0, 8500, 85, 128, 118, 128, 118, 0.44, 50, 100, 1, 4, 5000, 10
1, 6073, 99, 109, 110, 109, 110, 0.44, 50, 100, 1, 2, 5000, 10
0, 8500, 95, 144, 121, 144, 121, 0.44, 50, 100, 1, 5, 5000, 10
0, 8500, 80, 117, 109, 117, 109, 0.44, 50, 100, 1, 4, 5000, 10
1, 6888, 89, 110, 111, 110, 111, 0.44, 50, 100, 1, 3, 5000, 10
1, 5969, 115, 125, 126, 125, 126, 0.44, 50, 100, 1, 2, 5000, 10
1, 7528, 99, 126, 127, 126, 127, 0.44, 50, 100, 1, 4, 5000, 10
0, 8500, 76, 115, 112, 115, 112, 0.44, 50, 100, 1, 5, 5000, 10
1, 6251, 114, 124, 125, 124, 125, 0.44, 50, 100, 1, 3, 5000, 10
0, 8500, 100, 152, 138, 152, 138, 0.44, 50, 100, 1, 5, 5000, 10
1, 6323, 117, 127, 128, 127, 128, 0.44, 50, 100, 1, 3, 5000, 10
0, 8500, 108, 158, 144, 158, 144, 0.44, 50, 100, 1, 5, 5000, 10
1, 6805, 108, 127, 128, 127, 128, 0.44, 50, 100, 1, 3, 5000, 10
1, 6141, 112, 122, 125, 122, 125, 0.44, 50, 100, 1, 2, 5000, 10
0, 8500, 104, 147, 140, 147, 140, 0.44, 50, 100, 1, 5, 5000, 10
0, 8500, 103, 164, 142, 164, 142, 0.44, 50, 100, 1, 5, 5000, 10
1, 5748, 110, 120, 121, 120, 121, 0.44, 50, 100, 1, 2, 5000, 10
0, 8500, 121, 164, 149, 164, 149, 0.44, 50, 100, 1, 5, 5000, 10
0, 8500, 118, 169, 155, 169, 155, 0.44, 50, 100, 1, 5, 5000, 10
1, 6467, 111, 129, 130, 129, 130, 0.44, 50, 100, 1, 3, 5000, 10
1, 6308, 99, 117, 118, 117, 118, 0.44, 50, 100, 1, 2, 5000, 10
0, 8500, 95, 143, 133, 143, 133, 0.44, 50, 100, 1, 5, 5000, 10
0, 8500, 111, 158, 149, 158, 149, 0.44, 50, 100, 1, 5, 5000, 10
0, 8500, 111, 149, 142, 149, 142, 0.44, 50, 100, 1, 5, 5000, 10
0, 8500, 107, 143, 136, 143, 136, 0.44, 50, 100, 1, 5, 5000, 10
0, 8500, 118, 154, 148, 154, 148, 0.44, 50, 100, 1, 5, 5000, 10
0, 8500, 115, 163, 147, 163, 147, 0.44, 50, 100, 1, 5, 5000, 10
1, 6050, 104, 114, 116, 114, 116, 0.44, 50, 100, 1, 2, 5000, 10
0, 8500, 107, 149, 146, 149, 146, 0.44, 50, 100, 1, 5, 5000, 10
0, 8500, 108, 151, 146, 151, 146, 0.44, 50, 100, 1, 5, 5000, 10
1, 5721, 85, 95, 97, 95, 97, 0.44, 50, 100, 1, 2, 5000, 10
1, 5864, 110, 120, 121, 120, 121, 0.44, 50, 100, 1, 2, 5000, 10
1, 7178, 111, 133, 134, 133, 134, 0.44, 50, 100, 1, 3, 5000, 10
0, 8500, 105, 153, 141, 153, 141, 0.44, 50, 100, 1, 6, 5000, 10
0, 8500, 76, 114, 110, 114, 110, 0.44, 50, 100, 1, 4, 5000, 10
0, 8500, 86, 130, 119, 130, 119, 0.44, 50, 100, 1, 5, 5000, 10
1, 6491, 109, 124, 125, 124, 125, 0.44, 50, 100, 1, 3, 5000, 15
1, 8706, 112, 159, 160, 159, 160, 0.44, 50, 100, 1, 5, 5000, 15
1, 6348, 93, 109, 110, 109, 110, 0.44, 50, 100, 1, 3, 5000, 15
1, 6743, 110, 131, 132, 131, 132, 0.44, 50, 100, 1, 3, 5000, 15
1, 6444, 111, 126, 127, 126, 127, 0.44, 50, 100, 1, 3, 5000, 15
1, 6676, 116, 131, 133, 131, 133, 0.44, 50, 100, 1, 3, 5000, 15
0, 10250, 93, 173, 158, 173, 158, 0.44, 50, 100, 1, 6, 5000, 15
1, 6509, 111, 127, 128, 127, 128, 0.44, 50, 100, 1, 3, 5000, 15
0, 10250, 101, 179, 154, 179, 154, 0.44, 50, 100, 1, 6, 5000, 15
0, 10250, 101, 179, 161, 179, 161, 0.44, 50, 100, 1, 6, 5000, 15
0, 10250, 108, 186, 163, 186, 163, 0.44, 50, 100, 1, 6, 5000, 15
0, 10250, 89, 158, 150, 158, 150, 0.44, 50, 100, 1, 6, 5000, 15
0, 10250, 101, 172, 154, 172, 154, 0.44, 50, 100, 1, 6, 5000, 15
0, 10250, 111, 179, 171, 179, 171, 0.44, 50, 100, 1, 7, 5000, 15
1, 6871, 105, 124, 125, 124, 125, 0.44, 50, 100, 1, 3, 5000, 15
0, 10250, 89, 157, 141, 157, 141, 0.44, 50, 100, 1, 6, 5000, 15
1, 6174, 87, 102, 103, 102, 103, 0.44, 50, 100, 1, 2, 5000, 15
0, 10250, 88, 174, 150, 174, 150, 0.44, 50, 100, 1, 6, 5000, 15
0, 10250, 114, 185, 178, 185, 178, 0.44, 50, 100, 1, 6, 5000, 15
1, 6614, 91, 107, 108, 107, 108, 0.44, 50, 100, 1, 3, 5000, 15
0, 10250, 90, 172, 144, 172, 144, 0.44, 50, 100, 1, 6, 5000, 15
0, 10250, 110, 194, 176, 194, 176, 0.44, 50, 100, 1, 6, 5000, 15
0, 10250, 93, 164, 162, 164, 162, 0.44, 50, 100, 1, 6, 5000, 15
0, 10250, 100, 188, 161, 188, 161, 0.44, 50, 100, 1, 6, 5000, 15
0, 10250, 83, 160, 146, 160, 146, 0.44, 50, 100, 1, 6, 5000, 15
1, 9576, 105, 151, 152, 151, 152, 0.44, 50, 100, 1, 6, 5000, 15
0, 10250, 74, 137, 125, 137, 125, 0.44, 50, 100, 1, 6, 5000, 15
1, 6858, 113, 131, 132, 131, 132, 0.44, 50, 100, 1, 3, 5000, 15
0, 10250, 112, 178, 170, 178, 170, 0.44, 50, 100, 1, 6, 5000, 15
0, 10250, 101, 176, 167, 176, 167, 0.44, 50, 100, 1, 6, 5000, 15
1, 8276, 108, 150, 151, 150, 151, 0.44, 50, 100, 1, 4, 5000, 15
1, 6817, 90, 105, 110, 105, 110, 0.44, 50, 100, 1, 3, 5000, 15
1, 6374, 106, 122, 123, 122, 123, 0.44, 50, 100, 1, 3, 5000, 15
0, 10250, 100, 167, 158, 167, 158, 0.44, 50, 100, 1, 6, 5000, 15
0, 10250, 101, 187, 155, 187, 155, 0.44, 50, 100, 1, 6, 5000, 15
0, 10250, 107, 192, 164, 192, 164, 0.44, 50, 100, 1, 6, 5000, 15
1, 6485, 105, 120, 121, 120, 121, 0.44, 50, 100, 1, 3, 5000, 15
1, 8917, 96, 138, 139, 138, 139, 0.44, 50, 100, 1, 5, 5000, 15
1, 6117, 111, 126, 127, 126, 127, 0.44, 50, 100, 1, 2, 5000, 15
0, 10250, 108, 180, 147, 180, 147, 0.44, 50, 100, 1, 6, 5000, 15
0, 10250, 100, 176, 153, 176, 153, 0.44, 50, 100, 1, 6, 5000, 15
1, 9763, 122, 176, 177, 176, 177, 0.44, 50, 100, 1, 6, 5000, 15
0, 10250, 100, 183, 154, 183, 154, 0.44, 50, 100, 1, 6, 5000, 15
1, 7327, 111, 126, 132, 126, 132, 0.44, 50, 100, 1, 3, 5000, 15
0, 10250, 104, 181, 174, 181, 174, 0.44, 50, 100, 1, 6, 5000, 15
0, 10250, 99, 188, 175, 188, 175, 0.44, 50, 100, 1, 6, 5000, 15
0, 10250, 81, 160, 137, 160, 137, 0.44, 50, 100, 1, 6, 5000, 15
0, 10250, 113, 172, 155, 172, 155, 0.44, 50, 100, 1, 6, 5000, 15
0, 10250, 101, 173, 167, 173, 167, 0.44, 50, 100, 1, 6, 5000, 15
0, 10250, 97, 161, 154, 161, 154, 0.44, 50, 100, 1, 6, 5000, 15
0, 10250, 108, 182, 167, 182, 167, 0.44, 50, 100, 1, 6, 5000, 15
0, 10250, 109, 191, 166, 191, 166, 0.44, 50, 100, 1, 6, 5000, 15
0, 10250, 98, 178, 155, 178, 155, 0.44, 50, 100, 1, 6, 5000, 15
1, 9267, 91, 134, 135, 134, 135, 0.44, 50, 100, 1, 5, 5000, 15
0, 10250, 86, 138, 136, 138, 136, 0.44, 50, 100, 1, 6, 5000, 15
1, 6900, 116, 131, 136, 131, 136, 0.44, 50, 100, 1, 3, 5000, 15
1, 6694, 111, 129, 130, 129, 130, 0.44, 50, 100, 1, 3, 5000, 15
1, 6676, 105, 120, 121, 120, 121, 0.44, 50, 100, 1, 3, 5000, 15
1, 6730, 95, 115, 116, 115, 116, 0.44, 50, 100, 1, 3, 5000, 15
1, 6676, 106, 124, 125, 124, 125, 0.44, 50, 100, 1, 3, 5000, 15
0, 10250, 105, 177, 165, 177, 165, 0.44, 50, 100, 1, 6, 5000, 15
1, 6819, 102, 117, 119, 117, 119, 0.44, 50, 100, 1, 3, 5000, 15
0, 10250, 99, 174, 149, 174, 149, 0.44, 50, 100, 1, 6, 5000, 15
0, 10250, 101, 167, 154, 167, 154, 0.44, 50, 100, 1, 6, 5000, 15
1, 6533, 94, 110, 111, 110, 111, 0.44, 50, 100, 1, 3, 5000, 15
1, 6216, 90, 105, 108, 105, 108, 0.44, 50, 100, 1, 2, 5000, 15
0, 10250, 112, 182, 164, 182, 164, 0.44, 50, 100, 1, 6, 5000, 15
1, 6671, 119, 134, 142, 134, 142, 0.44, 50, 100, 1, 3, 5000, 15
1, 8369, 99, 135, 136, 135, 136, 0.44, 50, 100, 1, 4, 5000, 15
0, 10250, 109, 173, 152, 173, 152, 0.44, 50, 100, 1, 7, 5000, 15
0, 10250, 104, 173, 160, 173, 160, 0.44, 50, 100, 1, 7, 5000, 15
0, 10250, 87, 150, 138, 150, 138, 0.44, 50, 100, 1, 6, 5000, 15
1, 6704, 107, 122, 123, 122, 123, 0.44, 50, 100, 1, 3, 5000, 15
0, 10250, 110, 176, 162, 176, 162, 0.44, 50, 100, 1, 6, 5000, 15
1, 8897, 98, 154, 155, 154, 155, 0.44, 50, 100, 1, 5, 5000, 15
0, 10250, 94, 174, 136, 174, 136, 0.44, 50, 100, 1, 6, 5000, 15
0, 10250, 86, 149, 129, 149, 129, 0.44, 50, 100, 1, 6, 5000, 15
0, 10250, 111, 181, 169, 181, 169, 0.44, 50, 100, 1, 7, 5000, 15
0, 10250, 105, 176, 168, 176, 168, 0.44, 50, 100, 1, 6, 5000, 15
0, 10250, 99, 177, 174, 177, 174, 0.44, 50, 100, 1, 6, 5000, 15
1, 6170, 86, 101, 102, 101, 102, 0.44, 50, 100, 1, 2, 5000, 15
0, 10250, 104, 184, 165, 184, 165, 0.44, 50, 100, 1, 6, 5000, 15
0, 10250, 101, 175, 159, 175, 159, 0.44, 50, 100, 1, 6, 5000, 15
0, 10250, 95, 178, 160, 178, 160, 0.44, 50, 100, 1, 6, 5000, 15
1, 6676, 98, 113, 114, 113, 114, 0.44, 50, 100, 1, 3, 5000, 15
0, 10250, 96, 177, 170, 177, 170, 0.44, 50, 100, 1, 6, 5000, 15
1, 6740, 109, 124, 128, 124, 128, 0.44, 50, 100, 1, 3, 5000, 15
1, 6078, 103, 118, 123, 118, 123, 0.44, 50, 100, 1, 2, 5000, 15
0, 10250, 100, 184, 156, 184, 156, 0.44, 50, 100, 1, 6, 5000, 15
0, 10250, 92, 164, 137, 164, 137, 0.44, 50, 100, 1, 6, 5000, 15
0, 10250, 102, 196, 181, 196, 181, 0.44, 50, 100, 1, 6, 5000, 15
0, 10250, 103, 181, 163, 181, 163, 0.44, 50, 100, 1, 6, 5000, 15
0, 10250, 104, 183, 156, 183, 156, 0.44, 50, 100, 1, 6, 5000, 15
1, 6888, 77, 96, 97, 96, 97, 0.44, 50, 100, 1, 3, 5000, 15
0, 10250, 92, 175, 161, 175, 161, 0.44, 50, 100, 1, 6, 5000, 15
0, 10250, 115, 196, 180, 196, 180, 0.44, 50, 100, 1, 6, 5000, 15
0, 10250, 115, 173, 164, 173, 164, 0.44, 50, 100, 1, 6, 5000, 15
1, 6553, 95, 110, 115, 110, 115, 0.44, 50, 100, 1, 3, 5000, 15
1, 6420, 109, 124, 125, 124, 125, 0.44, 50, 100, 1, 3, 5000, 15
0, 10250, 105, 195, 157, 195, 157, 0.44, 50, 100, 1, 6, 5000, 15
1, 8031, 104, 133, 134, 133, 134, 0.44, 50, 100, 1, 4, 5000, 20
0, 12000, 106, 213, 207, 213, 207, 0.44, 50, 100, 1, 8, 5000, 20
0, 12000, 90, 193, 179, 193, 179, 0.44, 50, 100, 1, 8, 5000, 20
0, 12000, 116, 212, 190, 212, 190, 0.44, 50, 100, 1, 8, 5000, 20
0, 12000, 100, 213, 195, 213, 195, 0.44, 50, 100, 1, 8, 5000, 20
1, 6985, 95, 115, 116, 115, 116, 0.44, 50, 100, 1, 3, 5000, 20
0, 12000, 112, 220, 207, 220, 207, 0.44, 50, 100, 1, 8, 5000, 20
1, 7006, 90, 110, 113, 110, 113, 0.44, 50, 100, 1, 3, 5000, 20
0, 12000, 105, 221, 193, 221, 193, 0.44, 50, 100, 1, 8, 5000, 20
0, 12000, 110, 224, 194, 224, 194, 0.44, 50, 100, 1, 8, 5000, 20
0, 12000, 106, 210, 192, 210, 192, 0.44, 50, 100, 1, 8, 5000, 20
1, 6426, 102, 122, 124, 122, 124, 0.44, 50, 100, 1, 3, 5000, 20
0, 12000, 128, 236, 214, 236, 214, 0.44, 50, 100, 1, 8, 5000, 20
1, 7939, 100, 120, 125, 120, 125, 0.44, 50, 100, 1, 4, 5000, 20
1, 7312, 115, 135, 137, 135, 137, 0.44, 50, 100, 1, 3, 5000, 20
0, 12000, 94, 207, 192, 207, 192, 0.44, 50, 100, 1, 8, 5000, 20
0, 12000, 104, 203, 198, 203, 198, 0.44, 50, 100, 1, 8, 5000, 20
0, 12000, 109, 226, 206, 226, 206, 0.44, 50, 100, 1, 8, 5000, 20
0, 12000, 91, 176, 166, 176, 166, 0.44, 50, 100, 1, 8, 5000, 20
0, 12000, 98, 192, 181, 192, 181, 0.44, 50, 100, 1, 8, 5000, 20
0, 12000, 95, 210, 182, 210, 182, 0.44, 50, 100, 1, 8, 5000, 20
0, 12000, 83, 201, 185, 201, 185, 0.44, 50, 100, 1, 8, 5000, 20
0, 12000, 105, 214, 189, 214, 189, 0.44, 50, 100, 1, 8, 5000, 20
0, 12000, 96, 216, 180, 216, 180, 0.44, 50, 100, 1, 8, 5000, 20
1, 6706, 101, 121, 122, 121, 122, 0.44, 50, 100, 1, 3, 5000, 20
0, 12000, 112, 219, 187, 219, 187, 0.44, 50, 100, 1, 8, 5000, 20
1, 8299, 100, 143, 144, 143, 144, 0.44, 50, 100, 1, 5, 5000, 20
1, 6993, 113, 133, 135, 133, 135, 0.44, 50, 100, 1, 3, 5000, 20
1, 7310, 107, 129, 130, 129, 130, 0.44, 50, 100, 1, 3, 5000, 20
1, 11156, 104, 187, 188, 187, 188, 0.44, 50, 100, 1, 7, 5000, 20
1, 8103, 97, 132, 133, 132, 133, 0.44, 50, 100, 1, 4, 5000, 20
1, 6363, 98, 118, 119, 118, 119, 0.44, 50, 100, 1, 3, 5000, 20
0, 12000, 107, 211, 204, 211, 204, 0.44, 50, 100, 1, 8, 5000, 20
1, 7708, 105, 134, 135, 134, 135, 0.44, 50, 100, 1, 4, 5000, 20
1, 9140, 110, 159, 160, 159, 160, 0.44, 50, 100, 1, 5, 5000, 20
1, 6867, 98, 122, 123, 122, 123, 0.44, 50, 100, 1, 3, 5000, 20
0, 12000, 101, 193, 188, 193, 188, 0.44, 50, 100, 1, 8, 5000, 20
0, 12000, 96, 210, 176, 210, 176, 0.44, 50, 100, 1, 8, 5000, 20
1, 8547, 90, 132, 133, 132, 133, 0.44, 50, 100, 1, 4, 5000, 20
1, 7139, 116, 136, 142, 136, 142, 0.44, 50, 100, 1, 3, 5000, 20
1, 7817, 80, 100, 107, 100, 107, 0.44, 50, 100, 1, 4, 5000, 20
0, 12000, 91, 211, 187, 211, 187, 0.44, 50, 100, 1, 8, 5000, 20
0, 12000, 96, 209, 182, 209, 182, 0.44, 50, 100, 1, 8, 5000, 20
0, 12000, 107, 202, 181, 202, 181, 0.44, 50, 100, 1, 7, 5000, 20
0, 12000, 104, 200, 175, 200, 175, 0.44, 50, 100, 1, 8, 5000, 20
0, 12000, 108, 214, 192, 214, 192, 0.44, 50, 100, 1, 8, 5000, 20
1, 11180, 99, 183, 184, 183, 184, 0.44, 50, 100, 1, 7, 5000, 20
1, 7000, 112, 137, 138, 137, 138, 0.44, 50, 100, 1, 3, 5000, 20
0, 12000, 106, 192, 176, 192, 176, 0.44, 50, 100, 1, 8, 5000, 20
1, 6580, 114, 134, 135, 134, 135, 0.44, 50, 100, 1, 3, 5000, 20
0, 12000, 94, 191, 188, 191, 188, 0.44, 50, 100, 1, 8, 5000, 20
1, 7375, 108, 128, 131, 128, 131, 0.44, 50, 100, 1, 3, 5000, 20
1, 7150, 98, 118, 123, 118, 123, 0.44, 50, 100, 1, 3, 5000, 20
1, 7105, 111, 131, 134, 131, 134, 0.44, 50, 100, 1, 3, 5000, 20
0, 12000, 102, 196, 168, 196, 168, 0.44, 50, 100, 1, 9, 5000, 20
1, 6700, 115, 135, 137, 135, 137, 0.44, 50, 100, 1, 3, 5000, 20
1, 7586, 84, 111, 112, 111, 112, 0.44, 50, 100, 1, 4, 5000, 20
0, 12000, 109, 212, 191, 212, 191, 0.44, 50, 100, 1, 8, 5000, 20
1, 9313, 107, 162, 163, 162, 163, 0.44, 50, 100, 1, 5, 5000, 20
1, 7550, 84, 120, 121, 120, 121, 0.44, 50, 100, 1, 4, 5000, 20
0, 12000, 102, 210, 195, 210, 195, 0.44, 50, 100, 1, 8, 5000, 20
1, 6751, 106, 126, 129, 126, 129, 0.44, 50, 100, 1, 3, 5000, 20
0, 12000, 123, 220, 193, 220, 193, 0.44, 50, 100, 1, 8, 5000, 20
1, 7709, 100, 120, 124, 120, 124, 0.44, 50, 100, 1, 4, 5000, 20
0, 12000, 119, 215, 206, 215, 206, 0.44, 50, 100, 1, 8, 5000, 20
0, 12000, 96, 199, 187, 199, 187, 0.44, 50, 100, 1, 8, 5000, 20
1, 11173, 89, 159, 160, 159, 160, 0.44, 50, 100, 1, 7, 5000, 20
0, 12000, 115, 202, 171, 202, 171, 0.44, 50, 100, 1, 8, 5000, 20
1, 7361, 103, 123, 135, 123, 135, 0.44, 50, 100, 1, 3, 5000, 20
0, 12000, 104, 216, 200, 216, 200, 0.44, 50, 100, 1, 8, 5000, 20
1, 6836, 105, 126, 127, 126, 127, 0.44, 50, 100, 1, 3, 5000, 20
0, 12000, 118, 228, 212, 228, 212, 0.44, 50, 100, 1, 8, 5000, 20
1, 8203, 81, 109, 110, 109, 110, 0.44, 50, 100, 1, 4, 5000, 20
1, 10029, 101, 172, 173, 172, 173, 0.44, 50, 100, 1, 6, 5000, 20
1, 6892, 85, 106, 107, 106, 107, 0.44, 50, 100, 1, 3, 5000, 20
0, 12000, 116, 227, 191, 227, 191, 0.44, 50, 100, 1, 8, 5000, 20
0, 12000, 80, 187, 163, 187, 163, 0.44, 50, 100, 1, 8, 5000, 20
0, 12000, 109, 209, 197, 209, 197, 0.44, 50, 100, 1, 8, 5000, 20
0, 12000, 103, 224, 195, 224, 195, 0.44, 50, 100, 1, 8, 5000, 20
0, 12000, 107, 231, 196, 231, 196, 0.44, 50, 100, 1, 8, 5000, 20
0, 12000, 106, 189, 178, 189, 178, 0.44, 50, 100, 1, 8, 5000, 20
1, 6797, 97, 117, 119, 117, 119, 0.44, 50, 100, 1, 3, 5000, 20
1, 7214, 102, 124, 125, 124, 125, 0.44, 50, 100, 1, 3, 5000, 20
0, 12000, 101, 193, 179, 193, 179, 0.44, 50, 100, 1, 8, 5000, 20
1, 8091, 104, 139, 140, 139, 140, 0.44, 50, 100, 1, 4, 5000, 20
1, 7202, 109, 129, 133, 129, 133, 0.44, 50, 100, 1, 3, 5000, 20
0, 12000, 91, 201, 177, 201, 177, 0.44, 50, 100, 1, 8, 5000, 20
0, 12000, 101, 197, 173, 197, 173, 0.44, 50, 100, 1, 8, 5000, 20
1, 7639, 107, 127, 133, 127, 133, 0.44, 50, 100, 1, 4, 5000, 20
0, 12000, 123, 211, 196, 211, 196, 0.44, 50, 100, 1, 8, 5000, 20
1, 7168, 98, 119, 120, 119, 120, 0.44, 50, 100, 1, 3, 5000, 20
0, 12000, 104, 197, 177, 197, 177, 0.44, 50, 100, 1, 8, 5000, 20
1, 6734, 108, 128, 133, 128, 133, 0.44, 50, 100, 1, 3, 5000, 20
1, 7200, 102, 126, 127, 126, 127, 0.44, 50, 100, 1, 4, 5000, 20
0, 12000, 102, 204, 201, 204, 201, 0.44, 50, 100, 1, 8, 5000, 20
0, 12000, 102, 218, 182, 218, 182, 0.44, 50, 100, 1, 8, 5000, 20
0, 12000, 101, 230, 207, 230, 207, 0.44, 50, 100, 1, 8, 5000, 20
1, 7032, 118, 143, 144, 143, 144, 0.44, 50, 100, 1, 4, 5000, 20
0, 12000, 93, 197, 187, 197, 187, 0.44, 50, 100, 1, 8, 5000, 20
0, 12000, 105, 222, 188, 222, 188, 0.44, 50, 100, 1, 8, 5000, 20
0, 13750, 99, 240, 207, 240, 207, 0.44, 50, 100, 1, 10, 5000, 25
0, 13750, 93, 233, 221, 233, 221, 0.44, 50, 100, 1, 10, 5000, 25
0, 13750, 106, 263, 238, 263, 238, 0.44, 50, 100, 1, 10, 5000, 25
1, 7241, 104, 129, 134, 129, 134, 0.44, 50, 100, 1, 4, 5000, 25
0, 13750, 110, 243, 242, 243, 242, 0.44, 50, 100, 1, 11, 5000, 25
1, 7723, 121, 148, 149, 148, 149, 0.44, 50, 100, 1, 4, 5000, 25
1, 10649, 103, 191, 192, 191, 192, 0.44, 50, 100, 1, 7, 5000, 25
0, 13750, 108, 245, 231, 245, 231, 0.44, 50, 100, 1, 10, 5000, 25
0, 13750, 106, 245, 226, 245, 226, 0.44, 50, 100, 1, 10, 5000, 25
1, 7100, 92, 117, 118, 117, 118, 0.44, 50, 100, 1, 3, 5000, 25
0, 13750, 114, 245, 235, 245, 235, 0.44, 50, 100, 1, 10, 5000, 25
1, 9557, 97, 136, 137, 136, 137, 0.44, 50, 100, 1, 6, 5000, 25
1, 7182, 89, 114, 117, 114, 117, 0.44, 50, 100, 1, 3, 5000, 25
1, 6909, 115, 141, 142, 141, 142, 0.44, 50, 100, 1, 3, 5000, 25
0, 13750, 112, 260, 231, 260, 231, 0.44, 50, 100, 1, 10, 5000, 25
0, 13750, 102, 242, 218, 242, 218, 0.44, 50, 100, 1, 10, 5000, 25
1, 7261, 108, 133, 134, 133, 134, 0.44, 50, 100, 1, 4, 5000, 25
0, 13750, 102, 249, 232, 249, 232, 0.44, 50, 100, 1, 10, 5000, 25
0, 13750, 95, 239, 224, 239, 224, 0.44, 50, 100, 1, 10, 5000, 25
1, 11688, 96, 198, 199, 198, 199, 0.44, 50, 100, 1, 8, 5000, 25
1, 9807, 93, 156, 157, 156, 157, 0.44, 50, 100, 1, 6, 5000, 25
0, 13750, 93, 253, 237, 253, 237, 0.44, 50, 100, 1, 10, 5000, 25
1, 6725, 100, 125, 128, 125, 128, 0.44, 50, 100, 1, 3, 5000, 25
0, 13750, 96, 259, 226, 259, 226, 0.44, 50, 100, 1, 10, 5000, 25
0, 13750, 107, 253, 240, 253, 240, 0.44, 50, 100, 1, 10, 5000, 25
1, 7629, 105, 135, 136, 135, 136, 0.44, 50, 100, 1, 4, 5000, 25
0, 13750, 105, 253, 238, 253, 238, 0.44, 50, 100, 1, 10, 5000, 25
0, 13750, 101, 236, 214, 236, 214, 0.44, 50, 100, 1, 10, 5000, 25
0, 13750, 82, 215, 213, 215, 213, 0.44, 50, 100, 1, 10, 5000, 25
1, 7744, 100, 137, 138, 137, 138, 0.44, 50, 100, 1, 4, 5000, 25
0, 13750, 100, 234, 227, 234, 227, 0.44, 50, 100, 1, 11, 5000, 25
0, 13750, 97, 230, 196, 230, 196, 0.44, 50, 100, 1, 10, 5000, 25
1, 8613, 112, 152, 153, 152, 153, 0.44, 50, 100, 1, 5, 5000, 25
0, 13750, 100, 236, 194, 236, 194, 0.44, 50, 100, 1, 10, 5000, 25
1, 9836, 104, 160, 161, 160, 161, 0.44, 50, 100, 1, 6, 5000, 25
1, 7883, 95, 124, 125, 124, 125, 0.44, 50, 100, 1, 4, 5000, 25
0, 13750, 98, 237, 218, 237, 218, 0.44, 50, 100, 1, 10, 5000, 25
1, 9677, 80, 127, 128, 127, 128, 0.44, 50, 100, 1, 6, 5000, 25
1, 7468, 129, 154, 156, 154, 156, 0.44, 50, 100, 1, 4, 5000, 25
0, 13750, 115, 262, 230, 262, 230, 0.44, 50, 100, 1, 11, 5000, 25
0, 13750, 106, 240, 237, 240, 237, 0.44, 50, 100, 1, 10, 5000, 25
0, 13750, 116, 255, 239, 255, 239, 0.44, 50, 100, 1, 10, 5000, 25
1, 12502, 102, 208, 209, 208, 209, 0.44, 50, 100, 1, 10, 5000, 25
0, 13750, 113, 242, 218, 242, 218, 0.44, 50, 100, 1, 11, 5000, 25
0, 13750, 95, 245, 237, 245, 237, 0.44, 50, 100, 1, 10, 5000, 25
0, 13750, 105, 229, 216, 229, 216, 0.44, 50, 100, 1, 10, 5000, 25
0, 13750, 121, 263, 249, 263, 249, 0.44, 50, 100, 1, 10, 5000, 25
0, 13750, 108, 251, 234, 251, 234, 0.44, 50, 100, 1, 10, 5000, 25
1, 7356, 103, 128, 135, 128, 135, 0.44, 50, 100, 1, 4, 5000, 25
0, 13750, 91, 231, 218, 231, 218, 0.44, 50, 100, 1, 11, 5000, 25
1, 8677, 111, 162, 163, 162, 163, 0.44, 50, 100, 1, 5, 5000, 25
0, 13750, 116, 260, 233, 260, 233, 0.44, 50, 100, 1, 10, 5000, 25
1, 7452, 101, 134, 135, 134, 135, 0.44, 50, 100, 1, 4, 5000, 25
0, 13750, 112, 244, 208, 244, 208, 0.44, 50, 100, 1, 10, 5000, 25
0, 13750, 101, 223, 204, 223, 204, 0.44, 50, 100, 1, 9, 5000, 25
1, 7840, 105, 130, 135, 130, 135, 0.44, 50, 100, 1, 4, 5000, 25
0, 13750, 89, 249, 225, 249, 225, 0.44, 50, 100, 1, 10, 5000, 25
0, 13750, 118, 248, 241, 248, 241, 0.44, 50, 100, 1, 10, 5000, 25
1, 8818, 96, 148, 149, 148, 149, 0.44, 50, 100, 1, 6, 5000, 25
1, 7209, 106, 131, 132, 131, 132, 0.44, 50, 100, 1, 3, 5000, 25
1, 12639, 94, 206, 207, 206, 207, 0.44, 50, 100, 1, 9, 5000, 25
1, 8383, 104, 143, 144, 143, 144, 0.44, 50, 100, 1, 4, 5000, 25
1, 6775, 99, 124, 125, 124, 125, 0.44, 50, 100, 1, 3, 5000, 25
1, 13318, 96, 225, 226, 225, 226, 0.44, 50, 100, 1, 9, 5000, 25
1, 8608, 104, 146, 147, 146, 147, 0.44, 50, 100, 1, 5, 5000, 25
0, 13750, 103, 240, 226, 240, 226, 0.44, 50, 100, 1, 9, 5000, 25
0, 13750, 104, 241, 218, 241, 218, 0.44, 50, 100, 1, 10, 5000, 25
1, 10264, 105, 160, 161, 160, 161, 0.44, 50, 100, 1, 6, 5000, 25
1, 7727, 113, 138, 140, 138, 140, 0.44, 50, 100, 1, 4, 5000, 25
1, 6791, 107, 132, 135, 132, 135, 0.44, 50, 100, 1, 3, 5000, 25
1, 7444, 115, 140, 141, 140, 141, 0.44, 50, 100, 1, 4, 5000, 25
1, 7805, 109, 134, 135, 134, 135, 0.44, 50, 100, 1, 4, 5000, 25
0, 13750, 105, 252, 231, 252, 231, 0.44, 50, 100, 1, 10, 5000, 25
1, 7879, 85, 110, 114, 110, 114, 0.44, 50, 100, 1, 4, 5000, 25
0, 13750, 91, 225, 216, 225, 216, 0.44, 50, 100, 1, 10, 5000, 25
0, 13750, 109, 240, 233, 240, 233, 0.44, 50, 100, 1, 10, 5000, 25
0, 13750, 102, 225, 202, 225, 202, 0.44, 50, 100, 1, 10, 5000, 25
0, 13750, 88, 230, 228, 230, 228, 0.44, 50, 100, 1, 10, 5000, 25
0, 13750, 87, 217, 185, 217, 185, 0.44, 50, 100, 1, 10, 5000, 25
0, 13750, 91, 238, 206, 238, 206, 0.44, 50, 100, 1, 10, 5000, 25
1, 7023, 88, 113, 114, 113, 114, 0.44, 50, 100, 1, 3, 5000, 25
0, 13750, 83, 231, 221, 231, 221, 0.44, 50, 100, 1, 10, 5000, 25
1, 8285, 104, 138, 139, 138, 139, 0.44, 50, 100, 1, 6, 5000, 25
0, 13750, 100, 244, 220, 244, 220, 0.44, 50, 100, 1, 10, 5000, 25
0, 13750, 99, 254, 233, 254, 233, 0.44, 50, 100, 1, 10, 5000, 25
0, 13750, 101, 258, 227, 258, 227, 0.44, 50, 100, 1, 10, 5000, 25
0, 13750, 105, 248, 230, 248, 230, 0.44, 50, 100, 1, 10, 5000, 25
0, 13750, 107, 261, 232, 261, 232, 0.44, 50, 100, 1, 10, 5000, 25
0, 13750, 93, 239, 225, 239, 225, 0.44, 50, 100, 1, 10, 5000, 25
1, 10003, 114, 171, 172, 171, 172, 0.44, 50, 100, 1, 6, 5000, 25
0, 13750, 100, 259, 224, 259, 224, 0.44, 50, 100, 1, 10, 5000, 25
0, 13750, 114, 251, 222, 251, 222, 0.44, 50, 100, 1, 10, 5000, 25
1, 7186, 120, 145, 146, 145, 146, 0.44, 50, 100, 1, 3, 5000, 25
0, 13750, 107, 255, 247, 255, 247, 0.44, 50, 100, 1, 10, 5000, 25
1, 7870, 107, 132, 141, 132, 141, 0.44, 50, 100, 1, 4, 5000, 25
1, 7256, 93, 118, 126, 118, 126, 0.44, 50, 100, 1, 3, 5000, 25
1, 6989, 97, 124, 125, 124, 125, 0.44, 50, 100, 1, 3, 5000, 25
1, 7700, 100, 134, 135, 134, 135, 0.44, 50, 100, 1, 4, 5000, 25
0, 13750, 96, 242, 218, 242, 218, 0.44, 50, 100, 1, 9, 5000, 25
1, 7829, 101, 126, 127, 126, 127, 0.44, 50, 100, 1, 4, 5000, 25
0, 15500, 103, 290, 259, 290, 259, 0.44, 50, 100, 1, 11, 5000, 30
0, 15500, 98, 277, 246, 277, 246, 0.44, 50, 100, 1, 12, 5000, 30
0, 15500, 95, 255, 235, 255, 235, 0.44, 50, 100, 1, 12, 5000, 30
1, 7733, 98, 128, 139, 128, 139, 0.44, 50, 100, 1, 4, 5000, 30
1, 14541, 96, 249, 250, 249, 250, 0.44, 50, 100, 1, 10, 5000, 30
1, 8268, 96, 126, 128, 126, 128, 0.44, 50, 100, 1, 4, 5000, 30
1, 8118, 99, 129, 132, 129, 132, 0.44, 50, 100, 1, 4, 5000, 30
0, 15500, 103, 265, 247, 265, 247, 0.44, 50, 100, 1, 11, 5000, 30
1, 8285, 98, 133, 134, 133, 134, 0.44, 50, 100, 1, 4, 5000, 30
0, 15500, 110, 294, 284, 294, 284, 0.44, 50, 100, 1, 12, 5000, 30
0, 15500, 101, 291, 262, 291, 262, 0.44, 50, 100, 1, 12, 5000, 30
0, 15500, 91, 271, 250, 271, 250, 0.44, 50, 100, 1, 11, 5000, 30
0, 15500, 110, 287, 278, 287, 278, 0.44, 50, 100, 1, 12, 5000, 30
0, 15500, 119, 288, 256, 288, 256, 0.44, 50, 100, 1, 13, 5000, 30
0, 15500, 99, 285, 259, 285, 259, 0.44, 50, 100, 1, 12, 5000, 30
0, 15500, 107, 284, 258, 284, 258, 0.44, 50, 100, 1, 13, 5000, 30
1, 7721, 107, 137, 143, 137, 143, 0.44, 50, 100, 1, 4, 5000, 30
1, 14546, 111, 258, 259, 258, 259, 0.44, 50, 100, 1, 12, 5000, 30
0, 15500, 86, 276, 251, 276, 251, 0.44, 50, 100, 1, 12, 5000, 30
0, 15500, 87, 269, 262, 269, 262, 0.44, 50, 100, 1, 12, 5000, 30
1, 9960, 95, 159, 160, 159, 160, 0.44, 50, 100, 1, 6, 5000, 30
1, 15383, 74, 236, 237, 236, 237, 0.44, 50, 100, 1, 11, 5000, 30
1, 7610, 106, 136, 138, 136, 138, 0.44, 50, 100, 1, 4, 5000, 30
0, 15500, 100, 295, 269, 295, 269, 0.44, 50, 100, 1, 11, 5000, 30
1, 8207, 110, 140, 146, 140, 146, 0.44, 50, 100, 1, 4, 5000, 30
1, 11760, 104, 204, 205, 204, 205, 0.44, 50, 100, 1, 8, 5000, 30
0, 15500, 97, 268, 248, 268, 248, 0.44, 50, 100, 1, 11, 5000, 30
1, 8254, 111, 142, 143, 142, 143, 0.44, 50, 100, 1, 4, 5000, 30
0, 15500, 90, 280, 259, 280, 259, 0.44, 50, 100, 1, 11, 5000, 30
0, 15500, 99, 273, 268, 273, 268, 0.44, 50, 100, 1, 11, 5000, 30
1, 7538, 104, 134, 143, 134, 143, 0.44, 50, 100, 1, 4, 5000, 30
0, 15500, 114, 293, 280, 293, 280, 0.44, 50, 100, 1, 11, 5000, 30
0, 15500, 97, 292, 264, 292, 264, 0.44, 50, 100, 1, 11, 5000, 30
1, 7951, 109, 145, 146, 145, 146, 0.44, 50, 100, 1, 4, 5000, 30
0, 15500, 119, 294, 264, 294, 264, 0.44, 50, 100, 1, 11, 5000, 30
0, 15500, 106, 276, 251, 276, 251, 0.44, 50, 100, 1, 12, 5000, 30
1, 9949, 108, 169, 170, 169, 170, 0.44, 50, 100, 1, 6, 5000, 30
0, 15500, 86, 258, 245, 258, 245, 0.44, 50, 100, 1, 11, 5000, 30
1, 7771, 98, 128, 131, 128, 131, 0.44, 50, 100, 1, 4, 5000, 30
1, 13084, 108, 232, 233, 232, 233, 0.44, 50, 100, 1, 9, 5000, 30
1, 7307, 93, 123, 126, 123, 126, 0.44, 50, 100, 1, 4, 5000, 30
1, 7719, 106, 136, 141, 136, 141, 0.44, 50, 100, 1, 4, 5000, 30
1, 7297, 110, 144, 145, 144, 145, 0.44, 50, 100, 1, 4, 5000, 30
0, 15500, 109, 293, 269, 293, 269, 0.44, 50, 100, 1, 11, 5000, 30
1, 7796, 116, 146, 149, 146, 149, 0.44, 50, 100, 1, 4, 5000, 30
1, 7606, 90, 120, 123, 120, 123, 0.44, 50, 100, 1, 4, 5000, 30
0, 15500, 115, 270, 244, 270, 244, 0.44, 50, 100, 1, 11, 5000, 30
0, 15500, 100, 274, 254, 274, 254, 0.44, 50, 100, 1, 12, 5000, 30
0, 15500, 100, 285, 258, 285, 258, 0.44, 50, 100, 1, 11, 5000, 30
1, 8373, 108, 148, 149, 148, 149, 0.44, 50, 100, 1, 4, 5000, 30
0, 15500, 99, 275, 263, 275, 263, 0.44, 50, 100, 1, 11, 5000, 30
1, 7646, 93, 123, 124, 123, 124, 0.44, 50, 100, 1, 4, 5000, 30
0, 15500, 119, 270, 254, 270, 254, 0.44, 50, 100, 1, 11, 5000, 30
0, 15500, 100, 278, 256, 278, 256, 0.44, 50, 100, 1, 11, 5000, 30
0, 15500, 98, 284, 263, 284, 263, 0.44, 50, 100, 1, 11, 5000, 30
0, 15500, 107, 303, 277, 303, 277, 0.44, 50, 100, 1, 12, 5000, 30
1, 12739, 99, 223, 224, 223, 224, 0.44, 50, 100, 1, 9, 5000, 30
1, 9666, 104, 164, 165, 164, 165, 0.44, 50, 100, 1, 6, 5000, 30
1, 13175, 97, 219, 220, 219, 220, 0.44, 50, 100, 1, 9, 5000, 30
0, 15500, 103, 283, 267, 283, 267, 0.44, 50, 100, 1, 12, 5000, 30
1, 12098, 87, 186, 187, 186, 187, 0.44, 50, 100, 1, 8, 5000, 30
0, 15500, 87, 265, 233, 265, 233, 0.44, 50, 100, 1, 12, 5000, 30
1, 8535, 107, 137, 141, 137, 141, 0.44, 50, 100, 1, 5, 5000, 30
0, 15500, 81, 266, 257, 266, 257, 0.44, 50, 100, 1, 11, 5000, 30
1, 7416, 87, 117, 121, 117, 121, 0.44, 50, 100, 1, 4, 5000, 30
0, 15500, 85, 276, 255, 276, 255, 0.44, 50, 100, 1, 12, 5000, 30
1, 11262, 100, 187, 188, 187, 188, 0.44, 50, 100, 1, 7, 5000, 30
1, 13826, 105, 242, 243, 242, 243, 0.44, 50, 100, 1, 10, 5000, 30
1, 7658, 105, 135, 136, 135, 136, 0.44, 50, 100, 1, 4, 5000, 30
0, 15500, 102, 262, 242, 262, 242, 0.44, 50, 100, 1, 11, 5000, 30
0, 15500, 101, 263, 232, 263, 232, 0.44, 50, 100, 1, 11, 5000, 30
1, 10586, 95, 168, 169, 168, 169, 0.44, 50, 100, 1, 7, 5000, 30
0, 15500, 98, 262, 253, 262, 253, 0.44, 50, 100, 1, 11, 5000, 30
1, 7598, 95, 125, 126, 125, 126, 0.44, 50, 100, 1, 4, 5000, 30
1, 10366, 87, 160, 161, 160, 161, 0.44, 50, 100, 1, 7, 5000, 30
0, 15500, 99, 272, 249, 272, 249, 0.44, 50, 100, 1, 12, 5000, 30
1, 6961, 101, 133, 134, 133, 134, 0.44, 50, 100, 1, 3, 5000, 30
0, 15500, 118, 304, 277, 304, 277, 0.44, 50, 100, 1, 12, 5000, 30
0, 15500, 93, 288, 255, 288, 255, 0.44, 50, 100, 1, 11, 5000, 30
0, 15500, 97, 276, 261, 276, 261, 0.44, 50, 100, 1, 11, 5000, 30
0, 15500, 92, 251, 247, 251, 247, 0.44, 50, 100, 1, 11, 5000, 30
0, 15500, 103, 283, 273, 283, 273, 0.44, 50, 100, 1, 12, 5000, 30
0, 15500, 79, 254, 226, 254, 226, 0.44, 50, 100, 1, 12, 5000, 30
1, 11718, 115, 212, 213, 212, 213, 0.44, 50, 100, 1, 11, 5000, 30
0, 15500, 103, 290, 261, 290, 261, 0.44, 50, 100, 1, 16, 5000, 30
1, 7597, 107, 137, 141, 137, 141, 0.44, 50, 100, 1, 4, 5000, 30
0, 15500, 105, 278, 258, 278, 258, 0.44, 50, 100, 1, 12, 5000, 30
1, 7636, 101, 131, 137, 131, 137, 0.44, 50, 100, 1, 4, 5000, 30
0, 15500, 104, 279, 262, 279, 262, 0.44, 50, 100, 1, 12, 5000, 30
0, 15500, 121, 271, 237, 271, 237, 0.44, 50, 100, 1, 11, 5000, 30
1, 8292, 81, 121, 122, 121, 122, 0.44, 50, 100, 1, 5, 5000, 30
0, 15500, 110, 293, 272, 293, 272, 0.44, 50, 100, 1, 12, 5000, 30
0, 15500, 105, 283, 274, 283, 274, 0.44, 50, 100, 1, 12, 5000, 30
1, 13006, 106, 235, 236, 235, 236, 0.44, 50, 100, 1, 9, 5000, 30
0, 15500, 85, 262, 241, 262, 241, 0.44, 50, 100, 1, 12, 5000, 30
1, 9487, 100, 150, 151, 150, 151, 0.44, 50, 100, 1, 5, 5000, 30
0, 15500, 92, 261, 240, 261, 240, 0.44, 50, 100, 1, 12, 5000, 30
0, 15500, 99, 262, 243, 262, 243, 0.44, 50, 100, 1, 11, 5000, 30
0, 15500, 122, 290, 268, 290, 268, 0.44, 50, 100, 1, 11, 5000, 30
0, 15500, 111, 276, 270, 276, 270, 0.44, 50, 100, 1, 11, 5000, 30
1, 11716, 105, 193, 194, 193, 194, 0.44, 50, 100, 1, 8, 5000, 35
1, 7796, 111, 146, 148, 146, 148, 0.44, 50, 100, 1, 4, 5000, 35
0, 17250, 91, 305, 296, 305, 296, 0.44, 50, 100, 1, 13, 5000, 35
1, 7536, 102, 137, 138, 137, 138, 0.44, 50, 100, 1, 4, 5000, 35
0, 17250, 110, 316, 292, 316, 292, 0.44, 50, 100, 1, 13, 5000, 35
0, 17250, 97, 316, 291, 316, 291, 0.44, 50, 100, 1, 14, 5000, 35
1, 7941, 97, 132, 140, 132, 140, 0.44, 50, 100, 1, 5, 5000, 35
0, 17250, 107, 315, 283, 315, 283, 0.44, 50, 100, 1, 14, 5000, 35
0, 17250, 111, 331, 300, 331, 300, 0.44, 50, 100, 1, 14, 5000, 35
1, 11260, 101, 189, 190, 189, 190, 0.44, 50, 100, 1, 7, 5000, 35
1, 8071, 104, 139, 140, 139, 140, 0.44, 50, 100, 1, 5, 5000, 35
1, 10389, 95, 170, 171, 170, 171, 0.44, 50, 100, 1, 6, 5000, 35
1, 7489, 101, 137, 138, 137, 138, 0.44, 50, 100, 1, 4, 5000, 35
0, 17250, 90, 312, 294, 312, 294, 0.44, 50, 100, 1, 13, 5000, 35
1, 7987, 110, 146, 147, 146, 147, 0.44, 50, 100, 1, 4, 5000, 35
0, 17250, 114, 322, 309, 322, 309, 0.44, 50, 100, 1, 13, 5000, 35
0, 17250, 98, 288, 278, 288, 278, 0.44, 50, 100, 1, 13, 5000, 35
0, 17250, 110, 316, 302, 316, 302, 0.44, 50, 100, 1, 13, 5000, 35
1, 9144, 109, 153, 154, 153, 154, 0.44, 50, 100, 1, 5, 5000, 35
1, 13990, 93, 226, 227, 226, 227, 0.44, 50, 100, 1, 13, 5000, 35
0, 17250, 96, 314, 294, 314, 294, 0.44, 50, 100, 1, 13, 5000, 35
0, 17250, 101, 317, 295, 317, 295, 0.44, 50, 100, 1, 15, 5000, 35
0, 17250, 92, 314, 290, 314, 290, 0.44, 50, 100, 1, 16, 5000, 35
1, 7448, 109, 144, 145, 144, 145, 0.44, 50, 100, 1, 4, 5000, 35
0, 17250, 99, 314, 279, 314, 279, 0.44, 50, 100, 1, 13, 5000, 35
0, 17250, 108, 303, 295, 303, 295, 0.44, 50, 100, 1, 14, 5000, 35
0, 17250, 105, 328, 296, 328, 296, 0.44, 50, 100, 1, 14, 5000, 35
1, 8768, 101, 151, 152, 151, 152, 0.44, 50, 100, 1, 5, 5000, 35
1, 16131, 99, 286, 287, 286, 287, 0.44, 50, 100, 1, 12, 5000, 35
0, 17250, 102, 303, 289, 303, 289, 0.44, 50, 100, 1, 13, 5000, 35
1, 8653, 104, 139, 147, 139, 147, 0.44, 50, 100, 1, 5, 5000, 35
0, 17250, 99, 322, 312, 322, 312, 0.44, 50, 100, 1, 14, 5000, 35
1, 7694, 109, 144, 145, 144, 145, 0.44, 50, 100, 1, 5, 5000, 35
0, 17250, 101, 310, 293, 310, 293, 0.44, 50, 100, 1, 14, 5000, 35
1, 7684, 93, 128, 133, 128, 133, 0.44, 50, 100, 1, 4, 5000, 35
0, 17250, 99, 302, 283, 302, 283, 0.44, 50, 100, 1, 13, 5000, 35
1, 17126, 93, 292, 293, 292, 293, 0.44, 50, 100, 1, 14, 5000, 35
1, 17083, 101, 303, 304, 303, 304, 0.44, 50, 100, 1, 16, 5000, 35
0, 17250, 106, 320, 277, 320, 277, 0.44, 50, 100, 1, 14, 5000, 35
0, 17250, 115, 322, 307, 322, 307, 0.44, 50, 100, 1, 19, 5000, 35
1, 14140, 88, 229, 230, 229, 230, 0.44, 50, 100, 1, 13, 5000, 35
0, 17250, 95, 307, 300, 307, 300, 0.44, 50, 100, 1, 14, 5000, 35
1, 8727, 91, 127, 128, 127, 128, 0.44, 50, 100, 1, 5, 5000, 35
0, 17250, 111, 317, 300, 317, 300, 0.44, 50, 100, 1, 14, 5000, 35
1, 16094, 107, 280, 281, 280, 281, 0.44, 50, 100, 1, 12, 5000, 35
1, 7875, 99, 135, 136, 135, 136, 0.44, 50, 100, 1, 4, 5000, 35
0, 17250, 105, 327, 301, 327, 301, 0.44, 50, 100, 1, 13, 5000, 35
1, 7961, 90, 125, 127, 125, 127, 0.44, 50, 100, 1, 4, 5000, 35
0, 17250, 96, 301, 288, 301, 288, 0.44, 50, 100, 1, 13, 5000, 35
0, 17250, 91, 306, 284, 306, 284, 0.44, 50, 100, 1, 13, 5000, 35
1, 11723, 102, 202, 203, 202, 203, 0.44, 50, 100, 1, 7, 5000, 35
1, 8041, 110, 145, 146, 145, 146, 0.44, 50, 100, 1, 4, 5000, 35
0, 17250, 108, 298, 280, 298, 280, 0.44, 50, 100, 1, 13, 5000, 35
1, 12209, 101, 193, 194, 193, 194, 0.44, 50, 100, 1, 8, 5000, 35
0, 17250, 101, 317, 303, 317, 303, 0.44, 50, 100, 1, 13, 5000, 35
0, 17250, 88, 313, 306, 313, 306, 0.44, 50, 100, 1, 13, 5000, 35
1, 8569, 99, 146, 147, 146, 147, 0.44, 50, 100, 1, 5, 5000, 35
0, 17250, 101, 299, 274, 299, 274, 0.44, 50, 100, 1, 14, 5000, 35
0, 17250, 99, 310, 294, 310, 294, 0.44, 50, 100, 1, 13, 5000, 35
1, 8073, 107, 142, 145, 142, 145, 0.44, 50, 100, 1, 4, 5000, 35
0, 17250, 101, 307, 271, 307, 271, 0.44, 50, 100, 1, 13, 5000, 35
0, 17250, 95, 320, 287, 320, 287, 0.44, 50, 100, 1, 13, 5000, 35
1, 8197, 106, 152, 153, 152, 153, 0.44, 50, 100, 1, 4, 5000, 35
0, 17250, 94, 306, 280, 306, 280, 0.44, 50, 100, 1, 13, 5000, 35
0, 17250, 115, 321, 303, 321, 303, 0.44, 50, 100, 1, 13, 5000, 35
1, 8387, 94, 130, 131, 130, 131, 0.44, 50, 100, 1, 5, 5000, 35
0, 17250, 98, 307, 278, 307, 278, 0.44, 50, 100, 1, 13, 5000, 35
0, 17250, 98, 294, 271, 294, 271, 0.44, 50, 100, 1, 14, 5000, 35
0, 17250, 91, 296, 268, 296, 268, 0.44, 50, 100, 1, 13, 5000, 35
0, 17250, 103, 317, 292, 317, 292, 0.44, 50, 100, 1, 13, 5000, 35
0, 17250, 107, 330, 309, 330, 309, 0.44, 50, 100, 1, 14, 5000, 35
0, 17250, 115, 331, 318, 331, 318, 0.44, 50, 100, 1, 13, 5000, 35
0, 17250, 98, 304, 303, 304, 303, 0.44, 50, 100, 1, 16, 5000, 35
0, 17250, 88, 306, 292, 306, 292, 0.44, 50, 100, 1, 16, 5000, 35
0, 17250, 100, 316, 292, 316, 292, 0.44, 50, 100, 1, 14, 5000, 35
0, 17250, 99, 319, 305, 319, 305, 0.44, 50, 100, 1, 13, 5000, 35
1, 9936, 96, 131, 142, 131, 142, 0.44, 50, 100, 1, 8, 5000, 35
0, 17250, 111, 333, 317, 333, 317, 0.44, 50, 100, 1, 16, 5000, 35
1, 8940, 109, 152, 153, 152, 153, 0.44, 50, 100, 1, 6, 5000, 35
0, 17250, 107, 318, 299, 318, 299, 0.44, 50, 100, 1, 15, 5000, 35
1, 9196, 95, 136, 137, 136, 137, 0.44, 50, 100, 1, 7, 5000, 35
0, 17250, 108, 319, 294, 319, 294, 0.44, 50, 100, 1, 13, 5000, 35
0, 17250, 76, 283, 251, 283, 251, 0.44, 50, 100, 1, 13, 5000, 35
1, 9445, 109, 151, 152, 151, 152, 0.44, 50, 100, 1, 6, 5000, 35
0, 17250, 130, 317, 290, 317, 290, 0.44, 50, 100, 1, 13, 5000, 35
1, 8162, 113, 148, 151, 148, 151, 0.44, 50, 100, 1, 4, 5000, 35
1, 7967, 97, 132, 133, 132, 133, 0.44, 50, 100, 1, 4, 5000, 35
0, 17250, 116, 326, 308, 326, 308, 0.44, 50, 100, 1, 13, 5000, 35
0, 17250, 101, 318, 299, 318, 299, 0.44, 50, 100, 1, 13, 5000, 35
1, 11424, 117, 199, 200, 199, 200, 0.44, 50, 100, 1, 7, 5000, 35
1, 7739, 112, 147, 148, 147, 148, 0.44, 50, 100, 1, 4, 5000, 35
0, 17250, 108, 318, 299, 318, 299, 0.44, 50, 100, 1, 13, 5000, 35
1, 8002, 97, 132, 133, 132, 133, 0.44, 50, 100, 1, 4, 5000, 35
0, 17250, 87, 301, 267, 301, 267, 0.44, 50, 100, 1, 13, 5000, 35
0, 17250, 100, 315, 303, 315, 303, 0.44, 50, 100, 1, 13, 5000, 35
0, 17250, 91, 287, 268, 287, 268, 0.44, 50, 100, 1, 14, 5000, 35
1, 7535, 101, 136, 139, 136, 139, 0.44, 50, 100, 1, 4, 5000, 35
1, 11961, 111, 193, 194, 193, 194, 0.44, 50, 100, 1, 9, 5000, 35
0, 17250, 91, 305, 300, 305, 300, 0.44, 50, 100, 1, 14, 5000, 35
0, 17250, 88, 302, 283, 302, 283, 0.44, 50, 100, 1, 15, 5000, 35
1, 11098, 93, 181, 182, 181, 182, 0.44, 50, 100, 1, 7, 5000, 45
1, 9338, 113, 159, 160, 159, 160, 0.44, 50, 100, 1, 5, 5000, 45
0, 20750, 101, 390, 387, 390, 387, 0.44, 50, 100, 1, 19, 5000, 45
1, 8585, 100, 155, 156, 155, 156, 0.44, 50, 100, 1, 5, 5000, 45
0, 20750, 100, 376, 367, 376, 367, 0.44, 50, 100, 1, 23, 5000, 45
0, 20750, 99, 384, 358, 384, 358, 0.44, 50, 100, 1, 17, 5000, 45
0, 20750, 94, 380, 362, 380, 362, 0.44, 50, 100, 1, 23, 5000, 45
0, 20750, 109, 405, 383, 405, 383, 0.44, 50, 100, 1, 17, 5000, 45
0, 20750, 96, 376, 348, 376, 348, 0.44, 50, 100, 1, 17, 5000, 45
1, 8774, 99, 144, 155, 144, 155, 0.44, 50, 100, 1, 6, 5000, 45
0, 20750, 106, 389, 360, 389, 360, 0.44, 50, 100, 1, 17, 5000, 45
0, 20750, 118, 388, 377, 388, 377, 0.44, 50, 100, 1, 21, 5000, 45
0, 20750, 110, 391, 372, 391, 372, 0.44, 50, 100, 1, 22, 5000, 45
0, 20750, 104, 384, 358, 384, 358, 0.44, 50, 100, 1, 17, 5000, 45
0, 20750, 104, 381, 375, 381, 375, 0.44, 50, 100, 1, 22, 5000, 45
1, 8415, 105, 150, 151, 150, 151, 0.44, 50, 100, 1, 5, 5000, 45
0, 20750, 96, 360, 340, 360, 340, 0.44, 50, 100, 1, 23, 5000, 45
1, 9270, 91, 150, 151, 150, 151, 0.44, 50, 100, 1, 5, 5000, 45
0, 20750, 86, 364, 341, 364, 341, 0.44, 50, 100, 1, 23, 5000, 45
0, 20750, 109, 398, 379, 398, 379, 0.44, 50, 100, 1, 17, 5000, 45
0, 20750, 106, 386, 367, 386, 367, 0.44, 50, 100, 1, 23, 5000, 45
1, 10159, 102, 163, 164, 163, 164, 0.44, 50, 100, 1, 6, 5000, 45
0, 20750, 107, 379, 364, 379, 364, 0.44, 50, 100, 1, 16, 5000, 45
0, 20750, 111, 395, 389, 395, 389, 0.44, 50, 100, 1, 17, 5000, 45
1, 9405, 111, 157, 158, 157, 158, 0.44, 50, 100, 1, 5, 5000, 45
0, 20750, 96, 377, 366, 377, 366, 0.44, 50, 100, 1, 17, 5000, 45
0, 20750, 93, 379, 355, 379, 355, 0.44, 50, 100, 1, 17, 5000, 45
0, 20750, 112, 383, 363, 383, 363, 0.44, 50, 100, 1, 17, 5000, 45
0, 20750, 98, 397, 375, 397, 375, 0.44, 50, 100, 1, 18, 5000, 45
1, 15390, 107, 263, 264, 263, 264, 0.44, 50, 100, 1, 11, 5000, 45
0, 20750, 102, 376, 363, 376, 363, 0.44, 50, 100, 1, 16, 5000, 45
0, 20750, 92, 374, 358, 374, 358, 0.44, 50, 100, 1, 17, 5000, 45
1, 11872, 103, 177, 178, 177, 178, 0.44, 50, 100, 1, 8, 5000, 45
0, 20750, 97, 383, 370, 383, 370, 0.44, 50, 100, 1, 16, 5000, 45
1, 12023, 110, 193, 194, 193, 194, 0.44, 50, 100, 1, 8, 5000, 45
1, 8484, 86, 131, 137, 131, 137, 0.44, 50, 100, 1, 5, 5000, 45
1, 8663, 103, 148, 156, 148, 156, 0.44, 50, 100, 1, 5, 5000, 45
0, 20750, 90, 371, 360, 371, 360, 0.44, 50, 100, 1, 16, 5000, 45
0, 20750, 89, 365, 351, 365, 351, 0.44, 50, 100, 1, 16, 5000, 45
0, 20750, 100, 379, 358, 379, 358, 0.44, 50, 100, 1, 17, 5000, 45
0, 20750, 110, 398, 370, 398, 370, 0.44, 50, 100, 1, 20, 5000, 45
0, 20750, 98, 379, 350, 379, 350, 0.44, 50, 100, 1, 20, 5000, 45
0, 20750, 91, 383, 374, 383, 374, 0.44, 50, 100, 1, 17, 5000, 45
1, 8802, 106, 151, 155, 151, 155, 0.44, 50, 100, 1, 5, 5000, 45
0, 20750, 103, 392, 360, 392, 360, 0.44, 50, 100, 1, 18, 5000, 45
0, 20750, 102, 376, 360, 376, 360, 0.44, 50, 100, 1, 18, 5000, 45
1, 15671, 93, 270, 271, 270, 271, 0.44, 50, 100, 1, 11, 5000, 45
1, 8870, 86, 131, 134, 131, 134, 0.44, 50, 100, 1, 5, 5000, 45
1, 10393, 104, 169, 170, 169, 170, 0.44, 50, 100, 1, 6, 5000, 45
0, 20750, 96, 373, 345, 373, 345, 0.44, 50, 100, 1, 16, 5000, 45
1, 9449, 108, 153, 169, 153, 169, 0.44, 50, 100, 1, 5, 5000, 45
1, 9712, 90, 139, 140, 139, 140, 0.44, 50, 100, 1, 6, 5000, 45
0, 20750, 109, 390, 369, 390, 369, 0.44, 50, 100, 1, 16, 5000, 45
0, 20750, 101, 375, 358, 375, 358, 0.44, 50, 100, 1, 16, 5000, 45
0, 20750, 107, 399, 381, 399, 381, 0.44, 50, 100, 1, 17, 5000, 45
1, 15195, 111, 271, 272, 271, 272, 0.44, 50, 100, 1, 12, 5000, 45
1, 8807, 102, 148, 149, 148, 149, 0.44, 50, 100, 1, 5, 5000, 45
1, 8783, 111, 160, 161, 160, 161, 0.44, 50, 100, 1, 5, 5000, 45
0, 20750, 103, 376, 353, 376, 353, 0.44, 50, 100, 1, 17, 5000, 45
1, 8283, 100, 145, 146, 145, 146, 0.44, 50, 100, 1, 5, 5000, 45
0, 20750, 107, 403, 380, 403, 380, 0.44, 50, 100, 1, 17, 5000, 45
1, 12645, 107, 208, 209, 208, 209, 0.44, 50, 100, 1, 9, 5000, 45
1, 9386, 99, 147, 148, 147, 148, 0.44, 50, 100, 1, 6, 5000, 45
1, 19134, 113, 349, 350, 349, 350, 0.44, 50, 100, 1, 15, 5000, 45
0, 20750, 109, 389, 367, 389, 367, 0.44, 50, 100, 1, 17, 5000, 45
1, 9463, 98, 150, 151, 150, 151, 0.44, 50, 100, 1, 6, 5000, 45
1, 16431, 105, 281, 282, 281, 282, 0.44, 50, 100, 1, 13, 5000, 45
0, 20750, 90, 370, 347, 370, 347, 0.44, 50, 100, 1, 17, 5000, 45
0, 20750, 101, 375, 367, 375, 367, 0.44, 50, 100, 1, 20, 5000, 45
0, 20750, 103, 381, 375, 381, 375, 0.44, 50, 100, 1, 17, 5000, 45
1, 12979, 88, 212, 213, 212, 213, 0.44, 50, 100, 1, 9, 5000, 45
0, 20750, 96, 366, 359, 366, 359, 0.44, 50, 100, 1, 20, 5000, 45
0, 20750, 84, 361, 335, 361, 335, 0.44, 50, 100, 1, 17, 5000, 45
0, 20750, 114, 403, 382, 403, 382, 0.44, 50, 100, 1, 16, 5000, 45
1, 9322, 95, 140, 141, 140, 141, 0.44, 50, 100, 1, 5, 5000, 45
0, 20750, 96, 376, 351, 376, 351, 0.44, 50, 100, 1, 17, 5000, 45
0, 20750, 95, 374, 347, 374, 347, 0.44, 50, 100, 1, 17, 5000, 45
1, 10825, 97, 171, 172, 171, 172, 0.44, 50, 100, 1, 10, 5000, 45
0, 20750, 109, 362, 346, 362, 346, 0.44, 50, 100, 1, 20, 5000, 45
0, 20750, 84, 369, 345, 369, 345, 0.44, 50, 100, 1, 17, 5000, 45
1, 13561, 106, 227, 228, 227, 228, 0.44, 50, 100, 1, 10, 5000, 45
0, 20750, 99, 387, 351, 387, 351, 0.44, 50, 100, 1, 17, 5000, 45
1, 8451, 95, 140, 150, 140, 150, 0.44, 50, 100, 1, 5, 5000, 45
0, 20750, 102, 392, 361, 392, 361, 0.44, 50, 100, 1, 17, 5000, 45
0, 20750, 103, 375, 355, 375, 355, 0.44, 50, 100, 1, 18, 5000, 45
1, 10231, 92, 149, 150, 149, 150, 0.44, 50, 100, 1, 6, 5000, 45
0, 20750, 109, 382, 366, 382, 366, 0.44, 50, 100, 1, 19, 5000, 45
0, 20750, 122, 391, 382, 391, 382, 0.44, 50, 100, 1, 17, 5000, 45
1, 19661, 104, 360, 361, 360, 361, 0.44, 50, 100, 1, 17, 5000, 45
1, 8529, 94, 139, 141, 139, 141, 0.44, 50, 100, 1, 5, 5000, 45
0, 20750, 112, 387, 364, 387, 364, 0.44, 50, 100, 1, 18, 5000, 45
0, 20750, 112, 379, 364, 379, 364, 0.44, 50, 100, 1, 17, 5000, 45
0, 20750, 106, 387, 372, 387, 372, 0.44, 50, 100, 1, 17, 5000, 45
0, 20750, 99, 385, 360, 385, 360, 0.44, 50, 100, 1, 17, 5000, 45
0, 20750, 93, 389, 357, 389, 357, 0.44, 50, 100, 1, 16, 5000, 45
0, 20750, 109, 394, 365, 394, 365, 0.44, 50, 100, 1, 16, 5000, 45
0, 20750, 112, 402, 374, 402, 374, 0.44, 50, 100, 1, 18, 5000, 45
1, 13665, 101, 226, 227, 226, 227, 0.44, 50, 100, 1, 9, 5000, 45
0, 20750, 104, 366, 353, 366, 353, 0.44, 50, 100, 1, 17, 5000, 45
0, 20750, 99, 371, 359, 371, 359, 0.44, 50, 100, 1, 17, 5000, 45
0, 24250, 103, 458, 441, 458, 441, 0.44, 50, 100, 1, 20, 5000, 55
1, 22724, 105, 410, 411, 410, 411, 0.44, 50, 100, 1, 19, 5000, 55
1, 9478, 86, 154, 155, 154, 155, 0.44, 50, 100, 1, 6, 5000, 55
0, 24250, 106, 466, 449, 466, 449, 0.44, 50, 100, 1, 23, 5000, 55
1, 21032, 90, 366, 367, 366, 367, 0.44, 50, 100, 1, 20, 5000, 55
1, 12517, 102, 214, 215, 214, 215, 0.44, 50, 100, 1, 8, 5000, 55
0, 24250, 88, 458, 436, 458, 436, 0.44, 50, 100, 1, 20, 5000, 55
0, 24250, 92, 430, 416, 430, 416, 0.44, 50, 100, 1, 21, 5000, 55
0, 24250, 92, 451, 438, 451, 438, 0.44, 50, 100, 1, 20, 5000, 55
1, 18242, 99, 329, 330, 329, 330, 0.44, 50, 100, 1, 15, 5000, 55
0, 24250, 75, 424, 398, 424, 398, 0.44, 50, 100, 1, 22, 5000, 55
1, 9528, 104, 159, 168, 159, 168, 0.44, 50, 100, 1, 6, 5000, 55
0, 24250, 110, 461, 442, 461, 442, 0.44, 50, 100, 1, 20, 5000, 55
0, 24250, 95, 451, 437, 451, 437, 0.44, 50, 100, 1, 24, 5000, 55
0, 24250, 113, 446, 446, 446, 446, 0.44, 50, 100, 1, 20, 5000, 55
1, 17323, 105, 306, 307, 306, 307, 0.44, 50, 100, 1, 17, 5000, 55
0, 24250, 107, 452, 440, 452, 440, 0.44, 50, 100, 1, 20, 5000, 55
1, 18441, 95, 310, 311, 310, 311, 0.44, 50, 100, 1, 18, 5000, 55
1, 13206, 115, 224, 225, 224, 225, 0.44, 50, 100, 1, 9, 5000, 55
0, 24250, 98, 443, 422, 443, 422, 0.44, 50, 100, 1, 24, 5000, 55
0, 24250, 109, 462, 439, 462, 439, 0.44, 50, 100, 1, 20, 5000, 55
1, 8905, 99, 154, 162, 154, 162, 0.44, 50, 100, 1, 6, 5000, 55
0, 24250, 104, 459, 436, 459, 436, 0.44, 50, 100, 1, 20, 5000, 55
0, 24250, 106, 460, 454, 460, 454, 0.44, 50, 100, 1, 21, 5000, 55
0, 24250, 90, 436, 426, 436, 426, 0.44, 50, 100, 1, 21, 5000, 55
1, 12749, 107, 219, 220, 219, 220, 0.44, 50, 100, 1, 9, 5000, 55
0, 24250, 111, 440, 439, 440, 439, 0.44, 50, 100, 1, 21, 5000, 55
0, 24250, 100, 433, 416, 433, 416, 0.44, 50, 100, 1, 20, 5000, 55
0, 24250, 107, 467, 442, 467, 442, 0.44, 50, 100, 1, 20, 5000, 55
0, 24250, 96, 442, 422, 442, 422, 0.44, 50, 100, 1, 21, 5000, 55
0, 24250, 95, 464, 436, 464, 436, 0.44, 50, 100, 1, 20, 5000, 55
0, 24250, 106, 457, 440, 457, 440, 0.44, 50, 100, 1, 22, 5000, 55
1, 22678, 106, 419, 420, 419, 420, 0.44, 50, 100, 1, 19, 5000, 55
0, 24250, 98, 435, 427, 435, 427, 0.44, 50, 100, 1, 20, 5000, 55
1, 16312, 103, 289, 290, 289, 290, 0.44, 50, 100, 1, 12, 5000, 55
1, 15970, 120, 294, 295, 294, 295, 0.44, 50, 100, 1, 12, 5000, 55
0, 24250, 117, 481, 461, 481, 461, 0.44, 50, 100, 1, 22, 5000, 55
1, 13083, 98, 225, 226, 225, 226, 0.44, 50, 100, 1, 9, 5000, 55
0, 24250, 99, 448, 419, 448, 419, 0.44, 50, 100, 1, 20, 5000, 55
1, 11010, 99, 177, 178, 177, 178, 0.44, 50, 100, 1, 8, 5000, 55
0, 24250, 112, 461, 432, 461, 432, 0.44, 50, 100, 1, 20, 5000, 55
1, 20404, 106, 367, 368, 367, 368, 0.44, 50, 100, 1, 17, 5000, 55
1, 9800, 98, 161, 162, 161, 162, 0.44, 50, 100, 1, 7, 5000, 55
0, 24250, 100, 448, 422, 448, 422, 0.44, 50, 100, 1, 21, 5000, 55
1, 9671, 95, 150, 153, 150, 153, 0.44, 50, 100, 1, 6, 5000, 55
0, 24250, 111, 451, 443, 451, 443, 0.44, 50, 100, 1, 20, 5000, 55
1, 23617, 99, 422, 423, 422, 423, 0.44, 50, 100, 1, 25, 5000, 55
0, 24250, 93, 440, 418, 440, 418, 0.44, 50, 100, 1, 22, 5000, 55
1, 9895, 113, 168, 169, 168, 169, 0.44, 50, 100, 1, 7, 5000, 55
0, 24250, 105, 464, 463, 464, 463, 0.44, 50, 100, 1, 22, 5000, 55
1, 22979, 106, 434, 435, 434, 435, 0.44, 50, 100, 1, 19, 5000, 55
0, 24250, 104, 467, 442, 467, 442, 0.44, 50, 100, 1, 26, 5000, 55
1, 17313, 100, 309, 310, 309, 310, 0.44, 50, 100, 1, 15, 5000, 55
1, 16801, 102, 295, 296, 295, 296, 0.44, 50, 100, 1, 13, 5000, 55
1, 11337, 107, 185, 186, 185, 186, 0.44, 50, 100, 1, 7, 5000, 55
1, 11390, 108, 190, 191, 190, 191, 0.44, 50, 100, 1, 7, 5000, 55
1, 16098, 103, 276, 277, 276, 277, 0.44, 50, 100, 1, 12, 5000, 55
0, 24250, 87, 438, 417, 438, 417, 0.44, 50, 100, 1, 24, 5000, 55
1, 10662, 85, 159, 160, 159, 160, 0.44, 50, 100, 1, 7, 5000, 55
1, 14414, 100, 244, 245, 244, 245, 0.44, 50, 100, 1, 10, 5000, 55
0, 24250, 112, 455, 433, 455, 433, 0.44, 50, 100, 1, 21, 5000, 55
1, 22495, 101, 408, 409, 408, 409, 0.44, 50, 100, 1, 19, 5000, 55
0, 24250, 102, 423, 417, 423, 417, 0.44, 50, 100, 1, 21, 5000, 55
1, 9694, 105, 160, 161, 160, 161, 0.44, 50, 100, 1, 6, 5000, 55
0, 24250, 105, 469, 444, 469, 444, 0.44, 50, 100, 1, 20, 5000, 55
1, 14409, 108, 259, 260, 259, 260, 0.44, 50, 100, 1, 12, 5000, 55
0, 24250, 112, 445, 426, 445, 426, 0.44, 50, 100, 1, 21, 5000, 55
1, 12712, 93, 189, 190, 189, 190, 0.44, 50, 100, 1, 8, 5000, 55
1, 8941, 97, 152, 155, 152, 155, 0.44, 50, 100, 1, 5, 5000, 55
0, 24250, 97, 450, 428, 450, 428, 0.44, 50, 100, 1, 20, 5000, 55
0, 24250, 102, 452, 439, 452, 439, 0.44, 50, 100, 1, 21, 5000, 55
1, 10616, 106, 181, 182, 181, 182, 0.44, 50, 100, 1, 7, 5000, 55
0, 24250, 114, 458, 449, 458, 449, 0.44, 50, 100, 1, 20, 5000, 55
1, 14607, 100, 251, 252, 251, 252, 0.44, 50, 100, 1, 11, 5000, 55
1, 9296, 112, 168, 169, 168, 169, 0.44, 50, 100, 1, 5, 5000, 55
0, 24250, 85, 437, 415, 437, 415, 0.44, 50, 100, 1, 20, 5000, 55
1, 19784, 110, 379, 380, 379, 380, 0.44, 50, 100, 1, 17, 5000, 55
1, 10626, 86, 156, 157, 156, 157, 0.44, 50, 100, 1, 6, 5000, 55
1, 10588, 112, 185, 186, 185, 186, 0.44, 50, 100, 1, 7, 5000, 55
0, 24250, 99, 465, 444, 465, 444, 0.44, 50, 100, 1, 20, 5000, 55
0, 24250, 109, 460, 439, 460, 439, 0.44, 50, 100, 1, 21, 5000, 55
1, 12364, 111, 223, 224, 223, 224, 0.44, 50, 100, 1, 8, 5000, 55
0, 24250, 111, 463, 439, 463, 439, 0.44, 50, 100, 1, 21, 5000, 55
0, 24250, 94, 455, 440, 455, 440, 0.44, 50, 100, 1, 21, 5000, 55
1, 16457, 89, 260, 261, 260, 261, 0.44, 50, 100, 1, 13, 5000, 55
1, 12189, 103, 217, 218, 217, 218, 0.44, 50, 100, 1, 9, 5000, 55
0, 24250, 106, 453, 426, 453, 426, 0.44, 50, 100, 1, 21, 5000, 55
1, 18253, 99, 318, 319, 318, 319, 0.44, 50, 100, 1, 15, 5000, 55
0, 24250, 109, 442, 421, 442, 421, 0.44, 50, 100, 1, 20, 5000, 55
0, 24250, 100, 444, 428, 444, 428, 0.44, 50, 100, 1, 24, 5000, 55
0, 24250, 104, 440, 425, 440, 425, 0.44, 50, 100, 1, 20, 5000, 55
0, 24250, 106, 445, 421, 445, 421, 0.44, 50, 100, 1, 27, 5000, 55
1, 21613, 116, 390, 391, 390, 391, 0.44, 50, 100, 1, 19, 5000, 55
0, 24250, 91, 466, 439, 466, 439, 0.44, 50, 100, 1, 22, 5000, 55
1, 9031, 94, 149, 152, 149, 152, 0.44, 50, 100, 1, 5, 5000, 55
0, 24250, 120, 471, 442, 471, 442, 0.44, 50, 100, 1, 21, 5000, 55
0, 24250, 106, 441, 432, 441, 432, 0.44, 50, 100, 1, 23, 5000, 55
0, 24250, 96, 451, 440, 451, 440, 0.44, 50, 100, 1, 21, 5000, 55
1, 17350, 98, 302, 303, 302, 303, 0.44, 50, 100, 1, 13, 5000, 55
0, 24250, 96, 451, 436, 451, 436, 0.44, 50, 100, 1, 21, 5000, 55
1, 25930, 118, 476, 477, 476, 477, 0.44, 50, 100, 1, 22, 5000, 65
1, 17022, 126, 306, 307, 306, 307, 0.44, 50, 100, 1, 14, 5000, 65
1, 23042, 125, 427, 428, 427, 428, 0.44, 50, 100, 1, 18, 5000, 65
0, 27750, 104, 528, 505, 528, 505, 0.44, 50, 100, 1, 25, 5000, 65
1, 13018, 98, 220, 221, 220, 221, 0.44, 50, 100, 1, 9, 5000, 65
0, 27750, 122, 536, 514, 536, 514, 0.44, 50, 100, 1, 24, 5000, 65
0, 27750, 100, 531, 505, 531, 505, 0.44, 50, 100, 1, 32, 5000, 65
0, 27750, 114, 538, 521, 538, 521, 0.44, 50, 100, 1, 32, 5000, 65
0, 27750, 116, 534, 526, 534, 526, 0.44, 50, 100, 1, 31, 5000, 65
0, 27750, 100, 508, 502, 508, 502, 0.44, 50, 100, 1, 27, 5000, 65
0, 27750, 90, 516, 496, 516, 496, 0.44, 50, 100, 1, 29, 5000, 65
0, 27750, 109, 519, 505, 519, 505, 0.44, 50, 100, 1, 26, 5000, 65
0, 27750, 103, 537, 526, 537, 526, 0.44, 50, 100, 1, 27, 5000, 65
0, 27750, 94, 526, 506, 526, 506, 0.44, 50, 100, 1, 25, 5000, 65
0, 27750, 99, 516, 494, 516, 494, 0.44, 50, 100, 1, 25, 5000, 65
0, 27750, 109, 524, 509, 524, 509, 0.44, 50, 100, 1, 24, 5000, 65
0, 27750, 106, 519, 498, 519, 498, 0.44, 50, 100, 1, 24, 5000, 65
0, 27750, 94, 524, 501, 524, 501, 0.44, 50, 100, 1, 24, 5000, 65
0, 27750, 122, 535, 501, 535, 501, 0.44, 50, 100, 1, 25, 5000, 65
1, 9674, 85, 150, 158, 150, 158, 0.44, 50, 100, 1, 6, 5000, 65
0, 27750, 106, 517, 513, 517, 513, 0.44, 50, 100, 1, 27, 5000, 65
0, 27750, 111, 539, 526, 539, 526, 0.44, 50, 100, 1, 29, 5000, 65
0, 27750, 104, 533, 504, 533, 504, 0.44, 50, 100, 1, 28, 5000, 65
0, 27750, 84, 514, 489, 514, 489, 0.44, 50, 100, 1, 26, 5000, 65
1, 18129, 102, 316, 317, 316, 317, 0.44, 50, 100, 1, 16, 5000, 65
0, 27750, 116, 535, 502, 535, 502, 0.44, 50, 100, 1, 25, 5000, 65
0, 27750, 94, 528, 493, 528, 493, 0.44, 50, 100, 1, 25, 5000, 65
0, 27750, 103, 527, 512, 527, 512, 0.44, 50, 100, 1, 24, 5000, 65
1, 10143, 92, 157, 161, 157, 161, 0.44, 50, 100, 1, 6, 5000, 65
0, 27750, 108, 526, 518, 526, 518, 0.44, 50, 100, 1, 24, 5000, 65
1, 10260, 102, 177, 178, 177, 178, 0.44, 50, 100, 1, 7, 5000, 65
0, 27750, 102, 507, 490, 507, 490, 0.44, 50, 100, 1, 29, 5000, 65
0, 27750, 108, 544, 500, 544, 500, 0.44, 50, 100, 1, 25, 5000, 65
1, 25598, 93, 479, 480, 479, 480, 0.44, 50, 100, 1, 22, 5000, 65
0, 27750, 101, 522, 514, 522, 514, 0.44, 50, 100, 1, 27, 5000, 65
1, 26235, 102, 494, 495, 494, 495, 0.44, 50, 100, 1, 23, 5000, 65
1, 9928, 105, 170, 173, 170, 173, 0.44, 50, 100, 1, 6, 5000, 65
0, 27750, 108, 536, 514, 536, 514, 0.44, 50, 100, 1, 23, 5000, 65
1, 16578, 91, 277, 278, 277, 278, 0.44, 50, 100, 1, 12, 5000, 65
0, 27750, 109, 519, 497, 519, 497, 0.44, 50, 100, 1, 26, 5000, 65
0, 27750, 108, 516, 492, 516, 492, 0.44, 50, 100, 1, 27, 5000, 65
1, 14386, 114, 270, 271, 270, 271, 0.44, 50, 100, 1, 12, 5000, 65
0, 27750, 111, 545, 512, 545, 512, 0.44, 50, 100, 1, 26, 5000, 65
1, 17206, 112, 307, 308, 307, 308, 0.44, 50, 100, 1, 13, 5000, 65
0, 27750, 103, 524, 496, 524, 496, 0.44, 50, 100, 1, 24, 5000, 65
1, 21545, 112, 391, 392, 391, 392, 0.44, 50, 100, 1, 19, 5000, 65
1, 9921, 94, 161, 162, 161, 162, 0.44, 50, 100, 1, 8, 5000, 65
0, 27750, 99, 524, 499, 524, 499, 0.44, 50, 100, 1, 25, 5000, 65
1, 23578, 87, 415, 416, 415, 416, 0.44, 50, 100, 1, 20, 5000, 65
0, 27750, 102, 520, 507, 520, 507, 0.44, 50, 100, 1, 27, 5000, 65
1, 21866, 110, 398, 399, 398, 399, 0.44, 50, 100, 1, 22, 5000, 65
0, 27750, 105, 521, 494, 521, 494, 0.44, 50, 100, 1, 28, 5000, 65
0, 27750, 109, 523, 512, 523, 512, 0.44, 50, 100, 1, 25, 5000, 65
0, 27750, 107, 518, 496, 518, 496, 0.44, 50, 100, 1, 31, 5000, 65
1, 17858, 91, 304, 305, 304, 305, 0.44, 50, 100, 1, 16, 5000, 65
0, 27750, 89, 516, 500, 516, 500, 0.44, 50, 100, 1, 31, 5000, 65
1, 21737, 109, 393, 394, 393, 394, 0.44, 50, 100, 1, 18, 5000, 65
0, 27750, 92, 499, 471, 499, 471, 0.44, 50, 100, 1, 28, 5000, 65
1, 13118, 103, 230, 231, 230, 231, 0.44, 50, 100, 1, 10, 5000, 65
0, 27750, 108, 537, 519, 537, 519, 0.44, 50, 100, 1, 32, 5000, 65
0, 27750, 110, 533, 508, 533, 508, 0.44, 50, 100, 1, 29, 5000, 65
0, 27750, 90, 509, 493, 509, 493, 0.44, 50, 100, 1, 24, 5000, 65
1, 12678, 97, 206, 207, 206, 207, 0.44, 50, 100, 1, 10, 5000, 65
0, 27750, 87, 507, 485, 507, 485, 0.44, 50, 100, 1, 25, 5000, 65
0, 27750, 89, 508, 488, 508, 488, 0.44, 50, 100, 1, 26, 5000, 65
1, 16986, 97, 308, 309, 308, 309, 0.44, 50, 100, 1, 13, 5000, 65
0, 27750, 108, 543, 518, 543, 518, 0.44, 50, 100, 1, 26, 5000, 65
0, 27750, 98, 517, 497, 517, 497, 0.44, 50, 100, 1, 26, 5000, 65
1, 25577, 105, 470, 471, 470, 471, 0.44, 50, 100, 1, 24, 5000, 65
1, 20940, 104, 374, 375, 374, 375, 0.44, 50, 100, 1, 18, 5000, 65
1, 16767, 98, 309, 310, 309, 310, 0.44, 50, 100, 1, 14, 5000, 65
0, 27750, 94, 519, 489, 519, 489, 0.44, 50, 100, 1, 26, 5000, 65
1, 13193, 97, 220, 221, 220, 221, 0.44, 50, 100, 1, 12, 5000, 65
1, 10351, 106, 171, 174, 171, 174, 0.44, 50, 100, 1, 9, 5000, 65
0, 27750, 100, 513, 504, 513, 504, 0.44, 50, 100, 1, 27, 5000, 65
1, 11101, 112, 177, 190, 177, 190, 0.44, 50, 100, 1, 8, 5000, 65
0, 27750, 106, 525, 512, 525, 512, 0.44, 50, 100, 1, 25, 5000, 65
1, 11671, 91, 186, 187, 186, 187, 0.44, 50, 100, 1, 8, 5000, 65
1, 9303, 93, 160, 161, 160, 161, 0.44, 50, 100, 1, 5, 5000, 65
0, 27750, 120, 530, 516, 530, 516, 0.44, 50, 100, 1, 24, 5000, 65
0, 27750, 100, 532, 500, 532, 500, 0.44, 50, 100, 1, 24, 5000, 65
0, 27750, 111, 536, 502, 536, 502, 0.44, 50, 100, 1, 26, 5000, 65
0, 27750, 119, 532, 515, 532, 515, 0.44, 50, 100, 1, 25, 5000, 65
0, 27750, 106, 517, 499, 517, 499, 0.44, 50, 100, 1, 24, 5000, 65
1, 10498, 110, 175, 177, 175, 177, 0.44, 50, 100, 1, 7, 5000, 65
0, 27750, 83, 510, 492, 510, 492, 0.44, 50, 100, 1, 27, 5000, 65
0, 27750, 97, 519, 508, 519, 508, 0.44, 50, 100, 1, 33, 5000, 65
0, 27750, 82, 502, 501, 502, 501, 0.44, 50, 100, 1, 33, 5000, 65
1, 20239, 98, 350, 351, 350, 351, 0.44, 50, 100, 1, 20, 5000, 65
0, 27750, 111, 524, 515, 524, 515, 0.44, 50, 100, 1, 28, 5000, 65
1, 22755, 100, 429, 430, 429, 430, 0.44, 50, 100, 1, 22, 5000, 65
1, 10520, 116, 185, 186, 185, 186, 0.44, 50, 100, 1, 7, 5000, 65
0, 27750, 104, 525, 508, 525, 508, 0.44, 50, 100, 1, 26, 5000, 65
1, 10419, 111, 176, 180, 176, 180, 0.44, 50, 100, 1, 7, 5000, 65
0, 27750, 107, 530, 508, 530, 508, 0.44, 50, 100, 1, 26, 5000, 65
0, 27750, 116, 539, 513, 539, 513, 0.44, 50, 100, 1, 29, 5000, 65
1, 16403, 93, 279, 280, 279, 280, 0.44, 50, 100, 1, 13, 5000, 65
0, 27750, 112, 514, 497, 514, 497, 0.44, 50, 100, 1, 25, 5000, 65
0, 27750, 107, 538, 514, 538, 514, 0.44, 50, 100, 1, 27, 5000, 65
1, 16091, 117, 299, 300, 299, 300, 0.44, 50, 100, 1, 18, 5000, 75
0, 27750, 106, 525, 516, 525, 516, 0.44, 50, 100, 1, 31, 5000, 65
1, 13938, 104, 236, 237, 236, 237, 0.44, 50, 100, 1, 12, 5000, 75
1, 11192, 93, 174, 175, 174, 175, 0.44, 50, 100, 1, 8, 5000, 75
0, 31250, 125, 596, 579, 596, 579, 0.44, 50, 100, 1, 33, 5000, 75
1, 30489, 115, 585, 586, 585, 586, 0.44, 50, 100, 1, 33, 5000, 75
0, 31250, 122, 601, 580, 601, 580, 0.44, 50, 100, 1, 27, 5000, 75
1, 28369, 99, 522, 523, 522, 523, 0.44, 50, 100, 1, 29, 5000, 75
1, 28030, 99, 534, 535, 534, 535, 0.44, 50, 100, 1, 28, 5000, 75
1, 11647, 110, 194, 195, 194, 195, 0.44, 50, 100, 1, 8, 5000, 75
0, 31250, 95, 601, 574, 601, 574, 0.44, 50, 100, 1, 30, 5000, 75
1, 21669, 115, 400, 401, 400, 401, 0.44, 50, 100, 1, 20, 5000, 75
0, 31250, 99, 571, 556, 571, 556, 0.44, 50, 100, 1, 33, 5000, 75
0, 31250, 102, 601, 581, 601, 581, 0.44, 50, 100, 1, 29, 5000, 75
1, 12411, 89, 204, 205, 204, 205, 0.44, 50, 100, 1, 9, 5000, 75
1, 27439, 108, 513, 514, 513, 514, 0.44, 50, 100, 1, 25, 5000, 75
1, 11450, 109, 198, 199, 198, 199, 0.44, 50, 100, 1, 8, 5000, 75
0, 31250, 117, 599, 575, 599, 575, 0.44, 50, 100, 1, 32, 5000, 75
1, 12830, 121, 207, 208, 207, 208, 0.44, 50, 100, 1, 10, 5000, 75
0, 31250, 83, 561, 538, 561, 538, 0.44, 50, 100, 1, 32, 5000, 75
1, 27793, 106, 502, 503, 502, 503, 0.44, 50, 100, 1, 25, 5000, 75
0, 31250, 107, 586, 564, 586, 564, 0.44, 50, 100, 1, 27, 5000, 75
1, 12165, 107, 206, 207, 206, 207, 0.44, 50, 100, 1, 8, 5000, 75
1, 12070, 109, 210, 211, 210, 211, 0.44, 50, 100, 1, 10, 5000, 75
1, 26221, 88, 472, 473, 472, 473, 0.44, 50, 100, 1, 23, 5000, 75
0, 31250, 112, 601, 595, 601, 595, 0.44, 50, 100, 1, 34, 5000, 75
0, 31250, 100, 576, 552, 576, 552, 0.44, 50, 100, 1, 33, 5000, 75
1, 11455, 102, 187, 188, 187, 188, 0.44, 50, 100, 1, 8, 5000, 75
0, 31250, 108, 595, 571, 595, 571, 0.44, 50, 100, 1, 33, 5000, 75
0, 31250, 132, 593, 576, 593, 576, 0.44, 50, 100, 1, 38, 5000, 75
1, 29371, 93, 520, 521, 520, 521, 0.44, 50, 100, 1, 36, 5000, 75
0, 31250, 94, 577, 548, 577, 548, 0.44, 50, 100, 1, 33, 5000, 75
0, 31250, 93, 570, 546, 570, 546, 0.44, 50, 100, 1, 28, 5000, 75
0, 31250, 105, 579, 560, 579, 560, 0.44, 50, 100, 1, 36, 5000, 75
1, 23910, 100, 439, 440, 439, 440, 0.44, 50, 100, 1, 20, 5000, 75
0, 31250, 108, 605, 592, 605, 592, 0.44, 50, 100, 1, 28, 5000, 75
1, 21367, 107, 406, 407, 406, 407, 0.44, 50, 100, 1, 18, 5000, 75
0, 31250, 112, 601, 582, 601, 582, 0.44, 50, 100, 1, 39, 5000, 75
1, 17919, 101, 306, 307, 306, 307, 0.44, 50, 100, 1, 15, 5000, 75
1, 12000, 114, 216, 217, 216, 217, 0.44, 50, 100, 1, 11, 5000, 75
0, 31250, 92, 584, 568, 584, 568, 0.44, 50, 100, 1, 30, 5000, 75
0, 31250, 93, 582, 568, 582, 568, 0.44, 50, 100, 1, 30, 5000, 75
1, 19793, 112, 358, 359, 358, 359, 0.44, 50, 100, 1, 16, 5000, 75
1, 11513, 99, 188, 189, 188, 189, 0.44, 50, 100, 1, 8, 5000, 75
0, 31250, 98, 580, 561, 580, 561, 0.44, 50, 100, 1, 30, 5000, 75
1, 12385, 119, 211, 212, 211, 212, 0.44, 50, 100, 1, 9, 5000, 75
1, 10227, 101, 176, 177, 176, 177, 0.44, 50, 100, 1, 7, 5000, 75
0, 31250, 85, 576, 546, 576, 546, 0.44, 50, 100, 1, 37, 5000, 75
0, 31250, 98, 587, 575, 587, 575, 0.44, 50, 100, 1, 35, 5000, 75
1, 10672, 117, 196, 197, 196, 197, 0.44, 50, 100, 1, 7, 5000, 75
1, 12994, 104, 216, 217, 216, 217, 0.44, 50, 100, 1, 10, 5000, 75
0, 31250, 92, 588, 565, 588, 565, 0.44, 50, 100, 1, 28, 5000, 75
0, 31250, 102, 577, 562, 577, 562, 0.44, 50, 100, 1, 37, 5000, 75
1, 26023, 107, 485, 486, 485, 486, 0.44, 50, 100, 1, 26, 5000, 75
1, 10896, 111, 186, 189, 186, 189, 0.44, 50, 100, 1, 9, 5000, 75
0, 31250, 97, 584, 566, 584, 566, 0.44, 50, 100, 1, 38, 5000, 75
1, 27590, 102, 516, 517, 516, 517, 0.44, 50, 100, 1, 26, 5000, 75
1, 12318, 100, 199, 200, 199, 200, 0.44, 50, 100, 1, 9, 5000, 75
1, 15419, 96, 265, 266, 265, 266, 0.44, 50, 100, 1, 12, 5000, 75
1, 30677, 88, 563, 564, 563, 564, 0.44, 50, 100, 1, 29, 5000, 75
1, 14225, 96, 260, 261, 260, 261, 0.44, 50, 100, 1, 12, 5000, 75
0, 31250, 99, 586, 573, 586, 573, 0.44, 50, 100, 1, 30, 5000, 75
1, 15050, 103, 264, 265, 264, 265, 0.44, 50, 100, 1, 12, 5000, 75
0, 31250, 113, 562, 554, 562, 554, 0.44, 50, 100, 1, 35, 5000, 75
1, 10341, 109, 184, 188, 184, 188, 0.44, 50, 100, 1, 7, 5000, 75
0, 31250, 101, 581, 564, 581, 564, 0.44, 50, 100, 1, 36, 5000, 75
0, 31250, 107, 588, 573, 588, 573, 0.44, 50, 100, 1, 33, 5000, 75
0, 31250, 90, 569, 561, 569, 561, 0.44, 50, 100, 1, 30, 5000, 75
1, 13867, 101, 238, 239, 238, 239, 0.44, 50, 100, 1, 11, 5000, 75
0, 31250, 100, 577, 561, 577, 561, 0.44, 50, 100, 1, 31, 5000, 75
0, 31250, 112, 609, 575, 609, 575, 0.44, 50, 100, 1, 39, 5000, 75
0, 31250, 89, 573, 565, 573, 565, 0.44, 50, 100, 1, 34, 5000, 75
1, 16295, 107, 291, 292, 291, 292, 0.44, 50, 100, 1, 14, 5000, 75
0, 31250, 108, 592, 575, 592, 575, 0.44, 50, 100, 1, 32, 5000, 75
0, 31250, 94, 600, 568, 600, 568, 0.44, 50, 100, 1, 30, 5000, 75
0, 31250, 113, 581, 568, 581, 568, 0.44, 50, 100, 1, 28, 5000, 75
0, 31250, 104, 600, 582, 600, 582, 0.44, 50, 100, 1, 29, 5000, 75
0, 31250, 113, 599, 583, 599, 583, 0.44, 50, 100, 1, 31, 5000, 75
1, 17791, 93, 306, 307, 306, 307, 0.44, 50, 100, 1, 14, 5000, 75
1, 13818, 106, 231, 232, 231, 232, 0.44, 50, 100, 1, 11, 5000, 75
0, 31250, 112, 596, 585, 596, 585, 0.44, 50, 100, 1, 33, 5000, 75
1, 29725, 101, 546, 547, 546, 547, 0.44, 50, 100, 1, 27, 5000, 75
0, 31250, 92, 587, 554, 587, 554, 0.44, 50, 100, 1, 33, 5000, 75
1, 11593, 96, 187, 188, 187, 188, 0.44, 50, 100, 1, 8, 5000, 75
1, 26223, 103, 477, 478, 477, 478, 0.44, 50, 100, 1, 23, 5000, 75
0, 31250, 97, 592, 571, 592, 571, 0.44, 50, 100, 1, 28, 5000, 75
0, 31250, 80, 552, 530, 552, 530, 0.44, 50, 100, 1, 28, 5000, 75
1, 11508, 112, 187, 193, 187, 193, 0.44, 50, 100, 1, 7, 5000, 75
0, 31250, 92, 589, 567, 589, 567, 0.44, 50, 100, 1, 28, 5000, 75
0, 31250, 105, 598, 589, 598, 589, 0.44, 50, 100, 1, 27, 5000, 75
0, 31250, 105, 597, 576, 597, 576, 0.44, 50, 100, 1, 30, 5000, 75
0, 31250, 86, 576, 547, 576, 547, 0.44, 50, 100, 1, 28, 5000, 75
0, 31250, 103, 602, 563, 602, 563, 0.44, 50, 100, 1, 30, 5000, 75
0, 31250, 99, 592, 571, 592, 571, 0.44, 50, 100, 1, 28, 5000, 75
1, 22729, 96, 411, 412, 411, 412, 0.44, 50, 100, 1, 21, 5000, 75
1, 30099, 105, 566, 567, 566, 567, 0.44, 50, 100, 1, 27, 5000, 75
0, 31250, 88, 577, 566, 577, 566, 0.44, 50, 100, 1, 29, 5000, 75
0, 31250, 106, 580, 561, 580, 561, 0.44, 50, 100, 1, 28, 5000, 75
0, 31250, 84, 582, 561, 582, 561, 0.44, 50, 100, 1, 35, 5000, 75
1, 19345, 94, 346, 347, 346, 347, 0.44, 50, 100, 1, 22, 5000, 75
1, 13497, 108, 235, 236, 235, 236, 0.44, 50, 100, 1, 12, 5000, 85
0, 31250, 100, 589, 564, 589, 564, 0.44, 50, 100, 1, 30, 5000, 75
1, 12560, 109, 209, 210, 209, 210, 0.44, 50, 100, 1, 9, 5000, 85
0, 34750, 115, 668, 647, 668, 647, 0.44, 50, 100, 1, 33, 5000, 85
1, 18450, 103, 339, 340, 339, 340, 0.44, 50, 100, 1, 15, 5000, 85
0, 34750, 81, 625, 621, 625, 621, 0.44, 50, 100, 1, 31, 5000, 85
0, 34750, 108, 666, 634, 666, 634, 0.44, 50, 100, 1, 32, 5000, 85
1, 21596, 93, 392, 393, 392, 393, 0.44, 50, 100, 1, 19, 5000, 85
1, 25548, 119, 487, 488, 487, 488, 0.44, 50, 100, 1, 23, 5000, 85
0, 34750, 98, 652, 644, 652, 644, 0.44, 50, 100, 1, 34, 5000, 85
1, 18586, 110, 322, 323, 322, 323, 0.44, 50, 100, 1, 15, 5000, 85
0, 34750, 95, 667, 655, 667, 655, 0.44, 50, 100, 1, 33, 5000, 85
0, 34750, 85, 629, 615, 629, 615, 0.44, 50, 100, 1, 36, 5000, 85
0, 34750, 111, 659, 640, 659, 640, 0.44, 50, 100, 1, 32, 5000, 85
1, 20893, 91, 375, 376, 375, 376, 0.44, 50, 100, 1, 17, 5000, 85
1, 27937, 104, 517, 518, 517, 518, 0.44, 50, 100, 1, 26, 5000, 85
0, 34750, 96, 666, 656, 666, 656, 0.44, 50, 100, 1, 31, 5000, 85
0, 34750, 100, 650, 647, 650, 647, 0.44, 50, 100, 1, 32, 5000, 85
0, 34750, 106, 657, 641, 657, 641, 0.44, 50, 100, 1, 38, 5000, 85
0, 34750, 101, 670, 645, 670, 645, 0.44, 50, 100, 1, 32, 5000, 85
0, 34750, 109, 676, 647, 676, 647, 0.44, 50, 100, 1, 38, 5000, 85
1, 19513, 114, 363, 364, 363, 364, 0.44, 50, 100, 1, 16, 5000, 85
0, 34750, 101, 644, 620, 644, 620, 0.44, 50, 100, 1, 35, 5000, 85
0, 34750, 96, 647, 626, 647, 626, 0.44, 50, 100, 1, 34, 5000, 85
0, 34750, 105, 668, 651, 668, 651, 0.44, 50, 100, 1, 36, 5000, 85
1, 33334, 86, 608, 609, 608, 609, 0.44, 50, 100, 1, 31, 5000, 85
1, 26315, 116, 488, 489, 488, 489, 0.44, 50, 100, 1, 23, 5000, 85
0, 34750, 109, 671, 651, 671, 651, 0.44, 50, 100, 1, 35, 5000, 85
0, 34750, 93, 649, 628, 649, 628, 0.44, 50, 100, 1, 34, 5000, 85
1, 31927, 106, 589, 590, 589, 590, 0.44, 50, 100, 1, 28, 5000, 85
1, 11034, 101, 201, 202, 201, 202, 0.44, 50, 100, 1, 10, 5000, 85
1, 30601, 98, 558, 559, 558, 559, 0.44, 50, 100, 1, 29, 5000, 85
0, 34750, 122, 668, 659, 668, 659, 0.44, 50, 100, 1, 37, 5000, 85
0, 34750, 85, 644, 630, 644, 630, 0.44, 50, 100, 1, 33, 5000, 85
1, 23736, 107, 443, 444, 443, 444, 0.44, 50, 100, 1, 21, 5000, 85
0, 34750, 86, 655, 637, 655, 637, 0.44, 50, 100, 1, 37, 5000, 85
1, 29906, 90, 548, 549, 548, 549, 0.44, 50, 100, 1, 27, 5000, 85
1, 18776, 103, 337, 338, 337, 338, 0.44, 50, 100, 1, 15, 5000, 85
0, 34750, 109, 667, 664, 667, 664, 0.44, 50, 100, 1, 31, 5000, 85
1, 22074, 104, 405, 406, 405, 406, 0.44, 50, 100, 1, 19, 5000, 85
1, 33253, 100, 623, 624, 623, 624, 0.44, 50, 100, 1, 30, 5000, 85
1, 17184, 114, 314, 315, 314, 315, 0.44, 50, 100, 1, 13, 5000, 85
0, 34750, 103, 661, 640, 661, 640, 0.44, 50, 100, 1, 30, 5000, 85
1, 11940, 105, 190, 191, 190, 191, 0.44, 50, 100, 1, 8, 5000, 85
0, 34750, 105, 664, 635, 664, 635, 0.44, 50, 100, 1, 35, 5000, 85
0, 34750, 104, 667, 647, 667, 647, 0.44, 50, 100, 1, 31, 5000, 85
1, 17580, 104, 312, 313, 312, 313, 0.44, 50, 100, 1, 14, 5000, 85
1, 22810, 89, 406, 407, 406, 407, 0.44, 50, 100, 1, 19, 5000, 85
0, 34750, 111, 667, 646, 667, 646, 0.44, 50, 100, 1, 35, 5000, 85
1, 18641, 88, 315, 316, 315, 316, 0.44, 50, 100, 1, 15, 5000, 85
1, 14264, 106, 253, 254, 253, 254, 0.44, 50, 100, 1, 11, 5000, 85
0, 34750, 106, 649, 646, 649, 646, 0.44, 50, 100, 1, 33, 5000, 85
1, 14858, 106, 263, 264, 263, 264, 0.44, 50, 100, 1, 12, 5000, 85
1, 27151, 105, 499, 500, 499, 500, 0.44, 50, 100, 1, 24, 5000, 85
0, 34750, 101, 671, 649, 671, 649, 0.44, 50, 100, 1, 34, 5000, 85
1, 12337, 106, 213, 214, 213, 214, 0.44, 50, 100, 1, 8, 5000, 85
0, 34750, 105, 669, 643, 669, 643, 0.44, 50, 100, 1, 31, 5000, 85
0, 34750, 111, 679, 649, 679, 649, 0.44, 50, 100, 1, 32, 5000, 85
1, 11516, 111, 196, 205, 196, 205, 0.44, 50, 100, 1, 8, 5000, 85
1, 33295, 110, 627, 628, 627, 628, 0.44, 50, 100, 1, 30, 5000, 85
1, 14364, 93, 229, 230, 229, 230, 0.44, 50, 100, 1, 13, 5000, 85
1, 12865, 112, 224, 225, 224, 225, 0.44, 50, 100, 1, 9, 5000, 85
0, 34750, 91, 648, 629, 648, 629, 0.44, 50, 100, 1, 36, 5000, 85
0, 34750, 86, 649, 646, 649, 646, 0.44, 50, 100, 1, 33, 5000, 85
0, 34750, 92, 659, 624, 659, 624, 0.44, 50, 100, 1, 31, 5000, 85
1, 16620, 97, 281, 282, 281, 282, 0.44, 50, 100, 1, 13, 5000, 85
1, 15753, 97, 255, 256, 255, 256, 0.44, 50, 100, 1, 11, 5000, 85
1, 20347, 89, 367, 368, 367, 368, 0.44, 50, 100, 1, 18, 5000, 85
0, 34750, 106, 686, 661, 686, 661, 0.44, 50, 100, 1, 32, 5000, 85
1, 14644, 106, 256, 257, 256, 257, 0.44, 50, 100, 1, 11, 5000, 85
0, 34750, 104, 670, 644, 670, 644, 0.44, 50, 100, 1, 35, 5000, 85
0, 34750, 98, 654, 645, 654, 645, 0.44, 50, 100, 1, 35, 5000, 85
1, 11152, 96, 181, 192, 181, 192, 0.44, 50, 100, 1, 8, 5000, 85
0, 34750, 110, 657, 642, 657, 642, 0.44, 50, 100, 1, 40, 5000, 85
1, 31539, 104, 582, 583, 582, 583, 0.44, 50, 100, 1, 31, 5000, 85
1, 10933, 105, 191, 192, 191, 192, 0.44, 50, 100, 1, 8, 5000, 85
0, 34750, 105, 665, 644, 665, 644, 0.44, 50, 100, 1, 40, 5000, 85
0, 34750, 90, 659, 614, 659, 614, 0.44, 50, 100, 1, 33, 5000, 85
0, 34750, 123, 672, 646, 672, 646, 0.44, 50, 100, 1, 34, 5000, 85
0, 34750, 104, 657, 644, 657, 644, 0.44, 50, 100, 1, 34, 5000, 85
1, 17541, 103, 300, 301, 300, 301, 0.44, 50, 100, 1, 19, 5000, 85
0, 34750, 96, 655, 640, 655, 640, 0.44, 50, 100, 1, 32, 5000, 85
0, 34750, 101, 664, 646, 664, 646, 0.44, 50, 100, 1, 38, 5000, 85
0, 34750, 101, 656, 619, 656, 619, 0.44, 50, 100, 1, 37, 5000, 85
1, 10593, 123, 208, 213, 208, 213, 0.44, 50, 100, 1, 8, 5000, 85
0, 34750, 111, 675, 656, 675, 656, 0.44, 50, 100, 1, 37, 5000, 85
0, 34750, 100, 659, 641, 659, 641, 0.44, 50, 100, 1, 34, 5000, 85
1, 12784, 89, 210, 211, 210, 211, 0.44, 50, 100, 1, 11, 5000, 85
1, 20454, 116, 388, 389, 388, 389, 0.44, 50, 100, 1, 17, 5000, 85
0, 34750, 90, 658, 634, 658, 634, 0.44, 50, 100, 1, 38, 5000, 85
1, 12266, 109, 195, 196, 195, 196, 0.44, 50, 100, 1, 8, 5000, 85
0, 34750, 95, 651, 625, 651, 625, 0.44, 50, 100, 1, 39, 5000, 85
0, 34750, 87, 661, 640, 661, 640, 0.44, 50, 100, 1, 42, 5000, 85
0, 34750, 111, 674, 664, 674, 664, 0.44, 50, 100, 1, 36, 5000, 85
1, 12291, 134, 219, 225, 219, 225, 0.44, 50, 100, 1, 8, 5000, 85
0, 34750, 95, 661, 646, 661, 646, 0.44, 50, 100, 1, 32, 5000, 85
1, 11928, 89, 174, 192, 174, 192, 0.44, 50, 100, 1, 8, 5000, 85
0, 34750, 104, 660, 638, 660, 638, 0.44, 50, 100, 1, 31, 5000, 85
0, 34750, 89, 652, 631, 652, 631, 0.44, 50, 100, 1, 32, 5000, 85
0, 34750, 109, 667, 647, 667, 647, 0.44, 50, 100, 1, 31, 5000, 85
0, 34750, 101, 672, 648, 672, 648, 0.44, 50, 100, 1, 31, 5000, 85
1, 21767, 86, 384, 385, 384, 385, 0.44, 50, 100, 1, 18, 5000, 95
1, 13866, 99, 236, 237, 236, 237, 0.44, 50, 100, 1, 10, 5000, 95
1, 19481, 114, 358, 359, 358, 359, 0.44, 50, 100, 1, 19, 5000, 95
0, 38250, 101, 741, 713, 741, 713, 0.44, 50, 100, 1, 39, 5000, 95
1, 19830, 104, 362, 363, 362, 363, 0.44, 50, 100, 1, 17, 5000, 95
1, 14605, 98, 248, 249, 248, 249, 0.44, 50, 100, 1, 15, 5000, 95
0, 38250, 111, 738, 724, 738, 724, 0.44, 50, 100, 1, 40, 5000, 95
0, 38250, 102, 724, 708, 724, 708, 0.44, 50, 100, 1, 45, 5000, 95
1, 15812, 102, 262, 263, 262, 263, 0.44, 50, 100, 1, 12, 5000, 95
0, 38250, 106, 731, 701, 731, 701, 0.44, 50, 100, 1, 43, 5000, 95
1, 13966, 99, 241, 242, 241, 242, 0.44, 50, 100, 1, 12, 5000, 95
0, 38250, 121, 738, 712, 738, 712, 0.44, 50, 100, 1, 44, 5000, 95
1, 31096, 109, 589, 590, 589, 590, 0.44, 50, 100, 1, 35, 5000, 95
0, 38250, 106, 727, 708, 727, 708, 0.44, 50, 100, 1, 43, 5000, 95
0, 38250, 98, 730, 704, 730, 704, 0.44, 50, 100, 1, 43, 5000, 95
0, 38250, 109, 747, 721, 747, 721, 0.44, 50, 100, 1, 38, 5000, 95
0, 38250, 113, 736, 716, 736, 716, 0.44, 50, 100, 1, 39, 5000, 95
1, 15040, 98, 262, 263, 262, 263, 0.44, 50, 100, 1, 13, 5000, 95
1, 26598, 99, 490, 491, 490, 491, 0.44, 50, 100, 1, 27, 5000, 95
0, 38250, 96, 712, 711, 712, 711, 0.44, 50, 100, 1, 40, 5000, 95
1, 27113, 96, 482, 483, 482, 483, 0.44, 50, 100, 1, 26, 5000, 95
0, 38250, 106, 727, 715, 727, 715, 0.44, 50, 100, 1, 40, 5000, 95
1, 21055, 106, 389, 390, 389, 390, 0.44, 50, 100, 1, 18, 5000, 95
1, 28242, 111, 530, 531, 530, 531, 0.44, 50, 100, 1, 25, 5000, 95
0, 38250, 100, 746, 734, 746, 734, 0.44, 50, 100, 1, 36, 5000, 95
1, 17866, 92, 297, 298, 297, 298, 0.44, 50, 100, 1, 17, 5000, 95
1, 12586, 108, 204, 205, 204, 205, 0.44, 50, 100, 1, 9, 5000, 95
0, 38250, 100, 723, 713, 723, 713, 0.44, 50, 100, 1, 35, 5000, 95
1, 11319, 98, 193, 194, 193, 194, 0.44, 50, 100, 1, 8, 5000, 95
0, 38250, 102, 734, 714, 734, 714, 0.44, 50, 100, 1, 39, 5000, 95
0, 38250, 116, 741, 722, 741, 722, 0.44, 50, 100, 1, 35, 5000, 95
1, 12412, 102, 215, 216, 215, 216, 0.44, 50, 100, 1, 9, 5000, 95
0, 38250, 99, 723, 706, 723, 706, 0.44, 50, 100, 1, 39, 5000, 95
0, 38250, 99, 720, 696, 720, 696, 0.44, 50, 100, 1, 38, 5000, 95
0, 38250, 108, 730, 702, 730, 702, 0.44, 50, 100, 1, 36, 5000, 95
0, 38250, 104, 731, 717, 731, 717, 0.44, 50, 100, 1, 35, 5000, 95
1, 29272, 106, 545, 546, 545, 546, 0.44, 50, 100, 1, 26, 5000, 95
0, 38250, 102, 721, 711, 721, 711, 0.44, 50, 100, 1, 48, 5000, 95
0, 38250, 105, 736, 714, 736, 714, 0.44, 50, 100, 1, 38, 5000, 95
0, 38250, 100, 730, 706, 730, 706, 0.44, 50, 100, 1, 50, 5000, 95
1, 18117, 93, 304, 305, 304, 305, 0.44, 50, 100, 1, 17, 5000, 95
1, 14782, 107, 238, 239, 238, 239, 0.44, 50, 100, 1, 15, 5000, 95
1, 12114, 94, 195, 196, 195, 196, 0.44, 50, 100, 1, 11, 5000, 95
0, 38250, 86, 717, 685, 717, 685, 0.44, 50, 100, 1, 37, 5000, 95
0, 38250, 119, 718, 699, 718, 699, 0.44, 50, 100, 1, 36, 5000, 95
0, 38250, 89, 706, 696, 706, 696, 0.44, 50, 100, 1, 40, 5000, 95
1, 12439, 104, 199, 201, 199, 201, 0.44, 50, 100, 1, 9, 5000, 95
1, 12287, 102, 221, 222, 221, 222, 0.44, 50, 100, 1, 8, 5000, 95
0, 38250, 96, 747, 722, 747, 722, 0.44, 50, 100, 1, 37, 5000, 95
1, 36396, 108, 695, 696, 695, 696, 0.44, 50, 100, 1, 34, 5000, 95
1, 16575, 112, 294, 295, 294, 295, 0.44, 50, 100, 1, 13, 5000, 95
1, 26043, 102, 502, 503, 502, 503, 0.44, 50, 100, 1, 23, 5000, 95
0, 38250, 101, 740, 720, 740, 720, 0.44, 50, 100, 1, 47, 5000, 95
1, 11754, 100, 195, 196, 195, 196, 0.44, 50, 100, 1, 8, 5000, 95
0, 38250, 98, 734, 715, 734, 715, 0.44, 50, 100, 1, 46, 5000, 95
0, 38250, 114, 730, 712, 730, 712, 0.44, 50, 100, 1, 38, 5000, 95
0, 38250, 103, 739, 695, 739, 695, 0.44, 50, 100, 1, 41, 5000, 95
0, 38250, 106, 733, 714, 733, 714, 0.44, 50, 100, 1, 40, 5000, 95
0, 38250, 106, 735, 724, 735, 724, 0.44, 50, 100, 1, 37, 5000, 95
0, 38250, 99, 723, 713, 723, 713, 0.44, 50, 100, 1, 39, 5000, 95
0, 38250, 108, 737, 717, 737, 717, 0.44, 50, 100, 1, 42, 5000, 95
0, 38250, 111, 745, 709, 745, 709, 0.44, 50, 100, 1, 38, 5000, 95
1, 31947, 104, 605, 606, 605, 606, 0.44, 50, 100, 1, 31, 5000, 95
0, 38250, 109, 740, 722, 740, 722, 0.44, 50, 100, 1, 43, 5000, 95
1, 11713, 103, 198, 200, 198, 200, 0.44, 50, 100, 1, 8, 5000, 95
0, 38250, 110, 735, 718, 735, 718, 0.44, 50, 100, 1, 40, 5000, 95
1, 23123, 103, 429, 430, 429, 430, 0.44, 50, 100, 1, 23, 5000, 95
1, 33876, 116, 645, 646, 645, 646, 0.44, 50, 100, 1, 34, 5000, 95
0, 38250, 104, 725, 703, 725, 703, 0.44, 50, 100, 1, 40, 5000, 95
0, 38250, 102, 729, 720, 729, 720, 0.44, 50, 100, 1, 40, 5000, 95
0, 38250, 91, 722, 702, 722, 702, 0.44, 50, 100, 1, 39, 5000, 95
0, 38250, 82, 704, 695, 704, 695, 0.44, 50, 100, 1, 39, 5000, 95
0, 38250, 105, 739, 732, 739, 732, 0.44, 50, 100, 1, 36, 5000, 95
1, 23533, 104, 416, 417, 416, 417, 0.44, 50, 100, 1, 22, 5000, 95
1, 36764, 100, 690, 691, 690, 691, 0.44, 50, 100, 1, 36, 5000, 95
1, 36646, 109, 698, 699, 698, 699, 0.44, 50, 100, 1, 42, 5000, 95
0, 38250, 103, 736, 708, 736, 708, 0.44, 50, 100, 1, 38, 5000, 95
1, 22300, 111, 411, 412, 411, 412, 0.44, 50, 100, 1, 21, 5000, 95
0, 38250, 101, 740, 718, 740, 718, 0.44, 50, 100, 1, 37, 5000, 95
0, 38250, 94, 719, 684, 719, 684, 0.44, 50, 100, 1, 45, 5000, 95
1, 11966, 96, 209, 210, 209, 210, 0.44, 50, 100, 1, 8, 5000, 95
0, 38250, 110, 739, 712, 739, 712, 0.44, 50, 100, 1, 41, 5000, 95
0, 38250, 104, 740, 705, 740, 705, 0.44, 50, 100, 1, 38, 5000, 95
1, 27194, 109, 478, 479, 478, 479, 0.44, 50, 100, 1, 28, 5000, 95
0, 38250, 105, 727, 696, 727, 696, 0.44, 50, 100, 1, 37, 5000, 95
0, 38250, 106, 732, 720, 732, 720, 0.44, 50, 100, 1, 43, 5000, 95
0, 38250, 87, 720, 711, 720, 711, 0.44, 50, 100, 1, 35, 5000, 95
1, 12619, 104, 199, 200, 199, 200, 0.44, 50, 100, 1, 9, 5000, 95
0, 38250, 102, 711, 698, 711, 698, 0.44, 50, 100, 1, 50, 5000, 95
0, 38250, 91, 735, 704, 735, 704, 0.44, 50, 100, 1, 37, 5000, 95
0, 38250, 114, 751, 722, 751, 722, 0.44, 50, 100, 1, 52, 5000, 95
0, 38250, 98, 730, 710, 730, 710, 0.44, 50, 100, 1, 39, 5000, 95
0, 38250, 120, 738, 719, 738, 719, 0.44, 50, 100, 1, 38, 5000, 95
0, 38250, 98, 735, 708, 735, 708, 0.44, 50, 100, 1, 36, 5000, 95
1, 16142, 94, 277, 278, 277, 278, 0.44, 50, 100, 1, 13, 5000, 95
0, 38250, 101, 730, 723, 730, 723, 0.44, 50, 100, 1, 39, 5000, 95
1, 38094, 104, 712, 713, 712, 713, 0.44, 50, 100, 1, 38, 5000, 95
0, 38250, 94, 714, 707, 714, 707, 0.44, 50, 100, 1, 41, 5000, 95
1, 13044, 103, 208, 210, 208, 210, 0.44, 50, 100, 1, 9, 5000, 105
0, 38250, 111, 734, 709, 734, 709, 0.44, 50, 100, 1, 36, 5000, 95
1, 16971, 94, 283, 284, 283, 284, 0.44, 50, 100, 1, 19, 5000, 105
0, 38250, 97, 731, 718, 731, 718, 0.44, 50, 100, 1, 36, 5000, 95
0, 41750, 92, 790, 766, 790, 766, 0.44, 50, 100, 1, 39, 5000, 105
0, 41750, 114, 810, 791, 810, 791, 0.44, 50, 100, 1, 44, 5000, 105
1, 19089, 113, 334, 335, 334, 335, 0.44, 50, 100, 1, 15, 5000, 105
0, 41750, 99, 805, 792, 805, 792, 0.44, 50, 100, 1, 43, 5000, 105
1, 41083, 99, 775, 776, 775, 776, 0.44, 50, 100, 1, 40, 5000, 105
1, 19190, 104, 338, 339, 338, 339, 0.44, 50, 100, 1, 18, 5000, 105
0, 41750, 106, 805, 794, 805, 794, 0.44, 50, 100, 1, 41, 5000, 105
0, 41750, 111, 799, 778, 799, 778, 0.44, 50, 100, 1, 42, 5000, 105
1, 23609, 95, 432, 433, 432, 433, 0.44, 50, 100, 1, 23, 5000, 105
1, 30043, 106, 545, 546, 545, 546, 0.44, 50, 100, 1, 32, 5000, 105
0, 41750, 87, 778, 755, 778, 755, 0.44, 50, 100, 1, 49, 5000, 105
1, 13268, 114, 219, 226, 219, 226, 0.44, 50, 100, 1, 9, 5000, 105
1, 38141, 102, 713, 714, 713, 714, 0.44, 50, 100, 1, 36, 5000, 105
1, 13026, 103, 210, 211, 210, 211, 0.44, 50, 100, 1, 9, 5000, 105
1, 22213, 95, 393, 394, 393, 394, 0.44, 50, 100, 1, 19, 5000, 105
1, 13042, 107, 212, 214, 212, 214, 0.44, 50, 100, 1, 11, 5000, 105
0, 41750, 104, 812, 799, 812, 799, 0.44, 50, 100, 1, 43, 5000, 105
1, 37937, 115, 744, 745, 744, 745, 0.44, 50, 100, 1, 43, 5000, 105
0, 41750, 96, 790, 772, 790, 772, 0.44, 50, 100, 1, 40, 5000, 105
0, 41750, 80, 773, 760, 773, 760, 0.44, 50, 100, 1, 43, 5000, 105
0, 41750, 109, 805, 795, 805, 795, 0.44, 50, 100, 1, 40, 5000, 105
1, 18539, 106, 346, 347, 346, 347, 0.44, 50, 100, 1, 18, 5000, 105
0, 41750, 105, 798, 777, 798, 777, 0.44, 50, 100, 1, 37, 5000, 105
0, 41750, 98, 801, 773, 801, 773, 0.44, 50, 100, 1, 39, 5000, 105
0, 41750, 104, 796, 782, 796, 782, 0.44, 50, 100, 1, 39, 5000, 105
0, 41750, 109, 799, 777, 799, 777, 0.44, 50, 100, 1, 39, 5000, 105
1, 15999, 98, 282, 283, 282, 283, 0.44, 50, 100, 1, 12, 5000, 105
1, 12564, 84, 189, 193, 189, 193, 0.44, 50, 100, 1, 9, 5000, 105
1, 35083, 103, 663, 664, 663, 664, 0.44, 50, 100, 1, 34, 5000, 105
1, 17243, 100, 298, 299, 298, 299, 0.44, 50, 100, 1, 16, 5000, 105
0, 41750, 106, 805, 787, 805, 787, 0.44, 50, 100, 1, 48, 5000, 105
1, 18987, 106, 347, 348, 347, 348, 0.44, 50, 100, 1, 15, 5000, 105
1, 31222, 109, 583, 584, 583, 584, 0.44, 50, 100, 1, 37, 5000, 105
1, 13646, 112, 233, 234, 233, 234, 0.44, 50, 100, 1, 10, 5000, 105
1, 41473, 105, 780, 781, 780, 781, 0.44, 50, 100, 1, 40, 5000, 105
1, 18397, 90, 326, 327, 326, 327, 0.44, 50, 100, 1, 19, 5000, 105
0, 41750, 121, 809, 786, 809, 786, 0.44, 50, 100, 1, 40, 5000, 105
1, 12783, 89, 194, 195, 194, 195, 0.44, 50, 100, 1, 9, 5000, 105
1, 39476, 99, 741, 742, 741, 742, 0.44, 50, 100, 1, 40, 5000, 105
1, 23186, 110, 421, 422, 421, 422, 0.44, 50, 100, 1, 21, 5000, 105
1, 24388, 105, 466, 467, 466, 467, 0.44, 50, 100, 1, 22, 5000, 105
1, 11991, 106, 211, 216, 211, 216, 0.44, 50, 100, 1, 8, 5000, 105
0, 41750, 87, 767, 742, 767, 742, 0.44, 50, 100, 1, 44, 5000, 105
1, 32337, 95, 611, 612, 611, 612, 0.44, 50, 100, 1, 31, 5000, 105
1, 14034, 95, 239, 240, 239, 240, 0.44, 50, 100, 1, 10, 5000, 105
1, 41624, 105, 792, 793, 792, 793, 0.44, 50, 100, 1, 43, 5000, 105
0, 41750, 112, 811, 788, 811, 788, 0.44, 50, 100, 1, 39, 5000, 105
1, 39531, 103, 734, 735, 734, 735, 0.44, 50, 100, 1, 47, 5000, 105
0, 41750, 81, 781, 756, 781, 756, 0.44, 50, 100, 1, 38, 5000, 105
1, 21174, 92, 376, 377, 376, 377, 0.44, 50, 100, 1, 17, 5000, 105
0, 41750, 97, 799, 772, 799, 772, 0.44, 50, 100, 1, 51, 5000, 105
1, 14282, 111, 255, 256, 255, 256, 0.44, 50, 100, 1, 11, 5000, 105
0, 41750, 98, 800, 772, 800, 772, 0.44, 50, 100, 1, 50, 5000, 105
0, 41750, 95, 803, 780, 803, 780, 0.44, 50, 100, 1, 49, 5000, 105
0, 41750, 109, 807, 788, 807, 788, 0.44, 50, 100, 1, 44, 5000, 105
0, 41750, 112, 800, 782, 800, 782, 0.44, 50, 100, 1, 41, 5000, 105
0, 41750, 96, 794, 764, 794, 764, 0.44, 50, 100, 1, 49, 5000, 105
0, 41750, 91, 787, 778, 787, 778, 0.44, 50, 100, 1, 47, 5000, 105
1, 19700, 103, 338, 339, 338, 339, 0.44, 50, 100, 1, 16, 5000, 105
0, 41750, 92, 795, 775, 795, 775, 0.44, 50, 100, 1, 42, 5000, 105
1, 24882, 107, 457, 458, 457, 458, 0.44, 50, 100, 1, 22, 5000, 105
0, 41750, 95, 815, 794, 815, 794, 0.44, 50, 100, 1, 45, 5000, 105
0, 41750, 85, 790, 747, 790, 747, 0.44, 50, 100, 1, 41, 5000, 105
0, 41750, 91, 786, 774, 786, 774, 0.44, 50, 100, 1, 44, 5000, 105
0, 41750, 115, 811, 793, 811, 793, 0.44, 50, 100, 1, 39, 5000, 105
1, 20894, 98, 373, 374, 373, 374, 0.44, 50, 100, 1, 18, 5000, 105
0, 41750, 89, 788, 762, 788, 762, 0.44, 50, 100, 1, 40, 5000, 105
0, 41750, 112, 807, 797, 807, 797, 0.44, 50, 100, 1, 40, 5000, 105
0, 41750, 109, 804, 768, 804, 768, 0.44, 50, 100, 1, 38, 5000, 105
1, 13019, 111, 216, 217, 216, 217, 0.44, 50, 100, 1, 9, 5000, 105
0, 41750, 101, 808, 777, 808, 777, 0.44, 50, 100, 1, 40, 5000, 105
0, 41750, 97, 797, 786, 797, 786, 0.44, 50, 100, 1, 44, 5000, 105
0, 41750, 104, 798, 779, 798, 779, 0.44, 50, 100, 1, 39, 5000, 105
0, 41750, 102, 792, 767, 792, 767, 0.44, 50, 100, 1, 42, 5000, 105
0, 41750, 99, 785, 767, 785, 767, 0.44, 50, 100, 1, 40, 5000, 105
1, 32221, 102, 602, 603, 602, 603, 0.44, 50, 100, 1, 33, 5000, 105
1, 19602, 99, 345, 346, 345, 346, 0.44, 50, 100, 1, 18, 5000, 105
0, 41750, 93, 790, 766, 790, 766, 0.44, 50, 100, 1, 41, 5000, 105
1, 12099, 98, 203, 210, 203, 210, 0.44, 50, 100, 1, 10, 5000, 105
0, 41750, 103, 822, 791, 822, 791, 0.44, 50, 100, 1, 41, 5000, 105
0, 41750, 109, 817, 798, 817, 798, 0.44, 50, 100, 1, 39, 5000, 105
0, 41750, 92, 800, 787, 800, 787, 0.44, 50, 100, 1, 46, 5000, 105
1, 29377, 115, 553, 554, 553, 554, 0.44, 50, 100, 1, 33, 5000, 105
1, 22022, 107, 403, 404, 403, 404, 0.44, 50, 100, 1, 21, 5000, 105
0, 41750, 94, 790, 757, 790, 757, 0.44, 50, 100, 1, 42, 5000, 105
1, 24621, 99, 429, 430, 429, 430, 0.44, 50, 100, 1, 27, 5000, 105
0, 41750, 101, 808, 789, 808, 789, 0.44, 50, 100, 1, 46, 5000, 105
1, 38244, 105, 727, 728, 727, 728, 0.44, 50, 100, 1, 43, 5000, 105
1, 38974, 111, 737, 738, 737, 738, 0.44, 50, 100, 1, 36, 5000, 105
1, 30376, 91, 551, 552, 551, 552, 0.44, 50, 100, 1, 27, 5000, 105
1, 41009, 93, 765, 766, 765, 766, 0.44, 50, 100, 1, 42, 5000, 105
0, 41750, 107, 804, 794, 804, 794, 0.44, 50, 100, 1, 48, 5000, 105
0, 41750, 96, 806, 773, 806, 773, 0.44, 50, 100, 1, 47, 5000, 105
1, 14817, 112, 262, 265, 262, 265, 0.44, 50, 100, 1, 12, 5000, 150
0, 41750, 91, 795, 784, 795, 784, 0.44, 50, 100, 1, 43, 5000, 105
1, 37038, 101, 703, 704, 703, 704, 0.44, 50, 100, 1, 40, 5000, 105
0, 41750, 106, 807, 793, 807, 793, 0.44, 50, 100, 1, 46, 5000, 105
1, 20294, 107, 379, 380, 379, 380, 0.44, 50, 100, 1, 17, 5000, 150
0, 41750, 94, 798, 777, 798, 777, 0.44, 50, 100, 1, 46, 5000, 105
0, 41750, 108, 793, 775, 793, 775, 0.44, 50, 100, 1, 46, 5000, 105
1, 15122, 90, 249, 250, 249, 250, 0.44, 50, 100, 1, 15, 5000, 150
1, 27760, 110, 516, 517, 516, 517, 0.44, 50, 100, 1, 27, 5000, 150
1, 15622, 103, 275, 276, 275, 276, 0.44, 50, 100, 1, 13, 5000, 150
1, 49844, 97, 953, 954, 953, 954, 0.44, 50, 100, 1, 54, 5000, 150
1, 47344, 97, 893, 894, 893, 894, 0.44, 50, 100, 1, 47, 5000, 150
1, 17402, 103, 324, 325, 324, 325, 0.44, 50, 100, 1, 14, 5000, 150
1, 15090, 120, 270, 276, 270, 276, 0.44, 50, 100, 1, 12, 5000, 150
1, 17316, 119, 321, 322, 321, 322, 0.44, 50, 100, 1, 14, 5000, 150
0, 57500, 95, 1112, 1091, 1112, 1091, 0.44, 50, 100, 1, 55, 5000, 150
1, 19676, 93, 355, 356, 355, 356, 0.44, 50, 100, 1, 16, 5000, 150
1, 16293, 92, 269, 270, 269, 270, 0.44, 50, 100, 1, 13, 5000, 150
1, 24618, 94, 445, 446, 445, 446, 0.44, 50, 100, 1, 23, 5000, 150
0, 57500, 104, 1127, 1098, 1127, 1098, 0.44, 50, 100, 1, 65, 5000, 150
1, 43284, 99, 816, 817, 816, 817, 0.44, 50, 100, 1, 45, 5000, 150
1, 54600, 104, 1053, 1054, 1053, 1054, 0.44, 50, 100, 1, 59, 5000, 150
1, 56133, 110, 1098, 1099, 1098, 1099, 0.44, 50, 100, 1, 65, 5000, 150
1, 54024, 105, 1040, 1041, 1040, 1041, 0.44, 50, 100, 1, 63, 5000, 150
0, 57500, 111, 1118, 1102, 1118, 1102, 0.44, 50, 100, 1, 60, 5000, 150
0, 57500, 110, 1122, 1096, 1122, 1096, 0.44, 50, 100, 1, 66, 5000, 150
0, 57500, 91, 1113, 1098, 1113, 1098, 0.44, 50, 100, 1, 67, 5000, 150
0, 57500, 107, 1107, 1080, 1107, 1080, 0.44, 50, 100, 1, 66, 5000, 150
0, 57500, 99, 1124, 1103, 1124, 1103, 0.44, 50, 100, 1, 61, 5000, 150
0, 57500, 110, 1114, 1097, 1114, 1097, 0.44, 50, 100, 1, 63, 5000, 150
0, 57500, 100, 1118, 1090, 1118, 1090, 0.44, 50, 100, 1, 76, 5000, 150
1, 15406, 108, 258, 263, 258, 263, 0.44, 50, 100, 1, 15, 5000, 150
1, 31195, 87, 568, 569, 568, 569, 0.44, 50, 100, 1, 38, 5000, 150
1, 27347, 83, 486, 487, 486, 487, 0.44, 50, 100, 1, 27, 5000, 150
1, 39585, 114, 747, 748, 747, 748, 0.44, 50, 100, 1, 50, 5000, 150
0, 57500, 101, 1122, 1104, 1122, 1104, 0.44, 50, 100, 1, 70, 5000, 150
0, 57500, 93, 1107, 1085, 1107, 1085, 0.44, 50, 100, 1, 68, 5000, 150
1, 16770, 100, 298, 299, 298, 299, 0.44, 50, 100, 1, 19, 5000, 150
0, 57500, 114, 1123, 1105, 1123, 1105, 0.44, 50, 100, 1, 73, 5000, 150
1, 39922, 90, 732, 733, 732, 733, 0.44, 50, 100, 1, 51, 5000, 150
1, 20174, 103, 354, 355, 354, 355, 0.44, 50, 100, 1, 23, 5000, 150
0, 57500, 92, 1099, 1074, 1099, 1074, 0.44, 50, 100, 1, 75, 5000, 150
0, 57500, 92, 1112, 1086, 1112, 1086, 0.44, 50, 100, 1, 74, 5000, 150
0, 57500, 108, 1110, 1103, 1110, 1103, 0.44, 50, 100, 1, 70, 5000, 150
1, 16266, 110, 296, 297, 296, 297, 0.44, 50, 100, 1, 17, 5000, 150
0, 57500, 109, 1116, 1098, 1116, 1098, 0.44, 50, 100, 1, 73, 5000, 150
1, 43291, 104, 821, 822, 821, 822, 0.44, 50, 100, 1, 50, 5000, 150
0, 57500, 97, 1123, 1097, 1123, 1097, 0.44, 50, 100, 1, 79, 5000, 150
1, 14465, 103, 254, 255, 254, 255, 0.44, 50, 100, 1, 15, 5000, 150
0, 57500, 91, 1095, 1087, 1095, 1087, 0.44, 50, 100, 1, 72, 5000, 150
1, 41299, 107, 780, 781, 780, 781, 0.44, 50, 100, 1, 45, 5000, 150
1, 22896, 114, 429, 430, 429, 430, 0.44, 50, 100, 1, 22, 5000, 150
0, 57500, 102, 1104, 1088, 1104, 1088, 0.44, 50, 100, 1, 66, 5000, 150
0, 57500, 96, 1108, 1083, 1108, 1083, 0.44, 50, 100, 1, 76, 5000, 150
1, 30258, 88, 537, 538, 537, 538, 0.44, 50, 100, 1, 37, 5000, 150
1, 23863, 113, 455, 456, 455, 456, 0.44, 50, 100, 1, 23, 5000, 150
1, 31554, 82, 561, 562, 561, 562, 0.44, 50, 100, 1, 34, 5000, 150
0, 57500, 94, 1115, 1094, 1115, 1094, 0.44, 50, 100, 1, 72, 5000, 150
0, 57500, 114, 1116, 1103, 1116, 1103, 0.44, 50, 100, 1, 68, 5000, 150
1, 31618, 93, 574, 575, 574, 575, 0.44, 50, 100, 1, 36, 5000, 150
1, 30647, 92, 555, 556, 555, 556, 0.44, 50, 100, 1, 29, 5000, 150
0, 57500, 105, 1103, 1077, 1103, 1077, 0.44, 50, 100, 1, 64, 5000, 150
0, 57500, 95, 1104, 1090, 1104, 1090, 0.44, 50, 100, 1, 61, 5000, 150
1, 36858, 104, 698, 699, 698, 699, 0.44, 50, 100, 1, 37, 5000, 150
1, 17973, 106, 317, 318, 317, 318, 0.44, 50, 100, 1, 17, 5000, 150
1, 31486, 122, 609, 610, 609, 610, 0.44, 50, 100, 1, 31, 5000, 150
0, 57500, 99, 1123, 1099, 1123, 1099, 0.44, 50, 100, 1, 63, 5000, 150
1, 19565, 103, 345, 346, 345, 346, 0.44, 50, 100, 1, 19, 5000, 150
0, 57500, 94, 1117, 1085, 1117, 1085, 0.44, 50, 100, 1, 63, 5000, 150
1, 34803, 94, 637, 638, 637, 638, 0.44, 50, 100, 1, 41, 5000, 150
1, 22417, 90, 405, 406, 405, 406, 0.44, 50, 100, 1, 22, 5000, 150
1, 17955, 89, 306, 307, 306, 307, 0.44, 50, 100, 1, 17, 5000, 150
1, 47721, 108, 921, 922, 921, 922, 0.44, 50, 100, 1, 54, 5000, 150
0, 57500, 102, 1109, 1091, 1109, 1091, 0.44, 50, 100, 1, 66, 5000, 150
1, 18714, 116, 354, 355, 354, 355, 0.44, 50, 100, 1, 16, 5000, 150
1, 18080, 105, 324, 325, 324, 325, 0.44, 50, 100, 1, 15, 5000, 150
0, 57500, 96, 1123, 1091, 1123, 1091, 0.44, 50, 100, 1, 58, 5000, 150
1, 20674, 110, 373, 374, 373, 374, 0.44, 50, 100, 1, 20, 5000, 150
1, 17945, 103, 326, 327, 326, 327, 0.44, 50, 100, 1, 15, 5000, 150
0, 57500, 119, 1128, 1112, 1128, 1112, 0.44, 50, 100, 1, 66, 5000, 150
1, 26398, 90, 485, 486, 485, 486, 0.44, 50, 100, 1, 28, 5000, 150
1, 13967, 93, 243, 244, 243, 244, 0.44, 50, 100, 1, 10, 5000, 150
0, 57500, 108, 1111, 1096, 1111, 1096, 0.44, 50, 100, 1, 60, 5000, 150
1, 19416, 76, 321, 322, 321, 322, 0.44, 50, 100, 1, 18, 5000, 150
1, 16899, 91, 282, 283, 282, 283, 0.44, 50, 100, 1, 13, 5000, 150
0, 57500, 94, 1101, 1070, 1101, 1070, 0.44, 50, 100, 1, 61, 5000, 150
1, 32464, 101, 614, 615, 614, 615, 0.44, 50, 100, 1, 35, 5000, 150
0, 57500, 103, 1102, 1097, 1102, 1097, 0.44, 50, 100, 1, 67, 5000, 150
1, 40800, 107, 778, 779, 778, 779, 0.44, 50, 100, 1, 41, 5000, 150
1, 51038, 96, 960, 961, 960, 961, 0.44, 50, 100, 1, 58, 5000, 150
0, 57500, 95, 1089, 1075, 1089, 1075, 0.44, 50, 100, 1, 70, 5000, 150
1, 26584, 121, 490, 491, 490, 491, 0.44, 50, 100, 1, 28, 5000, 150
1, 24853, 99, 458, 459, 458, 459, 0.44, 50, 100, 1, 22, 5000, 150
1, 25599, 98, 470, 471, 470, 471, 0.44, 50, 100, 1, 28, 5000, 150
1, 14320, 91, 241, 242, 241, 242, 0.44, 50, 100, 1, 10, 5000, 150
1, 49081, 110, 932, 933, 932, 933, 0.44, 50, 100, 1, 47, 5000, 150
0, 57500, 88, 1106, 1091, 1106, 1091, 0.44, 50, 100, 1, 66, 5000, 150
1, 17439, 98, 296, 297, 296, 297, 0.44, 50, 100, 1, 14, 5000, 150
0, 57500, 96, 1124, 1092, 1124, 1092, 0.44, 50, 100, 1, 72, 5000, 150
0, 57500, 101, 1107, 1098, 1107, 1098, 0.44, 50, 100, 1, 62, 5000, 150
1, 17958, 113, 307, 308, 307, 308, 0.44, 50, 100, 1, 15, 5000, 150
0, 57500, 94, 1091, 1066, 1091, 1066, 0.44, 50, 100, 1, 64, 5000, 150
0, 57500, 106, 1129, 1111, 1129, 1111, 0.44, 50, 100, 1, 65, 5000, 150
0, 57500, 108, 1123, 1099, 1123, 1099, 0.44, 50, 100, 1, 57, 5000, 150
0, 57500, 103, 1118, 1111, 1118, 1111, 0.44, 50, 100, 1, 54, 5000, 150
1, 5450, 93, 98, 100, 98, 100, 0.44, 50, 100, 1, 2, 5000, 5
1, 6014, 97, 106, 107, 106, 107, 0.44, 50, 100, 1, 2, 5000, 5
1, 5582, 93, 98, 99, 98, 99, 0.44, 50, 100, 1, 2, 5000, 5
1, 6259, 95, 108, 109, 108, 109, 0.44, 50, 100, 1, 2, 5000, 5
1, 5705, 97, 106, 107, 106, 107, 0.44, 50, 100, 1, 2, 5000, 5
1, 5718, 89, 94, 95, 94, 95, 0.44, 50, 100, 1, 2, 5000, 5
0, 6750, 96, 118, 112, 118, 112, 0.44, 50, 100, 1, 3, 5000, 5
1, 5794, 105, 110, 111, 110, 111, 0.44, 50, 100, 1, 2, 5000, 5
0, 6750, 103, 134, 120, 134, 120, 0.44, 50, 100, 1, 3, 5000, 5
0, 6750, 102, 124, 117, 124, 117, 0.44, 50, 100, 1, 3, 5000, 5
0, 6750, 93, 118, 106, 118, 106, 0.44, 50, 100, 1, 3, 5000, 5
0, 6750, 81, 106, 102, 106, 102, 0.44, 50, 100, 1, 3, 5000, 5
0, 6750, 99, 112, 110, 112, 110, 0.44, 50, 100, 1, 3, 5000, 5
0, 6750, 97, 124, 110, 124, 110, 0.44, 50, 100, 1, 3, 5000, 5
0, 6750, 107, 127, 122, 127, 122, 0.44, 50, 100, 1, 3, 5000, 5
1, 5927, 105, 110, 118, 110, 118, 0.44, 50, 100, 1, 2, 5000, 5
1, 5797, 99, 104, 106, 104, 106, 0.44, 50, 100, 1, 2, 5000, 5
0, 6750, 94, 116, 113, 116, 113, 0.44, 50, 100, 1, 3, 5000, 5
1, 6548, 104, 125, 126, 125, 126, 0.44, 50, 100, 1, 3, 5000, 5
1, 5943, 109, 120, 121, 120, 121, 0.44, 50, 100, 1, 2, 5000, 5
1, 5539, 103, 108, 109, 108, 109, 0.44, 50, 100, 1, 2, 5000, 5
0, 6750, 95, 126, 117, 126, 117, 0.44, 50, 100, 1, 3, 5000, 5
0, 6750, 109, 124, 119, 124, 119, 0.44, 50, 100, 1, 3, 5000, 5
1, 5551, 105, 113, 114, 113, 114, 0.44, 50, 100, 1, 2, 5000, 5
1, 6207, 100, 113, 114, 113, 114, 0.44, 50, 100, 1, 2, 5000, 5
1, 5569, 109, 114, 120, 114, 120, 0.44, 50, 100, 1, 2, 5000, 5
1, 5667, 101, 106, 108, 106, 108, 0.44, 50, 100, 1, 2, 5000, 5
0, 6750, 104, 123, 117, 123, 117, 0.44, 50, 100, 1, 3, 5000, 5
1, 5792, 103, 108, 110, 108, 110, 0.44, 50, 100, 1, 2, 5000, 5
1, 5635, 108, 113, 115, 113, 115, 0.44, 50, 100, 1, 2, 5000, 5
1, 6243, 89, 106, 107, 106, 107, 0.44, 50, 100, 1, 3, 5000, 5
1, 6044, 105, 110, 112, 110, 112, 0.44, 50, 100, 1, 2, 5000, 5
1, 5543, 89, 95, 96, 95, 96, 0.44, 50, 100, 1, 2, 5000, 5
1, 5736, 90, 95, 99, 95, 99, 0.44, 50, 100, 1, 2, 5000, 5
0, 6750, 108, 132, 123, 132, 123, 0.44, 50, 100, 1, 3, 5000, 5
1, 5668, 100, 105, 106, 105, 106, 0.44, 50, 100, 1, 2, 5000, 5
1, 5832, 117, 122, 126, 122, 126, 0.44, 50, 100, 1, 2, 5000, 5
1, 5252, 91, 96, 97, 96, 97, 0.44, 50, 100, 1, 1, 5000, 5
0, 6750, 89, 106, 102, 106, 102, 0.44, 50, 100, 1, 3, 5000, 5
0, 6750, 108, 117, 115, 117, 115, 0.44, 50, 100, 1, 3, 5000, 5
0, 6750, 110, 133, 130, 133, 130, 0.44, 50, 100, 1, 3, 5000, 5
1, 5959, 99, 108, 109, 108, 109, 0.44, 50, 100, 1, 2, 5000, 5
1, 5315, 100, 105, 106, 105, 106, 0.44, 50, 100, 1, 2, 5000, 5
1, 5397, 85, 90, 91, 90, 91, 0.44, 50, 100, 1, 2, 5000, 5
0, 6750, 100, 122, 112, 122, 112, 0.44, 50, 100, 1, 3, 5000, 5
1, 5976, 109, 114, 120, 114, 120, 0.44, 50, 100, 1, 2, 5000, 5
0, 6750, 98, 116, 108, 116, 108, 0.44, 50, 100, 1, 3, 5000, 5
1, 6136, 117, 122, 126, 122, 126, 0.44, 50, 100, 1, 3, 5000, 5
0, 6750, 90, 114, 97, 114, 97, 0.44, 50, 100, 1, 3, 5000, 5
0, 6750, 108, 130, 122, 130, 122, 0.44, 50, 100, 1, 3, 5000, 5
0, 6750, 103, 124, 117, 124, 117, 0.44, 50, 100, 1, 3, 5000, 5
1, 6530, 95, 112, 113, 112, 113, 0.44, 50, 100, 1, 3, 5000, 5
1, 5851, 107, 114, 115, 114, 115, 0.44, 50, 100, 1, 2, 5000, 5
0, 6750, 114, 136, 125, 136, 125, 0.44, 50, 100, 1, 3, 5000, 5
1, 5746, 92, 97, 102, 97, 102, 0.44, 50, 100, 1, 2, 5000, 5
1, 6037, 105, 114, 115, 114, 115, 0.44, 50, 100, 1, 2, 5000, 5
0, 6750, 110, 133, 125, 133, 125, 0.44, 50, 100, 1, 3, 5000, 5
0, 6750, 96, 118, 113, 118, 113, 0.44, 50, 100, 1, 3, 5000, 5
1, 6003, 90, 95, 96, 95, 96, 0.44, 50, 100, 1, 2, 5000, 5
1, 5806, 101, 106, 111, 106, 111, 0.44, 50, 100, 1, 2, 5000, 5
0, 6750, 95, 119, 114, 119, 114, 0.44, 50, 100, 1, 3, 5000, 5
1, 6168, 109, 117, 118, 117, 118, 0.44, 50, 100, 1, 2, 5000, 5
1, 5505, 107, 112, 113, 112, 113, 0.44, 50, 100, 1, 2, 5000, 5
0, 6750, 121, 138, 132, 138, 132, 0.44, 50, 100, 1, 3, 5000, 5
1, 5672, 87, 92, 96, 92, 96, 0.44, 50, 100, 1, 2, 5000, 5
1, 5643, 95, 100, 101, 100, 101, 0.44, 50, 100, 1, 2, 5000, 5
1, 5354, 97, 102, 103, 102, 103, 0.44, 50, 100, 1, 2, 5000, 5
1, 5491, 101, 106, 107, 106, 107, 0.44, 50, 100, 1, 2, 5000, 5
0, 6750, 100, 118, 109, 118, 109, 0.44, 50, 100, 1, 3, 5000, 5
0, 6750, 90, 113, 108, 113, 108, 0.44, 50, 100, 1, 3, 5000, 5
0, 6750, 103, 119, 116, 119, 116, 0.44, 50, 100, 1, 3, 5000, 5
1, 6066, 109, 121, 122, 121, 122, 0.44, 50, 100, 1, 2, 5000, 5
0, 6750, 99, 123, 114, 123, 114, 0.44, 50, 100, 1, 3, 5000, 5
0, 6750, 100, 118, 115, 118, 115, 0.44, 50, 100, 1, 3, 5000, 5
1, 5666, 117, 122, 123, 122, 123, 0.44, 50, 100, 1, 2, 5000, 5
1, 5861, 110, 119, 120, 119, 120, 0.44, 50, 100, 1, 2, 5000, 5
1, 5667, 105, 110, 111, 110, 111, 0.44, 50, 100, 1, 2, 5000, 5
1, 5444, 92, 97, 100, 97, 100, 0.44, 50, 100, 1, 2, 5000, 5
0, 6750, 101, 123, 113, 123, 113, 0.44, 50, 100, 1, 3, 5000, 5
1, 5781, 109, 114, 115, 114, 115, 0.44, 50, 100, 1, 2, 5000, 5
1, 5582, 110, 115, 121, 115, 121, 0.44, 50, 100, 1, 2, 5000, 5
1, 5521, 81, 87, 88, 87, 88, 0.44, 50, 100, 1, 2, 5000, 5
1, 5521, 118, 123, 124, 123, 124, 0.44, 50, 100, 1, 2, 5000, 5
0, 6750, 86, 102, 98, 102, 98, 0.44, 50, 100, 1, 3, 5000, 5
1, 5339, 102, 107, 108, 107, 108, 0.44, 50, 100, 1, 2, 5000, 5
0, 6750, 97, 124, 113, 124, 113, 0.44, 50, 100, 1, 3, 5000, 5
1, 5927, 105, 120, 121, 120, 121, 0.44, 50, 100, 1, 2, 5000, 5
1, 6238, 99, 104, 106, 104, 106, 0.44, 50, 100, 1, 2, 5000, 5
1, 6044, 98, 110, 111, 110, 111, 0.44, 50, 100, 1, 2, 5000, 5
0, 6750, 96, 113, 108, 113, 108, 0.44, 50, 100, 1, 3, 5000, 5
0, 6750, 106, 137, 120, 137, 120, 0.44, 50, 100, 1, 3, 5000, 5
1, 5859, 106, 114, 115, 114, 115, 0.44, 50, 100, 1, 2, 5000, 5
1, 5804, 116, 121, 122, 121, 122, 0.44, 50, 100, 1, 2, 5000, 5
1, 5659, 102, 107, 109, 107, 109, 0.44, 50, 100, 1, 2, 5000, 5
1, 5898, 104, 109, 112, 109, 112, 0.44, 50, 100, 1, 2, 5000, 5
1, 5767, 112, 117, 118, 117, 118, 0.44, 50, 100, 1, 2, 5000, 5
0, 6750, 81, 108, 107, 108, 107, 0.44, 50, 100, 1, 3, 5000, 5
0, 6750, 101, 121, 114, 121, 114, 0.44, 50, 100, 1, 3, 5000, 5
1, 5656, 97, 102, 105, 102, 105, 0.44, 50, 100, 1, 2, 5000, 5
0, 6750, 101, 126, 113, 126, 113, 0.44, 50, 100, 1, 3, 5000, 5
0, 8500, 110, 152, 147, 152, 147, 0.44, 50, 100, 1, 4, 5000, 10
0, 8500, 91, 133, 118, 133, 118, 0.44, 50, 100, 1, 4, 5000, 10
1, 5641, 99, 109, 110, 109, 110, 0.44, 50, 100, 1, 2, 5000, 10
1, 8044, 105, 139, 140, 139, 140, 0.44, 50, 100, 1, 4, 5000, 10
0, 8500, 106, 154, 137, 154, 137, 0.44, 50, 100, 1, 5, 5000, 10
1, 5801, 90, 100, 101, 100, 101, 0.44, 50, 100, 1, 2, 5000, 10
0, 8500, 88, 134, 126, 134, 126, 0.44, 50, 100, 1, 4, 5000, 10
1, 6846, 107, 121, 122, 121, 122, 0.44, 50, 100, 1, 3, 5000, 10
0, 8500, 92, 138, 123, 138, 123, 0.44, 50, 100, 1, 5, 5000, 10
0, 8500, 107, 161, 147, 161, 147, 0.44, 50, 100, 1, 4, 5000, 10
1, 6003, 112, 122, 123, 122, 123, 0.44, 50, 100, 1, 2, 5000, 10
0, 8500, 100, 157, 141, 157, 141, 0.44, 50, 100, 1, 5, 5000, 10
0, 8500, 109, 157, 152, 157, 152, 0.44, 50, 100, 1, 5, 5000, 10
1, 6030, 108, 118, 119, 118, 119, 0.44, 50, 100, 1, 3, 5000, 10
1, 6187, 103, 113, 116, 113, 116, 0.44, 50, 100, 1, 3, 5000, 10
0, 8500, 102, 147, 135, 147, 135, 0.44, 50, 100, 1, 4, 5000, 10
0, 8500, 105, 148, 132, 148, 132, 0.44, 50, 100, 1, 4, 5000, 10
1, 6208, 93, 103, 104, 103, 104, 0.44, 50, 100, 1, 2, 5000, 10
0, 8500, 91, 127, 117, 127, 117, 0.44, 50, 100, 1, 4, 5000, 10
0, 8500, 96, 140, 129, 140, 129, 0.44, 50, 100, 1, 4, 5000, 10
0, 8500, 105, 156, 141, 156, 141, 0.44, 50, 100, 1, 5, 5000, 10
1, 6516, 109, 130, 131, 130, 131, 0.44, 50, 100, 1, 3, 5000, 10
0, 8500, 104, 155, 147, 155, 147, 0.44, 50, 100, 1, 5, 5000, 10
1, 6000, 105, 115, 119, 115, 119, 0.44, 50, 100, 1, 3, 5000, 10
0, 8500, 116, 158, 140, 158, 140, 0.44, 50, 100, 1, 5, 5000, 10
0, 8500, 101, 158, 142, 158, 142, 0.44, 50, 100, 1, 5, 5000, 10
1, 6053, 99, 109, 110, 109, 110, 0.44, 50, 100, 1, 2, 5000, 10
0, 8500, 98, 144, 139, 144, 139, 0.44, 50, 100, 1, 5, 5000, 10
1, 5848, 97, 107, 108, 107, 108, 0.44, 50, 100, 1, 2, 5000, 10
1, 6921, 112, 136, 137, 136, 137, 0.44, 50, 100, 1, 3, 5000, 10
0, 8500, 91, 133, 123, 133, 123, 0.44, 50, 100, 1, 4, 5000, 10
0, 8500, 90, 153, 125, 153, 125, 0.44, 50, 100, 1, 5, 5000, 10
0, 8500, 115, 170, 157, 170, 157, 0.44, 50, 100, 1, 5, 5000, 10
0, 8500, 115, 161, 149, 161, 149, 0.44, 50, 100, 1, 5, 5000, 10
1, 8116, 97, 132, 133, 132, 133, 0.44, 50, 100, 1, 4, 5000, 10
1, 6308, 105, 115, 118, 115, 118, 0.44, 50, 100, 1, 3, 5000, 10
1, 6710, 87, 97, 103, 97, 103, 0.44, 50, 100, 1, 3, 5000, 10
1, 6781, 84, 108, 109, 108, 109, 0.44, 50, 100, 1, 3, 5000, 10
1, 6095, 93, 105, 106, 105, 106, 0.44, 50, 100, 1, 2, 5000, 10
0, 8500, 108, 144, 132, 144, 132, 0.44, 50, 100, 1, 4, 5000, 10
1, 6208, 101, 111, 114, 111, 114, 0.44, 50, 100, 1, 2, 5000, 10
1, 6929, 95, 116, 117, 116, 117, 0.44, 50, 100, 1, 3, 5000, 10
1, 6045, 91, 101, 102, 101, 102, 0.44, 50, 100, 1, 2, 5000, 10
1, 8198, 90, 133, 134, 133, 134, 0.44, 50, 100, 1, 4, 5000, 10
1, 6680, 101, 118, 119, 118, 119, 0.44, 50, 100, 1, 3, 5000, 10
1, 6440, 101, 111, 115, 111, 115, 0.44, 50, 100, 1, 3, 5000, 10
0, 8500, 107, 158, 144, 158, 144, 0.44, 50, 100, 1, 5, 5000, 10
1, 6285, 90, 100, 105, 100, 105, 0.44, 50, 100, 1, 2, 5000, 10
0, 8500, 127, 174, 159, 174, 159, 0.44, 50, 100, 1, 5, 5000, 10
1, 7798, 113, 142, 143, 142, 143, 0.44, 50, 100, 1, 4, 5000, 10
1, 5940, 111, 121, 122, 121, 122, 0.44, 50, 100, 1, 2, 5000, 10
1, 6199, 96, 106, 107, 106, 107, 0.44, 50, 100, 1, 2, 5000, 10
1, 6463, 106, 116, 120, 116, 120, 0.44, 50, 100, 1, 3, 5000, 10
1, 5985, 116, 126, 127, 126, 127, 0.44, 50, 100, 1, 2, 5000, 10
0, 8500, 107, 163, 145, 163, 145, 0.44, 50, 100, 1, 4, 5000, 10
0, 8500, 92, 147, 130, 147, 130, 0.44, 50, 100, 1, 5, 5000, 10
1, 8432, 96, 125, 126, 125, 126, 0.44, 50, 100, 1, 5, 5000, 10
0, 8500, 114, 164, 142, 164, 142, 0.44, 50, 100, 1, 5, 5000, 10
1, 5974, 111, 121, 123, 121, 123, 0.44, 50, 100, 1, 2, 5000, 10
1, 6057, 112, 122, 127, 122, 127, 0.44, 50, 100, 1, 2, 5000, 10
1, 6805, 97, 119, 120, 119, 120, 0.44, 50, 100, 1, 3, 5000, 10
0, 8500, 113, 154, 139, 154, 139, 0.44, 50, 100, 1, 4, 5000, 10
0, 8500, 88, 127, 119, 127, 119, 0.44, 50, 100, 1, 4, 5000, 10
0, 8500, 97, 148, 137, 148, 137, 0.44, 50, 100, 1, 5, 5000, 10
0, 8500, 107, 153, 140, 153, 140, 0.44, 50, 100, 1, 5, 5000, 10
1, 6697, 102, 119, 120, 119, 120, 0.44, 50, 100, 1, 3, 5000, 10
0, 8500, 102, 145, 134, 145, 134, 0.44, 50, 100, 1, 5, 5000, 10
0, 8500, 93, 145, 112, 145, 112, 0.44, 50, 100, 1, 4, 5000, 10
0, 8500, 87, 130, 121, 130, 121, 0.44, 50, 100, 1, 4, 5000, 10
1, 5788, 98, 108, 109, 108, 109, 0.44, 50, 100, 1, 2, 5000, 10
0, 8500, 109, 159, 147, 159, 147, 0.44, 50, 100, 1, 5, 5000, 10
1, 5901, 104, 114, 115, 114, 115, 0.44, 50, 100, 1, 2, 5000, 10
0, 8500, 99, 144, 130, 144, 130, 0.44, 50, 100, 1, 5, 5000, 10
1, 7048, 116, 137, 138, 137, 138, 0.44, 50, 100, 1, 3, 5000, 10
1, 6376, 115, 125, 126, 125, 126, 0.44, 50, 100, 1, 3, 5000, 10
1, 6194, 116, 126, 128, 126, 128, 0.44, 50, 100, 1, 2, 5000, 10
0, 8500, 98, 146, 137, 146, 137, 0.44, 50, 100, 1, 5, 5000, 10
0, 8500, 119, 175, 150, 175, 150, 0.44, 50, 100, 1, 5, 5000, 10
0, 8500, 102, 142, 129, 142, 129, 0.44, 50, 100, 1, 4, 5000, 10
0, 8500, 107, 150, 133, 150, 133, 0.44, 50, 100, 1, 5, 5000, 10
0, 8500, 94, 139, 128, 139, 128, 0.44, 50, 100, 1, 4, 5000, 10
0, 8500, 103, 154, 143, 154, 143, 0.44, 50, 100, 1, 5, 5000, 10
0, 8500, 95, 140, 121, 140, 121, 0.44, 50, 100, 1, 4, 5000, 10
1, 7511, 94, 123, 124, 123, 124, 0.44, 50, 100, 1, 3, 5000, 10
0, 8500, 101, 141, 126, 141, 126, 0.44, 50, 100, 1, 5, 5000, 10
0, 8500, 104, 144, 139, 144, 139, 0.44, 50, 100, 1, 4, 5000, 10
1, 6249, 97, 107, 114, 107, 114, 0.44, 50, 100, 1, 2, 5000, 10
0, 8500, 104, 144, 141, 144, 141, 0.44, 50, 100, 1, 4, 5000, 10
1, 5953, 101, 111, 115, 111, 115, 0.44, 50, 100, 1, 2, 5000, 10
1, 5905, 96, 106, 107, 106, 107, 0.44, 50, 100, 1, 2, 5000, 10
0, 8500, 91, 145, 132, 145, 132, 0.44, 50, 100, 1, 4, 5000, 10
0, 8500, 88, 137, 131, 137, 131, 0.44, 50, 100, 1, 5, 5000, 10
1, 5935, 105, 115, 116, 115, 116, 0.44, 50, 100, 1, 2, 5000, 10
1, 6042, 118, 128, 130, 128, 130, 0.44, 50, 100, 1, 2, 5000, 10
1, 5875, 107, 117, 118, 117, 118, 0.44, 50, 100, 1, 2, 5000, 10
1, 6930, 83, 99, 100, 99, 100, 0.44, 50, 100, 1, 3, 5000, 10
0, 8500, 90, 145, 134, 145, 134, 0.44, 50, 100, 1, 5, 5000, 10
1, 5973, 108, 118, 119, 118, 119, 0.44, 50, 100, 1, 2, 5000, 10
0, 8500, 101, 148, 130, 148, 130, 0.44, 50, 100, 1, 4, 5000, 10
0, 8500, 103, 154, 135, 154, 135, 0.44, 50, 100, 1, 4, 5000, 10
0, 10250, 97, 179, 162, 179, 162, 0.44, 50, 100, 1, 6, 5000, 15
0, 10250, 116, 167, 158, 167, 158, 0.44, 50, 100, 1, 6, 5000, 15
1, 6357, 102, 117, 118, 117, 118, 0.44, 50, 100, 1, 3, 5000, 15
0, 10250, 97, 168, 158, 168, 158, 0.44, 50, 100, 1, 6, 5000, 15
0, 10250, 101, 182, 160, 182, 160, 0.44, 50, 100, 1, 6, 5000, 15
1, 6385, 111, 126, 128, 126, 128, 0.44, 50, 100, 1, 3, 5000, 15
1, 6938, 118, 136, 137, 136, 137, 0.44, 50, 100, 1, 3, 5000, 15
1, 7005, 97, 115, 116, 115, 116, 0.44, 50, 100, 1, 3, 5000, 15
0, 10250, 88, 168, 158, 168, 158, 0.44, 50, 100, 1, 6, 5000, 15
0, 10250, 117, 192, 181, 192, 181, 0.44, 50, 100, 1, 6, 5000, 15
1, 6187, 114, 129, 130, 129, 130, 0.44, 50, 100, 1, 2, 5000, 15
1, 6172, 104, 119, 121, 119, 121, 0.44, 50, 100, 1, 2, 5000, 15
0, 10250, 104, 196, 174, 196, 174, 0.44, 50, 100, 1, 6, 5000, 15
0, 10250, 116, 189, 160, 189, 160, 0.44, 50, 100, 1, 6, 5000, 15
1, 7114, 112, 131, 132, 131, 132, 0.44, 50, 100, 1, 3, 5000, 15
1, 7723, 115, 147, 148, 147, 148, 0.44, 50, 100, 1, 4, 5000, 15
1, 7123, 112, 127, 128, 127, 128, 0.44, 50, 100, 1, 3, 5000, 15
1, 7460, 96, 122, 123, 122, 123, 0.44, 50, 100, 1, 3, 5000, 15
1, 9242, 105, 159, 160, 159, 160, 0.44, 50, 100, 1, 5, 5000, 15
1, 6645, 89, 104, 106, 104, 106, 0.44, 50, 100, 1, 3, 5000, 15
0, 10250, 102, 179, 160, 179, 160, 0.44, 50, 100, 1, 6, 5000, 15
0, 10250, 125, 199, 176, 199, 176, 0.44, 50, 100, 1, 6, 5000, 15
0, 10250, 113, 193, 162, 193, 162, 0.44, 50, 100, 1, 6, 5000, 15
1, 6922, 87, 102, 103, 102, 103, 0.44, 50, 100, 1, 3, 5000, 15
1, 9740, 95, 162, 163, 162, 163, 0.44, 50, 100, 1, 6, 5000, 15
0, 10250, 99, 175, 158, 175, 158, 0.44, 50, 100, 1, 6, 5000, 15
1, 6980, 95, 117, 118, 117, 118, 0.44, 50, 100, 1, 3, 5000, 15
1, 6602, 102, 120, 121, 120, 121, 0.44, 50, 100, 1, 3, 5000, 15
0, 10250, 96, 175, 153, 175, 153, 0.44, 50, 100, 1, 8, 5000, 15
0, 10250, 113, 190, 166, 190, 166, 0.44, 50, 100, 1, 7, 5000, 15
0, 10250, 103, 175, 153, 175, 153, 0.44, 50, 100, 1, 6, 5000, 15
1, 6185, 96, 111, 112, 111, 112, 0.44, 50, 100, 1, 2, 5000, 15
0, 10250, 104, 167, 149, 167, 149, 0.44, 50, 100, 1, 6, 5000, 15
1, 7620, 98, 129, 130, 129, 130, 0.44, 50, 100, 1, 4, 5000, 15
1, 6652, 116, 131, 133, 131, 133, 0.44, 50, 100, 1, 3, 5000, 15
0, 10250, 91, 157, 148, 157, 148, 0.44, 50, 100, 1, 6, 5000, 15
1, 6789, 96, 111, 112, 111, 112, 0.44, 50, 100, 1, 3, 5000, 15
1, 6658, 87, 106, 107, 106, 107, 0.44, 50, 100, 1, 3, 5000, 15
0, 10250, 90, 139, 131, 139, 131, 0.44, 50, 100, 1, 6, 5000, 15
1, 6640, 116, 131, 132, 131, 132, 0.44, 50, 100, 1, 3, 5000, 15
1, 6976, 109, 128, 129, 128, 129, 0.44, 50, 100, 1, 3, 5000, 15
1, 7664, 105, 136, 137, 136, 137, 0.44, 50, 100, 1, 4, 5000, 15
1, 6800, 103, 118, 124, 118, 124, 0.44, 50, 100, 1, 3, 5000, 15
1, 7946, 90, 116, 117, 116, 117, 0.44, 50, 100, 1, 4, 5000, 15
1, 6579, 104, 119, 120, 119, 120, 0.44, 50, 100, 1, 3, 5000, 15
0, 10250, 102, 178, 147, 178, 147, 0.44, 50, 100, 1, 6, 5000, 15
1, 6072, 98, 113, 114, 113, 114, 0.44, 50, 100, 1, 2, 5000, 15
1, 6287, 99, 114, 115, 114, 115, 0.44, 50, 100, 1, 3, 5000, 15
1, 6145, 107, 122, 123, 122, 123, 0.44, 50, 100, 1, 2, 5000, 15
0, 10250, 117, 186, 167, 186, 167, 0.44, 50, 100, 1, 6, 5000, 15
0, 10250, 112, 186, 175, 186, 175, 0.44, 50, 100, 1, 6, 5000, 15
0, 10250, 105, 193, 167, 193, 167, 0.44, 50, 100, 1, 6, 5000, 15
0, 10250, 105, 168, 161, 168, 161, 0.44, 50, 100, 1, 6, 5000, 15
0, 10250, 111, 185, 165, 185, 165, 0.44, 50, 100, 1, 6, 5000, 15
1, 7079, 94, 109, 116, 109, 116, 0.44, 50, 100, 1, 3, 5000, 15
0, 10250, 97, 174, 167, 174, 167, 0.44, 50, 100, 1, 6, 5000, 15
1, 6378, 100, 115, 122, 115, 122, 0.44, 50, 100, 1, 3, 5000, 15
0, 10250, 97, 177, 165, 177, 165, 0.44, 50, 100, 1, 6, 5000, 15
0, 10250, 107, 176, 161, 176, 161, 0.44, 50, 100, 1, 6, 5000, 15
1, 7405, 112, 142, 143, 142, 143, 0.44, 50, 100, 1, 4, 5000, 15
0, 10250, 85, 154, 139, 154, 139, 0.44, 50, 100, 1, 8, 5000, 15
1, 6703, 110, 125, 132, 125, 132, 0.44, 50, 100, 1, 4, 5000, 15
1, 6843, 108, 123, 130, 123, 130, 0.44, 50, 100, 1, 3, 5000, 15
1, 7615, 109, 141, 142, 141, 142, 0.44, 50, 100, 1, 4, 5000, 15
1, 6795, 89, 108, 109, 108, 109, 0.44, 50, 100, 1, 3, 5000, 15
1, 6746, 112, 127, 129, 127, 129, 0.44, 50, 100, 1, 3, 5000, 15
1, 6587, 112, 127, 133, 127, 133, 0.44, 50, 100, 1, 3, 5000, 15
0, 10250, 104, 191, 172, 191, 172, 0.44, 50, 100, 1, 6, 5000, 15
0, 10250, 100, 179, 152, 179, 152, 0.44, 50, 100, 1, 6, 5000, 15
0, 10250, 103, 180, 166, 180, 166, 0.44, 50, 100, 1, 6, 5000, 15
1, 7035, 115, 130, 132, 130, 132, 0.44, 50, 100, 1, 3, 5000, 15
1, 6389, 91, 106, 109, 106, 109, 0.44, 50, 100, 1, 3, 5000, 15
1, 6073, 102, 117, 118, 117, 118, 0.44, 50, 100, 1, 2, 5000, 15
1, 7671, 108, 140, 141, 140, 141, 0.44, 50, 100, 1, 4, 5000, 15
1, 6792, 106, 121, 122, 121, 122, 0.44, 50, 100, 1, 3, 5000, 15
0, 10250, 98, 186, 163, 186, 163, 0.44, 50, 100, 1, 6, 5000, 15
0, 10250, 101, 191, 153, 191, 153, 0.44, 50, 100, 1, 8, 5000, 15
1, 9966, 88, 142, 143, 142, 143, 0.44, 50, 100, 1, 6, 5000, 15
1, 6678, 99, 116, 117, 116, 117, 0.44, 50, 100, 1, 3, 5000, 15
1, 9116, 98, 158, 159, 158, 159, 0.44, 50, 100, 1, 5, 5000, 15
0, 10250, 87, 175, 161, 175, 161, 0.44, 50, 100, 1, 6, 5000, 15
0, 10250, 109, 172, 159, 172, 159, 0.44, 50, 100, 1, 6, 5000, 15
1, 6800, 102, 117, 118, 117, 118, 0.44, 50, 100, 1, 3, 5000, 15
1, 6545, 97, 112, 113, 112, 113, 0.44, 50, 100, 1, 3, 5000, 15
0, 10250, 109, 196, 176, 196, 176, 0.44, 50, 100, 1, 6, 5000, 15
1, 5989, 98, 113, 118, 113, 118, 0.44, 50, 100, 1, 2, 5000, 15
0, 10250, 98, 179, 152, 179, 152, 0.44, 50, 100, 1, 6, 5000, 15
0, 10250, 88, 169, 163, 169, 163, 0.44, 50, 100, 1, 6, 5000, 15
1, 6630, 102, 120, 121, 120, 121, 0.44, 50, 100, 1, 3, 5000, 15
1, 7313, 110, 134, 135, 134, 135, 0.44, 50, 100, 1, 4, 5000, 15
0, 10250, 96, 175, 147, 175, 147, 0.44, 50, 100, 1, 6, 5000, 15
1, 6987, 99, 123, 124, 123, 124, 0.44, 50, 100, 1, 3, 5000, 15
0, 10250, 95, 175, 172, 175, 172, 0.44, 50, 100, 1, 6, 5000, 15
0, 10250, 100, 151, 139, 151, 139, 0.44, 50, 100, 1, 6, 5000, 15
1, 6395, 93, 108, 110, 108, 110, 0.44, 50, 100, 1, 3, 5000, 15
0, 10250, 102, 176, 148, 176, 148, 0.44, 50, 100, 1, 8, 5000, 15
0, 10250, 100, 182, 162, 182, 162, 0.44, 50, 100, 1, 6, 5000, 15
0, 10250, 111, 173, 172, 173, 172, 0.44, 50, 100, 1, 6, 5000, 15
1, 7036, 113, 135, 136, 135, 136, 0.44, 50, 100, 1, 3, 5000, 15
1, 7157, 100, 115, 126, 115, 126, 0.44, 50, 100, 1, 3, 5000, 15
1, 7324, 107, 127, 131, 127, 131, 0.44, 50, 100, 1, 4, 5000, 20
0, 12000, 111, 214, 204, 214, 204, 0.44, 50, 100, 1, 8, 5000, 20
0, 12000, 95, 201, 179, 201, 179, 0.44, 50, 100, 1, 8, 5000, 20
1, 9326, 106, 158, 159, 158, 159, 0.44, 50, 100, 1, 6, 5000, 20
1, 7005, 100, 120, 121, 120, 121, 0.44, 50, 100, 1, 4, 5000, 20
1, 6823, 110, 133, 134, 133, 134, 0.44, 50, 100, 1, 3, 5000, 20
1, 11247, 105, 186, 187, 186, 187, 0.44, 50, 100, 1, 9, 5000, 20
1, 7225, 106, 126, 128, 126, 128, 0.44, 50, 100, 1, 4, 5000, 20
0, 12000, 105, 211, 201, 211, 201, 0.44, 50, 100, 1, 8, 5000, 20
1, 11764, 108, 197, 198, 197, 198, 0.44, 50, 100, 1, 11, 5000, 20
1, 10421, 93, 168, 169, 168, 169, 0.44, 50, 100, 1, 7, 5000, 20
1, 10272, 115, 175, 176, 175, 176, 0.44, 50, 100, 1, 7, 5000, 20
1, 6937, 102, 122, 123, 122, 123, 0.44, 50, 100, 1, 4, 5000, 20
1, 7164, 99, 121, 122, 121, 122, 0.44, 50, 100, 1, 4, 5000, 20
0, 12000, 88, 206, 198, 206, 198, 0.44, 50, 100, 1, 8, 5000, 20
1, 7069, 83, 103, 106, 103, 106, 0.44, 50, 100, 1, 3, 5000, 20
0, 12000, 113, 218, 204, 218, 204, 0.44, 50, 100, 1, 8, 5000, 20
0, 12000, 107, 204, 191, 204, 191, 0.44, 50, 100, 1, 8, 5000, 20
1, 7120, 97, 117, 122, 117, 122, 0.44, 50, 100, 1, 3, 5000, 20
0, 12000, 100, 214, 181, 214, 181, 0.44, 50, 100, 1, 8, 5000, 20
1, 7464, 105, 125, 129, 125, 129, 0.44, 50, 100, 1, 3, 5000, 20
0, 12000, 112, 219, 198, 219, 198, 0.44, 50, 100, 1, 8, 5000, 20
1, 6730, 115, 135, 136, 135, 136, 0.44, 50, 100, 1, 3, 5000, 20
0, 12000, 106, 211, 194, 211, 194, 0.44, 50, 100, 1, 8, 5000, 20
1, 7461, 99, 121, 122, 121, 122, 0.44, 50, 100, 1, 4, 5000, 20
0, 12000, 99, 219, 210, 219, 210, 0.44, 50, 100, 1, 8, 5000, 20
1, 7998, 97, 129, 130, 129, 130, 0.44, 50, 100, 1, 4, 5000, 20
0, 12000, 103, 201, 188, 201, 188, 0.44, 50, 100, 1, 8, 5000, 20
1, 7401, 97, 117, 135, 117, 135, 0.44, 50, 100, 1, 4, 5000, 20
0, 12000, 99, 223, 185, 223, 185, 0.44, 50, 100, 1, 8, 5000, 20
0, 12000, 116, 231, 220, 231, 220, 0.44, 50, 100, 1, 8, 5000, 20
1, 7220, 103, 128, 129, 128, 129, 0.44, 50, 100, 1, 4, 5000, 20
0, 12000, 117, 202, 198, 202, 198, 0.44, 50, 100, 1, 8, 5000, 20
0, 12000, 102, 212, 188, 212, 188, 0.44, 50, 100, 1, 8, 5000, 20
1, 7472, 94, 114, 119, 114, 119, 0.44, 50, 100, 1, 3, 5000, 20
1, 7021, 79, 99, 102, 99, 102, 0.44, 50, 100, 1, 3, 5000, 20
0, 12000, 114, 212, 187, 212, 187, 0.44, 50, 100, 1, 8, 5000, 20
1, 6791, 107, 127, 137, 127, 137, 0.44, 50, 100, 1, 3, 5000, 20
0, 12000, 104, 220, 204, 220, 204, 0.44, 50, 100, 1, 8, 5000, 20
0, 12000, 112, 209, 179, 209, 179, 0.44, 50, 100, 1, 8, 5000, 20
0, 12000, 83, 184, 171, 184, 171, 0.44, 50, 100, 1, 8, 5000, 20
1, 9997, 86, 152, 153, 152, 153, 0.44, 50, 100, 1, 6, 5000, 20
1, 6934, 109, 133, 134, 133, 134, 0.44, 50, 100, 1, 3, 5000, 20
1, 7270, 115, 146, 147, 146, 147, 0.44, 50, 100, 1, 4, 5000, 20
0, 12000, 86, 201, 178, 201, 178, 0.44, 50, 100, 1, 8, 5000, 20
0, 12000, 104, 209, 190, 209, 190, 0.44, 50, 100, 1, 8, 5000, 20
0, 12000, 98, 198, 181, 198, 181, 0.44, 50, 100, 1, 12, 5000, 20
0, 12000, 98, 202, 178, 202, 178, 0.44, 50, 100, 1, 8, 5000, 20
1, 8597, 102, 122, 133, 122, 133, 0.44, 50, 100, 1, 5, 5000, 20
1, 7037, 99, 119, 124, 119, 124, 0.44, 50, 100, 1, 3, 5000, 20
0, 12000, 117, 230, 202, 230, 202, 0.44, 50, 100, 1, 11, 5000, 20
1, 6468, 93, 113, 114, 113, 114, 0.44, 50, 100, 1, 3, 5000, 20
1, 7792, 113, 139, 140, 139, 140, 0.44, 50, 100, 1, 4, 5000, 20
1, 6858, 98, 118, 119, 118, 119, 0.44, 50, 100, 1, 3, 5000, 20
0, 12000, 124, 210, 197, 210, 197, 0.44, 50, 100, 1, 8, 5000, 20
0, 12000, 90, 199, 174, 199, 174, 0.44, 50, 100, 1, 8, 5000, 20
1, 7337, 115, 135, 142, 135, 142, 0.44, 50, 100, 1, 4, 5000, 20
1, 6543, 116, 136, 137, 136, 137, 0.44, 50, 100, 1, 3, 5000, 20
0, 12000, 96, 207, 183, 207, 183, 0.44, 50, 100, 1, 13, 5000, 20
0, 12000, 101, 212, 190, 212, 190, 0.44, 50, 100, 1, 9, 5000, 20
0, 12000, 92, 206, 178, 206, 178, 0.44, 50, 100, 1, 8, 5000, 20
1, 9297, 104, 162, 163, 162, 163, 0.44, 50, 100, 1, 6, 5000, 20
1, 6992, 88, 108, 110, 108, 110, 0.44, 50, 100, 1, 3, 5000, 20
0, 12000, 88, 193, 165, 193, 165, 0.44, 50, 100, 1, 8, 5000, 20
0, 12000, 115, 216, 200, 216, 200, 0.44, 50, 100, 1, 8, 5000, 20
1, 7303, 99, 119, 128, 119, 128, 0.44, 50, 100, 1, 4, 5000, 20
1, 6669, 107, 127, 128, 127, 128, 0.44, 50, 100, 1, 3, 5000, 20
0, 12000, 121, 228, 213, 228, 213, 0.44, 50, 100, 1, 8, 5000, 20
0, 12000, 86, 180, 157, 180, 157, 0.44, 50, 100, 1, 8, 5000, 20
1, 7431, 110, 130, 136, 130, 136, 0.44, 50, 100, 1, 4, 5000, 20
0, 12000, 96, 198, 176, 198, 176, 0.44, 50, 100, 1, 8, 5000, 20
0, 12000, 97, 215, 174, 215, 174, 0.44, 50, 100, 1, 8, 5000, 20
0, 12000, 96, 218, 183, 218, 183, 0.44, 50, 100, 1, 8, 5000, 20
1, 6848, 100, 120, 122, 120, 122, 0.44, 50, 100, 1, 3, 5000, 20
1, 6861, 96, 116, 117, 116, 117, 0.44, 50, 100, 1, 3, 5000, 20
1, 9756, 125, 182, 183, 182, 183, 0.44, 50, 100, 1, 6, 5000, 20
1, 10582, 96, 173, 174, 173, 174, 0.44, 50, 100, 1, 7, 5000, 20
1, 6953, 102, 122, 124, 122, 124, 0.44, 50, 100, 1, 3, 5000, 20
0, 12000, 102, 208, 202, 208, 202, 0.44, 50, 100, 1, 8, 5000, 20
0, 12000, 100, 211, 205, 211, 205, 0.44, 50, 100, 1, 8, 5000, 20
1, 7261, 114, 134, 137, 134, 137, 0.44, 50, 100, 1, 4, 5000, 20
0, 12000, 119, 219, 201, 219, 201, 0.44, 50, 100, 1, 8, 5000, 20
1, 7108, 87, 107, 109, 107, 109, 0.44, 50, 100, 1, 3, 5000, 20
0, 12000, 109, 206, 193, 206, 193, 0.44, 50, 100, 1, 8, 5000, 20
0, 12000, 102, 217, 188, 217, 188, 0.44, 50, 100, 1, 8, 5000, 20
0, 12000, 86, 189, 161, 189, 161, 0.44, 50, 100, 1, 8, 5000, 20
0, 12000, 77, 169, 136, 169, 136, 0.44, 50, 100, 1, 8, 5000, 20
1, 8023, 76, 113, 114, 113, 114, 0.44, 50, 100, 1, 4, 5000, 20
1, 7250, 103, 123, 125, 123, 125, 0.44, 50, 100, 1, 3, 5000, 20
1, 9455, 110, 154, 155, 154, 155, 0.44, 50, 100, 1, 5, 5000, 20
1, 7472, 76, 96, 100, 96, 100, 0.44, 50, 100, 1, 3, 5000, 20
0, 12000, 102, 210, 180, 210, 180, 0.44, 50, 100, 1, 8, 5000, 20
1, 6509, 99, 119, 122, 119, 122, 0.44, 50, 100, 1, 3, 5000, 20
0, 12000, 96, 205, 175, 205, 175, 0.44, 50, 100, 1, 8, 5000, 20
1, 7837, 82, 102, 106, 102, 106, 0.44, 50, 100, 1, 4, 5000, 20
0, 12000, 104, 197, 194, 197, 194, 0.44, 50, 100, 1, 9, 5000, 20
0, 12000, 106, 217, 193, 217, 193, 0.44, 50, 100, 1, 8, 5000, 20
1, 7387, 88, 110, 111, 110, 111, 0.44, 50, 100, 1, 3, 5000, 20
1, 7125, 114, 136, 137, 136, 137, 0.44, 50, 100, 1, 3, 5000, 20
1, 7129, 104, 126, 127, 126, 127, 0.44, 50, 100, 1, 3, 5000, 20
0, 13750, 89, 235, 222, 235, 222, 0.44, 50, 100, 1, 10, 5000, 25
0, 13750, 93, 240, 216, 240, 216, 0.44, 50, 100, 1, 10, 5000, 25
0, 13750, 98, 240, 197, 240, 197, 0.44, 50, 100, 1, 10, 5000, 25
0, 13750, 112, 248, 219, 248, 219, 0.44, 50, 100, 1, 10, 5000, 25
1, 8933, 78, 113, 114, 113, 114, 0.44, 50, 100, 1, 5, 5000, 25
0, 13750, 90, 236, 216, 236, 216, 0.44, 50, 100, 1, 10, 5000, 25
0, 13750, 112, 258, 248, 258, 248, 0.44, 50, 100, 1, 10, 5000, 25
1, 10088, 101, 173, 174, 173, 174, 0.44, 50, 100, 1, 6, 5000, 25
0, 13750, 108, 250, 231, 250, 231, 0.44, 50, 100, 1, 10, 5000, 25
1, 7784, 94, 120, 121, 120, 121, 0.44, 50, 100, 1, 4, 5000, 25
0, 13750, 108, 259, 242, 259, 242, 0.44, 50, 100, 1, 12, 5000, 25
0, 13750, 112, 248, 228, 248, 228, 0.44, 50, 100, 1, 10, 5000, 25
0, 13750, 103, 256, 239, 256, 239, 0.44, 50, 100, 1, 13, 5000, 25
0, 13750, 92, 223, 200, 223, 200, 0.44, 50, 100, 1, 13, 5000, 25
1, 7313, 105, 132, 133, 132, 133, 0.44, 50, 100, 1, 5, 5000, 25
0, 13750, 108, 247, 237, 247, 237, 0.44, 50, 100, 1, 11, 5000, 25
1, 7494, 112, 137, 138, 137, 138, 0.44, 50, 100, 1, 4, 5000, 25
0, 13750, 103, 248, 229, 248, 229, 0.44, 50, 100, 1, 10, 5000, 25
0, 13750, 90, 247, 215, 247, 215, 0.44, 50, 100, 1, 10, 5000, 25
1, 9400, 114, 170, 171, 170, 171, 0.44, 50, 100, 1, 6, 5000, 25
1, 7226, 106, 131, 132, 131, 132, 0.44, 50, 100, 1, 3, 5000, 25
0, 13750, 93, 211, 190, 211, 190, 0.44, 50, 100, 1, 10, 5000, 25
1, 8267, 79, 106, 107, 106, 107, 0.44, 50, 100, 1, 4, 5000, 25
0, 13750, 117, 260, 249, 260, 249, 0.44, 50, 100, 1, 10, 5000, 25
1, 7697, 105, 132, 133, 132, 133, 0.44, 50, 100, 1, 4, 5000, 25
1, 7626, 115, 140, 145, 140, 145, 0.44, 50, 100, 1, 4, 5000, 25
1, 7955, 94, 119, 126, 119, 126, 0.44, 50, 100, 1, 4, 5000, 25
0, 13750, 99, 244, 226, 244, 226, 0.44, 50, 100, 1, 10, 5000, 25
1, 7426, 106, 132, 133, 132, 133, 0.44, 50, 100, 1, 4, 5000, 25
1, 12695, 81, 199, 200, 199, 200, 0.44, 50, 100, 1, 9, 5000, 25
1, 7769, 108, 133, 139, 133, 139, 0.44, 50, 100, 1, 4, 5000, 25
1, 8487, 89, 135, 136, 135, 136, 0.44, 50, 100, 1, 5, 5000, 25
1, 6899, 94, 120, 121, 120, 121, 0.44, 50, 100, 1, 3, 5000, 25
0, 13750, 109, 246, 216, 246, 216, 0.44, 50, 100, 1, 9, 5000, 25
1, 7433, 104, 129, 131, 129, 131, 0.44, 50, 100, 1, 4, 5000, 25
0, 13750, 124, 248, 240, 248, 240, 0.44, 50, 100, 1, 10, 5000, 25
1, 9906, 107, 173, 174, 173, 174, 0.44, 50, 100, 1, 6, 5000, 25
1, 7091, 82, 107, 111, 107, 111, 0.44, 50, 100, 1, 3, 5000, 25
0, 13750, 103, 237, 195, 237, 195, 0.44, 50, 100, 1, 9, 5000, 25
1, 6630, 101, 126, 127, 126, 127, 0.44, 50, 100, 1, 3, 5000, 25
0, 13750, 95, 222, 219, 222, 219, 0.44, 50, 100, 1, 10, 5000, 25
0, 13750, 105, 253, 243, 253, 243, 0.44, 50, 100, 1, 10, 5000, 25
0, 13750, 87, 232, 218, 232, 218, 0.44, 50, 100, 1, 10, 5000, 25
1, 11411, 105, 188, 189, 188, 189, 0.44, 50, 100, 1, 8, 5000, 25
1, 11463, 102, 193, 194, 193, 194, 0.44, 50, 100, 1, 8, 5000, 25
0, 13750, 94, 240, 226, 240, 226, 0.44, 50, 100, 1, 11, 5000, 25
0, 13750, 106, 261, 222, 261, 222, 0.44, 50, 100, 1, 10, 5000, 25
1, 11089, 108, 187, 188, 187, 188, 0.44, 50, 100, 1, 8, 5000, 25
0, 13750, 90, 228, 208, 228, 208, 0.44, 50, 100, 1, 11, 5000, 25
1, 7616, 98, 123, 127, 123, 127, 0.44, 50, 100, 1, 4, 5000, 25
0, 13750, 100, 236, 221, 236, 221, 0.44, 50, 100, 1, 10, 5000, 25
0, 13750, 105, 242, 225, 242, 225, 0.44, 50, 100, 1, 10, 5000, 25
0, 13750, 104, 246, 205, 246, 205, 0.44, 50, 100, 1, 10, 5000, 25
0, 13750, 87, 232, 201, 232, 201, 0.44, 50, 100, 1, 10, 5000, 25
0, 13750, 103, 242, 228, 242, 228, 0.44, 50, 100, 1, 11, 5000, 25
1, 7531, 101, 126, 133, 126, 133, 0.44, 50, 100, 1, 5, 5000, 25
0, 13750, 101, 233, 228, 233, 228, 0.44, 50, 100, 1, 11, 5000, 25
1, 7867, 113, 138, 141, 138, 141, 0.44, 50, 100, 1, 4, 5000, 25
0, 13750, 102, 256, 237, 256, 237, 0.44, 50, 100, 1, 10, 5000, 25
0, 13750, 103, 253, 231, 253, 231, 0.44, 50, 100, 1, 15, 5000, 25
0, 13750, 102, 252, 242, 252, 242, 0.44, 50, 100, 1, 11, 5000, 25
0, 13750, 111, 265, 247, 265, 247, 0.44, 50, 100, 1, 10, 5000, 25
0, 13750, 113, 252, 229, 252, 229, 0.44, 50, 100, 1, 10, 5000, 25
0, 13750, 103, 234, 226, 234, 226, 0.44, 50, 100, 1, 10, 5000, 25
1, 7470, 95, 120, 129, 120, 129, 0.44, 50, 100, 1, 4, 5000, 25
0, 13750, 102, 249, 226, 249, 226, 0.44, 50, 100, 1, 10, 5000, 25
0, 13750, 91, 240, 222, 240, 222, 0.44, 50, 100, 1, 10, 5000, 25
0, 13750, 102, 252, 229, 252, 229, 0.44, 50, 100, 1, 10, 5000, 25
0, 13750, 92, 218, 198, 218, 198, 0.44, 50, 100, 1, 10, 5000, 25
0, 13750, 115, 257, 250, 257, 250, 0.44, 50, 100, 1, 10, 5000, 25
1, 7379, 109, 134, 136, 134, 136, 0.44, 50, 100, 1, 4, 5000, 25
0, 13750, 99, 243, 215, 243, 215, 0.44, 50, 100, 1, 11, 5000, 25
1, 11847, 101, 205, 206, 205, 206, 0.44, 50, 100, 1, 8, 5000, 25
0, 13750, 95, 256, 235, 256, 235, 0.44, 50, 100, 1, 10, 5000, 25
1, 7230, 105, 130, 131, 130, 131, 0.44, 50, 100, 1, 4, 5000, 25
0, 13750, 88, 236, 199, 236, 199, 0.44, 50, 100, 1, 11, 5000, 25
1, 7460, 88, 113, 117, 113, 117, 0.44, 50, 100, 1, 4, 5000, 25
0, 13750, 103, 238, 212, 238, 212, 0.44, 50, 100, 1, 10, 5000, 25
0, 13750, 103, 244, 220, 244, 220, 0.44, 50, 100, 1, 10, 5000, 25
0, 13750, 88, 214, 190, 214, 190, 0.44, 50, 100, 1, 9, 5000, 25
1, 9864, 100, 151, 152, 151, 152, 0.44, 50, 100, 1, 6, 5000, 25
1, 7233, 106, 131, 132, 131, 132, 0.44, 50, 100, 1, 4, 5000, 25
1, 7296, 84, 109, 112, 109, 112, 0.44, 50, 100, 1, 3, 5000, 25
0, 13750, 105, 244, 214, 244, 214, 0.44, 50, 100, 1, 10, 5000, 25
1, 12818, 98, 218, 219, 218, 219, 0.44, 50, 100, 1, 9, 5000, 25
0, 13750, 97, 243, 210, 243, 210, 0.44, 50, 100, 1, 10, 5000, 25
0, 13750, 98, 237, 222, 237, 222, 0.44, 50, 100, 1, 11, 5000, 25
0, 13750, 85, 212, 190, 212, 190, 0.44, 50, 100, 1, 9, 5000, 25
0, 13750, 110, 254, 237, 254, 237, 0.44, 50, 100, 1, 10, 5000, 25
0, 13750, 108, 246, 230, 246, 230, 0.44, 50, 100, 1, 10, 5000, 25
0, 13750, 112, 241, 225, 241, 225, 0.44, 50, 100, 1, 9, 5000, 25
0, 13750, 104, 254, 238, 254, 238, 0.44, 50, 100, 1, 10, 5000, 25
0, 13750, 117, 244, 220, 244, 220, 0.44, 50, 100, 1, 10, 5000, 25
0, 13750, 97, 243, 210, 243, 210, 0.44, 50, 100, 1, 10, 5000, 25
1, 7345, 93, 118, 119, 118, 119, 0.44, 50, 100, 1, 3, 5000, 25
0, 13750, 107, 244, 224, 244, 224, 0.44, 50, 100, 1, 10, 5000, 25
1, 6899, 100, 125, 127, 125, 127, 0.44, 50, 100, 1, 3, 5000, 25
0, 13750, 114, 246, 245, 246, 245, 0.44, 50, 100, 1, 10, 5000, 25
0, 13750, 88, 242, 225, 242, 225, 0.44, 50, 100, 1, 10, 5000, 25
0, 13750, 92, 237, 211, 237, 211, 0.44, 50, 100, 1, 10, 5000, 25
1, 12543, 101, 195, 196, 195, 196, 0.44, 50, 100, 1, 8, 5000, 30
1, 9259, 99, 142, 143, 142, 143, 0.44, 50, 100, 1, 7, 5000, 30
0, 15500, 101, 275, 259, 275, 259, 0.44, 50, 100, 1, 11, 5000, 30
0, 15500, 122, 295, 268, 295, 268, 0.44, 50, 100, 1, 12, 5000, 30
0, 15500, 96, 269, 264, 269, 264, 0.44, 50, 100, 1, 12, 5000, 30
0, 15500, 102, 292, 275, 292, 275, 0.44, 50, 100, 1, 12, 5000, 30
0, 15500, 93, 262, 244, 262, 244, 0.44, 50, 100, 1, 12, 5000, 30
0, 15500, 94, 266, 252, 266, 252, 0.44, 50, 100, 1, 11, 5000, 30
1, 8656, 109, 151, 152, 151, 152, 0.44, 50, 100, 1, 5, 5000, 30
0, 15500, 88, 248, 238, 248, 238, 0.44, 50, 100, 1, 12, 5000, 30
1, 8298, 110, 145, 146, 145, 146, 0.44, 50, 100, 1, 4, 5000, 30
1, 7713, 106, 136, 141, 136, 141, 0.44, 50, 100, 1, 4, 5000, 30
1, 8286, 114, 155, 156, 155, 156, 0.44, 50, 100, 1, 4, 5000, 30
0, 15500, 95, 263, 246, 263, 246, 0.44, 50, 100, 1, 12, 5000, 30
1, 12834, 88, 213, 214, 213, 214, 0.44, 50, 100, 1, 9, 5000, 30
0, 15500, 97, 259, 244, 259, 244, 0.44, 50, 100, 1, 12, 5000, 30
1, 7809, 92, 122, 123, 122, 123, 0.44, 50, 100, 1, 4, 5000, 30
0, 15500, 105, 283, 259, 283, 259, 0.44, 50, 100, 1, 15, 5000, 30
0, 15500, 90, 263, 252, 263, 252, 0.44, 50, 100, 1, 15, 5000, 30
1, 7510, 114, 144, 145, 144, 145, 0.44, 50, 100, 1, 5, 5000, 30
1, 7828, 117, 147, 149, 147, 149, 0.44, 50, 100, 1, 4, 5000, 30
0, 15500, 110, 289, 275, 289, 275, 0.44, 50, 100, 1, 14, 5000, 30
0, 15500, 89, 272, 259, 272, 259, 0.44, 50, 100, 1, 15, 5000, 30
0, 15500, 100, 276, 252, 276, 252, 0.44, 50, 100, 1, 13, 5000, 30
0, 15500, 98, 270, 249, 270, 249, 0.44, 50, 100, 1, 12, 5000, 30
1, 9900, 104, 158, 159, 158, 159, 0.44, 50, 100, 1, 6, 5000, 30
0, 15500, 110, 289, 262, 289, 262, 0.44, 50, 100, 1, 12, 5000, 30
1, 8228, 93, 123, 131, 123, 131, 0.44, 50, 100, 1, 5, 5000, 30
0, 15500, 104, 275, 248, 275, 248, 0.44, 50, 100, 1, 11, 5000, 30
0, 15500, 88, 266, 250, 266, 250, 0.44, 50, 100, 1, 12, 5000, 30
0, 15500, 99, 279, 273, 279, 273, 0.44, 50, 100, 1, 12, 5000, 30
0, 15500, 115, 290, 260, 290, 260, 0.44, 50, 100, 1, 11, 5000, 30
0, 15500, 104, 289, 259, 289, 259, 0.44, 50, 100, 1, 12, 5000, 30
0, 15500, 77, 251, 242, 251, 242, 0.44, 50, 100, 1, 13, 5000, 30
0, 15500, 90, 265, 221, 265, 221, 0.44, 50, 100, 1, 11, 5000, 30
1, 11645, 98, 191, 192, 191, 192, 0.44, 50, 100, 1, 7, 5000, 30
1, 7243, 97, 127, 133, 127, 133, 0.44, 50, 100, 1, 4, 5000, 30
0, 15500, 97, 272, 256, 272, 256, 0.44, 50, 100, 1, 12, 5000, 30
0, 15500, 96, 280, 274, 280, 274, 0.44, 50, 100, 1, 12, 5000, 30
0, 15500, 80, 265, 234, 265, 234, 0.44, 50, 100, 1, 11, 5000, 30
1, 7677, 95, 125, 130, 125, 130, 0.44, 50, 100, 1, 5, 5000, 30
1, 15343, 104, 270, 271, 270, 271, 0.44, 50, 100, 1, 11, 5000, 30
1, 9708, 91, 153, 154, 153, 154, 0.44, 50, 100, 1, 6, 5000, 30
0, 15500, 106, 283, 262, 283, 262, 0.44, 50, 100, 1, 11, 5000, 30
0, 15500, 87, 278, 256, 278, 256, 0.44, 50, 100, 1, 11, 5000, 30
0, 15500, 116, 278, 251, 278, 251, 0.44, 50, 100, 1, 11, 5000, 30
0, 15500, 106, 270, 240, 270, 240, 0.44, 50, 100, 1, 12, 5000, 30
0, 15500, 100, 278, 276, 278, 276, 0.44, 50, 100, 1, 15, 5000, 30
0, 15500, 105, 279, 244, 279, 244, 0.44, 50, 100, 1, 11, 5000, 30
1, 12658, 98, 194, 195, 194, 195, 0.44, 50, 100, 1, 8, 5000, 30
1, 8037, 105, 135, 141, 135, 141, 0.44, 50, 100, 1, 4, 5000, 30
0, 15500, 94, 276, 250, 276, 250, 0.44, 50, 100, 1, 11, 5000, 30
0, 15500, 115, 276, 260, 276, 260, 0.44, 50, 100, 1, 13, 5000, 30
1, 7577, 104, 134, 136, 134, 136, 0.44, 50, 100, 1, 4, 5000, 30
0, 15500, 110, 288, 260, 288, 260, 0.44, 50, 100, 1, 13, 5000, 30
0, 15500, 93, 278, 252, 278, 252, 0.44, 50, 100, 1, 11, 5000, 30
1, 7280, 109, 139, 140, 139, 140, 0.44, 50, 100, 1, 3, 5000, 30
0, 15500, 109, 288, 258, 288, 258, 0.44, 50, 100, 1, 11, 5000, 30
1, 8258, 105, 140, 141, 140, 141, 0.44, 50, 100, 1, 4, 5000, 30
1, 7788, 93, 123, 125, 123, 125, 0.44, 50, 100, 1, 4, 5000, 30
0, 15500, 91, 275, 259, 275, 259, 0.44, 50, 100, 1, 11, 5000, 30
1, 12167, 85, 183, 184, 183, 184, 0.44, 50, 100, 1, 8, 5000, 30
1, 7935, 92, 122, 123, 122, 123, 0.44, 50, 100, 1, 4, 5000, 30
0, 15500, 107, 296, 269, 296, 269, 0.44, 50, 100, 1, 12, 5000, 30
0, 15500, 104, 274, 263, 274, 263, 0.44, 50, 100, 1, 12, 5000, 30
1, 7759, 90, 120, 121, 120, 121, 0.44, 50, 100, 1, 5, 5000, 30
0, 15500, 119, 277, 266, 277, 266, 0.44, 50, 100, 1, 12, 5000, 30
0, 15500, 111, 278, 276, 278, 276, 0.44, 50, 100, 1, 11, 5000, 30
1, 14896, 103, 255, 256, 255, 256, 0.44, 50, 100, 1, 11, 5000, 30
0, 15500, 92, 256, 242, 256, 242, 0.44, 50, 100, 1, 11, 5000, 30
1, 8857, 91, 139, 140, 139, 140, 0.44, 50, 100, 1, 5, 5000, 30
0, 15500, 103, 274, 250, 274, 250, 0.44, 50, 100, 1, 12, 5000, 30
1, 8986, 95, 150, 151, 150, 151, 0.44, 50, 100, 1, 5, 5000, 30
0, 15500, 97, 274, 261, 274, 261, 0.44, 50, 100, 1, 11, 5000, 30
1, 11296, 103, 190, 191, 190, 191, 0.44, 50, 100, 1, 7, 5000, 30
0, 15500, 103, 270, 260, 270, 260, 0.44, 50, 100, 1, 11, 5000, 30
0, 15500, 88, 279, 260, 279, 260, 0.44, 50, 100, 1, 12, 5000, 30
1, 8089, 126, 156, 162, 156, 162, 0.44, 50, 100, 1, 6, 5000, 30
0, 15500, 103, 277, 268, 277, 268, 0.44, 50, 100, 1, 11, 5000, 30
0, 15500, 112, 299, 290, 299, 290, 0.44, 50, 100, 1, 12, 5000, 30
0, 15500, 109, 290, 261, 290, 261, 0.44, 50, 100, 1, 12, 5000, 30
1, 8336, 105, 139, 140, 139, 140, 0.44, 50, 100, 1, 4, 5000, 30
0, 15500, 90, 267, 241, 267, 241, 0.44, 50, 100, 1, 12, 5000, 30
1, 8184, 114, 144, 145, 144, 145, 0.44, 50, 100, 1, 4, 5000, 30
1, 13207, 110, 213, 214, 213, 214, 0.44, 50, 100, 1, 9, 5000, 30
0, 15500, 103, 277, 268, 277, 268, 0.44, 50, 100, 1, 12, 5000, 30
1, 13253, 119, 230, 231, 230, 231, 0.44, 50, 100, 1, 9, 5000, 30
1, 7472, 98, 128, 132, 128, 132, 0.44, 50, 100, 1, 4, 5000, 30
0, 15500, 99, 296, 263, 296, 263, 0.44, 50, 100, 1, 12, 5000, 30
0, 15500, 102, 287, 263, 287, 263, 0.44, 50, 100, 1, 12, 5000, 30
1, 12398, 105, 212, 213, 212, 213, 0.44, 50, 100, 1, 10, 5000, 30
1, 9807, 120, 168, 169, 168, 169, 0.44, 50, 100, 1, 6, 5000, 30
1, 7737, 105, 135, 136, 135, 136, 0.44, 50, 100, 1, 4, 5000, 30
0, 15500, 88, 258, 243, 258, 243, 0.44, 50, 100, 1, 11, 5000, 30
1, 12334, 115, 221, 222, 221, 222, 0.44, 50, 100, 1, 9, 5000, 30
0, 15500, 86, 263, 237, 263, 237, 0.44, 50, 100, 1, 11, 5000, 30
0, 15500, 106, 282, 265, 282, 265, 0.44, 50, 100, 1, 12, 5000, 30
0, 15500, 85, 275, 257, 275, 257, 0.44, 50, 100, 1, 12, 5000, 30
0, 15500, 90, 277, 249, 277, 249, 0.44, 50, 100, 1, 12, 5000, 30
0, 15500, 106, 296, 274, 296, 274, 0.44, 50, 100, 1, 12, 5000, 30
1, 8335, 110, 145, 153, 145, 153, 0.44, 50, 100, 1, 4, 5000, 35
0, 17250, 88, 296, 281, 296, 281, 0.44, 50, 100, 1, 13, 5000, 35
1, 11559, 118, 203, 204, 203, 204, 0.44, 50, 100, 1, 7, 5000, 35
0, 17250, 103, 322, 309, 322, 309, 0.44, 50, 100, 1, 13, 5000, 35
0, 17250, 101, 311, 301, 311, 301, 0.44, 50, 100, 1, 13, 5000, 35
0, 17250, 109, 319, 297, 319, 297, 0.44, 50, 100, 1, 13, 5000, 35
1, 10787, 100, 190, 191, 190, 191, 0.44, 50, 100, 1, 7, 5000, 35
1, 8449, 108, 143, 149, 143, 149, 0.44, 50, 100, 1, 5, 5000, 35
1, 16918, 98, 295, 296, 295, 296, 0.44, 50, 100, 1, 13, 5000, 35
1, 9857, 104, 171, 172, 171, 172, 0.44, 50, 100, 1, 7, 5000, 35
1, 7776, 94, 133, 134, 133, 134, 0.44, 50, 100, 1, 4, 5000, 35
0, 17250, 90, 280, 266, 280, 266, 0.44, 50, 100, 1, 13, 5000, 35
0, 17250, 109, 322, 301, 322, 301, 0.44, 50, 100, 1, 17, 5000, 35
0, 17250, 93, 324, 303, 324, 303, 0.44, 50, 100, 1, 17, 5000, 35
0, 17250, 109, 334, 304, 334, 304, 0.44, 50, 100, 1, 14, 5000, 35
1, 8944, 99, 152, 153, 152, 153, 0.44, 50, 100, 1, 5, 5000, 35
0, 17250, 108, 323, 308, 323, 308, 0.44, 50, 100, 1, 14, 5000, 35
1, 8309, 103, 138, 143, 138, 143, 0.44, 50, 100, 1, 6, 5000, 35
0, 17250, 106, 322, 290, 322, 290, 0.44, 50, 100, 1, 15, 5000, 35
0, 17250, 100, 321, 308, 321, 308, 0.44, 50, 100, 1, 13, 5000, 35
0, 17250, 83, 291, 265, 291, 265, 0.44, 50, 100, 1, 13, 5000, 35
0, 17250, 98, 302, 285, 302, 285, 0.44, 50, 100, 1, 13, 5000, 35
1, 8597, 103, 138, 146, 138, 146, 0.44, 50, 100, 1, 6, 5000, 35
0, 17250, 102, 296, 289, 296, 289, 0.44, 50, 100, 1, 14, 5000, 35
0, 17250, 91, 292, 270, 292, 270, 0.44, 50, 100, 1, 14, 5000, 35
0, 17250, 81, 309, 281, 309, 281, 0.44, 50, 100, 1, 13, 5000, 35
1, 8770, 99, 144, 145, 144, 145, 0.44, 50, 100, 1, 6, 5000, 35
1, 8301, 112, 147, 151, 147, 151, 0.44, 50, 100, 1, 5, 5000, 35
0, 17250, 109, 316, 303, 316, 303, 0.44, 50, 100, 1, 14, 5000, 35
0, 17250, 112, 321, 296, 321, 296, 0.44, 50, 100, 1, 13, 5000, 35
0, 17250, 105, 297, 277, 297, 277, 0.44, 50, 100, 1, 13, 5000, 35
1, 14859, 110, 265, 266, 265, 266, 0.44, 50, 100, 1, 10, 5000, 35
0, 17250, 91, 322, 306, 322, 306, 0.44, 50, 100, 1, 15, 5000, 35
0, 17250, 108, 324, 312, 324, 312, 0.44, 50, 100, 1, 15, 5000, 35
0, 17250, 113, 320, 286, 320, 286, 0.44, 50, 100, 1, 16, 5000, 35
0, 17250, 108, 318, 300, 318, 300, 0.44, 50, 100, 1, 14, 5000, 35
1, 8400, 91, 128, 129, 128, 129, 0.44, 50, 100, 1, 5, 5000, 35
0, 17250, 95, 299, 287, 299, 287, 0.44, 50, 100, 1, 17, 5000, 35
1, 8245, 93, 128, 137, 128, 137, 0.44, 50, 100, 1, 4, 5000, 35
0, 17250, 86, 308, 283, 308, 283, 0.44, 50, 100, 1, 14, 5000, 35
1, 7519, 106, 141, 145, 141, 145, 0.44, 50, 100, 1, 4, 5000, 35
0, 17250, 112, 308, 294, 308, 294, 0.44, 50, 100, 1, 13, 5000, 35
0, 17250, 107, 309, 298, 309, 298, 0.44, 50, 100, 1, 13, 5000, 35
1, 9378, 104, 153, 154, 153, 154, 0.44, 50, 100, 1, 6, 5000, 35
0, 17250, 99, 319, 306, 319, 306, 0.44, 50, 100, 1, 14, 5000, 35
1, 8983, 95, 136, 137, 136, 137, 0.44, 50, 100, 1, 5, 5000, 35
0, 17250, 97, 300, 286, 300, 286, 0.44, 50, 100, 1, 13, 5000, 35
1, 12146, 109, 199, 200, 199, 200, 0.44, 50, 100, 1, 9, 5000, 35
1, 7724, 102, 137, 144, 137, 144, 0.44, 50, 100, 1, 4, 5000, 35
1, 12374, 100, 207, 208, 207, 208, 0.44, 50, 100, 1, 9, 5000, 35
1, 8231, 102, 139, 140, 139, 140, 0.44, 50, 100, 1, 4, 5000, 35
1, 9312, 108, 154, 155, 154, 155, 0.44, 50, 100, 1, 5, 5000, 35
0, 17250, 112, 324, 291, 324, 291, 0.44, 50, 100, 1, 13, 5000, 35
1, 8273, 106, 141, 143, 141, 143, 0.44, 50, 100, 1, 4, 5000, 35
0, 17250, 91, 304, 275, 304, 275, 0.44, 50, 100, 1, 13, 5000, 35
0, 17250, 118, 321, 310, 321, 310, 0.44, 50, 100, 1, 13, 5000, 35
1, 11889, 102, 192, 193, 192, 193, 0.44, 50, 100, 1, 8, 5000, 35
0, 17250, 99, 318, 289, 318, 289, 0.44, 50, 100, 1, 13, 5000, 35
0, 17250, 102, 322, 304, 322, 304, 0.44, 50, 100, 1, 13, 5000, 35
1, 7769, 88, 123, 124, 123, 124, 0.44, 50, 100, 1, 4, 5000, 35
0, 17250, 103, 314, 293, 314, 293, 0.44, 50, 100, 1, 13, 5000, 35
0, 17250, 91, 306, 291, 306, 291, 0.44, 50, 100, 1, 14, 5000, 35
0, 17250, 114, 327, 307, 327, 307, 0.44, 50, 100, 1, 14, 5000, 35
0, 17250, 102, 299, 284, 299, 284, 0.44, 50, 100, 1, 13, 5000, 35
0, 17250, 103, 315, 303, 315, 303, 0.44, 50, 100, 1, 13, 5000, 35
0, 17250, 97, 311, 290, 311, 290, 0.44, 50, 100, 1, 13, 5000, 35
1, 13099, 107, 224, 225, 224, 225, 0.44, 50, 100, 1, 10, 5000, 35
0, 17250, 83, 286, 277, 286, 277, 0.44, 50, 100, 1, 17, 5000, 35
0, 17250, 105, 338, 309, 338, 309, 0.44, 50, 100, 1, 18, 5000, 35
0, 17250, 103, 312, 302, 312, 302, 0.44, 50, 100, 1, 14, 5000, 35
0, 17250, 116, 324, 301, 324, 301, 0.44, 50, 100, 1, 16, 5000, 35
0, 17250, 92, 309, 292, 309, 292, 0.44, 50, 100, 1, 14, 5000, 35
1, 11122, 99, 187, 188, 187, 188, 0.44, 50, 100, 1, 8, 5000, 35
0, 17250, 96, 294, 271, 294, 271, 0.44, 50, 100, 1, 15, 5000, 35
0, 17250, 102, 319, 303, 319, 303, 0.44, 50, 100, 1, 13, 5000, 35
1, 15448, 107, 264, 265, 264, 265, 0.44, 50, 100, 1, 12, 5000, 35
1, 11288, 103, 186, 187, 186, 187, 0.44, 50, 100, 1, 7, 5000, 35
1, 7950, 104, 139, 140, 139, 140, 0.44, 50, 100, 1, 4, 5000, 35
0, 17250, 105, 303, 295, 303, 295, 0.44, 50, 100, 1, 13, 5000, 35
1, 8108, 90, 125, 126, 125, 126, 0.44, 50, 100, 1, 4, 5000, 35
1, 8889, 119, 154, 155, 154, 155, 0.44, 50, 100, 1, 5, 5000, 35
0, 17250, 88, 295, 283, 295, 283, 0.44, 50, 100, 1, 13, 5000, 35
1, 8267, 109, 144, 145, 144, 145, 0.44, 50, 100, 1, 5, 5000, 35
0, 17250, 91, 305, 290, 305, 290, 0.44, 50, 100, 1, 13, 5000, 35
1, 16724, 118, 301, 302, 301, 302, 0.44, 50, 100, 1, 12, 5000, 35
1, 12300, 98, 199, 200, 199, 200, 0.44, 50, 100, 1, 8, 5000, 35
0, 17250, 109, 299, 292, 299, 292, 0.44, 50, 100, 1, 13, 5000, 35
0, 17250, 105, 318, 294, 318, 294, 0.44, 50, 100, 1, 14, 5000, 35
1, 12419, 109, 204, 205, 204, 205, 0.44, 50, 100, 1, 8, 5000, 35
0, 17250, 113, 306, 291, 306, 291, 0.44, 50, 100, 1, 13, 5000, 35
0, 17250, 96, 309, 286, 309, 286, 0.44, 50, 100, 1, 13, 5000, 35
1, 14206, 103, 237, 238, 237, 238, 0.44, 50, 100, 1, 10, 5000, 35
1, 10127, 103, 163, 164, 163, 164, 0.44, 50, 100, 1, 7, 5000, 35
1, 15286, 111, 261, 262, 261, 262, 0.44, 50, 100, 1, 12, 5000, 35
1, 8569, 94, 129, 130, 129, 130, 0.44, 50, 100, 1, 4, 5000, 35
0, 17250, 91, 304, 265, 304, 265, 0.44, 50, 100, 1, 13, 5000, 35
0, 17250, 124, 339, 305, 339, 305, 0.44, 50, 100, 1, 13, 5000, 35
1, 7865, 98, 134, 135, 134, 135, 0.44, 50, 100, 1, 4, 5000, 35
0, 17250, 95, 319, 303, 319, 303, 0.44, 50, 100, 1, 14, 5000, 35
0, 17250, 96, 290, 277, 290, 277, 0.44, 50, 100, 1, 13, 5000, 35
1, 19997, 105, 372, 373, 372, 373, 0.44, 50, 100, 1, 16, 5000, 45
1, 11255, 109, 184, 185, 184, 185, 0.44, 50, 100, 1, 8, 5000, 45
0, 20750, 92, 366, 344, 366, 344, 0.44, 50, 100, 1, 18, 5000, 45
0, 20750, 118, 395, 377, 395, 377, 0.44, 50, 100, 1, 16, 5000, 45
1, 9535, 111, 161, 162, 161, 162, 0.44, 50, 100, 1, 6, 5000, 45
1, 9175, 99, 144, 150, 144, 150, 0.44, 50, 100, 1, 5, 5000, 45
0, 20750, 100, 378, 365, 378, 365, 0.44, 50, 100, 1, 16, 5000, 45
0, 20750, 100, 385, 358, 385, 358, 0.44, 50, 100, 1, 17, 5000, 45
1, 10588, 92, 157, 158, 157, 158, 0.44, 50, 100, 1, 7, 5000, 45
0, 20750, 101, 372, 348, 372, 348, 0.44, 50, 100, 1, 17, 5000, 45
0, 20750, 108, 410, 389, 410, 389, 0.44, 50, 100, 1, 17, 5000, 45
1, 9533, 105, 150, 155, 150, 155, 0.44, 50, 100, 1, 5, 5000, 45
0, 20750, 109, 386, 371, 386, 371, 0.44, 50, 100, 1, 17, 5000, 45
0, 20750, 84, 374, 350, 374, 350, 0.44, 50, 100, 1, 17, 5000, 45
1, 14104, 110, 253, 254, 253, 254, 0.44, 50, 100, 1, 10, 5000, 45
1, 10025, 99, 165, 166, 165, 166, 0.44, 50, 100, 1, 6, 5000, 45
0, 20750, 98, 399, 372, 399, 372, 0.44, 50, 100, 1, 17, 5000, 45
0, 20750, 107, 407, 382, 407, 382, 0.44, 50, 100, 1, 17, 5000, 45
0, 20750, 109, 400, 370, 400, 370, 0.44, 50, 100, 1, 17, 5000, 45
0, 20750, 105, 381, 359, 381, 359, 0.44, 50, 100, 1, 17, 5000, 45
1, 8905, 109, 157, 158, 157, 158, 0.44, 50, 100, 1, 6, 5000, 45
0, 20750, 109, 392, 364, 392, 364, 0.44, 50, 100, 1, 18, 5000, 45
0, 20750, 100, 374, 351, 374, 351, 0.44, 50, 100, 1, 17, 5000, 45
0, 20750, 103, 380, 363, 380, 363, 0.44, 50, 100, 1, 17, 5000, 45
1, 18798, 105, 336, 337, 336, 337, 0.44, 50, 100, 1, 16, 5000, 45
0, 20750, 103, 390, 364, 390, 364, 0.44, 50, 100, 1, 18, 5000, 45
0, 20750, 84, 367, 357, 367, 357, 0.44, 50, 100, 1, 18, 5000, 45
0, 20750, 98, 363, 342, 363, 342, 0.44, 50, 100, 1, 19, 5000, 45
0, 20750, 102, 387, 373, 387, 373, 0.44, 50, 100, 1, 22, 5000, 45
0, 20750, 98, 391, 368, 391, 368, 0.44, 50, 100, 1, 20, 5000, 45
0, 20750, 118, 402, 369, 402, 369, 0.44, 50, 100, 1, 17, 5000, 45
0, 20750, 102, 385, 375, 385, 375, 0.44, 50, 100, 1, 17, 5000, 45
1, 14930, 102, 255, 256, 255, 256, 0.44, 50, 100, 1, 11, 5000, 45
0, 20750, 110, 386, 363, 386, 363, 0.44, 50, 100, 1, 19, 5000, 45
1, 14344, 108, 244, 245, 244, 245, 0.44, 50, 100, 1, 11, 5000, 45
0, 20750, 106, 398, 376, 398, 376, 0.44, 50, 100, 1, 17, 5000, 45
1, 8872, 93, 138, 143, 138, 143, 0.44, 50, 100, 1, 7, 5000, 45
0, 20750, 105, 382, 374, 382, 374, 0.44, 50, 100, 1, 17, 5000, 45
0, 20750, 94, 376, 353, 376, 353, 0.44, 50, 100, 1, 21, 5000, 45
1, 14997, 102, 261, 262, 261, 262, 0.44, 50, 100, 1, 11, 5000, 45
0, 20750, 109, 389, 368, 389, 368, 0.44, 50, 100, 1, 18, 5000, 45
0, 20750, 99, 374, 347, 374, 347, 0.44, 50, 100, 1, 22, 5000, 45
0, 20750, 107, 405, 380, 405, 380, 0.44, 50, 100, 1, 17, 5000, 45
0, 20750, 112, 391, 370, 391, 370, 0.44, 50, 100, 1, 17, 5000, 45
1, 8874, 81, 126, 127, 126, 127, 0.44, 50, 100, 1, 5, 5000, 45
0, 20750, 110, 366, 343, 366, 343, 0.44, 50, 100, 1, 19, 5000, 45
0, 20750, 106, 392, 374, 392, 374, 0.44, 50, 100, 1, 18, 5000, 45
1, 7961, 107, 152, 153, 152, 153, 0.44, 50, 100, 1, 4, 5000, 45
1, 20247, 104, 364, 365, 364, 365, 0.44, 50, 100, 1, 17, 5000, 45
1, 9093, 91, 136, 138, 136, 138, 0.44, 50, 100, 1, 5, 5000, 45
1, 8672, 102, 147, 151, 147, 151, 0.44, 50, 100, 1, 5, 5000, 45
0, 20750, 83, 359, 325, 359, 325, 0.44, 50, 100, 1, 18, 5000, 45
1, 8119, 100, 145, 150, 145, 150, 0.44, 50, 100, 1, 4, 5000, 45
1, 8431, 103, 148, 149, 148, 149, 0.44, 50, 100, 1, 5, 5000, 45
0, 20750, 90, 386, 365, 386, 365, 0.44, 50, 100, 1, 17, 5000, 45
0, 20750, 110, 395, 372, 395, 372, 0.44, 50, 100, 1, 19, 5000, 45
1, 10002, 105, 153, 154, 153, 154, 0.44, 50, 100, 1, 6, 5000, 45
1, 8795, 100, 145, 153, 145, 153, 0.44, 50, 100, 1, 5, 5000, 45
0, 20750, 98, 381, 341, 381, 341, 0.44, 50, 100, 1, 19, 5000, 45
0, 20750, 97, 374, 360, 374, 360, 0.44, 50, 100, 1, 17, 5000, 45
1, 9044, 105, 150, 152, 150, 152, 0.44, 50, 100, 1, 5, 5000, 45
1, 9042, 105, 150, 153, 150, 153, 0.44, 50, 100, 1, 5, 5000, 45
1, 17663, 104, 310, 311, 310, 311, 0.44, 50, 100, 1, 14, 5000, 45
1, 10358, 109, 185, 186, 185, 186, 0.44, 50, 100, 1, 7, 5000, 45
0, 20750, 103, 395, 383, 395, 383, 0.44, 50, 100, 1, 17, 5000, 45
0, 20750, 92, 374, 355, 374, 355, 0.44, 50, 100, 1, 25, 5000, 45
0, 20750, 104, 390, 361, 390, 361, 0.44, 50, 100, 1, 22, 5000, 45
0, 20750, 89, 370, 348, 370, 348, 0.44, 50, 100, 1, 16, 5000, 45
0, 20750, 84, 371, 347, 371, 347, 0.44, 50, 100, 1, 23, 5000, 45
0, 20750, 108, 377, 368, 377, 368, 0.44, 50, 100, 1, 19, 5000, 45
1, 8733, 101, 149, 150, 149, 150, 0.44, 50, 100, 1, 5, 5000, 45
0, 20750, 100, 382, 354, 382, 354, 0.44, 50, 100, 1, 17, 5000, 45
1, 17132, 95, 312, 313, 312, 313, 0.44, 50, 100, 1, 14, 5000, 45
1, 8967, 109, 157, 158, 157, 158, 0.44, 50, 100, 1, 6, 5000, 45
0, 20750, 97, 379, 353, 379, 353, 0.44, 50, 100, 1, 21, 5000, 45
0, 20750, 96, 394, 380, 394, 380, 0.44, 50, 100, 1, 17, 5000, 45
0, 20750, 94, 365, 356, 365, 356, 0.44, 50, 100, 1, 17, 5000, 45
0, 20750, 100, 367, 346, 367, 346, 0.44, 50, 100, 1, 21, 5000, 45
1, 8848, 96, 141, 147, 141, 147, 0.44, 50, 100, 1, 5, 5000, 45
0, 20750, 118, 391, 373, 391, 373, 0.44, 50, 100, 1, 18, 5000, 45
0, 20750, 91, 370, 361, 370, 361, 0.44, 50, 100, 1, 17, 5000, 45
1, 16278, 99, 278, 279, 278, 279, 0.44, 50, 100, 1, 12, 5000, 45
1, 11741, 109, 186, 187, 186, 187, 0.44, 50, 100, 1, 8, 5000, 45
1, 8661, 106, 151, 152, 151, 152, 0.44, 50, 100, 1, 6, 5000, 45
0, 20750, 96, 367, 344, 367, 344, 0.44, 50, 100, 1, 17, 5000, 45
0, 20750, 99, 382, 365, 382, 365, 0.44, 50, 100, 1, 17, 5000, 45
0, 20750, 101, 364, 348, 364, 348, 0.44, 50, 100, 1, 19, 5000, 45
0, 20750, 101, 380, 354, 380, 354, 0.44, 50, 100, 1, 17, 5000, 45
1, 20504, 113, 381, 382, 381, 382, 0.44, 50, 100, 1, 17, 5000, 45
0, 20750, 92, 374, 340, 374, 340, 0.44, 50, 100, 1, 16, 5000, 45
1, 9513, 94, 144, 145, 144, 145, 0.44, 50, 100, 1, 6, 5000, 45
0, 20750, 92, 370, 347, 370, 347, 0.44, 50, 100, 1, 18, 5000, 45
0, 20750, 119, 391, 369, 391, 369, 0.44, 50, 100, 1, 18, 5000, 45
1, 8682, 93, 138, 140, 138, 140, 0.44, 50, 100, 1, 6, 5000, 45
1, 8969, 103, 149, 150, 149, 150, 0.44, 50, 100, 1, 5, 5000, 45
0, 20750, 110, 389, 385, 389, 385, 0.44, 50, 100, 1, 21, 5000, 45
0, 20750, 85, 348, 340, 348, 340, 0.44, 50, 100, 1, 17, 5000, 45
1, 8790, 91, 136, 138, 136, 138, 0.44, 50, 100, 1, 5, 5000, 45
0, 20750, 101, 392, 366, 392, 366, 0.44, 50, 100, 1, 17, 5000, 45
0, 20750, 104, 379, 365, 379, 365, 0.44, 50, 100, 1, 16, 5000, 45
1, 9030, 90, 147, 148, 147, 148, 0.44, 50, 100, 1, 5, 5000, 55
0, 24250, 95, 446, 423, 446, 423, 0.44, 50, 100, 1, 19, 5000, 55
0, 24250, 85, 450, 430, 450, 430, 0.44, 50, 100, 1, 20, 5000, 55
0, 24250, 104, 469, 440, 469, 440, 0.44, 50, 100, 1, 20, 5000, 55
1, 11769, 104, 194, 195, 194, 195, 0.44, 50, 100, 1, 10, 5000, 55
0, 24250, 85, 420, 415, 420, 415, 0.44, 50, 100, 1, 22, 5000, 55
0, 24250, 117, 454, 435, 454, 435, 0.44, 50, 100, 1, 23, 5000, 55
0, 24250, 116, 452, 438, 452, 438, 0.44, 50, 100, 1, 20, 5000, 55
0, 24250, 106, 470, 444, 470, 444, 0.44, 50, 100, 1, 21, 5000, 55
1, 12804, 99, 213, 214, 213, 214, 0.44, 50, 100, 1, 9, 5000, 55
0, 24250, 105, 458, 452, 458, 452, 0.44, 50, 100, 1, 23, 5000, 55
0, 24250, 81, 440, 423, 440, 423, 0.44, 50, 100, 1, 21, 5000, 55
1, 24188, 111, 444, 445, 444, 445, 0.44, 50, 100, 1, 21, 5000, 55
0, 24250, 103, 445, 433, 445, 433, 0.44, 50, 100, 1, 20, 5000, 55
0, 24250, 101, 459, 430, 459, 430, 0.44, 50, 100, 1, 22, 5000, 55
0, 24250, 120, 468, 445, 468, 445, 0.44, 50, 100, 1, 20, 5000, 55
1, 14606, 103, 262, 263, 262, 263, 0.44, 50, 100, 1, 12, 5000, 55
0, 24250, 101, 457, 432, 457, 432, 0.44, 50, 100, 1, 21, 5000, 55
1, 12289, 102, 186, 187, 186, 187, 0.44, 50, 100, 1, 9, 5000, 55
0, 24250, 113, 462, 445, 462, 445, 0.44, 50, 100, 1, 20, 5000, 55
1, 20526, 81, 363, 364, 363, 364, 0.44, 50, 100, 1, 17, 5000, 55
1, 9284, 97, 153, 154, 153, 154, 0.44, 50, 100, 1, 5, 5000, 55
0, 24250, 110, 451, 434, 451, 434, 0.44, 50, 100, 1, 20, 5000, 55
1, 11340, 104, 216, 217, 216, 217, 0.44, 50, 100, 1, 9, 5000, 55
0, 24250, 94, 440, 421, 440, 421, 0.44, 50, 100, 1, 23, 5000, 55
0, 24250, 102, 468, 442, 468, 442, 0.44, 50, 100, 1, 20, 5000, 55
1, 9405, 105, 160, 171, 160, 171, 0.44, 50, 100, 1, 5, 5000, 55
0, 24250, 98, 440, 422, 440, 422, 0.44, 50, 100, 1, 23, 5000, 55
0, 24250, 105, 448, 418, 448, 418, 0.44, 50, 100, 1, 20, 5000, 55
1, 15346, 116, 285, 286, 285, 286, 0.44, 50, 100, 1, 11, 5000, 55
0, 24250, 105, 452, 428, 452, 428, 0.44, 50, 100, 1, 23, 5000, 55
1, 11783, 104, 199, 200, 199, 200, 0.44, 50, 100, 1, 9, 5000, 55
0, 24250, 98, 452, 432, 452, 432, 0.44, 50, 100, 1, 23, 5000, 55
0, 24250, 99, 438, 420, 438, 420, 0.44, 50, 100, 1, 21, 5000, 55
0, 24250, 88, 427, 410, 427, 410, 0.44, 50, 100, 1, 21, 5000, 55
1, 9535, 102, 157, 158, 157, 158, 0.44, 50, 100, 1, 6, 5000, 55
0, 24250, 99, 445, 430, 445, 430, 0.44, 50, 100, 1, 22, 5000, 55
0, 24250, 94, 449, 427, 449, 427, 0.44, 50, 100, 1, 21, 5000, 55
0, 24250, 109, 464, 448, 464, 448, 0.44, 50, 100, 1, 21, 5000, 55
1, 18718, 119, 350, 351, 350, 351, 0.44, 50, 100, 1, 15, 5000, 55
1, 21500, 105, 379, 380, 379, 380, 0.44, 50, 100, 1, 21, 5000, 55
0, 24250, 104, 437, 436, 437, 436, 0.44, 50, 100, 1, 20, 5000, 55
1, 19699, 110, 369, 370, 369, 370, 0.44, 50, 100, 1, 19, 5000, 55
1, 9160, 107, 162, 164, 162, 164, 0.44, 50, 100, 1, 7, 5000, 55
0, 24250, 108, 457, 444, 457, 444, 0.44, 50, 100, 1, 22, 5000, 55
1, 10616, 98, 178, 179, 178, 179, 0.44, 50, 100, 1, 9, 5000, 55
0, 24250, 104, 448, 423, 448, 423, 0.44, 50, 100, 1, 23, 5000, 55
0, 24250, 107, 456, 440, 456, 440, 0.44, 50, 100, 1, 21, 5000, 55
1, 16744, 120, 301, 302, 301, 302, 0.44, 50, 100, 1, 13, 5000, 55
0, 24250, 104, 458, 435, 458, 435, 0.44, 50, 100, 1, 27, 5000, 55
1, 9768, 114, 169, 170, 169, 170, 0.44, 50, 100, 1, 6, 5000, 55
1, 16850, 121, 309, 310, 309, 310, 0.44, 50, 100, 1, 13, 5000, 55
0, 24250, 105, 444, 433, 444, 433, 0.44, 50, 100, 1, 28, 5000, 55
0, 24250, 89, 444, 427, 444, 427, 0.44, 50, 100, 1, 21, 5000, 55
0, 24250, 100, 445, 427, 445, 427, 0.44, 50, 100, 1, 21, 5000, 55
0, 24250, 110, 460, 446, 460, 446, 0.44, 50, 100, 1, 22, 5000, 55
0, 24250, 80, 436, 404, 436, 404, 0.44, 50, 100, 1, 20, 5000, 55
0, 24250, 104, 464, 432, 464, 432, 0.44, 50, 100, 1, 20, 5000, 55
0, 24250, 100, 466, 439, 466, 439, 0.44, 50, 100, 1, 21, 5000, 55
0, 24250, 111, 449, 428, 449, 428, 0.44, 50, 100, 1, 20, 5000, 55
0, 24250, 97, 454, 438, 454, 438, 0.44, 50, 100, 1, 21, 5000, 55
0, 24250, 99, 444, 435, 444, 435, 0.44, 50, 100, 1, 21, 5000, 55
0, 24250, 84, 421, 399, 421, 399, 0.44, 50, 100, 1, 20, 5000, 55
1, 18505, 108, 332, 333, 332, 333, 0.44, 50, 100, 1, 15, 5000, 55
0, 24250, 110, 459, 437, 459, 437, 0.44, 50, 100, 1, 21, 5000, 55
0, 24250, 105, 462, 432, 462, 432, 0.44, 50, 100, 1, 21, 5000, 55
0, 24250, 90, 458, 447, 458, 447, 0.44, 50, 100, 1, 20, 5000, 55
1, 12435, 108, 225, 226, 225, 226, 0.44, 50, 100, 1, 9, 5000, 55
0, 24250, 92, 449, 425, 449, 425, 0.44, 50, 100, 1, 20, 5000, 55
1, 9842, 103, 158, 161, 158, 161, 0.44, 50, 100, 1, 6, 5000, 55
0, 24250, 92, 423, 411, 423, 411, 0.44, 50, 100, 1, 20, 5000, 55
0, 24250, 103, 461, 443, 461, 443, 0.44, 50, 100, 1, 20, 5000, 55
0, 24250, 90, 431, 423, 431, 423, 0.44, 50, 100, 1, 20, 5000, 55
1, 11169, 117, 184, 185, 184, 185, 0.44, 50, 100, 1, 8, 5000, 55
0, 24250, 112, 462, 445, 462, 445, 0.44, 50, 100, 1, 26, 5000, 55
0, 24250, 105, 440, 424, 440, 424, 0.44, 50, 100, 1, 20, 5000, 55
0, 24250, 94, 453, 437, 453, 437, 0.44, 50, 100, 1, 26, 5000, 55
0, 24250, 95, 439, 428, 439, 428, 0.44, 50, 100, 1, 21, 5000, 55
0, 24250, 119, 459, 450, 459, 450, 0.44, 50, 100, 1, 21, 5000, 55
1, 19672, 97, 357, 358, 357, 358, 0.44, 50, 100, 1, 17, 5000, 55
0, 24250, 100, 449, 433, 449, 433, 0.44, 50, 100, 1, 20, 5000, 55
0, 24250, 112, 468, 451, 468, 451, 0.44, 50, 100, 1, 22, 5000, 55
1, 12034, 111, 197, 198, 197, 198, 0.44, 50, 100, 1, 9, 5000, 55
0, 24250, 109, 452, 440, 452, 440, 0.44, 50, 100, 1, 20, 5000, 55
1, 21236, 90, 367, 368, 367, 368, 0.44, 50, 100, 1, 17, 5000, 55
0, 24250, 96, 453, 422, 453, 422, 0.44, 50, 100, 1, 20, 5000, 55
0, 24250, 114, 460, 443, 460, 443, 0.44, 50, 100, 1, 21, 5000, 55
1, 13772, 105, 222, 223, 222, 223, 0.44, 50, 100, 1, 10, 5000, 55
0, 24250, 110, 467, 455, 467, 455, 0.44, 50, 100, 1, 22, 5000, 55
0, 24250, 112, 475, 453, 475, 453, 0.44, 50, 100, 1, 21, 5000, 55
1, 9973, 106, 171, 172, 171, 172, 0.44, 50, 100, 1, 6, 5000, 55
0, 24250, 107, 460, 439, 460, 439, 0.44, 50, 100, 1, 24, 5000, 55
1, 9842, 97, 166, 167, 166, 167, 0.44, 50, 100, 1, 6, 5000, 55
1, 20321, 107, 344, 345, 344, 345, 0.44, 50, 100, 1, 18, 5000, 55
0, 24250, 88, 448, 418, 448, 418, 0.44, 50, 100, 1, 24, 5000, 55
1, 22241, 86, 382, 383, 382, 383, 0.44, 50, 100, 1, 18, 5000, 55
1, 13008, 98, 219, 220, 219, 220, 0.44, 50, 100, 1, 9, 5000, 55
0, 24250, 92, 450, 437, 450, 437, 0.44, 50, 100, 1, 28, 5000, 55
0, 24250, 99, 430, 415, 430, 415, 0.44, 50, 100, 1, 22, 5000, 55
0, 24250, 111, 454, 430, 454, 430, 0.44, 50, 100, 1, 28, 5000, 55
1, 10635, 100, 165, 172, 165, 172, 0.44, 50, 100, 1, 9, 5000, 65
1, 15160, 127, 286, 287, 286, 287, 0.44, 50, 100, 1, 15, 5000, 65
0, 27750, 106, 544, 513, 544, 513, 0.44, 50, 100, 1, 27, 5000, 65
1, 16936, 101, 300, 301, 300, 301, 0.44, 50, 100, 1, 14, 5000, 65
1, 10722, 122, 187, 193, 187, 193, 0.44, 50, 100, 1, 7, 5000, 65
0, 27750, 105, 533, 516, 533, 516, 0.44, 50, 100, 1, 25, 5000, 65
1, 26970, 107, 505, 506, 505, 506, 0.44, 50, 100, 1, 24, 5000, 65
0, 27750, 113, 538, 504, 538, 504, 0.44, 50, 100, 1, 26, 5000, 65
0, 27750, 95, 505, 490, 505, 490, 0.44, 50, 100, 1, 27, 5000, 65
0, 27750, 111, 513, 498, 513, 498, 0.44, 50, 100, 1, 26, 5000, 65
1, 10660, 103, 168, 175, 168, 175, 0.44, 50, 100, 1, 7, 5000, 65
1, 24611, 100, 439, 440, 439, 440, 0.44, 50, 100, 1, 26, 5000, 65
1, 10195, 98, 163, 164, 163, 164, 0.44, 50, 100, 1, 7, 5000, 65
0, 27750, 109, 521, 511, 521, 511, 0.44, 50, 100, 1, 24, 5000, 65
1, 10223, 110, 175, 181, 175, 181, 0.44, 50, 100, 1, 6, 5000, 65
0, 27750, 113, 502, 492, 502, 492, 0.44, 50, 100, 1, 26, 5000, 65
0, 27750, 107, 532, 509, 532, 509, 0.44, 50, 100, 1, 25, 5000, 65
1, 10455, 103, 168, 169, 168, 169, 0.44, 50, 100, 1, 7, 5000, 65
0, 27750, 91, 516, 487, 516, 487, 0.44, 50, 100, 1, 25, 5000, 65
0, 27750, 121, 529, 505, 529, 505, 0.44, 50, 100, 1, 24, 5000, 65
0, 27750, 104, 523, 500, 523, 500, 0.44, 50, 100, 1, 26, 5000, 65
1, 13560, 96, 239, 240, 239, 240, 0.44, 50, 100, 1, 13, 5000, 65
0, 27750, 99, 530, 503, 530, 503, 0.44, 50, 100, 1, 25, 5000, 65
1, 11618, 100, 188, 189, 188, 189, 0.44, 50, 100, 1, 8, 5000, 65
1, 10342, 106, 171, 176, 171, 176, 0.44, 50, 100, 1, 7, 5000, 65
0, 27750, 114, 529, 519, 529, 519, 0.44, 50, 100, 1, 24, 5000, 65
0, 27750, 113, 541, 501, 541, 501, 0.44, 50, 100, 1, 29, 5000, 65
0, 27750, 108, 530, 521, 530, 521, 0.44, 50, 100, 1, 30, 5000, 65
0, 27750, 89, 505, 480, 505, 480, 0.44, 50, 100, 1, 27, 5000, 65
0, 27750, 111, 537, 506, 537, 506, 0.44, 50, 100, 1, 27, 5000, 65
1, 14574, 98, 247, 248, 247, 248, 0.44, 50, 100, 1, 15, 5000, 65
0, 27750, 105, 534, 509, 534, 509, 0.44, 50, 100, 1, 25, 5000, 65
1, 11988, 121, 198, 199, 198, 199, 0.44, 50, 100, 1, 13, 5000, 65
0, 27750, 92, 499, 483, 499, 483, 0.44, 50, 100, 1, 26, 5000, 65
1, 19303, 89, 338, 339, 338, 339, 0.44, 50, 100, 1, 19, 5000, 65
1, 18447, 106, 318, 319, 318, 319, 0.44, 50, 100, 1, 17, 5000, 65
1, 10034, 98, 169, 170, 169, 170, 0.44, 50, 100, 1, 7, 5000, 65
0, 27750, 102, 524, 523, 524, 523, 0.44, 50, 100, 1, 27, 5000, 65
1, 15845, 116, 277, 278, 277, 278, 0.44, 50, 100, 1, 12, 5000, 65
0, 27750, 98, 524, 501, 524, 501, 0.44, 50, 100, 1, 27, 5000, 65
1, 12733, 99, 226, 227, 226, 227, 0.44, 50, 100, 1, 9, 5000, 65
0, 27750, 93, 530, 503, 530, 503, 0.44, 50, 100, 1, 25, 5000, 65
0, 27750, 98, 516, 499, 516, 499, 0.44, 50, 100, 1, 25, 5000, 65
0, 27750, 108, 521, 505, 521, 505, 0.44, 50, 100, 1, 24, 5000, 65
0, 27750, 107, 517, 496, 517, 496, 0.44, 50, 100, 1, 24, 5000, 65
0, 27750, 98, 521, 503, 521, 503, 0.44, 50, 100, 1, 25, 5000, 65
0, 27750, 108, 529, 503, 529, 503, 0.44, 50, 100, 1, 26, 5000, 65
0, 27750, 92, 503, 468, 503, 468, 0.44, 50, 100, 1, 28, 5000, 65
0, 27750, 108, 541, 528, 541, 528, 0.44, 50, 100, 1, 25, 5000, 65
1, 10145, 93, 159, 160, 159, 160, 0.44, 50, 100, 1, 8, 5000, 65
0, 27750, 93, 530, 498, 530, 498, 0.44, 50, 100, 1, 29, 5000, 65
0, 27750, 113, 539, 516, 539, 516, 0.44, 50, 100, 1, 27, 5000, 65
0, 27750, 110, 520, 505, 520, 505, 0.44, 50, 100, 1, 27, 5000, 65
0, 27750, 108, 524, 500, 524, 500, 0.44, 50, 100, 1, 31, 5000, 65
0, 27750, 107, 521, 502, 521, 502, 0.44, 50, 100, 1, 26, 5000, 65
1, 13919, 98, 238, 239, 238, 239, 0.44, 50, 100, 1, 10, 5000, 65
0, 27750, 88, 500, 474, 500, 474, 0.44, 50, 100, 1, 25, 5000, 65
0, 27750, 93, 526, 501, 526, 501, 0.44, 50, 100, 1, 28, 5000, 65
0, 27750, 101, 513, 484, 513, 484, 0.44, 50, 100, 1, 28, 5000, 65
1, 11102, 113, 178, 196, 178, 196, 0.44, 50, 100, 1, 8, 5000, 65
1, 12910, 117, 226, 227, 226, 227, 0.44, 50, 100, 1, 10, 5000, 65
0, 27750, 73, 488, 451, 488, 451, 0.44, 50, 100, 1, 29, 5000, 65
0, 27750, 69, 498, 474, 498, 474, 0.44, 50, 100, 1, 32, 5000, 65
1, 14428, 87, 227, 228, 227, 228, 0.44, 50, 100, 1, 12, 5000, 65
1, 10330, 101, 178, 179, 178, 179, 0.44, 50, 100, 1, 7, 5000, 65
1, 10609, 118, 183, 197, 183, 197, 0.44, 50, 100, 1, 8, 5000, 65
0, 27750, 99, 532, 512, 532, 512, 0.44, 50, 100, 1, 26, 5000, 65
0, 27750, 110, 531, 514, 531, 514, 0.44, 50, 100, 1, 24, 5000, 65
1, 10226, 105, 170, 171, 170, 171, 0.44, 50, 100, 1, 9, 5000, 65
1, 27747, 110, 521, 522, 521, 522, 0.44, 50, 100, 1, 28, 5000, 65
0, 27750, 105, 527, 513, 527, 513, 0.44, 50, 100, 1, 33, 5000, 65
0, 27750, 98, 504, 485, 504, 485, 0.44, 50, 100, 1, 30, 5000, 65
0, 27750, 111, 536, 523, 536, 523, 0.44, 50, 100, 1, 26, 5000, 65
1, 27545, 85, 500, 501, 500, 501, 0.44, 50, 100, 1, 24, 5000, 65
0, 27750, 90, 505, 492, 505, 492, 0.44, 50, 100, 1, 26, 5000, 65
0, 27750, 93, 513, 479, 513, 479, 0.44, 50, 100, 1, 28, 5000, 65
0, 27750, 93, 502, 487, 502, 487, 0.44, 50, 100, 1, 31, 5000, 65
1, 24670, 121, 459, 460, 459, 460, 0.44, 50, 100, 1, 23, 5000, 65
0, 27750, 116, 539, 511, 539, 511, 0.44, 50, 100, 1, 29, 5000, 65
0, 27750, 98, 517, 504, 517, 504, 0.44, 50, 100, 1, 33, 5000, 65
0, 27750, 108, 519, 510, 519, 510, 0.44, 50, 100, 1, 30, 5000, 65
0, 27750, 105, 514, 500, 514, 500, 0.44, 50, 100, 1, 28, 5000, 65
0, 27750, 105, 511, 509, 511, 509, 0.44, 50, 100, 1, 29, 5000, 65
1, 10918, 107, 195, 196, 195, 196, 0.44, 50, 100, 1, 10, 5000, 65
1, 10641, 101, 171, 172, 171, 172, 0.44, 50, 100, 1, 9, 5000, 65
1, 10857, 108, 176, 177, 176, 177, 0.44, 50, 100, 1, 8, 5000, 65
0, 27750, 112, 536, 511, 536, 511, 0.44, 50, 100, 1, 30, 5000, 65
0, 27750, 108, 522, 495, 522, 495, 0.44, 50, 100, 1, 35, 5000, 65
0, 27750, 98, 533, 516, 533, 516, 0.44, 50, 100, 1, 29, 5000, 65
1, 11085, 120, 192, 193, 192, 193, 0.44, 50, 100, 1, 9, 5000, 65
0, 27750, 95, 524, 498, 524, 498, 0.44, 50, 100, 1, 27, 5000, 65
0, 27750, 109, 527, 519, 527, 519, 0.44, 50, 100, 1, 25, 5000, 65
1, 11009, 90, 167, 168, 167, 168, 0.44, 50, 100, 1, 8, 5000, 65
0, 27750, 107, 544, 518, 544, 518, 0.44, 50, 100, 1, 27, 5000, 65
0, 27750, 95, 519, 500, 519, 500, 0.44, 50, 100, 1, 25, 5000, 65
1, 10106, 104, 173, 174, 173, 174, 0.44, 50, 100, 1, 7, 5000, 65
0, 27750, 103, 511, 497, 511, 497, 0.44, 50, 100, 1, 25, 5000, 65
0, 27750, 107, 527, 505, 527, 505, 0.44, 50, 100, 1, 25, 5000, 65
0, 27750, 88, 515, 494, 515, 494, 0.44, 50, 100, 1, 24, 5000, 65
1, 19940, 110, 372, 373, 372, 373, 0.44, 50, 100, 1, 17, 5000, 75
0, 27750, 96, 517, 484, 517, 484, 0.44, 50, 100, 1, 30, 5000, 65
1, 21495, 107, 394, 395, 394, 395, 0.44, 50, 100, 1, 21, 5000, 75
1, 11970, 111, 186, 187, 186, 187, 0.44, 50, 100, 1, 9, 5000, 75
1, 11514, 108, 198, 199, 198, 199, 0.44, 50, 100, 1, 8, 5000, 75
0, 31250, 97, 595, 581, 595, 581, 0.44, 50, 100, 1, 31, 5000, 75
1, 10628, 103, 178, 179, 178, 179, 0.44, 50, 100, 1, 7, 5000, 75
0, 31250, 101, 582, 576, 582, 576, 0.44, 50, 100, 1, 30, 5000, 75
1, 13031, 112, 229, 230, 229, 230, 0.44, 50, 100, 1, 9, 5000, 75
0, 31250, 80, 566, 554, 566, 554, 0.44, 50, 100, 1, 30, 5000, 75
0, 31250, 88, 576, 552, 576, 552, 0.44, 50, 100, 1, 30, 5000, 75
1, 12947, 87, 188, 189, 188, 189, 0.44, 50, 100, 1, 12, 5000, 75
0, 31250, 113, 592, 575, 592, 575, 0.44, 50, 100, 1, 31, 5000, 75
1, 13119, 94, 233, 234, 233, 234, 0.44, 50, 100, 1, 10, 5000, 75
1, 19740, 124, 369, 370, 369, 370, 0.44, 50, 100, 1, 18, 5000, 75
0, 31250, 69, 556, 533, 556, 533, 0.44, 50, 100, 1, 30, 5000, 75
1, 14996, 86, 254, 255, 254, 255, 0.44, 50, 100, 1, 11, 5000, 75
0, 31250, 95, 590, 578, 590, 578, 0.44, 50, 100, 1, 29, 5000, 75
0, 31250, 112, 591, 582, 591, 582, 0.44, 50, 100, 1, 27, 5000, 75
1, 13415, 109, 226, 227, 226, 227, 0.44, 50, 100, 1, 9, 5000, 75
0, 31250, 91, 584, 565, 584, 565, 0.44, 50, 100, 1, 29, 5000, 75
0, 31250, 110, 602, 589, 602, 589, 0.44, 50, 100, 1, 29, 5000, 75
0, 31250, 108, 596, 585, 596, 585, 0.44, 50, 100, 1, 29, 5000, 75
1, 13339, 104, 239, 240, 239, 240, 0.44, 50, 100, 1, 10, 5000, 75
0, 31250, 97, 591, 573, 591, 573, 0.44, 50, 100, 1, 37, 5000, 75
0, 31250, 80, 569, 551, 569, 551, 0.44, 50, 100, 1, 37, 5000, 75
0, 31250, 102, 576, 567, 576, 567, 0.44, 50, 100, 1, 30, 5000, 75
1, 11621, 93, 182, 183, 182, 183, 0.44, 50, 100, 1, 8, 5000, 75
0, 31250, 107, 590, 578, 590, 578, 0.44, 50, 100, 1, 30, 5000, 75
0, 31250, 122, 585, 582, 585, 582, 0.44, 50, 100, 1, 30, 5000, 75
1, 13008, 108, 213, 214, 213, 214, 0.44, 50, 100, 1, 10, 5000, 75
0, 31250, 119, 601, 586, 601, 586, 0.44, 50, 100, 1, 31, 5000, 75
0, 31250, 100, 587, 564, 587, 564, 0.44, 50, 100, 1, 28, 5000, 75
1, 24664, 99, 459, 460, 459, 460, 0.44, 50, 100, 1, 21, 5000, 75
1, 12513, 95, 196, 197, 196, 197, 0.44, 50, 100, 1, 9, 5000, 75
1, 17031, 105, 302, 303, 302, 303, 0.44, 50, 100, 1, 13, 5000, 75
0, 31250, 107, 604, 575, 604, 575, 0.44, 50, 100, 1, 27, 5000, 75
1, 12154, 93, 186, 187, 186, 187, 0.44, 50, 100, 1, 8, 5000, 75
1, 10858, 114, 189, 193, 189, 193, 0.44, 50, 100, 1, 8, 5000, 75
0, 31250, 103, 594, 573, 594, 573, 0.44, 50, 100, 1, 27, 5000, 75
0, 31250, 93, 600, 558, 600, 558, 0.44, 50, 100, 1, 28, 5000, 75
0, 31250, 109, 589, 582, 589, 582, 0.44, 50, 100, 1, 32, 5000, 75
0, 31250, 99, 591, 552, 591, 552, 0.44, 50, 100, 1, 27, 5000, 75
0, 31250, 102, 595, 566, 595, 566, 0.44, 50, 100, 1, 35, 5000, 75
1, 13970, 96, 232, 233, 232, 233, 0.44, 50, 100, 1, 11, 5000, 75
0, 31250, 104, 605, 582, 605, 582, 0.44, 50, 100, 1, 37, 5000, 75
0, 31250, 97, 599, 588, 599, 588, 0.44, 50, 100, 1, 29, 5000, 75
0, 31250, 98, 590, 556, 590, 556, 0.44, 50, 100, 1, 37, 5000, 75
1, 15587, 94, 248, 249, 248, 249, 0.44, 50, 100, 1, 12, 5000, 75
0, 31250, 111, 595, 567, 595, 567, 0.44, 50, 100, 1, 31, 5000, 75
0, 31250, 110, 596, 573, 596, 573, 0.44, 50, 100, 1, 30, 5000, 75
1, 10767, 95, 172, 173, 172, 173, 0.44, 50, 100, 1, 7, 5000, 75
1, 23417, 93, 423, 424, 423, 424, 0.44, 50, 100, 1, 22, 5000, 75
0, 31250, 97, 575, 554, 575, 554, 0.44, 50, 100, 1, 34, 5000, 75
1, 20582, 112, 366, 367, 366, 367, 0.44, 50, 100, 1, 17, 5000, 75
0, 31250, 114, 605, 589, 605, 589, 0.44, 50, 100, 1, 33, 5000, 75
1, 18626, 102, 344, 345, 344, 345, 0.44, 50, 100, 1, 15, 5000, 75
0, 31250, 109, 601, 580, 601, 580, 0.44, 50, 100, 1, 28, 5000, 75
1, 13895, 100, 240, 241, 240, 241, 0.44, 50, 100, 1, 11, 5000, 75
1, 13165, 113, 222, 223, 222, 223, 0.44, 50, 100, 1, 9, 5000, 75
1, 10754, 96, 171, 172, 171, 172, 0.44, 50, 100, 1, 7, 5000, 75
0, 31250, 118, 593, 573, 593, 573, 0.44, 50, 100, 1, 28, 5000, 75
1, 11238, 119, 200, 201, 200, 201, 0.44, 50, 100, 1, 8, 5000, 75
0, 31250, 110, 604, 591, 604, 591, 0.44, 50, 100, 1, 28, 5000, 75
1, 12676, 102, 203, 204, 203, 204, 0.44, 50, 100, 1, 9, 5000, 75
1, 12440, 104, 208, 209, 208, 209, 0.44, 50, 100, 1, 9, 5000, 75
1, 11616, 108, 195, 196, 195, 196, 0.44, 50, 100, 1, 8, 5000, 75
1, 27248, 95, 505, 506, 505, 506, 0.44, 50, 100, 1, 24, 5000, 75
1, 11205, 93, 187, 188, 187, 188, 0.44, 50, 100, 1, 7, 5000, 75
1, 27217, 113, 505, 506, 505, 506, 0.44, 50, 100, 1, 23, 5000, 75
1, 10262, 110, 185, 186, 185, 186, 0.44, 50, 100, 1, 6, 5000, 75
0, 31250, 104, 596, 569, 596, 569, 0.44, 50, 100, 1, 26, 5000, 75
0, 31250, 105, 589, 565, 589, 565, 0.44, 50, 100, 1, 27, 5000, 75
1, 11374, 102, 182, 183, 182, 183, 0.44, 50, 100, 1, 8, 5000, 75
1, 26114, 96, 482, 483, 482, 483, 0.44, 50, 100, 1, 29, 5000, 75
1, 18984, 105, 339, 340, 339, 340, 0.44, 50, 100, 1, 17, 5000, 75
0, 31250, 91, 592, 570, 592, 570, 0.44, 50, 100, 1, 29, 5000, 75
0, 31250, 112, 586, 582, 586, 582, 0.44, 50, 100, 1, 35, 5000, 75
1, 9660, 99, 174, 175, 174, 175, 0.44, 50, 100, 1, 6, 5000, 75
0, 31250, 111, 585, 570, 585, 570, 0.44, 50, 100, 1, 29, 5000, 75
1, 10373, 88, 163, 164, 163, 164, 0.44, 50, 100, 1, 6, 5000, 75
0, 31250, 107, 595, 591, 595, 591, 0.44, 50, 100, 1, 28, 5000, 75
1, 20576, 91, 381, 382, 381, 382, 0.44, 50, 100, 1, 20, 5000, 75
0, 31250, 104, 585, 571, 585, 571, 0.44, 50, 100, 1, 31, 5000, 75
0, 31250, 94, 571, 565, 571, 565, 0.44, 50, 100, 1, 28, 5000, 75
0, 31250, 101, 604, 591, 604, 591, 0.44, 50, 100, 1, 28, 5000, 75
1, 28943, 115, 552, 553, 552, 553, 0.44, 50, 100, 1, 25, 5000, 75
0, 31250, 104, 597, 573, 597, 573, 0.44, 50, 100, 1, 33, 5000, 75
1, 22793, 98, 417, 418, 417, 418, 0.44, 50, 100, 1, 20, 5000, 75
1, 20768, 106, 384, 385, 384, 385, 0.44, 50, 100, 1, 18, 5000, 75
0, 31250, 109, 599, 587, 599, 587, 0.44, 50, 100, 1, 31, 5000, 75
1, 12641, 100, 199, 200, 199, 200, 0.44, 50, 100, 1, 9, 5000, 75
1, 11269, 101, 193, 194, 193, 194, 0.44, 50, 100, 1, 8, 5000, 75
0, 31250, 106, 591, 572, 591, 572, 0.44, 50, 100, 1, 28, 5000, 75
0, 31250, 111, 615, 585, 615, 585, 0.44, 50, 100, 1, 29, 5000, 75
1, 17497, 105, 314, 315, 314, 315, 0.44, 50, 100, 1, 14, 5000, 75
1, 10679, 99, 174, 178, 174, 178, 0.44, 50, 100, 1, 7, 5000, 75
0, 31250, 115, 608, 578, 608, 578, 0.44, 50, 100, 1, 27, 5000, 75
1, 16915, 107, 311, 312, 311, 312, 0.44, 50, 100, 1, 13, 5000, 75
0, 31250, 111, 586, 562, 586, 562, 0.44, 50, 100, 1, 27, 5000, 75
1, 14161, 100, 240, 241, 240, 241, 0.44, 50, 100, 1, 12, 5000, 85
0, 31250, 101, 594, 573, 594, 573, 0.44, 50, 100, 1, 29, 5000, 75
1, 17222, 105, 302, 303, 302, 303, 0.44, 50, 100, 1, 17, 5000, 85
1, 12127, 114, 199, 200, 199, 200, 0.44, 50, 100, 1, 8, 5000, 85
0, 34750, 103, 664, 659, 664, 659, 0.44, 50, 100, 1, 32, 5000, 85
1, 12318, 116, 211, 212, 211, 212, 0.44, 50, 100, 1, 9, 5000, 85
0, 34750, 112, 672, 648, 672, 648, 0.44, 50, 100, 1, 35, 5000, 85
1, 22354, 104, 398, 399, 398, 399, 0.44, 50, 100, 1, 23, 5000, 85
1, 14518, 98, 246, 247, 246, 247, 0.44, 50, 100, 1, 11, 5000, 85
0, 34750, 106, 663, 650, 663, 650, 0.44, 50, 100, 1, 34, 5000, 85
1, 11585, 98, 183, 186, 183, 186, 0.44, 50, 100, 1, 8, 5000, 85
1, 27281, 103, 507, 508, 507, 508, 0.44, 50, 100, 1, 28, 5000, 85
1, 19668, 101, 357, 358, 357, 358, 0.44, 50, 100, 1, 16, 5000, 85
1, 11720, 105, 190, 191, 190, 191, 0.44, 50, 100, 1, 8, 5000, 85
1, 13310, 97, 207, 208, 207, 208, 0.44, 50, 100, 1, 9, 5000, 85
0, 34750, 100, 668, 655, 668, 655, 0.44, 50, 100, 1, 33, 5000, 85
1, 11381, 108, 200, 201, 200, 201, 0.44, 50, 100, 1, 7, 5000, 85
1, 12338, 108, 193, 196, 193, 196, 0.44, 50, 100, 1, 9, 5000, 85
0, 34750, 103, 657, 635, 657, 635, 0.44, 50, 100, 1, 30, 5000, 85
1, 12465, 89, 201, 202, 201, 202, 0.44, 50, 100, 1, 8, 5000, 85
0, 34750, 101, 664, 636, 664, 636, 0.44, 50, 100, 1, 30, 5000, 85
0, 34750, 108, 668, 655, 668, 655, 0.44, 50, 100, 1, 31, 5000, 85
1, 12160, 103, 199, 200, 199, 200, 0.44, 50, 100, 1, 8, 5000, 85
1, 20813, 108, 382, 383, 382, 383, 0.44, 50, 100, 1, 18, 5000, 85
0, 34750, 100, 670, 656, 670, 656, 0.44, 50, 100, 1, 38, 5000, 85
0, 34750, 82, 644, 618, 644, 618, 0.44, 50, 100, 1, 39, 5000, 85
0, 34750, 94, 657, 643, 657, 643, 0.44, 50, 100, 1, 35, 5000, 85
1, 18634, 102, 326, 327, 326, 327, 0.44, 50, 100, 1, 15, 5000, 85
1, 11339, 111, 196, 198, 196, 198, 0.44, 50, 100, 1, 8, 5000, 85
0, 34750, 114, 674, 658, 674, 658, 0.44, 50, 100, 1, 35, 5000, 85
1, 10827, 94, 179, 180, 179, 180, 0.44, 50, 100, 1, 7, 5000, 85
0, 34750, 106, 662, 644, 662, 644, 0.44, 50, 100, 1, 36, 5000, 85
1, 13592, 108, 235, 236, 235, 236, 0.44, 50, 100, 1, 10, 5000, 85
0, 34750, 106, 654, 638, 654, 638, 0.44, 50, 100, 1, 35, 5000, 85
0, 34750, 102, 665, 649, 665, 649, 0.44, 50, 100, 1, 31, 5000, 85
1, 17442, 96, 309, 310, 309, 310, 0.44, 50, 100, 1, 13, 5000, 85
1, 15330, 84, 254, 255, 254, 255, 0.44, 50, 100, 1, 11, 5000, 85
1, 29392, 88, 533, 534, 533, 534, 0.44, 50, 100, 1, 27, 5000, 85
0, 34750, 112, 676, 645, 676, 645, 0.44, 50, 100, 1, 32, 5000, 85
1, 19463, 102, 359, 360, 359, 360, 0.44, 50, 100, 1, 16, 5000, 85
0, 34750, 109, 669, 647, 669, 647, 0.44, 50, 100, 1, 35, 5000, 85
0, 34750, 105, 650, 617, 650, 617, 0.44, 50, 100, 1, 32, 5000, 85
1, 20961, 114, 384, 385, 384, 385, 0.44, 50, 100, 1, 19, 5000, 85
0, 34750, 100, 675, 648, 675, 648, 0.44, 50, 100, 1, 34, 5000, 85
1, 11771, 106, 206, 207, 206, 207, 0.44, 50, 100, 1, 9, 5000, 85
1, 18502, 119, 343, 344, 343, 344, 0.44, 50, 100, 1, 16, 5000, 85
1, 24237, 111, 431, 432, 431, 432, 0.44, 50, 100, 1, 22, 5000, 85
0, 34750, 96, 659, 635, 659, 635, 0.44, 50, 100, 1, 36, 5000, 85
1, 12103, 98, 191, 192, 191, 192, 0.44, 50, 100, 1, 8, 5000, 85
1, 23407, 97, 418, 419, 418, 419, 0.44, 50, 100, 1, 21, 5000, 85
0, 34750, 107, 672, 660, 672, 660, 0.44, 50, 100, 1, 34, 5000, 85
1, 12270, 109, 202, 203, 202, 203, 0.44, 50, 100, 1, 8, 5000, 85
1, 26894, 87, 481, 482, 481, 482, 0.44, 50, 100, 1, 23, 5000, 85
1, 12717, 116, 224, 225, 224, 225, 0.44, 50, 100, 1, 9, 5000, 85
0, 34750, 100, 674, 655, 674, 655, 0.44, 50, 100, 1, 31, 5000, 85
0, 34750, 112, 671, 645, 671, 645, 0.44, 50, 100, 1, 31, 5000, 85
1, 11706, 98, 186, 187, 186, 187, 0.44, 50, 100, 1, 8, 5000, 85
0, 34750, 100, 646, 640, 646, 640, 0.44, 50, 100, 1, 31, 5000, 85
1, 17223, 109, 308, 309, 308, 309, 0.44, 50, 100, 1, 15, 5000, 85
0, 34750, 104, 665, 649, 665, 649, 0.44, 50, 100, 1, 34, 5000, 85
0, 34750, 88, 641, 625, 641, 625, 0.44, 50, 100, 1, 34, 5000, 85
0, 34750, 115, 686, 657, 686, 657, 0.44, 50, 100, 1, 31, 5000, 85
0, 34750, 117, 667, 646, 667, 646, 0.44, 50, 100, 1, 32, 5000, 85
0, 34750, 113, 682, 664, 682, 664, 0.44, 50, 100, 1, 33, 5000, 85
0, 34750, 106, 658, 652, 658, 652, 0.44, 50, 100, 1, 34, 5000, 85
1, 21928, 98, 395, 396, 395, 396, 0.44, 50, 100, 1, 22, 5000, 85
0, 34750, 95, 656, 633, 656, 633, 0.44, 50, 100, 1, 39, 5000, 85
1, 28440, 100, 532, 533, 532, 533, 0.44, 50, 100, 1, 34, 5000, 85
1, 12319, 103, 211, 212, 211, 212, 0.44, 50, 100, 1, 9, 5000, 85
0, 34750, 114, 674, 652, 674, 652, 0.44, 50, 100, 1, 39, 5000, 85
0, 34750, 105, 670, 661, 670, 661, 0.44, 50, 100, 1, 37, 5000, 85
1, 29157, 101, 532, 533, 532, 533, 0.44, 50, 100, 1, 33, 5000, 85
1, 21631, 104, 393, 394, 393, 394, 0.44, 50, 100, 1, 20, 5000, 85
1, 23982, 92, 433, 434, 433, 434, 0.44, 50, 100, 1, 22, 5000, 85
0, 34750, 109, 665, 649, 665, 649, 0.44, 50, 100, 1, 36, 5000, 85
1, 16997, 95, 299, 300, 299, 300, 0.44, 50, 100, 1, 17, 5000, 85
1, 17483, 104, 297, 298, 297, 298, 0.44, 50, 100, 1, 18, 5000, 85
0, 34750, 109, 670, 654, 670, 654, 0.44, 50, 100, 1, 34, 5000, 85
1, 29761, 117, 562, 563, 562, 563, 0.44, 50, 100, 1, 30, 5000, 85
1, 14272, 107, 256, 257, 256, 257, 0.44, 50, 100, 1, 11, 5000, 85
0, 34750, 89, 652, 642, 652, 642, 0.44, 50, 100, 1, 31, 5000, 85
1, 11004, 91, 177, 178, 177, 178, 0.44, 50, 100, 1, 7, 5000, 85
0, 34750, 96, 645, 623, 645, 623, 0.44, 50, 100, 1, 31, 5000, 85
1, 31301, 110, 589, 590, 589, 590, 0.44, 50, 100, 1, 29, 5000, 85
1, 11678, 107, 192, 195, 192, 195, 0.44, 50, 100, 1, 8, 5000, 85
0, 34750, 99, 667, 656, 667, 656, 0.44, 50, 100, 1, 31, 5000, 85
1, 23893, 114, 446, 447, 446, 447, 0.44, 50, 100, 1, 21, 5000, 85
0, 34750, 101, 645, 625, 645, 625, 0.44, 50, 100, 1, 31, 5000, 85
0, 34750, 102, 661, 644, 661, 644, 0.44, 50, 100, 1, 36, 5000, 85
0, 34750, 105, 675, 636, 675, 636, 0.44, 50, 100, 1, 33, 5000, 85
1, 16427, 108, 297, 298, 297, 298, 0.44, 50, 100, 1, 14, 5000, 85
0, 34750, 106, 659, 647, 659, 647, 0.44, 50, 100, 1, 35, 5000, 85
1, 10877, 86, 171, 176, 171, 176, 0.44, 50, 100, 1, 8, 5000, 85
0, 34750, 107, 668, 647, 668, 647, 0.44, 50, 100, 1, 37, 5000, 85
0, 34750, 102, 664, 653, 664, 653, 0.44, 50, 100, 1, 34, 5000, 85
0, 34750, 101, 681, 650, 681, 650, 0.44, 50, 100, 1, 37, 5000, 85
1, 11129, 108, 193, 199, 193, 199, 0.44, 50, 100, 1, 9, 5000, 85
0, 34750, 99, 640, 637, 640, 637, 0.44, 50, 100, 1, 32, 5000, 85
1, 13518, 97, 218, 219, 218, 219, 0.44, 50, 100, 1, 10, 5000, 85
0, 34750, 86, 665, 639, 665, 639, 0.44, 50, 100, 1, 39, 5000, 85
0, 34750, 96, 659, 642, 659, 642, 0.44, 50, 100, 1, 39, 5000, 85
1, 21839, 106, 389, 390, 389, 390, 0.44, 50, 100, 1, 19, 5000, 95
1, 36000, 106, 681, 682, 681, 682, 0.44, 50, 100, 1, 32, 5000, 95
0, 38250, 108, 737, 709, 737, 709, 0.44, 50, 100, 1, 35, 5000, 95
1, 11872, 100, 197, 198, 197, 198, 0.44, 50, 100, 1, 8, 5000, 95
1, 20412, 104, 375, 376, 375, 376, 0.44, 50, 100, 1, 17, 5000, 95
0, 38250, 100, 732, 716, 732, 716, 0.44, 50, 100, 1, 45, 5000, 95
0, 38250, 90, 713, 689, 713, 689, 0.44, 50, 100, 1, 42, 5000, 95
0, 38250, 98, 727, 706, 727, 706, 0.44, 50, 100, 1, 38, 5000, 95
0, 38250, 114, 739, 728, 739, 728, 0.44, 50, 100, 1, 35, 5000, 95
1, 11990, 95, 191, 192, 191, 192, 0.44, 50, 100, 1, 8, 5000, 95
1, 19818, 102, 349, 350, 349, 350, 0.44, 50, 100, 1, 17, 5000, 95
1, 35173, 93, 657, 658, 657, 658, 0.44, 50, 100, 1, 32, 5000, 95
1, 19724, 100, 361, 362, 361, 362, 0.44, 50, 100, 1, 16, 5000, 95
0, 38250, 103, 731, 701, 731, 701, 0.44, 50, 100, 1, 38, 5000, 95
1, 25681, 102, 466, 467, 466, 467, 0.44, 50, 100, 1, 22, 5000, 95
1, 21607, 92, 383, 384, 383, 384, 0.44, 50, 100, 1, 19, 5000, 95
0, 38250, 86, 739, 714, 739, 714, 0.44, 50, 100, 1, 34, 5000, 95
1, 33454, 117, 646, 647, 646, 647, 0.44, 50, 100, 1, 32, 5000, 95
0, 38250, 97, 724, 705, 724, 705, 0.44, 50, 100, 1, 38, 5000, 95
1, 25353, 91, 443, 444, 443, 444, 0.44, 50, 100, 1, 24, 5000, 95
1, 12310, 101, 196, 197, 196, 197, 0.44, 50, 100, 1, 9, 5000, 95
1, 27967, 112, 533, 534, 533, 534, 0.44, 50, 100, 1, 26, 5000, 95
1, 36609, 107, 680, 681, 680, 681, 0.44, 50, 100, 1, 41, 5000, 95
1, 21070, 117, 394, 395, 394, 395, 0.44, 50, 100, 1, 22, 5000, 95
1, 13186, 110, 239, 240, 239, 240, 0.44, 50, 100, 1, 10, 5000, 95
0, 38250, 101, 725, 703, 725, 703, 0.44, 50, 100, 1, 40, 5000, 95
1, 34745, 102, 644, 645, 644, 645, 0.44, 50, 100, 1, 35, 5000, 95
1, 14010, 104, 251, 252, 251, 252, 0.44, 50, 100, 1, 11, 5000, 95
0, 38250, 85, 694, 675, 694, 675, 0.44, 50, 100, 1, 37, 5000, 95
0, 38250, 84, 704, 679, 704, 679, 0.44, 50, 100, 1, 43, 5000, 95
1, 23424, 100, 426, 427, 426, 427, 0.44, 50, 100, 1, 23, 5000, 95
0, 38250, 102, 747, 713, 747, 713, 0.44, 50, 100, 1, 43, 5000, 95
0, 38250, 109, 736, 715, 736, 715, 0.44, 50, 100, 1, 48, 5000, 95
0, 38250, 102, 721, 713, 721, 713, 0.44, 50, 100, 1, 47, 5000, 95
1, 31040, 114, 581, 582, 581, 582, 0.44, 50, 100, 1, 32, 5000, 95
0, 38250, 103, 743, 708, 743, 708, 0.44, 50, 100, 1, 45, 5000, 95
1, 14171, 99, 248, 249, 248, 249, 0.44, 50, 100, 1, 14, 5000, 95
1, 30019, 102, 556, 557, 556, 557, 0.44, 50, 100, 1, 35, 5000, 95
0, 38250, 99, 734, 704, 734, 704, 0.44, 50, 100, 1, 45, 5000, 95
1, 13081, 109, 234, 235, 234, 235, 0.44, 50, 100, 1, 10, 5000, 95
1, 38167, 102, 728, 729, 728, 729, 0.44, 50, 100, 1, 42, 5000, 95
1, 35156, 99, 649, 650, 649, 650, 0.44, 50, 100, 1, 38, 5000, 95
0, 38250, 92, 745, 710, 745, 710, 0.44, 50, 100, 1, 40, 5000, 95
1, 37087, 106, 718, 719, 718, 719, 0.44, 50, 100, 1, 38, 5000, 95
1, 17434, 100, 292, 293, 292, 293, 0.44, 50, 100, 1, 18, 5000, 95
1, 21265, 100, 380, 381, 380, 381, 0.44, 50, 100, 1, 21, 5000, 95
0, 38250, 84, 703, 680, 703, 680, 0.44, 50, 100, 1, 42, 5000, 95
0, 38250, 111, 730, 705, 730, 705, 0.44, 50, 100, 1, 39, 5000, 95
1, 13036, 104, 215, 216, 215, 216, 0.44, 50, 100, 1, 10, 5000, 95
1, 11811, 106, 201, 202, 201, 202, 0.44, 50, 100, 1, 8, 5000, 95
1, 29551, 105, 548, 549, 548, 549, 0.44, 50, 100, 1, 27, 5000, 95
0, 38250, 107, 740, 725, 740, 725, 0.44, 50, 100, 1, 37, 5000, 95
0, 38250, 106, 740, 727, 740, 727, 0.44, 50, 100, 1, 36, 5000, 95
1, 13996, 121, 251, 252, 251, 252, 0.44, 50, 100, 1, 11, 5000, 95
0, 38250, 113, 734, 718, 734, 718, 0.44, 50, 100, 1, 36, 5000, 95
1, 19870, 106, 358, 359, 358, 359, 0.44, 50, 100, 1, 19, 5000, 95
1, 33631, 109, 631, 632, 631, 632, 0.44, 50, 100, 1, 30, 5000, 95
1, 14690, 105, 254, 255, 254, 255, 0.44, 50, 100, 1, 12, 5000, 95
0, 38250, 108, 738, 726, 738, 726, 0.44, 50, 100, 1, 39, 5000, 95
0, 38250, 116, 743, 722, 743, 722, 0.44, 50, 100, 1, 38, 5000, 95
1, 34456, 98, 645, 646, 645, 646, 0.44, 50, 100, 1, 30, 5000, 95
1, 27267, 111, 494, 495, 494, 495, 0.44, 50, 100, 1, 24, 5000, 95
1, 20372, 95, 369, 370, 369, 370, 0.44, 50, 100, 1, 21, 5000, 95
0, 38250, 116, 744, 722, 744, 722, 0.44, 50, 100, 1, 41, 5000, 95
0, 38250, 111, 743, 717, 743, 717, 0.44, 50, 100, 1, 36, 5000, 95
1, 28610, 99, 519, 520, 519, 520, 0.44, 50, 100, 1, 28, 5000, 95
1, 13590, 106, 241, 242, 241, 242, 0.44, 50, 100, 1, 10, 5000, 95
1, 21632, 98, 397, 398, 397, 398, 0.44, 50, 100, 1, 22, 5000, 95
0, 38250, 99, 719, 715, 719, 715, 0.44, 50, 100, 1, 42, 5000, 95
1, 36008, 105, 684, 685, 684, 685, 0.44, 50, 100, 1, 34, 5000, 95
1, 15959, 103, 280, 281, 280, 281, 0.44, 50, 100, 1, 14, 5000, 95
0, 38250, 92, 710, 708, 710, 708, 0.44, 50, 100, 1, 42, 5000, 95
0, 38250, 115, 734, 719, 734, 719, 0.44, 50, 100, 1, 38, 5000, 95
1, 12170, 91, 186, 193, 186, 193, 0.44, 50, 100, 1, 9, 5000, 95
0, 38250, 106, 729, 719, 729, 719, 0.44, 50, 100, 1, 36, 5000, 95
0, 38250, 108, 742, 710, 742, 710, 0.44, 50, 100, 1, 38, 5000, 95
0, 38250, 116, 747, 722, 747, 722, 0.44, 50, 100, 1, 37, 5000, 95
1, 36195, 109, 685, 686, 685, 686, 0.44, 50, 100, 1, 41, 5000, 95
0, 38250, 106, 728, 718, 728, 718, 0.44, 50, 100, 1, 36, 5000, 95
1, 17282, 94, 316, 317, 316, 317, 0.44, 50, 100, 1, 14, 5000, 95
1, 31991, 115, 608, 609, 608, 609, 0.44, 50, 100, 1, 39, 5000, 95
0, 38250, 97, 728, 713, 728, 713, 0.44, 50, 100, 1, 39, 5000, 95
0, 38250, 121, 752, 729, 752, 729, 0.44, 50, 100, 1, 36, 5000, 95
0, 38250, 97, 716, 692, 716, 692, 0.44, 50, 100, 1, 37, 5000, 95
0, 38250, 95, 727, 710, 727, 710, 0.44, 50, 100, 1, 35, 5000, 95
1, 12714, 99, 211, 212, 211, 212, 0.44, 50, 100, 1, 9, 5000, 95
0, 38250, 94, 729, 697, 729, 697, 0.44, 50, 100, 1, 35, 5000, 95
0, 38250, 84, 709, 688, 709, 688, 0.44, 50, 100, 1, 41, 5000, 95
1, 11996, 104, 199, 200, 199, 200, 0.44, 50, 100, 1, 8, 5000, 95
0, 38250, 84, 700, 688, 700, 688, 0.44, 50, 100, 1, 37, 5000, 95
1, 23757, 111, 433, 434, 433, 434, 0.44, 50, 100, 1, 22, 5000, 95
0, 38250, 94, 721, 700, 721, 700, 0.44, 50, 100, 1, 43, 5000, 95
1, 37750, 109, 711, 712, 711, 712, 0.44, 50, 100, 1, 48, 5000, 95
0, 38250, 95, 732, 712, 732, 712, 0.44, 50, 100, 1, 48, 5000, 95
1, 37257, 93, 709, 710, 709, 710, 0.44, 50, 100, 1, 36, 5000, 95
0, 38250, 111, 756, 721, 756, 721, 0.44, 50, 100, 1, 38, 5000, 95
0, 38250, 115, 741, 716, 741, 716, 0.44, 50, 100, 1, 35, 5000, 95
1, 19015, 99, 352, 353, 352, 353, 0.44, 50, 100, 1, 17, 5000, 105
0, 38250, 101, 720, 713, 720, 713, 0.44, 50, 100, 1, 38, 5000, 95
0, 38250, 94, 726, 710, 726, 710, 0.44, 50, 100, 1, 46, 5000, 95
0, 38250, 85, 708, 688, 708, 688, 0.44, 50, 100, 1, 46, 5000, 95
1, 11489, 102, 207, 218, 207, 218, 0.44, 50, 100, 1, 11, 5000, 105
0, 41750, 110, 796, 765, 796, 765, 0.44, 50, 100, 1, 43, 5000, 105
0, 41750, 108, 785, 765, 785, 765, 0.44, 50, 100, 1, 39, 5000, 105
0, 41750, 114, 797, 783, 797, 783, 0.44, 50, 100, 1, 41, 5000, 105
1, 15589, 91, 262, 263, 262, 263, 0.44, 50, 100, 1, 17, 5000, 105
0, 41750, 110, 798, 774, 798, 774, 0.44, 50, 100, 1, 41, 5000, 105
1, 14750, 106, 247, 248, 247, 248, 0.44, 50, 100, 1, 13, 5000, 105
0, 41750, 102, 802, 773, 802, 773, 0.44, 50, 100, 1, 47, 5000, 105
1, 31282, 96, 577, 578, 577, 578, 0.44, 50, 100, 1, 35, 5000, 105
0, 41750, 116, 822, 800, 822, 800, 0.44, 50, 100, 1, 47, 5000, 105
1, 30360, 111, 576, 577, 576, 577, 0.44, 50, 100, 1, 28, 5000, 105
1, 22073, 110, 406, 407, 406, 407, 0.44, 50, 100, 1, 19, 5000, 105
1, 13543, 113, 244, 245, 244, 245, 0.44, 50, 100, 1, 10, 5000, 105
1, 26261, 97, 478, 479, 478, 479, 0.44, 50, 100, 1, 30, 5000, 105
1, 21292, 112, 392, 393, 392, 393, 0.44, 50, 100, 1, 18, 5000, 105
0, 41750, 97, 788, 775, 788, 775, 0.44, 50, 100, 1, 50, 5000, 105
1, 19800, 110, 361, 362, 361, 362, 0.44, 50, 100, 1, 16, 5000, 105
0, 41750, 91, 783, 773, 783, 773, 0.44, 50, 100, 1, 40, 5000, 105
0, 41750, 101, 792, 779, 792, 779, 0.44, 50, 100, 1, 39, 5000, 105
0, 41750, 99, 799, 765, 799, 765, 0.44, 50, 100, 1, 43, 5000, 105
0, 41750, 107, 803, 787, 803, 787, 0.44, 50, 100, 1, 42, 5000, 105
1, 29279, 113, 554, 555, 554, 555, 0.44, 50, 100, 1, 28, 5000, 105
1, 21592, 105, 389, 390, 389, 390, 0.44, 50, 100, 1, 21, 5000, 105
0, 41750, 98, 803, 782, 803, 782, 0.44, 50, 100, 1, 48, 5000, 105
1, 12724, 102, 209, 210, 209, 210, 0.44, 50, 100, 1, 11, 5000, 105
0, 41750, 115, 801, 785, 801, 785, 0.44, 50, 100, 1, 44, 5000, 105
1, 26126, 84, 445, 446, 445, 446, 0.44, 50, 100, 1, 23, 5000, 105
0, 41750, 124, 804, 802, 804, 802, 0.44, 50, 100, 1, 40, 5000, 105
1, 32468, 116, 614, 615, 614, 615, 0.44, 50, 100, 1, 30, 5000, 105
1, 37735, 118, 725, 726, 725, 726, 0.44, 50, 100, 1, 39, 5000, 105
1, 12774, 96, 201, 204, 201, 204, 0.44, 50, 100, 1, 9, 5000, 105
0, 41750, 100, 815, 795, 815, 795, 0.44, 50, 100, 1, 44, 5000, 105
1, 13689, 94, 223, 224, 223, 224, 0.44, 50, 100, 1, 11, 5000, 105
0, 41750, 100, 800, 781, 800, 781, 0.44, 50, 100, 1, 45, 5000, 105
0, 41750, 106, 815, 795, 815, 795, 0.44, 50, 100, 1, 54, 5000, 105
0, 41750, 97, 799, 770, 799, 770, 0.44, 50, 100, 1, 43, 5000, 105
0, 41750, 92, 777, 752, 777, 752, 0.44, 50, 100, 1, 53, 5000, 105
0, 41750, 112, 806, 795, 806, 795, 0.44, 50, 100, 1, 51, 5000, 105
1, 12258, 101, 213, 214, 213, 214, 0.44, 50, 100, 1, 9, 5000, 105
0, 41750, 91, 773, 755, 773, 755, 0.44, 50, 100, 1, 56, 5000, 105
0, 41750, 89, 805, 778, 805, 778, 0.44, 50, 100, 1, 48, 5000, 105
1, 12533, 108, 213, 220, 213, 220, 0.44, 50, 100, 1, 12, 5000, 105
0, 41750, 98, 800, 788, 800, 788, 0.44, 50, 100, 1, 46, 5000, 105
1, 21631, 103, 381, 382, 381, 382, 0.44, 50, 100, 1, 22, 5000, 105
1, 15795, 106, 264, 265, 264, 265, 0.44, 50, 100, 1, 17, 5000, 105
0, 41750, 95, 793, 767, 793, 767, 0.44, 50, 100, 1, 49, 5000, 105
0, 41750, 110, 804, 759, 804, 759, 0.44, 50, 100, 1, 45, 5000, 105
1, 40204, 105, 763, 764, 763, 764, 0.44, 50, 100, 1, 47, 5000, 105
1, 24516, 110, 453, 454, 453, 454, 0.44, 50, 100, 1, 21, 5000, 105
1, 21536, 89, 367, 368, 367, 368, 0.44, 50, 100, 1, 24, 5000, 105
0, 41750, 99, 790, 759, 790, 759, 0.44, 50, 100, 1, 45, 5000, 105
1, 11747, 90, 195, 198, 195, 198, 0.44, 50, 100, 1, 8, 5000, 105
1, 19657, 103, 365, 366, 365, 366, 0.44, 50, 100, 1, 23, 5000, 105
0, 41750, 106, 811, 780, 811, 780, 0.44, 50, 100, 1, 52, 5000, 105
1, 18094, 109, 327, 328, 327, 328, 0.44, 50, 100, 1, 17, 5000, 105
0, 41750, 94, 800, 786, 800, 786, 0.44, 50, 100, 1, 48, 5000, 105
0, 41750, 85, 776, 750, 776, 750, 0.44, 50, 100, 1, 44, 5000, 105
1, 35348, 104, 659, 660, 659, 660, 0.44, 50, 100, 1, 37, 5000, 105
1, 31046, 106, 585, 586, 585, 586, 0.44, 50, 100, 1, 34, 5000, 105
1, 22347, 109, 408, 409, 408, 409, 0.44, 50, 100, 1, 20, 5000, 105
1, 20202, 99, 363, 364, 363, 364, 0.44, 50, 100, 1, 19, 5000, 105
1, 16240, 96, 275, 276, 275, 276, 0.44, 50, 100, 1, 14, 5000, 105
1, 12794, 106, 217, 218, 217, 218, 0.44, 50, 100, 1, 10, 5000, 105
1, 14353, 98, 242, 243, 242, 243, 0.44, 50, 100, 1, 11, 5000, 105
1, 27178, 110, 501, 502, 501, 502, 0.44, 50, 100, 1, 29, 5000, 105
1, 22856, 109, 421, 422, 421, 422, 0.44, 50, 100, 1, 24, 5000, 105
1, 12980, 91, 198, 199, 198, 199, 0.44, 50, 100, 1, 11, 5000, 105
0, 41750, 105, 811, 792, 811, 792, 0.44, 50, 100, 1, 41, 5000, 105
1, 34630, 90, 643, 644, 643, 644, 0.44, 50, 100, 1, 39, 5000, 105
0, 41750, 117, 816, 791, 816, 791, 0.44, 50, 100, 1, 40, 5000, 105
0, 41750, 91, 788, 770, 788, 770, 0.44, 50, 100, 1, 51, 5000, 105
1, 22465, 116, 416, 417, 416, 417, 0.44, 50, 100, 1, 22, 5000, 105
1, 12297, 114, 225, 226, 225, 226, 0.44, 50, 100, 1, 11, 5000, 105
0, 41750, 116, 810, 791, 810, 791, 0.44, 50, 100, 1, 42, 5000, 105
1, 12378, 100, 205, 210, 205, 210, 0.44, 50, 100, 1, 9, 5000, 105
0, 41750, 100, 798, 768, 798, 768, 0.44, 50, 100, 1, 44, 5000, 105
1, 37962, 111, 734, 735, 734, 735, 0.44, 50, 100, 1, 40, 5000, 105
0, 41750, 75, 763, 745, 763, 745, 0.44, 50, 100, 1, 45, 5000, 105
0, 41750, 104, 791, 786, 791, 786, 0.44, 50, 100, 1, 46, 5000, 105
1, 19676, 102, 352, 353, 352, 353, 0.44, 50, 100, 1, 21, 5000, 105
1, 41197, 100, 784, 785, 784, 785, 0.44, 50, 100, 1, 47, 5000, 105
1, 29599, 100, 525, 526, 525, 526, 0.44, 50, 100, 1, 32, 5000, 105
0, 41750, 70, 758, 729, 758, 729, 0.44, 50, 100, 1, 46, 5000, 105
0, 41750, 107, 813, 790, 813, 790, 0.44, 50, 100, 1, 46, 5000, 105
1, 11968, 110, 215, 216, 215, 216, 0.44, 50, 100, 1, 9, 5000, 105
1, 28521, 93, 525, 526, 525, 526, 0.44, 50, 100, 1, 29, 5000, 105
1, 12951, 108, 229, 230, 229, 230, 0.44, 50, 100, 1, 10, 5000, 105
0, 41750, 101, 806, 787, 806, 787, 0.44, 50, 100, 1, 44, 5000, 105
0, 41750, 100, 796, 788, 796, 788, 0.44, 50, 100, 1, 50, 5000, 105
1, 39819, 102, 751, 752, 751, 752, 0.44, 50, 100, 1, 42, 5000, 105
0, 41750, 107, 814, 795, 814, 795, 0.44, 50, 100, 1, 43, 5000, 105
1, 24056, 110, 448, 449, 448, 449, 0.44, 50, 100, 1, 26, 5000, 105
1, 12955, 110, 225, 226, 225, 226, 0.44, 50, 100, 1, 9, 5000, 105
0, 41750, 103, 805, 794, 805, 794, 0.44, 50, 100, 1, 43, 5000, 105
0, 41750, 90, 801, 777, 801, 777, 0.44, 50, 100, 1, 43, 5000, 105
1, 37315, 96, 704, 705, 704, 705, 0.44, 50, 100, 1, 37, 5000, 105
0, 41750, 99, 797, 778, 797, 778, 0.44, 50, 100, 1, 44, 5000, 105
1, 17042, 104, 290, 291, 290, 291, 0.44, 50, 100, 1, 15, 5000, 150
0, 41750, 109, 797, 779, 797, 779, 0.44, 50, 100, 1, 40, 5000, 105
0, 41750, 102, 809, 790, 809, 790, 0.44, 50, 100, 1, 40, 5000, 105
1, 17691, 116, 330, 331, 330, 331, 0.44, 50, 100, 1, 14, 5000, 150
1, 55763, 108, 1075, 1076, 1075, 1076, 0.44, 50, 100, 1, 54, 5000, 150
1, 26202, 97, 489, 490, 489, 490, 0.44, 50, 100, 1, 30, 5000, 150
1, 24136, 93, 436, 437, 436, 437, 0.44, 50, 100, 1, 23, 5000, 150
1, 45101, 86, 841, 842, 841, 842, 0.44, 50, 100, 1, 44, 5000, 150
1, 14642, 111, 261, 262, 261, 262, 0.44, 50, 100, 1, 11, 5000, 150
0, 57500, 105, 1121, 1102, 1121, 1102, 0.44, 50, 100, 1, 58, 5000, 150
0, 57500, 104, 1105, 1077, 1105, 1077, 0.44, 50, 100, 1, 63, 5000, 150
0, 57500, 104, 1115, 1081, 1115, 1081, 0.44, 50, 100, 1, 56, 5000, 150
1, 14752, 104, 255, 256, 255, 256, 0.44, 50, 100, 1, 11, 5000, 150
1, 17143, 80, 269, 270, 269, 270, 0.44, 50, 100, 1, 17, 5000, 150
1, 42098, 95, 802, 803, 802, 803, 0.44, 50, 100, 1, 43, 5000, 150
1, 15630, 113, 267, 268, 267, 268, 0.44, 50, 100, 1, 12, 5000, 150
1, 44158, 94, 837, 838, 837, 838, 0.44, 50, 100, 1, 43, 5000, 150
1, 14724, 94, 244, 246, 244, 246, 0.44, 50, 100, 1, 12, 5000, 150
1, 14961, 101, 267, 268, 267, 268, 0.44, 50, 100, 1, 16, 5000, 150
0, 57500, 118, 1123, 1091, 1123, 1091, 0.44, 50, 100, 1, 57, 5000, 150
1, 54700, 107, 1048, 1049, 1048, 1049, 0.44, 50, 100, 1, 63, 5000, 150
1, 28647, 104, 545, 546, 545, 546, 0.44, 50, 100, 1, 35, 5000, 150
1, 30322, 109, 562, 563, 562, 563, 0.44, 50, 100, 1, 33, 5000, 150
1, 14525, 105, 255, 256, 255, 256, 0.44, 50, 100, 1, 12, 5000, 150
1, 22042, 104, 396, 397, 396, 397, 0.44, 50, 100, 1, 21, 5000, 150
0, 57500, 116, 1110, 1095, 1110, 1095, 0.44, 50, 100, 1, 62, 5000, 150
0, 57500, 103, 1118, 1090, 1118, 1090, 0.44, 50, 100, 1, 66, 5000, 150
1, 25695, 95, 466, 467, 466, 467, 0.44, 50, 100, 1, 28, 5000, 150
1, 17232, 118, 311, 312, 311, 312, 0.44, 50, 100, 1, 15, 5000, 150
0, 57500, 122, 1128, 1104, 1128, 1104, 0.44, 50, 100, 1, 62, 5000, 150
1, 27176, 105, 509, 510, 509, 510, 0.44, 50, 100, 1, 27, 5000, 150
1, 27602, 105, 516, 517, 516, 517, 0.44, 50, 100, 1, 27, 5000, 150
0, 57500, 94, 1106, 1084, 1106, 1084, 0.44, 50, 100, 1, 67, 5000, 150
0, 57500, 112, 1118, 1094, 1118, 1094, 0.44, 50, 100, 1, 68, 5000, 150
1, 19522, 106, 357, 358, 357, 358, 0.44, 50, 100, 1, 22, 5000, 150
0, 57500, 110, 1138, 1117, 1138, 1117, 0.44, 50, 100, 1, 69, 5000, 150
1, 14408, 106, 257, 258, 257, 258, 0.44, 50, 100, 1, 14, 5000, 150
0, 57500, 112, 1125, 1101, 1125, 1101, 0.44, 50, 100, 1, 73, 5000, 150
1, 23250, 97, 425, 426, 425, 426, 0.44, 50, 100, 1, 20, 5000, 150
1, 32431, 88, 571, 572, 571, 572, 0.44, 50, 100, 1, 38, 5000, 150
0, 57500, 112, 1129, 1107, 1129, 1107, 0.44, 50, 100, 1, 67, 5000, 150
1, 22458, 84, 391, 392, 391, 392, 0.44, 50, 100, 1, 23, 5000, 150
1, 18834, 113, 337, 338, 337, 338, 0.44, 50, 100, 1, 19, 5000, 150
1, 27933, 95, 505, 506, 505, 506, 0.44, 50, 100, 1, 31, 5000, 150
0, 57500, 98, 1108, 1080, 1108, 1080, 0.44, 50, 100, 1, 63, 5000, 150
1, 19953, 92, 364, 365, 364, 365, 0.44, 50, 100, 1, 18, 5000, 150
0, 57500, 110, 1112, 1097, 1112, 1097, 0.44, 50, 100, 1, 72, 5000, 150
1, 23642, 89, 413, 414, 413, 414, 0.44, 50, 100, 1, 22, 5000, 150
1, 20847, 96, 374, 375, 374, 375, 0.44, 50, 100, 1, 18, 5000, 150
0, 57500, 107, 1113, 1096, 1113, 1096, 0.44, 50, 100, 1, 69, 5000, 150
1, 49789, 114, 957, 958, 957, 958, 0.44, 50, 100, 1, 53, 5000, 150
1, 42663, 95, 818, 819, 818, 819, 0.44, 50, 100, 1, 43, 5000, 150
1, 33062, 117, 630, 631, 630, 631, 0.44, 50, 100, 1, 33, 5000, 150
1, 45300, 106, 864, 865, 864, 865, 0.44, 50, 100, 1, 46, 5000, 150
1, 31271, 94, 581, 582, 581, 582, 0.44, 50, 100, 1, 37, 5000, 150
1, 15082, 105, 270, 271, 270, 271, 0.44, 50, 100, 1, 12, 5000, 150
1, 53233, 99, 1014, 1015, 1014, 1015, 0.44, 50, 100, 1, 58, 5000, 150
1, 29999, 89, 549, 550, 549, 550, 0.44, 50, 100, 1, 27, 5000, 150
1, 24011, 112, 454, 455, 454, 455, 0.44, 50, 100, 1, 23, 5000, 150
1, 39451, 116, 750, 751, 750, 751, 0.44, 50, 100, 1, 38, 5000, 150
1, 25430, 100, 468, 469, 468, 469, 0.44, 50, 100, 1, 23, 5000, 150
1, 30180, 97, 557, 558, 557, 558, 0.44, 50, 100, 1, 27, 5000, 150
0, 57500, 104, 1122, 1101, 1122, 1101, 0.44, 50, 100, 1, 73, 5000, 150
1, 22945, 107, 435, 436, 435, 436, 0.44, 50, 100, 1, 20, 5000, 150
1, 38338, 105, 732, 733, 732, 733, 0.44, 50, 100, 1, 37, 5000, 150
0, 57500, 110, 1094, 1064, 1094, 1064, 0.44, 50, 100, 1, 74, 5000, 150
1, 36734, 103, 697, 698, 697, 698, 0.44, 50, 100, 1, 39, 5000, 150
1, 53379, 108, 1012, 1013, 1012, 1013, 0.44, 50, 100, 1, 52, 5000, 150
1, 15886, 103, 273, 274, 273, 274, 0.44, 50, 100, 1, 14, 5000, 150
1, 50373, 112, 977, 978, 977, 978, 0.44, 50, 100, 1, 50, 5000, 150
1, 21148, 122, 386, 387, 386, 387, 0.44, 50, 100, 1, 19, 5000, 150
0, 57500, 92, 1094, 1081, 1094, 1081, 0.44, 50, 100, 1, 59, 5000, 150
1, 57100, 99, 1111, 1112, 1111, 1112, 0.44, 50, 100, 1, 56, 5000, 150
1, 43132, 114, 828, 829, 828, 829, 0.44, 50, 100, 1, 50, 5000, 150
0, 57500, 108, 1102, 1088, 1102, 1088, 0.44, 50, 100, 1, 57, 5000, 150
1, 39455, 87, 727, 728, 727, 728, 0.44, 50, 100, 1, 42, 5000, 150
1, 22430, 103, 403, 404, 403, 404, 0.44, 50, 100, 1, 21, 5000, 150
1, 27851, 111, 531, 532, 531, 532, 0.44, 50, 100, 1, 29, 5000, 150
1, 24668, 95, 449, 450, 449, 450, 0.44, 50, 100, 1, 23, 5000, 150
1, 24164, 93, 428, 429, 428, 429, 0.44, 50, 100, 1, 26, 5000, 150
0, 57500, 76, 1065, 1059, 1065, 1059, 0.44, 50, 100, 1, 78, 5000, 150
1, 43997, 89, 824, 825, 824, 825, 0.44, 50, 100, 1, 50, 5000, 150
0, 57500, 101, 1109, 1099, 1109, 1099, 0.44, 50, 100, 1, 75, 5000, 150
1, 15102, 109, 259, 260, 259, 260, 0.44, 50, 100, 1, 16, 5000, 150
0, 57500, 89, 1114, 1079, 1114, 1079, 0.44, 50, 100, 1, 75, 5000, 150
1, 16856, 110, 307, 308, 307, 308, 0.44, 50, 100, 1, 17, 5000, 150
1, 57036, 99, 1105, 1106, 1105, 1106, 0.44, 50, 100, 1, 71, 5000, 150
1, 13987, 99, 249, 252, 249, 252, 0.44, 50, 100, 1, 13, 5000, 150
1, 15547, 103, 253, 254, 253, 254, 0.44, 50, 100, 1, 12, 5000, 150
0, 57500, 110, 1121, 1116, 1121, 1116, 0.44, 50, 100, 1, 73, 5000, 150
1, 15542, 90, 253, 254, 253, 254, 0.44, 50, 100, 1, 15, 5000, 150
1, 22919, 106, 425, 426, 425, 426, 0.44, 50, 100, 1, 23, 5000, 150
0, 57500, 98, 1116, 1103, 1116, 1103, 0.44, 50, 100, 1, 69, 5000, 150
0, 57500, 84, 1109, 1089, 1109, 1089, 0.44, 50, 100, 1, 66, 5000, 150
1, 36921, 107, 700, 701, 700, 701, 0.44, 50, 100, 1, 42, 5000, 150
1, 34245, 113, 647, 648, 647, 648, 0.44, 50, 100, 1, 37, 5000, 150
1, 40388, 112, 765, 766, 765, 766, 0.44, 50, 100, 1, 38, 5000, 150
0, 57500, 95, 1097, 1085, 1097, 1085, 0.44, 50, 100, 1, 60, 5000, 150
1, 46719, 115, 891, 892, 891, 892, 0.44, 50, 100, 1, 58, 5000, 150
1, 53833, 96, 1026, 1027, 1026, 1027, 0.44, 50, 100, 1, 57, 5000, 150
0, 57500, 101, 1116, 1104, 1116, 1104, 0.44, 50, 100, 1, 54, 5000, 150
0, 57500, 107, 1128, 1103, 1128, 1103, 0.44, 50, 100, 1, 64, 5000, 150
0, 6750, 93, 122, 110, 122, 110, 0.44, 50, 100, 1, 3, 5000, 5
0, 6750, 101, 121, 111, 121, 111, 0.44, 50, 100, 1, 3, 5000, 5
1, 6346, 110, 115, 130, 115, 130, 0.44, 50, 100, 1, 2, 5000, 5
1, 5804, 111, 117, 118, 117, 118, 0.44, 50, 100, 1, 2, 5000, 5
0, 6750, 100, 121, 113, 121, 113, 0.44, 50, 100, 1, 3, 5000, 5
1, 5587, 112, 117, 118, 117, 118, 0.44, 50, 100, 1, 2, 5000, 5
1, 5333, 110, 115, 116, 115, 116, 0.44, 50, 100, 1, 2, 5000, 5
1, 5858, 103, 108, 110, 108, 110, 0.44, 50, 100, 1, 2, 5000, 5
1, 5322, 99, 104, 106, 104, 106, 0.44, 50, 100, 1, 2, 5000, 5
0, 6750, 112, 132, 122, 132, 122, 0.44, 50, 100, 1, 3, 5000, 5
1, 5623, 110, 115, 117, 115, 117, 0.44, 50, 100, 1, 2, 5000, 5
1, 5794, 111, 117, 118, 117, 118, 0.44, 50, 100, 1, 2, 5000, 5
0, 6750, 111, 126, 125, 126, 125, 0.44, 50, 100, 1, 3, 5000, 5
0, 6750, 99, 121, 117, 121, 117, 0.44, 50, 100, 1, 3, 5000, 5
0, 6750, 110, 134, 132, 134, 132, 0.44, 50, 100, 1, 3, 5000, 5
1, 5940, 116, 124, 125, 124, 125, 0.44, 50, 100, 1, 2, 5000, 5
0, 6750, 101, 133, 125, 133, 125, 0.44, 50, 100, 1, 3, 5000, 5
0, 6750, 102, 115, 113, 115, 113, 0.44, 50, 100, 1, 3, 5000, 5
0, 6750, 101, 126, 124, 126, 124, 0.44, 50, 100, 1, 3, 5000, 5
0, 6750, 118, 144, 136, 144, 136, 0.44, 50, 100, 1, 3, 5000, 5
0, 6750, 107, 134, 117, 134, 117, 0.44, 50, 100, 1, 3, 5000, 5
1, 5434, 97, 102, 103, 102, 103, 0.44, 50, 100, 1, 2, 5000, 5
1, 5574, 98, 103, 104, 103, 104, 0.44, 50, 100, 1, 2, 5000, 5
0, 6750, 95, 121, 111, 121, 111, 0.44, 50, 100, 1, 3, 5000, 5
0, 6750, 113, 130, 125, 130, 125, 0.44, 50, 100, 1, 3, 5000, 5
0, 6750, 101, 120, 119, 120, 119, 0.44, 50, 100, 1, 3, 5000, 5
1, 5696, 89, 94, 95, 94, 95, 0.44, 50, 100, 1, 2, 5000, 5
1, 5613, 110, 116, 117, 116, 117, 0.44, 50, 100, 1, 2, 5000, 5
1, 5612, 88, 93, 95, 93, 95, 0.44, 50, 100, 1, 2, 5000, 5
1, 5401, 119, 124, 125, 124, 125, 0.44, 50, 100, 1, 2, 5000, 5
0, 6750, 106, 127, 123, 127, 123, 0.44, 50, 100, 1, 3, 5000, 5
0, 6750, 126, 147, 141, 147, 141, 0.44, 50, 100, 1, 3, 5000, 5
1, 5642, 88, 93, 94, 93, 94, 0.44, 50, 100, 1, 2, 5000, 5
0, 6750, 108, 127, 123, 127, 123, 0.44, 50, 100, 1, 3, 5000, 5
1, 5569, 92, 97, 98, 97, 98, 0.44, 50, 100, 1, 2, 5000, 5
1, 5257, 108, 113, 114, 113, 114, 0.44, 50, 100, 1, 2, 5000, 5
1, 6429, 112, 130, 131, 130, 131, 0.44, 50, 100, 1, 3, 5000, 5
0, 6750, 93, 111, 107, 111, 107, 0.44, 50, 100, 1, 3, 5000, 5
1, 5610, 105, 112, 113, 112, 113, 0.44, 50, 100, 1, 2, 5000, 5
0, 6750, 108, 127, 121, 127, 121, 0.44, 50, 100, 1, 3, 5000, 5
0, 6750, 102, 116, 110, 116, 110, 0.44, 50, 100, 1, 3, 5000, 5
0, 6750, 104, 122, 112, 122, 112, 0.44, 50, 100, 1, 3, 5000, 5
0, 6750, 89, 105, 100, 105, 100, 0.44, 50, 100, 1, 3, 5000, 5
1, 5599, 93, 98, 99, 98, 99, 0.44, 50, 100, 1, 2, 5000, 5
1, 5544, 75, 80, 83, 80, 83, 0.44, 50, 100, 1, 2, 5000, 5
0, 6750, 111, 134, 126, 134, 126, 0.44, 50, 100, 1, 3, 5000, 5
0, 6750, 93, 114, 109, 114, 109, 0.44, 50, 100, 1, 3, 5000, 5
0, 6750, 99, 120, 116, 120, 116, 0.44, 50, 100, 1, 3, 5000, 5
0, 6750, 95, 117, 111, 117, 111, 0.44, 50, 100, 1, 3, 5000, 5
1, 5838, 96, 107, 108, 107, 108, 0.44, 50, 100, 1, 2, 5000, 5
1, 5428, 109, 114, 115, 114, 115, 0.44, 50, 100, 1, 2, 5000, 5
0, 6750, 101, 126, 110, 126, 110, 0.44, 50, 100, 1, 3, 5000, 5
0, 6750, 95, 130, 108, 130, 108, 0.44, 50, 100, 1, 3, 5000, 5
0, 6750, 99, 115, 111, 115, 111, 0.44, 50, 100, 1, 3, 5000, 5
1, 6052, 117, 126, 127, 126, 127, 0.44, 50, 100, 1, 2, 5000, 5
1, 6538, 100, 119, 120, 119, 120, 0.44, 50, 100, 1, 3, 5000, 5
0, 6750, 111, 137, 128, 137, 128, 0.44, 50, 100, 1, 3, 5000, 5
1, 5596, 110, 115, 117, 115, 117, 0.44, 50, 100, 1, 2, 5000, 5
1, 6174, 87, 104, 105, 104, 105, 0.44, 50, 100, 1, 2, 5000, 5
0, 6750, 99, 131, 116, 131, 116, 0.44, 50, 100, 1, 3, 5000, 5
1, 5867, 105, 117, 118, 117, 118, 0.44, 50, 100, 1, 2, 5000, 5
1, 6626, 102, 124, 125, 124, 125, 0.44, 50, 100, 1, 3, 5000, 5
1, 5751, 94, 99, 100, 99, 100, 0.44, 50, 100, 1, 2, 5000, 5
0, 6750, 100, 127, 112, 127, 112, 0.44, 50, 100, 1, 3, 5000, 5
1, 5552, 107, 112, 113, 112, 113, 0.44, 50, 100, 1, 2, 5000, 5
0, 6750, 100, 125, 113, 125, 113, 0.44, 50, 100, 1, 3, 5000, 5
1, 5349, 94, 99, 102, 99, 102, 0.44, 50, 100, 1, 2, 5000, 5
1, 5945, 109, 114, 118, 114, 118, 0.44, 50, 100, 1, 2, 5000, 5
1, 5451, 101, 107, 108, 107, 108, 0.44, 50, 100, 1, 2, 5000, 5
1, 5645, 107, 112, 113, 112, 113, 0.44, 50, 100, 1, 2, 5000, 5
0, 6750, 117, 134, 127, 134, 127, 0.44, 50, 100, 1, 3, 5000, 5
1, 6594, 108, 128, 129, 128, 129, 0.44, 50, 100, 1, 3, 5000, 5
0, 6750, 108, 131, 125, 131, 125, 0.44, 50, 100, 1, 3, 5000, 5
1, 5745, 97, 102, 103, 102, 103, 0.44, 50, 100, 1, 2, 5000, 5
1, 5521, 96, 101, 103, 101, 103, 0.44, 50, 100, 1, 2, 5000, 5
1, 5751, 105, 110, 114, 110, 114, 0.44, 50, 100, 1, 2, 5000, 5
1, 5553, 102, 107, 108, 107, 108, 0.44, 50, 100, 1, 2, 5000, 5
1, 5596, 99, 106, 107, 106, 107, 0.44, 50, 100, 1, 2, 5000, 5
1, 5429, 91, 96, 97, 96, 97, 0.44, 50, 100, 1, 2, 5000, 5
1, 5578, 100, 106, 107, 106, 107, 0.44, 50, 100, 1, 2, 5000, 5
1, 5488, 97, 102, 103, 102, 103, 0.44, 50, 100, 1, 2, 5000, 5
1, 5430, 105, 110, 111, 110, 111, 0.44, 50, 100, 1, 2, 5000, 5
1, 6070, 115, 122, 123, 122, 123, 0.44, 50, 100, 1, 2, 5000, 5
1, 5760, 106, 111, 113, 111, 113, 0.44, 50, 100, 1, 2, 5000, 5
1, 5513, 87, 92, 93, 92, 93, 0.44, 50, 100, 1, 2, 5000, 5
0, 6750, 105, 121, 117, 121, 117, 0.44, 50, 100, 1, 3, 5000, 5
0, 6750, 113, 133, 130, 133, 130, 0.44, 50, 100, 1, 3, 5000, 5
0, 6750, 108, 124, 120, 124, 120, 0.44, 50, 100, 1, 3, 5000, 5
1, 5586, 88, 93, 95, 93, 95, 0.44, 50, 100, 1, 2, 5000, 5
0, 6750, 93, 119, 109, 119, 109, 0.44, 50, 100, 1, 3, 5000, 5
1, 5918, 111, 119, 120, 119, 120, 0.44, 50, 100, 1, 2, 5000, 5
1, 5447, 96, 101, 102, 101, 102, 0.44, 50, 100, 1, 2, 5000, 5
0, 6750, 88, 104, 101, 104, 101, 0.44, 50, 100, 1, 3, 5000, 5
0, 6750, 103, 130, 124, 130, 124, 0.44, 50, 100, 1, 3, 5000, 5
1, 5768, 97, 105, 106, 105, 106, 0.44, 50, 100, 1, 2, 5000, 5
1, 5990, 82, 93, 94, 93, 94, 0.44, 50, 100, 1, 2, 5000, 5
1, 6308, 106, 117, 118, 117, 118, 0.44, 50, 100, 1, 3, 5000, 5
1, 6038, 110, 120, 121, 120, 121, 0.44, 50, 100, 1, 2, 5000, 5
0, 6750, 114, 136, 129, 136, 129, 0.44, 50, 100, 1, 3, 5000, 5
0, 6750, 96, 116, 112, 116, 112, 0.44, 50, 100, 1, 3, 5000, 5
0, 8500, 109, 160, 151, 160, 151, 0.44, 50, 100, 1, 5, 5000, 10
0, 8500, 98, 153, 133, 153, 133, 0.44, 50, 100, 1, 5, 5000, 10
0, 8500, 104, 153, 135, 153, 135, 0.44, 50, 100, 1, 5, 5000, 10
0, 8500, 110, 160, 138, 160, 138, 0.44, 50, 100, 1, 5, 5000, 10
1, 5770, 102, 112, 113, 112, 113, 0.44, 50, 100, 1, 2, 5000, 10
1, 5854, 103, 113, 117, 113, 117, 0.44, 50, 100, 1, 2, 5000, 10
1, 6158, 104, 114, 122, 114, 122, 0.44, 50, 100, 1, 2, 5000, 10
0, 8500, 114, 163, 156, 163, 156, 0.44, 50, 100, 1, 5, 5000, 10
1, 6156, 79, 90, 91, 90, 91, 0.44, 50, 100, 1, 2, 5000, 10
0, 8500, 91, 146, 134, 146, 134, 0.44, 50, 100, 1, 5, 5000, 10
1, 6008, 98, 108, 109, 108, 109, 0.44, 50, 100, 1, 2, 5000, 10
0, 8500, 104, 160, 136, 160, 136, 0.44, 50, 100, 1, 5, 5000, 10
1, 5847, 97, 107, 109, 107, 109, 0.44, 50, 100, 1, 2, 5000, 10
0, 8500, 108, 157, 143, 157, 143, 0.44, 50, 100, 1, 5, 5000, 10
1, 8155, 111, 147, 148, 147, 148, 0.44, 50, 100, 1, 5, 5000, 10
1, 6930, 101, 123, 124, 123, 124, 0.44, 50, 100, 1, 3, 5000, 10
0, 8500, 123, 160, 154, 160, 154, 0.44, 50, 100, 1, 5, 5000, 10
0, 8500, 95, 133, 118, 133, 118, 0.44, 50, 100, 1, 5, 5000, 10
1, 6093, 100, 110, 111, 110, 111, 0.44, 50, 100, 1, 3, 5000, 10
1, 7303, 98, 125, 126, 125, 126, 0.44, 50, 100, 1, 4, 5000, 10
0, 8500, 106, 158, 143, 158, 143, 0.44, 50, 100, 1, 5, 5000, 10
1, 5837, 97, 107, 109, 107, 109, 0.44, 50, 100, 1, 3, 5000, 10
0, 8500, 92, 138, 136, 138, 136, 0.44, 50, 100, 1, 5, 5000, 10
1, 6427, 95, 111, 112, 111, 112, 0.44, 50, 100, 1, 3, 5000, 10
0, 8500, 95, 146, 130, 146, 130, 0.44, 50, 100, 1, 5, 5000, 10
0, 8500, 93, 121, 119, 121, 119, 0.44, 50, 100, 1, 4, 5000, 10
0, 8500, 103, 146, 125, 146, 125, 0.44, 50, 100, 1, 5, 5000, 10
1, 7525, 94, 121, 122, 121, 122, 0.44, 50, 100, 1, 4, 5000, 10
1, 7764, 98, 126, 127, 126, 127, 0.44, 50, 100, 1, 4, 5000, 10
0, 8500, 98, 152, 140, 152, 140, 0.44, 50, 100, 1, 5, 5000, 10
0, 8500, 101, 143, 130, 143, 130, 0.44, 50, 100, 1, 5, 5000, 10
0, 8500, 97, 146, 131, 146, 131, 0.44, 50, 100, 1, 5, 5000, 10
0, 8500, 111, 160, 148, 160, 148, 0.44, 50, 100, 1, 5, 5000, 10
0, 8500, 106, 151, 143, 151, 143, 0.44, 50, 100, 1, 5, 5000, 10
0, 8500, 108, 155, 135, 155, 135, 0.44, 50, 100, 1, 5, 5000, 10
0, 8500, 101, 146, 137, 146, 137, 0.44, 50, 100, 1, 5, 5000, 10
1, 7533, 90, 118, 119, 118, 119, 0.44, 50, 100, 1, 4, 5000, 10
1, 5840, 100, 110, 111, 110, 111, 0.44, 50, 100, 1, 2, 5000, 10
0, 8500, 97, 142, 139, 142, 139, 0.44, 50, 100, 1, 5, 5000, 10
0, 8500, 95, 153, 129, 153, 129, 0.44, 50, 100, 1, 6, 5000, 10
1, 6130, 86, 96, 100, 96, 100, 0.44, 50, 100, 1, 2, 5000, 10
0, 8500, 104, 154, 144, 154, 144, 0.44, 50, 100, 1, 5, 5000, 10
0, 8500, 105, 158, 144, 158, 144, 0.44, 50, 100, 1, 5, 5000, 10
0, 8500, 104, 144, 133, 144, 133, 0.44, 50, 100, 1, 4, 5000, 10
1, 6018, 101, 111, 115, 111, 115, 0.44, 50, 100, 1, 2, 5000, 10
1, 6075, 92, 102, 103, 102, 103, 0.44, 50, 100, 1, 2, 5000, 10
0, 8500, 91, 136, 131, 136, 131, 0.44, 50, 100, 1, 5, 5000, 10
1, 5752, 94, 104, 105, 104, 105, 0.44, 50, 100, 1, 2, 5000, 10
0, 8500, 108, 157, 139, 157, 139, 0.44, 50, 100, 1, 5, 5000, 10
0, 8500, 103, 144, 135, 144, 135, 0.44, 50, 100, 1, 5, 5000, 10
1, 6679, 104, 122, 123, 122, 123, 0.44, 50, 100, 1, 3, 5000, 10
0, 8500, 98, 148, 129, 148, 129, 0.44, 50, 100, 1, 5, 5000, 10
0, 8500, 92, 144, 127, 144, 127, 0.44, 50, 100, 1, 5, 5000, 10
1, 6486, 98, 108, 109, 108, 109, 0.44, 50, 100, 1, 3, 5000, 10
1, 6123, 101, 111, 112, 111, 112, 0.44, 50, 100, 1, 2, 5000, 10
1, 5939, 93, 103, 105, 103, 105, 0.44, 50, 100, 1, 2, 5000, 10
1, 6572, 103, 121, 122, 121, 122, 0.44, 50, 100, 1, 3, 5000, 10
1, 6069, 100, 110, 113, 110, 113, 0.44, 50, 100, 1, 2, 5000, 10
0, 8500, 89, 139, 127, 139, 127, 0.44, 50, 100, 1, 4, 5000, 10
1, 6258, 95, 105, 107, 105, 107, 0.44, 50, 100, 1, 2, 5000, 10
0, 8500, 93, 160, 126, 160, 126, 0.44, 50, 100, 1, 5, 5000, 10
1, 6168, 97, 107, 112, 107, 112, 0.44, 50, 100, 1, 2, 5000, 10
0, 8500, 105, 154, 137, 154, 137, 0.44, 50, 100, 1, 5, 5000, 10
1, 5881, 97, 107, 110, 107, 110, 0.44, 50, 100, 1, 2, 5000, 10
1, 6341, 98, 108, 109, 108, 109, 0.44, 50, 100, 1, 2, 5000, 10
1, 5996, 108, 118, 119, 118, 119, 0.44, 50, 100, 1, 2, 5000, 10
1, 8447, 98, 141, 142, 141, 142, 0.44, 50, 100, 1, 5, 5000, 10
0, 8500, 103, 149, 132, 149, 132, 0.44, 50, 100, 1, 5, 5000, 10
1, 6626, 95, 112, 113, 112, 113, 0.44, 50, 100, 1, 3, 5000, 10
0, 8500, 103, 147, 133, 147, 133, 0.44, 50, 100, 1, 5, 5000, 10
0, 8500, 106, 141, 137, 141, 137, 0.44, 50, 100, 1, 5, 5000, 10
0, 8500, 110, 166, 155, 166, 155, 0.44, 50, 100, 1, 5, 5000, 10
0, 8500, 97, 150, 142, 150, 142, 0.44, 50, 100, 1, 4, 5000, 10
0, 8500, 113, 162, 145, 162, 145, 0.44, 50, 100, 1, 5, 5000, 10
1, 5806, 99, 109, 110, 109, 110, 0.44, 50, 100, 1, 2, 5000, 10
1, 5739, 113, 123, 124, 123, 124, 0.44, 50, 100, 1, 2, 5000, 10
1, 6707, 100, 121, 122, 121, 122, 0.44, 50, 100, 1, 3, 5000, 10
1, 6425, 111, 121, 126, 121, 126, 0.44, 50, 100, 1, 3, 5000, 10
1, 6419, 100, 110, 111, 110, 111, 0.44, 50, 100, 1, 3, 5000, 10
1, 6322, 85, 100, 101, 100, 101, 0.44, 50, 100, 1, 2, 5000, 10
1, 6591, 103, 113, 120, 113, 120, 0.44, 50, 100, 1, 3, 5000, 10
0, 8500, 93, 146, 122, 146, 122, 0.44, 50, 100, 1, 5, 5000, 10
0, 8500, 105, 154, 150, 154, 150, 0.44, 50, 100, 1, 5, 5000, 10
0, 8500, 107, 164, 148, 164, 148, 0.44, 50, 100, 1, 5, 5000, 10
0, 8500, 102, 158, 136, 158, 136, 0.44, 50, 100, 1, 5, 5000, 10
0, 8500, 104, 153, 136, 153, 136, 0.44, 50, 100, 1, 5, 5000, 10
0, 8500, 96, 139, 118, 139, 118, 0.44, 50, 100, 1, 5, 5000, 10
0, 8500, 101, 155, 141, 155, 141, 0.44, 50, 100, 1, 5, 5000, 10
0, 8500, 101, 137, 132, 137, 132, 0.44, 50, 100, 1, 5, 5000, 10
1, 5854, 104, 114, 118, 114, 118, 0.44, 50, 100, 1, 2, 5000, 10
1, 5915, 94, 104, 105, 104, 105, 0.44, 50, 100, 1, 2, 5000, 10
1, 5908, 110, 120, 122, 120, 122, 0.44, 50, 100, 1, 2, 5000, 10
0, 8500, 102, 155, 139, 155, 139, 0.44, 50, 100, 1, 5, 5000, 10
1, 5804, 108, 118, 119, 118, 119, 0.44, 50, 100, 1, 2, 5000, 10
1, 6042, 105, 115, 116, 115, 116, 0.44, 50, 100, 1, 3, 5000, 10
1, 5905, 99, 109, 110, 109, 110, 0.44, 50, 100, 1, 2, 5000, 10
0, 8500, 100, 156, 139, 156, 139, 0.44, 50, 100, 1, 5, 5000, 10
1, 6304, 92, 102, 104, 102, 104, 0.44, 50, 100, 1, 3, 5000, 10
1, 6816, 124, 138, 139, 138, 139, 0.44, 50, 100, 1, 3, 5000, 10
1, 6313, 104, 114, 115, 114, 115, 0.44, 50, 100, 1, 3, 5000, 10
0, 10250, 98, 173, 149, 173, 149, 0.44, 50, 100, 1, 7, 5000, 15
0, 10250, 108, 176, 156, 176, 156, 0.44, 50, 100, 1, 6, 5000, 15
0, 10250, 97, 154, 140, 154, 140, 0.44, 50, 100, 1, 6, 5000, 15
1, 5891, 90, 105, 106, 105, 106, 0.44, 50, 100, 1, 2, 5000, 15
0, 10250, 108, 183, 160, 183, 160, 0.44, 50, 100, 1, 6, 5000, 15
1, 6695, 105, 120, 126, 120, 126, 0.44, 50, 100, 1, 3, 5000, 15
1, 6279, 112, 127, 128, 127, 128, 0.44, 50, 100, 1, 3, 5000, 15
0, 10250, 80, 151, 150, 151, 150, 0.44, 50, 100, 1, 6, 5000, 15
1, 6399, 90, 106, 107, 106, 107, 0.44, 50, 100, 1, 3, 5000, 15
0, 10250, 110, 176, 164, 176, 164, 0.44, 50, 100, 1, 6, 5000, 15
1, 6601, 96, 111, 117, 111, 117, 0.44, 50, 100, 1, 3, 5000, 15
1, 7577, 113, 142, 143, 142, 143, 0.44, 50, 100, 1, 4, 5000, 15
1, 6334, 110, 125, 134, 125, 134, 0.44, 50, 100, 1, 3, 5000, 15
0, 10250, 104, 176, 162, 176, 162, 0.44, 50, 100, 1, 6, 5000, 15
0, 10250, 109, 175, 165, 175, 165, 0.44, 50, 100, 1, 7, 5000, 15
0, 10250, 90, 165, 146, 165, 146, 0.44, 50, 100, 1, 6, 5000, 15
1, 6343, 100, 115, 116, 115, 116, 0.44, 50, 100, 1, 3, 5000, 15
0, 10250, 103, 175, 158, 175, 158, 0.44, 50, 100, 1, 6, 5000, 15
0, 10250, 115, 192, 173, 192, 173, 0.44, 50, 100, 1, 6, 5000, 15
0, 10250, 104, 186, 177, 186, 177, 0.44, 50, 100, 1, 6, 5000, 15
0, 10250, 93, 173, 150, 173, 150, 0.44, 50, 100, 1, 6, 5000, 15
0, 10250, 108, 187, 163, 187, 163, 0.44, 50, 100, 1, 6, 5000, 15
0, 10250, 100, 173, 157, 173, 157, 0.44, 50, 100, 1, 6, 5000, 15
0, 10250, 109, 193, 173, 193, 173, 0.44, 50, 100, 1, 7, 5000, 15
1, 6392, 105, 120, 122, 120, 122, 0.44, 50, 100, 1, 3, 5000, 15
1, 7639, 93, 117, 118, 117, 118, 0.44, 50, 100, 1, 4, 5000, 15
0, 10250, 88, 156, 139, 156, 139, 0.44, 50, 100, 1, 6, 5000, 15
0, 10250, 110, 195, 177, 195, 177, 0.44, 50, 100, 1, 7, 5000, 15
0, 10250, 103, 182, 151, 182, 151, 0.44, 50, 100, 1, 7, 5000, 15
0, 10250, 98, 169, 154, 169, 154, 0.44, 50, 100, 1, 7, 5000, 15
1, 6779, 100, 115, 118, 115, 118, 0.44, 50, 100, 1, 3, 5000, 15
1, 6368, 95, 110, 111, 110, 111, 0.44, 50, 100, 1, 3, 5000, 15
1, 7674, 104, 133, 134, 133, 134, 0.44, 50, 100, 1, 4, 5000, 15
0, 10250, 93, 169, 156, 169, 156, 0.44, 50, 100, 1, 7, 5000, 15
1, 6216, 94, 109, 111, 109, 111, 0.44, 50, 100, 1, 3, 5000, 15
0, 10250, 118, 181, 173, 181, 173, 0.44, 50, 100, 1, 6, 5000, 15
1, 6323, 99, 114, 116, 114, 116, 0.44, 50, 100, 1, 3, 5000, 15
0, 10250, 109, 182, 162, 182, 162, 0.44, 50, 100, 1, 7, 5000, 15
0, 10250, 95, 166, 136, 166, 136, 0.44, 50, 100, 1, 7, 5000, 15
1, 6626, 103, 124, 125, 124, 125, 0.44, 50, 100, 1, 3, 5000, 15
1, 6306, 79, 94, 99, 94, 99, 0.44, 50, 100, 1, 3, 5000, 15
0, 10250, 78, 166, 126, 166, 126, 0.44, 50, 100, 1, 6, 5000, 15
0, 10250, 94, 177, 145, 177, 145, 0.44, 50, 100, 1, 6, 5000, 15
1, 6888, 105, 120, 128, 120, 128, 0.44, 50, 100, 1, 3, 5000, 15
0, 10250, 82, 180, 146, 180, 146, 0.44, 50, 100, 1, 6, 5000, 15
1, 7405, 97, 126, 127, 126, 127, 0.44, 50, 100, 1, 4, 5000, 15
0, 10250, 101, 168, 150, 168, 150, 0.44, 50, 100, 1, 6, 5000, 15
1, 6779, 107, 126, 127, 126, 127, 0.44, 50, 100, 1, 3, 5000, 15
1, 8710, 96, 139, 140, 139, 140, 0.44, 50, 100, 1, 5, 5000, 15
0, 10250, 119, 189, 178, 189, 178, 0.44, 50, 100, 1, 7, 5000, 15
1, 6834, 105, 120, 121, 120, 121, 0.44, 50, 100, 1, 3, 5000, 15
0, 10250, 101, 184, 149, 184, 149, 0.44, 50, 100, 1, 7, 5000, 15
0, 10250, 94, 158, 148, 158, 148, 0.44, 50, 100, 1, 6, 5000, 15
1, 6531, 89, 104, 109, 104, 109, 0.44, 50, 100, 1, 3, 5000, 15
1, 7006, 111, 135, 136, 135, 136, 0.44, 50, 100, 1, 3, 5000, 15
0, 10250, 112, 184, 163, 184, 163, 0.44, 50, 100, 1, 6, 5000, 15
1, 9084, 94, 135, 136, 135, 136, 0.44, 50, 100, 1, 5, 5000, 15
0, 10250, 93, 183, 169, 183, 169, 0.44, 50, 100, 1, 6, 5000, 15
0, 10250, 103, 179, 168, 179, 168, 0.44, 50, 100, 1, 6, 5000, 15
0, 10250, 104, 186, 177, 186, 177, 0.44, 50, 100, 1, 6, 5000, 15
0, 10250, 108, 189, 165, 189, 165, 0.44, 50, 100, 1, 6, 5000, 15
0, 10250, 103, 185, 174, 185, 174, 0.44, 50, 100, 1, 6, 5000, 15
1, 6668, 108, 123, 126, 123, 126, 0.44, 50, 100, 1, 3, 5000, 15
1, 7408, 107, 137, 138, 137, 138, 0.44, 50, 100, 1, 4, 5000, 15
0, 10250, 106, 173, 165, 173, 165, 0.44, 50, 100, 1, 6, 5000, 15
1, 6701, 104, 119, 120, 119, 120, 0.44, 50, 100, 1, 3, 5000, 15
0, 10250, 112, 194, 173, 194, 173, 0.44, 50, 100, 1, 6, 5000, 15
0, 10250, 103, 179, 157, 179, 157, 0.44, 50, 100, 1, 6, 5000, 15
0, 10250, 99, 154, 142, 154, 142, 0.44, 50, 100, 1, 6, 5000, 15
0, 10250, 94, 172, 149, 172, 149, 0.44, 50, 100, 1, 7, 5000, 15
0, 10250, 90, 178, 149, 178, 149, 0.44, 50, 100, 1, 6, 5000, 15
1, 6366, 85, 100, 104, 100, 104, 0.44, 50, 100, 1, 3, 5000, 15
0, 10250, 103, 185, 162, 185, 162, 0.44, 50, 100, 1, 6, 5000, 15
1, 6646, 100, 115, 116, 115, 116, 0.44, 50, 100, 1, 3, 5000, 15
1, 6504, 101, 118, 119, 118, 119, 0.44, 50, 100, 1, 3, 5000, 15
1, 6963, 94, 115, 116, 115, 116, 0.44, 50, 100, 1, 3, 5000, 15
1, 6669, 100, 115, 122, 115, 122, 0.44, 50, 100, 1, 3, 5000, 15
1, 6254, 107, 122, 123, 122, 123, 0.44, 50, 100, 1, 3, 5000, 15
0, 10250, 108, 181, 160, 181, 160, 0.44, 50, 100, 1, 6, 5000, 15
1, 6384, 100, 115, 116, 115, 116, 0.44, 50, 100, 1, 3, 5000, 15
1, 6242, 104, 119, 121, 119, 121, 0.44, 50, 100, 1, 3, 5000, 15
1, 6045, 100, 115, 116, 115, 116, 0.44, 50, 100, 1, 2, 5000, 15
0, 10250, 96, 174, 165, 174, 165, 0.44, 50, 100, 1, 6, 5000, 15
1, 6337, 88, 103, 105, 103, 105, 0.44, 50, 100, 1, 3, 5000, 15
0, 10250, 110, 183, 161, 183, 161, 0.44, 50, 100, 1, 7, 5000, 15
0, 10250, 104, 187, 162, 187, 162, 0.44, 50, 100, 1, 6, 5000, 15
1, 6831, 119, 140, 141, 140, 141, 0.44, 50, 100, 1, 3, 5000, 15
0, 10250, 97, 173, 154, 173, 154, 0.44, 50, 100, 1, 6, 5000, 15
0, 10250, 101, 169, 161, 169, 161, 0.44, 50, 100, 1, 6, 5000, 15
0, 10250, 108, 176, 166, 176, 166, 0.44, 50, 100, 1, 6, 5000, 15
1, 9001, 97, 141, 142, 141, 142, 0.44, 50, 100, 1, 5, 5000, 15
1, 6535, 95, 114, 115, 114, 115, 0.44, 50, 100, 1, 3, 5000, 15
1, 9553, 91, 161, 162, 161, 162, 0.44, 50, 100, 1, 6, 5000, 15
1, 7344, 101, 129, 130, 129, 130, 0.44, 50, 100, 1, 4, 5000, 15
1, 6413, 96, 113, 114, 113, 114, 0.44, 50, 100, 1, 3, 5000, 15
1, 6322, 95, 110, 111, 110, 111, 0.44, 50, 100, 1, 3, 5000, 15
1, 8082, 113, 153, 154, 153, 154, 0.44, 50, 100, 1, 4, 5000, 15
1, 6483, 109, 124, 125, 124, 125, 0.44, 50, 100, 1, 3, 5000, 15
0, 10250, 109, 190, 165, 190, 165, 0.44, 50, 100, 1, 6, 5000, 15
1, 6268, 117, 132, 133, 132, 133, 0.44, 50, 100, 1, 3, 5000, 15
0, 12000, 83, 180, 156, 180, 156, 0.44, 50, 100, 1, 8, 5000, 20
1, 6957, 102, 123, 124, 123, 124, 0.44, 50, 100, 1, 3, 5000, 20
0, 12000, 109, 215, 186, 215, 186, 0.44, 50, 100, 1, 8, 5000, 20
1, 6753, 110, 132, 133, 132, 133, 0.44, 50, 100, 1, 3, 5000, 20
1, 6702, 102, 123, 124, 123, 124, 0.44, 50, 100, 1, 3, 5000, 20
0, 12000, 122, 226, 189, 226, 189, 0.44, 50, 100, 1, 8, 5000, 20
0, 12000, 109, 222, 201, 222, 201, 0.44, 50, 100, 1, 8, 5000, 20
1, 7784, 115, 135, 138, 135, 138, 0.44, 50, 100, 1, 4, 5000, 20
0, 12000, 99, 225, 201, 225, 201, 0.44, 50, 100, 1, 8, 5000, 20
0, 12000, 95, 213, 200, 213, 200, 0.44, 50, 100, 1, 8, 5000, 20
1, 7480, 105, 135, 136, 135, 136, 0.44, 50, 100, 1, 4, 5000, 20
1, 9830, 104, 165, 166, 165, 166, 0.44, 50, 100, 1, 6, 5000, 20
0, 12000, 109, 212, 190, 212, 190, 0.44, 50, 100, 1, 8, 5000, 20
0, 12000, 103, 199, 182, 199, 182, 0.44, 50, 100, 1, 8, 5000, 20
0, 12000, 91, 204, 186, 204, 186, 0.44, 50, 100, 1, 8, 5000, 20
1, 8469, 115, 151, 152, 151, 152, 0.44, 50, 100, 1, 5, 5000, 20
1, 6688, 103, 123, 124, 123, 124, 0.44, 50, 100, 1, 3, 5000, 20
1, 6772, 90, 110, 118, 110, 118, 0.44, 50, 100, 1, 3, 5000, 20
0, 12000, 95, 196, 191, 196, 191, 0.44, 50, 100, 1, 8, 5000, 20
0, 12000, 94, 202, 179, 202, 179, 0.44, 50, 100, 1, 8, 5000, 20
0, 12000, 106, 213, 188, 213, 188, 0.44, 50, 100, 1, 8, 5000, 20
0, 12000, 90, 192, 150, 192, 150, 0.44, 50, 100, 1, 8, 5000, 20
1, 9005, 102, 156, 157, 156, 157, 0.44, 50, 100, 1, 5, 5000, 20
0, 12000, 94, 202, 197, 202, 197, 0.44, 50, 100, 1, 8, 5000, 20
1, 7022, 91, 114, 115, 114, 115, 0.44, 50, 100, 1, 3, 5000, 20
0, 12000, 105, 222, 207, 222, 207, 0.44, 50, 100, 1, 8, 5000, 20
1, 9767, 103, 157, 158, 157, 158, 0.44, 50, 100, 1, 6, 5000, 20
1, 6692, 109, 131, 132, 131, 132, 0.44, 50, 100, 1, 3, 5000, 20
1, 7515, 94, 114, 117, 114, 117, 0.44, 50, 100, 1, 4, 5000, 20
0, 12000, 111, 201, 189, 201, 189, 0.44, 50, 100, 1, 8, 5000, 20
0, 12000, 94, 217, 187, 217, 187, 0.44, 50, 100, 1, 8, 5000, 20
1, 7195, 103, 123, 124, 123, 124, 0.44, 50, 100, 1, 3, 5000, 20
0, 12000, 117, 221, 197, 221, 197, 0.44, 50, 100, 1, 8, 5000, 20
1, 6913, 104, 124, 125, 124, 125, 0.44, 50, 100, 1, 3, 5000, 20
0, 12000, 102, 222, 205, 222, 205, 0.44, 50, 100, 1, 8, 5000, 20
1, 6753, 107, 127, 134, 127, 134, 0.44, 50, 100, 1, 3, 5000, 20
0, 12000, 98, 206, 194, 206, 194, 0.44, 50, 100, 1, 8, 5000, 20
0, 12000, 108, 196, 183, 196, 183, 0.44, 50, 100, 1, 8, 5000, 20
1, 11237, 96, 164, 165, 164, 165, 0.44, 50, 100, 1, 7, 5000, 20
1, 7082, 106, 127, 128, 127, 128, 0.44, 50, 100, 1, 3, 5000, 20
0, 12000, 105, 202, 197, 202, 197, 0.44, 50, 100, 1, 8, 5000, 20
0, 12000, 119, 226, 203, 226, 203, 0.44, 50, 100, 1, 8, 5000, 20
0, 12000, 107, 217, 199, 217, 199, 0.44, 50, 100, 1, 8, 5000, 20
0, 12000, 130, 224, 201, 224, 201, 0.44, 50, 100, 1, 8, 5000, 20
1, 7319, 95, 132, 133, 132, 133, 0.44, 50, 100, 1, 4, 5000, 20
0, 12000, 112, 223, 208, 223, 208, 0.44, 50, 100, 1, 8, 5000, 20
0, 12000, 109, 233, 200, 233, 200, 0.44, 50, 100, 1, 8, 5000, 20
0, 12000, 103, 214, 192, 214, 192, 0.44, 50, 100, 1, 8, 5000, 20
0, 12000, 108, 200, 197, 200, 197, 0.44, 50, 100, 1, 8, 5000, 20
1, 7626, 90, 110, 111, 110, 111, 0.44, 50, 100, 1, 4, 5000, 20
1, 7573, 88, 113, 114, 113, 114, 0.44, 50, 100, 1, 4, 5000, 20
1, 8784, 90, 139, 140, 139, 140, 0.44, 50, 100, 1, 5, 5000, 20
1, 7041, 111, 132, 133, 132, 133, 0.44, 50, 100, 1, 3, 5000, 20
1, 11681, 103, 193, 194, 193, 194, 0.44, 50, 100, 1, 8, 5000, 20
1, 7194, 92, 114, 115, 114, 115, 0.44, 50, 100, 1, 3, 5000, 20
0, 12000, 112, 211, 195, 211, 195, 0.44, 50, 100, 1, 8, 5000, 20
1, 8695, 114, 153, 154, 153, 154, 0.44, 50, 100, 1, 5, 5000, 20
0, 12000, 111, 206, 194, 206, 194, 0.44, 50, 100, 1, 8, 5000, 20
0, 12000, 102, 197, 191, 197, 191, 0.44, 50, 100, 1, 8, 5000, 20
0, 12000, 112, 214, 196, 214, 196, 0.44, 50, 100, 1, 8, 5000, 20
0, 12000, 99, 203, 187, 203, 187, 0.44, 50, 100, 1, 8, 5000, 20
0, 12000, 115, 218, 209, 218, 209, 0.44, 50, 100, 1, 8, 5000, 20
1, 7045, 115, 135, 137, 135, 137, 0.44, 50, 100, 1, 3, 5000, 20
0, 12000, 102, 221, 193, 221, 193, 0.44, 50, 100, 1, 8, 5000, 20
0, 12000, 105, 202, 192, 202, 192, 0.44, 50, 100, 1, 8, 5000, 20
0, 12000, 100, 201, 184, 201, 184, 0.44, 50, 100, 1, 8, 5000, 20
1, 6959, 103, 123, 130, 123, 130, 0.44, 50, 100, 1, 3, 5000, 20
0, 12000, 116, 230, 202, 230, 202, 0.44, 50, 100, 1, 8, 5000, 20
1, 7418, 111, 131, 137, 131, 137, 0.44, 50, 100, 1, 4, 5000, 20
1, 6995, 90, 110, 111, 110, 111, 0.44, 50, 100, 1, 3, 5000, 20
0, 12000, 98, 214, 181, 214, 181, 0.44, 50, 100, 1, 8, 5000, 20
1, 7442, 101, 121, 131, 121, 131, 0.44, 50, 100, 1, 4, 5000, 20
1, 7556, 101, 121, 124, 121, 124, 0.44, 50, 100, 1, 4, 5000, 20
1, 6858, 114, 134, 143, 134, 143, 0.44, 50, 100, 1, 3, 5000, 20
0, 12000, 101, 213, 194, 213, 194, 0.44, 50, 100, 1, 8, 5000, 20
1, 7161, 107, 127, 134, 127, 134, 0.44, 50, 100, 1, 3, 5000, 20
0, 12000, 110, 221, 203, 221, 203, 0.44, 50, 100, 1, 8, 5000, 20
0, 12000, 106, 201, 186, 201, 186, 0.44, 50, 100, 1, 8, 5000, 20
0, 12000, 105, 192, 177, 192, 177, 0.44, 50, 100, 1, 8, 5000, 20
1, 11526, 98, 171, 172, 171, 172, 0.44, 50, 100, 1, 7, 5000, 20
1, 7038, 101, 121, 122, 121, 122, 0.44, 50, 100, 1, 3, 5000, 20
0, 12000, 100, 207, 186, 207, 186, 0.44, 50, 100, 1, 8, 5000, 20
0, 12000, 104, 214, 186, 214, 186, 0.44, 50, 100, 1, 10, 5000, 20
1, 6578, 105, 125, 126, 125, 126, 0.44, 50, 100, 1, 3, 5000, 20
0, 12000, 110, 209, 199, 209, 199, 0.44, 50, 100, 1, 8, 5000, 20
1, 7867, 91, 111, 127, 111, 127, 0.44, 50, 100, 1, 4, 5000, 20
1, 6681, 97, 117, 118, 117, 118, 0.44, 50, 100, 1, 3, 5000, 20
0, 12000, 99, 214, 190, 214, 190, 0.44, 50, 100, 1, 8, 5000, 20
1, 10772, 100, 160, 161, 160, 161, 0.44, 50, 100, 1, 7, 5000, 20
0, 12000, 108, 200, 191, 200, 191, 0.44, 50, 100, 1, 8, 5000, 20
1, 8171, 115, 146, 147, 146, 147, 0.44, 50, 100, 1, 4, 5000, 20
1, 6606, 101, 121, 123, 121, 123, 0.44, 50, 100, 1, 3, 5000, 20
0, 12000, 109, 199, 179, 199, 179, 0.44, 50, 100, 1, 8, 5000, 20
1, 7711, 91, 124, 125, 124, 125, 0.44, 50, 100, 1, 4, 5000, 20
0, 12000, 102, 209, 187, 209, 187, 0.44, 50, 100, 1, 8, 5000, 20
0, 12000, 103, 213, 202, 213, 202, 0.44, 50, 100, 1, 8, 5000, 20
1, 6804, 94, 114, 116, 114, 116, 0.44, 50, 100, 1, 3, 5000, 20
0, 12000, 96, 200, 168, 200, 168, 0.44, 50, 100, 1, 8, 5000, 20
0, 12000, 108, 214, 204, 214, 204, 0.44, 50, 100, 1, 8, 5000, 20
0, 12000, 94, 212, 198, 212, 198, 0.44, 50, 100, 1, 8, 5000, 20
1, 7322, 106, 131, 138, 131, 138, 0.44, 50, 100, 1, 4, 5000, 25
0, 13750, 97, 241, 224, 241, 224, 0.44, 50, 100, 1, 10, 5000, 25
0, 13750, 106, 254, 217, 254, 217, 0.44, 50, 100, 1, 10, 5000, 25
1, 8305, 99, 124, 141, 124, 141, 0.44, 50, 100, 1, 5, 5000, 25
0, 13750, 91, 248, 239, 248, 239, 0.44, 50, 100, 1, 10, 5000, 25
0, 13750, 108, 248, 234, 248, 234, 0.44, 50, 100, 1, 10, 5000, 25
0, 13750, 112, 255, 224, 255, 224, 0.44, 50, 100, 1, 10, 5000, 25
1, 7385, 110, 136, 137, 136, 137, 0.44, 50, 100, 1, 4, 5000, 25
1, 13314, 97, 230, 231, 230, 231, 0.44, 50, 100, 1, 10, 5000, 25
1, 7244, 91, 116, 119, 116, 119, 0.44, 50, 100, 1, 4, 5000, 25
0, 13750, 89, 235, 215, 235, 215, 0.44, 50, 100, 1, 10, 5000, 25
0, 13750, 94, 247, 235, 247, 235, 0.44, 50, 100, 1, 10, 5000, 25
1, 7752, 106, 131, 138, 131, 138, 0.44, 50, 100, 1, 4, 5000, 25
0, 13750, 94, 247, 219, 247, 219, 0.44, 50, 100, 1, 10, 5000, 25
1, 12253, 101, 212, 213, 212, 213, 0.44, 50, 100, 1, 8, 5000, 25
0, 13750, 105, 243, 239, 243, 239, 0.44, 50, 100, 1, 11, 5000, 25
1, 7042, 95, 120, 125, 120, 125, 0.44, 50, 100, 1, 4, 5000, 25
1, 12989, 99, 212, 213, 212, 213, 0.44, 50, 100, 1, 9, 5000, 25
0, 13750, 84, 217, 212, 217, 212, 0.44, 50, 100, 1, 12, 5000, 25
1, 12253, 104, 213, 214, 213, 214, 0.44, 50, 100, 1, 8, 5000, 25
0, 13750, 111, 260, 232, 260, 232, 0.44, 50, 100, 1, 10, 5000, 25
1, 6918, 101, 126, 130, 126, 130, 0.44, 50, 100, 1, 3, 5000, 25
0, 13750, 110, 262, 231, 262, 231, 0.44, 50, 100, 1, 12, 5000, 25
1, 8235, 101, 145, 146, 145, 146, 0.44, 50, 100, 1, 5, 5000, 25
0, 13750, 94, 217, 187, 217, 187, 0.44, 50, 100, 1, 10, 5000, 25
1, 8789, 106, 147, 148, 147, 148, 0.44, 50, 100, 1, 5, 5000, 25
1, 7058, 94, 119, 121, 119, 121, 0.44, 50, 100, 1, 4, 5000, 25
1, 7539, 101, 136, 137, 136, 137, 0.44, 50, 100, 1, 4, 5000, 25
0, 13750, 91, 240, 226, 240, 226, 0.44, 50, 100, 1, 10, 5000, 25
0, 13750, 85, 237, 209, 237, 209, 0.44, 50, 100, 1, 11, 5000, 25
0, 13750, 91, 238, 208, 238, 208, 0.44, 50, 100, 1, 10, 5000, 25
1, 7411, 85, 110, 114, 110, 114, 0.44, 50, 100, 1, 4, 5000, 25
0, 13750, 103, 258, 233, 258, 233, 0.44, 50, 100, 1, 10, 5000, 25
1, 7602, 98, 123, 132, 123, 132, 0.44, 50, 100, 1, 4, 5000, 25
0, 13750, 109, 250, 227, 250, 227, 0.44, 50, 100, 1, 12, 5000, 25
0, 13750, 92, 231, 216, 231, 216, 0.44, 50, 100, 1, 10, 5000, 25
0, 13750, 86, 213, 209, 213, 209, 0.44, 50, 100, 1, 11, 5000, 25
1, 12986, 111, 235, 236, 235, 236, 0.44, 50, 100, 1, 10, 5000, 25
1, 10922, 108, 181, 182, 181, 182, 0.44, 50, 100, 1, 7, 5000, 25
1, 7881, 88, 118, 119, 118, 119, 0.44, 50, 100, 1, 4, 5000, 25
1, 7270, 120, 147, 148, 147, 148, 0.44, 50, 100, 1, 4, 5000, 25
1, 7586, 109, 136, 137, 136, 137, 0.44, 50, 100, 1, 4, 5000, 25
1, 8015, 103, 128, 134, 128, 134, 0.44, 50, 100, 1, 4, 5000, 25
0, 13750, 107, 262, 230, 262, 230, 0.44, 50, 100, 1, 10, 5000, 25
1, 8913, 117, 162, 163, 162, 163, 0.44, 50, 100, 1, 5, 5000, 25
0, 13750, 97, 257, 235, 257, 235, 0.44, 50, 100, 1, 9, 5000, 25
1, 10581, 91, 162, 163, 162, 163, 0.44, 50, 100, 1, 6, 5000, 25
1, 8475, 116, 156, 157, 156, 157, 0.44, 50, 100, 1, 4, 5000, 25
1, 11759, 100, 197, 198, 197, 198, 0.44, 50, 100, 1, 8, 5000, 25
0, 13750, 98, 233, 219, 233, 219, 0.44, 50, 100, 1, 9, 5000, 25
0, 13750, 97, 254, 229, 254, 229, 0.44, 50, 100, 1, 10, 5000, 25
1, 10642, 100, 172, 173, 172, 173, 0.44, 50, 100, 1, 7, 5000, 25
1, 7385, 120, 145, 147, 145, 147, 0.44, 50, 100, 1, 4, 5000, 25
0, 13750, 95, 229, 223, 229, 223, 0.44, 50, 100, 1, 10, 5000, 25
1, 10314, 95, 168, 169, 168, 169, 0.44, 50, 100, 1, 6, 5000, 25
0, 13750, 97, 234, 221, 234, 221, 0.44, 50, 100, 1, 9, 5000, 25
0, 13750, 106, 242, 231, 242, 231, 0.44, 50, 100, 1, 10, 5000, 25
0, 13750, 105, 251, 232, 251, 232, 0.44, 50, 100, 1, 10, 5000, 25
0, 13750, 98, 226, 209, 226, 209, 0.44, 50, 100, 1, 10, 5000, 25
0, 13750, 95, 242, 226, 242, 226, 0.44, 50, 100, 1, 11, 5000, 25
0, 13750, 113, 262, 241, 262, 241, 0.44, 50, 100, 1, 10, 5000, 25
1, 7456, 125, 150, 153, 150, 153, 0.44, 50, 100, 1, 4, 5000, 25
1, 12357, 93, 209, 210, 209, 210, 0.44, 50, 100, 1, 9, 5000, 25
1, 7221, 99, 124, 128, 124, 128, 0.44, 50, 100, 1, 3, 5000, 25
0, 13750, 92, 230, 217, 230, 217, 0.44, 50, 100, 1, 10, 5000, 25
0, 13750, 89, 227, 216, 227, 216, 0.44, 50, 100, 1, 10, 5000, 25
1, 8080, 104, 140, 141, 140, 141, 0.44, 50, 100, 1, 4, 5000, 25
0, 13750, 102, 243, 230, 243, 230, 0.44, 50, 100, 1, 10, 5000, 25
0, 13750, 89, 236, 209, 236, 209, 0.44, 50, 100, 1, 10, 5000, 25
0, 13750, 101, 236, 224, 236, 224, 0.44, 50, 100, 1, 13, 5000, 25
1, 7477, 107, 132, 141, 132, 141, 0.44, 50, 100, 1, 4, 5000, 25
0, 13750, 107, 260, 230, 260, 230, 0.44, 50, 100, 1, 10, 5000, 25
1, 7309, 86, 111, 114, 111, 114, 0.44, 50, 100, 1, 3, 5000, 25
0, 13750, 99, 245, 222, 245, 222, 0.44, 50, 100, 1, 10, 5000, 25
1, 7203, 111, 136, 137, 136, 137, 0.44, 50, 100, 1, 4, 5000, 25
1, 12300, 113, 216, 217, 216, 217, 0.44, 50, 100, 1, 9, 5000, 25
0, 13750, 105, 249, 234, 249, 234, 0.44, 50, 100, 1, 10, 5000, 25
1, 8015, 110, 140, 141, 140, 141, 0.44, 50, 100, 1, 4, 5000, 25
0, 13750, 97, 244, 230, 244, 230, 0.44, 50, 100, 1, 10, 5000, 25
1, 7448, 98, 123, 127, 123, 127, 0.44, 50, 100, 1, 4, 5000, 25
0, 13750, 98, 231, 221, 231, 221, 0.44, 50, 100, 1, 9, 5000, 25
1, 7467, 96, 121, 122, 121, 122, 0.44, 50, 100, 1, 4, 5000, 25
0, 13750, 108, 257, 241, 257, 241, 0.44, 50, 100, 1, 10, 5000, 25
1, 12500, 112, 205, 206, 205, 206, 0.44, 50, 100, 1, 9, 5000, 25
1, 7294, 123, 148, 150, 148, 150, 0.44, 50, 100, 1, 4, 5000, 25
1, 7493, 95, 120, 123, 120, 123, 0.44, 50, 100, 1, 4, 5000, 25
0, 13750, 103, 228, 218, 228, 218, 0.44, 50, 100, 1, 10, 5000, 25
1, 11710, 95, 196, 197, 196, 197, 0.44, 50, 100, 1, 8, 5000, 25
1, 7240, 93, 120, 121, 120, 121, 0.44, 50, 100, 1, 3, 5000, 25
0, 13750, 111, 240, 224, 240, 224, 0.44, 50, 100, 1, 9, 5000, 25
1, 7484, 101, 126, 130, 126, 130, 0.44, 50, 100, 1, 4, 5000, 25
0, 13750, 118, 259, 247, 259, 247, 0.44, 50, 100, 1, 10, 5000, 25
0, 13750, 104, 241, 224, 241, 224, 0.44, 50, 100, 1, 10, 5000, 25
0, 13750, 104, 259, 240, 259, 240, 0.44, 50, 100, 1, 10, 5000, 25
0, 13750, 113, 250, 231, 250, 231, 0.44, 50, 100, 1, 10, 5000, 25
1, 7786, 98, 123, 127, 123, 127, 0.44, 50, 100, 1, 4, 5000, 25
0, 13750, 96, 239, 218, 239, 218, 0.44, 50, 100, 1, 10, 5000, 25
1, 7760, 103, 128, 138, 128, 138, 0.44, 50, 100, 1, 5, 5000, 25
1, 9259, 106, 151, 152, 151, 152, 0.44, 50, 100, 1, 5, 5000, 25
0, 13750, 92, 227, 207, 227, 207, 0.44, 50, 100, 1, 10, 5000, 25
1, 7025, 110, 140, 141, 140, 141, 0.44, 50, 100, 1, 3, 5000, 30
0, 15500, 111, 293, 270, 293, 270, 0.44, 50, 100, 1, 11, 5000, 30
1, 11578, 102, 190, 191, 190, 191, 0.44, 50, 100, 1, 9, 5000, 30
1, 8424, 104, 144, 145, 144, 145, 0.44, 50, 100, 1, 5, 5000, 30
0, 15500, 95, 257, 232, 257, 232, 0.44, 50, 100, 1, 13, 5000, 30
0, 15500, 85, 255, 216, 255, 216, 0.44, 50, 100, 1, 12, 5000, 30
0, 15500, 113, 286, 258, 286, 258, 0.44, 50, 100, 1, 12, 5000, 30
1, 7609, 110, 140, 142, 140, 142, 0.44, 50, 100, 1, 4, 5000, 30
0, 15500, 97, 279, 266, 279, 266, 0.44, 50, 100, 1, 12, 5000, 30
0, 15500, 103, 288, 264, 288, 264, 0.44, 50, 100, 1, 12, 5000, 30
1, 7777, 102, 132, 135, 132, 135, 0.44, 50, 100, 1, 4, 5000, 30
0, 15500, 104, 280, 259, 280, 259, 0.44, 50, 100, 1, 12, 5000, 30
0, 15500, 101, 276, 258, 276, 258, 0.44, 50, 100, 1, 12, 5000, 30
0, 15500, 98, 268, 255, 268, 255, 0.44, 50, 100, 1, 11, 5000, 30
1, 7481, 111, 141, 143, 141, 143, 0.44, 50, 100, 1, 4, 5000, 30
0, 15500, 109, 282, 269, 282, 269, 0.44, 50, 100, 1, 11, 5000, 30
1, 7888, 100, 132, 133, 132, 133, 0.44, 50, 100, 1, 4, 5000, 30
1, 11111, 103, 190, 191, 190, 191, 0.44, 50, 100, 1, 8, 5000, 30
1, 7229, 91, 121, 124, 121, 124, 0.44, 50, 100, 1, 4, 5000, 30
0, 15500, 102, 275, 254, 275, 254, 0.44, 50, 100, 1, 12, 5000, 30
0, 15500, 103, 284, 273, 284, 273, 0.44, 50, 100, 1, 12, 5000, 30
0, 15500, 90, 279, 274, 279, 274, 0.44, 50, 100, 1, 12, 5000, 30
1, 8391, 95, 125, 126, 125, 126, 0.44, 50, 100, 1, 5, 5000, 30
0, 15500, 115, 276, 270, 276, 270, 0.44, 50, 100, 1, 12, 5000, 30
1, 7852, 108, 138, 140, 138, 140, 0.44, 50, 100, 1, 4, 5000, 30
1, 7999, 99, 129, 130, 129, 130, 0.44, 50, 100, 1, 4, 5000, 30
0, 15500, 98, 283, 250, 283, 250, 0.44, 50, 100, 1, 11, 5000, 30
1, 13678, 86, 188, 189, 188, 189, 0.44, 50, 100, 1, 10, 5000, 30
1, 8321, 115, 152, 153, 152, 153, 0.44, 50, 100, 1, 5, 5000, 30
0, 15500, 88, 257, 242, 257, 242, 0.44, 50, 100, 1, 13, 5000, 30
0, 15500, 92, 271, 250, 271, 250, 0.44, 50, 100, 1, 13, 5000, 30
0, 15500, 113, 275, 255, 275, 255, 0.44, 50, 100, 1, 12, 5000, 30
1, 10428, 100, 171, 172, 171, 172, 0.44, 50, 100, 1, 6, 5000, 30
0, 15500, 101, 277, 253, 277, 253, 0.44, 50, 100, 1, 12, 5000, 30
1, 7626, 117, 148, 149, 148, 149, 0.44, 50, 100, 1, 4, 5000, 30
1, 7204, 99, 130, 131, 130, 131, 0.44, 50, 100, 1, 5, 5000, 30
0, 15500, 91, 268, 254, 268, 254, 0.44, 50, 100, 1, 18, 5000, 30
1, 7998, 98, 128, 133, 128, 133, 0.44, 50, 100, 1, 7, 5000, 30
1, 10175, 103, 163, 164, 163, 164, 0.44, 50, 100, 1, 13, 5000, 30
1, 7643, 110, 142, 143, 142, 143, 0.44, 50, 100, 1, 5, 5000, 30
1, 7795, 99, 129, 139, 129, 139, 0.44, 50, 100, 1, 4, 5000, 30
0, 15500, 84, 260, 244, 260, 244, 0.44, 50, 100, 1, 12, 5000, 30
1, 8584, 104, 135, 136, 135, 136, 0.44, 50, 100, 1, 5, 5000, 30
0, 15500, 90, 268, 259, 268, 259, 0.44, 50, 100, 1, 12, 5000, 30
1, 7876, 97, 127, 128, 127, 128, 0.44, 50, 100, 1, 4, 5000, 30
0, 15500, 106, 288, 269, 288, 269, 0.44, 50, 100, 1, 12, 5000, 30
1, 9922, 109, 170, 171, 170, 171, 0.44, 50, 100, 1, 6, 5000, 30
1, 10092, 112, 185, 186, 185, 186, 0.44, 50, 100, 1, 6, 5000, 30
0, 15500, 100, 281, 251, 281, 251, 0.44, 50, 100, 1, 12, 5000, 30
1, 7840, 100, 131, 132, 131, 132, 0.44, 50, 100, 1, 4, 5000, 30
0, 15500, 91, 278, 244, 278, 244, 0.44, 50, 100, 1, 15, 5000, 30
0, 15500, 105, 299, 258, 299, 258, 0.44, 50, 100, 1, 14, 5000, 30
1, 8394, 101, 132, 133, 132, 133, 0.44, 50, 100, 1, 5, 5000, 30
0, 15500, 98, 287, 267, 287, 267, 0.44, 50, 100, 1, 15, 5000, 30
0, 15500, 93, 277, 258, 277, 258, 0.44, 50, 100, 1, 14, 5000, 30
0, 15500, 108, 289, 261, 289, 261, 0.44, 50, 100, 1, 12, 5000, 30
0, 15500, 85, 279, 250, 279, 250, 0.44, 50, 100, 1, 13, 5000, 30
1, 14307, 85, 246, 247, 246, 247, 0.44, 50, 100, 1, 12, 5000, 30
0, 15500, 90, 285, 269, 285, 269, 0.44, 50, 100, 1, 15, 5000, 30
0, 15500, 104, 290, 246, 290, 246, 0.44, 50, 100, 1, 13, 5000, 30
0, 15500, 102, 265, 257, 265, 257, 0.44, 50, 100, 1, 13, 5000, 30
1, 12216, 100, 217, 218, 217, 218, 0.44, 50, 100, 1, 9, 5000, 30
0, 15500, 103, 285, 260, 285, 260, 0.44, 50, 100, 1, 17, 5000, 30
0, 15500, 110, 287, 264, 287, 264, 0.44, 50, 100, 1, 12, 5000, 30
0, 15500, 105, 266, 240, 266, 240, 0.44, 50, 100, 1, 13, 5000, 30
0, 15500, 98, 274, 261, 274, 261, 0.44, 50, 100, 1, 16, 5000, 30
0, 15500, 106, 275, 258, 275, 258, 0.44, 50, 100, 1, 16, 5000, 30
1, 7772, 101, 131, 135, 131, 135, 0.44, 50, 100, 1, 4, 5000, 30
0, 15500, 107, 285, 265, 285, 265, 0.44, 50, 100, 1, 15, 5000, 30
0, 15500, 108, 271, 263, 271, 263, 0.44, 50, 100, 1, 14, 5000, 30
0, 15500, 112, 280, 265, 280, 265, 0.44, 50, 100, 1, 14, 5000, 30
0, 15500, 107, 296, 267, 296, 267, 0.44, 50, 100, 1, 12, 5000, 30
1, 7810, 102, 138, 139, 138, 139, 0.44, 50, 100, 1, 5, 5000, 30
0, 15500, 91, 280, 276, 280, 276, 0.44, 50, 100, 1, 13, 5000, 30
1, 7580, 93, 123, 124, 123, 124, 0.44, 50, 100, 1, 5, 5000, 30
0, 15500, 90, 259, 229, 259, 229, 0.44, 50, 100, 1, 13, 5000, 30
1, 7913, 83, 116, 117, 116, 117, 0.44, 50, 100, 1, 5, 5000, 30
0, 15500, 100, 255, 240, 255, 240, 0.44, 50, 100, 1, 11, 5000, 30
1, 12020, 102, 212, 213, 212, 213, 0.44, 50, 100, 1, 8, 5000, 30
0, 15500, 110, 278, 265, 278, 265, 0.44, 50, 100, 1, 12, 5000, 30
0, 15500, 108, 276, 259, 276, 259, 0.44, 50, 100, 1, 11, 5000, 30
0, 15500, 95, 287, 265, 287, 265, 0.44, 50, 100, 1, 12, 5000, 30
0, 15500, 90, 279, 267, 279, 267, 0.44, 50, 100, 1, 12, 5000, 30
0, 15500, 101, 279, 269, 279, 269, 0.44, 50, 100, 1, 12, 5000, 30
1, 7911, 102, 138, 139, 138, 139, 0.44, 50, 100, 1, 4, 5000, 30
0, 15500, 115, 285, 267, 285, 267, 0.44, 50, 100, 1, 12, 5000, 30
1, 11046, 107, 163, 164, 163, 164, 0.44, 50, 100, 1, 7, 5000, 30
1, 11021, 117, 181, 182, 181, 182, 0.44, 50, 100, 1, 8, 5000, 30
0, 15500, 95, 281, 243, 281, 243, 0.44, 50, 100, 1, 13, 5000, 30
1, 8354, 104, 134, 138, 134, 138, 0.44, 50, 100, 1, 4, 5000, 30
1, 12636, 90, 220, 221, 220, 221, 0.44, 50, 100, 1, 9, 5000, 30
1, 7905, 106, 141, 142, 141, 142, 0.44, 50, 100, 1, 4, 5000, 30
0, 15500, 111, 278, 256, 278, 256, 0.44, 50, 100, 1, 12, 5000, 30
0, 15500, 93, 275, 246, 275, 246, 0.44, 50, 100, 1, 12, 5000, 30
0, 15500, 113, 291, 276, 291, 276, 0.44, 50, 100, 1, 12, 5000, 30
0, 15500, 97, 280, 255, 280, 255, 0.44, 50, 100, 1, 12, 5000, 30
1, 8016, 114, 144, 147, 144, 147, 0.44, 50, 100, 1, 4, 5000, 30
0, 15500, 89, 267, 254, 267, 254, 0.44, 50, 100, 1, 12, 5000, 30
1, 7972, 113, 143, 144, 143, 144, 0.44, 50, 100, 1, 4, 5000, 30
0, 15500, 116, 283, 274, 283, 274, 0.44, 50, 100, 1, 11, 5000, 30
1, 12882, 106, 208, 209, 208, 209, 0.44, 50, 100, 1, 9, 5000, 35
1, 13709, 111, 232, 233, 232, 233, 0.44, 50, 100, 1, 10, 5000, 35
1, 8231, 104, 144, 145, 144, 145, 0.44, 50, 100, 1, 5, 5000, 35
0, 17250, 97, 319, 304, 319, 304, 0.44, 50, 100, 1, 13, 5000, 35
1, 7789, 100, 137, 138, 137, 138, 0.44, 50, 100, 1, 4, 5000, 35
0, 17250, 113, 320, 299, 320, 299, 0.44, 50, 100, 1, 14, 5000, 35
1, 8637, 113, 148, 154, 148, 154, 0.44, 50, 100, 1, 5, 5000, 35
0, 17250, 83, 280, 255, 280, 255, 0.44, 50, 100, 1, 13, 5000, 35
0, 17250, 93, 293, 263, 293, 263, 0.44, 50, 100, 1, 14, 5000, 35
0, 17250, 86, 306, 284, 306, 284, 0.44, 50, 100, 1, 14, 5000, 35
1, 9662, 103, 164, 165, 164, 165, 0.44, 50, 100, 1, 7, 5000, 35
0, 17250, 104, 313, 290, 313, 290, 0.44, 50, 100, 1, 15, 5000, 35
1, 8428, 92, 127, 129, 127, 129, 0.44, 50, 100, 1, 6, 5000, 35
0, 17250, 100, 317, 306, 317, 306, 0.44, 50, 100, 1, 16, 5000, 35
0, 17250, 110, 332, 312, 332, 312, 0.44, 50, 100, 1, 15, 5000, 35
1, 9187, 99, 156, 157, 156, 157, 0.44, 50, 100, 1, 6, 5000, 35
0, 17250, 99, 301, 284, 301, 284, 0.44, 50, 100, 1, 14, 5000, 35
1, 8675, 81, 116, 117, 116, 117, 0.44, 50, 100, 1, 5, 5000, 35
1, 13365, 103, 227, 228, 227, 228, 0.44, 50, 100, 1, 10, 5000, 35
1, 12480, 89, 193, 194, 193, 194, 0.44, 50, 100, 1, 9, 5000, 35
0, 17250, 103, 312, 297, 312, 297, 0.44, 50, 100, 1, 14, 5000, 35
0, 17250, 108, 325, 302, 325, 302, 0.44, 50, 100, 1, 15, 5000, 35
0, 17250, 104, 332, 301, 332, 301, 0.44, 50, 100, 1, 15, 5000, 35
0, 17250, 110, 307, 298, 307, 298, 0.44, 50, 100, 1, 14, 5000, 35
0, 17250, 116, 321, 296, 321, 296, 0.44, 50, 100, 1, 20, 5000, 35
0, 17250, 108, 317, 306, 317, 306, 0.44, 50, 100, 1, 18, 5000, 35
0, 17250, 118, 324, 306, 324, 306, 0.44, 50, 100, 1, 15, 5000, 35
1, 10554, 121, 189, 190, 189, 190, 0.44, 50, 100, 1, 9, 5000, 35
0, 17250, 108, 313, 292, 313, 292, 0.44, 50, 100, 1, 16, 5000, 35
0, 17250, 107, 311, 300, 311, 300, 0.44, 50, 100, 1, 14, 5000, 35
0, 17250, 95, 293, 279, 293, 279, 0.44, 50, 100, 1, 14, 5000, 35
0, 17250, 101, 311, 292, 311, 292, 0.44, 50, 100, 1, 17, 5000, 35
0, 17250, 106, 323, 294, 323, 294, 0.44, 50, 100, 1, 18, 5000, 35
0, 17250, 109, 322, 303, 322, 303, 0.44, 50, 100, 1, 14, 5000, 35
1, 11858, 112, 205, 206, 205, 206, 0.44, 50, 100, 1, 12, 5000, 35
0, 17250, 109, 322, 299, 322, 299, 0.44, 50, 100, 1, 18, 5000, 35
1, 12673, 95, 190, 191, 190, 191, 0.44, 50, 100, 1, 9, 5000, 35
1, 10207, 122, 184, 185, 184, 185, 0.44, 50, 100, 1, 6, 5000, 35
0, 17250, 97, 305, 283, 305, 283, 0.44, 50, 100, 1, 17, 5000, 35
0, 17250, 112, 322, 303, 322, 303, 0.44, 50, 100, 1, 18, 5000, 35
0, 17250, 86, 317, 288, 317, 288, 0.44, 50, 100, 1, 19, 5000, 35
0, 17250, 93, 293, 287, 293, 287, 0.44, 50, 100, 1, 15, 5000, 35
1, 15479, 93, 255, 256, 255, 256, 0.44, 50, 100, 1, 13, 5000, 35
0, 17250, 105, 328, 304, 328, 304, 0.44, 50, 100, 1, 15, 5000, 35
0, 17250, 87, 281, 266, 281, 266, 0.44, 50, 100, 1, 14, 5000, 35
0, 17250, 98, 330, 288, 330, 288, 0.44, 50, 100, 1, 14, 5000, 35
0, 17250, 88, 287, 276, 287, 276, 0.44, 50, 100, 1, 14, 5000, 35
0, 17250, 97, 326, 298, 326, 298, 0.44, 50, 100, 1, 14, 5000, 35
0, 17250, 79, 289, 275, 289, 275, 0.44, 50, 100, 1, 15, 5000, 35
0, 17250, 105, 307, 298, 307, 298, 0.44, 50, 100, 1, 14, 5000, 35
1, 12249, 104, 199, 200, 199, 200, 0.44, 50, 100, 1, 9, 5000, 35
0, 17250, 106, 311, 297, 311, 297, 0.44, 50, 100, 1, 16, 5000, 35
1, 10431, 98, 172, 173, 172, 173, 0.44, 50, 100, 1, 7, 5000, 35
1, 8176, 104, 139, 140, 139, 140, 0.44, 50, 100, 1, 5, 5000, 35
0, 17250, 96, 315, 292, 315, 292, 0.44, 50, 100, 1, 16, 5000, 35
0, 17250, 99, 305, 275, 305, 275, 0.44, 50, 100, 1, 14, 5000, 35
1, 9151, 113, 154, 155, 154, 155, 0.44, 50, 100, 1, 5, 5000, 35
0, 17250, 89, 299, 288, 299, 288, 0.44, 50, 100, 1, 14, 5000, 35
1, 9040, 90, 137, 138, 137, 138, 0.44, 50, 100, 1, 5, 5000, 35
0, 17250, 104, 316, 304, 316, 304, 0.44, 50, 100, 1, 17, 5000, 35
0, 17250, 88, 301, 288, 301, 288, 0.44, 50, 100, 1, 29, 5000, 35
0, 17250, 93, 303, 296, 303, 296, 0.44, 50, 100, 1, 22, 5000, 35
1, 7902, 94, 129, 130, 129, 130, 0.44, 50, 100, 1, 7, 5000, 35
0, 17250, 97, 318, 284, 318, 284, 0.44, 50, 100, 1, 24, 5000, 35
0, 17250, 105, 323, 297, 323, 297, 0.44, 50, 100, 1, 20, 5000, 35
1, 15821, 101, 271, 272, 271, 272, 0.44, 50, 100, 1, 13, 5000, 35
0, 17250, 97, 307, 287, 307, 287, 0.44, 50, 100, 1, 14, 5000, 35
0, 17250, 113, 328, 314, 328, 314, 0.44, 50, 100, 1, 14, 5000, 35
0, 17250, 97, 306, 281, 306, 281, 0.44, 50, 100, 1, 13, 5000, 35
0, 17250, 98, 316, 300, 316, 300, 0.44, 50, 100, 1, 14, 5000, 35
0, 17250, 92, 310, 290, 310, 290, 0.44, 50, 100, 1, 14, 5000, 35
1, 8001, 95, 137, 138, 137, 138, 0.44, 50, 100, 1, 5, 5000, 35
0, 17250, 78, 289, 257, 289, 257, 0.44, 50, 100, 1, 15, 5000, 35
1, 9839, 113, 165, 166, 165, 166, 0.44, 50, 100, 1, 6, 5000, 35
0, 17250, 110, 313, 298, 313, 298, 0.44, 50, 100, 1, 13, 5000, 35
0, 17250, 99, 316, 298, 316, 298, 0.44, 50, 100, 1, 13, 5000, 35
0, 17250, 106, 319, 285, 319, 285, 0.44, 50, 100, 1, 14, 5000, 35
0, 17250, 91, 309, 297, 309, 297, 0.44, 50, 100, 1, 15, 5000, 35
1, 15153, 115, 273, 274, 273, 274, 0.44, 50, 100, 1, 12, 5000, 35
1, 9609, 112, 162, 163, 162, 163, 0.44, 50, 100, 1, 7, 5000, 35
1, 8590, 85, 120, 121, 120, 121, 0.44, 50, 100, 1, 5, 5000, 35
1, 8200, 110, 146, 147, 146, 147, 0.44, 50, 100, 1, 5, 5000, 35
0, 17250, 100, 313, 283, 313, 283, 0.44, 50, 100, 1, 14, 5000, 35
0, 17250, 93, 288, 272, 288, 272, 0.44, 50, 100, 1, 14, 5000, 35
0, 17250, 88, 294, 275, 294, 275, 0.44, 50, 100, 1, 16, 5000, 35
0, 17250, 90, 307, 284, 307, 284, 0.44, 50, 100, 1, 14, 5000, 35
1, 12306, 96, 192, 193, 192, 193, 0.44, 50, 100, 1, 9, 5000, 35
0, 17250, 111, 316, 303, 316, 303, 0.44, 50, 100, 1, 16, 5000, 35
1, 8867, 92, 140, 141, 140, 141, 0.44, 50, 100, 1, 5, 5000, 35
0, 17250, 99, 324, 286, 324, 286, 0.44, 50, 100, 1, 16, 5000, 35
1, 8239, 92, 127, 128, 127, 128, 0.44, 50, 100, 1, 6, 5000, 35
1, 8070, 99, 137, 138, 137, 138, 0.44, 50, 100, 1, 4, 5000, 35
0, 17250, 107, 325, 321, 325, 321, 0.44, 50, 100, 1, 15, 5000, 35
1, 7375, 103, 139, 140, 139, 140, 0.44, 50, 100, 1, 4, 5000, 35
0, 17250, 108, 324, 297, 324, 297, 0.44, 50, 100, 1, 14, 5000, 35
1, 7962, 116, 151, 154, 151, 154, 0.44, 50, 100, 1, 4, 5000, 35
1, 13269, 88, 190, 191, 190, 191, 0.44, 50, 100, 1, 9, 5000, 35
1, 8488, 105, 145, 146, 145, 146, 0.44, 50, 100, 1, 5, 5000, 35
0, 17250, 92, 296, 284, 296, 284, 0.44, 50, 100, 1, 15, 5000, 35
0, 17250, 111, 326, 293, 326, 293, 0.44, 50, 100, 1, 15, 5000, 35
0, 20750, 111, 383, 380, 383, 380, 0.44, 50, 100, 1, 22, 5000, 45
0, 20750, 110, 397, 376, 397, 376, 0.44, 50, 100, 1, 18, 5000, 45
1, 8495, 100, 145, 146, 145, 146, 0.44, 50, 100, 1, 5, 5000, 45
1, 19590, 103, 362, 363, 362, 363, 0.44, 50, 100, 1, 17, 5000, 45
0, 20750, 119, 399, 383, 399, 383, 0.44, 50, 100, 1, 19, 5000, 45
1, 15653, 105, 270, 271, 270, 271, 0.44, 50, 100, 1, 15, 5000, 45
1, 11901, 109, 190, 191, 190, 191, 0.44, 50, 100, 1, 10, 5000, 45
0, 20750, 81, 385, 351, 385, 351, 0.44, 50, 100, 1, 19, 5000, 45
0, 20750, 108, 386, 358, 386, 358, 0.44, 50, 100, 1, 24, 5000, 45
0, 20750, 106, 385, 374, 385, 374, 0.44, 50, 100, 1, 21, 5000, 45
1, 8876, 101, 149, 150, 149, 150, 0.44, 50, 100, 1, 7, 5000, 45
0, 20750, 93, 386, 369, 386, 369, 0.44, 50, 100, 1, 20, 5000, 45
0, 20750, 107, 376, 358, 376, 358, 0.44, 50, 100, 1, 21, 5000, 45
1, 14570, 106, 253, 254, 253, 254, 0.44, 50, 100, 1, 13, 5000, 45
0, 20750, 99, 379, 352, 379, 352, 0.44, 50, 100, 1, 19, 5000, 45
0, 20750, 94, 367, 345, 367, 345, 0.44, 50, 100, 1, 20, 5000, 45
1, 8722, 94, 139, 140, 139, 140, 0.44, 50, 100, 1, 5, 5000, 45
0, 20750, 103, 397, 389, 397, 389, 0.44, 50, 100, 1, 23, 5000, 45
0, 20750, 109, 374, 365, 374, 365, 0.44, 50, 100, 1, 22, 5000, 45
0, 20750, 91, 377, 361, 377, 361, 0.44, 50, 100, 1, 20, 5000, 45
0, 20750, 80, 350, 338, 350, 338, 0.44, 50, 100, 1, 19, 5000, 45
0, 20750, 103, 383, 375, 383, 375, 0.44, 50, 100, 1, 17, 5000, 45
1, 13595, 114, 254, 255, 254, 255, 0.44, 50, 100, 1, 10, 5000, 45
0, 20750, 106, 363, 330, 363, 330, 0.44, 50, 100, 1, 17, 5000, 45
0, 20750, 107, 377, 359, 377, 359, 0.44, 50, 100, 1, 23, 5000, 45
1, 9085, 90, 135, 138, 135, 138, 0.44, 50, 100, 1, 6, 5000, 45
0, 20750, 104, 381, 360, 381, 360, 0.44, 50, 100, 1, 19, 5000, 45
1, 8966, 108, 153, 155, 153, 155, 0.44, 50, 100, 1, 7, 5000, 45
0, 20750, 93, 368, 340, 368, 340, 0.44, 50, 100, 1, 18, 5000, 45
1, 10263, 121, 172, 173, 172, 173, 0.44, 50, 100, 1, 7, 5000, 45
0, 20750, 104, 394, 352, 394, 352, 0.44, 50, 100, 1, 18, 5000, 45
1, 11940, 114, 207, 208, 207, 208, 0.44, 50, 100, 1, 9, 5000, 45
1, 12854, 104, 233, 234, 233, 234, 0.44, 50, 100, 1, 11, 5000, 45
1, 9689, 60, 107, 108, 107, 108, 0.44, 50, 100, 1, 6, 5000, 45
1, 10864, 95, 163, 164, 163, 164, 0.44, 50, 100, 1, 7, 5000, 45
1, 8719, 104, 151, 152, 151, 152, 0.44, 50, 100, 1, 6, 5000, 45
0, 20750, 107, 392, 373, 392, 373, 0.44, 50, 100, 1, 18, 5000, 45
1, 9063, 106, 155, 156, 155, 156, 0.44, 50, 100, 1, 6, 5000, 45
0, 20750, 98, 382, 361, 382, 361, 0.44, 50, 100, 1, 24, 5000, 45
0, 20750, 112, 393, 372, 393, 372, 0.44, 50, 100, 1, 20, 5000, 45
0, 20750, 103, 389, 371, 389, 371, 0.44, 50, 100, 1, 18, 5000, 45
0, 20750, 114, 406, 384, 406, 384, 0.44, 50, 100, 1, 20, 5000, 45
1, 10867, 112, 200, 201, 200, 201, 0.44, 50, 100, 1, 10, 5000, 45
1, 9032, 96, 148, 149, 148, 149, 0.44, 50, 100, 1, 9, 5000, 45
0, 20750, 112, 387, 371, 387, 371, 0.44, 50, 100, 1, 20, 5000, 45
1, 10633, 101, 186, 187, 186, 187, 0.44, 50, 100, 1, 7, 5000, 45
0, 20750, 101, 375, 373, 375, 373, 0.44, 50, 100, 1, 22, 5000, 45
1, 10887, 90, 173, 174, 173, 174, 0.44, 50, 100, 1, 7, 5000, 45
1, 20057, 101, 363, 364, 363, 364, 0.44, 50, 100, 1, 20, 5000, 45
0, 20750, 101, 394, 371, 394, 371, 0.44, 50, 100, 1, 26, 5000, 45
1, 20449, 103, 363, 364, 363, 364, 0.44, 50, 100, 1, 20, 5000, 45
0, 20750, 119, 410, 382, 410, 382, 0.44, 50, 100, 1, 18, 5000, 45
1, 15148, 107, 263, 264, 263, 264, 0.44, 50, 100, 1, 12, 5000, 45
0, 20750, 102, 376, 367, 376, 367, 0.44, 50, 100, 1, 21, 5000, 45
1, 9578, 99, 144, 145, 144, 145, 0.44, 50, 100, 1, 7, 5000, 45
0, 20750, 95, 376, 360, 376, 360, 0.44, 50, 100, 1, 21, 5000, 45
1, 8372, 112, 157, 158, 157, 158, 0.44, 50, 100, 1, 7, 5000, 45
0, 20750, 96, 381, 365, 381, 365, 0.44, 50, 100, 1, 20, 5000, 45
0, 20750, 107, 393, 374, 393, 374, 0.44, 50, 100, 1, 21, 5000, 45
0, 20750, 110, 386, 366, 386, 366, 0.44, 50, 100, 1, 18, 5000, 45
1, 16315, 85, 275, 276, 275, 276, 0.44, 50, 100, 1, 13, 5000, 45
1, 8165, 80, 125, 126, 125, 126, 0.44, 50, 100, 1, 5, 5000, 45
0, 20750, 85, 360, 339, 360, 339, 0.44, 50, 100, 1, 26, 5000, 45
1, 10058, 87, 156, 157, 156, 157, 0.44, 50, 100, 1, 6, 5000, 45
0, 20750, 102, 384, 362, 384, 362, 0.44, 50, 100, 1, 19, 5000, 45
1, 8875, 108, 156, 157, 156, 157, 0.44, 50, 100, 1, 5, 5000, 45
1, 13699, 96, 236, 237, 236, 237, 0.44, 50, 100, 1, 10, 5000, 45
1, 16216, 85, 261, 262, 261, 262, 0.44, 50, 100, 1, 13, 5000, 45
1, 12131, 116, 197, 198, 197, 198, 0.44, 50, 100, 1, 8, 5000, 45
0, 20750, 107, 386, 361, 386, 361, 0.44, 50, 100, 1, 17, 5000, 45
1, 14319, 113, 257, 258, 257, 258, 0.44, 50, 100, 1, 13, 5000, 45
0, 20750, 98, 386, 356, 386, 356, 0.44, 50, 100, 1, 18, 5000, 45
1, 9389, 96, 141, 152, 141, 152, 0.44, 50, 100, 1, 6, 5000, 45
0, 20750, 108, 386, 356, 386, 356, 0.44, 50, 100, 1, 17, 5000, 45
0, 20750, 104, 395, 382, 395, 382, 0.44, 50, 100, 1, 20, 5000, 45
0, 20750, 98, 389, 373, 389, 373, 0.44, 50, 100, 1, 23, 5000, 45
0, 20750, 105, 388, 363, 388, 363, 0.44, 50, 100, 1, 22, 5000, 45
1, 12259, 96, 196, 197, 196, 197, 0.44, 50, 100, 1, 11, 5000, 45
0, 20750, 105, 386, 379, 386, 379, 0.44, 50, 100, 1, 20, 5000, 45
0, 20750, 86, 361, 335, 361, 335, 0.44, 50, 100, 1, 19, 5000, 45
1, 16315, 109, 299, 300, 299, 300, 0.44, 50, 100, 1, 14, 5000, 45
1, 9520, 96, 141, 145, 141, 145, 0.44, 50, 100, 1, 7, 5000, 45
1, 14955, 98, 252, 253, 252, 253, 0.44, 50, 100, 1, 14, 5000, 45
1, 9747, 112, 163, 164, 163, 164, 0.44, 50, 100, 1, 7, 5000, 45
1, 10677, 92, 173, 174, 173, 174, 0.44, 50, 100, 1, 7, 5000, 45
1, 8982, 92, 142, 143, 142, 143, 0.44, 50, 100, 1, 6, 5000, 45
0, 20750, 94, 380, 349, 380, 349, 0.44, 50, 100, 1, 18, 5000, 45
0, 20750, 96, 376, 362, 376, 362, 0.44, 50, 100, 1, 19, 5000, 45
0, 20750, 107, 379, 374, 379, 374, 0.44, 50, 100, 1, 18, 5000, 45
1, 9927, 100, 169, 170, 169, 170, 0.44, 50, 100, 1, 9, 5000, 45
1, 17570, 93, 275, 276, 275, 276, 0.44, 50, 100, 1, 17, 5000, 45
1, 9166, 103, 148, 150, 148, 150, 0.44, 50, 100, 1, 6, 5000, 45
0, 20750, 111, 391, 360, 391, 360, 0.44, 50, 100, 1, 18, 5000, 45
0, 20750, 76, 338, 315, 338, 315, 0.44, 50, 100, 1, 18, 5000, 45
1, 9801, 87, 139, 140, 139, 140, 0.44, 50, 100, 1, 6, 5000, 45
1, 8346, 100, 145, 152, 145, 152, 0.44, 50, 100, 1, 6, 5000, 45
0, 20750, 103, 395, 363, 395, 363, 0.44, 50, 100, 1, 23, 5000, 45
0, 20750, 95, 390, 376, 390, 376, 0.44, 50, 100, 1, 21, 5000, 45
1, 14653, 90, 244, 245, 244, 245, 0.44, 50, 100, 1, 11, 5000, 45
0, 20750, 94, 376, 361, 376, 361, 0.44, 50, 100, 1, 22, 5000, 45
1, 9309, 105, 160, 165, 160, 165, 0.44, 50, 100, 1, 6, 5000, 55
0, 24250, 99, 443, 431, 443, 431, 0.44, 50, 100, 1, 27, 5000, 55
0, 24250, 100, 449, 432, 449, 432, 0.44, 50, 100, 1, 24, 5000, 55
1, 11616, 116, 213, 214, 213, 214, 0.44, 50, 100, 1, 11, 5000, 55
0, 24250, 100, 454, 429, 454, 429, 0.44, 50, 100, 1, 22, 5000, 55
1, 12085, 104, 216, 217, 216, 217, 0.44, 50, 100, 1, 9, 5000, 55
1, 17581, 90, 314, 315, 314, 315, 0.44, 50, 100, 1, 19, 5000, 55
1, 9243, 96, 151, 152, 151, 152, 0.44, 50, 100, 1, 6, 5000, 55
0, 24250, 95, 433, 433, 433, 433, 0.44, 50, 100, 1, 22, 5000, 55
1, 9953, 98, 154, 155, 154, 155, 0.44, 50, 100, 1, 10, 5000, 55
0, 24250, 105, 464, 440, 464, 440, 0.44, 50, 100, 1, 26, 5000, 55
1, 8899, 94, 149, 150, 149, 150, 0.44, 50, 100, 1, 5, 5000, 55
1, 22364, 92, 416, 417, 416, 417, 0.44, 50, 100, 1, 20, 5000, 55
1, 10381, 110, 165, 166, 165, 166, 0.44, 50, 100, 1, 7, 5000, 55
0, 24250, 106, 455, 433, 455, 433, 0.44, 50, 100, 1, 23, 5000, 55
1, 10991, 98, 185, 186, 185, 186, 0.44, 50, 100, 1, 9, 5000, 55
0, 24250, 109, 447, 444, 447, 444, 0.44, 50, 100, 1, 31, 5000, 55
0, 24250, 100, 460, 443, 460, 443, 0.44, 50, 100, 1, 25, 5000, 55
1, 13375, 101, 222, 223, 222, 223, 0.44, 50, 100, 1, 12, 5000, 55
0, 24250, 97, 435, 425, 435, 425, 0.44, 50, 100, 1, 26, 5000, 55
0, 24250, 119, 468, 434, 468, 434, 0.44, 50, 100, 1, 24, 5000, 55
1, 9797, 99, 154, 155, 154, 155, 0.44, 50, 100, 1, 7, 5000, 55
0, 24250, 106, 463, 441, 463, 441, 0.44, 50, 100, 1, 22, 5000, 55
0, 24250, 114, 470, 445, 470, 445, 0.44, 50, 100, 1, 23, 5000, 55
1, 10946, 109, 182, 183, 182, 183, 0.44, 50, 100, 1, 10, 5000, 55
0, 24250, 111, 463, 452, 463, 452, 0.44, 50, 100, 1, 26, 5000, 55
0, 24250, 100, 456, 442, 456, 442, 0.44, 50, 100, 1, 26, 5000, 55
0, 24250, 95, 440, 430, 440, 430, 0.44, 50, 100, 1, 23, 5000, 55
0, 24250, 91, 429, 391, 429, 391, 0.44, 50, 100, 1, 24, 5000, 55
1, 15788, 84, 244, 245, 244, 245, 0.44, 50, 100, 1, 12, 5000, 55
0, 24250, 122, 476, 447, 476, 447, 0.44, 50, 100, 1, 23, 5000, 55
0, 24250, 101, 459, 438, 459, 438, 0.44, 50, 100, 1, 29, 5000, 55
1, 22076, 103, 401, 402, 401, 402, 0.44, 50, 100, 1, 22, 5000, 55
1, 17331, 103, 305, 306, 305, 306, 0.44, 50, 100, 1, 15, 5000, 55
1, 9526, 84, 139, 148, 139, 148, 0.44, 50, 100, 1, 7, 5000, 55
0, 24250, 96, 447, 432, 447, 432, 0.44, 50, 100, 1, 23, 5000, 55
1, 9779, 105, 163, 164, 163, 164, 0.44, 50, 100, 1, 6, 5000, 55
1, 10532, 90, 145, 152, 145, 152, 0.44, 50, 100, 1, 8, 5000, 55
0, 24250, 112, 457, 445, 457, 445, 0.44, 50, 100, 1, 23, 5000, 55
1, 14804, 85, 243, 244, 243, 244, 0.44, 50, 100, 1, 14, 5000, 55
1, 9956, 91, 161, 162, 161, 162, 0.44, 50, 100, 1, 9, 5000, 55
0, 24250, 105, 459, 456, 459, 456, 0.44, 50, 100, 1, 29, 5000, 55
1, 21112, 108, 376, 377, 376, 377, 0.44, 50, 100, 1, 25, 5000, 55
0, 24250, 118, 459, 436, 459, 436, 0.44, 50, 100, 1, 27, 5000, 55
0, 24250, 102, 444, 427, 444, 427, 0.44, 50, 100, 1, 24, 5000, 55
0, 24250, 119, 455, 449, 455, 449, 0.44, 50, 100, 1, 25, 5000, 55
1, 10312, 119, 175, 176, 175, 176, 0.44, 50, 100, 1, 7, 5000, 55
0, 24250, 96, 447, 436, 447, 436, 0.44, 50, 100, 1, 23, 5000, 55
0, 24250, 112, 462, 430, 462, 430, 0.44, 50, 100, 1, 27, 5000, 55
0, 24250, 100, 449, 424, 449, 424, 0.44, 50, 100, 1, 24, 5000, 55
0, 24250, 105, 461, 445, 461, 445, 0.44, 50, 100, 1, 22, 5000, 55
1, 14570, 97, 254, 255, 254, 255, 0.44, 50, 100, 1, 12, 5000, 55
0, 24250, 119, 474, 438, 474, 438, 0.44, 50, 100, 1, 25, 5000, 55
0, 24250, 106, 461, 442, 461, 442, 0.44, 50, 100, 1, 22, 5000, 55
1, 23548, 88, 427, 428, 427, 428, 0.44, 50, 100, 1, 22, 5000, 55
1, 11624, 99, 193, 194, 193, 194, 0.44, 50, 100, 1, 10, 5000, 55
0, 24250, 104, 472, 445, 472, 445, 0.44, 50, 100, 1, 23, 5000, 55
0, 24250, 102, 455, 440, 455, 440, 0.44, 50, 100, 1, 22, 5000, 55
1, 19820, 96, 348, 349, 348, 349, 0.44, 50, 100, 1, 17, 5000, 55
0, 24250, 103, 463, 447, 463, 447, 0.44, 50, 100, 1, 23, 5000, 55
1, 20193, 102, 376, 377, 376, 377, 0.44, 50, 100, 1, 19, 5000, 55
0, 24250, 111, 447, 435, 447, 435, 0.44, 50, 100, 1, 25, 5000, 55
0, 24250, 120, 463, 451, 463, 451, 0.44, 50, 100, 1, 26, 5000, 55
0, 24250, 96, 435, 431, 435, 431, 0.44, 50, 100, 1, 24, 5000, 55
0, 24250, 96, 461, 443, 461, 443, 0.44, 50, 100, 1, 27, 5000, 55
0, 24250, 104, 468, 445, 468, 445, 0.44, 50, 100, 1, 25, 5000, 55
1, 9368, 95, 153, 154, 153, 154, 0.44, 50, 100, 1, 6, 5000, 55
0, 24250, 110, 457, 441, 457, 441, 0.44, 50, 100, 1, 28, 5000, 55
1, 18120, 103, 325, 326, 325, 326, 0.44, 50, 100, 1, 20, 5000, 55
0, 24250, 123, 453, 445, 453, 445, 0.44, 50, 100, 1, 27, 5000, 55
1, 10088, 89, 145, 146, 145, 146, 0.44, 50, 100, 1, 6, 5000, 55
1, 20602, 102, 375, 376, 375, 376, 0.44, 50, 100, 1, 20, 5000, 55
0, 24250, 108, 467, 446, 467, 446, 0.44, 50, 100, 1, 26, 5000, 55
1, 23847, 106, 452, 453, 452, 453, 0.44, 50, 100, 1, 23, 5000, 55
1, 10270, 106, 170, 171, 170, 171, 0.44, 50, 100, 1, 9, 5000, 55
0, 24250, 102, 465, 443, 465, 443, 0.44, 50, 100, 1, 25, 5000, 55
1, 10245, 110, 170, 171, 170, 171, 0.44, 50, 100, 1, 7, 5000, 55
0, 24250, 84, 436, 429, 436, 429, 0.44, 50, 100, 1, 23, 5000, 55
1, 15351, 105, 256, 257, 256, 257, 0.44, 50, 100, 1, 12, 5000, 55
0, 24250, 88, 459, 443, 459, 443, 0.44, 50, 100, 1, 25, 5000, 55
0, 24250, 107, 459, 450, 459, 450, 0.44, 50, 100, 1, 22, 5000, 55
1, 9601, 98, 153, 154, 153, 154, 0.44, 50, 100, 1, 6, 5000, 55
0, 24250, 83, 435, 399, 435, 399, 0.44, 50, 100, 1, 25, 5000, 55
0, 24250, 122, 463, 444, 463, 444, 0.44, 50, 100, 1, 23, 5000, 55
0, 24250, 102, 446, 430, 446, 430, 0.44, 50, 100, 1, 22, 5000, 55
1, 11316, 111, 198, 199, 198, 199, 0.44, 50, 100, 1, 8, 5000, 55
0, 24250, 93, 450, 412, 450, 412, 0.44, 50, 100, 1, 22, 5000, 55
0, 24250, 113, 467, 443, 467, 443, 0.44, 50, 100, 1, 22, 5000, 55
1, 15858, 103, 271, 272, 271, 272, 0.44, 50, 100, 1, 12, 5000, 55
1, 24081, 97, 422, 423, 422, 423, 0.44, 50, 100, 1, 27, 5000, 55
1, 9733, 98, 154, 155, 154, 155, 0.44, 50, 100, 1, 6, 5000, 55
0, 24250, 97, 466, 441, 466, 441, 0.44, 50, 100, 1, 21, 5000, 55
0, 24250, 92, 446, 412, 446, 412, 0.44, 50, 100, 1, 21, 5000, 55
1, 11319, 104, 179, 180, 179, 180, 0.44, 50, 100, 1, 8, 5000, 55
0, 24250, 96, 434, 422, 434, 422, 0.44, 50, 100, 1, 22, 5000, 55
0, 24250, 91, 451, 419, 451, 419, 0.44, 50, 100, 1, 20, 5000, 55
0, 24250, 91, 433, 418, 433, 418, 0.44, 50, 100, 1, 21, 5000, 55
0, 24250, 113, 459, 432, 459, 432, 0.44, 50, 100, 1, 23, 5000, 55
0, 24250, 99, 430, 425, 430, 425, 0.44, 50, 100, 1, 21, 5000, 55
0, 24250, 113, 460, 456, 460, 456, 0.44, 50, 100, 1, 21, 5000, 55
1, 10499, 102, 167, 169, 167, 169, 0.44, 50, 100, 1, 7, 5000, 65
0, 27750, 106, 520, 511, 520, 511, 0.44, 50, 100, 1, 26, 5000, 65
0, 27750, 100, 516, 502, 516, 502, 0.44, 50, 100, 1, 27, 5000, 65
1, 14462, 90, 234, 235, 234, 235, 0.44, 50, 100, 1, 13, 5000, 65
1, 9236, 94, 159, 160, 159, 160, 0.44, 50, 100, 1, 6, 5000, 65
1, 10350, 106, 171, 179, 171, 179, 0.44, 50, 100, 1, 8, 5000, 65
0, 27750, 112, 525, 515, 525, 515, 0.44, 50, 100, 1, 34, 5000, 65
1, 9492, 108, 173, 176, 173, 176, 0.44, 50, 100, 1, 7, 5000, 65
0, 27750, 103, 529, 518, 529, 518, 0.44, 50, 100, 1, 26, 5000, 65
0, 27750, 99, 504, 478, 504, 478, 0.44, 50, 100, 1, 30, 5000, 65
0, 27750, 108, 525, 510, 525, 510, 0.44, 50, 100, 1, 25, 5000, 65
1, 14442, 95, 244, 245, 244, 245, 0.44, 50, 100, 1, 13, 5000, 65
0, 27750, 104, 508, 504, 508, 504, 0.44, 50, 100, 1, 33, 5000, 65
0, 27750, 116, 537, 518, 537, 518, 0.44, 50, 100, 1, 29, 5000, 65
0, 27750, 104, 529, 522, 529, 522, 0.44, 50, 100, 1, 28, 5000, 65
1, 17460, 97, 316, 317, 316, 317, 0.44, 50, 100, 1, 19, 5000, 65
1, 14157, 97, 242, 243, 242, 243, 0.44, 50, 100, 1, 11, 5000, 65
0, 27750, 94, 528, 500, 528, 500, 0.44, 50, 100, 1, 26, 5000, 65
0, 27750, 98, 503, 488, 503, 488, 0.44, 50, 100, 1, 28, 5000, 65
1, 12190, 88, 177, 178, 177, 178, 0.44, 50, 100, 1, 9, 5000, 65
1, 11497, 115, 186, 187, 186, 187, 0.44, 50, 100, 1, 10, 5000, 65
1, 9766, 97, 166, 167, 166, 167, 0.44, 50, 100, 1, 8, 5000, 65
0, 27750, 116, 543, 526, 543, 526, 0.44, 50, 100, 1, 32, 5000, 65
0, 27750, 104, 519, 503, 519, 503, 0.44, 50, 100, 1, 28, 5000, 65
1, 14812, 104, 267, 268, 267, 268, 0.44, 50, 100, 1, 12, 5000, 65
0, 27750, 91, 517, 492, 517, 492, 0.44, 50, 100, 1, 25, 5000, 65
1, 9940, 98, 163, 165, 163, 165, 0.44, 50, 100, 1, 7, 5000, 65
0, 27750, 98, 497, 482, 497, 482, 0.44, 50, 100, 1, 27, 5000, 65
0, 27750, 75, 476, 469, 476, 469, 0.44, 50, 100, 1, 26, 5000, 65
0, 27750, 113, 538, 519, 538, 519, 0.44, 50, 100, 1, 26, 5000, 65
1, 11227, 95, 160, 161, 160, 161, 0.44, 50, 100, 1, 8, 5000, 65
1, 10613, 95, 180, 181, 180, 181, 0.44, 50, 100, 1, 7, 5000, 65
0, 27750, 99, 514, 499, 514, 499, 0.44, 50, 100, 1, 25, 5000, 65
0, 27750, 109, 535, 509, 535, 509, 0.44, 50, 100, 1, 30, 5000, 65
1, 10029, 109, 174, 179, 174, 179, 0.44, 50, 100, 1, 7, 5000, 65
1, 11912, 104, 195, 196, 195, 196, 0.44, 50, 100, 1, 12, 5000, 65
0, 27750, 76, 496, 488, 496, 488, 0.44, 50, 100, 1, 31, 5000, 65
1, 12517, 103, 217, 218, 217, 218, 0.44, 50, 100, 1, 11, 5000, 65
0, 27750, 100, 522, 496, 522, 496, 0.44, 50, 100, 1, 25, 5000, 65
0, 27750, 98, 510, 494, 510, 494, 0.44, 50, 100, 1, 26, 5000, 65
1, 25425, 105, 480, 481, 480, 481, 0.44, 50, 100, 1, 24, 5000, 65
1, 11290, 113, 212, 213, 212, 213, 0.44, 50, 100, 1, 8, 5000, 65
0, 27750, 109, 537, 516, 537, 516, 0.44, 50, 100, 1, 28, 5000, 65
0, 27750, 94, 507, 480, 507, 480, 0.44, 50, 100, 1, 27, 5000, 65
0, 27750, 84, 503, 489, 503, 489, 0.44, 50, 100, 1, 27, 5000, 65
1, 11476, 101, 192, 193, 192, 193, 0.44, 50, 100, 1, 10, 5000, 65
0, 27750, 92, 503, 475, 503, 475, 0.44, 50, 100, 1, 25, 5000, 65
1, 13896, 105, 238, 239, 238, 239, 0.44, 50, 100, 1, 13, 5000, 65
0, 27750, 81, 504, 485, 504, 485, 0.44, 50, 100, 1, 27, 5000, 65
1, 13420, 99, 220, 221, 220, 221, 0.44, 50, 100, 1, 14, 5000, 65
0, 27750, 114, 538, 515, 538, 515, 0.44, 50, 100, 1, 32, 5000, 65
0, 27750, 109, 526, 496, 526, 496, 0.44, 50, 100, 1, 30, 5000, 65
1, 12405, 100, 206, 207, 206, 207, 0.44, 50, 100, 1, 9, 5000, 65
1, 10020, 112, 180, 181, 180, 181, 0.44, 50, 100, 1, 7, 5000, 65
0, 27750, 94, 522, 506, 522, 506, 0.44, 50, 100, 1, 34, 5000, 65
0, 27750, 101, 526, 510, 526, 510, 0.44, 50, 100, 1, 32, 5000, 65
0, 27750, 109, 525, 508, 525, 508, 0.44, 50, 100, 1, 27, 5000, 65
0, 27750, 101, 508, 503, 508, 503, 0.44, 50, 100, 1, 26, 5000, 65
1, 13876, 112, 242, 243, 242, 243, 0.44, 50, 100, 1, 10, 5000, 65
1, 12585, 92, 212, 213, 212, 213, 0.44, 50, 100, 1, 9, 5000, 65
1, 10120, 107, 172, 174, 172, 174, 0.44, 50, 100, 1, 7, 5000, 65
0, 27750, 98, 530, 498, 530, 498, 0.44, 50, 100, 1, 32, 5000, 65
1, 19312, 115, 365, 366, 365, 366, 0.44, 50, 100, 1, 19, 5000, 65
0, 27750, 110, 518, 513, 518, 513, 0.44, 50, 100, 1, 31, 5000, 65
0, 27750, 91, 503, 499, 503, 499, 0.44, 50, 100, 1, 27, 5000, 65
1, 9986, 89, 154, 167, 154, 167, 0.44, 50, 100, 1, 7, 5000, 65
1, 11626, 97, 196, 197, 196, 197, 0.44, 50, 100, 1, 8, 5000, 65
0, 27750, 104, 532, 493, 532, 493, 0.44, 50, 100, 1, 27, 5000, 65
0, 27750, 109, 526, 516, 526, 516, 0.44, 50, 100, 1, 26, 5000, 65
0, 27750, 112, 536, 533, 536, 533, 0.44, 50, 100, 1, 30, 5000, 65
0, 27750, 91, 515, 482, 515, 482, 0.44, 50, 100, 1, 26, 5000, 65
1, 11036, 104, 169, 175, 169, 175, 0.44, 50, 100, 1, 8, 5000, 65
0, 27750, 119, 526, 512, 526, 512, 0.44, 50, 100, 1, 26, 5000, 65
0, 27750, 125, 544, 525, 544, 525, 0.44, 50, 100, 1, 33, 5000, 65
0, 27750, 104, 532, 515, 532, 515, 0.44, 50, 100, 1, 28, 5000, 65
0, 27750, 87, 519, 482, 519, 482, 0.44, 50, 100, 1, 33, 5000, 65
0, 27750, 112, 551, 518, 551, 518, 0.44, 50, 100, 1, 26, 5000, 65
0, 27750, 92, 514, 483, 514, 483, 0.44, 50, 100, 1, 28, 5000, 65
0, 27750, 96, 526, 507, 526, 507, 0.44, 50, 100, 1, 33, 5000, 65
1, 25611, 89, 449, 450, 449, 450, 0.44, 50, 100, 1, 26, 5000, 65
1, 17943, 87, 298, 299, 298, 299, 0.44, 50, 100, 1, 16, 5000, 65
0, 27750, 110, 536, 521, 536, 521, 0.44, 50, 100, 1, 28, 5000, 65
1, 10313, 98, 163, 164, 163, 164, 0.44, 50, 100, 1, 7, 5000, 65
0, 27750, 106, 530, 517, 530, 517, 0.44, 50, 100, 1, 30, 5000, 65
1, 9839, 105, 175, 176, 175, 176, 0.44, 50, 100, 1, 9, 5000, 65
0, 27750, 104, 527, 506, 527, 506, 0.44, 50, 100, 1, 30, 5000, 65
1, 9902, 101, 166, 173, 166, 173, 0.44, 50, 100, 1, 7, 5000, 65
1, 21915, 104, 395, 396, 395, 396, 0.44, 50, 100, 1, 20, 5000, 65
1, 22900, 102, 416, 417, 416, 417, 0.44, 50, 100, 1, 22, 5000, 65
1, 20876, 109, 377, 378, 377, 378, 0.44, 50, 100, 1, 20, 5000, 65
1, 15438, 110, 279, 280, 279, 280, 0.44, 50, 100, 1, 12, 5000, 65
1, 21265, 108, 370, 371, 370, 371, 0.44, 50, 100, 1, 18, 5000, 65
0, 27750, 109, 541, 508, 541, 508, 0.44, 50, 100, 1, 24, 5000, 65
1, 27607, 98, 512, 513, 512, 513, 0.44, 50, 100, 1, 25, 5000, 65
1, 9695, 87, 152, 155, 152, 155, 0.44, 50, 100, 1, 6, 5000, 65
0, 27750, 104, 523, 509, 523, 509, 0.44, 50, 100, 1, 26, 5000, 65
0, 27750, 104, 520, 504, 520, 504, 0.44, 50, 100, 1, 24, 5000, 65
0, 27750, 91, 515, 494, 515, 494, 0.44, 50, 100, 1, 30, 5000, 65
0, 27750, 108, 541, 525, 541, 525, 0.44, 50, 100, 1, 25, 5000, 65
0, 27750, 96, 503, 488, 503, 488, 0.44, 50, 100, 1, 25, 5000, 65
0, 31250, 112, 605, 583, 605, 583, 0.44, 50, 100, 1, 30, 5000, 75
0, 31250, 104, 591, 568, 591, 568, 0.44, 50, 100, 1, 33, 5000, 75
1, 10701, 105, 187, 188, 187, 188, 0.44, 50, 100, 1, 9, 5000, 75
0, 31250, 99, 596, 584, 596, 584, 0.44, 50, 100, 1, 31, 5000, 75
0, 31250, 98, 585, 559, 585, 559, 0.44, 50, 100, 1, 30, 5000, 75
0, 31250, 106, 587, 579, 587, 579, 0.44, 50, 100, 1, 30, 5000, 75
1, 27648, 102, 515, 516, 515, 516, 0.44, 50, 100, 1, 28, 5000, 75
1, 23576, 81, 420, 421, 420, 421, 0.44, 50, 100, 1, 29, 5000, 75
1, 20023, 96, 346, 347, 346, 347, 0.44, 50, 100, 1, 18, 5000, 75
1, 24238, 83, 431, 432, 431, 432, 0.44, 50, 100, 1, 24, 5000, 75
1, 10803, 106, 181, 185, 181, 185, 0.44, 50, 100, 1, 7, 5000, 75
1, 11892, 109, 211, 212, 211, 212, 0.44, 50, 100, 1, 12, 5000, 75
1, 18610, 95, 332, 333, 332, 333, 0.44, 50, 100, 1, 20, 5000, 75
1, 11226, 101, 177, 178, 177, 178, 0.44, 50, 100, 1, 8, 5000, 75
1, 11773, 109, 197, 198, 197, 198, 0.44, 50, 100, 1, 10, 5000, 75
0, 31250, 111, 605, 577, 605, 577, 0.44, 50, 100, 1, 40, 5000, 75
0, 31250, 91, 582, 553, 582, 553, 0.44, 50, 100, 1, 29, 5000, 75
1, 10598, 95, 173, 174, 173, 174, 0.44, 50, 100, 1, 9, 5000, 75
0, 31250, 98, 595, 588, 595, 588, 0.44, 50, 100, 1, 32, 5000, 75
0, 31250, 104, 602, 567, 602, 567, 0.44, 50, 100, 1, 32, 5000, 75
1, 19600, 98, 343, 344, 343, 344, 0.44, 50, 100, 1, 17, 5000, 75
0, 31250, 92, 577, 562, 577, 562, 0.44, 50, 100, 1, 35, 5000, 75
1, 20077, 109, 367, 368, 367, 368, 0.44, 50, 100, 1, 21, 5000, 75
0, 31250, 109, 584, 565, 584, 565, 0.44, 50, 100, 1, 33, 5000, 75
1, 10386, 119, 194, 202, 194, 202, 0.44, 50, 100, 1, 7, 5000, 75
1, 17073, 118, 314, 315, 314, 315, 0.44, 50, 100, 1, 14, 5000, 75
0, 31250, 111, 581, 558, 581, 558, 0.44, 50, 100, 1, 28, 5000, 75
1, 15165, 108, 268, 269, 268, 269, 0.44, 50, 100, 1, 12, 5000, 75
0, 31250, 113, 599, 575, 599, 575, 0.44, 50, 100, 1, 33, 5000, 75
0, 31250, 115, 607, 589, 607, 589, 0.44, 50, 100, 1, 30, 5000, 75
0, 31250, 105, 579, 564, 579, 564, 0.44, 50, 100, 1, 36, 5000, 75
1, 11831, 105, 191, 192, 191, 192, 0.44, 50, 100, 1, 8, 5000, 75
0, 31250, 92, 598, 565, 598, 565, 0.44, 50, 100, 1, 37, 5000, 75
0, 31250, 97, 606, 585, 606, 585, 0.44, 50, 100, 1, 29, 5000, 75
0, 31250, 110, 606, 579, 606, 579, 0.44, 50, 100, 1, 38, 5000, 75
1, 15389, 103, 291, 292, 291, 292, 0.44, 50, 100, 1, 15, 5000, 75
0, 31250, 111, 601, 587, 601, 587, 0.44, 50, 100, 1, 39, 5000, 75
0, 31250, 98, 587, 567, 587, 567, 0.44, 50, 100, 1, 30, 5000, 75
0, 31250, 103, 597, 579, 597, 579, 0.44, 50, 100, 1, 31, 5000, 75
0, 31250, 103, 595, 577, 595, 577, 0.44, 50, 100, 1, 34, 5000, 75
0, 31250, 79, 559, 538, 559, 538, 0.44, 50, 100, 1, 32, 5000, 75
0, 31250, 97, 590, 561, 590, 561, 0.44, 50, 100, 1, 31, 5000, 75
1, 18559, 106, 340, 341, 340, 341, 0.44, 50, 100, 1, 17, 5000, 75
0, 31250, 87, 570, 543, 570, 543, 0.44, 50, 100, 1, 32, 5000, 75
1, 14421, 106, 254, 255, 254, 255, 0.44, 50, 100, 1, 15, 5000, 75
0, 31250, 105, 604, 588, 604, 588, 0.44, 50, 100, 1, 40, 5000, 75
1, 12564, 108, 208, 209, 208, 209, 0.44, 50, 100, 1, 9, 5000, 75
0, 31250, 95, 602, 576, 602, 576, 0.44, 50, 100, 1, 32, 5000, 75
1, 10870, 107, 182, 194, 182, 194, 0.44, 50, 100, 1, 9, 5000, 75
1, 21085, 103, 374, 375, 374, 375, 0.44, 50, 100, 1, 19, 5000, 75
0, 31250, 107, 592, 577, 592, 577, 0.44, 50, 100, 1, 36, 5000, 75
1, 16847, 98, 296, 297, 296, 297, 0.44, 50, 100, 1, 18, 5000, 75
0, 31250, 104, 589, 575, 589, 575, 0.44, 50, 100, 1, 32, 5000, 75
1, 20536, 106, 370, 371, 370, 371, 0.44, 50, 100, 1, 19, 5000, 75
1, 13295, 110, 231, 232, 231, 232, 0.44, 50, 100, 1, 10, 5000, 75
0, 31250, 103, 583, 572, 583, 572, 0.44, 50, 100, 1, 30, 5000, 75
0, 31250, 115, 587, 581, 587, 581, 0.44, 50, 100, 1, 29, 5000, 75
1, 24947, 104, 450, 451, 450, 451, 0.44, 50, 100, 1, 22, 5000, 75
1, 10454, 95, 170, 174, 170, 174, 0.44, 50, 100, 1, 7, 5000, 75
1, 27784, 97, 506, 507, 506, 507, 0.44, 50, 100, 1, 27, 5000, 75
0, 31250, 90, 605, 583, 605, 583, 0.44, 50, 100, 1, 33, 5000, 75
1, 24415, 109, 454, 455, 454, 455, 0.44, 50, 100, 1, 21, 5000, 75
0, 31250, 102, 599, 574, 599, 574, 0.44, 50, 100, 1, 40, 5000, 75
1, 14189, 103, 248, 249, 248, 249, 0.44, 50, 100, 1, 11, 5000, 75
0, 31250, 114, 592, 563, 592, 563, 0.44, 50, 100, 1, 35, 5000, 75
0, 31250, 89, 586, 567, 586, 567, 0.44, 50, 100, 1, 32, 5000, 75
0, 31250, 116, 607, 581, 607, 581, 0.44, 50, 100, 1, 36, 5000, 75
0, 31250, 95, 582, 557, 582, 557, 0.44, 50, 100, 1, 31, 5000, 75
0, 31250, 117, 605, 574, 605, 574, 0.44, 50, 100, 1, 29, 5000, 75
0, 31250, 93, 583, 557, 583, 557, 0.44, 50, 100, 1, 36, 5000, 75
1, 19008, 93, 341, 342, 341, 342, 0.44, 50, 100, 1, 17, 5000, 75
1, 14311, 80, 215, 216, 215, 216, 0.44, 50, 100, 1, 14, 5000, 75
0, 31250, 93, 584, 564, 584, 564, 0.44, 50, 100, 1, 38, 5000, 75
0, 31250, 109, 609, 593, 609, 593, 0.44, 50, 100, 1, 34, 5000, 75
0, 31250, 113, 612, 594, 612, 594, 0.44, 50, 100, 1, 34, 5000, 75
1, 15154, 104, 262, 263, 262, 263, 0.44, 50, 100, 1, 14, 5000, 75
1, 26092, 106, 486, 487, 486, 487, 0.44, 50, 100, 1, 25, 5000, 75
1, 10212, 91, 166, 167, 166, 167, 0.44, 50, 100, 1, 7, 5000, 75
0, 31250, 93, 588, 566, 588, 566, 0.44, 50, 100, 1, 29, 5000, 75
0, 31250, 105, 589, 569, 589, 569, 0.44, 50, 100, 1, 37, 5000, 75
0, 31250, 98, 593, 574, 593, 574, 0.44, 50, 100, 1, 29, 5000, 75
1, 11122, 90, 176, 177, 176, 177, 0.44, 50, 100, 1, 8, 5000, 75
0, 31250, 106, 571, 543, 571, 543, 0.44, 50, 100, 1, 30, 5000, 75
0, 31250, 103, 588, 582, 588, 582, 0.44, 50, 100, 1, 34, 5000, 75
1, 27607, 108, 514, 515, 514, 515, 0.44, 50, 100, 1, 27, 5000, 75
1, 22516, 108, 410, 411, 410, 411, 0.44, 50, 100, 1, 25, 5000, 75
1, 14883, 113, 266, 267, 266, 267, 0.44, 50, 100, 1, 11, 5000, 75
1, 10759, 107, 182, 186, 182, 186, 0.44, 50, 100, 1, 7, 5000, 75
0, 31250, 114, 585, 563, 585, 563, 0.44, 50, 100, 1, 35, 5000, 75
0, 31250, 108, 595, 577, 595, 577, 0.44, 50, 100, 1, 31, 5000, 75
1, 11021, 124, 200, 201, 200, 201, 0.44, 50, 100, 1, 9, 5000, 75
0, 31250, 89, 561, 553, 561, 553, 0.44, 50, 100, 1, 31, 5000, 75
1, 24659, 116, 438, 439, 438, 439, 0.44, 50, 100, 1, 22, 5000, 75
0, 31250, 83, 599, 555, 599, 555, 0.44, 50, 100, 1, 28, 5000, 75
0, 31250, 100, 589, 573, 589, 573, 0.44, 50, 100, 1, 28, 5000, 75
1, 17285, 87, 295, 296, 295, 296, 0.44, 50, 100, 1, 14, 5000, 75
1, 13629, 102, 220, 221, 220, 221, 0.44, 50, 100, 1, 10, 5000, 75
0, 31250, 113, 575, 559, 575, 559, 0.44, 50, 100, 1, 37, 5000, 75
1, 15030, 115, 244, 245, 244, 245, 0.44, 50, 100, 1, 13, 5000, 85
0, 31250, 97, 589, 571, 589, 571, 0.44, 50, 100, 1, 38, 5000, 75
0, 31250, 104, 601, 585, 601, 585, 0.44, 50, 100, 1, 38, 5000, 75
0, 34750, 108, 654, 651, 654, 651, 0.44, 50, 100, 1, 31, 5000, 85
1, 11912, 91, 176, 182, 176, 182, 0.44, 50, 100, 1, 10, 5000, 85
0, 34750, 82, 665, 646, 665, 646, 0.44, 50, 100, 1, 38, 5000, 85
0, 34750, 104, 661, 637, 661, 637, 0.44, 50, 100, 1, 34, 5000, 85
1, 19931, 110, 380, 381, 380, 381, 0.44, 50, 100, 1, 21, 5000, 85
1, 12175, 95, 210, 211, 210, 211, 0.44, 50, 100, 1, 9, 5000, 85
0, 34750, 104, 676, 651, 676, 651, 0.44, 50, 100, 1, 39, 5000, 85
1, 11713, 101, 186, 201, 186, 201, 0.44, 50, 100, 1, 8, 5000, 85
0, 34750, 97, 663, 649, 663, 649, 0.44, 50, 100, 1, 39, 5000, 85
1, 11409, 102, 187, 189, 187, 189, 0.44, 50, 100, 1, 8, 5000, 85
1, 23695, 103, 436, 437, 436, 437, 0.44, 50, 100, 1, 28, 5000, 85
1, 27409, 96, 510, 511, 510, 511, 0.44, 50, 100, 1, 27, 5000, 85
1, 11518, 97, 182, 185, 182, 185, 0.44, 50, 100, 1, 8, 5000, 85
0, 34750, 93, 653, 650, 653, 650, 0.44, 50, 100, 1, 31, 5000, 85
1, 14706, 109, 252, 253, 252, 253, 0.44, 50, 100, 1, 11, 5000, 85
1, 26240, 96, 481, 482, 481, 482, 0.44, 50, 100, 1, 22, 5000, 85
0, 34750, 104, 657, 633, 657, 633, 0.44, 50, 100, 1, 33, 5000, 85
1, 27521, 120, 506, 507, 506, 507, 0.44, 50, 100, 1, 25, 5000, 85
1, 19104, 108, 339, 340, 339, 340, 0.44, 50, 100, 1, 16, 5000, 85
1, 12776, 106, 230, 231, 230, 231, 0.44, 50, 100, 1, 9, 5000, 85
0, 34750, 111, 662, 632, 662, 632, 0.44, 50, 100, 1, 34, 5000, 85
0, 34750, 97, 662, 644, 662, 644, 0.44, 50, 100, 1, 33, 5000, 85
0, 34750, 81, 623, 600, 623, 600, 0.44, 50, 100, 1, 39, 5000, 85
1, 29496, 105, 543, 544, 543, 544, 0.44, 50, 100, 1, 32, 5000, 85
0, 34750, 96, 683, 667, 683, 667, 0.44, 50, 100, 1, 34, 5000, 85
1, 17466, 109, 323, 324, 323, 324, 0.44, 50, 100, 1, 15, 5000, 85
0, 34750, 92, 647, 634, 647, 634, 0.44, 50, 100, 1, 33, 5000, 85
0, 34750, 99, 663, 637, 663, 637, 0.44, 50, 100, 1, 34, 5000, 85
0, 34750, 98, 670, 642, 670, 642, 0.44, 50, 100, 1, 35, 5000, 85
1, 17935, 115, 328, 329, 328, 329, 0.44, 50, 100, 1, 16, 5000, 85
1, 29297, 103, 529, 530, 529, 530, 0.44, 50, 100, 1, 28, 5000, 85
0, 34750, 111, 667, 646, 667, 646, 0.44, 50, 100, 1, 34, 5000, 85
1, 16743, 106, 292, 293, 292, 293, 0.44, 50, 100, 1, 18, 5000, 85
0, 34750, 108, 664, 644, 664, 644, 0.44, 50, 100, 1, 46, 5000, 85
1, 15599, 105, 277, 278, 277, 278, 0.44, 50, 100, 1, 13, 5000, 85
0, 34750, 92, 654, 639, 654, 639, 0.44, 50, 100, 1, 37, 5000, 85
0, 34750, 90, 659, 631, 659, 631, 0.44, 50, 100, 1, 34, 5000, 85
0, 34750, 114, 678, 655, 678, 655, 0.44, 50, 100, 1, 40, 5000, 85
0, 34750, 94, 659, 634, 659, 634, 0.44, 50, 100, 1, 38, 5000, 85
0, 34750, 91, 670, 643, 670, 643, 0.44, 50, 100, 1, 40, 5000, 85
0, 34750, 104, 659, 641, 659, 641, 0.44, 50, 100, 1, 40, 5000, 85
0, 34750, 96, 658, 645, 658, 645, 0.44, 50, 100, 1, 35, 5000, 85
0, 34750, 111, 660, 651, 660, 651, 0.44, 50, 100, 1, 40, 5000, 85
1, 16918, 97, 281, 282, 281, 282, 0.44, 50, 100, 1, 17, 5000, 85
1, 32349, 94, 595, 596, 595, 596, 0.44, 50, 100, 1, 37, 5000, 85
0, 34750, 100, 660, 619, 660, 619, 0.44, 50, 100, 1, 36, 5000, 85
1, 20065, 102, 356, 357, 356, 357, 0.44, 50, 100, 1, 18, 5000, 85
1, 11983, 99, 198, 199, 198, 199, 0.44, 50, 100, 1, 8, 5000, 85
0, 34750, 82, 652, 633, 652, 633, 0.44, 50, 100, 1, 38, 5000, 85
1, 31641, 103, 586, 587, 586, 587, 0.44, 50, 100, 1, 30, 5000, 85
1, 13660, 106, 245, 246, 245, 246, 0.44, 50, 100, 1, 12, 5000, 85
0, 34750, 104, 667, 645, 667, 645, 0.44, 50, 100, 1, 43, 5000, 85
1, 27926, 85, 491, 492, 491, 492, 0.44, 50, 100, 1, 29, 5000, 85
1, 10630, 109, 194, 200, 194, 200, 0.44, 50, 100, 1, 10, 5000, 85
0, 34750, 109, 647, 633, 647, 633, 0.44, 50, 100, 1, 39, 5000, 85
0, 34750, 93, 662, 646, 662, 646, 0.44, 50, 100, 1, 40, 5000, 85
0, 34750, 95, 665, 647, 665, 647, 0.44, 50, 100, 1, 38, 5000, 85
0, 34750, 95, 658, 642, 658, 642, 0.44, 50, 100, 1, 45, 5000, 85
0, 34750, 111, 668, 648, 668, 648, 0.44, 50, 100, 1, 33, 5000, 85
0, 34750, 113, 665, 654, 665, 654, 0.44, 50, 100, 1, 43, 5000, 85
1, 28654, 100, 542, 543, 542, 543, 0.44, 50, 100, 1, 36, 5000, 85
0, 34750, 100, 672, 652, 672, 652, 0.44, 50, 100, 1, 43, 5000, 85
0, 34750, 116, 674, 648, 674, 648, 0.44, 50, 100, 1, 35, 5000, 85
1, 14917, 97, 253, 254, 253, 254, 0.44, 50, 100, 1, 14, 5000, 85
0, 34750, 95, 652, 637, 652, 637, 0.44, 50, 100, 1, 37, 5000, 85
0, 34750, 105, 664, 637, 664, 637, 0.44, 50, 100, 1, 34, 5000, 85
0, 34750, 98, 663, 638, 663, 638, 0.44, 50, 100, 1, 38, 5000, 85
0, 34750, 109, 663, 648, 663, 648, 0.44, 50, 100, 1, 42, 5000, 85
1, 24115, 119, 449, 450, 449, 450, 0.44, 50, 100, 1, 22, 5000, 85
1, 31373, 118, 587, 588, 587, 588, 0.44, 50, 100, 1, 39, 5000, 85
0, 34750, 119, 671, 651, 671, 651, 0.44, 50, 100, 1, 36, 5000, 85
1, 34140, 94, 649, 650, 649, 650, 0.44, 50, 100, 1, 38, 5000, 85
0, 34750, 120, 676, 660, 676, 660, 0.44, 50, 100, 1, 40, 5000, 85
0, 34750, 103, 671, 641, 671, 641, 0.44, 50, 100, 1, 37, 5000, 85
1, 11761, 109, 198, 199, 198, 199, 0.44, 50, 100, 1, 11, 5000, 85
1, 25538, 113, 485, 486, 485, 486, 0.44, 50, 100, 1, 25, 5000, 85
1, 29355, 108, 545, 546, 545, 546, 0.44, 50, 100, 1, 40, 5000, 85
0, 34750, 99, 664, 659, 664, 659, 0.44, 50, 100, 1, 50, 5000, 85
0, 34750, 104, 652, 634, 652, 634, 0.44, 50, 100, 1, 43, 5000, 85
1, 30967, 101, 585, 586, 585, 586, 0.44, 50, 100, 1, 33, 5000, 85
1, 17837, 97, 314, 315, 314, 315, 0.44, 50, 100, 1, 18, 5000, 85
1, 12104, 103, 188, 195, 188, 195, 0.44, 50, 100, 1, 9, 5000, 85
0, 34750, 105, 665, 639, 665, 639, 0.44, 50, 100, 1, 41, 5000, 85
1, 11401, 89, 174, 185, 174, 185, 0.44, 50, 100, 1, 8, 5000, 85
0, 34750, 106, 664, 650, 664, 650, 0.44, 50, 100, 1, 38, 5000, 85
1, 33186, 111, 619, 620, 619, 620, 0.44, 50, 100, 1, 38, 5000, 85
1, 10720, 106, 191, 193, 191, 193, 0.44, 50, 100, 1, 9, 5000, 85
0, 34750, 106, 670, 652, 670, 652, 0.44, 50, 100, 1, 37, 5000, 85
1, 25212, 123, 472, 473, 472, 473, 0.44, 50, 100, 1, 23, 5000, 85
0, 34750, 90, 646, 634, 646, 634, 0.44, 50, 100, 1, 45, 5000, 85
1, 20568, 111, 373, 374, 373, 374, 0.44, 50, 100, 1, 19, 5000, 85
1, 11073, 119, 204, 207, 204, 207, 0.44, 50, 100, 1, 10, 5000, 85
0, 34750, 98, 656, 625, 656, 625, 0.44, 50, 100, 1, 41, 5000, 85
1, 25407, 109, 472, 473, 472, 473, 0.44, 50, 100, 1, 28, 5000, 85
1, 30207, 106, 559, 560, 559, 560, 0.44, 50, 100, 1, 34, 5000, 85
1, 24565, 92, 450, 451, 450, 451, 0.44, 50, 100, 1, 26, 5000, 85
1, 12686, 106, 206, 207, 206, 207, 0.44, 50, 100, 1, 12, 5000, 85
1, 19309, 107, 349, 350, 349, 350, 0.44, 50, 100, 1, 17, 5000, 95
0, 34750, 99, 661, 649, 661, 649, 0.44, 50, 100, 1, 37, 5000, 85
1, 14925, 99, 258, 259, 258, 259, 0.44, 50, 100, 1, 14, 5000, 95
0, 34750, 118, 667, 646, 667, 646, 0.44, 50, 100, 1, 38, 5000, 85
1, 13273, 114, 229, 230, 229, 230, 0.44, 50, 100, 1, 10, 5000, 95
1, 17926, 98, 321, 322, 321, 322, 0.44, 50, 100, 1, 19, 5000, 95
0, 38250, 113, 727, 722, 727, 722, 0.44, 50, 100, 1, 37, 5000, 95
1, 14650, 87, 250, 251, 250, 251, 0.44, 50, 100, 1, 16, 5000, 95
0, 38250, 92, 745, 712, 745, 712, 0.44, 50, 100, 1, 37, 5000, 95
1, 12064, 111, 208, 209, 208, 209, 0.44, 50, 100, 1, 8, 5000, 95
1, 13982, 90, 226, 227, 226, 227, 0.44, 50, 100, 1, 15, 5000, 95
1, 32676, 85, 583, 584, 583, 584, 0.44, 50, 100, 1, 39, 5000, 95
0, 38250, 101, 734, 708, 734, 708, 0.44, 50, 100, 1, 45, 5000, 95
0, 38250, 87, 706, 672, 706, 672, 0.44, 50, 100, 1, 39, 5000, 95
0, 38250, 94, 732, 698, 732, 698, 0.44, 50, 100, 1, 37, 5000, 95
0, 38250, 123, 746, 724, 746, 724, 0.44, 50, 100, 1, 38, 5000, 95
1, 13056, 116, 211, 218, 211, 218, 0.44, 50, 100, 1, 11, 5000, 95
1, 29086, 110, 552, 553, 552, 553, 0.44, 50, 100, 1, 33, 5000, 95
1, 24317, 97, 437, 438, 437, 438, 0.44, 50, 100, 1, 23, 5000, 95
0, 38250, 85, 724, 694, 724, 694, 0.44, 50, 100, 1, 42, 5000, 95
1, 12774, 104, 209, 210, 209, 210, 0.44, 50, 100, 1, 9, 5000, 95
0, 38250, 107, 725, 713, 725, 713, 0.44, 50, 100, 1, 42, 5000, 95
1, 15820, 100, 286, 287, 286, 287, 0.44, 50, 100, 1, 12, 5000, 95
0, 38250, 116, 756, 726, 756, 726, 0.44, 50, 100, 1, 42, 5000, 95
0, 38250, 110, 742, 715, 742, 715, 0.44, 50, 100, 1, 45, 5000, 95
0, 38250, 109, 740, 729, 740, 729, 0.44, 50, 100, 1, 40, 5000, 95
1, 20700, 91, 346, 347, 346, 347, 0.44, 50, 100, 1, 22, 5000, 95
1, 21167, 98, 387, 388, 387, 388, 0.44, 50, 100, 1, 20, 5000, 95
0, 38250, 102, 740, 719, 740, 719, 0.44, 50, 100, 1, 39, 5000, 95
1, 21845, 110, 408, 409, 408, 409, 0.44, 50, 100, 1, 19, 5000, 95
1, 19481, 109, 343, 344, 343, 344, 0.44, 50, 100, 1, 16, 5000, 95
1, 34712, 93, 638, 639, 638, 639, 0.44, 50, 100, 1, 38, 5000, 95
0, 38250, 114, 733, 717, 733, 717, 0.44, 50, 100, 1, 43, 5000, 95
1, 13709, 107, 217, 218, 217, 218, 0.44, 50, 100, 1, 10, 5000, 95
1, 11951, 97, 195, 196, 195, 196, 0.44, 50, 100, 1, 12, 5000, 95
0, 38250, 109, 730, 714, 730, 714, 0.44, 50, 100, 1, 46, 5000, 95
0, 38250, 90, 731, 704, 731, 704, 0.44, 50, 100, 1, 42, 5000, 95
0, 38250, 98, 733, 705, 733, 705, 0.44, 50, 100, 1, 47, 5000, 95
0, 38250, 90, 723, 692, 723, 692, 0.44, 50, 100, 1, 50, 5000, 95
1, 22099, 93, 391, 392, 391, 392, 0.44, 50, 100, 1, 28, 5000, 95
0, 38250, 105, 723, 702, 723, 702, 0.44, 50, 100, 1, 47, 5000, 95
1, 18394, 99, 328, 329, 328, 329, 0.44, 50, 100, 1, 17, 5000, 95
0, 38250, 93, 737, 710, 737, 710, 0.44, 50, 100, 1, 47, 5000, 95
0, 38250, 86, 732, 707, 732, 707, 0.44, 50, 100, 1, 43, 5000, 95
0, 38250, 94, 713, 691, 713, 691, 0.44, 50, 100, 1, 41, 5000, 95
1, 24711, 102, 466, 467, 466, 467, 0.44, 50, 100, 1, 23, 5000, 95
0, 38250, 100, 724, 716, 724, 716, 0.44, 50, 100, 1, 39, 5000, 95
1, 34182, 105, 638, 639, 638, 639, 0.44, 50, 100, 1, 36, 5000, 95
1, 24695, 109, 467, 468, 467, 468, 0.44, 50, 100, 1, 23, 5000, 95
1, 32956, 107, 612, 613, 612, 613, 0.44, 50, 100, 1, 31, 5000, 95
0, 38250, 106, 726, 704, 726, 704, 0.44, 50, 100, 1, 37, 5000, 95
1, 16425, 83, 277, 278, 277, 278, 0.44, 50, 100, 1, 13, 5000, 95
1, 37664, 97, 699, 700, 699, 700, 0.44, 50, 100, 1, 33, 5000, 95
0, 38250, 120, 740, 718, 740, 718, 0.44, 50, 100, 1, 34, 5000, 95
1, 12450, 103, 219, 220, 219, 220, 0.44, 50, 100, 1, 9, 5000, 95
0, 38250, 99, 712, 693, 712, 693, 0.44, 50, 100, 1, 34, 5000, 95
1, 27466, 111, 514, 515, 514, 515, 0.44, 50, 100, 1, 28, 5000, 95
0, 38250, 109, 735, 714, 735, 714, 0.44, 50, 100, 1, 35, 5000, 95
1, 18073, 97, 326, 327, 326, 327, 0.44, 50, 100, 1, 19, 5000, 95
0, 38250, 89, 739, 701, 739, 701, 0.44, 50, 100, 1, 44, 5000, 95
1, 12865, 105, 200, 201, 200, 201, 0.44, 50, 100, 1, 12, 5000, 95
0, 38250, 98, 709, 688, 709, 688, 0.44, 50, 100, 1, 42, 5000, 95
0, 38250, 103, 757, 731, 757, 731, 0.44, 50, 100, 1, 40, 5000, 95
1, 15587, 77, 233, 234, 233, 234, 0.44, 50, 100, 1, 12, 5000, 95
1, 29557, 86, 536, 537, 536, 537, 0.44, 50, 100, 1, 32, 5000, 95
0, 38250, 102, 729, 713, 729, 713, 0.44, 50, 100, 1, 40, 5000, 95
1, 23774, 110, 446, 447, 446, 447, 0.44, 50, 100, 1, 20, 5000, 95
1, 11685, 92, 187, 188, 187, 188, 0.44, 50, 100, 1, 8, 5000, 95
1, 38164, 96, 720, 721, 720, 721, 0.44, 50, 100, 1, 36, 5000, 95
1, 12211, 110, 210, 211, 210, 211, 0.44, 50, 100, 1, 10, 5000, 95
1, 26640, 103, 498, 499, 498, 499, 0.44, 50, 100, 1, 24, 5000, 95
0, 38250, 81, 711, 690, 711, 690, 0.44, 50, 100, 1, 36, 5000, 95
1, 12072, 105, 200, 209, 200, 209, 0.44, 50, 100, 1, 8, 5000, 95
0, 38250, 104, 724, 706, 724, 706, 0.44, 50, 100, 1, 36, 5000, 95
1, 12380, 104, 199, 201, 199, 201, 0.44, 50, 100, 1, 12, 5000, 95
0, 38250, 121, 737, 707, 737, 707, 0.44, 50, 100, 1, 42, 5000, 95
1, 12508, 101, 202, 203, 202, 203, 0.44, 50, 100, 1, 9, 5000, 95
1, 31763, 106, 599, 600, 599, 600, 0.44, 50, 100, 1, 40, 5000, 95
1, 36897, 96, 689, 690, 689, 690, 0.44, 50, 100, 1, 36, 5000, 95
1, 11810, 123, 220, 221, 220, 221, 0.44, 50, 100, 1, 11, 5000, 95
0, 38250, 102, 728, 713, 728, 713, 0.44, 50, 100, 1, 36, 5000, 95
0, 38250, 81, 707, 687, 707, 687, 0.44, 50, 100, 1, 50, 5000, 95
1, 25481, 97, 456, 457, 456, 457, 0.44, 50, 100, 1, 23, 5000, 95
1, 28725, 100, 533, 534, 533, 534, 0.44, 50, 100, 1, 30, 5000, 95
1, 13865, 84, 217, 218, 217, 218, 0.44, 50, 100, 1, 13, 5000, 95
1, 12308, 94, 189, 202, 189, 202, 0.44, 50, 100, 1, 8, 5000, 95
1, 14588, 90, 239, 240, 239, 240, 0.44, 50, 100, 1, 11, 5000, 95
0, 38250, 102, 732, 715, 732, 715, 0.44, 50, 100, 1, 35, 5000, 95
1, 19420, 100, 342, 343, 342, 343, 0.44, 50, 100, 1, 18, 5000, 95
1, 11607, 93, 188, 192, 188, 192, 0.44, 50, 100, 1, 9, 5000, 95
0, 38250, 108, 747, 721, 747, 721, 0.44, 50, 100, 1, 40, 5000, 95
0, 38250, 122, 747, 731, 747, 731, 0.44, 50, 100, 1, 39, 5000, 95
0, 38250, 88, 744, 715, 744, 715, 0.44, 50, 100, 1, 37, 5000, 95
0, 38250, 83, 700, 693, 700, 693, 0.44, 50, 100, 1, 40, 5000, 95
0, 38250, 117, 731, 690, 731, 690, 0.44, 50, 100, 1, 48, 5000, 95
0, 38250, 107, 733, 712, 733, 712, 0.44, 50, 100, 1, 39, 5000, 95
0, 38250, 113, 759, 738, 759, 738, 0.44, 50, 100, 1, 42, 5000, 95
0, 38250, 89, 714, 700, 714, 700, 0.44, 50, 100, 1, 42, 5000, 95
1, 33992, 94, 636, 637, 636, 637, 0.44, 50, 100, 1, 38, 5000, 95
1, 16454, 111, 286, 287, 286, 287, 0.44, 50, 100, 1, 16, 5000, 105
0, 38250, 113, 732, 725, 732, 725, 0.44, 50, 100, 1, 43, 5000, 95
0, 38250, 98, 740, 722, 740, 722, 0.44, 50, 100, 1, 50, 5000, 95
0, 38250, 110, 732, 704, 732, 704, 0.44, 50, 100, 1, 44, 5000, 95
1, 22510, 92, 406, 407, 406, 407, 0.44, 50, 100, 1, 21, 5000, 105
0, 41750, 104, 802, 781, 802, 781, 0.44, 50, 100, 1, 42, 5000, 105
1, 12257, 111, 216, 217, 216, 217, 0.44, 50, 100, 1, 9, 5000, 105
0, 41750, 106, 798, 771, 798, 771, 0.44, 50, 100, 1, 46, 5000, 105
0, 41750, 107, 806, 781, 806, 781, 0.44, 50, 100, 1, 47, 5000, 105
0, 41750, 89, 793, 784, 793, 784, 0.44, 50, 100, 1, 44, 5000, 105
0, 41750, 106, 807, 781, 807, 781, 0.44, 50, 100, 1, 45, 5000, 105
0, 41750, 93, 776, 763, 776, 763, 0.44, 50, 100, 1, 50, 5000, 105
1, 35453, 103, 657, 658, 657, 658, 0.44, 50, 100, 1, 42, 5000, 105
1, 15809, 98, 277, 278, 277, 278, 0.44, 50, 100, 1, 13, 5000, 105
0, 41750, 96, 812, 785, 812, 785, 0.44, 50, 100, 1, 48, 5000, 105
1, 39452, 91, 733, 734, 733, 734, 0.44, 50, 100, 1, 53, 5000, 105
0, 41750, 115, 807, 791, 807, 791, 0.44, 50, 100, 1, 48, 5000, 105
1, 12111, 87, 192, 203, 192, 203, 0.44, 50, 100, 1, 10, 5000, 105
0, 41750, 111, 805, 781, 805, 781, 0.44, 50, 100, 1, 47, 5000, 105
0, 41750, 97, 804, 785, 804, 785, 0.44, 50, 100, 1, 43, 5000, 105
0, 41750, 108, 799, 769, 799, 769, 0.44, 50, 100, 1, 54, 5000, 105
1, 35203, 96, 650, 651, 650, 651, 0.44, 50, 100, 1, 42, 5000, 105
0, 41750, 96, 804, 781, 804, 781, 0.44, 50, 100, 1, 41, 5000, 105
1, 12602, 104, 209, 213, 209, 213, 0.44, 50, 100, 1, 15, 5000, 105
1, 14526, 93, 239, 240, 239, 240, 0.44, 50, 100, 1, 12, 5000, 105
1, 38677, 99, 730, 731, 730, 731, 0.44, 50, 100, 1, 40, 5000, 105
1, 28752, 102, 516, 517, 516, 517, 0.44, 50, 100, 1, 31, 5000, 105
1, 13144, 99, 230, 231, 230, 231, 0.44, 50, 100, 1, 10, 5000, 105
0, 41750, 107, 810, 787, 810, 787, 0.44, 50, 100, 1, 41, 5000, 105
1, 13713, 114, 241, 242, 241, 242, 0.44, 50, 100, 1, 11, 5000, 105
1, 36094, 99, 684, 685, 684, 685, 0.44, 50, 100, 1, 33, 5000, 105
1, 25043, 119, 470, 471, 470, 471, 0.44, 50, 100, 1, 24, 5000, 105
1, 12576, 98, 203, 204, 203, 204, 0.44, 50, 100, 1, 9, 5000, 105
1, 22880, 96, 407, 408, 407, 408, 0.44, 50, 100, 1, 20, 5000, 105
1, 18519, 97, 334, 335, 334, 335, 0.44, 50, 100, 1, 16, 5000, 105
0, 41750, 102, 801, 770, 801, 770, 0.44, 50, 100, 1, 41, 5000, 105
0, 41750, 109, 809, 786, 809, 786, 0.44, 50, 100, 1, 51, 5000, 105
0, 41750, 104, 803, 782, 803, 782, 0.44, 50, 100, 1, 39, 5000, 105
0, 41750, 101, 794, 766, 794, 766, 0.44, 50, 100, 1, 42, 5000, 105
0, 41750, 100, 803, 781, 803, 781, 0.44, 50, 100, 1, 53, 5000, 105
0, 41750, 110, 825, 804, 825, 804, 0.44, 50, 100, 1, 44, 5000, 105
1, 13178, 96, 207, 208, 207, 208, 0.44, 50, 100, 1, 12, 5000, 105
1, 12159, 93, 198, 199, 198, 199, 0.44, 50, 100, 1, 10, 5000, 105
0, 41750, 108, 812, 776, 812, 776, 0.44, 50, 100, 1, 48, 5000, 105
1, 13318, 111, 238, 239, 238, 239, 0.44, 50, 100, 1, 11, 5000, 105
0, 41750, 107, 790, 767, 790, 767, 0.44, 50, 100, 1, 48, 5000, 105
0, 41750, 103, 795, 784, 795, 784, 0.44, 50, 100, 1, 47, 5000, 105
1, 12292, 110, 215, 216, 215, 216, 0.44, 50, 100, 1, 9, 5000, 105
0, 41750, 84, 769, 751, 769, 751, 0.44, 50, 100, 1, 49, 5000, 105
0, 41750, 95, 790, 760, 790, 760, 0.44, 50, 100, 1, 47, 5000, 105
0, 41750, 99, 803, 793, 803, 793, 0.44, 50, 100, 1, 42, 5000, 105
1, 36040, 114, 684, 685, 684, 685, 0.44, 50, 100, 1, 33, 5000, 105
1, 22356, 100, 405, 406, 405, 406, 0.44, 50, 100, 1, 20, 5000, 105
1, 12164, 96, 201, 205, 201, 205, 0.44, 50, 100, 1, 12, 5000, 105
0, 41750, 103, 794, 775, 794, 775, 0.44, 50, 100, 1, 43, 5000, 105
1, 23392, 103, 437, 438, 437, 438, 0.44, 50, 100, 1, 23, 5000, 105
0, 41750, 96, 797, 776, 797, 776, 0.44, 50, 100, 1, 38, 5000, 105
1, 12748, 108, 214, 215, 214, 215, 0.44, 50, 100, 1, 10, 5000, 105
0, 41750, 99, 787, 771, 787, 771, 0.44, 50, 100, 1, 43, 5000, 105
1, 36592, 105, 684, 685, 684, 685, 0.44, 50, 100, 1, 42, 5000, 105
0, 41750, 108, 798, 781, 798, 781, 0.44, 50, 100, 1, 42, 5000, 105
0, 41750, 115, 795, 790, 795, 790, 0.44, 50, 100, 1, 46, 5000, 105
1, 12484, 109, 214, 215, 214, 215, 0.44, 50, 100, 1, 11, 5000, 105
0, 41750, 98, 794, 790, 794, 790, 0.44, 50, 100, 1, 47, 5000, 105
0, 41750, 106, 811, 784, 811, 784, 0.44, 50, 100, 1, 45, 5000, 105
0, 41750, 91, 795, 789, 795, 789, 0.44, 50, 100, 1, 48, 5000, 105
0, 41750, 97, 804, 782, 804, 782, 0.44, 50, 100, 1, 47, 5000, 105
1, 30356, 98, 559, 560, 559, 560, 0.44, 50, 100, 1, 36, 5000, 105
0, 41750, 102, 815, 785, 815, 785, 0.44, 50, 100, 1, 47, 5000, 105
1, 24860, 99, 456, 457, 456, 457, 0.44, 50, 100, 1, 26, 5000, 105
1, 36969, 91, 693, 694, 693, 694, 0.44, 50, 100, 1, 44, 5000, 105
1, 13888, 99, 237, 238, 237, 238, 0.44, 50, 100, 1, 11, 5000, 105
0, 41750, 104, 802, 777, 802, 777, 0.44, 50, 100, 1, 49, 5000, 105
0, 41750, 91, 789, 784, 789, 784, 0.44, 50, 100, 1, 46, 5000, 105
1, 25816, 98, 461, 462, 461, 462, 0.44, 50, 100, 1, 31, 5000, 105
0, 41750, 86, 794, 777, 794, 777, 0.44, 50, 100, 1, 46, 5000, 105
0, 41750, 94, 796, 786, 796, 786, 0.44, 50, 100, 1, 47, 5000, 105
1, 25859, 113, 486, 487, 486, 487, 0.44, 50, 100, 1, 26, 5000, 105
0, 41750, 117, 800, 792, 800, 792, 0.44, 50, 100, 1, 48, 5000, 105
1, 16019, 86, 253, 254, 253, 254, 0.44, 50, 100, 1, 13, 5000, 105
0, 41750, 97, 794, 782, 794, 782, 0.44, 50, 100, 1, 47, 5000, 105
1, 12454, 91, 196, 199, 196, 199, 0.44, 50, 100, 1, 10, 5000, 105
0, 41750, 93, 793, 782, 793, 782, 0.44, 50, 100, 1, 48, 5000, 105
0, 41750, 101, 800, 793, 800, 793, 0.44, 50, 100, 1, 45, 5000, 105
1, 40361, 99, 750, 751, 750, 751, 0.44, 50, 100, 1, 51, 5000, 105
1, 21059, 108, 402, 403, 402, 403, 0.44, 50, 100, 1, 24, 5000, 105
1, 15119, 94, 250, 251, 250, 251, 0.44, 50, 100, 1, 12, 5000, 105
0, 41750, 105, 808, 789, 808, 789, 0.44, 50, 100, 1, 46, 5000, 105
1, 26255, 108, 502, 503, 502, 503, 0.44, 50, 100, 1, 24, 5000, 105
0, 41750, 102, 805, 803, 805, 803, 0.44, 50, 100, 1, 51, 5000, 105
0, 41750, 91, 800, 770, 800, 770, 0.44, 50, 100, 1, 57, 5000, 105
0, 41750, 89, 783, 777, 783, 777, 0.44, 50, 100, 1, 48, 5000, 105
1, 27937, 112, 526, 527, 526, 527, 0.44, 50, 100, 1, 29, 5000, 105
1, 19469, 90, 351, 352, 351, 352, 0.44, 50, 100, 1, 17, 5000, 105
1, 11841, 99, 210, 211, 210, 211, 0.44, 50, 100, 1, 9, 5000, 105
0, 41750, 101, 802, 777, 802, 777, 0.44, 50, 100, 1, 44, 5000, 105
0, 41750, 110, 791, 777, 791, 777, 0.44, 50, 100, 1, 50, 5000, 105
0, 41750, 91, 817, 792, 817, 792, 0.44, 50, 100, 1, 47, 5000, 105
0, 41750, 100, 800, 792, 800, 792, 0.44, 50, 100, 1, 48, 5000, 105
1, 27825, 115, 528, 529, 528, 529, 0.44, 50, 100, 1, 28, 5000, 105
0, 41750, 110, 796, 774, 796, 774, 0.44, 50, 100, 1, 39, 5000, 105
1, 30373, 92, 556, 557, 556, 557, 0.44, 50, 100, 1, 30, 5000, 105
1, 22062, 99, 388, 389, 388, 389, 0.44, 50, 100, 1, 21, 5000, 150
0, 41750, 113, 821, 798, 821, 798, 0.44, 50, 100, 1, 42, 5000, 105
1, 15323, 102, 253, 254, 253, 254, 0.44, 50, 100, 1, 13, 5000, 150
1, 38788, 93, 741, 742, 741, 742, 0.44, 50, 100, 1, 45, 5000, 150
1, 15630, 98, 272, 273, 272, 273, 0.44, 50, 100, 1, 14, 5000, 150
0, 57500, 96, 1106, 1078, 1106, 1078, 0.44, 50, 100, 1, 65, 5000, 150
0, 57500, 103, 1129, 1103, 1129, 1103, 0.44, 50, 100, 1, 74, 5000, 150
0, 57500, 100, 1118, 1098, 1118, 1098, 0.44, 50, 100, 1, 58, 5000, 150
0, 57500, 94, 1118, 1104, 1118, 1104, 0.44, 50, 100, 1, 70, 5000, 150
1, 21409, 101, 396, 397, 396, 397, 0.44, 50, 100, 1, 23, 5000, 150
0, 57500, 100, 1097, 1083, 1097, 1083, 0.44, 50, 100, 1, 71, 5000, 150
0, 57500, 103, 1120, 1094, 1120, 1094, 0.44, 50, 100, 1, 62, 5000, 150
1, 47061, 99, 890, 891, 890, 891, 0.44, 50, 100, 1, 54, 5000, 150
0, 57500, 104, 1115, 1098, 1115, 1098, 0.44, 50, 100, 1, 62, 5000, 150
1, 23759, 98, 429, 430, 429, 430, 0.44, 50, 100, 1, 24, 5000, 150
1, 44723, 105, 852, 853, 852, 853, 0.44, 50, 100, 1, 58, 5000, 150
1, 52314, 98, 998, 999, 998, 999, 0.44, 50, 100, 1, 55, 5000, 150
1, 40835, 111, 772, 773, 772, 773, 0.44, 50, 100, 1, 52, 5000, 150
0, 57500, 105, 1122, 1095, 1122, 1095, 0.44, 50, 100, 1, 74, 5000, 150
1, 34316, 123, 659, 660, 659, 660, 0.44, 50, 100, 1, 42, 5000, 150
1, 18892, 107, 338, 339, 338, 339, 0.44, 50, 100, 1, 17, 5000, 150
0, 57500, 103, 1110, 1092, 1110, 1092, 0.44, 50, 100, 1, 60, 5000, 150
1, 42562, 96, 805, 806, 805, 806, 0.44, 50, 100, 1, 46, 5000, 150
1, 35371, 101, 669, 670, 669, 670, 0.44, 50, 100, 1, 39, 5000, 150
1, 27995, 111, 526, 527, 526, 527, 0.44, 50, 100, 1, 30, 5000, 150
0, 57500, 105, 1116, 1101, 1116, 1101, 0.44, 50, 100, 1, 66, 5000, 150
1, 53788, 109, 1029, 1030, 1029, 1030, 0.44, 50, 100, 1, 63, 5000, 150
1, 29123, 102, 548, 549, 548, 549, 0.44, 50, 100, 1, 29, 5000, 150
0, 57500, 111, 1124, 1106, 1124, 1106, 0.44, 50, 100, 1, 67, 5000, 150
0, 57500, 85, 1095, 1059, 1095, 1059, 0.44, 50, 100, 1, 64, 5000, 150
1, 48402, 93, 916, 917, 916, 917, 0.44, 50, 100, 1, 52, 5000, 150
0, 57500, 107, 1105, 1095, 1105, 1095, 0.44, 50, 100, 1, 65, 5000, 150
0, 57500, 102, 1107, 1089, 1107, 1089, 0.44, 50, 100, 1, 70, 5000, 150
1, 21962, 118, 403, 404, 403, 404, 0.44, 50, 100, 1, 20, 5000, 150
0, 57500, 107, 1113, 1088, 1113, 1088, 0.44, 50, 100, 1, 69, 5000, 150
1, 38919, 106, 748, 749, 748, 749, 0.44, 50, 100, 1, 40, 5000, 150
1, 26102, 96, 475, 476, 475, 476, 0.44, 50, 100, 1, 27, 5000, 150
0, 57500, 100, 1114, 1092, 1114, 1092, 0.44, 50, 100, 1, 71, 5000, 150
0, 57500, 112, 1125, 1116, 1125, 1116, 0.44, 50, 100, 1, 66, 5000, 150
1, 16658, 104, 303, 304, 303, 304, 0.44, 50, 100, 1, 19, 5000, 150
0, 57500, 100, 1122, 1093, 1122, 1093, 0.44, 50, 100, 1, 72, 5000, 150
0, 57500, 84, 1099, 1080, 1099, 1080, 0.44, 50, 100, 1, 72, 5000, 150
1, 21678, 100, 402, 403, 402, 403, 0.44, 50, 100, 1, 19, 5000, 150
0, 57500, 93, 1120, 1069, 1120, 1069, 0.44, 50, 100, 1, 74, 5000, 150
1, 42289, 114, 813, 814, 813, 814, 0.44, 50, 100, 1, 50, 5000, 150
0, 57500, 108, 1107, 1097, 1107, 1097, 0.44, 50, 100, 1, 71, 5000, 150
1, 39133, 97, 725, 726, 725, 726, 0.44, 50, 100, 1, 39, 5000, 150
1, 41391, 91, 768, 769, 768, 769, 0.44, 50, 100, 1, 50, 5000, 150
1, 34184, 74, 604, 605, 604, 605, 0.44, 50, 100, 1, 39, 5000, 150
1, 28657, 79, 526, 527, 526, 527, 0.44, 50, 100, 1, 34, 5000, 150
1, 14941, 109, 259, 270, 259, 270, 0.44, 50, 100, 1, 12, 5000, 150
0, 57500, 91, 1080, 1064, 1080, 1064, 0.44, 50, 100, 1, 68, 5000, 150
1, 37703, 99, 701, 702, 701, 702, 0.44, 50, 100, 1, 38, 5000, 150
1, 26519, 124, 499, 500, 499, 500, 0.44, 50, 100, 1, 28, 5000, 150
0, 57500, 101, 1116, 1091, 1116, 1091, 0.44, 50, 100, 1, 59, 5000, 150
1, 24689, 102, 446, 447, 446, 447, 0.44, 50, 100, 1, 22, 5000, 150
1, 19542, 104, 351, 352, 351, 352, 0.44, 50, 100, 1, 19, 5000, 150
1, 14366, 117, 267, 281, 267, 281, 0.44, 50, 100, 1, 11, 5000, 150
0, 57500, 97, 1113, 1086, 1113, 1086, 0.44, 50, 100, 1, 64, 5000, 150
0, 57500, 90, 1102, 1087, 1102, 1087, 0.44, 50, 100, 1, 72, 5000, 150
1, 39542, 103, 749, 750, 749, 750, 0.44, 50, 100, 1, 40, 5000, 150
0, 57500, 114, 1115, 1107, 1115, 1107, 0.44, 50, 100, 1, 67, 5000, 150
0, 57500, 92, 1101, 1087, 1101, 1087, 0.44, 50, 100, 1, 66, 5000, 150
1, 24350, 93, 446, 447, 446, 447, 0.44, 50, 100, 1, 28, 5000, 150
1, 20254, 95, 350, 351, 350, 351, 0.44, 50, 100, 1, 18, 5000, 150
0, 57500, 92, 1111, 1086, 1111, 1086, 0.44, 50, 100, 1, 64, 5000, 150
1, 42666, 83, 774, 775, 774, 775, 0.44, 50, 100, 1, 47, 5000, 150
1, 25947, 108, 474, 475, 474, 475, 0.44, 50, 100, 1, 29, 5000, 150
1, 39953, 96, 756, 757, 756, 757, 0.44, 50, 100, 1, 48, 5000, 150
1, 22329, 97, 411, 412, 411, 412, 0.44, 50, 100, 1, 23, 5000, 150
0, 57500, 99, 1113, 1081, 1113, 1081, 0.44, 50, 100, 1, 61, 5000, 150
0, 57500, 114, 1125, 1108, 1125, 1108, 0.44, 50, 100, 1, 70, 5000, 150
1, 20547, 101, 374, 375, 374, 375, 0.44, 50, 100, 1, 19, 5000, 150
1, 29203, 92, 528, 529, 528, 529, 0.44, 50, 100, 1, 34, 5000, 150
0, 57500, 102, 1118, 1105, 1118, 1105, 0.44, 50, 100, 1, 69, 5000, 150
1, 21278, 103, 395, 396, 395, 396, 0.44, 50, 100, 1, 18, 5000, 150
1, 17338, 95, 298, 299, 298, 299, 0.44, 50, 100, 1, 14, 5000, 150
1, 34511, 114, 658, 659, 658, 659, 0.44, 50, 100, 1, 40, 5000, 150
0, 57500, 96, 1108, 1089, 1108, 1089, 0.44, 50, 100, 1, 65, 5000, 150
1, 37196, 100, 705, 706, 705, 706, 0.44, 50, 100, 1, 36, 5000, 150
0, 57500, 92, 1105, 1088, 1105, 1088, 0.44, 50, 100, 1, 58, 5000, 150
1, 29745, 110, 541, 542, 541, 542, 0.44, 50, 100, 1, 30, 5000, 150
1, 20793, 91, 359, 360, 359, 360, 0.44, 50, 100, 1, 20, 5000, 150
1, 48197, 116, 935, 936, 935, 936, 0.44, 50, 100, 1, 53, 5000, 150
1, 17692, 105, 312, 313, 312, 313, 0.44, 50, 100, 1, 16, 5000, 150
1, 43156, 109, 824, 825, 824, 825, 0.44, 50, 100, 1, 44, 5000, 150
1, 15433, 106, 267, 268, 267, 268, 0.44, 50, 100, 1, 12, 5000, 150
0, 57500, 106, 1112, 1094, 1112, 1094, 0.44, 50, 100, 1, 73, 5000, 150
0, 57500, 104, 1123, 1094, 1123, 1094, 0.44, 50, 100, 1, 72, 5000, 150
0, 57500, 89, 1103, 1075, 1103, 1075, 0.44, 50, 100, 1, 67, 5000, 150
1, 51337, 101, 972, 973, 972, 973, 0.44, 50, 100, 1, 67, 5000, 150
0, 57500, 105, 1099, 1071, 1099, 1071, 0.44, 50, 100, 1, 59, 5000, 150
1, 23126, 102, 428, 429, 428, 429, 0.44, 50, 100, 1, 21, 5000, 150
0, 57500, 101, 1113, 1096, 1113, 1096, 0.44, 50, 100, 1, 70, 5000, 150
0, 57500, 117, 1101, 1098, 1101, 1098, 0.44, 50, 100, 1, 64, 5000, 150
0, 57500, 118, 1124, 1092, 1124, 1092, 0.44, 50, 100, 1, 65, 5000, 150
1, 42997, 90, 820, 821, 820, 821, 0.44, 50, 100, 1, 50, 5000, 150
0, 57500, 98, 1107, 1085, 1107, 1085, 0.44, 50, 100, 1, 66, 5000, 150
0, 57500, 90, 1097, 1070, 1097, 1070, 0.44, 50, 100, 1, 63, 5000, 150
0, 57500, 103, 1119, 1106, 1119, 1106, 0.44, 50, 100, 1, 70, 5000, 150
0, 57500, 112, 1122, 1106, 1122, 1106, 0.44, 50, 100, 1, 66, 5000, 150
