win,ticks_elapsed,atk_start_h,pub_h,priv_h,pub_cw,priv_cw,atk_q,block_target,daa2_n_blocks,n_chains,ms_elapsed,atk_start_t,doublespend_after_n_confs
1, 18887, 264, 265, 266, 22565205, 22588306, 0.44, 75, 500, 16, 476, 18750, 10
1, 19192, 236, 242, 238, 23375682, 23412863, 0.44, 75, 500, 16, 481, 18750, 10
1, 19116, 248, 251, 252, 21767487, 21852091, 0.44, 75, 500, 16, 498, 18750, 10
1, 19660, 269, 275, 273, 22168158, 22203682, 0.44, 75, 500, 16, 501, 18750, 10
1, 20013, 254, 255, 257, 23908577, 24010204, 0.44, 75, 500, 16, 511, 18750, 10
0, 22236, 257, 282, 278, 25568808, 24580299, 0.44, 75, 500, 16, 554, 18750, 10
0, 22535, 268, 279, 309, 25848160, 25254169, 0.44, 75, 500, 16, 570, 18750, 10
0, 21669, 249, 270, 264, 24977657, 24359005, 0.44, 75, 500, 16, 564, 18750, 10
0, 22060, 252, 269, 283, 25143384, 24505045, 0.44, 75, 500, 16, 581, 18750, 10
0, 23962, 274, 293, 329, 26376443, 25539889, 0.44, 75, 500, 16, 598, 18750, 10
0, 23139, 254, 275, 289, 25429008, 24801892, 0.44, 75, 500, 16, 611, 18750, 10
0, 24584, 210, 265, 236, 26978556, 25802703, 0.44, 75, 500, 16, 608, 18750, 10
0, 24093, 263, 308, 299, 25169415, 24328459, 0.44, 75, 500, 16, 616, 18750, 10
0, 23820, 225, 246, 278, 26363584, 25494579, 0.44, 75, 500, 16, 623, 18750, 10
0, 24182, 247, 289, 273, 26457006, 25453524, 0.44, 75, 500, 16, 622, 18750, 10
0, 23728, 222, 268, 244, 25865063, 24750231, 0.44, 75, 500, 16, 620, 18750, 10
0, 24546, 254, 297, 282, 27367221, 25719073, 0.44, 75, 500, 16, 640, 18750, 10
0, 24734, 222, 233, 302, 27311810, 26720600, 0.44, 75, 500, 16, 641, 18750, 10
0, 24593, 266, 317, 310, 26152990, 25501003, 0.44, 75, 500, 16, 650, 18750, 10
0, 26601, 232, 256, 333, 28723343, 27607118, 0.44, 75, 500, 16, 690, 18750, 10
0, 25606, 279, 316, 325, 28039751, 26920400, 0.44, 75, 500, 16, 693, 18750, 10
0, 27000, 228, 263, 333, 28186439, 27744459, 0.44, 75, 500, 16, 700, 18750, 10
0, 27000, 263, 285, 367, 27984028, 27605624, 0.44, 75, 500, 16, 694, 18750, 10
0, 27000, 237, 269, 319, 29315597, 27941133, 0.44, 75, 500, 16, 708, 18750, 10
0, 22244, 256, 264, 302, 26328030, 25611818, 0.44, 75, 500, 16, 568, 18750, 10
1, 19079, 249, 251, 252, 22724328, 22869854, 0.44, 75, 500, 16, 468, 18750, 10
0, 20978, 251, 267, 258, 24180586, 23506139, 0.44, 75, 500, 16, 507, 18750, 10
1, 19866, 250, 254, 255, 23471239, 23727234, 0.44, 75, 500, 16, 474, 18750, 10
1, 19119, 257, 258, 260, 23447134, 23484334, 0.44, 75, 500, 16, 458, 18750, 10
1, 18850, 272, 273, 275, 22498884, 22529272, 0.44, 75, 500, 16, 461, 18750, 10
0, 24986, 237, 290, 277, 26070507, 24874827, 0.44, 75, 500, 16, 630, 18750, 10
0, 23784, 260, 295, 282, 26243316, 25114706, 0.44, 75, 500, 16, 591, 18750, 10
0, 22477, 259, 289, 280, 25721932, 24932442, 0.44, 75, 500, 16, 551, 18750, 10
0, 21771, 254, 277, 274, 24993982, 24045157, 0.44, 75, 500, 16, 530, 18750, 10
0, 24241, 246, 256, 297, 26240256, 25432816, 0.44, 75, 500, 16, 628, 18750, 10
1, 18894, 258, 259, 260, 23005318, 23008671, 0.44, 75, 500, 16, 511, 18750, 10
0, 23012, 231, 264, 259, 26382600, 25735811, 0.44, 75, 500, 16, 573, 18750, 10
0, 22779, 270, 287, 289, 25288882, 24595063, 0.44, 75, 500, 16, 560, 18750, 10
0, 27000, 259, 308, 344, 28600335, 28087508, 0.44, 75, 500, 16, 677, 18750, 10
1, 19350, 273, 275, 277, 23581366, 23904892, 0.44, 75, 500, 16, 481, 18750, 10
0, 25099, 277, 326, 324, 27293913, 26591500, 0.44, 75, 500, 16, 627, 18750, 10
0, 25688, 260, 316, 299, 27216426, 26383318, 0.44, 75, 500, 16, 625, 18750, 10
0, 22961, 256, 296, 276, 24487540, 23774363, 0.44, 75, 500, 16, 551, 18750, 10
0, 23223, 242, 275, 265, 25775799, 24732362, 0.44, 75, 500, 16, 593, 18750, 10
0, 27000, 263, 306, 332, 27876203, 26923514, 0.44, 75, 500, 16, 680, 18750, 10
0, 27000, 266, 319, 315, 28751164, 28297308, 0.44, 75, 500, 16, 680, 18750, 10
0, 27000, 247, 334, 308, 27913966, 26966532, 0.44, 75, 500, 16, 669, 18750, 10
0, 27000, 265, 309, 335, 29037015, 28105291, 0.44, 75, 500, 16, 678, 18750, 10
1, 19088, 250, 251, 254, 23646236, 23744765, 0.44, 75, 500, 16, 474, 18750, 10
0, 21370, 270, 299, 284, 23453083, 22701596, 0.44, 75, 500, 16, 509, 18750, 10
1, 19654, 257, 261, 263, 22995851, 23087932, 0.44, 75, 500, 16, 480, 18750, 10
1, 19294, 270, 273, 275, 22749894, 22835046, 0.44, 75, 500, 16, 474, 18750, 10
1, 19888, 262, 266, 267, 23388219, 23514322, 0.44, 75, 500, 16, 487, 18750, 10
1, 19421, 264, 269, 267, 22643991, 22757760, 0.44, 75, 500, 16, 461, 18750, 10
0, 23869, 250, 285, 294, 25834749, 24957949, 0.44, 75, 500, 16, 580, 18750, 10
0, 22759, 271, 304, 284, 25235894, 24209740, 0.44, 75, 500, 16, 558, 18750, 10
0, 22916, 249, 272, 269, 25075792, 24228677, 0.44, 75, 500, 16, 544, 18750, 10
0, 22733, 207, 241, 229, 25027182, 24160055, 0.44, 75, 500, 16, 544, 18750, 10
0, 24277, 234, 255, 277, 27298477, 26673319, 0.44, 75, 500, 16, 592, 18750, 10
0, 23726, 261, 300, 317, 26253484, 25249691, 0.44, 75, 500, 16, 592, 18750, 10
0, 27000, 256, 311, 307, 27648446, 27069305, 0.44, 75, 500, 16, 668, 18750, 10
0, 26332, 248, 307, 288, 28555010, 27468478, 0.44, 75, 500, 16, 654, 18750, 10
1, 19296, 241, 242, 246, 22939535, 23139574, 0.44, 75, 500, 16, 475, 18750, 10
0, 21169, 265, 284, 279, 23366161, 22877907, 0.44, 75, 500, 16, 503, 18750, 10
0, 25680, 268, 319, 310, 27358056, 26353800, 0.44, 75, 500, 16, 628, 18750, 10
0, 25694, 252, 300, 299, 28034649, 27088060, 0.44, 75, 500, 16, 632, 18750, 10
0, 23320, 238, 280, 259, 25055665, 23925211, 0.44, 75, 500, 16, 570, 18750, 10
1, 18918, 255, 257, 257, 22993534, 23042549, 0.44, 75, 500, 16, 450, 18750, 10
0, 24884, 264, 309, 306, 25886333, 24953594, 0.44, 75, 500, 16, 602, 18750, 10
0, 22054, 259, 276, 280, 25289262, 24649814, 0.44, 75, 500, 16, 531, 18750, 10
0, 27000, 254, 282, 341, 28474307, 27355173, 0.44, 75, 500, 16, 673, 18750, 10
0, 22889, 247, 264, 278, 25394839, 24445555, 0.44, 75, 500, 16, 569, 18750, 10
1, 18906, 243, 246, 246, 22208324, 22243445, 0.44, 75, 500, 16, 448, 18750, 10
0, 19297, 243, 251, 244, 23072086, 22525450, 0.44, 75, 500, 16, 460, 18750, 10
0, 23196, 251, 286, 282, 25177340, 24122537, 0.44, 75, 500, 16, 571, 18750, 10
0, 23979, 281, 315, 315, 26304570, 25449498, 0.44, 75, 500, 16, 577, 18750, 10
1, 19284, 226, 227, 233, 23480682, 23495397, 0.44, 75, 500, 16, 463, 18750, 10
0, 26279, 243, 298, 321, 28991630, 27617933, 0.44, 75, 500, 16, 657, 18750, 10
0, 26025, 273, 309, 328, 27505863, 26355696, 0.44, 75, 500, 16, 643, 18750, 10
1, 18987, 273, 275, 276, 22643100, 22736491, 0.44, 75, 500, 16, 469, 18750, 10
0, 25718, 242, 317, 281, 26025074, 24930569, 0.44, 75, 500, 16, 642, 18750, 10
0, 26267, 251, 316, 303, 27613380, 26426290, 0.44, 75, 500, 16, 627, 18750, 10
0, 21589, 285, 312, 293, 22980344, 22341889, 0.44, 75, 500, 16, 520, 18750, 10
0, 27000, 261, 331, 308, 28555090, 27905216, 0.44, 75, 500, 16, 662, 18750, 10
0, 25438, 255, 311, 309, 27301481, 26246378, 0.44, 75, 500, 16, 611, 18750, 10
0, 23025, 281, 312, 306, 25645860, 24752475, 0.44, 75, 500, 16, 570, 18750, 10
1, 19078, 259, 260, 262, 23140739, 23156112, 0.44, 75, 500, 16, 463, 18750, 10
0, 20994, 272, 288, 279, 23868415, 23281062, 0.44, 75, 500, 16, 513, 18750, 10
0, 27000, 247, 326, 286, 28212918, 27007582, 0.44, 75, 500, 16, 684, 18750, 10
0, 24054, 246, 302, 267, 25637650, 24769405, 0.44, 75, 500, 16, 580, 18750, 10
0, 23286, 258, 297, 280, 26020862, 25075669, 0.44, 75, 500, 16, 567, 18750, 10
0, 26219, 221, 276, 276, 27708713, 26678305, 0.44, 75, 500, 16, 643, 18750, 10
0, 26026, 288, 349, 321, 27531598, 26397711, 0.44, 75, 500, 16, 650, 18750, 10
0, 27000, 263, 342, 312, 28511376, 27270933, 0.44, 75, 500, 16, 665, 18750, 10
0, 23572, 274, 319, 303, 18094904, 17333130, 0.44, 75, 500, 11, 322, 18750, 10
0, 21687, 229, 251, 246, 17119935, 16551998, 0.44, 75, 500, 11, 274, 18750, 10
1, 19622, 265, 270, 269, 15722322, 15786571, 0.44, 75, 500, 11, 258, 18750, 10
0, 24890, 233, 273, 279, 18669853, 18042321, 0.44, 75, 500, 11, 334, 18750, 10
0, 25299, 251, 300, 281, 25895028, 24944792, 0.44, 75, 500, 16, 615, 18750, 10
1, 19310, 237, 242, 239, 15865100, 15896314, 0.44, 75, 500, 11, 259, 18750, 10
0, 20877, 251, 267, 258, 15947924, 15471244, 0.44, 75, 500, 11, 271, 18750, 10
0, 27000, 261, 298, 343, 19926387, 19383295, 0.44, 75, 500, 11, 361, 18750, 10
0, 27000, 266, 332, 319, 28432628, 27531957, 0.44, 75, 500, 16, 667, 18750, 10
0, 24292, 256, 302, 287, 17781140, 17085469, 0.44, 75, 500, 11, 320, 18750, 10
0, 23753, 244, 274, 278, 17321230, 16904514, 0.44, 75, 500, 11, 329, 18750, 10
0, 19848, 245, 254, 246, 22723229, 21621745, 0.44, 75, 500, 16, 480, 18750, 10
0, 21807, 250, 274, 264, 16469661, 15858121, 0.44, 75, 500, 11, 294, 18750, 10
0, 25079, 237, 296, 277, 18887557, 18206080, 0.44, 75, 500, 11, 327, 18750, 10
1, 20393, 222, 223, 233, 16928573, 17391886, 0.44, 75, 500, 11, 267, 18750, 10
1, 19020, 258, 259, 266, 16822255, 16899237, 0.44, 75, 500, 11, 258, 18750, 10
0, 27000, 229, 286, 292, 20006540, 19373739, 0.44, 75, 500, 11, 357, 18750, 10
0, 22462, 243, 267, 272, 17685194, 17084509, 0.44, 75, 500, 11, 311, 18750, 10
0, 24061, 262, 299, 293, 25264168, 24453562, 0.44, 75, 500, 16, 570, 18750, 10
0, 25546, 268, 326, 300, 27926725, 26745566, 0.44, 75, 500, 16, 630, 18750, 10
0, 23670, 262, 305, 294, 17652918, 17044664, 0.44, 75, 500, 11, 314, 18750, 10
1, 18811, 274, 275, 276, 14694923, 14735653, 0.44, 75, 500, 11, 256, 18750, 10
0, 21400, 268, 286, 280, 17155632, 16653863, 0.44, 75, 500, 11, 278, 18750, 10
0, 24213, 269, 302, 291, 17359155, 16592128, 0.44, 75, 500, 11, 317, 18750, 10
0, 27000, 222, 291, 269, 28635260, 27791159, 0.44, 75, 500, 16, 652, 18750, 10
0, 20269, 246, 257, 250, 15199712, 14769589, 0.44, 75, 500, 11, 267, 18750, 10
0, 20240, 253, 263, 267, 16233481, 15957632, 0.44, 75, 500, 11, 272, 18750, 10
0, 24721, 264, 321, 296, 18478268, 17864132, 0.44, 75, 500, 11, 326, 18750, 10
0, 22858, 251, 296, 278, 17011720, 16385556, 0.44, 75, 500, 11, 297, 18750, 10
0, 22516, 233, 261, 263, 17226748, 16732236, 0.44, 75, 500, 11, 296, 18750, 10
1, 19457, 246, 247, 249, 16047579, 16111645, 0.44, 75, 500, 11, 254, 18750, 10
1, 19453, 235, 236, 240, 15716987, 15819178, 0.44, 75, 500, 11, 265, 18750, 10
0, 22696, 258, 280, 277, 17756926, 17330362, 0.44, 75, 500, 11, 304, 18750, 10
0, 24444, 250, 292, 301, 17888057, 17242781, 0.44, 75, 500, 11, 334, 18750, 10
1, 19033, 273, 274, 276, 15942738, 16018136, 0.44, 75, 500, 11, 261, 18750, 10
1, 19582, 267, 268, 275, 16354169, 16461136, 0.44, 75, 500, 11, 267, 18750, 10
0, 24021, 231, 280, 264, 17461181, 16935314, 0.44, 75, 500, 11, 323, 18750, 10
0, 20800, 260, 277, 277, 17154537, 16635948, 0.44, 75, 500, 11, 290, 18750, 10
0, 22582, 260, 297, 277, 17273457, 16683195, 0.44, 75, 500, 11, 302, 18750, 10
0, 21774, 261, 285, 269, 16973369, 16292875, 0.44, 75, 500, 11, 292, 18750, 10
0, 25106, 257, 313, 293, 17829509, 17154014, 0.44, 75, 500, 11, 349, 18750, 10
0, 27000, 245, 302, 316, 19663427, 19184186, 0.44, 75, 500, 11, 384, 18750, 10
0, 25196, 254, 309, 281, 17524664, 16449334, 0.44, 75, 500, 11, 350, 18750, 10
0, 21140, 239, 271, 247, 16066829, 15625899, 0.44, 75, 500, 11, 294, 18750, 10
1, 19097, 261, 262, 266, 15476932, 15482341, 0.44, 75, 500, 11, 269, 18750, 10
0, 23263, 252, 277, 269, 17532590, 16800560, 0.44, 75, 500, 11, 321, 18750, 10
0, 20447, 238, 249, 243, 15942898, 15373604, 0.44, 75, 500, 11, 293, 18750, 10
0, 22845, 238, 266, 260, 16774242, 15948047, 0.44, 75, 500, 11, 316, 18750, 10
0, 24115, 247, 298, 291, 17967052, 17402633, 0.44, 75, 500, 11, 352, 18750, 10
1, 20195, 246, 253, 251, 16579561, 16675762, 0.44, 75, 500, 11, 285, 18750, 10
0, 26854, 269, 343, 320, 19005218, 18239436, 0.44, 75, 500, 11, 381, 18750, 10
0, 22085, 257, 286, 273, 17200386, 16720634, 0.44, 75, 500, 11, 306, 18750, 10
1, 18987, 246, 248, 249, 15052890, 15081836, 0.44, 75, 500, 11, 267, 18750, 10
0, 26269, 253, 319, 292, 18666255, 17979867, 0.44, 75, 500, 11, 368, 18750, 10
0, 27000, 238, 266, 313, 19277170, 18869726, 0.44, 75, 500, 11, 391, 18750, 10
0, 27000, 241, 296, 312, 19187263, 18462089, 0.44, 75, 500, 11, 392, 18750, 10
1, 19555, 273, 274, 276, 16208316, 16327178, 0.44, 75, 500, 11, 273, 18750, 10
1, 18946, 251, 253, 253, 15518288, 15560183, 0.44, 75, 500, 11, 259, 18750, 10
0, 23708, 234, 270, 251, 18176668, 17293386, 0.44, 75, 500, 11, 339, 18750, 10
1, 19466, 264, 266, 267, 15423175, 15564174, 0.44, 75, 500, 11, 265, 18750, 10
0, 27000, 244, 298, 293, 19071458, 18653280, 0.44, 75, 500, 11, 381, 18750, 10
0, 26382, 277, 307, 341, 19459955, 18806074, 0.44, 75, 500, 11, 377, 18750, 10
0, 23584, 270, 300, 302, 17261851, 16725488, 0.44, 75, 500, 11, 341, 18750, 10
0, 27000, 253, 299, 300, 19343043, 18798720, 0.44, 75, 500, 11, 383, 18750, 10
1, 19285, 223, 226, 227, 15479071, 15536130, 0.44, 75, 500, 11, 262, 18750, 10
1, 18985, 246, 247, 248, 15728005, 15747080, 0.44, 75, 500, 11, 263, 18750, 10
0, 27000, 263, 310, 321, 18979190, 18733899, 0.44, 75, 500, 11, 368, 18750, 10
0, 21879, 264, 288, 287, 16882434, 16309687, 0.44, 75, 500, 11, 309, 18750, 10
1, 19520, 241, 242, 248, 15921435, 16030744, 0.44, 75, 500, 11, 266, 18750, 10
0, 25073, 266, 328, 301, 18611076, 17703796, 0.44, 75, 500, 11, 351, 18750, 10
0, 22962, 265, 300, 281, 17478426, 16952187, 0.44, 75, 500, 11, 314, 18750, 10
0, 22832, 238, 273, 259, 17588982, 17032665, 0.44, 75, 500, 11, 311, 18750, 10
0, 22048, 233, 262, 251, 16688889, 16096466, 0.44, 75, 500, 11, 298, 18750, 10
1, 18967, 271, 272, 274, 16427004, 16469182, 0.44, 75, 500, 11, 258, 18750, 10
1, 20683, 238, 248, 247, 16436076, 16531102, 0.44, 75, 500, 11, 279, 18750, 10
0, 26071, 239, 277, 285, 19329228, 18416061, 0.44, 75, 500, 11, 359, 18750, 10
0, 25887, 246, 310, 278, 18521125, 17460961, 0.44, 75, 500, 11, 347, 18750, 10
0, 21767, 237, 267, 244, 17035613, 16358156, 0.44, 75, 500, 11, 285, 18750, 10
1, 19035, 264, 265, 272, 16278206, 16334345, 0.44, 75, 500, 11, 256, 18750, 10
0, 24786, 258, 283, 318, 18777849, 18132231, 0.44, 75, 500, 11, 331, 18750, 10
0, 23429, 242, 282, 253, 16917945, 16247650, 0.44, 75, 500, 11, 305, 18750, 10
0, 24999, 247, 290, 295, 18826168, 18067292, 0.44, 75, 500, 11, 336, 18750, 10
1, 19020, 272, 273, 274, 15183625, 15212286, 0.44, 75, 500, 11, 244, 18750, 10
1, 19227, 251, 252, 253, 15902915, 16088550, 0.44, 75, 500, 11, 261, 18750, 10
0, 24012, 286, 303, 342, 18184883, 17687934, 0.44, 75, 500, 11, 329, 18750, 10
0, 21386, 261, 280, 281, 17222628, 16426864, 0.44, 75, 500, 11, 291, 18750, 10
0, 24599, 252, 298, 288, 17567442, 16649859, 0.44, 75, 500, 11, 334, 18750, 10
0, 22633, 252, 294, 270, 16327613, 15770005, 0.44, 75, 500, 11, 298, 18750, 10
0, 25947, 245, 306, 275, 18973281, 18243762, 0.44, 75, 500, 11, 366, 18750, 10
0, 22671, 266, 299, 279, 16758978, 16199167, 0.44, 75, 500, 11, 290, 18750, 10
0, 24502, 252, 294, 285, 18302136, 17712395, 0.44, 75, 500, 11, 332, 18750, 10
0, 27000, 235, 290, 305, 19497508, 18965361, 0.44, 75, 500, 11, 354, 18750, 10
1, 19342, 235, 237, 238, 15729147, 15873844, 0.44, 75, 500, 11, 253, 18750, 10
0, 25421, 244, 285, 294, 19792035, 19180450, 0.44, 75, 500, 11, 337, 18750, 10
0, 22579, 258, 298, 283, 16885464, 16426011, 0.44, 75, 500, 11, 302, 18750, 10
0, 21006, 250, 266, 258, 16389497, 15644811, 0.44, 75, 500, 11, 275, 18750, 10
0, 20817, 251, 268, 259, 16008646, 15674768, 0.44, 75, 500, 11, 269, 18750, 10
1, 19274, 257, 261, 262, 11762376, 11790759, 0.44, 75, 500, 8, 153, 18750, 10
0, 25607, 251, 276, 332, 20715608, 20107339, 0.44, 75, 500, 11, 356, 18750, 10
0, 23198, 278, 318, 303, 13823597, 13113935, 0.44, 75, 500, 8, 183, 18750, 10
0, 21956, 270, 301, 283, 16287994, 15775996, 0.44, 75, 500, 11, 287, 18750, 10
0, 25700, 242, 290, 296, 18623128, 18008101, 0.44, 75, 500, 11, 342, 18750, 10
0, 25981, 258, 293, 325, 19622435, 19072346, 0.44, 75, 500, 11, 328, 18750, 10
0, 21609, 275, 299, 290, 12291788, 11972628, 0.44, 75, 500, 8, 179, 18750, 10
1, 18961, 249, 250, 252, 11338524, 11347205, 0.44, 75, 500, 8, 159, 18750, 10
0, 23485, 240, 277, 288, 13648193, 13071859, 0.44, 75, 500, 8, 186, 18750, 10
1, 19266, 229, 230, 231, 11731402, 11732548, 0.44, 75, 500, 8, 151, 18750, 10
1, 20538, 260, 270, 269, 15947611, 15969185, 0.44, 75, 500, 11, 268, 18750, 10
1, 19122, 245, 246, 249, 11869049, 11902500, 0.44, 75, 500, 8, 156, 18750, 10
0, 21809, 259, 278, 281, 12604141, 12308126, 0.44, 75, 500, 8, 179, 18750, 10
1, 18982, 243, 244, 245, 11365855, 11387056, 0.44, 75, 500, 8, 147, 18750, 10
0, 27000, 263, 290, 360, 13768402, 13500633, 0.44, 75, 500, 8, 234, 18750, 10
0, 23233, 239, 282, 262, 12781832, 12278501, 0.44, 75, 500, 8, 185, 18750, 10
0, 23755, 241, 295, 266, 17181440, 16373226, 0.44, 75, 500, 11, 302, 18750, 10
0, 26537, 243, 309, 314, 18855830, 18330421, 0.44, 75, 500, 11, 346, 18750, 10
1, 18982, 249, 250, 253, 11669920, 11717529, 0.44, 75, 500, 8, 157, 18750, 10
0, 26461, 239, 282, 304, 13998603, 13290640, 0.44, 75, 500, 8, 226, 18750, 10
0, 27000, 242, 302, 298, 19232430, 18551511, 0.44, 75, 500, 11, 365, 18750, 10
1, 21571, 256, 268, 280, 12021147, 12030282, 0.44, 75, 500, 8, 180, 18750, 10
0, 26698, 265, 305, 323, 19012897, 18274151, 0.44, 75, 500, 11, 353, 18750, 10
0, 27000, 261, 325, 311, 14098564, 13724404, 0.44, 75, 500, 8, 226, 18750, 10
1, 19052, 244, 246, 247, 11798993, 11851163, 0.44, 75, 500, 8, 160, 18750, 10
0, 27000, 206, 260, 286, 14657500, 14176369, 0.44, 75, 500, 8, 223, 18750, 10
0, 24753, 262, 317, 309, 13019592, 12708091, 0.44, 75, 500, 8, 206, 18750, 10
1, 19414, 253, 254, 256, 11385763, 11401266, 0.44, 75, 500, 8, 164, 18750, 10
1, 19706, 233, 240, 240, 11529304, 11575763, 0.44, 75, 500, 8, 163, 18750, 10
1, 19133, 267, 268, 271, 10933979, 10949674, 0.44, 75, 500, 8, 159, 18750, 10
0, 23646, 228, 248, 259, 14316187, 13861981, 0.44, 75, 500, 8, 206, 18750, 10
0, 22334, 211, 244, 228, 11654079, 11277185, 0.44, 75, 500, 8, 182, 18750, 10
0, 25054, 243, 307, 269, 12930287, 12471200, 0.44, 75, 500, 8, 210, 18750, 10
1, 19871, 251, 257, 261, 11920292, 12051419, 0.44, 75, 500, 8, 167, 18750, 10
0, 27000, 248, 301, 319, 14293106, 14115033, 0.44, 75, 500, 8, 233, 18750, 10
0, 27000, 265, 283, 356, 14662493, 14282414, 0.44, 75, 500, 8, 236, 18750, 10
0, 21345, 252, 276, 260, 11887139, 11572450, 0.44, 75, 500, 8, 176, 18750, 10
0, 23578, 269, 318, 290, 12616335, 12106773, 0.44, 75, 500, 8, 195, 18750, 10
1, 18875, 240, 241, 242, 10703620, 10704365, 0.44, 75, 500, 8, 153, 18750, 10
1, 19339, 263, 266, 265, 11264795, 11266682, 0.44, 75, 500, 8, 158, 18750, 10
0, 27000, 255, 321, 304, 14131410, 13807190, 0.44, 75, 500, 8, 227, 18750, 10
1, 19195, 234, 238, 238, 11266300, 11298525, 0.44, 75, 500, 8, 162, 18750, 10
0, 24051, 251, 307, 286, 12485407, 12045634, 0.44, 75, 500, 8, 205, 18750, 10
1, 19230, 265, 267, 267, 11196257, 11221273, 0.44, 75, 500, 8, 157, 18750, 10
0, 25836, 270, 323, 302, 14068629, 13343642, 0.44, 75, 500, 8, 217, 18750, 10
1, 19083, 264, 265, 268, 11376293, 11408406, 0.44, 75, 500, 8, 161, 18750, 10
0, 21534, 267, 281, 282, 12953354, 12486176, 0.44, 75, 500, 8, 187, 18750, 10
0, 21846, 256, 281, 273, 12505089, 12170574, 0.44, 75, 500, 8, 177, 18750, 10
1, 19191, 243, 245, 248, 11645540, 11701642, 0.44, 75, 500, 8, 169, 18750, 10
1, 18954, 257, 258, 259, 11295346, 11296189, 0.44, 75, 500, 8, 156, 18750, 10
0, 21992, 237, 261, 259, 12827219, 12411795, 0.44, 75, 500, 8, 189, 18750, 10
0, 23453, 258, 290, 288, 13581549, 13250910, 0.44, 75, 500, 8, 196, 18750, 10
1, 19851, 280, 283, 283, 11562932, 11691337, 0.44, 75, 500, 8, 167, 18750, 10
0, 24865, 251, 276, 303, 13392480, 12678470, 0.44, 75, 500, 8, 216, 18750, 10
1, 19928, 243, 247, 258, 11935221, 11973246, 0.44, 75, 500, 8, 167, 18750, 10
0, 23373, 242, 297, 273, 12647879, 11976354, 0.44, 75, 500, 8, 192, 18750, 10
1, 19195, 262, 263, 268, 12714716, 12728145, 0.44, 75, 500, 8, 162, 18750, 10
0, 22990, 226, 236, 264, 13232654, 12697336, 0.44, 75, 500, 8, 189, 18750, 10
0, 24315, 254, 293, 310, 14017410, 13433844, 0.44, 75, 500, 8, 205, 18750, 10
0, 20541, 252, 267, 258, 11722197, 11441030, 0.44, 75, 500, 8, 171, 18750, 10
1, 19774, 237, 239, 241, 11818997, 11932512, 0.44, 75, 500, 8, 168, 18750, 10
1, 19347, 244, 246, 248, 11496802, 11516644, 0.44, 75, 500, 8, 157, 18750, 10
1, 19616, 265, 266, 280, 12031012, 12080030, 0.44, 75, 500, 8, 160, 18750, 10
0, 25411, 253, 302, 297, 14094274, 13343362, 0.44, 75, 500, 8, 206, 18750, 10
1, 20455, 261, 264, 270, 11910939, 12146257, 0.44, 75, 500, 8, 169, 18750, 10
0, 24125, 250, 299, 285, 12943817, 12422959, 0.44, 75, 500, 8, 202, 18750, 10
1, 19479, 262, 264, 269, 11538010, 11624641, 0.44, 75, 500, 8, 159, 18750, 10
0, 20911, 258, 274, 269, 11938271, 11603264, 0.44, 75, 500, 8, 170, 18750, 10
1, 19075, 246, 247, 249, 11306759, 11341220, 0.44, 75, 500, 8, 151, 18750, 10
0, 27000, 240, 289, 303, 13996996, 13813209, 0.44, 75, 500, 8, 225, 18750, 10
0, 21838, 288, 315, 306, 12368797, 11890455, 0.44, 75, 500, 8, 184, 18750, 10
1, 20436, 266, 284, 275, 11829692, 11843492, 0.44, 75, 500, 8, 163, 18750, 10
0, 23255, 232, 254, 274, 13097104, 12811630, 0.44, 75, 500, 8, 197, 18750, 10
0, 21464, 251, 271, 266, 11979656, 11657382, 0.44, 75, 500, 8, 175, 18750, 10
0, 22264, 262, 291, 278, 12138637, 11735115, 0.44, 75, 500, 8, 184, 18750, 10
0, 22464, 250, 276, 266, 12541671, 11952157, 0.44, 75, 500, 8, 179, 18750, 10
0, 20899, 261, 283, 267, 11291618, 10905038, 0.44, 75, 500, 8, 174, 18750, 10
1, 19243, 246, 247, 250, 11573015, 11602855, 0.44, 75, 500, 8, 157, 18750, 10
0, 27000, 217, 242, 313, 14774261, 14332201, 0.44, 75, 500, 8, 232, 18750, 10
0, 20170, 260, 274, 267, 11590574, 11291882, 0.44, 75, 500, 8, 164, 18750, 10
0, 20244, 249, 266, 253, 11920031, 11641555, 0.44, 75, 500, 8, 161, 18750, 10
1, 19182, 236, 237, 239, 11756499, 11775075, 0.44, 75, 500, 8, 156, 18750, 10
0, 18844, 264, 266, 265, 11047992, 10851530, 0.44, 75, 500, 8, 156, 18750, 10
0, 24655, 259, 311, 282, 13121507, 12511933, 0.44, 75, 500, 8, 196, 18750, 10
0, 25010, 256, 310, 287, 13454738, 12705581, 0.44, 75, 500, 8, 207, 18750, 10
1, 19712, 268, 270, 276, 12430560, 12458689, 0.44, 75, 500, 8, 161, 18750, 10
1, 19044, 228, 229, 231, 10940941, 10979251, 0.44, 75, 500, 8, 144, 18750, 10
0, 27000, 233, 319, 283, 13653910, 13337782, 0.44, 75, 500, 8, 231, 18750, 10
1, 18782, 232, 233, 234, 11142456, 11149326, 0.44, 75, 500, 8, 151, 18750, 10
1, 20434, 246, 266, 251, 12365135, 12394551, 0.44, 75, 500, 8, 164, 18750, 10
0, 20903, 250, 258, 266, 12417001, 12159618, 0.44, 75, 500, 8, 162, 18750, 10
0, 22286, 249, 273, 271, 12504832, 12183567, 0.44, 75, 500, 8, 185, 18750, 10
0, 24257, 245, 290, 273, 13179634, 12738106, 0.44, 75, 500, 8, 198, 18750, 10
0, 21980, 257, 278, 289, 12611988, 12312943, 0.44, 75, 500, 8, 178, 18750, 10
0, 22936, 260, 306, 278, 11681533, 11286374, 0.44, 75, 500, 8, 190, 18750, 10
1, 19047, 268, 269, 273, 11673255, 11750201, 0.44, 75, 500, 8, 159, 18750, 10
1, 19047, 285, 287, 288, 11441699, 11482565, 0.44, 75, 500, 8, 153, 18750, 10
1, 18943, 267, 268, 269, 11663073, 11666254, 0.44, 75, 500, 8, 149, 18750, 10
0, 26237, 239, 301, 295, 14009745, 13434869, 0.44, 75, 500, 8, 220, 18750, 10
0, 19462, 266, 271, 267, 11443461, 11123896, 0.44, 75, 500, 8, 152, 18750, 10
1, 19071, 223, 224, 228, 11828015, 11912501, 0.44, 75, 500, 8, 153, 18750, 10
1, 19250, 246, 248, 250, 11026935, 11110970, 0.44, 75, 500, 8, 151, 18750, 10
0, 27000, 251, 303, 318, 14280222, 13909004, 0.44, 75, 500, 8, 222, 18750, 10
1, 19360, 254, 255, 258, 11509558, 11552391, 0.44, 75, 500, 8, 151, 18750, 10
0, 24038, 226, 259, 266, 11324753, 10980528, 0.44, 75, 500, 7, 152, 18750, 10
0, 23137, 264, 309, 285, 12605652, 12197283, 0.44, 75, 500, 8, 187, 18750, 10
1, 19776, 278, 283, 286, 10973448, 11028976, 0.44, 75, 500, 8, 164, 18750, 10
0, 21323, 243, 252, 253, 12138581, 11694409, 0.44, 75, 500, 8, 173, 18750, 10
0, 23002, 252, 283, 279, 12696955, 12054386, 0.44, 75, 500, 8, 186, 18750, 10
1, 19040, 235, 236, 237, 9631750, 9658454, 0.44, 75, 500, 7, 126, 18750, 10
0, 24102, 259, 278, 301, 12146423, 11777028, 0.44, 75, 500, 7, 174, 18750, 10
1, 19134, 253, 254, 256, 10085515, 10158376, 0.44, 75, 500, 7, 130, 18750, 10
1, 19126, 278, 279, 283, 9794303, 9824231, 0.44, 75, 500, 7, 132, 18750, 10
1, 19415, 255, 260, 257, 10007720, 10110844, 0.44, 75, 500, 7, 135, 18750, 10
1, 19705, 248, 249, 254, 9674873, 9732717, 0.44, 75, 500, 7, 129, 18750, 10
0, 25256, 239, 289, 269, 13763479, 13173654, 0.44, 75, 500, 8, 207, 18750, 10
0, 27000, 256, 290, 349, 12740105, 12632195, 0.44, 75, 500, 7, 200, 18750, 10
0, 23086, 230, 271, 258, 10906184, 10388118, 0.44, 75, 500, 7, 157, 18750, 10
1, 20381, 247, 255, 259, 10843188, 10882798, 0.44, 75, 500, 7, 140, 18750, 10
1, 21787, 239, 265, 258, 10693117, 10708119, 0.44, 75, 500, 7, 148, 18750, 10
1, 19075, 240, 245, 245, 9646322, 9663494, 0.44, 75, 500, 7, 128, 18750, 10
1, 19246, 250, 257, 252, 10585868, 10613259, 0.44, 75, 500, 7, 130, 18750, 10
1, 19837, 256, 264, 266, 10076707, 10170882, 0.44, 75, 500, 7, 135, 18750, 10
0, 24260, 268, 320, 290, 11024185, 10626273, 0.44, 75, 500, 7, 162, 18750, 10
0, 22695, 239, 267, 263, 11311997, 10963651, 0.44, 75, 500, 7, 156, 18750, 10
0, 27000, 268, 313, 336, 12288277, 12100355, 0.44, 75, 500, 7, 189, 18750, 10
0, 20735, 261, 286, 276, 10637324, 10437532, 0.44, 75, 500, 7, 136, 18750, 10
1, 19121, 235, 240, 240, 10556968, 10565748, 0.44, 75, 500, 7, 133, 18750, 10
1, 18997, 213, 214, 216, 10228310, 10244116, 0.44, 75, 500, 7, 127, 18750, 10
0, 24089, 246, 269, 312, 11684427, 11391078, 0.44, 75, 500, 7, 174, 18750, 10
0, 24073, 246, 281, 272, 10944463, 10671485, 0.44, 75, 500, 7, 166, 18750, 10
1, 19115, 273, 274, 277, 8563004, 8564368, 0.44, 75, 500, 7, 120, 18750, 10
0, 21613, 243, 271, 266, 10998974, 10716468, 0.44, 75, 500, 7, 143, 18750, 10
0, 20778, 254, 266, 259, 10493795, 10190116, 0.44, 75, 500, 7, 147, 18750, 10
0, 20881, 250, 269, 254, 10876022, 10485185, 0.44, 75, 500, 7, 141, 18750, 10
1, 19790, 268, 269, 278, 10534470, 10669216, 0.44, 75, 500, 7, 136, 18750, 10
1, 19037, 265, 266, 269, 10428218, 10457245, 0.44, 75, 500, 7, 126, 18750, 10
0, 23931, 259, 296, 280, 11119225, 10678720, 0.44, 75, 500, 7, 167, 18750, 10
0, 21654, 260, 289, 276, 10463695, 10205733, 0.44, 75, 500, 7, 142, 18750, 10
1, 19130, 250, 251, 254, 9888927, 9942647, 0.44, 75, 500, 7, 128, 18750, 10
1, 20581, 268, 280, 282, 10541900, 10638674, 0.44, 75, 500, 7, 144, 18750, 10
1, 19188, 262, 263, 266, 8977029, 9060231, 0.44, 75, 500, 7, 126, 18750, 10
0, 20934, 245, 261, 265, 10686828, 10359733, 0.44, 75, 500, 7, 143, 18750, 10
0, 27000, 248, 308, 296, 12335678, 11992903, 0.44, 75, 500, 7, 191, 18750, 10
1, 19146, 253, 254, 256, 9632734, 9669694, 0.44, 75, 500, 7, 130, 18750, 10
0, 27000, 235, 291, 290, 12435901, 12095731, 0.44, 75, 500, 7, 195, 18750, 10
1, 19141, 274, 275, 278, 9940860, 9963059, 0.44, 75, 500, 7, 131, 18750, 10
1, 19118, 261, 263, 264, 10060252, 10071011, 0.44, 75, 500, 7, 129, 18750, 10
0, 27000, 263, 326, 324, 11655080, 11437569, 0.44, 75, 500, 7, 188, 18750, 10
1, 19132, 254, 255, 257, 10046124, 10046584, 0.44, 75, 500, 7, 131, 18750, 10
1, 18939, 257, 258, 260, 9238567, 9267896, 0.44, 75, 500, 7, 124, 18750, 10
1, 19358, 241, 245, 245, 10748080, 10753791, 0.44, 75, 500, 7, 135, 18750, 10
0, 26246, 253, 314, 287, 12377809, 11848201, 0.44, 75, 500, 7, 180, 18750, 10
1, 18905, 247, 248, 250, 10122490, 10125562, 0.44, 75, 500, 7, 123, 18750, 10
0, 22871, 244, 249, 281, 11509373, 11180887, 0.44, 75, 500, 7, 167, 18750, 10
0, 23068, 230, 267, 257, 11123677, 10655570, 0.44, 75, 500, 7, 155, 18750, 10
1, 20931, 244, 250, 265, 10862070, 10877702, 0.44, 75, 500, 7, 145, 18750, 10
1, 19564, 254, 255, 264, 10246706, 10299515, 0.44, 75, 500, 7, 136, 18750, 10
1, 19853, 242, 251, 248, 10486212, 10511520, 0.44, 75, 500, 7, 137, 18750, 10
0, 23508, 246, 284, 275, 10494776, 10117224, 0.44, 75, 500, 7, 164, 18750, 10
0, 23584, 270, 309, 294, 10662352, 10163662, 0.44, 75, 500, 7, 169, 18750, 10
0, 21084, 248, 264, 260, 10582906, 10281490, 0.44, 75, 500, 7, 146, 18750, 10
0, 21531, 266, 287, 275, 10931562, 10584428, 0.44, 75, 500, 7, 146, 18750, 10
0, 27000, 265, 327, 325, 12412599, 12126974, 0.44, 75, 500, 7, 195, 18750, 10
1, 19364, 249, 253, 254, 9808119, 9856950, 0.44, 75, 500, 7, 134, 18750, 10
0, 22637, 273, 303, 291, 11042265, 10635227, 0.44, 75, 500, 7, 153, 18750, 10
1, 19139, 274, 275, 277, 9818036, 9878808, 0.44, 75, 500, 7, 131, 18750, 10
0, 22898, 277, 308, 311, 11094268, 10872302, 0.44, 75, 500, 7, 165, 18750, 10
1, 19497, 259, 260, 264, 9641104, 9703218, 0.44, 75, 500, 7, 131, 18750, 10
1, 22360, 239, 251, 276, 11313331, 11326197, 0.44, 75, 500, 7, 159, 18750, 10
1, 19361, 257, 259, 261, 9641441, 9693441, 0.44, 75, 500, 7, 130, 18750, 10
0, 21981, 234, 273, 254, 10796613, 10392717, 0.44, 75, 500, 7, 155, 18750, 10
0, 21431, 253, 263, 262, 10971452, 10695694, 0.44, 75, 500, 7, 155, 18750, 10
1, 19360, 233, 234, 237, 10003034, 10137883, 0.44, 75, 500, 7, 136, 18750, 10
1, 20155, 234, 235, 247, 10768761, 10799646, 0.44, 75, 500, 7, 139, 18750, 10
0, 21385, 244, 265, 259, 10513724, 10252731, 0.44, 75, 500, 7, 145, 18750, 10
1, 18960, 254, 255, 257, 9829936, 9838832, 0.44, 75, 500, 7, 131, 18750, 10
1, 19168, 259, 264, 262, 10020535, 10070151, 0.44, 75, 500, 7, 133, 18750, 10
0, 21103, 275, 297, 285, 10032499, 9784461, 0.44, 75, 500, 7, 144, 18750, 10
1, 19457, 253, 254, 257, 10117965, 10134405, 0.44, 75, 500, 7, 135, 18750, 10
1, 20221, 233, 235, 244, 10674563, 10697784, 0.44, 75, 500, 7, 141, 18750, 10
1, 21124, 238, 254, 249, 11023656, 11023869, 0.44, 75, 500, 7, 150, 18750, 10
0, 22561, 280, 306, 294, 11125015, 10736885, 0.44, 75, 500, 7, 166, 18750, 10
1, 19034, 250, 251, 255, 10607089, 10702354, 0.44, 75, 500, 7, 134, 18750, 10
0, 23754, 271, 296, 298, 11127886, 10777203, 0.44, 75, 500, 7, 169, 18750, 10
0, 27000, 244, 285, 325, 12891657, 12510490, 0.44, 75, 500, 7, 188, 18750, 10
0, 22983, 263, 294, 294, 11149961, 10757457, 0.44, 75, 500, 7, 156, 18750, 10
1, 19748, 268, 271, 274, 9632060, 9682004, 0.44, 75, 500, 7, 132, 18750, 10
0, 21763, 242, 265, 262, 11161879, 10896094, 0.44, 75, 500, 7, 145, 18750, 10
0, 25537, 253, 312, 283, 10971191, 10478393, 0.44, 75, 500, 7, 175, 18750, 10
0, 27000, 270, 304, 365, 12938620, 12669405, 0.44, 75, 500, 7, 193, 18750, 10
0, 23768, 253, 292, 275, 10848703, 10289678, 0.44, 75, 500, 7, 157, 18750, 10
1, 18949, 231, 233, 234, 10017856, 10092640, 0.44, 75, 500, 7, 131, 18750, 10
0, 21146, 269, 293, 279, 9984792, 9710976, 0.44, 75, 500, 7, 141, 18750, 10
1, 19572, 249, 250, 252, 10399756, 10512772, 0.44, 75, 500, 7, 130, 18750, 10
0, 25939, 257, 285, 334, 12897546, 12432169, 0.44, 75, 500, 7, 189, 18750, 10
0, 26931, 226, 310, 283, 11849258, 11392771, 0.44, 75, 500, 7, 185, 18750, 10
0, 23048, 259, 296, 287, 10435424, 10021682, 0.44, 75, 500, 7, 154, 18750, 10
0, 19817, 261, 274, 266, 10218151, 9924444, 0.44, 75, 500, 7, 131, 18750, 10
1, 19756, 255, 258, 262, 10894873, 10913314, 0.44, 75, 500, 7, 136, 18750, 10
1, 19258, 258, 261, 260, 9549122, 9603089, 0.44, 75, 500, 7, 125, 18750, 10
1, 19653, 249, 252, 257, 10234965, 10283152, 0.44, 75, 500, 7, 125, 18750, 10
0, 23035, 257, 299, 284, 11270516, 10925126, 0.44, 75, 500, 7, 155, 18750, 10
0, 22219, 259, 284, 275, 11029408, 10729558, 0.44, 75, 500, 7, 155, 18750, 10
1, 19655, 277, 282, 282, 10415515, 10443827, 0.44, 75, 500, 7, 135, 18750, 10
1, 19597, 255, 257, 260, 8160797, 8239898, 0.44, 75, 500, 6, 106, 18750, 10
0, 25124, 234, 292, 266, 12110654, 11554004, 0.44, 75, 500, 7, 173, 18750, 10
1, 19238, 273, 274, 275, 8028988, 8086222, 0.44, 75, 500, 6, 111, 18750, 10
1, 19072, 251, 252, 254, 7936090, 7983102, 0.44, 75, 500, 6, 98, 18750, 10
0, 21654, 250, 270, 272, 8688971, 8509947, 0.44, 75, 500, 6, 112, 18750, 10
1, 19299, 276, 277, 279, 8993954, 9028076, 0.44, 75, 500, 6, 103, 18750, 10
1, 19132, 253, 255, 255, 8670379, 8695354, 0.44, 75, 500, 6, 99, 18750, 10
1, 19105, 256, 259, 259, 8923558, 8977785, 0.44, 75, 500, 6, 104, 18750, 10
1, 19245, 256, 257, 263, 10321118, 10440712, 0.44, 75, 500, 7, 139, 18750, 10
1, 19379, 224, 225, 232, 9290878, 9386304, 0.44, 75, 500, 6, 111, 18750, 10
0, 27000, 255, 310, 327, 12376117, 12213102, 0.44, 75, 500, 7, 185, 18750, 10
0, 27000, 261, 330, 311, 12414618, 11973537, 0.44, 75, 500, 7, 179, 18750, 10
0, 21539, 264, 293, 277, 9105039, 8747341, 0.44, 75, 500, 6, 113, 18750, 10
0, 20563, 249, 275, 258, 8641432, 8337004, 0.44, 75, 500, 6, 108, 18750, 10
1, 20187, 273, 283, 280, 8340575, 8374242, 0.44, 75, 500, 6, 107, 18750, 10
1, 19592, 255, 256, 259, 8286771, 8326764, 0.44, 75, 500, 6, 106, 18750, 10
1, 18910, 256, 257, 259, 8851974, 8868993, 0.44, 75, 500, 6, 99, 18750, 10
1, 19435, 245, 247, 247, 8546387, 8582929, 0.44, 75, 500, 6, 106, 18750, 10
0, 27000, 251, 302, 323, 10682978, 10400665, 0.44, 75, 500, 6, 154, 18750, 10
0, 20679, 237, 257, 242, 8268980, 7989634, 0.44, 75, 500, 6, 110, 18750, 10
1, 19332, 248, 249, 252, 9128205, 9178614, 0.44, 75, 500, 6, 116, 18750, 10
1, 19770, 247, 259, 253, 8467488, 8544368, 0.44, 75, 500, 6, 105, 18750, 10
1, 19152, 249, 250, 251, 8599611, 8622488, 0.44, 75, 500, 6, 102, 18750, 10
1, 20170, 260, 271, 274, 9199493, 9268200, 0.44, 75, 500, 6, 105, 18750, 10
0, 22520, 225, 258, 237, 9496717, 9091284, 0.44, 75, 500, 6, 118, 18750, 10
0, 22649, 246, 276, 257, 9508089, 9200774, 0.44, 75, 500, 6, 118, 18750, 10
1, 22269, 270, 293, 299, 10257345, 10319621, 0.44, 75, 500, 6, 121, 18750, 10
1, 19500, 228, 234, 232, 8456282, 8465851, 0.44, 75, 500, 6, 96, 18750, 10
0, 22921, 250, 289, 277, 9455493, 9069324, 0.44, 75, 500, 6, 113, 18750, 10
1, 19210, 236, 237, 241, 8424757, 8497052, 0.44, 75, 500, 6, 108, 18750, 10
0, 24854, 266, 304, 299, 10042168, 9601676, 0.44, 75, 500, 6, 143, 18750, 10
0, 25967, 265, 324, 308, 10014921, 9473348, 0.44, 75, 500, 6, 138, 18750, 10
0, 26435, 228, 286, 272, 10841350, 10417398, 0.44, 75, 500, 6, 140, 18750, 10
0, 24477, 267, 286, 320, 10235461, 9829051, 0.44, 75, 500, 6, 138, 18750, 10
0, 25372, 251, 304, 292, 10448862, 10026832, 0.44, 75, 500, 6, 142, 18750, 10
1, 19296, 237, 240, 240, 8679223, 8717165, 0.44, 75, 500, 6, 103, 18750, 10
1, 21055, 232, 245, 263, 9513115, 9521879, 0.44, 75, 500, 6, 117, 18750, 10
1, 18957, 226, 228, 228, 7747435, 7770041, 0.44, 75, 500, 6, 100, 18750, 10
0, 23451, 258, 285, 283, 9792382, 9395108, 0.44, 75, 500, 6, 131, 18750, 10
1, 21553, 269, 288, 292, 9161191, 9170507, 0.44, 75, 500, 6, 120, 18750, 10
0, 24386, 268, 315, 295, 10229523, 9855183, 0.44, 75, 500, 6, 134, 18750, 10
1, 20654, 274, 281, 304, 9261370, 9297998, 0.44, 75, 500, 6, 121, 18750, 10
0, 27000, 259, 308, 326, 10998150, 10647393, 0.44, 75, 500, 6, 155, 18750, 10
1, 20073, 273, 275, 294, 9564108, 9573760, 0.44, 75, 500, 6, 110, 18750, 10
1, 20112, 250, 260, 266, 9105299, 9122957, 0.44, 75, 500, 6, 107, 18750, 10
1, 19424, 271, 277, 278, 8908462, 8935454, 0.44, 75, 500, 6, 101, 18750, 10
0, 27000, 269, 316, 324, 10946063, 10699491, 0.44, 75, 500, 6, 151, 18750, 10
1, 19328, 243, 244, 249, 8814925, 8863464, 0.44, 75, 500, 6, 110, 18750, 10
0, 24338, 263, 285, 329, 10616724, 10281743, 0.44, 75, 500, 6, 143, 18750, 10
1, 20053, 267, 270, 278, 9648563, 9696198, 0.44, 75, 500, 6, 110, 18750, 10
1, 19178, 251, 252, 254, 8690194, 8718675, 0.44, 75, 500, 6, 109, 18750, 10
0, 20786, 272, 295, 278, 8616536, 8298746, 0.44, 75, 500, 6, 116, 18750, 10
1, 20512, 210, 223, 227, 9037248, 9119513, 0.44, 75, 500, 6, 117, 18750, 10
1, 19120, 242, 244, 248, 9469457, 9474823, 0.44, 75, 500, 6, 105, 18750, 10
1, 19048, 245, 246, 247, 7749429, 7765782, 0.44, 75, 500, 6, 102, 18750, 10
0, 24156, 249, 281, 290, 9661161, 9322298, 0.44, 75, 500, 6, 138, 18750, 10
0, 24691, 276, 308, 324, 10007148, 9779371, 0.44, 75, 500, 6, 140, 18750, 10
1, 19222, 257, 260, 261, 8524650, 8556013, 0.44, 75, 500, 6, 109, 18750, 10
1, 19432, 257, 259, 262, 9296699, 9311128, 0.44, 75, 500, 6, 104, 18750, 10
0, 23815, 236, 269, 267, 9512073, 9134910, 0.44, 75, 500, 6, 131, 18750, 10
1, 19250, 246, 250, 249, 8982863, 9021962, 0.44, 75, 500, 6, 108, 18750, 10
1, 20527, 257, 264, 274, 9416648, 9418825, 0.44, 75, 500, 6, 121, 18750, 10
1, 19614, 247, 248, 257, 9014953, 9025871, 0.44, 75, 500, 6, 110, 18750, 10
0, 25350, 256, 301, 305, 10750162, 10400031, 0.44, 75, 500, 6, 145, 18750, 10
0, 20711, 259, 279, 263, 8416403, 8180723, 0.44, 75, 500, 6, 109, 18750, 10
1, 20413, 239, 247, 249, 8862347, 8924494, 0.44, 75, 500, 6, 116, 18750, 10
0, 23054, 255, 286, 297, 9856063, 9549348, 0.44, 75, 500, 6, 132, 18750, 10
1, 19066, 260, 264, 262, 8723551, 8741655, 0.44, 75, 500, 6, 110, 18750, 10
1, 19262, 249, 250, 252, 8457570, 8541750, 0.44, 75, 500, 6, 110, 18750, 10
0, 22660, 241, 271, 252, 9341086, 8773659, 0.44, 75, 500, 6, 129, 18750, 10
0, 26081, 242, 306, 294, 10345785, 9961733, 0.44, 75, 500, 6, 150, 18750, 10
1, 18939, 249, 250, 252, 9030796, 9064119, 0.44, 75, 500, 6, 107, 18750, 10
1, 19809, 267, 274, 275, 8676025, 8691878, 0.44, 75, 500, 6, 109, 18750, 10
0, 22548, 273, 301, 292, 9138778, 8761111, 0.44, 75, 500, 6, 128, 18750, 10
0, 20305, 257, 270, 262, 8207691, 7989495, 0.44, 75, 500, 6, 108, 18750, 10
1, 19182, 253, 255, 256, 8721130, 8760569, 0.44, 75, 500, 6, 112, 18750, 10
0, 21902, 280, 309, 295, 8899984, 8680793, 0.44, 75, 500, 6, 126, 18750, 10
1, 20002, 241, 246, 252, 8437931, 8458685, 0.44, 75, 500, 6, 122, 18750, 10
0, 23602, 218, 270, 240, 9673997, 9211944, 0.44, 75, 500, 6, 138, 18750, 10
1, 18816, 251, 252, 253, 9059004, 9061808, 0.44, 75, 500, 6, 113, 18750, 10
0, 23412, 228, 267, 252, 9590434, 9121008, 0.44, 75, 500, 6, 144, 18750, 10
1, 20098, 249, 258, 262, 8881517, 8941644, 0.44, 75, 500, 6, 116, 18750, 10
0, 27000, 252, 284, 337, 10597997, 10498002, 0.44, 75, 500, 6, 166, 18750, 10
1, 19276, 270, 271, 272, 8633342, 8654429, 0.44, 75, 500, 6, 112, 18750, 10
1, 19052, 251, 252, 253, 8765227, 8765466, 0.44, 75, 500, 6, 114, 18750, 10
0, 20973, 251, 273, 261, 9264786, 9040545, 0.44, 75, 500, 6, 129, 18750, 10
1, 18976, 263, 264, 265, 8393806, 8399340, 0.44, 75, 500, 6, 106, 18750, 10
0, 22421, 273, 296, 305, 10101823, 9873552, 0.44, 75, 500, 6, 135, 18750, 10
0, 20930, 241, 252, 247, 8902278, 8683043, 0.44, 75, 500, 6, 121, 18750, 10
1, 19525, 237, 238, 241, 8920067, 8980513, 0.44, 75, 500, 6, 117, 18750, 10
1, 19368, 288, 291, 291, 8515940, 8554751, 0.44, 75, 500, 6, 115, 18750, 10
0, 20296, 262, 271, 263, 9104717, 8728395, 0.44, 75, 500, 6, 118, 18750, 10
0, 23184, 266, 288, 295, 9891543, 9572893, 0.44, 75, 500, 6, 143, 18750, 10
0, 21266, 241, 269, 249, 9260033, 8883418, 0.44, 75, 500, 6, 123, 18750, 10
0, 21079, 256, 282, 265, 8883268, 8540715, 0.44, 75, 500, 6, 117, 18750, 10
0, 21740, 262, 285, 281, 9221653, 8776091, 0.44, 75, 500, 6, 125, 18750, 10
1, 19482, 249, 250, 255, 8675942, 8698629, 0.44, 75, 500, 6, 103, 18750, 10
0, 20499, 252, 269, 258, 7150235, 6965060, 0.44, 75, 500, 5, 80, 18750, 10
1, 19243, 247, 248, 251, 7595836, 7610225, 0.44, 75, 500, 5, 87, 18750, 10
1, 19370, 240, 241, 244, 7386872, 7405032, 0.44, 75, 500, 5, 87, 18750, 10
1, 19769, 258, 261, 266, 6944650, 6982026, 0.44, 75, 500, 5, 82, 18750, 10
1, 18911, 273, 274, 276, 8411001, 8437005, 0.44, 75, 500, 6, 103, 18750, 10
0, 23475, 255, 288, 283, 9168210, 8817434, 0.44, 75, 500, 6, 132, 18750, 10
1, 19200, 259, 262, 263, 8137171, 8191730, 0.44, 75, 500, 6, 104, 18750, 10
1, 18887, 261, 262, 263, 7107413, 7128669, 0.44, 75, 500, 5, 82, 18750, 10
1, 19150, 242, 243, 247, 8865085, 8867195, 0.44, 75, 500, 6, 108, 18750, 10
1, 19137, 270, 273, 272, 6719973, 6725163, 0.44, 75, 500, 5, 77, 18750, 10
0, 27000, 231, 287, 293, 9964682, 9593566, 0.44, 75, 500, 6, 161, 18750, 10
1, 19515, 239, 240, 243, 7467892, 7506220, 0.44, 75, 500, 5, 83, 18750, 10
0, 21666, 249, 268, 262, 7300790, 7015371, 0.44, 75, 500, 5, 101, 18750, 10
0, 21567, 265, 274, 292, 9705346, 9460080, 0.44, 75, 500, 6, 126, 18750, 10
0, 23843, 247, 294, 272, 9642722, 9308076, 0.44, 75, 500, 6, 131, 18750, 10
0, 22272, 299, 323, 320, 8155520, 7877892, 0.44, 75, 500, 5, 104, 18750, 10
1, 19850, 251, 252, 254, 6688402, 6714501, 0.44, 75, 500, 5, 82, 18750, 10
0, 25962, 228, 246, 296, 8747652, 8488396, 0.44, 75, 500, 5, 121, 18750, 10
0, 24154, 260, 305, 297, 8014400, 7795484, 0.44, 75, 500, 5, 104, 18750, 10
1, 19281, 260, 261, 263, 7567549, 7603501, 0.44, 75, 500, 5, 85, 18750, 10
0, 20109, 264, 278, 271, 6438280, 6270011, 0.44, 75, 500, 5, 89, 18750, 10
1, 18867, 257, 258, 259, 6973652, 6979460, 0.44, 75, 500, 5, 80, 18750, 10
0, 22443, 232, 268, 245, 7755790, 7438677, 0.44, 75, 500, 5, 97, 18750, 10
0, 21534, 266, 292, 276, 7183462, 6952749, 0.44, 75, 500, 5, 93, 18750, 10
0, 24167, 249, 292, 273, 8214946, 7727515, 0.44, 75, 500, 5, 105, 18750, 10
1, 19141, 252, 253, 254, 7010053, 7015453, 0.44, 75, 500, 5, 82, 18750, 10
1, 19910, 272, 273, 280, 7899968, 7960171, 0.44, 75, 500, 5, 90, 18750, 10
1, 19434, 256, 260, 261, 7180362, 7254499, 0.44, 75, 500, 5, 88, 18750, 10
0, 22693, 257, 284, 298, 7827872, 7660230, 0.44, 75, 500, 5, 101, 18750, 10
0, 24916, 277, 335, 309, 7724250, 7379838, 0.44, 75, 500, 5, 106, 18750, 10
0, 18865, 271, 272, 272, 6791232, 6620921, 0.44, 75, 500, 5, 79, 18750, 10
1, 19489, 264, 268, 267, 7777529, 7826479, 0.44, 75, 500, 5, 86, 18750, 10
1, 19387, 233, 234, 237, 7053780, 7093735, 0.44, 75, 500, 5, 84, 18750, 10
0, 20573, 240, 257, 247, 6933308, 6737925, 0.44, 75, 500, 5, 90, 18750, 10
1, 19266, 231, 233, 235, 7322231, 7340714, 0.44, 75, 500, 5, 85, 18750, 10
1, 19637, 275, 281, 283, 7327481, 7384020, 0.44, 75, 500, 5, 94, 18750, 10
0, 26505, 256, 310, 329, 9108338, 8796790, 0.44, 75, 500, 5, 128, 18750, 10
1, 19250, 244, 246, 246, 6799845, 6832888, 0.44, 75, 500, 5, 81, 18750, 10
0, 27000, 255, 301, 325, 9033622, 8937659, 0.44, 75, 500, 5, 133, 18750, 10
1, 19180, 268, 269, 271, 7128547, 7148847, 0.44, 75, 500, 5, 86, 18750, 10
1, 19446, 222, 225, 225, 7223924, 7295031, 0.44, 75, 500, 5, 84, 18750, 10
0, 27000, 247, 292, 336, 8458809, 8378696, 0.44, 75, 500, 5, 126, 18750, 10
0, 27000, 225, 261, 294, 9001398, 8984316, 0.44, 75, 500, 5, 127, 18750, 10
1, 19556, 265, 267, 271, 7199669, 7235195, 0.44, 75, 500, 5, 84, 18750, 10
0, 20538, 276, 289, 282, 7250878, 7013553, 0.44, 75, 500, 5, 87, 18750, 10
0, 20257, 262, 277, 269, 6807048, 6660511, 0.44, 75, 500, 5, 93, 18750, 10
1, 19213, 270, 272, 273, 7249509, 7276246, 0.44, 75, 500, 5, 86, 18750, 10
0, 21216, 266, 283, 276, 7959861, 7742550, 0.44, 75, 500, 5, 90, 18750, 10
1, 19421, 238, 239, 241, 7439642, 7454674, 0.44, 75, 500, 5, 84, 18750, 10
1, 18941, 255, 256, 259, 7137757, 7138051, 0.44, 75, 500, 5, 80, 18750, 10
0, 20966, 266, 282, 277, 7190156, 6980173, 0.44, 75, 500, 5, 91, 18750, 10
1, 19151, 260, 262, 266, 6765372, 6786104, 0.44, 75, 500, 5, 82, 18750, 10
1, 19280, 278, 281, 285, 7191004, 7225834, 0.44, 75, 500, 5, 83, 18750, 10
1, 19986, 231, 239, 240, 7460678, 7489463, 0.44, 75, 500, 5, 88, 18750, 10
0, 23397, 255, 291, 276, 7930838, 7612131, 0.44, 75, 500, 5, 103, 18750, 10
1, 19512, 224, 225, 228, 7717426, 7747860, 0.44, 75, 500, 5, 86, 18750, 10
0, 24597, 260, 316, 294, 8181819, 7775033, 0.44, 75, 500, 5, 110, 18750, 10
1, 19399, 247, 248, 252, 7738498, 7752840, 0.44, 75, 500, 5, 87, 18750, 10
1, 24679, 236, 254, 299, 8266829, 8344511, 0.44, 75, 500, 5, 116, 18750, 10
0, 26990, 236, 292, 306, 8825398, 8405175, 0.44, 75, 500, 5, 126, 18750, 10
0, 23115, 240, 273, 266, 7530670, 7257314, 0.44, 75, 500, 5, 100, 18750, 10
0, 21511, 267, 283, 281, 7308382, 7070193, 0.44, 75, 500, 5, 96, 18750, 10
0, 23316, 258, 292, 285, 8406418, 8111535, 0.44, 75, 500, 5, 103, 18750, 10
0, 25172, 237, 295, 292, 8287361, 7886504, 0.44, 75, 500, 5, 117, 18750, 10
1, 19416, 254, 256, 259, 7565947, 7591644, 0.44, 75, 500, 5, 87, 18750, 10
1, 19242, 258, 264, 264, 6942565, 6956998, 0.44, 75, 500, 5, 87, 18750, 10
0, 20652, 257, 274, 266, 7141334, 6925867, 0.44, 75, 500, 5, 87, 18750, 10
0, 23688, 231, 268, 253, 7761692, 7357375, 0.44, 75, 500, 5, 104, 18750, 10
0, 25947, 239, 304, 280, 8494484, 8112913, 0.44, 75, 500, 5, 119, 18750, 10
0, 27000, 224, 287, 272, 9415772, 8988396, 0.44, 75, 500, 5, 130, 18750, 10
1, 19582, 255, 258, 260, 7062747, 7084118, 0.44, 75, 500, 5, 83, 18750, 10
1, 19180, 249, 251, 254, 7523061, 7525350, 0.44, 75, 500, 5, 89, 18750, 10
1, 19804, 264, 268, 273, 7305341, 7367675, 0.44, 75, 500, 5, 87, 18750, 10
0, 21296, 276, 303, 281, 7157465, 6827659, 0.44, 75, 500, 5, 97, 18750, 10
0, 27000, 255, 331, 330, 8852842, 8659883, 0.44, 75, 500, 5, 124, 18750, 10
0, 27000, 235, 312, 298, 8766450, 8703876, 0.44, 75, 500, 5, 121, 18750, 10
1, 19000, 239, 242, 244, 7749429, 7770818, 0.44, 75, 500, 5, 84, 18750, 10
0, 21018, 276, 287, 286, 7917630, 7711895, 0.44, 75, 500, 5, 99, 18750, 10
1, 19233, 236, 237, 239, 6806742, 6810601, 0.44, 75, 500, 5, 90, 18750, 10
0, 20198, 256, 273, 260, 6972275, 6772506, 0.44, 75, 500, 5, 83, 18750, 10
1, 19259, 245, 248, 247, 6763474, 6780891, 0.44, 75, 500, 5, 81, 18750, 10
0, 23643, 269, 296, 301, 8156214, 7943723, 0.44, 75, 500, 5, 108, 18750, 10
0, 22359, 272, 304, 285, 7638624, 7400372, 0.44, 75, 500, 5, 101, 18750, 10
1, 19490, 266, 268, 271, 8247621, 8256432, 0.44, 75, 500, 5, 86, 18750, 10
1, 19282, 244, 247, 247, 7164418, 7183301, 0.44, 75, 500, 5, 85, 18750, 10
1, 19573, 247, 248, 256, 7050108, 7074738, 0.44, 75, 500, 5, 84, 18750, 10
1, 19425, 272, 274, 282, 7398183, 7426751, 0.44, 75, 500, 5, 87, 18750, 10
0, 27000, 284, 334, 338, 9095195, 8975572, 0.44, 75, 500, 5, 126, 18750, 10
1, 18988, 239, 242, 243, 6953804, 6958113, 0.44, 75, 500, 5, 76, 18750, 10
0, 26249, 259, 284, 316, 9030496, 8720696, 0.44, 75, 500, 5, 125, 18750, 10
0, 22940, 246, 292, 272, 6973727, 6769375, 0.44, 75, 500, 5, 101, 18750, 10
1, 19021, 236, 237, 241, 7801373, 7852622, 0.44, 75, 500, 5, 81, 18750, 10
0, 27000, 245, 291, 310, 8812991, 8542177, 0.44, 75, 500, 5, 126, 18750, 10
0, 24217, 261, 303, 289, 8573144, 8247189, 0.44, 75, 500, 5, 107, 18750, 10
1, 19492, 267, 268, 270, 6441837, 6522137, 0.44, 75, 500, 5, 77, 18750, 10
0, 20894, 240, 251, 251, 7766770, 7533595, 0.44, 75, 500, 5, 90, 18750, 10
1, 19265, 281, 284, 289, 7588766, 7663032, 0.44, 75, 500, 5, 85, 18750, 10
0, 27000, 241, 307, 283, 8608292, 8274598, 0.44, 75, 500, 5, 118, 18750, 10
0, 23622, 250, 283, 281, 8566105, 8268826, 0.44, 75, 500, 5, 106, 18750, 10
0, 26238, 263, 328, 311, 8605293, 8238622, 0.44, 75, 500, 5, 118, 18750, 10
1, 19732, 225, 228, 230, 7290798, 7299313, 0.44, 75, 500, 5, 84, 18750, 10
1, 19356, 261, 262, 265, 6874241, 6899403, 0.44, 75, 500, 5, 79, 18750, 10
1, 19169, 249, 251, 251, 7410068, 7457297, 0.44, 75, 500, 5, 81, 18750, 10
1, 19942, 251, 259, 254, 5800804, 5856247, 0.44, 75, 500, 4, 70, 18750, 10
1, 19009, 251, 253, 256, 5636709, 5637371, 0.44, 75, 500, 4, 62, 18750, 10
1, 19305, 256, 258, 261, 6766072, 6787631, 0.44, 75, 500, 5, 83, 18750, 10
1, 20338, 268, 273, 274, 5420922, 5445900, 0.44, 75, 500, 4, 67, 18750, 10
0, 21611, 249, 265, 260, 5890481, 5672701, 0.44, 75, 500, 4, 72, 18750, 10
1, 18886, 245, 246, 250, 7556513, 7594599, 0.44, 75, 500, 5, 86, 18750, 10
1, 21095, 256, 260, 284, 6207378, 6235135, 0.44, 75, 500, 4, 73, 18750, 10
1, 19996, 258, 262, 265, 7569060, 7603955, 0.44, 75, 500, 5, 88, 18750, 10
0, 22984, 273, 304, 297, 6285663, 6086961, 0.44, 75, 500, 4, 78, 18750, 10
0, 25374, 242, 273, 288, 6716887, 6556423, 0.44, 75, 500, 4, 88, 18750, 10
0, 22080, 237, 246, 256, 6675494, 6374921, 0.44, 75, 500, 4, 72, 18750, 10
1, 19222, 245, 248, 249, 6136910, 6140881, 0.44, 75, 500, 4, 64, 18750, 10
1, 22598, 236, 261, 252, 6608383, 6623920, 0.44, 75, 500, 4, 75, 18750, 10
0, 22904, 256, 287, 287, 6775693, 6562090, 0.44, 75, 500, 4, 75, 18750, 10
0, 27000, 260, 299, 331, 8764533, 8547223, 0.44, 75, 500, 5, 128, 18750, 10
0, 24023, 235, 284, 270, 6580091, 6273980, 0.44, 75, 500, 4, 81, 18750, 10
0, 21022, 273, 293, 279, 5106439, 4942760, 0.44, 75, 500, 4, 64, 18750, 10
1, 18919, 259, 260, 261, 5898437, 5912724, 0.44, 75, 500, 4, 66, 18750, 10
0, 21868, 236, 256, 245, 6484665, 6253831, 0.44, 75, 500, 4, 73, 18750, 10
0, 22170, 261, 287, 278, 6664659, 6457604, 0.44, 75, 500, 4, 75, 18750, 10
1, 19301, 233, 235, 236, 6216576, 6258715, 0.44, 75, 500, 4, 64, 18750, 10
1, 19059, 248, 249, 252, 6120626, 6156555, 0.44, 75, 500, 4, 64, 18750, 10
0, 22255, 243, 267, 272, 6526254, 6381134, 0.44, 75, 500, 4, 74, 18750, 10
1, 18940, 245, 246, 247, 5886161, 5890613, 0.44, 75, 500, 4, 62, 18750, 10
1, 19132, 266, 267, 269, 5040290, 5055724, 0.44, 75, 500, 4, 57, 18750, 10
1, 19049, 241, 243, 243, 5676032, 5707741, 0.44, 75, 500, 4, 64, 18750, 10
0, 21755, 262, 291, 279, 5497610, 5338665, 0.44, 75, 500, 4, 64, 18750, 10
1, 19783, 251, 256, 255, 6038578, 6049932, 0.44, 75, 500, 4, 63, 18750, 10
0, 19946, 231, 248, 236, 5816783, 5604377, 0.44, 75, 500, 4, 62, 18750, 10
1, 18945, 231, 232, 234, 5694611, 5717573, 0.44, 75, 500, 4, 61, 18750, 10
1, 19642, 241, 243, 253, 6244175, 6270481, 0.44, 75, 500, 4, 66, 18750, 10
1, 20064, 250, 256, 265, 6277116, 6321752, 0.44, 75, 500, 4, 70, 18750, 10
0, 20119, 258, 275, 261, 5076187, 4904835, 0.44, 75, 500, 4, 62, 18750, 10
0, 27000, 251, 261, 349, 7466572, 7397556, 0.44, 75, 500, 4, 100, 18750, 10
1, 19080, 241, 242, 243, 5513027, 5541183, 0.44, 75, 500, 4, 59, 18750, 10
1, 19572, 249, 251, 253, 6509293, 6527179, 0.44, 75, 500, 4, 66, 18750, 10
1, 19335, 246, 249, 250, 6376879, 6388023, 0.44, 75, 500, 4, 64, 18750, 10
1, 23355, 240, 272, 268, 6711972, 6748580, 0.44, 75, 500, 4, 78, 18750, 10
1, 19419, 272, 273, 274, 6027213, 6104511, 0.44, 75, 500, 4, 65, 18750, 10
1, 18984, 240, 241, 242, 6358509, 6368515, 0.44, 75, 500, 4, 64, 18750, 10
1, 19544, 233, 236, 246, 5870554, 5879639, 0.44, 75, 500, 4, 67, 18750, 10
1, 19755, 266, 271, 271, 5388884, 5404595, 0.44, 75, 500, 4, 61, 18750, 10
0, 21698, 197, 222, 216, 6212782, 5967221, 0.44, 75, 500, 4, 69, 18750, 10
0, 22584, 255, 287, 268, 6092343, 5844687, 0.44, 75, 500, 4, 73, 18750, 10
1, 19603, 247, 249, 257, 6484829, 6518543, 0.44, 75, 500, 4, 68, 18750, 10
0, 26612, 257, 335, 297, 6890939, 6608558, 0.44, 75, 500, 4, 92, 18750, 10
1, 19138, 260, 261, 265, 6255235, 6272033, 0.44, 75, 500, 4, 65, 18750, 10
0, 20939, 251, 272, 262, 6026900, 5892924, 0.44, 75, 500, 4, 68, 18750, 10
0, 24957, 232, 287, 272, 6459753, 6113965, 0.44, 75, 500, 4, 90, 18750, 10
1, 19423, 240, 243, 243, 5295984, 5312744, 0.44, 75, 500, 4, 62, 18750, 10
0, 24027, 232, 278, 257, 6435635, 6146970, 0.44, 75, 500, 4, 72, 18750, 10
0, 24499, 263, 308, 300, 6039618, 5845409, 0.44, 75, 500, 4, 80, 18750, 10
0, 26542, 222, 283, 267, 6898417, 6656480, 0.44, 75, 500, 4, 88, 18750, 10
1, 19006, 244, 245, 247, 6149016, 6165257, 0.44, 75, 500, 4, 64, 18750, 10
0, 24628, 249, 297, 278, 6523867, 6258865, 0.44, 75, 500, 4, 77, 18750, 10
1, 19748, 249, 252, 256, 6075056, 6099045, 0.44, 75, 500, 4, 72, 18750, 10
0, 21556, 265, 283, 278, 6075719, 5941244, 0.44, 75, 500, 4, 67, 18750, 10
0, 22020, 263, 289, 279, 6176065, 5969042, 0.44, 75, 500, 4, 72, 18750, 10
1, 19342, 206, 208, 212, 5883321, 5889766, 0.44, 75, 500, 4, 57, 18750, 10
0, 22334, 256, 281, 270, 5823079, 5540911, 0.44, 75, 500, 4, 72, 18750, 10
1, 19192, 259, 260, 261, 5566864, 5607594, 0.44, 75, 500, 4, 61, 18750, 10
0, 19268, 235, 239, 236, 5039140, 4898475, 0.44, 75, 500, 4, 56, 18750, 10
1, 24885, 251, 291, 287, 6769320, 6777904, 0.44, 75, 500, 4, 81, 18750, 10
1, 18868, 252, 253, 255, 5824324, 5833138, 0.44, 75, 500, 4, 64, 18750, 10
1, 19389, 256, 258, 263, 5885571, 5899711, 0.44, 75, 500, 4, 59, 18750, 10
0, 25083, 244, 288, 285, 6705759, 6353546, 0.44, 75, 500, 4, 84, 18750, 10
1, 19813, 267, 275, 272, 6358064, 6368949, 0.44, 75, 500, 4, 66, 18750, 10
1, 18853, 254, 255, 256, 5618274, 5623258, 0.44, 75, 500, 4, 59, 18750, 10
1, 19284, 240, 241, 247, 5952019, 5964602, 0.44, 75, 500, 4, 63, 18750, 10
0, 22735, 255, 288, 262, 5935402, 5692586, 0.44, 75, 500, 4, 69, 18750, 10
0, 22929, 243, 284, 263, 6422368, 6189061, 0.44, 75, 500, 4, 74, 18750, 10
1, 19775, 242, 247, 253, 5614562, 5639799, 0.44, 75, 500, 4, 63, 18750, 10
1, 20084, 248, 250, 264, 7021121, 7036158, 0.44, 75, 500, 4, 72, 18750, 10
1, 19832, 285, 291, 291, 5586197, 5602704, 0.44, 75, 500, 4, 63, 18750, 10
1, 20403, 266, 276, 275, 5804155, 5809667, 0.44, 75, 500, 4, 65, 18750, 10
0, 21784, 257, 284, 274, 6050897, 5847248, 0.44, 75, 500, 4, 70, 18750, 10
0, 24807, 268, 312, 305, 6789534, 6534164, 0.44, 75, 500, 4, 83, 18750, 10
0, 26999, 241, 296, 274, 7022449, 6752166, 0.44, 75, 500, 4, 91, 18750, 10
1, 19707, 257, 262, 261, 5748591, 5773117, 0.44, 75, 500, 4, 63, 18750, 10
0, 21907, 257, 290, 280, 5663236, 5526617, 0.44, 75, 500, 4, 72, 18750, 10
1, 19618, 215, 222, 223, 6001015, 6028388, 0.44, 75, 500, 4, 62, 18750, 10
1, 19252, 244, 247, 251, 5937036, 5947444, 0.44, 75, 500, 4, 64, 18750, 10
0, 22753, 252, 289, 269, 5697597, 5499067, 0.44, 75, 500, 4, 70, 18750, 10
1, 19433, 219, 220, 231, 6187106, 6256931, 0.44, 75, 500, 4, 65, 18750, 10
1, 19019, 280, 282, 282, 6706102, 6708636, 0.44, 75, 500, 4, 63, 18750, 10
0, 20778, 273, 283, 279, 5639076, 5526095, 0.44, 75, 500, 4, 62, 18750, 10
1, 19451, 233, 234, 245, 6199863, 6248538, 0.44, 75, 500, 4, 71, 18750, 10
0, 27000, 262, 299, 342, 7174371, 7044894, 0.44, 75, 500, 4, 105, 18750, 10
1, 19850, 241, 248, 250, 5571864, 5587094, 0.44, 75, 500, 4, 65, 18750, 10
1, 19207, 275, 276, 278, 5737847, 5741586, 0.44, 75, 500, 4, 60, 18750, 10
1, 21654, 239, 261, 258, 6374653, 6393295, 0.44, 75, 500, 4, 73, 18750, 10
1, 19860, 261, 262, 269, 6197484, 6215482, 0.44, 75, 500, 4, 66, 18750, 10
1, 20031, 233, 238, 239, 4552637, 4564714, 0.44, 75, 500, 3, 47, 18750, 10
1, 19638, 256, 259, 263, 5570053, 5602921, 0.44, 75, 500, 4, 66, 18750, 10
1, 19114, 245, 246, 248, 5962602, 5964922, 0.44, 75, 500, 4, 61, 18750, 10
0, 22636, 243, 283, 262, 6509134, 6281342, 0.44, 75, 500, 4, 77, 18750, 10
1, 20844, 252, 261, 263, 6237166, 6268710, 0.44, 75, 500, 4, 73, 18750, 10
0, 27000, 260, 325, 321, 7413033, 7205876, 0.44, 75, 500, 4, 93, 18750, 10
1, 22488, 244, 252, 292, 6535611, 6713348, 0.44, 75, 500, 4, 80, 18750, 10
0, 23515, 243, 287, 278, 4643187, 4476243, 0.44, 75, 500, 3, 57, 18750, 10
0, 21341, 272, 293, 285, 5766728, 5593612, 0.44, 75, 500, 4, 65, 18750, 10
0, 21562, 229, 261, 242, 5436776, 5208374, 0.44, 75, 500, 4, 67, 18750, 10
0, 23945, 238, 284, 261, 6226320, 5937360, 0.44, 75, 500, 4, 77, 18750, 10
0, 26311, 260, 321, 327, 6365503, 6156928, 0.44, 75, 500, 4, 87, 18750, 10
0, 20677, 243, 259, 248, 4039701, 3903734, 0.44, 75, 500, 3, 47, 18750, 10
0, 22820, 246, 276, 270, 6706594, 6404098, 0.44, 75, 500, 4, 79, 18750, 10
0, 22831, 254, 291, 280, 4953705, 4714134, 0.44, 75, 500, 3, 55, 18750, 10
1, 19866, 242, 247, 247, 4790015, 4815339, 0.44, 75, 500, 3, 46, 18750, 10
0, 22148, 255, 285, 271, 4443495, 4286797, 0.44, 75, 500, 3, 49, 18750, 10
0, 21493, 290, 307, 300, 4759348, 4575032, 0.44, 75, 500, 3, 48, 18750, 10
0, 27000, 247, 304, 315, 7284171, 7174930, 0.44, 75, 500, 4, 98, 18750, 10
0, 25725, 276, 335, 311, 5277240, 5069016, 0.44, 75, 500, 3, 64, 18750, 10
0, 20627, 255, 278, 266, 4039566, 3919066, 0.44, 75, 500, 3, 46, 18750, 10
0, 26130, 242, 301, 294, 5446985, 5265786, 0.44, 75, 500, 3, 66, 18750, 10
1, 19908, 264, 268, 272, 4648693, 4740618, 0.44, 75, 500, 3, 45, 18750, 10
1, 20555, 248, 256, 259, 4543472, 4570306, 0.44, 75, 500, 3, 47, 18750, 10
0, 21278, 295, 320, 299, 3880139, 3708836, 0.44, 75, 500, 3, 45, 18750, 10
1, 19230, 240, 242, 245, 4494162, 4509663, 0.44, 75, 500, 3, 44, 18750, 10
0, 20313, 268, 276, 269, 4141516, 3994451, 0.44, 75, 500, 3, 45, 18750, 10
0, 23190, 242, 270, 264, 5154355, 5002513, 0.44, 75, 500, 3, 56, 18750, 10
1, 19335, 231, 232, 235, 5222755, 5290144, 0.44, 75, 500, 3, 45, 18750, 10
0, 24436, 256, 291, 300, 5254549, 5070511, 0.44, 75, 500, 3, 58, 18750, 10
0, 21462, 250, 282, 264, 4293621, 4125947, 0.44, 75, 500, 3, 48, 18750, 10
1, 19548, 255, 258, 263, 4237808, 4290739, 0.44, 75, 500, 3, 44, 18750, 10
1, 19082, 264, 265, 270, 4657024, 4673579, 0.44, 75, 500, 3, 45, 18750, 10
0, 21928, 253, 293, 274, 4409882, 4165060, 0.44, 75, 500, 3, 52, 18750, 10
1, 19636, 255, 261, 262, 4384036, 4388556, 0.44, 75, 500, 3, 44, 18750, 10
1, 19522, 257, 258, 260, 4700320, 4715704, 0.44, 75, 500, 3, 48, 18750, 10
1, 20151, 271, 273, 284, 4319431, 4372336, 0.44, 75, 500, 3, 49, 18750, 10
0, 19479, 253, 264, 255, 4318669, 4181782, 0.44, 75, 500, 3, 42, 18750, 10
1, 20026, 218, 220, 227, 5318435, 5385870, 0.44, 75, 500, 3, 49, 18750, 10
1, 20084, 275, 276, 280, 3832594, 3840834, 0.44, 75, 500, 3, 44, 18750, 10
0, 21158, 265, 282, 271, 3756230, 3634644, 0.44, 75, 500, 3, 44, 18750, 10
1, 19764, 279, 284, 287, 4296021, 4324446, 0.44, 75, 500, 3, 45, 18750, 10
1, 18992, 234, 235, 237, 4282275, 4291554, 0.44, 75, 500, 3, 46, 18750, 10
0, 21812, 262, 281, 277, 4524232, 4373695, 0.44, 75, 500, 3, 50, 18750, 10
1, 21176, 253, 267, 275, 4314685, 4318063, 0.44, 75, 500, 3, 48, 18750, 10
1, 19901, 231, 237, 238, 4315976, 4352391, 0.44, 75, 500, 3, 47, 18750, 10
1, 20498, 267, 279, 280, 4588429, 4599533, 0.44, 75, 500, 3, 47, 18750, 10
1, 19184, 228, 231, 231, 3785082, 3787698, 0.44, 75, 500, 3, 39, 18750, 10
1, 19676, 244, 246, 252, 4359668, 4366622, 0.44, 75, 500, 3, 51, 18750, 10
0, 22045, 249, 275, 262, 5111389, 4902686, 0.44, 75, 500, 3, 51, 18750, 10
1, 19158, 271, 273, 278, 4465515, 4479839, 0.44, 75, 500, 3, 46, 18750, 10
0, 25937, 246, 293, 295, 5359371, 5221578, 0.44, 75, 500, 3, 63, 18750, 10
0, 20964, 254, 267, 258, 4063831, 3935273, 0.44, 75, 500, 3, 45, 18750, 10
0, 21372, 263, 284, 275, 4048571, 3930484, 0.44, 75, 500, 3, 44, 18750, 10
1, 21942, 240, 263, 264, 4755940, 4768692, 0.44, 75, 500, 3, 52, 18750, 10
1, 19599, 280, 283, 283, 4264879, 4284588, 0.44, 75, 500, 3, 46, 18750, 10
0, 27000, 248, 306, 330, 5109922, 5013441, 0.44, 75, 500, 3, 68, 18750, 10
1, 19986, 228, 235, 235, 4421207, 4473284, 0.44, 75, 500, 3, 45, 18750, 10
0, 20962, 266, 289, 273, 4127015, 3953203, 0.44, 75, 500, 3, 44, 18750, 10
1, 19329, 241, 245, 247, 4359437, 4399204, 0.44, 75, 500, 3, 45, 18750, 10
0, 23587, 263, 297, 291, 5008040, 4833328, 0.44, 75, 500, 3, 58, 18750, 10
0, 22812, 236, 253, 261, 5177112, 4951556, 0.44, 75, 500, 3, 59, 18750, 10
1, 19887, 250, 254, 258, 4689198, 4718211, 0.44, 75, 500, 3, 45, 18750, 10
0, 23491, 237, 271, 258, 3978165, 3839723, 0.44, 75, 500, 3, 52, 18750, 10
1, 22697, 229, 240, 272, 4779249, 4857369, 0.44, 75, 500, 3, 57, 18750, 10
0, 25771, 223, 282, 272, 5193642, 4962479, 0.44, 75, 500, 3, 65, 18750, 10
1, 18972, 266, 267, 269, 4410524, 4425856, 0.44, 75, 500, 3, 46, 18750, 10
0, 27000, 230, 268, 314, 5647524, 5432393, 0.44, 75, 500, 3, 71, 18750, 10
1, 19432, 237, 240, 242, 4538726, 4547855, 0.44, 75, 500, 3, 51, 18750, 10
0, 20775, 259, 273, 271, 5235059, 5092711, 0.44, 75, 500, 3, 51, 18750, 10
1, 19574, 245, 250, 248, 3839693, 3854418, 0.44, 75, 500, 3, 43, 18750, 10
0, 20332, 240, 259, 249, 4702224, 4547820, 0.44, 75, 500, 3, 49, 18750, 10
1, 18993, 250, 252, 255, 4374328, 4377757, 0.44, 75, 500, 3, 47, 18750, 10
0, 27000, 251, 287, 326, 5727497, 5680933, 0.44, 75, 500, 3, 71, 18750, 10
1, 19537, 249, 253, 255, 4509192, 4516930, 0.44, 75, 500, 3, 45, 18750, 10
0, 23739, 261, 299, 290, 4922935, 4759241, 0.44, 75, 500, 3, 60, 18750, 10
1, 19511, 257, 259, 262, 4609797, 4634145, 0.44, 75, 500, 3, 49, 18750, 10
0, 21267, 235, 260, 252, 4082577, 3891532, 0.44, 75, 500, 3, 49, 18750, 10
0, 20081, 228, 234, 235, 4774405, 4627922, 0.44, 75, 500, 3, 52, 18750, 10
0, 20891, 235, 257, 243, 4357364, 4172369, 0.44, 75, 500, 3, 48, 18750, 10
1, 19745, 278, 280, 290, 4687190, 4777112, 0.44, 75, 500, 3, 50, 18750, 10
1, 19219, 214, 215, 220, 4931540, 4971104, 0.44, 75, 500, 3, 48, 18750, 10
0, 20684, 248, 262, 252, 4801654, 4643384, 0.44, 75, 500, 3, 49, 18750, 10
0, 22260, 262, 293, 277, 4514274, 4359612, 0.44, 75, 500, 3, 54, 18750, 10
1, 20148, 264, 269, 270, 4751740, 4775131, 0.44, 75, 500, 3, 48, 18750, 10
1, 19031, 248, 249, 251, 4345136, 4357396, 0.44, 75, 500, 3, 48, 18750, 10
0, 23178, 234, 263, 250, 4721596, 4492167, 0.44, 75, 500, 3, 53, 18750, 10
1, 19165, 257, 258, 262, 5150099, 5160669, 0.44, 75, 500, 3, 52, 18750, 10
0, 27000, 241, 263, 336, 5749499, 5842109, 0.44, 75, 500, 3, 74, 18750, 10
0, 26569, 263, 316, 311, 5856436, 5616787, 0.44, 75, 500, 3, 67, 18750, 10
1, 19572, 257, 265, 260, 3693067, 3706755, 0.44, 75, 500, 3, 46, 18750, 10
0, 22561, 248, 281, 271, 4391689, 4234119, 0.44, 75, 500, 3, 51, 18750, 10
0, 22784, 261, 301, 290, 4314834, 4147066, 0.44, 75, 500, 3, 54, 18750, 10
0, 22307, 242, 265, 259, 4431007, 4302022, 0.44, 75, 500, 3, 55, 18750, 10
0, 24789, 255, 301, 280, 4538421, 4382249, 0.44, 75, 500, 3, 60, 18750, 10
1, 19906, 258, 263, 264, 3974697, 3999564, 0.44, 75, 500, 3, 48, 18750, 10
1, 20234, 254, 260, 262, 4519210, 4525970, 0.44, 75, 500, 3, 50, 18750, 10
1, 19374, 261, 265, 270, 4363246, 4366508, 0.44, 75, 500, 3, 46, 18750, 10
1, 19482, 258, 261, 263, 4112423, 4160032, 0.44, 75, 500, 3, 47, 18750, 10
1, 19242, 283, 287, 285, 4683013, 4700579, 0.44, 75, 500, 3, 49, 18750, 10
1, 20134, 285, 293, 292, 2394274, 2395350, 0.44, 75, 500, 2, 28, 18750, 10
0, 22515, 228, 257, 245, 4832969, 4640839, 0.44, 75, 500, 3, 53, 18750, 10
1, 23105, 245, 259, 286, 4962891, 4995572, 0.44, 75, 500, 3, 61, 18750, 10
1, 19814, 245, 250, 252, 2920838, 2925378, 0.44, 75, 500, 2, 30, 18750, 10
1, 19594, 257, 261, 263, 4114835, 4123862, 0.44, 75, 500, 3, 47, 18750, 10
1, 19849, 266, 270, 279, 4210264, 4225621, 0.44, 75, 500, 3, 49, 18750, 10
0, 22462, 222, 249, 238, 3120844, 2985147, 0.44, 75, 500, 2, 33, 18750, 10
0, 20469, 245, 256, 250, 3339668, 3236161, 0.44, 75, 500, 2, 33, 18750, 10
1, 18904, 243, 244, 246, 4344291, 4355261, 0.44, 75, 500, 3, 45, 18750, 10
1, 19141, 284, 286, 286, 4118042, 4136544, 0.44, 75, 500, 3, 44, 18750, 10
1, 19835, 241, 243, 244, 4402907, 4410162, 0.44, 75, 500, 3, 47, 18750, 10
0, 27000, 264, 318, 320, 5300135, 5197374, 0.44, 75, 500, 3, 71, 18750, 10
1, 20023, 223, 225, 233, 2842573, 2856858, 0.44, 75, 500, 2, 29, 18750, 10
0, 24074, 239, 277, 260, 4675164, 4469630, 0.44, 75, 500, 3, 58, 18750, 10
0, 27000, 249, 294, 304, 5872227, 5760430, 0.44, 75, 500, 3, 73, 18750, 10
0, 25526, 248, 290, 292, 5304497, 5103242, 0.44, 75, 500, 3, 67, 18750, 10
1, 19732, 252, 258, 262, 2819267, 2823901, 0.44, 75, 500, 2, 30, 18750, 10
1, 19389, 215, 216, 220, 3352535, 3366813, 0.44, 75, 500, 2, 31, 18750, 10
1, 20612, 245, 251, 253, 2507458, 2530205, 0.44, 75, 500, 2, 29, 18750, 10
1, 19774, 256, 262, 262, 2970477, 2971044, 0.44, 75, 500, 2, 29, 18750, 10
1, 21067, 248, 266, 263, 3120726, 3126010, 0.44, 75, 500, 2, 35, 18750, 10
1, 19805, 273, 276, 280, 2933139, 2938440, 0.44, 75, 500, 2, 30, 18750, 10
0, 20311, 250, 266, 254, 2988127, 2879618, 0.44, 75, 500, 2, 30, 18750, 10
1, 21181, 229, 250, 239, 2983748, 2988241, 0.44, 75, 500, 2, 33, 18750, 10
0, 27000, 262, 315, 330, 5462732, 5356705, 0.44, 75, 500, 3, 72, 18750, 10
1, 19140, 239, 241, 245, 3358411, 3391622, 0.44, 75, 500, 2, 30, 18750, 10
1, 19102, 217, 218, 220, 3276585, 3320450, 0.44, 75, 500, 2, 32, 18750, 10
1, 20357, 263, 268, 281, 3540982, 3625289, 0.44, 75, 500, 2, 33, 18750, 10
0, 24294, 263, 305, 294, 3252993, 3148742, 0.44, 75, 500, 2, 37, 18750, 10
0, 27000, 241, 307, 305, 3328078, 3278402, 0.44, 75, 500, 2, 43, 18750, 10
0, 21418, 240, 266, 254, 2576845, 2477184, 0.44, 75, 500, 2, 29, 18750, 10
1, 19113, 210, 211, 216, 3026546, 3044429, 0.44, 75, 500, 2, 31, 18750, 10
0, 20796, 272, 290, 287, 2941135, 2844738, 0.44, 75, 500, 2, 32, 18750, 10
1, 19882, 283, 290, 289, 2714943, 2731368, 0.44, 75, 500, 2, 29, 18750, 10
0, 27000, 262, 334, 314, 3563000, 3505852, 0.44, 75, 500, 2, 42, 18750, 10
0, 20843, 216, 236, 224, 2704545, 2594024, 0.44, 75, 500, 2, 28, 18750, 10
0, 21358, 246, 261, 262, 3100618, 3007845, 0.44, 75, 500, 2, 33, 18750, 10
1, 19979, 271, 278, 277, 2996268, 3005728, 0.44, 75, 500, 2, 29, 18750, 10
0, 20879, 281, 297, 290, 3131739, 3006092, 0.44, 75, 500, 2, 32, 18750, 10
1, 19756, 259, 264, 269, 3044151, 3104546, 0.44, 75, 500, 2, 31, 18750, 10
0, 22230, 237, 264, 252, 2781671, 2671187, 0.44, 75, 500, 2, 30, 18750, 10
0, 20920, 220, 239, 228, 2555752, 2455062, 0.44, 75, 500, 2, 29, 18750, 10
0, 20741, 247, 269, 255, 2565742, 2458836, 0.44, 75, 500, 2, 28, 18750, 10
0, 20381, 263, 278, 267, 2390469, 2291320, 0.44, 75, 500, 2, 26, 18750, 10
0, 20390, 230, 242, 236, 3118520, 3014418, 0.44, 75, 500, 2, 28, 18750, 10
1, 20099, 259, 266, 270, 3373078, 3398311, 0.44, 75, 500, 2, 33, 18750, 10
0, 27000, 240, 316, 304, 3135830, 3078065, 0.44, 75, 500, 2, 44, 18750, 10
0, 20564, 224, 238, 227, 2981774, 2864704, 0.44, 75, 500, 2, 28, 18750, 10
1, 20381, 240, 248, 251, 3177050, 3199574, 0.44, 75, 500, 2, 31, 18750, 10
1, 20418, 254, 263, 268, 3152268, 3167786, 0.44, 75, 500, 2, 31, 18750, 10
0, 20563, 261, 275, 270, 2783550, 2686069, 0.44, 75, 500, 2, 30, 18750, 10
1, 18894, 258, 259, 260, 2891766, 2929584, 0.44, 75, 500, 2, 30, 18750, 10
0, 22824, 246, 282, 277, 3206230, 3122166, 0.44, 75, 500, 2, 36, 18750, 10
1, 20206, 264, 270, 270, 3168606, 3184949, 0.44, 75, 500, 2, 36, 18750, 10
1, 19243, 245, 248, 250, 2833919, 2844405, 0.44, 75, 500, 2, 28, 18750, 10
1, 19835, 267, 269, 275, 3139120, 3146320, 0.44, 75, 500, 2, 32, 18750, 10
0, 21012, 264, 286, 274, 2577583, 2470697, 0.44, 75, 500, 2, 28, 18750, 10
0, 19702, 268, 281, 270, 2833879, 2746055, 0.44, 75, 500, 2, 28, 18750, 10
0, 21621, 244, 255, 261, 3582904, 3479415, 0.44, 75, 500, 2, 35, 18750, 10
0, 20537, 260, 276, 266, 2730506, 2625319, 0.44, 75, 500, 2, 29, 18750, 10
0, 21741, 237, 267, 252, 2536759, 2420760, 0.44, 75, 500, 2, 30, 18750, 10
1, 19935, 269, 274, 276, 2341547, 2352872, 0.44, 75, 500, 2, 29, 18750, 10
1, 20983, 240, 246, 260, 3259838, 3273660, 0.44, 75, 500, 2, 34, 18750, 10
1, 19825, 261, 266, 269, 2595066, 2613155, 0.44, 75, 500, 2, 30, 18750, 10
1, 21942, 292, 310, 315, 3236494, 3256533, 0.44, 75, 500, 2, 36, 18750, 10
0, 24667, 261, 323, 304, 3249471, 3091898, 0.44, 75, 500, 2, 38, 18750, 10
1, 19758, 207, 212, 219, 3192326, 3250799, 0.44, 75, 500, 2, 32, 18750, 10
1, 20270, 270, 276, 276, 2397540, 2414738, 0.44, 75, 500, 2, 28, 18750, 10
0, 25483, 255, 316, 286, 3169549, 3026094, 0.44, 75, 500, 2, 43, 18750, 10
0, 21332, 260, 285, 271, 2867461, 2755649, 0.44, 75, 500, 2, 32, 18750, 10
1, 20761, 229, 239, 254, 3080398, 3120055, 0.44, 75, 500, 2, 35, 18750, 10
0, 21568, 221, 248, 236, 2746889, 2625844, 0.44, 75, 500, 2, 32, 18750, 10
0, 19989, 244, 261, 249, 2466660, 2376911, 0.44, 75, 500, 2, 28, 18750, 10
1, 20243, 240, 242, 256, 3642850, 3667006, 0.44, 75, 500, 2, 32, 18750, 10
1, 19681, 263, 268, 268, 3062926, 3070117, 0.44, 75, 500, 2, 32, 18750, 10
1, 19922, 287, 292, 296, 2807830, 2834396, 0.44, 75, 500, 2, 30, 18750, 10
1, 20050, 252, 256, 263, 3422127, 3425523, 0.44, 75, 500, 2, 33, 18750, 10
1, 19942, 236, 241, 247, 3088595, 3128143, 0.44, 75, 500, 2, 31, 18750, 10
0, 25327, 252, 290, 310, 3840590, 3697222, 0.44, 75, 500, 2, 44, 18750, 10
1, 19330, 260, 263, 266, 2923467, 2932348, 0.44, 75, 500, 2, 29, 18750, 10
1, 19812, 244, 249, 257, 2832385, 2861011, 0.44, 75, 500, 2, 31, 18750, 10
0, 27000, 232, 307, 289, 3334152, 3239320, 0.44, 75, 500, 2, 43, 18750, 10
0, 20626, 238, 258, 249, 2923294, 2839474, 0.44, 75, 500, 2, 34, 18750, 10
1, 19733, 260, 267, 268, 2682464, 2682652, 0.44, 75, 500, 2, 28, 18750, 10
0, 21643, 269, 289, 285, 3391414, 3300757, 0.44, 75, 500, 2, 34, 18750, 10
1, 22920, 270, 292, 314, 3421396, 3436349, 0.44, 75, 500, 2, 40, 18750, 10
0, 23627, 279, 321, 301, 3113565, 2983384, 0.44, 75, 500, 2, 38, 18750, 10
0, 21011, 251, 267, 272, 3561400, 3455670, 0.44, 75, 500, 2, 34, 18750, 10
1, 19946, 281, 286, 286, 3071679, 3079057, 0.44, 75, 500, 2, 32, 18750, 10
0, 21819, 267, 289, 280, 3192866, 3068444, 0.44, 75, 500, 2, 38, 18750, 10
0, 21255, 260, 289, 271, 2799556, 2681971, 0.44, 75, 500, 2, 33, 18750, 10
1, 19321, 208, 215, 212, 2968530, 2974296, 0.44, 75, 500, 2, 31, 18750, 10
1, 19555, 216, 218, 224, 3291025, 3306949, 0.44, 75, 500, 2, 35, 18750, 10
0, 24817, 236, 284, 266, 3133526, 2983140, 0.44, 75, 500, 2, 41, 18750, 10
0, 27000, 269, 328, 321, 3289671, 3182354, 0.44, 75, 500, 2, 45, 18750, 10
0, 20296, 239, 257, 246, 1425563, 1366782, 0.44, 75, 500, 1, 16, 18750, 10
1, 20093, 286, 295, 299, 2826391, 2829958, 0.44, 75, 500, 2, 33, 18750, 10
1, 19687, 233, 237, 242, 3082375, 3130713, 0.44, 75, 500, 2, 32, 18750, 10
1, 20343, 268, 273, 277, 2991766, 2997722, 0.44, 75, 500, 2, 32, 18750, 10
1, 19406, 207, 209, 214, 3409938, 3426186, 0.44, 75, 500, 2, 35, 18750, 10
1, 21553, 259, 275, 275, 1525538, 1525616, 0.44, 75, 500, 1, 17, 18750, 10
0, 22439, 239, 263, 251, 2837743, 2718425, 0.44, 75, 500, 2, 33, 18750, 10
1, 22678, 227, 242, 261, 3912072, 3917152, 0.44, 75, 500, 2, 41, 18750, 10
0, 24344, 264, 299, 299, 3195692, 3095710, 0.44, 75, 500, 2, 41, 18750, 10
1, 19553, 252, 257, 261, 3009605, 3049630, 0.44, 75, 500, 2, 34, 18750, 10
0, 25310, 257, 289, 300, 3503490, 3359148, 0.44, 75, 500, 2, 44, 18750, 10
1, 19943, 251, 255, 260, 3093729, 3137046, 0.44, 75, 500, 2, 34, 18750, 10
1, 20851, 262, 275, 280, 3110661, 3125964, 0.44, 75, 500, 2, 35, 18750, 10
1, 20545, 249, 257, 258, 2841823, 2842267, 0.44, 75, 500, 2, 32, 18750, 10
1, 24974, 256, 298, 299, 1629714, 1633499, 0.44, 75, 500, 1, 19, 18750, 10
0, 21765, 252, 281, 270, 1700437, 1633436, 0.44, 75, 500, 1, 17, 18750, 10
0, 23266, 306, 337, 326, 2965575, 2842362, 0.44, 75, 500, 2, 37, 18750, 10
1, 22532, 274, 302, 303, 3156554, 3161217, 0.44, 75, 500, 2, 38, 18750, 10
1, 19431, 274, 277, 281, 3135719, 3192067, 0.44, 75, 500, 2, 31, 18750, 10
1, 20121, 277, 288, 292, 1380176, 1401886, 0.44, 75, 500, 1, 15, 18750, 10
1, 21624, 277, 296, 301, 3464170, 3480925, 0.44, 75, 500, 2, 37, 18750, 10
0, 21854, 257, 289, 278, 1490959, 1431843, 0.44, 75, 500, 1, 16, 18750, 10
0, 27000, 242, 302, 293, 1699536, 1650550, 0.44, 75, 500, 1, 21, 18750, 10
0, 21836, 260, 283, 273, 1577294, 1519472, 0.44, 75, 500, 1, 16, 18750, 10
1, 20861, 257, 267, 269, 1629948, 1642479, 0.44, 75, 500, 1, 14, 18750, 10
0, 23720, 266, 308, 298, 1673002, 1611293, 0.44, 75, 500, 1, 18, 18750, 10
0, 22454, 233, 264, 254, 1555169, 1499830, 0.44, 75, 500, 1, 17, 18750, 10
1, 20665, 237, 249, 252, 1337391, 1353746, 0.44, 75, 500, 1, 14, 18750, 10
0, 23039, 248, 284, 279, 3018182, 2891020, 0.44, 75, 500, 2, 36, 18750, 10
1, 21056, 274, 284, 291, 1551142, 1593241, 0.44, 75, 500, 1, 17, 18750, 10
1, 20333, 247, 258, 263, 1491187, 1520105, 0.44, 75, 500, 1, 15, 18750, 10
1, 23469, 267, 296, 297, 1590308, 1594360, 0.44, 75, 500, 1, 17, 18750, 10
0, 21012, 250, 275, 264, 1458724, 1400190, 0.44, 75, 500, 1, 15, 18750, 10
1, 20056, 248, 259, 260, 1461420, 1466375, 0.44, 75, 500, 1, 15, 18750, 10
1, 24164, 231, 265, 266, 1693485, 1694306, 0.44, 75, 500, 1, 18, 18750, 10
0, 20884, 256, 274, 263, 1377699, 1322360, 0.44, 75, 500, 1, 15, 18750, 10
0, 21882, 228, 255, 244, 1590372, 1527512, 0.44, 75, 500, 1, 16, 18750, 10
1, 20618, 259, 269, 272, 1512272, 1529940, 0.44, 75, 500, 1, 15, 18750, 10
0, 23152, 253, 284, 273, 1620675, 1559081, 0.44, 75, 500, 1, 18, 18750, 10
1, 20280, 226, 237, 237, 1368741, 1369079, 0.44, 75, 500, 1, 14, 18750, 10
0, 23248, 246, 283, 274, 1615257, 1558981, 0.44, 75, 500, 1, 16, 18750, 10
0, 24167, 222, 262, 251, 1716290, 1654132, 0.44, 75, 500, 1, 19, 18750, 10
1, 20554, 251, 262, 268, 1386099, 1417626, 0.44, 75, 500, 1, 15, 18750, 10
1, 21023, 238, 249, 256, 1463404, 1509622, 0.44, 75, 500, 1, 15, 18750, 10
0, 23750, 261, 300, 289, 1596234, 1535130, 0.44, 75, 500, 1, 18, 18750, 10
0, 21405, 241, 268, 258, 1317841, 1270036, 0.44, 75, 500, 1, 15, 18750, 10
1, 21819, 239, 261, 262, 1295358, 1298883, 0.44, 75, 500, 1, 16, 18750, 10
1, 21141, 250, 261, 265, 1502166, 1525584, 0.44, 75, 500, 1, 15, 18750, 10
1, 20809, 238, 248, 258, 1645476, 1709454, 0.44, 75, 500, 1, 15, 18750, 10
1, 20410, 236, 246, 248, 1621765, 1635288, 0.44, 75, 500, 1, 15, 18750, 10
1, 21336, 225, 239, 239, 1543672, 1544013, 0.44, 75, 500, 1, 15, 18750, 10
1, 19999, 262, 273, 274, 1355676, 1360499, 0.44, 75, 500, 1, 14, 18750, 10
1, 20066, 277, 287, 287, 1501666, 1501982, 0.44, 75, 500, 1, 14, 18750, 10
1, 20516, 295, 304, 307, 1522473, 1533169, 0.44, 75, 500, 1, 15, 18750, 10
1, 20568, 251, 267, 268, 1409532, 1414478, 0.44, 75, 500, 1, 14, 18750, 10
0, 27000, 252, 313, 305, 1657727, 1613176, 0.44, 75, 500, 1, 21, 18750, 10
1, 21051, 236, 244, 245, 1744558, 1745127, 0.44, 75, 500, 1, 15, 18750, 10
0, 24011, 219, 265, 254, 1643556, 1583056, 0.44, 75, 500, 1, 19, 18750, 10
0, 22693, 256, 289, 278, 1610124, 1550823, 0.44, 75, 500, 1, 17, 18750, 10
1, 19991, 234, 244, 244, 1599833, 1600641, 0.44, 75, 500, 1, 13, 18750, 10
1, 20640, 224, 236, 237, 1621257, 1627090, 0.44, 75, 500, 1, 15, 18750, 10
0, 20556, 256, 276, 265, 1535913, 1473900, 0.44, 75, 500, 1, 14, 18750, 10
1, 20157, 253, 264, 264, 1371591, 1371971, 0.44, 75, 500, 1, 14, 18750, 10
0, 21980, 256, 282, 271, 1462568, 1404606, 0.44, 75, 500, 1, 16, 18750, 10
0, 22092, 243, 270, 259, 1654822, 1591264, 0.44, 75, 500, 1, 15, 18750, 10
1, 20708, 251, 263, 267, 1316774, 1336464, 0.44, 75, 500, 1, 15, 18750, 10
1, 21725, 247, 269, 268, 1602392, 1602398, 0.44, 75, 500, 1, 15, 18750, 10
0, 22877, 254, 283, 272, 1706373, 1640505, 0.44, 75, 500, 1, 17, 18750, 10
1, 21509, 268, 284, 285, 1470715, 1475474, 0.44, 75, 500, 1, 16, 18750, 10
0, 22114, 234, 264, 252, 1502103, 1443561, 0.44, 75, 500, 1, 16, 18750, 10
1, 21845, 285, 311, 312, 1651210, 1656375, 0.44, 75, 500, 1, 16, 18750, 10
0, 19933, 265, 279, 269, 1477266, 1421548, 0.44, 75, 500, 1, 14, 18750, 10
1, 20025, 249, 259, 259, 1536307, 1536418, 0.44, 75, 500, 1, 15, 18750, 10
0, 20261, 272, 289, 278, 1488168, 1427340, 0.44, 75, 500, 1, 14, 18750, 10
0, 23654, 249, 285, 274, 1546991, 1491079, 0.44, 75, 500, 1, 18, 18750, 10
1, 20279, 241, 252, 253, 1485146, 1485468, 0.44, 75, 500, 1, 14, 18750, 10
0, 22651, 235, 264, 253, 1527375, 1469050, 0.44, 75, 500, 1, 16, 18750, 10
1, 21783, 245, 264, 265, 1479477, 1483926, 0.44, 75, 500, 1, 16, 18750, 10
1, 20788, 252, 263, 267, 1409617, 1432436, 0.44, 75, 500, 1, 14, 18750, 10
0, 21631, 249, 274, 263, 1537831, 1479096, 0.44, 75, 500, 1, 15, 18750, 10
0, 21519, 249, 273, 263, 1455410, 1402329, 0.44, 75, 500, 1, 16, 18750, 10
0, 21676, 255, 281, 270, 1644047, 1580357, 0.44, 75, 500, 1, 16, 18750, 10
0, 20731, 266, 283, 272, 1717153, 1647424, 0.44, 75, 500, 1, 15, 18750, 10
1, 21065, 257, 270, 271, 1404261, 1408229, 0.44, 75, 500, 1, 16, 18750, 10
1, 20976, 250, 262, 265, 1270131, 1284877, 0.44, 75, 500, 1, 15, 18750, 10
0, 26354, 272, 327, 317, 1847699, 1785367, 0.44, 75, 500, 1, 20, 18750, 10
1, 20444, 271, 282, 282, 1497577, 1497614, 0.44, 75, 500, 1, 15, 18750, 10
1, 19723, 248, 259, 260, 1480404, 1486340, 0.44, 75, 500, 1, 13, 18750, 10
0, 24837, 253, 302, 291, 1588132, 1531177, 0.44, 75, 500, 1, 18, 18750, 10
1, 20328, 228, 240, 242, 1340224, 1351605, 0.44, 75, 500, 1, 14, 18750, 10
0, 22757, 255, 283, 272, 1590859, 1531626, 0.44, 75, 500, 1, 17, 18750, 10
0, 21304, 236, 257, 246, 1518169, 1459296, 0.44, 75, 500, 1, 15, 18750, 10
0, 24925, 237, 284, 274, 1592487, 1537625, 0.44, 75, 500, 1, 19, 18750, 10
1, 20094, 251, 262, 263, 1366022, 1371652, 0.44, 75, 500, 1, 14, 18750, 10
0, 22417, 259, 292, 281, 1481937, 1425507, 0.44, 75, 500, 1, 16, 18750, 10
1, 21621, 255, 274, 275, 1527259, 1531675, 0.44, 75, 500, 1, 16, 18750, 10
1, 20432, 260, 271, 271, 1385970, 1386264, 0.44, 75, 500, 1, 15, 18750, 10
1, 19641, 266, 277, 278, 1424050, 1430430, 0.44, 75, 500, 1, 14, 18750, 10
1, 20667, 243, 255, 260, 1355842, 1382312, 0.44, 75, 500, 1, 15, 18750, 10
0, 20481, 297, 315, 305, 1407586, 1355386, 0.44, 75, 500, 1, 14, 18750, 10
1, 21066, 258, 272, 272, 1434957, 1436654, 0.44, 75, 500, 1, 15, 18750, 10
1, 21786, 250, 275, 276, 1501051, 1504137, 0.44, 75, 500, 1, 16, 18750, 10
1, 20131, 266, 277, 277, 1494338, 1494683, 0.44, 75, 500, 1, 14, 18750, 10
1, 21076, 246, 264, 265, 1501480, 1506236, 0.44, 75, 500, 1, 15, 18750, 10
1, 20348, 278, 290, 291, 1375779, 1380612, 0.44, 75, 500, 1, 13, 18750, 10
1, 20056, 244, 255, 255, 1468974, 1469211, 0.44, 75, 500, 1, 12, 18750, 10
1, 22874, 266, 294, 295, 1711547, 1714632, 0.44, 75, 500, 1, 15, 18750, 10
0, 23091, 259, 296, 285, 1578224, 1518690, 0.44, 75, 500, 1, 17, 18750, 10
0, 20940, 256, 277, 267, 1604353, 1545369, 0.44, 75, 500, 1, 12, 18750, 10
0, 22278, 213, 246, 236, 1504654, 1446866, 0.44, 75, 500, 1, 14, 18750, 10
0, 21919, 265, 293, 282, 1611511, 1548850, 0.44, 75, 500, 1, 15, 18750, 10
0, 20995, 263, 281, 271, 1472072, 1412730, 0.44, 75, 500, 1, 14, 18750, 10
0, 24445, 233, 274, 263, 1750103, 1686825, 0.44, 75, 500, 1, 15, 18750, 10
0, 22229, 269, 293, 282, 1608977, 1546360, 0.44, 75, 500, 1, 13, 18750, 10
1, 21015, 267, 278, 283, 1431067, 1460080, 0.44, 75, 500, 1, 13, 18750, 10
0, 21268, 270, 294, 284, 1463863, 1410679, 0.44, 75, 500, 1, 12, 18750, 10
0, 22922, 260, 295, 284, 1475921, 1421439, 0.44, 75, 500, 1, 15, 18750, 10
1, 19378, 253, 254, 258, 23714738, 23745923, 0.44, 75, 500, 16, 464, 18750, 10
1, 19061, 237, 238, 241, 23677568, 23755445, 0.44, 75, 500, 16, 467, 18750, 10
1, 19319, 258, 261, 263, 22249530, 22375970, 0.44, 75, 500, 16, 469, 18750, 10
1, 19163, 281, 282, 283, 22865892, 23063426, 0.44, 75, 500, 16, 484, 18750, 10
1, 19783, 283, 287, 293, 23871329, 24018341, 0.44, 75, 500, 16, 505, 18750, 10
0, 21412, 253, 272, 260, 24400071, 23886027, 0.44, 75, 500, 16, 522, 18750, 10
0, 21936, 237, 263, 250, 23747908, 22917188, 0.44, 75, 500, 16, 529, 18750, 10
0, 21284, 276, 294, 286, 24644363, 23793661, 0.44, 75, 500, 16, 533, 18750, 10
0, 22006, 233, 257, 258, 24960415, 24222499, 0.44, 75, 500, 16, 530, 18750, 10
0, 21783, 255, 264, 284, 26061630, 25490745, 0.44, 75, 500, 16, 542, 18750, 10
0, 22455, 263, 301, 278, 24746233, 23867549, 0.44, 75, 500, 16, 555, 18750, 10
0, 22543, 264, 288, 294, 24925352, 24153187, 0.44, 75, 500, 16, 569, 18750, 10
0, 22864, 248, 268, 276, 25923019, 25039142, 0.44, 75, 500, 16, 576, 18750, 10
0, 23131, 250, 291, 275, 25877866, 25114151, 0.44, 75, 500, 16, 579, 18750, 10
0, 23500, 238, 256, 278, 26548031, 25903020, 0.44, 75, 500, 16, 591, 18750, 10
0, 24048, 262, 299, 306, 26446269, 25447315, 0.44, 75, 500, 16, 600, 18750, 10
0, 25854, 259, 322, 299, 27108633, 26350610, 0.44, 75, 500, 16, 640, 18750, 10
0, 25869, 277, 304, 334, 28693819, 27363689, 0.44, 75, 500, 16, 658, 18750, 10
0, 27000, 256, 312, 318, 28334989, 27723969, 0.44, 75, 500, 16, 679, 18750, 10
0, 27000, 244, 269, 344, 28394360, 28349708, 0.44, 75, 500, 16, 689, 18750, 10
0, 27000, 251, 292, 338, 27973695, 27423061, 0.44, 75, 500, 16, 696, 18750, 10
0, 27000, 240, 267, 333, 27937821, 27958616, 0.44, 75, 500, 16, 697, 18750, 10
0, 27000, 224, 261, 301, 28118938, 27602055, 0.44, 75, 500, 16, 710, 18750, 10
0, 27000, 238, 278, 313, 28650964, 28548854, 0.44, 75, 500, 16, 711, 18750, 10
1, 19412, 255, 257, 260, 23550604, 23637881, 0.44, 75, 500, 16, 509, 18750, 10
1, 19108, 229, 230, 232, 22431597, 22441807, 0.44, 75, 500, 16, 489, 18750, 10
0, 23472, 229, 271, 246, 25342861, 24434650, 0.44, 75, 500, 16, 598, 18750, 10
1, 18875, 252, 253, 256, 23179244, 23196533, 0.44, 75, 500, 16, 491, 18750, 10
0, 22042, 267, 296, 292, 25377284, 24677136, 0.44, 75, 500, 16, 570, 18750, 10
0, 25091, 235, 296, 270, 26221220, 24955375, 0.44, 75, 500, 16, 634, 18750, 10
0, 26298, 233, 297, 279, 27049865, 25990916, 0.44, 75, 500, 16, 674, 18750, 10
0, 24010, 245, 279, 270, 25039061, 24190306, 0.44, 75, 500, 16, 610, 18750, 10
0, 23474, 257, 297, 281, 25867252, 25008208, 0.44, 75, 500, 16, 582, 18750, 10
0, 23173, 278, 292, 306, 26076244, 25433535, 0.44, 75, 500, 16, 604, 18750, 10
0, 24154, 282, 309, 343, 26809811, 26291290, 0.44, 75, 500, 16, 622, 18750, 10
1, 19153, 238, 240, 243, 22760403, 22864877, 0.44, 75, 500, 16, 494, 18750, 10
0, 26662, 214, 281, 275, 28055981, 27041711, 0.44, 75, 500, 16, 687, 18750, 10
0, 27000, 247, 312, 324, 27863996, 26677952, 0.44, 75, 500, 16, 715, 18750, 10
0, 21175, 244, 255, 268, 24484521, 23781327, 0.44, 75, 500, 16, 538, 18750, 10
0, 27000, 251, 300, 299, 28244013, 27590985, 0.44, 75, 500, 16, 686, 18750, 10
0, 22975, 258, 288, 281, 25440991, 24576985, 0.44, 75, 500, 16, 577, 18750, 10
0, 26080, 240, 266, 308, 27772945, 26909943, 0.44, 75, 500, 16, 691, 18750, 10
1, 20439, 250, 264, 261, 24008617, 24039539, 0.44, 75, 500, 16, 528, 18750, 10
0, 26092, 254, 275, 354, 28335737, 27379606, 0.44, 75, 500, 16, 687, 18750, 10
0, 24536, 240, 280, 276, 26660152, 25503711, 0.44, 75, 500, 16, 639, 18750, 10
0, 27000, 263, 327, 325, 27780181, 27105904, 0.44, 75, 500, 16, 691, 18750, 10
0, 26335, 270, 320, 317, 28276180, 27300979, 0.44, 75, 500, 16, 681, 18750, 10
0, 27000, 260, 298, 336, 28941195, 28175599, 0.44, 75, 500, 16, 696, 18750, 10
1, 18853, 266, 267, 270, 23402759, 23858526, 0.44, 75, 500, 16, 485, 18750, 10
0, 22268, 255, 278, 267, 25692169, 24748042, 0.44, 75, 500, 16, 558, 18750, 10
0, 20946, 274, 284, 277, 23694509, 22613005, 0.44, 75, 500, 16, 542, 18750, 10
1, 19594, 253, 255, 257, 22572113, 22623781, 0.44, 75, 500, 16, 496, 18750, 10
0, 24178, 244, 289, 272, 26182277, 25176271, 0.44, 75, 500, 16, 619, 18750, 10
0, 22671, 240, 274, 255, 24275487, 23625640, 0.44, 75, 500, 16, 575, 18750, 10
1, 19594, 253, 257, 258, 23305693, 23387854, 0.44, 75, 500, 16, 502, 18750, 10
1, 20177, 271, 274, 282, 23674880, 23941091, 0.44, 75, 500, 16, 532, 18750, 10
0, 22301, 255, 280, 277, 24859835, 24113086, 0.44, 75, 500, 16, 570, 18750, 10
1, 21260, 246, 259, 260, 24153802, 24383129, 0.44, 75, 500, 16, 541, 18750, 10
0, 22105, 263, 288, 286, 24546881, 23816870, 0.44, 75, 500, 16, 563, 18750, 10
0, 27000, 204, 255, 233, 27822699, 26708857, 0.44, 75, 500, 16, 702, 18750, 10
0, 24976, 241, 273, 289, 26270871, 25127068, 0.44, 75, 500, 16, 654, 18750, 10
0, 24404, 256, 301, 301, 26290624, 25518145, 0.44, 75, 500, 16, 634, 18750, 10
0, 26264, 257, 317, 316, 28207902, 27166610, 0.44, 75, 500, 16, 681, 18750, 10
1, 21248, 255, 267, 274, 22852478, 22965082, 0.44, 75, 500, 16, 559, 18750, 10
0, 26784, 244, 304, 308, 27797492, 26395640, 0.44, 75, 500, 16, 711, 18750, 10
0, 22726, 275, 303, 298, 24766308, 24162197, 0.44, 75, 500, 16, 596, 18750, 10
0, 24880, 240, 304, 266, 26880257, 25795222, 0.44, 75, 500, 16, 645, 18750, 10
0, 25726, 227, 292, 267, 26708445, 25827273, 0.44, 75, 500, 16, 666, 18750, 10
1, 19318, 251, 252, 254, 23076147, 23380844, 0.44, 75, 500, 16, 501, 18750, 10
1, 19425, 276, 281, 279, 22813342, 22934023, 0.44, 75, 500, 16, 512, 18750, 10
0, 27000, 245, 304, 286, 27990150, 26933011, 0.44, 75, 500, 16, 719, 18750, 10
0, 27000, 244, 312, 282, 28942888, 27637523, 0.44, 75, 500, 16, 699, 18750, 10
1, 19007, 265, 266, 270, 22729267, 22772359, 0.44, 75, 500, 16, 489, 18750, 10
1, 18809, 263, 264, 265, 22995788, 22998858, 0.44, 75, 500, 16, 504, 18750, 10
1, 19193, 254, 258, 260, 22750474, 22876996, 0.44, 75, 500, 16, 485, 18750, 10
0, 20908, 260, 274, 267, 24023332, 23367985, 0.44, 75, 500, 16, 539, 18750, 10
1, 19102, 242, 243, 247, 23360188, 23400336, 0.44, 75, 500, 16, 508, 18750, 10
1, 19060, 242, 243, 246, 22680741, 22697700, 0.44, 75, 500, 16, 499, 18750, 10
0, 23937, 268, 316, 294, 26472923, 25280189, 0.44, 75, 500, 16, 630, 18750, 10
0, 23622, 265, 304, 294, 25300453, 24477151, 0.44, 75, 500, 16, 614, 18750, 10
1, 19187, 260, 261, 262, 23417503, 23422493, 0.44, 75, 500, 16, 508, 18750, 10
0, 26736, 249, 300, 331, 28510469, 27530314, 0.44, 75, 500, 16, 727, 18750, 10
1, 18861, 241, 244, 243, 22063356, 22063872, 0.44, 75, 500, 16, 489, 18750, 10
0, 27000, 249, 273, 338, 28322480, 27998260, 0.44, 75, 500, 16, 738, 18750, 10
1, 19929, 236, 241, 249, 22272628, 22335207, 0.44, 75, 500, 16, 525, 18750, 10
0, 20958, 266, 285, 282, 23947407, 23527864, 0.44, 75, 500, 16, 564, 18750, 10
0, 21740, 262, 281, 282, 25098620, 24546401, 0.44, 75, 500, 16, 597, 18750, 10
0, 23370, 266, 314, 282, 25164447, 24174727, 0.44, 75, 500, 16, 623, 18750, 10
0, 26935, 212, 291, 256, 27213902, 25601119, 0.44, 75, 500, 16, 717, 18750, 10
0, 26619, 226, 294, 281, 28204622, 26893817, 0.44, 75, 500, 16, 718, 18750, 10
0, 22480, 257, 289, 286, 24725621, 24097889, 0.44, 75, 500, 16, 607, 18750, 10
0, 24462, 259, 293, 293, 26496161, 25451955, 0.44, 75, 500, 16, 683, 18750, 10
0, 27000, 262, 318, 306, 28352676, 26895042, 0.44, 75, 500, 16, 741, 18750, 10
0, 24690, 265, 327, 299, 26480954, 25366777, 0.44, 75, 500, 16, 661, 18750, 10
0, 27000, 243, 285, 312, 27859427, 26980270, 0.44, 75, 500, 16, 754, 18750, 10
1, 19131, 251, 254, 256, 14948645, 14975905, 0.44, 75, 500, 11, 282, 18750, 10
0, 23849, 245, 286, 279, 17145456, 16515668, 0.44, 75, 500, 11, 357, 18750, 10
1, 19582, 261, 262, 264, 15880436, 15926836, 0.44, 75, 500, 11, 290, 18750, 10
0, 24368, 243, 294, 278, 18267019, 17480376, 0.44, 75, 500, 11, 348, 18750, 10
0, 24018, 246, 276, 298, 17818503, 16930556, 0.44, 75, 500, 11, 371, 18750, 10
0, 21491, 262, 298, 283, 16306195, 15888660, 0.44, 75, 500, 11, 325, 18750, 10
0, 21122, 299, 312, 309, 23357607, 22768673, 0.44, 75, 500, 16, 624, 18750, 10
0, 26316, 267, 306, 334, 27653794, 26545705, 0.44, 75, 500, 16, 723, 18750, 10
0, 22069, 268, 294, 282, 24338238, 23411427, 0.44, 75, 500, 16, 620, 18750, 10
0, 21648, 250, 276, 270, 16604524, 16123111, 0.44, 75, 500, 11, 323, 18750, 10
0, 26392, 256, 312, 304, 18734289, 18012679, 0.44, 75, 500, 11, 427, 18750, 10
1, 20174, 248, 252, 263, 17017694, 17169592, 0.44, 75, 500, 11, 328, 18750, 10
0, 23757, 266, 311, 280, 17869630, 16899397, 0.44, 75, 500, 11, 350, 18750, 10
0, 26150, 265, 313, 308, 19530462, 18460176, 0.44, 75, 500, 11, 442, 18750, 10
0, 27000, 244, 319, 296, 19301871, 18624746, 0.44, 75, 500, 11, 435, 18750, 10
1, 19581, 241, 242, 244, 15828819, 15944600, 0.44, 75, 500, 11, 322, 18750, 10
0, 23883, 253, 284, 296, 18011786, 17347589, 0.44, 75, 500, 11, 378, 18750, 10
0, 26472, 241, 319, 285, 27698900, 26707859, 0.44, 75, 500, 16, 791, 18750, 10
0, 27000, 238, 273, 315, 29612967, 28562457, 0.44, 75, 500, 16, 785, 18750, 10
1, 19570, 219, 220, 222, 16778492, 16865673, 0.44, 75, 500, 11, 310, 18750, 10
0, 26236, 239, 287, 287, 18936512, 18103502, 0.44, 75, 500, 11, 422, 18750, 10
1, 19018, 282, 284, 284, 15073569, 15134259, 0.44, 75, 500, 11, 307, 18750, 10
1, 19065, 240, 241, 242, 15283126, 15313609, 0.44, 75, 500, 11, 296, 18750, 10
1, 19975, 233, 234, 239, 16121253, 16203853, 0.44, 75, 500, 11, 272, 18750, 10
1, 19670, 255, 263, 264, 16036252, 16108341, 0.44, 75, 500, 11, 319, 18750, 10
0, 25838, 253, 314, 290, 19021515, 18090342, 0.44, 75, 500, 11, 377, 18750, 10
0, 26102, 236, 297, 288, 20313739, 19336475, 0.44, 75, 500, 11, 378, 18750, 10
0, 19887, 259, 267, 260, 15933281, 15405036, 0.44, 75, 500, 11, 290, 18750, 10
1, 18841, 252, 253, 254, 15205280, 15223988, 0.44, 75, 500, 11, 249, 18750, 10
0, 23748, 238, 272, 258, 17986241, 17291379, 0.44, 75, 500, 11, 360, 18750, 10
1, 18982, 245, 246, 247, 16502465, 16525009, 0.44, 75, 500, 11, 266, 18750, 10
1, 18905, 253, 254, 256, 15941821, 15963602, 0.44, 75, 500, 11, 258, 18750, 10
1, 19125, 229, 230, 236, 16852324, 16886577, 0.44, 75, 500, 11, 262, 18750, 10
0, 23415, 260, 296, 293, 18274421, 17724088, 0.44, 75, 500, 11, 327, 18750, 10
1, 19351, 239, 240, 242, 15289400, 15406859, 0.44, 75, 500, 11, 251, 18750, 10
0, 22815, 266, 297, 297, 17102154, 16439300, 0.44, 75, 500, 11, 307, 18750, 10
1, 19836, 268, 273, 273, 16540345, 16596521, 0.44, 75, 500, 11, 274, 18750, 10
1, 19040, 281, 282, 285, 15413451, 15453480, 0.44, 75, 500, 11, 261, 18750, 10
0, 26771, 267, 340, 340, 19936928, 18977662, 0.44, 75, 500, 11, 396, 18750, 10
1, 19731, 253, 255, 260, 16345971, 16387880, 0.44, 75, 500, 11, 273, 18750, 10
1, 19166, 261, 263, 267, 16421510, 16446096, 0.44, 75, 500, 11, 270, 18750, 10
1, 19652, 260, 264, 262, 15841001, 15898287, 0.44, 75, 500, 11, 278, 18750, 10
0, 25753, 246, 306, 294, 18330094, 17626445, 0.44, 75, 500, 11, 364, 18750, 10
1, 19171, 227, 228, 229, 15251715, 15280370, 0.44, 75, 500, 11, 270, 18750, 10
1, 19893, 247, 252, 261, 16121712, 16170759, 0.44, 75, 500, 11, 275, 18750, 10
0, 27000, 237, 278, 309, 19180115, 18831535, 0.44, 75, 500, 11, 383, 18750, 10
0, 25307, 233, 276, 284, 19154329, 18520721, 0.44, 75, 500, 11, 369, 18750, 10
0, 27000, 265, 317, 316, 19937993, 19214805, 0.44, 75, 500, 11, 396, 18750, 10
1, 19310, 262, 265, 264, 15770009, 15784144, 0.44, 75, 500, 11, 274, 18750, 10
0, 26069, 251, 307, 290, 19355300, 18460853, 0.44, 75, 500, 11, 376, 18750, 10
0, 22631, 216, 249, 235, 17461967, 16680031, 0.44, 75, 500, 11, 337, 18750, 10
1, 19289, 243, 244, 246, 16968968, 17067291, 0.44, 75, 500, 11, 294, 18750, 10
0, 24841, 240, 268, 303, 18401407, 17682635, 0.44, 75, 500, 11, 376, 18750, 10
0, 22398, 238, 248, 266, 17764737, 17373127, 0.44, 75, 500, 11, 336, 18750, 10
0, 21279, 259, 268, 277, 16560129, 16296439, 0.44, 75, 500, 11, 318, 18750, 10
0, 22874, 234, 264, 270, 18665730, 18111526, 0.44, 75, 500, 11, 338, 18750, 10
1, 19390, 233, 235, 237, 15978191, 16042507, 0.44, 75, 500, 11, 296, 18750, 10
1, 19524, 233, 241, 241, 15912823, 15929443, 0.44, 75, 500, 11, 291, 18750, 10
0, 20499, 240, 254, 246, 16405725, 15827853, 0.44, 75, 500, 11, 298, 18750, 10
1, 19498, 241, 242, 246, 15739571, 15847078, 0.44, 75, 500, 11, 285, 18750, 10
0, 23718, 241, 282, 264, 17204810, 16580931, 0.44, 75, 500, 11, 346, 18750, 10
0, 24210, 228, 282, 257, 17542688, 16636163, 0.44, 75, 500, 11, 355, 18750, 10
0, 22043, 236, 267, 249, 16757492, 15991661, 0.44, 75, 500, 11, 331, 18750, 10
0, 27000, 254, 335, 297, 19784883, 19205041, 0.44, 75, 500, 11, 395, 18750, 10
0, 23716, 245, 288, 267, 18536695, 17929962, 0.44, 75, 500, 11, 355, 18750, 10
1, 18980, 267, 268, 269, 15441498, 15471161, 0.44, 75, 500, 11, 287, 18750, 10
0, 27000, 268, 330, 343, 19267821, 18845888, 0.44, 75, 500, 11, 414, 18750, 10
0, 27000, 241, 286, 315, 19435741, 18514282, 0.44, 75, 500, 11, 419, 18750, 10
1, 19484, 231, 234, 235, 15556400, 15617178, 0.44, 75, 500, 11, 281, 18750, 10
0, 25610, 228, 279, 274, 18633684, 17728774, 0.44, 75, 500, 11, 381, 18750, 10
0, 27000, 250, 286, 321, 19095942, 18459149, 0.44, 75, 500, 11, 411, 18750, 10
0, 23005, 241, 285, 268, 17050643, 16354657, 0.44, 75, 500, 11, 334, 18750, 10
1, 19295, 254, 256, 257, 15616501, 15726321, 0.44, 75, 500, 11, 276, 18750, 10
0, 23576, 264, 315, 290, 18229614, 17600181, 0.44, 75, 500, 11, 345, 18750, 10
1, 19523, 238, 239, 244, 15196712, 15226601, 0.44, 75, 500, 11, 283, 18750, 10
0, 20788, 241, 254, 246, 15897285, 15321105, 0.44, 75, 500, 11, 298, 18750, 10
1, 19942, 258, 261, 265, 16052896, 16130600, 0.44, 75, 500, 11, 291, 18750, 10
1, 19145, 262, 263, 264, 15646625, 15780170, 0.44, 75, 500, 11, 281, 18750, 10
0, 20147, 255, 271, 260, 16249645, 15832712, 0.44, 75, 500, 11, 287, 18750, 10
0, 20564, 272, 286, 279, 16534417, 15983537, 0.44, 75, 500, 11, 300, 18750, 10
0, 23870, 237, 278, 273, 17964417, 17436429, 0.44, 75, 500, 11, 355, 18750, 10
1, 18938, 213, 214, 216, 15732635, 15752006, 0.44, 75, 500, 11, 270, 18750, 10
1, 20032, 262, 267, 269, 16868217, 16918431, 0.44, 75, 500, 11, 292, 18750, 10
1, 18967, 248, 252, 252, 14833961, 14838057, 0.44, 75, 500, 11, 266, 18750, 10
0, 20488, 266, 279, 267, 15902421, 15264977, 0.44, 75, 500, 11, 299, 18750, 10
0, 23625, 259, 284, 291, 18335892, 17696402, 0.44, 75, 500, 11, 353, 18750, 10
0, 23866, 235, 251, 280, 18469058, 17723190, 0.44, 75, 500, 11, 363, 18750, 10
0, 20657, 251, 268, 260, 16852785, 16478609, 0.44, 75, 500, 11, 306, 18750, 10
1, 19484, 272, 273, 276, 16422457, 16504907, 0.44, 75, 500, 11, 280, 18750, 10
0, 20935, 246, 253, 267, 17312032, 17010509, 0.44, 75, 500, 11, 323, 18750, 10
0, 24090, 262, 295, 290, 17965153, 17274949, 0.44, 75, 500, 11, 354, 18750, 10
0, 26420, 243, 278, 301, 18630048, 17913621, 0.44, 75, 500, 11, 390, 18750, 10
0, 27000, 246, 323, 281, 19234310, 18443973, 0.44, 75, 500, 11, 407, 18750, 10
1, 19216, 275, 278, 277, 15974178, 16027863, 0.44, 75, 500, 11, 285, 18750, 10
0, 21035, 236, 256, 255, 16777468, 16431580, 0.44, 75, 500, 11, 312, 18750, 10
1, 20636, 257, 272, 278, 16431223, 16587008, 0.44, 75, 500, 11, 307, 18750, 10
1, 19340, 251, 253, 256, 11681398, 11776363, 0.44, 75, 500, 8, 177, 18750, 10
0, 21870, 251, 284, 282, 17108864, 16568961, 0.44, 75, 500, 11, 321, 18750, 10
0, 23045, 256, 287, 271, 17082051, 16523617, 0.44, 75, 500, 11, 332, 18750, 10
0, 27000, 248, 331, 292, 18962512, 18031495, 0.44, 75, 500, 11, 414, 18750, 10
0, 23288, 272, 304, 292, 17145930, 16566570, 0.44, 75, 500, 11, 371, 18750, 10
1, 19337, 248, 250, 251, 12110733, 12193022, 0.44, 75, 500, 8, 226, 18750, 10
1, 18890, 252, 253, 255, 11189841, 11199707, 0.44, 75, 500, 8, 211, 18750, 10
1, 19405, 251, 254, 254, 11475008, 11533053, 0.44, 75, 500, 8, 212, 18750, 10
0, 21462, 240, 256, 257, 16114378, 15646730, 0.44, 75, 500, 11, 379, 18750, 10
0, 25364, 277, 343, 307, 13670308, 13302580, 0.44, 75, 500, 8, 284, 18750, 10
0, 21388, 258, 268, 278, 17222598, 16821249, 0.44, 75, 500, 11, 359, 18750, 10
1, 18983, 278, 279, 281, 11821515, 11885718, 0.44, 75, 500, 8, 212, 18750, 10
0, 27000, 266, 327, 336, 14017646, 13796099, 0.44, 75, 500, 8, 313, 18750, 10
0, 21728, 263, 287, 279, 12534389, 12183727, 0.44, 75, 500, 8, 249, 18750, 10
0, 26144, 232, 285, 273, 14209466, 13659020, 0.44, 75, 500, 8, 285, 18750, 10
0, 25401, 240, 285, 271, 13587454, 13076551, 0.44, 75, 500, 8, 290, 18750, 10
0, 24283, 253, 310, 282, 13202168, 12791305, 0.44, 75, 500, 8, 281, 18750, 10
0, 20432, 263, 275, 269, 11752125, 11463284, 0.44, 75, 500, 8, 239, 18750, 10
0, 24596, 252, 315, 281, 13082266, 12666057, 0.44, 75, 500, 8, 288, 18750, 10
0, 24589, 260, 302, 288, 18005338, 17228150, 0.44, 75, 500, 11, 421, 18750, 10
0, 27000, 237, 315, 275, 18309519, 17527997, 0.44, 75, 500, 11, 451, 18750, 10
0, 23783, 247, 290, 270, 18116257, 17399939, 0.44, 75, 500, 11, 409, 18750, 10
0, 26318, 251, 275, 323, 14140889, 13665314, 0.44, 75, 500, 8, 305, 18750, 10
1, 19081, 256, 258, 258, 10716506, 10758534, 0.44, 75, 500, 8, 208, 18750, 10
1, 19955, 278, 280, 281, 11589530, 11646156, 0.44, 75, 500, 8, 206, 18750, 10
1, 19192, 229, 231, 233, 12242794, 12341349, 0.44, 75, 500, 8, 173, 18750, 10
0, 22204, 241, 269, 250, 11586432, 11088144, 0.44, 75, 500, 8, 206, 18750, 10
0, 23660, 262, 311, 290, 12880721, 12367480, 0.44, 75, 500, 8, 255, 18750, 10
1, 19558, 240, 241, 248, 12105055, 12137727, 0.44, 75, 500, 8, 177, 18750, 10
0, 26246, 262, 321, 299, 13661779, 13016008, 0.44, 75, 500, 8, 295, 18750, 10
0, 25637, 270, 337, 312, 13232429, 12811977, 0.44, 75, 500, 8, 285, 18750, 10
1, 19065, 258, 259, 261, 11102970, 11113396, 0.44, 75, 500, 8, 166, 18750, 10
0, 21771, 235, 257, 245, 12431860, 12033068, 0.44, 75, 500, 8, 194, 18750, 10
1, 19962, 264, 272, 272, 11516486, 11595700, 0.44, 75, 500, 8, 182, 18750, 10
0, 24854, 211, 272, 245, 13601849, 13024241, 0.44, 75, 500, 8, 225, 18750, 10
0, 25394, 254, 313, 294, 12462446, 12009480, 0.44, 75, 500, 8, 229, 18750, 10
0, 24281, 258, 304, 303, 13069592, 12577045, 0.44, 75, 500, 8, 230, 18750, 10
1, 19137, 246, 248, 251, 10749910, 10818736, 0.44, 75, 500, 8, 167, 18750, 10
0, 21910, 237, 265, 260, 12353709, 11868923, 0.44, 75, 500, 8, 190, 18750, 10
1, 19023, 244, 245, 248, 10982339, 11038848, 0.44, 75, 500, 8, 165, 18750, 10
1, 20221, 239, 241, 248, 12227875, 12349094, 0.44, 75, 500, 8, 172, 18750, 10
0, 21036, 280, 304, 295, 12091265, 11857288, 0.44, 75, 500, 8, 172, 18750, 10
1, 19716, 258, 260, 261, 11784977, 11809572, 0.44, 75, 500, 8, 168, 18750, 10
0, 25617, 228, 260, 282, 13213733, 12779624, 0.44, 75, 500, 8, 223, 18750, 10
1, 19001, 247, 248, 249, 11144950, 11157704, 0.44, 75, 500, 8, 162, 18750, 10
0, 25196, 265, 315, 300, 13532127, 12879470, 0.44, 75, 500, 8, 218, 18750, 10
0, 27000, 252, 279, 327, 14052565, 13810552, 0.44, 75, 500, 8, 242, 18750, 10
1, 18970, 237, 239, 240, 10194740, 10219231, 0.44, 75, 500, 8, 155, 18750, 10
0, 20712, 282, 301, 290, 11907151, 11454619, 0.44, 75, 500, 8, 175, 18750, 10
1, 20241, 236, 240, 251, 12974803, 13053190, 0.44, 75, 500, 8, 175, 18750, 10
0, 22116, 265, 303, 279, 12498554, 11944187, 0.44, 75, 500, 8, 196, 18750, 10
0, 22653, 258, 287, 279, 12297731, 11870434, 0.44, 75, 500, 8, 191, 18750, 10
0, 21119, 250, 264, 262, 11784529, 11390461, 0.44, 75, 500, 8, 178, 18750, 10
0, 22739, 259, 279, 290, 12950662, 12503413, 0.44, 75, 500, 8, 199, 18750, 10
0, 23025, 286, 316, 296, 12060753, 11694403, 0.44, 75, 500, 8, 192, 18750, 10
1, 19280, 258, 260, 264, 11784121, 11814135, 0.44, 75, 500, 8, 170, 18750, 10
0, 23559, 244, 275, 283, 13141413, 12720112, 0.44, 75, 500, 8, 201, 18750, 10
0, 27000, 237, 287, 302, 13976939, 13813034, 0.44, 75, 500, 8, 240, 18750, 10
0, 22225, 285, 310, 307, 12108177, 11830718, 0.44, 75, 500, 8, 194, 18750, 10
0, 27000, 245, 309, 321, 15039989, 14667906, 0.44, 75, 500, 8, 236, 18750, 10
0, 24824, 270, 285, 329, 13896113, 13417554, 0.44, 75, 500, 8, 227, 18750, 10
0, 24117, 263, 300, 303, 13000878, 12729093, 0.44, 75, 500, 8, 211, 18750, 10
0, 27000, 243, 312, 293, 13877089, 13466313, 0.44, 75, 500, 8, 234, 18750, 10
1, 19524, 258, 261, 261, 11330102, 11409234, 0.44, 75, 500, 8, 168, 18750, 10
0, 27000, 229, 312, 285, 13937954, 13574902, 0.44, 75, 500, 8, 234, 18750, 10
1, 19386, 241, 242, 249, 11134489, 11186562, 0.44, 75, 500, 8, 169, 18750, 10
0, 22330, 241, 266, 265, 12672708, 12310615, 0.44, 75, 500, 8, 196, 18750, 10
1, 19496, 245, 249, 251, 11718654, 11739701, 0.44, 75, 500, 8, 170, 18750, 10
0, 20680, 273, 285, 282, 11558312, 11314740, 0.44, 75, 500, 8, 190, 18750, 10
0, 23706, 248, 266, 306, 13705474, 13265369, 0.44, 75, 500, 8, 223, 18750, 10
0, 25890, 216, 281, 267, 13303719, 12722043, 0.44, 75, 500, 8, 230, 18750, 10
0, 24253, 252, 265, 305, 13302799, 12865879, 0.44, 75, 500, 8, 224, 18750, 10
0, 20818, 241, 246, 256, 12454502, 12110492, 0.44, 75, 500, 8, 186, 18750, 10
0, 27000, 256, 316, 303, 13690315, 13365632, 0.44, 75, 500, 8, 246, 18750, 10
0, 20998, 236, 259, 243, 11742160, 11343853, 0.44, 75, 500, 8, 182, 18750, 10
0, 20471, 252, 262, 260, 11815040, 11594864, 0.44, 75, 500, 8, 184, 18750, 10
1, 19211, 269, 270, 272, 10992178, 11032072, 0.44, 75, 500, 8, 172, 18750, 10
0, 22048, 267, 298, 280, 11861618, 11495108, 0.44, 75, 500, 8, 193, 18750, 10
1, 19280, 240, 244, 244, 11170754, 11229937, 0.44, 75, 500, 8, 174, 18750, 10
1, 21027, 245, 258, 259, 12237454, 12280557, 0.44, 75, 500, 8, 188, 18750, 10
0, 27000, 259, 327, 302, 13812818, 13667056, 0.44, 75, 500, 8, 249, 18750, 10
1, 18834, 252, 253, 254, 10893544, 10900808, 0.44, 75, 500, 8, 168, 18750, 10
0, 26941, 247, 322, 298, 13782312, 13275945, 0.44, 75, 500, 8, 243, 18750, 10
0, 27000, 265, 345, 319, 13637016, 13171506, 0.44, 75, 500, 8, 251, 18750, 10
1, 19118, 278, 279, 281, 11047735, 11100472, 0.44, 75, 500, 8, 166, 18750, 10
0, 26469, 281, 337, 312, 13793499, 13262682, 0.44, 75, 500, 8, 236, 18750, 10
0, 23739, 293, 340, 322, 12588042, 12174635, 0.44, 75, 500, 8, 211, 18750, 10
0, 20588, 250, 263, 253, 11273263, 10891559, 0.44, 75, 500, 8, 180, 18750, 10
0, 23261, 253, 285, 288, 12501188, 11984035, 0.44, 75, 500, 8, 216, 18750, 10
0, 24859, 238, 263, 295, 13995567, 13387694, 0.44, 75, 500, 8, 227, 18750, 10
1, 20644, 275, 284, 287, 12273370, 12332907, 0.44, 75, 500, 8, 189, 18750, 10
0, 27000, 252, 290, 319, 13946549, 13602004, 0.44, 75, 500, 8, 253, 18750, 10
0, 27000, 260, 307, 319, 13972490, 13646832, 0.44, 75, 500, 8, 248, 18750, 10
1, 19427, 244, 245, 249, 11755517, 11889307, 0.44, 75, 500, 8, 177, 18750, 10
1, 19669, 234, 235, 250, 12066191, 12104511, 0.44, 75, 500, 8, 176, 18750, 10
1, 19618, 229, 232, 234, 11606019, 11688597, 0.44, 75, 500, 8, 170, 18750, 10
0, 25601, 253, 306, 283, 13186391, 12450343, 0.44, 75, 500, 8, 225, 18750, 10
0, 26819, 271, 330, 327, 13993043, 13456579, 0.44, 75, 500, 8, 238, 18750, 10
1, 18815, 256, 258, 258, 12042642, 12048914, 0.44, 75, 500, 8, 168, 18750, 10
0, 23319, 237, 274, 269, 13413857, 12888271, 0.44, 75, 500, 8, 204, 18750, 10
1, 19015, 254, 255, 260, 11059189, 11105264, 0.44, 75, 500, 8, 172, 18750, 10
0, 27000, 247, 324, 289, 14530732, 14024518, 0.44, 75, 500, 8, 240, 18750, 10
0, 23580, 246, 280, 278, 13596976, 13190251, 0.44, 75, 500, 8, 202, 18750, 10
0, 27000, 269, 294, 346, 14427561, 14077034, 0.44, 75, 500, 8, 249, 18750, 10
0, 24778, 252, 304, 298, 13523397, 13102938, 0.44, 75, 500, 8, 223, 18750, 10
1, 20974, 290, 292, 296, 10623400, 10764660, 0.44, 75, 500, 7, 155, 18750, 10
0, 24810, 254, 308, 276, 12442505, 11986734, 0.44, 75, 500, 8, 219, 18750, 10
0, 22942, 234, 263, 256, 12202686, 11793237, 0.44, 75, 500, 8, 199, 18750, 10
0, 24442, 253, 295, 273, 11213291, 10799889, 0.44, 75, 500, 7, 176, 18750, 10
1, 20094, 268, 274, 276, 10401282, 10483857, 0.44, 75, 500, 7, 143, 18750, 10
0, 27000, 246, 274, 335, 15068361, 14564537, 0.44, 75, 500, 8, 253, 18750, 10
0, 26266, 259, 336, 308, 12106213, 11615241, 0.44, 75, 500, 7, 195, 18750, 10
0, 24624, 258, 295, 285, 13192003, 12748703, 0.44, 75, 500, 8, 216, 18750, 10
0, 23891, 269, 293, 298, 11947528, 11530293, 0.44, 75, 500, 7, 179, 18750, 10
0, 24794, 260, 287, 302, 11749644, 11412443, 0.44, 75, 500, 7, 191, 18750, 10
0, 27000, 277, 346, 348, 12196395, 11930580, 0.44, 75, 500, 7, 210, 18750, 10
1, 19302, 226, 231, 228, 10140625, 10153119, 0.44, 75, 500, 7, 142, 18750, 10
1, 20727, 267, 277, 285, 10129858, 10214072, 0.44, 75, 500, 7, 155, 18750, 10
0, 21986, 234, 272, 257, 10344373, 10037943, 0.44, 75, 500, 7, 162, 18750, 10
1, 18899, 235, 238, 237, 9110466, 9118199, 0.44, 75, 500, 7, 134, 18750, 10
0, 24801, 282, 323, 325, 11842693, 11379828, 0.44, 75, 500, 7, 186, 18750, 10
1, 19181, 251, 252, 255, 10275317, 10302437, 0.44, 75, 500, 7, 145, 18750, 10
1, 19008, 270, 272, 273, 9732407, 9770618, 0.44, 75, 500, 7, 144, 18750, 10
1, 18918, 235, 236, 237, 10154032, 10158118, 0.44, 75, 500, 7, 137, 18750, 10
0, 21544, 273, 298, 284, 10268493, 10026001, 0.44, 75, 500, 7, 158, 18750, 10
0, 23344, 230, 255, 256, 11352749, 11046660, 0.44, 75, 500, 7, 171, 18750, 10
0, 25102, 247, 302, 281, 11644375, 11115362, 0.44, 75, 500, 7, 187, 18750, 10
1, 20295, 258, 262, 268, 10091312, 10148539, 0.44, 75, 500, 7, 151, 18750, 10
0, 24838, 263, 314, 290, 11137750, 10811829, 0.44, 75, 500, 7, 187, 18750, 10
1, 19426, 253, 254, 258, 10364058, 10440265, 0.44, 75, 500, 7, 141, 18750, 10
0, 24573, 237, 275, 267, 11655992, 11257331, 0.44, 75, 500, 7, 177, 18750, 10
0, 21442, 270, 300, 282, 10425139, 10017717, 0.44, 75, 500, 7, 159, 18750, 10
0, 19947, 261, 270, 265, 9532413, 9299740, 0.44, 75, 500, 7, 147, 18750, 10
1, 20997, 267, 268, 272, 10843510, 10863803, 0.44, 75, 500, 7, 148, 18750, 10
1, 19952, 264, 265, 268, 9486738, 9587947, 0.44, 75, 500, 7, 144, 18750, 10
0, 27000, 245, 267, 326, 12448839, 12431139, 0.44, 75, 500, 7, 210, 18750, 10
0, 26446, 265, 329, 309, 12240992, 11864423, 0.44, 75, 500, 7, 194, 18750, 10
1, 19396, 260, 263, 266, 10417930, 10444463, 0.44, 75, 500, 7, 146, 18750, 10
0, 21171, 272, 298, 281, 9930773, 9627372, 0.44, 75, 500, 7, 157, 18750, 10
1, 19901, 249, 250, 252, 10898526, 10942722, 0.44, 75, 500, 7, 145, 18750, 10
0, 26569, 266, 325, 312, 12523343, 12074923, 0.44, 75, 500, 7, 196, 18750, 10
0, 21968, 273, 300, 301, 11127349, 10826377, 0.44, 75, 500, 7, 163, 18750, 10
0, 25876, 235, 284, 261, 11701342, 11175133, 0.44, 75, 500, 7, 186, 18750, 10
0, 24772, 237, 280, 269, 11369149, 10991578, 0.44, 75, 500, 7, 179, 18750, 10
0, 24301, 260, 286, 309, 11802959, 11525730, 0.44, 75, 500, 7, 182, 18750, 10
0, 27000, 269, 321, 341, 12997406, 12872702, 0.44, 75, 500, 7, 200, 18750, 10
0, 21751, 267, 298, 284, 10530303, 10161910, 0.44, 75, 500, 7, 159, 18750, 10
1, 19228, 265, 266, 268, 9862815, 9924734, 0.44, 75, 500, 7, 136, 18750, 10
0, 22244, 257, 285, 276, 10509792, 10171029, 0.44, 75, 500, 7, 161, 18750, 10
1, 19231, 253, 255, 259, 10438981, 10460004, 0.44, 75, 500, 7, 136, 18750, 10
0, 26193, 229, 281, 263, 11865155, 11316189, 0.44, 75, 500, 7, 186, 18750, 10
1, 20332, 282, 288, 289, 10371437, 10389268, 0.44, 75, 500, 7, 145, 18750, 10
1, 19334, 254, 256, 259, 9572271, 9620866, 0.44, 75, 500, 7, 132, 18750, 10
1, 18883, 232, 233, 235, 10160364, 10172875, 0.44, 75, 500, 7, 131, 18750, 10
1, 18912, 277, 278, 281, 9708025, 9733102, 0.44, 75, 500, 7, 138, 18750, 10
0, 23057, 266, 277, 326, 11937118, 11587830, 0.44, 75, 500, 7, 168, 18750, 10
0, 21723, 274, 298, 295, 10576563, 10234216, 0.44, 75, 500, 7, 158, 18750, 10
0, 20066, 283, 297, 286, 10125522, 9796274, 0.44, 75, 500, 7, 142, 18750, 10
0, 22493, 228, 241, 261, 11463780, 11080107, 0.44, 75, 500, 7, 165, 18750, 10
0, 23048, 248, 286, 265, 10544617, 10096418, 0.44, 75, 500, 7, 156, 18750, 10
1, 19197, 260, 264, 262, 10269300, 10319340, 0.44, 75, 500, 7, 138, 18750, 10
1, 19188, 269, 270, 271, 10057679, 10127506, 0.44, 75, 500, 7, 133, 18750, 10
1, 23241, 243, 257, 300, 11206688, 11215411, 0.44, 75, 500, 7, 166, 18750, 10
1, 18831, 240, 241, 242, 9531925, 9538920, 0.44, 75, 500, 7, 125, 18750, 10
0, 27000, 240, 289, 308, 12506889, 12319735, 0.44, 75, 500, 7, 196, 18750, 10
1, 19186, 279, 280, 287, 11030032, 11052632, 0.44, 75, 500, 7, 139, 18750, 10
0, 24432, 247, 303, 285, 11044703, 10540895, 0.44, 75, 500, 7, 173, 18750, 10
0, 27000, 237, 302, 328, 12468797, 12086917, 0.44, 75, 500, 7, 200, 18750, 10
0, 25013, 266, 304, 308, 11439822, 11048710, 0.44, 75, 500, 7, 179, 18750, 10
0, 23420, 254, 290, 296, 11692692, 11228505, 0.44, 75, 500, 7, 167, 18750, 10
1, 19160, 257, 258, 261, 10528177, 10592245, 0.44, 75, 500, 7, 139, 18750, 10
1, 19502, 247, 248, 252, 10413036, 10432404, 0.44, 75, 500, 7, 136, 18750, 10
0, 23056, 262, 299, 280, 10806350, 10435348, 0.44, 75, 500, 7, 157, 18750, 10
0, 21447, 263, 278, 282, 10779784, 10557964, 0.44, 75, 500, 7, 153, 18750, 10
0, 21213, 223, 243, 238, 10575630, 10193864, 0.44, 75, 500, 7, 148, 18750, 10
1, 19095, 250, 251, 252, 10335505, 10342849, 0.44, 75, 500, 7, 131, 18750, 10
0, 24520, 227, 280, 251, 10892365, 10368131, 0.44, 75, 500, 7, 175, 18750, 10
0, 20390, 260, 272, 269, 10108076, 9861128, 0.44, 75, 500, 7, 140, 18750, 10
1, 19438, 253, 257, 256, 10466011, 10474162, 0.44, 75, 500, 7, 144, 18750, 10
1, 19081, 265, 266, 269, 9690432, 9724785, 0.44, 75, 500, 7, 131, 18750, 10
1, 19849, 250, 251, 254, 9795682, 9813407, 0.44, 75, 500, 7, 136, 18750, 10
0, 22028, 272, 302, 282, 10621756, 10193367, 0.44, 75, 500, 7, 151, 18750, 10
1, 19232, 245, 251, 249, 9421418, 9442684, 0.44, 75, 500, 7, 128, 18750, 10
1, 18930, 242, 243, 245, 9753661, 9798635, 0.44, 75, 500, 7, 136, 18750, 10
0, 22757, 258, 298, 271, 10556143, 10214579, 0.44, 75, 500, 7, 152, 18750, 10
0, 24822, 269, 319, 313, 11818479, 11353817, 0.44, 75, 500, 7, 174, 18750, 10
1, 20530, 263, 278, 285, 11089975, 11126336, 0.44, 75, 500, 7, 145, 18750, 10
0, 20663, 255, 281, 263, 10087779, 9725303, 0.44, 75, 500, 7, 147, 18750, 10
1, 19305, 226, 228, 229, 9667403, 9676294, 0.44, 75, 500, 7, 134, 18750, 10
0, 24988, 249, 282, 302, 12539942, 11901626, 0.44, 75, 500, 7, 185, 18750, 10
1, 19881, 228, 233, 237, 10432312, 10521109, 0.44, 75, 500, 7, 141, 18750, 10
1, 18976, 237, 238, 240, 10371284, 10402389, 0.44, 75, 500, 7, 135, 18750, 10
0, 27000, 234, 264, 299, 12868021, 12704623, 0.44, 75, 500, 7, 201, 18750, 10
0, 23920, 247, 295, 284, 11321548, 10871090, 0.44, 75, 500, 7, 173, 18750, 10
0, 21988, 236, 253, 244, 10846092, 10361685, 0.44, 75, 500, 7, 156, 18750, 10
0, 21358, 232, 261, 248, 10666077, 10377386, 0.44, 75, 500, 7, 154, 18750, 10
0, 23512, 230, 279, 257, 11193957, 10840732, 0.44, 75, 500, 7, 165, 18750, 10
0, 24032, 241, 291, 274, 12107754, 11492940, 0.44, 75, 500, 7, 175, 18750, 10
1, 19471, 253, 256, 260, 10427339, 10441252, 0.44, 75, 500, 7, 142, 18750, 10
0, 21294, 220, 246, 232, 10442920, 10100123, 0.44, 75, 500, 7, 148, 18750, 10
1, 19116, 259, 261, 263, 10220120, 10224728, 0.44, 75, 500, 7, 137, 18750, 10
0, 20153, 253, 266, 260, 8660556, 8376353, 0.44, 75, 500, 6, 115, 18750, 10
0, 23665, 227, 271, 251, 10677102, 10169492, 0.44, 75, 500, 7, 175, 18750, 10
1, 19669, 280, 284, 283, 10272356, 10348815, 0.44, 75, 500, 7, 143, 18750, 10
0, 22696, 230, 265, 253, 9196052, 8830651, 0.44, 75, 500, 6, 131, 18750, 10
0, 22796, 269, 298, 299, 10984930, 10560044, 0.44, 75, 500, 7, 169, 18750, 10
0, 25204, 271, 315, 315, 11687222, 11328640, 0.44, 75, 500, 7, 187, 18750, 10
0, 21937, 262, 289, 282, 9847048, 9607778, 0.44, 75, 500, 6, 133, 18750, 10
0, 23045, 257, 297, 292, 9330582, 8867272, 0.44, 75, 500, 6, 133, 18750, 10
0, 24841, 261, 308, 284, 9969468, 9513796, 0.44, 75, 500, 6, 149, 18750, 10
0, 27000, 223, 261, 293, 13007804, 12591822, 0.44, 75, 500, 7, 200, 18750, 10
1, 19644, 247, 248, 249, 8217075, 8224551, 0.44, 75, 500, 6, 108, 18750, 10
1, 19122, 251, 252, 255, 8660161, 8701854, 0.44, 75, 500, 6, 112, 18750, 10
0, 27000, 216, 282, 262, 10075118, 9713409, 0.44, 75, 500, 6, 160, 18750, 10
0, 26157, 253, 321, 301, 11748766, 11184590, 0.44, 75, 500, 7, 190, 18750, 10
0, 24565, 283, 313, 325, 12143667, 11771619, 0.44, 75, 500, 7, 185, 18750, 10
0, 27000, 271, 338, 313, 10911512, 10559130, 0.44, 75, 500, 6, 168, 18750, 10
1, 19030, 270, 271, 272, 8722854, 8729880, 0.44, 75, 500, 6, 109, 18750, 10
0, 27000, 268, 330, 311, 12413314, 11802452, 0.44, 75, 500, 7, 205, 18750, 10
1, 19586, 262, 265, 268, 8773257, 8892854, 0.44, 75, 500, 6, 117, 18750, 10
1, 20014, 266, 268, 279, 8778493, 8808864, 0.44, 75, 500, 6, 125, 18750, 10
0, 20635, 282, 293, 287, 8949881, 8687736, 0.44, 75, 500, 6, 117, 18750, 10
0, 25264, 255, 308, 295, 10303805, 9702342, 0.44, 75, 500, 6, 153, 18750, 10
1, 19098, 263, 265, 265, 8426351, 8461996, 0.44, 75, 500, 6, 108, 18750, 10
1, 20114, 239, 240, 246, 8735502, 8851270, 0.44, 75, 500, 6, 115, 18750, 10
1, 19574, 241, 242, 252, 9191050, 9208722, 0.44, 75, 500, 6, 115, 18750, 10
0, 27000, 234, 304, 278, 10452226, 10093957, 0.44, 75, 500, 6, 156, 18750, 10
0, 23099, 253, 288, 276, 9448243, 9096849, 0.44, 75, 500, 6, 139, 18750, 10
1, 19071, 260, 261, 263, 8760311, 8767162, 0.44, 75, 500, 6, 112, 18750, 10
1, 19375, 269, 272, 275, 9041300, 9078055, 0.44, 75, 500, 6, 112, 18750, 10
0, 22165, 269, 286, 279, 9646009, 9237287, 0.44, 75, 500, 6, 135, 18750, 10
0, 22906, 264, 299, 290, 9738760, 9421435, 0.44, 75, 500, 6, 145, 18750, 10
0, 23769, 213, 260, 236, 10088011, 9674522, 0.44, 75, 500, 6, 130, 18750, 10
1, 19310, 245, 247, 250, 9322515, 9334903, 0.44, 75, 500, 6, 116, 18750, 10
0, 23711, 259, 293, 309, 10069830, 9722441, 0.44, 75, 500, 6, 147, 18750, 10
0, 27000, 242, 256, 341, 10793370, 10799940, 0.44, 75, 500, 6, 174, 18750, 10
1, 19320, 257, 261, 263, 8360598, 8387598, 0.44, 75, 500, 6, 107, 18750, 10
1, 18893, 250, 251, 252, 9152503, 9178443, 0.44, 75, 500, 6, 115, 18750, 10
0, 21630, 261, 282, 285, 9386364, 9031380, 0.44, 75, 500, 6, 124, 18750, 10
0, 23332, 270, 303, 288, 9215683, 8822378, 0.44, 75, 500, 6, 137, 18750, 10
0, 23783, 226, 267, 268, 9294717, 8981009, 0.44, 75, 500, 6, 140, 18750, 10
0, 22451, 243, 283, 259, 8909608, 8493985, 0.44, 75, 500, 6, 130, 18750, 10
1, 19158, 257, 258, 262, 8857297, 8906837, 0.44, 75, 500, 6, 114, 18750, 10
0, 22322, 275, 318, 295, 8622274, 8196334, 0.44, 75, 500, 6, 126, 18750, 10
0, 20487, 248, 263, 255, 8943535, 8688887, 0.44, 75, 500, 6, 112, 18750, 10
0, 22069, 268, 288, 283, 9097004, 8766031, 0.44, 75, 500, 6, 128, 18750, 10
0, 24281, 241, 285, 271, 9710753, 9380960, 0.44, 75, 500, 6, 141, 18750, 10
0, 24473, 263, 309, 288, 9993761, 9513180, 0.44, 75, 500, 6, 141, 18750, 10
1, 18836, 241, 242, 244, 9046970, 9070771, 0.44, 75, 500, 6, 105, 18750, 10
1, 18981, 261, 262, 265, 8439128, 8446009, 0.44, 75, 500, 6, 121, 18750, 10
1, 19594, 255, 258, 259, 8128800, 8186448, 0.44, 75, 500, 6, 107, 18750, 10
1, 20229, 258, 267, 273, 8881607, 8900241, 0.44, 75, 500, 6, 117, 18750, 10
1, 19110, 264, 267, 266, 9009958, 9018476, 0.44, 75, 500, 6, 106, 18750, 10
1, 20154, 245, 254, 252, 8763257, 8782052, 0.44, 75, 500, 6, 112, 18750, 10
0, 23759, 237, 247, 282, 10268026, 9792193, 0.44, 75, 500, 6, 142, 18750, 10
0, 22525, 255, 281, 270, 8876733, 8512838, 0.44, 75, 500, 6, 124, 18750, 10
1, 19189, 263, 264, 271, 9036418, 9042856, 0.44, 75, 500, 6, 108, 18750, 10
1, 18810, 255, 256, 257, 8698978, 8700488, 0.44, 75, 500, 6, 106, 18750, 10
0, 23983, 227, 264, 265, 10612495, 10169483, 0.44, 75, 500, 6, 140, 18750, 10
0, 24273, 258, 302, 288, 9918874, 9489350, 0.44, 75, 500, 6, 141, 18750, 10
0, 22010, 261, 286, 277, 8990016, 8709246, 0.44, 75, 500, 6, 120, 18750, 10
0, 25311, 269, 325, 306, 9273171, 8955817, 0.44, 75, 500, 6, 133, 18750, 10
1, 19529, 244, 247, 251, 8787782, 8854951, 0.44, 75, 500, 6, 110, 18750, 10
0, 23801, 253, 288, 280, 10023762, 9723011, 0.44, 75, 500, 6, 141, 18750, 10
0, 26875, 238, 302, 303, 10838118, 10251827, 0.44, 75, 500, 6, 158, 18750, 10
0, 24248, 238, 277, 261, 9931569, 9546990, 0.44, 75, 500, 6, 135, 18750, 10
0, 21070, 262, 291, 273, 8380900, 8099385, 0.44, 75, 500, 6, 108, 18750, 10
0, 24284, 248, 293, 300, 9829415, 9463526, 0.44, 75, 500, 6, 140, 18750, 10
0, 27000, 243, 311, 298, 10708326, 10308617, 0.44, 75, 500, 6, 154, 18750, 10
1, 18863, 276, 277, 279, 7996970, 8008165, 0.44, 75, 500, 6, 108, 18750, 10
1, 20268, 289, 299, 296, 9037995, 9066149, 0.44, 75, 500, 6, 115, 18750, 10
1, 19636, 273, 274, 282, 9507880, 9512161, 0.44, 75, 500, 6, 112, 18750, 10
1, 19222, 262, 264, 265, 8095988, 8131174, 0.44, 75, 500, 6, 109, 18750, 10
0, 26125, 235, 261, 299, 10268353, 9994482, 0.44, 75, 500, 6, 152, 18750, 10
0, 22946, 278, 305, 313, 9816484, 9409356, 0.44, 75, 500, 6, 137, 18750, 10
1, 19642, 240, 242, 242, 9007700, 9034551, 0.44, 75, 500, 6, 119, 18750, 10
0, 26240, 244, 318, 280, 9739850, 9317007, 0.44, 75, 500, 6, 146, 18750, 10
0, 23094, 254, 292, 283, 9303636, 8992963, 0.44, 75, 500, 6, 130, 18750, 10
0, 21547, 244, 267, 253, 8953546, 8641874, 0.44, 75, 500, 6, 127, 18750, 10
1, 19463, 262, 263, 270, 8598442, 8773857, 0.44, 75, 500, 6, 116, 18750, 10
1, 21272, 253, 258, 287, 9150892, 9234480, 0.44, 75, 500, 6, 128, 18750, 10
1, 19048, 270, 273, 273, 8528714, 8557203, 0.44, 75, 500, 6, 111, 18750, 10
0, 20833, 285, 301, 292, 8678847, 8433372, 0.44, 75, 500, 6, 121, 18750, 10
0, 27000, 238, 320, 297, 10486841, 10193510, 0.44, 75, 500, 6, 155, 18750, 10
0, 24552, 236, 289, 266, 9925092, 9464324, 0.44, 75, 500, 6, 147, 18750, 10
0, 27000, 256, 299, 302, 10217857, 9963368, 0.44, 75, 500, 6, 162, 18750, 10
0, 26033, 226, 285, 265, 9765928, 9302346, 0.44, 75, 500, 6, 154, 18750, 10
0, 21791, 272, 279, 300, 9800751, 9553831, 0.44, 75, 500, 6, 135, 18750, 10
0, 19474, 236, 239, 237, 9213213, 8969477, 0.44, 75, 500, 6, 114, 18750, 10
0, 19749, 263, 266, 264, 8921067, 8717606, 0.44, 75, 500, 6, 114, 18750, 10
0, 24892, 235, 265, 309, 10588831, 10269984, 0.44, 75, 500, 6, 154, 18750, 10
0, 27000, 242, 289, 344, 11338993, 11080028, 0.44, 75, 500, 6, 165, 18750, 10
0, 21253, 245, 252, 261, 9303521, 9115687, 0.44, 75, 500, 6, 128, 18750, 10
0, 22977, 261, 282, 301, 9942233, 9475468, 0.44, 75, 500, 6, 138, 18750, 10
1, 19478, 261, 264, 266, 8478521, 8501262, 0.44, 75, 500, 6, 112, 18750, 10
1, 19197, 260, 263, 270, 9281334, 9333019, 0.44, 75, 500, 6, 118, 18750, 10
1, 19847, 259, 266, 263, 8783818, 8792267, 0.44, 75, 500, 6, 112, 18750, 10
0, 26607, 229, 245, 324, 10915521, 10595427, 0.44, 75, 500, 6, 173, 18750, 10
1, 18911, 247, 248, 251, 8584577, 8613272, 0.44, 75, 500, 6, 113, 18750, 10
1, 18974, 253, 254, 256, 8028441, 8040014, 0.44, 75, 500, 6, 118, 18750, 10
1, 19337, 240, 243, 245, 8858288, 8872098, 0.44, 75, 500, 6, 114, 18750, 10
0, 20049, 251, 261, 253, 8264235, 8014713, 0.44, 75, 500, 6, 109, 18750, 10
1, 19566, 265, 269, 270, 6952518, 6987517, 0.44, 75, 500, 5, 91, 18750, 10
0, 27000, 256, 329, 298, 9875898, 9496969, 0.44, 75, 500, 6, 162, 18750, 10
1, 19016, 257, 259, 261, 8686300, 8706540, 0.44, 75, 500, 6, 115, 18750, 10
1, 19117, 266, 269, 268, 6825302, 6844086, 0.44, 75, 500, 5, 91, 18750, 10
0, 21984, 282, 304, 290, 9626253, 9349419, 0.44, 75, 500, 6, 130, 18750, 10
1, 19013, 246, 247, 249, 7858051, 7899083, 0.44, 75, 500, 6, 111, 18750, 10
1, 20017, 256, 263, 268, 7248339, 7268284, 0.44, 75, 500, 5, 93, 18750, 10
1, 19015, 263, 264, 265, 6746779, 6766935, 0.44, 75, 500, 5, 85, 18750, 10
0, 21291, 254, 277, 262, 9275556, 8967685, 0.44, 75, 500, 6, 123, 18750, 10
1, 19244, 257, 258, 263, 9285730, 9316335, 0.44, 75, 500, 6, 118, 18750, 10
1, 20254, 278, 284, 290, 7057818, 7128279, 0.44, 75, 500, 5, 89, 18750, 10
1, 19356, 227, 229, 229, 7169654, 7231768, 0.44, 75, 500, 5, 87, 18750, 10
0, 22527, 275, 299, 302, 8261254, 8025275, 0.44, 75, 500, 5, 106, 18750, 10
0, 22471, 258, 284, 264, 7494275, 7298952, 0.44, 75, 500, 5, 97, 18750, 10
0, 21439, 232, 254, 240, 7167630, 6919088, 0.44, 75, 500, 5, 96, 18750, 10
0, 27000, 263, 333, 316, 10045112, 9786551, 0.44, 75, 500, 6, 156, 18750, 10
0, 25219, 259, 312, 307, 8115179, 7822831, 0.44, 75, 500, 5, 119, 18750, 10
1, 19918, 257, 260, 260, 7414303, 7434564, 0.44, 75, 500, 5, 86, 18750, 10
0, 22556, 250, 268, 265, 7844809, 7552594, 0.44, 75, 500, 5, 98, 18750, 10
1, 19988, 257, 258, 274, 7953558, 7972628, 0.44, 75, 500, 5, 92, 18750, 10
0, 25813, 243, 297, 299, 8663345, 8270704, 0.44, 75, 500, 5, 118, 18750, 10
1, 19410, 227, 230, 232, 6630755, 6653248, 0.44, 75, 500, 5, 79, 18750, 10
0, 21924, 249, 266, 267, 7771668, 7484507, 0.44, 75, 500, 5, 96, 18750, 10
1, 18836, 224, 225, 226, 7157441, 7167850, 0.44, 75, 500, 5, 81, 18750, 10
0, 20204, 241, 258, 244, 6192914, 5962805, 0.44, 75, 500, 5, 81, 18750, 10
1, 20098, 240, 250, 255, 7456358, 7489796, 0.44, 75, 500, 5, 86, 18750, 10
0, 27000, 241, 291, 302, 8981071, 8677658, 0.44, 75, 500, 5, 141, 18750, 10
1, 20127, 236, 242, 246, 7416485, 7457611, 0.44, 75, 500, 5, 87, 18750, 10
0, 20980, 239, 251, 242, 7227688, 6954089, 0.44, 75, 500, 5, 94, 18750, 10
0, 20225, 257, 277, 263, 6906728, 6692691, 0.44, 75, 500, 5, 83, 18750, 10
1, 21382, 241, 249, 255, 7913339, 7935083, 0.44, 75, 500, 5, 94, 18750, 10
1, 19048, 229, 233, 234, 6591445, 6609604, 0.44, 75, 500, 5, 81, 18750, 10
0, 23333, 241, 260, 297, 8607142, 8332330, 0.44, 75, 500, 5, 105, 18750, 10
0, 22354, 267, 298, 289, 7936583, 7707903, 0.44, 75, 500, 5, 93, 18750, 10
0, 25167, 243, 289, 270, 8824527, 8397774, 0.44, 75, 500, 5, 113, 18750, 10
1, 19238, 262, 264, 265, 7075292, 7121871, 0.44, 75, 500, 5, 79, 18750, 10
1, 21319, 240, 251, 266, 7851605, 7872170, 0.44, 75, 500, 5, 99, 18750, 10
1, 19268, 225, 226, 232, 7132381, 7200362, 0.44, 75, 500, 5, 86, 18750, 10
1, 19129, 265, 267, 270, 7019750, 7084718, 0.44, 75, 500, 5, 84, 18750, 10
0, 19819, 269, 278, 273, 7282710, 7174189, 0.44, 75, 500, 5, 87, 18750, 10
1, 19696, 270, 272, 274, 7669483, 7674051, 0.44, 75, 500, 5, 90, 18750, 10
1, 19654, 222, 226, 231, 6540366, 6579277, 0.44, 75, 500, 5, 85, 18750, 10
1, 19038, 254, 258, 257, 7199454, 7205931, 0.44, 75, 500, 5, 86, 18750, 10
0, 24494, 265, 323, 307, 7845570, 7562147, 0.44, 75, 500, 5, 112, 18750, 10
1, 19185, 245, 246, 249, 7190478, 7224510, 0.44, 75, 500, 5, 89, 18750, 10
1, 19430, 231, 232, 234, 7604548, 7622703, 0.44, 75, 500, 5, 92, 18750, 10
0, 22448, 264, 285, 297, 8228184, 8003034, 0.44, 75, 500, 5, 108, 18750, 10
1, 19087, 264, 266, 269, 7710598, 7733192, 0.44, 75, 500, 5, 90, 18750, 10
0, 27000, 204, 212, 291, 9342811, 9677178, 0.44, 75, 500, 5, 141, 18750, 10
1, 19148, 246, 250, 248, 7113636, 7119051, 0.44, 75, 500, 5, 86, 18750, 10
0, 27000, 234, 288, 298, 8743959, 8554870, 0.44, 75, 500, 5, 128, 18750, 10
1, 18843, 261, 262, 264, 6536755, 6555813, 0.44, 75, 500, 5, 89, 18750, 10
1, 19032, 258, 259, 260, 7025129, 7027830, 0.44, 75, 500, 5, 90, 18750, 10
1, 19309, 241, 243, 244, 7363137, 7365299, 0.44, 75, 500, 5, 91, 18750, 10
1, 19635, 268, 269, 272, 7590697, 7606505, 0.44, 75, 500, 5, 96, 18750, 10
0, 20111, 268, 280, 270, 6194376, 5988261, 0.44, 75, 500, 5, 91, 18750, 10
0, 21656, 254, 281, 263, 7205953, 6967794, 0.44, 75, 500, 5, 103, 18750, 10
1, 19606, 270, 276, 279, 7310192, 7328037, 0.44, 75, 500, 5, 97, 18750, 10
0, 23550, 247, 282, 273, 8049424, 7732184, 0.44, 75, 500, 5, 113, 18750, 10
1, 18973, 257, 258, 260, 7288410, 7312353, 0.44, 75, 500, 5, 92, 18750, 10
1, 19371, 248, 253, 252, 7474394, 7503444, 0.44, 75, 500, 5, 93, 18750, 10
0, 20576, 251, 269, 253, 6677776, 6432378, 0.44, 75, 500, 5, 93, 18750, 10
1, 19195, 274, 278, 277, 6691518, 6703322, 0.44, 75, 500, 5, 88, 18750, 10
1, 19150, 256, 260, 258, 6838698, 6855894, 0.44, 75, 500, 5, 86, 18750, 10
0, 21985, 237, 261, 255, 7642851, 7380968, 0.44, 75, 500, 5, 101, 18750, 10
0, 27000, 240, 280, 340, 9273976, 9035273, 0.44, 75, 500, 5, 141, 18750, 10
0, 25844, 278, 336, 318, 7969683, 7707128, 0.44, 75, 500, 5, 124, 18750, 10
1, 19132, 251, 252, 254, 7399260, 7412946, 0.44, 75, 500, 5, 93, 18750, 10
1, 19436, 227, 229, 232, 7328485, 7442903, 0.44, 75, 500, 5, 94, 18750, 10
1, 19394, 211, 213, 214, 6649286, 6658856, 0.44, 75, 500, 5, 91, 18750, 10
1, 19590, 214, 215, 218, 7188435, 7323125, 0.44, 75, 500, 5, 91, 18750, 10
0, 21862, 242, 268, 255, 7409298, 7107486, 0.44, 75, 500, 5, 105, 18750, 10
0, 27000, 222, 278, 266, 8819458, 8686446, 0.44, 75, 500, 5, 132, 18750, 10
0, 21770, 249, 272, 270, 7242195, 7013881, 0.44, 75, 500, 5, 105, 18750, 10
1, 19404, 280, 283, 286, 7430152, 7452743, 0.44, 75, 500, 5, 98, 18750, 10
0, 20386, 273, 292, 282, 7321781, 7066870, 0.44, 75, 500, 5, 100, 18750, 10
1, 19077, 257, 258, 262, 7059246, 7069219, 0.44, 75, 500, 5, 100, 18750, 10
1, 19176, 255, 260, 260, 7453255, 7457115, 0.44, 75, 500, 5, 95, 18750, 10
1, 25065, 262, 293, 319, 8839925, 8893841, 0.44, 75, 500, 5, 133, 18750, 10
0, 26101, 233, 288, 285, 8497425, 8083452, 0.44, 75, 500, 5, 130, 18750, 10
1, 19948, 271, 277, 283, 7431693, 7442645, 0.44, 75, 500, 5, 101, 18750, 10
1, 19210, 241, 247, 243, 7166098, 7178033, 0.44, 75, 500, 5, 96, 18750, 10
1, 19224, 271, 272, 278, 7126462, 7158639, 0.44, 75, 500, 5, 96, 18750, 10
0, 21664, 210, 240, 225, 7716675, 7451315, 0.44, 75, 500, 5, 105, 18750, 10
0, 27000, 244, 285, 321, 8616977, 8350862, 0.44, 75, 500, 5, 147, 18750, 10
0, 27000, 270, 300, 379, 9207221, 9062544, 0.44, 75, 500, 5, 151, 18750, 10
1, 23011, 269, 291, 297, 8045217, 8053862, 0.44, 75, 500, 5, 121, 18750, 10
0, 20323, 289, 308, 296, 7231950, 7061130, 0.44, 75, 500, 5, 109, 18750, 10
1, 19673, 220, 224, 223, 7041376, 7058580, 0.44, 75, 500, 5, 99, 18750, 10
1, 19189, 259, 260, 262, 7360203, 7388451, 0.44, 75, 500, 5, 105, 18750, 10
0, 21768, 298, 309, 312, 8095092, 7881047, 0.44, 75, 500, 5, 119, 18750, 10
1, 19469, 247, 248, 251, 7872896, 7948906, 0.44, 75, 500, 5, 109, 18750, 10
0, 27000, 280, 329, 324, 8648162, 8418341, 0.44, 75, 500, 5, 142, 18750, 10
0, 22679, 268, 302, 294, 7991898, 7761644, 0.44, 75, 500, 5, 129, 18750, 10
1, 19317, 255, 257, 263, 7660240, 7668147, 0.44, 75, 500, 5, 99, 18750, 10
0, 23391, 220, 259, 243, 8314507, 7970914, 0.44, 75, 500, 5, 136, 18750, 10
0, 27000, 236, 294, 296, 8964112, 8516114, 0.44, 75, 500, 5, 146, 18750, 10
1, 19517, 254, 256, 259, 6676980, 6725764, 0.44, 75, 500, 5, 98, 18750, 10
0, 24128, 261, 302, 282, 8218506, 7857354, 0.44, 75, 500, 5, 128, 18750, 10
0, 23333, 242, 273, 267, 8053491, 7708449, 0.44, 75, 500, 5, 137, 18750, 10
0, 21114, 230, 253, 235, 8093081, 7708502, 0.44, 75, 500, 5, 118, 18750, 10
0, 21969, 269, 297, 279, 7686029, 7408034, 0.44, 75, 500, 5, 111, 18750, 10
1, 19481, 242, 244, 247, 7032783, 7076780, 0.44, 75, 500, 5, 111, 18750, 10
1, 19340, 232, 233, 235, 7477895, 7550640, 0.44, 75, 500, 5, 105, 18750, 10
1, 20284, 287, 290, 295, 5619619, 5663250, 0.44, 75, 500, 4, 82, 18750, 10
0, 23798, 244, 277, 274, 7931585, 7599665, 0.44, 75, 500, 5, 133, 18750, 10
0, 23968, 245, 290, 280, 7968561, 7572193, 0.44, 75, 500, 5, 137, 18750, 10
1, 19177, 265, 267, 269, 5367478, 5381680, 0.44, 75, 500, 4, 81, 18750, 10
0, 23213, 262, 301, 286, 7785641, 7452334, 0.44, 75, 500, 5, 122, 18750, 10
1, 19386, 249, 252, 254, 5485112, 5497454, 0.44, 75, 500, 4, 76, 18750, 10
1, 19176, 262, 266, 265, 5715755, 5729897, 0.44, 75, 500, 4, 76, 18750, 10
1, 19842, 232, 236, 237, 6295881, 6299833, 0.44, 75, 500, 4, 75, 18750, 10
0, 20459, 261, 287, 275, 5408534, 5196574, 0.44, 75, 500, 4, 81, 18750, 10
1, 19139, 259, 260, 266, 6008178, 6017323, 0.44, 75, 500, 4, 80, 18750, 10
0, 22271, 268, 294, 280, 5771564, 5540202, 0.44, 75, 500, 4, 84, 18750, 10
0, 23220, 245, 285, 280, 6661027, 6382276, 0.44, 75, 500, 4, 94, 18750, 10
0, 20516, 262, 282, 270, 5446990, 5273453, 0.44, 75, 500, 4, 74, 18750, 10
0, 21038, 247, 262, 254, 5822531, 5619897, 0.44, 75, 500, 4, 80, 18750, 10
1, 19713, 262, 267, 274, 5672055, 5687348, 0.44, 75, 500, 4, 74, 18750, 10
0, 25578, 253, 304, 288, 6795982, 6369771, 0.44, 75, 500, 4, 103, 18750, 10
0, 22631, 248, 280, 275, 6326593, 6149780, 0.44, 75, 500, 4, 88, 18750, 10
1, 18894, 246, 247, 249, 5272035, 5299310, 0.44, 75, 500, 4, 71, 18750, 10
0, 24483, 226, 269, 253, 6952914, 6666187, 0.44, 75, 500, 4, 95, 18750, 10
1, 19005, 274, 275, 277, 5930708, 5939981, 0.44, 75, 500, 4, 76, 18750, 10
0, 19683, 240, 245, 241, 6079428, 5905406, 0.44, 75, 500, 4, 79, 18750, 10
0, 22097, 279, 307, 286, 5808322, 5551617, 0.44, 75, 500, 4, 82, 18750, 10
1, 19564, 269, 270, 271, 6053746, 6077305, 0.44, 75, 500, 4, 75, 18750, 10
1, 18932, 239, 240, 241, 5678601, 5683628, 0.44, 75, 500, 4, 68, 18750, 10
0, 22734, 232, 265, 252, 5664646, 5493228, 0.44, 75, 500, 4, 83, 18750, 10
0, 23004, 235, 281, 267, 6041764, 5763290, 0.44, 75, 500, 4, 89, 18750, 10
0, 23465, 271, 290, 312, 6920022, 6669395, 0.44, 75, 500, 4, 90, 18750, 10
1, 19186, 244, 246, 249, 6119304, 6131645, 0.44, 75, 500, 4, 76, 18750, 10
0, 24518, 251, 305, 283, 6366450, 6030595, 0.44, 75, 500, 4, 93, 18750, 10
1, 19091, 240, 241, 245, 5697861, 5714996, 0.44, 75, 500, 4, 70, 18750, 10
0, 24904, 233, 268, 279, 6481313, 6156410, 0.44, 75, 500, 4, 96, 18750, 10
1, 19154, 247, 248, 253, 6050369, 6059956, 0.44, 75, 500, 4, 74, 18750, 10
0, 24169, 247, 296, 275, 6404118, 6114288, 0.44, 75, 500, 4, 92, 18750, 10
0, 25567, 273, 342, 317, 6594393, 6397724, 0.44, 75, 500, 4, 101, 18750, 10
0, 23967, 222, 259, 256, 6747184, 6422115, 0.44, 75, 500, 4, 90, 18750, 10
1, 19698, 249, 258, 255, 5845820, 5874494, 0.44, 75, 500, 4, 74, 18750, 10
1, 20460, 261, 273, 274, 5374763, 5396267, 0.44, 75, 500, 4, 72, 18750, 10
1, 21385, 266, 278, 286, 6626430, 6649553, 0.44, 75, 500, 4, 82, 18750, 10
1, 19143, 236, 238, 238, 5817091, 5829504, 0.44, 75, 500, 4, 67, 18750, 10
1, 19448, 217, 219, 223, 6115140, 6215952, 0.44, 75, 500, 4, 69, 18750, 10
0, 27000, 254, 295, 349, 7140889, 7010580, 0.44, 75, 500, 4, 110, 18750, 10
1, 19091, 264, 265, 268, 5888060, 5908077, 0.44, 75, 500, 4, 73, 18750, 10
1, 20018, 258, 264, 265, 5593857, 5602798, 0.44, 75, 500, 4, 73, 18750, 10
1, 19645, 263, 266, 269, 5890326, 5949738, 0.44, 75, 500, 4, 72, 18750, 10
1, 19542, 258, 259, 264, 6080322, 6130131, 0.44, 75, 500, 4, 72, 18750, 10
0, 19933, 280, 290, 286, 5630702, 5501879, 0.44, 75, 500, 4, 73, 18750, 10
0, 24036, 246, 290, 274, 6504582, 6339709, 0.44, 75, 500, 4, 88, 18750, 10
1, 19057, 248, 249, 251, 6049018, 6060629, 0.44, 75, 500, 4, 70, 18750, 10
1, 20044, 245, 246, 251, 5679858, 5704587, 0.44, 75, 500, 4, 74, 18750, 10
1, 19409, 239, 242, 243, 5384979, 5419755, 0.44, 75, 500, 4, 66, 18750, 10
0, 23652, 266, 290, 291, 6402661, 6215576, 0.44, 75, 500, 4, 82, 18750, 10
1, 19241, 261, 262, 265, 5095128, 5111752, 0.44, 75, 500, 4, 62, 18750, 10
1, 19227, 247, 251, 252, 5218393, 5240437, 0.44, 75, 500, 4, 63, 18750, 10
1, 18904, 259, 260, 261, 5767695, 5785549, 0.44, 75, 500, 4, 62, 18750, 10
0, 26228, 272, 326, 311, 7534218, 7342077, 0.44, 75, 500, 4, 94, 18750, 10
1, 21471, 244, 256, 263, 6165591, 6174363, 0.44, 75, 500, 4, 75, 18750, 10
0, 19804, 259, 268, 263, 5691353, 5577562, 0.44, 75, 500, 4, 68, 18750, 10
1, 19971, 231, 236, 236, 6011381, 6015831, 0.44, 75, 500, 4, 68, 18750, 10
1, 19387, 255, 257, 259, 5870940, 5916604, 0.44, 75, 500, 4, 68, 18750, 10
1, 19667, 251, 253, 257, 6040829, 6118400, 0.44, 75, 500, 4, 69, 18750, 10
0, 22760, 242, 269, 274, 6236037, 5852887, 0.44, 75, 500, 4, 82, 18750, 10
1, 19142, 243, 246, 245, 5462610, 5505741, 0.44, 75, 500, 4, 64, 18750, 10
0, 23294, 258, 293, 274, 6366005, 6047967, 0.44, 75, 500, 4, 75, 18750, 10
0, 22612, 276, 303, 289, 6315572, 5992690, 0.44, 75, 500, 4, 77, 18750, 10
1, 19368, 267, 268, 269, 5731585, 5737877, 0.44, 75, 500, 4, 65, 18750, 10
0, 22740, 285, 314, 302, 6222736, 6043645, 0.44, 75, 500, 4, 78, 18750, 10
1, 18975, 234, 236, 236, 5548103, 5548107, 0.44, 75, 500, 4, 64, 18750, 10
1, 19263, 249, 250, 251, 5858889, 5862942, 0.44, 75, 500, 4, 64, 18750, 10
1, 18927, 268, 269, 270, 5564391, 5577138, 0.44, 75, 500, 4, 68, 18750, 10
0, 23593, 253, 280, 288, 6641260, 6500247, 0.44, 75, 500, 4, 84, 18750, 10
0, 20970, 274, 303, 281, 5582267, 5352116, 0.44, 75, 500, 4, 72, 18750, 10
1, 21920, 253, 267, 265, 5999147, 6054434, 0.44, 75, 500, 4, 76, 18750, 10
1, 19453, 242, 243, 247, 6013726, 6040077, 0.44, 75, 500, 4, 69, 18750, 10
1, 19181, 259, 260, 261, 6217045, 6234998, 0.44, 75, 500, 4, 73, 18750, 10
0, 22147, 243, 274, 261, 6012033, 5768087, 0.44, 75, 500, 4, 77, 18750, 10
0, 27000, 272, 288, 359, 7349092, 7302226, 0.44, 75, 500, 4, 106, 18750, 10
1, 19105, 249, 251, 254, 5282231, 5294090, 0.44, 75, 500, 4, 64, 18750, 10
1, 19445, 244, 247, 248, 5343868, 5376785, 0.44, 75, 500, 4, 68, 18750, 10
1, 19404, 264, 267, 269, 6199745, 6257328, 0.44, 75, 500, 4, 72, 18750, 10
1, 19570, 277, 281, 281, 5588153, 5593904, 0.44, 75, 500, 4, 69, 18750, 10
0, 22246, 256, 291, 274, 6839331, 6618096, 0.44, 75, 500, 4, 83, 18750, 10
0, 23620, 227, 268, 256, 7145890, 6949805, 0.44, 75, 500, 4, 91, 18750, 10
1, 19258, 214, 217, 220, 5796319, 5799435, 0.44, 75, 500, 4, 66, 18750, 10
1, 19256, 256, 261, 261, 5787022, 5794370, 0.44, 75, 500, 4, 67, 18750, 10
1, 19527, 231, 234, 238, 5280210, 5299144, 0.44, 75, 500, 4, 68, 18750, 10
0, 21179, 245, 260, 249, 5657282, 5441743, 0.44, 75, 500, 4, 72, 18750, 10
1, 19306, 250, 257, 257, 5469484, 5476826, 0.44, 75, 500, 4, 70, 18750, 10
1, 19902, 254, 257, 261, 6147564, 6179478, 0.44, 75, 500, 4, 74, 18750, 10
0, 27000, 252, 303, 322, 7116428, 6823694, 0.44, 75, 500, 4, 102, 18750, 10
0, 22325, 262, 274, 294, 6995282, 6748025, 0.44, 75, 500, 4, 84, 18750, 10
1, 19412, 261, 262, 271, 6198082, 6223072, 0.44, 75, 500, 4, 72, 18750, 10
1, 19621, 226, 230, 229, 5526637, 5550706, 0.44, 75, 500, 4, 69, 18750, 10
1, 19198, 240, 244, 243, 5877576, 5891614, 0.44, 75, 500, 4, 69, 18750, 10
1, 18885, 271, 273, 274, 5690734, 5694036, 0.44, 75, 500, 4, 66, 18750, 10
0, 19515, 266, 275, 268, 5582937, 5428769, 0.44, 75, 500, 4, 64, 18750, 10
0, 25971, 261, 318, 295, 6874982, 6645413, 0.44, 75, 500, 4, 97, 18750, 10
1, 18949, 250, 251, 253, 6236075, 6243402, 0.44, 75, 500, 4, 68, 18750, 10
0, 27000, 259, 323, 318, 7089023, 6963684, 0.44, 75, 500, 4, 99, 18750, 10
1, 19763, 256, 259, 265, 6515912, 6549948, 0.44, 75, 500, 4, 76, 18750, 10
0, 24940, 272, 314, 325, 7108723, 6903081, 0.44, 75, 500, 4, 96, 18750, 10
1, 19077, 262, 266, 266, 5136014, 5152747, 0.44, 75, 500, 4, 66, 18750, 10
0, 21950, 253, 284, 271, 4205017, 4046687, 0.44, 75, 500, 3, 51, 18750, 10
0, 21802, 266, 290, 274, 4182764, 4003338, 0.44, 75, 500, 3, 51, 18750, 10
0, 24895, 263, 305, 304, 6488397, 6158862, 0.44, 75, 500, 4, 88, 18750, 10
1, 19042, 258, 259, 260, 4097429, 4100712, 0.44, 75, 500, 3, 49, 18750, 10
0, 21777, 248, 274, 264, 4156951, 4007137, 0.44, 75, 500, 3, 52, 18750, 10
0, 22409, 272, 305, 294, 5759190, 5516012, 0.44, 75, 500, 4, 76, 18750, 10
1, 19879, 233, 235, 243, 4792184, 4901783, 0.44, 75, 500, 3, 50, 18750, 10
1, 19659, 242, 246, 247, 4457518, 4461369, 0.44, 75, 500, 3, 46, 18750, 10
1, 19777, 255, 259, 261, 3761554, 3794787, 0.44, 75, 500, 3, 44, 18750, 10
0, 21353, 235, 261, 253, 4316566, 4126126, 0.44, 75, 500, 3, 51, 18750, 10
0, 21749, 258, 289, 268, 4322285, 4118401, 0.44, 75, 500, 3, 53, 18750, 10
1, 19088, 256, 257, 259, 4197334, 4203242, 0.44, 75, 500, 3, 45, 18750, 10
0, 26791, 251, 325, 299, 5222790, 4982047, 0.44, 75, 500, 3, 72, 18750, 10
1, 19645, 229, 231, 234, 4277309, 4309072, 0.44, 75, 500, 3, 47, 18750, 10
1, 19284, 238, 239, 245, 4905243, 4918466, 0.44, 75, 500, 3, 52, 18750, 10
1, 19345, 258, 261, 265, 4152845, 4175400, 0.44, 75, 500, 3, 46, 18750, 10
1, 19197, 261, 264, 267, 4764007, 4801133, 0.44, 75, 500, 3, 51, 18750, 10
1, 19437, 236, 239, 242, 4257073, 4291184, 0.44, 75, 500, 3, 47, 18750, 10
0, 27000, 235, 290, 283, 5263960, 5169517, 0.44, 75, 500, 3, 68, 18750, 10
0, 20595, 252, 274, 260, 4155492, 3996591, 0.44, 75, 500, 3, 48, 18750, 10
0, 21549, 265, 287, 275, 4565519, 4403123, 0.44, 75, 500, 3, 53, 18750, 10
1, 19285, 264, 265, 269, 4320126, 4338041, 0.44, 75, 500, 3, 48, 18750, 10
1, 18864, 269, 270, 272, 4846285, 4859121, 0.44, 75, 500, 3, 53, 18750, 10
0, 24629, 238, 294, 267, 4442835, 4269671, 0.44, 75, 500, 3, 61, 18750, 10
1, 19760, 273, 279, 280, 4731768, 4757216, 0.44, 75, 500, 3, 52, 18750, 10
1, 19561, 246, 249, 251, 4550836, 4575184, 0.44, 75, 500, 3, 48, 18750, 10
1, 19414, 245, 248, 248, 4170745, 4182502, 0.44, 75, 500, 3, 49, 18750, 10
1, 19310, 258, 259, 261, 4156824, 4175253, 0.44, 75, 500, 3, 48, 18750, 10
1, 19739, 253, 259, 261, 4227343, 4272973, 0.44, 75, 500, 3, 48, 18750, 10
0, 21422, 264, 287, 277, 4456672, 4335800, 0.44, 75, 500, 3, 53, 18750, 10
0, 22976, 230, 268, 266, 4700735, 4537608, 0.44, 75, 500, 3, 58, 18750, 10
1, 19982, 293, 299, 302, 4101818, 4132803, 0.44, 75, 500, 3, 48, 18750, 10
1, 23911, 250, 271, 295, 5149827, 5297749, 0.44, 75, 500, 3, 67, 18750, 10
1, 19072, 259, 260, 261, 4646215, 4650727, 0.44, 75, 500, 3, 51, 18750, 10
0, 27000, 263, 328, 320, 5144887, 5047120, 0.44, 75, 500, 3, 71, 18750, 10
1, 19380, 265, 266, 268, 4799035, 4840948, 0.44, 75, 500, 3, 49, 18750, 10
1, 19593, 261, 263, 275, 4488525, 4521447, 0.44, 75, 500, 3, 53, 18750, 10
0, 22609, 260, 310, 279, 4668272, 4408824, 0.44, 75, 500, 3, 56, 18750, 10
1, 19614, 234, 240, 242, 4265074, 4267621, 0.44, 75, 500, 3, 47, 18750, 10
0, 21866, 222, 238, 241, 4673823, 4519291, 0.44, 75, 500, 3, 52, 18750, 10
1, 19079, 220, 222, 223, 4639852, 4665058, 0.44, 75, 500, 3, 47, 18750, 10
1, 19750, 258, 266, 261, 4146550, 4169965, 0.44, 75, 500, 3, 44, 18750, 10
0, 20408, 237, 254, 245, 4138806, 3989788, 0.44, 75, 500, 3, 46, 18750, 10
0, 20313, 292, 312, 298, 3563464, 3431809, 0.44, 75, 500, 3, 45, 18750, 10
1, 26505, 250, 303, 316, 5218529, 5235126, 0.44, 75, 500, 3, 68, 18750, 10
1, 19896, 254, 256, 270, 4880256, 5016444, 0.44, 75, 500, 3, 52, 18750, 10
1, 19110, 258, 261, 261, 3877513, 3890470, 0.44, 75, 500, 3, 43, 18750, 10
1, 19158, 253, 255, 257, 4163609, 4175861, 0.44, 75, 500, 3, 48, 18750, 10
1, 20129, 251, 255, 258, 4091653, 4102811, 0.44, 75, 500, 3, 45, 18750, 10
1, 19194, 248, 249, 253, 4369201, 4406020, 0.44, 75, 500, 3, 48, 18750, 10
1, 19219, 250, 252, 254, 4591286, 4647047, 0.44, 75, 500, 3, 45, 18750, 10
1, 19153, 260, 261, 264, 4200018, 4254424, 0.44, 75, 500, 3, 45, 18750, 10
0, 22028, 276, 312, 299, 4047433, 3891945, 0.44, 75, 500, 3, 50, 18750, 10
1, 20328, 229, 239, 244, 4470376, 4474725, 0.44, 75, 500, 3, 52, 18750, 10
1, 19380, 246, 247, 253, 4697043, 4702226, 0.44, 75, 500, 3, 49, 18750, 10
0, 20955, 254, 270, 262, 4700580, 4529191, 0.44, 75, 500, 3, 50, 18750, 10
0, 24037, 241, 289, 275, 5049958, 4815632, 0.44, 75, 500, 3, 61, 18750, 10
1, 20185, 266, 272, 274, 4521926, 4534565, 0.44, 75, 500, 3, 51, 18750, 10
1, 19274, 248, 249, 252, 4510103, 4540100, 0.44, 75, 500, 3, 48, 18750, 10
1, 19701, 244, 250, 253, 4515185, 4534894, 0.44, 75, 500, 3, 47, 18750, 10
1, 19685, 263, 266, 271, 4544473, 4565472, 0.44, 75, 500, 3, 48, 18750, 10
0, 20048, 258, 266, 259, 3828606, 3716047, 0.44, 75, 500, 3, 43, 18750, 10
1, 19047, 249, 251, 252, 4278127, 4295235, 0.44, 75, 500, 3, 46, 18750, 10
1, 19508, 247, 248, 255, 4825271, 4836097, 0.44, 75, 500, 3, 50, 18750, 10
0, 21946, 258, 288, 273, 4843870, 4660633, 0.44, 75, 500, 3, 56, 18750, 10
0, 22473, 260, 286, 278, 5295938, 5109702, 0.44, 75, 500, 3, 58, 18750, 10
1, 19395, 272, 276, 276, 4110815, 4124627, 0.44, 75, 500, 3, 47, 18750, 10
1, 19698, 251, 257, 257, 4298178, 4321468, 0.44, 75, 500, 3, 49, 18750, 10
0, 20466, 231, 246, 242, 4331429, 4231480, 0.44, 75, 500, 3, 49, 18750, 10
1, 19644, 248, 256, 252, 4097392, 4117378, 0.44, 75, 500, 3, 46, 18750, 10
0, 20485, 231, 246, 241, 4296193, 4176152, 0.44, 75, 500, 3, 49, 18750, 10
0, 27000, 222, 282, 278, 5345482, 5199918, 0.44, 75, 500, 3, 73, 18750, 10
0, 20441, 283, 295, 287, 4362724, 4238323, 0.44, 75, 500, 3, 50, 18750, 10
0, 21644, 253, 271, 261, 4175204, 4014298, 0.44, 75, 500, 3, 49, 18750, 10
1, 19420, 240, 243, 243, 4718953, 4739652, 0.44, 75, 500, 3, 47, 18750, 10
1, 20013, 244, 253, 261, 4987353, 5018198, 0.44, 75, 500, 3, 53, 18750, 10
1, 20182, 255, 260, 267, 4397990, 4403417, 0.44, 75, 500, 3, 50, 18750, 10
0, 20816, 251, 261, 262, 5199359, 5017793, 0.44, 75, 500, 3, 57, 18750, 10
0, 21785, 248, 276, 263, 4145767, 4023225, 0.44, 75, 500, 3, 52, 18750, 10
0, 20366, 275, 291, 281, 3943523, 3834389, 0.44, 75, 500, 3, 53, 18750, 10
1, 26117, 228, 280, 295, 5656649, 5681514, 0.44, 75, 500, 3, 73, 18750, 10
1, 19577, 265, 273, 275, 4315507, 4347388, 0.44, 75, 500, 3, 53, 18750, 10
0, 23673, 243, 279, 279, 4746834, 4631309, 0.44, 75, 500, 3, 63, 18750, 10
1, 19727, 252, 258, 257, 3751037, 3763358, 0.44, 75, 500, 3, 48, 18750, 10
1, 19573, 260, 264, 267, 4597535, 4647749, 0.44, 75, 500, 3, 54, 18750, 10
0, 21018, 267, 276, 277, 4474865, 4346266, 0.44, 75, 500, 3, 57, 18750, 10
0, 21282, 247, 263, 253, 4303932, 4193251, 0.44, 75, 500, 3, 59, 18750, 10
1, 19499, 290, 292, 293, 4637491, 4661857, 0.44, 75, 500, 3, 56, 18750, 10
0, 21731, 250, 282, 263, 4623480, 4413862, 0.44, 75, 500, 3, 61, 18750, 10
1, 19481, 257, 259, 265, 4493487, 4512279, 0.44, 75, 500, 3, 53, 18750, 10
0, 21450, 267, 297, 280, 4015929, 3835491, 0.44, 75, 500, 3, 57, 18750, 10
0, 27000, 231, 276, 304, 5742772, 5563560, 0.44, 75, 500, 3, 81, 18750, 10
1, 19369, 276, 279, 279, 4070818, 4076561, 0.44, 75, 500, 3, 57, 18750, 10
0, 20545, 276, 294, 283, 2444906, 2352357, 0.44, 75, 500, 2, 34, 18750, 10
1, 19989, 238, 248, 244, 4028726, 4048702, 0.44, 75, 500, 3, 56, 18750, 10
0, 24753, 237, 270, 282, 5700028, 5491202, 0.44, 75, 500, 3, 75, 18750, 10
0, 26903, 248, 324, 309, 5315853, 5027418, 0.44, 75, 500, 3, 74, 18750, 10
1, 19439, 245, 247, 251, 4663408, 4685698, 0.44, 75, 500, 3, 56, 18750, 10
1, 19125, 277, 279, 280, 4678577, 4699456, 0.44, 75, 500, 3, 57, 18750, 10
0, 21404, 259, 280, 269, 2634777, 2523423, 0.44, 75, 500, 2, 35, 18750, 10
0, 24166, 236, 282, 271, 2989905, 2861572, 0.44, 75, 500, 2, 42, 18750, 10
1, 19054, 268, 269, 271, 4379138, 4393614, 0.44, 75, 500, 3, 56, 18750, 10
0, 21289, 250, 273, 260, 2787389, 2676723, 0.44, 75, 500, 2, 34, 18750, 10
1, 25379, 256, 305, 300, 3503496, 3509302, 0.44, 75, 500, 2, 48, 18750, 10
1, 18963, 222, 223, 224, 4417377, 4420944, 0.44, 75, 500, 3, 53, 18750, 10
0, 23657, 240, 257, 270, 3464584, 3311432, 0.44, 75, 500, 2, 46, 18750, 10
1, 24082, 236, 266, 279, 5315312, 5338875, 0.44, 75, 500, 3, 69, 18750, 10
1, 21047, 229, 239, 244, 3420240, 3436859, 0.44, 75, 500, 2, 39, 18750, 10
1, 19429, 275, 281, 279, 3395015, 3395107, 0.44, 75, 500, 2, 36, 18750, 10
0, 23113, 296, 329, 317, 5084297, 4878383, 0.44, 75, 500, 3, 70, 18750, 10
1, 19308, 238, 240, 242, 3152709, 3164544, 0.44, 75, 500, 2, 33, 18750, 10
1, 20233, 277, 290, 293, 2795602, 2800911, 0.44, 75, 500, 2, 35, 18750, 10
1, 20256, 264, 268, 270, 3098226, 3116999, 0.44, 75, 500, 2, 32, 18750, 10
1, 19578, 264, 269, 270, 3014297, 3037096, 0.44, 75, 500, 2, 32, 18750, 10
1, 19799, 274, 277, 277, 2941259, 2955619, 0.44, 75, 500, 2, 32, 18750, 10
0, 22280, 244, 271, 260, 2732197, 2603677, 0.44, 75, 500, 2, 32, 18750, 10
0, 23401, 257, 298, 281, 2839171, 2735046, 0.44, 75, 500, 2, 35, 18750, 10
1, 19612, 248, 255, 259, 2366489, 2399515, 0.44, 75, 500, 2, 27, 18750, 10
1, 20055, 254, 255, 258, 3193150, 3199564, 0.44, 75, 500, 2, 32, 18750, 10
0, 23371, 261, 295, 281, 2981460, 2864534, 0.44, 75, 500, 2, 36, 18750, 10
0, 22284, 238, 273, 247, 3299174, 3094771, 0.44, 75, 500, 2, 36, 18750, 10
1, 19529, 234, 238, 244, 3094476, 3098402, 0.44, 75, 500, 2, 32, 18750, 10
1, 19087, 262, 264, 266, 2870140, 2873665, 0.44, 75, 500, 2, 30, 18750, 10
0, 22064, 282, 309, 302, 2915903, 2819135, 0.44, 75, 500, 2, 35, 18750, 10
0, 24798, 235, 278, 263, 3111785, 2980610, 0.44, 75, 500, 2, 39, 18750, 10
0, 20920, 241, 265, 253, 2592769, 2501646, 0.44, 75, 500, 2, 29, 18750, 10
1, 19561, 250, 256, 253, 3159861, 3187957, 0.44, 75, 500, 2, 33, 18750, 10
0, 27000, 263, 335, 319, 3466420, 3255763, 0.44, 75, 500, 2, 44, 18750, 10
0, 26335, 268, 324, 327, 3502989, 3366833, 0.44, 75, 500, 2, 46, 18750, 10
0, 24611, 229, 277, 263, 2971573, 2858816, 0.44, 75, 500, 2, 37, 18750, 10
0, 24153, 249, 276, 282, 3233261, 3125096, 0.44, 75, 500, 2, 40, 18750, 10
0, 20891, 214, 235, 225, 2964039, 2864266, 0.44, 75, 500, 2, 32, 18750, 10
1, 19355, 253, 255, 261, 3183687, 3211954, 0.44, 75, 500, 2, 35, 18750, 10
0, 20879, 235, 258, 244, 2689767, 2603387, 0.44, 75, 500, 2, 30, 18750, 10
1, 20023, 251, 256, 259, 3058674, 3075350, 0.44, 75, 500, 2, 31, 18750, 10
1, 19807, 246, 248, 259, 3409255, 3478621, 0.44, 75, 500, 2, 33, 18750, 10
0, 23539, 263, 296, 300, 3520377, 3425774, 0.44, 75, 500, 2, 40, 18750, 10
0, 20331, 269, 289, 284, 3373335, 3276689, 0.44, 75, 500, 2, 34, 18750, 10
0, 27000, 238, 285, 306, 3779609, 3756628, 0.44, 75, 500, 2, 46, 18750, 10
1, 19300, 272, 275, 277, 3011168, 3014560, 0.44, 75, 500, 2, 31, 18750, 10
1, 19745, 271, 276, 280, 2556443, 2563500, 0.44, 75, 500, 2, 28, 18750, 10
1, 19507, 265, 270, 277, 3036546, 3072699, 0.44, 75, 500, 2, 32, 18750, 10
1, 19835, 252, 256, 263, 3606864, 3612397, 0.44, 75, 500, 2, 35, 18750, 10
1, 20716, 234, 243, 246, 2869257, 2877331, 0.44, 75, 500, 2, 31, 18750, 10
1, 19810, 261, 268, 268, 2819910, 2831162, 0.44, 75, 500, 2, 30, 18750, 10
0, 22794, 226, 255, 242, 2744013, 2630583, 0.44, 75, 500, 2, 34, 18750, 10
1, 19661, 251, 256, 258, 2872942, 2888105, 0.44, 75, 500, 2, 30, 18750, 10
1, 19414, 248, 250, 253, 3081029, 3097663, 0.44, 75, 500, 2, 30, 18750, 10
1, 19581, 263, 264, 265, 2802649, 2807671, 0.44, 75, 500, 2, 33, 18750, 10
1, 19563, 259, 267, 268, 2859918, 2892319, 0.44, 75, 500, 2, 30, 18750, 10
0, 21157, 269, 294, 275, 2527075, 2412473, 0.44, 75, 500, 2, 29, 18750, 10
1, 19784, 251, 258, 261, 2917514, 2924587, 0.44, 75, 500, 2, 31, 18750, 10
1, 19803, 251, 256, 263, 3244492, 3263955, 0.44, 75, 500, 2, 32, 18750, 10
1, 20130, 267, 273, 278, 3017580, 3058390, 0.44, 75, 500, 2, 32, 18750, 10
1, 19400, 263, 265, 267, 3007957, 3011655, 0.44, 75, 500, 2, 30, 18750, 10
0, 20164, 248, 259, 257, 3043078, 2958474, 0.44, 75, 500, 2, 31, 18750, 10
1, 19399, 226, 227, 230, 3413633, 3448638, 0.44, 75, 500, 2, 31, 18750, 10
1, 19689, 264, 266, 269, 2964259, 2966717, 0.44, 75, 500, 2, 32, 18750, 10
1, 19803, 236, 242, 241, 2744785, 2752538, 0.44, 75, 500, 2, 29, 18750, 10
1, 19335, 254, 256, 259, 3374233, 3404607, 0.44, 75, 500, 2, 30, 18750, 10
1, 19334, 239, 240, 242, 3062082, 3086211, 0.44, 75, 500, 2, 31, 18750, 10
1, 19808, 268, 274, 277, 2858811, 2873574, 0.44, 75, 500, 2, 29, 18750, 10
0, 21366, 263, 281, 282, 3127031, 3040641, 0.44, 75, 500, 2, 32, 18750, 10
0, 22245, 276, 302, 289, 2511825, 2417885, 0.44, 75, 500, 2, 31, 18750, 10
0, 19959, 267, 271, 274, 3452098, 3375918, 0.44, 75, 500, 2, 33, 18750, 10
1, 19461, 235, 237, 239, 3080100, 3096854, 0.44, 75, 500, 2, 29, 18750, 10
1, 19443, 223, 226, 231, 3104100, 3123852, 0.44, 75, 500, 2, 31, 18750, 10
1, 19674, 243, 249, 252, 2970021, 2985895, 0.44, 75, 500, 2, 30, 18750, 10
0, 20387, 257, 270, 259, 2456946, 2345068, 0.44, 75, 500, 2, 28, 18750, 10
0, 21082, 250, 269, 261, 3017571, 2906019, 0.44, 75, 500, 2, 32, 18750, 10
0, 21938, 270, 293, 281, 2737304, 2636022, 0.44, 75, 500, 2, 33, 18750, 10
0, 21359, 275, 295, 291, 3273837, 3133627, 0.44, 75, 500, 2, 34, 18750, 10
0, 20809, 264, 273, 276, 3619708, 3468480, 0.44, 75, 500, 2, 34, 18750, 10
0, 25617, 279, 329, 316, 3160510, 3063911, 0.44, 75, 500, 2, 39, 18750, 10
1, 19846, 270, 272, 275, 2827302, 2842216, 0.44, 75, 500, 2, 29, 18750, 10
0, 20387, 271, 288, 280, 2553108, 2461569, 0.44, 75, 500, 2, 29, 18750, 10
1, 19521, 246, 248, 259, 3225081, 3276032, 0.44, 75, 500, 2, 32, 18750, 10
0, 22047, 225, 251, 239, 3004736, 2882071, 0.44, 75, 500, 2, 32, 18750, 10
0, 21085, 257, 276, 272, 3269245, 3158734, 0.44, 75, 500, 2, 34, 18750, 10
1, 20177, 266, 276, 274, 2693671, 2694142, 0.44, 75, 500, 2, 29, 18750, 10
0, 21741, 280, 306, 289, 2985646, 2830274, 0.44, 75, 500, 2, 32, 18750, 10
1, 19561, 253, 259, 259, 2604869, 2605149, 0.44, 75, 500, 2, 27, 18750, 10
0, 22302, 242, 266, 265, 3415951, 3301272, 0.44, 75, 500, 2, 34, 18750, 10
0, 23614, 263, 297, 288, 3144955, 3015470, 0.44, 75, 500, 2, 36, 18750, 10
0, 23478, 246, 274, 279, 3476998, 3359350, 0.44, 75, 500, 2, 39, 18750, 10
1, 21214, 234, 246, 255, 3603455, 3609472, 0.44, 75, 500, 2, 34, 18750, 10
1, 20956, 240, 251, 250, 3218955, 3233034, 0.44, 75, 500, 2, 33, 18750, 10
0, 20211, 226, 237, 228, 2739281, 2667186, 0.44, 75, 500, 2, 29, 18750, 10
1, 20193, 271, 275, 283, 2595824, 2619730, 0.44, 75, 500, 2, 28, 18750, 10
1, 19473, 241, 245, 246, 3427381, 3440710, 0.44, 75, 500, 2, 30, 18750, 10
1, 20391, 274, 286, 286, 1340641, 1341164, 0.44, 75, 500, 1, 14, 18750, 10
1, 19477, 273, 274, 277, 3006198, 3028795, 0.44, 75, 500, 2, 31, 18750, 10
1, 19755, 257, 265, 263, 2884426, 2884929, 0.44, 75, 500, 2, 29, 18750, 10
0, 21740, 249, 279, 268, 1774965, 1705826, 0.44, 75, 500, 1, 15, 18750, 10
0, 20287, 230, 248, 236, 1501027, 1433406, 0.44, 75, 500, 1, 14, 18750, 10
0, 21983, 255, 282, 269, 3190660, 3056882, 0.44, 75, 500, 2, 34, 18750, 10
0, 22243, 255, 297, 286, 2907986, 2850113, 0.44, 75, 500, 2, 34, 18750, 10
1, 20408, 248, 258, 258, 1591873, 1592136, 0.44, 75, 500, 1, 14, 18750, 10
0, 20254, 237, 252, 244, 2975363, 2896078, 0.44, 75, 500, 2, 30, 18750, 10
1, 19403, 259, 263, 266, 2708042, 2725768, 0.44, 75, 500, 2, 28, 18750, 10
0, 21824, 266, 301, 291, 1504269, 1450425, 0.44, 75, 500, 1, 16, 18750, 10
1, 19893, 248, 251, 255, 2901679, 2918986, 0.44, 75, 500, 2, 27, 18750, 10
0, 22559, 223, 252, 252, 2856247, 2744041, 0.44, 75, 500, 2, 34, 18750, 10
0, 23460, 252, 291, 280, 1623884, 1564320, 0.44, 75, 500, 1, 17, 18750, 10
0, 23134, 260, 297, 285, 1674635, 1612453, 0.44, 75, 500, 1, 17, 18750, 10
1, 23518, 249, 282, 283, 1492036, 1494940, 0.44, 75, 500, 1, 17, 18750, 10
1, 21590, 240, 245, 277, 3688716, 3703412, 0.44, 75, 500, 2, 35, 18750, 10
0, 21392, 231, 259, 247, 1455674, 1392174, 0.44, 75, 500, 1, 15, 18750, 10
1, 20274, 244, 255, 258, 1500070, 1517948, 0.44, 75, 500, 1, 14, 18750, 10
1, 19682, 244, 245, 256, 3301710, 3327483, 0.44, 75, 500, 2, 32, 18750, 10
0, 21057, 265, 281, 285, 3046420, 2957387, 0.44, 75, 500, 2, 30, 18750, 10
1, 19691, 259, 262, 273, 3462871, 3464161, 0.44, 75, 500, 2, 32, 18750, 10
1, 20330, 240, 250, 251, 1505104, 1510731, 0.44, 75, 500, 1, 14, 18750, 10
0, 21384, 215, 239, 228, 1573558, 1511382, 0.44, 75, 500, 1, 17, 18750, 10
1, 20000, 250, 260, 265, 1637596, 1670056, 0.44, 75, 500, 1, 13, 18750, 10
0, 21634, 266, 287, 276, 1530374, 1472984, 0.44, 75, 500, 1, 14, 18750, 10
1, 20756, 249, 261, 263, 1369724, 1380757, 0.44, 75, 500, 1, 14, 18750, 10
1, 21456, 241, 252, 252, 1458270, 1458887, 0.44, 75, 500, 1, 14, 18750, 10
1, 20548, 250, 261, 264, 1493461, 1510448, 0.44, 75, 500, 1, 14, 18750, 10
0, 19683, 254, 267, 257, 1394014, 1340964, 0.44, 75, 500, 1, 13, 18750, 10
0, 22186, 272, 300, 289, 1520053, 1461298, 0.44, 75, 500, 1, 16, 18750, 10
0, 21892, 277, 301, 290, 1628204, 1564554, 0.44, 75, 500, 1, 15, 18750, 10
1, 20473, 265, 276, 278, 1381767, 1392067, 0.44, 75, 500, 1, 14, 18750, 10
1, 19879, 256, 268, 268, 1356390, 1356487, 0.44, 75, 500, 1, 14, 18750, 10
1, 20068, 265, 276, 276, 1463038, 1464070, 0.44, 75, 500, 1, 13, 18750, 10
1, 20603, 258, 269, 274, 1448493, 1477793, 0.44, 75, 500, 1, 14, 18750, 10
0, 20500, 257, 270, 259, 1541481, 1479079, 0.44, 75, 500, 1, 14, 18750, 10
1, 21006, 267, 278, 279, 1520989, 1526134, 0.44, 75, 500, 1, 14, 18750, 10
1, 20832, 260, 272, 272, 1499159, 1499521, 0.44, 75, 500, 1, 14, 18750, 10
1, 21413, 256, 267, 285, 1391648, 1488396, 0.44, 75, 500, 1, 16, 18750, 10
1, 21341, 263, 281, 282, 1556890, 1561269, 0.44, 75, 500, 1, 15, 18750, 10
1, 20571, 245, 258, 259, 1412849, 1417562, 0.44, 75, 500, 1, 15, 18750, 10
1, 22377, 227, 236, 244, 1833962, 1896470, 0.44, 75, 500, 1, 15, 18750, 10
1, 20606, 266, 277, 277, 1449422, 1449884, 0.44, 75, 500, 1, 14, 18750, 10
0, 23287, 247, 285, 275, 1661151, 1601734, 0.44, 75, 500, 1, 16, 18750, 10
1, 25349, 246, 296, 297, 1581690, 1582476, 0.44, 75, 500, 1, 19, 18750, 10
1, 21063, 227, 237, 237, 1683910, 1684354, 0.44, 75, 500, 1, 14, 18750, 10
0, 21701, 271, 302, 291, 1509757, 1452262, 0.44, 75, 500, 1, 15, 18750, 10
1, 20181, 258, 268, 271, 1492460, 1510063, 0.44, 75, 500, 1, 14, 18750, 10
0, 26620, 251, 310, 299, 1835936, 1771150, 0.44, 75, 500, 1, 20, 18750, 10
0, 23411, 255, 292, 281, 1390205, 1338623, 0.44, 75, 500, 1, 17, 18750, 10
1, 21619, 266, 283, 284, 1660414, 1665123, 0.44, 75, 500, 1, 15, 18750, 10
0, 27000, 270, 337, 329, 1746459, 1695532, 0.44, 75, 500, 1, 21, 18750, 10
1, 20011, 248, 258, 259, 1537751, 1544138, 0.44, 75, 500, 1, 14, 18750, 10
1, 20037, 264, 276, 276, 1333392, 1333926, 0.44, 75, 500, 1, 14, 18750, 10
0, 20847, 248, 270, 259, 1402483, 1346702, 0.44, 75, 500, 1, 14, 18750, 10
1, 21765, 236, 250, 251, 1480075, 1484649, 0.44, 75, 500, 1, 15, 18750, 10
1, 21479, 223, 234, 241, 1516898, 1557816, 0.44, 75, 500, 1, 18, 18750, 10
1, 20119, 295, 305, 308, 1562950, 1587410, 0.44, 75, 500, 1, 16, 18750, 10
1, 24788, 263, 299, 300, 1748756, 1748959, 0.44, 75, 500, 1, 18, 18750, 10
1, 20312, 273, 283, 284, 1532877, 1539319, 0.44, 75, 500, 1, 14, 18750, 10
0, 23030, 255, 286, 274, 1626088, 1560737, 0.44, 75, 500, 1, 17, 18750, 10
1, 22338, 263, 287, 288, 1657299, 1661929, 0.44, 75, 500, 1, 16, 18750, 10
1, 20462, 225, 235, 239, 1363098, 1384131, 0.44, 75, 500, 1, 14, 18750, 10
1, 23878, 266, 293, 294, 1582406, 1585601, 0.44, 75, 500, 1, 16, 18750, 10
0, 26101, 239, 299, 289, 1572868, 1516819, 0.44, 75, 500, 1, 20, 18750, 10
1, 21514, 265, 276, 283, 1459556, 1499895, 0.44, 75, 500, 1, 15, 18750, 10
1, 20587, 259, 271, 271, 1568405, 1569019, 0.44, 75, 500, 1, 13, 18750, 10
0, 23327, 242, 273, 261, 1724794, 1660901, 0.44, 75, 500, 1, 16, 18750, 10
1, 22560, 220, 240, 242, 1518860, 1523412, 0.44, 75, 500, 1, 14, 18750, 10
1, 20702, 239, 249, 251, 1589266, 1601998, 0.44, 75, 500, 1, 13, 18750, 10
0, 21013, 232, 256, 245, 1531573, 1475259, 0.44, 75, 500, 1, 14, 18750, 10
1, 21227, 272, 284, 284, 1517217, 1518110, 0.44, 75, 500, 1, 14, 18750, 10
1, 20900, 248, 258, 263, 1572585, 1603732, 0.44, 75, 500, 1, 15, 18750, 10
0, 19881, 272, 292, 282, 1561310, 1502112, 0.44, 75, 500, 1, 13, 18750, 10
0, 21614, 227, 252, 241, 1624003, 1560004, 0.44, 75, 500, 1, 15, 18750, 10
1, 26864, 254, 315, 318, 1713132, 1715972, 0.44, 75, 500, 1, 19, 18750, 10
1, 20611, 249, 261, 264, 1327651, 1343549, 0.44, 75, 500, 1, 14, 18750, 10
1, 20004, 260, 271, 272, 1392285, 1398166, 0.44, 75, 500, 1, 13, 18750, 10
0, 21085, 246, 268, 257, 1484472, 1424330, 0.44, 75, 500, 1, 14, 18750, 10
1, 20171, 256, 266, 273, 1540580, 1583806, 0.44, 75, 500, 1, 13, 18750, 10
1, 20273, 235, 244, 244, 1566896, 1568001, 0.44, 75, 500, 1, 13, 18750, 10
0, 21430, 269, 295, 284, 1652830, 1587564, 0.44, 75, 500, 1, 15, 18750, 10
0, 23472, 229, 263, 252, 1715253, 1650139, 0.44, 75, 500, 1, 16, 18750, 10
0, 21685, 251, 273, 262, 1650340, 1586652, 0.44, 75, 500, 1, 16, 18750, 10
1, 20116, 266, 277, 278, 1388474, 1393517, 0.44, 75, 500, 1, 15, 18750, 10
0, 22552, 253, 278, 267, 1748673, 1681506, 0.44, 75, 500, 1, 16, 18750, 10
1, 21252, 259, 278, 279, 1424186, 1427794, 0.44, 75, 500, 1, 15, 18750, 10
1, 20737, 273, 282, 285, 1606581, 1624915, 0.44, 75, 500, 1, 14, 18750, 10
1, 20762, 235, 246, 248, 1409761, 1421324, 0.44, 75, 500, 1, 14, 18750, 10
1, 19850, 276, 286, 290, 1481269, 1504752, 0.44, 75, 500, 1, 15, 18750, 10
1, 21210, 230, 242, 242, 1533275, 1533827, 0.44, 75, 500, 1, 15, 18750, 10
1, 20547, 279, 289, 289, 1596412, 1597895, 0.44, 75, 500, 1, 16, 18750, 10
1, 20779, 271, 283, 290, 1321202, 1362605, 0.44, 75, 500, 1, 14, 18750, 10
1, 21252, 240, 251, 258, 1431759, 1469896, 0.44, 75, 500, 1, 15, 18750, 10
0, 20132, 252, 265, 255, 1444181, 1389806, 0.44, 75, 500, 1, 14, 18750, 10
1, 20520, 261, 273, 274, 1587896, 1593588, 0.44, 75, 500, 1, 15, 18750, 10
0, 20179, 261, 277, 267, 1478589, 1423251, 0.44, 75, 500, 1, 14, 18750, 10
1, 20620, 230, 240, 241, 1557225, 1562771, 0.44, 75, 500, 1, 13, 18750, 10
1, 19970, 251, 261, 264, 1479484, 1496877, 0.44, 75, 500, 1, 13, 18750, 10
1, 20389, 261, 272, 273, 1423732, 1429513, 0.44, 75, 500, 1, 14, 18750, 10
0, 25871, 266, 330, 319, 1720324, 1661464, 0.44, 75, 500, 1, 19, 18750, 10
0, 21666, 260, 281, 270, 1556447, 1497428, 0.44, 75, 500, 1, 14, 18750, 10
1, 20411, 247, 259, 261, 1296800, 1307203, 0.44, 75, 500, 1, 14, 18750, 10
1, 20427, 265, 276, 283, 1454335, 1493251, 0.44, 75, 500, 1, 13, 18750, 10
1, 21390, 254, 264, 264, 1559640, 1561036, 0.44, 75, 500, 1, 13, 18750, 10
1, 20843, 237, 248, 250, 1497580, 1508801, 0.44, 75, 500, 1, 11, 18750, 10
1, 20053, 238, 248, 251, 1499796, 1517537, 0.44, 75, 500, 1, 11, 18750, 10
1, 20097, 279, 290, 291, 1460312, 1465574, 0.44, 75, 500, 1, 12, 18750, 10
1, 20357, 243, 254, 257, 1440050, 1456367, 0.44, 75, 500, 1, 11, 18750, 10
0, 20210, 247, 262, 252, 1461524, 1400975, 0.44, 75, 500, 1, 10, 18750, 10
1, 20461, 260, 272, 274, 1374730, 1386213, 0.44, 75, 500, 1, 12, 18750, 10
1, 18941, 262, 265, 264, 22514650, 22569399, 0.44, 75, 500, 16, 489, 18750, 10
1, 19046, 255, 257, 261, 22816394, 22879196, 0.44, 75, 500, 16, 499, 18750, 10
1, 19344, 254, 259, 257, 23350174, 23426794, 0.44, 75, 500, 16, 501, 18750, 10
0, 19236, 209, 210, 210, 23806381, 22921205, 0.44, 75, 500, 16, 506, 18750, 10
0, 20681, 249, 257, 262, 25236912, 24855183, 0.44, 75, 500, 16, 535, 18750, 10
0, 21751, 287, 306, 306, 24783977, 24098338, 0.44, 75, 500, 16, 571, 18750, 10
0, 21902, 261, 280, 271, 24875941, 24110091, 0.44, 75, 500, 16, 578, 18750, 10
0, 23043, 244, 271, 273, 25358722, 24609294, 0.44, 75, 500, 16, 587, 18750, 10
0, 22990, 262, 301, 284, 24999205, 24374823, 0.44, 75, 500, 16, 595, 18750, 10
0, 23460, 231, 267, 251, 25770761, 24401525, 0.44, 75, 500, 16, 605, 18750, 10
0, 22719, 249, 278, 280, 24913048, 24146375, 0.44, 75, 500, 16, 617, 18750, 10
0, 23127, 248, 268, 292, 25944125, 25121552, 0.44, 75, 500, 16, 622, 18750, 10
0, 23923, 263, 292, 296, 26043570, 25177884, 0.44, 75, 500, 16, 634, 18750, 10
0, 23890, 233, 257, 279, 26971998, 26239740, 0.44, 75, 500, 16, 632, 18750, 10
0, 24363, 255, 290, 304, 27104644, 26013722, 0.44, 75, 500, 16, 639, 18750, 10
0, 23629, 248, 283, 275, 25377609, 24526793, 0.44, 75, 500, 16, 632, 18750, 10
0, 24711, 234, 269, 278, 26714695, 25525903, 0.44, 75, 500, 16, 644, 18750, 10
0, 24752, 262, 290, 315, 26486298, 25699391, 0.44, 75, 500, 16, 648, 18750, 10
0, 25326, 248, 284, 304, 27614835, 26187965, 0.44, 75, 500, 16, 675, 18750, 10
0, 25327, 255, 305, 300, 26726607, 25691721, 0.44, 75, 500, 16, 678, 18750, 10
0, 27000, 243, 307, 282, 27785047, 26894094, 0.44, 75, 500, 16, 710, 18750, 10
0, 27000, 237, 280, 291, 28788814, 27834016, 0.44, 75, 500, 16, 712, 18750, 10
0, 27000, 253, 308, 295, 29630617, 28400136, 0.44, 75, 500, 16, 719, 18750, 10
0, 27000, 243, 286, 315, 28880842, 27712919, 0.44, 75, 500, 16, 723, 18750, 10
1, 19177, 260, 261, 266, 24027405, 24148080, 0.44, 75, 500, 16, 518, 18750, 10
1, 19084, 252, 255, 254, 22815578, 22847305, 0.44, 75, 500, 16, 484, 18750, 10
1, 19077, 267, 268, 269, 22798034, 22839404, 0.44, 75, 500, 16, 489, 18750, 10
0, 21759, 271, 302, 287, 25176413, 24208384, 0.44, 75, 500, 16, 594, 18750, 10
0, 22211, 258, 267, 295, 25304391, 24576924, 0.44, 75, 500, 16, 591, 18750, 10
0, 20787, 256, 279, 267, 22972921, 22388243, 0.44, 75, 500, 16, 537, 18750, 10
0, 21521, 220, 239, 236, 25205451, 24472974, 0.44, 75, 500, 16, 561, 18750, 10
0, 22989, 220, 254, 238, 25051022, 24320911, 0.44, 75, 500, 16, 589, 18750, 10
0, 24798, 249, 299, 282, 27309020, 26408421, 0.44, 75, 500, 16, 634, 18750, 10
0, 27000, 246, 286, 316, 28435537, 27337435, 0.44, 75, 500, 16, 732, 18750, 10
0, 27000, 247, 290, 332, 27152781, 25959470, 0.44, 75, 500, 16, 728, 18750, 10
0, 24865, 251, 295, 291, 27420585, 26575932, 0.44, 75, 500, 16, 635, 18750, 10
0, 24186, 239, 310, 259, 26023112, 24890274, 0.44, 75, 500, 16, 613, 18750, 10
0, 27000, 233, 278, 295, 28401034, 27967165, 0.44, 75, 500, 16, 705, 18750, 10
0, 27000, 242, 314, 283, 28418403, 27702547, 0.44, 75, 500, 16, 691, 18750, 10
0, 24711, 269, 303, 313, 27914855, 26945158, 0.44, 75, 500, 16, 645, 18750, 10
0, 26033, 271, 328, 315, 27173878, 26093296, 0.44, 75, 500, 16, 663, 18750, 10
0, 27000, 236, 290, 293, 29035390, 27917425, 0.44, 75, 500, 16, 700, 18750, 10
0, 24018, 254, 277, 299, 26255115, 25618632, 0.44, 75, 500, 16, 624, 18750, 10
0, 25804, 244, 279, 323, 28130187, 27273023, 0.44, 75, 500, 16, 679, 18750, 10
0, 25606, 254, 301, 292, 27803628, 26553364, 0.44, 75, 500, 16, 680, 18750, 10
0, 27000, 270, 294, 365, 27694508, 27268927, 0.44, 75, 500, 16, 705, 18750, 10
0, 26911, 250, 280, 329, 29311013, 27994730, 0.44, 75, 500, 16, 741, 18750, 10
0, 27000, 239, 279, 318, 28363201, 27613966, 0.44, 75, 500, 16, 709, 18750, 10
1, 18907, 260, 261, 262, 22570669, 22617728, 0.44, 75, 500, 16, 507, 18750, 10
0, 23583, 239, 280, 260, 25134731, 24271024, 0.44, 75, 500, 16, 616, 18750, 10
0, 23560, 268, 306, 296, 25604210, 24811817, 0.44, 75, 500, 16, 622, 18750, 10
1, 19045, 268, 269, 272, 22729134, 22740635, 0.44, 75, 500, 16, 510, 18750, 10
0, 21404, 231, 256, 241, 24925476, 24251924, 0.44, 75, 500, 16, 568, 18750, 10
1, 18992, 216, 217, 219, 22608115, 22686141, 0.44, 75, 500, 16, 509, 18750, 10
1, 19334, 259, 264, 269, 23585488, 23628735, 0.44, 75, 500, 16, 526, 18750, 10
0, 23941, 251, 286, 293, 26632552, 25863509, 0.44, 75, 500, 16, 653, 18750, 10
0, 22543, 242, 271, 261, 24459543, 23504580, 0.44, 75, 500, 16, 609, 18750, 10
0, 26280, 256, 324, 315, 26702566, 25488052, 0.44, 75, 500, 16, 702, 18750, 10
0, 26582, 265, 334, 311, 27277775, 25845462, 0.44, 75, 500, 16, 736, 18750, 10
1, 19087, 253, 256, 256, 22826567, 22921429, 0.44, 75, 500, 16, 512, 18750, 10
1, 19298, 243, 249, 250, 23633432, 23665130, 0.44, 75, 500, 16, 540, 18750, 10
0, 23484, 257, 294, 281, 26062125, 25199912, 0.44, 75, 500, 16, 635, 18750, 10
0, 26246, 256, 318, 291, 27856980, 26661888, 0.44, 75, 500, 16, 719, 18750, 10
0, 27000, 269, 323, 347, 28861003, 28016862, 0.44, 75, 500, 16, 718, 18750, 10
1, 19346, 232, 233, 237, 23427269, 23432104, 0.44, 75, 500, 16, 524, 18750, 10
0, 20590, 280, 293, 292, 23672582, 23143740, 0.44, 75, 500, 16, 573, 18750, 10
0, 26476, 260, 307, 303, 28258242, 26894638, 0.44, 75, 500, 16, 723, 18750, 10
0, 26844, 237, 319, 291, 28342086, 27060673, 0.44, 75, 500, 16, 745, 18750, 10
0, 25682, 242, 282, 299, 27821443, 26778081, 0.44, 75, 500, 16, 712, 18750, 10
0, 22146, 248, 262, 276, 25999751, 25197759, 0.44, 75, 500, 16, 618, 18750, 10
0, 26062, 254, 311, 307, 28077618, 26826150, 0.44, 75, 500, 16, 727, 18750, 10
0, 24321, 253, 290, 296, 26506244, 25353001, 0.44, 75, 500, 16, 668, 18750, 10
0, 20557, 273, 293, 279, 24054582, 23280520, 0.44, 75, 500, 16, 567, 18750, 10
0, 20533, 238, 253, 247, 23712400, 23197607, 0.44, 75, 500, 16, 578, 18750, 10
1, 18831, 268, 269, 270, 22669451, 22688157, 0.44, 75, 500, 16, 530, 18750, 10
1, 18897, 267, 270, 270, 21686799, 21724119, 0.44, 75, 500, 16, 529, 18750, 10
1, 19740, 246, 249, 250, 23387158, 23446317, 0.44, 75, 500, 16, 545, 18750, 10
0, 24381, 256, 287, 290, 26787285, 25964121, 0.44, 75, 500, 16, 698, 18750, 10
0, 22756, 227, 244, 283, 26857150, 26079241, 0.44, 75, 500, 16, 626, 18750, 10
0, 22199, 248, 273, 258, 24467949, 23419272, 0.44, 75, 500, 16, 612, 18750, 10
1, 19866, 264, 271, 272, 23290637, 23345977, 0.44, 75, 500, 16, 549, 18750, 10
0, 27000, 250, 293, 333, 27610801, 27073943, 0.44, 75, 500, 16, 752, 18750, 10
0, 25479, 267, 320, 296, 27212138, 26031558, 0.44, 75, 500, 16, 709, 18750, 10
0, 24776, 244, 285, 285, 26888905, 26108196, 0.44, 75, 500, 16, 685, 18750, 10
0, 27000, 262, 317, 329, 27665703, 27195345, 0.44, 75, 500, 16, 757, 18750, 10
0, 21793, 240, 264, 267, 24425274, 23845858, 0.44, 75, 500, 16, 605, 18750, 10
1, 18916, 231, 232, 233, 22396874, 22442970, 0.44, 75, 500, 16, 515, 18750, 10
0, 23812, 257, 299, 298, 25189611, 24620318, 0.44, 75, 500, 16, 672, 18750, 10
0, 21500, 244, 270, 253, 23377805, 22570509, 0.44, 75, 500, 16, 582, 18750, 10
0, 21775, 265, 288, 280, 24169876, 23591228, 0.44, 75, 500, 16, 597, 18750, 10
0, 27000, 234, 309, 292, 28202592, 27427007, 0.44, 75, 500, 16, 771, 18750, 10
0, 24164, 271, 317, 295, 25774683, 24782868, 0.44, 75, 500, 16, 664, 18750, 10
1, 18970, 253, 254, 258, 15708035, 15733447, 0.44, 75, 500, 11, 272, 18750, 10
0, 22451, 271, 296, 294, 24913290, 24210862, 0.44, 75, 500, 16, 636, 18750, 10
1, 20921, 254, 258, 272, 24718291, 25104567, 0.44, 75, 500, 16, 576, 18750, 10
0, 27000, 267, 344, 324, 27870286, 26591660, 0.44, 75, 500, 16, 762, 18750, 10
0, 26924, 274, 324, 338, 28151568, 26864238, 0.44, 75, 500, 16, 745, 18750, 10
0, 20280, 260, 269, 264, 23386745, 22855730, 0.44, 75, 500, 16, 540, 18750, 10
0, 21715, 258, 292, 277, 16205999, 15712808, 0.44, 75, 500, 11, 303, 18750, 10
1, 18928, 248, 249, 251, 23040116, 23089387, 0.44, 75, 500, 16, 512, 18750, 10
0, 24288, 249, 271, 290, 19176442, 18634545, 0.44, 75, 500, 11, 362, 18750, 10
1, 19684, 259, 261, 266, 16041119, 16127380, 0.44, 75, 500, 11, 279, 18750, 10
0, 27000, 267, 345, 304, 19744365, 18598301, 0.44, 75, 500, 11, 390, 18750, 10
0, 20456, 244, 256, 250, 16076928, 15548112, 0.44, 75, 500, 11, 295, 18750, 10
1, 18984, 222, 223, 226, 14955443, 14997556, 0.44, 75, 500, 11, 265, 18750, 10
0, 27000, 256, 311, 322, 19133588, 18782268, 0.44, 75, 500, 11, 394, 18750, 10
1, 19699, 271, 272, 276, 16062049, 16110814, 0.44, 75, 500, 11, 281, 18750, 10
0, 20745, 246, 272, 258, 16057842, 15581184, 0.44, 75, 500, 11, 278, 18750, 10
0, 23094, 235, 269, 262, 17886149, 17230849, 0.44, 75, 500, 11, 332, 18750, 10
1, 19157, 273, 281, 278, 15772253, 15798396, 0.44, 75, 500, 11, 279, 18750, 10
0, 27000, 258, 317, 300, 28680406, 28509144, 0.44, 75, 500, 16, 720, 18750, 10
0, 24440, 257, 300, 280, 18020983, 17228427, 0.44, 75, 500, 11, 350, 18750, 10
1, 19647, 238, 242, 243, 15526405, 15596720, 0.44, 75, 500, 11, 278, 18750, 10
0, 25628, 266, 323, 297, 19135521, 18134712, 0.44, 75, 500, 11, 368, 18750, 10
1, 20917, 246, 260, 263, 16456260, 16727900, 0.44, 75, 500, 11, 299, 18750, 10
0, 26355, 247, 287, 297, 18426992, 17627810, 0.44, 75, 500, 11, 386, 18750, 10
0, 22300, 254, 260, 295, 18266043, 17796338, 0.44, 75, 500, 11, 323, 18750, 10
0, 26960, 269, 337, 307, 27979090, 26934964, 0.44, 75, 500, 16, 716, 18750, 10
0, 25687, 264, 326, 299, 19002931, 18232764, 0.44, 75, 500, 11, 382, 18750, 10
0, 23070, 219, 233, 250, 17485019, 16930130, 0.44, 75, 500, 11, 350, 18750, 10
0, 20394, 262, 276, 268, 15925029, 15542387, 0.44, 75, 500, 11, 283, 18750, 10
0, 27000, 246, 301, 288, 18620274, 18003016, 0.44, 75, 500, 11, 390, 18750, 10
1, 19288, 256, 257, 261, 15806267, 15872623, 0.44, 75, 500, 11, 261, 18750, 10
0, 25515, 267, 326, 317, 18364449, 17495791, 0.44, 75, 500, 11, 368, 18750, 10
0, 20021, 239, 246, 246, 16200396, 15798090, 0.44, 75, 500, 11, 282, 18750, 10
0, 27000, 247, 312, 307, 19402251, 18606279, 0.44, 75, 500, 11, 389, 18750, 10
1, 19537, 260, 265, 267, 16195217, 16274623, 0.44, 75, 500, 11, 283, 18750, 10
1, 19140, 265, 266, 270, 15755816, 15833159, 0.44, 75, 500, 11, 272, 18750, 10
0, 21422, 259, 282, 272, 16579551, 15974569, 0.44, 75, 500, 11, 289, 18750, 10
0, 21146, 257, 277, 266, 15371301, 15011314, 0.44, 75, 500, 11, 296, 18750, 10
0, 25414, 240, 306, 277, 18003806, 17101826, 0.44, 75, 500, 11, 356, 18750, 10
0, 26122, 254, 281, 313, 20103687, 19197629, 0.44, 75, 500, 11, 372, 18750, 10
1, 19518, 256, 263, 264, 16395799, 16408130, 0.44, 75, 500, 11, 270, 18750, 10
1, 18990, 245, 246, 247, 15643767, 15686109, 0.44, 75, 500, 11, 261, 18750, 10
1, 19396, 249, 253, 256, 15826935, 15851845, 0.44, 75, 500, 11, 268, 18750, 10
1, 19426, 232, 237, 239, 16320427, 16331010, 0.44, 75, 500, 11, 270, 18750, 10
0, 27000, 246, 274, 319, 19961125, 19442281, 0.44, 75, 500, 11, 378, 18750, 10
1, 19192, 250, 251, 252, 15230628, 15281673, 0.44, 75, 500, 11, 268, 18750, 10
1, 18986, 274, 275, 280, 15760463, 15833679, 0.44, 75, 500, 11, 256, 18750, 10
0, 25288, 214, 260, 252, 18824872, 18061364, 0.44, 75, 500, 11, 356, 18750, 10
1, 19183, 263, 264, 265, 16165129, 16193106, 0.44, 75, 500, 11, 273, 18750, 10
0, 25559, 268, 314, 290, 18336170, 17499486, 0.44, 75, 500, 11, 350, 18750, 10
0, 27000, 263, 310, 315, 19191894, 18894644, 0.44, 75, 500, 11, 391, 18750, 10
0, 23873, 254, 294, 293, 18085265, 17416871, 0.44, 75, 500, 11, 328, 18750, 10
0, 23718, 254, 291, 294, 18017586, 17427460, 0.44, 75, 500, 11, 336, 18750, 10
0, 20631, 245, 263, 249, 16149146, 15714913, 0.44, 75, 500, 11, 291, 18750, 10
0, 23396, 258, 273, 309, 18640416, 18036616, 0.44, 75, 500, 11, 326, 18750, 10
0, 23824, 262, 293, 301, 18117609, 17627106, 0.44, 75, 500, 11, 338, 18750, 10
1, 19100, 251, 252, 254, 15552042, 15648849, 0.44, 75, 500, 11, 257, 18750, 10
0, 22670, 247, 274, 265, 17137092, 16500937, 0.44, 75, 500, 11, 312, 18750, 10
1, 18981, 270, 272, 273, 15504094, 15528907, 0.44, 75, 500, 11, 265, 18750, 10
0, 22690, 239, 256, 266, 17969734, 17640740, 0.44, 75, 500, 11, 317, 18750, 10
1, 19678, 237, 244, 243, 15863349, 15887251, 0.44, 75, 500, 11, 263, 18750, 10
0, 24451, 237, 288, 268, 17253052, 16615415, 0.44, 75, 500, 11, 329, 18750, 10
0, 21167, 260, 284, 265, 16549786, 16051789, 0.44, 75, 500, 11, 294, 18750, 10
0, 20653, 255, 275, 263, 15875606, 15461260, 0.44, 75, 500, 11, 280, 18750, 10
1, 19114, 251, 252, 253, 16664026, 16680486, 0.44, 75, 500, 11, 264, 18750, 10
0, 22055, 241, 273, 262, 17178708, 16487135, 0.44, 75, 500, 11, 304, 18750, 10
0, 21063, 259, 274, 274, 16496719, 16162313, 0.44, 75, 500, 11, 288, 18750, 10
1, 19169, 248, 249, 250, 15355622, 15414783, 0.44, 75, 500, 11, 264, 18750, 10
0, 26321, 253, 306, 304, 19003729, 18226204, 0.44, 75, 500, 11, 365, 18750, 10
0, 22395, 262, 283, 282, 17125290, 16699036, 0.44, 75, 500, 11, 323, 18750, 10
0, 27000, 249, 312, 309, 19648769, 19122682, 0.44, 75, 500, 11, 372, 18750, 10
0, 24049, 228, 272, 269, 18119713, 17634434, 0.44, 75, 500, 11, 325, 18750, 10
0, 20407, 256, 265, 264, 16258140, 15818411, 0.44, 75, 500, 11, 288, 18750, 10
1, 18997, 270, 271, 272, 15686644, 15713947, 0.44, 75, 500, 11, 258, 18750, 10
1, 18950, 248, 249, 254, 15898349, 15940269, 0.44, 75, 500, 11, 257, 18750, 10
0, 25796, 257, 314, 314, 19073484, 18422235, 0.44, 75, 500, 11, 369, 18750, 10
1, 18958, 244, 245, 246, 16003166, 16009428, 0.44, 75, 500, 11, 261, 18750, 10
1, 19857, 235, 240, 240, 16323289, 16420597, 0.44, 75, 500, 11, 275, 18750, 10
0, 24122, 259, 302, 296, 18278995, 17702222, 0.44, 75, 500, 11, 343, 18750, 10
0, 22660, 245, 272, 276, 17093232, 16521742, 0.44, 75, 500, 11, 317, 18750, 10
1, 19563, 263, 268, 270, 15879181, 15921592, 0.44, 75, 500, 11, 278, 18750, 10
1, 19168, 250, 253, 254, 15897023, 16010003, 0.44, 75, 500, 11, 263, 18750, 10
0, 22956, 256, 292, 277, 17471112, 16840699, 0.44, 75, 500, 11, 317, 18750, 10
1, 19510, 262, 269, 266, 15840127, 15853232, 0.44, 75, 500, 11, 267, 18750, 10
1, 19594, 259, 263, 264, 16926772, 16969430, 0.44, 75, 500, 11, 271, 18750, 10
0, 27000, 238, 296, 305, 19614459, 18684244, 0.44, 75, 500, 11, 384, 18750, 10
0, 22753, 253, 297, 273, 17509564, 16874426, 0.44, 75, 500, 11, 308, 18750, 10
1, 19334, 245, 249, 252, 16713505, 16740310, 0.44, 75, 500, 11, 270, 18750, 10
0, 27000, 272, 336, 322, 19435791, 18791864, 0.44, 75, 500, 11, 389, 18750, 10
1, 20125, 242, 248, 258, 16487193, 16539841, 0.44, 75, 500, 11, 290, 18750, 10
0, 25757, 245, 306, 271, 18196166, 17503272, 0.44, 75, 500, 11, 365, 18750, 10
0, 22790, 249, 285, 268, 17171420, 16452880, 0.44, 75, 500, 11, 316, 18750, 10
1, 18813, 237, 238, 239, 15688575, 15694048, 0.44, 75, 500, 11, 267, 18750, 10
0, 23323, 272, 308, 310, 18447304, 17928785, 0.44, 75, 500, 11, 325, 18750, 10
0, 25239, 259, 303, 280, 17860421, 17205638, 0.44, 75, 500, 11, 362, 18750, 10
1, 18995, 268, 272, 271, 14955403, 14988893, 0.44, 75, 500, 11, 263, 18750, 10
0, 23252, 246, 278, 275, 18261349, 17738285, 0.44, 75, 500, 11, 330, 18750, 10
1, 19370, 265, 266, 268, 15702441, 15771569, 0.44, 75, 500, 11, 261, 18750, 10
0, 22291, 257, 263, 300, 17187675, 16849424, 0.44, 75, 500, 11, 321, 18750, 10
1, 19594, 261, 262, 273, 16104357, 16170605, 0.44, 75, 500, 11, 274, 18750, 10
0, 21061, 230, 248, 238, 16798130, 16117407, 0.44, 75, 500, 11, 280, 18750, 10
0, 25433, 269, 318, 297, 18371056, 17818225, 0.44, 75, 500, 11, 357, 18750, 10
0, 25817, 244, 306, 278, 18718114, 17801920, 0.44, 75, 500, 11, 354, 18750, 10
0, 22327, 261, 298, 279, 12085581, 11637373, 0.44, 75, 500, 8, 186, 18750, 10
1, 19183, 228, 233, 231, 11395417, 11402038, 0.44, 75, 500, 8, 163, 18750, 10
0, 21388, 255, 271, 267, 17440826, 16622583, 0.44, 75, 500, 11, 294, 18750, 10
1, 19127, 242, 244, 245, 11677036, 11702298, 0.44, 75, 500, 8, 166, 18750, 10
0, 25179, 262, 316, 295, 13558175, 13126682, 0.44, 75, 500, 8, 219, 18750, 10
0, 22827, 271, 309, 292, 17237453, 16539393, 0.44, 75, 500, 11, 321, 18750, 10
1, 18993, 258, 264, 261, 11306730, 11316614, 0.44, 75, 500, 8, 166, 18750, 10
0, 21599, 272, 296, 291, 12129257, 11769374, 0.44, 75, 500, 8, 185, 18750, 10
0, 22574, 235, 266, 269, 17760629, 17360750, 0.44, 75, 500, 11, 314, 18750, 10
0, 25717, 260, 308, 291, 13966746, 13520192, 0.44, 75, 500, 8, 224, 18750, 10
0, 22928, 260, 285, 290, 13740078, 13288627, 0.44, 75, 500, 8, 210, 18750, 10
0, 22839, 263, 279, 289, 17639047, 17014809, 0.44, 75, 500, 11, 335, 18750, 10
0, 26199, 260, 301, 328, 14519748, 14003468, 0.44, 75, 500, 8, 238, 18750, 10
1, 18989, 256, 257, 260, 12062543, 12103232, 0.44, 75, 500, 8, 168, 18750, 10
0, 24614, 266, 317, 294, 12598542, 12026044, 0.44, 75, 500, 8, 216, 18750, 10
1, 18957, 253, 254, 256, 11801203, 11801272, 0.44, 75, 500, 8, 170, 18750, 10
0, 27000, 255, 316, 308, 20013579, 19486613, 0.44, 75, 500, 11, 384, 18750, 10
0, 20289, 270, 278, 271, 11458835, 11183662, 0.44, 75, 500, 8, 176, 18750, 10
0, 22554, 261, 288, 293, 12508509, 12175893, 0.44, 75, 500, 8, 204, 18750, 10
1, 19199, 212, 213, 217, 11504335, 11516609, 0.44, 75, 500, 8, 167, 18750, 10
0, 23710, 279, 314, 316, 13200968, 12855390, 0.44, 75, 500, 8, 212, 18750, 10
0, 26176, 251, 310, 301, 13528736, 12981939, 0.44, 75, 500, 8, 231, 18750, 10
0, 23691, 272, 309, 292, 12651351, 12033327, 0.44, 75, 500, 8, 208, 18750, 10
0, 24844, 247, 289, 286, 13561709, 13006435, 0.44, 75, 500, 8, 215, 18750, 10
1, 19941, 276, 277, 291, 12618359, 12715104, 0.44, 75, 500, 8, 180, 18750, 10
0, 21202, 253, 275, 267, 12295131, 11968865, 0.44, 75, 500, 8, 189, 18750, 10
0, 19860, 234, 244, 238, 12735812, 12452174, 0.44, 75, 500, 8, 174, 18750, 10
0, 22827, 240, 271, 265, 13141275, 12408446, 0.44, 75, 500, 8, 203, 18750, 10
1, 19313, 263, 265, 266, 11441259, 11465389, 0.44, 75, 500, 8, 171, 18750, 10
1, 21167, 232, 242, 258, 12197385, 12587690, 0.44, 75, 500, 8, 184, 18750, 10
0, 23879, 252, 298, 287, 12835505, 12385335, 0.44, 75, 500, 8, 209, 18750, 10
1, 19040, 278, 279, 280, 11316662, 11320014, 0.44, 75, 500, 8, 168, 18750, 10
0, 20753, 254, 269, 261, 12005010, 11817415, 0.44, 75, 500, 8, 177, 18750, 10
0, 23463, 267, 308, 291, 12399651, 11913411, 0.44, 75, 500, 8, 203, 18750, 10
0, 26716, 239, 267, 335, 14695000, 14181080, 0.44, 75, 500, 8, 245, 18750, 10
1, 18845, 267, 268, 269, 11319738, 11324688, 0.44, 75, 500, 8, 165, 18750, 10
0, 20104, 251, 259, 254, 11695898, 11309759, 0.44, 75, 500, 8, 181, 18750, 10
0, 24835, 270, 316, 316, 13619456, 13075900, 0.44, 75, 500, 8, 218, 18750, 10
0, 25619, 263, 327, 331, 13459407, 12986983, 0.44, 75, 500, 8, 230, 18750, 10
1, 19016, 249, 251, 252, 11400580, 11457979, 0.44, 75, 500, 8, 165, 18750, 10
0, 23762, 252, 272, 287, 14393304, 14001656, 0.44, 75, 500, 8, 221, 18750, 10
1, 18900, 239, 240, 242, 10970088, 11035890, 0.44, 75, 500, 8, 160, 18750, 10
1, 19057, 247, 249, 251, 11320831, 11345795, 0.44, 75, 500, 8, 165, 18750, 10
1, 19274, 252, 254, 255, 10828120, 10841481, 0.44, 75, 500, 8, 166, 18750, 10
0, 27000, 267, 321, 345, 15031260, 14715693, 0.44, 75, 500, 8, 251, 18750, 10
1, 20130, 256, 259, 269, 12225396, 12339124, 0.44, 75, 500, 8, 189, 18750, 10
1, 19774, 268, 275, 275, 11472190, 11525632, 0.44, 75, 500, 8, 186, 18750, 10
0, 24263, 246, 284, 303, 13942770, 13307000, 0.44, 75, 500, 8, 217, 18750, 10
0, 27000, 256, 302, 327, 14027065, 13824823, 0.44, 75, 500, 8, 258, 18750, 10
0, 26893, 241, 308, 296, 13733795, 13202080, 0.44, 75, 500, 8, 250, 18750, 10
1, 19299, 258, 259, 269, 11841994, 11861467, 0.44, 75, 500, 8, 181, 18750, 10
0, 25610, 234, 271, 281, 14181144, 13512299, 0.44, 75, 500, 8, 234, 18750, 10
0, 26550, 264, 337, 314, 14003591, 13347439, 0.44, 75, 500, 8, 242, 18750, 10
1, 18880, 214, 215, 216, 10721949, 10733729, 0.44, 75, 500, 8, 162, 18750, 10
1, 22018, 223, 233, 265, 12940371, 13049006, 0.44, 75, 500, 8, 208, 18750, 10
1, 19295, 237, 240, 240, 10636963, 10667457, 0.44, 75, 500, 8, 167, 18750, 10
0, 25329, 267, 318, 318, 14137621, 13568459, 0.44, 75, 500, 8, 239, 18750, 10
1, 19152, 268, 269, 271, 10819509, 10836406, 0.44, 75, 500, 8, 173, 18750, 10
1, 20020, 272, 277, 278, 11561601, 11635650, 0.44, 75, 500, 8, 169, 18750, 10
1, 20287, 235, 243, 245, 12412680, 12490604, 0.44, 75, 500, 8, 188, 18750, 10
0, 21636, 269, 298, 278, 12130574, 11599531, 0.44, 75, 500, 8, 189, 18750, 10
0, 20088, 249, 265, 255, 11324661, 11107912, 0.44, 75, 500, 8, 186, 18750, 10
1, 19159, 264, 265, 267, 12031988, 12041244, 0.44, 75, 500, 8, 174, 18750, 10
0, 25115, 262, 313, 302, 13262993, 12509014, 0.44, 75, 500, 8, 229, 18750, 10
0, 25378, 234, 295, 288, 12980175, 12461445, 0.44, 75, 500, 8, 234, 18750, 10
1, 19606, 261, 263, 264, 11129374, 11212230, 0.44, 75, 500, 8, 179, 18750, 10
0, 22237, 264, 299, 283, 12395015, 12020007, 0.44, 75, 500, 8, 204, 18750, 10
1, 19057, 244, 246, 249, 11286496, 11302334, 0.44, 75, 500, 8, 180, 18750, 10
0, 26016, 252, 305, 304, 14045895, 13217566, 0.44, 75, 500, 8, 258, 18750, 10
1, 18989, 258, 259, 260, 11563597, 11636436, 0.44, 75, 500, 8, 186, 18750, 10
0, 22539, 281, 326, 302, 12250878, 11840355, 0.44, 75, 500, 8, 218, 18750, 10
0, 27000, 226, 294, 269, 14012867, 13443098, 0.44, 75, 500, 8, 258, 18750, 10
0, 25146, 242, 258, 294, 14333125, 13837152, 0.44, 75, 500, 8, 256, 18750, 10
0, 22289, 259, 287, 271, 12505497, 12030835, 0.44, 75, 500, 8, 215, 18750, 10
1, 19758, 242, 244, 252, 11640484, 11814128, 0.44, 75, 500, 8, 214, 18750, 10
0, 27000, 245, 311, 291, 13128887, 12553358, 0.44, 75, 500, 8, 252, 18750, 10
1, 19448, 259, 263, 263, 10668979, 10709404, 0.44, 75, 500, 8, 175, 18750, 10
1, 20109, 234, 238, 251, 12136904, 12173394, 0.44, 75, 500, 8, 201, 18750, 10
0, 21440, 251, 274, 262, 12394586, 11862585, 0.44, 75, 500, 8, 225, 18750, 10
0, 25792, 246, 289, 298, 14373340, 13692756, 0.44, 75, 500, 8, 255, 18750, 10
0, 21531, 278, 294, 291, 11954710, 11514185, 0.44, 75, 500, 8, 222, 18750, 10
0, 22307, 248, 287, 263, 12289890, 11776762, 0.44, 75, 500, 8, 217, 18750, 10
0, 23998, 248, 288, 275, 13374860, 12891707, 0.44, 75, 500, 8, 252, 18750, 10
1, 19642, 274, 277, 280, 11775936, 11798782, 0.44, 75, 500, 8, 208, 18750, 10
0, 21723, 247, 260, 261, 12535897, 12187696, 0.44, 75, 500, 8, 232, 18750, 10
1, 19279, 249, 250, 252, 12252779, 12291536, 0.44, 75, 500, 8, 194, 18750, 10
0, 24012, 212, 242, 252, 13805683, 13409779, 0.44, 75, 500, 8, 254, 18750, 10
1, 19147, 266, 267, 268, 11517269, 11533775, 0.44, 75, 500, 8, 204, 18750, 10
0, 26209, 264, 316, 320, 14543627, 13925235, 0.44, 75, 500, 8, 272, 18750, 10
0, 23412, 261, 286, 299, 13154937, 12719898, 0.44, 75, 500, 8, 234, 18750, 10
0, 22252, 249, 275, 263, 12430932, 11892376, 0.44, 75, 500, 8, 201, 18750, 10
1, 19043, 263, 264, 265, 11560957, 11593227, 0.44, 75, 500, 8, 186, 18750, 10
1, 19418, 260, 262, 271, 10944552, 11020441, 0.44, 75, 500, 8, 186, 18750, 10
1, 20582, 250, 260, 270, 12065160, 12188578, 0.44, 75, 500, 8, 211, 18750, 10
0, 20142, 282, 293, 287, 11867037, 11568580, 0.44, 75, 500, 8, 207, 18750, 10
0, 22823, 241, 274, 268, 12922269, 12509723, 0.44, 75, 500, 8, 235, 18750, 10
0, 21766, 268, 289, 289, 12526324, 12251259, 0.44, 75, 500, 8, 218, 18750, 10
1, 19806, 259, 271, 266, 10476133, 10569524, 0.44, 75, 500, 7, 158, 18750, 10
1, 20082, 247, 249, 259, 12578160, 12601684, 0.44, 75, 500, 8, 208, 18750, 10
0, 27000, 259, 326, 306, 13765475, 13215829, 0.44, 75, 500, 8, 269, 18750, 10
0, 22659, 229, 256, 262, 13109503, 12630072, 0.44, 75, 500, 8, 245, 18750, 10
1, 19468, 244, 246, 255, 12080782, 12159306, 0.44, 75, 500, 8, 197, 18750, 10
0, 26807, 224, 297, 266, 13837198, 13188635, 0.44, 75, 500, 8, 256, 18750, 10
1, 19042, 251, 252, 255, 10442415, 10464425, 0.44, 75, 500, 7, 149, 18750, 10
1, 19033, 256, 257, 258, 10628242, 10630498, 0.44, 75, 500, 7, 159, 18750, 10
1, 22720, 218, 226, 266, 13177218, 13201960, 0.44, 75, 500, 8, 233, 18750, 10
0, 22085, 277, 302, 300, 10858747, 10640024, 0.44, 75, 500, 7, 186, 18750, 10
1, 19620, 237, 240, 247, 11004578, 11023983, 0.44, 75, 500, 7, 169, 18750, 10
0, 23444, 233, 270, 256, 13133674, 12594154, 0.44, 75, 500, 8, 236, 18750, 10
1, 19152, 261, 263, 264, 9974022, 10027669, 0.44, 75, 500, 7, 157, 18750, 10
0, 21973, 227, 248, 230, 10548782, 10083177, 0.44, 75, 500, 7, 166, 18750, 10
1, 19471, 254, 258, 256, 9965740, 9977558, 0.44, 75, 500, 7, 161, 18750, 10
0, 27000, 244, 292, 299, 14240459, 13778727, 0.44, 75, 500, 8, 264, 18750, 10
0, 21082, 248, 263, 261, 10476393, 10084811, 0.44, 75, 500, 7, 172, 18750, 10
1, 19960, 280, 283, 282, 10318783, 10368377, 0.44, 75, 500, 7, 158, 18750, 10
1, 19228, 248, 249, 250, 10061547, 10086716, 0.44, 75, 500, 7, 164, 18750, 10
1, 19112, 221, 224, 225, 10641790, 10666933, 0.44, 75, 500, 7, 149, 18750, 10
1, 20097, 266, 279, 276, 10130434, 10142004, 0.44, 75, 500, 7, 165, 18750, 10
1, 18961, 226, 228, 229, 10043541, 10077646, 0.44, 75, 500, 7, 144, 18750, 10
0, 22694, 240, 278, 256, 10442993, 9843879, 0.44, 75, 500, 7, 180, 18750, 10
1, 19204, 275, 276, 279, 9680376, 9713969, 0.44, 75, 500, 7, 146, 18750, 10
0, 21753, 268, 299, 277, 10200822, 9788240, 0.44, 75, 500, 7, 169, 18750, 10
0, 22416, 255, 277, 284, 11596132, 11173393, 0.44, 75, 500, 7, 173, 18750, 10
1, 19759, 248, 250, 256, 10694061, 10783243, 0.44, 75, 500, 7, 160, 18750, 10
1, 19026, 251, 252, 254, 9685584, 9718337, 0.44, 75, 500, 7, 139, 18750, 10
1, 19678, 243, 246, 250, 10364665, 10402934, 0.44, 75, 500, 7, 151, 18750, 10
1, 18906, 242, 243, 244, 9859108, 9869084, 0.44, 75, 500, 7, 135, 18750, 10
0, 20783, 247, 254, 260, 10493879, 10174829, 0.44, 75, 500, 7, 160, 18750, 10
0, 26657, 281, 341, 333, 12863831, 12377334, 0.44, 75, 500, 7, 219, 18750, 10
0, 23884, 257, 274, 298, 11742437, 11393299, 0.44, 75, 500, 7, 193, 18750, 10
0, 27000, 249, 298, 307, 12300596, 12045910, 0.44, 75, 500, 7, 222, 18750, 10
0, 21322, 247, 259, 267, 11241129, 11021812, 0.44, 75, 500, 7, 171, 18750, 10
1, 19695, 253, 255, 260, 10325196, 10366862, 0.44, 75, 500, 7, 147, 18750, 10
0, 25374, 236, 287, 277, 11636395, 11269978, 0.44, 75, 500, 7, 192, 18750, 10
1, 18943, 242, 243, 249, 9888658, 9902377, 0.44, 75, 500, 7, 136, 18750, 10
0, 24587, 242, 291, 273, 11594082, 11136242, 0.44, 75, 500, 7, 186, 18750, 10
1, 19179, 254, 255, 258, 10299033, 10358265, 0.44, 75, 500, 7, 154, 18750, 10
1, 19613, 262, 263, 271, 10949421, 10965149, 0.44, 75, 500, 7, 148, 18750, 10
1, 19399, 228, 229, 238, 10779531, 10875655, 0.44, 75, 500, 7, 154, 18750, 10
0, 24885, 263, 304, 315, 11510050, 10985804, 0.44, 75, 500, 7, 184, 18750, 10
0, 20502, 257, 277, 267, 10253586, 9976187, 0.44, 75, 500, 7, 149, 18750, 10
1, 20943, 266, 277, 276, 10791648, 10818810, 0.44, 75, 500, 7, 158, 18750, 10
0, 20684, 264, 283, 274, 10557223, 10251983, 0.44, 75, 500, 7, 157, 18750, 10
1, 19654, 267, 269, 272, 10607744, 10671487, 0.44, 75, 500, 7, 150, 18750, 10
0, 25236, 232, 276, 287, 12602207, 11970885, 0.44, 75, 500, 7, 195, 18750, 10
0, 25987, 271, 308, 327, 12372779, 11810915, 0.44, 75, 500, 7, 205, 18750, 10
0, 27000, 254, 287, 337, 12919294, 12567312, 0.44, 75, 500, 7, 213, 18750, 10
1, 18899, 265, 266, 267, 9878033, 9908227, 0.44, 75, 500, 7, 142, 18750, 10
1, 19180, 261, 263, 265, 10231056, 10280622, 0.44, 75, 500, 7, 149, 18750, 10
0, 27000, 268, 281, 366, 12775964, 12406614, 0.44, 75, 500, 7, 231, 18750, 10
0, 20771, 264, 283, 271, 9847119, 9474634, 0.44, 75, 500, 7, 162, 18750, 10
1, 20548, 283, 289, 300, 10716396, 10758076, 0.44, 75, 500, 7, 162, 18750, 10
0, 24791, 257, 317, 299, 11321947, 11001066, 0.44, 75, 500, 7, 199, 18750, 10
0, 23046, 253, 283, 277, 11471114, 11049189, 0.44, 75, 500, 7, 175, 18750, 10
0, 27000, 256, 309, 319, 12503025, 12129132, 0.44, 75, 500, 7, 212, 18750, 10
0, 24334, 257, 301, 285, 11565286, 11220378, 0.44, 75, 500, 7, 196, 18750, 10
0, 21279, 255, 278, 266, 10588040, 10324768, 0.44, 75, 500, 7, 157, 18750, 10
1, 19302, 267, 271, 270, 9876886, 9931799, 0.44, 75, 500, 7, 147, 18750, 10
0, 24153, 279, 319, 326, 11491968, 11049258, 0.44, 75, 500, 7, 184, 18750, 10
0, 27000, 266, 317, 337, 12598377, 12317710, 0.44, 75, 500, 7, 213, 18750, 10
0, 27000, 265, 311, 331, 12199765, 11890739, 0.44, 75, 500, 7, 205, 18750, 10
0, 22671, 239, 265, 276, 11628305, 11182439, 0.44, 75, 500, 7, 172, 18750, 10
1, 19785, 237, 247, 243, 10256354, 10265192, 0.44, 75, 500, 7, 149, 18750, 10
1, 19568, 270, 271, 273, 10224489, 10306844, 0.44, 75, 500, 7, 142, 18750, 10
1, 19412, 240, 241, 243, 10257863, 10270196, 0.44, 75, 500, 7, 144, 18750, 10
1, 19328, 259, 261, 264, 10092680, 10206618, 0.44, 75, 500, 7, 143, 18750, 10
1, 19288, 265, 268, 267, 10087178, 10106489, 0.44, 75, 500, 7, 147, 18750, 10
1, 21086, 251, 258, 274, 10157883, 10382384, 0.44, 75, 500, 7, 156, 18750, 10
1, 19073, 223, 224, 226, 10092848, 10133382, 0.44, 75, 500, 7, 140, 18750, 10
1, 19585, 276, 279, 278, 9987815, 10036468, 0.44, 75, 500, 7, 145, 18750, 10
0, 22185, 248, 263, 279, 10881028, 10560732, 0.44, 75, 500, 7, 176, 18750, 10
1, 21004, 248, 258, 266, 10330376, 10342423, 0.44, 75, 500, 7, 154, 18750, 10
0, 21941, 271, 295, 283, 10370977, 10035533, 0.44, 75, 500, 7, 162, 18750, 10
1, 19533, 264, 266, 267, 10015480, 10093282, 0.44, 75, 500, 7, 145, 18750, 10
0, 19869, 272, 283, 275, 10093713, 9834891, 0.44, 75, 500, 7, 149, 18750, 10
0, 22521, 244, 272, 259, 10933237, 10594309, 0.44, 75, 500, 7, 165, 18750, 10
0, 27000, 238, 264, 323, 12394860, 12138355, 0.44, 75, 500, 7, 217, 18750, 10
0, 21146, 256, 268, 268, 11398774, 11030162, 0.44, 75, 500, 7, 162, 18750, 10
0, 27000, 263, 326, 322, 11760018, 11460402, 0.44, 75, 500, 7, 200, 18750, 10
0, 21472, 261, 283, 278, 10792433, 10477393, 0.44, 75, 500, 7, 166, 18750, 10
0, 24981, 264, 322, 292, 11108241, 10741514, 0.44, 75, 500, 7, 190, 18750, 10
0, 27000, 227, 262, 302, 12803055, 12599373, 0.44, 75, 500, 7, 217, 18750, 10
1, 18900, 212, 214, 216, 10774678, 10800814, 0.44, 75, 500, 7, 142, 18750, 10
1, 18971, 241, 242, 243, 10557815, 10583063, 0.44, 75, 500, 7, 138, 18750, 10
0, 24445, 261, 313, 307, 11387767, 10906122, 0.44, 75, 500, 7, 187, 18750, 10
1, 18862, 251, 254, 253, 9973141, 10005230, 0.44, 75, 500, 7, 144, 18750, 10
0, 23966, 245, 277, 275, 11398708, 10941338, 0.44, 75, 500, 7, 183, 18750, 10
0, 21056, 289, 309, 302, 10392250, 10055915, 0.44, 75, 500, 7, 166, 18750, 10
1, 19407, 244, 246, 250, 10229867, 10313762, 0.44, 75, 500, 7, 144, 18750, 10
0, 21779, 270, 291, 297, 10815221, 10523369, 0.44, 75, 500, 7, 162, 18750, 10
1, 18994, 243, 244, 246, 9338893, 9378963, 0.44, 75, 500, 7, 139, 18750, 10
1, 19347, 259, 263, 264, 9935003, 9965654, 0.44, 75, 500, 7, 148, 18750, 10
0, 27000, 226, 293, 271, 12447766, 12153417, 0.44, 75, 500, 7, 210, 18750, 10
1, 20140, 251, 259, 264, 10553307, 10651298, 0.44, 75, 500, 7, 165, 18750, 10
0, 20832, 259, 274, 271, 10655571, 10312731, 0.44, 75, 500, 7, 158, 18750, 10
0, 24020, 237, 287, 261, 11039088, 10539876, 0.44, 75, 500, 7, 185, 18750, 10
0, 23363, 269, 310, 289, 10900363, 10520947, 0.44, 75, 500, 7, 181, 18750, 10
1, 18922, 255, 256, 257, 9732043, 9747916, 0.44, 75, 500, 7, 146, 18750, 10
0, 21511, 233, 256, 247, 10624945, 10269973, 0.44, 75, 500, 7, 177, 18750, 10
1, 19457, 267, 272, 271, 9342322, 9350692, 0.44, 75, 500, 7, 147, 18750, 10
1, 19169, 243, 244, 245, 9796123, 9851823, 0.44, 75, 500, 7, 146, 18750, 10
0, 27000, 239, 299, 302, 12224700, 11873979, 0.44, 75, 500, 7, 216, 18750, 10
0, 23147, 260, 295, 277, 10503481, 10185641, 0.44, 75, 500, 7, 175, 18750, 10
0, 23315, 256, 285, 299, 11566035, 11208115, 0.44, 75, 500, 7, 190, 18750, 10
1, 19528, 240, 242, 250, 8897575, 8959833, 0.44, 75, 500, 6, 130, 18750, 10
0, 22608, 253, 285, 282, 9552162, 9228372, 0.44, 75, 500, 6, 152, 18750, 10
0, 24780, 271, 314, 311, 10383391, 10118678, 0.44, 75, 500, 6, 168, 18750, 10
0, 27000, 268, 319, 347, 10820858, 10568280, 0.44, 75, 500, 6, 181, 18750, 10
1, 18897, 243, 244, 249, 8858853, 8898009, 0.44, 75, 500, 6, 121, 18750, 10
1, 19032, 278, 279, 281, 7574615, 7594007, 0.44, 75, 500, 6, 124, 18750, 10
0, 21672, 238, 257, 246, 8584709, 8205152, 0.44, 75, 500, 6, 139, 18750, 10
0, 26261, 241, 262, 306, 11101606, 10677797, 0.44, 75, 500, 6, 179, 18750, 10
1, 19334, 261, 265, 266, 8586200, 8616585, 0.44, 75, 500, 6, 123, 18750, 10
0, 24175, 270, 311, 296, 9531114, 9148237, 0.44, 75, 500, 6, 161, 18750, 10
0, 27000, 244, 275, 320, 11978538, 11964932, 0.44, 75, 500, 7, 237, 18750, 10
0, 22552, 226, 257, 256, 9161248, 8897104, 0.44, 75, 500, 6, 141, 18750, 10
0, 23273, 251, 283, 276, 10333716, 9950494, 0.44, 75, 500, 6, 160, 18750, 10
1, 20163, 231, 232, 249, 9103202, 9255152, 0.44, 75, 500, 6, 130, 18750, 10
0, 22788, 240, 266, 256, 9106265, 8700069, 0.44, 75, 500, 6, 149, 18750, 10
0, 23279, 263, 300, 284, 8813379, 8482666, 0.44, 75, 500, 6, 157, 18750, 10
1, 18972, 222, 224, 225, 8951760, 8969327, 0.44, 75, 500, 6, 127, 18750, 10
1, 19388, 236, 237, 247, 8791174, 8821421, 0.44, 75, 500, 6, 135, 18750, 10
0, 27000, 258, 282, 333, 10861363, 10613525, 0.44, 75, 500, 6, 190, 18750, 10
1, 18858, 220, 221, 222, 8552732, 8563678, 0.44, 75, 500, 6, 125, 18750, 10
0, 25743, 242, 290, 293, 10525040, 10003603, 0.44, 75, 500, 6, 174, 18750, 10
0, 23729, 238, 277, 266, 9178709, 8774024, 0.44, 75, 500, 6, 156, 18750, 10
0, 24876, 238, 279, 287, 10123625, 9709881, 0.44, 75, 500, 6, 167, 18750, 10
0, 22237, 277, 311, 284, 9060893, 8739522, 0.44, 75, 500, 6, 143, 18750, 10
1, 18875, 258, 260, 260, 8680945, 8699378, 0.44, 75, 500, 6, 131, 18750, 10
1, 19055, 237, 238, 240, 8427296, 8455285, 0.44, 75, 500, 6, 124, 18750, 10
0, 20524, 251, 266, 258, 8577983, 8337078, 0.44, 75, 500, 6, 128, 18750, 10
0, 21989, 262, 291, 277, 9712576, 9394961, 0.44, 75, 500, 6, 143, 18750, 10
1, 19016, 263, 264, 265, 8572626, 8577926, 0.44, 75, 500, 6, 121, 18750, 10
0, 22512, 281, 313, 295, 8698081, 8361947, 0.44, 75, 500, 6, 134, 18750, 10
0, 23200, 239, 276, 262, 9337627, 8895399, 0.44, 75, 500, 6, 157, 18750, 10
0, 20560, 222, 236, 232, 9306967, 9033056, 0.44, 75, 500, 6, 133, 18750, 10
1, 19660, 246, 248, 248, 8653214, 8703492, 0.44, 75, 500, 6, 119, 18750, 10
1, 19476, 236, 238, 239, 9195364, 9218435, 0.44, 75, 500, 6, 129, 18750, 10
0, 22288, 251, 269, 282, 9904299, 9631678, 0.44, 75, 500, 6, 152, 18750, 10
1, 19193, 264, 265, 266, 8222368, 8250563, 0.44, 75, 500, 6, 123, 18750, 10
1, 18853, 252, 253, 254, 9177295, 9180920, 0.44, 75, 500, 6, 133, 18750, 10
0, 22327, 246, 283, 255, 9704983, 9287746, 0.44, 75, 500, 6, 147, 18750, 10
1, 19247, 270, 271, 278, 9137352, 9145268, 0.44, 75, 500, 6, 127, 18750, 10
1, 18900, 252, 253, 256, 8841705, 8852089, 0.44, 75, 500, 6, 123, 18750, 10
0, 23520, 281, 319, 305, 9649190, 9383378, 0.44, 75, 500, 6, 150, 18750, 10
1, 19509, 216, 218, 225, 8747573, 8824619, 0.44, 75, 500, 6, 129, 18750, 10
0, 27000, 254, 308, 328, 10651750, 10580316, 0.44, 75, 500, 6, 192, 18750, 10
0, 20180, 269, 285, 271, 8067557, 7839177, 0.44, 75, 500, 6, 131, 18750, 10
1, 19793, 263, 269, 273, 8921552, 8942862, 0.44, 75, 500, 6, 133, 18750, 10
1, 19018, 236, 238, 239, 8794760, 8814850, 0.44, 75, 500, 6, 123, 18750, 10
0, 25132, 262, 307, 321, 9966323, 9678643, 0.44, 75, 500, 6, 175, 18750, 10
1, 19457, 242, 245, 246, 7852151, 7861961, 0.44, 75, 500, 6, 122, 18750, 10
0, 24920, 233, 285, 261, 10095321, 9808878, 0.44, 75, 500, 6, 159, 18750, 10
1, 19182, 263, 265, 268, 8760919, 8809754, 0.44, 75, 500, 6, 125, 18750, 10
1, 19425, 251, 256, 256, 8727042, 8747393, 0.44, 75, 500, 6, 122, 18750, 10
0, 22508, 257, 278, 286, 9570705, 9249957, 0.44, 75, 500, 6, 144, 18750, 10
1, 20463, 233, 239, 254, 9233845, 9251437, 0.44, 75, 500, 6, 132, 18750, 10
0, 25088, 254, 295, 291, 10178248, 9732645, 0.44, 75, 500, 6, 164, 18750, 10
0, 23150, 239, 274, 260, 10198831, 9832845, 0.44, 75, 500, 6, 149, 18750, 10
0, 22589, 244, 275, 253, 8817920, 8317486, 0.44, 75, 500, 6, 133, 18750, 10
1, 19184, 261, 264, 263, 8091019, 8106750, 0.44, 75, 500, 6, 117, 18750, 10
0, 22793, 249, 285, 268, 8323809, 8017262, 0.44, 75, 500, 6, 140, 18750, 10
1, 19313, 253, 256, 258, 8422713, 8453772, 0.44, 75, 500, 6, 114, 18750, 10
1, 19431, 237, 238, 246, 9202527, 9233462, 0.44, 75, 500, 6, 126, 18750, 10
0, 27000, 230, 266, 306, 11165223, 10929807, 0.44, 75, 500, 6, 180, 18750, 10
0, 27000, 223, 311, 271, 10170805, 9713281, 0.44, 75, 500, 6, 164, 18750, 10
1, 19319, 233, 234, 235, 8680668, 8686888, 0.44, 75, 500, 6, 118, 18750, 10
0, 21911, 251, 287, 268, 8972818, 8572470, 0.44, 75, 500, 6, 126, 18750, 10
0, 27000, 271, 323, 330, 10991707, 10812517, 0.44, 75, 500, 6, 174, 18750, 10
1, 19660, 222, 226, 229, 8917784, 8962822, 0.44, 75, 500, 6, 117, 18750, 10
0, 23087, 257, 289, 291, 9783925, 9423510, 0.44, 75, 500, 6, 144, 18750, 10
0, 20811, 274, 291, 290, 8639371, 8404915, 0.44, 75, 500, 6, 129, 18750, 10
1, 19429, 240, 243, 244, 8983730, 9005046, 0.44, 75, 500, 6, 121, 18750, 10
0, 26544, 245, 328, 283, 10054604, 9531130, 0.44, 75, 500, 6, 164, 18750, 10
0, 20884, 228, 243, 232, 8840463, 8557228, 0.44, 75, 500, 6, 125, 18750, 10
0, 27000, 286, 310, 382, 11345723, 11117227, 0.44, 75, 500, 6, 177, 18750, 10
0, 23586, 276, 298, 321, 9743877, 9456524, 0.44, 75, 500, 6, 151, 18750, 10
0, 21649, 275, 287, 301, 9540826, 9310054, 0.44, 75, 500, 6, 135, 18750, 10
1, 20225, 251, 259, 263, 8820112, 8893206, 0.44, 75, 500, 6, 129, 18750, 10
1, 18985, 243, 244, 246, 8758047, 8759473, 0.44, 75, 500, 6, 121, 18750, 10
1, 19747, 247, 248, 255, 9241759, 9418821, 0.44, 75, 500, 6, 128, 18750, 10
0, 23962, 261, 309, 290, 9330273, 8933400, 0.44, 75, 500, 6, 149, 18750, 10
0, 20353, 250, 252, 260, 9538039, 8984462, 0.44, 75, 500, 6, 130, 18750, 10
0, 22074, 262, 295, 282, 8616864, 8346958, 0.44, 75, 500, 6, 130, 18750, 10
0, 23229, 221, 253, 252, 9869221, 9526007, 0.44, 75, 500, 6, 141, 18750, 10
0, 25205, 254, 326, 291, 10375576, 9911747, 0.44, 75, 500, 6, 154, 18750, 10
1, 19028, 245, 246, 247, 7999043, 8005624, 0.44, 75, 500, 6, 119, 18750, 10
1, 18943, 228, 230, 230, 8537708, 8537731, 0.44, 75, 500, 6, 114, 18750, 10
1, 18963, 242, 243, 246, 8838539, 8877807, 0.44, 75, 500, 6, 125, 18750, 10
1, 19028, 283, 287, 288, 8391882, 8394491, 0.44, 75, 500, 6, 113, 18750, 10
1, 19097, 253, 256, 255, 9486029, 9494571, 0.44, 75, 500, 6, 126, 18750, 10
0, 22007, 257, 279, 267, 8938217, 8668069, 0.44, 75, 500, 6, 140, 18750, 10
1, 19039, 243, 244, 247, 7925017, 7937962, 0.44, 75, 500, 6, 120, 18750, 10
0, 20763, 256, 267, 267, 9553070, 9288600, 0.44, 75, 500, 6, 131, 18750, 10
0, 22899, 253, 280, 269, 9278327, 8927758, 0.44, 75, 500, 6, 144, 18750, 10
0, 23657, 268, 290, 324, 10272436, 9919978, 0.44, 75, 500, 6, 154, 18750, 10
0, 21420, 256, 270, 267, 8017114, 7819203, 0.44, 75, 500, 5, 102, 18750, 10
1, 19070, 241, 242, 244, 8135222, 8162869, 0.44, 75, 500, 6, 130, 18750, 10
0, 27000, 277, 311, 378, 11179325, 11086751, 0.44, 75, 500, 6, 185, 18750, 10
1, 19195, 249, 253, 252, 6893774, 6903664, 0.44, 75, 500, 5, 100, 18750, 10
1, 19250, 232, 233, 237, 7263618, 7314407, 0.44, 75, 500, 5, 95, 18750, 10
1, 19235, 268, 270, 272, 8233647, 8263322, 0.44, 75, 500, 6, 124, 18750, 10
1, 18965, 244, 245, 246, 6904449, 6910884, 0.44, 75, 500, 5, 94, 18750, 10
1, 20347, 262, 268, 273, 8769017, 8889150, 0.44, 75, 500, 6, 130, 18750, 10
0, 20171, 263, 273, 269, 8501642, 8301569, 0.44, 75, 500, 6, 125, 18750, 10
1, 19558, 262, 263, 270, 7609692, 7655057, 0.44, 75, 500, 5, 100, 18750, 10
1, 20032, 253, 254, 257, 7232658, 7251084, 0.44, 75, 500, 5, 101, 18750, 10
0, 27000, 265, 315, 331, 10821613, 10458265, 0.44, 75, 500, 6, 181, 18750, 10
0, 26027, 256, 324, 290, 10034555, 9675549, 0.44, 75, 500, 6, 173, 18750, 10
0, 27000, 233, 303, 297, 10724183, 10492446, 0.44, 75, 500, 6, 180, 18750, 10
0, 27000, 243, 306, 288, 8525108, 8379802, 0.44, 75, 500, 5, 146, 18750, 10
0, 24972, 263, 329, 287, 7447443, 6984920, 0.44, 75, 500, 5, 124, 18750, 10
0, 26076, 273, 322, 322, 10373546, 10021218, 0.44, 75, 500, 6, 178, 18750, 10
0, 22865, 248, 292, 266, 7745548, 7376176, 0.44, 75, 500, 5, 115, 18750, 10
0, 20875, 264, 286, 277, 7817001, 7602832, 0.44, 75, 500, 5, 106, 18750, 10
1, 19444, 243, 245, 249, 7060452, 7083409, 0.44, 75, 500, 5, 99, 18750, 10
1, 19003, 244, 245, 247, 7409403, 7427742, 0.44, 75, 500, 5, 93, 18750, 10
1, 19022, 256, 257, 259, 7595896, 7620239, 0.44, 75, 500, 5, 91, 18750, 10
1, 20030, 256, 259, 258, 7496539, 7543536, 0.44, 75, 500, 5, 95, 18750, 10
0, 27000, 262, 336, 311, 8374345, 8105871, 0.44, 75, 500, 5, 141, 18750, 10
1, 20631, 242, 256, 257, 7013341, 7033906, 0.44, 75, 500, 5, 93, 18750, 10
0, 22009, 233, 249, 261, 8185226, 7976356, 0.44, 75, 500, 5, 106, 18750, 10
1, 19883, 266, 270, 271, 6899475, 6958194, 0.44, 75, 500, 5, 94, 18750, 10
1, 19635, 244, 246, 247, 7387369, 7469795, 0.44, 75, 500, 5, 96, 18750, 10
1, 19603, 243, 244, 245, 7167161, 7202793, 0.44, 75, 500, 5, 94, 18750, 10
1, 19334, 279, 281, 282, 7292712, 7301846, 0.44, 75, 500, 5, 97, 18750, 10
1, 18916, 256, 258, 258, 7319089, 7338494, 0.44, 75, 500, 5, 96, 18750, 10
1, 18839, 228, 229, 231, 7668914, 7674357, 0.44, 75, 500, 5, 97, 18750, 10
1, 18833, 224, 225, 226, 7021567, 7036557, 0.44, 75, 500, 5, 88, 18750, 10
0, 22669, 253, 277, 282, 7779087, 7441935, 0.44, 75, 500, 5, 119, 18750, 10
1, 19557, 287, 288, 295, 7771471, 7794317, 0.44, 75, 500, 5, 102, 18750, 10
1, 19513, 248, 250, 254, 7400975, 7466448, 0.44, 75, 500, 5, 96, 18750, 10
1, 19108, 242, 245, 246, 6601339, 6602904, 0.44, 75, 500, 5, 91, 18750, 10
1, 19115, 257, 259, 263, 8042294, 8061277, 0.44, 75, 500, 5, 95, 18750, 10
1, 18862, 270, 271, 272, 7514640, 7518291, 0.44, 75, 500, 5, 98, 18750, 10
1, 20413, 240, 251, 250, 7372824, 7409722, 0.44, 75, 500, 5, 97, 18750, 10
1, 18984, 252, 253, 255, 6819497, 6854827, 0.44, 75, 500, 5, 98, 18750, 10
0, 25846, 244, 303, 284, 8778739, 8515971, 0.44, 75, 500, 5, 135, 18750, 10
0, 24629, 260, 296, 295, 7994581, 7779670, 0.44, 75, 500, 5, 124, 18750, 10
0, 23450, 258, 285, 291, 7851634, 7529534, 0.44, 75, 500, 5, 119, 18750, 10
1, 19145, 262, 263, 267, 8040147, 8046455, 0.44, 75, 500, 5, 97, 18750, 10
0, 21031, 242, 259, 247, 7285012, 6963439, 0.44, 75, 500, 5, 103, 18750, 10
1, 19967, 257, 259, 261, 6278092, 6294463, 0.44, 75, 500, 5, 90, 18750, 10
0, 25826, 267, 319, 310, 8645088, 8310716, 0.44, 75, 500, 5, 133, 18750, 10
1, 19518, 258, 259, 261, 7534008, 7562843, 0.44, 75, 500, 5, 90, 18750, 10
0, 23147, 270, 309, 289, 7649242, 7385440, 0.44, 75, 500, 5, 112, 18750, 10
1, 23284, 251, 272, 296, 8145781, 8146492, 0.44, 75, 500, 5, 120, 18750, 10
0, 22193, 233, 263, 248, 6901722, 6684307, 0.44, 75, 500, 5, 104, 18750, 10
0, 20508, 274, 287, 288, 6809875, 6621572, 0.44, 75, 500, 5, 98, 18750, 10
0, 23115, 244, 278, 262, 7374519, 7020330, 0.44, 75, 500, 5, 104, 18750, 10
0, 23256, 231, 266, 248, 7867212, 7597718, 0.44, 75, 500, 5, 110, 18750, 10
0, 27000, 209, 255, 270, 9245162, 9023002, 0.44, 75, 500, 5, 133, 18750, 10
1, 19052, 230, 231, 233, 7361544, 7364152, 0.44, 75, 500, 5, 90, 18750, 10
1, 19389, 246, 250, 249, 7518523, 7548788, 0.44, 75, 500, 5, 97, 18750, 10
1, 26582, 227, 279, 287, 8600834, 8609995, 0.44, 75, 500, 5, 132, 18750, 10
0, 27000, 254, 287, 343, 9370500, 9394923, 0.44, 75, 500, 5, 149, 18750, 10
1, 19496, 254, 256, 263, 7641285, 7657209, 0.44, 75, 500, 5, 96, 18750, 10
1, 19258, 229, 232, 232, 7256705, 7280755, 0.44, 75, 500, 5, 90, 18750, 10
1, 19158, 253, 255, 255, 6886884, 6894910, 0.44, 75, 500, 5, 91, 18750, 10
1, 21541, 264, 279, 296, 8075890, 8112658, 0.44, 75, 500, 5, 112, 18750, 10
1, 19356, 280, 283, 284, 6925957, 6932735, 0.44, 75, 500, 5, 97, 18750, 10
0, 21987, 248, 272, 270, 8196706, 7868614, 0.44, 75, 500, 5, 108, 18750, 10
1, 20177, 253, 264, 265, 6677753, 6700738, 0.44, 75, 500, 5, 93, 18750, 10
1, 19215, 257, 259, 263, 7257342, 7264577, 0.44, 75, 500, 5, 98, 18750, 10
1, 19350, 252, 255, 257, 7603722, 7619442, 0.44, 75, 500, 5, 98, 18750, 10
0, 20296, 255, 272, 259, 6604882, 6418980, 0.44, 75, 500, 5, 93, 18750, 10
0, 25216, 258, 296, 292, 8373097, 7904184, 0.44, 75, 500, 5, 130, 18750, 10
1, 19004, 266, 267, 270, 6835103, 6851601, 0.44, 75, 500, 5, 86, 18750, 10
0, 22558, 240, 272, 255, 7838452, 7511942, 0.44, 75, 500, 5, 111, 18750, 10
1, 19251, 270, 271, 273, 7251638, 7287303, 0.44, 75, 500, 5, 97, 18750, 10
1, 19026, 282, 285, 284, 6937898, 6942498, 0.44, 75, 500, 5, 102, 18750, 10
1, 19701, 249, 255, 256, 7579901, 7585754, 0.44, 75, 500, 5, 96, 18750, 10
0, 24258, 256, 294, 320, 8230003, 7706852, 0.44, 75, 500, 5, 118, 18750, 10
0, 21682, 232, 247, 251, 7926683, 7704812, 0.44, 75, 500, 5, 105, 18750, 10
1, 19279, 254, 259, 256, 6807301, 6814064, 0.44, 75, 500, 5, 95, 18750, 10
0, 22213, 277, 290, 309, 7754369, 7520903, 0.44, 75, 500, 5, 118, 18750, 10
1, 20426, 237, 244, 252, 7839687, 7891409, 0.44, 75, 500, 5, 106, 18750, 10
0, 21869, 237, 260, 251, 8015925, 7831395, 0.44, 75, 500, 5, 108, 18750, 10
1, 19225, 257, 258, 260, 6757928, 6801878, 0.44, 75, 500, 5, 96, 18750, 10
0, 20755, 262, 277, 266, 7385821, 7107685, 0.44, 75, 500, 5, 106, 18750, 10
0, 21594, 256, 280, 267, 7689752, 7369781, 0.44, 75, 500, 5, 112, 18750, 10
1, 19533, 239, 243, 245, 7360409, 7385074, 0.44, 75, 500, 5, 95, 18750, 10
1, 19789, 257, 259, 265, 7297424, 7380924, 0.44, 75, 500, 5, 100, 18750, 10
0, 27000, 253, 319, 306, 8518772, 8217822, 0.44, 75, 500, 5, 140, 18750, 10
0, 25100, 247, 295, 289, 8363588, 7948691, 0.44, 75, 500, 5, 123, 18750, 10
1, 19053, 238, 239, 242, 7688295, 7721892, 0.44, 75, 500, 5, 94, 18750, 10
0, 25273, 232, 285, 263, 8169854, 7731834, 0.44, 75, 500, 5, 127, 18750, 10
0, 27000, 249, 294, 344, 8974947, 8623031, 0.44, 75, 500, 5, 144, 18750, 10
0, 21904, 259, 291, 275, 7606363, 7379064, 0.44, 75, 500, 5, 108, 18750, 10
1, 19122, 263, 265, 267, 7076518, 7109167, 0.44, 75, 500, 5, 95, 18750, 10
0, 23045, 254, 300, 274, 7983009, 7696931, 0.44, 75, 500, 5, 114, 18750, 10
0, 27000, 226, 280, 280, 8837244, 8566459, 0.44, 75, 500, 5, 138, 18750, 10
1, 19144, 222, 225, 226, 7005709, 7026696, 0.44, 75, 500, 5, 93, 18750, 10
1, 19000, 214, 217, 221, 7713865, 7720340, 0.44, 75, 500, 5, 96, 18750, 10
1, 19090, 234, 236, 236, 7155266, 7177602, 0.44, 75, 500, 5, 91, 18750, 10
0, 20818, 241, 259, 255, 7595756, 7340989, 0.44, 75, 500, 5, 110, 18750, 10
1, 19242, 265, 267, 267, 6898451, 6899329, 0.44, 75, 500, 5, 97, 18750, 10
0, 21644, 246, 260, 267, 8243296, 8009895, 0.44, 75, 500, 5, 114, 18750, 10
1, 19126, 263, 264, 266, 7220793, 7254354, 0.44, 75, 500, 5, 94, 18750, 10
1, 19068, 251, 252, 254, 6301259, 6314261, 0.44, 75, 500, 4, 74, 18750, 10
1, 18840, 258, 259, 260, 7394533, 7397809, 0.44, 75, 500, 5, 96, 18750, 10
1, 21131, 239, 252, 249, 8003263, 8045861, 0.44, 75, 500, 5, 102, 18750, 10
1, 19440, 263, 269, 269, 6995831, 7011662, 0.44, 75, 500, 5, 93, 18750, 10
0, 22718, 261, 292, 288, 7405379, 7189341, 0.44, 75, 500, 5, 122, 18750, 10
1, 19184, 268, 269, 273, 7619006, 7623098, 0.44, 75, 500, 5, 100, 18750, 10
0, 19850, 247, 260, 248, 5386766, 5185560, 0.44, 75, 500, 4, 74, 18750, 10
1, 19241, 260, 261, 267, 5791203, 5854552, 0.44, 75, 500, 4, 77, 18750, 10
0, 27000, 277, 347, 324, 7109084, 6847137, 0.44, 75, 500, 4, 108, 18750, 10
1, 21834, 253, 267, 274, 5933998, 5947757, 0.44, 75, 500, 4, 83, 18750, 10
1, 20737, 257, 265, 269, 6159808, 6219178, 0.44, 75, 500, 4, 83, 18750, 10
0, 20252, 248, 259, 253, 5398909, 5254749, 0.44, 75, 500, 4, 77, 18750, 10
0, 27000, 243, 285, 310, 8908213, 8637602, 0.44, 75, 500, 5, 147, 18750, 10
0, 24343, 261, 312, 287, 6636721, 6265513, 0.44, 75, 500, 4, 93, 18750, 10
1, 19085, 234, 235, 237, 5148246, 5164482, 0.44, 75, 500, 4, 70, 18750, 10
1, 19064, 261, 262, 265, 6150952, 6157538, 0.44, 75, 500, 4, 77, 18750, 10
0, 21021, 248, 265, 254, 5749710, 5480945, 0.44, 75, 500, 4, 83, 18750, 10
1, 19629, 260, 264, 267, 5904020, 5922220, 0.44, 75, 500, 4, 78, 18750, 10
0, 25579, 240, 305, 293, 6701732, 6441946, 0.44, 75, 500, 4, 107, 18750, 10
0, 21046, 271, 296, 281, 6214293, 5998220, 0.44, 75, 500, 4, 82, 18750, 10
0, 21296, 238, 256, 249, 5612666, 5400807, 0.44, 75, 500, 4, 77, 18750, 10
1, 20123, 272, 279, 287, 6074565, 6100274, 0.44, 75, 500, 4, 82, 18750, 10
1, 19674, 273, 277, 277, 6053660, 6060852, 0.44, 75, 500, 4, 72, 18750, 10
1, 19057, 250, 251, 252, 6038671, 6041935, 0.44, 75, 500, 4, 79, 18750, 10
1, 19068, 254, 256, 258, 6363675, 6397598, 0.44, 75, 500, 4, 76, 18750, 10
0, 23865, 278, 307, 328, 7156044, 6971258, 0.44, 75, 500, 4, 95, 18750, 10
1, 18896, 252, 254, 255, 6271105, 6272803, 0.44, 75, 500, 4, 68, 18750, 10
1, 19789, 247, 252, 252, 5529326, 5559864, 0.44, 75, 500, 4, 74, 18750, 10
1, 19866, 246, 247, 259, 6349285, 6381516, 0.44, 75, 500, 4, 76, 18750, 10
0, 20952, 239, 253, 257, 6531003, 6339331, 0.44, 75, 500, 4, 84, 18750, 10
0, 27000, 235, 276, 313, 7649932, 7506201, 0.44, 75, 500, 4, 116, 18750, 10
1, 19078, 227, 228, 229, 5558923, 5589325, 0.44, 75, 500, 4, 67, 18750, 10
0, 21828, 265, 286, 278, 5538593, 5378970, 0.44, 75, 500, 4, 78, 18750, 10
1, 19012, 265, 266, 269, 5818603, 5835767, 0.44, 75, 500, 4, 72, 18750, 10
1, 19719, 250, 252, 265, 6206804, 6223987, 0.44, 75, 500, 4, 78, 18750, 10
1, 19030, 264, 265, 266, 5003967, 5012647, 0.44, 75, 500, 4, 66, 18750, 10
0, 26100, 254, 283, 321, 7172210, 6881684, 0.44, 75, 500, 4, 109, 18750, 10
0, 27000, 247, 304, 313, 8040595, 7776139, 0.44, 75, 500, 4, 111, 18750, 10
1, 19032, 263, 264, 265, 4813389, 4823941, 0.44, 75, 500, 4, 68, 18750, 10
0, 22033, 255, 285, 273, 6049164, 5841788, 0.44, 75, 500, 4, 83, 18750, 10
0, 21939, 244, 269, 253, 6357838, 6200701, 0.44, 75, 500, 4, 86, 18750, 10
0, 21721, 254, 285, 270, 6008063, 5808728, 0.44, 75, 500, 4, 81, 18750, 10
1, 18965, 253, 254, 257, 5253840, 5262356, 0.44, 75, 500, 4, 71, 18750, 10
0, 27000, 265, 296, 359, 7473615, 7398988, 0.44, 75, 500, 4, 113, 18750, 10
1, 19056, 273, 275, 276, 5642494, 5652479, 0.44, 75, 500, 4, 71, 18750, 10
1, 19063, 272, 273, 276, 6041303, 6076623, 0.44, 75, 500, 4, 76, 18750, 10
0, 22138, 261, 291, 274, 6215664, 5937677, 0.44, 75, 500, 4, 85, 18750, 10
0, 22488, 247, 272, 284, 6728084, 6561274, 0.44, 75, 500, 4, 88, 18750, 10
1, 19023, 245, 248, 248, 5896859, 5907092, 0.44, 75, 500, 4, 70, 18750, 10
0, 19772, 268, 282, 270, 4854238, 4713542, 0.44, 75, 500, 4, 65, 18750, 10
1, 20310, 232, 240, 239, 5807931, 5812691, 0.44, 75, 500, 4, 72, 18750, 10
1, 19130, 239, 241, 244, 5541869, 5556705, 0.44, 75, 500, 4, 70, 18750, 10
1, 19296, 245, 246, 249, 6315911, 6350878, 0.44, 75, 500, 4, 75, 18750, 10
0, 20879, 273, 295, 285, 5545977, 5368045, 0.44, 75, 500, 4, 73, 18750, 10
1, 19508, 233, 237, 240, 6005318, 6018248, 0.44, 75, 500, 4, 73, 18750, 10
0, 22566, 260, 289, 285, 6371205, 6142649, 0.44, 75, 500, 4, 85, 18750, 10
1, 19088, 251, 252, 255, 6236185, 6269936, 0.44, 75, 500, 4, 72, 18750, 10
1, 19381, 244, 246, 248, 5934844, 5991961, 0.44, 75, 500, 4, 70, 18750, 10
0, 26605, 253, 320, 301, 6342132, 6118676, 0.44, 75, 500, 4, 98, 18750, 10
0, 22662, 251, 292, 273, 5986088, 5721033, 0.44, 75, 500, 4, 82, 18750, 10
0, 22618, 237, 271, 258, 5757823, 5518523, 0.44, 75, 500, 4, 81, 18750, 10
0, 21455, 274, 290, 289, 6496593, 6328886, 0.44, 75, 500, 4, 84, 18750, 10
1, 19343, 244, 248, 249, 5627303, 5638338, 0.44, 75, 500, 4, 68, 18750, 10
1, 19744, 272, 274, 281, 6110565, 6191783, 0.44, 75, 500, 4, 75, 18750, 10
1, 23900, 256, 289, 299, 6802072, 6821613, 0.44, 75, 500, 4, 92, 18750, 10
1, 19251, 254, 256, 258, 5930031, 5944469, 0.44, 75, 500, 4, 73, 18750, 10
0, 22425, 268, 297, 291, 6050806, 5846566, 0.44, 75, 500, 4, 80, 18750, 10
1, 19152, 242, 247, 244, 5590108, 5614823, 0.44, 75, 500, 4, 69, 18750, 10
1, 19224, 241, 243, 244, 5482078, 5486621, 0.44, 75, 500, 4, 69, 18750, 10
0, 21926, 279, 306, 291, 6023497, 5815277, 0.44, 75, 500, 4, 76, 18750, 10
0, 21642, 260, 271, 278, 6252107, 6091450, 0.44, 75, 500, 4, 85, 18750, 10
0, 22015, 260, 288, 271, 6379418, 6146758, 0.44, 75, 500, 4, 84, 18750, 10
0, 22460, 213, 251, 240, 6322455, 6102483, 0.44, 75, 500, 4, 81, 18750, 10
1, 19156, 253, 254, 257, 6060619, 6070863, 0.44, 75, 500, 4, 69, 18750, 10
0, 21687, 264, 279, 284, 6071960, 5842883, 0.44, 75, 500, 4, 81, 18750, 10
0, 19571, 278, 283, 281, 6084205, 5971924, 0.44, 75, 500, 4, 74, 18750, 10
0, 27000, 260, 304, 345, 7310783, 7037569, 0.44, 75, 500, 4, 111, 18750, 10
1, 18964, 246, 247, 249, 5760316, 5771708, 0.44, 75, 500, 4, 73, 18750, 10
0, 22738, 271, 316, 292, 6137557, 5866546, 0.44, 75, 500, 4, 84, 18750, 10
1, 19139, 247, 248, 253, 5947805, 5968398, 0.44, 75, 500, 4, 74, 18750, 10
1, 20327, 230, 236, 245, 6062964, 6115050, 0.44, 75, 500, 4, 77, 18750, 10
1, 19534, 253, 258, 262, 6020753, 6048044, 0.44, 75, 500, 4, 72, 18750, 10
0, 23759, 254, 286, 286, 6794561, 6531960, 0.44, 75, 500, 4, 90, 18750, 10
1, 20960, 260, 275, 274, 6518936, 6572415, 0.44, 75, 500, 4, 79, 18750, 10
0, 23844, 267, 299, 295, 6501139, 6167175, 0.44, 75, 500, 4, 94, 18750, 10
1, 21369, 254, 268, 268, 6123703, 6180579, 0.44, 75, 500, 4, 80, 18750, 10
0, 23135, 241, 278, 263, 5919170, 5582543, 0.44, 75, 500, 4, 83, 18750, 10
0, 21118, 231, 255, 244, 5956915, 5758196, 0.44, 75, 500, 4, 76, 18750, 10
0, 21858, 269, 296, 282, 5500480, 5283527, 0.44, 75, 500, 4, 80, 18750, 10
1, 19371, 250, 252, 252, 5360190, 5375928, 0.44, 75, 500, 4, 70, 18750, 10
0, 27000, 246, 310, 288, 6979914, 6859712, 0.44, 75, 500, 4, 103, 18750, 10
1, 19929, 279, 286, 289, 5561524, 5562618, 0.44, 75, 500, 4, 72, 18750, 10
1, 19088, 255, 256, 259, 5601808, 5618740, 0.44, 75, 500, 4, 72, 18750, 10
0, 23247, 250, 288, 269, 6622079, 6282557, 0.44, 75, 500, 4, 91, 18750, 10
1, 19541, 243, 251, 249, 5373564, 5388727, 0.44, 75, 500, 4, 71, 18750, 10
1, 19602, 271, 274, 274, 6393193, 6418667, 0.44, 75, 500, 4, 77, 18750, 10
1, 19073, 252, 253, 255, 6191210, 6193054, 0.44, 75, 500, 4, 70, 18750, 10
1, 19369, 260, 263, 265, 6053358, 6063524, 0.44, 75, 500, 4, 74, 18750, 10
1, 19254, 255, 257, 258, 5382942, 5437656, 0.44, 75, 500, 4, 73, 18750, 10
0, 22103, 260, 284, 272, 4153820, 3959467, 0.44, 75, 500, 3, 56, 18750, 10
1, 20159, 259, 266, 265, 3983937, 3991263, 0.44, 75, 500, 3, 49, 18750, 10
1, 19336, 259, 260, 263, 6206592, 6241081, 0.44, 75, 500, 4, 82, 18750, 10
1, 19453, 262, 263, 264, 3603735, 3613861, 0.44, 75, 500, 3, 44, 18750, 10
0, 20832, 225, 248, 238, 5238454, 5056284, 0.44, 75, 500, 4, 75, 18750, 10
1, 19443, 221, 223, 230, 4571398, 4587309, 0.44, 75, 500, 3, 55, 18750, 10
0, 24332, 246, 282, 279, 6362425, 6069392, 0.44, 75, 500, 4, 94, 18750, 10
0, 21780, 233, 257, 243, 4765759, 4538105, 0.44, 75, 500, 3, 56, 18750, 10
1, 19358, 265, 268, 268, 5802434, 5823049, 0.44, 75, 500, 4, 71, 18750, 10
0, 22642, 260, 297, 282, 5704238, 5445034, 0.44, 75, 500, 4, 82, 18750, 10
0, 21370, 269, 290, 285, 4416719, 4256553, 0.44, 75, 500, 3, 55, 18750, 10
1, 18948, 253, 254, 256, 4660419, 4671053, 0.44, 75, 500, 3, 51, 18750, 10
0, 26302, 278, 324, 329, 7695581, 7357165, 0.44, 75, 500, 4, 103, 18750, 10
1, 19565, 244, 249, 255, 4592876, 4607056, 0.44, 75, 500, 3, 58, 18750, 10
0, 22260, 254, 285, 276, 4445958, 4310168, 0.44, 75, 500, 3, 60, 18750, 10
0, 24992, 235, 294, 280, 6871611, 6595716, 0.44, 75, 500, 4, 97, 18750, 10
1, 19149, 242, 243, 245, 4887314, 4930814, 0.44, 75, 500, 3, 53, 18750, 10
0, 20942, 272, 286, 285, 5034691, 4871949, 0.44, 75, 500, 3, 59, 18750, 10
0, 23072, 271, 301, 302, 4893411, 4787202, 0.44, 75, 500, 3, 68, 18750, 10
1, 20906, 246, 259, 260, 4732661, 4744932, 0.44, 75, 500, 3, 59, 18750, 10
1, 19523, 252, 261, 261, 3835088, 3847354, 0.44, 75, 500, 3, 51, 18750, 10
0, 24068, 233, 274, 258, 4715795, 4538284, 0.44, 75, 500, 3, 61, 18750, 10
1, 19019, 235, 236, 238, 4919561, 4926771, 0.44, 75, 500, 3, 52, 18750, 10
1, 19627, 221, 230, 227, 4299892, 4309861, 0.44, 75, 500, 3, 54, 18750, 10
0, 21412, 248, 276, 261, 4275452, 4099007, 0.44, 75, 500, 3, 53, 18750, 10
0, 22936, 252, 293, 278, 5204644, 4955913, 0.44, 75, 500, 3, 63, 18750, 10
0, 21480, 263, 295, 278, 4469692, 4293607, 0.44, 75, 500, 3, 62, 18750, 10
1, 19191, 241, 242, 244, 4725273, 4766278, 0.44, 75, 500, 3, 55, 18750, 10
1, 19321, 245, 248, 251, 4736160, 4784880, 0.44, 75, 500, 3, 60, 18750, 10
0, 19830, 268, 278, 275, 4522309, 4411893, 0.44, 75, 500, 3, 53, 18750, 10
1, 19028, 266, 267, 270, 4280597, 4297856, 0.44, 75, 500, 3, 52, 18750, 10
1, 21028, 270, 290, 288, 3717667, 3732823, 0.44, 75, 500, 3, 55, 18750, 10
0, 25565, 254, 302, 298, 4885610, 4749638, 0.44, 75, 500, 3, 70, 18750, 10
1, 20926, 256, 257, 284, 4777439, 4788507, 0.44, 75, 500, 3, 63, 18750, 10
1, 19118, 243, 244, 245, 4877278, 4893502, 0.44, 75, 500, 3, 55, 18750, 10
0, 24816, 234, 258, 280, 5499225, 5290674, 0.44, 75, 500, 3, 74, 18750, 10
1, 20560, 253, 265, 267, 4689205, 4689858, 0.44, 75, 500, 3, 58, 18750, 10
0, 20736, 230, 255, 246, 4496390, 4316905, 0.44, 75, 500, 3, 56, 18750, 10
1, 18941, 254, 255, 257, 4877594, 4880056, 0.44, 75, 500, 3, 55, 18750, 10
1, 23449, 248, 265, 279, 5480181, 5540412, 0.44, 75, 500, 3, 74, 18750, 10
1, 19236, 248, 253, 253, 3972213, 3984394, 0.44, 75, 500, 3, 50, 18750, 10
1, 19245, 249, 252, 251, 4426824, 4441064, 0.44, 75, 500, 3, 53, 18750, 10
1, 19742, 249, 253, 262, 4802201, 4860767, 0.44, 75, 500, 3, 53, 18750, 10
0, 25052, 263, 309, 305, 4970891, 4704524, 0.44, 75, 500, 3, 70, 18750, 10
0, 23946, 233, 285, 271, 4592752, 4415745, 0.44, 75, 500, 3, 67, 18750, 10
0, 20985, 268, 283, 276, 4462242, 4311402, 0.44, 75, 500, 3, 59, 18750, 10
0, 22268, 269, 298, 289, 3972088, 3817623, 0.44, 75, 500, 3, 56, 18750, 10
1, 19561, 272, 274, 277, 4542273, 4560228, 0.44, 75, 500, 3, 55, 18750, 10
1, 19471, 256, 260, 259, 4609163, 4630137, 0.44, 75, 500, 3, 54, 18750, 10
0, 20564, 232, 254, 243, 4164033, 4026806, 0.44, 75, 500, 3, 53, 18750, 10
1, 19167, 250, 253, 253, 4300994, 4306624, 0.44, 75, 500, 3, 51, 18750, 10
0, 21497, 265, 290, 274, 4889154, 4681858, 0.44, 75, 500, 3, 65, 18750, 10
0, 27000, 262, 284, 347, 5649810, 5626119, 0.44, 75, 500, 3, 86, 18750, 10
1, 19154, 265, 266, 268, 4302702, 4311005, 0.44, 75, 500, 3, 57, 18750, 10
1, 23443, 247, 269, 276, 5088531, 5099528, 0.44, 75, 500, 3, 74, 18750, 10
0, 23599, 280, 321, 303, 4801304, 4606675, 0.44, 75, 500, 3, 64, 18750, 10
0, 20206, 245, 258, 253, 4197373, 4098456, 0.44, 75, 500, 3, 59, 18750, 10
1, 18982, 217, 218, 219, 4542751, 4554932, 0.44, 75, 500, 3, 53, 18750, 10
0, 22547, 250, 276, 274, 4158456, 4014350, 0.44, 75, 500, 3, 64, 18750, 10
1, 19234, 276, 279, 283, 4488329, 4498280, 0.44, 75, 500, 3, 56, 18750, 10
0, 21644, 246, 281, 257, 4280308, 4099075, 0.44, 75, 500, 3, 57, 18750, 10
1, 19552, 244, 250, 248, 3975444, 3987379, 0.44, 75, 500, 3, 53, 18750, 10
1, 19994, 286, 287, 302, 4830611, 4853082, 0.44, 75, 500, 3, 61, 18750, 10
0, 21406, 256, 279, 264, 3791060, 3617829, 0.44, 75, 500, 3, 58, 18750, 10
0, 26407, 233, 282, 280, 5351583, 5115654, 0.44, 75, 500, 3, 75, 18750, 10
0, 23136, 253, 295, 282, 4601374, 4417196, 0.44, 75, 500, 3, 67, 18750, 10
1, 19553, 243, 248, 254, 3964246, 4008433, 0.44, 75, 500, 3, 54, 18750, 10
1, 19246, 252, 259, 258, 3983415, 3994217, 0.44, 75, 500, 3, 52, 18750, 10
0, 22142, 256, 282, 273, 4458478, 4307245, 0.44, 75, 500, 3, 58, 18750, 10
0, 21978, 245, 274, 256, 4607842, 4453917, 0.44, 75, 500, 3, 63, 18750, 10
1, 19298, 258, 262, 264, 4608626, 4633128, 0.44, 75, 500, 3, 52, 18750, 10
1, 19822, 241, 242, 246, 4240678, 4258011, 0.44, 75, 500, 3, 54, 18750, 10
1, 19727, 277, 282, 288, 4798040, 4823438, 0.44, 75, 500, 3, 56, 18750, 10
1, 19104, 214, 215, 218, 4577003, 4580917, 0.44, 75, 500, 3, 51, 18750, 10
1, 19440, 285, 289, 289, 3780487, 3781539, 0.44, 75, 500, 3, 47, 18750, 10
0, 25852, 241, 305, 288, 5430087, 5215162, 0.44, 75, 500, 3, 73, 18750, 10
1, 20030, 266, 269, 271, 3968980, 4012224, 0.44, 75, 500, 3, 51, 18750, 10
1, 19537, 222, 226, 225, 4377050, 4391578, 0.44, 75, 500, 3, 54, 18750, 10
1, 20764, 248, 263, 262, 4373555, 4377800, 0.44, 75, 500, 3, 57, 18750, 10
1, 19468, 239, 243, 251, 4615584, 4625105, 0.44, 75, 500, 3, 53, 18750, 10
0, 23115, 243, 286, 267, 4643070, 4409672, 0.44, 75, 500, 3, 63, 18750, 10
1, 19650, 237, 240, 244, 4756010, 4815240, 0.44, 75, 500, 3, 55, 18750, 10
0, 20294, 266, 279, 275, 4638050, 4502116, 0.44, 75, 500, 3, 51, 18750, 10
0, 20790, 240, 263, 244, 3989483, 3775392, 0.44, 75, 500, 3, 45, 18750, 10
1, 20175, 246, 256, 262, 4897154, 4918678, 0.44, 75, 500, 3, 55, 18750, 10
0, 21340, 260, 274, 268, 4341981, 4177224, 0.44, 75, 500, 3, 51, 18750, 10
1, 19505, 252, 255, 257, 4060695, 4090724, 0.44, 75, 500, 3, 44, 18750, 10
0, 20767, 241, 255, 251, 4134087, 4045389, 0.44, 75, 500, 3, 50, 18750, 10
1, 19177, 262, 264, 266, 4253058, 4258802, 0.44, 75, 500, 3, 48, 18750, 10
1, 23493, 259, 276, 301, 5148434, 5180200, 0.44, 75, 500, 3, 66, 18750, 10
1, 19191, 249, 252, 252, 4101472, 4108540, 0.44, 75, 500, 3, 46, 18750, 10
0, 24410, 270, 318, 298, 4588602, 4425736, 0.44, 75, 500, 3, 63, 18750, 10
0, 21603, 259, 293, 277, 4415044, 4238170, 0.44, 75, 500, 3, 54, 18750, 10
0, 21035, 241, 252, 249, 4457705, 4305795, 0.44, 75, 500, 3, 52, 18750, 10
1, 19178, 263, 267, 268, 4627059, 4651801, 0.44, 75, 500, 3, 50, 18750, 10
1, 19117, 247, 249, 251, 3947121, 3972641, 0.44, 75, 500, 3, 46, 18750, 10
0, 20237, 238, 250, 241, 3187469, 3061802, 0.44, 75, 500, 2, 33, 18750, 10
1, 19466, 235, 237, 240, 4192046, 4217549, 0.44, 75, 500, 3, 45, 18750, 10
1, 19165, 270, 272, 273, 4011188, 4023403, 0.44, 75, 500, 3, 45, 18750, 10
0, 22696, 236, 268, 259, 2895148, 2802969, 0.44, 75, 500, 2, 35, 18750, 10
0, 22152, 247, 286, 262, 4491123, 4269390, 0.44, 75, 500, 3, 58, 18750, 10
1, 19890, 269, 275, 279, 2495183, 2507511, 0.44, 75, 500, 2, 29, 18750, 10
0, 22523, 263, 295, 281, 4429550, 4194319, 0.44, 75, 500, 3, 56, 18750, 10
1, 19647, 259, 262, 266, 2987445, 2988369, 0.44, 75, 500, 2, 36, 18750, 10
1, 19806, 258, 264, 262, 2948095, 2960100, 0.44, 75, 500, 2, 33, 18750, 10
1, 19916, 268, 274, 278, 2812745, 2865753, 0.44, 75, 500, 2, 33, 18750, 10
0, 22442, 263, 290, 281, 4602376, 4420882, 0.44, 75, 500, 3, 61, 18750, 10
0, 24892, 256, 304, 293, 4957296, 4784986, 0.44, 75, 500, 3, 65, 18750, 10
0, 27000, 223, 288, 281, 5060510, 4934374, 0.44, 75, 500, 3, 71, 18750, 10
0, 23798, 261, 307, 285, 4825639, 4572005, 0.44, 75, 500, 3, 61, 18750, 10
1, 19208, 259, 262, 263, 4303870, 4321831, 0.44, 75, 500, 3, 52, 18750, 10
0, 21608, 253, 280, 271, 2602789, 2507325, 0.44, 75, 500, 2, 36, 18750, 10
0, 21952, 262, 290, 280, 2877483, 2779625, 0.44, 75, 500, 2, 34, 18750, 10
1, 19968, 261, 267, 273, 3152660, 3170846, 0.44, 75, 500, 2, 37, 18750, 10
0, 25509, 220, 267, 270, 5258851, 5098415, 0.44, 75, 500, 3, 65, 18750, 10
0, 21721, 249, 270, 263, 2922286, 2822106, 0.44, 75, 500, 2, 34, 18750, 10
0, 19890, 270, 287, 276, 2763921, 2669086, 0.44, 75, 500, 2, 30, 18750, 10
1, 20359, 245, 254, 253, 2562366, 2562522, 0.44, 75, 500, 2, 31, 18750, 10
1, 19682, 267, 273, 275, 2812368, 2845592, 0.44, 75, 500, 2, 33, 18750, 10
0, 23467, 249, 295, 279, 4765406, 4612688, 0.44, 75, 500, 3, 61, 18750, 10
1, 20455, 235, 245, 246, 3258759, 3262640, 0.44, 75, 500, 2, 35, 18750, 10
0, 22036, 245, 272, 257, 2759524, 2630298, 0.44, 75, 500, 2, 34, 18750, 10
0, 20283, 263, 269, 277, 3274036, 3210169, 0.44, 75, 500, 2, 35, 18750, 10
1, 19074, 259, 260, 264, 3489623, 3491335, 0.44, 75, 500, 2, 32, 18750, 10
0, 21110, 229, 252, 240, 2620549, 2527807, 0.44, 75, 500, 2, 30, 18750, 10
0, 22832, 253, 288, 270, 2778096, 2669984, 0.44, 75, 500, 2, 35, 18750, 10
1, 19464, 215, 218, 223, 2918564, 2922017, 0.44, 75, 500, 2, 31, 18750, 10
1, 19806, 255, 260, 268, 2783837, 2835109, 0.44, 75, 500, 2, 32, 18750, 10
1, 19668, 245, 248, 254, 2684592, 2706492, 0.44, 75, 500, 2, 31, 18750, 10
0, 22079, 256, 287, 280, 3005216, 2862137, 0.44, 75, 500, 2, 35, 18750, 10
0, 21458, 265, 290, 282, 2917500, 2814849, 0.44, 75, 500, 2, 38, 18750, 10
0, 20558, 247, 262, 250, 2774715, 2660063, 0.44, 75, 500, 2, 29, 18750, 10
1, 19204, 251, 255, 257, 2829715, 2835678, 0.44, 75, 500, 2, 31, 18750, 10
1, 19552, 246, 252, 251, 2725767, 2748743, 0.44, 75, 500, 2, 28, 18750, 10
1, 19599, 272, 276, 277, 2979468, 2996020, 0.44, 75, 500, 2, 30, 18750, 10
1, 20586, 239, 247, 252, 3083278, 3130053, 0.44, 75, 500, 2, 35, 18750, 10
0, 20129, 258, 274, 262, 2505363, 2407025, 0.44, 75, 500, 2, 28, 18750, 10
0, 22719, 245, 279, 266, 3143601, 3004304, 0.44, 75, 500, 2, 36, 18750, 10
1, 20285, 244, 254, 255, 2887230, 2921548, 0.44, 75, 500, 2, 32, 18750, 10
1, 20036, 285, 292, 291, 2502114, 2508353, 0.44, 75, 500, 2, 31, 18750, 10
0, 22962, 255, 296, 284, 3049963, 2935660, 0.44, 75, 500, 2, 35, 18750, 10
1, 19939, 245, 248, 261, 3345476, 3399611, 0.44, 75, 500, 2, 33, 18750, 10
1, 19865, 262, 266, 276, 3365683, 3366962, 0.44, 75, 500, 2, 37, 18750, 10
0, 24452, 247, 304, 284, 3034853, 2869534, 0.44, 75, 500, 2, 41, 18750, 10
0, 19541, 267, 280, 269, 2779938, 2693614, 0.44, 75, 500, 2, 28, 18750, 10
0, 21386, 254, 279, 272, 2838089, 2746697, 0.44, 75, 500, 2, 32, 18750, 10
1, 19591, 246, 253, 253, 2765447, 2775239, 0.44, 75, 500, 2, 31, 18750, 10
1, 19723, 242, 249, 249, 3239990, 3255901, 0.44, 75, 500, 2, 33, 18750, 10
1, 19438, 247, 252, 255, 2986095, 3021427, 0.44, 75, 500, 2, 28, 18750, 10
0, 22515, 251, 273, 265, 3323464, 3219368, 0.44, 75, 500, 2, 37, 18750, 10
1, 19292, 235, 237, 240, 3219179, 3221377, 0.44, 75, 500, 2, 35, 18750, 10
1, 20361, 271, 278, 279, 2752759, 2784752, 0.44, 75, 500, 2, 33, 18750, 10
1, 20085, 256, 262, 262, 2767081, 2769473, 0.44, 75, 500, 2, 28, 18750, 10
0, 25141, 250, 300, 282, 3195560, 3096729, 0.44, 75, 500, 2, 40, 18750, 10
0, 22326, 250, 280, 266, 3242025, 3103364, 0.44, 75, 500, 2, 34, 18750, 10
1, 21112, 262, 278, 273, 2959978, 2976448, 0.44, 75, 500, 2, 32, 18750, 10
1, 19684, 244, 251, 249, 3543927, 3546898, 0.44, 75, 500, 2, 35, 18750, 10
0, 20119, 262, 274, 268, 2826448, 2711455, 0.44, 75, 500, 2, 31, 18750, 10
1, 19856, 257, 262, 265, 3050953, 3072986, 0.44, 75, 500, 2, 32, 18750, 10
0, 23807, 207, 242, 224, 2851844, 2731580, 0.44, 75, 500, 2, 38, 18750, 10
0, 20749, 235, 256, 247, 2711732, 2614025, 0.44, 75, 500, 2, 31, 18750, 10
1, 19103, 266, 267, 273, 3287089, 3316940, 0.44, 75, 500, 2, 35, 18750, 10
1, 19242, 230, 232, 235, 2993190, 3002516, 0.44, 75, 500, 2, 35, 18750, 10
1, 19737, 259, 265, 268, 2870860, 2877223, 0.44, 75, 500, 2, 32, 18750, 10
0, 20897, 266, 274, 275, 3214833, 3126661, 0.44, 75, 500, 2, 36, 18750, 10
0, 21192, 258, 283, 269, 2604254, 2498520, 0.44, 75, 500, 2, 30, 18750, 10
0, 25111, 250, 292, 295, 3400829, 3260116, 0.44, 75, 500, 2, 45, 18750, 10
1, 20135, 254, 260, 269, 3366945, 3380769, 0.44, 75, 500, 2, 37, 18750, 10
1, 20438, 250, 260, 258, 2871555, 2889247, 0.44, 75, 500, 2, 36, 18750, 10
1, 19888, 269, 275, 278, 3029403, 3060395, 0.44, 75, 500, 2, 34, 18750, 10
1, 19309, 264, 271, 272, 2366090, 2368431, 0.44, 75, 500, 2, 28, 18750, 10
1, 19628, 247, 251, 253, 2917044, 2926002, 0.44, 75, 500, 2, 34, 18750, 10
1, 19081, 247, 248, 251, 2960451, 2974970, 0.44, 75, 500, 2, 32, 18750, 10
0, 21645, 234, 254, 245, 3255699, 3150698, 0.44, 75, 500, 2, 36, 18750, 10
0, 22249, 246, 281, 265, 3107825, 2987367, 0.44, 75, 500, 2, 36, 18750, 10
1, 20011, 270, 277, 279, 2543828, 2576555, 0.44, 75, 500, 2, 37, 18750, 10
0, 21347, 269, 292, 277, 2784280, 2669517, 0.44, 75, 500, 2, 36, 18750, 10
0, 20807, 237, 261, 249, 2447384, 2360944, 0.44, 75, 500, 2, 33, 18750, 10
1, 18936, 245, 247, 247, 2970450, 2970467, 0.44, 75, 500, 2, 32, 18750, 10
0, 23545, 277, 313, 318, 2981991, 2871127, 0.44, 75, 500, 2, 43, 18750, 10
0, 20593, 256, 272, 260, 3103204, 2979818, 0.44, 75, 500, 2, 35, 18750, 10
1, 19217, 259, 261, 263, 3159856, 3184825, 0.44, 75, 500, 2, 33, 18750, 10
1, 19343, 255, 259, 259, 3000255, 3006622, 0.44, 75, 500, 2, 32, 18750, 10
0, 21104, 283, 308, 294, 3097857, 2990340, 0.44, 75, 500, 2, 36, 18750, 10
1, 19508, 277, 282, 283, 2790744, 2791250, 0.44, 75, 500, 2, 31, 18750, 10
0, 21339, 253, 282, 270, 2527581, 2431062, 0.44, 75, 500, 2, 32, 18750, 10
1, 19750, 246, 250, 255, 2718574, 2747507, 0.44, 75, 500, 2, 30, 18750, 10
1, 19713, 257, 261, 266, 3207081, 3232074, 0.44, 75, 500, 2, 32, 18750, 10
1, 19939, 241, 250, 250, 3260823, 3276713, 0.44, 75, 500, 2, 36, 18750, 10
1, 19792, 233, 235, 244, 3341064, 3348139, 0.44, 75, 500, 2, 34, 18750, 10
1, 20018, 235, 237, 251, 3194431, 3253811, 0.44, 75, 500, 2, 36, 18750, 10
0, 22283, 247, 276, 260, 2782468, 2647137, 0.44, 75, 500, 2, 33, 18750, 10
0, 21253, 238, 258, 248, 2975875, 2879785, 0.44, 75, 500, 2, 33, 18750, 10
0, 22581, 231, 249, 249, 2985611, 2834019, 0.44, 75, 500, 2, 32, 18750, 10
1, 19995, 248, 253, 254, 2875836, 2881087, 0.44, 75, 500, 2, 29, 18750, 10
1, 19576, 265, 271, 272, 2521740, 2531836, 0.44, 75, 500, 2, 26, 18750, 10
1, 19478, 264, 270, 271, 2629803, 2644867, 0.44, 75, 500, 2, 30, 18750, 10
0, 22308, 227, 262, 246, 2898553, 2763564, 0.44, 75, 500, 2, 33, 18750, 10
0, 21516, 242, 263, 253, 1628556, 1563629, 0.44, 75, 500, 1, 16, 18750, 10
1, 20864, 250, 264, 265, 1530514, 1535435, 0.44, 75, 500, 1, 15, 18750, 10
0, 20893, 264, 282, 271, 1533405, 1471412, 0.44, 75, 500, 1, 15, 18750, 10
0, 22520, 265, 292, 283, 3207200, 3043929, 0.44, 75, 500, 2, 37, 18750, 10
0, 22547, 255, 283, 272, 1491632, 1433861, 0.44, 75, 500, 1, 17, 18750, 10
0, 21093, 240, 260, 250, 2632043, 2526119, 0.44, 75, 500, 2, 29, 18750, 10
0, 20928, 264, 284, 275, 2511130, 2426218, 0.44, 75, 500, 2, 29, 18750, 10
1, 19932, 258, 261, 266, 3113898, 3153231, 0.44, 75, 500, 2, 33, 18750, 10
1, 19544, 262, 269, 271, 3037694, 3054630, 0.44, 75, 500, 2, 33, 18750, 10
1, 19539, 237, 241, 243, 2702756, 2710149, 0.44, 75, 500, 2, 30, 18750, 10
1, 20969, 271, 282, 282, 1418279, 1418672, 0.44, 75, 500, 1, 16, 18750, 10
1, 20756, 243, 253, 253, 1565927, 1567214, 0.44, 75, 500, 1, 15, 18750, 10
1, 22547, 237, 266, 267, 1488408, 1491446, 0.44, 75, 500, 1, 18, 18750, 10
1, 20785, 256, 267, 273, 1448682, 1482024, 0.44, 75, 500, 1, 16, 18750, 10
0, 24310, 262, 289, 321, 3716282, 3620354, 0.44, 75, 500, 2, 43, 18750, 10
1, 19896, 261, 266, 270, 3504510, 3504693, 0.44, 75, 500, 2, 36, 18750, 10
1, 21060, 267, 281, 282, 1423060, 1432839, 0.44, 75, 500, 1, 16, 18750, 10
1, 21894, 272, 295, 296, 1348148, 1351406, 0.44, 75, 500, 1, 19, 18750, 10
1, 20439, 255, 266, 266, 1496685, 1497437, 0.44, 75, 500, 1, 16, 18750, 10
1, 20380, 239, 250, 254, 1484762, 1507673, 0.44, 75, 500, 1, 15, 18750, 10
1, 20371, 267, 278, 282, 1380992, 1401941, 0.44, 75, 500, 1, 16, 18750, 10
1, 20425, 261, 271, 272, 1631636, 1637723, 0.44, 75, 500, 1, 15, 18750, 10
1, 23234, 247, 273, 274, 1608290, 1611086, 0.44, 75, 500, 1, 18, 18750, 10
0, 19997, 267, 282, 272, 1671526, 1608670, 0.44, 75, 500, 1, 15, 18750, 10
1, 21201, 251, 262, 263, 1434562, 1439777, 0.44, 75, 500, 1, 15, 18750, 10
0, 20612, 207, 227, 217, 1505910, 1449788, 0.44, 75, 500, 1, 15, 18750, 10
0, 21190, 239, 265, 254, 1437833, 1380096, 0.44, 75, 500, 1, 15, 18750, 10
0, 26432, 259, 303, 303, 3608863, 3505711, 0.44, 75, 500, 2, 43, 18750, 10
1, 20601, 246, 256, 259, 1578435, 1597259, 0.44, 75, 500, 1, 15, 18750, 10
0, 25719, 267, 318, 307, 1704784, 1643502, 0.44, 75, 500, 1, 20, 18750, 10
0, 21358, 240, 259, 248, 1506704, 1448478, 0.44, 75, 500, 1, 16, 18750, 10
0, 21204, 261, 287, 277, 1458149, 1404613, 0.44, 75, 500, 1, 16, 18750, 10
1, 20390, 267, 278, 280, 1447961, 1459480, 0.44, 75, 500, 1, 15, 18750, 10
0, 21373, 254, 275, 264, 1641609, 1578022, 0.44, 75, 500, 1, 17, 18750, 10
1, 20813, 233, 243, 243, 1528881, 1529660, 0.44, 75, 500, 1, 17, 18750, 10
1, 20638, 254, 265, 266, 1391383, 1396611, 0.44, 75, 500, 1, 15, 18750, 10
1, 21089, 255, 266, 269, 1481798, 1499532, 0.44, 75, 500, 1, 20, 18750, 10
1, 20160, 239, 251, 251, 1344397, 1344521, 0.44, 75, 500, 1, 18, 18750, 10
1, 20328, 266, 277, 277, 1465468, 1465536, 0.44, 75, 500, 1, 15, 18750, 10
1, 20134, 246, 258, 259, 1448496, 1453636, 0.44, 75, 500, 1, 20, 18750, 10
0, 25145, 247, 297, 286, 1759171, 1695450, 0.44, 75, 500, 1, 20, 18750, 10
0, 22028, 236, 259, 247, 1513476, 1450304, 0.44, 75, 500, 1, 18, 18750, 10
1, 20733, 266, 276, 280, 1521355, 1545568, 0.44, 75, 500, 1, 17, 18750, 10
1, 21222, 277, 290, 291, 1409471, 1414396, 0.44, 75, 500, 1, 17, 18750, 10
1, 20737, 254, 264, 267, 1531933, 1551177, 0.44, 75, 500, 1, 17, 18750, 10
0, 23301, 254, 289, 278, 1587080, 1527679, 0.44, 75, 500, 1, 23, 18750, 10
0, 20646, 246, 263, 252, 1479159, 1420212, 0.44, 75, 500, 1, 18, 18750, 10
0, 21376, 268, 295, 284, 1356232, 1302052, 0.44, 75, 500, 1, 16, 18750, 10
1, 22245, 260, 276, 277, 1791605, 1793876, 0.44, 75, 500, 1, 23, 18750, 10
0, 25164, 265, 318, 308, 1619999, 1563886, 0.44, 75, 500, 1, 22, 18750, 10
0, 20228, 265, 282, 271, 1498211, 1436526, 0.44, 75, 500, 1, 15, 18750, 10
0, 24159, 248, 294, 283, 1695285, 1634123, 0.44, 75, 500, 1, 20, 18750, 10
1, 20245, 258, 269, 272, 1445776, 1462988, 0.44, 75, 500, 1, 16, 18750, 10
0, 20230, 229, 244, 233, 1530873, 1468258, 0.44, 75, 500, 1, 16, 18750, 10
0, 20998, 249, 268, 257, 1562571, 1500309, 0.44, 75, 500, 1, 15, 18750, 10
0, 20280, 248, 264, 254, 1713491, 1649083, 0.44, 75, 500, 1, 19, 18750, 10
1, 22132, 237, 257, 258, 1498860, 1501489, 0.44, 75, 500, 1, 16, 18750, 10
0, 23764, 215, 256, 246, 1646682, 1588341, 0.44, 75, 500, 1, 19, 18750, 10
0, 22762, 253, 286, 275, 1557376, 1498991, 0.44, 75, 500, 1, 18, 18750, 10
1, 20987, 274, 287, 288, 1521535, 1525941, 0.44, 75, 500, 1, 16, 18750, 10
1, 20168, 271, 281, 283, 1502339, 1514989, 0.44, 75, 500, 1, 14, 18750, 10
1, 20469, 244, 255, 257, 1366799, 1377237, 0.44, 75, 500, 1, 16, 18750, 10
0, 23849, 260, 301, 291, 1491963, 1438030, 0.44, 75, 500, 1, 18, 18750, 10
0, 21392, 239, 263, 252, 1472497, 1416063, 0.44, 75, 500, 1, 17, 18750, 10
1, 20394, 251, 266, 267, 1435361, 1440106, 0.44, 75, 500, 1, 15, 18750, 10
1, 21202, 260, 270, 273, 1626717, 1646191, 0.44, 75, 500, 1, 15, 18750, 10
1, 22151, 247, 273, 274, 1557384, 1559962, 0.44, 75, 500, 1, 16, 18750, 10
1, 20228, 248, 259, 265, 1406406, 1438284, 0.44, 75, 500, 1, 14, 18750, 10
1, 19922, 274, 284, 284, 1512121, 1512584, 0.44, 75, 500, 1, 16, 18750, 10
0, 20746, 259, 278, 268, 1434618, 1377611, 0.44, 75, 500, 1, 15, 18750, 10
1, 20438, 235, 245, 245, 1580692, 1581667, 0.44, 75, 500, 1, 15, 18750, 10
1, 20207, 247, 257, 259, 1510152, 1521277, 0.44, 75, 500, 1, 15, 18750, 10
0, 25181, 265, 312, 301, 1804343, 1739263, 0.44, 75, 500, 1, 22, 18750, 10
1, 20401, 242, 253, 258, 1502262, 1531916, 0.44, 75, 500, 1, 15, 18750, 10
1, 19756, 252, 263, 262, 1400681, 1401043, 0.44, 75, 500, 1, 14, 18750, 10
1, 21309, 265, 275, 280, 1570107, 1599639, 0.44, 75, 500, 1, 16, 18750, 10
1, 20159, 260, 270, 270, 1575880, 1576008, 0.44, 75, 500, 1, 14, 18750, 10
1, 20404, 217, 228, 229, 1401415, 1406456, 0.44, 75, 500, 1, 14, 18750, 10
0, 20837, 283, 300, 290, 1594781, 1525573, 0.44, 75, 500, 1, 16, 18750, 10
1, 20748, 260, 271, 271, 1388570, 1389094, 0.44, 75, 500, 1, 15, 18750, 10
0, 22927, 272, 308, 297, 1681943, 1617783, 0.44, 75, 500, 1, 20, 18750, 10
1, 20812, 265, 276, 278, 1475710, 1493189, 0.44, 75, 500, 1, 16, 18750, 10
1, 20548, 256, 267, 270, 1432565, 1449440, 0.44, 75, 500, 1, 15, 18750, 10
1, 20478, 263, 275, 275, 1367393, 1367560, 0.44, 75, 500, 1, 16, 18750, 10
0, 19957, 261, 275, 264, 1530004, 1467251, 0.44, 75, 500, 1, 14, 18750, 10
0, 21388, 255, 278, 267, 1276131, 1225658, 0.44, 75, 500, 1, 15, 18750, 10
0, 21247, 266, 289, 278, 1502976, 1444591, 0.44, 75, 500, 1, 16, 18750, 10
1, 20607, 257, 267, 267, 1620620, 1621057, 0.44, 75, 500, 1, 15, 18750, 10
1, 21931, 247, 268, 269, 1524508, 1528066, 0.44, 75, 500, 1, 18, 18750, 10
0, 21223, 237, 259, 249, 1473094, 1414474, 0.44, 75, 500, 1, 17, 18750, 10
1, 20964, 237, 255, 257, 1649357, 1653966, 0.44, 75, 500, 1, 15, 18750, 10
0, 21409, 255, 281, 270, 1434942, 1379448, 0.44, 75, 500, 1, 16, 18750, 10
0, 20778, 249, 268, 257, 1518135, 1456699, 0.44, 75, 500, 1, 16, 18750, 10
0, 24530, 235, 270, 259, 1546924, 1489453, 0.44, 75, 500, 1, 18, 18750, 10
1, 20388, 271, 281, 281, 1499668, 1499857, 0.44, 75, 500, 1, 15, 18750, 10
0, 19893, 259, 273, 262, 1531641, 1468381, 0.44, 75, 500, 1, 14, 18750, 10
1, 20962, 260, 275, 276, 1475856, 1480322, 0.44, 75, 500, 1, 15, 18750, 10
0, 20955, 252, 271, 260, 1574317, 1512473, 0.44, 75, 500, 1, 16, 18750, 10
0, 21597, 266, 292, 280, 1480155, 1417213, 0.44, 75, 500, 1, 16, 18750, 10
1, 20333, 241, 253, 253, 1398244, 1398550, 0.44, 75, 500, 1, 14, 18750, 10
1, 21425, 258, 269, 285, 1437050, 1526229, 0.44, 75, 500, 1, 16, 18750, 10
1, 19960, 256, 266, 269, 1573220, 1591905, 0.44, 75, 500, 1, 14, 18750, 10
1, 20475, 255, 265, 266, 1598406, 1605202, 0.44, 75, 500, 1, 14, 18750, 10
0, 21925, 243, 268, 257, 1570497, 1510283, 0.44, 75, 500, 1, 14, 18750, 10
1, 21230, 271, 282, 285, 1433257, 1447700, 0.44, 75, 500, 1, 12, 18750, 10
0, 24609, 232, 268, 257, 1659800, 1597977, 0.44, 75, 500, 1, 14, 18750, 10
0, 21930, 265, 297, 287, 1548073, 1492547, 0.44, 75, 500, 1, 14, 18750, 10
0, 24648, 275, 326, 316, 1682159, 1622833, 0.44, 75, 500, 1, 16, 18750, 10
0, 27000, 244, 301, 300, 1669923, 1657794, 0.44, 75, 500, 1, 16, 18750, 10
1, 19027, 274, 275, 276, 22032707, 22188263, 0.44, 75, 500, 16, 488, 18750, 10
1, 18932, 237, 238, 241, 24476134, 24573351, 0.44, 75, 500, 16, 492, 18750, 10
1, 19184, 268, 269, 276, 23114166, 23221448, 0.44, 75, 500, 16, 495, 18750, 10
1, 18879, 261, 262, 263, 22441631, 22490297, 0.44, 75, 500, 16, 491, 18750, 10
1, 19296, 255, 262, 258, 23189497, 23241152, 0.44, 75, 500, 16, 498, 18750, 10
0, 21901, 248, 262, 278, 24941506, 24318042, 0.44, 75, 500, 16, 552, 18750, 10
0, 21066, 251, 260, 266, 24480865, 23723778, 0.44, 75, 500, 16, 557, 18750, 10
0, 21679, 239, 258, 248, 23671787, 22817288, 0.44, 75, 500, 16, 557, 18750, 10
0, 22588, 237, 270, 253, 25120110, 24292904, 0.44, 75, 500, 16, 572, 18750, 10
0, 23049, 237, 285, 263, 25134828, 24369190, 0.44, 75, 500, 16, 593, 18750, 10
0, 22672, 262, 303, 274, 25421669, 24350427, 0.44, 75, 500, 16, 592, 18750, 10
0, 23287, 262, 294, 284, 26340630, 25328582, 0.44, 75, 500, 16, 599, 18750, 10
0, 23558, 244, 267, 281, 26037841, 25225359, 0.44, 75, 500, 16, 610, 18750, 10
0, 23658, 227, 245, 269, 25297781, 24622481, 0.44, 75, 500, 16, 638, 18750, 10
0, 25239, 254, 314, 290, 26748137, 25892116, 0.44, 75, 500, 16, 641, 18750, 10
0, 25190, 252, 283, 288, 26957827, 25903130, 0.44, 75, 500, 16, 656, 18750, 10
0, 24547, 244, 294, 280, 26321234, 25355406, 0.44, 75, 500, 16, 651, 18750, 10
0, 25332, 261, 288, 323, 27660029, 26197249, 0.44, 75, 500, 16, 673, 18750, 10
0, 25558, 270, 325, 326, 27405028, 26553044, 0.44, 75, 500, 16, 669, 18750, 10
0, 25987, 253, 298, 295, 27663499, 26722981, 0.44, 75, 500, 16, 691, 18750, 10
0, 26641, 237, 307, 271, 27265937, 25881932, 0.44, 75, 500, 16, 688, 18750, 10
0, 26468, 274, 322, 340, 28168950, 27373621, 0.44, 75, 500, 16, 695, 18750, 10
0, 26741, 255, 323, 303, 28871342, 27650620, 0.44, 75, 500, 16, 698, 18750, 10
0, 27000, 224, 301, 274, 28002461, 27134653, 0.44, 75, 500, 16, 715, 18750, 10
1, 19219, 260, 261, 264, 23563703, 23688879, 0.44, 75, 500, 16, 496, 18750, 10
1, 18973, 261, 263, 263, 22231488, 22338656, 0.44, 75, 500, 16, 481, 18750, 10
1, 19304, 260, 263, 264, 23214662, 23465006, 0.44, 75, 500, 16, 490, 18750, 10
0, 21680, 261, 284, 281, 24781157, 24136804, 0.44, 75, 500, 16, 556, 18750, 10
1, 18847, 264, 265, 266, 22086571, 22100436, 0.44, 75, 500, 16, 457, 18750, 10
0, 25247, 237, 293, 283, 27099054, 25641244, 0.44, 75, 500, 16, 638, 18750, 10
0, 22757, 267, 309, 302, 25752523, 24960973, 0.44, 75, 500, 16, 587, 18750, 10
1, 19102, 247, 248, 251, 22892031, 23024626, 0.44, 75, 500, 16, 482, 18750, 10
0, 27000, 229, 310, 286, 28207183, 27337280, 0.44, 75, 500, 16, 685, 18750, 10
0, 27000, 217, 286, 261, 27286851, 26193117, 0.44, 75, 500, 16, 689, 18750, 10
0, 27000, 238, 308, 277, 27324458, 26272516, 0.44, 75, 500, 16, 700, 18750, 10
1, 19576, 261, 263, 264, 22884790, 22953785, 0.44, 75, 500, 16, 490, 18750, 10
1, 19808, 248, 252, 254, 24896393, 25029904, 0.44, 75, 500, 16, 510, 18750, 10
0, 23357, 266, 297, 293, 25786154, 24895974, 0.44, 75, 500, 16, 599, 18750, 10
0, 24348, 241, 251, 322, 26768140, 25748668, 0.44, 75, 500, 16, 667, 18750, 10
0, 25731, 263, 311, 323, 28159922, 26982183, 0.44, 75, 500, 16, 671, 18750, 10
0, 23241, 265, 300, 276, 25287602, 24345711, 0.44, 75, 500, 16, 585, 18750, 10
0, 24380, 256, 282, 297, 26698537, 25782847, 0.44, 75, 500, 16, 633, 18750, 10
0, 23186, 247, 291, 267, 24756275, 24094132, 0.44, 75, 500, 16, 606, 18750, 10
0, 27000, 252, 308, 302, 27295935, 26422704, 0.44, 75, 500, 16, 707, 18750, 10
0, 27000, 229, 327, 269, 28984627, 27740819, 0.44, 75, 500, 16, 706, 18750, 10
0, 26614, 246, 280, 324, 26940989, 25903623, 0.44, 75, 500, 16, 689, 18750, 10
0, 27000, 236, 284, 304, 27950343, 27026075, 0.44, 75, 500, 16, 679, 18750, 10
0, 27000, 235, 259, 325, 28416341, 28439542, 0.44, 75, 500, 16, 706, 18750, 10
1, 19835, 272, 274, 274, 23082027, 23174625, 0.44, 75, 500, 16, 505, 18750, 10
0, 21129, 261, 279, 270, 24674943, 23926242, 0.44, 75, 500, 16, 549, 18750, 10
0, 24011, 227, 262, 251, 25299872, 24441043, 0.44, 75, 500, 16, 609, 18750, 10
1, 19165, 221, 222, 226, 22695861, 22896103, 0.44, 75, 500, 16, 501, 18750, 10
1, 19208, 272, 274, 275, 22562498, 22730446, 0.44, 75, 500, 16, 480, 18750, 10
0, 21084, 230, 246, 236, 24607627, 23933576, 0.44, 75, 500, 16, 534, 18750, 10
1, 19011, 236, 237, 240, 22765846, 22819899, 0.44, 75, 500, 16, 507, 18750, 10
1, 19844, 259, 264, 269, 23150222, 23195527, 0.44, 75, 500, 16, 515, 18750, 10
1, 19904, 252, 253, 254, 23132141, 23135520, 0.44, 75, 500, 16, 505, 18750, 10
0, 25549, 252, 308, 301, 26913638, 26020443, 0.44, 75, 500, 16, 685, 18750, 10
0, 23543, 259, 305, 287, 25682755, 24782583, 0.44, 75, 500, 16, 621, 18750, 10
0, 24364, 258, 301, 288, 25401449, 24412744, 0.44, 75, 500, 16, 631, 18750, 10
0, 27000, 253, 305, 319, 29042773, 28009471, 0.44, 75, 500, 16, 718, 18750, 10
1, 19307, 254, 255, 256, 22684816, 22737972, 0.44, 75, 500, 16, 513, 18750, 10
0, 27000, 238, 270, 304, 28138549, 27302585, 0.44, 75, 500, 16, 742, 18750, 10
0, 27000, 236, 293, 272, 28106685, 27093199, 0.44, 75, 500, 16, 712, 18750, 10
0, 23874, 278, 320, 297, 25937759, 24993804, 0.44, 75, 500, 16, 631, 18750, 10
0, 25548, 263, 310, 301, 28055630, 26886817, 0.44, 75, 500, 16, 677, 18750, 10
0, 27000, 241, 281, 291, 28665934, 27935514, 0.44, 75, 500, 16, 735, 18750, 10
0, 25665, 237, 277, 301, 27608624, 26795982, 0.44, 75, 500, 16, 709, 18750, 10
0, 27000, 249, 313, 290, 28083671, 26831482, 0.44, 75, 500, 16, 731, 18750, 10
0, 26334, 235, 299, 269, 27016422, 25867891, 0.44, 75, 500, 16, 691, 18750, 10
0, 26659, 242, 266, 326, 29000242, 27702887, 0.44, 75, 500, 16, 745, 18750, 10
1, 18954, 275, 276, 279, 22707825, 22761707, 0.44, 75, 500, 16, 501, 18750, 10
0, 27000, 241, 264, 332, 27946765, 27203347, 0.44, 75, 500, 16, 734, 18750, 10
0, 23048, 235, 256, 275, 25881046, 25065525, 0.44, 75, 500, 16, 620, 18750, 10
1, 19224, 232, 235, 237, 22782443, 22851158, 0.44, 75, 500, 16, 505, 18750, 10
0, 22646, 261, 290, 285, 25713514, 25177316, 0.44, 75, 500, 16, 601, 18750, 10
1, 19772, 270, 271, 273, 23271324, 23429817, 0.44, 75, 500, 16, 508, 18750, 10
0, 27000, 242, 290, 321, 27474528, 26952290, 0.44, 75, 500, 16, 722, 18750, 10
0, 26644, 247, 309, 298, 27105614, 26081447, 0.44, 75, 500, 16, 711, 18750, 10
0, 22254, 278, 293, 298, 24746859, 24129193, 0.44, 75, 500, 16, 590, 18750, 10
1, 19182, 247, 250, 249, 22188375, 22228822, 0.44, 75, 500, 16, 484, 18750, 10
1, 19260, 249, 250, 253, 22360759, 22429616, 0.44, 75, 500, 16, 510, 18750, 10
0, 24875, 270, 291, 343, 27741550, 27019237, 0.44, 75, 500, 16, 681, 18750, 10
0, 25370, 236, 280, 280, 27615787, 26222915, 0.44, 75, 500, 16, 664, 18750, 10
0, 21041, 255, 280, 265, 24336742, 23398968, 0.44, 75, 500, 16, 550, 18750, 10
0, 26765, 248, 313, 306, 27353563, 26010295, 0.44, 75, 500, 16, 706, 18750, 10
0, 25194, 252, 313, 279, 26850752, 25504072, 0.44, 75, 500, 16, 656, 18750, 10
0, 26579, 243, 277, 312, 28363473, 27206954, 0.44, 75, 500, 16, 703, 18750, 10
0, 24549, 237, 260, 302, 26647719, 26051104, 0.44, 75, 500, 16, 636, 18750, 10
0, 22581, 263, 289, 280, 24965075, 24182574, 0.44, 75, 500, 16, 586, 18750, 10
1, 19204, 257, 259, 260, 15062039, 15143714, 0.44, 75, 500, 11, 260, 18750, 10
0, 22992, 271, 280, 320, 26490924, 26030422, 0.44, 75, 500, 16, 609, 18750, 10
0, 25722, 262, 328, 308, 26735095, 25594959, 0.44, 75, 500, 16, 671, 18750, 10
1, 19436, 243, 246, 246, 15851459, 15908233, 0.44, 75, 500, 11, 275, 18750, 10
0, 26193, 254, 321, 306, 27102903, 26152658, 0.44, 75, 500, 16, 685, 18750, 10
0, 24925, 274, 305, 323, 27874752, 27093999, 0.44, 75, 500, 16, 670, 18750, 10
1, 19404, 242, 248, 247, 15107017, 15198009, 0.44, 75, 500, 11, 271, 18750, 10
1, 19545, 262, 263, 272, 23119388, 23292236, 0.44, 75, 500, 16, 514, 18750, 10
0, 27000, 262, 301, 322, 19406578, 18669925, 0.44, 75, 500, 11, 392, 18750, 10
0, 24319, 253, 291, 279, 17414928, 16719388, 0.44, 75, 500, 11, 349, 18750, 10
0, 25782, 258, 269, 345, 18991010, 18419268, 0.44, 75, 500, 11, 393, 18750, 10
0, 23989, 262, 295, 298, 18494729, 17951220, 0.44, 75, 500, 11, 346, 18750, 10
0, 21929, 267, 294, 278, 16732219, 16119030, 0.44, 75, 500, 11, 306, 18750, 10
0, 26096, 244, 298, 304, 28917051, 27728005, 0.44, 75, 500, 16, 681, 18750, 10
0, 27000, 237, 299, 300, 27931106, 26814492, 0.44, 75, 500, 16, 717, 18750, 10
0, 27000, 264, 296, 327, 28609674, 27674363, 0.44, 75, 500, 16, 721, 18750, 10
0, 22252, 273, 289, 296, 17367376, 16672933, 0.44, 75, 500, 11, 323, 18750, 10
0, 23181, 251, 290, 278, 17509122, 16810791, 0.44, 75, 500, 11, 340, 18750, 10
0, 22876, 234, 265, 252, 25059150, 24118475, 0.44, 75, 500, 16, 588, 18750, 10
0, 20908, 257, 281, 278, 16535801, 16110998, 0.44, 75, 500, 11, 294, 18750, 10
0, 23569, 261, 310, 278, 25070037, 23976492, 0.44, 75, 500, 16, 615, 18750, 10
0, 27000, 234, 307, 297, 19462704, 18622553, 0.44, 75, 500, 11, 383, 18750, 10
0, 25688, 239, 255, 319, 19521962, 18634444, 0.44, 75, 500, 11, 386, 18750, 10
1, 19340, 257, 260, 265, 15906009, 16042625, 0.44, 75, 500, 11, 269, 18750, 10
1, 19031, 251, 254, 254, 15755076, 15852838, 0.44, 75, 500, 11, 266, 18750, 10
0, 27000, 259, 299, 349, 19471594, 18756406, 0.44, 75, 500, 11, 401, 18750, 10
0, 27000, 253, 306, 334, 19285000, 18548617, 0.44, 75, 500, 11, 393, 18750, 10
1, 19466, 293, 299, 297, 15604660, 15679606, 0.44, 75, 500, 11, 266, 18750, 10
0, 24599, 235, 261, 289, 17952205, 17307992, 0.44, 75, 500, 11, 340, 18750, 10
0, 27000, 238, 292, 293, 19359034, 18745463, 0.44, 75, 500, 11, 390, 18750, 10
0, 24672, 254, 321, 288, 18063395, 17467032, 0.44, 75, 500, 11, 346, 18750, 10
0, 27000, 245, 309, 280, 19027383, 18484847, 0.44, 75, 500, 11, 374, 18750, 10
0, 24935, 257, 305, 299, 17949471, 17396513, 0.44, 75, 500, 11, 341, 18750, 10
0, 25374, 261, 283, 348, 18745162, 18018774, 0.44, 75, 500, 11, 369, 18750, 10
0, 22078, 225, 247, 242, 17755484, 17264524, 0.44, 75, 500, 11, 300, 18750, 10
1, 19241, 263, 264, 267, 15441381, 15534033, 0.44, 75, 500, 11, 270, 18750, 10
0, 22517, 226, 281, 240, 16600667, 15937014, 0.44, 75, 500, 11, 306, 18750, 10
0, 21167, 270, 297, 277, 16028105, 15329116, 0.44, 75, 500, 11, 291, 18750, 10
0, 22811, 238, 273, 258, 17230830, 16613475, 0.44, 75, 500, 11, 305, 18750, 10
0, 20948, 256, 274, 264, 16584545, 15995270, 0.44, 75, 500, 11, 285, 18750, 10
1, 19372, 243, 244, 246, 15653377, 15782844, 0.44, 75, 500, 11, 254, 18750, 10
0, 24323, 249, 297, 281, 17407656, 16559268, 0.44, 75, 500, 11, 325, 18750, 10
0, 25339, 243, 306, 272, 18196963, 17473187, 0.44, 75, 500, 11, 351, 18750, 10
0, 27000, 259, 318, 317, 19361685, 18993682, 0.44, 75, 500, 11, 380, 18750, 10
0, 22179, 239, 261, 267, 17299410, 16568900, 0.44, 75, 500, 11, 307, 18750, 10
1, 19519, 249, 253, 258, 15803884, 15936055, 0.44, 75, 500, 11, 269, 18750, 10
0, 23653, 262, 307, 288, 16902760, 16085909, 0.44, 75, 500, 11, 328, 18750, 10
0, 22295, 230, 249, 243, 17092411, 16278858, 0.44, 75, 500, 11, 307, 18750, 10
0, 22610, 242, 273, 258, 17575043, 16904183, 0.44, 75, 500, 11, 312, 18750, 10
0, 27000, 260, 335, 326, 19378966, 18416519, 0.44, 75, 500, 11, 376, 18750, 10
0, 21707, 277, 286, 303, 17434516, 17018220, 0.44, 75, 500, 11, 307, 18750, 10
1, 20186, 249, 253, 264, 16793977, 16899340, 0.44, 75, 500, 11, 276, 18750, 10
1, 20098, 252, 255, 261, 16741385, 16795569, 0.44, 75, 500, 11, 272, 18750, 10
0, 21919, 276, 306, 288, 16430998, 16012188, 0.44, 75, 500, 11, 295, 18750, 10
1, 19166, 250, 252, 253, 15804405, 15833203, 0.44, 75, 500, 11, 262, 18750, 10
0, 22727, 267, 292, 300, 17352099, 16710310, 0.44, 75, 500, 11, 312, 18750, 10
0, 20513, 256, 278, 266, 16403792, 15983366, 0.44, 75, 500, 11, 273, 18750, 10
1, 19096, 272, 274, 274, 15585356, 15603280, 0.44, 75, 500, 11, 265, 18750, 10
1, 19204, 237, 238, 239, 14830734, 14895362, 0.44, 75, 500, 11, 254, 18750, 10
0, 23050, 263, 277, 289, 18357194, 17875264, 0.44, 75, 500, 11, 320, 18750, 10
1, 19409, 239, 240, 243, 16368330, 16471954, 0.44, 75, 500, 11, 258, 18750, 10
0, 27000, 243, 300, 306, 20082428, 19705978, 0.44, 75, 500, 11, 375, 18750, 10
0, 24059, 256, 305, 277, 17159237, 16356442, 0.44, 75, 500, 11, 315, 18750, 10
0, 23200, 259, 299, 281, 17383678, 16830839, 0.44, 75, 500, 11, 308, 18750, 10
0, 26046, 246, 295, 283, 19468496, 18631489, 0.44, 75, 500, 11, 359, 18750, 10
0, 25504, 217, 274, 262, 19093777, 18287956, 0.44, 75, 500, 11, 349, 18750, 10
0, 22542, 254, 280, 287, 17411678, 16741772, 0.44, 75, 500, 11, 307, 18750, 10
0, 27000, 249, 317, 297, 19566436, 18937395, 0.44, 75, 500, 11, 375, 18750, 10
0, 27000, 247, 298, 318, 19856533, 19145307, 0.44, 75, 500, 11, 381, 18750, 10
1, 19545, 266, 272, 274, 15637084, 15685533, 0.44, 75, 500, 11, 267, 18750, 10
1, 20447, 251, 270, 264, 16526752, 16590167, 0.44, 75, 500, 11, 280, 18750, 10
1, 19666, 254, 257, 257, 15921090, 15998423, 0.44, 75, 500, 11, 276, 18750, 10
0, 24754, 255, 290, 291, 18231758, 17397615, 0.44, 75, 500, 11, 353, 18750, 10
1, 18949, 260, 261, 262, 15105487, 15139944, 0.44, 75, 500, 11, 257, 18750, 10
1, 19056, 261, 262, 264, 15676108, 15703809, 0.44, 75, 500, 11, 260, 18750, 10
0, 21190, 255, 271, 267, 17099507, 16711030, 0.44, 75, 500, 11, 307, 18750, 10
0, 24648, 262, 302, 313, 18276434, 17689783, 0.44, 75, 500, 11, 351, 18750, 10
0, 23000, 258, 285, 268, 16743749, 16058233, 0.44, 75, 500, 11, 318, 18750, 10
1, 22399, 245, 266, 272, 17544409, 17696406, 0.44, 75, 500, 11, 323, 18750, 10
0, 22827, 242, 285, 272, 17213930, 16737763, 0.44, 75, 500, 11, 331, 18750, 10
1, 19813, 262, 267, 271, 16621927, 16635390, 0.44, 75, 500, 11, 288, 18750, 10
1, 19391, 226, 229, 229, 15425868, 15490692, 0.44, 75, 500, 11, 279, 18750, 10
0, 27000, 256, 319, 318, 19063151, 18219857, 0.44, 75, 500, 11, 394, 18750, 10
0, 21028, 252, 274, 266, 15524608, 15065906, 0.44, 75, 500, 11, 305, 18750, 10
0, 20588, 221, 239, 225, 15945690, 15586416, 0.44, 75, 500, 11, 294, 18750, 10
1, 19112, 261, 263, 263, 15457931, 15494312, 0.44, 75, 500, 11, 271, 18750, 10
0, 27000, 257, 293, 325, 19468187, 18882164, 0.44, 75, 500, 11, 412, 18750, 10
1, 19087, 251, 253, 254, 15295455, 15332943, 0.44, 75, 500, 11, 270, 18750, 10
0, 21132, 271, 285, 287, 18043624, 17557458, 0.44, 75, 500, 11, 310, 18750, 10
0, 25464, 252, 307, 278, 18398889, 17486975, 0.44, 75, 500, 11, 368, 18750, 10
0, 25807, 241, 299, 292, 18448498, 17850727, 0.44, 75, 500, 11, 376, 18750, 10
0, 22654, 237, 268, 262, 17590058, 16935279, 0.44, 75, 500, 11, 332, 18750, 10
0, 23226, 241, 268, 262, 18153385, 17522966, 0.44, 75, 500, 11, 341, 18750, 10
0, 25203, 247, 299, 275, 18628088, 17670428, 0.44, 75, 500, 11, 375, 18750, 10
1, 19224, 245, 248, 248, 15361190, 15398914, 0.44, 75, 500, 11, 275, 18750, 10
1, 19661, 254, 255, 259, 15640879, 15644121, 0.44, 75, 500, 11, 277, 18750, 10
0, 27000, 243, 277, 339, 20010441, 19523214, 0.44, 75, 500, 11, 410, 18750, 10
0, 24765, 240, 264, 297, 18991008, 18501622, 0.44, 75, 500, 11, 367, 18750, 10
0, 25857, 252, 307, 290, 18755481, 17948229, 0.44, 75, 500, 11, 381, 18750, 10
0, 24892, 253, 304, 293, 17903983, 17175787, 0.44, 75, 500, 11, 356, 18750, 10
0, 22264, 281, 308, 296, 16693056, 16356850, 0.44, 75, 500, 11, 330, 18750, 10
1, 19179, 282, 284, 285, 16114926, 16146349, 0.44, 75, 500, 11, 281, 18750, 10
1, 19593, 229, 230, 234, 11779521, 11828753, 0.44, 75, 500, 8, 185, 18750, 10
1, 18861, 269, 270, 271, 14957548, 14996712, 0.44, 75, 500, 11, 260, 18750, 10
1, 19344, 257, 262, 262, 11174313, 11189744, 0.44, 75, 500, 8, 163, 18750, 10
1, 18938, 255, 257, 257, 11264090, 11283840, 0.44, 75, 500, 8, 158, 18750, 10
0, 22774, 247, 293, 265, 16420942, 15851297, 0.44, 75, 500, 11, 323, 18750, 10
1, 20718, 249, 256, 255, 11488885, 11553918, 0.44, 75, 500, 8, 176, 18750, 10
1, 18975, 246, 249, 249, 15991557, 15996485, 0.44, 75, 500, 11, 270, 18750, 10
0, 20500, 252, 254, 261, 16763455, 16430412, 0.44, 75, 500, 11, 307, 18750, 10
0, 21080, 259, 288, 268, 11892047, 11499414, 0.44, 75, 500, 8, 180, 18750, 10
0, 27000, 247, 299, 306, 20550211, 20030692, 0.44, 75, 500, 11, 398, 18750, 10
0, 27000, 263, 332, 303, 14349859, 14140656, 0.44, 75, 500, 8, 237, 18750, 10
1, 19253, 239, 240, 246, 16153039, 16312310, 0.44, 75, 500, 11, 267, 18750, 10
1, 19585, 260, 264, 264, 11678101, 11864426, 0.44, 75, 500, 8, 170, 18750, 10
0, 25023, 277, 327, 300, 13551041, 12896013, 0.44, 75, 500, 8, 225, 18750, 10
0, 25199, 234, 294, 283, 18563614, 17974912, 0.44, 75, 500, 11, 362, 18750, 10
0, 22830, 271, 308, 284, 12441920, 11750763, 0.44, 75, 500, 8, 199, 18750, 10
0, 23097, 279, 313, 299, 12319003, 11901235, 0.44, 75, 500, 8, 205, 18750, 10
0, 21079, 236, 258, 239, 11733843, 11179134, 0.44, 75, 500, 8, 182, 18750, 10
0, 27000, 244, 292, 295, 14387791, 13801158, 0.44, 75, 500, 8, 248, 18750, 10
0, 23894, 270, 318, 288, 12498929, 12038387, 0.44, 75, 500, 8, 203, 18750, 10
0, 27000, 262, 318, 331, 19603081, 19219696, 0.44, 75, 500, 11, 403, 18750, 10
0, 27000, 229, 297, 285, 13409797, 12946012, 0.44, 75, 500, 8, 241, 18750, 10
0, 25567, 239, 303, 276, 12940144, 12523345, 0.44, 75, 500, 8, 216, 18750, 10
0, 22034, 235, 265, 252, 11688312, 11310824, 0.44, 75, 500, 8, 186, 18750, 10
0, 21639, 244, 254, 265, 12811190, 12332707, 0.44, 75, 500, 8, 199, 18750, 10
0, 23250, 236, 264, 262, 13396485, 12824358, 0.44, 75, 500, 8, 208, 18750, 10
0, 27000, 210, 273, 270, 14808448, 14109793, 0.44, 75, 500, 8, 233, 18750, 10
0, 27000, 236, 316, 276, 14285755, 13956269, 0.44, 75, 500, 8, 232, 18750, 10
0, 25891, 254, 321, 314, 13969594, 13430132, 0.44, 75, 500, 8, 226, 18750, 10
0, 20615, 254, 266, 261, 11926845, 11660556, 0.44, 75, 500, 8, 176, 18750, 10
0, 21404, 260, 274, 267, 12118762, 11740253, 0.44, 75, 500, 8, 181, 18750, 10
0, 23960, 262, 308, 300, 12763609, 12318507, 0.44, 75, 500, 8, 204, 18750, 10
0, 22666, 255, 279, 282, 13488956, 13138838, 0.44, 75, 500, 8, 196, 18750, 10
0, 24403, 227, 284, 243, 13026205, 12529763, 0.44, 75, 500, 8, 206, 18750, 10
1, 19670, 234, 237, 245, 11445534, 11474157, 0.44, 75, 500, 8, 172, 18750, 10
0, 24811, 217, 256, 256, 14202380, 13717870, 0.44, 75, 500, 8, 216, 18750, 10
0, 27000, 237, 287, 305, 14453092, 13950847, 0.44, 75, 500, 8, 246, 18750, 10
1, 20612, 264, 278, 272, 11743558, 11827524, 0.44, 75, 500, 8, 174, 18750, 10
0, 27000, 269, 334, 331, 13792894, 13421010, 0.44, 75, 500, 8, 237, 18750, 10
0, 23131, 242, 266, 284, 12642873, 12099649, 0.44, 75, 500, 8, 201, 18750, 10
0, 23301, 235, 261, 270, 12705564, 12315792, 0.44, 75, 500, 8, 201, 18750, 10
0, 27000, 278, 296, 369, 14920289, 14443474, 0.44, 75, 500, 8, 249, 18750, 10
1, 19271, 257, 260, 261, 11439590, 11484021, 0.44, 75, 500, 8, 170, 18750, 10
0, 27000, 243, 311, 300, 13962749, 13253332, 0.44, 75, 500, 8, 238, 18750, 10
0, 22605, 243, 283, 266, 12553720, 12110403, 0.44, 75, 500, 8, 191, 18750, 10
1, 19520, 266, 268, 268, 11158370, 11166398, 0.44, 75, 500, 8, 169, 18750, 10
0, 23089, 241, 272, 261, 12899609, 12397129, 0.44, 75, 500, 8, 195, 18750, 10
0, 27000, 234, 255, 329, 14591038, 14291877, 0.44, 75, 500, 8, 238, 18750, 10
1, 19626, 247, 256, 254, 11591140, 11631330, 0.44, 75, 500, 8, 165, 18750, 10
0, 24164, 260, 302, 287, 13497535, 12923179, 0.44, 75, 500, 8, 209, 18750, 10
0, 20645, 268, 286, 273, 11016145, 10608539, 0.44, 75, 500, 8, 174, 18750, 10
1, 18804, 248, 249, 250, 10689933, 10705709, 0.44, 75, 500, 8, 156, 18750, 10
1, 18870, 250, 251, 256, 12009184, 12043119, 0.44, 75, 500, 8, 163, 18750, 10
0, 22741, 243, 258, 290, 12772465, 12327742, 0.44, 75, 500, 8, 193, 18750, 10
1, 18816, 265, 266, 267, 11629770, 11634582, 0.44, 75, 500, 8, 162, 18750, 10
1, 19880, 236, 240, 242, 11748839, 11767058, 0.44, 75, 500, 8, 175, 18750, 10
0, 21909, 228, 257, 242, 12433471, 11918697, 0.44, 75, 500, 8, 184, 18750, 10
1, 18809, 257, 258, 259, 10007235, 10007758, 0.44, 75, 500, 8, 159, 18750, 10
1, 19328, 258, 259, 261, 11462021, 11508903, 0.44, 75, 500, 8, 170, 18750, 10
0, 22170, 238, 264, 257, 12358682, 11934305, 0.44, 75, 500, 8, 195, 18750, 10
0, 27000, 248, 288, 321, 14183901, 13869326, 0.44, 75, 500, 8, 240, 18750, 10
1, 18926, 261, 262, 265, 11183565, 11220695, 0.44, 75, 500, 8, 162, 18750, 10
0, 24180, 236, 273, 255, 13223166, 12614260, 0.44, 75, 500, 8, 204, 18750, 10
1, 19153, 238, 239, 240, 11530856, 11542381, 0.44, 75, 500, 8, 169, 18750, 10
1, 20482, 260, 272, 272, 11649639, 11681133, 0.44, 75, 500, 8, 181, 18750, 10
0, 21961, 242, 271, 260, 12015410, 11571222, 0.44, 75, 500, 8, 189, 18750, 10
1, 19980, 276, 280, 283, 11085041, 11224428, 0.44, 75, 500, 8, 176, 18750, 10
0, 24494, 264, 314, 304, 12837066, 12493607, 0.44, 75, 500, 8, 215, 18750, 10
0, 24605, 264, 319, 309, 12899452, 12545221, 0.44, 75, 500, 8, 218, 18750, 10
1, 19636, 245, 247, 249, 11229386, 11320480, 0.44, 75, 500, 8, 169, 18750, 10
1, 18913, 263, 265, 265, 11133858, 11146118, 0.44, 75, 500, 8, 168, 18750, 10
1, 19350, 250, 256, 256, 11087564, 11109936, 0.44, 75, 500, 8, 173, 18750, 10
0, 26023, 226, 258, 298, 14468725, 13894078, 0.44, 75, 500, 8, 233, 18750, 10
1, 19400, 260, 262, 264, 11690363, 11796809, 0.44, 75, 500, 8, 171, 18750, 10
0, 23804, 269, 321, 292, 12908619, 12529379, 0.44, 75, 500, 8, 214, 18750, 10
1, 23405, 269, 293, 289, 12078511, 12093035, 0.44, 75, 500, 8, 202, 18750, 10
1, 19077, 260, 261, 264, 11708010, 11742288, 0.44, 75, 500, 8, 170, 18750, 10
1, 18814, 243, 244, 245, 11384496, 11391087, 0.44, 75, 500, 8, 167, 18750, 10
0, 27000, 259, 306, 330, 14257625, 13831469, 0.44, 75, 500, 8, 250, 18750, 10
0, 24504, 267, 313, 288, 12472315, 11928015, 0.44, 75, 500, 8, 218, 18750, 10
0, 21165, 281, 295, 297, 12414634, 12070496, 0.44, 75, 500, 8, 195, 18750, 10
1, 18960, 209, 211, 213, 11191195, 11204376, 0.44, 75, 500, 8, 172, 18750, 10
1, 19254, 233, 235, 235, 11526011, 11551510, 0.44, 75, 500, 8, 174, 18750, 10
0, 26886, 251, 308, 332, 14275307, 13789704, 0.44, 75, 500, 8, 246, 18750, 10
1, 20234, 257, 263, 263, 11513972, 11606988, 0.44, 75, 500, 8, 185, 18750, 10
1, 19424, 268, 271, 271, 11928144, 11948517, 0.44, 75, 500, 8, 174, 18750, 10
0, 27000, 217, 229, 312, 14298464, 13937169, 0.44, 75, 500, 8, 255, 18750, 10
0, 22709, 252, 281, 275, 12859662, 12469404, 0.44, 75, 500, 8, 208, 18750, 10
1, 19071, 255, 256, 258, 10597228, 10641344, 0.44, 75, 500, 8, 167, 18750, 10
0, 20448, 255, 271, 262, 11604767, 11313235, 0.44, 75, 500, 8, 174, 18750, 10
0, 25661, 239, 280, 280, 13726927, 13220142, 0.44, 75, 500, 8, 238, 18750, 10
1, 18983, 267, 270, 271, 11408469, 11436144, 0.44, 75, 500, 8, 172, 18750, 10
0, 24539, 246, 271, 299, 14100096, 13573192, 0.44, 75, 500, 8, 230, 18750, 10
0, 27000, 279, 297, 367, 14456748, 14251301, 0.44, 75, 500, 8, 260, 18750, 10
1, 19563, 264, 268, 269, 11045165, 11099724, 0.44, 75, 500, 8, 173, 18750, 10
0, 26359, 220, 289, 256, 13626837, 13026953, 0.44, 75, 500, 8, 234, 18750, 10
1, 20100, 273, 278, 284, 11807949, 11935498, 0.44, 75, 500, 8, 181, 18750, 10
0, 25481, 249, 302, 300, 13495376, 12910488, 0.44, 75, 500, 8, 230, 18750, 10
1, 20410, 269, 274, 280, 11556519, 11642460, 0.44, 75, 500, 8, 185, 18750, 10
1, 19015, 260, 262, 262, 11183193, 11212829, 0.44, 75, 500, 8, 162, 18750, 10
0, 24157, 226, 276, 256, 13494590, 12804406, 0.44, 75, 500, 8, 211, 18750, 10
0, 21645, 259, 289, 271, 11963686, 11644770, 0.44, 75, 500, 8, 194, 18750, 10
0, 24607, 234, 286, 272, 13300294, 12979014, 0.44, 75, 500, 8, 224, 18750, 10
1, 19147, 229, 230, 231, 11788749, 11849746, 0.44, 75, 500, 8, 169, 18750, 10
0, 22516, 259, 280, 284, 11835507, 11415710, 0.44, 75, 500, 7, 169, 18750, 10
1, 19472, 275, 278, 277, 9525676, 9563498, 0.44, 75, 500, 7, 139, 18750, 10
1, 18977, 269, 270, 271, 9613034, 9640233, 0.44, 75, 500, 7, 140, 18750, 10
0, 26074, 250, 306, 289, 11677087, 11284649, 0.44, 75, 500, 7, 184, 18750, 10
0, 23640, 261, 314, 284, 13087742, 12486550, 0.44, 75, 500, 8, 219, 18750, 10
0, 27000, 233, 278, 299, 14337527, 14214305, 0.44, 75, 500, 8, 255, 18750, 10
1, 18916, 236, 238, 238, 9605475, 9622892, 0.44, 75, 500, 7, 134, 18750, 10
0, 22822, 256, 287, 278, 11019750, 10691631, 0.44, 75, 500, 7, 168, 18750, 10
1, 19162, 256, 257, 260, 10264452, 10301614, 0.44, 75, 500, 7, 144, 18750, 10
1, 19536, 276, 279, 279, 10460561, 10493605, 0.44, 75, 500, 7, 138, 18750, 10
1, 19296, 259, 262, 263, 10513707, 10545432, 0.44, 75, 500, 7, 139, 18750, 10
0, 27000, 246, 300, 341, 14415891, 14145386, 0.44, 75, 500, 8, 248, 18750, 10
0, 27000, 247, 299, 318, 13804834, 13518375, 0.44, 75, 500, 8, 246, 18750, 10
0, 24902, 249, 295, 298, 12002825, 11441446, 0.44, 75, 500, 7, 182, 18750, 10
1, 19096, 253, 255, 256, 10200188, 10230246, 0.44, 75, 500, 7, 143, 18750, 10
0, 22613, 254, 295, 280, 11353051, 10841310, 0.44, 75, 500, 7, 165, 18750, 10
0, 22488, 241, 252, 275, 11507877, 11178282, 0.44, 75, 500, 7, 174, 18750, 10
0, 25324, 250, 297, 284, 12446568, 11985301, 0.44, 75, 500, 7, 189, 18750, 10
1, 20132, 235, 243, 242, 10129547, 10154838, 0.44, 75, 500, 7, 149, 18750, 10
1, 19350, 248, 249, 255, 9837430, 9854030, 0.44, 75, 500, 7, 144, 18750, 10
1, 19246, 278, 279, 284, 10409708, 10467545, 0.44, 75, 500, 7, 148, 18750, 10
0, 20203, 245, 262, 248, 9556552, 9219723, 0.44, 75, 500, 7, 141, 18750, 10
0, 25375, 240, 278, 271, 12578351, 12056399, 0.44, 75, 500, 7, 191, 18750, 10
0, 22060, 258, 285, 276, 10642330, 10315662, 0.44, 75, 500, 7, 167, 18750, 10
0, 21805, 245, 270, 271, 10866215, 10602566, 0.44, 75, 500, 7, 157, 18750, 10
0, 24312, 242, 285, 276, 11466819, 11127860, 0.44, 75, 500, 7, 180, 18750, 10
1, 19472, 244, 248, 249, 9529799, 9564871, 0.44, 75, 500, 7, 136, 18750, 10
1, 18983, 266, 267, 270, 9525926, 9560487, 0.44, 75, 500, 7, 133, 18750, 10
1, 19051, 252, 253, 254, 10438098, 10445836, 0.44, 75, 500, 7, 139, 18750, 10
0, 21756, 260, 276, 266, 10023038, 9632031, 0.44, 75, 500, 7, 155, 18750, 10
1, 19080, 251, 252, 255, 9909472, 9964473, 0.44, 75, 500, 7, 135, 18750, 10
1, 19199, 227, 229, 229, 9638713, 9658956, 0.44, 75, 500, 7, 141, 18750, 10
0, 26721, 262, 327, 301, 12532307, 12056101, 0.44, 75, 500, 7, 204, 18750, 10
1, 19863, 251, 252, 259, 10761874, 10858653, 0.44, 75, 500, 7, 149, 18750, 10
0, 22221, 259, 282, 278, 10364816, 10049997, 0.44, 75, 500, 7, 162, 18750, 10
1, 19522, 262, 266, 267, 10173471, 10209164, 0.44, 75, 500, 7, 146, 18750, 10
1, 20677, 237, 252, 250, 10345989, 10457111, 0.44, 75, 500, 7, 150, 18750, 10
0, 26183, 258, 288, 329, 12330656, 11836594, 0.44, 75, 500, 7, 201, 18750, 10
0, 24806, 260, 307, 296, 11273218, 10693515, 0.44, 75, 500, 7, 187, 18750, 10
0, 21306, 248, 278, 257, 9923224, 9535286, 0.44, 75, 500, 7, 151, 18750, 10
0, 21314, 253, 270, 279, 10955848, 10727280, 0.44, 75, 500, 7, 166, 18750, 10
0, 23877, 271, 310, 305, 11154823, 10780253, 0.44, 75, 500, 7, 179, 18750, 10
1, 19055, 249, 250, 255, 10560007, 10607757, 0.44, 75, 500, 7, 143, 18750, 10
1, 19264, 248, 249, 253, 10334801, 10340530, 0.44, 75, 500, 7, 145, 18750, 10
0, 24238, 261, 293, 293, 11392351, 11116392, 0.44, 75, 500, 7, 181, 18750, 10
1, 20299, 253, 254, 271, 10635183, 10775702, 0.44, 75, 500, 7, 154, 18750, 10
0, 24238, 247, 305, 278, 11426204, 10835308, 0.44, 75, 500, 7, 178, 18750, 10
0, 19282, 265, 266, 266, 9791800, 9606412, 0.44, 75, 500, 7, 138, 18750, 10
0, 21148, 223, 244, 230, 10341701, 9989706, 0.44, 75, 500, 7, 152, 18750, 10
0, 26350, 234, 299, 273, 11672417, 11171025, 0.44, 75, 500, 7, 198, 18750, 10
1, 19156, 229, 230, 231, 10518881, 10520489, 0.44, 75, 500, 7, 142, 18750, 10
1, 18775, 251, 252, 253, 10207216, 10211489, 0.44, 75, 500, 7, 146, 18750, 10
0, 22686, 244, 267, 262, 10674425, 10167171, 0.44, 75, 500, 7, 170, 18750, 10
0, 24272, 276, 324, 307, 10984037, 10499945, 0.44, 75, 500, 7, 181, 18750, 10
0, 22025, 274, 301, 292, 11784120, 11385090, 0.44, 75, 500, 7, 170, 18750, 10
1, 20174, 249, 253, 256, 11020700, 11066559, 0.44, 75, 500, 7, 162, 18750, 10
0, 24075, 240, 297, 268, 11027583, 10507921, 0.44, 75, 500, 7, 184, 18750, 10
1, 19455, 248, 251, 257, 10146839, 10149457, 0.44, 75, 500, 7, 145, 18750, 10
1, 20609, 252, 262, 273, 10581348, 10625708, 0.44, 75, 500, 7, 158, 18750, 10
1, 19358, 260, 262, 263, 9941142, 10047967, 0.44, 75, 500, 7, 145, 18750, 10
1, 20274, 252, 262, 258, 10714436, 10751974, 0.44, 75, 500, 7, 155, 18750, 10
0, 20874, 243, 259, 250, 10425188, 10180865, 0.44, 75, 500, 7, 156, 18750, 10
0, 22992, 239, 277, 263, 10911964, 10532482, 0.44, 75, 500, 7, 168, 18750, 10
1, 18988, 250, 251, 254, 9658319, 9669040, 0.44, 75, 500, 7, 137, 18750, 10
0, 27000, 252, 283, 347, 12666533, 12243539, 0.44, 75, 500, 7, 216, 18750, 10
0, 25128, 270, 305, 312, 12688309, 12242502, 0.44, 75, 500, 7, 190, 18750, 10
1, 19698, 263, 269, 270, 9795276, 9812876, 0.44, 75, 500, 7, 146, 18750, 10
1, 18994, 260, 261, 263, 10588038, 10617564, 0.44, 75, 500, 7, 143, 18750, 10
1, 19273, 252, 253, 254, 10531992, 10546836, 0.44, 75, 500, 7, 140, 18750, 10
1, 22449, 266, 275, 303, 11593711, 11658066, 0.44, 75, 500, 7, 170, 18750, 10
1, 19055, 244, 245, 247, 10704774, 10755433, 0.44, 75, 500, 7, 146, 18750, 10
1, 19599, 245, 248, 258, 10186502, 10313125, 0.44, 75, 500, 7, 147, 18750, 10
0, 24126, 244, 270, 291, 11757856, 11465140, 0.44, 75, 500, 7, 190, 18750, 10
1, 18910, 245, 246, 248, 9229667, 9240037, 0.44, 75, 500, 7, 132, 18750, 10
0, 22987, 256, 298, 264, 10987212, 10286469, 0.44, 75, 500, 7, 169, 18750, 10
1, 19477, 260, 263, 267, 10057309, 10140823, 0.44, 75, 500, 7, 142, 18750, 10
0, 20892, 265, 284, 285, 10634711, 10459368, 0.44, 75, 500, 7, 156, 18750, 10
1, 18940, 267, 268, 270, 9070396, 9109890, 0.44, 75, 500, 7, 133, 18750, 10
0, 20259, 267, 275, 275, 10450454, 10172512, 0.44, 75, 500, 7, 143, 18750, 10
0, 22308, 253, 289, 266, 10458200, 10000465, 0.44, 75, 500, 7, 159, 18750, 10
0, 24382, 241, 254, 285, 12601705, 12375951, 0.44, 75, 500, 7, 185, 18750, 10
0, 23427, 235, 273, 256, 11092269, 10632745, 0.44, 75, 500, 7, 169, 18750, 10
0, 27000, 271, 336, 318, 12154112, 11880213, 0.44, 75, 500, 7, 198, 18750, 10
0, 26480, 280, 335, 324, 12463489, 12077950, 0.44, 75, 500, 7, 200, 18750, 10
1, 19246, 272, 276, 278, 9759926, 9777183, 0.44, 75, 500, 7, 140, 18750, 10
1, 19277, 255, 258, 259, 10372956, 10411823, 0.44, 75, 500, 7, 148, 18750, 10
1, 20277, 259, 270, 271, 10197221, 10229501, 0.44, 75, 500, 7, 146, 18750, 10
1, 18995, 250, 251, 252, 9716237, 9720838, 0.44, 75, 500, 7, 135, 18750, 10
0, 24382, 249, 296, 282, 11624320, 11131409, 0.44, 75, 500, 7, 177, 18750, 10
0, 23701, 256, 316, 285, 11561836, 11090767, 0.44, 75, 500, 7, 174, 18750, 10
1, 20025, 255, 262, 269, 11054539, 11114111, 0.44, 75, 500, 7, 150, 18750, 10
0, 25487, 246, 278, 315, 12272479, 11730169, 0.44, 75, 500, 7, 198, 18750, 10
0, 21196, 267, 289, 281, 10799661, 10521154, 0.44, 75, 500, 7, 155, 18750, 10
1, 18877, 239, 240, 241, 9899353, 9900044, 0.44, 75, 500, 7, 141, 18750, 10
0, 20210, 256, 271, 261, 10219670, 9933485, 0.44, 75, 500, 7, 142, 18750, 10
0, 23261, 270, 303, 290, 10814835, 10365590, 0.44, 75, 500, 7, 172, 18750, 10
0, 21632, 248, 269, 261, 10937387, 10532785, 0.44, 75, 500, 7, 157, 18750, 10
0, 22885, 244, 276, 265, 11089888, 10625747, 0.44, 75, 500, 7, 166, 18750, 10
0, 25184, 210, 250, 249, 12259587, 11738536, 0.44, 75, 500, 7, 189, 18750, 10
1, 18912, 273, 274, 276, 9912802, 9925690, 0.44, 75, 500, 7, 136, 18750, 10
0, 23582, 229, 273, 269, 11655529, 11327810, 0.44, 75, 500, 7, 177, 18750, 10
0, 27000, 266, 314, 310, 12124188, 11860704, 0.44, 75, 500, 7, 211, 18750, 10
0, 22893, 219, 262, 240, 9253489, 8947923, 0.44, 75, 500, 6, 138, 18750, 10
1, 20171, 276, 279, 281, 10136235, 10272824, 0.44, 75, 500, 7, 159, 18750, 10
0, 21037, 272, 289, 278, 8363118, 8117647, 0.44, 75, 500, 6, 124, 18750, 10
1, 19762, 237, 241, 244, 8811921, 8893232, 0.44, 75, 500, 6, 122, 18750, 10
0, 27000, 244, 313, 317, 12903963, 12617286, 0.44, 75, 500, 7, 207, 18750, 10
1, 18892, 243, 244, 245, 8607325, 8626412, 0.44, 75, 500, 6, 114, 18750, 10
1, 19797, 282, 289, 285, 9215440, 9257235, 0.44, 75, 500, 6, 120, 18750, 10
0, 24735, 276, 322, 309, 9908843, 9528843, 0.44, 75, 500, 6, 154, 18750, 10
0, 25636, 245, 312, 284, 10129342, 9614721, 0.44, 75, 500, 6, 161, 18750, 10
1, 19397, 239, 240, 243, 8601688, 8630838, 0.44, 75, 500, 6, 117, 18750, 10
1, 19720, 248, 253, 251, 8831756, 8871546, 0.44, 75, 500, 6, 121, 18750, 10
1, 19580, 281, 282, 284, 8739374, 8752826, 0.44, 75, 500, 6, 123, 18750, 10
1, 18905, 247, 248, 249, 7424641, 7430053, 0.44, 75, 500, 6, 113, 18750, 10
1, 19125, 239, 242, 241, 8808044, 8846522, 0.44, 75, 500, 6, 114, 18750, 10
1, 19259, 240, 241, 246, 9395876, 9450572, 0.44, 75, 500, 6, 119, 18750, 10
1, 19607, 243, 249, 249, 9113269, 9133851, 0.44, 75, 500, 6, 127, 18750, 10
0, 27000, 241, 258, 342, 11202858, 10857004, 0.44, 75, 500, 6, 185, 18750, 10
0, 24468, 270, 310, 320, 9875040, 9546024, 0.44, 75, 500, 6, 159, 18750, 10
1, 18987, 260, 261, 264, 9191705, 9192398, 0.44, 75, 500, 6, 119, 18750, 10
0, 21842, 231, 251, 251, 9525884, 9241877, 0.44, 75, 500, 6, 146, 18750, 10
0, 27000, 290, 307, 378, 10563727, 10351395, 0.44, 75, 500, 6, 185, 18750, 10
0, 20905, 263, 284, 276, 9194921, 8884281, 0.44, 75, 500, 6, 132, 18750, 10
1, 19085, 243, 245, 248, 8984829, 9008751, 0.44, 75, 500, 6, 120, 18750, 10
0, 22516, 267, 292, 283, 9022410, 8601108, 0.44, 75, 500, 6, 138, 18750, 10
0, 20512, 261, 281, 269, 7623749, 7437823, 0.44, 75, 500, 6, 123, 18750, 10
0, 21246, 236, 254, 252, 9035840, 8768597, 0.44, 75, 500, 6, 127, 18750, 10
0, 27000, 249, 298, 319, 10356328, 10068266, 0.44, 75, 500, 6, 178, 18750, 10
1, 19096, 261, 264, 264, 8588308, 8596229, 0.44, 75, 500, 6, 122, 18750, 10
0, 21447, 258, 285, 270, 8910075, 8616881, 0.44, 75, 500, 6, 131, 18750, 10
0, 22658, 261, 291, 277, 9169589, 8722077, 0.44, 75, 500, 6, 136, 18750, 10
0, 24334, 261, 309, 302, 10027553, 9618656, 0.44, 75, 500, 6, 150, 18750, 10
1, 19461, 247, 248, 252, 9188292, 9238600, 0.44, 75, 500, 6, 121, 18750, 10
1, 18881, 241, 242, 243, 8414463, 8415295, 0.44, 75, 500, 6, 113, 18750, 10
0, 22062, 252, 277, 269, 8796390, 8467343, 0.44, 75, 500, 6, 132, 18750, 10
0, 25959, 264, 308, 332, 10556227, 10113860, 0.44, 75, 500, 6, 162, 18750, 10
0, 25782, 229, 291, 262, 9982215, 9364454, 0.44, 75, 500, 6, 160, 18750, 10
0, 21309, 249, 264, 261, 9914354, 9641376, 0.44, 75, 500, 6, 130, 18750, 10
1, 19072, 245, 246, 249, 9134213, 9160965, 0.44, 75, 500, 6, 115, 18750, 10
0, 27000, 256, 281, 351, 10857790, 10544194, 0.44, 75, 500, 6, 178, 18750, 10
1, 19456, 255, 256, 257, 8501736, 8538464, 0.44, 75, 500, 6, 114, 18750, 10
0, 27000, 240, 306, 280, 10407549, 10018659, 0.44, 75, 500, 6, 164, 18750, 10
1, 19998, 250, 255, 255, 8486986, 8536036, 0.44, 75, 500, 6, 116, 18750, 10
1, 19515, 203, 207, 205, 8449909, 8501134, 0.44, 75, 500, 6, 113, 18750, 10
0, 24737, 282, 328, 306, 10050900, 9672188, 0.44, 75, 500, 6, 149, 18750, 10
0, 22515, 239, 273, 254, 9021983, 8686492, 0.44, 75, 500, 6, 136, 18750, 10
1, 18866, 236, 238, 238, 8446000, 8471792, 0.44, 75, 500, 6, 111, 18750, 10
0, 22947, 263, 273, 298, 10563169, 10223622, 0.44, 75, 500, 6, 141, 18750, 10
1, 20893, 257, 266, 270, 9361510, 9422796, 0.44, 75, 500, 6, 122, 18750, 10
1, 21739, 243, 251, 267, 9089388, 9196543, 0.44, 75, 500, 6, 126, 18750, 10
1, 19293, 238, 241, 245, 8881676, 8904374, 0.44, 75, 500, 6, 117, 18750, 10
0, 23402, 252, 295, 266, 8965694, 8428394, 0.44, 75, 500, 6, 132, 18750, 10
0, 21322, 253, 285, 266, 8650821, 8290400, 0.44, 75, 500, 6, 118, 18750, 10
0, 24646, 236, 267, 291, 9950744, 9601122, 0.44, 75, 500, 6, 145, 18750, 10
0, 23347, 298, 328, 325, 9704081, 9309199, 0.44, 75, 500, 6, 138, 18750, 10
1, 19013, 227, 228, 229, 8409533, 8411903, 0.44, 75, 500, 6, 107, 18750, 10
0, 24127, 273, 295, 322, 10125332, 9788388, 0.44, 75, 500, 6, 149, 18750, 10
0, 27000, 244, 301, 297, 10898020, 10726495, 0.44, 75, 500, 6, 158, 18750, 10
0, 22509, 242, 274, 261, 9166504, 8776574, 0.44, 75, 500, 6, 126, 18750, 10
0, 22615, 259, 292, 275, 9674517, 9373619, 0.44, 75, 500, 6, 130, 18750, 10
0, 20999, 286, 307, 300, 8961272, 8771780, 0.44, 75, 500, 6, 124, 18750, 10
1, 19981, 235, 241, 247, 8929165, 8946440, 0.44, 75, 500, 6, 117, 18750, 10
0, 22674, 230, 261, 248, 9707763, 9245479, 0.44, 75, 500, 6, 133, 18750, 10
0, 25060, 263, 333, 292, 10199514, 9570463, 0.44, 75, 500, 6, 145, 18750, 10
0, 20419, 238, 261, 250, 8667194, 8451802, 0.44, 75, 500, 6, 113, 18750, 10
0, 26902, 257, 310, 321, 10545681, 10154380, 0.44, 75, 500, 6, 167, 18750, 10
1, 19694, 265, 268, 269, 8660349, 8683755, 0.44, 75, 500, 6, 116, 18750, 10
1, 19555, 246, 248, 253, 8725069, 8799586, 0.44, 75, 500, 6, 111, 18750, 10
1, 18953, 277, 278, 280, 8414391, 8433929, 0.44, 75, 500, 6, 106, 18750, 10
0, 21720, 276, 307, 282, 8522186, 8147722, 0.44, 75, 500, 6, 120, 18750, 10
0, 27000, 240, 257, 334, 11425165, 11013420, 0.44, 75, 500, 6, 176, 18750, 10
1, 19148, 262, 264, 270, 8829373, 8911771, 0.44, 75, 500, 6, 107, 18750, 10
0, 21139, 273, 299, 282, 8542293, 8298142, 0.44, 75, 500, 6, 120, 18750, 10
1, 19969, 269, 275, 277, 8850768, 8872950, 0.44, 75, 500, 6, 114, 18750, 10
1, 19352, 235, 240, 239, 8843718, 8865090, 0.44, 75, 500, 6, 111, 18750, 10
0, 24812, 259, 314, 296, 9822653, 9296386, 0.44, 75, 500, 6, 142, 18750, 10
0, 27000, 237, 283, 301, 10698362, 10567178, 0.44, 75, 500, 6, 168, 18750, 10
1, 19412, 221, 223, 224, 9104121, 9174979, 0.44, 75, 500, 6, 115, 18750, 10
0, 20971, 236, 249, 248, 9055964, 8826413, 0.44, 75, 500, 6, 121, 18750, 10
1, 19399, 245, 248, 253, 8479887, 8569975, 0.44, 75, 500, 6, 114, 18750, 10
1, 19294, 278, 279, 281, 8584507, 8596553, 0.44, 75, 500, 6, 114, 18750, 10
1, 18810, 243, 244, 245, 9162011, 9165437, 0.44, 75, 500, 6, 108, 18750, 10
0, 22922, 228, 268, 248, 9287235, 8934439, 0.44, 75, 500, 6, 125, 18750, 10
1, 19267, 262, 266, 264, 8116181, 8148506, 0.44, 75, 500, 6, 111, 18750, 10
1, 19266, 232, 233, 237, 8746026, 8762467, 0.44, 75, 500, 6, 110, 18750, 10
1, 19235, 248, 249, 252, 9062585, 9138067, 0.44, 75, 500, 6, 111, 18750, 10
0, 23540, 252, 270, 305, 9986618, 9643498, 0.44, 75, 500, 6, 141, 18750, 10
1, 19081, 231, 233, 235, 9129427, 9142106, 0.44, 75, 500, 6, 109, 18750, 10
0, 21815, 242, 269, 263, 9135800, 8895828, 0.44, 75, 500, 6, 132, 18750, 10
0, 24773, 250, 272, 303, 10263001, 9816401, 0.44, 75, 500, 6, 152, 18750, 10
1, 18964, 254, 255, 256, 8391349, 8402918, 0.44, 75, 500, 6, 106, 18750, 10
0, 24330, 238, 269, 278, 10094982, 9629388, 0.44, 75, 500, 6, 150, 18750, 10
0, 21271, 250, 271, 266, 8987815, 8700742, 0.44, 75, 500, 6, 121, 18750, 10
0, 27000, 244, 301, 287, 10726656, 10503273, 0.44, 75, 500, 6, 164, 18750, 10
0, 24289, 226, 260, 271, 10099264, 9806799, 0.44, 75, 500, 6, 149, 18750, 10
0, 22191, 240, 272, 256, 8936861, 8554746, 0.44, 75, 500, 6, 127, 18750, 10
0, 25161, 258, 300, 304, 9862067, 9488565, 0.44, 75, 500, 6, 151, 18750, 10
1, 19465, 253, 257, 255, 8583888, 8635058, 0.44, 75, 500, 6, 121, 18750, 10
0, 19162, 254, 259, 255, 7329824, 7180506, 0.44, 75, 500, 5, 89, 18750, 10
0, 24243, 248, 279, 274, 10235741, 9769592, 0.44, 75, 500, 6, 143, 18750, 10
0, 27000, 252, 319, 310, 10438648, 10190205, 0.44, 75, 500, 6, 163, 18750, 10
1, 20020, 231, 232, 245, 9611183, 9628950, 0.44, 75, 500, 6, 125, 18750, 10
1, 19781, 221, 223, 235, 7289803, 7415064, 0.44, 75, 500, 5, 98, 18750, 10
0, 19747, 262, 275, 263, 7867154, 7658855, 0.44, 75, 500, 6, 111, 18750, 10
1, 19286, 248, 250, 252, 8268049, 8275175, 0.44, 75, 500, 6, 109, 18750, 10
1, 20236, 258, 267, 266, 7790079, 7793915, 0.44, 75, 500, 5, 96, 18750, 10
1, 20339, 227, 234, 239, 7138729, 7193070, 0.44, 75, 500, 5, 94, 18750, 10
1, 19579, 236, 238, 245, 6387536, 6420991, 0.44, 75, 500, 5, 87, 18750, 10
0, 24508, 236, 285, 257, 7562078, 7275134, 0.44, 75, 500, 5, 109, 18750, 10
0, 26007, 243, 304, 274, 8461933, 7996854, 0.44, 75, 500, 5, 125, 18750, 10
1, 18965, 255, 260, 258, 6631610, 6646459, 0.44, 75, 500, 5, 82, 18750, 10
0, 22430, 241, 263, 272, 7838911, 7622890, 0.44, 75, 500, 5, 102, 18750, 10
0, 22570, 272, 311, 288, 7064452, 6746055, 0.44, 75, 500, 5, 103, 18750, 10
1, 19677, 264, 269, 271, 8219198, 8238262, 0.44, 75, 500, 5, 93, 18750, 10
0, 24287, 262, 306, 288, 8728424, 8308653, 0.44, 75, 500, 5, 114, 18750, 10
1, 20355, 275, 287, 290, 7539209, 7547939, 0.44, 75, 500, 5, 97, 18750, 10
0, 21332, 259, 275, 275, 7274674, 7052424, 0.44, 75, 500, 5, 100, 18750, 10
0, 27000, 232, 278, 341, 9202689, 9173966, 0.44, 75, 500, 5, 140, 18750, 10
0, 21497, 248, 277, 258, 7081895, 6803279, 0.44, 75, 500, 5, 96, 18750, 10
1, 19431, 247, 250, 250, 7162701, 7210515, 0.44, 75, 500, 5, 93, 18750, 10
1, 19406, 264, 267, 266, 6740850, 6753816, 0.44, 75, 500, 5, 85, 18750, 10
1, 18870, 245, 246, 248, 7210776, 7232433, 0.44, 75, 500, 5, 92, 18750, 10
1, 19105, 254, 255, 257, 7318004, 7332421, 0.44, 75, 500, 5, 86, 18750, 10
0, 26846, 258, 310, 329, 9276124, 8896368, 0.44, 75, 500, 5, 133, 18750, 10
1, 19147, 263, 266, 266, 6996253, 7030393, 0.44, 75, 500, 5, 89, 18750, 10
1, 19831, 224, 232, 239, 7271044, 7278605, 0.44, 75, 500, 5, 89, 18750, 10
1, 19588, 267, 275, 272, 7419029, 7419928, 0.44, 75, 500, 5, 92, 18750, 10
1, 19186, 236, 237, 241, 7330682, 7336338, 0.44, 75, 500, 5, 88, 18750, 10
0, 26100, 239, 293, 295, 8388701, 8120159, 0.44, 75, 500, 5, 122, 18750, 10
1, 18866, 230, 231, 232, 7619983, 7625347, 0.44, 75, 500, 5, 88, 18750, 10
0, 23250, 254, 290, 271, 7045096, 6754890, 0.44, 75, 500, 5, 104, 18750, 10
0, 21405, 276, 293, 285, 7614540, 7358071, 0.44, 75, 500, 5, 100, 18750, 10
0, 21578, 240, 255, 251, 7216632, 6972219, 0.44, 75, 500, 5, 97, 18750, 10
0, 27000, 253, 288, 350, 9354773, 9465559, 0.44, 75, 500, 5, 137, 18750, 10
0, 25075, 244, 293, 288, 8164787, 7834318, 0.44, 75, 500, 5, 116, 18750, 10
0, 22329, 245, 279, 262, 7263035, 7051670, 0.44, 75, 500, 5, 96, 18750, 10
0, 20409, 262, 269, 268, 6630506, 6434325, 0.44, 75, 500, 5, 87, 18750, 10
1, 20556, 239, 244, 244, 7126286, 7138181, 0.44, 75, 500, 5, 88, 18750, 10
1, 19081, 247, 248, 250, 7475155, 7500835, 0.44, 75, 500, 5, 86, 18750, 10
1, 20071, 263, 266, 270, 7522644, 7532746, 0.44, 75, 500, 5, 92, 18750, 10
0, 23983, 243, 278, 275, 9133918, 8766870, 0.44, 75, 500, 5, 114, 18750, 10
1, 19279, 247, 250, 253, 6647615, 6664919, 0.44, 75, 500, 5, 86, 18750, 10
1, 19147, 256, 258, 263, 7315634, 7390612, 0.44, 75, 500, 5, 87, 18750, 10
1, 18814, 217, 218, 219, 7315463, 7320226, 0.44, 75, 500, 5, 88, 18750, 10
1, 19020, 236, 238, 239, 6771664, 6780362, 0.44, 75, 500, 5, 82, 18750, 10
0, 22114, 252, 261, 284, 8491932, 8219454, 0.44, 75, 500, 5, 106, 18750, 10
0, 23745, 260, 297, 279, 7984995, 7738614, 0.44, 75, 500, 5, 108, 18750, 10
1, 18906, 266, 267, 270, 7302444, 7323731, 0.44, 75, 500, 5, 88, 18750, 10
0, 23910, 254, 300, 272, 7720370, 7417355, 0.44, 75, 500, 5, 103, 18750, 10
1, 18966, 245, 246, 249, 7277276, 7310836, 0.44, 75, 500, 5, 85, 18750, 10
0, 24350, 245, 296, 276, 8122276, 7885888, 0.44, 75, 500, 5, 110, 18750, 10
0, 23363, 253, 284, 286, 8285016, 8129337, 0.44, 75, 500, 5, 109, 18750, 10
1, 19124, 243, 244, 246, 6896278, 6906777, 0.44, 75, 500, 5, 87, 18750, 10
1, 18978, 243, 244, 246, 7294395, 7332484, 0.44, 75, 500, 5, 88, 18750, 10
1, 19172, 221, 227, 223, 6860170, 6874705, 0.44, 75, 500, 5, 83, 18750, 10
1, 19292, 253, 254, 256, 7518047, 7525934, 0.44, 75, 500, 5, 91, 18750, 10
1, 19554, 244, 250, 249, 6950442, 6993516, 0.44, 75, 500, 5, 90, 18750, 10
0, 21632, 256, 281, 266, 7758243, 7375963, 0.44, 75, 500, 5, 96, 18750, 10
1, 19089, 245, 247, 247, 6872967, 6886813, 0.44, 75, 500, 5, 83, 18750, 10
0, 21119, 275, 298, 288, 7316500, 7100134, 0.44, 75, 500, 5, 94, 18750, 10
0, 21124, 252, 266, 264, 7858130, 7613959, 0.44, 75, 500, 5, 100, 18750, 10
1, 19617, 276, 277, 285, 6926560, 6994525, 0.44, 75, 500, 5, 92, 18750, 10
0, 22408, 271, 306, 292, 7817180, 7518928, 0.44, 75, 500, 5, 103, 18750, 10
1, 19072, 259, 262, 264, 7138963, 7151514, 0.44, 75, 500, 5, 84, 18750, 10
1, 21873, 251, 274, 275, 7626908, 7641416, 0.44, 75, 500, 5, 97, 18750, 10
1, 19374, 255, 257, 257, 6395951, 6407681, 0.44, 75, 500, 5, 82, 18750, 10
1, 19249, 237, 239, 241, 7379993, 7415663, 0.44, 75, 500, 5, 87, 18750, 10
1, 19910, 245, 250, 252, 7630131, 7645147, 0.44, 75, 500, 5, 94, 18750, 10
0, 27000, 262, 290, 345, 9221123, 9091438, 0.44, 75, 500, 5, 136, 18750, 10
0, 24569, 256, 314, 290, 8521561, 8247642, 0.44, 75, 500, 5, 113, 18750, 10
0, 27000, 243, 290, 325, 9248860, 9041643, 0.44, 75, 500, 5, 131, 18750, 10
0, 24063, 260, 298, 295, 8962075, 8675288, 0.44, 75, 500, 5, 116, 18750, 10
1, 24747, 241, 270, 287, 8208631, 8275467, 0.44, 75, 500, 5, 122, 18750, 10
1, 19523, 277, 282, 283, 7216133, 7219386, 0.44, 75, 500, 5, 94, 18750, 10
1, 19312, 242, 244, 251, 7465778, 7524828, 0.44, 75, 500, 5, 92, 18750, 10
1, 19839, 234, 236, 246, 7182660, 7188388, 0.44, 75, 500, 5, 91, 18750, 10
0, 22181, 240, 257, 258, 7928568, 7683334, 0.44, 75, 500, 5, 106, 18750, 10
1, 19970, 229, 233, 235, 6915044, 7043746, 0.44, 75, 500, 5, 94, 18750, 10
0, 23073, 254, 289, 277, 8019848, 7732813, 0.44, 75, 500, 5, 110, 18750, 10
0, 27000, 223, 279, 290, 9726047, 9443647, 0.44, 75, 500, 5, 132, 18750, 10
0, 22008, 239, 273, 255, 7331606, 7060361, 0.44, 75, 500, 5, 102, 18750, 10
0, 25020, 273, 301, 306, 9206344, 8930399, 0.44, 75, 500, 5, 123, 18750, 10
1, 18970, 266, 267, 268, 7389804, 7423031, 0.44, 75, 500, 5, 92, 18750, 10
0, 27000, 276, 330, 353, 9041917, 8946079, 0.44, 75, 500, 5, 132, 18750, 10
1, 19172, 279, 280, 287, 8100785, 8122294, 0.44, 75, 500, 5, 95, 18750, 10
0, 22659, 260, 306, 281, 7151789, 6795173, 0.44, 75, 500, 5, 109, 18750, 10
0, 21173, 249, 270, 260, 7707184, 7448246, 0.44, 75, 500, 5, 107, 18750, 10
0, 22514, 267, 301, 286, 8132789, 7906923, 0.44, 75, 500, 5, 115, 18750, 10
1, 18913, 262, 265, 266, 5219353, 5233926, 0.44, 75, 500, 4, 66, 18750, 10
1, 19634, 252, 256, 256, 7444018, 7444694, 0.44, 75, 500, 5, 96, 18750, 10
1, 19559, 239, 246, 242, 6906819, 6942082, 0.44, 75, 500, 5, 92, 18750, 10
1, 19346, 245, 246, 249, 7129389, 7139717, 0.44, 75, 500, 5, 94, 18750, 10
0, 24957, 233, 261, 287, 8494840, 8227549, 0.44, 75, 500, 5, 129, 18750, 10
0, 20731, 263, 281, 271, 7327283, 7155970, 0.44, 75, 500, 5, 99, 18750, 10
1, 19091, 263, 264, 268, 7029723, 7066972, 0.44, 75, 500, 5, 92, 18750, 10
0, 23256, 250, 284, 277, 7930550, 7668026, 0.44, 75, 500, 5, 116, 18750, 10
0, 20221, 252, 263, 253, 7031179, 6802844, 0.44, 75, 500, 5, 97, 18750, 10
0, 25642, 255, 297, 304, 9146632, 8802797, 0.44, 75, 500, 5, 133, 18750, 10
0, 20767, 224, 238, 229, 6136459, 5963196, 0.44, 75, 500, 4, 72, 18750, 10
0, 22731, 238, 267, 259, 6314847, 6122779, 0.44, 75, 500, 4, 82, 18750, 10
1, 19011, 239, 243, 242, 6699097, 6717228, 0.44, 75, 500, 5, 90, 18750, 10
0, 21251, 259, 287, 267, 5137498, 4929880, 0.44, 75, 500, 4, 75, 18750, 10
1, 19035, 239, 241, 242, 7062268, 7088519, 0.44, 75, 500, 5, 99, 18750, 10
0, 27000, 220, 285, 269, 9022060, 8785283, 0.44, 75, 500, 5, 139, 18750, 10
0, 21718, 235, 263, 249, 7124740, 6918085, 0.44, 75, 500, 5, 103, 18750, 10
1, 19057, 268, 269, 270, 5959128, 5965046, 0.44, 75, 500, 4, 70, 18750, 10
0, 22162, 229, 269, 245, 7260764, 6982309, 0.44, 75, 500, 5, 101, 18750, 10
1, 20630, 252, 269, 265, 7559939, 7597360, 0.44, 75, 500, 5, 107, 18750, 10
1, 19884, 254, 255, 270, 6378649, 6423721, 0.44, 75, 500, 4, 75, 18750, 10
1, 19160, 214, 215, 218, 6422610, 6491948, 0.44, 75, 500, 4, 72, 18750, 10
1, 19306, 258, 263, 262, 5625934, 5632150, 0.44, 75, 500, 4, 71, 18750, 10
1, 19288, 226, 230, 230, 5748001, 5755860, 0.44, 75, 500, 4, 72, 18750, 10
1, 19527, 255, 256, 258, 5644188, 5656361, 0.44, 75, 500, 4, 76, 18750, 10
0, 19964, 264, 272, 267, 5806431, 5689841, 0.44, 75, 500, 4, 72, 18750, 10
0, 20536, 247, 261, 256, 5858684, 5710010, 0.44, 75, 500, 4, 77, 18750, 10
1, 18851, 251, 252, 253, 6283522, 6308693, 0.44, 75, 500, 4, 73, 18750, 10
0, 25484, 246, 309, 280, 6377469, 5987156, 0.44, 75, 500, 4, 95, 18750, 10
0, 19934, 274, 286, 278, 5443750, 5302517, 0.44, 75, 500, 4, 73, 18750, 10
1, 19481, 255, 257, 262, 6258319, 6314865, 0.44, 75, 500, 4, 73, 18750, 10
0, 21753, 263, 292, 270, 5155486, 4923617, 0.44, 75, 500, 4, 71, 18750, 10
1, 19587, 222, 224, 230, 6066409, 6152509, 0.44, 75, 500, 4, 76, 18750, 10
1, 19387, 267, 268, 272, 6153415, 6184063, 0.44, 75, 500, 4, 75, 18750, 10
0, 24399, 257, 299, 310, 6490323, 6226950, 0.44, 75, 500, 4, 99, 18750, 10
0, 21783, 245, 278, 260, 5547235, 5323686, 0.44, 75, 500, 4, 80, 18750, 10
1, 19797, 223, 228, 226, 5908404, 5944815, 0.44, 75, 500, 4, 75, 18750, 10
1, 19524, 248, 251, 251, 5594188, 5602665, 0.44, 75, 500, 4, 72, 18750, 10
1, 19250, 243, 247, 248, 5596366, 5614993, 0.44, 75, 500, 4, 77, 18750, 10
0, 23659, 255, 295, 275, 6125932, 5938190, 0.44, 75, 500, 4, 88, 18750, 10
1, 19596, 265, 268, 269, 6185881, 6219344, 0.44, 75, 500, 4, 73, 18750, 10
0, 25603, 257, 307, 296, 6614124, 6249997, 0.44, 75, 500, 4, 101, 18750, 10
0, 27000, 259, 320, 324, 6956798, 6846022, 0.44, 75, 500, 4, 109, 18750, 10
0, 22349, 271, 299, 292, 5649104, 5485492, 0.44, 75, 500, 4, 83, 18750, 10
1, 19073, 237, 238, 239, 5802183, 5806196, 0.44, 75, 500, 4, 71, 18750, 10
0, 27000, 251, 270, 347, 7694684, 7654004, 0.44, 75, 500, 4, 119, 18750, 10
0, 21579, 260, 274, 278, 5956440, 5786488, 0.44, 75, 500, 4, 84, 18750, 10
0, 21723, 278, 302, 284, 6147767, 5935249, 0.44, 75, 500, 4, 80, 18750, 10
1, 19352, 269, 276, 271, 6195668, 6203344, 0.44, 75, 500, 4, 73, 18750, 10
0, 21538, 248, 263, 263, 6412792, 6235292, 0.44, 75, 500, 4, 83, 18750, 10
0, 21523, 255, 277, 272, 5608470, 5469549, 0.44, 75, 500, 4, 78, 18750, 10
0, 23718, 230, 265, 259, 6297704, 6098048, 0.44, 75, 500, 4, 89, 18750, 10
0, 21811, 249, 272, 260, 5570027, 5341713, 0.44, 75, 500, 4, 79, 18750, 10
0, 19224, 261, 264, 263, 6052656, 5948300, 0.44, 75, 500, 4, 76, 18750, 10
1, 19309, 251, 252, 258, 6591356, 6623795, 0.44, 75, 500, 4, 73, 18750, 10
0, 26389, 247, 306, 291, 6726135, 6441611, 0.44, 75, 500, 4, 99, 18750, 10
1, 24210, 252, 269, 303, 6914057, 6919560, 0.44, 75, 500, 4, 96, 18750, 10
1, 19181, 287, 292, 292, 6232005, 6249009, 0.44, 75, 500, 4, 74, 18750, 10
1, 19826, 252, 256, 257, 5849403, 5856541, 0.44, 75, 500, 4, 72, 18750, 10
0, 20704, 276, 297, 285, 5879657, 5659641, 0.44, 75, 500, 4, 73, 18750, 10
1, 19831, 261, 267, 267, 5435520, 5488734, 0.44, 75, 500, 4, 67, 18750, 10
1, 20036, 275, 280, 278, 6087325, 6108202, 0.44, 75, 500, 4, 73, 18750, 10
0, 21597, 266, 283, 287, 6186391, 6009915, 0.44, 75, 500, 4, 79, 18750, 10
0, 27000, 239, 298, 287, 7602379, 7328872, 0.44, 75, 500, 4, 106, 18750, 10
0, 26973, 265, 299, 313, 7115214, 6846792, 0.44, 75, 500, 4, 100, 18750, 10
0, 25177, 264, 281, 313, 7122806, 6842680, 0.44, 75, 500, 4, 101, 18750, 10
1, 19206, 255, 257, 259, 6256392, 6276269, 0.44, 75, 500, 4, 72, 18750, 10
0, 26974, 238, 295, 284, 7373019, 7064794, 0.44, 75, 500, 4, 106, 18750, 10
1, 20486, 258, 266, 268, 6446042, 6484661, 0.44, 75, 500, 4, 76, 18750, 10
0, 22034, 217, 240, 239, 6085065, 5776499, 0.44, 75, 500, 4, 82, 18750, 10
0, 23875, 261, 307, 281, 6221762, 5960475, 0.44, 75, 500, 4, 85, 18750, 10
1, 19804, 238, 246, 242, 6224266, 6233650, 0.44, 75, 500, 4, 71, 18750, 10
1, 19066, 273, 274, 277, 5133629, 5158645, 0.44, 75, 500, 4, 66, 18750, 10
1, 19385, 268, 273, 273, 5620628, 5630562, 0.44, 75, 500, 4, 68, 18750, 10
0, 22420, 261, 298, 279, 5770005, 5519882, 0.44, 75, 500, 4, 79, 18750, 10
1, 19048, 262, 265, 265, 5794488, 5802802, 0.44, 75, 500, 4, 68, 18750, 10
1, 18964, 234, 235, 237, 6047281, 6053635, 0.44, 75, 500, 4, 71, 18750, 10
0, 21608, 260, 276, 271, 6529284, 6333361, 0.44, 75, 500, 4, 79, 18750, 10
1, 19564, 255, 257, 262, 6337056, 6415368, 0.44, 75, 500, 4, 71, 18750, 10
1, 19391, 267, 271, 272, 5249551, 5256616, 0.44, 75, 500, 4, 70, 18750, 10
1, 19063, 284, 289, 288, 5653530, 5665756, 0.44, 75, 500, 4, 67, 18750, 10
0, 20003, 256, 268, 266, 5511678, 5392267, 0.44, 75, 500, 4, 68, 18750, 10
0, 21405, 248, 271, 270, 6499070, 6337918, 0.44, 75, 500, 4, 77, 18750, 10
1, 20021, 249, 256, 259, 5244817, 5273746, 0.44, 75, 500, 4, 69, 18750, 10
1, 20094, 263, 273, 270, 5729562, 5740857, 0.44, 75, 500, 4, 72, 18750, 10
0, 20585, 249, 270, 257, 5672658, 5457778, 0.44, 75, 500, 4, 72, 18750, 10
1, 21006, 255, 269, 269, 6490447, 6513693, 0.44, 75, 500, 4, 76, 18750, 10
0, 22191, 260, 286, 281, 5948341, 5715510, 0.44, 75, 500, 4, 80, 18750, 10
1, 19480, 248, 253, 254, 5461597, 5469930, 0.44, 75, 500, 4, 69, 18750, 10
0, 26001, 219, 278, 258, 6890368, 6666118, 0.44, 75, 500, 4, 97, 18750, 10
0, 21894, 259, 278, 267, 6117961, 5910552, 0.44, 75, 500, 4, 77, 18750, 10
1, 19411, 241, 244, 246, 5878428, 5892646, 0.44, 75, 500, 4, 71, 18750, 10
1, 19183, 241, 244, 244, 5618784, 5649143, 0.44, 75, 500, 4, 69, 18750, 10
0, 20205, 266, 283, 272, 5736076, 5489053, 0.44, 75, 500, 4, 70, 18750, 10
1, 18830, 252, 253, 254, 5687164, 5692232, 0.44, 75, 500, 4, 64, 18750, 10
1, 19808, 254, 262, 261, 5665423, 5670029, 0.44, 75, 500, 4, 68, 18750, 10
0, 27000, 234, 285, 284, 7369373, 7104705, 0.44, 75, 500, 4, 102, 18750, 10
1, 19265, 255, 261, 259, 5210262, 5244968, 0.44, 75, 500, 4, 68, 18750, 10
1, 19981, 263, 267, 273, 5504854, 5520173, 0.44, 75, 500, 4, 71, 18750, 10
1, 21069, 248, 249, 266, 5906399, 6001275, 0.44, 75, 500, 4, 81, 18750, 10
1, 19164, 240, 243, 244, 4429695, 4454908, 0.44, 75, 500, 3, 45, 18750, 10
0, 22553, 278, 313, 298, 5816038, 5587527, 0.44, 75, 500, 4, 82, 18750, 10
1, 19152, 230, 235, 238, 5837797, 5855858, 0.44, 75, 500, 4, 68, 18750, 10
0, 22350, 260, 289, 275, 5960608, 5777557, 0.44, 75, 500, 4, 80, 18750, 10
1, 18955, 251, 252, 255, 5699226, 5707934, 0.44, 75, 500, 4, 68, 18750, 10
0, 23823, 222, 253, 248, 6138748, 5966006, 0.44, 75, 500, 4, 86, 18750, 10
0, 27000, 255, 307, 333, 7382324, 7302237, 0.44, 75, 500, 4, 105, 18750, 10
0, 26618, 276, 304, 360, 7524882, 7297329, 0.44, 75, 500, 4, 107, 18750, 10
1, 18911, 266, 267, 268, 5356219, 5365318, 0.44, 75, 500, 4, 66, 18750, 10
0, 24150, 239, 290, 275, 6437934, 6168040, 0.44, 75, 500, 4, 89, 18750, 10
0, 21420, 254, 278, 267, 5887504, 5638521, 0.44, 75, 500, 4, 77, 18750, 10
1, 18957, 269, 270, 273, 5841647, 5861514, 0.44, 75, 500, 4, 73, 18750, 10
1, 19203, 273, 276, 277, 6518094, 6523854, 0.44, 75, 500, 4, 73, 18750, 10
0, 23171, 240, 277, 259, 5882963, 5687775, 0.44, 75, 500, 4, 85, 18750, 10
0, 23751, 241, 280, 280, 4937349, 4726967, 0.44, 75, 500, 3, 63, 18750, 10
0, 22209, 246, 278, 262, 5584257, 5351995, 0.44, 75, 500, 4, 79, 18750, 10
1, 19680, 254, 260, 256, 4615499, 4623442, 0.44, 75, 500, 3, 52, 18750, 10
0, 27000, 271, 326, 347, 7540539, 7562708, 0.44, 75, 500, 4, 107, 18750, 10
0, 19810, 236, 251, 240, 4097362, 3961869, 0.44, 75, 500, 3, 49, 18750, 10
0, 20739, 276, 297, 283, 4228255, 4087878, 0.44, 75, 500, 3, 53, 18750, 10
0, 27000, 231, 300, 287, 5253504, 5154089, 0.44, 75, 500, 3, 74, 18750, 10
1, 19295, 225, 230, 231, 4119511, 4127597, 0.44, 75, 500, 3, 49, 18750, 10
1, 19786, 242, 244, 251, 4731926, 4768429, 0.44, 75, 500, 3, 56, 18750, 10
0, 24495, 259, 303, 292, 5087544, 4854601, 0.44, 75, 500, 3, 68, 18750, 10
0, 21623, 246, 271, 257, 4366890, 4207018, 0.44, 75, 500, 3, 55, 18750, 10
1, 19726, 257, 264, 265, 4419025, 4466136, 0.44, 75, 500, 3, 55, 18750, 10
1, 19754, 273, 276, 276, 4247612, 4264309, 0.44, 75, 500, 3, 53, 18750, 10
1, 19176, 252, 253, 256, 4759881, 4765281, 0.44, 75, 500, 3, 53, 18750, 10
1, 19647, 274, 277, 279, 4478532, 4494226, 0.44, 75, 500, 3, 49, 18750, 10
1, 19435, 259, 261, 268, 4826902, 4840814, 0.44, 75, 500, 3, 51, 18750, 10
1, 21238, 264, 278, 282, 4286033, 4297554, 0.44, 75, 500, 3, 55, 18750, 10
1, 19355, 241, 243, 246, 4314123, 4331524, 0.44, 75, 500, 3, 50, 18750, 10
1, 19643, 261, 264, 268, 5144968, 5222536, 0.44, 75, 500, 3, 54, 18750, 10
1, 19557, 267, 269, 274, 4217012, 4273118, 0.44, 75, 500, 3, 51, 18750, 10
0, 22208, 273, 293, 293, 4752402, 4594056, 0.44, 75, 500, 3, 56, 18750, 10
1, 20538, 212, 218, 219, 4288844, 4304983, 0.44, 75, 500, 3, 49, 18750, 10
1, 19409, 247, 250, 255, 4925332, 4967976, 0.44, 75, 500, 3, 52, 18750, 10
0, 21176, 218, 242, 227, 4390969, 4223293, 0.44, 75, 500, 3, 56, 18750, 10
0, 20774, 247, 265, 251, 4252476, 4097881, 0.44, 75, 500, 3, 52, 18750, 10
1, 19268, 250, 254, 254, 4343961, 4376739, 0.44, 75, 500, 3, 47, 18750, 10
0, 25471, 218, 267, 263, 5168892, 4901961, 0.44, 75, 500, 3, 70, 18750, 10
1, 19208, 276, 278, 281, 4474960, 4482186, 0.44, 75, 500, 3, 51, 18750, 10
0, 21922, 263, 286, 281, 4626148, 4472382, 0.44, 75, 500, 3, 55, 18750, 10
0, 25119, 246, 309, 284, 4892935, 4697632, 0.44, 75, 500, 3, 68, 18750, 10
0, 25765, 233, 285, 279, 5244818, 4990432, 0.44, 75, 500, 3, 69, 18750, 10
0, 21398, 275, 295, 289, 4851933, 4706848, 0.44, 75, 500, 3, 58, 18750, 10
1, 21618, 236, 256, 256, 4427379, 4445875, 0.44, 75, 500, 3, 53, 18750, 10
0, 19945, 218, 233, 224, 4246362, 4115128, 0.44, 75, 500, 3, 48, 18750, 10
1, 19211, 243, 244, 246, 4310593, 4327446, 0.44, 75, 500, 3, 49, 18750, 10
1, 19539, 243, 250, 257, 4556705, 4647317, 0.44, 75, 500, 3, 53, 18750, 10
1, 18823, 238, 239, 240, 4435270, 4440331, 0.44, 75, 500, 3, 51, 18750, 10
1, 19424, 245, 247, 254, 4331251, 4347598, 0.44, 75, 500, 3, 51, 18750, 10
0, 23634, 251, 293, 273, 4575013, 4420734, 0.44, 75, 500, 3, 62, 18750, 10
1, 19386, 246, 247, 249, 4287070, 4292927, 0.44, 75, 500, 3, 47, 18750, 10
0, 20161, 266, 286, 273, 3586242, 3453499, 0.44, 75, 500, 3, 46, 18750, 10
1, 20051, 226, 236, 233, 4338907, 4367746, 0.44, 75, 500, 3, 48, 18750, 10
0, 23594, 250, 299, 281, 5044423, 4776951, 0.44, 75, 500, 3, 62, 18750, 10
0, 20476, 237, 254, 246, 4141493, 3947971, 0.44, 75, 500, 3, 49, 18750, 10
1, 19354, 242, 245, 247, 4373859, 4384571, 0.44, 75, 500, 3, 51, 18750, 10
1, 25407, 239, 282, 277, 4800664, 4820990, 0.44, 75, 500, 3, 68, 18750, 10
1, 20490, 264, 280, 276, 4442468, 4448865, 0.44, 75, 500, 3, 53, 18750, 10
1, 19476, 232, 233, 240, 4736511, 4781901, 0.44, 75, 500, 3, 51, 18750, 10
0, 22188, 234, 270, 253, 4354805, 4229245, 0.44, 75, 500, 3, 54, 18750, 10
1, 19395, 243, 245, 245, 4483291, 4505160, 0.44, 75, 500, 3, 51, 18750, 10
1, 19394, 245, 249, 250, 4212482, 4228831, 0.44, 75, 500, 3, 49, 18750, 10
1, 19154, 262, 263, 264, 3972478, 3980766, 0.44, 75, 500, 3, 46, 18750, 10
1, 19675, 219, 220, 226, 4280728, 4297740, 0.44, 75, 500, 3, 50, 18750, 10
0, 21049, 251, 270, 268, 4441607, 4345249, 0.44, 75, 500, 3, 54, 18750, 10
1, 19069, 225, 226, 229, 4489208, 4501586, 0.44, 75, 500, 3, 48, 18750, 10
1, 19870, 253, 258, 260, 4246251, 4257023, 0.44, 75, 500, 3, 52, 18750, 10
0, 23376, 294, 326, 316, 4296322, 4130431, 0.44, 75, 500, 3, 62, 18750, 10
1, 19188, 276, 280, 280, 4108576, 4119021, 0.44, 75, 500, 3, 49, 18750, 10
0, 27000, 263, 294, 356, 5276860, 5232923, 0.44, 75, 500, 3, 78, 18750, 10
0, 25106, 263, 305, 323, 5374128, 5174413, 0.44, 75, 500, 3, 73, 18750, 10
1, 19139, 266, 271, 271, 4515689, 4531991, 0.44, 75, 500, 3, 48, 18750, 10
1, 19609, 251, 258, 257, 4287418, 4289532, 0.44, 75, 500, 3, 47, 18750, 10
0, 23468, 264, 311, 292, 4513298, 4358021, 0.44, 75, 500, 3, 60, 18750, 10
1, 19615, 269, 270, 274, 4420883, 4424761, 0.44, 75, 500, 3, 50, 18750, 10
0, 21447, 258, 278, 272, 4748919, 4579409, 0.44, 75, 500, 3, 54, 18750, 10
0, 23184, 273, 302, 293, 4552065, 4401613, 0.44, 75, 500, 3, 56, 18750, 10
0, 20365, 250, 260, 261, 5266793, 5124908, 0.44, 75, 500, 3, 54, 18750, 10
0, 23802, 252, 304, 277, 4980907, 4821241, 0.44, 75, 500, 3, 60, 18750, 10
0, 22872, 258, 286, 283, 4810140, 4595765, 0.44, 75, 500, 3, 61, 18750, 10
1, 19808, 271, 272, 274, 4144206, 4176339, 0.44, 75, 500, 3, 49, 18750, 10
1, 19131, 250, 251, 255, 4706493, 4707019, 0.44, 75, 500, 3, 49, 18750, 10
1, 19654, 257, 260, 266, 3860597, 3896456, 0.44, 75, 500, 3, 45, 18750, 10
0, 20897, 257, 274, 265, 4381407, 4248771, 0.44, 75, 500, 3, 48, 18750, 10
1, 19387, 240, 242, 248, 5142560, 5156439, 0.44, 75, 500, 3, 52, 18750, 10
0, 20968, 253, 265, 264, 4335842, 4205677, 0.44, 75, 500, 3, 52, 18750, 10
0, 27000, 228, 307, 300, 5195881, 5099333, 0.44, 75, 500, 3, 69, 18750, 10
1, 19526, 251, 256, 254, 4311026, 4326899, 0.44, 75, 500, 3, 46, 18750, 10
1, 19364, 238, 243, 240, 4371410, 4393641, 0.44, 75, 500, 3, 49, 18750, 10
0, 21311, 262, 291, 278, 4736553, 4576054, 0.44, 75, 500, 3, 56, 18750, 10
1, 19936, 196, 200, 206, 4130496, 4169590, 0.44, 75, 500, 3, 47, 18750, 10
1, 21107, 236, 245, 267, 5134961, 5150028, 0.44, 75, 500, 3, 57, 18750, 10
0, 20537, 274, 292, 281, 3792782, 3674896, 0.44, 75, 500, 3, 48, 18750, 10
1, 19499, 253, 258, 261, 4414243, 4421249, 0.44, 75, 500, 3, 50, 18750, 10
1, 19552, 244, 248, 253, 4203302, 4224675, 0.44, 75, 500, 3, 46, 18750, 10
0, 23028, 245, 280, 267, 4701413, 4497074, 0.44, 75, 500, 3, 60, 18750, 10
0, 20553, 234, 255, 243, 4226754, 4080605, 0.44, 75, 500, 3, 47, 18750, 10
1, 19387, 261, 265, 266, 4238225, 4241420, 0.44, 75, 500, 3, 47, 18750, 10
1, 19216, 231, 234, 235, 4007799, 4013621, 0.44, 75, 500, 3, 46, 18750, 10
0, 24977, 256, 298, 295, 4826962, 4692769, 0.44, 75, 500, 3, 66, 18750, 10
1, 22069, 251, 275, 273, 4857944, 4865110, 0.44, 75, 500, 3, 57, 18750, 10
1, 20066, 239, 246, 244, 4054661, 4082055, 0.44, 75, 500, 3, 51, 18750, 10
0, 24846, 273, 332, 301, 4850312, 4655848, 0.44, 75, 500, 3, 63, 18750, 10
1, 21015, 272, 282, 287, 4680302, 4702470, 0.44, 75, 500, 3, 54, 18750, 10
0, 20370, 260, 276, 265, 2452810, 2363372, 0.44, 75, 500, 2, 28, 18750, 10
1, 19714, 238, 239, 252, 4980880, 4996492, 0.44, 75, 500, 3, 54, 18750, 10
1, 19877, 247, 252, 255, 2665197, 2681640, 0.44, 75, 500, 2, 29, 18750, 10
1, 19785, 260, 268, 267, 2853820, 2854897, 0.44, 75, 500, 2, 31, 18750, 10
1, 22024, 254, 258, 293, 5029446, 5260875, 0.44, 75, 500, 3, 61, 18750, 10
1, 25652, 253, 282, 320, 5561430, 5566724, 0.44, 75, 500, 3, 70, 18750, 10
1, 19448, 250, 254, 260, 4369659, 4376352, 0.44, 75, 500, 3, 49, 18750, 10
0, 22492, 224, 262, 245, 4779545, 4569447, 0.44, 75, 500, 3, 56, 18750, 10
1, 19667, 251, 256, 258, 2324891, 2345561, 0.44, 75, 500, 2, 29, 18750, 10
1, 19503, 281, 288, 293, 2787002, 2789025, 0.44, 75, 500, 2, 32, 18750, 10
1, 20233, 257, 265, 267, 3163821, 3179379, 0.44, 75, 500, 2, 33, 18750, 10
1, 19587, 241, 244, 246, 4316847, 4354262, 0.44, 75, 500, 3, 50, 18750, 10
1, 21434, 273, 296, 299, 3279296, 3313186, 0.44, 75, 500, 2, 37, 18750, 10
0, 21972, 264, 295, 275, 4264689, 4124320, 0.44, 75, 500, 3, 53, 18750, 10
1, 19478, 219, 220, 223, 4600709, 4635776, 0.44, 75, 500, 3, 50, 18750, 10
1, 19847, 242, 248, 250, 2677939, 2693627, 0.44, 75, 500, 2, 31, 18750, 10
0, 26991, 235, 302, 298, 3406800, 3262263, 0.44, 75, 500, 2, 44, 18750, 10
0, 21419, 246, 266, 260, 2888971, 2788116, 0.44, 75, 500, 2, 32, 18750, 10
0, 22842, 261, 288, 278, 2841811, 2734486, 0.44, 75, 500, 2, 33, 18750, 10
1, 18959, 230, 232, 232, 3379657, 3379673, 0.44, 75, 500, 2, 31, 18750, 10
1, 20121, 278, 285, 289, 2931791, 2958568, 0.44, 75, 500, 2, 30, 18750, 10
1, 19840, 228, 229, 231, 3273419, 3275531, 0.44, 75, 500, 2, 31, 18750, 10
1, 19798, 248, 253, 251, 2941510, 2954243, 0.44, 75, 500, 2, 29, 18750, 10
0, 22232, 251, 284, 273, 3484000, 3377295, 0.44, 75, 500, 2, 36, 18750, 10
1, 19900, 239, 243, 247, 2750867, 2770884, 0.44, 75, 500, 2, 29, 18750, 10
1, 19508, 264, 270, 270, 2715663, 2715866, 0.44, 75, 500, 2, 29, 18750, 10
1, 20479, 264, 279, 276, 2999458, 3000896, 0.44, 75, 500, 2, 32, 18750, 10
0, 21413, 258, 279, 270, 2496886, 2418619, 0.44, 75, 500, 2, 29, 18750, 10
1, 19656, 260, 265, 267, 3383254, 3417766, 0.44, 75, 500, 2, 32, 18750, 10
0, 24732, 242, 280, 269, 3261794, 3144855, 0.44, 75, 500, 2, 39, 18750, 10
0, 21180, 252, 272, 261, 2930893, 2833956, 0.44, 75, 500, 2, 31, 18750, 10
1, 19833, 239, 241, 247, 3158844, 3182195, 0.44, 75, 500, 2, 31, 18750, 10
0, 21970, 200, 231, 218, 3079068, 2971909, 0.44, 75, 500, 2, 33, 18750, 10
0, 21376, 249, 273, 257, 2882590, 2760115, 0.44, 75, 500, 2, 31, 18750, 10
1, 19624, 245, 252, 252, 2949461, 2960945, 0.44, 75, 500, 2, 30, 18750, 10
1, 19925, 255, 263, 263, 2967099, 2973175, 0.44, 75, 500, 2, 31, 18750, 10
0, 21094, 239, 258, 247, 2667847, 2576574, 0.44, 75, 500, 2, 30, 18750, 10
1, 19714, 250, 255, 257, 2328765, 2338512, 0.44, 75, 500, 2, 27, 18750, 10
1, 19697, 253, 262, 264, 2856827, 2891436, 0.44, 75, 500, 2, 30, 18750, 10
0, 22086, 269, 295, 279, 2707285, 2591135, 0.44, 75, 500, 2, 32, 18750, 10
1, 20173, 257, 263, 269, 3184882, 3205437, 0.44, 75, 500, 2, 31, 18750, 10
0, 25987, 257, 303, 299, 3832530, 3645798, 0.44, 75, 500, 2, 43, 18750, 10
1, 20818, 255, 259, 277, 3333639, 3364686, 0.44, 75, 500, 2, 34, 18750, 10
0, 23112, 263, 299, 288, 2715203, 2604386, 0.44, 75, 500, 2, 34, 18750, 10
0, 20822, 234, 254, 244, 2525982, 2434711, 0.44, 75, 500, 2, 28, 18750, 10
0, 22400, 228, 254, 245, 2799759, 2697036, 0.44, 75, 500, 2, 30, 18750, 10
0, 21738, 241, 257, 250, 3163764, 3042075, 0.44, 75, 500, 2, 33, 18750, 10
0, 19800, 248, 260, 253, 3205040, 3088124, 0.44, 75, 500, 2, 31, 18750, 10
0, 22471, 250, 285, 277, 3285439, 3148308, 0.44, 75, 500, 2, 36, 18750, 10
1, 20224, 256, 260, 271, 3881906, 3912423, 0.44, 75, 500, 2, 35, 18750, 10
0, 22407, 239, 267, 254, 2640898, 2522590, 0.44, 75, 500, 2, 31, 18750, 10
1, 19392, 258, 263, 264, 3058721, 3070697, 0.44, 75, 500, 2, 31, 18750, 10
1, 19308, 241, 244, 248, 3378308, 3392208, 0.44, 75, 500, 2, 32, 18750, 10
1, 20110, 239, 245, 245, 3096380, 3107520, 0.44, 75, 500, 2, 30, 18750, 10
1, 19396, 264, 269, 271, 2842235, 2859580, 0.44, 75, 500, 2, 32, 18750, 10
1, 19642, 240, 245, 247, 2928444, 2946049, 0.44, 75, 500, 2, 31, 18750, 10
1, 19600, 258, 265, 266, 3169827, 3217717, 0.44, 75, 500, 2, 34, 18750, 10
1, 20787, 268, 275, 287, 3311141, 3313935, 0.44, 75, 500, 2, 36, 18750, 10
1, 19744, 237, 242, 246, 2949077, 2982699, 0.44, 75, 500, 2, 30, 18750, 10
0, 22840, 263, 295, 284, 2553809, 2459846, 0.44, 75, 500, 2, 34, 18750, 10
0, 22074, 247, 272, 258, 3024111, 2907186, 0.44, 75, 500, 2, 33, 18750, 10
1, 21174, 244, 245, 273, 3331450, 3432946, 0.44, 75, 500, 2, 39, 18750, 10
0, 27000, 250, 299, 313, 3616927, 3539927, 0.44, 75, 500, 2, 46, 18750, 10
1, 19203, 248, 250, 252, 2821049, 2831541, 0.44, 75, 500, 2, 29, 18750, 10
1, 19825, 269, 274, 277, 3019415, 3026440, 0.44, 75, 500, 2, 30, 18750, 10
0, 21439, 263, 281, 280, 3147836, 3070501, 0.44, 75, 500, 2, 34, 18750, 10
0, 21116, 248, 268, 260, 2637305, 2544410, 0.44, 75, 500, 2, 31, 18750, 10
0, 19887, 281, 294, 289, 2958613, 2883078, 0.44, 75, 500, 2, 31, 18750, 10
0, 20657, 241, 267, 251, 2850353, 2735518, 0.44, 75, 500, 2, 31, 18750, 10
1, 20216, 272, 277, 279, 2658186, 2665213, 0.44, 75, 500, 2, 30, 18750, 10
0, 20099, 237, 254, 243, 2379820, 2294395, 0.44, 75, 500, 2, 28, 18750, 10
1, 19462, 273, 278, 281, 2578217, 2583607, 0.44, 75, 500, 2, 31, 18750, 10
1, 20037, 249, 257, 256, 2497623, 2500386, 0.44, 75, 500, 2, 29, 18750, 10
0, 20773, 246, 263, 253, 2775485, 2671827, 0.44, 75, 500, 2, 30, 18750, 10
1, 20381, 254, 257, 259, 3362029, 3379847, 0.44, 75, 500, 2, 33, 18750, 10
1, 20608, 235, 240, 246, 2789450, 2852351, 0.44, 75, 500, 2, 30, 18750, 10
1, 19742, 255, 263, 263, 2424508, 2428665, 0.44, 75, 500, 2, 28, 18750, 10
0, 21861, 260, 286, 270, 2697983, 2581260, 0.44, 75, 500, 2, 33, 18750, 10
1, 20693, 258, 267, 281, 3151533, 3151782, 0.44, 75, 500, 2, 37, 18750, 10
0, 24094, 238, 279, 267, 3111030, 2983374, 0.44, 75, 500, 2, 37, 18750, 10
0, 21502, 245, 275, 264, 3012738, 2914730, 0.44, 75, 500, 2, 35, 18750, 10
1, 19780, 270, 278, 278, 2725341, 2736541, 0.44, 75, 500, 2, 30, 18750, 10
0, 20461, 252, 268, 257, 2611135, 2507005, 0.44, 75, 500, 2, 29, 18750, 10
1, 20114, 254, 260, 262, 2521704, 2541010, 0.44, 75, 500, 2, 29, 18750, 10
1, 19811, 254, 257, 261, 2788994, 2804486, 0.44, 75, 500, 2, 31, 18750, 10
1, 19543, 256, 260, 262, 2867803, 2868618, 0.44, 75, 500, 2, 31, 18750, 10
1, 20023, 259, 264, 270, 2539031, 2565183, 0.44, 75, 500, 2, 32, 18750, 10
0, 22910, 256, 299, 287, 2983235, 2853831, 0.44, 75, 500, 2, 37, 18750, 10
1, 22104, 238, 254, 255, 3355766, 3378060, 0.44, 75, 500, 2, 36, 18750, 10
0, 22160, 250, 277, 263, 2722186, 2606737, 0.44, 75, 500, 2, 34, 18750, 10
1, 20697, 243, 249, 248, 2818924, 2827664, 0.44, 75, 500, 2, 30, 18750, 10
1, 20432, 242, 248, 259, 3589486, 3754757, 0.44, 75, 500, 2, 34, 18750, 10
1, 19939, 269, 274, 276, 2933636, 2941357, 0.44, 75, 500, 2, 32, 18750, 10
1, 20180, 269, 274, 275, 2774025, 2784506, 0.44, 75, 500, 2, 31, 18750, 10
1, 19856, 258, 263, 266, 2980836, 3002334, 0.44, 75, 500, 2, 30, 18750, 10
1, 19611, 253, 255, 258, 2893126, 2905238, 0.44, 75, 500, 2, 33, 18750, 10
1, 21811, 290, 309, 314, 3405526, 3413834, 0.44, 75, 500, 2, 36, 18750, 10
1, 19134, 233, 236, 238, 3224749, 3234615, 0.44, 75, 500, 2, 31, 18750, 10
0, 22533, 253, 288, 273, 3202177, 3078121, 0.44, 75, 500, 2, 36, 18750, 10
1, 20915, 263, 275, 281, 1306433, 1336898, 0.44, 75, 500, 1, 15, 18750, 10
0, 23999, 254, 293, 281, 1659153, 1599328, 0.44, 75, 500, 1, 19, 18750, 10
1, 19396, 253, 257, 260, 2910894, 2929897, 0.44, 75, 500, 2, 30, 18750, 10
1, 20538, 253, 260, 260, 2717753, 2733521, 0.44, 75, 500, 2, 31, 18750, 10
1, 20012, 265, 269, 269, 3070236, 3076527, 0.44, 75, 500, 2, 32, 18750, 10
0, 20383, 254, 265, 261, 3066535, 2991213, 0.44, 75, 500, 2, 31, 18750, 10
0, 21876, 245, 267, 258, 2959072, 2857838, 0.44, 75, 500, 2, 31, 18750, 10
1, 19744, 257, 263, 264, 3111055, 3139097, 0.44, 75, 500, 2, 30, 18750, 10
1, 21270, 257, 268, 272, 1415138, 1436893, 0.44, 75, 500, 1, 16, 18750, 10
1, 20222, 262, 274, 274, 1354012, 1354211, 0.44, 75, 500, 1, 16, 18750, 10
1, 20255, 260, 270, 271, 1511283, 1517401, 0.44, 75, 500, 1, 16, 18750, 10
1, 20081, 266, 277, 277, 1469971, 1470390, 0.44, 75, 500, 1, 15, 18750, 10
1, 21060, 245, 261, 262, 1441178, 1445685, 0.44, 75, 500, 1, 15, 18750, 10
0, 24396, 260, 308, 301, 2789549, 2703186, 0.44, 75, 500, 2, 38, 18750, 10
0, 24620, 233, 275, 264, 1780554, 1715688, 0.44, 75, 500, 1, 19, 18750, 10
1, 25578, 245, 285, 289, 3834761, 3850123, 0.44, 75, 500, 2, 46, 18750, 10
0, 20761, 260, 281, 270, 1599747, 1535534, 0.44, 75, 500, 1, 15, 18750, 10
0, 22889, 240, 278, 267, 1566022, 1505414, 0.44, 75, 500, 1, 17, 18750, 10
1, 21519, 292, 307, 308, 1531499, 1536722, 0.44, 75, 500, 1, 16, 18750, 10
0, 21844, 228, 253, 242, 3172384, 3038867, 0.44, 75, 500, 2, 35, 18750, 10
0, 20847, 256, 276, 264, 1508912, 1442666, 0.44, 75, 500, 1, 16, 18750, 10
1, 20636, 265, 274, 281, 1675086, 1718776, 0.44, 75, 500, 1, 15, 18750, 10
0, 22827, 280, 310, 299, 1644392, 1581589, 0.44, 75, 500, 1, 19, 18750, 10
1, 22950, 261, 289, 290, 1810152, 1812354, 0.44, 75, 500, 1, 18, 18750, 10
0, 24194, 267, 305, 294, 1579217, 1520300, 0.44, 75, 500, 1, 19, 18750, 10
0, 22764, 259, 291, 280, 1742698, 1675750, 0.44, 75, 500, 1, 18, 18750, 10
0, 21454, 266, 293, 283, 1565687, 1509112, 0.44, 75, 500, 1, 17, 18750, 10
1, 21075, 229, 240, 245, 1480048, 1510190, 0.44, 75, 500, 1, 16, 18750, 10
0, 21688, 251, 274, 263, 1501877, 1442623, 0.44, 75, 500, 1, 20, 18750, 10
0, 22769, 261, 294, 283, 1510602, 1452542, 0.44, 75, 500, 1, 18, 18750, 10
0, 24199, 236, 278, 267, 1631941, 1570809, 0.44, 75, 500, 1, 21, 18750, 10
0, 19612, 255, 267, 257, 1559544, 1500020, 0.44, 75, 500, 1, 16, 18750, 10
1, 20814, 255, 267, 268, 1579797, 1585152, 0.44, 75, 500, 1, 18, 18750, 10
1, 21070, 247, 260, 260, 1582520, 1582564, 0.44, 75, 500, 1, 21, 18750, 10
0, 22370, 255, 287, 276, 1592500, 1531877, 0.44, 75, 500, 1, 22, 18750, 10
1, 20403, 245, 255, 256, 1457005, 1457323, 0.44, 75, 500, 1, 16, 18750, 10
1, 20312, 250, 261, 265, 1413770, 1436756, 0.44, 75, 500, 1, 19, 18750, 10
1, 21162, 221, 233, 235, 1362497, 1372175, 0.44, 75, 500, 1, 17, 18750, 10
1, 20810, 224, 234, 241, 1579854, 1630340, 0.44, 75, 500, 1, 18, 18750, 10
1, 20856, 254, 266, 267, 1389511, 1395324, 0.44, 75, 500, 1, 17, 18750, 10
1, 21452, 247, 266, 267, 1392620, 1396072, 0.44, 75, 500, 1, 18, 18750, 10
0, 21469, 234, 256, 245, 1368668, 1314943, 0.44, 75, 500, 1, 22, 18750, 10
0, 21387, 256, 281, 270, 1493204, 1434729, 0.44, 75, 500, 1, 18, 18750, 10
1, 20994, 270, 282, 286, 1348233, 1370561, 0.44, 75, 500, 1, 16, 18750, 10
1, 21326, 238, 249, 255, 1457249, 1489865, 0.44, 75, 500, 1, 24, 18750, 10
0, 22848, 249, 280, 269, 1624010, 1561410, 0.44, 75, 500, 1, 23, 18750, 10
0, 21770, 234, 258, 247, 1417810, 1363997, 0.44, 75, 500, 1, 19, 18750, 10
0, 21658, 238, 261, 250, 1387498, 1334612, 0.44, 75, 500, 1, 17, 18750, 10
1, 22872, 257, 280, 281, 1415285, 1419280, 0.44, 75, 500, 1, 18, 18750, 10
1, 20536, 270, 281, 283, 1514706, 1526944, 0.44, 75, 500, 1, 19, 18750, 10
1, 20326, 252, 262, 263, 1507636, 1519154, 0.44, 75, 500, 1, 14, 18750, 10
0, 20028, 237, 254, 243, 1372057, 1315488, 0.44, 75, 500, 1, 17, 18750, 10
1, 20858, 260, 270, 276, 1626985, 1663164, 0.44, 75, 500, 1, 18, 18750, 10
1, 21428, 246, 256, 259, 1622798, 1642620, 0.44, 75, 500, 1, 17, 18750, 10
1, 20727, 247, 258, 261, 1385091, 1400927, 0.44, 75, 500, 1, 21, 18750, 10
0, 23571, 269, 305, 294, 1592266, 1532757, 0.44, 75, 500, 1, 22, 18750, 10
1, 19807, 233, 244, 244, 1398212, 1398402, 0.44, 75, 500, 1, 18, 18750, 10
0, 21647, 252, 277, 266, 1424647, 1368600, 0.44, 75, 500, 1, 17, 18750, 10
1, 20893, 253, 268, 269, 1509932, 1515086, 0.44, 75, 500, 1, 18, 18750, 10
0, 23579, 282, 313, 302, 1678683, 1616632, 0.44, 75, 500, 1, 23, 18750, 10
1, 21481, 275, 286, 288, 1552087, 1565533, 0.44, 75, 500, 1, 19, 18750, 10
0, 21966, 262, 290, 279, 1613057, 1550674, 0.44, 75, 500, 1, 17, 18750, 10
0, 23370, 261, 290, 279, 1567801, 1506990, 0.44, 75, 500, 1, 22, 18750, 10
0, 27000, 235, 298, 288, 1863922, 1805338, 0.44, 75, 500, 1, 25, 18750, 10
1, 20542, 248, 260, 261, 1288287, 1293505, 0.44, 75, 500, 1, 16, 18750, 10
1, 21097, 272, 283, 292, 1502306, 1554066, 0.44, 75, 500, 1, 18, 18750, 10
1, 19876, 261, 272, 273, 1406321, 1411337, 0.44, 75, 500, 1, 16, 18750, 10
1, 20238, 244, 255, 257, 1431044, 1441707, 0.44, 75, 500, 1, 16, 18750, 10
0, 21274, 271, 296, 285, 1592524, 1530365, 0.44, 75, 500, 1, 17, 18750, 10
1, 21188, 248, 259, 262, 1549279, 1567805, 0.44, 75, 500, 1, 18, 18750, 10
1, 20340, 253, 266, 267, 1374007, 1378689, 0.44, 75, 500, 1, 16, 18750, 10
0, 23067, 256, 290, 279, 1811091, 1740882, 0.44, 75, 500, 1, 20, 18750, 10
0, 23914, 224, 267, 256, 1605029, 1546003, 0.44, 75, 500, 1, 21, 18750, 10
1, 20712, 270, 281, 282, 1396919, 1402053, 0.44, 75, 500, 1, 18, 18750, 10
0, 22224, 234, 266, 255, 1478052, 1421477, 0.44, 75, 500, 1, 16, 18750, 10
1, 20319, 243, 254, 254, 1455071, 1455150, 0.44, 75, 500, 1, 15, 18750, 10
1, 20200, 248, 258, 259, 1485343, 1490475, 0.44, 75, 500, 1, 15, 18750, 10
1, 20581, 273, 285, 285, 1283536, 1284071, 0.44, 75, 500, 1, 17, 18750, 10
0, 24367, 268, 314, 303, 1592635, 1535441, 0.44, 75, 500, 1, 20, 18750, 10
1, 20915, 234, 247, 248, 1348787, 1352819, 0.44, 75, 500, 1, 16, 18750, 10
1, 20493, 270, 283, 283, 1349865, 1350109, 0.44, 75, 500, 1, 16, 18750, 10
1, 20675, 236, 247, 247, 1510595, 1511950, 0.44, 75, 500, 1, 16, 18750, 10
0, 21846, 251, 281, 271, 1397685, 1347490, 0.44, 75, 500, 1, 19, 18750, 10
0, 21562, 251, 278, 267, 1644954, 1581548, 0.44, 75, 500, 1, 16, 18750, 10
1, 20580, 241, 252, 252, 1480324, 1481808, 0.44, 75, 500, 1, 17, 18750, 10
0, 21223, 262, 286, 275, 1476933, 1417725, 0.44, 75, 500, 1, 17, 18750, 10
1, 20418, 270, 282, 282, 1417413, 1417868, 0.44, 75, 500, 1, 15, 18750, 10
1, 21278, 236, 247, 252, 1327429, 1348152, 0.44, 75, 500, 1, 17, 18750, 10
1, 20747, 261, 272, 273, 1460124, 1466424, 0.44, 75, 500, 1, 16, 18750, 10
1, 20281, 290, 300, 300, 1495223, 1495914, 0.44, 75, 500, 1, 16, 18750, 10
1, 20459, 247, 257, 257, 1537495, 1538660, 0.44, 75, 500, 1, 16, 18750, 10
1, 20140, 259, 268, 271, 1501457, 1513937, 0.44, 75, 500, 1, 16, 18750, 10
1, 21654, 234, 258, 259, 1484397, 1487447, 0.44, 75, 500, 1, 16, 18750, 10
0, 23298, 273, 308, 297, 1540256, 1482849, 0.44, 75, 500, 1, 20, 18750, 10
0, 21865, 250, 276, 266, 1477562, 1418901, 0.44, 75, 500, 1, 17, 18750, 10
1, 20237, 275, 286, 288, 1433370, 1445790, 0.44, 75, 500, 1, 14, 18750, 10
0, 21253, 247, 270, 260, 1561623, 1504573, 0.44, 75, 500, 1, 17, 18750, 10
0, 20569, 268, 289, 279, 1366776, 1311024, 0.44, 75, 500, 1, 16, 18750, 10
1, 20278, 234, 246, 250, 1292870, 1312506, 0.44, 75, 500, 1, 15, 18750, 10
1, 20633, 255, 266, 266, 1589436, 1589497, 0.44, 75, 500, 1, 16, 18750, 10
0, 27000, 258, 321, 313, 1856626, 1814358, 0.44, 75, 500, 1, 21, 18750, 10
1, 20992, 231, 241, 246, 1475586, 1498904, 0.44, 75, 500, 1, 15, 18750, 10
1, 20774, 232, 245, 246, 1445068, 1450241, 0.44, 75, 500, 1, 13, 18750, 10
0, 21003, 278, 298, 287, 1595219, 1531652, 0.44, 75, 500, 1, 15, 18750, 10
1, 20535, 231, 242, 242, 1648883, 1648971, 0.44, 75, 500, 1, 14, 18750, 10
1, 20614, 242, 253, 254, 1445002, 1450786, 0.44, 75, 500, 1, 14, 18750, 10
1, 20911, 234, 245, 246, 1438019, 1443541, 0.44, 75, 500, 1, 14, 18750, 10
0, 21392, 236, 260, 249, 1668393, 1603698, 0.44, 75, 500, 1, 14, 18750, 10
0, 21151, 253, 277, 266, 1507303, 1447453, 0.44, 75, 500, 1, 15, 18750, 10
1, 18968, 245, 246, 250, 22625811, 22694106, 0.44, 75, 500, 16, 482, 18750, 10
1, 19135, 246, 247, 249, 21914419, 22096267, 0.44, 75, 500, 16, 497, 18750, 10
1, 19544, 226, 229, 231, 23163771, 23323577, 0.44, 75, 500, 16, 502, 18750, 10
1, 19527, 251, 255, 257, 23433825, 23475679, 0.44, 75, 500, 16, 504, 18750, 10
1, 19294, 231, 232, 234, 23622468, 23804592, 0.44, 75, 500, 16, 500, 18750, 10
1, 20618, 253, 259, 271, 24142882, 24311012, 0.44, 75, 500, 16, 534, 18750, 10
0, 21695, 262, 287, 270, 24515132, 23832077, 0.44, 75, 500, 16, 560, 18750, 10
0, 21307, 257, 279, 267, 24223837, 23249250, 0.44, 75, 500, 16, 566, 18750, 10
0, 22207, 267, 296, 285, 24482157, 23638042, 0.44, 75, 500, 16, 579, 18750, 10
0, 22880, 266, 303, 281, 24967794, 23914420, 0.44, 75, 500, 16, 583, 18750, 10
0, 22640, 282, 308, 300, 25068539, 24401156, 0.44, 75, 500, 16, 589, 18750, 10
0, 23001, 236, 269, 266, 25483974, 24864803, 0.44, 75, 500, 16, 609, 18750, 10
0, 23280, 272, 302, 291, 25122605, 24293855, 0.44, 75, 500, 16, 603, 18750, 10
0, 24091, 264, 303, 279, 25768037, 24751333, 0.44, 75, 500, 16, 622, 18750, 10
0, 23991, 281, 306, 329, 26293303, 25426216, 0.44, 75, 500, 16, 637, 18750, 10
0, 24535, 249, 291, 273, 26008206, 25107228, 0.44, 75, 500, 16, 641, 18750, 10
0, 24366, 265, 301, 288, 26209500, 25337962, 0.44, 75, 500, 16, 650, 18750, 10
0, 25634, 258, 321, 293, 26858896, 25888745, 0.44, 75, 500, 16, 679, 18750, 10
0, 25852, 239, 300, 270, 26568209, 25715105, 0.44, 75, 500, 16, 679, 18750, 10
0, 27000, 270, 357, 309, 27341602, 26620751, 0.44, 75, 500, 16, 686, 18750, 10
0, 27000, 259, 300, 343, 28328427, 27611455, 0.44, 75, 500, 16, 702, 18750, 10
0, 27000, 256, 334, 284, 27945355, 26778812, 0.44, 75, 500, 16, 701, 18750, 10
0, 27000, 225, 300, 288, 28731751, 27542657, 0.44, 75, 500, 16, 711, 18750, 10
0, 27000, 261, 334, 331, 28488380, 27604772, 0.44, 75, 500, 16, 723, 18750, 10
1, 19121, 255, 256, 260, 21884624, 21982694, 0.44, 75, 500, 16, 509, 18750, 10
1, 19895, 265, 270, 277, 22607586, 22722757, 0.44, 75, 500, 16, 517, 18750, 10
0, 21995, 253, 275, 266, 24395988, 23347091, 0.44, 75, 500, 16, 577, 18750, 10
1, 19080, 263, 264, 268, 22471758, 22665366, 0.44, 75, 500, 16, 499, 18750, 10
0, 22703, 261, 296, 283, 25127729, 24483025, 0.44, 75, 500, 16, 599, 18750, 10
1, 19337, 247, 250, 256, 23330598, 23656349, 0.44, 75, 500, 16, 514, 18750, 10
0, 20612, 245, 267, 251, 23258512, 22640363, 0.44, 75, 500, 16, 543, 18750, 10
1, 18891, 270, 271, 273, 21733946, 21741375, 0.44, 75, 500, 16, 505, 18750, 10
0, 22698, 250, 266, 269, 24895553, 24096951, 0.44, 75, 500, 16, 599, 18750, 10
1, 18963, 273, 275, 275, 22317252, 22396291, 0.44, 75, 500, 16, 487, 18750, 10
0, 25389, 221, 253, 278, 28020849, 26993750, 0.44, 75, 500, 16, 688, 18750, 10
0, 22807, 227, 242, 263, 25718591, 25008334, 0.44, 75, 500, 16, 621, 18750, 10
0, 23404, 234, 260, 264, 26134325, 25370399, 0.44, 75, 500, 16, 625, 18750, 10
0, 27000, 220, 269, 284, 28078006, 27168201, 0.44, 75, 500, 16, 747, 18750, 10
0, 24517, 270, 305, 314, 26363340, 25514490, 0.44, 75, 500, 16, 677, 18750, 10
0, 23541, 277, 312, 306, 26007271, 25004095, 0.44, 75, 500, 16, 641, 18750, 10
0, 22086, 258, 285, 265, 24328337, 23271214, 0.44, 75, 500, 16, 589, 18750, 10
0, 22636, 268, 282, 298, 25429481, 24812640, 0.44, 75, 500, 16, 603, 18750, 10
0, 25216, 271, 310, 316, 27141263, 25875562, 0.44, 75, 500, 16, 676, 18750, 10
0, 27000, 233, 280, 306, 28738624, 27668822, 0.44, 75, 500, 16, 722, 18750, 10
0, 27000, 251, 296, 328, 28196676, 27258005, 0.44, 75, 500, 16, 739, 18750, 10
0, 26106, 243, 301, 284, 27925356, 26748974, 0.44, 75, 500, 16, 697, 18750, 10
0, 27000, 250, 293, 318, 28665049, 27693448, 0.44, 75, 500, 16, 725, 18750, 10
0, 27000, 245, 305, 296, 28317470, 27198585, 0.44, 75, 500, 16, 732, 18750, 10
1, 19452, 253, 257, 256, 22615906, 22674731, 0.44, 75, 500, 16, 500, 18750, 10
0, 25037, 237, 275, 285, 26561508, 25502176, 0.44, 75, 500, 16, 667, 18750, 10
0, 21899, 262, 295, 287, 25559243, 24922634, 0.44, 75, 500, 16, 581, 18750, 10
0, 25239, 244, 299, 267, 27149761, 25874802, 0.44, 75, 500, 16, 688, 18750, 10
1, 19350, 263, 265, 269, 23257501, 23326201, 0.44, 75, 500, 16, 521, 18750, 10
0, 23988, 274, 325, 307, 26113359, 25218498, 0.44, 75, 500, 16, 643, 18750, 10
0, 26339, 256, 291, 329, 28456184, 27463036, 0.44, 75, 500, 16, 724, 18750, 10
0, 25519, 261, 316, 292, 26951427, 25549978, 0.44, 75, 500, 16, 685, 18750, 10
0, 21509, 233, 265, 249, 24683657, 24015512, 0.44, 75, 500, 16, 574, 18750, 10
0, 27000, 289, 357, 344, 28816051, 27633361, 0.44, 75, 500, 16, 734, 18750, 10
1, 20681, 261, 275, 280, 23938617, 23966136, 0.44, 75, 500, 16, 549, 18750, 10
0, 25853, 247, 306, 288, 27163322, 26028405, 0.44, 75, 500, 16, 712, 18750, 10
0, 25857, 272, 323, 319, 27279150, 26539393, 0.44, 75, 500, 16, 710, 18750, 10
0, 23337, 231, 276, 253, 25968231, 24908593, 0.44, 75, 500, 16, 646, 18750, 10
0, 19834, 263, 271, 269, 23589824, 23058517, 0.44, 75, 500, 16, 543, 18750, 10
0, 24403, 251, 303, 287, 25752346, 24629262, 0.44, 75, 500, 16, 650, 18750, 10
0, 27000, 265, 329, 332, 28530195, 27560069, 0.44, 75, 500, 16, 737, 18750, 10
0, 21166, 216, 233, 231, 23944668, 23341283, 0.44, 75, 500, 16, 577, 18750, 10
0, 23597, 256, 294, 291, 25465627, 24601766, 0.44, 75, 500, 16, 631, 18750, 10
0, 23151, 252, 280, 279, 26540991, 25749969, 0.44, 75, 500, 16, 629, 18750, 10
0, 22961, 235, 260, 266, 25560795, 24915415, 0.44, 75, 500, 16, 628, 18750, 10
0, 27000, 221, 287, 272, 28249612, 27804386, 0.44, 75, 500, 16, 743, 18750, 10
0, 24646, 262, 308, 298, 26395952, 25665471, 0.44, 75, 500, 16, 666, 18750, 10
0, 24542, 276, 331, 300, 26370410, 25489427, 0.44, 75, 500, 16, 667, 18750, 10
0, 22788, 228, 259, 255, 25597498, 24832054, 0.44, 75, 500, 16, 620, 18750, 10
1, 19691, 237, 248, 242, 23181557, 23325396, 0.44, 75, 500, 16, 519, 18750, 10
1, 19284, 273, 276, 277, 23562980, 23620064, 0.44, 75, 500, 16, 521, 18750, 10
1, 19184, 257, 260, 260, 22834116, 22844012, 0.44, 75, 500, 16, 519, 18750, 10
0, 23650, 243, 276, 276, 26067261, 25074769, 0.44, 75, 500, 16, 650, 18750, 10
0, 23747, 269, 305, 288, 26809115, 25754380, 0.44, 75, 500, 16, 654, 18750, 10
0, 23735, 259, 298, 282, 25925515, 25440989, 0.44, 75, 500, 16, 624, 18750, 10
1, 19319, 244, 245, 253, 22976784, 23072750, 0.44, 75, 500, 16, 529, 18750, 10
0, 24023, 242, 266, 279, 26089248, 25254764, 0.44, 75, 500, 16, 650, 18750, 10
1, 19508, 275, 278, 280, 23871185, 23888835, 0.44, 75, 500, 16, 537, 18750, 10
0, 22130, 258, 286, 274, 25039846, 24182404, 0.44, 75, 500, 16, 593, 18750, 10
0, 23718, 271, 325, 289, 25939172, 24986104, 0.44, 75, 500, 16, 652, 18750, 10
0, 22363, 239, 271, 252, 24672913, 23725903, 0.44, 75, 500, 16, 597, 18750, 10
0, 26264, 278, 321, 344, 27433611, 26463021, 0.44, 75, 500, 16, 731, 18750, 10
0, 23001, 262, 301, 292, 25053307, 24289905, 0.44, 75, 500, 16, 630, 18750, 10
1, 19643, 282, 288, 289, 23391549, 23489089, 0.44, 75, 500, 16, 532, 18750, 10
0, 24279, 256, 301, 277, 26043204, 25044821, 0.44, 75, 500, 16, 665, 18750, 10
0, 23434, 290, 313, 316, 26797816, 25522018, 0.44, 75, 500, 16, 647, 18750, 10
0, 27000, 262, 337, 311, 28041583, 27194174, 0.44, 75, 500, 16, 737, 18750, 10
0, 26067, 247, 263, 328, 27459334, 26187331, 0.44, 75, 500, 16, 713, 18750, 10
1, 19749, 270, 275, 273, 23636631, 23827820, 0.44, 75, 500, 16, 538, 18750, 10
0, 22870, 233, 249, 265, 17146901, 16653263, 0.44, 75, 500, 11, 333, 18750, 10
0, 24018, 226, 267, 267, 26221556, 25214773, 0.44, 75, 500, 16, 651, 18750, 10
0, 22326, 244, 261, 263, 17674504, 16975955, 0.44, 75, 500, 11, 343, 18750, 10
1, 19369, 238, 241, 241, 16691891, 16745845, 0.44, 75, 500, 11, 280, 18750, 10
0, 26632, 243, 317, 293, 28595594, 27388870, 0.44, 75, 500, 16, 741, 18750, 10
0, 27000, 229, 257, 338, 19986205, 19380342, 0.44, 75, 500, 11, 420, 18750, 10
1, 19352, 252, 256, 255, 15777689, 15865900, 0.44, 75, 500, 11, 291, 18750, 10
0, 24193, 247, 302, 280, 25664741, 24489858, 0.44, 75, 500, 16, 674, 18750, 10
0, 23813, 252, 290, 271, 17626041, 17091247, 0.44, 75, 500, 11, 355, 18750, 10
0, 22619, 232, 267, 239, 17280125, 16657010, 0.44, 75, 500, 11, 338, 18750, 10
1, 19150, 233, 235, 235, 15863943, 15893085, 0.44, 75, 500, 11, 288, 18750, 10
1, 19069, 256, 257, 260, 22147919, 22215953, 0.44, 75, 500, 16, 522, 18750, 10
0, 24364, 257, 314, 278, 17691483, 16940304, 0.44, 75, 500, 11, 377, 18750, 10
1, 19109, 262, 264, 264, 14939905, 15006549, 0.44, 75, 500, 11, 286, 18750, 10
0, 24088, 224, 269, 264, 26914926, 25836279, 0.44, 75, 500, 16, 663, 18750, 10
0, 20707, 271, 290, 277, 15599703, 15180251, 0.44, 75, 500, 11, 307, 18750, 10
0, 27000, 232, 256, 320, 19748851, 19271284, 0.44, 75, 500, 11, 429, 18750, 10
1, 18930, 254, 255, 256, 15641365, 15907378, 0.44, 75, 500, 11, 286, 18750, 10
0, 24335, 251, 292, 283, 18323856, 17802778, 0.44, 75, 500, 11, 362, 18750, 10
0, 24385, 254, 289, 296, 26535942, 25705152, 0.44, 75, 500, 16, 683, 18750, 10
0, 27000, 234, 255, 319, 19467251, 18978210, 0.44, 75, 500, 11, 414, 18750, 10
0, 27000, 262, 337, 322, 19805172, 18969657, 0.44, 75, 500, 11, 413, 18750, 10
0, 25430, 251, 313, 303, 27215613, 26371914, 0.44, 75, 500, 16, 686, 18750, 10
0, 20684, 260, 276, 267, 16442002, 15994536, 0.44, 75, 500, 11, 294, 18750, 10
0, 23099, 263, 302, 282, 17973844, 17047258, 0.44, 75, 500, 11, 346, 18750, 10
1, 19010, 235, 237, 239, 15314396, 15366378, 0.44, 75, 500, 11, 264, 18750, 10
1, 18944, 219, 220, 222, 15849215, 15862779, 0.44, 75, 500, 11, 261, 18750, 10
0, 24195, 254, 305, 292, 18228012, 17386829, 0.44, 75, 500, 11, 353, 18750, 10
1, 19316, 239, 241, 242, 16981288, 16990919, 0.44, 75, 500, 11, 274, 18750, 10
0, 23653, 257, 299, 285, 17485493, 16890587, 0.44, 75, 500, 11, 329, 18750, 10
0, 22042, 254, 272, 265, 17526990, 16882489, 0.44, 75, 500, 11, 317, 18750, 10
0, 22824, 231, 247, 263, 18264394, 17657518, 0.44, 75, 500, 11, 331, 18750, 10
0, 23578, 252, 295, 281, 17127822, 16577113, 0.44, 75, 500, 11, 333, 18750, 10
0, 21531, 256, 279, 267, 17125434, 16597533, 0.44, 75, 500, 11, 305, 18750, 10
1, 19389, 283, 285, 289, 15978527, 16020260, 0.44, 75, 500, 11, 282, 18750, 10
0, 27000, 238, 300, 308, 19182586, 18624175, 0.44, 75, 500, 11, 407, 18750, 10
1, 19821, 235, 242, 243, 16148205, 16218856, 0.44, 75, 500, 11, 285, 18750, 10
1, 19187, 276, 279, 281, 15978753, 16016935, 0.44, 75, 500, 11, 290, 18750, 10
0, 25826, 233, 285, 295, 18930567, 18188220, 0.44, 75, 500, 11, 383, 18750, 10
1, 19539, 230, 234, 241, 16330048, 16427488, 0.44, 75, 500, 11, 279, 18750, 10
0, 25784, 253, 305, 278, 19298574, 18557641, 0.44, 75, 500, 11, 369, 18750, 10
1, 19271, 232, 235, 236, 15801127, 15821917, 0.44, 75, 500, 11, 276, 18750, 10
1, 19767, 278, 279, 284, 17347839, 17390951, 0.44, 75, 500, 11, 295, 18750, 10
1, 20228, 258, 262, 270, 16583403, 16848131, 0.44, 75, 500, 11, 303, 18750, 10
1, 19404, 249, 251, 255, 16032422, 16107121, 0.44, 75, 500, 11, 281, 18750, 10
0, 20537, 249, 258, 261, 16918982, 16538410, 0.44, 75, 500, 11, 303, 18750, 10
0, 25543, 225, 289, 274, 18163340, 17446365, 0.44, 75, 500, 11, 370, 18750, 10
1, 19458, 253, 256, 255, 15653961, 15795093, 0.44, 75, 500, 11, 282, 18750, 10
0, 25764, 256, 297, 316, 19111648, 18488077, 0.44, 75, 500, 11, 386, 18750, 10
1, 18977, 231, 232, 235, 15907867, 15994503, 0.44, 75, 500, 11, 280, 18750, 10
1, 19003, 261, 262, 264, 15270466, 15318163, 0.44, 75, 500, 11, 271, 18750, 10
0, 25525, 261, 306, 309, 19329721, 18444424, 0.44, 75, 500, 11, 378, 18750, 10
0, 22796, 231, 268, 248, 17496451, 16834368, 0.44, 75, 500, 11, 342, 18750, 10
0, 23414, 274, 310, 301, 18060912, 17374819, 0.44, 75, 500, 11, 340, 18750, 10
0, 27000, 233, 293, 299, 19829107, 19134750, 0.44, 75, 500, 11, 406, 18750, 10
1, 19242, 244, 246, 250, 16729926, 16799327, 0.44, 75, 500, 11, 291, 18750, 10
1, 18986, 271, 272, 273, 15581164, 15674071, 0.44, 75, 500, 11, 270, 18750, 10
0, 26745, 244, 288, 308, 19629323, 18830001, 0.44, 75, 500, 11, 392, 18750, 10
0, 19301, 248, 249, 249, 16062131, 15531611, 0.44, 75, 500, 11, 283, 18750, 10
1, 19669, 248, 251, 252, 15499524, 15591149, 0.44, 75, 500, 11, 278, 18750, 10
1, 19352, 260, 262, 264, 15521555, 15634107, 0.44, 75, 500, 11, 281, 18750, 10
0, 21035, 248, 259, 270, 16869063, 16439871, 0.44, 75, 500, 11, 309, 18750, 10
0, 23588, 242, 281, 268, 17039174, 16470482, 0.44, 75, 500, 11, 354, 18750, 10
0, 24931, 250, 306, 277, 17749611, 17074191, 0.44, 75, 500, 11, 381, 18750, 10
0, 23331, 255, 288, 277, 17285601, 16649466, 0.44, 75, 500, 11, 339, 18750, 10
1, 19366, 258, 261, 260, 15180882, 15213893, 0.44, 75, 500, 11, 292, 18750, 10
1, 19493, 240, 250, 246, 15979084, 16009120, 0.44, 75, 500, 11, 294, 18750, 10
1, 19002, 259, 261, 261, 15452603, 15484868, 0.44, 75, 500, 11, 274, 18750, 10
0, 27000, 227, 256, 302, 19528690, 18980202, 0.44, 75, 500, 11, 422, 18750, 10
0, 23069, 263, 295, 282, 16983799, 16278083, 0.44, 75, 500, 11, 346, 18750, 10
0, 20317, 261, 269, 279, 16282550, 15837367, 0.44, 75, 500, 11, 312, 18750, 10
1, 19771, 227, 233, 231, 15934042, 15999184, 0.44, 75, 500, 11, 294, 18750, 10
1, 20947, 239, 243, 256, 17067152, 17151568, 0.44, 75, 500, 11, 323, 18750, 10
0, 27000, 244, 300, 334, 19798884, 19060960, 0.44, 75, 500, 11, 430, 18750, 10
0, 27000, 251, 303, 339, 19547338, 18939492, 0.44, 75, 500, 11, 429, 18750, 10
0, 20281, 241, 249, 242, 16352100, 15808755, 0.44, 75, 500, 11, 319, 18750, 10
0, 22685, 277, 312, 298, 17006437, 16396447, 0.44, 75, 500, 11, 348, 18750, 10
0, 27000, 264, 310, 365, 19158017, 19052127, 0.44, 75, 500, 11, 440, 18750, 10
1, 18891, 259, 260, 261, 15072569, 15079055, 0.44, 75, 500, 11, 301, 18750, 10
1, 19236, 232, 236, 235, 16022703, 16079412, 0.44, 75, 500, 11, 301, 18750, 10
1, 19276, 261, 264, 265, 16586084, 16595897, 0.44, 75, 500, 11, 303, 18750, 10
0, 21580, 244, 272, 258, 16530973, 16011482, 0.44, 75, 500, 11, 333, 18750, 10
0, 22398, 244, 269, 256, 17719944, 17162738, 0.44, 75, 500, 11, 347, 18750, 10
0, 27000, 249, 289, 319, 20049838, 19630450, 0.44, 75, 500, 11, 422, 18750, 10
0, 24694, 241, 288, 275, 18712762, 17803110, 0.44, 75, 500, 11, 390, 18750, 10
1, 19443, 237, 239, 242, 15475082, 15530796, 0.44, 75, 500, 11, 291, 18750, 10
1, 18910, 249, 251, 251, 15780788, 15818716, 0.44, 75, 500, 11, 287, 18750, 10
0, 27000, 219, 255, 293, 20493929, 19945247, 0.44, 75, 500, 11, 422, 18750, 10
0, 24154, 243, 285, 279, 18096522, 17540800, 0.44, 75, 500, 11, 374, 18750, 10
0, 23486, 248, 288, 272, 17098786, 16481672, 0.44, 75, 500, 11, 354, 18750, 10
0, 22566, 243, 273, 268, 17622613, 17040955, 0.44, 75, 500, 11, 321, 18750, 10
0, 24962, 246, 281, 279, 18637641, 17943515, 0.44, 75, 500, 11, 368, 18750, 10
1, 19294, 231, 232, 237, 16185017, 16276999, 0.44, 75, 500, 11, 274, 18750, 10
0, 27000, 237, 288, 300, 19275890, 18760464, 0.44, 75, 500, 11, 409, 18750, 10
1, 18785, 254, 255, 256, 15300604, 15304926, 0.44, 75, 500, 11, 262, 18750, 10
0, 22470, 254, 281, 265, 17463082, 16838727, 0.44, 75, 500, 11, 325, 18750, 10
1, 19491, 253, 254, 260, 16301236, 16380391, 0.44, 75, 500, 11, 275, 18750, 10
0, 26400, 290, 366, 331, 19377082, 18625470, 0.44, 75, 500, 11, 391, 18750, 10
0, 27000, 247, 296, 321, 20348187, 19285552, 0.44, 75, 500, 11, 410, 18750, 10
1, 19758, 264, 266, 275, 16467885, 16649579, 0.44, 75, 500, 11, 289, 18750, 10
0, 22372, 244, 276, 265, 16845749, 16278663, 0.44, 75, 500, 11, 317, 18750, 10
1, 19758, 239, 244, 243, 12197293, 12327196, 0.44, 75, 500, 8, 173, 18750, 10
0, 27000, 243, 309, 286, 18891245, 18181808, 0.44, 75, 500, 11, 406, 18750, 10
0, 20057, 245, 251, 246, 11026548, 10664056, 0.44, 75, 500, 8, 170, 18750, 10
1, 18814, 244, 245, 246, 12520847, 12537650, 0.44, 75, 500, 8, 173, 18750, 10
0, 24202, 236, 287, 264, 17835376, 17125446, 0.44, 75, 500, 11, 341, 18750, 10
0, 22582, 237, 255, 272, 13327165, 12873924, 0.44, 75, 500, 8, 207, 18750, 10
0, 19990, 279, 293, 283, 11471154, 11266121, 0.44, 75, 500, 8, 184, 18750, 10
1, 19246, 279, 281, 283, 15242619, 15265489, 0.44, 75, 500, 11, 279, 18750, 10
0, 26404, 248, 296, 312, 20086971, 19314179, 0.44, 75, 500, 11, 396, 18750, 10
1, 21872, 245, 262, 263, 16501793, 16545870, 0.44, 75, 500, 11, 317, 18750, 10
0, 25976, 252, 316, 301, 13248533, 12698585, 0.44, 75, 500, 8, 232, 18750, 10
1, 18804, 244, 245, 246, 11886915, 11890072, 0.44, 75, 500, 8, 177, 18750, 10
1, 19615, 296, 298, 301, 11472278, 11536939, 0.44, 75, 500, 8, 179, 18750, 10
1, 19750, 256, 260, 267, 11788630, 11879880, 0.44, 75, 500, 8, 181, 18750, 10
0, 20455, 273, 288, 275, 11489579, 11033147, 0.44, 75, 500, 8, 185, 18750, 10
0, 27000, 234, 306, 270, 13612729, 13111233, 0.44, 75, 500, 8, 246, 18750, 10
1, 20151, 265, 269, 267, 11603124, 11677328, 0.44, 75, 500, 8, 181, 18750, 10
1, 19262, 279, 283, 282, 11567259, 11610197, 0.44, 75, 500, 8, 172, 18750, 10
1, 19295, 250, 253, 256, 11125634, 11160267, 0.44, 75, 500, 8, 173, 18750, 10
0, 26563, 248, 294, 300, 19021070, 18230632, 0.44, 75, 500, 11, 402, 18750, 10
0, 25194, 234, 283, 276, 12682185, 12181605, 0.44, 75, 500, 8, 234, 18750, 10
0, 25816, 252, 309, 295, 13559924, 12848989, 0.44, 75, 500, 8, 231, 18750, 10
0, 24499, 249, 299, 285, 13494087, 13018766, 0.44, 75, 500, 8, 358, 18750, 10
0, 26513, 246, 297, 289, 14128094, 13600475, 0.44, 75, 500, 8, 239, 18750, 10
1, 20067, 262, 263, 265, 11587304, 11672964, 0.44, 75, 500, 8, 180, 18750, 10
0, 25524, 261, 298, 326, 14309616, 13920196, 0.44, 75, 500, 8, 233, 18750, 10
0, 20174, 252, 262, 256, 12031344, 11735444, 0.44, 75, 500, 8, 182, 18750, 10
0, 23050, 265, 301, 282, 11875757, 11541489, 0.44, 75, 500, 8, 201, 18750, 10
0, 22305, 260, 292, 286, 12266255, 11995315, 0.44, 75, 500, 8, 191, 18750, 10
1, 19104, 241, 244, 244, 11506782, 11580598, 0.44, 75, 500, 8, 162, 18750, 10
1, 19750, 243, 244, 252, 11752941, 11831917, 0.44, 75, 500, 8, 177, 18750, 10
0, 20907, 256, 268, 269, 11898070, 11632296, 0.44, 75, 500, 8, 182, 18750, 10
1, 19220, 241, 242, 246, 11666048, 11702617, 0.44, 75, 500, 8, 174, 18750, 10
0, 26112, 261, 292, 337, 13953680, 13363153, 0.44, 75, 500, 8, 244, 18750, 10
0, 22064, 238, 262, 257, 12364548, 11884643, 0.44, 75, 500, 8, 192, 18750, 10
0, 24748, 243, 248, 315, 13416531, 12793046, 0.44, 75, 500, 8, 238, 18750, 10
0, 25681, 235, 292, 288, 13723020, 13000501, 0.44, 75, 500, 8, 224, 18750, 10
0, 23195, 265, 283, 313, 13846484, 13320608, 0.44, 75, 500, 8, 204, 18750, 10
0, 22017, 242, 272, 260, 12132023, 11653994, 0.44, 75, 500, 8, 181, 18750, 10
0, 25322, 266, 319, 312, 13490993, 13040673, 0.44, 75, 500, 8, 217, 18750, 10
1, 22992, 264, 294, 302, 12809029, 12915178, 0.44, 75, 500, 8, 204, 18750, 10
1, 19394, 269, 272, 274, 12001488, 12015724, 0.44, 75, 500, 8, 170, 18750, 10
0, 25014, 259, 317, 292, 13546459, 13048976, 0.44, 75, 500, 8, 215, 18750, 10
0, 23258, 236, 278, 258, 12104343, 11547379, 0.44, 75, 500, 8, 201, 18750, 10
0, 24380, 261, 292, 297, 13394536, 12850835, 0.44, 75, 500, 8, 214, 18750, 10
0, 21635, 271, 301, 284, 12916088, 12518801, 0.44, 75, 500, 8, 190, 18750, 10
1, 19050, 243, 244, 246, 11660896, 11697467, 0.44, 75, 500, 8, 165, 18750, 10
0, 27000, 253, 305, 334, 13970034, 13720901, 0.44, 75, 500, 8, 242, 18750, 10
0, 22215, 240, 264, 252, 12363165, 11860496, 0.44, 75, 500, 8, 187, 18750, 10
0, 24753, 217, 269, 242, 12742421, 12165270, 0.44, 75, 500, 8, 211, 18750, 10
1, 18888, 252, 253, 254, 11720239, 11723850, 0.44, 75, 500, 8, 160, 18750, 10
0, 25143, 245, 303, 290, 13491675, 12798968, 0.44, 75, 500, 8, 210, 18750, 10
1, 19345, 214, 216, 217, 10570127, 10601574, 0.44, 75, 500, 8, 157, 18750, 10
1, 19007, 276, 278, 278, 11619779, 11678580, 0.44, 75, 500, 8, 164, 18750, 10
0, 26898, 242, 308, 291, 14033126, 13550208, 0.44, 75, 500, 8, 228, 18750, 10
0, 20309, 251, 265, 262, 12135469, 11868946, 0.44, 75, 500, 8, 181, 18750, 10
1, 19317, 247, 251, 249, 11128524, 11215503, 0.44, 75, 500, 8, 162, 18750, 10
0, 22188, 269, 294, 276, 11961415, 11453482, 0.44, 75, 500, 8, 189, 18750, 10
1, 19371, 239, 246, 241, 10960009, 10976681, 0.44, 75, 500, 8, 159, 18750, 10
0, 20241, 261, 278, 268, 11512101, 11155146, 0.44, 75, 500, 8, 178, 18750, 10
0, 25134, 270, 320, 304, 13502441, 12832835, 0.44, 75, 500, 8, 219, 18750, 10
1, 19112, 281, 283, 284, 11439073, 11445655, 0.44, 75, 500, 8, 166, 18750, 10
0, 23457, 257, 297, 287, 12434822, 11986865, 0.44, 75, 500, 8, 198, 18750, 10
1, 19134, 261, 262, 265, 11850985, 11924186, 0.44, 75, 500, 8, 170, 18750, 10
1, 19630, 240, 246, 247, 11837928, 11872772, 0.44, 75, 500, 8, 174, 18750, 10
0, 22845, 243, 263, 274, 13951844, 13531429, 0.44, 75, 500, 8, 209, 18750, 10
0, 25244, 245, 294, 282, 13113503, 12594715, 0.44, 75, 500, 8, 220, 18750, 10
0, 22771, 229, 275, 248, 11714462, 11093255, 0.44, 75, 500, 8, 197, 18750, 10
1, 19535, 295, 297, 298, 10955239, 10964188, 0.44, 75, 500, 8, 168, 18750, 10
1, 20328, 245, 251, 261, 11954659, 12077755, 0.44, 75, 500, 8, 182, 18750, 10
1, 18956, 248, 250, 251, 11556365, 11578109, 0.44, 75, 500, 8, 158, 18750, 10
1, 18931, 239, 240, 241, 11434590, 11472206, 0.44, 75, 500, 8, 163, 18750, 10
1, 19155, 287, 289, 289, 10893976, 10953895, 0.44, 75, 500, 8, 170, 18750, 10
0, 21875, 265, 294, 276, 11982422, 11541062, 0.44, 75, 500, 8, 186, 18750, 10
1, 19541, 258, 261, 264, 11352192, 11374741, 0.44, 75, 500, 8, 167, 18750, 10
0, 22976, 243, 284, 260, 12241661, 11701559, 0.44, 75, 500, 8, 204, 18750, 10
0, 20851, 276, 295, 284, 11946767, 11576658, 0.44, 75, 500, 8, 180, 18750, 10
0, 22849, 234, 267, 249, 12509072, 12165395, 0.44, 75, 500, 8, 197, 18750, 10
0, 27000, 255, 284, 330, 14799855, 14362316, 0.44, 75, 500, 8, 248, 18750, 10
0, 27000, 270, 324, 307, 14110152, 13661091, 0.44, 75, 500, 8, 239, 18750, 10
0, 22845, 264, 308, 284, 12286456, 11850182, 0.44, 75, 500, 8, 193, 18750, 10
0, 25884, 260, 305, 312, 13910053, 13348713, 0.44, 75, 500, 8, 239, 18750, 10
0, 27000, 263, 345, 304, 13547104, 13080889, 0.44, 75, 500, 8, 241, 18750, 10
1, 19506, 263, 271, 265, 11045902, 11066561, 0.44, 75, 500, 8, 169, 18750, 10
1, 19147, 264, 269, 267, 10253484, 10278350, 0.44, 75, 500, 8, 162, 18750, 10
1, 19012, 251, 252, 253, 12012240, 12070893, 0.44, 75, 500, 8, 176, 18750, 10
1, 19463, 269, 270, 271, 12153974, 12177347, 0.44, 75, 500, 8, 164, 18750, 10
0, 21619, 254, 274, 277, 12856372, 12546650, 0.44, 75, 500, 8, 189, 18750, 10
1, 19905, 258, 262, 263, 11942232, 11971730, 0.44, 75, 500, 8, 173, 18750, 10
0, 24728, 248, 293, 292, 12936749, 12450355, 0.44, 75, 500, 8, 220, 18750, 10
1, 19820, 246, 250, 255, 11573359, 11771022, 0.44, 75, 500, 8, 172, 18750, 10
1, 19578, 220, 222, 226, 11989267, 12073813, 0.44, 75, 500, 8, 166, 18750, 10
1, 19667, 229, 231, 233, 11655489, 11778144, 0.44, 75, 500, 8, 173, 18750, 10
0, 24499, 278, 333, 301, 13385065, 12874332, 0.44, 75, 500, 8, 216, 18750, 10
0, 20680, 264, 281, 271, 11628096, 11237092, 0.44, 75, 500, 8, 175, 18750, 10
0, 22055, 258, 291, 277, 12704053, 12094023, 0.44, 75, 500, 8, 190, 18750, 10
0, 21517, 275, 295, 283, 12202167, 11838064, 0.44, 75, 500, 8, 183, 18750, 10
1, 19011, 267, 268, 270, 11846797, 11895727, 0.44, 75, 500, 8, 166, 18750, 10
1, 19067, 257, 258, 260, 11393688, 11431852, 0.44, 75, 500, 8, 163, 18750, 10
1, 18998, 250, 252, 255, 11184838, 11191819, 0.44, 75, 500, 8, 160, 18750, 10
1, 19174, 251, 253, 254, 11566934, 11608520, 0.44, 75, 500, 8, 161, 18750, 10
1, 19055, 240, 242, 244, 9834460, 9842966, 0.44, 75, 500, 7, 138, 18750, 10
1, 19211, 277, 278, 280, 12210307, 12269764, 0.44, 75, 500, 8, 167, 18750, 10
0, 25963, 257, 294, 305, 14001252, 13445844, 0.44, 75, 500, 8, 236, 18750, 10
0, 25555, 237, 293, 268, 13796415, 13373896, 0.44, 75, 500, 8, 220, 18750, 10
0, 23714, 256, 294, 296, 13400139, 12983234, 0.44, 75, 500, 8, 204, 18750, 10
1, 19785, 249, 254, 253, 10077254, 10098121, 0.44, 75, 500, 7, 139, 18750, 10
1, 19858, 267, 268, 271, 10220909, 10255054, 0.44, 75, 500, 7, 136, 18750, 10
0, 25054, 266, 322, 300, 11352453, 10919080, 0.44, 75, 500, 7, 179, 18750, 10
1, 19101, 263, 267, 268, 9897198, 9913037, 0.44, 75, 500, 7, 127, 18750, 10
0, 21185, 255, 269, 257, 9760903, 9411964, 0.44, 75, 500, 7, 143, 18750, 10
0, 24036, 249, 281, 289, 11432482, 10941464, 0.44, 75, 500, 7, 181, 18750, 10
1, 19380, 266, 274, 275, 10142347, 10162939, 0.44, 75, 500, 7, 138, 18750, 10
0, 24538, 256, 305, 297, 13844528, 13363834, 0.44, 75, 500, 8, 217, 18750, 10
1, 19008, 240, 242, 243, 10093231, 10144658, 0.44, 75, 500, 7, 135, 18750, 10
1, 19224, 251, 252, 253, 11099825, 11107422, 0.44, 75, 500, 7, 140, 18750, 10
0, 26158, 251, 313, 298, 12480539, 11967531, 0.44, 75, 500, 7, 192, 18750, 10
0, 22512, 253, 283, 270, 10380891, 10110431, 0.44, 75, 500, 7, 163, 18750, 10
0, 23416, 268, 305, 290, 10820493, 10332242, 0.44, 75, 500, 7, 168, 18750, 10
0, 26047, 248, 294, 306, 12003953, 11642157, 0.44, 75, 500, 7, 203, 18750, 10
0, 22064, 231, 249, 246, 11049045, 10707497, 0.44, 75, 500, 7, 158, 18750, 10
1, 18888, 267, 269, 269, 10099058, 10102881, 0.44, 75, 500, 7, 132, 18750, 10
0, 21660, 252, 270, 270, 11262407, 10922085, 0.44, 75, 500, 7, 160, 18750, 10
0, 24396, 267, 286, 313, 12098829, 11820207, 0.44, 75, 500, 7, 180, 18750, 10
0, 25261, 243, 310, 286, 12093649, 11508101, 0.44, 75, 500, 7, 177, 18750, 10
0, 20100, 246, 259, 248, 9286955, 9073366, 0.44, 75, 500, 7, 140, 18750, 10
1, 21459, 242, 260, 259, 10986119, 11024507, 0.44, 75, 500, 7, 150, 18750, 10
0, 23059, 266, 306, 288, 11274973, 10730257, 0.44, 75, 500, 7, 168, 18750, 10
0, 22053, 227, 253, 238, 10043015, 9681398, 0.44, 75, 500, 7, 151, 18750, 10
1, 20659, 242, 246, 256, 11229842, 11273494, 0.44, 75, 500, 7, 152, 18750, 10
1, 19665, 239, 246, 241, 9215832, 9274469, 0.44, 75, 500, 7, 135, 18750, 10
1, 18848, 237, 238, 239, 10233635, 10254151, 0.44, 75, 500, 7, 132, 18750, 10
0, 20948, 245, 265, 253, 9910493, 9640444, 0.44, 75, 500, 7, 151, 18750, 10
1, 19581, 233, 236, 241, 10595494, 10646255, 0.44, 75, 500, 7, 144, 18750, 10
1, 19970, 263, 266, 273, 10271060, 10313116, 0.44, 75, 500, 7, 146, 18750, 10
0, 26165, 259, 303, 329, 11907459, 11578540, 0.44, 75, 500, 7, 203, 18750, 10
0, 21523, 249, 268, 263, 10920571, 10637265, 0.44, 75, 500, 7, 154, 18750, 10
1, 19878, 227, 232, 229, 10124583, 10151735, 0.44, 75, 500, 7, 135, 18750, 10
1, 19061, 264, 266, 267, 10481450, 10491173, 0.44, 75, 500, 7, 139, 18750, 10
1, 20912, 243, 254, 254, 11416075, 11464211, 0.44, 75, 500, 7, 156, 18750, 10
0, 27000, 241, 317, 298, 13204235, 12625384, 0.44, 75, 500, 7, 197, 18750, 10
1, 18869, 243, 244, 246, 9934699, 9948614, 0.44, 75, 500, 7, 133, 18750, 10
0, 20348, 232, 242, 238, 9842174, 9551173, 0.44, 75, 500, 7, 143, 18750, 10
0, 20978, 269, 292, 275, 10322168, 9927650, 0.44, 75, 500, 7, 151, 18750, 10
1, 19365, 261, 264, 266, 9910240, 9919921, 0.44, 75, 500, 7, 136, 18750, 10
0, 24209, 252, 284, 271, 11734720, 11302613, 0.44, 75, 500, 7, 179, 18750, 10
0, 23900, 234, 278, 259, 11137983, 10744442, 0.44, 75, 500, 7, 170, 18750, 10
1, 19046, 248, 249, 251, 9526594, 9540168, 0.44, 75, 500, 7, 139, 18750, 10
1, 19380, 247, 249, 257, 10796976, 10827851, 0.44, 75, 500, 7, 149, 18750, 10
1, 19068, 247, 249, 250, 9446293, 9523409, 0.44, 75, 500, 7, 136, 18750, 10
1, 18889, 264, 265, 268, 9629959, 9657364, 0.44, 75, 500, 7, 132, 18750, 10
1, 19643, 228, 231, 233, 9887916, 9923594, 0.44, 75, 500, 7, 141, 18750, 10
0, 22588, 286, 308, 291, 10769650, 10413044, 0.44, 75, 500, 7, 160, 18750, 10
0, 21067, 251, 276, 268, 9623256, 9338644, 0.44, 75, 500, 7, 146, 18750, 10
0, 27000, 212, 255, 290, 12852657, 12550822, 0.44, 75, 500, 7, 204, 18750, 10
0, 27000, 267, 320, 336, 12586183, 12258482, 0.44, 75, 500, 7, 199, 18750, 10
0, 22059, 233, 257, 242, 11000838, 10458165, 0.44, 75, 500, 7, 157, 18750, 10
1, 19097, 255, 256, 261, 10113692, 10139161, 0.44, 75, 500, 7, 141, 18750, 10
0, 22541, 259, 284, 281, 11527267, 11147481, 0.44, 75, 500, 7, 160, 18750, 10
1, 19210, 265, 269, 270, 10223582, 10243116, 0.44, 75, 500, 7, 140, 18750, 10
0, 26938, 246, 312, 297, 12529880, 11867272, 0.44, 75, 500, 7, 200, 18750, 10
1, 19526, 264, 265, 268, 10557516, 10580577, 0.44, 75, 500, 7, 147, 18750, 10
0, 25940, 270, 327, 324, 12704411, 12292399, 0.44, 75, 500, 7, 197, 18750, 10
0, 20990, 265, 284, 279, 11216948, 10909742, 0.44, 75, 500, 7, 148, 18750, 10
0, 25186, 242, 315, 278, 11156080, 10543631, 0.44, 75, 500, 7, 183, 18750, 10
1, 21011, 242, 252, 260, 11145823, 11260872, 0.44, 75, 500, 7, 154, 18750, 10
1, 19463, 255, 256, 261, 10866594, 10911124, 0.44, 75, 500, 7, 146, 18750, 10
1, 19071, 250, 253, 253, 9578507, 9609027, 0.44, 75, 500, 7, 132, 18750, 10
1, 21040, 254, 257, 265, 10744229, 10831431, 0.44, 75, 500, 7, 154, 18750, 10
1, 19228, 256, 257, 261, 10018980, 10025137, 0.44, 75, 500, 7, 138, 18750, 10
0, 22580, 249, 267, 277, 11200967, 10702510, 0.44, 75, 500, 7, 168, 18750, 10
1, 20494, 251, 266, 262, 9987535, 10054897, 0.44, 75, 500, 7, 143, 18750, 10
0, 23383, 252, 281, 287, 11650761, 11266777, 0.44, 75, 500, 7, 168, 18750, 10
0, 20948, 277, 298, 295, 10488015, 10263940, 0.44, 75, 500, 7, 156, 18750, 10
1, 19768, 260, 266, 268, 10207994, 10250759, 0.44, 75, 500, 7, 140, 18750, 10
1, 19547, 245, 249, 247, 10045576, 10056139, 0.44, 75, 500, 7, 143, 18750, 10
1, 19116, 278, 280, 284, 9884301, 9954525, 0.44, 75, 500, 7, 133, 18750, 10
0, 23049, 241, 276, 260, 10718847, 10242023, 0.44, 75, 500, 7, 157, 18750, 10
1, 20820, 227, 238, 237, 10501275, 10519566, 0.44, 75, 500, 7, 147, 18750, 10
1, 19399, 235, 236, 239, 10604387, 10774672, 0.44, 75, 500, 7, 142, 18750, 10
1, 19479, 250, 253, 254, 10254585, 10282294, 0.44, 75, 500, 7, 132, 18750, 10
0, 20783, 258, 268, 265, 10283886, 10009489, 0.44, 75, 500, 7, 141, 18750, 10
1, 19845, 240, 244, 247, 10517266, 10604564, 0.44, 75, 500, 7, 137, 18750, 10
1, 19612, 273, 280, 282, 10107964, 10177447, 0.44, 75, 500, 7, 138, 18750, 10
0, 25566, 248, 270, 301, 12286863, 11719438, 0.44, 75, 500, 7, 189, 18750, 10
0, 23015, 276, 302, 304, 10973069, 10617436, 0.44, 75, 500, 7, 163, 18750, 10
0, 22569, 254, 272, 283, 11351327, 10973787, 0.44, 75, 500, 7, 164, 18750, 10
1, 20071, 248, 252, 259, 10687814, 10693564, 0.44, 75, 500, 7, 149, 18750, 10
0, 20619, 253, 270, 265, 10759023, 10494633, 0.44, 75, 500, 7, 147, 18750, 10
0, 22377, 264, 287, 277, 10241655, 9805967, 0.44, 75, 500, 7, 159, 18750, 10
0, 21662, 277, 303, 289, 10718378, 10385638, 0.44, 75, 500, 7, 151, 18750, 10
0, 21959, 272, 299, 285, 10340724, 10035979, 0.44, 75, 500, 7, 152, 18750, 10
0, 22442, 254, 279, 273, 10828257, 10514944, 0.44, 75, 500, 7, 164, 18750, 10
1, 19858, 243, 244, 246, 10141365, 10234137, 0.44, 75, 500, 7, 145, 18750, 10
1, 19635, 267, 271, 271, 9268709, 9331302, 0.44, 75, 500, 7, 136, 18750, 10
0, 26116, 243, 283, 297, 12184126, 11525803, 0.44, 75, 500, 7, 194, 18750, 10
1, 19098, 259, 260, 261, 9834212, 9862530, 0.44, 75, 500, 7, 138, 18750, 10
0, 27000, 263, 307, 326, 12668088, 12307961, 0.44, 75, 500, 7, 207, 18750, 10
1, 19581, 259, 263, 263, 10051448, 10068605, 0.44, 75, 500, 7, 141, 18750, 10
0, 21908, 252, 273, 268, 11054030, 10736087, 0.44, 75, 500, 7, 167, 18750, 10
0, 21254, 223, 245, 243, 10551289, 10280469, 0.44, 75, 500, 7, 160, 18750, 10
0, 20961, 271, 291, 285, 9855496, 9537617, 0.44, 75, 500, 7, 155, 18750, 10
1, 19018, 262, 263, 264, 9608291, 9614679, 0.44, 75, 500, 7, 140, 18750, 10
0, 23467, 227, 274, 244, 9540497, 9194825, 0.44, 75, 500, 6, 141, 18750, 10
1, 19089, 240, 241, 244, 10309763, 10363007, 0.44, 75, 500, 7, 145, 18750, 10
0, 22069, 243, 270, 255, 10670320, 10361276, 0.44, 75, 500, 7, 157, 18750, 10
0, 25085, 246, 277, 310, 12732738, 12076179, 0.44, 75, 500, 7, 189, 18750, 10
1, 19857, 238, 240, 251, 9272099, 9307613, 0.44, 75, 500, 6, 122, 18750, 10
0, 24205, 275, 298, 304, 10185116, 9957040, 0.44, 75, 500, 6, 148, 18750, 10
1, 19273, 279, 281, 284, 8744078, 8759514, 0.44, 75, 500, 6, 114, 18750, 10
0, 21884, 260, 292, 268, 9392224, 8998748, 0.44, 75, 500, 6, 128, 18750, 10
0, 19830, 242, 253, 248, 8268170, 8081523, 0.44, 75, 500, 6, 114, 18750, 10
1, 19396, 228, 232, 233, 9330806, 9382562, 0.44, 75, 500, 6, 110, 18750, 10
0, 21331, 277, 309, 288, 8779921, 8416548, 0.44, 75, 500, 6, 128, 18750, 10
1, 19636, 245, 246, 252, 9041000, 9119461, 0.44, 75, 500, 6, 115, 18750, 10
0, 20316, 267, 283, 277, 8487759, 8291993, 0.44, 75, 500, 6, 120, 18750, 10
0, 24847, 282, 325, 324, 9982495, 9585069, 0.44, 75, 500, 6, 153, 18750, 10
0, 26425, 263, 323, 307, 10035820, 9673355, 0.44, 75, 500, 6, 156, 18750, 10
0, 23811, 262, 298, 301, 9995593, 9646126, 0.44, 75, 500, 6, 148, 18750, 10
1, 19783, 248, 253, 252, 8577466, 8605137, 0.44, 75, 500, 6, 115, 18750, 10
0, 23214, 236, 264, 270, 9555323, 9323108, 0.44, 75, 500, 6, 139, 18750, 10
0, 24456, 257, 292, 296, 10261776, 9971151, 0.44, 75, 500, 6, 143, 18750, 10
1, 18922, 245, 246, 247, 8868287, 8873171, 0.44, 75, 500, 6, 110, 18750, 10
1, 19031, 259, 260, 261, 8263965, 8270113, 0.44, 75, 500, 6, 110, 18750, 10
1, 19002, 260, 261, 262, 8620131, 8668392, 0.44, 75, 500, 6, 111, 18750, 10
0, 24243, 239, 270, 273, 9694422, 9409045, 0.44, 75, 500, 6, 145, 18750, 10
1, 22571, 249, 277, 280, 9346609, 9365937, 0.44, 75, 500, 6, 133, 18750, 10
1, 18972, 238, 239, 240, 9209422, 9215502, 0.44, 75, 500, 6, 107, 18750, 10
1, 19306, 250, 255, 254, 8895158, 8917972, 0.44, 75, 500, 6, 117, 18750, 10
0, 23330, 239, 278, 266, 9118173, 8824505, 0.44, 75, 500, 6, 130, 18750, 10
1, 19579, 251, 254, 254, 8042576, 8086622, 0.44, 75, 500, 6, 109, 18750, 10
0, 21720, 280, 297, 300, 9990754, 9701840, 0.44, 75, 500, 6, 131, 18750, 10
1, 19378, 267, 269, 271, 8728894, 8774136, 0.44, 75, 500, 6, 114, 18750, 10
0, 21417, 257, 275, 273, 9206207, 9000481, 0.44, 75, 500, 6, 125, 18750, 10
0, 24425, 244, 285, 287, 9645051, 9304552, 0.44, 75, 500, 6, 152, 18750, 10
0, 21397, 251, 273, 263, 8736624, 8412221, 0.44, 75, 500, 6, 125, 18750, 10
1, 19356, 277, 278, 281, 8474264, 8486200, 0.44, 75, 500, 6, 118, 18750, 10
0, 19617, 236, 244, 240, 8194270, 7992883, 0.44, 75, 500, 6, 112, 18750, 10
0, 22165, 258, 285, 267, 8967776, 8694450, 0.44, 75, 500, 6, 131, 18750, 10
0, 27000, 242, 310, 288, 10097783, 9771632, 0.44, 75, 500, 6, 157, 18750, 10
1, 19234, 254, 255, 256, 8342781, 8351060, 0.44, 75, 500, 6, 109, 18750, 10
1, 19099, 248, 249, 251, 9033488, 9104594, 0.44, 75, 500, 6, 116, 18750, 10
1, 19489, 261, 262, 267, 9028451, 9124597, 0.44, 75, 500, 6, 121, 18750, 10
1, 19384, 258, 259, 268, 9044716, 9130232, 0.44, 75, 500, 6, 115, 18750, 10
1, 19286, 252, 253, 258, 8988529, 9036781, 0.44, 75, 500, 6, 112, 18750, 10
0, 24451, 236, 279, 281, 10281817, 9910740, 0.44, 75, 500, 6, 148, 18750, 10
1, 19175, 258, 259, 261, 8505290, 8535732, 0.44, 75, 500, 6, 115, 18750, 10
0, 25648, 243, 279, 301, 10440224, 10100042, 0.44, 75, 500, 6, 160, 18750, 10
1, 19498, 248, 249, 250, 8302257, 8308664, 0.44, 75, 500, 6, 104, 18750, 10
0, 22609, 262, 300, 286, 9622204, 9221580, 0.44, 75, 500, 6, 137, 18750, 10
1, 18986, 244, 245, 246, 8544566, 8559959, 0.44, 75, 500, 6, 109, 18750, 10
1, 19202, 231, 233, 235, 8837988, 8916933, 0.44, 75, 500, 6, 112, 18750, 10
0, 22710, 261, 293, 284, 9308013, 9019609, 0.44, 75, 500, 6, 136, 18750, 10
0, 20915, 269, 278, 289, 9496886, 9224836, 0.44, 75, 500, 6, 128, 18750, 10
1, 19025, 254, 256, 257, 9221416, 9249046, 0.44, 75, 500, 6, 112, 18750, 10
0, 25584, 261, 301, 306, 10407712, 10154187, 0.44, 75, 500, 6, 161, 18750, 10
0, 27000, 267, 335, 318, 10353351, 10096433, 0.44, 75, 500, 6, 164, 18750, 10
0, 21624, 269, 297, 280, 9245395, 8861697, 0.44, 75, 500, 6, 128, 18750, 10
1, 19046, 250, 251, 254, 8854935, 8891827, 0.44, 75, 500, 6, 112, 18750, 10
0, 21946, 259, 285, 272, 9166363, 8755572, 0.44, 75, 500, 6, 130, 18750, 10
0, 22189, 258, 285, 275, 9303474, 9049694, 0.44, 75, 500, 6, 131, 18750, 10
0, 27000, 268, 333, 336, 10809983, 10505855, 0.44, 75, 500, 6, 160, 18750, 10
1, 18864, 240, 241, 242, 8032279, 8051671, 0.44, 75, 500, 6, 107, 18750, 10
0, 21657, 238, 268, 256, 9314210, 9103913, 0.44, 75, 500, 6, 124, 18750, 10
1, 19120, 260, 261, 265, 8607553, 8667827, 0.44, 75, 500, 6, 116, 18750, 10
1, 20389, 256, 263, 268, 8768195, 8777607, 0.44, 75, 500, 6, 117, 18750, 10
1, 19638, 269, 272, 277, 8591475, 8637905, 0.44, 75, 500, 6, 115, 18750, 10
1, 19173, 227, 228, 232, 8177074, 8221620, 0.44, 75, 500, 6, 109, 18750, 10
0, 21783, 264, 289, 274, 8402780, 7979702, 0.44, 75, 500, 6, 126, 18750, 10
0, 21435, 253, 276, 266, 8575229, 8242450, 0.44, 75, 500, 6, 127, 18750, 10
1, 19135, 251, 254, 255, 8544058, 8545591, 0.44, 75, 500, 6, 112, 18750, 10
1, 19485, 272, 273, 277, 8449487, 8485832, 0.44, 75, 500, 6, 116, 18750, 10
0, 20709, 235, 245, 243, 8913484, 8692632, 0.44, 75, 500, 6, 121, 18750, 10
0, 23242, 263, 287, 285, 9523884, 9261124, 0.44, 75, 500, 6, 137, 18750, 10
1, 19075, 222, 224, 227, 8499065, 8538800, 0.44, 75, 500, 6, 110, 18750, 10
0, 27000, 245, 291, 315, 10754871, 10508837, 0.44, 75, 500, 6, 166, 18750, 10
1, 19333, 239, 244, 246, 8437772, 8452389, 0.44, 75, 500, 6, 116, 18750, 10
1, 20149, 227, 233, 231, 8695863, 8713400, 0.44, 75, 500, 6, 113, 18750, 10
0, 21303, 250, 260, 259, 9372949, 9146022, 0.44, 75, 500, 6, 126, 18750, 10
0, 23575, 254, 290, 284, 9547800, 9112950, 0.44, 75, 500, 6, 141, 18750, 10
0, 23622, 236, 285, 255, 8911178, 8510322, 0.44, 75, 500, 6, 140, 18750, 10
0, 23666, 246, 286, 269, 10021926, 9525408, 0.44, 75, 500, 6, 143, 18750, 10
1, 19495, 251, 254, 256, 8906866, 8937367, 0.44, 75, 500, 6, 117, 18750, 10
1, 19125, 241, 242, 243, 8596053, 8615841, 0.44, 75, 500, 6, 110, 18750, 10
0, 27000, 263, 308, 315, 10693921, 10407616, 0.44, 75, 500, 6, 166, 18750, 10
0, 21570, 245, 273, 258, 9607580, 9337954, 0.44, 75, 500, 6, 129, 18750, 10
1, 18889, 232, 233, 236, 8810533, 8830033, 0.44, 75, 500, 6, 114, 18750, 10
0, 20672, 264, 285, 277, 8627914, 8396907, 0.44, 75, 500, 6, 121, 18750, 10
0, 21397, 243, 272, 261, 9630760, 9383501, 0.44, 75, 500, 6, 126, 18750, 10
0, 24445, 247, 296, 296, 9767996, 9395899, 0.44, 75, 500, 6, 150, 18750, 10
0, 27000, 265, 318, 343, 10444591, 10237548, 0.44, 75, 500, 6, 173, 18750, 10
1, 19053, 238, 239, 241, 8498417, 8525815, 0.44, 75, 500, 6, 114, 18750, 10
0, 21438, 237, 259, 243, 8444536, 8128877, 0.44, 75, 500, 6, 128, 18750, 10
1, 20237, 248, 254, 263, 8909395, 8991655, 0.44, 75, 500, 6, 129, 18750, 10
1, 19247, 243, 244, 246, 8182443, 8212365, 0.44, 75, 500, 6, 114, 18750, 10
0, 27000, 239, 257, 332, 11176490, 11029786, 0.44, 75, 500, 6, 167, 18750, 10
0, 23093, 261, 286, 285, 10016565, 9833967, 0.44, 75, 500, 6, 140, 18750, 10
1, 19642, 252, 254, 255, 8783109, 8859535, 0.44, 75, 500, 6, 117, 18750, 10
0, 25144, 258, 309, 284, 9837376, 9308336, 0.44, 75, 500, 6, 148, 18750, 10
1, 19210, 253, 258, 256, 7869072, 7871299, 0.44, 75, 500, 6, 110, 18750, 10
1, 19319, 249, 250, 252, 8540170, 8629487, 0.44, 75, 500, 6, 114, 18750, 10
0, 22956, 257, 284, 289, 9300942, 8963670, 0.44, 75, 500, 6, 144, 18750, 10
0, 21349, 256, 279, 284, 7841885, 7746355, 0.44, 75, 500, 5, 98, 18750, 10
1, 19069, 255, 257, 257, 6663960, 6708793, 0.44, 75, 500, 5, 85, 18750, 10
1, 19701, 254, 258, 267, 7392612, 7457918, 0.44, 75, 500, 5, 94, 18750, 10
0, 23526, 243, 282, 266, 7717594, 7474532, 0.44, 75, 500, 5, 107, 18750, 10
0, 21965, 253, 273, 261, 9182046, 8888263, 0.44, 75, 500, 6, 128, 18750, 10
0, 21476, 241, 256, 251, 7532483, 7223206, 0.44, 75, 500, 5, 98, 18750, 10
0, 24666, 260, 303, 297, 8078316, 7790409, 0.44, 75, 500, 5, 117, 18750, 10
0, 21825, 241, 269, 252, 9123349, 8799316, 0.44, 75, 500, 6, 133, 18750, 10
0, 21781, 234, 255, 241, 7785669, 7463154, 0.44, 75, 500, 5, 101, 18750, 10
0, 22992, 240, 263, 280, 9810578, 9508649, 0.44, 75, 500, 6, 139, 18750, 10
0, 24288, 235, 264, 261, 10318016, 10003759, 0.44, 75, 500, 6, 145, 18750, 10
1, 19028, 259, 260, 263, 6752018, 6761364, 0.44, 75, 500, 5, 87, 18750, 10
1, 19062, 252, 255, 255, 7324831, 7345986, 0.44, 75, 500, 5, 92, 18750, 10
0, 20437, 267, 290, 276, 7063207, 6920538, 0.44, 75, 500, 5, 95, 18750, 10
0, 20495, 248, 261, 254, 7132610, 6925285, 0.44, 75, 500, 5, 94, 18750, 10
1, 20642, 240, 251, 250, 7000470, 7033301, 0.44, 75, 500, 5, 95, 18750, 10
0, 20429, 240, 263, 247, 7126148, 6890135, 0.44, 75, 500, 5, 88, 18750, 10
0, 20707, 278, 293, 287, 7767334, 7542714, 0.44, 75, 500, 5, 99, 18750, 10
0, 22226, 243, 268, 256, 7533669, 7213465, 0.44, 75, 500, 5, 104, 18750, 10
0, 26802, 250, 305, 325, 9186648, 8855051, 0.44, 75, 500, 5, 136, 18750, 10
0, 22278, 261, 296, 295, 7976566, 7714118, 0.44, 75, 500, 5, 106, 18750, 10
1, 19683, 269, 270, 275, 8097573, 8145618, 0.44, 75, 500, 5, 96, 18750, 10
0, 22178, 260, 293, 276, 7516865, 7119793, 0.44, 75, 500, 5, 105, 18750, 10
0, 20637, 223, 239, 231, 6982849, 6716338, 0.44, 75, 500, 5, 101, 18750, 10
1, 19881, 265, 269, 271, 7079823, 7117193, 0.44, 75, 500, 5, 92, 18750, 10
1, 19067, 242, 243, 244, 7670104, 7681161, 0.44, 75, 500, 5, 93, 18750, 10
0, 24023, 256, 304, 291, 7988200, 7654369, 0.44, 75, 500, 5, 115, 18750, 10
0, 21062, 220, 240, 229, 7136107, 6833084, 0.44, 75, 500, 5, 100, 18750, 10
0, 23663, 242, 286, 262, 7822178, 7400937, 0.44, 75, 500, 5, 113, 18750, 10
1, 19388, 260, 264, 263, 6395269, 6400775, 0.44, 75, 500, 5, 91, 18750, 10
1, 19987, 245, 251, 250, 7123685, 7140624, 0.44, 75, 500, 5, 94, 18750, 10
1, 19610, 266, 268, 278, 7341429, 7384470, 0.44, 75, 500, 5, 96, 18750, 10
1, 18989, 237, 240, 240, 6800176, 6823430, 0.44, 75, 500, 5, 89, 18750, 10
0, 25640, 235, 275, 269, 8834976, 8457731, 0.44, 75, 500, 5, 123, 18750, 10
1, 20448, 239, 248, 253, 7127157, 7132916, 0.44, 75, 500, 5, 97, 18750, 10
0, 21941, 255, 265, 276, 7730353, 7586274, 0.44, 75, 500, 5, 109, 18750, 10
1, 19212, 260, 261, 263, 7251351, 7282517, 0.44, 75, 500, 5, 91, 18750, 10
0, 20937, 263, 278, 268, 7338349, 7085464, 0.44, 75, 500, 5, 94, 18750, 10
1, 19124, 254, 258, 256, 7933934, 7953502, 0.44, 75, 500, 5, 88, 18750, 10
1, 19607, 268, 271, 272, 7313247, 7315022, 0.44, 75, 500, 5, 90, 18750, 10
0, 22399, 268, 287, 277, 7724981, 7403985, 0.44, 75, 500, 5, 104, 18750, 10
1, 19423, 242, 246, 252, 7388470, 7456724, 0.44, 75, 500, 5, 95, 18750, 10
1, 19500, 237, 241, 240, 7552426, 7623773, 0.44, 75, 500, 5, 89, 18750, 10
1, 19443, 245, 248, 254, 7416118, 7447085, 0.44, 75, 500, 5, 93, 18750, 10
1, 19024, 262, 263, 264, 7603786, 7607143, 0.44, 75, 500, 5, 90, 18750, 10
1, 20046, 252, 259, 258, 7049915, 7093640, 0.44, 75, 500, 5, 91, 18750, 10
0, 21945, 276, 299, 288, 7733158, 7465212, 0.44, 75, 500, 5, 102, 18750, 10
0, 25666, 255, 321, 308, 8675021, 8312639, 0.44, 75, 500, 5, 125, 18750, 10
1, 18960, 246, 247, 249, 7144731, 7166474, 0.44, 75, 500, 5, 81, 18750, 10
0, 27000, 248, 267, 331, 9321129, 9153106, 0.44, 75, 500, 5, 132, 18750, 10
1, 20119, 241, 247, 248, 7185845, 7227100, 0.44, 75, 500, 5, 87, 18750, 10
0, 22868, 278, 303, 298, 7770526, 7513754, 0.44, 75, 500, 5, 106, 18750, 10
1, 19409, 267, 271, 271, 7073501, 7089638, 0.44, 75, 500, 5, 85, 18750, 10
0, 25011, 254, 307, 281, 8807283, 8291383, 0.44, 75, 500, 5, 112, 18750, 10
0, 22197, 248, 281, 262, 7339942, 7040988, 0.44, 75, 500, 5, 97, 18750, 10
1, 19427, 244, 248, 249, 6840578, 6868531, 0.44, 75, 500, 5, 85, 18750, 10
0, 21528, 247, 267, 258, 7617526, 7397779, 0.44, 75, 500, 5, 97, 18750, 10
0, 27000, 261, 275, 368, 8840759, 8690136, 0.44, 75, 500, 5, 141, 18750, 10
0, 20365, 274, 291, 280, 7114660, 6889311, 0.44, 75, 500, 5, 86, 18750, 10
0, 25011, 272, 303, 324, 8591448, 8324276, 0.44, 75, 500, 5, 121, 18750, 10
0, 23889, 223, 256, 245, 8103478, 7796622, 0.44, 75, 500, 5, 104, 18750, 10
0, 27000, 265, 316, 312, 8914817, 8686992, 0.44, 75, 500, 5, 123, 18750, 10
0, 23884, 224, 275, 246, 7825161, 7355050, 0.44, 75, 500, 5, 104, 18750, 10
1, 19070, 248, 250, 252, 7061127, 7084439, 0.44, 75, 500, 5, 84, 18750, 10
1, 19047, 259, 262, 264, 7160594, 7208830, 0.44, 75, 500, 5, 88, 18750, 10
0, 24479, 237, 277, 270, 8450540, 7953031, 0.44, 75, 500, 5, 113, 18750, 10
0, 20700, 251, 264, 258, 7711624, 7460206, 0.44, 75, 500, 5, 93, 18750, 10
1, 19739, 279, 281, 283, 7608565, 7679914, 0.44, 75, 500, 5, 91, 18750, 10
1, 19943, 255, 263, 265, 7489566, 7498572, 0.44, 75, 500, 5, 88, 18750, 10
1, 19436, 256, 257, 260, 7702655, 7724715, 0.44, 75, 500, 5, 86, 18750, 10
0, 26144, 229, 293, 264, 8025196, 7558803, 0.44, 75, 500, 5, 116, 18750, 10
1, 19070, 254, 255, 257, 7092532, 7121684, 0.44, 75, 500, 5, 86, 18750, 10
0, 24186, 241, 282, 281, 7977599, 7679795, 0.44, 75, 500, 5, 108, 18750, 10
1, 19089, 252, 253, 255, 6881143, 6893817, 0.44, 75, 500, 5, 84, 18750, 10
0, 19922, 234, 238, 244, 7844162, 7736553, 0.44, 75, 500, 5, 93, 18750, 10
1, 19069, 270, 271, 274, 7489607, 7493658, 0.44, 75, 500, 5, 89, 18750, 10
1, 20763, 267, 277, 278, 7277960, 7316166, 0.44, 75, 500, 5, 95, 18750, 10
0, 20626, 279, 304, 284, 7245693, 7006203, 0.44, 75, 500, 5, 92, 18750, 10
0, 24273, 304, 339, 330, 7975471, 7681893, 0.44, 75, 500, 5, 114, 18750, 10
0, 22904, 258, 284, 280, 7601974, 7411197, 0.44, 75, 500, 5, 100, 18750, 10
1, 19779, 236, 238, 246, 8491573, 8505297, 0.44, 75, 500, 5, 91, 18750, 10
0, 27000, 235, 305, 276, 8374833, 8085745, 0.44, 75, 500, 5, 119, 18750, 10
0, 27000, 286, 340, 353, 8572862, 8338807, 0.44, 75, 500, 5, 127, 18750, 10
0, 25977, 255, 317, 299, 8551902, 8258462, 0.44, 75, 500, 5, 117, 18750, 10
1, 18943, 250, 251, 253, 7344877, 7380696, 0.44, 75, 500, 5, 87, 18750, 10
0, 24625, 235, 265, 295, 8713489, 8285887, 0.44, 75, 500, 5, 118, 18750, 10
1, 19434, 244, 245, 248, 7200254, 7251512, 0.44, 75, 500, 5, 86, 18750, 10
0, 26167, 244, 304, 303, 8689751, 8382160, 0.44, 75, 500, 5, 118, 18750, 10
1, 20579, 252, 261, 267, 7999112, 8166193, 0.44, 75, 500, 5, 97, 18750, 10
1, 19534, 255, 256, 257, 7154467, 7172558, 0.44, 75, 500, 5, 86, 18750, 10
1, 20073, 275, 285, 283, 7558425, 7591480, 0.44, 75, 500, 5, 95, 18750, 10
1, 19076, 260, 262, 263, 7795017, 7809636, 0.44, 75, 500, 5, 88, 18750, 10
0, 21378, 267, 296, 277, 7139485, 6924815, 0.44, 75, 500, 5, 94, 18750, 10
0, 22183, 268, 309, 288, 7459522, 7090960, 0.44, 75, 500, 5, 99, 18750, 10
1, 19288, 236, 238, 240, 6682366, 6694205, 0.44, 75, 500, 5, 85, 18750, 10
1, 19328, 255, 256, 259, 7326635, 7421071, 0.44, 75, 500, 5, 88, 18750, 10
1, 19234, 244, 246, 249, 5534836, 5573138, 0.44, 75, 500, 4, 66, 18750, 10
1, 19291, 246, 248, 251, 6461711, 6503273, 0.44, 75, 500, 4, 68, 18750, 10
0, 22303, 249, 258, 297, 8311321, 8053993, 0.44, 75, 500, 5, 106, 18750, 10
1, 19622, 275, 279, 287, 7275289, 7311065, 0.44, 75, 500, 5, 95, 18750, 10
1, 19296, 257, 259, 260, 6338573, 6417716, 0.44, 75, 500, 4, 72, 18750, 10
1, 19151, 245, 247, 248, 6930269, 6935179, 0.44, 75, 500, 5, 87, 18750, 10
1, 19060, 238, 239, 243, 7474996, 7515404, 0.44, 75, 500, 5, 85, 18750, 10
1, 19115, 272, 275, 276, 6035665, 6058328, 0.44, 75, 500, 4, 72, 18750, 10
0, 26816, 255, 281, 345, 9405606, 8975749, 0.44, 75, 500, 5, 134, 18750, 10
1, 19361, 228, 230, 232, 7539255, 7587656, 0.44, 75, 500, 5, 92, 18750, 10
1, 19486, 268, 273, 276, 5725420, 5748202, 0.44, 75, 500, 4, 67, 18750, 10
0, 20510, 234, 249, 238, 5201249, 5024494, 0.44, 75, 500, 4, 66, 18750, 10
1, 20259, 266, 272, 271, 7298789, 7344231, 0.44, 75, 500, 5, 96, 18750, 10
0, 20716, 222, 239, 225, 5337857, 5155653, 0.44, 75, 500, 4, 69, 18750, 10
0, 21118, 256, 279, 271, 5754711, 5601095, 0.44, 75, 500, 4, 70, 18750, 10
1, 19600, 254, 255, 260, 6117687, 6147153, 0.44, 75, 500, 4, 70, 18750, 10
0, 26107, 253, 291, 317, 8955361, 8640099, 0.44, 75, 500, 5, 129, 18750, 10
0, 23459, 244, 283, 275, 5966171, 5701569, 0.44, 75, 500, 4, 79, 18750, 10
1, 20248, 259, 267, 270, 5774266, 5828476, 0.44, 75, 500, 4, 70, 18750, 10
0, 22639, 274, 312, 294, 5887943, 5707089, 0.44, 75, 500, 4, 79, 18750, 10
1, 19278, 256, 259, 261, 5574605, 5604926, 0.44, 75, 500, 4, 65, 18750, 10
0, 21264, 257, 275, 260, 5558962, 5265251, 0.44, 75, 500, 4, 68, 18750, 10
1, 19503, 243, 247, 249, 5544012, 5559419, 0.44, 75, 500, 4, 68, 18750, 10
0, 23061, 243, 281, 264, 6383060, 6103913, 0.44, 75, 500, 4, 76, 18750, 10
0, 22356, 228, 261, 244, 6027905, 5718846, 0.44, 75, 500, 4, 77, 18750, 10
1, 19281, 255, 258, 260, 5704933, 5723437, 0.44, 75, 500, 4, 65, 18750, 10
1, 19014, 259, 263, 262, 5410202, 5433096, 0.44, 75, 500, 4, 62, 18750, 10
0, 21427, 237, 255, 246, 6550973, 6274421, 0.44, 75, 500, 4, 72, 18750, 10
1, 19189, 268, 270, 273, 5674167, 5701020, 0.44, 75, 500, 4, 66, 18750, 10
1, 18869, 230, 231, 232, 5459905, 5478125, 0.44, 75, 500, 4, 64, 18750, 10
0, 22901, 264, 298, 289, 6535600, 6356979, 0.44, 75, 500, 4, 81, 18750, 10
1, 19548, 240, 247, 243, 5727306, 5731748, 0.44, 75, 500, 4, 65, 18750, 10
0, 24017, 264, 299, 312, 7048244, 6849054, 0.44, 75, 500, 4, 87, 18750, 10
0, 20790, 225, 248, 239, 5625699, 5502842, 0.44, 75, 500, 4, 69, 18750, 10
0, 27000, 246, 302, 314, 7134826, 6967581, 0.44, 75, 500, 4, 102, 18750, 10
1, 19502, 277, 282, 284, 6059130, 6139911, 0.44, 75, 500, 4, 71, 18750, 10
1, 21573, 241, 253, 265, 6073114, 6134034, 0.44, 75, 500, 4, 78, 18750, 10
1, 19156, 231, 233, 237, 5994376, 6014760, 0.44, 75, 500, 4, 70, 18750, 10
0, 20836, 251, 271, 267, 6155575, 5989780, 0.44, 75, 500, 4, 74, 18750, 10
1, 19264, 232, 234, 235, 6054082, 6074674, 0.44, 75, 500, 4, 68, 18750, 10
0, 25172, 221, 273, 267, 6413646, 6210744, 0.44, 75, 500, 4, 85, 18750, 10
0, 23448, 249, 284, 274, 6848316, 6585016, 0.44, 75, 500, 4, 86, 18750, 10
1, 19808, 239, 244, 248, 5891023, 5903111, 0.44, 75, 500, 4, 68, 18750, 10
1, 19056, 218, 219, 220, 5584054, 5612978, 0.44, 75, 500, 4, 63, 18750, 10
0, 25752, 242, 302, 288, 6530318, 6282882, 0.44, 75, 500, 4, 88, 18750, 10
1, 19405, 254, 258, 259, 6032668, 6057065, 0.44, 75, 500, 4, 63, 18750, 10
1, 19475, 234, 237, 236, 5795583, 5817586, 0.44, 75, 500, 4, 66, 18750, 10
0, 25264, 271, 330, 297, 6340195, 5963792, 0.44, 75, 500, 4, 89, 18750, 10
1, 19061, 267, 268, 270, 6003878, 6022081, 0.44, 75, 500, 4, 69, 18750, 10
0, 25293, 252, 296, 283, 7415432, 7067956, 0.44, 75, 500, 4, 94, 18750, 10
0, 23089, 247, 276, 267, 6620525, 6395148, 0.44, 75, 500, 4, 79, 18750, 10
1, 23354, 255, 280, 299, 5968409, 6009193, 0.44, 75, 500, 4, 84, 18750, 10
1, 19298, 238, 242, 242, 5236523, 5260778, 0.44, 75, 500, 4, 63, 18750, 10
1, 19242, 213, 215, 216, 6535511, 6541759, 0.44, 75, 500, 4, 67, 18750, 10
1, 19540, 265, 269, 270, 5570214, 5593848, 0.44, 75, 500, 4, 65, 18750, 10
1, 19496, 241, 244, 249, 5650138, 5665752, 0.44, 75, 500, 4, 69, 18750, 10
0, 22711, 225, 259, 248, 6369083, 6065285, 0.44, 75, 500, 4, 81, 18750, 10
0, 21038, 241, 263, 247, 5588998, 5405434, 0.44, 75, 500, 4, 72, 18750, 10
1, 19204, 246, 250, 251, 6258877, 6278056, 0.44, 75, 500, 4, 69, 18750, 10
0, 25925, 242, 293, 284, 6498817, 6319001, 0.44, 75, 500, 4, 96, 18750, 10
0, 20889, 266, 284, 274, 6043642, 5884978, 0.44, 75, 500, 4, 76, 18750, 10
1, 19207, 254, 255, 257, 5103713, 5105597, 0.44, 75, 500, 4, 69, 18750, 10
0, 27000, 250, 317, 319, 7541148, 7192865, 0.44, 75, 500, 4, 104, 18750, 10
1, 19187, 240, 241, 245, 6140602, 6153241, 0.44, 75, 500, 4, 71, 18750, 10
1, 19620, 254, 257, 259, 5609668, 5625499, 0.44, 75, 500, 4, 67, 18750, 10
0, 22418, 252, 282, 262, 5640727, 5415536, 0.44, 75, 500, 4, 79, 18750, 10
1, 19642, 238, 240, 241, 6289334, 6301552, 0.44, 75, 500, 4, 72, 18750, 10
0, 27000, 255, 305, 320, 7452845, 7429409, 0.44, 75, 500, 4, 108, 18750, 10
1, 19965, 251, 256, 260, 6060467, 6088725, 0.44, 75, 500, 4, 69, 18750, 10
1, 19371, 253, 256, 258, 5730031, 5772734, 0.44, 75, 500, 4, 67, 18750, 10
1, 20014, 255, 262, 260, 5871907, 5905227, 0.44, 75, 500, 4, 72, 18750, 10
0, 22205, 255, 282, 272, 6539359, 6358909, 0.44, 75, 500, 4, 81, 18750, 10
1, 19746, 250, 251, 255, 5681500, 5725550, 0.44, 75, 500, 4, 69, 18750, 10
1, 19273, 279, 280, 283, 5414119, 5439008, 0.44, 75, 500, 4, 68, 18750, 10
0, 20624, 260, 280, 269, 5397268, 5265738, 0.44, 75, 500, 4, 69, 18750, 10
1, 20024, 255, 260, 266, 6056219, 6064378, 0.44, 75, 500, 4, 73, 18750, 10
0, 22682, 237, 270, 258, 5994006, 5746468, 0.44, 75, 500, 4, 76, 18750, 10
0, 25129, 252, 318, 301, 6681290, 6403083, 0.44, 75, 500, 4, 93, 18750, 10
1, 23747, 254, 283, 288, 6437757, 6465538, 0.44, 75, 500, 4, 85, 18750, 10
1, 19774, 238, 243, 243, 5061729, 5069892, 0.44, 75, 500, 4, 67, 18750, 10
0, 22220, 265, 288, 289, 6412762, 6239615, 0.44, 75, 500, 4, 80, 18750, 10
0, 27000, 258, 310, 319, 7312765, 7123276, 0.44, 75, 500, 4, 105, 18750, 10
1, 20250, 249, 252, 261, 6794219, 6965686, 0.44, 75, 500, 4, 77, 18750, 10
0, 25205, 230, 279, 273, 6710475, 6488367, 0.44, 75, 500, 4, 94, 18750, 10
1, 19230, 268, 270, 273, 5530259, 5548530, 0.44, 75, 500, 4, 66, 18750, 10
1, 19266, 251, 254, 258, 5871241, 5881630, 0.44, 75, 500, 4, 67, 18750, 10
1, 18976, 266, 269, 269, 5854837, 5866000, 0.44, 75, 500, 4, 68, 18750, 10
1, 19159, 222, 223, 225, 5721611, 5746447, 0.44, 75, 500, 4, 66, 18750, 10
0, 23548, 278, 298, 298, 6484011, 6292989, 0.44, 75, 500, 4, 85, 18750, 10
0, 21300, 240, 267, 252, 5561437, 5421624, 0.44, 75, 500, 4, 71, 18750, 10
0, 20341, 265, 283, 273, 5820800, 5640149, 0.44, 75, 500, 4, 72, 18750, 10
1, 19129, 259, 260, 264, 6087272, 6124182, 0.44, 75, 500, 4, 66, 18750, 10
1, 20048, 245, 246, 253, 6510254, 6563556, 0.44, 75, 500, 4, 73, 18750, 10
0, 22812, 248, 268, 275, 6898953, 6665790, 0.44, 75, 500, 4, 85, 18750, 10
0, 21717, 277, 314, 297, 6339574, 6103096, 0.44, 75, 500, 4, 77, 18750, 10
0, 22689, 252, 284, 269, 5812323, 5615228, 0.44, 75, 500, 4, 77, 18750, 10
0, 21493, 256, 290, 273, 5924423, 5760022, 0.44, 75, 500, 4, 75, 18750, 10
0, 21121, 264, 294, 274, 5819951, 5583853, 0.44, 75, 500, 4, 71, 18750, 10
1, 20673, 217, 227, 239, 6715669, 6717937, 0.44, 75, 500, 4, 75, 18750, 10
0, 20201, 251, 269, 258, 4300754, 4163412, 0.44, 75, 500, 3, 48, 18750, 10
0, 22354, 250, 285, 268, 5837850, 5526669, 0.44, 75, 500, 4, 77, 18750, 10
0, 27000, 241, 309, 311, 7664752, 7365742, 0.44, 75, 500, 4, 105, 18750, 10
1, 19626, 253, 256, 262, 6456712, 6505317, 0.44, 75, 500, 4, 74, 18750, 10
1, 19158, 221, 227, 229, 5097341, 5104337, 0.44, 75, 500, 4, 62, 18750, 10
1, 20256, 224, 233, 234, 5757674, 5769725, 0.44, 75, 500, 4, 68, 18750, 10
1, 19360, 255, 256, 261, 4545284, 4601891, 0.44, 75, 500, 3, 48, 18750, 10
0, 21289, 260, 276, 264, 5784237, 5557667, 0.44, 75, 500, 4, 73, 18750, 10
0, 23173, 257, 287, 277, 6017850, 5784992, 0.44, 75, 500, 4, 79, 18750, 10
1, 19475, 253, 256, 258, 3909099, 3928810, 0.44, 75, 500, 3, 46, 18750, 10
0, 21387, 272, 290, 278, 3830917, 3670897, 0.44, 75, 500, 3, 46, 18750, 10
1, 18943, 251, 252, 253, 4298676, 4302877, 0.44, 75, 500, 3, 46, 18750, 10
0, 26935, 225, 301, 280, 6977577, 6727140, 0.44, 75, 500, 4, 98, 18750, 10
0, 27000, 267, 316, 335, 5539453, 5475807, 0.44, 75, 500, 3, 72, 18750, 10
0, 27000, 232, 285, 299, 7537921, 7289700, 0.44, 75, 500, 4, 98, 18750, 10
1, 19772, 245, 249, 248, 4219064, 4235610, 0.44, 75, 500, 3, 49, 18750, 10
1, 19408, 224, 227, 229, 4919035, 4942396, 0.44, 75, 500, 3, 48, 18750, 10
1, 18844, 247, 248, 249, 4133727, 4134141, 0.44, 75, 500, 3, 44, 18750, 10
1, 19837, 268, 269, 279, 5112612, 5170612, 0.44, 75, 500, 3, 53, 18750, 10
1, 20400, 234, 235, 264, 4636644, 4680946, 0.44, 75, 500, 3, 56, 18750, 10
1, 19672, 266, 272, 271, 4507227, 4552792, 0.44, 75, 500, 3, 48, 18750, 10
1, 19358, 254, 258, 260, 4457173, 4459968, 0.44, 75, 500, 3, 46, 18750, 10
1, 19189, 237, 238, 240, 4252189, 4264033, 0.44, 75, 500, 3, 43, 18750, 10
1, 19176, 240, 244, 245, 4262853, 4273881, 0.44, 75, 500, 3, 47, 18750, 10
0, 26336, 256, 303, 309, 5302490, 4990752, 0.44, 75, 500, 3, 70, 18750, 10
1, 19021, 256, 258, 260, 4515586, 4530832, 0.44, 75, 500, 3, 48, 18750, 10
0, 21934, 271, 293, 289, 4323045, 4179803, 0.44, 75, 500, 3, 51, 18750, 10
0, 22518, 247, 276, 269, 4505705, 4313936, 0.44, 75, 500, 3, 53, 18750, 10
1, 19726, 279, 285, 286, 4610982, 4620640, 0.44, 75, 500, 3, 51, 18750, 10
1, 19303, 216, 217, 219, 4601057, 4651874, 0.44, 75, 500, 3, 50, 18750, 10
0, 21045, 248, 268, 257, 3768981, 3618759, 0.44, 75, 500, 3, 46, 18750, 10
0, 20410, 268, 283, 275, 3520518, 3388554, 0.44, 75, 500, 3, 45, 18750, 10
1, 19328, 269, 271, 276, 4511581, 4542686, 0.44, 75, 500, 3, 51, 18750, 10
1, 20236, 259, 266, 267, 3942162, 3951727, 0.44, 75, 500, 3, 45, 18750, 10
0, 23768, 260, 300, 291, 4666809, 4505348, 0.44, 75, 500, 3, 59, 18750, 10
0, 20866, 247, 266, 259, 4234407, 4114624, 0.44, 75, 500, 3, 49, 18750, 10
0, 21494, 256, 265, 278, 5078545, 4923495, 0.44, 75, 500, 3, 57, 18750, 10
1, 19491, 256, 266, 262, 4656175, 4668769, 0.44, 75, 500, 3, 48, 18750, 10
0, 22194, 249, 278, 269, 4801347, 4641095, 0.44, 75, 500, 3, 55, 18750, 10
1, 19503, 257, 259, 265, 4524018, 4544082, 0.44, 75, 500, 3, 52, 18750, 10
1, 18997, 253, 254, 257, 4699753, 4707096, 0.44, 75, 500, 3, 50, 18750, 10
1, 19902, 234, 240, 242, 4536241, 4536325, 0.44, 75, 500, 3, 48, 18750, 10
1, 19700, 283, 290, 293, 4210983, 4233483, 0.44, 75, 500, 3, 49, 18750, 10
0, 23807, 298, 340, 329, 5209053, 4963874, 0.44, 75, 500, 3, 60, 18750, 10
1, 19106, 250, 253, 254, 4522596, 4522639, 0.44, 75, 500, 3, 46, 18750, 10
1, 18939, 246, 247, 248, 4501478, 4506340, 0.44, 75, 500, 3, 46, 18750, 10
0, 25238, 245, 293, 275, 5241359, 4968912, 0.44, 75, 500, 3, 62, 18750, 10
0, 20568, 278, 299, 285, 4020057, 3888989, 0.44, 75, 500, 3, 47, 18750, 10
0, 22621, 276, 317, 302, 4499361, 4301535, 0.44, 75, 500, 3, 55, 18750, 10
1, 19867, 236, 243, 243, 4207129, 4213423, 0.44, 75, 500, 3, 45, 18750, 10
1, 21494, 252, 266, 270, 4684102, 4698608, 0.44, 75, 500, 3, 54, 18750, 10
0, 24953, 247, 305, 292, 5616626, 5397528, 0.44, 75, 500, 3, 66, 18750, 10
1, 19152, 225, 228, 230, 3988511, 3998351, 0.44, 75, 500, 3, 43, 18750, 10
0, 20028, 238, 247, 246, 4450685, 4321839, 0.44, 75, 500, 3, 51, 18750, 10
0, 20706, 275, 291, 281, 4185614, 4024828, 0.44, 75, 500, 3, 46, 18750, 10
0, 24958, 256, 283, 307, 5803635, 5599455, 0.44, 75, 500, 3, 66, 18750, 10
1, 19549, 246, 250, 258, 4893473, 4945462, 0.44, 75, 500, 3, 52, 18750, 10
1, 19863, 254, 256, 270, 4810450, 4822430, 0.44, 75, 500, 3, 51, 18750, 10
1, 19438, 254, 257, 259, 4341395, 4354152, 0.44, 75, 500, 3, 46, 18750, 10
1, 19359, 251, 259, 259, 4156851, 4163258, 0.44, 75, 500, 3, 46, 18750, 10
0, 20209, 261, 271, 265, 3917673, 3806481, 0.44, 75, 500, 3, 48, 18750, 10
1, 19352, 244, 245, 249, 4775109, 4796747, 0.44, 75, 500, 3, 48, 18750, 10
1, 20126, 261, 265, 278, 4908203, 4920418, 0.44, 75, 500, 3, 51, 18750, 10
1, 18896, 244, 245, 246, 4351825, 4358166, 0.44, 75, 500, 3, 44, 18750, 10
1, 23048, 286, 297, 326, 5318107, 5331694, 0.44, 75, 500, 3, 62, 18750, 10
1, 20890, 253, 269, 264, 4965774, 4982756, 0.44, 75, 500, 3, 51, 18750, 10
1, 18848, 252, 253, 254, 4510189, 4516320, 0.44, 75, 500, 3, 43, 18750, 10
0, 23892, 256, 295, 297, 4989284, 4872875, 0.44, 75, 500, 3, 59, 18750, 10
1, 19187, 234, 235, 236, 4558401, 4576271, 0.44, 75, 500, 3, 46, 18750, 10
0, 19472, 264, 276, 266, 3515337, 3408864, 0.44, 75, 500, 3, 43, 18750, 10
1, 19719, 223, 226, 230, 4486517, 4521461, 0.44, 75, 500, 3, 50, 18750, 10
0, 23711, 269, 319, 300, 4862382, 4707710, 0.44, 75, 500, 3, 58, 18750, 10
1, 19537, 251, 253, 255, 4175284, 4196108, 0.44, 75, 500, 3, 49, 18750, 10
0, 21798, 257, 277, 266, 4411022, 4217840, 0.44, 75, 500, 3, 52, 18750, 10
1, 19403, 255, 259, 260, 4175227, 4209052, 0.44, 75, 500, 3, 46, 18750, 10
1, 19823, 271, 274, 276, 4200049, 4234722, 0.44, 75, 500, 3, 47, 18750, 10
1, 19355, 239, 240, 245, 5023409, 5057483, 0.44, 75, 500, 3, 48, 18750, 10
1, 19054, 259, 261, 265, 3733609, 3740850, 0.44, 75, 500, 3, 41, 18750, 10
1, 19209, 264, 267, 269, 4854411, 4859031, 0.44, 75, 500, 3, 48, 18750, 10
0, 27000, 259, 301, 331, 5735450, 5580363, 0.44, 75, 500, 3, 72, 18750, 10
1, 19820, 267, 270, 274, 4489842, 4519563, 0.44, 75, 500, 3, 49, 18750, 10
0, 25998, 256, 317, 304, 4774964, 4587194, 0.44, 75, 500, 3, 66, 18750, 10
1, 20567, 261, 263, 292, 5124467, 5151703, 0.44, 75, 500, 3, 55, 18750, 10
0, 22409, 234, 267, 265, 4857314, 4705939, 0.44, 75, 500, 3, 56, 18750, 10
0, 21041, 252, 266, 261, 4531343, 4386915, 0.44, 75, 500, 3, 53, 18750, 10
1, 24898, 234, 274, 279, 4816205, 4842824, 0.44, 75, 500, 3, 65, 18750, 10
0, 24161, 262, 311, 295, 4852726, 4667008, 0.44, 75, 500, 3, 64, 18750, 10
1, 19069, 271, 272, 280, 4735249, 4736378, 0.44, 75, 500, 3, 51, 18750, 10
1, 20272, 261, 275, 269, 5001423, 5018414, 0.44, 75, 500, 3, 53, 18750, 10
1, 18980, 253, 254, 256, 4488504, 4494512, 0.44, 75, 500, 3, 51, 18750, 10
0, 25863, 243, 303, 297, 5516116, 5288037, 0.44, 75, 500, 3, 71, 18750, 10
1, 19670, 245, 249, 258, 4712411, 4789223, 0.44, 75, 500, 3, 52, 18750, 10
1, 19389, 244, 246, 247, 4839283, 4872820, 0.44, 75, 500, 3, 51, 18750, 10
0, 27000, 246, 305, 288, 5348839, 5237539, 0.44, 75, 500, 3, 74, 18750, 10
0, 21078, 262, 283, 273, 4219662, 4064681, 0.44, 75, 500, 3, 52, 18750, 10
0, 27000, 236, 303, 289, 5398848, 5113743, 0.44, 75, 500, 3, 76, 18750, 10
0, 21230, 205, 221, 210, 4471657, 4323905, 0.44, 75, 500, 3, 54, 18750, 10
0, 23572, 263, 307, 285, 4435599, 4244626, 0.44, 75, 500, 3, 60, 18750, 10
0, 24136, 270, 308, 292, 4689488, 4466713, 0.44, 75, 500, 3, 62, 18750, 10
1, 19346, 232, 236, 235, 4309393, 4317105, 0.44, 75, 500, 3, 46, 18750, 10
0, 21217, 260, 278, 268, 4335649, 4208932, 0.44, 75, 500, 3, 53, 18750, 10
1, 18825, 244, 245, 246, 4417855, 4421893, 0.44, 75, 500, 3, 51, 18750, 10
1, 19519, 252, 260, 254, 4328280, 4345162, 0.44, 75, 500, 3, 55, 18750, 10
0, 23321, 238, 282, 265, 4223138, 4034435, 0.44, 75, 500, 3, 57, 18750, 10
0, 21702, 253, 273, 265, 4104956, 3933084, 0.44, 75, 500, 3, 53, 18750, 10
1, 20006, 260, 267, 263, 4666878, 4694567, 0.44, 75, 500, 3, 52, 18750, 10
1, 19795, 254, 258, 260, 2759828, 2776896, 0.44, 75, 500, 2, 31, 18750, 10
1, 19714, 266, 269, 280, 3397727, 3408604, 0.44, 75, 500, 2, 36, 18750, 10
1, 19405, 254, 257, 261, 3647158, 3659563, 0.44, 75, 500, 2, 35, 18750, 10
1, 19876, 256, 262, 263, 4496457, 4526530, 0.44, 75, 500, 3, 53, 18750, 10
1, 19594, 258, 267, 265, 2632698, 2635084, 0.44, 75, 500, 2, 30, 18750, 10
1, 20029, 246, 253, 256, 4332050, 4340101, 0.44, 75, 500, 3, 54, 18750, 10
1, 20879, 273, 283, 294, 3211011, 3234998, 0.44, 75, 500, 2, 35, 18750, 10
0, 27000, 256, 329, 331, 5488100, 5390222, 0.44, 75, 500, 3, 76, 18750, 10
0, 22191, 251, 275, 274, 3188477, 3105091, 0.44, 75, 500, 2, 34, 18750, 10
1, 19550, 279, 282, 282, 3075611, 3081081, 0.44, 75, 500, 2, 32, 18750, 10
0, 22460, 243, 261, 258, 3196127, 3106439, 0.44, 75, 500, 2, 37, 18750, 10
0, 20648, 256, 269, 262, 2839232, 2718502, 0.44, 75, 500, 2, 31, 18750, 10
0, 23363, 261, 301, 298, 3071744, 2972779, 0.44, 75, 500, 2, 39, 18750, 10
0, 21111, 244, 263, 255, 3206903, 3091849, 0.44, 75, 500, 2, 36, 18750, 10
1, 19886, 281, 287, 288, 2801322, 2806467, 0.44, 75, 500, 2, 31, 18750, 10
1, 19574, 242, 247, 251, 2650338, 2652032, 0.44, 75, 500, 2, 30, 18750, 10
0, 21339, 254, 278, 265, 2785326, 2676772, 0.44, 75, 500, 2, 32, 18750, 10
0, 20091, 241, 259, 247, 2416975, 2334618, 0.44, 75, 500, 2, 30, 18750, 10
1, 19056, 266, 267, 269, 3013092, 3021071, 0.44, 75, 500, 2, 32, 18750, 10
1, 19472, 258, 259, 266, 3281926, 3297412, 0.44, 75, 500, 2, 34, 18750, 10
0, 21447, 269, 293, 283, 3020838, 2903038, 0.44, 75, 500, 2, 33, 18750, 10
1, 19764, 223, 231, 236, 3297297, 3379881, 0.44, 75, 500, 2, 33, 18750, 10
1, 18920, 254, 255, 256, 2766383, 2770573, 0.44, 75, 500, 2, 31, 18750, 10
1, 19197, 264, 267, 269, 2848019, 2863907, 0.44, 75, 500, 2, 32, 18750, 10
0, 22776, 247, 273, 283, 3319763, 3201972, 0.44, 75, 500, 2, 38, 18750, 10
1, 20625, 263, 274, 273, 2949966, 2956274, 0.44, 75, 500, 2, 33, 18750, 10
0, 20116, 277, 289, 283, 2979594, 2883489, 0.44, 75, 500, 2, 31, 18750, 10
0, 20809, 264, 285, 275, 3115628, 3033107, 0.44, 75, 500, 2, 33, 18750, 10
0, 25763, 258, 312, 299, 3530424, 3390209, 0.44, 75, 500, 2, 41, 18750, 10
1, 19750, 239, 245, 250, 2499715, 2530889, 0.44, 75, 500, 2, 29, 18750, 10
1, 20080, 258, 263, 265, 3677575, 3755238, 0.44, 75, 500, 2, 36, 18750, 10
1, 19975, 243, 247, 250, 2788003, 2793664, 0.44, 75, 500, 2, 29, 18750, 10
0, 21317, 259, 284, 271, 2655847, 2568568, 0.44, 75, 500, 2, 32, 18750, 10
1, 19401, 251, 256, 256, 2810771, 2815494, 0.44, 75, 500, 2, 32, 18750, 10
1, 19888, 245, 249, 256, 2987726, 3002260, 0.44, 75, 500, 2, 34, 18750, 10
1, 20057, 255, 260, 268, 2921095, 2933001, 0.44, 75, 500, 2, 32, 18750, 10
1, 20082, 253, 257, 259, 2875438, 2882567, 0.44, 75, 500, 2, 32, 18750, 10
0, 22258, 239, 269, 256, 2646362, 2535538, 0.44, 75, 500, 2, 36, 18750, 10
1, 21066, 250, 262, 270, 3245639, 3249463, 0.44, 75, 500, 2, 39, 18750, 10
1, 19778, 263, 269, 269, 3470710, 3471011, 0.44, 75, 500, 2, 38, 18750, 10
0, 20877, 244, 262, 254, 2719511, 2615302, 0.44, 75, 500, 2, 34, 18750, 10
1, 19764, 246, 254, 254, 2709130, 2709621, 0.44, 75, 500, 2, 33, 18750, 10
1, 19604, 274, 278, 277, 3227492, 3240336, 0.44, 75, 500, 2, 35, 18750, 10
0, 21069, 244, 264, 256, 2603062, 2532444, 0.44, 75, 500, 2, 32, 18750, 10
0, 20545, 251, 264, 257, 2596247, 2509005, 0.44, 75, 500, 2, 32, 18750, 10
1, 19371, 241, 242, 250, 2991427, 3022831, 0.44, 75, 500, 2, 35, 18750, 10
0, 25835, 261, 313, 307, 4040457, 3896831, 0.44, 75, 500, 2, 47, 18750, 10
1, 19611, 248, 251, 254, 3261487, 3276644, 0.44, 75, 500, 2, 35, 18750, 10
1, 19665, 235, 242, 247, 3024477, 3031557, 0.44, 75, 500, 2, 35, 18750, 10
0, 22775, 277, 315, 294, 2815365, 2695464, 0.44, 75, 500, 2, 41, 18750, 10
0, 22175, 242, 264, 252, 2723809, 2629111, 0.44, 75, 500, 2, 32, 18750, 10
0, 21662, 277, 304, 293, 2635676, 2537655, 0.44, 75, 500, 2, 33, 18750, 10
1, 19344, 251, 253, 254, 3029763, 3048899, 0.44, 75, 500, 2, 36, 18750, 10
0, 20729, 255, 270, 257, 2624878, 2511904, 0.44, 75, 500, 2, 31, 18750, 10
0, 21439, 266, 290, 278, 2589813, 2497332, 0.44, 75, 500, 2, 36, 18750, 10
0, 22682, 270, 298, 284, 2847240, 2717665, 0.44, 75, 500, 2, 40, 18750, 10
0, 21142, 244, 267, 255, 2899686, 2792500, 0.44, 75, 500, 2, 35, 18750, 10
1, 23688, 234, 261, 258, 3140799, 3146902, 0.44, 75, 500, 2, 42, 18750, 10
1, 20165, 239, 243, 249, 3412558, 3424270, 0.44, 75, 500, 2, 38, 18750, 10
0, 21734, 267, 289, 278, 2520507, 2421141, 0.44, 75, 500, 2, 33, 18750, 10
0, 21661, 261, 287, 278, 3020243, 2938280, 0.44, 75, 500, 2, 39, 18750, 10
1, 21838, 264, 277, 286, 3252427, 3255077, 0.44, 75, 500, 2, 41, 18750, 10
0, 27000, 216, 239, 300, 4119183, 4057946, 0.44, 75, 500, 2, 60, 18750, 10
0, 20731, 253, 272, 261, 2644919, 2544568, 0.44, 75, 500, 2, 34, 18750, 10
0, 20378, 246, 265, 256, 3075012, 2997564, 0.44, 75, 500, 2, 36, 18750, 10
1, 19545, 241, 244, 251, 2742740, 2756358, 0.44, 75, 500, 2, 34, 18750, 10
1, 19947, 250, 255, 264, 3241024, 3259585, 0.44, 75, 500, 2, 39, 18750, 10
1, 19708, 260, 261, 263, 2702824, 2709437, 0.44, 75, 500, 2, 31, 18750, 10
0, 23740, 259, 296, 287, 3172251, 3050938, 0.44, 75, 500, 2, 41, 18750, 10
1, 19359, 237, 239, 245, 3117382, 3129286, 0.44, 75, 500, 2, 34, 18750, 10
1, 19937, 251, 257, 260, 2870569, 2874527, 0.44, 75, 500, 2, 31, 18750, 10
0, 24741, 252, 296, 299, 3439832, 3260871, 0.44, 75, 500, 2, 44, 18750, 10
0, 20365, 261, 279, 266, 2828042, 2723759, 0.44, 75, 500, 2, 34, 18750, 10
1, 20047, 246, 249, 252, 2877459, 2899424, 0.44, 75, 500, 2, 35, 18750, 10
1, 19721, 276, 285, 284, 2973193, 2992041, 0.44, 75, 500, 2, 35, 18750, 10
1, 20433, 264, 269, 268, 2859190, 2875783, 0.44, 75, 500, 2, 35, 18750, 10
1, 22310, 256, 274, 289, 3036031, 3041367, 0.44, 75, 500, 2, 39, 18750, 10
1, 20472, 253, 261, 262, 2840039, 2850399, 0.44, 75, 500, 2, 33, 18750, 10
1, 19724, 235, 239, 241, 3171673, 3181432, 0.44, 75, 500, 2, 33, 18750, 10
0, 21805, 247, 279, 254, 2855004, 2720126, 0.44, 75, 500, 2, 36, 18750, 10
1, 19706, 252, 258, 256, 2970120, 2977307, 0.44, 75, 500, 2, 33, 18750, 10
1, 19849, 272, 275, 280, 3061723, 3122079, 0.44, 75, 500, 2, 35, 18750, 10
1, 19605, 259, 263, 266, 2908131, 2911759, 0.44, 75, 500, 2, 31, 18750, 10
0, 25779, 282, 327, 335, 4010824, 3851211, 0.44, 75, 500, 2, 49, 18750, 10
0, 22668, 260, 290, 274, 2715538, 2611836, 0.44, 75, 500, 2, 33, 18750, 10
0, 21444, 265, 285, 274, 2780851, 2656996, 0.44, 75, 500, 2, 34, 18750, 10
0, 27000, 274, 291, 357, 3960362, 3956883, 0.44, 75, 500, 2, 52, 18750, 10
1, 19560, 257, 260, 266, 3018257, 3020374, 0.44, 75, 500, 2, 30, 18750, 10
0, 26487, 256, 306, 303, 3778989, 3647846, 0.44, 75, 500, 2, 48, 18750, 10
1, 19776, 273, 282, 283, 2528646, 2533873, 0.44, 75, 500, 2, 31, 18750, 10
0, 23027, 242, 285, 262, 3092676, 2964048, 0.44, 75, 500, 2, 39, 18750, 10
0, 24765, 247, 300, 281, 3164222, 3033254, 0.44, 75, 500, 2, 46, 18750, 10
0, 20977, 257, 277, 265, 2846590, 2744105, 0.44, 75, 500, 2, 30, 18750, 10
1, 19159, 239, 240, 241, 2969085, 2980815, 0.44, 75, 500, 2, 34, 18750, 10
0, 20759, 247, 264, 257, 2983645, 2887130, 0.44, 75, 500, 2, 32, 18750, 10
0, 22447, 269, 299, 283, 3245920, 3120775, 0.44, 75, 500, 2, 39, 18750, 10
0, 20583, 269, 288, 277, 1456351, 1398324, 0.44, 75, 500, 1, 17, 18750, 10
0, 24408, 261, 300, 288, 1772547, 1707119, 0.44, 75, 500, 1, 20, 18750, 10
1, 19710, 276, 280, 282, 3023698, 3029934, 0.44, 75, 500, 2, 34, 18750, 10
0, 23470, 231, 272, 270, 3493615, 3383276, 0.44, 75, 500, 2, 40, 18750, 10
1, 20073, 227, 233, 233, 3131410, 3140528, 0.44, 75, 500, 2, 30, 18750, 10
0, 20690, 213, 232, 218, 2633550, 2504844, 0.44, 75, 500, 2, 32, 18750, 10
0, 20412, 263, 282, 270, 2390419, 2295920, 0.44, 75, 500, 2, 29, 18750, 10
1, 20078, 257, 267, 267, 1563224, 1563600, 0.44, 75, 500, 1, 17, 18750, 10
0, 20721, 266, 281, 275, 2850331, 2745315, 0.44, 75, 500, 2, 34, 18750, 10
1, 20228, 264, 276, 276, 1311042, 1311116, 0.44, 75, 500, 1, 17, 18750, 10
1, 23563, 251, 282, 283, 1579983, 1583179, 0.44, 75, 500, 1, 20, 18750, 10
0, 27000, 238, 303, 297, 1893226, 1854013, 0.44, 75, 500, 1, 25, 18750, 10
1, 20573, 271, 282, 289, 1447444, 1487408, 0.44, 75, 500, 1, 16, 18750, 10
1, 20234, 252, 262, 264, 1493837, 1506028, 0.44, 75, 500, 1, 16, 18750, 10
0, 22938, 265, 297, 287, 1757025, 1694094, 0.44, 75, 500, 1, 20, 18750, 10
1, 21138, 221, 239, 244, 2958059, 2958112, 0.44, 75, 500, 2, 39, 18750, 10
1, 20535, 277, 288, 290, 1486804, 1498434, 0.44, 75, 500, 1, 17, 18750, 10
1, 20459, 224, 234, 238, 1629826, 1655385, 0.44, 75, 500, 1, 16, 18750, 10
0, 22910, 274, 304, 293, 1592620, 1530645, 0.44, 75, 500, 1, 17, 18750, 10
1, 20455, 236, 250, 251, 1350523, 1355188, 0.44, 75, 500, 1, 15, 18750, 10
1, 19849, 244, 255, 255, 1389896, 1390503, 0.44, 75, 500, 1, 15, 18750, 10
1, 20517, 265, 277, 279, 1363170, 1374549, 0.44, 75, 500, 1, 16, 18750, 10
1, 23066, 265, 299, 300, 1511184, 1513868, 0.44, 75, 500, 1, 17, 18750, 10
1, 20350, 247, 258, 259, 1471523, 1476914, 0.44, 75, 500, 1, 17, 18750, 10
0, 20560, 261, 278, 268, 1609781, 1544775, 0.44, 75, 500, 1, 16, 18750, 10
1, 20358, 262, 272, 272, 1509687, 1509891, 0.44, 75, 500, 1, 15, 18750, 10
1, 21902, 260, 278, 279, 1576167, 1581118, 0.44, 75, 500, 1, 17, 18750, 10
1, 20054, 244, 254, 257, 1548540, 1567352, 0.44, 75, 500, 1, 16, 18750, 10
0, 22067, 274, 298, 287, 1468720, 1412157, 0.44, 75, 500, 1, 19, 18750, 10
1, 20118, 239, 250, 252, 1409674, 1420085, 0.44, 75, 500, 1, 16, 18750, 10
1, 19981, 262, 272, 273, 1577344, 1583266, 0.44, 75, 500, 1, 17, 18750, 10
1, 20639, 244, 255, 260, 1501218, 1530997, 0.44, 75, 500, 1, 18, 18750, 10
1, 20337, 242, 252, 253, 1609677, 1615827, 0.44, 75, 500, 1, 18, 18750, 10
0, 20715, 255, 274, 264, 1467482, 1413296, 0.44, 75, 500, 1, 16, 18750, 10
1, 21205, 268, 278, 279, 1626781, 1632207, 0.44, 75, 500, 1, 17, 18750, 10
1, 21876, 244, 259, 259, 1419246, 1419503, 0.44, 75, 500, 1, 19, 18750, 10
0, 23658, 232, 276, 267, 1441314, 1387753, 0.44, 75, 500, 1, 20, 18750, 10
1, 20323, 262, 272, 272, 1569498, 1569503, 0.44, 75, 500, 1, 16, 18750, 10
1, 23439, 279, 310, 310, 1600812, 1602513, 0.44, 75, 500, 1, 19, 18750, 10
1, 20830, 255, 266, 270, 1422478, 1445161, 0.44, 75, 500, 1, 18, 18750, 10
0, 20486, 228, 247, 237, 1436583, 1383078, 0.44, 75, 500, 1, 17, 18750, 10
1, 21158, 242, 252, 252, 1561783, 1566861, 0.44, 75, 500, 1, 16, 18750, 10
0, 20572, 229, 246, 235, 1485725, 1426032, 0.44, 75, 500, 1, 16, 18750, 10
1, 20254, 273, 284, 288, 1433325, 1456044, 0.44, 75, 500, 1, 16, 18750, 10
1, 21381, 255, 265, 269, 1596477, 1621350, 0.44, 75, 500, 1, 18, 18750, 10
1, 20319, 269, 279, 280, 1544920, 1550730, 0.44, 75, 500, 1, 15, 18750, 10
1, 20938, 247, 258, 264, 1449854, 1483675, 0.44, 75, 500, 1, 16, 18750, 10
1, 20219, 248, 259, 260, 1433658, 1439951, 0.44, 75, 500, 1, 17, 18750, 10
1, 20987, 266, 277, 284, 1497249, 1535843, 0.44, 75, 500, 1, 17, 18750, 10
0, 21493, 254, 278, 268, 1531629, 1475144, 0.44, 75, 500, 1, 16, 18750, 10
1, 21387, 274, 288, 290, 1901460, 1906762, 0.44, 75, 500, 1, 16, 18750, 10
0, 22096, 277, 306, 295, 1533665, 1473960, 0.44, 75, 500, 1, 16, 18750, 10
1, 20585, 249, 260, 265, 1409451, 1438004, 0.44, 75, 500, 1, 15, 18750, 10
0, 20604, 247, 264, 253, 1588401, 1523996, 0.44, 75, 500, 1, 15, 18750, 10
1, 20618, 273, 284, 287, 1368383, 1384373, 0.44, 75, 500, 1, 15, 18750, 10
0, 25647, 285, 335, 324, 1744065, 1681071, 0.44, 75, 500, 1, 21, 18750, 10
0, 21935, 257, 284, 273, 1397008, 1343299, 0.44, 75, 500, 1, 17, 18750, 10
0, 20135, 247, 263, 252, 1487678, 1427063, 0.44, 75, 500, 1, 15, 18750, 10
1, 21261, 279, 298, 299, 1460767, 1464413, 0.44, 75, 500, 1, 16, 18750, 10
1, 20786, 254, 264, 267, 1524622, 1542937, 0.44, 75, 500, 1, 15, 18750, 10
1, 20357, 273, 283, 283, 1556428, 1557247, 0.44, 75, 500, 1, 15, 18750, 10
1, 20821, 236, 247, 253, 1456828, 1490656, 0.44, 75, 500, 1, 16, 18750, 10
1, 20412, 249, 260, 260, 1409639, 1410398, 0.44, 75, 500, 1, 14, 18750, 10
1, 21269, 256, 267, 273, 1444631, 1478262, 0.44, 75, 500, 1, 17, 18750, 10
0, 22362, 257, 288, 278, 1556182, 1499568, 0.44, 75, 500, 1, 17, 18750, 10
1, 21203, 237, 248, 252, 1435980, 1456942, 0.44, 75, 500, 1, 16, 18750, 10
0, 24277, 241, 289, 277, 1608508, 1543845, 0.44, 75, 500, 1, 20, 18750, 10
1, 20541, 220, 230, 235, 1549119, 1578828, 0.44, 75, 500, 1, 15, 18750, 10
0, 23011, 270, 302, 291, 1723648, 1657967, 0.44, 75, 500, 1, 17, 18750, 10
1, 20993, 263, 285, 286, 1509897, 1514158, 0.44, 75, 500, 1, 17, 18750, 10
1, 20500, 255, 267, 267, 1335008, 1335043, 0.44, 75, 500, 1, 16, 18750, 10
1, 20153, 227, 238, 239, 1376588, 1381341, 0.44, 75, 500, 1, 15, 18750, 10
0, 20418, 286, 302, 291, 1517111, 1455014, 0.44, 75, 500, 1, 16, 18750, 10
1, 22088, 274, 294, 295, 1431623, 1433539, 0.44, 75, 500, 1, 17, 18750, 10
1, 21033, 268, 279, 282, 1494318, 1512481, 0.44, 75, 500, 1, 17, 18750, 10
0, 24331, 242, 280, 269, 1719161, 1655752, 0.44, 75, 500, 1, 19, 18750, 10
0, 21191, 264, 287, 276, 1373781, 1319218, 0.44, 75, 500, 1, 17, 18750, 10
0, 20067, 255, 269, 258, 1533295, 1470104, 0.44, 75, 500, 1, 15, 18750, 10
0, 21946, 255, 286, 276, 1442252, 1387406, 0.44, 75, 500, 1, 16, 18750, 10
1, 22907, 258, 292, 293, 1444504, 1445274, 0.44, 75, 500, 1, 19, 18750, 10
0, 22726, 288, 317, 306, 1598976, 1536842, 0.44, 75, 500, 1, 18, 18750, 10
1, 21519, 247, 258, 268, 1478169, 1535880, 0.44, 75, 500, 1, 17, 18750, 10
0, 20376, 271, 290, 279, 1396474, 1339760, 0.44, 75, 500, 1, 16, 18750, 10
1, 20151, 248, 260, 261, 1270558, 1276242, 0.44, 75, 500, 1, 17, 18750, 10
0, 27000, 244, 300, 291, 1918828, 1862696, 0.44, 75, 500, 1, 23, 18750, 10
0, 22247, 249, 277, 266, 1501454, 1443700, 0.44, 75, 500, 1, 19, 18750, 10
1, 21053, 262, 273, 276, 1462710, 1479845, 0.44, 75, 500, 1, 16, 18750, 10
1, 19935, 274, 285, 286, 1430737, 1436411, 0.44, 75, 500, 1, 16, 18750, 10
1, 20536, 238, 248, 257, 1544654, 1598913, 0.44, 75, 500, 1, 14, 18750, 10
0, 27000, 253, 318, 312, 1729202, 1694736, 0.44, 75, 500, 1, 21, 18750, 10
0, 21814, 227, 252, 241, 1550814, 1491614, 0.44, 75, 500, 1, 17, 18750, 10
0, 24478, 240, 280, 269, 1508845, 1455045, 0.44, 75, 500, 1, 20, 18750, 10
1, 20559, 238, 251, 252, 1331621, 1336486, 0.44, 75, 500, 1, 17, 18750, 10
1, 21383, 232, 247, 249, 1466866, 1471387, 0.44, 75, 500, 1, 17, 18750, 10
0, 19954, 250, 267, 257, 1301733, 1252464, 0.44, 75, 500, 1, 14, 18750, 10
1, 19895, 224, 234, 237, 1477266, 1494146, 0.44, 75, 500, 1, 15, 18750, 10
0, 22194, 256, 284, 273, 1496702, 1439638, 0.44, 75, 500, 1, 19, 18750, 10
1, 22546, 255, 282, 284, 1716097, 1719698, 0.44, 75, 500, 1, 19, 18750, 10
1, 20923, 250, 262, 263, 1527282, 1531837, 0.44, 75, 500, 1, 16, 18750, 10
1, 21332, 274, 286, 287, 1392757, 1399190, 0.44, 75, 500, 1, 16, 18750, 10
0, 23623, 250, 287, 276, 1655163, 1594797, 0.44, 75, 500, 1, 18, 18750, 10
1, 21043, 271, 282, 282, 1477574, 1478995, 0.44, 75, 500, 1, 14, 18750, 10
1, 20102, 253, 266, 267, 1344210, 1348430, 0.44, 75, 500, 1, 12, 18750, 10
1, 20995, 252, 263, 264, 1500388, 1505932, 0.44, 75, 500, 1, 16, 18750, 10
0, 27000, 251, 303, 296, 1852249, 1807950, 0.44, 75, 500, 1, 19, 18750, 10
1, 20291, 260, 272, 272, 1379074, 1379235, 0.44, 75, 500, 1, 12, 18750, 10
1, 20585, 248, 259, 259, 1512681, 1513251, 0.44, 75, 500, 1, 13, 18750, 10
1, 18827, 267, 268, 269, 22265312, 22298999, 0.44, 75, 500, 16, 497, 18750, 10
1, 19148, 227, 228, 229, 23230569, 23238461, 0.44, 75, 500, 16, 506, 18750, 10
1, 19487, 252, 258, 255, 22537658, 22605984, 0.44, 75, 500, 16, 513, 18750, 10
1, 20176, 274, 284, 278, 24302782, 24331503, 0.44, 75, 500, 16, 524, 18750, 10
1, 19540, 238, 239, 245, 23645167, 23739332, 0.44, 75, 500, 16, 522, 18750, 10
0, 19660, 264, 276, 266, 22980317, 22547827, 0.44, 75, 500, 16, 526, 18750, 10
0, 21113, 253, 269, 262, 23964294, 23275015, 0.44, 75, 500, 16, 558, 18750, 10
0, 21223, 267, 279, 275, 24225404, 23635063, 0.44, 75, 500, 16, 559, 18750, 10
0, 20984, 244, 250, 280, 24375646, 23987551, 0.44, 75, 500, 16, 568, 18750, 10
0, 22830, 252, 288, 268, 25503681, 24247840, 0.44, 75, 500, 16, 593, 18750, 10
0, 21870, 265, 291, 280, 25197023, 24135868, 0.44, 75, 500, 16, 602, 18750, 10
0, 22693, 240, 259, 269, 25810863, 24859330, 0.44, 75, 500, 16, 608, 18750, 10
0, 23379, 243, 277, 263, 26235174, 25261354, 0.44, 75, 500, 16, 632, 18750, 10
0, 24056, 205, 253, 235, 25621355, 24682517, 0.44, 75, 500, 16, 628, 18750, 10
0, 24064, 266, 313, 292, 26381126, 25279445, 0.44, 75, 500, 16, 635, 18750, 10
0, 24253, 221, 233, 282, 27133354, 26322768, 0.44, 75, 500, 16, 669, 18750, 10
0, 25344, 243, 296, 289, 26327043, 25548029, 0.44, 75, 500, 16, 673, 18750, 10
0, 25571, 244, 262, 312, 27823206, 26808866, 0.44, 75, 500, 16, 704, 18750, 10
0, 27000, 260, 322, 293, 27982144, 27083214, 0.44, 75, 500, 16, 718, 18750, 10
0, 26510, 255, 313, 303, 27468735, 26488836, 0.44, 75, 500, 16, 732, 18750, 10
0, 26501, 234, 289, 298, 27894668, 26922298, 0.44, 75, 500, 16, 725, 18750, 10
0, 26091, 217, 249, 274, 28079669, 26778234, 0.44, 75, 500, 16, 727, 18750, 10
0, 27000, 221, 255, 310, 28868149, 28175822, 0.44, 75, 500, 16, 752, 18750, 10
0, 27000, 237, 250, 329, 28810617, 28415700, 0.44, 75, 500, 16, 756, 18750, 10
0, 20933, 246, 266, 253, 24528245, 23690715, 0.44, 75, 500, 16, 557, 18750, 10
0, 21877, 247, 264, 266, 24831397, 24065914, 0.44, 75, 500, 16, 593, 18750, 10
1, 18773, 261, 262, 263, 23512973, 23664252, 0.44, 75, 500, 16, 510, 18750, 10
0, 23249, 256, 288, 278, 26481077, 25621303, 0.44, 75, 500, 16, 610, 18750, 10
1, 19144, 244, 247, 248, 23257816, 23315771, 0.44, 75, 500, 16, 500, 18750, 10
0, 22662, 248, 281, 262, 25633292, 24776433, 0.44, 75, 500, 16, 602, 18750, 10
0, 23987, 242, 268, 275, 26881767, 25758916, 0.44, 75, 500, 16, 649, 18750, 10
0, 23467, 268, 313, 290, 25614478, 24881602, 0.44, 75, 500, 16, 651, 18750, 10
1, 19345, 245, 246, 252, 23090236, 23325619, 0.44, 75, 500, 16, 540, 18750, 10
0, 25156, 247, 303, 275, 26109257, 24793691, 0.44, 75, 500, 16, 681, 18750, 10
1, 19034, 275, 276, 278, 22365575, 22419688, 0.44, 75, 500, 16, 494, 18750, 10
0, 22622, 277, 309, 296, 25390454, 24487599, 0.44, 75, 500, 16, 595, 18750, 10
1, 18972, 237, 238, 239, 23418236, 23424046, 0.44, 75, 500, 16, 485, 18750, 10
0, 23218, 272, 304, 304, 25512269, 24874899, 0.44, 75, 500, 16, 640, 18750, 10
0, 20953, 275, 293, 283, 24190573, 23322480, 0.44, 75, 500, 16, 555, 18750, 10
0, 24657, 282, 326, 316, 26011966, 25176479, 0.44, 75, 500, 16, 663, 18750, 10
1, 19166, 254, 257, 259, 22594882, 22745408, 0.44, 75, 500, 16, 507, 18750, 10
0, 24044, 235, 258, 284, 25686102, 24875846, 0.44, 75, 500, 16, 646, 18750, 10
0, 26758, 236, 289, 309, 28174363, 27133201, 0.44, 75, 500, 16, 723, 18750, 10
0, 23873, 254, 289, 284, 26303203, 25382472, 0.44, 75, 500, 16, 633, 18750, 10
0, 24610, 279, 340, 298, 26904967, 25680487, 0.44, 75, 500, 16, 658, 18750, 10
0, 27000, 242, 283, 309, 28185910, 27144376, 0.44, 75, 500, 16, 743, 18750, 10
0, 25092, 261, 294, 317, 27537523, 26624123, 0.44, 75, 500, 16, 692, 18750, 10
0, 27000, 239, 299, 286, 28172733, 27418079, 0.44, 75, 500, 16, 727, 18750, 10
1, 20152, 270, 273, 274, 23430442, 23528226, 0.44, 75, 500, 16, 529, 18750, 10
1, 19159, 259, 260, 262, 23027258, 23115772, 0.44, 75, 500, 16, 522, 18750, 10
0, 22210, 256, 288, 267, 25663293, 24604396, 0.44, 75, 500, 16, 604, 18750, 10
0, 20657, 262, 279, 274, 22858238, 22281819, 0.44, 75, 500, 16, 538, 18750, 10
1, 19278, 223, 224, 229, 24006309, 24088210, 0.44, 75, 500, 16, 525, 18750, 10
1, 19704, 243, 244, 248, 23501979, 23532747, 0.44, 75, 500, 16, 520, 18750, 10
0, 22451, 266, 297, 294, 25003313, 24277817, 0.44, 75, 500, 16, 602, 18750, 10
0, 22088, 259, 288, 273, 24561541, 23830439, 0.44, 75, 500, 16, 585, 18750, 10
0, 21936, 263, 290, 271, 25019493, 24441442, 0.44, 75, 500, 16, 567, 18750, 10
0, 21175, 263, 285, 274, 24132173, 23397535, 0.44, 75, 500, 16, 552, 18750, 10
0, 22263, 239, 263, 265, 25366543, 24767693, 0.44, 75, 500, 16, 598, 18750, 10
0, 23531, 253, 307, 281, 25068662, 24183324, 0.44, 75, 500, 16, 615, 18750, 10
0, 27000, 242, 312, 279, 27799884, 26332925, 0.44, 75, 500, 16, 716, 18750, 10
0, 24085, 251, 289, 281, 26537902, 25851887, 0.44, 75, 500, 16, 625, 18750, 10
0, 27000, 239, 297, 292, 29441945, 28794798, 0.44, 75, 500, 16, 709, 18750, 10
0, 27000, 235, 277, 302, 28016004, 27036717, 0.44, 75, 500, 16, 735, 18750, 10
0, 25042, 269, 283, 352, 27153250, 26090845, 0.44, 75, 500, 16, 675, 18750, 10
0, 27000, 244, 303, 297, 28502023, 27522271, 0.44, 75, 500, 16, 709, 18750, 10
0, 24874, 254, 321, 282, 26440528, 25364305, 0.44, 75, 500, 16, 656, 18750, 10
0, 22446, 289, 318, 304, 24481817, 23967873, 0.44, 75, 500, 16, 584, 18750, 10
0, 21781, 252, 277, 257, 24499944, 23192831, 0.44, 75, 500, 16, 575, 18750, 10
0, 23313, 269, 293, 303, 26237813, 25187974, 0.44, 75, 500, 16, 602, 18750, 10
0, 24401, 248, 301, 270, 26172626, 25318627, 0.44, 75, 500, 16, 660, 18750, 10
0, 22672, 253, 299, 265, 24865751, 23685418, 0.44, 75, 500, 16, 589, 18750, 10
0, 23707, 281, 320, 307, 24602729, 23764014, 0.44, 75, 500, 16, 632, 18750, 10
1, 19055, 252, 253, 255, 23398727, 23436334, 0.44, 75, 500, 16, 522, 18750, 10
1, 18968, 265, 266, 268, 23826361, 23848721, 0.44, 75, 500, 16, 511, 18750, 10
0, 22976, 269, 299, 286, 25183797, 24562423, 0.44, 75, 500, 16, 616, 18750, 10
0, 21343, 236, 257, 254, 25564643, 24914959, 0.44, 75, 500, 16, 574, 18750, 10
0, 23441, 255, 303, 287, 26308128, 25299275, 0.44, 75, 500, 16, 627, 18750, 10
0, 26099, 221, 266, 280, 27421052, 26279142, 0.44, 75, 500, 16, 710, 18750, 10
0, 26454, 257, 328, 316, 28292626, 27184425, 0.44, 75, 500, 16, 713, 18750, 10
0, 25341, 254, 272, 333, 27674344, 26912237, 0.44, 75, 500, 16, 698, 18750, 10
0, 23057, 257, 278, 295, 25820684, 24872050, 0.44, 75, 500, 16, 642, 18750, 10
0, 27000, 248, 292, 300, 28015248, 27555956, 0.44, 75, 500, 16, 730, 18750, 10
1, 19008, 256, 258, 259, 22854028, 22870383, 0.44, 75, 500, 16, 524, 18750, 10
1, 19029, 250, 251, 253, 23422112, 23449265, 0.44, 75, 500, 16, 525, 18750, 10
0, 21183, 255, 276, 269, 23638361, 22960281, 0.44, 75, 500, 16, 578, 18750, 10
0, 24386, 257, 298, 313, 27013548, 25967956, 0.44, 75, 500, 16, 667, 18750, 10
1, 18884, 259, 260, 262, 23223770, 23229698, 0.44, 75, 500, 16, 507, 18750, 10
1, 19149, 243, 244, 246, 22624696, 22659650, 0.44, 75, 500, 16, 514, 18750, 10
0, 25090, 258, 296, 295, 27082724, 25996040, 0.44, 75, 500, 16, 685, 18750, 10
1, 19366, 240, 241, 245, 23594818, 23711407, 0.44, 75, 500, 16, 539, 18750, 10
0, 22174, 241, 278, 253, 24251223, 23663541, 0.44, 75, 500, 16, 579, 18750, 10
0, 26740, 239, 251, 332, 28854054, 27718743, 0.44, 75, 500, 16, 761, 18750, 10
0, 20431, 258, 271, 266, 16013306, 15619647, 0.44, 75, 500, 11, 296, 18750, 10
0, 22613, 254, 282, 263, 16506931, 15857176, 0.44, 75, 500, 11, 328, 18750, 10
0, 26134, 247, 309, 277, 27627968, 26173749, 0.44, 75, 500, 16, 714, 18750, 10
0, 21254, 250, 263, 262, 16380663, 15915886, 0.44, 75, 500, 11, 318, 18750, 10
1, 19193, 260, 261, 262, 15992297, 16097317, 0.44, 75, 500, 11, 284, 18750, 10
0, 23930, 244, 288, 275, 18232844, 17724613, 0.44, 75, 500, 11, 350, 18750, 10
1, 20908, 245, 252, 271, 16792551, 16971280, 0.44, 75, 500, 11, 317, 18750, 10
0, 24543, 251, 288, 296, 27173984, 26415423, 0.44, 75, 500, 16, 687, 18750, 10
0, 21910, 226, 244, 250, 17634096, 17084892, 0.44, 75, 500, 11, 327, 18750, 10
0, 27000, 231, 296, 298, 28365628, 27503155, 0.44, 75, 500, 16, 754, 18750, 10
1, 20530, 257, 263, 280, 16621289, 16812891, 0.44, 75, 500, 11, 291, 18750, 10
0, 21637, 227, 246, 233, 16122630, 15508825, 0.44, 75, 500, 11, 300, 18750, 10
0, 20974, 259, 285, 270, 16316827, 15873237, 0.44, 75, 500, 11, 304, 18750, 10
0, 23278, 242, 277, 272, 17814473, 17030009, 0.44, 75, 500, 11, 337, 18750, 10
0, 24496, 244, 301, 275, 17951389, 17316118, 0.44, 75, 500, 11, 358, 18750, 10
0, 27000, 256, 312, 304, 20033166, 19328372, 0.44, 75, 500, 11, 406, 18750, 10
0, 21176, 259, 272, 281, 24197897, 23837091, 0.44, 75, 500, 16, 606, 18750, 10
0, 25164, 254, 287, 307, 18842242, 18178975, 0.44, 75, 500, 11, 377, 18750, 10
1, 19351, 254, 255, 256, 16280961, 16417491, 0.44, 75, 500, 11, 292, 18750, 10
0, 27000, 249, 306, 303, 19173017, 18832638, 0.44, 75, 500, 11, 402, 18750, 10
0, 22311, 260, 281, 283, 25279323, 24362818, 0.44, 75, 500, 16, 636, 18750, 10
0, 23090, 234, 261, 278, 18369441, 17781322, 0.44, 75, 500, 11, 361, 18750, 10
1, 19103, 278, 279, 281, 16417849, 16443723, 0.44, 75, 500, 11, 277, 18750, 10
1, 18887, 273, 274, 276, 16141789, 16163701, 0.44, 75, 500, 11, 277, 18750, 10
1, 18867, 235, 236, 238, 15677071, 15734065, 0.44, 75, 500, 11, 273, 18750, 10
0, 22584, 267, 289, 297, 18865408, 18227532, 0.44, 75, 500, 11, 335, 18750, 10
0, 23411, 230, 260, 255, 18229293, 17577256, 0.44, 75, 500, 11, 349, 18750, 10
1, 19224, 238, 239, 240, 15536948, 15641591, 0.44, 75, 500, 11, 281, 18750, 10
0, 25999, 266, 324, 314, 18924976, 18104896, 0.44, 75, 500, 11, 389, 18750, 10
0, 27000, 258, 279, 335, 28635972, 27686919, 0.44, 75, 500, 16, 805, 18750, 10
0, 26273, 282, 326, 335, 27496818, 26448341, 0.44, 75, 500, 16, 754, 18750, 10
0, 27000, 274, 288, 361, 20201520, 19736161, 0.44, 75, 500, 11, 436, 18750, 10
1, 20156, 279, 282, 282, 16012702, 16121558, 0.44, 75, 500, 11, 284, 18750, 10
0, 25382, 238, 267, 302, 18974176, 18530308, 0.44, 75, 500, 11, 389, 18750, 10
0, 25247, 250, 282, 291, 19372626, 18217553, 0.44, 75, 500, 11, 384, 18750, 10
0, 26703, 268, 291, 374, 19667537, 19106777, 0.44, 75, 500, 11, 418, 18750, 10
0, 23362, 232, 270, 262, 17852482, 16938964, 0.44, 75, 500, 11, 350, 18750, 10
0, 21479, 266, 292, 287, 17141644, 16623457, 0.44, 75, 500, 11, 330, 18750, 10
0, 22502, 262, 277, 293, 17716265, 17077591, 0.44, 75, 500, 11, 347, 18750, 10
1, 18796, 251, 252, 253, 16763419, 16776989, 0.44, 75, 500, 11, 289, 18750, 10
1, 19486, 258, 260, 264, 16225363, 16281222, 0.44, 75, 500, 11, 293, 18750, 10
0, 20857, 278, 296, 286, 15788358, 15402429, 0.44, 75, 500, 11, 300, 18750, 10
0, 26393, 264, 320, 339, 19546079, 18870156, 0.44, 75, 500, 11, 400, 18750, 10
0, 23428, 231, 260, 253, 17361949, 16617691, 0.44, 75, 500, 11, 349, 18750, 10
0, 25199, 233, 252, 291, 19394630, 18646631, 0.44, 75, 500, 11, 386, 18750, 10
1, 18959, 243, 244, 246, 15078870, 15130401, 0.44, 75, 500, 11, 275, 18750, 10
1, 19035, 253, 254, 255, 15526082, 15609062, 0.44, 75, 500, 11, 285, 18750, 10
0, 24835, 232, 272, 263, 18282657, 17426574, 0.44, 75, 500, 11, 378, 18750, 10
0, 24991, 250, 297, 278, 18045292, 17392428, 0.44, 75, 500, 11, 381, 18750, 10
1, 20529, 250, 259, 266, 15820698, 15922967, 0.44, 75, 500, 11, 315, 18750, 10
1, 19482, 250, 251, 263, 15648144, 15943531, 0.44, 75, 500, 11, 300, 18750, 10
1, 18974, 255, 256, 259, 15514135, 15553007, 0.44, 75, 500, 11, 295, 18750, 10
0, 23290, 239, 252, 290, 17526808, 17005768, 0.44, 75, 500, 11, 362, 18750, 10
1, 23049, 267, 281, 306, 18095372, 18241016, 0.44, 75, 500, 11, 355, 18750, 10
0, 20484, 260, 276, 267, 16465183, 16049145, 0.44, 75, 500, 11, 320, 18750, 10
1, 19363, 237, 243, 240, 15956840, 15984575, 0.44, 75, 500, 11, 288, 18750, 10
0, 21986, 227, 259, 242, 16940415, 16336786, 0.44, 75, 500, 11, 334, 18750, 10
0, 23218, 260, 291, 285, 17968192, 17343545, 0.44, 75, 500, 11, 354, 18750, 10
0, 24004, 245, 284, 284, 18056998, 17590546, 0.44, 75, 500, 11, 369, 18750, 10
0, 23931, 240, 283, 270, 16926889, 16367318, 0.44, 75, 500, 11, 359, 18750, 10
0, 22156, 245, 275, 260, 17103248, 16407504, 0.44, 75, 500, 11, 332, 18750, 10
0, 22901, 250, 269, 274, 18609831, 17869310, 0.44, 75, 500, 11, 351, 18750, 10
1, 19761, 249, 250, 260, 15973478, 16093906, 0.44, 75, 500, 11, 310, 18750, 10
0, 24021, 271, 311, 285, 18527952, 17687166, 0.44, 75, 500, 11, 367, 18750, 10
0, 23234, 273, 314, 296, 18114903, 17537600, 0.44, 75, 500, 11, 354, 18750, 10
1, 18813, 253, 255, 255, 15733353, 15733356, 0.44, 75, 500, 11, 280, 18750, 10
0, 21642, 266, 295, 280, 16626906, 16017601, 0.44, 75, 500, 11, 320, 18750, 10
0, 24424, 222, 283, 247, 16999988, 16186060, 0.44, 75, 500, 11, 357, 18750, 10
0, 21913, 245, 264, 267, 17434539, 16896933, 0.44, 75, 500, 11, 329, 18750, 10
1, 19336, 239, 242, 245, 16204048, 16331027, 0.44, 75, 500, 11, 292, 18750, 10
1, 18877, 275, 276, 278, 15551759, 15563497, 0.44, 75, 500, 11, 290, 18750, 10
0, 26625, 255, 315, 306, 18932283, 18083773, 0.44, 75, 500, 11, 407, 18750, 10
1, 18775, 259, 260, 261, 15737767, 15764161, 0.44, 75, 500, 11, 281, 18750, 10
0, 23081, 272, 300, 290, 16968532, 16459209, 0.44, 75, 500, 11, 349, 18750, 10
0, 20819, 277, 294, 288, 16631238, 16176002, 0.44, 75, 500, 11, 307, 18750, 10
1, 19871, 263, 269, 269, 15214212, 15267270, 0.44, 75, 500, 11, 282, 18750, 10
0, 22629, 226, 251, 250, 17025426, 16451366, 0.44, 75, 500, 11, 339, 18750, 10
0, 25019, 266, 318, 313, 18044676, 17469421, 0.44, 75, 500, 11, 374, 18750, 10
0, 24116, 239, 282, 261, 18047758, 17176809, 0.44, 75, 500, 11, 357, 18750, 10
0, 20499, 257, 282, 264, 15545384, 15009141, 0.44, 75, 500, 11, 297, 18750, 10
1, 19391, 237, 241, 241, 16134086, 16158541, 0.44, 75, 500, 11, 274, 18750, 10
0, 24281, 266, 319, 297, 18891213, 18205399, 0.44, 75, 500, 11, 378, 18750, 10
0, 23184, 240, 282, 260, 17785071, 16947999, 0.44, 75, 500, 11, 337, 18750, 10
0, 24289, 265, 302, 297, 17841569, 17446831, 0.44, 75, 500, 11, 353, 18750, 10
1, 19032, 255, 257, 257, 15606471, 15670914, 0.44, 75, 500, 11, 278, 18750, 10
0, 27000, 237, 274, 302, 19015045, 18606861, 0.44, 75, 500, 11, 422, 18750, 10
0, 21431, 224, 247, 234, 15979666, 15523389, 0.44, 75, 500, 11, 300, 18750, 10
0, 21817, 272, 291, 284, 17153121, 16572625, 0.44, 75, 500, 11, 325, 18750, 10
0, 25273, 254, 312, 289, 18320849, 17643414, 0.44, 75, 500, 11, 375, 18750, 10
0, 26913, 252, 298, 325, 19082497, 18218809, 0.44, 75, 500, 11, 406, 18750, 10
1, 19374, 271, 273, 273, 15667566, 15762599, 0.44, 75, 500, 11, 282, 18750, 10
0, 27000, 259, 319, 311, 20034442, 18979143, 0.44, 75, 500, 11, 415, 18750, 10
0, 24443, 266, 327, 293, 17680471, 17097830, 0.44, 75, 500, 11, 365, 18750, 10
0, 27000, 252, 293, 339, 20143195, 19671015, 0.44, 75, 500, 11, 412, 18750, 10
0, 19513, 272, 277, 273, 15848624, 15548360, 0.44, 75, 500, 11, 290, 18750, 10
1, 18826, 242, 244, 245, 11187380, 11221763, 0.44, 75, 500, 8, 169, 18750, 10
0, 23522, 280, 320, 309, 17469093, 16916557, 0.44, 75, 500, 11, 347, 18750, 10
0, 23943, 262, 317, 288, 17790598, 16980761, 0.44, 75, 500, 11, 348, 18750, 10
0, 19761, 214, 221, 220, 11595029, 11369538, 0.44, 75, 500, 8, 173, 18750, 10
0, 24544, 234, 274, 280, 18810052, 17913198, 0.44, 75, 500, 11, 372, 18750, 10
0, 23633, 251, 296, 276, 17621124, 16697620, 0.44, 75, 500, 11, 343, 18750, 10
1, 20558, 245, 256, 254, 11676671, 11719787, 0.44, 75, 500, 8, 179, 18750, 10
1, 19356, 244, 251, 249, 11277203, 11316241, 0.44, 75, 500, 8, 171, 18750, 10
1, 19116, 268, 270, 271, 11754766, 11831596, 0.44, 75, 500, 8, 178, 18750, 10
0, 21067, 265, 286, 268, 16013348, 15463501, 0.44, 75, 500, 11, 310, 18750, 10
1, 18978, 237, 238, 240, 15716048, 15771155, 0.44, 75, 500, 11, 278, 18750, 10
1, 20109, 262, 263, 266, 16762782, 16845644, 0.44, 75, 500, 11, 294, 18750, 10
0, 20553, 237, 249, 243, 16151704, 15672550, 0.44, 75, 500, 11, 295, 18750, 10
1, 19500, 245, 248, 253, 11970955, 11994756, 0.44, 75, 500, 8, 176, 18750, 10
1, 19592, 243, 249, 252, 16649345, 16671226, 0.44, 75, 500, 11, 282, 18750, 10
1, 19456, 260, 261, 272, 15984737, 16105398, 0.44, 75, 500, 11, 282, 18750, 10
0, 21992, 213, 235, 224, 11744814, 11349400, 0.44, 75, 500, 8, 195, 18750, 10
1, 18983, 270, 274, 272, 10816744, 10836177, 0.44, 75, 500, 8, 171, 18750, 10
0, 26374, 271, 318, 321, 19010192, 18077582, 0.44, 75, 500, 11, 389, 18750, 10
0, 21745, 265, 288, 281, 12430581, 11890385, 0.44, 75, 500, 8, 196, 18750, 10
1, 19517, 249, 251, 256, 12263108, 12297475, 0.44, 75, 500, 8, 169, 18750, 10
0, 23704, 253, 274, 299, 17963610, 17348107, 0.44, 75, 500, 11, 354, 18750, 10
1, 19907, 250, 253, 269, 11878205, 11967667, 0.44, 75, 500, 8, 186, 18750, 10
0, 23915, 249, 286, 278, 12478934, 11945872, 0.44, 75, 500, 8, 214, 18750, 10
1, 19154, 213, 217, 215, 10801511, 10837694, 0.44, 75, 500, 8, 173, 18750, 10
0, 23521, 276, 319, 312, 12371269, 12015938, 0.44, 75, 500, 8, 213, 18750, 10
0, 21862, 247, 255, 273, 12614967, 12387264, 0.44, 75, 500, 8, 201, 18750, 10
0, 23177, 241, 284, 268, 12238673, 11716706, 0.44, 75, 500, 8, 205, 18750, 10
1, 18925, 280, 281, 282, 11114810, 11126503, 0.44, 75, 500, 8, 166, 18750, 10
1, 19531, 270, 271, 285, 11948785, 11969671, 0.44, 75, 500, 8, 185, 18750, 10
0, 22171, 270, 307, 290, 12328714, 11769053, 0.44, 75, 500, 8, 202, 18750, 10
0, 23446, 276, 302, 310, 13050366, 12712464, 0.44, 75, 500, 8, 211, 18750, 10
0, 23842, 234, 273, 272, 13475167, 12885346, 0.44, 75, 500, 8, 221, 18750, 10
1, 19206, 260, 262, 262, 11597209, 11626413, 0.44, 75, 500, 8, 174, 18750, 10
0, 23038, 276, 306, 307, 12556136, 12197602, 0.44, 75, 500, 8, 209, 18750, 10
0, 20395, 302, 318, 311, 11289996, 11080849, 0.44, 75, 500, 8, 184, 18750, 10
1, 19903, 238, 246, 241, 11001751, 11051236, 0.44, 75, 500, 8, 182, 18750, 10
0, 27000, 251, 293, 310, 14566091, 14122144, 0.44, 75, 500, 8, 250, 18750, 10
0, 27000, 246, 300, 317, 14890968, 14833014, 0.44, 75, 500, 8, 250, 18750, 10
0, 26492, 234, 301, 279, 13833095, 13202544, 0.44, 75, 500, 8, 239, 18750, 10
0, 25754, 240, 297, 291, 14161657, 13714407, 0.44, 75, 500, 8, 235, 18750, 10
1, 19007, 230, 232, 232, 11280152, 11294159, 0.44, 75, 500, 8, 176, 18750, 10
0, 24325, 228, 262, 264, 12620190, 12326740, 0.44, 75, 500, 8, 219, 18750, 10
1, 19704, 250, 255, 252, 11721530, 11749876, 0.44, 75, 500, 8, 177, 18750, 10
1, 19087, 269, 270, 273, 12172486, 12233949, 0.44, 75, 500, 8, 182, 18750, 10
0, 21299, 252, 276, 260, 11935805, 11512550, 0.44, 75, 500, 8, 192, 18750, 10
0, 23358, 237, 277, 271, 11870758, 11435842, 0.44, 75, 500, 8, 218, 18750, 10
0, 23857, 277, 324, 299, 12406952, 11897357, 0.44, 75, 500, 8, 213, 18750, 10
1, 19077, 256, 258, 259, 11781466, 11827313, 0.44, 75, 500, 8, 177, 18750, 10
0, 23322, 265, 310, 282, 12660392, 12143087, 0.44, 75, 500, 8, 214, 18750, 10
0, 21986, 254, 282, 276, 12006020, 11645228, 0.44, 75, 500, 8, 205, 18750, 10
0, 27000, 246, 322, 306, 13629364, 13046233, 0.44, 75, 500, 8, 257, 18750, 10
0, 21833, 239, 276, 250, 11859283, 11481475, 0.44, 75, 500, 8, 196, 18750, 10
0, 22189, 258, 283, 285, 11652402, 11326627, 0.44, 75, 500, 8, 209, 18750, 10
0, 26230, 248, 299, 297, 13944676, 13293791, 0.44, 75, 500, 8, 249, 18750, 10
1, 19124, 240, 241, 243, 11165493, 11204794, 0.44, 75, 500, 8, 179, 18750, 10
1, 19340, 243, 245, 248, 11691413, 11758046, 0.44, 75, 500, 8, 186, 18750, 10
1, 18966, 233, 234, 236, 10145407, 10173147, 0.44, 75, 500, 8, 159, 18750, 10
0, 23985, 282, 326, 309, 13477506, 12801642, 0.44, 75, 500, 8, 231, 18750, 10
0, 27000, 230, 284, 293, 14554744, 14293288, 0.44, 75, 500, 8, 260, 18750, 10
0, 23849, 227, 266, 257, 12895363, 12531269, 0.44, 75, 500, 8, 220, 18750, 10
0, 20319, 240, 257, 249, 11559911, 11227268, 0.44, 75, 500, 8, 186, 18750, 10
0, 21433, 250, 271, 271, 11899684, 11592415, 0.44, 75, 500, 8, 193, 18750, 10
0, 27000, 251, 317, 303, 14226955, 13766904, 0.44, 75, 500, 8, 256, 18750, 10
0, 21500, 256, 265, 276, 13021744, 12555091, 0.44, 75, 500, 8, 205, 18750, 10
0, 20823, 268, 283, 280, 11515126, 11370986, 0.44, 75, 500, 8, 184, 18750, 10
0, 24599, 228, 286, 253, 13160560, 12569975, 0.44, 75, 500, 8, 231, 18750, 10
0, 23556, 269, 297, 317, 12852366, 12408797, 0.44, 75, 500, 8, 218, 18750, 10
0, 22488, 258, 280, 276, 12791289, 12446288, 0.44, 75, 500, 8, 206, 18750, 10
0, 25917, 249, 273, 322, 14117820, 13844357, 0.44, 75, 500, 8, 249, 18750, 10
0, 23404, 247, 273, 270, 12917466, 12380401, 0.44, 75, 500, 8, 221, 18750, 10
1, 19065, 249, 250, 253, 11351325, 11381173, 0.44, 75, 500, 8, 187, 18750, 10
0, 21438, 246, 273, 260, 11359714, 10858720, 0.44, 75, 500, 8, 190, 18750, 10
1, 19366, 241, 243, 247, 11741667, 11827306, 0.44, 75, 500, 8, 181, 18750, 10
1, 18840, 248, 249, 250, 11368929, 11384099, 0.44, 75, 500, 8, 173, 18750, 10
0, 27000, 222, 253, 295, 14672040, 14332329, 0.44, 75, 500, 8, 252, 18750, 10
0, 24577, 252, 305, 296, 13425341, 12962258, 0.44, 75, 500, 8, 228, 18750, 10
1, 20140, 261, 266, 271, 12132076, 12191538, 0.44, 75, 500, 8, 187, 18750, 10
0, 25285, 259, 329, 285, 13416680, 12925501, 0.44, 75, 500, 8, 232, 18750, 10
0, 27000, 238, 286, 283, 13339906, 12908968, 0.44, 75, 500, 8, 248, 18750, 10
0, 21667, 232, 255, 250, 12183012, 11830485, 0.44, 75, 500, 8, 197, 18750, 10
0, 26180, 270, 315, 355, 13601116, 13241906, 0.44, 75, 500, 8, 247, 18750, 10
0, 22834, 237, 244, 289, 13605267, 13215112, 0.44, 75, 500, 8, 221, 18750, 10
1, 19542, 273, 277, 277, 11269256, 11354188, 0.44, 75, 500, 8, 177, 18750, 10
0, 22074, 245, 267, 268, 13316522, 12834886, 0.44, 75, 500, 8, 207, 18750, 10
1, 19296, 244, 245, 247, 11490946, 11504144, 0.44, 75, 500, 8, 185, 18750, 10
0, 25761, 279, 332, 310, 13497902, 13012975, 0.44, 75, 500, 8, 246, 18750, 10
0, 21844, 229, 247, 249, 12200350, 11691284, 0.44, 75, 500, 8, 204, 18750, 10
0, 24334, 263, 304, 296, 13399257, 12696518, 0.44, 75, 500, 8, 228, 18750, 10
0, 21201, 233, 248, 242, 12422159, 12022165, 0.44, 75, 500, 8, 187, 18750, 10
1, 19222, 242, 245, 247, 11171105, 11233251, 0.44, 75, 500, 8, 176, 18750, 10
0, 24347, 265, 283, 312, 13653592, 13181581, 0.44, 75, 500, 8, 236, 18750, 10
1, 19074, 242, 245, 249, 11753075, 11805196, 0.44, 75, 500, 8, 182, 18750, 10
1, 19348, 238, 242, 242, 11135365, 11175590, 0.44, 75, 500, 8, 176, 18750, 10
0, 26932, 269, 342, 313, 14230400, 13719067, 0.44, 75, 500, 8, 253, 18750, 10
0, 21211, 271, 282, 285, 12379469, 12130623, 0.44, 75, 500, 8, 206, 18750, 10
0, 27000, 259, 324, 305, 14049667, 13507127, 0.44, 75, 500, 8, 257, 18750, 10
0, 21873, 262, 284, 277, 12681710, 12241377, 0.44, 75, 500, 8, 204, 18750, 10
1, 18894, 233, 235, 235, 11220914, 11240517, 0.44, 75, 500, 8, 169, 18750, 10
1, 18883, 234, 236, 237, 11206346, 11241838, 0.44, 75, 500, 8, 172, 18750, 10
1, 19157, 219, 221, 223, 12316389, 12328522, 0.44, 75, 500, 8, 177, 18750, 10
0, 27000, 248, 283, 350, 14536591, 14312750, 0.44, 75, 500, 8, 264, 18750, 10
1, 18939, 247, 249, 250, 10964759, 10983091, 0.44, 75, 500, 8, 179, 18750, 10
1, 21698, 259, 275, 270, 12531751, 12652687, 0.44, 75, 500, 8, 200, 18750, 10
1, 19706, 254, 256, 265, 11866213, 12044730, 0.44, 75, 500, 8, 188, 18750, 10
0, 22968, 254, 294, 277, 12799469, 12367351, 0.44, 75, 500, 8, 221, 18750, 10
1, 18935, 250, 252, 252, 11707312, 11788411, 0.44, 75, 500, 8, 176, 18750, 10
1, 19044, 252, 254, 255, 10711686, 10751745, 0.44, 75, 500, 8, 171, 18750, 10
1, 19737, 275, 280, 281, 10897808, 10929794, 0.44, 75, 500, 8, 183, 18750, 10
0, 25474, 240, 288, 269, 13632951, 13238626, 0.44, 75, 500, 8, 240, 18750, 10
1, 19062, 239, 240, 242, 10195015, 10225693, 0.44, 75, 500, 7, 145, 18750, 10
0, 22235, 264, 287, 296, 12243922, 11811006, 0.44, 75, 500, 8, 213, 18750, 10
0, 21020, 239, 252, 257, 12197354, 11756671, 0.44, 75, 500, 8, 201, 18750, 10
1, 19299, 245, 247, 247, 9802601, 9818139, 0.44, 75, 500, 7, 160, 18750, 10
1, 19286, 240, 242, 246, 9514688, 9554061, 0.44, 75, 500, 7, 146, 18750, 10
0, 20621, 305, 315, 311, 10210839, 9913948, 0.44, 75, 500, 7, 161, 18750, 10
0, 24893, 236, 262, 276, 11556300, 11080645, 0.44, 75, 500, 7, 201, 18750, 10
0, 25939, 258, 325, 302, 11789797, 11368344, 0.44, 75, 500, 7, 207, 18750, 10
1, 19493, 245, 247, 252, 10244672, 10438565, 0.44, 75, 500, 7, 159, 18750, 10
0, 20384, 249, 258, 259, 10358679, 10156719, 0.44, 75, 500, 7, 162, 18750, 10
1, 19192, 252, 253, 258, 9930509, 9985669, 0.44, 75, 500, 7, 152, 18750, 10
1, 18887, 263, 264, 265, 10202770, 10208176, 0.44, 75, 500, 7, 149, 18750, 10
1, 19708, 239, 244, 248, 9784608, 9852465, 0.44, 75, 500, 7, 152, 18750, 10
0, 21976, 245, 274, 265, 10483494, 10211894, 0.44, 75, 500, 7, 172, 18750, 10
1, 19057, 230, 231, 235, 10521117, 10544344, 0.44, 75, 500, 7, 153, 18750, 10
1, 19092, 262, 263, 267, 10604408, 10676349, 0.44, 75, 500, 7, 146, 18750, 10
1, 20711, 267, 275, 280, 10465951, 10506990, 0.44, 75, 500, 7, 161, 18750, 10
0, 27000, 244, 259, 348, 12832340, 12677377, 0.44, 75, 500, 7, 227, 18750, 10
0, 23068, 257, 298, 284, 11044107, 10758043, 0.44, 75, 500, 7, 177, 18750, 10
0, 27000, 258, 316, 328, 12919705, 12630536, 0.44, 75, 500, 7, 222, 18750, 10
0, 19531, 269, 275, 271, 9821733, 9658969, 0.44, 75, 500, 7, 147, 18750, 10
1, 19850, 258, 261, 261, 10216935, 10303879, 0.44, 75, 500, 7, 147, 18750, 10
0, 23804, 254, 300, 285, 10918658, 10539943, 0.44, 75, 500, 7, 176, 18750, 10
0, 27000, 232, 302, 286, 11860073, 11508169, 0.44, 75, 500, 7, 208, 18750, 10
0, 27000, 243, 289, 316, 11911568, 11638007, 0.44, 75, 500, 7, 222, 18750, 10
0, 27000, 236, 297, 304, 12372582, 11860022, 0.44, 75, 500, 7, 212, 18750, 10
0, 26501, 272, 332, 343, 12313099, 11868282, 0.44, 75, 500, 7, 210, 18750, 10
0, 22013, 261, 289, 273, 11135823, 10717478, 0.44, 75, 500, 7, 165, 18750, 10
0, 25020, 253, 298, 290, 11089189, 10678989, 0.44, 75, 500, 7, 191, 18750, 10
0, 24077, 245, 292, 278, 11445468, 11133834, 0.44, 75, 500, 7, 187, 18750, 10
1, 19426, 268, 271, 274, 10545535, 10634375, 0.44, 75, 500, 7, 156, 18750, 10
1, 19010, 259, 261, 261, 9803991, 9847549, 0.44, 75, 500, 7, 151, 18750, 10
1, 19224, 250, 253, 253, 9882381, 9915335, 0.44, 75, 500, 7, 150, 18750, 10
0, 27000, 244, 288, 293, 12498874, 12123663, 0.44, 75, 500, 7, 224, 18750, 10
0, 23589, 234, 251, 270, 11491829, 11114372, 0.44, 75, 500, 7, 191, 18750, 10
0, 20870, 255, 272, 261, 10236965, 9917834, 0.44, 75, 500, 7, 160, 18750, 10
1, 19221, 250, 251, 252, 10175486, 10181911, 0.44, 75, 500, 7, 145, 18750, 10
0, 27000, 254, 271, 345, 12049425, 11942300, 0.44, 75, 500, 7, 230, 18750, 10
0, 22408, 266, 288, 286, 11096443, 10790959, 0.44, 75, 500, 7, 172, 18750, 10
0, 23719, 235, 266, 276, 11342492, 10920711, 0.44, 75, 500, 7, 190, 18750, 10
1, 20691, 265, 280, 272, 9247346, 9266578, 0.44, 75, 500, 7, 158, 18750, 10
0, 23615, 275, 304, 306, 11844965, 11464211, 0.44, 75, 500, 7, 193, 18750, 10
0, 22692, 243, 270, 269, 11401972, 10991049, 0.44, 75, 500, 7, 174, 18750, 10
0, 27000, 234, 278, 307, 12460159, 12425520, 0.44, 75, 500, 7, 213, 18750, 10
1, 18986, 283, 284, 286, 9780339, 9793524, 0.44, 75, 500, 7, 149, 18750, 10
1, 19370, 246, 247, 256, 10495435, 10525489, 0.44, 75, 500, 7, 156, 18750, 10
1, 19572, 249, 253, 255, 9316410, 9354211, 0.44, 75, 500, 7, 155, 18750, 10
0, 19925, 244, 260, 249, 9988913, 9740202, 0.44, 75, 500, 7, 151, 18750, 10
0, 24194, 246, 279, 266, 10452186, 10062855, 0.44, 75, 500, 7, 192, 18750, 10
0, 22985, 259, 295, 279, 10522658, 10073315, 0.44, 75, 500, 7, 173, 18750, 10
0, 23214, 273, 308, 286, 10866189, 10400083, 0.44, 75, 500, 7, 172, 18750, 10
0, 24500, 284, 300, 332, 12489259, 11954492, 0.44, 75, 500, 7, 207, 18750, 10
0, 23608, 246, 284, 271, 10766313, 10427894, 0.44, 75, 500, 7, 185, 18750, 10
0, 25401, 249, 300, 290, 12018942, 11560330, 0.44, 75, 500, 7, 208, 18750, 10
1, 19634, 256, 257, 264, 10454006, 10493142, 0.44, 75, 500, 7, 156, 18750, 10
0, 26924, 233, 296, 278, 12566580, 11904379, 0.44, 75, 500, 7, 212, 18750, 10
1, 19725, 256, 260, 262, 10676168, 10717268, 0.44, 75, 500, 7, 162, 18750, 10
0, 27000, 238, 297, 296, 12115599, 11809482, 0.44, 75, 500, 7, 220, 18750, 10
0, 25959, 255, 309, 299, 11921789, 11552321, 0.44, 75, 500, 7, 205, 18750, 10
0, 27000, 260, 313, 306, 12064748, 11901515, 0.44, 75, 500, 7, 223, 18750, 10
0, 22781, 232, 260, 253, 10629670, 10211562, 0.44, 75, 500, 7, 179, 18750, 10
0, 22541, 223, 255, 245, 10841273, 10492614, 0.44, 75, 500, 7, 175, 18750, 10
0, 27000, 219, 260, 289, 12511071, 12287120, 0.44, 75, 500, 7, 223, 18750, 10
0, 24577, 227, 282, 263, 11144184, 10612858, 0.44, 75, 500, 7, 192, 18750, 10
0, 24626, 241, 300, 275, 11810465, 11521835, 0.44, 75, 500, 7, 202, 18750, 10
0, 22600, 234, 277, 260, 10805114, 10365230, 0.44, 75, 500, 7, 173, 18750, 10
0, 23330, 284, 318, 306, 11581637, 11176646, 0.44, 75, 500, 7, 184, 18750, 10
0, 23881, 244, 271, 280, 11253273, 10862072, 0.44, 75, 500, 7, 196, 18750, 10
1, 21079, 264, 278, 282, 10688111, 10725034, 0.44, 75, 500, 7, 170, 18750, 10
1, 19214, 243, 245, 246, 9553901, 9601046, 0.44, 75, 500, 7, 149, 18750, 10
1, 19604, 262, 266, 264, 10248289, 10325517, 0.44, 75, 500, 7, 147, 18750, 10
0, 21803, 291, 312, 299, 10430601, 10203075, 0.44, 75, 500, 7, 168, 18750, 10
1, 19467, 245, 249, 248, 10191307, 10231808, 0.44, 75, 500, 7, 145, 18750, 10
0, 22285, 258, 291, 272, 10342683, 9918674, 0.44, 75, 500, 7, 167, 18750, 10
0, 27000, 268, 302, 340, 13046257, 12750596, 0.44, 75, 500, 7, 217, 18750, 10
0, 25517, 249, 278, 317, 12540768, 12077936, 0.44, 75, 500, 7, 204, 18750, 10
0, 21171, 241, 258, 250, 10846006, 10349287, 0.44, 75, 500, 7, 166, 18750, 10
0, 20344, 253, 263, 262, 9840322, 9575442, 0.44, 75, 500, 7, 151, 18750, 10
0, 24094, 259, 280, 321, 12163054, 11748028, 0.44, 75, 500, 7, 195, 18750, 10
0, 22270, 257, 288, 280, 10997708, 10683194, 0.44, 75, 500, 7, 164, 18750, 10
0, 23011, 231, 255, 261, 11899152, 11419272, 0.44, 75, 500, 7, 175, 18750, 10
1, 19076, 237, 239, 240, 9962148, 9975960, 0.44, 75, 500, 7, 147, 18750, 10
1, 18993, 277, 278, 279, 9742052, 9772341, 0.44, 75, 500, 7, 139, 18750, 10
0, 23449, 260, 307, 287, 10728871, 10327094, 0.44, 75, 500, 7, 176, 18750, 10
1, 19272, 277, 279, 283, 10310824, 10353539, 0.44, 75, 500, 7, 151, 18750, 10
0, 23504, 223, 268, 249, 10671895, 10261771, 0.44, 75, 500, 7, 169, 18750, 10
1, 22077, 266, 294, 289, 11056277, 11059855, 0.44, 75, 500, 7, 161, 18750, 10
0, 22015, 235, 258, 252, 11528696, 11150769, 0.44, 75, 500, 7, 167, 18750, 10
1, 19799, 280, 282, 286, 9937917, 10024796, 0.44, 75, 500, 7, 152, 18750, 10
0, 24138, 258, 291, 291, 10792426, 10438322, 0.44, 75, 500, 7, 183, 18750, 10
1, 19468, 248, 251, 250, 9585184, 9593165, 0.44, 75, 500, 7, 139, 18750, 10
0, 27000, 260, 333, 320, 11620203, 11016950, 0.44, 75, 500, 7, 208, 18750, 10
0, 26517, 237, 280, 313, 13007789, 12494686, 0.44, 75, 500, 7, 209, 18750, 10
1, 19248, 248, 249, 252, 10584036, 10633845, 0.44, 75, 500, 7, 148, 18750, 10
1, 18939, 249, 250, 251, 9797200, 9816887, 0.44, 75, 500, 7, 144, 18750, 10
0, 25984, 244, 280, 314, 12754898, 12212255, 0.44, 75, 500, 7, 202, 18750, 10
1, 20431, 250, 257, 261, 10494291, 10564362, 0.44, 75, 500, 7, 156, 18750, 10
0, 21569, 246, 265, 254, 10900685, 10454742, 0.44, 75, 500, 7, 164, 18750, 10
1, 19682, 253, 258, 255, 7950706, 7961021, 0.44, 75, 500, 6, 117, 18750, 10
1, 18949, 256, 257, 262, 9090653, 9125117, 0.44, 75, 500, 6, 125, 18750, 10
1, 19152, 256, 258, 259, 8588856, 8611039, 0.44, 75, 500, 6, 112, 18750, 10
0, 20713, 279, 291, 290, 10460983, 10212730, 0.44, 75, 500, 7, 165, 18750, 10
1, 20301, 275, 277, 286, 9495353, 9704122, 0.44, 75, 500, 6, 129, 18750, 10
0, 24063, 239, 284, 263, 11709802, 11204851, 0.44, 75, 500, 7, 179, 18750, 10
0, 27000, 246, 303, 294, 12396348, 12032318, 0.44, 75, 500, 7, 215, 18750, 10
0, 20337, 249, 262, 253, 8279970, 8115654, 0.44, 75, 500, 6, 124, 18750, 10
0, 27000, 210, 287, 268, 10278156, 10047270, 0.44, 75, 500, 6, 167, 18750, 10
0, 27000, 253, 276, 349, 12668475, 12510318, 0.44, 75, 500, 7, 219, 18750, 10
1, 19636, 240, 244, 243, 8029115, 8100678, 0.44, 75, 500, 6, 113, 18750, 10
0, 19945, 259, 267, 270, 9189235, 8910682, 0.44, 75, 500, 6, 126, 18750, 10
0, 22478, 241, 270, 267, 9609439, 9244741, 0.44, 75, 500, 6, 141, 18750, 10
1, 19105, 258, 259, 260, 8971203, 8974477, 0.44, 75, 500, 6, 121, 18750, 10
0, 22845, 256, 293, 271, 8955506, 8625328, 0.44, 75, 500, 6, 141, 18750, 10
1, 19087, 259, 261, 263, 7959491, 7960036, 0.44, 75, 500, 6, 106, 18750, 10
1, 19626, 218, 223, 223, 8109594, 8177049, 0.44, 75, 500, 6, 111, 18750, 10
0, 23363, 249, 288, 279, 9643893, 9216837, 0.44, 75, 500, 6, 145, 18750, 10
0, 20908, 238, 247, 246, 8755750, 8407528, 0.44, 75, 500, 6, 129, 18750, 10
0, 24552, 259, 306, 289, 9549972, 9160230, 0.44, 75, 500, 6, 156, 18750, 10
0, 22405, 251, 289, 265, 8506654, 8181890, 0.44, 75, 500, 6, 138, 18750, 10
0, 24305, 218, 251, 237, 10119029, 9832413, 0.44, 75, 500, 6, 145, 18750, 10
0, 21517, 263, 287, 279, 8727155, 8437807, 0.44, 75, 500, 6, 125, 18750, 10
0, 25752, 251, 312, 317, 10355492, 9895773, 0.44, 75, 500, 6, 166, 18750, 10
0, 22848, 246, 282, 265, 9321833, 8964748, 0.44, 75, 500, 6, 141, 18750, 10
0, 22864, 259, 291, 294, 9648875, 9272149, 0.44, 75, 500, 6, 136, 18750, 10
1, 19271, 245, 251, 247, 8859178, 8878276, 0.44, 75, 500, 6, 120, 18750, 10
1, 19387, 261, 262, 265, 8251541, 8324452, 0.44, 75, 500, 6, 121, 18750, 10
1, 19149, 280, 281, 282, 8088163, 8105897, 0.44, 75, 500, 6, 115, 18750, 10
0, 21829, 279, 306, 293, 8295339, 8055420, 0.44, 75, 500, 6, 132, 18750, 10
1, 19718, 222, 227, 232, 8614702, 8652832, 0.44, 75, 500, 6, 117, 18750, 10
0, 27000, 241, 280, 321, 10717258, 10635662, 0.44, 75, 500, 6, 174, 18750, 10
1, 19099, 260, 262, 262, 8661325, 8676713, 0.44, 75, 500, 6, 115, 18750, 10
0, 26747, 228, 304, 279, 10308032, 9978343, 0.44, 75, 500, 6, 166, 18750, 10
1, 19027, 263, 264, 266, 8844275, 8914581, 0.44, 75, 500, 6, 125, 18750, 10
1, 19079, 273, 274, 276, 8868953, 8871263, 0.44, 75, 500, 6, 122, 18750, 10
1, 19287, 263, 264, 265, 8574953, 8581565, 0.44, 75, 500, 6, 123, 18750, 10
1, 19288, 239, 243, 243, 7620737, 7670193, 0.44, 75, 500, 6, 116, 18750, 10
1, 19176, 247, 250, 253, 8525640, 8552182, 0.44, 75, 500, 6, 121, 18750, 10
1, 19260, 260, 261, 265, 8962168, 9053720, 0.44, 75, 500, 6, 125, 18750, 10
0, 20818, 243, 262, 255, 8607667, 8361687, 0.44, 75, 500, 6, 125, 18750, 10
0, 27000, 258, 308, 323, 11310044, 10950733, 0.44, 75, 500, 6, 178, 18750, 10
0, 21941, 259, 288, 274, 9298359, 8949758, 0.44, 75, 500, 6, 139, 18750, 10
0, 21400, 234, 249, 243, 9754206, 9498243, 0.44, 75, 500, 6, 132, 18750, 10
1, 18828, 257, 258, 260, 8976556, 8992330, 0.44, 75, 500, 6, 123, 18750, 10
1, 21159, 288, 301, 303, 8744793, 8891333, 0.44, 75, 500, 6, 137, 18750, 10
1, 20398, 240, 244, 255, 8749926, 8947574, 0.44, 75, 500, 6, 125, 18750, 10
1, 19430, 218, 223, 222, 8702631, 8714092, 0.44, 75, 500, 6, 122, 18750, 10
0, 22363, 242, 267, 260, 9256958, 8934038, 0.44, 75, 500, 6, 138, 18750, 10
0, 24208, 264, 283, 317, 9876649, 9565126, 0.44, 75, 500, 6, 161, 18750, 10
1, 18962, 230, 231, 233, 8364641, 8370657, 0.44, 75, 500, 6, 119, 18750, 10
0, 21642, 219, 248, 239, 9370350, 8991602, 0.44, 75, 500, 6, 138, 18750, 10
0, 25461, 244, 286, 306, 10056556, 9736412, 0.44, 75, 500, 6, 168, 18750, 10
0, 22812, 247, 259, 293, 10141579, 9904571, 0.44, 75, 500, 6, 149, 18750, 10
0, 24114, 243, 290, 282, 9875969, 9577693, 0.44, 75, 500, 6, 158, 18750, 10
0, 21746, 265, 293, 280, 8685137, 8320670, 0.44, 75, 500, 6, 132, 18750, 10
0, 22218, 243, 275, 258, 9064529, 8684276, 0.44, 75, 500, 6, 139, 18750, 10
0, 22217, 268, 296, 283, 8683869, 8262522, 0.44, 75, 500, 6, 139, 18750, 10
1, 19690, 259, 260, 266, 9453219, 9600851, 0.44, 75, 500, 6, 129, 18750, 10
1, 19027, 255, 256, 258, 8828379, 8844285, 0.44, 75, 500, 6, 125, 18750, 10
1, 19137, 243, 244, 245, 8353888, 8360569, 0.44, 75, 500, 6, 122, 18750, 10
0, 21827, 284, 301, 298, 9007531, 8753247, 0.44, 75, 500, 6, 143, 18750, 10
1, 23594, 206, 239, 242, 9908140, 9942346, 0.44, 75, 500, 6, 157, 18750, 10
1, 19055, 260, 261, 262, 9093933, 9108616, 0.44, 75, 500, 6, 123, 18750, 10
0, 23007, 243, 274, 265, 9609359, 9283577, 0.44, 75, 500, 6, 147, 18750, 10
1, 19577, 255, 261, 259, 8652759, 8653538, 0.44, 75, 500, 6, 128, 18750, 10
0, 27000, 237, 289, 283, 10754661, 10653063, 0.44, 75, 500, 6, 187, 18750, 10
0, 25676, 270, 331, 303, 9904331, 9622666, 0.44, 75, 500, 6, 171, 18750, 10
1, 19681, 266, 268, 272, 9263200, 9342148, 0.44, 75, 500, 6, 138, 18750, 10
1, 18956, 256, 257, 259, 9206976, 9213118, 0.44, 75, 500, 6, 127, 18750, 10
0, 22770, 277, 313, 292, 8970998, 8522230, 0.44, 75, 500, 6, 148, 18750, 10
0, 23204, 254, 295, 280, 9241056, 8844860, 0.44, 75, 500, 6, 146, 18750, 10
1, 19932, 255, 263, 258, 8327792, 8347452, 0.44, 75, 500, 6, 128, 18750, 10
1, 19642, 268, 272, 271, 8776972, 8821167, 0.44, 75, 500, 6, 132, 18750, 10
0, 20184, 256, 265, 262, 8879798, 8642203, 0.44, 75, 500, 6, 130, 18750, 10
0, 23001, 269, 303, 291, 8985513, 8683378, 0.44, 75, 500, 6, 145, 18750, 10
1, 18989, 252, 254, 254, 8624404, 8635623, 0.44, 75, 500, 6, 121, 18750, 10
1, 19153, 251, 253, 254, 8711739, 8728651, 0.44, 75, 500, 6, 130, 18750, 10
0, 27000, 249, 305, 296, 10983594, 10895172, 0.44, 75, 500, 6, 175, 18750, 10
0, 24523, 247, 306, 289, 10275642, 9832678, 0.44, 75, 500, 6, 156, 18750, 10
0, 21294, 218, 238, 226, 8287209, 8013017, 0.44, 75, 500, 6, 134, 18750, 10
1, 19516, 228, 230, 235, 8725546, 8791450, 0.44, 75, 500, 6, 124, 18750, 10
1, 19162, 237, 238, 244, 9036076, 9106578, 0.44, 75, 500, 6, 137, 18750, 10
1, 19031, 251, 253, 253, 8907564, 8941763, 0.44, 75, 500, 6, 118, 18750, 10
1, 19157, 248, 252, 254, 8018427, 8049991, 0.44, 75, 500, 6, 116, 18750, 10
0, 20474, 262, 280, 271, 8878694, 8608366, 0.44, 75, 500, 6, 132, 18750, 10
0, 24805, 267, 313, 298, 9811207, 9339246, 0.44, 75, 500, 6, 167, 18750, 10
0, 23404, 244, 274, 264, 8975729, 8604671, 0.44, 75, 500, 6, 157, 18750, 10
0, 21329, 242, 267, 254, 8328385, 8062041, 0.44, 75, 500, 6, 128, 18750, 10
0, 22096, 253, 273, 274, 9494748, 9252224, 0.44, 75, 500, 6, 148, 18750, 10
0, 24774, 237, 294, 267, 9447071, 9117826, 0.44, 75, 500, 6, 152, 18750, 10
0, 23704, 235, 281, 274, 9255518, 9043852, 0.44, 75, 500, 6, 146, 18750, 10
1, 18805, 243, 244, 246, 8335700, 8346940, 0.44, 75, 500, 6, 120, 18750, 10
0, 20993, 277, 288, 284, 8754319, 8537790, 0.44, 75, 500, 6, 131, 18750, 10
0, 23008, 258, 292, 285, 9601280, 9238395, 0.44, 75, 500, 6, 150, 18750, 10
0, 22479, 243, 265, 264, 9575831, 9333873, 0.44, 75, 500, 6, 148, 18750, 10
1, 19435, 252, 256, 259, 8635517, 8648883, 0.44, 75, 500, 6, 121, 18750, 10
0, 26230, 237, 293, 288, 10004732, 9690980, 0.44, 75, 500, 6, 178, 18750, 10
0, 21101, 273, 289, 283, 9250501, 8944329, 0.44, 75, 500, 6, 137, 18750, 10
1, 18988, 241, 242, 244, 9093822, 9094143, 0.44, 75, 500, 6, 136, 18750, 10
1, 19232, 228, 230, 231, 9174511, 9211920, 0.44, 75, 500, 6, 121, 18750, 10
1, 19247, 250, 251, 254, 7318351, 7379100, 0.44, 75, 500, 5, 103, 18750, 10
0, 23120, 234, 274, 257, 8011650, 7742700, 0.44, 75, 500, 5, 121, 18750, 10
0, 26724, 273, 314, 330, 9059457, 8627695, 0.44, 75, 500, 5, 141, 18750, 10
0, 20412, 243, 261, 253, 7269088, 7085017, 0.44, 75, 500, 5, 102, 18750, 10
0, 22803, 260, 292, 279, 8945461, 8572071, 0.44, 75, 500, 6, 154, 18750, 10
0, 23932, 263, 316, 294, 10037256, 9492334, 0.44, 75, 500, 6, 163, 18750, 10
1, 19354, 278, 280, 286, 7606685, 7623040, 0.44, 75, 500, 5, 105, 18750, 10
1, 20623, 265, 280, 283, 7619284, 7626715, 0.44, 75, 500, 5, 113, 18750, 10
0, 20706, 270, 273, 295, 8242012, 8081874, 0.44, 75, 500, 5, 110, 18750, 10
1, 18946, 284, 285, 288, 7137922, 7150232, 0.44, 75, 500, 5, 104, 18750, 10
0, 27000, 252, 285, 332, 9004855, 8734839, 0.44, 75, 500, 5, 143, 18750, 10
0, 21780, 264, 284, 274, 7508116, 7340714, 0.44, 75, 500, 5, 106, 18750, 10
0, 27000, 247, 306, 292, 10424542, 10223544, 0.44, 75, 500, 6, 187, 18750, 10
0, 27000, 264, 304, 328, 9214629, 9034721, 0.44, 75, 500, 5, 157, 18750, 10
1, 18887, 233, 234, 235, 8122069, 8159694, 0.44, 75, 500, 5, 100, 18750, 10
0, 27000, 262, 307, 343, 9092286, 8979498, 0.44, 75, 500, 5, 161, 18750, 10
0, 20520, 260, 266, 283, 7689664, 7530097, 0.44, 75, 500, 5, 118, 18750, 10
0, 20855, 258, 267, 269, 8378358, 8202972, 0.44, 75, 500, 5, 115, 18750, 10
1, 19025, 224, 226, 227, 6696980, 6702105, 0.44, 75, 500, 5, 98, 18750, 10
0, 20187, 256, 271, 261, 6712977, 6524113, 0.44, 75, 500, 5, 102, 18750, 10
1, 19124, 247, 248, 251, 7074575, 7091339, 0.44, 75, 500, 5, 101, 18750, 10
1, 19396, 237, 240, 244, 7239386, 7298184, 0.44, 75, 500, 5, 101, 18750, 10
0, 22749, 234, 263, 247, 7645950, 7444369, 0.44, 75, 500, 5, 114, 18750, 10
1, 19600, 239, 242, 248, 8013528, 8057787, 0.44, 75, 500, 5, 106, 18750, 10
0, 21473, 279, 296, 297, 7636462, 7439729, 0.44, 75, 500, 5, 110, 18750, 10
0, 27000, 239, 296, 300, 8862982, 8600467, 0.44, 75, 500, 5, 144, 18750, 10
1, 19369, 254, 255, 258, 7399508, 7456735, 0.44, 75, 500, 5, 100, 18750, 10
1, 18981, 248, 249, 250, 7114118, 7136306, 0.44, 75, 500, 5, 92, 18750, 10
1, 19079, 231, 233, 234, 7067398, 7090273, 0.44, 75, 500, 5, 97, 18750, 10
1, 20485, 224, 233, 241, 7886935, 8012258, 0.44, 75, 500, 5, 107, 18750, 10
0, 21968, 294, 320, 301, 7252838, 6981531, 0.44, 75, 500, 5, 103, 18750, 10
1, 19181, 238, 241, 242, 7925269, 7976230, 0.44, 75, 500, 5, 100, 18750, 10
1, 19205, 234, 237, 237, 7352500, 7414362, 0.44, 75, 500, 5, 99, 18750, 10
0, 24500, 237, 283, 278, 8539193, 8186165, 0.44, 75, 500, 5, 124, 18750, 10
1, 19712, 256, 259, 264, 6964765, 7045151, 0.44, 75, 500, 5, 100, 18750, 10
1, 18910, 264, 265, 266, 6870029, 6886904, 0.44, 75, 500, 5, 93, 18750, 10
1, 20345, 266, 278, 275, 7303009, 7303461, 0.44, 75, 500, 5, 101, 18750, 10
0, 27000, 249, 292, 328, 9166900, 9101924, 0.44, 75, 500, 5, 149, 18750, 10
1, 18992, 239, 240, 243, 7530484, 7580180, 0.44, 75, 500, 5, 98, 18750, 10
1, 19263, 253, 254, 258, 7106278, 7131476, 0.44, 75, 500, 5, 102, 18750, 10
0, 24650, 227, 274, 271, 8639264, 8225927, 0.44, 75, 500, 5, 126, 18750, 10
1, 18872, 270, 271, 272, 7335606, 7341344, 0.44, 75, 500, 5, 93, 18750, 10
0, 25772, 255, 317, 303, 8079601, 7780244, 0.44, 75, 500, 5, 133, 18750, 10
1, 19607, 257, 261, 269, 7162988, 7211540, 0.44, 75, 500, 5, 100, 18750, 10
0, 24686, 271, 325, 296, 8167175, 7848754, 0.44, 75, 500, 5, 122, 18750, 10
1, 18931, 222, 223, 224, 7601198, 7604507, 0.44, 75, 500, 5, 94, 18750, 10
0, 23776, 251, 283, 290, 8588080, 8307270, 0.44, 75, 500, 5, 123, 18750, 10
1, 19212, 243, 244, 250, 7808663, 7876040, 0.44, 75, 500, 5, 100, 18750, 10
1, 19046, 242, 243, 245, 6876837, 6878952, 0.44, 75, 500, 5, 93, 18750, 10
1, 19521, 242, 249, 248, 6872879, 6898030, 0.44, 75, 500, 5, 94, 18750, 10
1, 19486, 242, 245, 247, 7417245, 7478682, 0.44, 75, 500, 5, 95, 18750, 10
1, 18932, 237, 239, 239, 6595110, 6615453, 0.44, 75, 500, 5, 88, 18750, 10
1, 20114, 256, 266, 266, 7242645, 7309893, 0.44, 75, 500, 5, 101, 18750, 10
0, 23779, 261, 292, 275, 8105398, 7801543, 0.44, 75, 500, 5, 121, 18750, 10
1, 19256, 273, 274, 278, 7779874, 7799605, 0.44, 75, 500, 5, 94, 18750, 10
0, 22995, 249, 288, 273, 8375505, 8087026, 0.44, 75, 500, 5, 116, 18750, 10
1, 19454, 255, 256, 257, 6955970, 6964165, 0.44, 75, 500, 5, 97, 18750, 10
0, 21338, 260, 280, 271, 7455864, 7205622, 0.44, 75, 500, 5, 113, 18750, 10
1, 20193, 249, 255, 259, 7091713, 7136977, 0.44, 75, 500, 5, 101, 18750, 10
0, 22109, 249, 257, 272, 8386406, 8110785, 0.44, 75, 500, 5, 121, 18750, 10
1, 18839, 257, 258, 259, 6500321, 6507184, 0.44, 75, 500, 5, 91, 18750, 10
0, 23930, 247, 292, 277, 7873103, 7485349, 0.44, 75, 500, 5, 113, 18750, 10
1, 19183, 256, 257, 259, 6624597, 6638257, 0.44, 75, 500, 5, 97, 18750, 10
1, 19293, 246, 249, 251, 7193639, 7216334, 0.44, 75, 500, 5, 96, 18750, 10
0, 20041, 256, 272, 262, 7074722, 6860316, 0.44, 75, 500, 5, 94, 18750, 10
0, 23368, 265, 291, 284, 7715925, 7429386, 0.44, 75, 500, 5, 116, 18750, 10
0, 23557, 243, 288, 269, 7699881, 7407385, 0.44, 75, 500, 5, 120, 18750, 10
0, 19668, 262, 272, 263, 6272383, 6081122, 0.44, 75, 500, 5, 89, 18750, 10
0, 21260, 258, 282, 266, 6669966, 6420675, 0.44, 75, 500, 5, 100, 18750, 10
1, 19257, 250, 251, 254, 6996830, 7038541, 0.44, 75, 500, 5, 93, 18750, 10
0, 24173, 258, 310, 282, 8208478, 7873568, 0.44, 75, 500, 5, 119, 18750, 10
1, 19008, 241, 242, 244, 6895593, 6898371, 0.44, 75, 500, 5, 95, 18750, 10
1, 19024, 231, 234, 235, 6824494, 6864047, 0.44, 75, 500, 5, 89, 18750, 10
0, 25504, 251, 299, 293, 8051419, 7817111, 0.44, 75, 500, 5, 124, 18750, 10
0, 21672, 262, 297, 268, 7337350, 7007589, 0.44, 75, 500, 5, 98, 18750, 10
1, 18984, 250, 252, 252, 6804937, 6824756, 0.44, 75, 500, 5, 90, 18750, 10
0, 21964, 258, 289, 274, 7883242, 7555427, 0.44, 75, 500, 5, 109, 18750, 10
0, 22751, 241, 264, 259, 7333089, 7112077, 0.44, 75, 500, 5, 105, 18750, 10
0, 27000, 237, 284, 300, 9167026, 9056380, 0.44, 75, 500, 5, 139, 18750, 10
0, 26131, 235, 276, 303, 8878253, 8506363, 0.44, 75, 500, 5, 136, 18750, 10
0, 26473, 250, 296, 298, 8593920, 8327705, 0.44, 75, 500, 5, 137, 18750, 10
1, 19527, 258, 261, 263, 6536761, 6570757, 0.44, 75, 500, 5, 88, 18750, 10
1, 23852, 240, 253, 291, 8928978, 8974760, 0.44, 75, 500, 5, 127, 18750, 10
0, 22305, 238, 263, 249, 7553043, 7271735, 0.44, 75, 500, 5, 111, 18750, 10
1, 18962, 265, 267, 269, 6614942, 6623409, 0.44, 75, 500, 5, 87, 18750, 10
0, 20574, 246, 258, 256, 7401986, 7216009, 0.44, 75, 500, 5, 106, 18750, 10
0, 27000, 265, 326, 318, 8836450, 8637882, 0.44, 75, 500, 5, 140, 18750, 10
0, 20768, 238, 254, 243, 6904617, 6652961, 0.44, 75, 500, 5, 99, 18750, 10
0, 23977, 277, 313, 302, 8309489, 7936989, 0.44, 75, 500, 5, 120, 18750, 10
1, 19342, 240, 243, 247, 7427503, 7443663, 0.44, 75, 500, 5, 101, 18750, 10
1, 20445, 283, 295, 294, 7616213, 7668431, 0.44, 75, 500, 5, 108, 18750, 10
0, 21766, 253, 280, 260, 7176095, 6908751, 0.44, 75, 500, 5, 99, 18750, 10
0, 21731, 244, 276, 253, 7490209, 7120190, 0.44, 75, 500, 5, 106, 18750, 10
1, 19146, 262, 265, 267, 7387630, 7408613, 0.44, 75, 500, 5, 97, 18750, 10
1, 19483, 250, 255, 256, 6588038, 6643748, 0.44, 75, 500, 5, 93, 18750, 10
1, 19131, 255, 256, 257, 6839635, 6846024, 0.44, 75, 500, 5, 90, 18750, 10
1, 18895, 245, 246, 247, 6054370, 6057936, 0.44, 75, 500, 4, 73, 18750, 10
0, 24061, 258, 307, 290, 8120033, 7789043, 0.44, 75, 500, 5, 119, 18750, 10
1, 19145, 280, 281, 283, 7267825, 7291977, 0.44, 75, 500, 5, 98, 18750, 10
1, 19232, 221, 225, 228, 5620041, 5623918, 0.44, 75, 500, 4, 72, 18750, 10
0, 24125, 243, 286, 275, 8020773, 7596085, 0.44, 75, 500, 5, 119, 18750, 10
1, 19396, 294, 296, 299, 7283234, 7311973, 0.44, 75, 500, 5, 96, 18750, 10
1, 18903, 217, 219, 220, 6771367, 6780793, 0.44, 75, 500, 5, 88, 18750, 10
1, 19546, 257, 261, 266, 7939256, 7974210, 0.44, 75, 500, 5, 99, 18750, 10
0, 22655, 274, 312, 294, 6018314, 5793288, 0.44, 75, 500, 4, 85, 18750, 10
0, 23187, 250, 284, 270, 6082101, 5813986, 0.44, 75, 500, 4, 86, 18750, 10
0, 21654, 260, 281, 269, 6191897, 5998033, 0.44, 75, 500, 4, 77, 18750, 10
1, 21311, 260, 282, 283, 6463425, 6473153, 0.44, 75, 500, 4, 81, 18750, 10
0, 20095, 275, 279, 283, 6254397, 6029369, 0.44, 75, 500, 4, 81, 18750, 10
0, 20449, 264, 279, 273, 5670423, 5537552, 0.44, 75, 500, 4, 76, 18750, 10
0, 23227, 243, 274, 266, 6486639, 6292310, 0.44, 75, 500, 4, 91, 18750, 10
1, 19453, 250, 252, 257, 5970597, 6031892, 0.44, 75, 500, 4, 70, 18750, 10
1, 20562, 236, 244, 249, 6177519, 6193875, 0.44, 75, 500, 4, 76, 18750, 10
0, 23528, 258, 302, 271, 6230548, 5929516, 0.44, 75, 500, 4, 83, 18750, 10
0, 27000, 235, 283, 296, 7103298, 6888077, 0.44, 75, 500, 4, 111, 18750, 10
1, 21339, 224, 233, 249, 6351398, 6450884, 0.44, 75, 500, 4, 85, 18750, 10
0, 20221, 256, 271, 260, 5554650, 5310037, 0.44, 75, 500, 4, 73, 18750, 10
0, 27000, 237, 276, 333, 7328028, 7115064, 0.44, 75, 500, 4, 112, 18750, 10
0, 27000, 251, 282, 360, 9072022, 8985530, 0.44, 75, 500, 5, 149, 18750, 10
0, 27000, 266, 332, 329, 7394114, 7235136, 0.44, 75, 500, 4, 111, 18750, 10
0, 19003, 271, 272, 272, 6235535, 6161936, 0.44, 75, 500, 4, 74, 18750, 10
1, 19191, 228, 229, 230, 6064424, 6065458, 0.44, 75, 500, 4, 71, 18750, 10
0, 22606, 270, 298, 281, 5260843, 5048114, 0.44, 75, 500, 4, 79, 18750, 10
1, 19171, 251, 252, 253, 5827159, 5854293, 0.44, 75, 500, 4, 80, 18750, 10
1, 19009, 224, 226, 226, 5660621, 5680916, 0.44, 75, 500, 4, 72, 18750, 10
0, 20648, 252, 266, 259, 5568628, 5360453, 0.44, 75, 500, 4, 75, 18750, 10
1, 19166, 265, 266, 268, 5716912, 5730797, 0.44, 75, 500, 4, 68, 18750, 10
1, 19357, 259, 263, 262, 5578867, 5588715, 0.44, 75, 500, 4, 75, 18750, 10
0, 20737, 231, 248, 237, 5062246, 4924908, 0.44, 75, 500, 4, 73, 18750, 10
0, 21313, 247, 271, 258, 6391983, 6168218, 0.44, 75, 500, 4, 82, 18750, 10
1, 19228, 252, 255, 256, 5950184, 5961587, 0.44, 75, 500, 4, 75, 18750, 10
0, 22134, 271, 304, 289, 6163580, 6020833, 0.44, 75, 500, 4, 88, 18750, 10
0, 24586, 281, 327, 309, 6636520, 6403938, 0.44, 75, 500, 4, 95, 18750, 10
0, 27000, 253, 297, 326, 7524630, 7335750, 0.44, 75, 500, 4, 107, 18750, 10
0, 21696, 244, 270, 271, 5884200, 5734283, 0.44, 75, 500, 4, 80, 18750, 10
0, 23824, 282, 316, 315, 6235692, 6035128, 0.44, 75, 500, 4, 90, 18750, 10
0, 24960, 240, 261, 296, 7285474, 7044383, 0.44, 75, 500, 4, 105, 18750, 10
0, 24198, 263, 308, 290, 6596567, 6375053, 0.44, 75, 500, 4, 92, 18750, 10
0, 27000, 275, 330, 342, 7382051, 7366939, 0.44, 75, 500, 4, 113, 18750, 10
0, 24343, 270, 318, 303, 6442563, 6264051, 0.44, 75, 500, 4, 89, 18750, 10
1, 19270, 258, 260, 263, 6233403, 6261793, 0.44, 75, 500, 4, 74, 18750, 10
1, 19370, 230, 231, 237, 5968785, 6014339, 0.44, 75, 500, 4, 74, 18750, 10
1, 19453, 250, 255, 254, 5428627, 5447965, 0.44, 75, 500, 4, 72, 18750, 10
1, 19788, 218, 223, 228, 6433349, 6457319, 0.44, 75, 500, 4, 72, 18750, 10
0, 27000, 251, 295, 308, 7345129, 7130588, 0.44, 75, 500, 4, 109, 18750, 10
1, 19486, 252, 256, 256, 5336843, 5380754, 0.44, 75, 500, 4, 70, 18750, 10
1, 19475, 245, 248, 250, 5609927, 5639181, 0.44, 75, 500, 4, 67, 18750, 10
1, 19163, 285, 287, 287, 5797984, 5819212, 0.44, 75, 500, 4, 68, 18750, 10
0, 24449, 269, 314, 288, 6315313, 6048046, 0.44, 75, 500, 4, 92, 18750, 10
0, 21795, 248, 275, 260, 5804865, 5597107, 0.44, 75, 500, 4, 76, 18750, 10
1, 19293, 260, 262, 266, 5871166, 5878733, 0.44, 75, 500, 4, 71, 18750, 10
0, 21095, 251, 266, 264, 6256226, 6110307, 0.44, 75, 500, 4, 79, 18750, 10
0, 27000, 248, 280, 330, 7436458, 7248951, 0.44, 75, 500, 4, 109, 18750, 10
0, 25907, 237, 289, 268, 6934568, 6604774, 0.44, 75, 500, 4, 98, 18750, 10
1, 20338, 256, 259, 271, 6450107, 6496495, 0.44, 75, 500, 4, 79, 18750, 10
0, 22789, 210, 250, 235, 5902809, 5624706, 0.44, 75, 500, 4, 80, 18750, 10
0, 27000, 264, 304, 332, 7567716, 7453983, 0.44, 75, 500, 4, 111, 18750, 10
1, 19347, 260, 261, 269, 5809150, 5832421, 0.44, 75, 500, 4, 75, 18750, 10
0, 24632, 267, 325, 295, 6425399, 6172067, 0.44, 75, 500, 4, 92, 18750, 10
0, 20429, 242, 252, 251, 5656000, 5518151, 0.44, 75, 500, 4, 73, 18750, 10
1, 20407, 258, 263, 268, 6686685, 6711776, 0.44, 75, 500, 4, 76, 18750, 10
1, 20097, 248, 256, 256, 6429859, 6472579, 0.44, 75, 500, 4, 75, 18750, 10
0, 22583, 261, 298, 284, 6295384, 6041615, 0.44, 75, 500, 4, 84, 18750, 10
1, 19271, 258, 260, 265, 6197838, 6218760, 0.44, 75, 500, 4, 74, 18750, 10
0, 27000, 266, 332, 315, 7067969, 6882273, 0.44, 75, 500, 4, 110, 18750, 10
1, 19738, 263, 269, 269, 5902170, 5911332, 0.44, 75, 500, 4, 72, 18750, 10
1, 20125, 283, 292, 288, 5789179, 5803639, 0.44, 75, 500, 4, 73, 18750, 10
1, 18996, 227, 228, 229, 5709046, 5713934, 0.44, 75, 500, 4, 69, 18750, 10
1, 18929, 248, 249, 250, 5843128, 5856883, 0.44, 75, 500, 4, 68, 18750, 10
1, 19807, 266, 267, 269, 5642880, 5648797, 0.44, 75, 500, 4, 74, 18750, 10
0, 20345, 232, 248, 236, 5477149, 5317027, 0.44, 75, 500, 4, 70, 18750, 10
1, 20138, 258, 261, 262, 5809455, 5845122, 0.44, 75, 500, 4, 73, 18750, 10
1, 19944, 267, 271, 273, 5693878, 5703740, 0.44, 75, 500, 4, 74, 18750, 10
1, 19214, 284, 285, 286, 5393260, 5409891, 0.44, 75, 500, 4, 73, 18750, 10
1, 19590, 257, 259, 261, 5709526, 5737410, 0.44, 75, 500, 4, 70, 18750, 10
0, 20955, 264, 275, 272, 5919362, 5656970, 0.44, 75, 500, 4, 80, 18750, 10
0, 24940, 247, 295, 279, 6563052, 6350956, 0.44, 75, 500, 4, 92, 18750, 10
1, 19357, 257, 258, 263, 5848701, 5886341, 0.44, 75, 500, 4, 73, 18750, 10
1, 19127, 234, 235, 237, 6057666, 6079867, 0.44, 75, 500, 4, 68, 18750, 10
0, 25813, 247, 277, 306, 7571414, 7312069, 0.44, 75, 500, 4, 105, 18750, 10
0, 26042, 281, 342, 319, 6789779, 6518078, 0.44, 75, 500, 4, 104, 18750, 10
1, 19545, 280, 281, 286, 5728106, 5796360, 0.44, 75, 500, 4, 75, 18750, 10
0, 21155, 246, 268, 260, 5768883, 5540139, 0.44, 75, 500, 4, 75, 18750, 10
1, 19273, 259, 261, 265, 5933572, 5954732, 0.44, 75, 500, 4, 76, 18750, 10
1, 19420, 216, 220, 219, 6381151, 6381702, 0.44, 75, 500, 4, 75, 18750, 10
1, 19024, 234, 235, 237, 6510205, 6513223, 0.44, 75, 500, 4, 77, 18750, 10
1, 24002, 247, 264, 299, 6992298, 7067423, 0.44, 75, 500, 4, 98, 18750, 10
1, 19204, 268, 269, 271, 5685094, 5714016, 0.44, 75, 500, 4, 77, 18750, 10
0, 27000, 253, 283, 341, 7371557, 7276947, 0.44, 75, 500, 4, 112, 18750, 10
0, 20362, 275, 289, 279, 5309447, 5150794, 0.44, 75, 500, 4, 72, 18750, 10
1, 18947, 242, 243, 245, 5714085, 5732928, 0.44, 75, 500, 4, 74, 18750, 10
0, 27000, 257, 292, 338, 7287520, 7205962, 0.44, 75, 500, 4, 113, 18750, 10
0, 22395, 253, 288, 267, 5515188, 5274708, 0.44, 75, 500, 4, 81, 18750, 10
1, 19100, 229, 230, 233, 4483480, 4501690, 0.44, 75, 500, 3, 47, 18750, 10
1, 19112, 251, 252, 253, 6091266, 6094929, 0.44, 75, 500, 4, 79, 18750, 10
1, 19209, 250, 252, 255, 5952896, 5956581, 0.44, 75, 500, 4, 77, 18750, 10
1, 19023, 249, 250, 251, 5708619, 5717411, 0.44, 75, 500, 4, 77, 18750, 10
0, 23342, 272, 317, 302, 4683802, 4549000, 0.44, 75, 500, 3, 66, 18750, 10
0, 24525, 264, 316, 285, 5109718, 4842669, 0.44, 75, 500, 3, 67, 18750, 10
0, 26098, 269, 324, 308, 6959296, 6659100, 0.44, 75, 500, 4, 109, 18750, 10
1, 19591, 243, 252, 255, 5604504, 5606348, 0.44, 75, 500, 4, 81, 18750, 10
1, 19259, 223, 226, 230, 4168648, 4176581, 0.44, 75, 500, 3, 52, 18750, 10
1, 19531, 257, 260, 261, 4655213, 4673265, 0.44, 75, 500, 3, 55, 18750, 10
1, 19832, 257, 269, 263, 5853813, 5879470, 0.44, 75, 500, 4, 81, 18750, 10
0, 24019, 265, 313, 295, 6286016, 6061159, 0.44, 75, 500, 4, 97, 18750, 10
1, 20677, 259, 262, 279, 6245177, 6279902, 0.44, 75, 500, 4, 85, 18750, 10
1, 20446, 260, 267, 264, 4147915, 4175329, 0.44, 75, 500, 3, 55, 18750, 10
0, 27000, 239, 288, 311, 7517444, 7273252, 0.44, 75, 500, 4, 113, 18750, 10
0, 24715, 270, 320, 306, 6527690, 6289292, 0.44, 75, 500, 4, 100, 18750, 10
0, 25629, 264, 317, 302, 5029026, 4831374, 0.44, 75, 500, 3, 72, 18750, 10
0, 21915, 263, 290, 283, 4640022, 4476434, 0.44, 75, 500, 3, 66, 18750, 10
1, 19236, 241, 243, 246, 4730046, 4755751, 0.44, 75, 500, 3, 57, 18750, 10
1, 19615, 248, 251, 255, 4972596, 4985887, 0.44, 75, 500, 3, 56, 18750, 10
0, 22859, 278, 318, 303, 4245233, 4125920, 0.44, 75, 500, 3, 66, 18750, 10
0, 22250, 259, 285, 268, 4862170, 4612521, 0.44, 75, 500, 3, 61, 18750, 10
1, 20586, 273, 279, 280, 4515882, 4586216, 0.44, 75, 500, 3, 58, 18750, 10
0, 19907, 267, 279, 273, 4720177, 4621678, 0.44, 75, 500, 3, 59, 18750, 10
1, 19329, 270, 275, 279, 4437169, 4469334, 0.44, 75, 500, 3, 53, 18750, 10
1, 19039, 233, 236, 237, 3942040, 3952476, 0.44, 75, 500, 3, 49, 18750, 10
0, 21801, 220, 249, 228, 3856669, 3684748, 0.44, 75, 500, 3, 55, 18750, 10
0, 21451, 264, 278, 286, 4721039, 4526920, 0.44, 75, 500, 3, 60, 18750, 10
1, 19728, 265, 270, 267, 4352483, 4363144, 0.44, 75, 500, 3, 54, 18750, 10
1, 20229, 272, 278, 277, 4174516, 4185064, 0.44, 75, 500, 3, 54, 18750, 10
1, 19444, 266, 270, 274, 4017010, 4055854, 0.44, 75, 500, 3, 52, 18750, 10
0, 22706, 251, 292, 281, 4516028, 4343386, 0.44, 75, 500, 3, 65, 18750, 10
1, 19778, 254, 256, 256, 4317579, 4342916, 0.44, 75, 500, 3, 57, 18750, 10
1, 19514, 278, 279, 294, 4952411, 4983909, 0.44, 75, 500, 3, 57, 18750, 10
1, 19860, 252, 253, 255, 4273136, 4284645, 0.44, 75, 500, 3, 51, 18750, 10
0, 21620, 269, 294, 282, 4538888, 4339916, 0.44, 75, 500, 3, 55, 18750, 10
0, 19341, 242, 251, 245, 3585921, 3487287, 0.44, 75, 500, 3, 48, 18750, 10
1, 19825, 241, 244, 244, 4421123, 4456722, 0.44, 75, 500, 3, 53, 18750, 10
1, 19746, 238, 240, 248, 4673833, 4690760, 0.44, 75, 500, 3, 61, 18750, 10
0, 22488, 223, 255, 240, 4342732, 4170502, 0.44, 75, 500, 3, 60, 18750, 10
1, 21477, 229, 235, 261, 4828022, 4900560, 0.44, 75, 500, 3, 59, 18750, 10
1, 19233, 253, 254, 257, 4664712, 4673751, 0.44, 75, 500, 3, 53, 18750, 10
1, 19401, 252, 257, 257, 3822176, 3830902, 0.44, 75, 500, 3, 52, 18750, 10
1, 20022, 248, 257, 256, 4534773, 4546595, 0.44, 75, 500, 3, 57, 18750, 10
1, 19601, 258, 259, 260, 4140996, 4150535, 0.44, 75, 500, 3, 54, 18750, 10
1, 19042, 223, 224, 225, 4095204, 4102931, 0.44, 75, 500, 3, 47, 18750, 10
0, 21156, 252, 273, 259, 3870825, 3717711, 0.44, 75, 500, 3, 52, 18750, 10
0, 22878, 254, 282, 284, 5049501, 4925229, 0.44, 75, 500, 3, 66, 18750, 10
0, 20927, 256, 276, 267, 4045981, 3917678, 0.44, 75, 500, 3, 52, 18750, 10
1, 19399, 266, 267, 270, 4692294, 4693117, 0.44, 75, 500, 3, 52, 18750, 10
1, 20880, 263, 273, 276, 4879313, 4903647, 0.44, 75, 500, 3, 60, 18750, 10
1, 19805, 279, 283, 284, 4080304, 4088676, 0.44, 75, 500, 3, 52, 18750, 10
0, 25302, 252, 307, 296, 5354845, 5119625, 0.44, 75, 500, 3, 70, 18750, 10
1, 19891, 232, 236, 240, 4919625, 4963393, 0.44, 75, 500, 3, 58, 18750, 10
1, 19309, 262, 264, 268, 4244254, 4255605, 0.44, 75, 500, 3, 53, 18750, 10
0, 20825, 249, 271, 258, 3995002, 3846795, 0.44, 75, 500, 3, 54, 18750, 10
1, 20426, 243, 260, 258, 4699974, 4713673, 0.44, 75, 500, 3, 64, 18750, 10
1, 19573, 247, 251, 255, 4361820, 4383654, 0.44, 75, 500, 3, 55, 18750, 10
0, 19389, 248, 253, 255, 4330160, 4246288, 0.44, 75, 500, 3, 52, 18750, 10
1, 20361, 241, 248, 253, 4472338, 4498127, 0.44, 75, 500, 3, 55, 18750, 10
0, 22958, 257, 297, 284, 4759200, 4636764, 0.44, 75, 500, 3, 63, 18750, 10
0, 23552, 263, 305, 294, 4291858, 4061998, 0.44, 75, 500, 3, 64, 18750, 10
0, 20284, 249, 264, 253, 4839605, 4701340, 0.44, 75, 500, 3, 54, 18750, 10
1, 19095, 255, 256, 257, 3912104, 3916390, 0.44, 75, 500, 3, 49, 18750, 10
0, 25034, 259, 309, 291, 4463923, 4278635, 0.44, 75, 500, 3, 67, 18750, 10
0, 25219, 254, 289, 298, 5601157, 5393277, 0.44, 75, 500, 3, 77, 18750, 10
1, 19161, 261, 263, 265, 4966027, 4977378, 0.44, 75, 500, 3, 54, 18750, 10
0, 21165, 259, 282, 267, 4506874, 4332103, 0.44, 75, 500, 3, 55, 18750, 10
0, 27000, 230, 309, 284, 5437128, 5215238, 0.44, 75, 500, 3, 80, 18750, 10
1, 22354, 223, 238, 247, 5390702, 5403329, 0.44, 75, 500, 3, 66, 18750, 10
1, 19033, 262, 263, 266, 3921949, 3939393, 0.44, 75, 500, 3, 50, 18750, 10
0, 27000, 229, 256, 312, 5271792, 5250463, 0.44, 75, 500, 3, 82, 18750, 10
0, 23941, 257, 294, 286, 4226040, 4101031, 0.44, 75, 500, 3, 67, 18750, 10
1, 20536, 279, 289, 287, 4831090, 4859732, 0.44, 75, 500, 3, 59, 18750, 10
1, 19347, 239, 241, 247, 3992975, 4012225, 0.44, 75, 500, 3, 51, 18750, 10
1, 20097, 229, 231, 240, 4814945, 4841445, 0.44, 75, 500, 3, 55, 18750, 10
1, 19296, 260, 263, 263, 4165885, 4171945, 0.44, 75, 500, 3, 48, 18750, 10
0, 20599, 227, 241, 231, 3651937, 3526344, 0.44, 75, 500, 3, 47, 18750, 10
1, 21914, 256, 266, 278, 4954915, 4992429, 0.44, 75, 500, 3, 61, 18750, 10
1, 19512, 262, 265, 269, 4501919, 4552545, 0.44, 75, 500, 3, 55, 18750, 10
1, 19194, 247, 250, 251, 4620847, 4639672, 0.44, 75, 500, 3, 54, 18750, 10
1, 19458, 258, 260, 260, 4462753, 4502276, 0.44, 75, 500, 3, 55, 18750, 10
1, 19712, 226, 235, 232, 4357381, 4361933, 0.44, 75, 500, 3, 51, 18750, 10
1, 19732, 246, 254, 255, 4305351, 4314698, 0.44, 75, 500, 3, 54, 18750, 10
1, 18994, 257, 259, 260, 4311659, 4323709, 0.44, 75, 500, 3, 51, 18750, 10
0, 27000, 250, 302, 316, 5069308, 4997723, 0.44, 75, 500, 3, 78, 18750, 10
0, 23676, 263, 311, 301, 4480681, 4260686, 0.44, 75, 500, 3, 67, 18750, 10
0, 21253, 250, 271, 260, 3957160, 3805392, 0.44, 75, 500, 3, 51, 18750, 10
1, 19600, 223, 226, 227, 3969520, 3981315, 0.44, 75, 500, 3, 55, 18750, 10
1, 19853, 282, 287, 286, 4811196, 4844112, 0.44, 75, 500, 3, 59, 18750, 10
1, 19168, 271, 273, 275, 4341089, 4370131, 0.44, 75, 500, 3, 53, 18750, 10
1, 19914, 217, 221, 230, 4225738, 4241434, 0.44, 75, 500, 3, 54, 18750, 10
0, 20360, 272, 287, 286, 4680195, 4564971, 0.44, 75, 500, 3, 61, 18750, 10
0, 21488, 256, 280, 263, 4524053, 4307216, 0.44, 75, 500, 3, 58, 18750, 10
1, 20057, 274, 280, 281, 4513900, 4522198, 0.44, 75, 500, 3, 56, 18750, 10
1, 19853, 242, 246, 246, 3798657, 3800487, 0.44, 75, 500, 3, 52, 18750, 10
1, 20052, 231, 237, 241, 4016114, 4032367, 0.44, 75, 500, 3, 52, 18750, 10
1, 19655, 248, 253, 256, 4259999, 4293512, 0.44, 75, 500, 3, 56, 18750, 10
0, 25536, 277, 331, 321, 4699329, 4502645, 0.44, 75, 500, 3, 72, 18750, 10
0, 21584, 243, 266, 248, 4021856, 3863750, 0.44, 75, 500, 3, 55, 18750, 10
0, 22687, 238, 263, 251, 4585176, 4386247, 0.44, 75, 500, 3, 63, 18750, 10
1, 18997, 268, 269, 271, 4130180, 4143402, 0.44, 75, 500, 3, 52, 18750, 10
1, 19123, 234, 236, 238, 4521389, 4564290, 0.44, 75, 500, 3, 55, 18750, 10
1, 19102, 249, 250, 251, 4692198, 4695175, 0.44, 75, 500, 3, 58, 18750, 10
1, 19315, 278, 282, 280, 4538581, 4574774, 0.44, 75, 500, 3, 53, 18750, 10
1, 20577, 237, 246, 248, 3076605, 3090486, 0.44, 75, 500, 2, 35, 18750, 10
1, 19900, 254, 258, 263, 2877629, 2889319, 0.44, 75, 500, 2, 33, 18750, 10
1, 19976, 250, 251, 259, 4774473, 4806775, 0.44, 75, 500, 3, 59, 18750, 10
0, 20401, 247, 264, 252, 2601707, 2505694, 0.44, 75, 500, 2, 38, 18750, 10
0, 22988, 243, 275, 266, 3249400, 3142022, 0.44, 75, 500, 2, 40, 18750, 10
1, 19125, 261, 263, 265, 4271819, 4288221, 0.44, 75, 500, 3, 52, 18750, 10
1, 19871, 253, 259, 260, 2716495, 2726841, 0.44, 75, 500, 2, 36, 18750, 10
1, 19477, 247, 250, 250, 3334895, 3352649, 0.44, 75, 500, 2, 37, 18750, 10
1, 19443, 221, 227, 228, 2607646, 2608948, 0.44, 75, 500, 2, 33, 18750, 10
1, 21136, 246, 257, 260, 2291656, 2301103, 0.44, 75, 500, 2, 30, 18750, 10
0, 22067, 256, 271, 280, 3317040, 3215028, 0.44, 75, 500, 2, 39, 18750, 10
1, 19583, 260, 263, 265, 3366418, 3373179, 0.44, 75, 500, 2, 37, 18750, 10
0, 22189, 277, 299, 296, 3178228, 3077569, 0.44, 75, 500, 2, 40, 18750, 10
0, 22311, 257, 286, 278, 4689323, 4538172, 0.44, 75, 500, 3, 69, 18750, 10
1, 19811, 245, 250, 257, 3044083, 3087030, 0.44, 75, 500, 2, 34, 18750, 10
1, 19857, 257, 263, 264, 2898322, 2909511, 0.44, 75, 500, 2, 35, 18750, 10
1, 19317, 232, 234, 239, 3245049, 3272803, 0.44, 75, 500, 2, 35, 18750, 10
0, 20976, 247, 270, 257, 2863950, 2764733, 0.44, 75, 500, 2, 35, 18750, 10
0, 22712, 247, 277, 262, 3005643, 2858023, 0.44, 75, 500, 2, 39, 18750, 10
1, 20209, 252, 258, 259, 2758678, 2775647, 0.44, 75, 500, 2, 30, 18750, 10
1, 19723, 248, 251, 253, 3187831, 3228842, 0.44, 75, 500, 2, 37, 18750, 10
0, 22423, 238, 268, 254, 2845925, 2747429, 0.44, 75, 500, 2, 34, 18750, 10
1, 20363, 266, 272, 279, 3704314, 3728580, 0.44, 75, 500, 2, 42, 18750, 10
1, 20266, 249, 255, 256, 2362990, 2365992, 0.44, 75, 500, 2, 31, 18750, 10
1, 19151, 219, 220, 221, 3216075, 3219277, 0.44, 75, 500, 2, 38, 18750, 10
0, 27000, 239, 267, 316, 6113595, 5946333, 0.44, 75, 500, 3, 85, 18750, 10
1, 19470, 238, 240, 242, 3019715, 3059703, 0.44, 75, 500, 2, 37, 18750, 10
0, 27000, 249, 293, 326, 5976434, 5965915, 0.44, 75, 500, 3, 88, 18750, 10
1, 20403, 249, 257, 259, 2888533, 2898387, 0.44, 75, 500, 2, 35, 18750, 10
1, 20274, 242, 247, 250, 3110682, 3118036, 0.44, 75, 500, 2, 37, 18750, 10
1, 19728, 273, 277, 278, 2745707, 2748415, 0.44, 75, 500, 2, 34, 18750, 10
1, 20988, 258, 267, 276, 3757538, 3796329, 0.44, 75, 500, 2, 45, 18750, 10
0, 21588, 262, 280, 279, 2818216, 2729075, 0.44, 75, 500, 2, 36, 18750, 10
0, 24836, 262, 312, 298, 3290497, 3164550, 0.44, 75, 500, 2, 45, 18750, 10
1, 19658, 250, 254, 252, 3263778, 3280494, 0.44, 75, 500, 2, 35, 18750, 10
0, 21764, 247, 274, 260, 2587005, 2485752, 0.44, 75, 500, 2, 35, 18750, 10
0, 20010, 259, 272, 265, 2924021, 2851625, 0.44, 75, 500, 2, 35, 18750, 10
0, 21077, 264, 282, 271, 2638172, 2570850, 0.44, 75, 500, 2, 36, 18750, 10
1, 20325, 247, 251, 254, 3056559, 3104095, 0.44, 75, 500, 2, 38, 18750, 10
1, 20131, 242, 248, 247, 2498936, 2502028, 0.44, 75, 500, 2, 36, 18750, 10
1, 19778, 251, 256, 258, 2996939, 3003486, 0.44, 75, 500, 2, 38, 18750, 10
1, 20134, 255, 263, 263, 2844995, 2845089, 0.44, 75, 500, 2, 35, 18750, 10
1, 19770, 273, 278, 281, 2851542, 2889677, 0.44, 75, 500, 2, 36, 18750, 10
0, 24639, 233, 276, 268, 3533989, 3408160, 0.44, 75, 500, 2, 46, 18750, 10
0, 20278, 248, 257, 254, 3435811, 3281277, 0.44, 75, 500, 2, 39, 18750, 10
0, 22141, 260, 288, 279, 3188573, 3085406, 0.44, 75, 500, 2, 40, 18750, 10
0, 20868, 249, 270, 257, 2819388, 2710468, 0.44, 75, 500, 2, 32, 18750, 10
0, 20228, 252, 270, 258, 2761759, 2661414, 0.44, 75, 500, 2, 33, 18750, 10
1, 21094, 235, 248, 258, 2951315, 2957560, 0.44, 75, 500, 2, 38, 18750, 10
1, 20184, 246, 255, 256, 2675602, 2684689, 0.44, 75, 500, 2, 38, 18750, 10
0, 22725, 251, 276, 275, 3093171, 2981873, 0.44, 75, 500, 2, 37, 18750, 10
1, 19715, 245, 247, 256, 3332508, 3334542, 0.44, 75, 500, 2, 39, 18750, 10
1, 19289, 251, 256, 256, 2866381, 2873041, 0.44, 75, 500, 2, 35, 18750, 10
1, 19382, 243, 245, 250, 3436392, 3441202, 0.44, 75, 500, 2, 37, 18750, 10
1, 19606, 250, 253, 264, 3194209, 3203202, 0.44, 75, 500, 2, 36, 18750, 10
1, 19445, 240, 242, 247, 3177506, 3198379, 0.44, 75, 500, 2, 34, 18750, 10
1, 19214, 239, 242, 245, 3501586, 3512307, 0.44, 75, 500, 2, 35, 18750, 10
1, 19854, 252, 257, 261, 3093811, 3104333, 0.44, 75, 500, 2, 35, 18750, 10
1, 20264, 236, 239, 244, 2967514, 2989627, 0.44, 75, 500, 2, 36, 18750, 10
1, 21077, 251, 256, 261, 3295469, 3351406, 0.44, 75, 500, 2, 37, 18750, 10
0, 21024, 259, 284, 268, 2781515, 2672096, 0.44, 75, 500, 2, 34, 18750, 10
1, 19603, 250, 256, 258, 2680484, 2688045, 0.44, 75, 500, 2, 36, 18750, 10
1, 20779, 264, 269, 276, 3130829, 3156779, 0.44, 75, 500, 2, 34, 18750, 10
0, 20212, 268, 282, 275, 2908186, 2826679, 0.44, 75, 500, 2, 36, 18750, 10
1, 19284, 258, 263, 263, 2634126, 2641608, 0.44, 75, 500, 2, 32, 18750, 10
1, 18984, 256, 260, 258, 2987089, 2990344, 0.44, 75, 500, 2, 34, 18750, 10
0, 23107, 259, 302, 294, 3113197, 3022354, 0.44, 75, 500, 2, 42, 18750, 10
1, 19671, 245, 246, 252, 3080888, 3094378, 0.44, 75, 500, 2, 36, 18750, 10
0, 20389, 226, 239, 230, 3085802, 2993946, 0.44, 75, 500, 2, 35, 18750, 10
1, 19958, 269, 274, 276, 2709654, 2717194, 0.44, 75, 500, 2, 34, 18750, 10
0, 26887, 228, 290, 292, 3790881, 3638749, 0.44, 75, 500, 2, 54, 18750, 10
1, 20463, 256, 260, 266, 2964702, 2967170, 0.44, 75, 500, 2, 32, 18750, 10
1, 19535, 265, 270, 270, 3284841, 3285038, 0.44, 75, 500, 2, 38, 18750, 10
1, 19908, 267, 274, 276, 2801876, 2827841, 0.44, 75, 500, 2, 31, 18750, 10
0, 22808, 240, 267, 264, 3497126, 3340255, 0.44, 75, 500, 2, 41, 18750, 10
1, 21540, 240, 251, 266, 3932779, 3969831, 0.44, 75, 500, 2, 44, 18750, 10
0, 23303, 256, 289, 281, 2714186, 2631469, 0.44, 75, 500, 2, 38, 18750, 10
0, 23041, 251, 275, 270, 2962740, 2861400, 0.44, 75, 500, 2, 38, 18750, 10
1, 19742, 246, 254, 257, 3117973, 3160865, 0.44, 75, 500, 2, 36, 18750, 10
0, 26933, 263, 335, 312, 3660622, 3514396, 0.44, 75, 500, 2, 52, 18750, 10
0, 22916, 254, 282, 281, 3085356, 2957831, 0.44, 75, 500, 2, 37, 18750, 10
1, 19510, 242, 248, 249, 2816109, 2826973, 0.44, 75, 500, 2, 34, 18750, 10
1, 19346, 232, 238, 238, 2997193, 2997323, 0.44, 75, 500, 2, 32, 18750, 10
0, 22560, 262, 293, 287, 3480161, 3352583, 0.44, 75, 500, 2, 40, 18750, 10
0, 22102, 252, 275, 278, 3149872, 3029170, 0.44, 75, 500, 2, 37, 18750, 10
0, 23881, 290, 333, 325, 3512973, 3410286, 0.44, 75, 500, 2, 44, 18750, 10
0, 21556, 265, 282, 278, 3038583, 2943215, 0.44, 75, 500, 2, 36, 18750, 10
1, 25429, 250, 293, 304, 3701162, 3711191, 0.44, 75, 500, 2, 47, 18750, 10
1, 19773, 244, 249, 249, 2975295, 2975514, 0.44, 75, 500, 2, 33, 18750, 10
1, 20112, 251, 257, 257, 2661894, 2666102, 0.44, 75, 500, 2, 34, 18750, 10
0, 22331, 244, 274, 261, 2846660, 2756231, 0.44, 75, 500, 2, 35, 18750, 10
1, 19219, 237, 239, 242, 3331792, 3336447, 0.44, 75, 500, 2, 34, 18750, 10
0, 20668, 247, 268, 254, 2797590, 2695911, 0.44, 75, 500, 2, 31, 18750, 10
1, 20318, 267, 277, 278, 1536269, 1541516, 0.44, 75, 500, 1, 14, 18750, 10
0, 20696, 275, 291, 286, 2974096, 2875865, 0.44, 75, 500, 2, 37, 18750, 10
0, 22876, 246, 272, 273, 3358895, 3233869, 0.44, 75, 500, 2, 38, 18750, 10
1, 19749, 235, 240, 249, 3553179, 3581942, 0.44, 75, 500, 2, 38, 18750, 10
1, 21905, 249, 267, 267, 1522404, 1527321, 0.44, 75, 500, 1, 17, 18750, 10
1, 21186, 258, 269, 270, 1551714, 1556913, 0.44, 75, 500, 1, 15, 18750, 10
0, 22789, 262, 291, 277, 3009116, 2905432, 0.44, 75, 500, 2, 35, 18750, 10
0, 22010, 259, 288, 278, 1533608, 1478179, 0.44, 75, 500, 1, 16, 18750, 10
1, 20039, 255, 262, 271, 2935747, 2979222, 0.44, 75, 500, 2, 32, 18750, 10
1, 20662, 244, 252, 257, 3533255, 3561332, 0.44, 75, 500, 2, 36, 18750, 10
1, 24986, 243, 280, 282, 1612555, 1616471, 0.44, 75, 500, 1, 21, 18750, 10
0, 21073, 258, 277, 264, 2694796, 2594551, 0.44, 75, 500, 2, 32, 18750, 10
0, 20905, 242, 258, 249, 2560644, 2468382, 0.44, 75, 500, 2, 28, 18750, 10
1, 19926, 217, 227, 227, 1528753, 1529365, 0.44, 75, 500, 1, 14, 18750, 10
0, 26596, 275, 333, 323, 1698206, 1638322, 0.44, 75, 500, 1, 22, 18750, 10
1, 21564, 258, 275, 276, 1522806, 1527342, 0.44, 75, 500, 1, 16, 18750, 10
1, 22062, 277, 296, 297, 1619474, 1623092, 0.44, 75, 500, 1, 17, 18750, 10
1, 21258, 252, 276, 277, 1407862, 1410487, 0.44, 75, 500, 1, 18, 18750, 10
0, 27000, 229, 278, 282, 3840733, 3771365, 0.44, 75, 500, 2, 47, 18750, 10
1, 20046, 269, 274, 282, 3041983, 3074997, 0.44, 75, 500, 2, 33, 18750, 10
0, 27000, 232, 290, 288, 3588693, 3532676, 0.44, 75, 500, 2, 45, 18750, 10
1, 20616, 229, 242, 243, 1564383, 1569622, 0.44, 75, 500, 1, 15, 18750, 10
0, 20447, 266, 282, 271, 1622529, 1556265, 0.44, 75, 500, 1, 16, 18750, 10
0, 21952, 253, 286, 277, 1441870, 1386922, 0.44, 75, 500, 1, 16, 18750, 10
1, 19930, 245, 256, 256, 1344753, 1345025, 0.44, 75, 500, 1, 15, 18750, 10
1, 20939, 250, 261, 261, 1522666, 1523891, 0.44, 75, 500, 1, 16, 18750, 10
1, 20292, 255, 265, 272, 1503635, 1544724, 0.44, 75, 500, 1, 15, 18750, 10
0, 21510, 240, 264, 254, 1480960, 1423076, 0.44, 75, 500, 1, 16, 18750, 10
0, 26967, 247, 315, 318, 3702396, 3558892, 0.44, 75, 500, 2, 46, 18750, 10
0, 23626, 259, 301, 291, 1631240, 1575613, 0.44, 75, 500, 1, 18, 18750, 10
1, 21582, 222, 241, 242, 1496179, 1499923, 0.44, 75, 500, 1, 16, 18750, 10
1, 20766, 258, 269, 270, 1417448, 1423551, 0.44, 75, 500, 1, 16, 18750, 10
0, 20914, 263, 288, 278, 1670475, 1608986, 0.44, 75, 500, 1, 15, 18750, 10
0, 20163, 262, 277, 266, 1363860, 1308125, 0.44, 75, 500, 1, 15, 18750, 10
0, 21381, 213, 232, 221, 1569270, 1505665, 0.44, 75, 500, 1, 16, 18750, 10
0, 22194, 242, 268, 257, 1641143, 1576759, 0.44, 75, 500, 1, 17, 18750, 10
1, 21039, 268, 285, 286, 1528584, 1533202, 0.44, 75, 500, 1, 16, 18750, 10
1, 20700, 269, 279, 281, 1560007, 1572179, 0.44, 75, 500, 1, 16, 18750, 10
1, 21795, 275, 292, 293, 1566044, 1570005, 0.44, 75, 500, 1, 16, 18750, 10
0, 24934, 250, 296, 285, 1622770, 1563350, 0.44, 75, 500, 1, 19, 18750, 10
1, 20489, 242, 254, 255, 1408202, 1413042, 0.44, 75, 500, 1, 15, 18750, 10
1, 21436, 270, 281, 286, 1438954, 1465309, 0.44, 75, 500, 1, 16, 18750, 10
0, 21537, 252, 272, 262, 1761757, 1694793, 0.44, 75, 500, 1, 15, 18750, 10
0, 21024, 280, 305, 294, 1514440, 1453645, 0.44, 75, 500, 1, 15, 18750, 10
1, 20394, 260, 271, 272, 1443240, 1447944, 0.44, 75, 500, 1, 15, 18750, 10
1, 20723, 256, 265, 266, 1668060, 1672401, 0.44, 75, 500, 1, 14, 18750, 10
0, 23450, 248, 285, 274, 1525173, 1467644, 0.44, 75, 500, 1, 18, 18750, 10
1, 20806, 259, 271, 272, 1586312, 1590419, 0.44, 75, 500, 1, 15, 18750, 10
1, 22296, 282, 306, 307, 1536815, 1539992, 0.44, 75, 500, 1, 18, 18750, 10
1, 21050, 244, 254, 260, 1433459, 1460166, 0.44, 75, 500, 1, 15, 18750, 10
1, 20423, 260, 271, 274, 1455584, 1472955, 0.44, 75, 500, 1, 15, 18750, 10
0, 21582, 272, 296, 285, 1552735, 1491615, 0.44, 75, 500, 1, 16, 18750, 10
0, 23367, 263, 307, 297, 1583345, 1529402, 0.44, 75, 500, 1, 18, 18750, 10
1, 20015, 245, 255, 256, 1627047, 1632826, 0.44, 75, 500, 1, 16, 18750, 10
0, 21113, 248, 268, 257, 1475586, 1417503, 0.44, 75, 500, 1, 16, 18750, 10
1, 20662, 251, 263, 265, 1284694, 1294983, 0.44, 75, 500, 1, 16, 18750, 10
1, 20228, 260, 271, 273, 1371574, 1382142, 0.44, 75, 500, 1, 15, 18750, 10
1, 24500, 234, 272, 274, 1652347, 1656391, 0.44, 75, 500, 1, 19, 18750, 10
0, 21811, 258, 285, 274, 1623601, 1560499, 0.44, 75, 500, 1, 17, 18750, 10
1, 21325, 265, 275, 277, 1567478, 1579006, 0.44, 75, 500, 1, 16, 18750, 10
1, 22070, 259, 278, 279, 1488779, 1493658, 0.44, 75, 500, 1, 16, 18750, 10
1, 20256, 274, 285, 285, 1364673, 1364930, 0.44, 75, 500, 1, 16, 18750, 10
0, 21692, 235, 255, 244, 1584385, 1521532, 0.44, 75, 500, 1, 17, 18750, 10
0, 23059, 251, 287, 276, 1614429, 1552922, 0.44, 75, 500, 1, 19, 18750, 10
1, 20288, 239, 250, 251, 1499080, 1505918, 0.44, 75, 500, 1, 15, 18750, 10
1, 20636, 258, 271, 272, 1248136, 1252742, 0.44, 75, 500, 1, 16, 18750, 10
1, 20564, 270, 281, 282, 1472503, 1478152, 0.44, 75, 500, 1, 16, 18750, 10
0, 23066, 258, 293, 282, 1519027, 1461068, 0.44, 75, 500, 1, 19, 18750, 10
1, 21729, 232, 257, 258, 1492674, 1495674, 0.44, 75, 500, 1, 16, 18750, 10
0, 20250, 253, 272, 263, 1517628, 1460559, 0.44, 75, 500, 1, 16, 18750, 10
0, 24951, 250, 308, 298, 1633679, 1579575, 0.44, 75, 500, 1, 22, 18750, 10
1, 20318, 260, 271, 271, 1402080, 1402141, 0.44, 75, 500, 1, 15, 18750, 10
1, 20302, 244, 256, 260, 1343963, 1364947, 0.44, 75, 500, 1, 15, 18750, 10
0, 23572, 261, 294, 283, 1651438, 1587963, 0.44, 75, 500, 1, 19, 18750, 10
0, 23127, 247, 284, 275, 1534933, 1480811, 0.44, 75, 500, 1, 18, 18750, 10
1, 20403, 271, 282, 285, 1428176, 1445004, 0.44, 75, 500, 1, 16, 18750, 10
1, 21533, 268, 284, 285, 1575197, 1579386, 0.44, 75, 500, 1, 17, 18750, 10
1, 20032, 268, 280, 280, 1536222, 1536473, 0.44, 75, 500, 1, 15, 18750, 10
1, 20130, 270, 280, 280, 1601509, 1602335, 0.44, 75, 500, 1, 18, 18750, 10
1, 21166, 256, 268, 268, 1549061, 1549196, 0.44, 75, 500, 1, 16, 18750, 10
1, 20406, 251, 263, 265, 1348237, 1359452, 0.44, 75, 500, 1, 15, 18750, 10
1, 20194, 273, 283, 288, 1493889, 1522351, 0.44, 75, 500, 1, 15, 18750, 10
0, 22725, 257, 292, 282, 1506357, 1452891, 0.44, 75, 500, 1, 18, 18750, 10
0, 21998, 252, 277, 266, 1456480, 1399349, 0.44, 75, 500, 1, 17, 18750, 10
1, 21555, 241, 252, 256, 1525048, 1548767, 0.44, 75, 500, 1, 15, 18750, 10
1, 23474, 257, 289, 291, 1458987, 1460539, 0.44, 75, 500, 1, 19, 18750, 10
0, 22631, 283, 314, 303, 1688890, 1626762, 0.44, 75, 500, 1, 18, 18750, 10
1, 20657, 279, 289, 291, 1517731, 1529213, 0.44, 75, 500, 1, 16, 18750, 10
0, 25668, 253, 307, 296, 1557965, 1502159, 0.44, 75, 500, 1, 21, 18750, 10
1, 20897, 276, 287, 288, 1428277, 1434079, 0.44, 75, 500, 1, 15, 18750, 10
0, 22399, 242, 270, 259, 1627594, 1565985, 0.44, 75, 500, 1, 17, 18750, 10
1, 21127, 236, 252, 253, 1491902, 1496966, 0.44, 75, 500, 1, 17, 18750, 10
1, 20842, 226, 236, 245, 1633204, 1689413, 0.44, 75, 500, 1, 15, 18750, 10
1, 20408, 224, 236, 236, 1267873, 1268327, 0.44, 75, 500, 1, 15, 18750, 10
0, 22066, 256, 285, 275, 1631680, 1573530, 0.44, 75, 500, 1, 17, 18750, 10
1, 20628, 262, 273, 274, 1422626, 1428575, 0.44, 75, 500, 1, 16, 18750, 10
1, 20626, 257, 268, 269, 1449327, 1454964, 0.44, 75, 500, 1, 16, 18750, 10
0, 22696, 260, 293, 283, 1412362, 1362286, 0.44, 75, 500, 1, 18, 18750, 10
1, 21729, 249, 268, 269, 1493295, 1496169, 0.44, 75, 500, 1, 16, 18750, 10
0, 21668, 267, 292, 282, 1576749, 1515043, 0.44, 75, 500, 1, 16, 18750, 10
1, 19706, 238, 249, 249, 1379096, 1379207, 0.44, 75, 500, 1, 14, 18750, 10
1, 19964, 263, 273, 275, 1533972, 1546874, 0.44, 75, 500, 1, 14, 18750, 10
1, 20211, 268, 280, 280, 1359650, 1360701, 0.44, 75, 500, 1, 13, 18750, 10
0, 24459, 236, 279, 268, 1628269, 1569823, 0.44, 75, 500, 1, 18, 18750, 10
1, 20294, 238, 249, 253, 1376724, 1397757, 0.44, 75, 500, 1, 14, 18750, 10
1, 20241, 263, 274, 274, 1408024, 1408544, 0.44, 75, 500, 1, 12, 18750, 10
0, 21361, 234, 259, 248, 1460424, 1402970, 0.44, 75, 500, 1, 14, 18750, 10
1, 20333, 273, 283, 283, 1557358, 1557924, 0.44, 75, 500, 1, 11, 18750, 10
1, 20169, 243, 253, 253, 1527630, 1528076, 0.44, 75, 500, 1, 11, 18750, 10
0, 20568, 236, 252, 241, 1434412, 1375828, 0.44, 75, 500, 1, 12, 18750, 10
1, 20351, 260, 272, 275, 1344183, 1360204, 0.44, 75, 500, 1, 12, 18750, 10
1, 21856, 241, 252, 261, 1510782, 1569206, 0.44, 75, 500, 1, 12, 18750, 10
