win,ticks_elapsed,atk_start_h,pub_h,priv_h,pub_cw,priv_cw,atk_q,block_target,daa2_n_blocks,n_chains,ms_elapsed,atk_start_t,doublespend_after_n_confs
1, 19313, 251, 253, 257, 46723640, 46861533, 0.48, 75, 500, 32, 1972, 18750, 2.5
1, 19439, 249, 251, 253, 46953067, 47000689, 0.48, 75, 500, 32, 1991, 18750, 2.5
0, 19956, 222, 231, 223, 47706386, 46495400, 0.48, 75, 500, 32, 2031, 18750, 2.5
1, 19612, 239, 242, 244, 46219970, 46361354, 0.48, 75, 500, 32, 2027, 18750, 2.5
1, 20243, 247, 251, 254, 49683598, 49940889, 0.48, 75, 500, 32, 2073, 18750, 2.5
1, 20083, 279, 290, 289, 46400758, 46542491, 0.48, 75, 500, 32, 2082, 18750, 2.5
1, 20539, 244, 253, 259, 47078157, 47375716, 0.48, 75, 500, 32, 2103, 18750, 2.5
0, 23389, 261, 284, 299, 51581850, 50616999, 0.48, 75, 500, 32, 2348, 18750, 2.5
0, 24422, 262, 312, 294, 51825026, 50303737, 0.48, 75, 500, 32, 2503, 18750, 2.5
0, 24683, 228, 281, 258, 53160886, 51937016, 0.48, 75, 500, 32, 2537, 18750, 2.5
0, 25124, 252, 302, 305, 52937333, 51449523, 0.48, 75, 500, 32, 2572, 18750, 2.5
0, 25127, 240, 288, 290, 54425867, 53056140, 0.48, 75, 500, 32, 2575, 18750, 2.5
0, 26250, 263, 304, 314, 55493723, 55517190, 0.48, 75, 500, 32, 2650, 18750, 2.5
0, 26250, 224, 289, 262, 54572090, 53864735, 0.48, 75, 500, 32, 2693, 18750, 2.5
0, 26250, 242, 300, 286, 55243157, 54014162, 0.48, 75, 500, 32, 2768, 18750, 2.5
0, 20183, 255, 266, 260, 47111335, 45931029, 0.48, 75, 500, 32, 1861, 18750, 2.5
1, 19397, 228, 229, 234, 44973945, 45725882, 0.48, 75, 500, 32, 1783, 18750, 2.5
0, 22470, 245, 273, 271, 49184333, 48146774, 0.48, 75, 500, 32, 2148, 18750, 2.5
0, 23590, 262, 296, 288, 51116403, 49785351, 0.48, 75, 500, 32, 2305, 18750, 2.5
1, 19848, 242, 248, 248, 45965323, 46145212, 0.48, 75, 500, 32, 1875, 18750, 2.5
1, 19103, 269, 274, 271, 45845966, 45912318, 0.48, 75, 500, 32, 1838, 18750, 2.5
0, 26250, 258, 305, 296, 55348955, 54114990, 0.48, 75, 500, 32, 2506, 18750, 2.5
1, 20298, 234, 240, 239, 47395872, 47473591, 0.48, 75, 500, 32, 1904, 18750, 2.5
0, 26250, 244, 309, 301, 55097688, 54036216, 0.48, 75, 500, 32, 2532, 18750, 2.5
0, 26250, 260, 303, 318, 54141367, 54099890, 0.48, 75, 500, 32, 2618, 18750, 2.5
0, 26250, 245, 302, 311, 54253322, 53652830, 0.48, 75, 500, 32, 2617, 18750, 2.5
0, 26250, 263, 323, 316, 55098029, 54147479, 0.48, 75, 500, 32, 2549, 18750, 2.5
0, 26250, 245, 291, 304, 54788748, 53625666, 0.48, 75, 500, 32, 2569, 18750, 2.5
0, 26250, 292, 340, 345, 54478717, 54460379, 0.48, 75, 500, 32, 2522, 18750, 2.5
0, 26250, 259, 330, 315, 54864783, 53996470, 0.48, 75, 500, 32, 2575, 18750, 2.5
1, 19839, 238, 243, 241, 48009732, 48212755, 0.48, 75, 500, 32, 1910, 18750, 2.5
1, 19050, 238, 239, 241, 45136640, 45210615, 0.48, 75, 500, 32, 1773, 18750, 2.5
1, 19165, 254, 257, 258, 46167427, 46425609, 0.48, 75, 500, 32, 1767, 18750, 2.5
0, 26250, 247, 304, 295, 55325581, 54381489, 0.48, 75, 500, 32, 2585, 18750, 2.5
1, 19298, 255, 262, 258, 46966036, 47110524, 0.48, 75, 500, 32, 1844, 18750, 2.5
0, 26250, 268, 333, 325, 55427136, 54144742, 0.48, 75, 500, 32, 2602, 18750, 2.5
0, 26250, 245, 311, 300, 55367465, 54987472, 0.48, 75, 500, 32, 2593, 18750, 2.5
1, 19150, 263, 264, 266, 45775822, 46057823, 0.48, 75, 500, 32, 1881, 18750, 2.5
1, 19176, 260, 263, 264, 46671673, 46756562, 0.48, 75, 500, 32, 1850, 18750, 2.5
0, 26250, 245, 291, 307, 52607732, 52532482, 0.48, 75, 500, 32, 2611, 18750, 2.5
0, 26250, 241, 289, 307, 55274230, 54318655, 0.48, 75, 500, 32, 2613, 18750, 2.5
0, 26250, 241, 299, 296, 54206665, 53090496, 0.48, 75, 500, 32, 2526, 18750, 2.5
0, 26250, 231, 281, 296, 52511032, 52235968, 0.48, 75, 500, 32, 2562, 18750, 2.5
1, 22525, 240, 265, 269, 50129931, 50343489, 0.48, 75, 500, 32, 2255, 18750, 2.5
0, 26250, 245, 289, 299, 54506663, 54278563, 0.48, 75, 500, 32, 2537, 18750, 2.5
1, 20189, 250, 257, 253, 47672352, 47811395, 0.48, 75, 500, 32, 1973, 18750, 2.5
0, 20368, 247, 257, 254, 49554109, 48668823, 0.48, 75, 500, 32, 2005, 18750, 2.5
1, 18874, 239, 240, 242, 44872164, 44942385, 0.48, 75, 500, 32, 1786, 18750, 2.5
0, 26250, 245, 295, 297, 55560723, 54688253, 0.48, 75, 500, 32, 2633, 18750, 2.5
0, 26250, 273, 328, 323, 53880195, 52921216, 0.48, 75, 500, 32, 2598, 18750, 2.5
1, 19101, 251, 252, 254, 45466466, 45613576, 0.48, 75, 500, 32, 1748, 18750, 2.5
1, 20490, 256, 269, 270, 47292340, 47364628, 0.48, 75, 500, 32, 1966, 18750, 2.5
0, 26250, 249, 296, 299, 54364568, 53235478, 0.48, 75, 500, 32, 2601, 18750, 2.5
0, 26250, 244, 296, 290, 54114025, 53388025, 0.48, 75, 500, 32, 2574, 18750, 2.5
0, 23778, 281, 328, 311, 51811507, 50381827, 0.48, 75, 500, 32, 2338, 18750, 2.5
0, 26250, 234, 289, 283, 54360196, 53239613, 0.48, 75, 500, 32, 2579, 18750, 2.5
0, 26250, 249, 312, 307, 53988271, 53177252, 0.48, 75, 500, 32, 2498, 18750, 2.5
0, 26250, 264, 338, 316, 54792776, 54168903, 0.48, 75, 500, 32, 2600, 18750, 2.5
0, 26250, 272, 331, 316, 55540755, 54892943, 0.48, 75, 500, 32, 2518, 18750, 2.5
1, 19360, 235, 239, 240, 45272639, 45448091, 0.48, 75, 500, 32, 1865, 18750, 2.5
0, 26250, 289, 341, 354, 53758204, 52991023, 0.48, 75, 500, 32, 2628, 18750, 2.5
1, 19488, 238, 240, 243, 46520236, 46683741, 0.48, 75, 500, 32, 1971, 18750, 2.5
0, 25484, 248, 310, 300, 54575472, 52908214, 0.48, 75, 500, 32, 2603, 18750, 2.5
0, 26250, 262, 320, 303, 54574599, 53605598, 0.48, 75, 500, 32, 2752, 18750, 2.5
1, 25513, 275, 328, 325, 53358266, 53632281, 0.48, 75, 500, 32, 2737, 18750, 2.5
0, 26250, 257, 301, 301, 53656822, 53320111, 0.48, 75, 500, 32, 2889, 18750, 2.5
1, 19157, 238, 241, 240, 46905355, 46995757, 0.48, 75, 500, 32, 2103, 18750, 2.5
1, 19145, 236, 238, 238, 46053689, 46209609, 0.48, 75, 500, 32, 2073, 18750, 2.5
0, 26250, 256, 320, 314, 54525407, 53040824, 0.48, 75, 500, 32, 2834, 18750, 2.5
1, 19136, 263, 265, 269, 46566459, 46683681, 0.48, 75, 500, 32, 2123, 18750, 2.5
0, 26250, 265, 316, 321, 53661944, 52915401, 0.48, 75, 500, 32, 2923, 18750, 2.5
1, 19748, 244, 250, 255, 47032720, 47129140, 0.48, 75, 500, 32, 2223, 18750, 2.5
0, 26250, 257, 319, 318, 54606065, 54205228, 0.48, 75, 500, 32, 2903, 18750, 2.5
0, 26250, 244, 297, 294, 55533609, 54798225, 0.48, 75, 500, 32, 2969, 18750, 2.5
1, 18928, 246, 247, 248, 45348063, 45397493, 0.48, 75, 500, 32, 2101, 18750, 2.5
0, 26250, 263, 311, 311, 55103134, 54367651, 0.48, 75, 500, 32, 2913, 18750, 2.5
0, 19128, 235, 239, 236, 46779703, 45697521, 0.48, 75, 500, 32, 2090, 18750, 2.5
1, 19835, 282, 292, 290, 46454344, 46557612, 0.48, 75, 500, 32, 2169, 18750, 2.5
1, 19146, 251, 253, 254, 46670250, 46897658, 0.48, 75, 500, 32, 2014, 18750, 2.5
0, 22151, 273, 295, 292, 48474570, 47524184, 0.48, 75, 500, 32, 2420, 18750, 2.5
0, 26250, 260, 318, 309, 54401781, 53249577, 0.48, 75, 500, 32, 2914, 18750, 2.5
1, 19508, 259, 261, 263, 47035751, 47587392, 0.48, 75, 500, 32, 2068, 18750, 2.5
1, 19291, 244, 250, 248, 45707974, 45733359, 0.48, 75, 500, 32, 2055, 18750, 2.5
1, 19310, 223, 227, 225, 46264901, 46354728, 0.48, 75, 500, 32, 2032, 18750, 2.5
0, 26250, 262, 322, 329, 54956704, 54191294, 0.48, 75, 500, 32, 2838, 18750, 2.5
0, 26250, 278, 330, 328, 55845502, 54824911, 0.48, 75, 500, 32, 2831, 18750, 2.5
1, 19983, 267, 271, 270, 46462519, 46777937, 0.48, 75, 500, 32, 2093, 18750, 2.5
0, 23443, 226, 257, 251, 51415901, 49554004, 0.48, 75, 500, 32, 2525, 18750, 2.5
0, 26250, 256, 313, 311, 55073817, 53911791, 0.48, 75, 500, 32, 2794, 18750, 2.5
1, 19653, 214, 218, 221, 45656458, 46115072, 0.48, 75, 500, 32, 2023, 18750, 2.5
0, 22551, 243, 268, 262, 50579923, 49077324, 0.48, 75, 500, 32, 2370, 18750, 2.5
1, 20301, 253, 263, 261, 34301851, 34320520, 0.48, 75, 500, 23, 1000, 18750, 2.5
1, 23550, 256, 301, 283, 37807748, 38024864, 0.48, 75, 500, 23, 1132, 18750, 2.5
1, 19381, 238, 240, 242, 46156986, 46408203, 0.48, 75, 500, 32, 1930, 18750, 2.5
0, 22511, 251, 274, 266, 36884665, 35665768, 0.48, 75, 500, 23, 1091, 18750, 2.5
0, 21369, 228, 238, 243, 34888982, 33828250, 0.48, 75, 500, 23, 1052, 18750, 2.5
0, 26250, 259, 313, 321, 54549162, 54439542, 0.48, 75, 500, 32, 2764, 18750, 2.5
0, 26250, 249, 294, 296, 40184257, 39802164, 0.48, 75, 500, 23, 1300, 18750, 2.5
0, 22237, 275, 300, 295, 49808783, 48529910, 0.48, 75, 500, 32, 2280, 18750, 2.5
0, 26250, 267, 322, 324, 39976236, 39450099, 0.48, 75, 500, 23, 1296, 18750, 2.5
0, 26250, 233, 279, 296, 54722253, 54745093, 0.48, 75, 500, 32, 2737, 18750, 2.5
1, 19561, 249, 257, 257, 45581778, 45677948, 0.48, 75, 500, 32, 1989, 18750, 2.5
0, 26250, 251, 323, 301, 55621027, 54338021, 0.48, 75, 500, 32, 2794, 18750, 2.5
0, 26250, 253, 322, 314, 55477769, 54491271, 0.48, 75, 500, 32, 2739, 18750, 2.5
0, 26250, 253, 313, 312, 54449168, 53910584, 0.48, 75, 500, 32, 2771, 18750, 2.5
1, 19770, 273, 279, 284, 32076304, 32312806, 0.48, 75, 500, 23, 979, 18750, 2.5
1, 19035, 230, 231, 232, 31958274, 32162924, 0.48, 75, 500, 23, 951, 18750, 2.5
1, 21448, 254, 272, 273, 34067361, 34198690, 0.48, 75, 500, 23, 1090, 18750, 2.5
1, 19589, 265, 266, 271, 32327426, 32549044, 0.48, 75, 500, 23, 972, 18750, 2.5
0, 25851, 264, 318, 303, 54161161, 52216671, 0.48, 75, 500, 32, 2686, 18750, 2.5
0, 23616, 269, 304, 285, 37121831, 35756165, 0.48, 75, 500, 23, 1185, 18750, 2.5
0, 24316, 261, 298, 295, 36504703, 35771890, 0.48, 75, 500, 23, 1247, 18750, 2.5
0, 23399, 274, 306, 299, 37456576, 36469181, 0.48, 75, 500, 23, 1198, 18750, 2.5
0, 26250, 238, 294, 304, 38887419, 38286886, 0.48, 75, 500, 23, 1329, 18750, 2.5
1, 19433, 220, 223, 223, 32310912, 32481525, 0.48, 75, 500, 23, 933, 18750, 2.5
1, 18851, 239, 240, 242, 31889924, 31949601, 0.48, 75, 500, 23, 960, 18750, 2.5
0, 26250, 246, 291, 314, 38753531, 38379720, 0.48, 75, 500, 23, 1384, 18750, 2.5
0, 26250, 252, 306, 304, 38982649, 38573075, 0.48, 75, 500, 23, 1404, 18750, 2.5
1, 19793, 255, 258, 260, 33966501, 34288576, 0.48, 75, 500, 23, 1034, 18750, 2.5
0, 26250, 265, 318, 324, 38935478, 38376699, 0.48, 75, 500, 23, 1442, 18750, 2.5
1, 22623, 232, 258, 259, 35747013, 35817038, 0.48, 75, 500, 23, 1216, 18750, 2.5
1, 19023, 230, 231, 233, 32243923, 32446358, 0.48, 75, 500, 23, 1007, 18750, 2.5
0, 26250, 221, 278, 265, 39335281, 38862249, 0.48, 75, 500, 23, 1416, 18750, 2.5
0, 26250, 244, 291, 298, 39156160, 38641969, 0.48, 75, 500, 23, 1433, 18750, 2.5
1, 20320, 229, 238, 238, 35055536, 35158792, 0.48, 75, 500, 23, 1075, 18750, 2.5
0, 26250, 241, 295, 290, 39009218, 38259542, 0.48, 75, 500, 23, 1423, 18750, 2.5
1, 19623, 240, 249, 243, 33290451, 33482387, 0.48, 75, 500, 23, 1068, 18750, 2.5
1, 20141, 257, 261, 269, 34120821, 34289757, 0.48, 75, 500, 23, 1139, 18750, 2.5
0, 26250, 237, 304, 259, 40019145, 39394134, 0.48, 75, 500, 23, 1486, 18750, 2.5
1, 19626, 267, 271, 274, 32853125, 33014567, 0.48, 75, 500, 23, 1109, 18750, 2.5
1, 19629, 247, 250, 251, 34296690, 34385840, 0.48, 75, 500, 23, 1115, 18750, 2.5
0, 23525, 243, 266, 268, 37525053, 36652014, 0.48, 75, 500, 23, 1322, 18750, 2.5
0, 26250, 255, 317, 310, 38950233, 38456074, 0.48, 75, 500, 23, 1539, 18750, 2.5
1, 19237, 234, 237, 237, 32644476, 32701338, 0.48, 75, 500, 23, 1080, 18750, 2.5
0, 26250, 241, 295, 290, 38600305, 38050956, 0.48, 75, 500, 23, 1458, 18750, 2.5
1, 19440, 278, 284, 282, 32831388, 32905915, 0.48, 75, 500, 23, 1124, 18750, 2.5
1, 20310, 262, 275, 270, 34203726, 34255789, 0.48, 75, 500, 23, 1155, 18750, 2.5
1, 19159, 249, 252, 253, 32979603, 32988712, 0.48, 75, 500, 23, 1103, 18750, 2.5
0, 26250, 275, 328, 315, 39056793, 38695889, 0.48, 75, 500, 23, 1515, 18750, 2.5
0, 26250, 252, 323, 294, 39074405, 38548350, 0.48, 75, 500, 23, 1537, 18750, 2.5
0, 26250, 260, 319, 301, 39881426, 39339746, 0.48, 75, 500, 23, 1497, 18750, 2.5
1, 19631, 251, 256, 262, 32974966, 33021987, 0.48, 75, 500, 23, 1054, 18750, 2.5
0, 26250, 262, 317, 306, 39610388, 39020073, 0.48, 75, 500, 23, 1442, 18750, 2.5
1, 19319, 279, 287, 284, 32972077, 33018862, 0.48, 75, 500, 23, 1011, 18750, 2.5
0, 26250, 253, 301, 283, 39475219, 38643956, 0.48, 75, 500, 23, 1418, 18750, 2.5
0, 26250, 248, 306, 289, 38474352, 38134084, 0.48, 75, 500, 23, 1384, 18750, 2.5
1, 19663, 251, 254, 258, 33537304, 33594901, 0.48, 75, 500, 23, 970, 18750, 2.5
0, 26250, 256, 295, 303, 39308297, 38652165, 0.48, 75, 500, 23, 1396, 18750, 2.5
1, 20255, 261, 272, 270, 34406323, 34464156, 0.48, 75, 500, 23, 1009, 18750, 2.5
0, 26250, 270, 333, 321, 39269816, 38827772, 0.48, 75, 500, 23, 1380, 18750, 2.5
0, 26250, 239, 297, 284, 38832751, 39034654, 0.48, 75, 500, 23, 1334, 18750, 2.5
0, 25629, 246, 310, 296, 40011856, 38677962, 0.48, 75, 500, 23, 1343, 18750, 2.5
0, 26250, 249, 314, 297, 38533209, 37864098, 0.48, 75, 500, 23, 1365, 18750, 2.5
0, 26250, 238, 287, 308, 39312952, 39083618, 0.48, 75, 500, 23, 1305, 18750, 2.5
1, 20268, 239, 248, 249, 34564010, 34868964, 0.48, 75, 500, 23, 997, 18750, 2.5
0, 26250, 268, 338, 302, 39772757, 38951856, 0.48, 75, 500, 23, 1286, 18750, 2.5
1, 19234, 278, 279, 282, 33028383, 33049534, 0.48, 75, 500, 23, 963, 18750, 2.5
0, 26250, 254, 321, 310, 39797775, 39297996, 0.48, 75, 500, 23, 1302, 18750, 2.5
0, 26250, 227, 272, 298, 38908197, 38350745, 0.48, 75, 500, 23, 1335, 18750, 2.5
0, 26250, 248, 303, 309, 39418526, 38538198, 0.48, 75, 500, 23, 1355, 18750, 2.5
0, 26250, 262, 328, 318, 38812954, 38415146, 0.48, 75, 500, 23, 1314, 18750, 2.5
1, 19406, 251, 252, 261, 33593815, 33619246, 0.48, 75, 500, 23, 976, 18750, 2.5
0, 23559, 225, 258, 249, 37182325, 36190704, 0.48, 75, 500, 23, 1199, 18750, 2.5
0, 24457, 230, 275, 257, 38132952, 36971326, 0.48, 75, 500, 23, 1240, 18750, 2.5
1, 19776, 260, 270, 269, 34199577, 34369469, 0.48, 75, 500, 23, 956, 18750, 2.5
1, 19169, 233, 236, 236, 31900129, 32130164, 0.48, 75, 500, 23, 925, 18750, 2.5
0, 26250, 220, 274, 278, 39683600, 38972455, 0.48, 75, 500, 23, 1289, 18750, 2.5
0, 26250, 251, 300, 298, 39366323, 38556821, 0.48, 75, 500, 23, 1334, 18750, 2.5
0, 26250, 240, 297, 304, 38337525, 37755019, 0.48, 75, 500, 23, 1288, 18750, 2.5
0, 26250, 265, 322, 303, 39412335, 38841107, 0.48, 75, 500, 23, 1275, 18750, 2.5
0, 26250, 247, 338, 296, 38449387, 37919555, 0.48, 75, 500, 23, 1280, 18750, 2.5
1, 19113, 249, 251, 251, 32932326, 33016412, 0.48, 75, 500, 23, 23372, 18750, 2.5
1, 19697, 257, 260, 260, 34260380, 34428504, 0.48, 75, 500, 23, 24088, 18750, 2.5
1, 19515, 254, 258, 262, 33459992, 33659106, 0.48, 75, 500, 23, 23806, 18750, 2.5
1, 19831, 260, 264, 270, 32818515, 33135373, 0.48, 75, 500, 23, 24591, 18750, 2.5
1, 20922, 258, 264, 264, 35885712, 35964803, 0.48, 75, 500, 23, 24662, 18750, 2.5
1, 20121, 237, 244, 240, 32575720, 32816103, 0.48, 75, 500, 23, 24292, 18750, 2.5
0, 21701, 257, 284, 271, 35599795, 34525288, 0.48, 75, 500, 23, 23993, 18750, 2.5
0, 26250, 235, 304, 286, 39405437, 38159657, 0.48, 75, 500, 23, 23636, 18750, 2.5
0, 26250, 240, 298, 287, 39965154, 39591238, 0.48, 75, 500, 23, 23617, 18750, 2.5
0, 26250, 234, 295, 303, 39050508, 38770304, 0.48, 75, 500, 23, 24591, 18750, 2.5
0, 26250, 272, 337, 316, 39014201, 38451768, 0.48, 75, 500, 23, 24346, 18750, 2.5
0, 26250, 256, 302, 309, 38471820, 37816561, 0.48, 75, 500, 23, 24762, 18750, 2.5
0, 26250, 253, 291, 317, 38537337, 38082699, 0.48, 75, 500, 23, 24511, 18750, 2.5
0, 26250, 268, 307, 332, 38597794, 38206723, 0.48, 75, 500, 23, 24571, 18750, 2.5
0, 26250, 245, 311, 287, 39055306, 37839582, 0.48, 75, 500, 23, 24245, 18750, 2.5
1, 18946, 251, 252, 253, 32808317, 32896369, 0.48, 75, 500, 23, 862, 18750, 2.5
1, 20477, 270, 283, 281, 23494074, 23578578, 0.48, 75, 500, 16, 494, 18750, 2.5
1, 19356, 268, 269, 272, 33106660, 33147009, 0.48, 75, 500, 23, 884, 18750, 2.5
1, 19820, 261, 267, 268, 33245218, 33999803, 0.48, 75, 500, 23, 904, 18750, 2.5
0, 26250, 244, 303, 282, 38850363, 37928572, 0.48, 75, 500, 23, 1264, 18750, 2.5
0, 26250, 245, 301, 296, 38890947, 38531156, 0.48, 75, 500, 23, 1192, 18750, 2.5
0, 26250, 264, 315, 321, 40098971, 39373163, 0.48, 75, 500, 23, 1222, 18750, 2.5
1, 19855, 265, 268, 271, 33567647, 33878662, 0.48, 75, 500, 23, 956, 18750, 2.5
1, 21403, 251, 268, 272, 34332227, 34429878, 0.48, 75, 500, 23, 976, 18750, 2.5
0, 26250, 239, 293, 278, 40221364, 39839538, 0.48, 75, 500, 23, 1328, 18750, 2.5
1, 22048, 230, 253, 245, 24368034, 24533398, 0.48, 75, 500, 16, 538, 18750, 2.5
0, 19439, 241, 246, 242, 23072927, 22458592, 0.48, 75, 500, 16, 480, 18750, 2.5
0, 26250, 251, 315, 285, 27682218, 26786534, 0.48, 75, 500, 16, 673, 18750, 2.5
0, 26250, 279, 352, 332, 27246825, 26869858, 0.48, 75, 500, 16, 669, 18750, 2.5
0, 26250, 209, 271, 253, 39516245, 39078553, 0.48, 75, 500, 23, 1250, 18750, 2.5
0, 26250, 262, 306, 325, 38947720, 38399262, 0.48, 75, 500, 23, 1244, 18750, 2.5
0, 26250, 251, 307, 313, 40367735, 39992053, 0.48, 75, 500, 23, 1261, 18750, 2.5
0, 26250, 262, 311, 312, 39011573, 38676304, 0.48, 75, 500, 23, 1263, 18750, 2.5
0, 26250, 252, 318, 291, 39477895, 38538210, 0.48, 75, 500, 23, 1298, 18750, 2.5
1, 19855, 232, 233, 248, 23315533, 23350754, 0.48, 75, 500, 16, 466, 18750, 2.5
1, 19118, 237, 240, 239, 23410088, 23524831, 0.48, 75, 500, 16, 461, 18750, 2.5
1, 18922, 239, 240, 242, 22125334, 22171234, 0.48, 75, 500, 16, 462, 18750, 2.5
1, 20295, 260, 267, 264, 23699696, 23749611, 0.48, 75, 500, 16, 506, 18750, 2.5
0, 26250, 255, 307, 300, 26955560, 26670166, 0.48, 75, 500, 16, 687, 18750, 2.5
0, 26250, 277, 337, 332, 26910091, 26854081, 0.48, 75, 500, 16, 660, 18750, 2.5
0, 25047, 231, 265, 299, 26286580, 25475215, 0.48, 75, 500, 16, 643, 18750, 2.5
1, 19544, 255, 262, 260, 22242060, 22347078, 0.48, 75, 500, 16, 469, 18750, 2.5
1, 19738, 274, 277, 277, 23408366, 23468212, 0.48, 75, 500, 16, 486, 18750, 2.5
1, 19415, 247, 249, 253, 22713012, 22734206, 0.48, 75, 500, 16, 483, 18750, 2.5
1, 19131, 254, 256, 259, 23767793, 23854929, 0.48, 75, 500, 16, 466, 18750, 2.5
0, 26250, 285, 340, 337, 28296701, 27893877, 0.48, 75, 500, 16, 653, 18750, 2.5
0, 26250, 270, 329, 346, 27766855, 27452665, 0.48, 75, 500, 16, 656, 18750, 2.5
1, 19789, 237, 244, 242, 22151154, 22257441, 0.48, 75, 500, 16, 486, 18750, 2.5
0, 26250, 259, 326, 328, 27201631, 26695883, 0.48, 75, 500, 16, 679, 18750, 2.5
0, 26250, 246, 300, 300, 27481091, 26809667, 0.48, 75, 500, 16, 649, 18750, 2.5
1, 19032, 275, 277, 277, 22828093, 22846428, 0.48, 75, 500, 16, 470, 18750, 2.5
0, 24299, 236, 271, 263, 27545116, 26477093, 0.48, 75, 500, 16, 605, 18750, 2.5
0, 26250, 240, 296, 285, 27722925, 27427478, 0.48, 75, 500, 16, 640, 18750, 2.5
1, 19091, 253, 256, 256, 23038390, 23081947, 0.48, 75, 500, 16, 472, 18750, 2.5
1, 19778, 243, 246, 251, 23537953, 23716334, 0.48, 75, 500, 16, 478, 18750, 2.5
1, 19197, 245, 249, 249, 22363631, 22535054, 0.48, 75, 500, 16, 472, 18750, 2.5
1, 22887, 282, 301, 303, 25825811, 25974530, 0.48, 75, 500, 16, 590, 18750, 2.5
1, 19101, 257, 259, 260, 22668714, 22686581, 0.48, 75, 500, 16, 469, 18750, 2.5
1, 20386, 242, 250, 256, 24123425, 24227045, 0.48, 75, 500, 16, 498, 18750, 2.5
1, 19977, 250, 258, 254, 23497646, 23630480, 0.48, 75, 500, 16, 501, 18750, 2.5
0, 26250, 251, 311, 306, 26810403, 26081470, 0.48, 75, 500, 16, 665, 18750, 2.5
0, 26250, 244, 300, 296, 26489111, 26004634, 0.48, 75, 500, 16, 662, 18750, 2.5
0, 25039, 252, 300, 291, 27181464, 26476971, 0.48, 75, 500, 16, 620, 18750, 2.5
1, 20661, 224, 235, 239, 23770159, 23953479, 0.48, 75, 500, 16, 551, 18750, 2.5
1, 19779, 279, 281, 283, 23971167, 24045098, 0.48, 75, 500, 16, 513, 18750, 2.5
0, 25168, 244, 285, 285, 26950346, 26125288, 0.48, 75, 500, 16, 676, 18750, 2.5
1, 19907, 270, 281, 281, 23199284, 23222274, 0.48, 75, 500, 16, 528, 18750, 2.5
0, 26250, 243, 302, 312, 27560324, 27367666, 0.48, 75, 500, 16, 701, 18750, 2.5
0, 26250, 253, 317, 299, 28438926, 28029447, 0.48, 75, 500, 16, 710, 18750, 2.5
0, 26250, 240, 289, 282, 27628099, 27274139, 0.48, 75, 500, 16, 694, 18750, 2.5
1, 21908, 249, 274, 272, 24438835, 24611893, 0.48, 75, 500, 16, 597, 18750, 2.5
1, 19102, 249, 251, 253, 22622713, 22685915, 0.48, 75, 500, 16, 491, 18750, 2.5
0, 21706, 283, 302, 311, 24848924, 24368180, 0.48, 75, 500, 16, 571, 18750, 2.5
1, 19005, 256, 258, 259, 22716628, 22770672, 0.48, 75, 500, 16, 501, 18750, 2.5
1, 20553, 236, 245, 248, 23187198, 23277736, 0.48, 75, 500, 16, 555, 18750, 2.5
0, 26250, 266, 328, 313, 26767701, 26128219, 0.48, 75, 500, 16, 706, 18750, 2.5
0, 26250, 257, 305, 307, 27207041, 26732627, 0.48, 75, 500, 16, 685, 18750, 2.5
0, 26250, 221, 267, 260, 27166255, 26662496, 0.48, 75, 500, 16, 679, 18750, 2.5
1, 19171, 248, 251, 251, 23038674, 23145244, 0.48, 75, 500, 16, 485, 18750, 2.5
1, 19057, 242, 246, 244, 22211298, 22286227, 0.48, 75, 500, 16, 479, 18750, 2.5
1, 20352, 247, 261, 258, 23471453, 23519509, 0.48, 75, 500, 16, 501, 18750, 2.5
1, 18931, 216, 217, 219, 22374292, 22468221, 0.48, 75, 500, 16, 469, 18750, 2.5
0, 26250, 243, 285, 278, 26806494, 26320854, 0.48, 75, 500, 16, 645, 18750, 2.5
1, 19855, 254, 261, 259, 24131105, 24191392, 0.48, 75, 500, 16, 466, 18750, 2.5
0, 26250, 264, 318, 308, 26885121, 26165048, 0.48, 75, 500, 16, 654, 18750, 2.5
1, 19112, 249, 251, 252, 22706472, 22758266, 0.48, 75, 500, 16, 445, 18750, 2.5
1, 19826, 230, 241, 237, 23291471, 23304705, 0.48, 75, 500, 16, 493, 18750, 2.5
1, 20662, 253, 264, 268, 23851936, 23910017, 0.48, 75, 500, 16, 534, 18750, 2.5
1, 19332, 246, 249, 249, 23657235, 23700629, 0.48, 75, 500, 16, 490, 18750, 2.5
0, 26250, 263, 315, 301, 26808706, 26597552, 0.48, 75, 500, 16, 663, 18750, 2.5
1, 19333, 280, 282, 285, 23145425, 23221221, 0.48, 75, 500, 16, 483, 18750, 2.5
0, 26250, 260, 302, 323, 27339852, 26835235, 0.48, 75, 500, 16, 662, 18750, 2.5
1, 19103, 241, 242, 245, 23005044, 23044547, 0.48, 75, 500, 16, 485, 18750, 2.5
1, 19274, 248, 253, 251, 22847965, 22911095, 0.48, 75, 500, 16, 491, 18750, 2.5
1, 19661, 237, 245, 247, 22501365, 22630679, 0.48, 75, 500, 16, 512, 18750, 2.5
0, 26250, 265, 309, 312, 27449902, 26932937, 0.48, 75, 500, 16, 678, 18750, 2.5
1, 18960, 256, 257, 259, 23259854, 23301841, 0.48, 75, 500, 16, 482, 18750, 2.5
1, 20270, 237, 243, 246, 23045398, 23160313, 0.48, 75, 500, 16, 518, 18750, 2.5
0, 26250, 256, 308, 297, 26972417, 26721236, 0.48, 75, 500, 16, 680, 18750, 2.5
1, 21229, 275, 289, 288, 24399096, 24487861, 0.48, 75, 500, 16, 564, 18750, 2.5
1, 19105, 236, 237, 241, 22236833, 22286964, 0.48, 75, 500, 16, 493, 18750, 2.5
1, 19197, 255, 257, 260, 22629104, 22683164, 0.48, 75, 500, 16, 483, 18750, 2.5
1, 19144, 244, 246, 248, 22427738, 22494007, 0.48, 75, 500, 16, 478, 18750, 2.5
1, 20497, 234, 249, 239, 23377901, 23449335, 0.48, 75, 500, 16, 517, 18750, 2.5
1, 20062, 248, 261, 255, 23906814, 23920128, 0.48, 75, 500, 16, 515, 18750, 2.5
1, 20225, 270, 277, 278, 23179876, 23236761, 0.48, 75, 500, 16, 500, 18750, 2.5
1, 19378, 225, 227, 230, 22252193, 22525100, 0.48, 75, 500, 16, 487, 18750, 2.5
1, 19482, 259, 260, 268, 23083505, 23147080, 0.48, 75, 500, 16, 455, 18750, 2.5
1, 18839, 238, 239, 240, 22714416, 22732713, 0.48, 75, 500, 16, 443, 18750, 2.5
0, 26250, 275, 325, 321, 27701129, 26899470, 0.48, 75, 500, 16, 663, 18750, 2.5
0, 26250, 235, 282, 287, 27135982, 26554459, 0.48, 75, 500, 16, 635, 18750, 2.5
1, 19230, 276, 278, 279, 22930693, 23012370, 0.48, 75, 500, 16, 462, 18750, 2.5
1, 19249, 244, 245, 249, 22417471, 22572827, 0.48, 75, 500, 16, 456, 18750, 2.5
0, 26250, 243, 319, 287, 27936385, 27279031, 0.48, 75, 500, 16, 652, 18750, 2.5
0, 22666, 246, 271, 258, 25642223, 24724934, 0.48, 75, 500, 16, 552, 18750, 2.5
0, 26250, 244, 310, 294, 27677502, 27366440, 0.48, 75, 500, 16, 631, 18750, 2.5
0, 26250, 255, 311, 296, 27935819, 27152211, 0.48, 75, 500, 16, 625, 18750, 2.5
1, 19797, 258, 261, 262, 23994173, 24033618, 0.48, 75, 500, 16, 455, 18750, 2.5
0, 26250, 257, 328, 299, 27153993, 27052822, 0.48, 75, 500, 16, 616, 18750, 2.5
0, 26250, 251, 294, 290, 27150373, 26887768, 0.48, 75, 500, 16, 642, 18750, 2.5
1, 19687, 261, 265, 267, 16380381, 16438480, 0.48, 75, 500, 11, 245, 18750, 2.5
1, 19514, 235, 240, 242, 15678494, 15752677, 0.48, 75, 500, 11, 260, 18750, 2.5
1, 19694, 271, 275, 279, 23035873, 23076683, 0.48, 75, 500, 16, 471, 18750, 2.5
0, 26250, 221, 274, 261, 27256933, 26840761, 0.48, 75, 500, 16, 642, 18750, 2.5
0, 26250, 254, 314, 306, 27031844, 26463769, 0.48, 75, 500, 16, 625, 18750, 2.5
0, 26250, 264, 318, 324, 18334972, 18037289, 0.48, 75, 500, 11, 336, 18750, 2.5
1, 20169, 224, 239, 229, 23553539, 23554131, 0.48, 75, 500, 16, 496, 18750, 2.5
1, 19462, 228, 232, 233, 22430720, 22499151, 0.48, 75, 500, 16, 468, 18750, 2.5
1, 20284, 268, 271, 283, 16510591, 16692482, 0.48, 75, 500, 11, 257, 18750, 2.5
1, 22322, 225, 243, 246, 24175888, 24218210, 0.48, 75, 500, 16, 543, 18750, 2.5
1, 20470, 260, 268, 272, 23642046, 23704045, 0.48, 75, 500, 16, 481, 18750, 2.5
1, 19786, 216, 219, 223, 16306271, 16418656, 0.48, 75, 500, 11, 249, 18750, 2.5
0, 26250, 244, 294, 305, 27286585, 26720388, 0.48, 75, 500, 16, 653, 18750, 2.5
1, 19053, 254, 255, 257, 15881227, 15907157, 0.48, 75, 500, 11, 245, 18750, 2.5
1, 19175, 251, 252, 255, 16151901, 16162932, 0.48, 75, 500, 11, 235, 18750, 2.5
1, 19532, 251, 254, 254, 15082993, 15137571, 0.48, 75, 500, 11, 249, 18750, 2.5
1, 19987, 229, 239, 232, 15987255, 16080286, 0.48, 75, 500, 11, 258, 18750, 2.5
0, 26250, 235, 289, 294, 18342409, 18252402, 0.48, 75, 500, 11, 352, 18750, 2.5
1, 19128, 244, 245, 248, 15762313, 15778254, 0.48, 75, 500, 11, 246, 18750, 2.5
0, 24940, 257, 308, 293, 18098697, 17506971, 0.48, 75, 500, 11, 323, 18750, 2.5
1, 21034, 261, 272, 271, 16207868, 16287292, 0.48, 75, 500, 11, 262, 18750, 2.5
0, 26250, 233, 290, 289, 27328495, 26798953, 0.48, 75, 500, 16, 668, 18750, 2.5
0, 20993, 245, 262, 254, 16904135, 16330328, 0.48, 75, 500, 11, 274, 18750, 2.5
1, 22538, 237, 250, 259, 17015476, 17107999, 0.48, 75, 500, 11, 305, 18750, 2.5
1, 20107, 282, 292, 292, 16436259, 16454656, 0.48, 75, 500, 11, 264, 18750, 2.5
1, 19426, 251, 252, 254, 15789825, 15790449, 0.48, 75, 500, 11, 237, 18750, 2.5
0, 26250, 263, 330, 315, 18216701, 17806466, 0.48, 75, 500, 11, 346, 18750, 2.5
1, 19222, 268, 269, 271, 15978557, 16141456, 0.48, 75, 500, 11, 265, 18750, 2.5
1, 20123, 244, 249, 249, 16075334, 16362785, 0.48, 75, 500, 11, 247, 18750, 2.5
1, 19289, 228, 231, 233, 15892531, 16028369, 0.48, 75, 500, 11, 247, 18750, 2.5
1, 19262, 232, 234, 234, 16315252, 16370695, 0.48, 75, 500, 11, 252, 18750, 2.5
1, 19614, 255, 261, 261, 15816152, 15870606, 0.48, 75, 500, 11, 251, 18750, 2.5
0, 24408, 279, 311, 316, 18305432, 17728321, 0.48, 75, 500, 11, 332, 18750, 2.5
1, 22632, 267, 298, 294, 16232363, 16364795, 0.48, 75, 500, 11, 308, 18750, 2.5
0, 26250, 213, 278, 251, 18215229, 17811223, 0.48, 75, 500, 11, 357, 18750, 2.5
1, 19369, 262, 267, 267, 15927799, 16001014, 0.48, 75, 500, 11, 249, 18750, 2.5
1, 19472, 258, 263, 262, 15706547, 15738258, 0.48, 75, 500, 11, 265, 18750, 2.5
0, 26250, 251, 320, 286, 18562970, 18346108, 0.48, 75, 500, 11, 368, 18750, 2.5
1, 18917, 247, 248, 249, 15757807, 15766436, 0.48, 75, 500, 11, 258, 18750, 2.5
0, 26250, 228, 271, 280, 18837642, 18638020, 0.48, 75, 500, 11, 354, 18750, 2.5
1, 19356, 274, 279, 281, 15983700, 16015670, 0.48, 75, 500, 11, 276, 18750, 2.5
1, 19093, 245, 247, 248, 15606252, 15643207, 0.48, 75, 500, 11, 254, 18750, 2.5
1, 19556, 232, 240, 235, 15539392, 15663320, 0.48, 75, 500, 11, 261, 18750, 2.5
0, 26250, 258, 317, 303, 18642594, 18393702, 0.48, 75, 500, 11, 362, 18750, 2.5
1, 19254, 259, 261, 262, 15859547, 16004512, 0.48, 75, 500, 11, 264, 18750, 2.5
0, 26250, 259, 321, 324, 18484986, 18441210, 0.48, 75, 500, 11, 369, 18750, 2.5
1, 19117, 243, 245, 247, 15657914, 15675542, 0.48, 75, 500, 11, 250, 18750, 2.5
1, 19637, 242, 248, 250, 16264539, 16314596, 0.48, 75, 500, 11, 262, 18750, 2.5
1, 21369, 233, 253, 249, 16483894, 16591456, 0.48, 75, 500, 11, 299, 18750, 2.5
0, 24756, 255, 286, 299, 18001292, 17344960, 0.48, 75, 500, 11, 345, 18750, 2.5
1, 20752, 237, 247, 246, 16604283, 16619724, 0.48, 75, 500, 11, 279, 18750, 2.5
0, 23085, 235, 262, 265, 16998844, 16463529, 0.48, 75, 500, 11, 319, 18750, 2.5
1, 19180, 235, 237, 239, 15924991, 15970634, 0.48, 75, 500, 11, 255, 18750, 2.5
1, 19623, 271, 273, 274, 15811139, 15872638, 0.48, 75, 500, 11, 266, 18750, 2.5
1, 19459, 244, 248, 248, 15466404, 15554727, 0.48, 75, 500, 11, 267, 18750, 2.5
1, 19369, 260, 264, 266, 16554000, 16583812, 0.48, 75, 500, 11, 254, 18750, 2.5
1, 19161, 253, 255, 260, 16129783, 16163822, 0.48, 75, 500, 11, 254, 18750, 2.5
1, 19063, 244, 245, 247, 15339879, 15380086, 0.48, 75, 500, 11, 245, 18750, 2.5
0, 22019, 252, 274, 270, 16571346, 16060928, 0.48, 75, 500, 11, 288, 18750, 2.5
1, 19912, 233, 242, 239, 16674237, 16749248, 0.48, 75, 500, 11, 259, 18750, 2.5
0, 26250, 239, 299, 282, 19185340, 18923650, 0.48, 75, 500, 11, 344, 18750, 2.5
1, 23444, 264, 289, 291, 18052774, 18126771, 0.48, 75, 500, 11, 309, 18750, 2.5
1, 19326, 254, 255, 256, 16021702, 16039891, 0.48, 75, 500, 11, 242, 18750, 2.5
1, 19237, 278, 279, 287, 15699399, 15733419, 0.48, 75, 500, 11, 243, 18750, 2.5
1, 20254, 253, 258, 263, 15570549, 15761394, 0.48, 75, 500, 11, 269, 18750, 2.5
1, 19716, 242, 248, 246, 15803949, 15831906, 0.48, 75, 500, 11, 250, 18750, 2.5
0, 26250, 260, 300, 311, 18900365, 18339360, 0.48, 75, 500, 11, 346, 18750, 2.5
1, 19492, 233, 239, 239, 16214719, 16320336, 0.48, 75, 500, 11, 245, 18750, 2.5
0, 26250, 250, 318, 292, 19357169, 18734294, 0.48, 75, 500, 11, 340, 18750, 2.5
0, 26250, 258, 316, 309, 19050791, 18782292, 0.48, 75, 500, 11, 348, 18750, 2.5
1, 19080, 266, 269, 271, 15931336, 15977465, 0.48, 75, 500, 11, 245, 18750, 2.5
1, 21375, 245, 263, 265, 16394597, 16444297, 0.48, 75, 500, 11, 285, 18750, 2.5
0, 26250, 258, 318, 301, 19325048, 19092925, 0.48, 75, 500, 11, 356, 18750, 2.5
1, 19307, 246, 249, 250, 15548894, 15602691, 0.48, 75, 500, 11, 251, 18750, 2.5
0, 22569, 265, 292, 294, 17135807, 16706329, 0.48, 75, 500, 11, 288, 18750, 2.5
1, 19123, 225, 230, 232, 15823780, 15890404, 0.48, 75, 500, 11, 230, 18750, 2.5
1, 19309, 251, 254, 257, 15462446, 15499721, 0.48, 75, 500, 11, 259, 18750, 2.5
1, 19392, 245, 246, 250, 16153632, 16234878, 0.48, 75, 500, 11, 237, 18750, 2.5
0, 23724, 233, 282, 269, 17683787, 17227705, 0.48, 75, 500, 11, 301, 18750, 2.5
0, 26250, 272, 332, 328, 18723280, 18473880, 0.48, 75, 500, 11, 347, 18750, 2.5
0, 26250, 241, 314, 293, 19229452, 18747639, 0.48, 75, 500, 11, 348, 18750, 2.5
0, 26250, 255, 298, 310, 18384744, 18039087, 0.48, 75, 500, 11, 355, 18750, 2.5
1, 20387, 248, 255, 253, 16063388, 16216124, 0.48, 75, 500, 11, 280, 18750, 2.5
0, 26250, 226, 293, 274, 18926055, 18398467, 0.48, 75, 500, 11, 353, 18750, 2.5
1, 19350, 247, 249, 250, 15569598, 15617101, 0.48, 75, 500, 11, 279, 18750, 2.5
1, 19265, 264, 265, 266, 15889734, 16001860, 0.48, 75, 500, 11, 277, 18750, 2.5
1, 18900, 239, 240, 242, 16178220, 16207864, 0.48, 75, 500, 11, 261, 18750, 2.5
1, 19184, 247, 248, 250, 15600088, 15676052, 0.48, 75, 500, 11, 272, 18750, 2.5
1, 19882, 215, 217, 218, 16176457, 16255046, 0.48, 75, 500, 11, 273, 18750, 2.5
0, 26207, 271, 341, 323, 18092481, 17604500, 0.48, 75, 500, 11, 390, 18750, 2.5
1, 19726, 268, 276, 281, 15752055, 15778239, 0.48, 75, 500, 11, 300, 18750, 2.5
0, 26025, 266, 330, 313, 18953345, 18378504, 0.48, 75, 500, 11, 393, 18750, 2.5
1, 19200, 219, 220, 224, 15738718, 15864483, 0.48, 75, 500, 11, 291, 18750, 2.5
0, 26250, 255, 301, 304, 19651956, 19014047, 0.48, 75, 500, 11, 412, 18750, 2.5
1, 19078, 256, 259, 258, 15444586, 15482244, 0.48, 75, 500, 11, 288, 18750, 2.5
0, 25474, 271, 327, 318, 18065463, 17616642, 0.48, 75, 500, 11, 397, 18750, 2.5
1, 19022, 235, 236, 238, 15435017, 15450397, 0.48, 75, 500, 11, 292, 18750, 2.5
1, 19218, 252, 254, 257, 15123533, 15162410, 0.48, 75, 500, 11, 291, 18750, 2.5
1, 20991, 232, 249, 245, 16949802, 17054175, 0.48, 75, 500, 11, 318, 18750, 2.5
1, 19118, 249, 250, 252, 16036907, 16089787, 0.48, 75, 500, 11, 292, 18750, 2.5
0, 26250, 276, 341, 318, 19068673, 18687532, 0.48, 75, 500, 11, 408, 18750, 2.5
1, 19162, 228, 230, 232, 15653633, 15743155, 0.48, 75, 500, 11, 263, 18750, 2.5
0, 26250, 258, 322, 288, 19572397, 19080276, 0.48, 75, 500, 11, 401, 18750, 2.5
0, 26250, 257, 326, 312, 18639822, 18246025, 0.48, 75, 500, 11, 406, 18750, 2.5
1, 19246, 277, 278, 282, 11709164, 11758520, 0.48, 75, 500, 8, 171, 18750, 2.5
0, 26250, 240, 301, 286, 19120972, 18681368, 0.48, 75, 500, 11, 388, 18750, 2.5
1, 19368, 249, 250, 253, 11505297, 11539238, 0.48, 75, 500, 8, 164, 18750, 2.5
1, 19562, 251, 252, 261, 15619964, 15739528, 0.48, 75, 500, 11, 285, 18750, 2.5
1, 18927, 265, 266, 267, 15877128, 15928279, 0.48, 75, 500, 11, 269, 18750, 2.5
0, 25358, 265, 317, 307, 19259586, 18649779, 0.48, 75, 500, 11, 375, 18750, 2.5
1, 19051, 254, 256, 257, 11574123, 11587862, 0.48, 75, 500, 8, 162, 18750, 2.5
1, 19921, 242, 248, 247, 16449985, 16575895, 0.48, 75, 500, 11, 281, 18750, 2.5
1, 19191, 237, 240, 244, 11137247, 11158373, 0.48, 75, 500, 8, 159, 18750, 2.5
1, 20106, 279, 288, 286, 11488431, 11575425, 0.48, 75, 500, 8, 176, 18750, 2.5
1, 19954, 224, 228, 226, 12504276, 12573505, 0.48, 75, 500, 8, 161, 18750, 2.5
1, 19152, 234, 237, 238, 11574973, 11641820, 0.48, 75, 500, 8, 164, 18750, 2.5
1, 19133, 253, 254, 256, 11386926, 11491278, 0.48, 75, 500, 8, 163, 18750, 2.5
0, 25752, 264, 313, 329, 13510047, 13030785, 0.48, 75, 500, 8, 231, 18750, 2.5
1, 19797, 250, 251, 256, 11490931, 11509002, 0.48, 75, 500, 8, 168, 18750, 2.5
1, 21339, 245, 263, 266, 12218001, 12267436, 0.48, 75, 500, 8, 184, 18750, 2.5
0, 21487, 259, 277, 277, 11450074, 11187717, 0.48, 75, 500, 8, 188, 18750, 2.5
1, 22620, 245, 275, 270, 12622376, 12647582, 0.48, 75, 500, 8, 194, 18750, 2.5
1, 22686, 268, 290, 293, 12212444, 12282561, 0.48, 75, 500, 8, 193, 18750, 2.5
1, 21182, 225, 240, 245, 12278520, 12327591, 0.48, 75, 500, 8, 176, 18750, 2.5
1, 19098, 242, 243, 248, 11726505, 11761895, 0.48, 75, 500, 8, 159, 18750, 2.5
1, 24516, 269, 312, 298, 12928004, 12979907, 0.48, 75, 500, 8, 206, 18750, 2.5
1, 19653, 249, 250, 255, 11803356, 11853070, 0.48, 75, 500, 8, 166, 18750, 2.5
0, 26250, 269, 339, 328, 14031223, 13864348, 0.48, 75, 500, 8, 230, 18750, 2.5
0, 26250, 265, 307, 323, 13801121, 13405949, 0.48, 75, 500, 8, 238, 18750, 2.5
1, 19493, 266, 270, 269, 12222930, 12308080, 0.48, 75, 500, 8, 166, 18750, 2.5
0, 26250, 247, 301, 303, 13255813, 13002118, 0.48, 75, 500, 8, 230, 18750, 2.5
1, 19296, 249, 250, 251, 11587882, 11608780, 0.48, 75, 500, 8, 167, 18750, 2.5
1, 20942, 244, 256, 261, 11734957, 11746926, 0.48, 75, 500, 8, 176, 18750, 2.5
0, 25358, 230, 285, 286, 13562334, 13043192, 0.48, 75, 500, 8, 220, 18750, 2.5
1, 19307, 258, 261, 263, 11377555, 11416349, 0.48, 75, 500, 8, 167, 18750, 2.5
1, 20363, 274, 282, 282, 12331529, 12397759, 0.48, 75, 500, 8, 174, 18750, 2.5
1, 19515, 254, 257, 258, 11515438, 11696124, 0.48, 75, 500, 8, 169, 18750, 2.5
1, 19411, 236, 238, 238, 11638969, 11670138, 0.48, 75, 500, 8, 159, 18750, 2.5
0, 25388, 264, 319, 304, 13256006, 12832948, 0.48, 75, 500, 8, 214, 18750, 2.5
0, 26250, 221, 286, 267, 13584216, 13290116, 0.48, 75, 500, 8, 217, 18750, 2.5
0, 23228, 254, 283, 291, 13402437, 13124141, 0.48, 75, 500, 8, 207, 18750, 2.5
0, 26250, 264, 331, 321, 13638523, 13455235, 0.48, 75, 500, 8, 238, 18750, 2.5
1, 20190, 246, 254, 250, 12067222, 12100016, 0.48, 75, 500, 8, 177, 18750, 2.5
1, 20224, 233, 236, 239, 11280423, 11482011, 0.48, 75, 500, 8, 179, 18750, 2.5
1, 19631, 254, 260, 260, 11375228, 11415404, 0.48, 75, 500, 8, 172, 18750, 2.5
0, 26250, 220, 269, 263, 14072895, 13748990, 0.48, 75, 500, 8, 237, 18750, 2.5
1, 23083, 238, 269, 262, 12491356, 12526836, 0.48, 75, 500, 8, 200, 18750, 2.5
0, 26250, 229, 287, 296, 13711131, 13485594, 0.48, 75, 500, 8, 238, 18750, 2.5
1, 19177, 245, 248, 251, 11469399, 11525033, 0.48, 75, 500, 8, 178, 18750, 2.5
1, 19277, 212, 214, 217, 11739056, 11760499, 0.48, 75, 500, 8, 178, 18750, 2.5
1, 18890, 257, 258, 260, 11334585, 11375991, 0.48, 75, 500, 8, 175, 18750, 2.5
1, 21091, 233, 240, 254, 12477316, 12483698, 0.48, 75, 500, 8, 198, 18750, 2.5
1, 19300, 234, 236, 238, 11532257, 11625443, 0.48, 75, 500, 8, 183, 18750, 2.5
0, 26250, 238, 306, 279, 14049415, 13771295, 0.48, 75, 500, 8, 241, 18750, 2.5
0, 24913, 261, 314, 302, 13501145, 13133904, 0.48, 75, 500, 8, 237, 18750, 2.5
1, 19226, 239, 240, 246, 10968438, 11054104, 0.48, 75, 500, 8, 164, 18750, 2.5
1, 19982, 230, 237, 233, 11588174, 11612773, 0.48, 75, 500, 8, 178, 18750, 2.5
1, 19617, 282, 285, 294, 11627406, 11700470, 0.48, 75, 500, 8, 171, 18750, 2.5
1, 19010, 265, 268, 268, 11401133, 11444331, 0.48, 75, 500, 8, 168, 18750, 2.5
0, 23982, 250, 298, 280, 13230595, 12843930, 0.48, 75, 500, 8, 218, 18750, 2.5
0, 26250, 274, 333, 325, 13989668, 13703917, 0.48, 75, 500, 8, 235, 18750, 2.5
1, 23445, 246, 281, 274, 12685523, 12713666, 0.48, 75, 500, 8, 209, 18750, 2.5
0, 26250, 252, 292, 304, 14115642, 13958572, 0.48, 75, 500, 8, 241, 18750, 2.5
1, 19053, 255, 257, 257, 11288217, 11306558, 0.48, 75, 500, 8, 161, 18750, 2.5
1, 19029, 247, 248, 251, 11487004, 11500246, 0.48, 75, 500, 8, 169, 18750, 2.5
1, 20176, 255, 258, 262, 12154498, 12296899, 0.48, 75, 500, 8, 173, 18750, 2.5
1, 23485, 236, 274, 278, 12544387, 12597660, 0.48, 75, 500, 8, 203, 18750, 2.5
0, 21986, 263, 287, 279, 12179519, 11822834, 0.48, 75, 500, 8, 197, 18750, 2.5
1, 19519, 250, 253, 260, 11517751, 11658637, 0.48, 75, 500, 8, 167, 18750, 2.5
1, 18825, 253, 254, 255, 11893138, 11899173, 0.48, 75, 500, 8, 165, 18750, 2.5
1, 19573, 236, 244, 244, 11539754, 11548007, 0.48, 75, 500, 8, 177, 18750, 2.5
0, 26250, 235, 278, 280, 13886876, 14023775, 0.48, 75, 500, 8, 230, 18750, 2.5
1, 19949, 258, 266, 268, 11576593, 11614731, 0.48, 75, 500, 8, 167, 18750, 2.5
0, 26250, 262, 314, 307, 13689768, 13352340, 0.48, 75, 500, 8, 221, 18750, 2.5
1, 19153, 275, 277, 279, 11271676, 11307498, 0.48, 75, 500, 8, 161, 18750, 2.5
1, 20342, 252, 263, 266, 11774843, 11790399, 0.48, 75, 500, 8, 172, 18750, 2.5
1, 19105, 244, 247, 249, 12135034, 12178433, 0.48, 75, 500, 8, 168, 18750, 2.5
0, 24679, 259, 298, 290, 13778678, 13239264, 0.48, 75, 500, 8, 211, 18750, 2.5
1, 19364, 216, 220, 220, 11550929, 11600121, 0.48, 75, 500, 8, 156, 18750, 2.5
1, 19023, 269, 270, 276, 11843541, 11869329, 0.48, 75, 500, 8, 160, 18750, 2.5
0, 24706, 267, 305, 303, 13328221, 12887941, 0.48, 75, 500, 8, 214, 18750, 2.5
1, 20503, 268, 280, 278, 11786789, 11804535, 0.48, 75, 500, 8, 168, 18750, 2.5
1, 20545, 246, 255, 257, 11961621, 12041507, 0.48, 75, 500, 8, 174, 18750, 2.5
1, 19310, 233, 235, 238, 11783966, 11841883, 0.48, 75, 500, 8, 152, 18750, 2.5
0, 20681, 255, 265, 260, 11921648, 11678541, 0.48, 75, 500, 8, 163, 18750, 2.5
0, 26250, 254, 308, 300, 13485316, 13240102, 0.48, 75, 500, 8, 226, 18750, 2.5
0, 26250, 251, 320, 290, 14153966, 13921366, 0.48, 75, 500, 8, 209, 18750, 2.5
1, 19281, 280, 281, 282, 11307647, 11314672, 0.48, 75, 500, 8, 163, 18750, 2.5
1, 20248, 272, 279, 286, 11813015, 11850498, 0.48, 75, 500, 8, 173, 18750, 2.5
1, 19276, 237, 238, 241, 10892011, 10941042, 0.48, 75, 500, 8, 157, 18750, 2.5
0, 26250, 248, 318, 287, 13984822, 13629385, 0.48, 75, 500, 8, 222, 18750, 2.5
0, 26250, 219, 269, 290, 13961049, 13619189, 0.48, 75, 500, 8, 218, 18750, 2.5
1, 19220, 270, 271, 273, 11814684, 11844731, 0.48, 75, 500, 8, 172, 18750, 2.5
1, 20539, 239, 253, 252, 11636701, 11659465, 0.48, 75, 500, 8, 180, 18750, 2.5
0, 26250, 276, 324, 323, 13179110, 12850869, 0.48, 75, 500, 8, 233, 18750, 2.5
0, 26250, 251, 320, 294, 13548537, 13297366, 0.48, 75, 500, 8, 239, 18750, 2.5
1, 19157, 273, 275, 275, 11337465, 11417915, 0.48, 75, 500, 8, 180, 18750, 2.5
0, 26250, 246, 312, 292, 13614443, 13387547, 0.48, 75, 500, 8, 236, 18750, 2.5
0, 26250, 259, 302, 301, 14672409, 14340280, 0.48, 75, 500, 8, 235, 18750, 2.5
0, 23388, 286, 324, 307, 13054861, 12618218, 0.48, 75, 500, 8, 213, 18750, 2.5
1, 19514, 281, 284, 286, 11643072, 11700647, 0.48, 75, 500, 8, 183, 18750, 2.5
0, 26250, 248, 306, 289, 13996680, 13831277, 0.48, 75, 500, 8, 242, 18750, 2.5
1, 19531, 249, 253, 254, 10996775, 11068983, 0.48, 75, 500, 8, 161, 18750, 2.5
1, 20553, 292, 305, 299, 12442569, 12473874, 0.48, 75, 500, 8, 174, 18750, 2.5
1, 20052, 283, 293, 297, 12185055, 12192464, 0.48, 75, 500, 8, 177, 18750, 2.5
1, 21328, 243, 258, 260, 10401861, 10459099, 0.48, 75, 500, 7, 140, 18750, 2.5
0, 26250, 265, 325, 313, 14019906, 13518290, 0.48, 75, 500, 8, 229, 18750, 2.5
0, 23916, 281, 321, 316, 13079386, 12675657, 0.48, 75, 500, 8, 207, 18750, 2.5
1, 20284, 250, 256, 257, 10265584, 10341811, 0.48, 75, 500, 7, 137, 18750, 2.5
1, 19775, 229, 237, 234, 11144097, 11192718, 0.48, 75, 500, 8, 158, 18750, 2.5
0, 23328, 259, 290, 284, 12893140, 12451137, 0.48, 75, 500, 8, 193, 18750, 2.5
1, 19435, 238, 241, 242, 9869135, 9904780, 0.48, 75, 500, 7, 130, 18750, 2.5
1, 19778, 259, 262, 263, 10122168, 10209755, 0.48, 75, 500, 7, 136, 18750, 2.5
1, 19026, 262, 263, 265, 10434917, 10450748, 0.48, 75, 500, 7, 130, 18750, 2.5
1, 19104, 265, 266, 268, 9771179, 9816094, 0.48, 75, 500, 7, 125, 18750, 2.5
0, 26250, 250, 307, 312, 12246010, 12026290, 0.48, 75, 500, 7, 174, 18750, 2.5
1, 18985, 266, 270, 270, 10017463, 10024840, 0.48, 75, 500, 7, 127, 18750, 2.5
1, 20018, 241, 252, 249, 10002465, 10070638, 0.48, 75, 500, 7, 134, 18750, 2.5
0, 19555, 225, 227, 226, 9978307, 9520628, 0.48, 75, 500, 7, 127, 18750, 2.5
1, 20697, 258, 268, 270, 10657967, 10765533, 0.48, 75, 500, 7, 145, 18750, 2.5
1, 19449, 266, 269, 272, 9982517, 10036361, 0.48, 75, 500, 7, 127, 18750, 2.5
1, 19145, 238, 241, 240, 10287368, 10302411, 0.48, 75, 500, 7, 130, 18750, 2.5
1, 18995, 279, 282, 282, 10138887, 10214969, 0.48, 75, 500, 7, 128, 18750, 2.5
1, 19689, 252, 255, 260, 10148368, 10168540, 0.48, 75, 500, 7, 133, 18750, 2.5
1, 19830, 251, 257, 260, 10050988, 10106600, 0.48, 75, 500, 7, 134, 18750, 2.5
1, 22048, 258, 271, 284, 10631616, 10692786, 0.48, 75, 500, 7, 152, 18750, 2.5
1, 23654, 270, 305, 314, 11061245, 11079799, 0.48, 75, 500, 7, 172, 18750, 2.5
0, 26250, 279, 347, 310, 12051536, 11647064, 0.48, 75, 500, 7, 185, 18750, 2.5
1, 19132, 221, 223, 226, 9797940, 9811817, 0.48, 75, 500, 7, 128, 18750, 2.5
0, 26250, 241, 288, 293, 11744108, 11384621, 0.48, 75, 500, 7, 177, 18750, 2.5
1, 19576, 245, 253, 249, 10356276, 10389740, 0.48, 75, 500, 7, 142, 18750, 2.5
1, 19605, 247, 252, 254, 10067394, 10100366, 0.48, 75, 500, 7, 140, 18750, 2.5
0, 26250, 236, 295, 279, 12289166, 12148566, 0.48, 75, 500, 7, 193, 18750, 2.5
1, 19881, 274, 278, 279, 10407752, 10446874, 0.48, 75, 500, 7, 153, 18750, 2.5
1, 19484, 254, 258, 259, 9887377, 9902509, 0.48, 75, 500, 7, 151, 18750, 2.5
1, 19819, 281, 287, 286, 10256756, 10265661, 0.48, 75, 500, 7, 158, 18750, 2.5
0, 25948, 242, 292, 296, 12060405, 11648807, 0.48, 75, 500, 7, 199, 18750, 2.5
1, 22656, 244, 279, 269, 10726308, 10745056, 0.48, 75, 500, 7, 173, 18750, 2.5
0, 26250, 238, 289, 276, 12077205, 11687061, 0.48, 75, 500, 7, 205, 18750, 2.5
1, 19457, 263, 269, 269, 9996224, 10026357, 0.48, 75, 500, 7, 148, 18750, 2.5
1, 23849, 266, 299, 306, 11494740, 11510626, 0.48, 75, 500, 7, 188, 18750, 2.5
1, 19385, 254, 259, 263, 10117417, 10126096, 0.48, 75, 500, 7, 154, 18750, 2.5
1, 20498, 251, 257, 259, 10632644, 10677438, 0.48, 75, 500, 7, 155, 18750, 2.5
0, 26250, 266, 337, 324, 11389684, 11265389, 0.48, 75, 500, 7, 205, 18750, 2.5
1, 19306, 249, 250, 253, 9750778, 9784628, 0.48, 75, 500, 7, 146, 18750, 2.5
0, 22727, 240, 276, 259, 11533050, 11043454, 0.48, 75, 500, 7, 173, 18750, 2.5
0, 26250, 280, 328, 324, 11458927, 11307130, 0.48, 75, 500, 7, 217, 18750, 2.5
1, 19897, 219, 226, 232, 9769783, 9809180, 0.48, 75, 500, 7, 148, 18750, 2.5
0, 26250, 246, 294, 292, 12030003, 11816109, 0.48, 75, 500, 7, 206, 18750, 2.5
1, 18960, 236, 237, 239, 9859049, 9909541, 0.48, 75, 500, 7, 136, 18750, 2.5
1, 19195, 269, 270, 272, 10095592, 10119122, 0.48, 75, 500, 7, 143, 18750, 2.5
1, 19491, 238, 242, 242, 9975253, 9989428, 0.48, 75, 500, 7, 144, 18750, 2.5
1, 19034, 263, 264, 265, 9368456, 9409509, 0.48, 75, 500, 7, 159, 18750, 2.5
1, 21180, 228, 249, 238, 10427889, 10462933, 0.48, 75, 500, 7, 162, 18750, 2.5
1, 19585, 239, 244, 245, 10356721, 10451511, 0.48, 75, 500, 7, 166, 18750, 2.5
1, 20803, 258, 278, 275, 10568917, 10597548, 0.48, 75, 500, 7, 169, 18750, 2.5
1, 20907, 228, 261, 235, 10325983, 10351132, 0.48, 75, 500, 7, 184, 18750, 2.5
1, 23904, 255, 284, 289, 11269183, 11314579, 0.48, 75, 500, 7, 206, 18750, 2.5
1, 19758, 266, 267, 272, 10207017, 10410071, 0.48, 75, 500, 7, 170, 18750, 2.5
0, 26250, 268, 319, 319, 11409898, 11421351, 0.48, 75, 500, 7, 234, 18750, 2.5
0, 25651, 263, 314, 292, 11578942, 11124856, 0.48, 75, 500, 7, 219, 18750, 2.5
1, 18792, 249, 250, 251, 10019197, 10027046, 0.48, 75, 500, 7, 169, 18750, 2.5
1, 24087, 281, 313, 324, 11380137, 11489093, 0.48, 75, 500, 7, 208, 18750, 2.5
0, 23120, 261, 296, 287, 11346664, 11049334, 0.48, 75, 500, 7, 210, 18750, 2.5
1, 19998, 261, 265, 272, 10258531, 10352063, 0.48, 75, 500, 7, 165, 18750, 2.5
1, 19210, 242, 244, 248, 10070972, 10097255, 0.48, 75, 500, 7, 142, 18750, 2.5
0, 26250, 262, 320, 325, 12294272, 12229464, 0.48, 75, 500, 7, 218, 18750, 2.5
1, 19964, 258, 266, 264, 9736381, 9840800, 0.48, 75, 500, 7, 160, 18750, 2.5
1, 19922, 251, 258, 257, 10386465, 10409347, 0.48, 75, 500, 7, 151, 18750, 2.5
0, 26250, 243, 294, 288, 11735665, 11562031, 0.48, 75, 500, 7, 215, 18750, 2.5
1, 19201, 248, 249, 254, 10151695, 10187817, 0.48, 75, 500, 7, 144, 18750, 2.5
1, 19115, 221, 222, 224, 10106002, 10125320, 0.48, 75, 500, 7, 130, 18750, 2.5
0, 26250, 225, 282, 291, 11661336, 11498099, 0.48, 75, 500, 7, 200, 18750, 2.5
1, 19869, 255, 257, 258, 10106086, 10122233, 0.48, 75, 500, 7, 141, 18750, 2.5
1, 19792, 275, 279, 285, 10284330, 10384484, 0.48, 75, 500, 7, 146, 18750, 2.5
1, 19018, 236, 240, 238, 10091181, 10157605, 0.48, 75, 500, 7, 138, 18750, 2.5
1, 19398, 255, 257, 257, 10458846, 10484452, 0.48, 75, 500, 7, 139, 18750, 2.5
0, 26250, 258, 311, 296, 11894273, 11464504, 0.48, 75, 500, 7, 199, 18750, 2.5
0, 23521, 247, 282, 274, 11188032, 10890144, 0.48, 75, 500, 7, 174, 18750, 2.5
1, 19102, 263, 265, 267, 10233248, 10260622, 0.48, 75, 500, 7, 132, 18750, 2.5
1, 19567, 234, 238, 239, 9942741, 10021220, 0.48, 75, 500, 7, 134, 18750, 2.5
0, 26250, 242, 287, 289, 11463676, 11284695, 0.48, 75, 500, 7, 182, 18750, 2.5
1, 19692, 264, 272, 270, 10227840, 10303980, 0.48, 75, 500, 7, 147, 18750, 2.5
1, 19508, 276, 278, 283, 9929563, 9995301, 0.48, 75, 500, 7, 142, 18750, 2.5
1, 19100, 266, 269, 271, 9988334, 10000810, 0.48, 75, 500, 7, 131, 18750, 2.5
1, 19602, 276, 278, 283, 10332840, 10364610, 0.48, 75, 500, 7, 138, 18750, 2.5
1, 19768, 269, 278, 276, 9679706, 9734931, 0.48, 75, 500, 7, 139, 18750, 2.5
1, 19507, 253, 255, 262, 10173106, 10261209, 0.48, 75, 500, 7, 135, 18750, 2.5
0, 26250, 236, 285, 283, 11492728, 11521031, 0.48, 75, 500, 7, 188, 18750, 2.5
1, 20331, 252, 259, 260, 10116645, 10152160, 0.48, 75, 500, 7, 141, 18750, 2.5
0, 23366, 251, 303, 285, 10826016, 10527029, 0.48, 75, 500, 7, 159, 18750, 2.5
1, 19668, 203, 209, 207, 10093402, 10119149, 0.48, 75, 500, 7, 135, 18750, 2.5
1, 19630, 232, 234, 239, 10043327, 10126764, 0.48, 75, 500, 7, 130, 18750, 2.5
1, 19074, 268, 271, 271, 9808767, 9831358, 0.48, 75, 500, 7, 127, 18750, 2.5
0, 26250, 240, 298, 302, 11576918, 11392818, 0.48, 75, 500, 7, 182, 18750, 2.5
1, 19331, 230, 235, 232, 10241157, 10333608, 0.48, 75, 500, 7, 128, 18750, 2.5
1, 19685, 256, 259, 260, 10392364, 10508223, 0.48, 75, 500, 7, 137, 18750, 2.5
1, 19222, 268, 270, 272, 9952253, 9991177, 0.48, 75, 500, 7, 134, 18750, 2.5
1, 19038, 248, 251, 252, 9999993, 10019904, 0.48, 75, 500, 7, 129, 18750, 2.5
0, 23009, 263, 299, 289, 11149801, 10691287, 0.48, 75, 500, 7, 162, 18750, 2.5
1, 19320, 264, 267, 267, 10248398, 10303612, 0.48, 75, 500, 7, 130, 18750, 2.5
0, 24934, 269, 314, 310, 11414596, 11105874, 0.48, 75, 500, 7, 173, 18750, 2.5
1, 21052, 273, 290, 290, 10451063, 10477067, 0.48, 75, 500, 7, 147, 18750, 2.5
1, 19976, 251, 257, 261, 10242853, 10284984, 0.48, 75, 500, 7, 143, 18750, 2.5
1, 19119, 277, 279, 280, 9989915, 10076255, 0.48, 75, 500, 7, 131, 18750, 2.5
1, 19705, 262, 266, 267, 10058354, 10143943, 0.48, 75, 500, 7, 135, 18750, 2.5
1, 19283, 240, 244, 245, 10038610, 10050750, 0.48, 75, 500, 7, 127, 18750, 2.5
1, 19320, 239, 241, 242, 8750474, 8777298, 0.48, 75, 500, 6, 102, 18750, 2.5
1, 19954, 260, 263, 266, 8588538, 8629939, 0.48, 75, 500, 6, 112, 18750, 2.5
1, 20687, 252, 265, 266, 9253809, 9268360, 0.48, 75, 500, 6, 115, 18750, 2.5
1, 20145, 229, 237, 239, 10279843, 10434097, 0.48, 75, 500, 7, 141, 18750, 2.5
1, 19483, 253, 255, 260, 10051963, 10104021, 0.48, 75, 500, 7, 136, 18750, 2.5
1, 19235, 256, 259, 258, 8530114, 8540139, 0.48, 75, 500, 6, 102, 18750, 2.5
1, 19622, 250, 252, 253, 8605086, 8690816, 0.48, 75, 500, 6, 109, 18750, 2.5
1, 19561, 256, 257, 266, 8991390, 9055471, 0.48, 75, 500, 6, 106, 18750, 2.5
1, 19234, 267, 269, 269, 8178153, 8216980, 0.48, 75, 500, 6, 107, 18750, 2.5
1, 19249, 247, 248, 254, 8502767, 8542672, 0.48, 75, 500, 6, 112, 18750, 2.5
1, 20464, 249, 257, 256, 8496638, 8550771, 0.48, 75, 500, 6, 116, 18750, 2.5
1, 19778, 247, 252, 254, 8942484, 8956170, 0.48, 75, 500, 6, 111, 18750, 2.5
1, 19366, 240, 244, 244, 8856905, 8928651, 0.48, 75, 500, 6, 113, 18750, 2.5
1, 19193, 252, 254, 261, 8511604, 8525876, 0.48, 75, 500, 6, 124, 18750, 2.5
1, 24154, 241, 288, 262, 9749084, 9792548, 0.48, 75, 500, 6, 150, 18750, 2.5
1, 19148, 233, 234, 237, 8114323, 8205243, 0.48, 75, 500, 6, 117, 18750, 2.5
0, 21590, 267, 293, 285, 9157522, 8902226, 0.48, 75, 500, 6, 137, 18750, 2.5
1, 20204, 265, 273, 281, 8765281, 8864807, 0.48, 75, 500, 6, 128, 18750, 2.5
0, 26250, 230, 289, 279, 9786800, 9582706, 0.48, 75, 500, 6, 168, 18750, 2.5
1, 19214, 266, 268, 270, 8308151, 8325424, 0.48, 75, 500, 6, 118, 18750, 2.5
1, 19203, 215, 221, 219, 8561299, 8567500, 0.48, 75, 500, 6, 128, 18750, 2.5
1, 19445, 249, 251, 252, 8801056, 8828500, 0.48, 75, 500, 6, 123, 18750, 2.5
0, 26250, 249, 296, 297, 10098579, 10035889, 0.48, 75, 500, 6, 172, 18750, 2.5
1, 19683, 257, 264, 267, 8475051, 8521446, 0.48, 75, 500, 6, 126, 18750, 2.5
0, 26250, 240, 275, 310, 10293858, 10185416, 0.48, 75, 500, 6, 175, 18750, 2.5
1, 19343, 262, 263, 265, 8791828, 8795563, 0.48, 75, 500, 6, 127, 18750, 2.5
0, 26250, 282, 336, 334, 10353294, 10160880, 0.48, 75, 500, 6, 181, 18750, 2.5
1, 19400, 255, 259, 261, 8397933, 8418949, 0.48, 75, 500, 6, 133, 18750, 2.5
0, 20580, 231, 246, 241, 9091117, 8867128, 0.48, 75, 500, 6, 129, 18750, 2.5
1, 19301, 239, 241, 244, 8705257, 8710266, 0.48, 75, 500, 6, 123, 18750, 2.5
1, 19381, 258, 262, 263, 8803453, 8863045, 0.48, 75, 500, 6, 120, 18750, 2.5
0, 22740, 255, 280, 279, 9879380, 9618637, 0.48, 75, 500, 6, 150, 18750, 2.5
1, 19929, 229, 233, 237, 8728881, 8774094, 0.48, 75, 500, 6, 122, 18750, 2.5
1, 19495, 259, 261, 268, 8625525, 8744327, 0.48, 75, 500, 6, 124, 18750, 2.5
1, 19524, 251, 253, 254, 8366840, 8473594, 0.48, 75, 500, 6, 124, 18750, 2.5
1, 22025, 254, 282, 290, 9254069, 9274633, 0.48, 75, 500, 6, 143, 18750, 2.5
0, 26250, 251, 298, 314, 10471479, 10373582, 0.48, 75, 500, 6, 175, 18750, 2.5
1, 19717, 246, 253, 253, 8579553, 8617465, 0.48, 75, 500, 6, 124, 18750, 2.5
1, 19676, 241, 243, 246, 8415944, 8511823, 0.48, 75, 500, 6, 119, 18750, 2.5
1, 19409, 269, 272, 274, 8777829, 8873487, 0.48, 75, 500, 6, 118, 18750, 2.5
1, 19162, 238, 243, 241, 8532789, 8553939, 0.48, 75, 500, 6, 115, 18750, 2.5
1, 19299, 258, 260, 263, 8761205, 8896719, 0.48, 75, 500, 6, 120, 18750, 2.5
1, 20135, 250, 264, 260, 8442816, 8460781, 0.48, 75, 500, 6, 125, 18750, 2.5
1, 19189, 239, 241, 249, 8797638, 8885103, 0.48, 75, 500, 6, 116, 18750, 2.5
1, 19278, 268, 271, 271, 8510649, 8528397, 0.48, 75, 500, 6, 120, 18750, 2.5
1, 23758, 268, 303, 309, 9758952, 9784304, 0.48, 75, 500, 6, 154, 18750, 2.5
0, 20739, 270, 280, 280, 8795890, 8524792, 0.48, 75, 500, 6, 136, 18750, 2.5
1, 19352, 245, 248, 248, 8632637, 8649390, 0.48, 75, 500, 6, 119, 18750, 2.5
1, 19359, 244, 247, 249, 8605851, 8666337, 0.48, 75, 500, 6, 120, 18750, 2.5
1, 19158, 250, 251, 253, 8421671, 8490323, 0.48, 75, 500, 6, 116, 18750, 2.5
1, 19007, 248, 250, 251, 8760325, 8773846, 0.48, 75, 500, 6, 118, 18750, 2.5
1, 26010, 243, 293, 286, 10296714, 10331710, 0.48, 75, 500, 6, 167, 18750, 2.5
1, 19029, 232, 234, 236, 8265817, 8287392, 0.48, 75, 500, 6, 121, 18750, 2.5
1, 19353, 255, 258, 260, 8795769, 8839813, 0.48, 75, 500, 6, 126, 18750, 2.5
0, 26211, 218, 276, 277, 10615869, 10178100, 0.48, 75, 500, 6, 163, 18750, 2.5
0, 26250, 242, 295, 290, 10533089, 10162540, 0.48, 75, 500, 6, 170, 18750, 2.5
0, 26250, 234, 273, 294, 10199784, 9944560, 0.48, 75, 500, 6, 158, 18750, 2.5
1, 19267, 235, 240, 238, 8778014, 8800381, 0.48, 75, 500, 6, 114, 18750, 2.5
1, 19284, 245, 248, 250, 8348808, 8442232, 0.48, 75, 500, 6, 111, 18750, 2.5
1, 19711, 251, 260, 261, 8143580, 8167597, 0.48, 75, 500, 6, 115, 18750, 2.5
1, 19775, 250, 257, 260, 8986301, 9040183, 0.48, 75, 500, 6, 116, 18750, 2.5
1, 19607, 279, 283, 286, 8924781, 8966808, 0.48, 75, 500, 6, 117, 18750, 2.5
1, 19374, 246, 247, 250, 8232447, 8319046, 0.48, 75, 500, 6, 115, 18750, 2.5
1, 19774, 248, 250, 253, 8419294, 8548334, 0.48, 75, 500, 6, 119, 18750, 2.5
0, 22973, 267, 294, 289, 9352756, 8965200, 0.48, 75, 500, 6, 146, 18750, 2.5
0, 24641, 245, 296, 271, 10041689, 9669399, 0.48, 75, 500, 6, 154, 18750, 2.5
1, 19617, 231, 235, 238, 8813913, 8857927, 0.48, 75, 500, 6, 119, 18750, 2.5
0, 26250, 247, 290, 298, 10420848, 10459383, 0.48, 75, 500, 6, 158, 18750, 2.5
0, 26250, 243, 291, 304, 10177310, 10086045, 0.48, 75, 500, 6, 161, 18750, 2.5
1, 19345, 253, 254, 257, 8882021, 8931506, 0.48, 75, 500, 6, 116, 18750, 2.5
1, 19647, 242, 248, 251, 8713631, 8731883, 0.48, 75, 500, 6, 117, 18750, 2.5
1, 24171, 255, 295, 302, 9772222, 9819298, 0.48, 75, 500, 6, 150, 18750, 2.5
1, 19585, 266, 268, 269, 8874880, 8890586, 0.48, 75, 500, 6, 123, 18750, 2.5
1, 19540, 258, 263, 265, 8327916, 8348441, 0.48, 75, 500, 6, 116, 18750, 2.5
1, 19254, 253, 254, 256, 8207996, 8210531, 0.48, 75, 500, 6, 105, 18750, 2.5
1, 20574, 236, 251, 251, 8739845, 8814436, 0.48, 75, 500, 6, 113, 18750, 2.5
1, 19879, 263, 265, 270, 8743908, 8789369, 0.48, 75, 500, 6, 114, 18750, 2.5
1, 19341, 261, 265, 264, 8533007, 8541187, 0.48, 75, 500, 6, 104, 18750, 2.5
1, 19711, 250, 255, 254, 8930893, 8972016, 0.48, 75, 500, 6, 108, 18750, 2.5
0, 19876, 256, 262, 259, 8724672, 8524243, 0.48, 75, 500, 6, 108, 18750, 2.5
1, 19343, 237, 238, 239, 8633384, 8686530, 0.48, 75, 500, 6, 104, 18750, 2.5
0, 26250, 221, 279, 260, 9892275, 9621305, 0.48, 75, 500, 6, 160, 18750, 2.5
1, 20473, 268, 275, 281, 8958937, 9070435, 0.48, 75, 500, 6, 108, 18750, 2.5
0, 20179, 256, 262, 259, 8639692, 8428283, 0.48, 75, 500, 6, 107, 18750, 2.5
1, 19937, 266, 279, 276, 8774095, 8828921, 0.48, 75, 500, 6, 106, 18750, 2.5
1, 19620, 243, 246, 252, 8795844, 8871622, 0.48, 75, 500, 6, 109, 18750, 2.5
0, 22459, 235, 268, 258, 9348523, 9059724, 0.48, 75, 500, 6, 115, 18750, 2.5
1, 23194, 233, 261, 264, 9640659, 9683107, 0.48, 75, 500, 6, 130, 18750, 2.5
1, 19124, 245, 248, 249, 8241048, 8269671, 0.48, 75, 500, 6, 104, 18750, 2.5
1, 20998, 245, 263, 259, 9149382, 9172052, 0.48, 75, 500, 6, 114, 18750, 2.5
1, 20270, 238, 246, 255, 8491694, 8546861, 0.48, 75, 500, 6, 109, 18750, 2.5
1, 20041, 272, 275, 276, 8523418, 8552068, 0.48, 75, 500, 6, 107, 18750, 2.5
0, 26250, 216, 264, 270, 10704066, 10498477, 0.48, 75, 500, 6, 146, 18750, 2.5
1, 19572, 282, 284, 287, 8842111, 8941862, 0.48, 75, 500, 6, 106, 18750, 2.5
0, 26250, 270, 326, 319, 10571416, 10420267, 0.48, 75, 500, 6, 148, 18750, 2.5
0, 25228, 249, 292, 302, 9734176, 9224149, 0.48, 75, 500, 6, 141, 18750, 2.5
0, 25067, 257, 308, 301, 10080963, 9802493, 0.48, 75, 500, 6, 143, 18750, 2.5
1, 19204, 287, 290, 293, 7263287, 7335066, 0.48, 75, 500, 5, 80, 18750, 2.5
0, 26250, 251, 283, 295, 10162869, 9933206, 0.48, 75, 500, 6, 150, 18750, 2.5
0, 23653, 235, 269, 266, 10078577, 9683114, 0.48, 75, 500, 6, 127, 18750, 2.5
1, 19130, 254, 256, 259, 8616117, 8622883, 0.48, 75, 500, 6, 105, 18750, 2.5
1, 19780, 264, 269, 273, 8731751, 8797705, 0.48, 75, 500, 6, 110, 18750, 2.5
1, 19274, 255, 259, 258, 6936320, 6974168, 0.48, 75, 500, 5, 84, 18750, 2.5
1, 21145, 233, 264, 246, 7119738, 7121740, 0.48, 75, 500, 5, 93, 18750, 2.5
1, 22804, 248, 274, 275, 8991832, 9004741, 0.48, 75, 500, 6, 127, 18750, 2.5
1, 19077, 241, 243, 245, 6809398, 6828543, 0.48, 75, 500, 5, 80, 18750, 2.5
1, 19138, 235, 238, 239, 7146263, 7171543, 0.48, 75, 500, 5, 79, 18750, 2.5
0, 26250, 248, 308, 304, 8409078, 8391856, 0.48, 75, 500, 5, 120, 18750, 2.5
0, 25799, 246, 308, 289, 8428402, 8171449, 0.48, 75, 500, 5, 117, 18750, 2.5
1, 22955, 258, 285, 275, 7821821, 7870763, 0.48, 75, 500, 5, 101, 18750, 2.5
0, 22746, 246, 269, 264, 7655801, 7391666, 0.48, 75, 500, 5, 98, 18750, 2.5
1, 19171, 240, 244, 244, 6982445, 7005465, 0.48, 75, 500, 5, 88, 18750, 2.5
1, 19299, 253, 256, 256, 6969901, 6980741, 0.48, 75, 500, 5, 83, 18750, 2.5
1, 19261, 272, 276, 278, 7037407, 7054561, 0.48, 75, 500, 5, 86, 18750, 2.5
1, 26127, 262, 307, 311, 8539931, 8542870, 0.48, 75, 500, 5, 116, 18750, 2.5
1, 19596, 243, 246, 248, 7240800, 7266984, 0.48, 75, 500, 5, 84, 18750, 2.5
1, 19350, 266, 269, 268, 6996010, 7008757, 0.48, 75, 500, 5, 84, 18750, 2.5
1, 19416, 278, 282, 281, 7085885, 7090392, 0.48, 75, 500, 5, 82, 18750, 2.5
1, 20303, 255, 264, 266, 7705976, 7733934, 0.48, 75, 500, 5, 87, 18750, 2.5
1, 19160, 269, 272, 274, 6864253, 6889100, 0.48, 75, 500, 5, 84, 18750, 2.5
1, 19052, 282, 283, 284, 7322920, 7342028, 0.48, 75, 500, 5, 79, 18750, 2.5
1, 19964, 281, 285, 285, 7539622, 7614336, 0.48, 75, 500, 5, 86, 18750, 2.5
1, 19373, 241, 243, 246, 7611337, 7668583, 0.48, 75, 500, 5, 83, 18750, 2.5
1, 19179, 276, 278, 280, 7293330, 7328832, 0.48, 75, 500, 5, 86, 18750, 2.5
1, 19507, 267, 269, 273, 7166292, 7188371, 0.48, 75, 500, 5, 82, 18750, 2.5
1, 19604, 254, 260, 262, 7140044, 7166961, 0.48, 75, 500, 5, 86, 18750, 2.5
1, 19247, 264, 266, 269, 7227532, 7260361, 0.48, 75, 500, 5, 81, 18750, 2.5
1, 18860, 244, 245, 246, 6927690, 6930662, 0.48, 75, 500, 5, 86, 18750, 2.5
1, 22544, 270, 302, 287, 7468055, 7487711, 0.48, 75, 500, 5, 99, 18750, 2.5
1, 19049, 254, 259, 256, 7182147, 7186232, 0.48, 75, 500, 5, 89, 18750, 2.5
1, 19340, 259, 261, 263, 7278456, 7291781, 0.48, 75, 500, 5, 90, 18750, 2.5
1, 19322, 258, 260, 265, 6658507, 6669814, 0.48, 75, 500, 5, 88, 18750, 2.5
0, 26177, 270, 308, 331, 8993687, 8637757, 0.48, 75, 500, 5, 117, 18750, 2.5
1, 20363, 277, 287, 285, 7745985, 7766356, 0.48, 75, 500, 5, 94, 18750, 2.5
0, 22060, 215, 239, 237, 8053723, 7856220, 0.48, 75, 500, 5, 99, 18750, 2.5
1, 19713, 238, 242, 243, 7207830, 7220357, 0.48, 75, 500, 5, 88, 18750, 2.5
1, 19559, 225, 231, 229, 6988941, 7034613, 0.48, 75, 500, 5, 85, 18750, 2.5
1, 19293, 269, 271, 272, 7547991, 7594992, 0.48, 75, 500, 5, 88, 18750, 2.5
1, 23020, 264, 297, 287, 7444538, 7475902, 0.48, 75, 500, 5, 109, 18750, 2.5
1, 18960, 246, 247, 249, 7447144, 7490442, 0.48, 75, 500, 5, 85, 18750, 2.5
0, 20683, 236, 254, 246, 7102824, 6908839, 0.48, 75, 500, 5, 96, 18750, 2.5
1, 19981, 266, 275, 276, 7789012, 7806830, 0.48, 75, 500, 5, 90, 18750, 2.5
1, 19775, 269, 271, 276, 7003428, 7043006, 0.48, 75, 500, 5, 89, 18750, 2.5
1, 19222, 253, 254, 255, 6949954, 7024935, 0.48, 75, 500, 5, 87, 18750, 2.5
1, 19387, 235, 237, 238, 7308558, 7323603, 0.48, 75, 500, 5, 90, 18750, 2.5
0, 22946, 260, 296, 284, 7984260, 7721408, 0.48, 75, 500, 5, 110, 18750, 2.5
1, 19226, 230, 233, 234, 7510986, 7525769, 0.48, 75, 500, 5, 92, 18750, 2.5
1, 20032, 252, 255, 257, 7176836, 7188758, 0.48, 75, 500, 5, 94, 18750, 2.5
1, 18980, 252, 255, 254, 7377754, 7378477, 0.48, 75, 500, 5, 93, 18750, 2.5
1, 24109, 256, 295, 289, 8048789, 8061204, 0.48, 75, 500, 5, 116, 18750, 2.5
0, 26250, 259, 312, 323, 8929742, 8752612, 0.48, 75, 500, 5, 126, 18750, 2.5
1, 19360, 257, 260, 259, 7089550, 7115964, 0.48, 75, 500, 5, 86, 18750, 2.5
1, 19115, 272, 275, 276, 7259005, 7297936, 0.48, 75, 500, 5, 86, 18750, 2.5
1, 19109, 239, 241, 244, 6931643, 6939564, 0.48, 75, 500, 5, 89, 18750, 2.5
1, 19141, 259, 261, 262, 7294830, 7328372, 0.48, 75, 500, 5, 87, 18750, 2.5
1, 19560, 265, 267, 272, 7278868, 7308933, 0.48, 75, 500, 5, 90, 18750, 2.5
0, 26148, 275, 327, 325, 8831524, 8539464, 0.48, 75, 500, 5, 127, 18750, 2.5
1, 19124, 265, 266, 268, 7194115, 7207389, 0.48, 75, 500, 5, 88, 18750, 2.5
1, 19228, 253, 256, 257, 7463941, 7491791, 0.48, 75, 500, 5, 84, 18750, 2.5
0, 25290, 279, 322, 310, 8547632, 8145669, 0.48, 75, 500, 5, 119, 18750, 2.5
1, 19237, 251, 252, 256, 7074262, 7095241, 0.48, 75, 500, 5, 87, 18750, 2.5
1, 20110, 248, 253, 257, 7151486, 7168513, 0.48, 75, 500, 5, 90, 18750, 2.5
0, 26250, 254, 309, 316, 8342064, 8243473, 0.48, 75, 500, 5, 131, 18750, 2.5
1, 19501, 260, 263, 263, 7074456, 7118271, 0.48, 75, 500, 5, 86, 18750, 2.5
0, 20377, 255, 261, 261, 7585434, 7446998, 0.48, 75, 500, 5, 92, 18750, 2.5
1, 19677, 261, 269, 264, 7200512, 7209815, 0.48, 75, 500, 5, 92, 18750, 2.5
1, 19435, 277, 279, 281, 7503690, 7527138, 0.48, 75, 500, 5, 91, 18750, 2.5
1, 19238, 211, 213, 214, 6682727, 6701886, 0.48, 75, 500, 5, 86, 18750, 2.5
1, 19146, 258, 259, 260, 6897460, 6906126, 0.48, 75, 500, 5, 86, 18750, 2.5
1, 19300, 278, 280, 282, 7057199, 7069766, 0.48, 75, 500, 5, 88, 18750, 2.5
1, 19067, 247, 248, 250, 7202413, 7203007, 0.48, 75, 500, 5, 87, 18750, 2.5
1, 18963, 272, 274, 274, 6887834, 6887843, 0.48, 75, 500, 5, 84, 18750, 2.5
1, 19029, 246, 248, 249, 7051599, 7065683, 0.48, 75, 500, 5, 87, 18750, 2.5
1, 18960, 251, 253, 253, 7321602, 7338225, 0.48, 75, 500, 5, 86, 18750, 2.5
1, 19829, 232, 238, 238, 7175237, 7221993, 0.48, 75, 500, 5, 88, 18750, 2.5
0, 26250, 265, 320, 310, 8376104, 8077524, 0.48, 75, 500, 5, 132, 18750, 2.5
0, 25518, 268, 321, 317, 8462334, 8218293, 0.48, 75, 500, 5, 129, 18750, 2.5
1, 19125, 258, 260, 262, 7166694, 7179850, 0.48, 75, 500, 5, 90, 18750, 2.5
1, 19279, 280, 284, 285, 6856065, 6872673, 0.48, 75, 500, 5, 94, 18750, 2.5
1, 19659, 284, 294, 289, 6890301, 6901457, 0.48, 75, 500, 5, 99, 18750, 2.5
0, 21865, 267, 293, 283, 8043865, 7919323, 0.48, 75, 500, 5, 105, 18750, 2.5
1, 19382, 241, 244, 244, 7580153, 7602573, 0.48, 75, 500, 5, 96, 18750, 2.5
0, 21432, 249, 266, 261, 7463528, 7194775, 0.48, 75, 500, 5, 107, 18750, 2.5
0, 26250, 232, 285, 289, 8816621, 8556228, 0.48, 75, 500, 5, 134, 18750, 2.5
1, 20006, 262, 264, 272, 7200629, 7309079, 0.48, 75, 500, 5, 103, 18750, 2.5
0, 26250, 248, 306, 304, 8919204, 8730776, 0.48, 75, 500, 5, 141, 18750, 2.5
0, 22661, 271, 295, 299, 7873748, 7695611, 0.48, 75, 500, 5, 119, 18750, 2.5
0, 20638, 252, 268, 261, 7446716, 7158065, 0.48, 75, 500, 5, 110, 18750, 2.5
1, 19483, 291, 293, 294, 7369211, 7395794, 0.48, 75, 500, 5, 109, 18750, 2.5
1, 24729, 225, 260, 257, 8482845, 8556004, 0.48, 75, 500, 5, 133, 18750, 2.5
1, 19036, 243, 244, 245, 7379022, 7402231, 0.48, 75, 500, 5, 97, 18750, 2.5
0, 23149, 232, 253, 260, 8456683, 8063693, 0.48, 75, 500, 5, 123, 18750, 2.5
1, 19604, 244, 251, 248, 7240117, 7286796, 0.48, 75, 500, 5, 99, 18750, 2.5
1, 19094, 256, 261, 261, 7046799, 7048644, 0.48, 75, 500, 5, 99, 18750, 2.5
1, 20133, 236, 245, 243, 7443685, 7496839, 0.48, 75, 500, 5, 103, 18750, 2.5
1, 26078, 221, 280, 280, 8530911, 8546367, 0.48, 75, 500, 5, 139, 18750, 2.5
1, 19227, 263, 265, 265, 5662065, 5691060, 0.48, 75, 500, 4, 67, 18750, 2.5
0, 26250, 257, 317, 310, 8131795, 7950120, 0.48, 75, 500, 5, 139, 18750, 2.5
1, 19480, 235, 238, 241, 7272013, 7299178, 0.48, 75, 500, 5, 102, 18750, 2.5
0, 23365, 263, 306, 297, 7989168, 7794296, 0.48, 75, 500, 5, 124, 18750, 2.5
0, 21230, 267, 290, 288, 5968650, 5824886, 0.48, 75, 500, 4, 85, 18750, 2.5
1, 19600, 251, 255, 254, 5655296, 5672643, 0.48, 75, 500, 4, 73, 18750, 2.5
1, 19074, 240, 243, 246, 7171019, 7199246, 0.48, 75, 500, 5, 100, 18750, 2.5
1, 19818, 266, 273, 275, 7235896, 7265594, 0.48, 75, 500, 5, 99, 18750, 2.5
1, 19771, 250, 251, 253, 5890698, 5927244, 0.48, 75, 500, 4, 71, 18750, 2.5
0, 26250, 251, 302, 307, 8217865, 8076430, 0.48, 75, 500, 5, 145, 18750, 2.5
1, 19742, 255, 256, 261, 6158195, 6199893, 0.48, 75, 500, 4, 75, 18750, 2.5
0, 21838, 239, 265, 252, 6102555, 5903027, 0.48, 75, 500, 4, 88, 18750, 2.5
0, 26250, 244, 298, 304, 6663200, 6621064, 0.48, 75, 500, 4, 99, 18750, 2.5
1, 19046, 278, 279, 287, 5425637, 5462488, 0.48, 75, 500, 4, 70, 18750, 2.5
1, 19969, 253, 261, 267, 5742272, 5767518, 0.48, 75, 500, 4, 71, 18750, 2.5
1, 19576, 232, 233, 237, 5676515, 5732252, 0.48, 75, 500, 4, 70, 18750, 2.5
1, 19688, 246, 249, 252, 5555234, 5593409, 0.48, 75, 500, 4, 70, 18750, 2.5
1, 19209, 259, 261, 262, 5641930, 5645261, 0.48, 75, 500, 4, 65, 18750, 2.5
1, 19710, 219, 221, 225, 5739259, 5748749, 0.48, 75, 500, 4, 70, 18750, 2.5
1, 19560, 258, 260, 261, 6026661, 6074470, 0.48, 75, 500, 4, 68, 18750, 2.5
1, 19194, 263, 266, 266, 5903525, 5903885, 0.48, 75, 500, 4, 69, 18750, 2.5
1, 19229, 235, 236, 237, 5593344, 5634723, 0.48, 75, 500, 4, 65, 18750, 2.5
1, 18847, 253, 254, 255, 5795457, 5806490, 0.48, 75, 500, 4, 65, 18750, 2.5
1, 19547, 241, 243, 249, 5620347, 5647682, 0.48, 75, 500, 4, 65, 18750, 2.5
1, 19111, 248, 250, 252, 5778287, 5799172, 0.48, 75, 500, 4, 62, 18750, 2.5
1, 19696, 246, 248, 250, 5589312, 5609593, 0.48, 75, 500, 4, 69, 18750, 2.5
1, 21126, 236, 249, 242, 6347152, 6352814, 0.48, 75, 500, 4, 75, 18750, 2.5
0, 23996, 236, 281, 274, 6376497, 6211613, 0.48, 75, 500, 4, 82, 18750, 2.5
0, 25517, 218, 275, 274, 6504315, 6286068, 0.48, 75, 500, 4, 86, 18750, 2.5
1, 20599, 282, 293, 292, 6047013, 6061431, 0.48, 75, 500, 4, 67, 18750, 2.5
1, 19111, 250, 251, 253, 5612725, 5646535, 0.48, 75, 500, 4, 67, 18750, 2.5
0, 26250, 235, 288, 290, 6750072, 6820042, 0.48, 75, 500, 4, 95, 18750, 2.5
1, 20977, 249, 258, 264, 5879324, 5900435, 0.48, 75, 500, 4, 72, 18750, 2.5
1, 19908, 251, 256, 261, 5851656, 5859442, 0.48, 75, 500, 4, 68, 18750, 2.5
1, 19337, 256, 257, 260, 5810756, 5845517, 0.48, 75, 500, 4, 66, 18750, 2.5
1, 19526, 259, 260, 264, 5799726, 5853174, 0.48, 75, 500, 4, 68, 18750, 2.5
1, 19541, 276, 278, 282, 5898718, 5931246, 0.48, 75, 500, 4, 65, 18750, 2.5
0, 22853, 253, 276, 279, 6318297, 6134674, 0.48, 75, 500, 4, 78, 18750, 2.5
1, 19278, 251, 254, 255, 5597567, 5605411, 0.48, 75, 500, 4, 62, 18750, 2.5
1, 19140, 264, 268, 268, 5762935, 5787390, 0.48, 75, 500, 4, 62, 18750, 2.5
1, 19675, 246, 251, 254, 5956466, 5994528, 0.48, 75, 500, 4, 67, 18750, 2.5
1, 19200, 260, 261, 262, 5907471, 5915753, 0.48, 75, 500, 4, 64, 18750, 2.5
1, 19915, 253, 265, 259, 6212020, 6248213, 0.48, 75, 500, 4, 66, 18750, 2.5
1, 19507, 273, 276, 279, 5146530, 5184595, 0.48, 75, 500, 4, 68, 18750, 2.5
1, 19068, 243, 248, 246, 5728581, 5749128, 0.48, 75, 500, 4, 66, 18750, 2.5
1, 20672, 230, 243, 245, 6121728, 6133602, 0.48, 75, 500, 4, 69, 18750, 2.5
1, 20266, 246, 259, 259, 5603488, 5606621, 0.48, 75, 500, 4, 69, 18750, 2.5
0, 25152, 232, 269, 280, 7269020, 6895707, 0.48, 75, 500, 4, 87, 18750, 2.5
1, 19592, 235, 238, 239, 5875450, 5900137, 0.48, 75, 500, 4, 66, 18750, 2.5
1, 21888, 244, 265, 265, 6050955, 6076238, 0.48, 75, 500, 4, 75, 18750, 2.5
1, 22886, 264, 283, 295, 6337274, 6368244, 0.48, 75, 500, 4, 80, 18750, 2.5
1, 19114, 260, 263, 265, 5838551, 5866620, 0.48, 75, 500, 4, 64, 18750, 2.5
1, 19087, 263, 265, 265, 5887397, 5904731, 0.48, 75, 500, 4, 65, 18750, 2.5
0, 26250, 200, 257, 245, 6818285, 6671431, 0.48, 75, 500, 4, 91, 18750, 2.5
1, 19831, 262, 266, 268, 5791500, 5839546, 0.48, 75, 500, 4, 66, 18750, 2.5
1, 20605, 272, 279, 278, 6087197, 6159936, 0.48, 75, 500, 4, 73, 18750, 2.5
1, 19337, 269, 273, 274, 6033726, 6058441, 0.48, 75, 500, 4, 63, 18750, 2.5
1, 19548, 251, 256, 254, 6210810, 6219001, 0.48, 75, 500, 4, 64, 18750, 2.5
1, 18938, 256, 259, 260, 5671734, 5699260, 0.48, 75, 500, 4, 62, 18750, 2.5
1, 19238, 247, 248, 251, 5864137, 5898492, 0.48, 75, 500, 4, 63, 18750, 2.5
1, 19163, 274, 277, 279, 5593624, 5596527, 0.48, 75, 500, 4, 63, 18750, 2.5
1, 18917, 236, 237, 238, 5816346, 5829874, 0.48, 75, 500, 4, 62, 18750, 2.5
1, 20509, 261, 269, 270, 5643867, 5675120, 0.48, 75, 500, 4, 70, 18750, 2.5
1, 19560, 263, 265, 268, 5463100, 5494870, 0.48, 75, 500, 4, 68, 18750, 2.5
1, 19048, 256, 258, 259, 5679427, 5690504, 0.48, 75, 500, 4, 65, 18750, 2.5
1, 19473, 238, 239, 240, 6107907, 6140086, 0.48, 75, 500, 4, 66, 18750, 2.5
1, 22338, 224, 244, 258, 5995201, 6038374, 0.48, 75, 500, 4, 75, 18750, 2.5
0, 21782, 260, 290, 279, 6573499, 6291477, 0.48, 75, 500, 4, 76, 18750, 2.5
0, 23485, 255, 288, 277, 6505074, 6285640, 0.48, 75, 500, 4, 82, 18750, 2.5
1, 21106, 234, 250, 251, 5957256, 5961656, 0.48, 75, 500, 4, 71, 18750, 2.5
1, 19863, 269, 272, 274, 5895469, 5932965, 0.48, 75, 500, 4, 63, 18750, 2.5
1, 19943, 265, 268, 275, 5892017, 6009818, 0.48, 75, 500, 4, 66, 18750, 2.5
0, 21791, 266, 292, 278, 6188269, 5972845, 0.48, 75, 500, 4, 77, 18750, 2.5
1, 19508, 248, 250, 255, 5673217, 5734793, 0.48, 75, 500, 4, 65, 18750, 2.5
1, 19567, 243, 245, 251, 5938391, 6045850, 0.48, 75, 500, 4, 66, 18750, 2.5
1, 20337, 280, 291, 290, 6118373, 6133128, 0.48, 75, 500, 4, 68, 18750, 2.5
1, 19282, 276, 277, 279, 6072384, 6088157, 0.48, 75, 500, 4, 66, 18750, 2.5
1, 19106, 247, 250, 250, 5460689, 5478212, 0.48, 75, 500, 4, 64, 18750, 2.5
1, 20381, 292, 299, 302, 6184494, 6201818, 0.48, 75, 500, 4, 69, 18750, 2.5
1, 19744, 242, 243, 249, 5619594, 5646371, 0.48, 75, 500, 4, 61, 18750, 2.5
1, 19127, 248, 250, 251, 5606422, 5623518, 0.48, 75, 500, 4, 63, 18750, 2.5
1, 19548, 242, 245, 245, 5390672, 5432091, 0.48, 75, 500, 4, 63, 18750, 2.5
1, 19261, 252, 255, 255, 5844545, 5854667, 0.48, 75, 500, 4, 65, 18750, 2.5
1, 19619, 250, 253, 256, 6064335, 6096306, 0.48, 75, 500, 4, 64, 18750, 2.5
1, 19101, 269, 273, 274, 5500772, 5512612, 0.48, 75, 500, 4, 63, 18750, 2.5
1, 19855, 263, 268, 271, 5733830, 5799895, 0.48, 75, 500, 4, 65, 18750, 2.5
1, 19197, 259, 261, 261, 5319567, 5355120, 0.48, 75, 500, 4, 64, 18750, 2.5
1, 21819, 254, 277, 274, 5964252, 5983721, 0.48, 75, 500, 4, 72, 18750, 2.5
1, 19508, 240, 241, 244, 6061492, 6087296, 0.48, 75, 500, 4, 62, 18750, 2.5
1, 19521, 242, 243, 248, 5616941, 5648485, 0.48, 75, 500, 4, 64, 18750, 2.5
0, 20965, 253, 261, 273, 6026832, 5807063, 0.48, 75, 500, 4, 69, 18750, 2.5
1, 20742, 243, 244, 255, 6713227, 6725585, 0.48, 75, 500, 4, 70, 18750, 2.5
1, 19330, 260, 262, 266, 5549271, 5564245, 0.48, 75, 500, 4, 61, 18750, 2.5
1, 19976, 246, 249, 251, 5688788, 5820255, 0.48, 75, 500, 4, 68, 18750, 2.5
0, 26250, 259, 302, 303, 6980264, 6813348, 0.48, 75, 500, 4, 88, 18750, 2.5
0, 22145, 245, 262, 274, 6212573, 6023648, 0.48, 75, 500, 4, 73, 18750, 2.5
1, 19070, 244, 245, 246, 5652898, 5659524, 0.48, 75, 500, 4, 63, 18750, 2.5
1, 19419, 261, 266, 263, 5873335, 5929214, 0.48, 75, 500, 4, 64, 18750, 2.5
1, 19444, 245, 249, 247, 5528550, 5563667, 0.48, 75, 500, 4, 64, 18750, 2.5
1, 18950, 259, 260, 263, 5681503, 5705907, 0.48, 75, 500, 4, 62, 18750, 2.5
1, 19547, 260, 263, 266, 6111159, 6147507, 0.48, 75, 500, 4, 63, 18750, 2.5
1, 19643, 290, 291, 295, 5390643, 5391221, 0.48, 75, 500, 4, 65, 18750, 2.5
1, 20742, 262, 273, 276, 5539614, 5580886, 0.48, 75, 500, 4, 71, 18750, 2.5
1, 18860, 261, 262, 263, 4552676, 4563119, 0.48, 75, 500, 3, 43, 18750, 2.5
1, 20193, 232, 240, 240, 4315954, 4343400, 0.48, 75, 500, 3, 49, 18750, 2.5
1, 19518, 259, 264, 267, 5629721, 5661962, 0.48, 75, 500, 4, 66, 18750, 2.5
1, 19991, 275, 279, 281, 5704455, 5758267, 0.48, 75, 500, 4, 69, 18750, 2.5
1, 19641, 251, 260, 259, 4724299, 4731112, 0.48, 75, 500, 3, 48, 18750, 2.5
1, 21825, 245, 266, 268, 4654588, 4657874, 0.48, 75, 500, 3, 53, 18750, 2.5
0, 22738, 253, 273, 282, 6571778, 6318348, 0.48, 75, 500, 4, 84, 18750, 2.5
1, 20107, 250, 256, 260, 4643899, 4646289, 0.48, 75, 500, 3, 47, 18750, 2.5
0, 25794, 254, 308, 294, 5147182, 4962480, 0.48, 75, 500, 3, 68, 18750, 2.5
1, 20272, 243, 248, 250, 4420576, 4487651, 0.48, 75, 500, 3, 48, 18750, 2.5
0, 24080, 251, 277, 304, 4974029, 4782546, 0.48, 75, 500, 3, 66, 18750, 2.5
1, 19163, 259, 262, 265, 4102696, 4131764, 0.48, 75, 500, 3, 46, 18750, 2.5
1, 19386, 273, 275, 278, 4332732, 4357072, 0.48, 75, 500, 3, 47, 18750, 2.5
1, 19313, 253, 255, 258, 4428897, 4442685, 0.48, 75, 500, 3, 47, 18750, 2.5
1, 19288, 239, 241, 244, 4087008, 4087886, 0.48, 75, 500, 3, 47, 18750, 2.5
0, 26250, 254, 293, 304, 5351428, 5287754, 0.48, 75, 500, 3, 68, 18750, 2.5
1, 19412, 229, 236, 232, 4206808, 4231928, 0.48, 75, 500, 3, 51, 18750, 2.5
1, 19303, 262, 264, 270, 4364468, 4369746, 0.48, 75, 500, 3, 48, 18750, 2.5
1, 19317, 238, 241, 242, 4209136, 4245734, 0.48, 75, 500, 3, 52, 18750, 2.5
1, 19839, 271, 278, 281, 4059511, 4065702, 0.48, 75, 500, 3, 50, 18750, 2.5
1, 19787, 257, 264, 264, 4418879, 4421678, 0.48, 75, 500, 3, 55, 18750, 2.5
1, 19715, 257, 259, 266, 4340844, 4422414, 0.48, 75, 500, 3, 54, 18750, 2.5
1, 19596, 237, 243, 244, 4387895, 4417757, 0.48, 75, 500, 3, 50, 18750, 2.5
1, 19106, 266, 267, 268, 4487121, 4492490, 0.48, 75, 500, 3, 50, 18750, 2.5
1, 23302, 286, 310, 309, 4857009, 4914434, 0.48, 75, 500, 3, 64, 18750, 2.5
1, 19121, 251, 254, 254, 4284176, 4296154, 0.48, 75, 500, 3, 51, 18750, 2.5
1, 19009, 247, 248, 249, 4013995, 4046876, 0.48, 75, 500, 3, 50, 18750, 2.5
1, 19289, 253, 254, 258, 4207313, 4255377, 0.48, 75, 500, 3, 53, 18750, 2.5
0, 23391, 276, 305, 308, 4904156, 4733642, 0.48, 75, 500, 3, 61, 18750, 2.5
0, 26250, 232, 286, 283, 4787860, 4757208, 0.48, 75, 500, 3, 73, 18750, 2.5
0, 26250, 232, 297, 277, 5319160, 5238598, 0.48, 75, 500, 3, 74, 18750, 2.5
1, 19276, 233, 234, 235, 4295365, 4333490, 0.48, 75, 500, 3, 49, 18750, 2.5
1, 19295, 262, 265, 266, 4392151, 4426330, 0.48, 75, 500, 3, 50, 18750, 2.5
1, 19298, 278, 281, 281, 4528934, 4551753, 0.48, 75, 500, 3, 51, 18750, 2.5
1, 19056, 249, 250, 252, 4530613, 4536023, 0.48, 75, 500, 3, 51, 18750, 2.5
1, 19164, 250, 251, 252, 4061444, 4063456, 0.48, 75, 500, 3, 51, 18750, 2.5
1, 19223, 243, 246, 247, 4601704, 4616925, 0.48, 75, 500, 3, 51, 18750, 2.5
1, 19213, 242, 243, 248, 4453874, 4473891, 0.48, 75, 500, 3, 49, 18750, 2.5
1, 18933, 255, 257, 258, 4157426, 4158065, 0.48, 75, 500, 3, 49, 18750, 2.5
0, 21714, 259, 283, 271, 5017257, 4845665, 0.48, 75, 500, 3, 57, 18750, 2.5
1, 21414, 273, 290, 293, 4379889, 4389558, 0.48, 75, 500, 3, 53, 18750, 2.5
1, 20111, 257, 263, 263, 4237728, 4254798, 0.48, 75, 500, 3, 51, 18750, 2.5
1, 25604, 230, 271, 270, 5122468, 5138050, 0.48, 75, 500, 3, 67, 18750, 2.5
1, 19426, 254, 257, 258, 4741597, 4747210, 0.48, 75, 500, 3, 48, 18750, 2.5
1, 19081, 267, 269, 270, 4220776, 4235217, 0.48, 75, 500, 3, 47, 18750, 2.5
1, 20624, 264, 279, 277, 4380258, 4385082, 0.48, 75, 500, 3, 57, 18750, 2.5
1, 20215, 258, 266, 266, 4280560, 4288895, 0.48, 75, 500, 3, 50, 18750, 2.5
1, 19460, 256, 260, 260, 4343310, 4361495, 0.48, 75, 500, 3, 46, 18750, 2.5
0, 26250, 270, 315, 317, 5053289, 4998372, 0.48, 75, 500, 3, 70, 18750, 2.5
1, 19365, 226, 227, 229, 4450817, 4466853, 0.48, 75, 500, 3, 48, 18750, 2.5
1, 19745, 245, 247, 249, 4171160, 4181470, 0.48, 75, 500, 3, 49, 18750, 2.5
1, 19564, 259, 262, 263, 4452042, 4462089, 0.48, 75, 500, 3, 51, 18750, 2.5
1, 19329, 273, 276, 280, 3938675, 3958262, 0.48, 75, 500, 3, 47, 18750, 2.5
1, 18914, 230, 232, 233, 4397068, 4414176, 0.48, 75, 500, 3, 46, 18750, 2.5
1, 19218, 239, 241, 243, 4259475, 4296467, 0.48, 75, 500, 3, 49, 18750, 2.5
1, 19928, 266, 275, 276, 4560535, 4588255, 0.48, 75, 500, 3, 49, 18750, 2.5
1, 19408, 239, 243, 244, 4539202, 4545604, 0.48, 75, 500, 3, 51, 18750, 2.5
1, 19442, 255, 258, 262, 4121157, 4145510, 0.48, 75, 500, 3, 47, 18750, 2.5
1, 20642, 266, 275, 274, 4308922, 4315847, 0.48, 75, 500, 3, 50, 18750, 2.5
1, 18888, 241, 242, 243, 4289731, 4298070, 0.48, 75, 500, 3, 45, 18750, 2.5
1, 19187, 262, 264, 264, 4326906, 4352368, 0.48, 75, 500, 3, 45, 18750, 2.5
1, 23877, 219, 251, 262, 4653618, 4669810, 0.48, 75, 500, 3, 60, 18750, 2.5
0, 26250, 240, 302, 287, 5154944, 5075758, 0.48, 75, 500, 3, 63, 18750, 2.5
1, 19643, 243, 249, 250, 4370160, 4387034, 0.48, 75, 500, 3, 47, 18750, 2.5
0, 20211, 264, 275, 266, 4310411, 4164135, 0.48, 75, 500, 3, 47, 18750, 2.5
1, 19109, 249, 250, 254, 4302841, 4334172, 0.48, 75, 500, 3, 46, 18750, 2.5
1, 19141, 225, 227, 229, 4272952, 4288910, 0.48, 75, 500, 3, 45, 18750, 2.5
1, 19029, 263, 264, 267, 4216283, 4220906, 0.48, 75, 500, 3, 46, 18750, 2.5
1, 26181, 282, 330, 331, 5216812, 5224747, 0.48, 75, 500, 3, 72, 18750, 2.5
1, 19375, 268, 270, 273, 4069844, 4113021, 0.48, 75, 500, 3, 48, 18750, 2.5
1, 19175, 263, 266, 267, 4123229, 4131049, 0.48, 75, 500, 3, 48, 18750, 2.5
1, 19335, 241, 245, 247, 4148546, 4179065, 0.48, 75, 500, 3, 49, 18750, 2.5
1, 19197, 262, 265, 268, 4259854, 4309441, 0.48, 75, 500, 3, 50, 18750, 2.5
1, 19679, 250, 256, 256, 4570477, 4622787, 0.48, 75, 500, 3, 52, 18750, 2.5
1, 19300, 237, 239, 241, 4293824, 4317012, 0.48, 75, 500, 3, 47, 18750, 2.5
1, 19245, 250, 251, 252, 4586948, 4593730, 0.48, 75, 500, 3, 50, 18750, 2.5
1, 19336, 253, 255, 259, 4355369, 4372533, 0.48, 75, 500, 3, 49, 18750, 2.5
1, 19392, 279, 284, 283, 4215831, 4217983, 0.48, 75, 500, 3, 52, 18750, 2.5
1, 20070, 230, 238, 244, 4495168, 4498715, 0.48, 75, 500, 3, 54, 18750, 2.5
1, 19630, 257, 259, 261, 4420569, 4455094, 0.48, 75, 500, 3, 48, 18750, 2.5
1, 19820, 283, 287, 288, 4493749, 4505434, 0.48, 75, 500, 3, 49, 18750, 2.5
1, 19354, 235, 236, 240, 4327630, 4354649, 0.48, 75, 500, 3, 49, 18750, 2.5
1, 19868, 242, 243, 246, 4432838, 4464108, 0.48, 75, 500, 3, 50, 18750, 2.5
1, 18990, 253, 255, 259, 4743828, 4753483, 0.48, 75, 500, 3, 46, 18750, 2.5
1, 19206, 275, 279, 284, 4256415, 4280720, 0.48, 75, 500, 3, 47, 18750, 2.5
1, 19730, 269, 277, 278, 4361388, 4401814, 0.48, 75, 500, 3, 50, 18750, 2.5
0, 26250, 239, 291, 294, 5239716, 5168606, 0.48, 75, 500, 3, 74, 18750, 2.5
1, 19136, 252, 253, 254, 4408895, 4421136, 0.48, 75, 500, 3, 53, 18750, 2.5
1, 19997, 232, 239, 236, 4548229, 4555270, 0.48, 75, 500, 3, 53, 18750, 2.5
1, 19141, 280, 281, 285, 4276620, 4282937, 0.48, 75, 500, 3, 46, 18750, 2.5
1, 19183, 275, 276, 278, 4563080, 4574529, 0.48, 75, 500, 3, 47, 18750, 2.5
1, 18963, 256, 258, 258, 4072155, 4085672, 0.48, 75, 500, 3, 49, 18750, 2.5
1, 19228, 231, 234, 233, 4415959, 4438043, 0.48, 75, 500, 3, 52, 18750, 2.5
1, 19496, 224, 226, 233, 4600793, 4659652, 0.48, 75, 500, 3, 51, 18750, 2.5
1, 18804, 234, 235, 237, 2901337, 2906482, 0.48, 75, 500, 2, 30, 18750, 2.5
0, 21826, 256, 281, 271, 4526742, 4380946, 0.48, 75, 500, 3, 58, 18750, 2.5
1, 19361, 254, 256, 256, 4391551, 4421365, 0.48, 75, 500, 3, 49, 18750, 2.5
1, 19248, 242, 244, 246, 2980476, 3004164, 0.48, 75, 500, 2, 29, 18750, 2.5
1, 19734, 252, 255, 256, 2865341, 2876415, 0.48, 75, 500, 2, 32, 18750, 2.5
1, 19187, 244, 246, 246, 4317956, 4317959, 0.48, 75, 500, 3, 49, 18750, 2.5
1, 19272, 261, 262, 264, 4183959, 4205007, 0.48, 75, 500, 3, 52, 18750, 2.5
1, 19579, 248, 254, 254, 4340443, 4340884, 0.48, 75, 500, 3, 51, 18750, 2.5
1, 19152, 236, 237, 243, 2929998, 2946210, 0.48, 75, 500, 2, 32, 18750, 2.5
0, 26250, 258, 329, 311, 5035751, 4966632, 0.48, 75, 500, 3, 79, 18750, 2.5
0, 26250, 229, 280, 291, 5056823, 4902761, 0.48, 75, 500, 3, 78, 18750, 2.5
1, 19395, 268, 270, 274, 2808273, 2833248, 0.48, 75, 500, 2, 33, 18750, 2.5
0, 22372, 258, 284, 280, 4874215, 4726160, 0.48, 75, 500, 3, 62, 18750, 2.5
0, 24077, 263, 319, 302, 4758277, 4612572, 0.48, 75, 500, 3, 68, 18750, 2.5
1, 21017, 282, 296, 292, 2931612, 2944847, 0.48, 75, 500, 2, 35, 18750, 2.5
1, 19474, 248, 249, 250, 2917473, 2972957, 0.48, 75, 500, 2, 32, 18750, 2.5
1, 19008, 254, 256, 256, 2855216, 2861648, 0.48, 75, 500, 2, 32, 18750, 2.5
1, 19638, 251, 253, 258, 2906212, 2946379, 0.48, 75, 500, 2, 33, 18750, 2.5
1, 20428, 240, 247, 250, 2880149, 2881756, 0.48, 75, 500, 2, 34, 18750, 2.5
1, 19484, 266, 269, 271, 2833267, 2836562, 0.48, 75, 500, 2, 30, 18750, 2.5
1, 19587, 240, 245, 245, 2785675, 2789536, 0.48, 75, 500, 2, 31, 18750, 2.5
1, 19811, 268, 271, 280, 2890585, 2976793, 0.48, 75, 500, 2, 33, 18750, 2.5
0, 20355, 253, 270, 264, 2710749, 2630041, 0.48, 75, 500, 2, 32, 18750, 2.5
1, 19419, 256, 259, 260, 2656629, 2723649, 0.48, 75, 500, 2, 29, 18750, 2.5
1, 19572, 219, 223, 225, 2807462, 2827016, 0.48, 75, 500, 2, 30, 18750, 2.5
1, 18886, 246, 249, 249, 2866632, 2866635, 0.48, 75, 500, 2, 28, 18750, 2.5
1, 19578, 257, 258, 265, 2981631, 2991577, 0.48, 75, 500, 2, 31, 18750, 2.5
1, 20265, 252, 261, 262, 3112793, 3123590, 0.48, 75, 500, 2, 36, 18750, 2.5
1, 20180, 300, 304, 307, 2875016, 2901466, 0.48, 75, 500, 2, 33, 18750, 2.5
1, 19101, 229, 231, 233, 2833986, 2843500, 0.48, 75, 500, 2, 29, 18750, 2.5
1, 20681, 244, 254, 258, 2795573, 2798329, 0.48, 75, 500, 2, 34, 18750, 2.5
1, 19343, 253, 256, 258, 2947711, 2957244, 0.48, 75, 500, 2, 31, 18750, 2.5
1, 19714, 248, 255, 252, 3084765, 3085588, 0.48, 75, 500, 2, 33, 18750, 2.5
1, 21695, 260, 289, 275, 3213417, 3221059, 0.48, 75, 500, 2, 38, 18750, 2.5
1, 19173, 239, 240, 241, 2874444, 2877796, 0.48, 75, 500, 2, 32, 18750, 2.5
1, 18974, 256, 259, 259, 2577449, 2584754, 0.48, 75, 500, 2, 30, 18750, 2.5
1, 19474, 257, 262, 263, 2935233, 2957365, 0.48, 75, 500, 2, 33, 18750, 2.5
1, 19108, 271, 274, 275, 2771390, 2781530, 0.48, 75, 500, 2, 33, 18750, 2.5
1, 19689, 250, 251, 255, 2762910, 2798342, 0.48, 75, 500, 2, 35, 18750, 2.5
1, 19734, 276, 283, 280, 3025734, 3029326, 0.48, 75, 500, 2, 36, 18750, 2.5
1, 19231, 227, 228, 229, 2653076, 2655563, 0.48, 75, 500, 2, 30, 18750, 2.5
1, 20020, 253, 255, 258, 3075274, 3101622, 0.48, 75, 500, 2, 32, 18750, 2.5
1, 19558, 246, 252, 256, 2968030, 2971745, 0.48, 75, 500, 2, 33, 18750, 2.5
1, 20046, 242, 244, 249, 2977960, 2996550, 0.48, 75, 500, 2, 33, 18750, 2.5
0, 21612, 231, 256, 246, 3107334, 2997415, 0.48, 75, 500, 2, 38, 18750, 2.5
1, 19317, 239, 242, 242, 2843533, 2846040, 0.48, 75, 500, 2, 29, 18750, 2.5
1, 19391, 263, 266, 269, 2679795, 2703818, 0.48, 75, 500, 2, 35, 18750, 2.5
1, 19415, 265, 266, 267, 2922404, 2927945, 0.48, 75, 500, 2, 29, 18750, 2.5
1, 20612, 226, 235, 243, 2920520, 2960188, 0.48, 75, 500, 2, 31, 18750, 2.5
1, 19228, 260, 261, 262, 2674237, 2678439, 0.48, 75, 500, 2, 29, 18750, 2.5
1, 19263, 243, 246, 247, 2730073, 2747242, 0.48, 75, 500, 2, 29, 18750, 2.5
1, 20516, 264, 274, 271, 2947686, 2957981, 0.48, 75, 500, 2, 35, 18750, 2.5
1, 19605, 251, 253, 258, 2835232, 2858264, 0.48, 75, 500, 2, 32, 18750, 2.5
1, 20043, 258, 265, 265, 3056366, 3059703, 0.48, 75, 500, 2, 32, 18750, 2.5
1, 19479, 256, 258, 259, 2895674, 2900231, 0.48, 75, 500, 2, 31, 18750, 2.5
1, 18962, 269, 270, 271, 2888748, 2893452, 0.48, 75, 500, 2, 29, 18750, 2.5
1, 19059, 230, 232, 233, 2781121, 2781993, 0.48, 75, 500, 2, 30, 18750, 2.5
1, 19051, 259, 262, 264, 2822974, 2824913, 0.48, 75, 500, 2, 33, 18750, 2.5
1, 18869, 266, 268, 268, 2789385, 2793361, 0.48, 75, 500, 2, 30, 18750, 2.5
1, 19570, 257, 259, 266, 2900478, 2912561, 0.48, 75, 500, 2, 31, 18750, 2.5
1, 19093, 258, 260, 260, 3076229, 3087287, 0.48, 75, 500, 2, 32, 18750, 2.5
1, 20067, 250, 252, 255, 2829322, 2855311, 0.48, 75, 500, 2, 34, 18750, 2.5
1, 19347, 242, 244, 246, 3182569, 3201208, 0.48, 75, 500, 2, 31, 18750, 2.5
1, 19382, 232, 233, 235, 2840264, 2851218, 0.48, 75, 500, 2, 31, 18750, 2.5
1, 19274, 234, 235, 237, 2869563, 2892365, 0.48, 75, 500, 2, 30, 18750, 2.5
1, 19432, 231, 233, 235, 2942155, 2952605, 0.48, 75, 500, 2, 36, 18750, 2.5
1, 19158, 257, 259, 259, 3046379, 3046441, 0.48, 75, 500, 2, 31, 18750, 2.5
1, 19146, 250, 252, 252, 2961648, 2961672, 0.48, 75, 500, 2, 32, 18750, 2.5
1, 19507, 223, 227, 228, 2603256, 2613509, 0.48, 75, 500, 2, 32, 18750, 2.5
1, 20556, 270, 282, 289, 3065226, 3076620, 0.48, 75, 500, 2, 32, 18750, 2.5
0, 21419, 261, 280, 273, 3171423, 3082350, 0.48, 75, 500, 2, 36, 18750, 2.5
1, 19501, 246, 247, 251, 2877693, 2879034, 0.48, 75, 500, 2, 32, 18750, 2.5
1, 19303, 261, 268, 267, 2674911, 2701378, 0.48, 75, 500, 2, 30, 18750, 2.5
0, 24900, 246, 290, 286, 3241846, 3103928, 0.48, 75, 500, 2, 40, 18750, 2.5
1, 19234, 225, 227, 228, 2878495, 2880715, 0.48, 75, 500, 2, 31, 18750, 2.5
0, 20849, 246, 264, 253, 2937474, 2819251, 0.48, 75, 500, 2, 38, 18750, 2.5
1, 19349, 251, 253, 254, 2720222, 2730925, 0.48, 75, 500, 2, 34, 18750, 2.5
1, 19013, 251, 253, 255, 2826992, 2833334, 0.48, 75, 500, 2, 30, 18750, 2.5
1, 19240, 253, 256, 257, 2724589, 2732650, 0.48, 75, 500, 2, 30, 18750, 2.5
1, 19605, 248, 250, 253, 2751190, 2769363, 0.48, 75, 500, 2, 31, 18750, 2.5
1, 19653, 275, 279, 279, 3110927, 3115823, 0.48, 75, 500, 2, 31, 18750, 2.5
1, 21999, 259, 281, 279, 3114909, 3118107, 0.48, 75, 500, 2, 37, 18750, 2.5
0, 21706, 228, 252, 249, 2959787, 2861444, 0.48, 75, 500, 2, 36, 18750, 2.5
1, 19290, 274, 278, 277, 2602635, 2608915, 0.48, 75, 500, 2, 35, 18750, 2.5
1, 19298, 270, 273, 274, 3025442, 3037084, 0.48, 75, 500, 2, 29, 18750, 2.5
1, 19129, 237, 240, 242, 2627020, 2627761, 0.48, 75, 500, 2, 32, 18750, 2.5
1, 19348, 272, 273, 274, 2993600, 2999790, 0.48, 75, 500, 2, 30, 18750, 2.5
1, 19291, 251, 253, 253, 2852051, 2852052, 0.48, 75, 500, 2, 30, 18750, 2.5
0, 21651, 260, 286, 284, 2759616, 2661193, 0.48, 75, 500, 2, 35, 18750, 2.5
1, 19086, 273, 276, 280, 3114400, 3128348, 0.48, 75, 500, 2, 34, 18750, 2.5
0, 20282, 233, 243, 247, 2940006, 2868955, 0.48, 75, 500, 2, 33, 18750, 2.5
1, 18923, 266, 267, 268, 2861228, 2866089, 0.48, 75, 500, 2, 31, 18750, 2.5
1, 19041, 265, 267, 267, 3194229, 3194231, 0.48, 75, 500, 2, 32, 18750, 2.5
1, 19038, 246, 247, 248, 2818060, 2820126, 0.48, 75, 500, 2, 30, 18750, 2.5
1, 19401, 221, 226, 227, 2643195, 2653744, 0.48, 75, 500, 2, 31, 18750, 2.5
1, 19427, 231, 233, 234, 2884236, 2892276, 0.48, 75, 500, 2, 32, 18750, 2.5
1, 19235, 263, 266, 265, 2875888, 2881996, 0.48, 75, 500, 2, 32, 18750, 2.5
1, 19769, 261, 267, 267, 2931241, 2934972, 0.48, 75, 500, 2, 33, 18750, 2.5
1, 22433, 246, 266, 273, 3097140, 3113496, 0.48, 75, 500, 2, 39, 18750, 2.5
1, 18903, 256, 257, 259, 2802196, 2804654, 0.48, 75, 500, 2, 30, 18750, 2.5
1, 19405, 241, 244, 244, 1456027, 1456122, 0.48, 75, 500, 1, 13, 18750, 2.5
1, 19482, 238, 241, 242, 2880968, 2900751, 0.48, 75, 500, 2, 30, 18750, 2.5
1, 19812, 271, 277, 277, 2938724, 2958471, 0.48, 75, 500, 2, 31, 18750, 2.5
1, 19583, 256, 260, 265, 3035788, 3083898, 0.48, 75, 500, 2, 30, 18750, 2.5
1, 19294, 250, 252, 254, 1499063, 1510853, 0.48, 75, 500, 1, 13, 18750, 2.5
0, 23848, 233, 263, 252, 1793921, 1725430, 0.48, 75, 500, 1, 19, 18750, 2.5
1, 19540, 249, 252, 253, 2804985, 2815943, 0.48, 75, 500, 2, 34, 18750, 2.5
1, 19402, 238, 239, 240, 2932574, 2935205, 0.48, 75, 500, 2, 29, 18750, 2.5
0, 20273, 256, 272, 262, 1560572, 1501737, 0.48, 75, 500, 1, 16, 18750, 2.5
1, 19737, 242, 245, 248, 1322798, 1338342, 0.48, 75, 500, 1, 15, 18750, 2.5
0, 20025, 265, 278, 274, 2951369, 2906650, 0.48, 75, 500, 2, 32, 18750, 2.5
1, 19155, 266, 268, 270, 2834180, 2847402, 0.48, 75, 500, 2, 31, 18750, 2.5
0, 20453, 265, 281, 274, 2827610, 2729902, 0.48, 75, 500, 2, 36, 18750, 2.5
1, 19676, 270, 272, 277, 2890566, 2930221, 0.48, 75, 500, 2, 34, 18750, 2.5
1, 20109, 251, 254, 263, 1381238, 1430139, 0.48, 75, 500, 1, 15, 18750, 2.5
1, 19752, 249, 252, 253, 1557097, 1563515, 0.48, 75, 500, 1, 16, 18750, 2.5
1, 19258, 264, 267, 267, 1462209, 1462300, 0.48, 75, 500, 1, 15, 18750, 2.5
0, 23320, 259, 295, 285, 1597985, 1536625, 0.48, 75, 500, 1, 19, 18750, 2.5
1, 19277, 249, 252, 254, 1396178, 1407354, 0.48, 75, 500, 1, 14, 18750, 2.5
1, 19401, 229, 232, 234, 1574780, 1587296, 0.48, 75, 500, 1, 16, 18750, 2.5
1, 22842, 263, 281, 282, 1474057, 1476317, 0.48, 75, 500, 1, 20, 18750, 2.5
1, 18954, 230, 233, 233, 1243876, 1243924, 0.48, 75, 500, 1, 16, 18750, 2.5
1, 19440, 249, 252, 254, 1553731, 1566037, 0.48, 75, 500, 1, 16, 18750, 2.5
0, 23382, 271, 312, 300, 1621207, 1560706, 0.48, 75, 500, 1, 19, 18750, 2.5
0, 21028, 241, 260, 250, 1644891, 1579600, 0.48, 75, 500, 1, 18, 18750, 2.5
1, 19425, 244, 247, 247, 1408730, 1408735, 0.48, 75, 500, 1, 15, 18750, 2.5
1, 20475, 232, 243, 244, 1459974, 1464705, 0.48, 75, 500, 1, 17, 18750, 2.5
1, 19254, 246, 249, 249, 1414707, 1414757, 0.48, 75, 500, 1, 16, 18750, 2.5
1, 19321, 240, 243, 243, 1591981, 1592018, 0.48, 75, 500, 1, 15, 18750, 2.5
1, 19183, 245, 248, 248, 1443757, 1443815, 0.48, 75, 500, 1, 15, 18750, 2.5
1, 19855, 228, 231, 241, 1717721, 1786453, 0.48, 75, 500, 1, 14, 18750, 2.5
0, 23830, 263, 307, 296, 1637242, 1576441, 0.48, 75, 500, 1, 21, 18750, 2.5
1, 24714, 242, 282, 284, 1705453, 1709667, 0.48, 75, 500, 1, 22, 18750, 2.5
1, 19394, 264, 269, 270, 1378582, 1383720, 0.48, 75, 500, 1, 15, 18750, 2.5
1, 19259, 260, 263, 265, 1448031, 1459600, 0.48, 75, 500, 1, 14, 18750, 2.5
1, 19846, 262, 265, 268, 1534104, 1551979, 0.48, 75, 500, 1, 17, 18750, 2.5
1, 19081, 245, 248, 248, 1489480, 1489574, 0.48, 75, 500, 1, 16, 18750, 2.5
1, 19504, 259, 262, 264, 1431787, 1443333, 0.48, 75, 500, 1, 17, 18750, 2.5
0, 19910, 236, 250, 240, 1555385, 1496075, 0.48, 75, 500, 1, 17, 18750, 2.5
1, 19752, 236, 239, 246, 1459931, 1499789, 0.48, 75, 500, 1, 15, 18750, 2.5
1, 19128, 253, 256, 256, 1378564, 1378616, 0.48, 75, 500, 1, 16, 18750, 2.5
1, 19412, 218, 221, 225, 1472267, 1495635, 0.48, 75, 500, 1, 14, 18750, 2.5
1, 19698, 270, 273, 279, 1214854, 1243849, 0.48, 75, 500, 1, 17, 18750, 2.5
1, 19094, 239, 242, 242, 1638926, 1638983, 0.48, 75, 500, 1, 15, 18750, 2.5
0, 22346, 271, 300, 289, 1747394, 1674754, 0.48, 75, 500, 1, 19, 18750, 2.5
1, 19175, 250, 253, 254, 1576531, 1588953, 0.48, 75, 500, 1, 14, 18750, 2.5
1, 19377, 247, 250, 250, 1494233, 1494298, 0.48, 75, 500, 1, 14, 18750, 2.5
1, 19750, 260, 263, 264, 1636437, 1642728, 0.48, 75, 500, 1, 16, 18750, 2.5
1, 19137, 256, 259, 259, 1522849, 1523017, 0.48, 75, 500, 1, 14, 18750, 2.5
1, 20632, 249, 260, 261, 1503953, 1508064, 0.48, 75, 500, 1, 18, 18750, 2.5
1, 19607, 258, 261, 263, 1380865, 1391668, 0.48, 75, 500, 1, 16, 18750, 2.5
1, 19824, 246, 249, 253, 1502105, 1525861, 0.48, 75, 500, 1, 16, 18750, 2.5
1, 19291, 264, 267, 267, 1364691, 1364785, 0.48, 75, 500, 1, 14, 18750, 2.5
1, 18989, 276, 279, 280, 1492475, 1498443, 0.48, 75, 500, 1, 15, 18750, 2.5
1, 19087, 261, 264, 264, 1343586, 1343605, 0.48, 75, 500, 1, 14, 18750, 2.5
1, 19135, 242, 245, 246, 1350919, 1356308, 0.48, 75, 500, 1, 14, 18750, 2.5
0, 22925, 225, 259, 247, 1438326, 1384062, 0.48, 75, 500, 1, 17, 18750, 2.5
1, 19817, 257, 262, 263, 1420890, 1426176, 0.48, 75, 500, 1, 15, 18750, 2.5
1, 19004, 237, 240, 243, 1500512, 1518508, 0.48, 75, 500, 1, 14, 18750, 2.5
1, 19347, 250, 253, 253, 1642909, 1643095, 0.48, 75, 500, 1, 15, 18750, 2.5
1, 19890, 253, 256, 256, 1511679, 1511714, 0.48, 75, 500, 1, 15, 18750, 2.5
0, 21524, 246, 268, 258, 1488026, 1433889, 0.48, 75, 500, 1, 17, 18750, 2.5
0, 19329, 243, 255, 245, 1284935, 1235719, 0.48, 75, 500, 1, 14, 18750, 2.5
1, 19176, 261, 264, 264, 1210160, 1210242, 0.48, 75, 500, 1, 16, 18750, 2.5
1, 19801, 259, 262, 268, 1309724, 1340781, 0.48, 75, 500, 1, 16, 18750, 2.5
0, 23234, 255, 297, 287, 1510269, 1457494, 0.48, 75, 500, 1, 23, 18750, 2.5
1, 21849, 284, 300, 301, 1577180, 1581480, 0.48, 75, 500, 1, 19, 18750, 2.5
1, 19907, 255, 258, 258, 1492802, 1492952, 0.48, 75, 500, 1, 19, 18750, 2.5
1, 25757, 252, 301, 303, 1775736, 1777571, 0.48, 75, 500, 1, 24, 18750, 2.5
1, 19259, 262, 265, 267, 1450044, 1461525, 0.48, 75, 500, 1, 17, 18750, 2.5
1, 19230, 251, 254, 255, 1271052, 1276109, 0.48, 75, 500, 1, 18, 18750, 2.5
1, 19151, 251, 255, 256, 1449200, 1454854, 0.48, 75, 500, 1, 15, 18750, 2.5
1, 19227, 255, 258, 261, 1452847, 1470231, 0.48, 75, 500, 1, 16, 18750, 2.5
1, 19705, 245, 248, 250, 1268856, 1278844, 0.48, 75, 500, 1, 15, 18750, 2.5
1, 19375, 287, 290, 292, 1427029, 1438245, 0.48, 75, 500, 1, 17, 18750, 2.5
1, 19723, 277, 280, 280, 1545918, 1545934, 0.48, 75, 500, 1, 18, 18750, 2.5
1, 19721, 264, 270, 271, 1345230, 1350213, 0.48, 75, 500, 1, 18, 18750, 2.5
1, 19526, 239, 242, 242, 1440821, 1440957, 0.48, 75, 500, 1, 14, 18750, 2.5
1, 19711, 268, 271, 272, 1381155, 1386404, 0.48, 75, 500, 1, 16, 18750, 2.5
1, 19737, 246, 249, 252, 1505745, 1523430, 0.48, 75, 500, 1, 15, 18750, 2.5
1, 19254, 255, 258, 258, 1381281, 1381324, 0.48, 75, 500, 1, 15, 18750, 2.5
1, 19539, 242, 245, 245, 1595947, 1596035, 0.48, 75, 500, 1, 15, 18750, 2.5
1, 18987, 243, 246, 246, 1266009, 1266057, 0.48, 75, 500, 1, 16, 18750, 2.5
1, 19982, 260, 263, 266, 1527206, 1545226, 0.48, 75, 500, 1, 18, 18750, 2.5
1, 19427, 259, 262, 267, 1332208, 1358836, 0.48, 75, 500, 1, 17, 18750, 2.5
1, 19306, 242, 245, 245, 1475773, 1475884, 0.48, 75, 500, 1, 14, 18750, 2.5
1, 19410, 245, 248, 252, 1344424, 1365563, 0.48, 75, 500, 1, 15, 18750, 2.5
1, 19841, 234, 240, 241, 1449875, 1455157, 0.48, 75, 500, 1, 16, 18750, 2.5
1, 19258, 247, 250, 250, 1602919, 1603120, 0.48, 75, 500, 1, 15, 18750, 2.5
1, 20903, 256, 266, 267, 1465090, 1469901, 0.48, 75, 500, 1, 17, 18750, 2.5
1, 19029, 268, 271, 271, 1319406, 1319427, 0.48, 75, 500, 1, 17, 18750, 2.5
1, 19337, 283, 286, 289, 1493147, 1510786, 0.48, 75, 500, 1, 17, 18750, 2.5
1, 19187, 243, 246, 246, 1462746, 1462813, 0.48, 75, 500, 1, 15, 18750, 2.5
1, 19235, 261, 264, 265, 1399571, 1405177, 0.48, 75, 500, 1, 17, 18750, 2.5
1, 19064, 252, 255, 255, 1294376, 1294402, 0.48, 75, 500, 1, 18, 18750, 2.5
1, 19210, 253, 256, 256, 1417987, 1418086, 0.48, 75, 500, 1, 18, 18750, 2.5
1, 18917, 263, 266, 266, 1361101, 1361119, 0.48, 75, 500, 1, 17, 18750, 2.5
1, 21904, 250, 273, 274, 1744032, 1746501, 0.48, 75, 500, 1, 21, 18750, 2.5
1, 19429, 262, 269, 270, 1422887, 1428199, 0.48, 75, 500, 1, 15, 18750, 2.5
1, 19209, 263, 266, 266, 1362556, 1362585, 0.48, 75, 500, 1, 16, 18750, 2.5
1, 19192, 251, 254, 255, 1511576, 1517683, 0.48, 75, 500, 1, 15, 18750, 2.5
1, 19931, 262, 265, 265, 1493753, 1493765, 0.48, 75, 500, 1, 16, 18750, 2.5
1, 19655, 266, 269, 275, 1366904, 1399208, 0.48, 75, 500, 1, 14, 18750, 2.5
1, 19154, 225, 228, 228, 1371629, 1371794, 0.48, 75, 500, 1, 14, 18750, 2.5
1, 19309, 259, 262, 262, 1563569, 1563580, 0.48, 75, 500, 1, 16, 18750, 2.5
1, 19304, 254, 257, 257, 1363109, 1363123, 0.48, 75, 500, 1, 14, 18750, 2.5
0, 22572, 226, 262, 252, 1664836, 1600967, 0.48, 75, 500, 1, 16, 18750, 2.5
1, 19181, 249, 253, 253, 1450116, 1450120, 0.48, 75, 500, 1, 13, 18750, 2.5
1, 21716, 233, 248, 249, 1486950, 1490560, 0.48, 75, 500, 1, 15, 18750, 2.5
1, 18896, 242, 244, 245, 46358243, 46388766, 0.48, 75, 500, 32, 1915, 18750, 2.5
1, 19265, 222, 223, 225, 45231402, 45478323, 0.48, 75, 500, 32, 1920, 18750, 2.5
1, 19362, 275, 276, 279, 46372748, 46544144, 0.48, 75, 500, 32, 2005, 18750, 2.5
1, 18969, 247, 248, 251, 45972918, 46069235, 0.48, 75, 500, 32, 2018, 18750, 2.5
1, 19131, 263, 266, 268, 46244667, 46536161, 0.48, 75, 500, 32, 2054, 18750, 2.5
1, 19487, 250, 254, 256, 46500221, 46982842, 0.48, 75, 500, 32, 2069, 18750, 2.5
0, 22319, 247, 274, 274, 49703722, 48787185, 0.48, 75, 500, 32, 2256, 18750, 2.5
0, 25098, 250, 292, 295, 52610010, 51410716, 0.48, 75, 500, 32, 2613, 18750, 2.5
0, 26250, 216, 272, 271, 55393607, 54588286, 0.48, 75, 500, 32, 2726, 18750, 2.5
0, 26250, 258, 328, 307, 54797905, 53739430, 0.48, 75, 500, 32, 2728, 18750, 2.5
0, 26250, 253, 321, 300, 53158105, 52279468, 0.48, 75, 500, 32, 2770, 18750, 2.5
0, 26250, 281, 320, 332, 53332722, 52925427, 0.48, 75, 500, 32, 2775, 18750, 2.5
0, 26250, 241, 303, 295, 53934501, 53126138, 0.48, 75, 500, 32, 2786, 18750, 2.5
0, 26250, 272, 332, 328, 53807355, 53138062, 0.48, 75, 500, 32, 2792, 18750, 2.5
0, 26250, 260, 319, 311, 55112648, 53528759, 0.48, 75, 500, 32, 2800, 18750, 2.5
1, 19410, 255, 257, 258, 47018921, 47272263, 0.48, 75, 500, 32, 2024, 18750, 2.5
1, 19535, 272, 275, 275, 47154409, 47167340, 0.48, 75, 500, 32, 2026, 18750, 2.5
1, 19618, 240, 241, 245, 46361558, 46597397, 0.48, 75, 500, 32, 2034, 18750, 2.5
0, 26250, 252, 320, 291, 56169335, 55431653, 0.48, 75, 500, 32, 2778, 18750, 2.5
1, 19314, 252, 254, 257, 44959846, 45141440, 0.48, 75, 500, 32, 1909, 18750, 2.5
0, 25880, 240, 303, 288, 54324941, 53114640, 0.48, 75, 500, 32, 2784, 18750, 2.5
0, 26250, 262, 298, 301, 55593490, 54961620, 0.48, 75, 500, 32, 2734, 18750, 2.5
1, 20928, 270, 279, 297, 47339935, 47385075, 0.48, 75, 500, 32, 2156, 18750, 2.5
0, 26250, 239, 287, 280, 55235919, 54056464, 0.48, 75, 500, 32, 2733, 18750, 2.5
1, 20330, 250, 258, 256, 47696500, 47762699, 0.48, 75, 500, 32, 2104, 18750, 2.5
0, 21358, 259, 277, 274, 47713241, 46386910, 0.48, 75, 500, 32, 2186, 18750, 2.5
1, 25183, 250, 289, 313, 53924272, 54083293, 0.48, 75, 500, 32, 2682, 18750, 2.5
0, 26250, 264, 316, 330, 55845891, 55214941, 0.48, 75, 500, 32, 2777, 18750, 2.5
0, 26250, 271, 327, 331, 54749537, 53784524, 0.48, 75, 500, 32, 2830, 18750, 2.5
0, 26250, 234, 300, 275, 55917292, 54883835, 0.48, 75, 500, 32, 2846, 18750, 2.5
0, 20282, 231, 240, 237, 46212436, 44952676, 0.48, 75, 500, 32, 2130, 18750, 2.5
1, 23459, 260, 281, 288, 51781960, 51893095, 0.48, 75, 500, 32, 2444, 18750, 2.5
1, 19298, 253, 256, 259, 45696182, 45868418, 0.48, 75, 500, 32, 2004, 18750, 2.5
1, 19554, 264, 265, 271, 45362578, 45670838, 0.48, 75, 500, 32, 2053, 18750, 2.5
0, 26250, 262, 334, 329, 54310944, 53805376, 0.48, 75, 500, 32, 2741, 18750, 2.5
1, 19345, 258, 265, 261, 45157348, 45217958, 0.48, 75, 500, 32, 1981, 18750, 2.5
1, 19851, 245, 250, 250, 47457045, 47809584, 0.48, 75, 500, 32, 2109, 18750, 2.5
1, 22087, 238, 251, 257, 48833214, 49638141, 0.48, 75, 500, 32, 2300, 18750, 2.5
0, 26250, 264, 337, 307, 55455078, 54377114, 0.48, 75, 500, 32, 2618, 18750, 2.5
1, 19684, 220, 226, 229, 47969389, 48117584, 0.48, 75, 500, 32, 1944, 18750, 2.5
0, 26250, 226, 277, 270, 54809293, 53921647, 0.48, 75, 500, 32, 2728, 18750, 2.5
1, 19455, 258, 263, 262, 46093633, 46267942, 0.48, 75, 500, 32, 1934, 18750, 2.5
0, 25968, 248, 294, 287, 55819792, 54054929, 0.48, 75, 500, 32, 2669, 18750, 2.5
0, 26250, 256, 310, 307, 55042385, 54263288, 0.48, 75, 500, 32, 2607, 18750, 2.5
0, 26250, 256, 317, 317, 55192718, 54161542, 0.48, 75, 500, 32, 2521, 18750, 2.5
1, 19601, 247, 253, 251, 45650300, 45847996, 0.48, 75, 500, 32, 1752, 18750, 2.5
1, 19841, 258, 263, 270, 46367311, 46429207, 0.48, 75, 500, 32, 1886, 18750, 2.5
1, 19196, 249, 253, 254, 44824033, 44991515, 0.48, 75, 500, 32, 1814, 18750, 2.5
1, 20277, 252, 261, 259, 46897794, 47084557, 0.48, 75, 500, 32, 1906, 18750, 2.5
1, 20116, 267, 278, 284, 46525895, 46567057, 0.48, 75, 500, 32, 1894, 18750, 2.5
1, 19051, 250, 251, 255, 45033993, 45201223, 0.48, 75, 500, 32, 1776, 18750, 2.5
0, 25127, 284, 330, 329, 53479691, 51735308, 0.48, 75, 500, 32, 2481, 18750, 2.5
0, 26250, 251, 300, 289, 54579753, 54580624, 0.48, 75, 500, 32, 2461, 18750, 2.5
1, 20185, 274, 279, 280, 44729272, 45061238, 0.48, 75, 500, 32, 1921, 18750, 2.5
0, 24212, 268, 296, 316, 53331208, 52098268, 0.48, 75, 500, 32, 2257, 18750, 2.5
0, 26250, 242, 312, 299, 53654797, 53654360, 0.48, 75, 500, 32, 2487, 18750, 2.5
1, 19377, 199, 203, 207, 46966534, 47018588, 0.48, 75, 500, 32, 1824, 18750, 2.5
0, 26250, 253, 305, 311, 53793252, 52759775, 0.48, 75, 500, 32, 2512, 18750, 2.5
0, 26250, 250, 309, 288, 54416195, 53909986, 0.48, 75, 500, 32, 2524, 18750, 2.5
1, 19318, 223, 225, 229, 45409757, 45480870, 0.48, 75, 500, 32, 1746, 18750, 2.5
1, 19533, 268, 271, 277, 44926369, 45586159, 0.48, 75, 500, 32, 1805, 18750, 2.5
1, 19086, 277, 278, 281, 44566923, 44842359, 0.48, 75, 500, 32, 1764, 18750, 2.5
0, 26250, 273, 328, 324, 55541580, 54721117, 0.48, 75, 500, 32, 2508, 18750, 2.5
0, 26250, 259, 304, 335, 55454335, 54986849, 0.48, 75, 500, 32, 2435, 18750, 2.5
1, 20329, 265, 271, 276, 46788144, 46948664, 0.48, 75, 500, 32, 1894, 18750, 2.5
1, 19656, 269, 271, 276, 46128663, 46278483, 0.48, 75, 500, 32, 1832, 18750, 2.5
1, 19236, 234, 236, 237, 44702572, 44933935, 0.48, 75, 500, 32, 1758, 18750, 2.5
0, 26250, 258, 323, 301, 54389247, 53644707, 0.48, 75, 500, 32, 2437, 18750, 2.5
1, 19250, 264, 271, 266, 45007680, 45074548, 0.48, 75, 500, 32, 1791, 18750, 2.5
1, 19217, 254, 255, 256, 45957452, 46124507, 0.48, 75, 500, 32, 1786, 18750, 2.5
1, 20130, 226, 234, 232, 46387083, 46570777, 0.48, 75, 500, 32, 1843, 18750, 2.5
0, 26250, 239, 299, 296, 54469706, 53489628, 0.48, 75, 500, 32, 2439, 18750, 2.5
1, 19688, 241, 245, 246, 45667250, 46018401, 0.48, 75, 500, 32, 1803, 18750, 2.5
0, 23231, 229, 263, 254, 51320431, 49762640, 0.48, 75, 500, 32, 2186, 18750, 2.5
1, 19062, 250, 252, 255, 46589383, 46636590, 0.48, 75, 500, 32, 1773, 18750, 2.5
1, 22310, 232, 265, 249, 50470527, 50525249, 0.48, 75, 500, 32, 2043, 18750, 2.5
0, 26250, 228, 291, 288, 54535186, 53954417, 0.48, 75, 500, 32, 2496, 18750, 2.5
1, 21910, 240, 258, 261, 49613974, 49647299, 0.48, 75, 500, 32, 2032, 18750, 2.5
1, 19859, 255, 258, 261, 46279657, 46726573, 0.48, 75, 500, 32, 1853, 18750, 2.5
0, 26250, 255, 303, 308, 57129283, 56014960, 0.48, 75, 500, 32, 2484, 18750, 2.5
0, 26250, 270, 331, 338, 55553019, 54180058, 0.48, 75, 500, 32, 2530, 18750, 2.5
0, 26250, 236, 285, 293, 53665348, 53383527, 0.48, 75, 500, 32, 2519, 18750, 2.5
0, 26250, 260, 310, 317, 55000806, 53717131, 0.48, 75, 500, 32, 2534, 18750, 2.5
1, 19259, 252, 254, 256, 46870053, 46988877, 0.48, 75, 500, 32, 1808, 18750, 2.5
1, 22932, 254, 277, 276, 50759032, 51157913, 0.48, 75, 500, 32, 2144, 18750, 2.5
0, 21671, 250, 270, 261, 48970088, 47895510, 0.48, 75, 500, 32, 2023, 18750, 2.5
1, 19348, 258, 262, 263, 46112750, 46333733, 0.48, 75, 500, 32, 1797, 18750, 2.5
0, 26250, 228, 273, 279, 53801985, 53289215, 0.48, 75, 500, 32, 2464, 18750, 2.5
1, 19155, 257, 260, 259, 45801999, 45851159, 0.48, 75, 500, 32, 1762, 18750, 2.5
1, 19725, 247, 253, 254, 45758440, 45977738, 0.48, 75, 500, 32, 1852, 18750, 2.5
0, 26250, 244, 305, 279, 54765424, 53888541, 0.48, 75, 500, 32, 2527, 18750, 2.5
0, 22373, 269, 296, 297, 52146805, 50677630, 0.48, 75, 500, 32, 2155, 18750, 2.5
1, 19214, 278, 280, 282, 46263430, 46279950, 0.48, 75, 500, 32, 1839, 18750, 2.5
1, 20393, 239, 253, 248, 34180518, 34284042, 0.48, 75, 500, 23, 928, 18750, 2.5
1, 19500, 233, 238, 239, 32430465, 32484253, 0.48, 75, 500, 23, 900, 18750, 2.5
0, 26250, 236, 277, 295, 54035632, 53461133, 0.48, 75, 500, 32, 2489, 18750, 2.5
1, 19360, 258, 260, 263, 45926322, 46135389, 0.48, 75, 500, 32, 1804, 18750, 2.5
0, 26250, 245, 308, 294, 39464043, 38615896, 0.48, 75, 500, 23, 1205, 18750, 2.5
0, 22643, 259, 285, 276, 36605217, 35651141, 0.48, 75, 500, 23, 1083, 18750, 2.5
0, 24938, 285, 332, 336, 53047583, 52044560, 0.48, 75, 500, 32, 2383, 18750, 2.5
1, 19509, 240, 247, 248, 33627157, 33693494, 0.48, 75, 500, 23, 875, 18750, 2.5
1, 21157, 233, 247, 255, 35803032, 35876075, 0.48, 75, 500, 23, 1057, 18750, 2.5
1, 19802, 266, 268, 271, 34129704, 34271019, 0.48, 75, 500, 23, 913, 18750, 2.5
1, 19776, 256, 266, 262, 46233513, 46721205, 0.48, 75, 500, 32, 1930, 18750, 2.5
1, 18996, 258, 260, 262, 32410332, 32454386, 0.48, 75, 500, 23, 927, 18750, 2.5
0, 22150, 237, 264, 257, 50177922, 49169712, 0.48, 75, 500, 32, 2163, 18750, 2.5
1, 20908, 248, 260, 263, 35937839, 35996943, 0.48, 75, 500, 23, 1016, 18750, 2.5
1, 20434, 247, 250, 252, 33944442, 34045386, 0.48, 75, 500, 23, 1000, 18750, 2.5
0, 25081, 274, 324, 312, 39959278, 38820299, 0.48, 75, 500, 23, 1192, 18750, 2.5
1, 19071, 279, 280, 282, 32684258, 32819912, 0.48, 75, 500, 23, 938, 18750, 2.5
1, 19473, 258, 260, 263, 33332128, 33437764, 0.48, 75, 500, 23, 897, 18750, 2.5
0, 26250, 235, 300, 290, 54310163, 53522330, 0.48, 75, 500, 32, 2649, 18750, 2.5
0, 26250, 247, 303, 302, 39161673, 38168568, 0.48, 75, 500, 23, 1291, 18750, 2.5
0, 26250, 265, 323, 312, 39604410, 38846506, 0.48, 75, 500, 23, 1291, 18750, 2.5
1, 23408, 231, 260, 271, 36327688, 36551688, 0.48, 75, 500, 23, 1135, 18750, 2.5
0, 26250, 258, 312, 313, 53680267, 53157490, 0.48, 75, 500, 32, 2647, 18750, 2.5
1, 19474, 275, 284, 280, 33766072, 33877827, 0.48, 75, 500, 23, 976, 18750, 2.5
0, 26250, 258, 324, 303, 39470349, 38665803, 0.48, 75, 500, 23, 1343, 18750, 2.5
0, 26250, 262, 332, 305, 39781924, 39216277, 0.48, 75, 500, 23, 1344, 18750, 2.5
1, 20045, 236, 247, 242, 32900953, 33034711, 0.48, 75, 500, 23, 1025, 18750, 2.5
1, 20117, 273, 278, 286, 33845415, 34002122, 0.48, 75, 500, 23, 1013, 18750, 2.5
1, 18968, 248, 249, 252, 32508194, 32521832, 0.48, 75, 500, 23, 980, 18750, 2.5
1, 20862, 277, 294, 293, 34604333, 34868381, 0.48, 75, 500, 23, 1096, 18750, 2.5
1, 19445, 259, 263, 263, 32659262, 32718738, 0.48, 75, 500, 23, 978, 18750, 2.5
1, 19729, 266, 270, 272, 32995630, 33472060, 0.48, 75, 500, 23, 1023, 18750, 2.5
1, 20976, 217, 228, 236, 34691520, 34776238, 0.48, 75, 500, 23, 1066, 18750, 2.5
0, 26250, 258, 298, 314, 38058455, 37972721, 0.48, 75, 500, 23, 1391, 18750, 2.5
0, 25502, 269, 318, 315, 39055585, 37673137, 0.48, 75, 500, 23, 1348, 18750, 2.5
1, 19501, 258, 261, 264, 32469058, 32637855, 0.48, 75, 500, 23, 976, 18750, 2.5
0, 24489, 238, 295, 270, 38051330, 36585440, 0.48, 75, 500, 23, 1225, 18750, 2.5
0, 26250, 260, 338, 311, 38900968, 38489513, 0.48, 75, 500, 23, 1352, 18750, 2.5
0, 26250, 250, 293, 297, 39506726, 38804652, 0.48, 75, 500, 23, 1330, 18750, 2.5
1, 20491, 241, 253, 252, 34295553, 34498381, 0.48, 75, 500, 23, 1019, 18750, 2.5
1, 21082, 255, 270, 266, 34327953, 34798612, 0.48, 75, 500, 23, 1022, 18750, 2.5
1, 19086, 251, 253, 254, 32363902, 32566066, 0.48, 75, 500, 23, 929, 18750, 2.5
0, 26250, 269, 326, 318, 39434543, 38819814, 0.48, 75, 500, 23, 1265, 18750, 2.5
1, 23651, 252, 276, 289, 35976991, 36288864, 0.48, 75, 500, 23, 1167, 18750, 2.5
0, 26250, 241, 299, 293, 39594277, 38870751, 0.48, 75, 500, 23, 1271, 18750, 2.5
0, 26250, 242, 317, 278, 39315025, 38885713, 0.48, 75, 500, 23, 1299, 18750, 2.5
0, 26250, 240, 290, 301, 39395473, 38377735, 0.48, 75, 500, 23, 1300, 18750, 2.5
1, 19544, 258, 261, 269, 33504318, 33520557, 0.48, 75, 500, 23, 978, 18750, 2.5
1, 19907, 241, 253, 245, 33239695, 33348672, 0.48, 75, 500, 23, 998, 18750, 2.5
1, 19318, 243, 245, 249, 34238886, 34303210, 0.48, 75, 500, 23, 922, 18750, 2.5
0, 26105, 211, 260, 271, 40026839, 38779684, 0.48, 75, 500, 23, 1250, 18750, 2.5
1, 19317, 255, 256, 261, 32750924, 32847147, 0.48, 75, 500, 23, 897, 18750, 2.5
1, 20227, 240, 250, 247, 33548063, 33630016, 0.48, 75, 500, 23, 955, 18750, 2.5
0, 26250, 262, 315, 327, 39263294, 38816380, 0.48, 75, 500, 23, 1260, 18750, 2.5
1, 21709, 235, 251, 254, 34658529, 34811432, 0.48, 75, 500, 23, 992, 18750, 2.5
0, 25499, 257, 301, 302, 39250932, 38314728, 0.48, 75, 500, 23, 1223, 18750, 2.5
0, 26250, 268, 324, 327, 38438167, 37761639, 0.48, 75, 500, 23, 1264, 18750, 2.5
1, 19295, 259, 264, 262, 33020225, 33062521, 0.48, 75, 500, 23, 918, 18750, 2.5
1, 18879, 263, 265, 267, 32075798, 32107455, 0.48, 75, 500, 23, 918, 18750, 2.5
1, 19416, 228, 230, 235, 33326732, 33428956, 0.48, 75, 500, 23, 939, 18750, 2.5
1, 19252, 254, 255, 256, 33913876, 33997159, 0.48, 75, 500, 23, 886, 18750, 2.5
0, 26250, 241, 286, 296, 39427158, 38619055, 0.48, 75, 500, 23, 1286, 18750, 2.5
1, 19168, 270, 271, 274, 32838397, 32984612, 0.48, 75, 500, 23, 902, 18750, 2.5
0, 23662, 259, 292, 301, 37250318, 36237534, 0.48, 75, 500, 23, 1134, 18750, 2.5
1, 19611, 214, 215, 221, 32226386, 32442755, 0.48, 75, 500, 23, 983, 18750, 2.5
0, 26250, 240, 299, 301, 39584712, 38286470, 0.48, 75, 500, 23, 1357, 18750, 2.5
0, 26250, 269, 312, 321, 39821965, 39529657, 0.48, 75, 500, 23, 1303, 18750, 2.5
0, 24753, 254, 305, 298, 38369459, 37607366, 0.48, 75, 500, 23, 1212, 18750, 2.5
0, 26250, 233, 286, 276, 40811303, 40164811, 0.48, 75, 500, 23, 1351, 18750, 2.5
1, 19998, 239, 248, 244, 33462782, 33595438, 0.48, 75, 500, 23, 1016, 18750, 2.5
0, 26250, 258, 314, 320, 38783936, 37515856, 0.48, 75, 500, 23, 1311, 18750, 2.5
1, 19456, 241, 246, 251, 33513732, 33561465, 0.48, 75, 500, 23, 1020, 18750, 2.5
1, 19493, 240, 243, 248, 33402338, 33450219, 0.48, 75, 500, 23, 1023, 18750, 2.5
0, 26250, 249, 323, 309, 39567890, 39021098, 0.48, 75, 500, 23, 1405, 18750, 2.5
1, 19426, 251, 254, 255, 33266300, 33630684, 0.48, 75, 500, 23, 1028, 18750, 2.5
1, 19242, 278, 280, 284, 33642465, 33961235, 0.48, 75, 500, 23, 999, 18750, 2.5
1, 19807, 265, 268, 272, 34166069, 34239471, 0.48, 75, 500, 23, 1064, 18750, 2.5
0, 26250, 244, 307, 296, 39189249, 38153673, 0.48, 75, 500, 23, 1467, 18750, 2.5
0, 26250, 266, 338, 304, 39978433, 39217146, 0.48, 75, 500, 23, 1447, 18750, 2.5
1, 19333, 237, 247, 242, 31806797, 31890340, 0.48, 75, 500, 23, 1066, 18750, 2.5
1, 19328, 245, 250, 249, 32776216, 32938808, 0.48, 75, 500, 23, 1053, 18750, 2.5
0, 21234, 281, 306, 296, 34933934, 34280053, 0.48, 75, 500, 23, 1156, 18750, 2.5
1, 19546, 250, 253, 260, 33671575, 33835652, 0.48, 75, 500, 23, 1056, 18750, 2.5
1, 20479, 256, 271, 273, 34545093, 34747983, 0.48, 75, 500, 23, 1096, 18750, 2.5
1, 19442, 250, 253, 254, 33047126, 33203473, 0.48, 75, 500, 23, 1050, 18750, 2.5
0, 25222, 245, 286, 278, 37729292, 36912919, 0.48, 75, 500, 23, 1401, 18750, 2.5
1, 19516, 265, 270, 269, 33801224, 33848037, 0.48, 75, 500, 23, 1061, 18750, 2.5
1, 19572, 237, 242, 243, 33893814, 34287569, 0.48, 75, 500, 23, 1061, 18750, 2.5
1, 19117, 243, 246, 250, 32142599, 32210409, 0.48, 75, 500, 23, 1026, 18750, 2.5
1, 19550, 247, 251, 251, 34079833, 34179855, 0.48, 75, 500, 23, 1014, 18750, 2.5
1, 19054, 235, 237, 238, 32523835, 32543193, 0.48, 75, 500, 23, 1009, 18750, 2.5
1, 19524, 267, 268, 270, 33359269, 33724038, 0.48, 75, 500, 23, 1037, 18750, 2.5
0, 26250, 240, 290, 300, 38579084, 38256058, 0.48, 75, 500, 23, 1414, 18750, 2.5
0, 26250, 246, 294, 296, 39164106, 38429497, 0.48, 75, 500, 23, 1427, 18750, 2.5
1, 18800, 255, 257, 257, 33041877, 33050482, 0.48, 75, 500, 23, 954, 18750, 2.5
1, 19613, 248, 249, 252, 32945893, 33200363, 0.48, 75, 500, 23, 967, 18750, 2.5
1, 19292, 245, 250, 253, 33471398, 33611937, 0.48, 75, 500, 23, 951, 18750, 2.5
1, 20866, 284, 308, 289, 33902116, 34257450, 0.48, 75, 500, 23, 1019, 18750, 2.5
1, 19215, 261, 264, 265, 33084026, 33158414, 0.48, 75, 500, 23, 959, 18750, 2.5
0, 24051, 263, 307, 300, 36666019, 35642895, 0.48, 75, 500, 23, 1252, 18750, 2.5
1, 19300, 233, 237, 235, 23052820, 23080547, 0.48, 75, 500, 16, 471, 18750, 2.5
0, 24883, 243, 285, 290, 27039069, 26345004, 0.48, 75, 500, 16, 610, 18750, 2.5
0, 26250, 239, 289, 290, 27671961, 27526586, 0.48, 75, 500, 16, 627, 18750, 2.5
1, 21766, 257, 268, 278, 23388841, 23734650, 0.48, 75, 500, 16, 517, 18750, 2.5
1, 19493, 260, 262, 268, 33646565, 33684229, 0.48, 75, 500, 23, 938, 18750, 2.5
1, 19366, 258, 259, 263, 33677682, 33731777, 0.48, 75, 500, 23, 939, 18750, 2.5
1, 19482, 277, 280, 286, 22439645, 22609003, 0.48, 75, 500, 16, 480, 18750, 2.5
0, 26049, 225, 289, 274, 38937965, 37689153, 0.48, 75, 500, 23, 1325, 18750, 2.5
0, 26250, 231, 290, 272, 28490303, 27525859, 0.48, 75, 500, 16, 659, 18750, 2.5
1, 19072, 231, 232, 237, 32731966, 32826305, 0.48, 75, 500, 23, 918, 18750, 2.5
0, 26250, 228, 291, 271, 27928471, 27885258, 0.48, 75, 500, 16, 640, 18750, 2.5
1, 19315, 259, 262, 263, 23310588, 23355934, 0.48, 75, 500, 16, 444, 18750, 2.5
0, 26250, 257, 326, 319, 39074449, 38317720, 0.48, 75, 500, 23, 1311, 18750, 2.5
0, 26250, 244, 290, 292, 26842644, 26568243, 0.48, 75, 500, 16, 602, 18750, 2.5
1, 19653, 249, 251, 259, 22872716, 22983830, 0.48, 75, 500, 16, 479, 18750, 2.5
1, 20339, 278, 292, 289, 23785253, 23820507, 0.48, 75, 500, 16, 487, 18750, 2.5
0, 26250, 244, 313, 288, 39574097, 38664866, 0.48, 75, 500, 23, 1368, 18750, 2.5
0, 26250, 248, 314, 293, 27077368, 26546623, 0.48, 75, 500, 16, 599, 18750, 2.5
0, 26250, 262, 332, 313, 27512073, 26756530, 0.48, 75, 500, 16, 640, 18750, 2.5
0, 26250, 213, 265, 258, 39609224, 38804404, 0.48, 75, 500, 23, 1291, 18750, 2.5
1, 19773, 232, 234, 235, 23559329, 23618861, 0.48, 75, 500, 16, 454, 18750, 2.5
1, 19215, 281, 282, 283, 23082847, 23144216, 0.48, 75, 500, 16, 453, 18750, 2.5
1, 19223, 231, 232, 235, 22475771, 22597175, 0.48, 75, 500, 16, 475, 18750, 2.5
1, 19950, 214, 222, 219, 22839539, 22894449, 0.48, 75, 500, 16, 441, 18750, 2.5
0, 23550, 285, 319, 320, 25729641, 25234727, 0.48, 75, 500, 16, 573, 18750, 2.5
0, 26250, 251, 298, 319, 27329961, 27132562, 0.48, 75, 500, 16, 643, 18750, 2.5
1, 19466, 238, 239, 243, 23197294, 23570120, 0.48, 75, 500, 16, 482, 18750, 2.5
1, 19449, 228, 233, 233, 22661054, 22718992, 0.48, 75, 500, 16, 462, 18750, 2.5
1, 19306, 226, 231, 233, 23280864, 23307297, 0.48, 75, 500, 16, 447, 18750, 2.5
1, 20168, 251, 262, 257, 23925589, 24038513, 0.48, 75, 500, 16, 452, 18750, 2.5
1, 21142, 261, 275, 275, 24753138, 24956507, 0.48, 75, 500, 16, 506, 18750, 2.5
1, 19034, 236, 239, 240, 23204721, 23231741, 0.48, 75, 500, 16, 444, 18750, 2.5
1, 21334, 235, 257, 251, 24236877, 24287685, 0.48, 75, 500, 16, 487, 18750, 2.5
0, 26250, 277, 338, 335, 27824689, 27373318, 0.48, 75, 500, 16, 626, 18750, 2.5
0, 26250, 244, 295, 304, 27211270, 26428930, 0.48, 75, 500, 16, 638, 18750, 2.5
1, 20885, 276, 294, 287, 23746159, 24074818, 0.48, 75, 500, 16, 498, 18750, 2.5
1, 20492, 249, 257, 258, 22990225, 23091202, 0.48, 75, 500, 16, 496, 18750, 2.5
0, 26250, 273, 332, 328, 26999765, 26585163, 0.48, 75, 500, 16, 645, 18750, 2.5
0, 24843, 257, 308, 290, 26659660, 25901841, 0.48, 75, 500, 16, 603, 18750, 2.5
1, 19300, 272, 276, 277, 23465640, 23564916, 0.48, 75, 500, 16, 476, 18750, 2.5
1, 20857, 266, 278, 280, 23657219, 23784257, 0.48, 75, 500, 16, 531, 18750, 2.5
0, 26250, 241, 284, 291, 27797178, 27620537, 0.48, 75, 500, 16, 664, 18750, 2.5
0, 26250, 249, 317, 294, 27310477, 26871414, 0.48, 75, 500, 16, 712, 18750, 2.5
1, 19353, 240, 242, 246, 22715819, 22947671, 0.48, 75, 500, 16, 514, 18750, 2.5
1, 19435, 235, 238, 241, 22934691, 23129964, 0.48, 75, 500, 16, 506, 18750, 2.5
1, 19446, 255, 262, 259, 22400737, 22430019, 0.48, 75, 500, 16, 513, 18750, 2.5
1, 19123, 225, 226, 229, 23158440, 23215800, 0.48, 75, 500, 16, 507, 18750, 2.5
1, 18839, 255, 256, 257, 22336315, 22385067, 0.48, 75, 500, 16, 524, 18750, 2.5
0, 26250, 260, 316, 315, 27471404, 27141449, 0.48, 75, 500, 16, 742, 18750, 2.5
0, 25229, 268, 318, 314, 27182543, 26393312, 0.48, 75, 500, 16, 715, 18750, 2.5
1, 20900, 265, 274, 277, 24142196, 24416164, 0.48, 75, 500, 16, 593, 18750, 2.5
1, 19226, 243, 244, 245, 22726518, 22858396, 0.48, 75, 500, 16, 542, 18750, 2.5
0, 26250, 251, 303, 308, 26973868, 26805841, 0.48, 75, 500, 16, 737, 18750, 2.5
0, 26250, 264, 315, 307, 27218550, 26775028, 0.48, 75, 500, 16, 760, 18750, 2.5
0, 22090, 261, 287, 277, 26212245, 25608972, 0.48, 75, 500, 16, 651, 18750, 2.5
1, 19554, 249, 253, 257, 23388071, 23438860, 0.48, 75, 500, 16, 561, 18750, 2.5
1, 19317, 268, 271, 271, 22809999, 22932717, 0.48, 75, 500, 16, 575, 18750, 2.5
1, 19520, 268, 273, 276, 22773288, 22810971, 0.48, 75, 500, 16, 561, 18750, 2.5
0, 26250, 238, 291, 306, 27312460, 26891338, 0.48, 75, 500, 16, 782, 18750, 2.5
1, 19501, 255, 257, 260, 22726531, 22813699, 0.48, 75, 500, 16, 561, 18750, 2.5
0, 26250, 263, 332, 311, 26448685, 26387760, 0.48, 75, 500, 16, 783, 18750, 2.5
0, 25193, 251, 289, 300, 27151647, 26045162, 0.48, 75, 500, 16, 780, 18750, 2.5
0, 26250, 259, 315, 334, 27468003, 26923085, 0.48, 75, 500, 16, 786, 18750, 2.5
1, 19397, 249, 251, 252, 22941772, 23068913, 0.48, 75, 500, 16, 555, 18750, 2.5
0, 23579, 231, 276, 262, 26275697, 25659439, 0.48, 75, 500, 16, 675, 18750, 2.5
1, 19438, 248, 251, 253, 22410068, 22493267, 0.48, 75, 500, 16, 559, 18750, 2.5
1, 19038, 258, 260, 266, 22750563, 22882938, 0.48, 75, 500, 16, 538, 18750, 2.5
1, 23388, 256, 282, 292, 24826048, 25038482, 0.48, 75, 500, 16, 655, 18750, 2.5
0, 26250, 224, 265, 278, 26505547, 26252832, 0.48, 75, 500, 16, 747, 18750, 2.5
1, 19220, 251, 254, 253, 23048020, 23156788, 0.48, 75, 500, 16, 528, 18750, 2.5
1, 20077, 261, 268, 274, 22728826, 22777102, 0.48, 75, 500, 16, 532, 18750, 2.5
1, 18994, 238, 242, 241, 23089430, 23111659, 0.48, 75, 500, 16, 488, 18750, 2.5
1, 19281, 267, 269, 276, 22789685, 22867371, 0.48, 75, 500, 16, 511, 18750, 2.5
1, 21531, 238, 247, 255, 24708657, 24872110, 0.48, 75, 500, 16, 589, 18750, 2.5
0, 26250, 265, 329, 311, 27169186, 27058906, 0.48, 75, 500, 16, 722, 18750, 2.5
0, 26250, 242, 303, 285, 28010569, 27455543, 0.48, 75, 500, 16, 725, 18750, 2.5
1, 19986, 264, 271, 272, 23068080, 23179515, 0.48, 75, 500, 16, 529, 18750, 2.5
0, 26250, 269, 329, 317, 26884745, 26397195, 0.48, 75, 500, 16, 738, 18750, 2.5
1, 20158, 243, 244, 251, 23075646, 23353170, 0.48, 75, 500, 16, 531, 18750, 2.5
1, 20425, 276, 288, 284, 24142423, 24242276, 0.48, 75, 500, 16, 558, 18750, 2.5
1, 19570, 269, 274, 274, 23889628, 23928548, 0.48, 75, 500, 16, 531, 18750, 2.5
1, 19786, 270, 275, 277, 22830286, 22897928, 0.48, 75, 500, 16, 555, 18750, 2.5
0, 26250, 250, 308, 299, 27543331, 27080399, 0.48, 75, 500, 16, 707, 18750, 2.5
1, 19584, 267, 273, 270, 23116838, 23345881, 0.48, 75, 500, 16, 528, 18750, 2.5
0, 26250, 236, 297, 278, 27197474, 26890176, 0.48, 75, 500, 16, 712, 18750, 2.5
1, 18976, 267, 268, 270, 23086974, 23125304, 0.48, 75, 500, 16, 508, 18750, 2.5
1, 19535, 272, 273, 277, 22463576, 22604337, 0.48, 75, 500, 16, 518, 18750, 2.5
1, 21552, 265, 288, 292, 23924855, 24099062, 0.48, 75, 500, 16, 575, 18750, 2.5
1, 19125, 265, 270, 269, 22492239, 22598547, 0.48, 75, 500, 16, 490, 18750, 2.5
0, 26250, 254, 307, 306, 26992143, 26503863, 0.48, 75, 500, 16, 690, 18750, 2.5
1, 18971, 232, 233, 236, 22224680, 22277992, 0.48, 75, 500, 16, 484, 18750, 2.5
0, 26250, 257, 314, 302, 26971504, 26710128, 0.48, 75, 500, 16, 701, 18750, 2.5
0, 26250, 271, 325, 321, 27005795, 26679483, 0.48, 75, 500, 16, 719, 18750, 2.5
0, 26250, 237, 288, 283, 28156084, 27543544, 0.48, 75, 500, 16, 698, 18750, 2.5
0, 26250, 254, 306, 310, 27803527, 27154881, 0.48, 75, 500, 16, 733, 18750, 2.5
1, 19164, 226, 229, 230, 22411687, 22457873, 0.48, 75, 500, 16, 512, 18750, 2.5
0, 26250, 241, 289, 304, 26917240, 26644210, 0.48, 75, 500, 16, 687, 18750, 2.5
1, 23942, 248, 296, 275, 25685142, 25721401, 0.48, 75, 500, 16, 608, 18750, 2.5
0, 24141, 224, 257, 262, 26218651, 25638408, 0.48, 75, 500, 16, 616, 18750, 2.5
1, 19101, 283, 285, 289, 23019166, 23037889, 0.48, 75, 500, 16, 488, 18750, 2.5
1, 19400, 241, 243, 246, 23551374, 23603749, 0.48, 75, 500, 16, 515, 18750, 2.5
0, 24581, 251, 285, 293, 26477501, 25851601, 0.48, 75, 500, 16, 665, 18750, 2.5
1, 19646, 240, 243, 253, 15495951, 15588157, 0.48, 75, 500, 11, 267, 18750, 2.5
0, 26250, 234, 294, 294, 27974816, 27591465, 0.48, 75, 500, 16, 693, 18750, 2.5
1, 19602, 246, 248, 253, 15953910, 16006295, 0.48, 75, 500, 11, 269, 18750, 2.5
1, 20542, 276, 285, 288, 23172095, 23209201, 0.48, 75, 500, 16, 562, 18750, 2.5
1, 19258, 254, 255, 257, 15701348, 15734142, 0.48, 75, 500, 11, 271, 18750, 2.5
0, 19791, 232, 238, 233, 16605374, 16188522, 0.48, 75, 500, 11, 282, 18750, 2.5
0, 20784, 236, 256, 247, 16560871, 16179940, 0.48, 75, 500, 11, 286, 18750, 2.5
1, 21574, 244, 265, 261, 16996439, 17031098, 0.48, 75, 500, 11, 303, 18750, 2.5
1, 20126, 269, 279, 283, 15580523, 15713673, 0.48, 75, 500, 11, 286, 18750, 2.5
1, 25267, 251, 297, 286, 18645417, 18668086, 0.48, 75, 500, 11, 359, 18750, 2.5
1, 19494, 256, 260, 261, 15619733, 15718559, 0.48, 75, 500, 11, 278, 18750, 2.5
1, 19448, 269, 270, 272, 23553314, 23624210, 0.48, 75, 500, 16, 533, 18750, 2.5
0, 26203, 225, 296, 280, 27175839, 26354536, 0.48, 75, 500, 16, 741, 18750, 2.5
1, 19180, 281, 286, 286, 16170695, 16223850, 0.48, 75, 500, 11, 277, 18750, 2.5
0, 23747, 255, 285, 297, 18508422, 17965350, 0.48, 75, 500, 11, 349, 18750, 2.5
1, 24009, 261, 296, 297, 18379198, 18439697, 0.48, 75, 500, 11, 358, 18750, 2.5
0, 26250, 241, 297, 286, 27455583, 27005424, 0.48, 75, 500, 16, 728, 18750, 2.5
1, 19443, 264, 270, 269, 15600860, 15655171, 0.48, 75, 500, 11, 270, 18750, 2.5
1, 19488, 269, 272, 274, 15714434, 15769494, 0.48, 75, 500, 11, 271, 18750, 2.5
0, 26250, 252, 308, 314, 18579842, 18229127, 0.48, 75, 500, 11, 384, 18750, 2.5
0, 26250, 276, 323, 341, 18421190, 18043870, 0.48, 75, 500, 11, 380, 18750, 2.5
1, 20243, 226, 239, 241, 16056719, 16218422, 0.48, 75, 500, 11, 281, 18750, 2.5
1, 19559, 230, 232, 232, 15700566, 15836129, 0.48, 75, 500, 11, 276, 18750, 2.5
0, 26250, 245, 306, 304, 18306649, 18238646, 0.48, 75, 500, 11, 376, 18750, 2.5
0, 26250, 242, 300, 299, 18326902, 18357631, 0.48, 75, 500, 11, 382, 18750, 2.5
1, 21067, 233, 247, 237, 16669640, 16751768, 0.48, 75, 500, 11, 296, 18750, 2.5
0, 26250, 266, 313, 326, 18267009, 17739148, 0.48, 75, 500, 11, 376, 18750, 2.5
1, 20420, 253, 262, 260, 16017155, 16035709, 0.48, 75, 500, 11, 289, 18750, 2.5
0, 26250, 265, 329, 308, 18131720, 17787044, 0.48, 75, 500, 11, 377, 18750, 2.5
0, 19127, 264, 266, 265, 16352778, 15983004, 0.48, 75, 500, 11, 270, 18750, 2.5
1, 21087, 255, 265, 273, 16542074, 16634015, 0.48, 75, 500, 11, 304, 18750, 2.5
1, 19059, 246, 248, 249, 15252374, 15324946, 0.48, 75, 500, 11, 268, 18750, 2.5
1, 19248, 224, 226, 227, 15596116, 15636343, 0.48, 75, 500, 11, 268, 18750, 2.5
1, 19409, 232, 233, 239, 15945711, 15950948, 0.48, 75, 500, 11, 286, 18750, 2.5
1, 19150, 244, 246, 246, 16185571, 16203642, 0.48, 75, 500, 11, 277, 18750, 2.5
0, 26250, 243, 296, 284, 19882304, 19278264, 0.48, 75, 500, 11, 384, 18750, 2.5
1, 20121, 253, 256, 262, 16493485, 16517241, 0.48, 75, 500, 11, 288, 18750, 2.5
1, 23232, 255, 291, 273, 17066564, 17172623, 0.48, 75, 500, 11, 345, 18750, 2.5
1, 19231, 243, 246, 247, 15695917, 15759612, 0.48, 75, 500, 11, 272, 18750, 2.5
1, 19381, 273, 275, 280, 15991741, 16009451, 0.48, 75, 500, 11, 287, 18750, 2.5
0, 26250, 262, 322, 321, 19600353, 19305763, 0.48, 75, 500, 11, 396, 18750, 2.5
1, 19275, 246, 248, 250, 15201979, 15205290, 0.48, 75, 500, 11, 281, 18750, 2.5
1, 19826, 251, 257, 258, 15212546, 15341490, 0.48, 75, 500, 11, 281, 18750, 2.5
1, 19274, 263, 266, 268, 15570319, 15768426, 0.48, 75, 500, 11, 275, 18750, 2.5
1, 19516, 235, 238, 238, 15824241, 15935763, 0.48, 75, 500, 11, 295, 18750, 2.5
1, 19626, 259, 264, 272, 15797448, 15902490, 0.48, 75, 500, 11, 286, 18750, 2.5
0, 25714, 246, 301, 288, 18966573, 18425830, 0.48, 75, 500, 11, 385, 18750, 2.5
1, 20127, 256, 263, 262, 16286471, 16311348, 0.48, 75, 500, 11, 293, 18750, 2.5
1, 19434, 285, 289, 293, 16319280, 16398072, 0.48, 75, 500, 11, 284, 18750, 2.5
1, 20452, 245, 252, 253, 15782136, 15838923, 0.48, 75, 500, 11, 305, 18750, 2.5
1, 26178, 227, 281, 283, 18846330, 18897840, 0.48, 75, 500, 11, 390, 18750, 2.5
1, 19743, 237, 245, 242, 15247164, 15298467, 0.48, 75, 500, 11, 286, 18750, 2.5
0, 26250, 233, 294, 287, 18906493, 18722070, 0.48, 75, 500, 11, 415, 18750, 2.5
0, 26250, 254, 313, 301, 18150853, 17885555, 0.48, 75, 500, 11, 409, 18750, 2.5
0, 26250, 275, 323, 335, 18608937, 18366218, 0.48, 75, 500, 11, 403, 18750, 2.5
1, 19043, 253, 254, 256, 15350538, 15383259, 0.48, 75, 500, 11, 286, 18750, 2.5
1, 19259, 256, 259, 260, 15806552, 15848176, 0.48, 75, 500, 11, 302, 18750, 2.5
1, 19801, 242, 243, 250, 15780324, 15914013, 0.48, 75, 500, 11, 295, 18750, 2.5
0, 26224, 257, 314, 306, 18752153, 18221859, 0.48, 75, 500, 11, 403, 18750, 2.5
1, 19295, 252, 256, 257, 15972219, 16039658, 0.48, 75, 500, 11, 291, 18750, 2.5
1, 18824, 253, 254, 255, 15802344, 15828394, 0.48, 75, 500, 11, 297, 18750, 2.5
0, 26250, 225, 279, 279, 18791812, 18479576, 0.48, 75, 500, 11, 404, 18750, 2.5
1, 20167, 276, 281, 279, 16111360, 16137482, 0.48, 75, 500, 11, 310, 18750, 2.5
1, 19067, 271, 273, 274, 15021190, 15094910, 0.48, 75, 500, 11, 292, 18750, 2.5
0, 26250, 259, 316, 307, 18773176, 18400015, 0.48, 75, 500, 11, 416, 18750, 2.5
1, 19699, 243, 246, 250, 15895857, 16024187, 0.48, 75, 500, 11, 287, 18750, 2.5
1, 18879, 247, 248, 250, 15718097, 15758837, 0.48, 75, 500, 11, 284, 18750, 2.5
1, 19127, 231, 232, 236, 15285043, 15375209, 0.48, 75, 500, 11, 278, 18750, 2.5
1, 20754, 254, 270, 265, 16321463, 16456273, 0.48, 75, 500, 11, 322, 18750, 2.5
0, 26250, 227, 270, 286, 18978690, 18618692, 0.48, 75, 500, 11, 411, 18750, 2.5
1, 19059, 232, 233, 234, 15875577, 15957886, 0.48, 75, 500, 11, 286, 18750, 2.5
1, 20913, 256, 270, 273, 16527485, 16706116, 0.48, 75, 500, 11, 335, 18750, 2.5
1, 19037, 235, 236, 238, 15831281, 15886935, 0.48, 75, 500, 11, 297, 18750, 2.5
1, 19299, 251, 252, 254, 15890318, 15979331, 0.48, 75, 500, 11, 298, 18750, 2.5
1, 20015, 240, 246, 246, 15706840, 15727404, 0.48, 75, 500, 11, 309, 18750, 2.5
1, 19351, 252, 255, 259, 15996544, 16007730, 0.48, 75, 500, 11, 296, 18750, 2.5
1, 19346, 237, 245, 240, 16076107, 16093011, 0.48, 75, 500, 11, 303, 18750, 2.5
1, 19193, 253, 255, 257, 15467910, 15520577, 0.48, 75, 500, 11, 314, 18750, 2.5
1, 19498, 244, 252, 249, 16135511, 16144015, 0.48, 75, 500, 11, 310, 18750, 2.5
1, 19852, 265, 272, 279, 16093704, 16138411, 0.48, 75, 500, 11, 313, 18750, 2.5
1, 19112, 285, 286, 287, 16492619, 16503003, 0.48, 75, 500, 11, 312, 18750, 2.5
0, 26250, 256, 309, 315, 18657056, 18520659, 0.48, 75, 500, 11, 438, 18750, 2.5
1, 18837, 278, 279, 280, 16161533, 16184104, 0.48, 75, 500, 11, 304, 18750, 2.5
0, 26250, 242, 287, 289, 18675757, 18338390, 0.48, 75, 500, 11, 425, 18750, 2.5
0, 22995, 277, 303, 297, 17536026, 16899853, 0.48, 75, 500, 11, 366, 18750, 2.5
1, 19334, 252, 258, 256, 15835002, 15868089, 0.48, 75, 500, 11, 284, 18750, 2.5
1, 19259, 253, 254, 257, 14940213, 14963435, 0.48, 75, 500, 11, 299, 18750, 2.5
0, 26250, 228, 273, 288, 18810537, 18463789, 0.48, 75, 500, 11, 427, 18750, 2.5
1, 19977, 248, 252, 251, 16183531, 16246083, 0.48, 75, 500, 11, 317, 18750, 2.5
1, 19123, 205, 208, 207, 15685031, 15766536, 0.48, 75, 500, 11, 294, 18750, 2.5
0, 26250, 226, 268, 287, 19178064, 18941243, 0.48, 75, 500, 11, 425, 18750, 2.5
0, 26250, 241, 294, 296, 18438648, 18284398, 0.48, 75, 500, 11, 423, 18750, 2.5
0, 26250, 232, 281, 287, 18218737, 17866807, 0.48, 75, 500, 11, 428, 18750, 2.5
1, 19266, 240, 241, 245, 16224877, 16275462, 0.48, 75, 500, 11, 295, 18750, 2.5
0, 26250, 241, 281, 291, 18128926, 17971595, 0.48, 75, 500, 11, 424, 18750, 2.5
1, 25200, 279, 323, 322, 18109698, 18127253, 0.48, 75, 500, 11, 390, 18750, 2.5
1, 20790, 244, 258, 257, 16822376, 16841409, 0.48, 75, 500, 11, 324, 18750, 2.5
0, 26250, 262, 318, 330, 18569324, 18188213, 0.48, 75, 500, 11, 414, 18750, 2.5
1, 20013, 263, 270, 272, 15655261, 15834056, 0.48, 75, 500, 11, 315, 18750, 2.5
1, 18909, 241, 243, 244, 15470797, 15500887, 0.48, 75, 500, 11, 270, 18750, 2.5
1, 19058, 251, 253, 253, 11381664, 11421467, 0.48, 75, 500, 8, 166, 18750, 2.5
0, 26250, 261, 316, 327, 18445158, 18077347, 0.48, 75, 500, 11, 415, 18750, 2.5
0, 23317, 241, 278, 267, 12300545, 12041550, 0.48, 75, 500, 8, 205, 18750, 2.5
1, 20479, 230, 237, 240, 16226625, 16388900, 0.48, 75, 500, 11, 313, 18750, 2.5
1, 19222, 282, 285, 289, 11200080, 11233177, 0.48, 75, 500, 8, 168, 18750, 2.5
1, 20264, 264, 278, 276, 16830751, 16880638, 0.48, 75, 500, 11, 299, 18750, 2.5
1, 19252, 281, 285, 287, 11502785, 11547863, 0.48, 75, 500, 8, 164, 18750, 2.5
1, 19331, 257, 259, 262, 15947383, 16058769, 0.48, 75, 500, 11, 280, 18750, 2.5
1, 20690, 247, 260, 255, 16258912, 16288726, 0.48, 75, 500, 11, 297, 18750, 2.5
1, 23474, 238, 269, 272, 12988920, 13046101, 0.48, 75, 500, 8, 208, 18750, 2.5
1, 19440, 247, 248, 253, 11509625, 11571880, 0.48, 75, 500, 8, 165, 18750, 2.5
1, 19571, 258, 266, 265, 11598549, 11633545, 0.48, 75, 500, 8, 171, 18750, 2.5
1, 19064, 258, 261, 262, 11352758, 11396824, 0.48, 75, 500, 8, 167, 18750, 2.5
1, 20111, 235, 241, 241, 11153215, 11189029, 0.48, 75, 500, 8, 169, 18750, 2.5
0, 26250, 275, 338, 341, 14246624, 13998899, 0.48, 75, 500, 8, 227, 18750, 2.5
1, 19698, 234, 235, 237, 11912878, 11932139, 0.48, 75, 500, 8, 161, 18750, 2.5
1, 19190, 250, 251, 254, 11239258, 11295491, 0.48, 75, 500, 8, 157, 18750, 2.5
1, 19161, 250, 251, 253, 11368440, 11491389, 0.48, 75, 500, 8, 162, 18750, 2.5
1, 20025, 243, 247, 248, 11968841, 12052402, 0.48, 75, 500, 8, 171, 18750, 2.5
0, 24136, 268, 302, 303, 13519009, 13134830, 0.48, 75, 500, 8, 212, 18750, 2.5
1, 20128, 246, 252, 251, 12130528, 12190453, 0.48, 75, 500, 8, 166, 18750, 2.5
1, 19242, 255, 256, 259, 11908519, 11925672, 0.48, 75, 500, 8, 152, 18750, 2.5
0, 23769, 256, 293, 287, 13001778, 12692812, 0.48, 75, 500, 8, 200, 18750, 2.5
1, 19194, 251, 255, 256, 11674805, 11717109, 0.48, 75, 500, 8, 154, 18750, 2.5
1, 19505, 248, 252, 253, 11279173, 11328302, 0.48, 75, 500, 8, 164, 18750, 2.5
1, 19880, 238, 241, 242, 11925400, 12055314, 0.48, 75, 500, 8, 168, 18750, 2.5
1, 19418, 241, 243, 245, 11107720, 11154151, 0.48, 75, 500, 8, 166, 18750, 2.5
1, 19118, 257, 261, 260, 11411646, 11430263, 0.48, 75, 500, 8, 158, 18750, 2.5
1, 19845, 264, 270, 271, 11247583, 11264679, 0.48, 75, 500, 8, 171, 18750, 2.5
0, 26250, 252, 294, 299, 13694480, 13357203, 0.48, 75, 500, 8, 225, 18750, 2.5
1, 19053, 260, 261, 266, 11302646, 11370147, 0.48, 75, 500, 8, 165, 18750, 2.5
1, 19840, 253, 263, 259, 11456689, 11494019, 0.48, 75, 500, 8, 170, 18750, 2.5
1, 19076, 242, 243, 244, 11448261, 11470091, 0.48, 75, 500, 8, 163, 18750, 2.5
1, 19998, 248, 253, 256, 11774456, 11834128, 0.48, 75, 500, 8, 173, 18750, 2.5
1, 19111, 260, 262, 265, 11305775, 11373041, 0.48, 75, 500, 8, 159, 18750, 2.5
0, 25636, 270, 336, 313, 13546217, 12987997, 0.48, 75, 500, 8, 220, 18750, 2.5
1, 19383, 270, 274, 274, 11074834, 11128107, 0.48, 75, 500, 8, 166, 18750, 2.5
1, 19443, 276, 279, 278, 11320835, 11412218, 0.48, 75, 500, 8, 163, 18750, 2.5
0, 26250, 250, 306, 300, 13380838, 13160420, 0.48, 75, 500, 8, 228, 18750, 2.5
1, 19282, 281, 282, 284, 11323619, 11375810, 0.48, 75, 500, 8, 161, 18750, 2.5
1, 19273, 229, 234, 232, 11368825, 11442312, 0.48, 75, 500, 8, 154, 18750, 2.5
1, 20355, 266, 279, 278, 12025015, 12067012, 0.48, 75, 500, 8, 171, 18750, 2.5
0, 26250, 261, 308, 322, 12976967, 12761758, 0.48, 75, 500, 8, 229, 18750, 2.5
1, 19263, 238, 241, 241, 11346175, 11372708, 0.48, 75, 500, 8, 161, 18750, 2.5
1, 19737, 268, 274, 275, 11350777, 11378984, 0.48, 75, 500, 8, 161, 18750, 2.5
1, 22936, 259, 288, 291, 12524777, 12668431, 0.48, 75, 500, 8, 193, 18750, 2.5
1, 19846, 282, 292, 290, 11093779, 11138724, 0.48, 75, 500, 8, 171, 18750, 2.5
1, 21426, 249, 265, 268, 12358481, 12431999, 0.48, 75, 500, 8, 190, 18750, 2.5
1, 19825, 274, 278, 285, 11483039, 11544193, 0.48, 75, 500, 8, 166, 18750, 2.5
0, 26250, 263, 313, 307, 13603124, 13551524, 0.48, 75, 500, 8, 231, 18750, 2.5
1, 19589, 281, 284, 289, 11950934, 12012000, 0.48, 75, 500, 8, 174, 18750, 2.5
1, 19376, 263, 272, 268, 11555820, 11585082, 0.48, 75, 500, 8, 177, 18750, 2.5
0, 22577, 262, 291, 285, 12860296, 12547811, 0.48, 75, 500, 8, 200, 18750, 2.5
1, 19948, 243, 253, 249, 11271539, 11280777, 0.48, 75, 500, 8, 170, 18750, 2.5
0, 26250, 249, 298, 307, 14248570, 14149512, 0.48, 75, 500, 8, 234, 18750, 2.5
0, 26250, 249, 302, 317, 14256594, 14096745, 0.48, 75, 500, 8, 227, 18750, 2.5
1, 19464, 248, 255, 251, 11917805, 11975575, 0.48, 75, 500, 8, 167, 18750, 2.5
1, 19802, 254, 256, 260, 11527778, 11623436, 0.48, 75, 500, 8, 165, 18750, 2.5
1, 24467, 272, 320, 321, 12721350, 12771721, 0.48, 75, 500, 8, 209, 18750, 2.5
0, 26250, 280, 341, 323, 13648492, 13374158, 0.48, 75, 500, 8, 232, 18750, 2.5
1, 19005, 279, 281, 281, 10971871, 10988645, 0.48, 75, 500, 8, 167, 18750, 2.5
1, 20204, 244, 254, 251, 11680023, 11768900, 0.48, 75, 500, 8, 166, 18750, 2.5
1, 19167, 250, 253, 255, 11444606, 11448065, 0.48, 75, 500, 8, 158, 18750, 2.5
1, 22738, 256, 275, 281, 12293229, 12377193, 0.48, 75, 500, 8, 192, 18750, 2.5
1, 19562, 253, 258, 259, 11007359, 11065889, 0.48, 75, 500, 8, 166, 18750, 2.5
1, 19425, 249, 254, 256, 11138041, 11192057, 0.48, 75, 500, 8, 165, 18750, 2.5
0, 26250, 231, 288, 260, 13815357, 13757321, 0.48, 75, 500, 8, 231, 18750, 2.5
0, 22421, 244, 263, 260, 12427242, 12078526, 0.48, 75, 500, 8, 186, 18750, 2.5
1, 18926, 267, 268, 269, 11370965, 11407666, 0.48, 75, 500, 8, 164, 18750, 2.5
1, 19084, 227, 230, 231, 11329627, 11355907, 0.48, 75, 500, 8, 159, 18750, 2.5
0, 26033, 235, 295, 296, 13610210, 13161747, 0.48, 75, 500, 8, 228, 18750, 2.5
1, 19132, 254, 259, 257, 11899031, 11903222, 0.48, 75, 500, 8, 165, 18750, 2.5
1, 23708, 261, 293, 296, 12629924, 12701302, 0.48, 75, 500, 8, 208, 18750, 2.5
1, 19074, 248, 251, 251, 11196986, 11212773, 0.48, 75, 500, 8, 155, 18750, 2.5
1, 18982, 245, 246, 248, 11315261, 11368017, 0.48, 75, 500, 8, 159, 18750, 2.5
0, 26250, 245, 300, 296, 13747524, 13459162, 0.48, 75, 500, 8, 222, 18750, 2.5
0, 26250, 254, 301, 299, 14278378, 14104743, 0.48, 75, 500, 8, 223, 18750, 2.5
1, 19882, 259, 266, 264, 12027867, 12069936, 0.48, 75, 500, 8, 163, 18750, 2.5
0, 26250, 234, 289, 299, 13458256, 13354943, 0.48, 75, 500, 8, 214, 18750, 2.5
1, 19828, 290, 294, 297, 11780440, 11886796, 0.48, 75, 500, 8, 167, 18750, 2.5
0, 26250, 253, 310, 296, 13408023, 13213632, 0.48, 75, 500, 8, 215, 18750, 2.5
1, 20045, 243, 245, 245, 11154352, 11172702, 0.48, 75, 500, 8, 165, 18750, 2.5
1, 19481, 253, 258, 261, 11406596, 11492704, 0.48, 75, 500, 8, 163, 18750, 2.5
0, 26250, 203, 249, 243, 13872711, 13557176, 0.48, 75, 500, 8, 212, 18750, 2.5
1, 19565, 279, 282, 283, 11581958, 11681963, 0.48, 75, 500, 8, 163, 18750, 2.5
1, 19138, 248, 249, 251, 10896365, 11003083, 0.48, 75, 500, 8, 156, 18750, 2.5
1, 19185, 271, 272, 273, 11542670, 11566520, 0.48, 75, 500, 8, 150, 18750, 2.5
0, 20126, 261, 278, 265, 11476587, 11124426, 0.48, 75, 500, 8, 167, 18750, 2.5
1, 20232, 253, 262, 270, 11450036, 11478758, 0.48, 75, 500, 8, 170, 18750, 2.5
1, 22149, 268, 285, 287, 12184120, 12321378, 0.48, 75, 500, 8, 179, 18750, 2.5
1, 19925, 229, 241, 239, 11607719, 11639389, 0.48, 75, 500, 8, 159, 18750, 2.5
1, 20141, 254, 257, 266, 11208409, 11556855, 0.48, 75, 500, 8, 166, 18750, 2.5
0, 26250, 257, 311, 308, 13342783, 13087745, 0.48, 75, 500, 8, 221, 18750, 2.5
0, 26250, 262, 320, 315, 13595645, 13229766, 0.48, 75, 500, 8, 223, 18750, 2.5
1, 19205, 257, 259, 260, 11266524, 11312283, 0.48, 75, 500, 8, 153, 18750, 2.5
1, 18975, 271, 272, 277, 11819932, 11830159, 0.48, 75, 500, 8, 158, 18750, 2.5
1, 20634, 237, 259, 250, 11747136, 11747732, 0.48, 75, 500, 8, 167, 18750, 2.5
0, 21514, 264, 281, 287, 11890050, 11594016, 0.48, 75, 500, 8, 177, 18750, 2.5
1, 19022, 246, 247, 249, 11503824, 11543310, 0.48, 75, 500, 8, 154, 18750, 2.5
1, 19231, 237, 238, 241, 11417749, 11449897, 0.48, 75, 500, 8, 156, 18750, 2.5
1, 20146, 231, 235, 239, 12144602, 12348306, 0.48, 75, 500, 8, 163, 18750, 2.5
1, 19342, 266, 272, 273, 11150330, 11168797, 0.48, 75, 500, 8, 157, 18750, 2.5
1, 19067, 216, 217, 219, 11248759, 11275024, 0.48, 75, 500, 8, 158, 18750, 2.5
1, 18975, 235, 236, 237, 9706773, 9742235, 0.48, 75, 500, 7, 125, 18750, 2.5
1, 19179, 241, 246, 245, 10443958, 10479077, 0.48, 75, 500, 7, 126, 18750, 2.5
1, 18944, 259, 260, 261, 9602168, 9639177, 0.48, 75, 500, 7, 130, 18750, 2.5
1, 19272, 244, 245, 249, 10048027, 10107713, 0.48, 75, 500, 7, 130, 18750, 2.5
1, 19161, 262, 264, 266, 11557363, 11607907, 0.48, 75, 500, 8, 157, 18750, 2.5
1, 19409, 252, 256, 255, 9937166, 10038580, 0.48, 75, 500, 7, 130, 18750, 2.5
1, 19317, 265, 266, 269, 10485753, 10508191, 0.48, 75, 500, 7, 135, 18750, 2.5
1, 19401, 254, 258, 261, 10756806, 10762986, 0.48, 75, 500, 7, 135, 18750, 2.5
0, 26250, 241, 303, 297, 12645745, 12404233, 0.48, 75, 500, 7, 184, 18750, 2.5
0, 26250, 251, 307, 302, 12142688, 11828582, 0.48, 75, 500, 7, 189, 18750, 2.5
1, 19137, 239, 243, 242, 9809465, 9814601, 0.48, 75, 500, 7, 135, 18750, 2.5
0, 26250, 280, 331, 342, 13812283, 13654389, 0.48, 75, 500, 8, 222, 18750, 2.5
0, 26250, 244, 285, 305, 11485923, 11233338, 0.48, 75, 500, 7, 184, 18750, 2.5
1, 21532, 258, 279, 274, 10888524, 10910712, 0.48, 75, 500, 7, 147, 18750, 2.5
1, 18819, 244, 245, 246, 9702504, 9712338, 0.48, 75, 500, 7, 134, 18750, 2.5
1, 19187, 230, 233, 233, 9865102, 9891257, 0.48, 75, 500, 7, 134, 18750, 2.5
1, 19835, 238, 243, 243, 10417912, 10463754, 0.48, 75, 500, 7, 139, 18750, 2.5
0, 26250, 243, 292, 305, 11974011, 11934674, 0.48, 75, 500, 7, 187, 18750, 2.5
0, 22871, 231, 272, 251, 10920758, 10608272, 0.48, 75, 500, 7, 164, 18750, 2.5
0, 23715, 245, 281, 267, 11533126, 11118138, 0.48, 75, 500, 7, 173, 18750, 2.5
1, 19681, 276, 281, 289, 10407351, 10499597, 0.48, 75, 500, 7, 146, 18750, 2.5
1, 19171, 263, 266, 267, 10231046, 10258176, 0.48, 75, 500, 7, 132, 18750, 2.5
1, 20129, 261, 265, 266, 10547874, 10570428, 0.48, 75, 500, 7, 139, 18750, 2.5
1, 19424, 211, 214, 217, 10271858, 10421591, 0.48, 75, 500, 7, 139, 18750, 2.5
0, 26250, 248, 291, 296, 12134633, 11873698, 0.48, 75, 500, 7, 192, 18750, 2.5
1, 19158, 236, 238, 239, 9534402, 9599970, 0.48, 75, 500, 7, 139, 18750, 2.5
1, 19991, 203, 206, 210, 9978542, 10042905, 0.48, 75, 500, 7, 142, 18750, 2.5
1, 20317, 246, 265, 252, 10554629, 10585090, 0.48, 75, 500, 7, 147, 18750, 2.5
0, 26250, 219, 277, 259, 12095347, 11860850, 0.48, 75, 500, 7, 194, 18750, 2.5
1, 19524, 252, 255, 256, 10312553, 10385521, 0.48, 75, 500, 7, 145, 18750, 2.5
1, 19433, 227, 228, 231, 10017465, 10040817, 0.48, 75, 500, 7, 144, 18750, 2.5
0, 22014, 232, 257, 252, 10637677, 10215903, 0.48, 75, 500, 7, 174, 18750, 2.5
1, 19057, 260, 262, 262, 10105584, 10124985, 0.48, 75, 500, 7, 151, 18750, 2.5
1, 19331, 223, 227, 228, 9964776, 10025498, 0.48, 75, 500, 7, 152, 18750, 2.5
0, 26250, 249, 308, 304, 11917745, 11680343, 0.48, 75, 500, 7, 202, 18750, 2.5
0, 26250, 261, 314, 313, 11522960, 11181926, 0.48, 75, 500, 7, 213, 18750, 2.5
0, 26250, 272, 350, 316, 12081451, 11733399, 0.48, 75, 500, 7, 209, 18750, 2.5
1, 19656, 258, 263, 266, 10023812, 10089667, 0.48, 75, 500, 7, 148, 18750, 2.5
0, 26250, 238, 304, 296, 11906345, 11816253, 0.48, 75, 500, 7, 212, 18750, 2.5
1, 19397, 263, 266, 265, 9865490, 9904692, 0.48, 75, 500, 7, 158, 18750, 2.5
1, 20416, 256, 274, 274, 10430217, 10434929, 0.48, 75, 500, 7, 163, 18750, 2.5
0, 26250, 274, 329, 320, 11424418, 11373035, 0.48, 75, 500, 7, 209, 18750, 2.5
0, 26250, 267, 310, 333, 11764801, 11477350, 0.48, 75, 500, 7, 211, 18750, 2.5
1, 19565, 255, 258, 260, 10011307, 10077562, 0.48, 75, 500, 7, 157, 18750, 2.5
1, 18897, 250, 251, 252, 10546430, 10556914, 0.48, 75, 500, 7, 144, 18750, 2.5
1, 19262, 284, 289, 290, 10193688, 10242376, 0.48, 75, 500, 7, 152, 18750, 2.5
1, 21190, 257, 270, 270, 10645090, 10764504, 0.48, 75, 500, 7, 166, 18750, 2.5
1, 19549, 249, 254, 253, 10076196, 10097305, 0.48, 75, 500, 7, 154, 18750, 2.5
0, 26250, 259, 316, 301, 11625030, 11405791, 0.48, 75, 500, 7, 199, 18750, 2.5
1, 21377, 246, 255, 260, 10387395, 10402445, 0.48, 75, 500, 7, 161, 18750, 2.5
1, 19211, 255, 258, 258, 9806017, 9837535, 0.48, 75, 500, 7, 151, 18750, 2.5
1, 19607, 234, 237, 238, 10126765, 10202452, 0.48, 75, 500, 7, 146, 18750, 2.5
0, 25536, 258, 311, 293, 11905881, 11500593, 0.48, 75, 500, 7, 201, 18750, 2.5
1, 19410, 238, 241, 241, 10348594, 10362932, 0.48, 75, 500, 7, 146, 18750, 2.5
0, 26250, 237, 293, 298, 11976781, 11874146, 0.48, 75, 500, 7, 212, 18750, 2.5
1, 21442, 239, 254, 256, 10537516, 10605381, 0.48, 75, 500, 7, 165, 18750, 2.5
0, 26250, 248, 298, 302, 11652948, 11531076, 0.48, 75, 500, 7, 206, 18750, 2.5
1, 21686, 253, 276, 270, 10209449, 10246281, 0.48, 75, 500, 7, 169, 18750, 2.5
0, 26250, 257, 308, 320, 11979011, 11794386, 0.48, 75, 500, 7, 213, 18750, 2.5
1, 19330, 249, 253, 252, 10032411, 10112966, 0.48, 75, 500, 7, 153, 18750, 2.5
1, 19221, 245, 247, 249, 10428825, 10507427, 0.48, 75, 500, 7, 138, 18750, 2.5
0, 26250, 239, 311, 306, 11939760, 11677744, 0.48, 75, 500, 7, 208, 18750, 2.5
1, 19390, 271, 272, 273, 10229119, 10255354, 0.48, 75, 500, 7, 139, 18750, 2.5
1, 19007, 265, 267, 267, 9758836, 9814621, 0.48, 75, 500, 7, 143, 18750, 2.5
0, 24919, 253, 295, 290, 11555948, 11280083, 0.48, 75, 500, 7, 184, 18750, 2.5
1, 19149, 252, 255, 254, 9638735, 9644630, 0.48, 75, 500, 7, 136, 18750, 2.5
1, 19445, 252, 255, 256, 9663596, 9706062, 0.48, 75, 500, 7, 143, 18750, 2.5
1, 19684, 226, 229, 235, 10095639, 10132199, 0.48, 75, 500, 7, 144, 18750, 2.5
1, 19259, 259, 260, 261, 9859502, 9894629, 0.48, 75, 500, 7, 140, 18750, 2.5
1, 19743, 231, 236, 236, 9953358, 10069289, 0.48, 75, 500, 7, 136, 18750, 2.5
1, 19879, 235, 240, 239, 9595172, 9746836, 0.48, 75, 500, 7, 140, 18750, 2.5
1, 19557, 257, 260, 264, 9990452, 10044849, 0.48, 75, 500, 7, 137, 18750, 2.5
1, 19551, 254, 256, 264, 9869223, 9913146, 0.48, 75, 500, 7, 144, 18750, 2.5
1, 19031, 273, 274, 276, 10385042, 10399001, 0.48, 75, 500, 7, 136, 18750, 2.5
1, 20038, 263, 265, 270, 10080871, 10211639, 0.48, 75, 500, 7, 147, 18750, 2.5
1, 18881, 253, 255, 256, 9808219, 9817052, 0.48, 75, 500, 7, 139, 18750, 2.5
1, 19312, 253, 255, 256, 10018197, 10042001, 0.48, 75, 500, 7, 138, 18750, 2.5
1, 20218, 274, 287, 285, 10084518, 10188295, 0.48, 75, 500, 7, 146, 18750, 2.5
1, 18896, 258, 259, 261, 10192739, 10203534, 0.48, 75, 500, 7, 134, 18750, 2.5
1, 21064, 243, 264, 259, 10373230, 10418379, 0.48, 75, 500, 7, 152, 18750, 2.5
1, 23158, 253, 273, 280, 11050427, 11158428, 0.48, 75, 500, 7, 165, 18750, 2.5
1, 21136, 246, 257, 264, 10737350, 10766108, 0.48, 75, 500, 7, 148, 18750, 2.5
1, 20288, 251, 252, 259, 9759921, 10064212, 0.48, 75, 500, 7, 144, 18750, 2.5
1, 18944, 249, 250, 252, 9896401, 9934892, 0.48, 75, 500, 7, 130, 18750, 2.5
1, 18934, 242, 243, 244, 10155034, 10159928, 0.48, 75, 500, 7, 135, 18750, 2.5
1, 19897, 239, 251, 250, 9933648, 9970732, 0.48, 75, 500, 7, 146, 18750, 2.5
1, 19491, 234, 237, 239, 9803324, 9845643, 0.48, 75, 500, 7, 131, 18750, 2.5
1, 19488, 243, 247, 247, 10407898, 10422108, 0.48, 75, 500, 7, 134, 18750, 2.5
1, 19246, 249, 250, 252, 9729926, 9821771, 0.48, 75, 500, 7, 137, 18750, 2.5
0, 26250, 231, 280, 301, 11893012, 11819356, 0.48, 75, 500, 7, 193, 18750, 2.5
1, 19571, 211, 222, 215, 10500611, 10583892, 0.48, 75, 500, 7, 137, 18750, 2.5
0, 22091, 288, 319, 302, 11011074, 10733104, 0.48, 75, 500, 7, 157, 18750, 2.5
1, 19210, 236, 238, 246, 9892615, 9938686, 0.48, 75, 500, 7, 137, 18750, 2.5
1, 19217, 257, 258, 259, 10250830, 10257972, 0.48, 75, 500, 7, 139, 18750, 2.5
1, 18953, 256, 258, 259, 10117764, 10149821, 0.48, 75, 500, 7, 130, 18750, 2.5
1, 20443, 250, 261, 268, 10311531, 10412639, 0.48, 75, 500, 7, 148, 18750, 2.5
1, 19613, 237, 239, 241, 10140150, 10233002, 0.48, 75, 500, 7, 138, 18750, 2.5
0, 21681, 271, 304, 285, 10496707, 10168973, 0.48, 75, 500, 7, 152, 18750, 2.5
0, 21313, 267, 286, 275, 9526903, 9175879, 0.48, 75, 500, 6, 121, 18750, 2.5
1, 19368, 236, 239, 241, 9907839, 10024369, 0.48, 75, 500, 7, 137, 18750, 2.5
1, 19441, 260, 263, 268, 8276139, 8320093, 0.48, 75, 500, 6, 116, 18750, 2.5
1, 18830, 256, 257, 258, 10360833, 10369891, 0.48, 75, 500, 7, 134, 18750, 2.5
1, 19091, 231, 232, 234, 8402312, 8406734, 0.48, 75, 500, 6, 108, 18750, 2.5
1, 20171, 222, 232, 228, 10522272, 10553160, 0.48, 75, 500, 7, 145, 18750, 2.5
0, 24673, 248, 292, 294, 11196015, 10899104, 0.48, 75, 500, 7, 179, 18750, 2.5
0, 26250, 241, 291, 294, 10073634, 9997011, 0.48, 75, 500, 6, 151, 18750, 2.5
1, 19470, 215, 217, 220, 8640017, 8678604, 0.48, 75, 500, 6, 111, 18750, 2.5
1, 19157, 248, 251, 251, 8826772, 8841309, 0.48, 75, 500, 6, 111, 18750, 2.5
1, 19330, 260, 262, 267, 8571089, 8615669, 0.48, 75, 500, 6, 113, 18750, 2.5
1, 18906, 247, 248, 250, 8437828, 8446711, 0.48, 75, 500, 6, 103, 18750, 2.5
1, 20777, 256, 265, 269, 8957089, 9034387, 0.48, 75, 500, 6, 118, 18750, 2.5
1, 19055, 251, 252, 254, 8638342, 8681695, 0.48, 75, 500, 6, 110, 18750, 2.5
1, 18826, 245, 246, 247, 8524076, 8526009, 0.48, 75, 500, 6, 110, 18750, 2.5
1, 19027, 285, 286, 290, 9040324, 9059783, 0.48, 75, 500, 6, 110, 18750, 2.5
1, 19725, 231, 235, 235, 8639746, 8693501, 0.48, 75, 500, 6, 112, 18750, 2.5
0, 26250, 238, 275, 281, 9776753, 9704613, 0.48, 75, 500, 6, 152, 18750, 2.5
1, 19527, 244, 248, 249, 8910312, 8937880, 0.48, 75, 500, 6, 113, 18750, 2.5
1, 19192, 283, 286, 288, 8890395, 8913493, 0.48, 75, 500, 6, 115, 18750, 2.5
1, 19381, 263, 266, 267, 8440831, 8500228, 0.48, 75, 500, 6, 113, 18750, 2.5
0, 23270, 259, 289, 287, 9698745, 9504328, 0.48, 75, 500, 6, 139, 18750, 2.5
1, 19416, 266, 267, 271, 8372113, 8411638, 0.48, 75, 500, 6, 118, 18750, 2.5
1, 19451, 261, 262, 267, 8763494, 8821186, 0.48, 75, 500, 6, 120, 18750, 2.5
1, 19144, 253, 257, 255, 8509421, 8521361, 0.48, 75, 500, 6, 110, 18750, 2.5
0, 26250, 260, 298, 312, 10031458, 9842096, 0.48, 75, 500, 6, 158, 18750, 2.5
0, 26250, 249, 313, 315, 10096364, 10013462, 0.48, 75, 500, 6, 155, 18750, 2.5
0, 26250, 284, 344, 345, 10010548, 9816834, 0.48, 75, 500, 6, 162, 18750, 2.5
1, 19227, 247, 251, 252, 8630677, 8648316, 0.48, 75, 500, 6, 115, 18750, 2.5
1, 20004, 246, 253, 251, 8436731, 8551461, 0.48, 75, 500, 6, 117, 18750, 2.5
1, 20323, 244, 254, 253, 8817582, 8866963, 0.48, 75, 500, 6, 123, 18750, 2.5
1, 19323, 244, 245, 247, 8519219, 8531812, 0.48, 75, 500, 6, 117, 18750, 2.5
1, 19562, 229, 232, 235, 8494246, 8555383, 0.48, 75, 500, 6, 117, 18750, 2.5
1, 21402, 256, 268, 271, 8725642, 8808243, 0.48, 75, 500, 6, 127, 18750, 2.5
1, 19655, 255, 263, 261, 8553557, 8591923, 0.48, 75, 500, 6, 120, 18750, 2.5
1, 20740, 246, 259, 252, 8681302, 8707338, 0.48, 75, 500, 6, 129, 18750, 2.5
0, 26250, 237, 288, 293, 10283255, 10213294, 0.48, 75, 500, 6, 160, 18750, 2.5
1, 19010, 284, 285, 286, 8204332, 8211944, 0.48, 75, 500, 6, 113, 18750, 2.5
1, 19816, 226, 231, 232, 8341983, 8381153, 0.48, 75, 500, 6, 115, 18750, 2.5
1, 19296, 266, 267, 271, 8584813, 8588832, 0.48, 75, 500, 6, 110, 18750, 2.5
1, 19467, 283, 287, 287, 8664678, 8668996, 0.48, 75, 500, 6, 112, 18750, 2.5
1, 19051, 256, 258, 259, 8626842, 8635917, 0.48, 75, 500, 6, 109, 18750, 2.5
1, 18979, 218, 219, 220, 8414041, 8451400, 0.48, 75, 500, 6, 114, 18750, 2.5
0, 21845, 269, 293, 284, 9016680, 8843696, 0.48, 75, 500, 6, 127, 18750, 2.5
1, 18882, 227, 228, 229, 8370853, 8401529, 0.48, 75, 500, 6, 107, 18750, 2.5
1, 20820, 254, 264, 265, 9156939, 9238212, 0.48, 75, 500, 6, 126, 18750, 2.5
1, 19062, 239, 243, 244, 8183772, 8219987, 0.48, 75, 500, 6, 107, 18750, 2.5
1, 20245, 253, 260, 259, 9120174, 9148691, 0.48, 75, 500, 6, 114, 18750, 2.5
1, 19037, 251, 252, 253, 8640425, 8652114, 0.48, 75, 500, 6, 109, 18750, 2.5
0, 21388, 247, 264, 262, 8993712, 8736710, 0.48, 75, 500, 6, 125, 18750, 2.5
1, 22406, 242, 277, 265, 8932038, 8947914, 0.48, 75, 500, 6, 130, 18750, 2.5
1, 19362, 272, 275, 277, 8662933, 8792304, 0.48, 75, 500, 6, 117, 18750, 2.5
1, 19158, 264, 266, 268, 8191692, 8255010, 0.48, 75, 500, 6, 115, 18750, 2.5
1, 19115, 253, 255, 258, 8192815, 8219477, 0.48, 75, 500, 6, 114, 18750, 2.5
1, 23143, 246, 276, 265, 10162349, 10215310, 0.48, 75, 500, 6, 141, 18750, 2.5
1, 20000, 226, 229, 234, 9212322, 9237126, 0.48, 75, 500, 6, 120, 18750, 2.5
1, 21431, 270, 284, 284, 9187321, 9200080, 0.48, 75, 500, 6, 128, 18750, 2.5
1, 19325, 275, 276, 279, 8497001, 8518710, 0.48, 75, 500, 6, 113, 18750, 2.5
1, 18854, 253, 254, 255, 8379429, 8392766, 0.48, 75, 500, 6, 113, 18750, 2.5
1, 18915, 272, 273, 274, 8773560, 8784713, 0.48, 75, 500, 6, 116, 18750, 2.5
0, 25378, 251, 290, 319, 9947393, 9759851, 0.48, 75, 500, 6, 158, 18750, 2.5
1, 20231, 235, 246, 244, 8570178, 8640001, 0.48, 75, 500, 6, 121, 18750, 2.5
1, 19137, 248, 254, 251, 8772503, 8778583, 0.48, 75, 500, 6, 116, 18750, 2.5
1, 20176, 258, 271, 269, 8756574, 8790119, 0.48, 75, 500, 6, 117, 18750, 2.5
0, 22898, 240, 254, 271, 9395542, 9169983, 0.48, 75, 500, 6, 141, 18750, 2.5
1, 19489, 255, 259, 259, 8533904, 8543092, 0.48, 75, 500, 6, 117, 18750, 2.5
0, 25520, 251, 293, 315, 10390231, 9901284, 0.48, 75, 500, 6, 157, 18750, 2.5
1, 19519, 248, 250, 252, 8347507, 8410828, 0.48, 75, 500, 6, 113, 18750, 2.5
1, 19923, 264, 266, 270, 8563864, 8630993, 0.48, 75, 500, 6, 116, 18750, 2.5
1, 19350, 257, 263, 260, 8559037, 8594573, 0.48, 75, 500, 6, 114, 18750, 2.5
1, 18866, 244, 245, 248, 8300795, 8325295, 0.48, 75, 500, 6, 111, 18750, 2.5
1, 19698, 225, 227, 231, 8734025, 8857346, 0.48, 75, 500, 6, 109, 18750, 2.5
1, 20284, 251, 260, 260, 8802468, 8822982, 0.48, 75, 500, 6, 118, 18750, 2.5
1, 24903, 247, 286, 290, 10104785, 10115938, 0.48, 75, 500, 6, 147, 18750, 2.5
1, 19158, 244, 245, 247, 8343346, 8373204, 0.48, 75, 500, 6, 109, 18750, 2.5
0, 22197, 246, 265, 266, 9108390, 8890942, 0.48, 75, 500, 6, 132, 18750, 2.5
1, 19694, 276, 281, 278, 8599030, 8709512, 0.48, 75, 500, 6, 117, 18750, 2.5
1, 19098, 265, 266, 268, 8619732, 8665947, 0.48, 75, 500, 6, 112, 18750, 2.5
1, 24674, 275, 312, 328, 9461365, 9505417, 0.48, 75, 500, 6, 142, 18750, 2.5
1, 19365, 263, 269, 268, 8442885, 8464667, 0.48, 75, 500, 6, 107, 18750, 2.5
1, 25947, 271, 317, 321, 10384642, 10491789, 0.48, 75, 500, 6, 156, 18750, 2.5
1, 20129, 239, 251, 254, 9249476, 9261929, 0.48, 75, 500, 6, 116, 18750, 2.5
0, 20042, 258, 270, 262, 8410785, 8239508, 0.48, 75, 500, 6, 112, 18750, 2.5
0, 26194, 247, 294, 295, 10050438, 9785801, 0.48, 75, 500, 6, 154, 18750, 2.5
1, 19065, 227, 228, 229, 8723543, 8766858, 0.48, 75, 500, 6, 106, 18750, 2.5
1, 20259, 287, 289, 292, 8956490, 9048012, 0.48, 75, 500, 6, 110, 18750, 2.5
0, 22801, 261, 285, 288, 9533553, 9248599, 0.48, 75, 500, 6, 133, 18750, 2.5
0, 25322, 241, 295, 288, 10490657, 10201502, 0.48, 75, 500, 6, 146, 18750, 2.5
1, 19074, 259, 260, 263, 8408793, 8421430, 0.48, 75, 500, 6, 110, 18750, 2.5
1, 19165, 239, 240, 244, 8680876, 8709135, 0.48, 75, 500, 6, 106, 18750, 2.5
1, 19331, 258, 259, 269, 8487831, 8574131, 0.48, 75, 500, 6, 111, 18750, 2.5
1, 19479, 232, 233, 237, 8739922, 8804396, 0.48, 75, 500, 6, 111, 18750, 2.5
1, 19724, 221, 228, 226, 9142506, 9177851, 0.48, 75, 500, 6, 110, 18750, 2.5
1, 20021, 259, 265, 265, 8903288, 8909275, 0.48, 75, 500, 6, 115, 18750, 2.5
1, 20362, 236, 248, 247, 8462722, 8481928, 0.48, 75, 500, 6, 116, 18750, 2.5
0, 26250, 257, 318, 301, 9986987, 9749111, 0.48, 75, 500, 6, 158, 18750, 2.5
1, 19366, 266, 270, 270, 8454795, 8470063, 0.48, 75, 500, 6, 111, 18750, 2.5
0, 20928, 236, 256, 243, 8921555, 8597913, 0.48, 75, 500, 6, 122, 18750, 2.5
1, 19146, 280, 282, 284, 8146771, 8166755, 0.48, 75, 500, 6, 107, 18750, 2.5
0, 26250, 244, 300, 291, 10278588, 9920485, 0.48, 75, 500, 6, 155, 18750, 2.5
0, 22817, 258, 281, 285, 9722324, 9425181, 0.48, 75, 500, 6, 137, 18750, 2.5
1, 19382, 257, 258, 263, 8736912, 8791265, 0.48, 75, 500, 6, 112, 18750, 2.5
1, 20722, 219, 227, 225, 9124001, 9161184, 0.48, 75, 500, 6, 117, 18750, 2.5
1, 19263, 253, 256, 259, 7187831, 7224099, 0.48, 75, 500, 5, 82, 18750, 2.5
1, 19946, 248, 251, 253, 7354765, 7402591, 0.48, 75, 500, 5, 84, 18750, 2.5
1, 19539, 228, 230, 231, 7171978, 7227835, 0.48, 75, 500, 5, 88, 18750, 2.5
0, 21496, 278, 296, 294, 7421461, 7232568, 0.48, 75, 500, 5, 101, 18750, 2.5
1, 19196, 260, 261, 263, 7313967, 7355199, 0.48, 75, 500, 5, 86, 18750, 2.5
1, 19745, 260, 266, 264, 8802295, 8852688, 0.48, 75, 500, 6, 115, 18750, 2.5
1, 18986, 239, 240, 241, 7256769, 7287071, 0.48, 75, 500, 5, 86, 18750, 2.5
1, 19155, 253, 254, 257, 7416580, 7446544, 0.48, 75, 500, 5, 86, 18750, 2.5
1, 19632, 261, 264, 270, 7740690, 7760115, 0.48, 75, 500, 5, 88, 18750, 2.5
1, 20895, 264, 275, 273, 7662757, 7759122, 0.48, 75, 500, 5, 96, 18750, 2.5
1, 19868, 261, 269, 268, 7323059, 7355975, 0.48, 75, 500, 5, 93, 18750, 2.5
1, 19364, 251, 252, 254, 7523989, 7565003, 0.48, 75, 500, 5, 87, 18750, 2.5
1, 19311, 261, 263, 269, 7160862, 7181547, 0.48, 75, 500, 5, 92, 18750, 2.5
1, 19254, 237, 240, 242, 7149888, 7175714, 0.48, 75, 500, 5, 85, 18750, 2.5
0, 25302, 252, 297, 294, 8587229, 8324217, 0.48, 75, 500, 5, 120, 18750, 2.5
1, 22438, 268, 298, 291, 7780758, 7784581, 0.48, 75, 500, 5, 103, 18750, 2.5
1, 19315, 269, 272, 272, 7030985, 7031037, 0.48, 75, 500, 5, 88, 18750, 2.5
1, 20593, 260, 268, 272, 6948731, 6972586, 0.48, 75, 500, 5, 94, 18750, 2.5
1, 19368, 256, 258, 259, 7128656, 7171298, 0.48, 75, 500, 5, 88, 18750, 2.5
0, 26250, 238, 282, 300, 8075415, 7994024, 0.48, 75, 500, 5, 122, 18750, 2.5
0, 25855, 252, 300, 304, 8528373, 8192322, 0.48, 75, 500, 5, 123, 18750, 2.5
1, 19788, 246, 253, 251, 7226159, 7324367, 0.48, 75, 500, 5, 93, 18750, 2.5
1, 20058, 249, 258, 254, 7108378, 7117508, 0.48, 75, 500, 5, 88, 18750, 2.5
0, 26250, 251, 309, 298, 8344592, 8106506, 0.48, 75, 500, 5, 123, 18750, 2.5
1, 20588, 248, 256, 268, 7659435, 7675057, 0.48, 75, 500, 5, 94, 18750, 2.5
1, 20092, 243, 244, 247, 7440645, 7480155, 0.48, 75, 500, 5, 90, 18750, 2.5
1, 25659, 240, 284, 305, 8288783, 8359514, 0.48, 75, 500, 5, 117, 18750, 2.5
1, 18870, 243, 244, 245, 7075749, 7084509, 0.48, 75, 500, 5, 85, 18750, 2.5
1, 18970, 231, 232, 234, 7095605, 7133097, 0.48, 75, 500, 5, 88, 18750, 2.5
1, 19551, 229, 232, 239, 7407405, 7444219, 0.48, 75, 500, 5, 87, 18750, 2.5
1, 18893, 265, 266, 267, 6840694, 6847273, 0.48, 75, 500, 5, 84, 18750, 2.5
0, 26250, 236, 300, 275, 8382422, 8308085, 0.48, 75, 500, 5, 122, 18750, 2.5
1, 21341, 213, 223, 224, 7747403, 7768341, 0.48, 75, 500, 5, 95, 18750, 2.5
1, 19378, 246, 250, 248, 7408136, 7432382, 0.48, 75, 500, 5, 87, 18750, 2.5
1, 19113, 252, 253, 255, 7430765, 7471739, 0.48, 75, 500, 5, 88, 18750, 2.5
1, 20013, 238, 239, 244, 7622080, 7634368, 0.48, 75, 500, 5, 93, 18750, 2.5
0, 26250, 265, 324, 306, 8786070, 8675139, 0.48, 75, 500, 5, 121, 18750, 2.5
1, 19015, 222, 223, 224, 7029145, 7069356, 0.48, 75, 500, 5, 85, 18750, 2.5
1, 19036, 251, 252, 253, 7056170, 7059711, 0.48, 75, 500, 5, 89, 18750, 2.5
0, 26250, 241, 301, 299, 7875360, 7812196, 0.48, 75, 500, 5, 125, 18750, 2.5
1, 19483, 249, 251, 255, 7308445, 7369293, 0.48, 75, 500, 5, 86, 18750, 2.5
1, 24164, 259, 303, 301, 8088297, 8127242, 0.48, 75, 500, 5, 112, 18750, 2.5
0, 26250, 274, 343, 322, 8173659, 8014177, 0.48, 75, 500, 5, 124, 18750, 2.5
0, 19634, 238, 240, 239, 7560161, 7276515, 0.48, 75, 500, 5, 93, 18750, 2.5
0, 22610, 254, 283, 278, 8090679, 7899801, 0.48, 75, 500, 5, 107, 18750, 2.5
0, 21423, 259, 277, 274, 7591816, 7368570, 0.48, 75, 500, 5, 97, 18750, 2.5
1, 19104, 246, 251, 251, 7094675, 7104680, 0.48, 75, 500, 5, 91, 18750, 2.5
1, 19503, 244, 248, 248, 7226841, 7246388, 0.48, 75, 500, 5, 88, 18750, 2.5
0, 26250, 255, 319, 312, 8456743, 8286809, 0.48, 75, 500, 5, 126, 18750, 2.5
0, 26250, 247, 320, 271, 8618441, 8534557, 0.48, 75, 500, 5, 125, 18750, 2.5
0, 26250, 242, 300, 300, 8360374, 8175549, 0.48, 75, 500, 5, 128, 18750, 2.5
0, 26250, 238, 278, 287, 8031183, 7954477, 0.48, 75, 500, 5, 128, 18750, 2.5
0, 21821, 264, 284, 286, 8077671, 7941386, 0.48, 75, 500, 5, 106, 18750, 2.5
1, 19211, 266, 267, 271, 7274574, 7306701, 0.48, 75, 500, 5, 89, 18750, 2.5
1, 19689, 245, 247, 249, 7337955, 7365414, 0.48, 75, 500, 5, 92, 18750, 2.5
1, 19644, 251, 255, 264, 7384172, 7493973, 0.48, 75, 500, 5, 95, 18750, 2.5
0, 20989, 250, 269, 260, 7454060, 7139644, 0.48, 75, 500, 5, 101, 18750, 2.5
1, 19413, 251, 253, 255, 7444326, 7451189, 0.48, 75, 500, 5, 94, 18750, 2.5
1, 19452, 265, 269, 268, 7222870, 7252543, 0.48, 75, 500, 5, 93, 18750, 2.5
1, 19422, 255, 256, 265, 7522705, 7610925, 0.48, 75, 500, 5, 92, 18750, 2.5
1, 19206, 264, 266, 270, 7189937, 7196978, 0.48, 75, 500, 5, 90, 18750, 2.5
1, 20011, 266, 270, 273, 7287396, 7345619, 0.48, 75, 500, 5, 99, 18750, 2.5
1, 19011, 238, 239, 242, 6912737, 6928871, 0.48, 75, 500, 5, 92, 18750, 2.5
0, 26250, 267, 332, 327, 8080127, 8003801, 0.48, 75, 500, 5, 128, 18750, 2.5
1, 18869, 240, 242, 242, 6808007, 6808015, 0.48, 75, 500, 5, 89, 18750, 2.5
1, 18821, 262, 263, 265, 7209885, 7216162, 0.48, 75, 500, 5, 90, 18750, 2.5
0, 26250, 288, 328, 327, 8556773, 8398797, 0.48, 75, 500, 5, 132, 18750, 2.5
1, 19328, 240, 242, 242, 7098277, 7124977, 0.48, 75, 500, 5, 93, 18750, 2.5
1, 19456, 241, 242, 247, 7814197, 7838302, 0.48, 75, 500, 5, 95, 18750, 2.5
0, 22529, 291, 324, 311, 7716040, 7558009, 0.48, 75, 500, 5, 108, 18750, 2.5
1, 21189, 239, 258, 252, 7465948, 7526483, 0.48, 75, 500, 5, 103, 18750, 2.5
0, 26250, 268, 323, 325, 8266681, 8098520, 0.48, 75, 500, 5, 132, 18750, 2.5
1, 19899, 240, 248, 254, 7063250, 7068664, 0.48, 75, 500, 5, 99, 18750, 2.5
1, 19200, 219, 222, 223, 7124804, 7143469, 0.48, 75, 500, 5, 91, 18750, 2.5
1, 19101, 248, 249, 251, 7209302, 7242292, 0.48, 75, 500, 5, 94, 18750, 2.5
1, 19197, 252, 255, 258, 7095212, 7124133, 0.48, 75, 500, 5, 98, 18750, 2.5
0, 19106, 258, 261, 259, 6553900, 6448594, 0.48, 75, 500, 5, 94, 18750, 2.5
1, 19432, 239, 243, 245, 6868637, 6929163, 0.48, 75, 500, 5, 93, 18750, 2.5
1, 19922, 249, 254, 256, 6900441, 6953762, 0.48, 75, 500, 5, 99, 18750, 2.5
1, 19357, 237, 242, 243, 7200707, 7236995, 0.48, 75, 500, 5, 97, 18750, 2.5
1, 19465, 264, 266, 271, 7487507, 7549057, 0.48, 75, 500, 5, 95, 18750, 2.5
1, 18963, 256, 257, 259, 7044243, 7046883, 0.48, 75, 500, 5, 86, 18750, 2.5
1, 19436, 240, 242, 249, 6921590, 6957281, 0.48, 75, 500, 5, 90, 18750, 2.5
1, 19800, 262, 264, 266, 7478981, 7485040, 0.48, 75, 500, 5, 94, 18750, 2.5
0, 26250, 252, 307, 303, 8567816, 8439931, 0.48, 75, 500, 5, 130, 18750, 2.5
1, 19569, 247, 252, 254, 7046046, 7047152, 0.48, 75, 500, 5, 95, 18750, 2.5
0, 26250, 264, 319, 308, 8599678, 8403685, 0.48, 75, 500, 5, 128, 18750, 2.5
1, 21914, 247, 273, 259, 7571935, 7586168, 0.48, 75, 500, 5, 105, 18750, 2.5
1, 20741, 246, 255, 253, 7301057, 7371080, 0.48, 75, 500, 5, 97, 18750, 2.5
1, 18958, 233, 235, 238, 7264299, 7281056, 0.48, 75, 500, 5, 92, 18750, 2.5
1, 19220, 265, 268, 270, 6943987, 6980274, 0.48, 75, 500, 5, 91, 18750, 2.5
0, 26250, 257, 320, 313, 8386056, 8242198, 0.48, 75, 500, 5, 126, 18750, 2.5
1, 19863, 233, 236, 241, 7009145, 7108816, 0.48, 75, 500, 5, 87, 18750, 2.5
1, 19045, 260, 261, 263, 7260943, 7291002, 0.48, 75, 500, 5, 89, 18750, 2.5
1, 19751, 233, 238, 239, 6849369, 6889331, 0.48, 75, 500, 5, 89, 18750, 2.5
0, 21009, 250, 265, 262, 7278353, 7137690, 0.48, 75, 500, 5, 100, 18750, 2.5
1, 19390, 270, 272, 274, 7285325, 7352716, 0.48, 75, 500, 5, 88, 18750, 2.5
0, 19579, 227, 233, 228, 7463971, 7221052, 0.48, 75, 500, 5, 86, 18750, 2.5
1, 20293, 238, 248, 252, 5857694, 5892015, 0.48, 75, 500, 4, 73, 18750, 2.5
1, 19279, 252, 258, 256, 5382811, 5419355, 0.48, 75, 500, 4, 69, 18750, 2.5
1, 18978, 226, 227, 230, 6078713, 6116322, 0.48, 75, 500, 4, 68, 18750, 2.5
0, 23165, 239, 272, 261, 8101819, 7859489, 0.48, 75, 500, 5, 113, 18750, 2.5
0, 23703, 264, 287, 296, 8593180, 8249869, 0.48, 75, 500, 5, 117, 18750, 2.5
0, 25217, 247, 296, 290, 8239035, 7951195, 0.48, 75, 500, 5, 126, 18750, 2.5
1, 21559, 254, 274, 271, 6425795, 6454934, 0.48, 75, 500, 4, 80, 18750, 2.5
1, 19312, 252, 257, 256, 5865511, 5880332, 0.48, 75, 500, 4, 74, 18750, 2.5
1, 18952, 264, 265, 266, 5456616, 5466833, 0.48, 75, 500, 4, 72, 18750, 2.5
0, 21316, 247, 262, 265, 6122474, 5955925, 0.48, 75, 500, 4, 76, 18750, 2.5
1, 19117, 265, 268, 270, 5652252, 5660665, 0.48, 75, 500, 4, 71, 18750, 2.5
0, 21686, 268, 304, 286, 6276955, 6102061, 0.48, 75, 500, 4, 81, 18750, 2.5
0, 26250, 243, 285, 306, 6737274, 6677953, 0.48, 75, 500, 4, 100, 18750, 2.5
1, 19547, 272, 277, 277, 6083639, 6108483, 0.48, 75, 500, 4, 70, 18750, 2.5
1, 19579, 236, 242, 242, 5413708, 5450343, 0.48, 75, 500, 4, 73, 18750, 2.5
1, 19049, 259, 262, 261, 5841469, 5879168, 0.48, 75, 500, 4, 64, 18750, 2.5
1, 20425, 222, 229, 228, 5892323, 5918957, 0.48, 75, 500, 4, 71, 18750, 2.5
1, 19190, 254, 258, 257, 6030378, 6054683, 0.48, 75, 500, 4, 68, 18750, 2.5
1, 21830, 261, 284, 288, 5585088, 5590862, 0.48, 75, 500, 4, 79, 18750, 2.5
1, 19207, 266, 267, 271, 5487812, 5515211, 0.48, 75, 500, 4, 66, 18750, 2.5
0, 20108, 250, 258, 256, 5723133, 5540602, 0.48, 75, 500, 4, 73, 18750, 2.5
0, 22867, 208, 231, 241, 6127581, 5932085, 0.48, 75, 500, 4, 82, 18750, 2.5
1, 19026, 262, 266, 265, 5614588, 5622149, 0.48, 75, 500, 4, 64, 18750, 2.5
1, 19511, 262, 265, 264, 6017066, 6049279, 0.48, 75, 500, 4, 69, 18750, 2.5
1, 21299, 242, 266, 264, 5855534, 5875015, 0.48, 75, 500, 4, 79, 18750, 2.5
1, 19640, 230, 236, 236, 5699178, 5708910, 0.48, 75, 500, 4, 64, 18750, 2.5
1, 19385, 275, 279, 278, 5768068, 5781913, 0.48, 75, 500, 4, 68, 18750, 2.5
1, 18969, 272, 274, 278, 5479956, 5514996, 0.48, 75, 500, 4, 62, 18750, 2.5
1, 18959, 248, 250, 251, 5404794, 5406718, 0.48, 75, 500, 4, 65, 18750, 2.5
1, 18878, 265, 266, 267, 5665395, 5669668, 0.48, 75, 500, 4, 63, 18750, 2.5
1, 23808, 220, 261, 248, 6194114, 6270435, 0.48, 75, 500, 4, 84, 18750, 2.5
1, 24106, 254, 298, 295, 6339856, 6363256, 0.48, 75, 500, 4, 88, 18750, 2.5
1, 19182, 252, 254, 255, 5465591, 5489190, 0.48, 75, 500, 4, 65, 18750, 2.5
1, 20829, 241, 254, 250, 6046768, 6047465, 0.48, 75, 500, 4, 69, 18750, 2.5
1, 19742, 262, 266, 269, 5664910, 5677695, 0.48, 75, 500, 4, 65, 18750, 2.5
1, 19102, 247, 249, 249, 5676392, 5683950, 0.48, 75, 500, 4, 66, 18750, 2.5
1, 19280, 258, 259, 261, 6060049, 6107264, 0.48, 75, 500, 4, 67, 18750, 2.5
0, 23576, 247, 283, 274, 6495323, 6282910, 0.48, 75, 500, 4, 87, 18750, 2.5
1, 25628, 236, 272, 264, 7033109, 7062892, 0.48, 75, 500, 4, 91, 18750, 2.5
1, 20028, 245, 249, 251, 5947727, 5954478, 0.48, 75, 500, 4, 72, 18750, 2.5
1, 19674, 253, 261, 259, 5880132, 5910362, 0.48, 75, 500, 4, 70, 18750, 2.5
1, 19069, 257, 261, 263, 5768695, 5791281, 0.48, 75, 500, 4, 67, 18750, 2.5
0, 26250, 225, 277, 287, 6968691, 6901530, 0.48, 75, 500, 4, 98, 18750, 2.5
1, 19290, 232, 235, 235, 5604830, 5618013, 0.48, 75, 500, 4, 72, 18750, 2.5
1, 19293, 265, 266, 269, 5825647, 5836830, 0.48, 75, 500, 4, 71, 18750, 2.5
1, 19028, 252, 254, 257, 5562639, 5593119, 0.48, 75, 500, 4, 70, 18750, 2.5
1, 19232, 246, 247, 249, 5500285, 5520154, 0.48, 75, 500, 4, 71, 18750, 2.5
1, 18988, 255, 256, 258, 5691232, 5712900, 0.48, 75, 500, 4, 70, 18750, 2.5
1, 19552, 231, 236, 235, 5978073, 6005740, 0.48, 75, 500, 4, 72, 18750, 2.5
1, 23314, 250, 273, 273, 6162564, 6208334, 0.48, 75, 500, 4, 88, 18750, 2.5
1, 18997, 232, 233, 236, 5804856, 5814381, 0.48, 75, 500, 4, 69, 18750, 2.5
0, 21824, 230, 258, 247, 5898334, 5627981, 0.48, 75, 500, 4, 79, 18750, 2.5
1, 19133, 199, 200, 201, 5558213, 5561127, 0.48, 75, 500, 4, 69, 18750, 2.5
1, 19589, 265, 266, 271, 5671456, 5696719, 0.48, 75, 500, 4, 70, 18750, 2.5
0, 26250, 229, 284, 269, 6985474, 6908808, 0.48, 75, 500, 4, 103, 18750, 2.5
1, 19380, 232, 234, 239, 5708423, 5763041, 0.48, 75, 500, 4, 71, 18750, 2.5
1, 20932, 256, 271, 278, 5848048, 5857946, 0.48, 75, 500, 4, 80, 18750, 2.5
1, 19009, 270, 273, 274, 5502601, 5521342, 0.48, 75, 500, 4, 73, 18750, 2.5
0, 21401, 258, 281, 276, 5949810, 5774870, 0.48, 75, 500, 4, 77, 18750, 2.5
1, 19566, 272, 278, 281, 5679719, 5753609, 0.48, 75, 500, 4, 72, 18750, 2.5
1, 20116, 264, 269, 269, 5758010, 5765429, 0.48, 75, 500, 4, 74, 18750, 2.5
0, 22807, 254, 274, 275, 6104631, 5874030, 0.48, 75, 500, 4, 86, 18750, 2.5
1, 19494, 267, 270, 275, 5370991, 5424394, 0.48, 75, 500, 4, 71, 18750, 2.5
1, 20841, 259, 273, 278, 5644944, 5659783, 0.48, 75, 500, 4, 77, 18750, 2.5
1, 20630, 225, 245, 230, 5853855, 5870450, 0.48, 75, 500, 4, 76, 18750, 2.5
0, 23485, 261, 303, 296, 6330103, 6150553, 0.48, 75, 500, 4, 88, 18750, 2.5
1, 19454, 234, 237, 238, 5788824, 5839008, 0.48, 75, 500, 4, 70, 18750, 2.5
1, 18839, 258, 259, 260, 5789152, 5799752, 0.48, 75, 500, 4, 67, 18750, 2.5
0, 20836, 255, 262, 259, 5973896, 5826329, 0.48, 75, 500, 4, 76, 18750, 2.5
1, 19500, 280, 286, 285, 6146731, 6163320, 0.48, 75, 500, 4, 75, 18750, 2.5
1, 20490, 275, 286, 284, 5869051, 5902211, 0.48, 75, 500, 4, 74, 18750, 2.5
1, 19448, 245, 249, 250, 5944435, 5953832, 0.48, 75, 500, 4, 74, 18750, 2.5
0, 26250, 250, 312, 300, 7263565, 6964088, 0.48, 75, 500, 4, 95, 18750, 2.5
1, 18878, 255, 256, 257, 5884640, 5887883, 0.48, 75, 500, 4, 68, 18750, 2.5
1, 19340, 246, 249, 249, 5921071, 5955875, 0.48, 75, 500, 4, 71, 18750, 2.5
1, 19511, 258, 262, 269, 5991377, 6048133, 0.48, 75, 500, 4, 69, 18750, 2.5
1, 19205, 267, 272, 271, 5563151, 5567413, 0.48, 75, 500, 4, 70, 18750, 2.5
1, 19849, 249, 255, 256, 5401051, 5404892, 0.48, 75, 500, 4, 74, 18750, 2.5
0, 22365, 270, 294, 282, 6153178, 6003830, 0.48, 75, 500, 4, 91, 18750, 2.5
1, 19589, 273, 277, 278, 5919239, 5974755, 0.48, 75, 500, 4, 74, 18750, 2.5
1, 19408, 252, 253, 256, 5896542, 5946136, 0.48, 75, 500, 4, 74, 18750, 2.5
1, 19888, 263, 269, 268, 5797369, 5859832, 0.48, 75, 500, 4, 72, 18750, 2.5
1, 18980, 250, 251, 252, 5991665, 6014619, 0.48, 75, 500, 4, 70, 18750, 2.5
0, 26250, 235, 278, 297, 6440980, 6443676, 0.48, 75, 500, 4, 100, 18750, 2.5
1, 19219, 260, 262, 265, 5980511, 6017306, 0.48, 75, 500, 4, 74, 18750, 2.5
0, 24318, 252, 304, 280, 6410722, 6161656, 0.48, 75, 500, 4, 95, 18750, 2.5
1, 19308, 230, 234, 234, 5349529, 5354658, 0.48, 75, 500, 4, 69, 18750, 2.5
0, 26250, 244, 297, 283, 6913428, 6738738, 0.48, 75, 500, 4, 95, 18750, 2.5
1, 19297, 283, 286, 288, 5610586, 5622575, 0.48, 75, 500, 4, 69, 18750, 2.5
1, 19413, 260, 261, 264, 5869553, 5935027, 0.48, 75, 500, 4, 69, 18750, 2.5
1, 18874, 254, 255, 256, 5492987, 5499193, 0.48, 75, 500, 4, 65, 18750, 2.5
1, 19819, 271, 275, 277, 6003848, 6008465, 0.48, 75, 500, 4, 72, 18750, 2.5
1, 19174, 259, 260, 263, 5224899, 5259815, 0.48, 75, 500, 4, 69, 18750, 2.5
1, 19482, 233, 240, 237, 5665359, 5672610, 0.48, 75, 500, 4, 71, 18750, 2.5
1, 19470, 232, 235, 236, 5832307, 5851333, 0.48, 75, 500, 4, 67, 18750, 2.5
1, 19844, 229, 236, 235, 5710808, 5722199, 0.48, 75, 500, 4, 71, 18750, 2.5
1, 19825, 251, 262, 256, 5578707, 5604961, 0.48, 75, 500, 4, 72, 18750, 2.5
0, 23853, 260, 299, 304, 6398135, 6197512, 0.48, 75, 500, 4, 90, 18750, 2.5
1, 19053, 250, 251, 253, 5545232, 5549493, 0.48, 75, 500, 4, 71, 18750, 2.5
1, 19182, 231, 234, 234, 5885079, 5891945, 0.48, 75, 500, 4, 69, 18750, 2.5
0, 26250, 241, 302, 298, 7118748, 6931428, 0.48, 75, 500, 4, 99, 18750, 2.5
1, 19705, 276, 282, 282, 4268239, 4277707, 0.48, 75, 500, 3, 53, 18750, 2.5
0, 20859, 282, 294, 295, 4279777, 4196354, 0.48, 75, 500, 3, 56, 18750, 2.5
0, 25493, 245, 295, 283, 6872741, 6579352, 0.48, 75, 500, 4, 100, 18750, 2.5
1, 19627, 235, 242, 244, 5379217, 5430049, 0.48, 75, 500, 4, 74, 18750, 2.5
1, 19557, 244, 249, 252, 4154421, 4175084, 0.48, 75, 500, 3, 54, 18750, 2.5
1, 19556, 252, 255, 257, 4100787, 4125372, 0.48, 75, 500, 3, 53, 18750, 2.5
1, 19676, 259, 269, 264, 4627788, 4635733, 0.48, 75, 500, 3, 53, 18750, 2.5
1, 19453, 251, 252, 255, 4223897, 4273327, 0.48, 75, 500, 3, 50, 18750, 2.5
1, 19444, 259, 264, 264, 4108056, 4117666, 0.48, 75, 500, 3, 54, 18750, 2.5
1, 18936, 258, 260, 260, 4085937, 4085938, 0.48, 75, 500, 3, 49, 18750, 2.5
0, 19822, 271, 279, 273, 4203309, 4076799, 0.48, 75, 500, 3, 51, 18750, 2.5
0, 26250, 280, 345, 339, 5046594, 4891314, 0.48, 75, 500, 3, 73, 18750, 2.5
1, 18826, 261, 262, 263, 4517274, 4519519, 0.48, 75, 500, 3, 50, 18750, 2.5
1, 19671, 271, 274, 276, 4368592, 4370460, 0.48, 75, 500, 3, 50, 18750, 2.5
1, 19182, 244, 248, 248, 4435801, 4441807, 0.48, 75, 500, 3, 53, 18750, 2.5
1, 19576, 250, 255, 256, 4185917, 4201706, 0.48, 75, 500, 3, 53, 18750, 2.5
1, 18913, 254, 255, 257, 4407067, 4409899, 0.48, 75, 500, 3, 52, 18750, 2.5
1, 19601, 263, 265, 269, 4332664, 4373931, 0.48, 75, 500, 3, 48, 18750, 2.5
1, 19525, 265, 275, 275, 4311895, 4316987, 0.48, 75, 500, 3, 55, 18750, 2.5
1, 19319, 250, 251, 252, 4217444, 4218608, 0.48, 75, 500, 3, 49, 18750, 2.5
1, 19553, 270, 273, 278, 4261422, 4276023, 0.48, 75, 500, 3, 52, 18750, 2.5
1, 21694, 233, 253, 260, 4636347, 4655938, 0.48, 75, 500, 3, 55, 18750, 2.5
0, 26250, 245, 304, 297, 5093480, 5004323, 0.48, 75, 500, 3, 74, 18750, 2.5
1, 21700, 245, 260, 265, 4466892, 4498673, 0.48, 75, 500, 3, 61, 18750, 2.5
1, 19568, 204, 210, 207, 4367092, 4372128, 0.48, 75, 500, 3, 47, 18750, 2.5
1, 19147, 223, 226, 228, 4092879, 4116309, 0.48, 75, 500, 3, 46, 18750, 2.5
1, 19051, 224, 225, 226, 4401964, 4409325, 0.48, 75, 500, 3, 47, 18750, 2.5
1, 19254, 239, 242, 243, 4182520, 4187197, 0.48, 75, 500, 3, 54, 18750, 2.5
1, 20547, 216, 229, 225, 4220277, 4230570, 0.48, 75, 500, 3, 57, 18750, 2.5
1, 19027, 249, 250, 251, 4439753, 4450786, 0.48, 75, 500, 3, 46, 18750, 2.5
1, 19477, 264, 266, 268, 4225102, 4239020, 0.48, 75, 500, 3, 51, 18750, 2.5
1, 19727, 243, 246, 248, 4141836, 4180511, 0.48, 75, 500, 3, 51, 18750, 2.5
1, 19003, 274, 276, 277, 4246762, 4263328, 0.48, 75, 500, 3, 49, 18750, 2.5
1, 19174, 231, 234, 237, 4097274, 4128317, 0.48, 75, 500, 3, 46, 18750, 2.5
1, 19553, 257, 261, 260, 4343199, 4357965, 0.48, 75, 500, 3, 50, 18750, 2.5
1, 20386, 273, 285, 280, 4379311, 4379451, 0.48, 75, 500, 3, 53, 18750, 2.5
1, 19288, 272, 273, 275, 4278074, 4301335, 0.48, 75, 500, 3, 51, 18750, 2.5
1, 19903, 279, 284, 286, 4142441, 4172504, 0.48, 75, 500, 3, 53, 18750, 2.5
0, 26250, 238, 287, 291, 4934040, 4870578, 0.48, 75, 500, 3, 68, 18750, 2.5
0, 23388, 230, 262, 264, 4708772, 4533443, 0.48, 75, 500, 3, 63, 18750, 2.5
1, 19826, 260, 262, 264, 4553992, 4581549, 0.48, 75, 500, 3, 52, 18750, 2.5
0, 26250, 266, 314, 317, 5093039, 5103640, 0.48, 75, 500, 3, 72, 18750, 2.5
1, 19459, 244, 248, 253, 4217181, 4259615, 0.48, 75, 500, 3, 47, 18750, 2.5
1, 19242, 251, 253, 255, 4570067, 4587987, 0.48, 75, 500, 3, 52, 18750, 2.5
1, 19307, 235, 239, 238, 4474062, 4487584, 0.48, 75, 500, 3, 50, 18750, 2.5
1, 20234, 269, 271, 274, 4403349, 4425433, 0.48, 75, 500, 3, 53, 18750, 2.5
0, 24462, 275, 323, 315, 4756835, 4600186, 0.48, 75, 500, 3, 66, 18750, 2.5
1, 19805, 266, 270, 273, 4260867, 4305361, 0.48, 75, 500, 3, 50, 18750, 2.5
1, 19425, 253, 258, 259, 4200998, 4215382, 0.48, 75, 500, 3, 49, 18750, 2.5
1, 20521, 267, 275, 276, 4088747, 4105907, 0.48, 75, 500, 3, 56, 18750, 2.5
1, 20802, 261, 276, 272, 4342641, 4390434, 0.48, 75, 500, 3, 51, 18750, 2.5
1, 19463, 235, 240, 238, 4420519, 4420961, 0.48, 75, 500, 3, 46, 18750, 2.5
1, 18857, 254, 256, 256, 4235610, 4240781, 0.48, 75, 500, 3, 47, 18750, 2.5
1, 19375, 274, 279, 279, 4377142, 4377285, 0.48, 75, 500, 3, 49, 18750, 2.5
1, 19604, 242, 244, 247, 4123285, 4130034, 0.48, 75, 500, 3, 49, 18750, 2.5
1, 19786, 265, 270, 269, 4398560, 4401378, 0.48, 75, 500, 3, 49, 18750, 2.5
1, 19029, 234, 235, 237, 4320273, 4330462, 0.48, 75, 500, 3, 43, 18750, 2.5
0, 21564, 231, 253, 248, 4630022, 4467896, 0.48, 75, 500, 3, 51, 18750, 2.5
1, 19309, 234, 235, 240, 4434744, 4469462, 0.48, 75, 500, 3, 44, 18750, 2.5
0, 25889, 251, 310, 296, 4832749, 4615528, 0.48, 75, 500, 3, 65, 18750, 2.5
1, 23888, 272, 310, 303, 4889830, 4892249, 0.48, 75, 500, 3, 59, 18750, 2.5
1, 19677, 277, 282, 287, 4163176, 4184014, 0.48, 75, 500, 3, 44, 18750, 2.5
1, 19014, 245, 246, 247, 4341343, 4343964, 0.48, 75, 500, 3, 41, 18750, 2.5
0, 22922, 231, 250, 263, 4827231, 4691664, 0.48, 75, 500, 3, 53, 18750, 2.5
0, 26250, 286, 338, 349, 5245923, 5220824, 0.48, 75, 500, 3, 65, 18750, 2.5
0, 22120, 269, 286, 286, 4883707, 4729403, 0.48, 75, 500, 3, 53, 18750, 2.5
1, 19281, 273, 275, 278, 4417094, 4435681, 0.48, 75, 500, 3, 45, 18750, 2.5
1, 20740, 255, 270, 270, 4148329, 4164736, 0.48, 75, 500, 3, 49, 18750, 2.5
1, 19008, 275, 277, 278, 4347235, 4356916, 0.48, 75, 500, 3, 43, 18750, 2.5
1, 19262, 252, 254, 255, 4329854, 4338854, 0.48, 75, 500, 3, 44, 18750, 2.5
0, 25384, 224, 287, 278, 4861649, 4714456, 0.48, 75, 500, 3, 60, 18750, 2.5
1, 18906, 261, 262, 263, 4097373, 4103910, 0.48, 75, 500, 3, 43, 18750, 2.5
1, 19568, 247, 250, 254, 4154941, 4157253, 0.48, 75, 500, 3, 44, 18750, 2.5
1, 19233, 236, 237, 242, 4203824, 4237577, 0.48, 75, 500, 3, 45, 18750, 2.5
1, 19662, 255, 258, 259, 4198424, 4228688, 0.48, 75, 500, 3, 45, 18750, 2.5
1, 19199, 229, 230, 231, 4477784, 4505694, 0.48, 75, 500, 3, 45, 18750, 2.5
1, 18981, 232, 233, 234, 4362197, 4375370, 0.48, 75, 500, 3, 45, 18750, 2.5
1, 25571, 260, 298, 311, 4813164, 4834286, 0.48, 75, 500, 3, 62, 18750, 2.5
1, 20764, 254, 265, 269, 4270349, 4283053, 0.48, 75, 500, 3, 49, 18750, 2.5
0, 22735, 260, 294, 287, 4749861, 4571943, 0.48, 75, 500, 3, 57, 18750, 2.5
0, 23113, 273, 299, 307, 4842803, 4614435, 0.48, 75, 500, 3, 58, 18750, 2.5
1, 20144, 259, 268, 265, 4338155, 4360843, 0.48, 75, 500, 3, 48, 18750, 2.5
1, 19120, 261, 263, 266, 4304948, 4342472, 0.48, 75, 500, 3, 47, 18750, 2.5
1, 18990, 248, 249, 250, 4132789, 4137342, 0.48, 75, 500, 3, 46, 18750, 2.5
1, 18966, 253, 255, 255, 4130627, 4130654, 0.48, 75, 500, 3, 44, 18750, 2.5
1, 19400, 278, 280, 280, 3839629, 3877937, 0.48, 75, 500, 3, 45, 18750, 2.5
1, 19184, 232, 236, 236, 4205878, 4218599, 0.48, 75, 500, 3, 45, 18750, 2.5
1, 20322, 278, 281, 284, 4733681, 4766248, 0.48, 75, 500, 3, 48, 18750, 2.5
1, 21142, 251, 265, 268, 4445244, 4446448, 0.48, 75, 500, 3, 48, 18750, 2.5
0, 26250, 245, 297, 296, 5296094, 5128472, 0.48, 75, 500, 3, 65, 18750, 2.5
1, 19868, 264, 271, 270, 4591310, 4644811, 0.48, 75, 500, 3, 45, 18750, 2.5
1, 19781, 265, 268, 271, 4249716, 4291131, 0.48, 75, 500, 3, 47, 18750, 2.5
1, 19095, 252, 255, 258, 4458242, 4468101, 0.48, 75, 500, 3, 44, 18750, 2.5
1, 23877, 236, 265, 287, 4696627, 4698683, 0.48, 75, 500, 3, 59, 18750, 2.5
1, 18911, 247, 248, 249, 4257753, 4263980, 0.48, 75, 500, 3, 44, 18750, 2.5
1, 19307, 236, 239, 239, 4179590, 4186858, 0.48, 75, 500, 3, 45, 18750, 2.5
1, 19170, 256, 260, 262, 2700090, 2727286, 0.48, 75, 500, 2, 30, 18750, 2.5
1, 19704, 238, 244, 244, 2960102, 2963811, 0.48, 75, 500, 2, 29, 18750, 2.5
1, 19347, 272, 274, 279, 4383811, 4422778, 0.48, 75, 500, 3, 49, 18750, 2.5
0, 26250, 233, 270, 281, 5542377, 5458839, 0.48, 75, 500, 3, 68, 18750, 2.5
0, 21801, 239, 264, 252, 4709770, 4536117, 0.48, 75, 500, 3, 53, 18750, 2.5
1, 19227, 233, 234, 239, 4124532, 4160047, 0.48, 75, 500, 3, 48, 18750, 2.5
1, 19139, 240, 242, 245, 4296899, 4323543, 0.48, 75, 500, 3, 47, 18750, 2.5
0, 20354, 265, 281, 277, 3056940, 2954809, 0.48, 75, 500, 2, 35, 18750, 2.5
1, 19321, 244, 246, 246, 4642258, 4667874, 0.48, 75, 500, 3, 52, 18750, 2.5
1, 19102, 268, 271, 273, 2999848, 3017202, 0.48, 75, 500, 2, 32, 18750, 2.5
1, 19849, 254, 259, 260, 3067264, 3079823, 0.48, 75, 500, 2, 34, 18750, 2.5
1, 19508, 271, 276, 277, 2863973, 2869827, 0.48, 75, 500, 2, 32, 18750, 2.5
1, 18954, 247, 250, 251, 2807986, 2819217, 0.48, 75, 500, 2, 32, 18750, 2.5
0, 19773, 252, 264, 253, 2994853, 2873488, 0.48, 75, 500, 2, 32, 18750, 2.5
1, 19410, 234, 237, 238, 2986321, 2994746, 0.48, 75, 500, 2, 30, 18750, 2.5
1, 19617, 242, 244, 246, 3134614, 3167584, 0.48, 75, 500, 2, 31, 18750, 2.5
1, 20443, 256, 269, 275, 2816883, 2823650, 0.48, 75, 500, 2, 35, 18750, 2.5
1, 19047, 256, 258, 262, 2629817, 2642086, 0.48, 75, 500, 2, 31, 18750, 2.5
1, 18913, 247, 248, 250, 2963979, 2979363, 0.48, 75, 500, 2, 33, 18750, 2.5
1, 22059, 248, 274, 275, 3339268, 3348671, 0.48, 75, 500, 2, 37, 18750, 2.5
1, 18958, 251, 252, 254, 2976984, 2986398, 0.48, 75, 500, 2, 31, 18750, 2.5
1, 20534, 265, 273, 276, 3370407, 3381337, 0.48, 75, 500, 2, 33, 18750, 2.5
1, 19528, 286, 293, 291, 2890770, 2898340, 0.48, 75, 500, 2, 33, 18750, 2.5
1, 19284, 288, 291, 294, 2920331, 2943407, 0.48, 75, 500, 2, 33, 18750, 2.5
1, 19177, 249, 252, 254, 2813209, 2825212, 0.48, 75, 500, 2, 33, 18750, 2.5
0, 26250, 255, 297, 306, 3515646, 3443781, 0.48, 75, 500, 2, 48, 18750, 2.5
1, 19293, 233, 235, 237, 2660882, 2672977, 0.48, 75, 500, 2, 31, 18750, 2.5
1, 19328, 244, 247, 247, 3094628, 3098575, 0.48, 75, 500, 2, 35, 18750, 2.5
1, 19749, 218, 221, 224, 3170610, 3192505, 0.48, 75, 500, 2, 32, 18750, 2.5
0, 26250, 238, 292, 289, 3477107, 3472148, 0.48, 75, 500, 2, 45, 18750, 2.5
1, 19188, 246, 248, 251, 2762600, 2784433, 0.48, 75, 500, 2, 33, 18750, 2.5
1, 19133, 251, 254, 259, 2617597, 2620582, 0.48, 75, 500, 2, 30, 18750, 2.5
1, 19302, 266, 270, 271, 2804902, 2819249, 0.48, 75, 500, 2, 31, 18750, 2.5
1, 19558, 263, 266, 267, 2785739, 2796728, 0.48, 75, 500, 2, 35, 18750, 2.5
0, 20495, 279, 290, 285, 2866139, 2781249, 0.48, 75, 500, 2, 36, 18750, 2.5
1, 19356, 258, 261, 261, 2773641, 2777032, 0.48, 75, 500, 2, 31, 18750, 2.5
1, 19418, 265, 267, 271, 2944845, 2970701, 0.48, 75, 500, 2, 32, 18750, 2.5
0, 20910, 255, 269, 263, 2855750, 2795695, 0.48, 75, 500, 2, 39, 18750, 2.5
1, 20177, 252, 260, 257, 2894085, 2902413, 0.48, 75, 500, 2, 36, 18750, 2.5
0, 20706, 264, 280, 277, 2902163, 2816667, 0.48, 75, 500, 2, 36, 18750, 2.5
1, 19461, 240, 246, 248, 2985870, 3000557, 0.48, 75, 500, 2, 31, 18750, 2.5
0, 21955, 285, 309, 299, 3170970, 3079091, 0.48, 75, 500, 2, 37, 18750, 2.5
1, 20101, 245, 253, 254, 2831759, 2834484, 0.48, 75, 500, 2, 30, 18750, 2.5
1, 19680, 251, 256, 256, 2959270, 2968334, 0.48, 75, 500, 2, 32, 18750, 2.5
1, 19383, 247, 248, 251, 2924707, 2945982, 0.48, 75, 500, 2, 31, 18750, 2.5
1, 19222, 260, 261, 262, 2786335, 2790054, 0.48, 75, 500, 2, 30, 18750, 2.5
1, 20904, 250, 260, 267, 2802051, 2808955, 0.48, 75, 500, 2, 36, 18750, 2.5
1, 22407, 249, 278, 279, 3015949, 3026524, 0.48, 75, 500, 2, 37, 18750, 2.5
1, 19928, 244, 249, 250, 2982280, 2988814, 0.48, 75, 500, 2, 32, 18750, 2.5
1, 19490, 263, 267, 271, 2895880, 2897945, 0.48, 75, 500, 2, 31, 18750, 2.5
1, 19680, 264, 266, 270, 2810134, 2827173, 0.48, 75, 500, 2, 32, 18750, 2.5
1, 19259, 242, 244, 245, 2960991, 2971446, 0.48, 75, 500, 2, 32, 18750, 2.5
1, 22433, 259, 288, 279, 3222389, 3222531, 0.48, 75, 500, 2, 38, 18750, 2.5
1, 19337, 250, 252, 255, 2681849, 2719444, 0.48, 75, 500, 2, 32, 18750, 2.5
1, 19739, 273, 275, 279, 2844439, 2875643, 0.48, 75, 500, 2, 34, 18750, 2.5
1, 19885, 262, 265, 265, 3065451, 3083967, 0.48, 75, 500, 2, 30, 18750, 2.5
1, 18913, 259, 260, 261, 2947969, 2950921, 0.48, 75, 500, 2, 32, 18750, 2.5
1, 19465, 246, 249, 251, 2848925, 2879235, 0.48, 75, 500, 2, 31, 18750, 2.5
1, 19222, 257, 260, 262, 2744899, 2773874, 0.48, 75, 500, 2, 32, 18750, 2.5
1, 24424, 247, 285, 290, 3101406, 3115788, 0.48, 75, 500, 2, 41, 18750, 2.5
1, 18972, 250, 251, 252, 2976258, 2978138, 0.48, 75, 500, 2, 31, 18750, 2.5
1, 19214, 250, 253, 257, 2650167, 2656954, 0.48, 75, 500, 2, 29, 18750, 2.5
0, 21812, 238, 271, 256, 3002161, 2912420, 0.48, 75, 500, 2, 37, 18750, 2.5
1, 19120, 263, 266, 267, 2491187, 2494627, 0.48, 75, 500, 2, 32, 18750, 2.5
0, 23328, 253, 284, 294, 3299837, 3154279, 0.48, 75, 500, 2, 42, 18750, 2.5
0, 26250, 272, 334, 320, 3567225, 3486881, 0.48, 75, 500, 2, 49, 18750, 2.5
1, 19030, 248, 250, 251, 2679341, 2681279, 0.48, 75, 500, 2, 33, 18750, 2.5
1, 19021, 249, 250, 251, 2705122, 2710847, 0.48, 75, 500, 2, 32, 18750, 2.5
1, 19298, 253, 256, 257, 2954690, 2986296, 0.48, 75, 500, 2, 35, 18750, 2.5
1, 19345, 257, 261, 261, 2547300, 2549438, 0.48, 75, 500, 2, 36, 18750, 2.5
1, 18933, 242, 244, 245, 2692565, 2696200, 0.48, 75, 500, 2, 31, 18750, 2.5
1, 19359, 263, 268, 268, 2973186, 3015999, 0.48, 75, 500, 2, 34, 18750, 2.5
1, 19012, 253, 254, 257, 2558784, 2568507, 0.48, 75, 500, 2, 37, 18750, 2.5
1, 19208, 268, 273, 271, 2542414, 2556990, 0.48, 75, 500, 2, 37, 18750, 2.5
1, 21303, 266, 285, 285, 3147275, 3160260, 0.48, 75, 500, 2, 41, 18750, 2.5
1, 19572, 245, 246, 250, 2857524, 2875939, 0.48, 75, 500, 2, 36, 18750, 2.5
1, 19406, 257, 258, 261, 2703707, 2719471, 0.48, 75, 500, 2, 34, 18750, 2.5
1, 19019, 248, 249, 250, 3188771, 3192914, 0.48, 75, 500, 2, 32, 18750, 2.5
1, 19262, 225, 227, 229, 2707540, 2725502, 0.48, 75, 500, 2, 33, 18750, 2.5
1, 18915, 249, 251, 252, 2729913, 2740843, 0.48, 75, 500, 2, 32, 18750, 2.5
1, 19731, 258, 261, 261, 2760614, 2766951, 0.48, 75, 500, 2, 35, 18750, 2.5
1, 19384, 276, 277, 280, 3189020, 3198283, 0.48, 75, 500, 2, 36, 18750, 2.5
1, 19192, 235, 236, 243, 2969232, 3010241, 0.48, 75, 500, 2, 33, 18750, 2.5
0, 21317, 267, 290, 280, 2929435, 2821927, 0.48, 75, 500, 2, 42, 18750, 2.5
1, 19124, 248, 249, 250, 2913941, 2925393, 0.48, 75, 500, 2, 33, 18750, 2.5
1, 19652, 218, 224, 221, 3131932, 3190541, 0.48, 75, 500, 2, 33, 18750, 2.5
0, 23142, 277, 304, 299, 3111868, 2958106, 0.48, 75, 500, 2, 40, 18750, 2.5
0, 26250, 248, 298, 296, 3370910, 3252047, 0.48, 75, 500, 2, 51, 18750, 2.5
1, 19232, 260, 264, 266, 2780710, 2790318, 0.48, 75, 500, 2, 30, 18750, 2.5
1, 19388, 246, 248, 250, 2657255, 2674251, 0.48, 75, 500, 2, 36, 18750, 2.5
1, 21397, 255, 273, 276, 3018206, 3025186, 0.48, 75, 500, 2, 35, 18750, 2.5
1, 19725, 259, 266, 268, 2863713, 2867906, 0.48, 75, 500, 2, 35, 18750, 2.5
1, 20518, 279, 282, 282, 2995347, 3013548, 0.48, 75, 500, 2, 34, 18750, 2.5
1, 20359, 263, 277, 276, 3198943, 3204248, 0.48, 75, 500, 2, 37, 18750, 2.5
1, 19005, 250, 251, 253, 2773010, 2790027, 0.48, 75, 500, 2, 31, 18750, 2.5
1, 21032, 243, 264, 265, 2926364, 2930981, 0.48, 75, 500, 2, 36, 18750, 2.5
1, 19116, 242, 244, 246, 2686276, 2699214, 0.48, 75, 500, 2, 30, 18750, 2.5
1, 19155, 275, 276, 278, 2834460, 2851630, 0.48, 75, 500, 2, 32, 18750, 2.5
1, 19524, 238, 241, 242, 1494426, 1500184, 0.48, 75, 500, 1, 14, 18750, 2.5
0, 21027, 263, 285, 273, 1496595, 1431892, 0.48, 75, 500, 1, 15, 18750, 2.5
1, 20972, 253, 264, 277, 2893624, 2901198, 0.48, 75, 500, 2, 37, 18750, 2.5
0, 18988, 244, 245, 245, 2732793, 2645704, 0.48, 75, 500, 2, 31, 18750, 2.5
1, 19085, 247, 250, 250, 1467396, 1467436, 0.48, 75, 500, 1, 15, 18750, 2.5
1, 19199, 269, 272, 272, 2874308, 2877727, 0.48, 75, 500, 2, 32, 18750, 2.5
0, 24371, 245, 289, 279, 1635095, 1578687, 0.48, 75, 500, 1, 20, 18750, 2.5
1, 19574, 226, 229, 232, 1281661, 1296744, 0.48, 75, 500, 1, 15, 18750, 2.5
1, 20890, 248, 258, 264, 3164780, 3185799, 0.48, 75, 500, 2, 35, 18750, 2.5
1, 19969, 262, 268, 272, 2810787, 2847155, 0.48, 75, 500, 2, 36, 18750, 2.5
1, 19487, 236, 239, 240, 1332626, 1337724, 0.48, 75, 500, 1, 17, 18750, 2.5
1, 19883, 261, 266, 265, 2917986, 2952308, 0.48, 75, 500, 2, 35, 18750, 2.5
1, 19341, 253, 257, 258, 1360190, 1365403, 0.48, 75, 500, 1, 17, 18750, 2.5
1, 19637, 262, 265, 266, 2677316, 2687742, 0.48, 75, 500, 2, 33, 18750, 2.5
1, 19387, 257, 260, 260, 1516023, 1516143, 0.48, 75, 500, 1, 16, 18750, 2.5
1, 19491, 270, 273, 275, 1476345, 1488163, 0.48, 75, 500, 1, 16, 18750, 2.5
1, 19434, 248, 251, 252, 1548418, 1554532, 0.48, 75, 500, 1, 16, 18750, 2.5
1, 19686, 256, 259, 259, 1289960, 1289975, 0.48, 75, 500, 1, 17, 18750, 2.5
1, 19651, 251, 254, 257, 1507956, 1525867, 0.48, 75, 500, 1, 17, 18750, 2.5
0, 26250, 256, 322, 308, 3468652, 3349262, 0.48, 75, 500, 2, 48, 18750, 2.5
1, 19270, 241, 244, 245, 1347861, 1353206, 0.48, 75, 500, 1, 15, 18750, 2.5
1, 24354, 219, 260, 261, 1667942, 1668133, 0.48, 75, 500, 1, 22, 18750, 2.5
1, 19351, 277, 280, 284, 1482927, 1506473, 0.48, 75, 500, 1, 17, 18750, 2.5
1, 19093, 257, 260, 260, 1363276, 1363320, 0.48, 75, 500, 1, 15, 18750, 2.5
1, 19373, 249, 252, 254, 1334373, 1345043, 0.48, 75, 500, 1, 15, 18750, 2.5
1, 19475, 245, 248, 252, 1463284, 1486530, 0.48, 75, 500, 1, 15, 18750, 2.5
1, 21688, 231, 246, 247, 1760797, 1765480, 0.48, 75, 500, 1, 18, 18750, 2.5
1, 19115, 259, 262, 264, 1517457, 1529523, 0.48, 75, 500, 1, 16, 18750, 2.5
1, 19668, 262, 265, 267, 1393728, 1404706, 0.48, 75, 500, 1, 14, 18750, 2.5
1, 20026, 235, 238, 243, 1542198, 1571896, 0.48, 75, 500, 1, 19, 18750, 2.5
1, 19336, 214, 217, 218, 1518191, 1524106, 0.48, 75, 500, 1, 14, 18750, 2.5
1, 18926, 242, 244, 246, 1457057, 1468672, 0.48, 75, 500, 1, 15, 18750, 2.5
1, 19693, 224, 227, 232, 1389600, 1417017, 0.48, 75, 500, 1, 17, 18750, 2.5
1, 19260, 273, 276, 276, 1485890, 1485916, 0.48, 75, 500, 1, 16, 18750, 2.5
1, 19112, 265, 268, 268, 1462312, 1462353, 0.48, 75, 500, 1, 17, 18750, 2.5
1, 20174, 245, 248, 250, 1564464, 1576884, 0.48, 75, 500, 1, 16, 18750, 2.5
1, 19973, 263, 266, 274, 1404420, 1448674, 0.48, 75, 500, 1, 17, 18750, 2.5
1, 20560, 233, 251, 252, 1420382, 1423849, 0.48, 75, 500, 1, 17, 18750, 2.5
1, 19096, 226, 229, 229, 1402824, 1402843, 0.48, 75, 500, 1, 15, 18750, 2.5
1, 19673, 257, 260, 260, 1488798, 1488835, 0.48, 75, 500, 1, 17, 18750, 2.5
1, 19579, 233, 236, 237, 1329546, 1334842, 0.48, 75, 500, 1, 16, 18750, 2.5
1, 19270, 225, 228, 230, 1379604, 1390655, 0.48, 75, 500, 1, 14, 18750, 2.5
1, 19783, 253, 256, 260, 1537481, 1561926, 0.48, 75, 500, 1, 16, 18750, 2.5
1, 19105, 268, 271, 271, 1384116, 1384147, 0.48, 75, 500, 1, 16, 18750, 2.5
1, 19776, 273, 276, 282, 1452009, 1486070, 0.48, 75, 500, 1, 17, 18750, 2.5
1, 19154, 250, 253, 254, 1422185, 1427839, 0.48, 75, 500, 1, 16, 18750, 2.5
1, 19196, 245, 248, 248, 1317261, 1317279, 0.48, 75, 500, 1, 16, 18750, 2.5
1, 18989, 248, 251, 251, 1635785, 1635854, 0.48, 75, 500, 1, 16, 18750, 2.5
1, 19464, 236, 239, 242, 1297836, 1313321, 0.48, 75, 500, 1, 17, 18750, 2.5
1, 19567, 249, 252, 252, 1585616, 1585649, 0.48, 75, 500, 1, 16, 18750, 2.5
1, 19319, 228, 231, 232, 1544296, 1550570, 0.48, 75, 500, 1, 17, 18750, 2.5
1, 19371, 267, 270, 274, 1355381, 1377093, 0.48, 75, 500, 1, 17, 18750, 2.5
1, 19889, 255, 258, 263, 1673313, 1706428, 0.48, 75, 500, 1, 17, 18750, 2.5
1, 21542, 261, 264, 275, 1448843, 1508889, 0.48, 75, 500, 1, 18, 18750, 2.5
1, 19132, 242, 245, 246, 1461992, 1467895, 0.48, 75, 500, 1, 15, 18750, 2.5
1, 19226, 208, 211, 217, 1525254, 1561580, 0.48, 75, 500, 1, 16, 18750, 2.5
1, 20116, 252, 259, 260, 1475086, 1480519, 0.48, 75, 500, 1, 16, 18750, 2.5
1, 19324, 234, 237, 237, 1459937, 1460056, 0.48, 75, 500, 1, 17, 18750, 2.5
1, 19476, 250, 253, 255, 1303584, 1313963, 0.48, 75, 500, 1, 18, 18750, 2.5
1, 19368, 264, 267, 267, 1495618, 1495679, 0.48, 75, 500, 1, 17, 18750, 2.5
1, 19434, 248, 251, 253, 1526937, 1538952, 0.48, 75, 500, 1, 16, 18750, 2.5
1, 22085, 258, 276, 278, 1769470, 1772126, 0.48, 75, 500, 1, 19, 18750, 2.5
1, 19428, 274, 277, 279, 1339867, 1350485, 0.48, 75, 500, 1, 16, 18750, 2.5
1, 19352, 250, 253, 254, 1471768, 1477754, 0.48, 75, 500, 1, 16, 18750, 2.5
1, 19203, 269, 272, 273, 1420383, 1426069, 0.48, 75, 500, 1, 16, 18750, 2.5
1, 19284, 259, 262, 262, 1608650, 1608686, 0.48, 75, 500, 1, 17, 18750, 2.5
1, 19654, 232, 236, 236, 1458205, 1458236, 0.48, 75, 500, 1, 16, 18750, 2.5
1, 19579, 247, 250, 253, 1374667, 1391114, 0.48, 75, 500, 1, 15, 18750, 2.5
1, 19132, 238, 241, 244, 1229452, 1244197, 0.48, 75, 500, 1, 15, 18750, 2.5
1, 19263, 275, 278, 281, 1354915, 1371035, 0.48, 75, 500, 1, 15, 18750, 2.5
1, 19809, 253, 256, 259, 1491943, 1509890, 0.48, 75, 500, 1, 17, 18750, 2.5
1, 19537, 265, 268, 271, 1520757, 1538492, 0.48, 75, 500, 1, 18, 18750, 2.5
1, 19390, 273, 276, 276, 1492787, 1492871, 0.48, 75, 500, 1, 19, 18750, 2.5
1, 19224, 265, 268, 273, 1471341, 1500814, 0.48, 75, 500, 1, 16, 18750, 2.5
1, 19266, 228, 231, 231, 1453771, 1453788, 0.48, 75, 500, 1, 16, 18750, 2.5
1, 20472, 264, 274, 275, 1415383, 1420241, 0.48, 75, 500, 1, 17, 18750, 2.5
1, 19288, 271, 274, 274, 1360105, 1360120, 0.48, 75, 500, 1, 19, 18750, 2.5
1, 19195, 244, 247, 248, 1406876, 1412520, 0.48, 75, 500, 1, 16, 18750, 2.5
1, 19131, 246, 249, 250, 1330188, 1335572, 0.48, 75, 500, 1, 17, 18750, 2.5
1, 20202, 246, 255, 256, 1436625, 1441523, 0.48, 75, 500, 1, 16, 18750, 2.5
1, 19505, 232, 235, 235, 1412235, 1412280, 0.48, 75, 500, 1, 16, 18750, 2.5
0, 22352, 242, 270, 260, 1511004, 1456226, 0.48, 75, 500, 1, 21, 18750, 2.5
1, 19168, 233, 236, 237, 1486323, 1492227, 0.48, 75, 500, 1, 19, 18750, 2.5
1, 19393, 261, 264, 268, 1362094, 1383547, 0.48, 75, 500, 1, 16, 18750, 2.5
1, 19197, 243, 246, 246, 1405039, 1405151, 0.48, 75, 500, 1, 15, 18750, 2.5
1, 19162, 250, 253, 253, 1256571, 1256621, 0.48, 75, 500, 1, 15, 18750, 2.5
1, 19051, 239, 242, 242, 1364689, 1364747, 0.48, 75, 500, 1, 14, 18750, 2.5
1, 19109, 257, 260, 260, 1585370, 1585409, 0.48, 75, 500, 1, 16, 18750, 2.5
1, 19140, 264, 267, 267, 1396215, 1396288, 0.48, 75, 500, 1, 16, 18750, 2.5
1, 19174, 258, 261, 261, 1405490, 1405545, 0.48, 75, 500, 1, 15, 18750, 2.5
1, 19640, 248, 251, 256, 1389820, 1417310, 0.48, 75, 500, 1, 15, 18750, 2.5
0, 25414, 255, 298, 287, 1762818, 1700114, 0.48, 75, 500, 1, 21, 18750, 2.5
1, 19049, 235, 238, 238, 1430749, 1430757, 0.48, 75, 500, 1, 13, 18750, 2.5
1, 19717, 265, 268, 268, 1514904, 1514942, 0.48, 75, 500, 1, 16, 18750, 2.5
1, 20740, 291, 301, 302, 1492292, 1497281, 0.48, 75, 500, 1, 19, 18750, 2.5
1, 19609, 269, 272, 276, 1400564, 1422590, 0.48, 75, 500, 1, 18, 18750, 2.5
1, 19369, 245, 248, 250, 1373512, 1384554, 0.48, 75, 500, 1, 17, 18750, 2.5
0, 20849, 281, 300, 288, 1483345, 1417262, 0.48, 75, 500, 1, 17, 18750, 2.5
1, 19523, 203, 206, 211, 1462077, 1491467, 0.48, 75, 500, 1, 15, 18750, 2.5
1, 20752, 233, 243, 244, 1497126, 1502098, 0.48, 75, 500, 1, 16, 18750, 2.5
0, 21435, 264, 286, 275, 1550033, 1488974, 0.48, 75, 500, 1, 19, 18750, 2.5
1, 19815, 261, 264, 264, 1485441, 1485693, 0.48, 75, 500, 1, 14, 18750, 2.5
0, 24648, 257, 296, 286, 1670419, 1611846, 0.48, 75, 500, 1, 22, 18750, 2.5
1, 19508, 230, 233, 235, 1524496, 1536715, 0.48, 75, 500, 1, 13, 18750, 2.5
1, 19242, 235, 238, 239, 1234133, 1239176, 0.48, 75, 500, 1, 19, 18750, 2.5
1, 19523, 239, 242, 245, 1474276, 1491535, 0.48, 75, 500, 1, 13, 18750, 2.5
1, 19436, 227, 230, 230, 1475774, 1475810, 0.48, 75, 500, 1, 12, 18750, 2.5
1, 19336, 250, 253, 254, 1386721, 1392191, 0.48, 75, 500, 1, 13, 18750, 2.5
1, 19093, 242, 245, 245, 46952841, 46986267, 0.48, 75, 500, 32, 1923, 18750, 2.5
1, 19539, 246, 252, 251, 46655593, 46913429, 0.48, 75, 500, 32, 1955, 18750, 2.5
0, 20425, 222, 236, 227, 47132661, 46103623, 0.48, 75, 500, 32, 2026, 18750, 2.5
1, 20260, 211, 225, 221, 47367213, 47577139, 0.48, 75, 500, 32, 2035, 18750, 2.5
1, 20149, 266, 273, 279, 47142553, 47249805, 0.48, 75, 500, 32, 2067, 18750, 2.5
1, 21266, 245, 258, 253, 49063822, 49210816, 0.48, 75, 500, 32, 2114, 18750, 2.5
0, 20624, 293, 302, 299, 48482214, 47400765, 0.48, 75, 500, 32, 2117, 18750, 2.5
1, 21305, 241, 261, 258, 48040748, 48124690, 0.48, 75, 500, 32, 2140, 18750, 2.5
1, 23132, 257, 279, 282, 51052055, 51267682, 0.48, 75, 500, 32, 2249, 18750, 2.5
0, 25280, 262, 316, 292, 53910115, 52709944, 0.48, 75, 500, 32, 2580, 18750, 2.5
0, 26250, 234, 281, 280, 54843926, 54549457, 0.48, 75, 500, 32, 2620, 18750, 2.5
0, 26250, 279, 334, 319, 54044289, 52866514, 0.48, 75, 500, 32, 2631, 18750, 2.5
0, 26250, 246, 303, 294, 54991139, 54042889, 0.48, 75, 500, 32, 2674, 18750, 2.5
0, 26250, 244, 286, 290, 54605118, 53962723, 0.48, 75, 500, 32, 2680, 18750, 2.5
0, 26250, 252, 305, 305, 53598546, 53022652, 0.48, 75, 500, 32, 2743, 18750, 2.5
1, 19730, 265, 269, 271, 47996484, 48004795, 0.48, 75, 500, 32, 2034, 18750, 2.5
1, 19710, 262, 271, 272, 45966283, 46136329, 0.48, 75, 500, 32, 1998, 18750, 2.5
1, 19536, 255, 256, 263, 45533435, 45662014, 0.48, 75, 500, 32, 1988, 18750, 2.5
1, 19910, 251, 257, 255, 47695677, 47754998, 0.48, 75, 500, 32, 1986, 18750, 2.5
1, 19125, 243, 248, 246, 45157766, 45381166, 0.48, 75, 500, 32, 1984, 18750, 2.5
0, 26250, 270, 332, 306, 55878273, 54450236, 0.48, 75, 500, 32, 2657, 18750, 2.5
0, 26250, 217, 270, 278, 54822622, 53984424, 0.48, 75, 500, 32, 2698, 18750, 2.5
0, 26250, 264, 325, 310, 54584822, 54228924, 0.48, 75, 500, 32, 2819, 18750, 2.5
0, 26250, 257, 306, 305, 55860252, 54326815, 0.48, 75, 500, 32, 2737, 18750, 2.5
0, 26250, 267, 325, 326, 54845053, 54324885, 0.48, 75, 500, 32, 2618, 18750, 2.5
0, 26250, 240, 290, 324, 54882455, 54045556, 0.48, 75, 500, 32, 2648, 18750, 2.5
0, 26250, 258, 316, 305, 54484902, 54192009, 0.48, 75, 500, 32, 2686, 18750, 2.5
0, 26250, 230, 280, 282, 53821406, 53573423, 0.48, 75, 500, 32, 2639, 18750, 2.5
0, 26250, 256, 317, 311, 54460717, 53868879, 0.48, 75, 500, 32, 2626, 18750, 2.5
0, 26250, 244, 288, 308, 53715628, 53036423, 0.48, 75, 500, 32, 2712, 18750, 2.5
1, 19206, 249, 250, 255, 45793864, 46285751, 0.48, 75, 500, 32, 1875, 18750, 2.5
0, 21512, 266, 290, 282, 48596944, 47809014, 0.48, 75, 500, 32, 2112, 18750, 2.5
1, 21764, 251, 265, 277, 48406452, 48857226, 0.48, 75, 500, 32, 2111, 18750, 2.5
1, 22068, 259, 288, 277, 49470665, 49555072, 0.48, 75, 500, 32, 2162, 18750, 2.5
0, 26250, 232, 255, 294, 54370568, 53595421, 0.48, 75, 500, 32, 2656, 18750, 2.5
0, 23770, 273, 320, 303, 52234359, 50933480, 0.48, 75, 500, 32, 2331, 18750, 2.5
0, 24101, 244, 290, 258, 52802810, 50674315, 0.48, 75, 500, 32, 2333, 18750, 2.5
1, 19261, 260, 262, 265, 46134337, 46370658, 0.48, 75, 500, 32, 1840, 18750, 2.5
1, 19661, 255, 259, 259, 46856520, 47035730, 0.48, 75, 500, 32, 1870, 18750, 2.5
1, 19554, 280, 282, 283, 46888334, 46956094, 0.48, 75, 500, 32, 1883, 18750, 2.5
1, 19427, 272, 274, 277, 46666514, 46989031, 0.48, 75, 500, 32, 1886, 18750, 2.5
0, 26250, 261, 314, 308, 54819749, 54209903, 0.48, 75, 500, 32, 2571, 18750, 2.5
0, 26250, 282, 324, 334, 55379797, 54767594, 0.48, 75, 500, 32, 2589, 18750, 2.5
0, 22963, 232, 279, 248, 50916283, 49289831, 0.48, 75, 500, 32, 2209, 18750, 2.5
0, 26250, 244, 298, 285, 56433118, 55308182, 0.48, 75, 500, 32, 2602, 18750, 2.5
1, 19108, 250, 251, 255, 45076203, 45137416, 0.48, 75, 500, 32, 1716, 18750, 2.5
1, 19123, 251, 252, 255, 44903943, 45079642, 0.48, 75, 500, 32, 1765, 18750, 2.5
1, 20949, 234, 252, 253, 47821615, 47994711, 0.48, 75, 500, 32, 1984, 18750, 2.5
0, 26250, 271, 307, 328, 55304541, 54492847, 0.48, 75, 500, 32, 2428, 18750, 2.5
1, 19553, 249, 251, 255, 46297438, 46452235, 0.48, 75, 500, 32, 1735, 18750, 2.5
1, 19171, 222, 224, 226, 45123462, 45239974, 0.48, 75, 500, 32, 1760, 18750, 2.5
1, 20554, 263, 271, 269, 48752528, 48848034, 0.48, 75, 500, 32, 1922, 18750, 2.5
1, 20066, 280, 290, 296, 45841547, 45973415, 0.48, 75, 500, 32, 1798, 18750, 2.5
0, 26250, 241, 293, 294, 55511664, 54782137, 0.48, 75, 500, 32, 2447, 18750, 2.5
1, 20882, 258, 272, 268, 47544522, 48144162, 0.48, 75, 500, 32, 2017, 18750, 2.5
0, 21173, 257, 282, 269, 48824259, 47743416, 0.48, 75, 500, 32, 1932, 18750, 2.5
1, 19405, 237, 241, 244, 46003085, 46271102, 0.48, 75, 500, 32, 1794, 18750, 2.5
0, 22237, 259, 281, 280, 50989974, 49655881, 0.48, 75, 500, 32, 2017, 18750, 2.5
0, 26250, 245, 326, 297, 54954055, 54266107, 0.48, 75, 500, 32, 2418, 18750, 2.5
0, 20777, 256, 270, 264, 47823548, 46923671, 0.48, 75, 500, 32, 1955, 18750, 2.5
1, 19888, 271, 281, 277, 46678253, 47058775, 0.48, 75, 500, 32, 1772, 18750, 2.5
0, 24409, 237, 289, 281, 51792435, 50566366, 0.48, 75, 500, 32, 2282, 18750, 2.5
0, 26250, 256, 304, 308, 53883981, 53064025, 0.48, 75, 500, 32, 2492, 18750, 2.5
1, 21722, 256, 267, 280, 48038440, 48699924, 0.48, 75, 500, 32, 1921, 18750, 2.5
0, 25274, 219, 269, 238, 53554619, 52281797, 0.48, 75, 500, 32, 2355, 18750, 2.5
1, 21124, 249, 272, 255, 47524652, 47692662, 0.48, 75, 500, 32, 2058, 18750, 2.5
1, 19364, 256, 257, 264, 45546075, 45651080, 0.48, 75, 500, 32, 1859, 18750, 2.5
0, 26250, 240, 290, 307, 55962558, 55574801, 0.48, 75, 500, 32, 2483, 18750, 2.5
0, 26250, 239, 294, 300, 54375897, 54078401, 0.48, 75, 500, 32, 2491, 18750, 2.5
0, 26250, 289, 335, 338, 53638830, 53379928, 0.48, 75, 500, 32, 2543, 18750, 2.5
0, 26250, 246, 292, 287, 55016129, 53836183, 0.48, 75, 500, 32, 2489, 18750, 2.5
1, 18954, 258, 259, 261, 45672340, 45684855, 0.48, 75, 500, 32, 1806, 18750, 2.5
0, 26250, 284, 345, 325, 54808922, 53599700, 0.48, 75, 500, 32, 2488, 18750, 2.5
0, 26250, 244, 297, 306, 54596650, 54144696, 0.48, 75, 500, 32, 2516, 18750, 2.5
1, 19593, 257, 261, 266, 46155311, 46210890, 0.48, 75, 500, 32, 1852, 18750, 2.5
1, 21322, 269, 290, 291, 48404605, 48582728, 0.48, 75, 500, 32, 2073, 18750, 2.5
1, 19208, 284, 286, 292, 46434875, 46704310, 0.48, 75, 500, 32, 1855, 18750, 2.5
0, 26250, 237, 312, 280, 54292677, 53661820, 0.48, 75, 500, 32, 2593, 18750, 2.5
0, 26250, 235, 284, 279, 53780978, 52973985, 0.48, 75, 500, 32, 2587, 18750, 2.5
0, 19848, 263, 266, 265, 46670465, 45461400, 0.48, 75, 500, 32, 1866, 18750, 2.5
0, 23248, 272, 296, 302, 51652550, 50597197, 0.48, 75, 500, 32, 2279, 18750, 2.5
1, 19954, 248, 250, 263, 46117977, 47036305, 0.48, 75, 500, 32, 1904, 18750, 2.5
1, 19407, 251, 254, 258, 46225083, 46291650, 0.48, 75, 500, 32, 1853, 18750, 2.5
1, 20605, 240, 252, 254, 48145047, 48270815, 0.48, 75, 500, 32, 2001, 18750, 2.5
1, 19717, 259, 263, 263, 48138116, 48218044, 0.48, 75, 500, 32, 1840, 18750, 2.5
0, 26250, 246, 289, 309, 56372131, 55355038, 0.48, 75, 500, 32, 2563, 18750, 2.5
0, 26250, 264, 317, 312, 54236566, 53204227, 0.48, 75, 500, 32, 2685, 18750, 2.5
0, 26250, 238, 298, 295, 54896455, 53976177, 0.48, 75, 500, 32, 2563, 18750, 2.5
1, 19186, 236, 240, 239, 45298159, 45383542, 0.48, 75, 500, 32, 1796, 18750, 2.5
0, 26250, 260, 307, 308, 54731400, 54596281, 0.48, 75, 500, 32, 2549, 18750, 2.5
0, 26250, 241, 291, 299, 54446849, 54057845, 0.48, 75, 500, 32, 2619, 18750, 2.5
1, 19057, 235, 239, 239, 44410953, 44505862, 0.48, 75, 500, 32, 1805, 18750, 2.5
1, 19089, 262, 263, 264, 33505747, 33681379, 0.48, 75, 500, 23, 925, 18750, 2.5
0, 24541, 273, 330, 309, 38681461, 37555215, 0.48, 75, 500, 23, 1199, 18750, 2.5
0, 26250, 270, 331, 322, 53892381, 53469590, 0.48, 75, 500, 32, 2562, 18750, 2.5
1, 19345, 248, 254, 252, 33538414, 33686262, 0.48, 75, 500, 23, 898, 18750, 2.5
0, 26250, 262, 311, 332, 55142759, 54281898, 0.48, 75, 500, 32, 2581, 18750, 2.5
0, 24292, 245, 281, 281, 38103970, 37188335, 0.48, 75, 500, 23, 1122, 18750, 2.5
0, 26250, 270, 323, 326, 39924165, 39940874, 0.48, 75, 500, 23, 1272, 18750, 2.5
0, 23139, 266, 289, 293, 36257650, 35114191, 0.48, 75, 500, 23, 1075, 18750, 2.5
0, 25195, 239, 285, 290, 38869831, 37920496, 0.48, 75, 500, 23, 1192, 18750, 2.5
0, 26250, 264, 323, 330, 55096411, 54163987, 0.48, 75, 500, 32, 2508, 18750, 2.5
1, 20630, 237, 254, 252, 33363037, 33709008, 0.48, 75, 500, 23, 946, 18750, 2.5
0, 26250, 250, 296, 312, 39632326, 38712536, 0.48, 75, 500, 23, 1216, 18750, 2.5
0, 26250, 270, 339, 313, 54642343, 53830498, 0.48, 75, 500, 32, 2604, 18750, 2.5
0, 26250, 256, 316, 311, 53727704, 52658324, 0.48, 75, 500, 32, 2589, 18750, 2.5
0, 26250, 240, 285, 294, 40002141, 39166429, 0.48, 75, 500, 23, 1221, 18750, 2.5
0, 26250, 237, 297, 284, 53052207, 52639348, 0.48, 75, 500, 32, 2566, 18750, 2.5
0, 26250, 276, 323, 338, 55269664, 54501201, 0.48, 75, 500, 32, 2576, 18750, 2.5
0, 26250, 244, 285, 300, 55889820, 55458307, 0.48, 75, 500, 32, 2571, 18750, 2.5
1, 19814, 230, 237, 234, 33689553, 33904660, 0.48, 75, 500, 23, 928, 18750, 2.5
1, 19900, 273, 278, 277, 33409815, 33588739, 0.48, 75, 500, 23, 944, 18750, 2.5
0, 26250, 234, 281, 284, 39568178, 38570368, 0.48, 75, 500, 23, 1270, 18750, 2.5
1, 19880, 262, 268, 267, 33386490, 33682496, 0.48, 75, 500, 23, 944, 18750, 2.5
0, 25327, 251, 307, 293, 38028804, 37048380, 0.48, 75, 500, 23, 1200, 18750, 2.5
0, 26250, 256, 309, 308, 39457949, 38562840, 0.48, 75, 500, 23, 1247, 18750, 2.5
1, 19635, 266, 271, 270, 33977045, 34040087, 0.48, 75, 500, 23, 938, 18750, 2.5
1, 19384, 251, 253, 255, 33206860, 33349997, 0.48, 75, 500, 23, 1027, 18750, 2.5
1, 19743, 271, 282, 279, 32936176, 32968984, 0.48, 75, 500, 23, 989, 18750, 2.5
0, 26250, 273, 318, 321, 39696478, 38963092, 0.48, 75, 500, 23, 1331, 18750, 2.5
1, 19901, 252, 256, 259, 33571370, 34171856, 0.48, 75, 500, 23, 971, 18750, 2.5
1, 18794, 281, 283, 283, 32913911, 32916402, 0.48, 75, 500, 23, 930, 18750, 2.5
1, 20066, 239, 243, 252, 33376453, 33775204, 0.48, 75, 500, 23, 965, 18750, 2.5
1, 19676, 240, 246, 244, 33349820, 33427298, 0.48, 75, 500, 23, 935, 18750, 2.5
0, 26250, 244, 316, 294, 39155695, 38335952, 0.48, 75, 500, 23, 1324, 18750, 2.5
1, 19748, 249, 252, 255, 33367486, 33627377, 0.48, 75, 500, 23, 949, 18750, 2.5
0, 26250, 236, 277, 290, 39124909, 38610023, 0.48, 75, 500, 23, 1307, 18750, 2.5
1, 19190, 253, 255, 257, 33205759, 33253410, 0.48, 75, 500, 23, 928, 18750, 2.5
0, 26250, 251, 318, 295, 39620840, 38865964, 0.48, 75, 500, 23, 1305, 18750, 2.5
0, 26250, 261, 333, 313, 39806998, 39058386, 0.48, 75, 500, 23, 1243, 18750, 2.5
0, 26250, 247, 310, 314, 39056134, 38215856, 0.48, 75, 500, 23, 1251, 18750, 2.5
1, 19090, 234, 236, 236, 32535757, 32643050, 0.48, 75, 500, 23, 888, 18750, 2.5
1, 18969, 262, 263, 264, 32662046, 32663605, 0.48, 75, 500, 23, 893, 18750, 2.5
1, 19953, 247, 258, 256, 32339021, 32582060, 0.48, 75, 500, 23, 991, 18750, 2.5
1, 19638, 254, 264, 261, 34262061, 34364234, 0.48, 75, 500, 23, 983, 18750, 2.5
1, 19157, 249, 250, 255, 32309311, 32459075, 0.48, 75, 500, 23, 968, 18750, 2.5
1, 21223, 264, 276, 280, 33911587, 34125522, 0.48, 75, 500, 23, 1048, 18750, 2.5
1, 22313, 239, 253, 261, 35618311, 35838654, 0.48, 75, 500, 23, 1079, 18750, 2.5
0, 26250, 249, 295, 300, 40148746, 39372568, 0.48, 75, 500, 23, 1329, 18750, 2.5
1, 20129, 261, 266, 275, 33783215, 34070539, 0.48, 75, 500, 23, 1007, 18750, 2.5
1, 19036, 236, 238, 238, 32343643, 32432908, 0.48, 75, 500, 23, 957, 18750, 2.5
0, 25576, 255, 308, 320, 38859303, 37998390, 0.48, 75, 500, 23, 1285, 18750, 2.5
0, 24347, 226, 254, 250, 37705862, 36720014, 0.48, 75, 500, 23, 1206, 18750, 2.5
1, 18893, 245, 246, 247, 33040990, 33050366, 0.48, 75, 500, 23, 958, 18750, 2.5
1, 19987, 238, 241, 246, 34496591, 34521266, 0.48, 75, 500, 23, 1029, 18750, 2.5
0, 26250, 269, 307, 315, 39935489, 39439838, 0.48, 75, 500, 23, 1348, 18750, 2.5
0, 26250, 253, 309, 300, 39542629, 39212960, 0.48, 75, 500, 23, 1354, 18750, 2.5
1, 19214, 264, 265, 268, 33325765, 33589012, 0.48, 75, 500, 23, 962, 18750, 2.5
1, 20520, 258, 271, 271, 35525587, 35773431, 0.48, 75, 500, 23, 998, 18750, 2.5
1, 19341, 233, 237, 236, 33421164, 33481241, 0.48, 75, 500, 23, 948, 18750, 2.5
1, 19540, 237, 240, 242, 32380865, 32547987, 0.48, 75, 500, 23, 980, 18750, 2.5
0, 26250, 246, 294, 301, 39858721, 39600157, 0.48, 75, 500, 23, 1285, 18750, 2.5
0, 26250, 246, 291, 308, 39468047, 39263312, 0.48, 75, 500, 23, 1303, 18750, 2.5
1, 19492, 261, 262, 266, 34083346, 34152135, 0.48, 75, 500, 23, 953, 18750, 2.5
1, 20711, 263, 274, 279, 34938007, 34941427, 0.48, 75, 500, 23, 948, 18750, 2.5
1, 20959, 254, 265, 278, 34349034, 34581446, 0.48, 75, 500, 23, 1017, 18750, 2.5
1, 20183, 278, 281, 295, 34255086, 34319978, 0.48, 75, 500, 23, 955, 18750, 2.5
0, 26250, 255, 315, 305, 39051488, 38381177, 0.48, 75, 500, 23, 1294, 18750, 2.5
0, 26250, 230, 273, 274, 39318692, 38664940, 0.48, 75, 500, 23, 1242, 18750, 2.5
0, 26250, 233, 290, 292, 38551070, 37931293, 0.48, 75, 500, 23, 1303, 18750, 2.5
1, 19143, 232, 234, 234, 32789839, 32836437, 0.48, 75, 500, 23, 906, 18750, 2.5
0, 26250, 251, 286, 301, 39645517, 38906538, 0.48, 75, 500, 23, 1314, 18750, 2.5
1, 18956, 269, 270, 272, 32775456, 32885242, 0.48, 75, 500, 23, 911, 18750, 2.5
1, 19281, 258, 265, 263, 32804044, 32963582, 0.48, 75, 500, 23, 923, 18750, 2.5
1, 19071, 257, 262, 263, 33219056, 33222206, 0.48, 75, 500, 23, 960, 18750, 2.5
1, 20165, 250, 256, 260, 33660007, 33872572, 0.48, 75, 500, 23, 1013, 18750, 2.5
1, 19178, 257, 260, 259, 32682963, 32880727, 0.48, 75, 500, 23, 947, 18750, 2.5
0, 26250, 255, 312, 301, 39021237, 38503321, 0.48, 75, 500, 23, 1339, 18750, 2.5
0, 26250, 264, 327, 316, 39923889, 39117910, 0.48, 75, 500, 23, 1309, 18750, 2.5
0, 26250, 258, 311, 301, 39458193, 39293279, 0.48, 75, 500, 23, 1263, 18750, 2.5
1, 19275, 265, 269, 268, 32297320, 32556661, 0.48, 75, 500, 23, 957, 18750, 2.5
1, 19213, 251, 257, 254, 32348570, 32418363, 0.48, 75, 500, 23, 955, 18750, 2.5
0, 26250, 247, 288, 317, 39112391, 38363078, 0.48, 75, 500, 23, 1264, 18750, 2.5
1, 21642, 238, 256, 249, 35059389, 35340186, 0.48, 75, 500, 23, 1098, 18750, 2.5
0, 21768, 235, 258, 267, 35687088, 34848216, 0.48, 75, 500, 23, 1111, 18750, 2.5
0, 26250, 250, 309, 316, 39658228, 39395146, 0.48, 75, 500, 23, 1358, 18750, 2.5
0, 26250, 265, 321, 319, 39669822, 39320417, 0.48, 75, 500, 23, 1344, 18750, 2.5
0, 20164, 227, 245, 239, 34317755, 33855447, 0.48, 75, 500, 23, 1026, 18750, 2.5
0, 26250, 243, 298, 303, 39673712, 39329819, 0.48, 75, 500, 23, 1332, 18750, 2.5
0, 26250, 271, 329, 316, 39113741, 38045570, 0.48, 75, 500, 23, 1325, 18750, 2.5
1, 19052, 247, 248, 249, 32793002, 32808425, 0.48, 75, 500, 23, 993, 18750, 2.5
1, 20154, 253, 266, 262, 34526948, 34621919, 0.48, 75, 500, 23, 1046, 18750, 2.5
0, 24669, 222, 268, 257, 38235920, 36819291, 0.48, 75, 500, 23, 1271, 18750, 2.5
1, 19074, 248, 249, 251, 33118505, 33224185, 0.48, 75, 500, 23, 982, 18750, 2.5
0, 26250, 266, 325, 318, 39896865, 39455964, 0.48, 75, 500, 23, 1405, 18750, 2.5
0, 26250, 252, 308, 303, 40073461, 39152540, 0.48, 75, 500, 23, 1374, 18750, 2.5
0, 26250, 224, 281, 290, 40425466, 40114974, 0.48, 75, 500, 23, 1380, 18750, 2.5
0, 26250, 252, 314, 299, 39162132, 38338014, 0.48, 75, 500, 23, 1400, 18750, 2.5
1, 19024, 259, 260, 262, 32624172, 32956264, 0.48, 75, 500, 23, 1029, 18750, 2.5
0, 20984, 229, 246, 236, 35614176, 34902825, 0.48, 75, 500, 23, 1097, 18750, 2.5
1, 22617, 238, 257, 261, 36437693, 36580765, 0.48, 75, 500, 23, 1210, 18750, 2.5
0, 26250, 234, 273, 283, 39524070, 39052024, 0.48, 75, 500, 23, 1433, 18750, 2.5
1, 19205, 261, 262, 264, 34045039, 34061303, 0.48, 75, 500, 23, 1025, 18750, 2.5
0, 26250, 260, 313, 332, 39404500, 38980234, 0.48, 75, 500, 23, 1376, 18750, 2.5
1, 20562, 234, 240, 241, 23983242, 24076939, 0.48, 75, 500, 16, 505, 18750, 2.5
0, 26250, 239, 292, 280, 25917585, 25644138, 0.48, 75, 500, 16, 674, 18750, 2.5
1, 23297, 243, 271, 278, 25155087, 25168804, 0.48, 75, 500, 16, 595, 18750, 2.5
0, 26250, 241, 308, 285, 39933218, 39379637, 0.48, 75, 500, 23, 1418, 18750, 2.5
1, 19243, 241, 243, 245, 23380650, 23527042, 0.48, 75, 500, 16, 491, 18750, 2.5
0, 26250, 227, 289, 261, 38366822, 37540500, 0.48, 75, 500, 23, 1386, 18750, 2.5
1, 19429, 222, 229, 225, 22897606, 23046493, 0.48, 75, 500, 16, 494, 18750, 2.5
0, 26250, 254, 318, 305, 38985612, 38638085, 0.48, 75, 500, 23, 1386, 18750, 2.5
1, 19594, 238, 251, 240, 23900274, 23991641, 0.48, 75, 500, 16, 475, 18750, 2.5
0, 26250, 260, 306, 296, 38616859, 38623755, 0.48, 75, 500, 23, 1368, 18750, 2.5
0, 26250, 258, 311, 306, 38665963, 38294511, 0.48, 75, 500, 23, 1425, 18750, 2.5
0, 26250, 247, 321, 301, 39912189, 39080593, 0.48, 75, 500, 23, 1408, 18750, 2.5
1, 19184, 279, 280, 281, 23223374, 23260850, 0.48, 75, 500, 16, 478, 18750, 2.5
1, 20802, 228, 252, 247, 22816540, 22893408, 0.48, 75, 500, 16, 522, 18750, 2.5
1, 19229, 246, 247, 250, 23707514, 23788875, 0.48, 75, 500, 16, 488, 18750, 2.5
1, 20241, 240, 249, 250, 23906583, 24013907, 0.48, 75, 500, 16, 510, 18750, 2.5
1, 19250, 262, 267, 265, 22865577, 22914171, 0.48, 75, 500, 16, 487, 18750, 2.5
0, 26250, 268, 307, 320, 27088256, 26477417, 0.48, 75, 500, 16, 658, 18750, 2.5
1, 19048, 269, 270, 271, 22771217, 22873268, 0.48, 75, 500, 16, 445, 18750, 2.5
0, 26250, 224, 320, 245, 27360383, 26950027, 0.48, 75, 500, 16, 638, 18750, 2.5
0, 26250, 269, 320, 309, 27769002, 26836688, 0.48, 75, 500, 16, 628, 18750, 2.5
1, 18932, 229, 230, 231, 23095545, 23187393, 0.48, 75, 500, 16, 440, 18750, 2.5
0, 26250, 236, 292, 289, 27123531, 26806891, 0.48, 75, 500, 16, 606, 18750, 2.5
0, 26250, 250, 313, 290, 26833769, 26584719, 0.48, 75, 500, 16, 650, 18750, 2.5
0, 23622, 228, 268, 264, 25091082, 24474332, 0.48, 75, 500, 16, 517, 18750, 2.5
1, 20479, 278, 288, 293, 24177257, 24304413, 0.48, 75, 500, 16, 446, 18750, 2.5
1, 19623, 246, 250, 253, 23184810, 23225344, 0.48, 75, 500, 16, 443, 18750, 2.5
1, 19921, 271, 277, 276, 23722255, 23902566, 0.48, 75, 500, 16, 439, 18750, 2.5
1, 19328, 233, 237, 237, 23194865, 23260254, 0.48, 75, 500, 16, 432, 18750, 2.5
0, 26250, 273, 327, 332, 26743827, 26579806, 0.48, 75, 500, 16, 615, 18750, 2.5
0, 26250, 254, 301, 300, 28302594, 27507951, 0.48, 75, 500, 16, 627, 18750, 2.5
0, 26250, 237, 299, 311, 26572108, 26116992, 0.48, 75, 500, 16, 580, 18750, 2.5
1, 19347, 258, 261, 262, 22392437, 22483449, 0.48, 75, 500, 16, 445, 18750, 2.5
1, 19695, 257, 260, 262, 22927512, 23064692, 0.48, 75, 500, 16, 434, 18750, 2.5
1, 18983, 244, 245, 247, 22660430, 22736493, 0.48, 75, 500, 16, 441, 18750, 2.5
0, 26250, 249, 295, 304, 27517740, 27077667, 0.48, 75, 500, 16, 630, 18750, 2.5
0, 26250, 212, 254, 285, 26816431, 26579527, 0.48, 75, 500, 16, 652, 18750, 2.5
0, 26250, 229, 274, 282, 26984853, 26398957, 0.48, 75, 500, 16, 612, 18750, 2.5
0, 26250, 251, 309, 301, 27204990, 26669414, 0.48, 75, 500, 16, 649, 18750, 2.5
0, 26250, 259, 334, 301, 26557943, 26077706, 0.48, 75, 500, 16, 622, 18750, 2.5
1, 19786, 267, 273, 271, 23446512, 23589049, 0.48, 75, 500, 16, 470, 18750, 2.5
1, 19501, 226, 232, 231, 22808363, 22978683, 0.48, 75, 500, 16, 484, 18750, 2.5
0, 26250, 259, 296, 319, 27355062, 26895526, 0.48, 75, 500, 16, 630, 18750, 2.5
1, 19828, 271, 273, 275, 23330984, 23381908, 0.48, 75, 500, 16, 489, 18750, 2.5
1, 21275, 241, 263, 258, 24368948, 24530368, 0.48, 75, 500, 16, 502, 18750, 2.5
1, 19320, 236, 241, 240, 22984268, 23067961, 0.48, 75, 500, 16, 461, 18750, 2.5
0, 25123, 260, 306, 314, 25910139, 25390143, 0.48, 75, 500, 16, 604, 18750, 2.5
0, 26250, 273, 334, 323, 28141093, 27699743, 0.48, 75, 500, 16, 626, 18750, 2.5
1, 19518, 253, 255, 256, 23463590, 23592474, 0.48, 75, 500, 16, 448, 18750, 2.5
0, 26250, 254, 329, 291, 26730958, 25864473, 0.48, 75, 500, 16, 604, 18750, 2.5
0, 26250, 220, 267, 277, 27531313, 27134671, 0.48, 75, 500, 16, 615, 18750, 2.5
1, 19196, 235, 236, 239, 22722651, 22888869, 0.48, 75, 500, 16, 434, 18750, 2.5
1, 19439, 244, 250, 249, 23100009, 23265020, 0.48, 75, 500, 16, 432, 18750, 2.5
1, 19124, 251, 253, 254, 22938071, 22953562, 0.48, 75, 500, 16, 440, 18750, 2.5
0, 26250, 249, 305, 301, 26992217, 26449184, 0.48, 75, 500, 16, 620, 18750, 2.5
1, 22069, 240, 262, 257, 24509664, 24656301, 0.48, 75, 500, 16, 484, 18750, 2.5
0, 26250, 239, 292, 289, 26923491, 26375765, 0.48, 75, 500, 16, 591, 18750, 2.5
1, 20627, 283, 295, 295, 23798719, 23928597, 0.48, 75, 500, 16, 438, 18750, 2.5
0, 26250, 259, 320, 318, 27540352, 27245671, 0.48, 75, 500, 16, 649, 18750, 2.5
1, 19632, 226, 230, 236, 22823441, 22926998, 0.48, 75, 500, 16, 424, 18750, 2.5
0, 22515, 245, 273, 262, 25371315, 24710311, 0.48, 75, 500, 16, 548, 18750, 2.5
1, 19776, 241, 245, 247, 23271851, 23384549, 0.48, 75, 500, 16, 462, 18750, 2.5
0, 26250, 255, 313, 298, 27451989, 26995629, 0.48, 75, 500, 16, 646, 18750, 2.5
1, 19358, 244, 245, 248, 23327302, 23476393, 0.48, 75, 500, 16, 458, 18750, 2.5
1, 21219, 265, 280, 287, 24409012, 24551887, 0.48, 75, 500, 16, 504, 18750, 2.5
0, 26250, 243, 296, 293, 27076305, 26498415, 0.48, 75, 500, 16, 612, 18750, 2.5
1, 19659, 251, 255, 259, 23033997, 23080177, 0.48, 75, 500, 16, 478, 18750, 2.5
0, 20453, 261, 276, 268, 23414197, 22895576, 0.48, 75, 500, 16, 510, 18750, 2.5
1, 19078, 234, 236, 241, 22846353, 22881232, 0.48, 75, 500, 16, 469, 18750, 2.5
0, 26250, 238, 303, 293, 26872536, 26453840, 0.48, 75, 500, 16, 652, 18750, 2.5
0, 26250, 243, 297, 290, 27266107, 26952461, 0.48, 75, 500, 16, 636, 18750, 2.5
1, 19327, 276, 278, 282, 22842312, 22984566, 0.48, 75, 500, 16, 475, 18750, 2.5
0, 25413, 262, 306, 313, 27350319, 26802283, 0.48, 75, 500, 16, 644, 18750, 2.5
1, 19323, 235, 237, 239, 24040098, 24114487, 0.48, 75, 500, 16, 466, 18750, 2.5
1, 21236, 235, 250, 259, 23416412, 23502415, 0.48, 75, 500, 16, 511, 18750, 2.5
0, 26170, 248, 276, 309, 28267588, 27281431, 0.48, 75, 500, 16, 630, 18750, 2.5
1, 20877, 254, 271, 264, 23729143, 23837479, 0.48, 75, 500, 16, 502, 18750, 2.5
1, 19582, 280, 281, 287, 23026524, 23048436, 0.48, 75, 500, 16, 474, 18750, 2.5
1, 19042, 243, 244, 246, 22750380, 22916517, 0.48, 75, 500, 16, 474, 18750, 2.5
1, 19755, 262, 271, 267, 24027800, 24204508, 0.48, 75, 500, 16, 488, 18750, 2.5
0, 26250, 260, 314, 309, 26452659, 26141742, 0.48, 75, 500, 16, 647, 18750, 2.5
1, 18962, 272, 273, 274, 22196260, 22283542, 0.48, 75, 500, 16, 442, 18750, 2.5
0, 26250, 236, 289, 283, 28726306, 27905658, 0.48, 75, 500, 16, 640, 18750, 2.5
1, 19360, 238, 241, 242, 22819387, 23116665, 0.48, 75, 500, 16, 454, 18750, 2.5
1, 20189, 271, 286, 286, 22640786, 22655114, 0.48, 75, 500, 16, 483, 18750, 2.5
1, 19146, 216, 218, 223, 23181609, 23248255, 0.48, 75, 500, 16, 434, 18750, 2.5
1, 19696, 275, 280, 283, 23764176, 23865894, 0.48, 75, 500, 16, 475, 18750, 2.5
1, 18839, 277, 278, 279, 22197150, 22200800, 0.48, 75, 500, 16, 439, 18750, 2.5
0, 26250, 270, 344, 324, 26888235, 26404260, 0.48, 75, 500, 16, 651, 18750, 2.5
0, 26250, 245, 298, 300, 26974703, 26681127, 0.48, 75, 500, 16, 649, 18750, 2.5
1, 22156, 254, 280, 278, 25316653, 25385126, 0.48, 75, 500, 16, 518, 18750, 2.5
0, 26250, 239, 281, 278, 26835308, 26491646, 0.48, 75, 500, 16, 641, 18750, 2.5
0, 26250, 232, 290, 275, 27358891, 26992706, 0.48, 75, 500, 16, 623, 18750, 2.5
1, 19923, 269, 274, 277, 22944545, 23133987, 0.48, 75, 500, 16, 487, 18750, 2.5
0, 26250, 251, 310, 293, 27165720, 26900655, 0.48, 75, 500, 16, 647, 18750, 2.5
0, 26250, 242, 302, 304, 27229277, 26666549, 0.48, 75, 500, 16, 622, 18750, 2.5
1, 21334, 237, 247, 252, 23845287, 24044506, 0.48, 75, 500, 16, 519, 18750, 2.5
0, 26250, 239, 288, 305, 26822889, 26850709, 0.48, 75, 500, 16, 638, 18750, 2.5
1, 19983, 262, 270, 267, 23575799, 23823407, 0.48, 75, 500, 16, 474, 18750, 2.5
1, 19297, 251, 255, 254, 22698075, 22750506, 0.48, 75, 500, 16, 453, 18750, 2.5
1, 20000, 238, 248, 245, 16407778, 16507304, 0.48, 75, 500, 11, 232, 18750, 2.5
1, 18958, 223, 225, 226, 22160674, 22190293, 0.48, 75, 500, 16, 417, 18750, 2.5
0, 23611, 263, 294, 296, 26013704, 25228480, 0.48, 75, 500, 16, 570, 18750, 2.5
0, 26250, 266, 312, 321, 27610549, 27154738, 0.48, 75, 500, 16, 618, 18750, 2.5
1, 19008, 253, 255, 257, 22814126, 22856116, 0.48, 75, 500, 16, 433, 18750, 2.5
1, 19298, 235, 236, 240, 15678709, 15771431, 0.48, 75, 500, 11, 224, 18750, 2.5
1, 19810, 242, 244, 259, 16008667, 16132137, 0.48, 75, 500, 11, 246, 18750, 2.5
0, 26250, 247, 303, 295, 19053810, 18762757, 0.48, 75, 500, 11, 334, 18750, 2.5
1, 19634, 243, 245, 250, 15532141, 15692208, 0.48, 75, 500, 11, 239, 18750, 2.5
1, 19021, 245, 246, 249, 15238510, 15270487, 0.48, 75, 500, 11, 234, 18750, 2.5
1, 19823, 235, 240, 244, 15964337, 16063079, 0.48, 75, 500, 11, 214, 18750, 2.5
0, 26250, 232, 292, 275, 27356174, 27379159, 0.48, 75, 500, 16, 580, 18750, 2.5
0, 26250, 238, 311, 288, 18406048, 18052003, 0.48, 75, 500, 11, 303, 18750, 2.5
1, 20197, 258, 266, 268, 16083778, 16100228, 0.48, 75, 500, 11, 250, 18750, 2.5
1, 19354, 252, 255, 256, 15102437, 15177434, 0.48, 75, 500, 11, 240, 18750, 2.5
1, 19036, 248, 250, 253, 15723922, 15755436, 0.48, 75, 500, 11, 221, 18750, 2.5
0, 25949, 290, 332, 335, 26911625, 26194449, 0.48, 75, 500, 16, 595, 18750, 2.5
1, 20104, 277, 280, 289, 15762265, 15980087, 0.48, 75, 500, 11, 250, 18750, 2.5
1, 19178, 233, 236, 238, 15263657, 15292626, 0.48, 75, 500, 11, 223, 18750, 2.5
1, 19435, 247, 252, 251, 15957777, 16008687, 0.48, 75, 500, 11, 227, 18750, 2.5
1, 21403, 248, 274, 262, 17117859, 17149646, 0.48, 75, 500, 11, 261, 18750, 2.5
0, 26250, 262, 307, 317, 18331670, 18064497, 0.48, 75, 500, 11, 316, 18750, 2.5
0, 22129, 268, 289, 282, 17250557, 16765869, 0.48, 75, 500, 11, 260, 18750, 2.5
0, 25311, 236, 289, 261, 18948554, 18116007, 0.48, 75, 500, 11, 314, 18750, 2.5
0, 26250, 252, 305, 311, 18518612, 18028900, 0.48, 75, 500, 11, 320, 18750, 2.5
0, 26250, 233, 279, 282, 18800280, 18680851, 0.48, 75, 500, 11, 321, 18750, 2.5
1, 18988, 262, 263, 265, 15709707, 15720220, 0.48, 75, 500, 11, 239, 18750, 2.5
0, 26250, 224, 289, 280, 18831923, 18578374, 0.48, 75, 500, 11, 360, 18750, 2.5
1, 19188, 225, 227, 228, 15312216, 15367252, 0.48, 75, 500, 11, 229, 18750, 2.5
1, 19543, 285, 287, 290, 15808568, 15870621, 0.48, 75, 500, 11, 250, 18750, 2.5
0, 26250, 250, 280, 315, 18502561, 18116171, 0.48, 75, 500, 11, 339, 18750, 2.5
1, 19157, 258, 259, 262, 15398903, 15457835, 0.48, 75, 500, 11, 243, 18750, 2.5
1, 19528, 251, 254, 258, 16061874, 16096168, 0.48, 75, 500, 11, 254, 18750, 2.5
0, 26250, 260, 319, 317, 19161422, 18815699, 0.48, 75, 500, 11, 342, 18750, 2.5
1, 19475, 235, 238, 241, 15947049, 16092146, 0.48, 75, 500, 11, 259, 18750, 2.5
1, 19540, 260, 263, 263, 15689511, 15733091, 0.48, 75, 500, 11, 253, 18750, 2.5
0, 26250, 266, 312, 319, 18669898, 18540042, 0.48, 75, 500, 11, 323, 18750, 2.5
0, 26250, 270, 329, 311, 18735015, 18513819, 0.48, 75, 500, 11, 326, 18750, 2.5
1, 19071, 239, 240, 244, 15155191, 15168243, 0.48, 75, 500, 11, 244, 18750, 2.5
0, 26250, 255, 308, 315, 18773399, 18326718, 0.48, 75, 500, 11, 342, 18750, 2.5
1, 19292, 238, 240, 241, 15253639, 15373665, 0.48, 75, 500, 11, 229, 18750, 2.5
1, 20619, 267, 274, 275, 16517395, 16619529, 0.48, 75, 500, 11, 263, 18750, 2.5
1, 20208, 198, 210, 208, 16207112, 16241888, 0.48, 75, 500, 11, 244, 18750, 2.5
1, 19678, 256, 260, 261, 16199225, 16275683, 0.48, 75, 500, 11, 242, 18750, 2.5
0, 26250, 244, 302, 302, 18557209, 18432274, 0.48, 75, 500, 11, 329, 18750, 2.5
1, 20535, 249, 250, 253, 16809061, 16905789, 0.48, 75, 500, 11, 251, 18750, 2.5
1, 19307, 238, 245, 242, 15754603, 15846470, 0.48, 75, 500, 11, 228, 18750, 2.5
0, 26250, 234, 292, 274, 19007163, 18349640, 0.48, 75, 500, 11, 334, 18750, 2.5
0, 26250, 245, 294, 290, 18670337, 18108896, 0.48, 75, 500, 11, 342, 18750, 2.5
1, 25886, 222, 274, 265, 18301181, 18432147, 0.48, 75, 500, 11, 319, 18750, 2.5
1, 19195, 262, 264, 266, 15461745, 15507449, 0.48, 75, 500, 11, 230, 18750, 2.5
1, 19135, 239, 244, 242, 15956834, 15968200, 0.48, 75, 500, 11, 230, 18750, 2.5
1, 19052, 292, 293, 295, 15309680, 15334869, 0.48, 75, 500, 11, 245, 18750, 2.5
1, 19357, 249, 250, 254, 16049799, 16137939, 0.48, 75, 500, 11, 235, 18750, 2.5
0, 20121, 263, 274, 269, 15879864, 15519867, 0.48, 75, 500, 11, 241, 18750, 2.5
1, 19465, 262, 265, 269, 16206690, 16362037, 0.48, 75, 500, 11, 220, 18750, 2.5
0, 24626, 250, 303, 282, 18156500, 17520592, 0.48, 75, 500, 11, 291, 18750, 2.5
1, 20398, 268, 276, 278, 16271075, 16380042, 0.48, 75, 500, 11, 242, 18750, 2.5
1, 20148, 234, 243, 249, 15819729, 15832279, 0.48, 75, 500, 11, 244, 18750, 2.5
0, 22956, 241, 288, 253, 16893656, 16307024, 0.48, 75, 500, 11, 274, 18750, 2.5
1, 19558, 235, 242, 241, 15797414, 15811584, 0.48, 75, 500, 11, 241, 18750, 2.5
0, 20370, 285, 300, 290, 16121188, 15723983, 0.48, 75, 500, 11, 289, 18750, 2.5
1, 19160, 247, 248, 249, 15856846, 15917166, 0.48, 75, 500, 11, 252, 18750, 2.5
0, 26250, 260, 311, 311, 19167787, 18843243, 0.48, 75, 500, 11, 327, 18750, 2.5
1, 23054, 275, 295, 291, 17518969, 17604190, 0.48, 75, 500, 11, 295, 18750, 2.5
1, 19712, 247, 255, 254, 15227203, 15227957, 0.48, 75, 500, 11, 250, 18750, 2.5
1, 19251, 261, 263, 264, 15591747, 15717009, 0.48, 75, 500, 11, 247, 18750, 2.5
1, 20333, 256, 265, 264, 16773865, 16803869, 0.48, 75, 500, 11, 270, 18750, 2.5
1, 18954, 241, 242, 245, 15442219, 15460417, 0.48, 75, 500, 11, 255, 18750, 2.5
1, 19598, 251, 254, 255, 16016869, 16177607, 0.48, 75, 500, 11, 269, 18750, 2.5
1, 19938, 246, 254, 258, 16048712, 16054213, 0.48, 75, 500, 11, 264, 18750, 2.5
0, 26250, 260, 315, 312, 18935487, 18732356, 0.48, 75, 500, 11, 341, 18750, 2.5
1, 19617, 265, 269, 275, 16188341, 16205839, 0.48, 75, 500, 11, 258, 18750, 2.5
1, 24599, 220, 277, 264, 18650343, 18666983, 0.48, 75, 500, 11, 325, 18750, 2.5
0, 26250, 262, 312, 332, 19089541, 18642337, 0.48, 75, 500, 11, 354, 18750, 2.5
1, 19234, 221, 223, 227, 15219494, 15257785, 0.48, 75, 500, 11, 247, 18750, 2.5
1, 20422, 246, 255, 253, 16202394, 16275288, 0.48, 75, 500, 11, 256, 18750, 2.5
1, 19041, 239, 241, 242, 16047291, 16118145, 0.48, 75, 500, 11, 229, 18750, 2.5
1, 19230, 251, 252, 255, 15916927, 15953887, 0.48, 75, 500, 11, 235, 18750, 2.5
0, 20371, 289, 294, 293, 15818841, 15446761, 0.48, 75, 500, 11, 248, 18750, 2.5
1, 18935, 260, 262, 264, 15345433, 15382991, 0.48, 75, 500, 11, 234, 18750, 2.5
0, 26250, 248, 299, 286, 18554262, 18549762, 0.48, 75, 500, 11, 358, 18750, 2.5
1, 19503, 237, 246, 241, 16218731, 16233949, 0.48, 75, 500, 11, 237, 18750, 2.5
1, 19141, 260, 262, 269, 15912495, 16011879, 0.48, 75, 500, 11, 235, 18750, 2.5
1, 19325, 244, 247, 246, 16293344, 16359466, 0.48, 75, 500, 11, 239, 18750, 2.5
1, 20722, 242, 252, 251, 16401871, 16489958, 0.48, 75, 500, 11, 268, 18750, 2.5
1, 19982, 264, 269, 268, 16485905, 16605055, 0.48, 75, 500, 11, 260, 18750, 2.5
0, 26250, 261, 328, 323, 18601020, 18095911, 0.48, 75, 500, 11, 342, 18750, 2.5
1, 19087, 264, 269, 267, 16195930, 16207706, 0.48, 75, 500, 11, 247, 18750, 2.5
1, 19764, 239, 251, 246, 15736862, 15750256, 0.48, 75, 500, 11, 254, 18750, 2.5
1, 19293, 263, 264, 267, 15790176, 15855010, 0.48, 75, 500, 11, 257, 18750, 2.5
1, 20241, 246, 259, 257, 16553761, 16625053, 0.48, 75, 500, 11, 285, 18750, 2.5
0, 26250, 234, 284, 292, 19079606, 18650224, 0.48, 75, 500, 11, 350, 18750, 2.5
1, 20840, 240, 252, 255, 16617436, 16675253, 0.48, 75, 500, 11, 258, 18750, 2.5
1, 19190, 240, 242, 245, 16441884, 16478488, 0.48, 75, 500, 11, 243, 18750, 2.5
0, 26250, 241, 286, 285, 18021403, 17925739, 0.48, 75, 500, 11, 347, 18750, 2.5
0, 26250, 202, 250, 253, 18396410, 18382367, 0.48, 75, 500, 11, 351, 18750, 2.5
1, 20074, 248, 251, 258, 16365668, 16514594, 0.48, 75, 500, 11, 244, 18750, 2.5
1, 19999, 250, 256, 254, 16414955, 16455164, 0.48, 75, 500, 11, 250, 18750, 2.5
0, 22641, 249, 277, 273, 17295798, 16789353, 0.48, 75, 500, 11, 286, 18750, 2.5
0, 21244, 250, 268, 263, 16519380, 16104714, 0.48, 75, 500, 11, 260, 18750, 2.5
1, 19675, 245, 251, 250, 15895073, 15927410, 0.48, 75, 500, 11, 226, 18750, 2.5
1, 19720, 245, 247, 248, 12453669, 12457858, 0.48, 75, 500, 8, 160, 18750, 2.5
1, 19224, 268, 271, 273, 11352241, 11409017, 0.48, 75, 500, 8, 142, 18750, 2.5
0, 21785, 256, 281, 273, 16896002, 16467464, 0.48, 75, 500, 11, 283, 18750, 2.5
1, 19169, 224, 229, 226, 12003774, 12029851, 0.48, 75, 500, 8, 135, 18750, 2.5
1, 19362, 261, 263, 267, 15902515, 16055286, 0.48, 75, 500, 11, 240, 18750, 2.5
1, 18784, 251, 252, 253, 15965972, 15970745, 0.48, 75, 500, 11, 217, 18750, 2.5
0, 25651, 253, 290, 300, 18800171, 18301915, 0.48, 75, 500, 11, 326, 18750, 2.5
1, 20364, 248, 257, 264, 11905660, 11967028, 0.48, 75, 500, 8, 146, 18750, 2.5
1, 19444, 255, 261, 258, 10988278, 11060978, 0.48, 75, 500, 8, 132, 18750, 2.5
1, 19253, 260, 264, 262, 11646900, 11727732, 0.48, 75, 500, 8, 146, 18750, 2.5
1, 22725, 230, 250, 249, 12728117, 12772526, 0.48, 75, 500, 8, 164, 18750, 2.5
1, 19333, 255, 262, 260, 10886272, 10912660, 0.48, 75, 500, 8, 145, 18750, 2.5
1, 19049, 260, 263, 266, 11352325, 11417446, 0.48, 75, 500, 8, 143, 18750, 2.5
1, 19350, 256, 259, 259, 11970064, 12008394, 0.48, 75, 500, 8, 151, 18750, 2.5
1, 19232, 254, 257, 259, 11713429, 11747409, 0.48, 75, 500, 8, 136, 18750, 2.5
1, 20486, 263, 270, 277, 12212008, 12258620, 0.48, 75, 500, 8, 135, 18750, 2.5
1, 20939, 245, 266, 255, 11692687, 11715949, 0.48, 75, 500, 8, 151, 18750, 2.5
1, 19400, 243, 246, 245, 11335187, 11367289, 0.48, 75, 500, 8, 146, 18750, 2.5
0, 22445, 275, 300, 305, 12608410, 12394270, 0.48, 75, 500, 8, 162, 18750, 2.5
1, 20343, 270, 285, 279, 11830753, 11880544, 0.48, 75, 500, 8, 147, 18750, 2.5
1, 21041, 234, 250, 252, 12170698, 12179712, 0.48, 75, 500, 8, 140, 18750, 2.5
0, 23057, 234, 260, 256, 13180830, 12691851, 0.48, 75, 500, 8, 159, 18750, 2.5
1, 19799, 287, 289, 293, 11867116, 11901566, 0.48, 75, 500, 8, 154, 18750, 2.5
0, 22804, 250, 286, 281, 12042043, 11656372, 0.48, 75, 500, 8, 187, 18750, 2.5
1, 19740, 228, 235, 234, 12180093, 12199955, 0.48, 75, 500, 8, 143, 18750, 2.5
1, 19789, 256, 258, 263, 11959001, 12015066, 0.48, 75, 500, 8, 134, 18750, 2.5
1, 19038, 255, 256, 257, 11388866, 11391148, 0.48, 75, 500, 8, 132, 18750, 2.5
1, 19736, 237, 239, 241, 12173660, 12239368, 0.48, 75, 500, 8, 148, 18750, 2.5
1, 19354, 268, 270, 270, 11686621, 11708661, 0.48, 75, 500, 8, 137, 18750, 2.5
0, 24949, 287, 333, 336, 13085767, 12739004, 0.48, 75, 500, 8, 189, 18750, 2.5
1, 19998, 247, 257, 257, 11695505, 11736208, 0.48, 75, 500, 8, 160, 18750, 2.5
1, 19304, 248, 249, 255, 11244280, 11293578, 0.48, 75, 500, 8, 142, 18750, 2.5
0, 26250, 228, 286, 288, 13765283, 13400417, 0.48, 75, 500, 8, 214, 18750, 2.5
1, 19370, 222, 224, 228, 11172718, 11230109, 0.48, 75, 500, 8, 133, 18750, 2.5
1, 19139, 267, 271, 271, 11386836, 11412470, 0.48, 75, 500, 8, 141, 18750, 2.5
0, 26250, 250, 306, 308, 13052431, 13081916, 0.48, 75, 500, 8, 195, 18750, 2.5
1, 19695, 260, 263, 267, 11639842, 11682385, 0.48, 75, 500, 8, 165, 18750, 2.5
0, 23556, 248, 281, 280, 12976659, 12501181, 0.48, 75, 500, 8, 173, 18750, 2.5
1, 19881, 276, 277, 284, 11685676, 11754044, 0.48, 75, 500, 8, 160, 18750, 2.5
0, 26250, 292, 363, 339, 13664697, 13379031, 0.48, 75, 500, 8, 203, 18750, 2.5
1, 19184, 225, 229, 229, 11708121, 11774518, 0.48, 75, 500, 8, 142, 18750, 2.5
1, 19304, 258, 263, 262, 11701545, 11703384, 0.48, 75, 500, 8, 151, 18750, 2.5
1, 19026, 231, 232, 234, 11258465, 11296396, 0.48, 75, 500, 8, 156, 18750, 2.5
0, 26250, 255, 306, 297, 13983329, 13805957, 0.48, 75, 500, 8, 205, 18750, 2.5
1, 19402, 244, 247, 248, 11629157, 11672040, 0.48, 75, 500, 8, 144, 18750, 2.5
1, 18913, 223, 224, 226, 11487354, 11569794, 0.48, 75, 500, 8, 134, 18750, 2.5
0, 26250, 235, 283, 281, 13807512, 13687730, 0.48, 75, 500, 8, 205, 18750, 2.5
0, 26250, 263, 327, 308, 14436946, 14082068, 0.48, 75, 500, 8, 202, 18750, 2.5
1, 19653, 271, 278, 279, 12225314, 12254816, 0.48, 75, 500, 8, 151, 18750, 2.5
1, 19187, 279, 283, 282, 11988864, 12036768, 0.48, 75, 500, 8, 142, 18750, 2.5
0, 26250, 241, 298, 289, 13470376, 13206816, 0.48, 75, 500, 8, 205, 18750, 2.5
1, 19044, 267, 268, 269, 11480368, 11487322, 0.48, 75, 500, 8, 138, 18750, 2.5
1, 19452, 251, 254, 255, 12148895, 12221762, 0.48, 75, 500, 8, 141, 18750, 2.5
1, 20831, 286, 294, 294, 11691746, 11722836, 0.48, 75, 500, 8, 156, 18750, 2.5
1, 19673, 263, 273, 267, 11667460, 11744688, 0.48, 75, 500, 8, 153, 18750, 2.5
1, 19088, 234, 235, 238, 11564542, 11577432, 0.48, 75, 500, 8, 160, 18750, 2.5
1, 19479, 235, 238, 245, 11657599, 11667438, 0.48, 75, 500, 8, 150, 18750, 2.5
0, 26250, 246, 315, 287, 13978039, 13603142, 0.48, 75, 500, 8, 207, 18750, 2.5
1, 19226, 244, 247, 247, 11391356, 11504796, 0.48, 75, 500, 8, 162, 18750, 2.5
1, 18961, 247, 248, 249, 11478454, 11485687, 0.48, 75, 500, 8, 153, 18750, 2.5
1, 19856, 231, 244, 237, 11234813, 11356347, 0.48, 75, 500, 8, 154, 18750, 2.5
1, 21737, 231, 256, 257, 11858242, 11870629, 0.48, 75, 500, 8, 159, 18750, 2.5
1, 20577, 280, 291, 301, 11915301, 11965577, 0.48, 75, 500, 8, 166, 18750, 2.5
1, 19164, 262, 264, 265, 11339639, 11436564, 0.48, 75, 500, 8, 149, 18750, 2.5
0, 26250, 267, 317, 323, 13787748, 13585597, 0.48, 75, 500, 8, 210, 18750, 2.5
1, 21947, 278, 294, 308, 11882133, 12098933, 0.48, 75, 500, 8, 171, 18750, 2.5
1, 19657, 223, 228, 230, 11428608, 11477545, 0.48, 75, 500, 8, 161, 18750, 2.5
1, 19334, 246, 248, 251, 11334465, 11347150, 0.48, 75, 500, 8, 146, 18750, 2.5
0, 25649, 240, 291, 291, 13578325, 13113397, 0.48, 75, 500, 8, 210, 18750, 2.5
0, 24878, 274, 327, 329, 13409270, 13098666, 0.48, 75, 500, 8, 207, 18750, 2.5
1, 20067, 258, 259, 268, 11120409, 11254305, 0.48, 75, 500, 8, 156, 18750, 2.5
0, 26250, 232, 299, 286, 13719928, 13383992, 0.48, 75, 500, 8, 209, 18750, 2.5
0, 26250, 253, 331, 277, 13605604, 13390961, 0.48, 75, 500, 8, 203, 18750, 2.5
1, 19680, 266, 267, 270, 11832493, 11963702, 0.48, 75, 500, 8, 158, 18750, 2.5
0, 26250, 267, 327, 325, 14063701, 13706246, 0.48, 75, 500, 8, 209, 18750, 2.5
1, 19550, 256, 257, 260, 11662160, 11723369, 0.48, 75, 500, 8, 155, 18750, 2.5
1, 20023, 259, 265, 266, 12584376, 12613196, 0.48, 75, 500, 8, 155, 18750, 2.5
1, 18869, 241, 242, 244, 11096961, 11106993, 0.48, 75, 500, 8, 137, 18750, 2.5
1, 19619, 240, 248, 246, 11773018, 11841942, 0.48, 75, 500, 8, 144, 18750, 2.5
1, 19226, 244, 246, 247, 11215496, 11273509, 0.48, 75, 500, 8, 138, 18750, 2.5
0, 26250, 247, 303, 305, 13499867, 13127643, 0.48, 75, 500, 8, 216, 18750, 2.5
0, 26250, 252, 301, 297, 13580586, 13345115, 0.48, 75, 500, 8, 215, 18750, 2.5
0, 24793, 251, 300, 300, 13923215, 13400019, 0.48, 75, 500, 8, 195, 18750, 2.5
0, 26250, 249, 302, 302, 13661310, 13325326, 0.48, 75, 500, 8, 209, 18750, 2.5
1, 19388, 248, 251, 251, 11553928, 11609513, 0.48, 75, 500, 8, 161, 18750, 2.5
1, 18952, 245, 246, 249, 11611794, 11654589, 0.48, 75, 500, 8, 151, 18750, 2.5
0, 26250, 269, 337, 306, 13659884, 13353830, 0.48, 75, 500, 8, 213, 18750, 2.5
0, 26250, 264, 318, 313, 13803652, 13531342, 0.48, 75, 500, 8, 200, 18750, 2.5
1, 21314, 247, 258, 270, 11617333, 11623092, 0.48, 75, 500, 8, 168, 18750, 2.5
1, 18884, 232, 233, 234, 11307935, 11345190, 0.48, 75, 500, 8, 140, 18750, 2.5
1, 19388, 266, 267, 268, 11346880, 11347678, 0.48, 75, 500, 8, 163, 18750, 2.5
1, 25655, 266, 316, 311, 13669263, 13723438, 0.48, 75, 500, 8, 206, 18750, 2.5
1, 19566, 242, 244, 246, 11944967, 11960492, 0.48, 75, 500, 8, 141, 18750, 2.5
0, 26250, 225, 285, 285, 13571162, 13131490, 0.48, 75, 500, 8, 200, 18750, 2.5
0, 24483, 234, 282, 258, 13424793, 12966568, 0.48, 75, 500, 8, 189, 18750, 2.5
1, 19305, 275, 278, 278, 11597277, 11687035, 0.48, 75, 500, 8, 141, 18750, 2.5
1, 19433, 251, 254, 255, 11418952, 11482038, 0.48, 75, 500, 8, 154, 18750, 2.5
0, 26196, 260, 300, 310, 13842370, 13580435, 0.48, 75, 500, 8, 207, 18750, 2.5
1, 19909, 228, 237, 239, 11709742, 11799411, 0.48, 75, 500, 8, 154, 18750, 2.5
1, 19450, 253, 256, 256, 11691758, 11726607, 0.48, 75, 500, 8, 150, 18750, 2.5
1, 19386, 260, 262, 262, 10155507, 10251812, 0.48, 75, 500, 7, 126, 18750, 2.5
1, 19649, 263, 265, 268, 9996499, 10050110, 0.48, 75, 500, 7, 122, 18750, 2.5
1, 24209, 267, 297, 303, 12887879, 12916631, 0.48, 75, 500, 8, 197, 18750, 2.5
1, 20072, 267, 274, 279, 11936443, 11953202, 0.48, 75, 500, 8, 162, 18750, 2.5
1, 19335, 237, 239, 241, 9935356, 9960158, 0.48, 75, 500, 7, 123, 18750, 2.5
0, 26250, 251, 302, 296, 11576775, 11371916, 0.48, 75, 500, 7, 172, 18750, 2.5
0, 26250, 269, 332, 314, 14003599, 13909428, 0.48, 75, 500, 8, 209, 18750, 2.5
0, 19395, 272, 278, 273, 9789359, 9566869, 0.48, 75, 500, 7, 121, 18750, 2.5
0, 19706, 266, 269, 267, 9962792, 9784663, 0.48, 75, 500, 7, 131, 18750, 2.5
0, 26250, 244, 295, 283, 11897019, 11665645, 0.48, 75, 500, 7, 173, 18750, 2.5
0, 26250, 244, 306, 287, 12062888, 11867305, 0.48, 75, 500, 7, 172, 18750, 2.5
1, 19615, 270, 271, 274, 10064010, 10112056, 0.48, 75, 500, 7, 130, 18750, 2.5
0, 26250, 223, 276, 263, 13175037, 12920370, 0.48, 75, 500, 8, 219, 18750, 2.5
0, 25338, 296, 336, 338, 11656421, 11346668, 0.48, 75, 500, 7, 166, 18750, 2.5
1, 19262, 244, 245, 247, 10141837, 10174011, 0.48, 75, 500, 7, 122, 18750, 2.5
1, 19266, 269, 270, 272, 9298341, 9377024, 0.48, 75, 500, 7, 126, 18750, 2.5
1, 19283, 253, 254, 259, 9887227, 9913200, 0.48, 75, 500, 7, 125, 18750, 2.5
1, 20651, 259, 265, 268, 9919344, 9969772, 0.48, 75, 500, 7, 130, 18750, 2.5
1, 22956, 232, 254, 264, 11410358, 11443268, 0.48, 75, 500, 7, 145, 18750, 2.5
0, 26250, 254, 308, 307, 11995756, 11673854, 0.48, 75, 500, 7, 167, 18750, 2.5
1, 20785, 259, 275, 276, 10209350, 10279230, 0.48, 75, 500, 7, 134, 18750, 2.5
0, 23459, 259, 291, 287, 11297316, 10865119, 0.48, 75, 500, 7, 146, 18750, 2.5
1, 19476, 234, 235, 243, 10185656, 10208430, 0.48, 75, 500, 7, 120, 18750, 2.5
0, 24899, 261, 309, 292, 11608462, 11223520, 0.48, 75, 500, 7, 166, 18750, 2.5
1, 21857, 225, 243, 244, 10953188, 10969032, 0.48, 75, 500, 7, 143, 18750, 2.5
1, 23696, 273, 304, 306, 10925832, 10970614, 0.48, 75, 500, 7, 151, 18750, 2.5
0, 26250, 250, 304, 315, 11864372, 11707812, 0.48, 75, 500, 7, 174, 18750, 2.5
0, 26250, 219, 276, 262, 11944177, 11864090, 0.48, 75, 500, 7, 162, 18750, 2.5
1, 19266, 258, 259, 263, 9790727, 9843817, 0.48, 75, 500, 7, 117, 18750, 2.5
0, 26250, 274, 338, 320, 11517373, 11408910, 0.48, 75, 500, 7, 167, 18750, 2.5
0, 26250, 218, 267, 251, 11579081, 11504858, 0.48, 75, 500, 7, 162, 18750, 2.5
1, 18959, 262, 263, 264, 9688251, 9691305, 0.48, 75, 500, 7, 120, 18750, 2.5
1, 19488, 256, 260, 258, 10240536, 10285826, 0.48, 75, 500, 7, 121, 18750, 2.5
1, 19493, 285, 288, 291, 9965513, 9991648, 0.48, 75, 500, 7, 126, 18750, 2.5
1, 19305, 284, 286, 287, 9752827, 9812178, 0.48, 75, 500, 7, 120, 18750, 2.5
1, 19686, 263, 265, 272, 10392789, 10455208, 0.48, 75, 500, 7, 125, 18750, 2.5
1, 19559, 254, 258, 261, 10312521, 10339990, 0.48, 75, 500, 7, 114, 18750, 2.5
1, 19387, 250, 252, 252, 9975073, 10029804, 0.48, 75, 500, 7, 122, 18750, 2.5
0, 23833, 248, 285, 268, 11139399, 10793594, 0.48, 75, 500, 7, 151, 18750, 2.5
1, 19572, 257, 260, 264, 10151367, 10230482, 0.48, 75, 500, 7, 124, 18750, 2.5
1, 20225, 260, 271, 272, 10442360, 10468133, 0.48, 75, 500, 7, 125, 18750, 2.5
0, 26250, 235, 287, 292, 11780013, 11537098, 0.48, 75, 500, 7, 155, 18750, 2.5
1, 19333, 265, 267, 268, 10139414, 10220424, 0.48, 75, 500, 7, 116, 18750, 2.5
1, 25074, 269, 317, 316, 11477645, 11561652, 0.48, 75, 500, 7, 165, 18750, 2.5
1, 19391, 260, 261, 265, 10594221, 10663085, 0.48, 75, 500, 7, 123, 18750, 2.5
0, 26250, 266, 320, 315, 12217702, 12065655, 0.48, 75, 500, 7, 167, 18750, 2.5
1, 19196, 236, 237, 239, 10458341, 10531526, 0.48, 75, 500, 7, 127, 18750, 2.5
0, 26250, 237, 281, 286, 11675632, 11545162, 0.48, 75, 500, 7, 177, 18750, 2.5
0, 26250, 248, 308, 308, 11866340, 11622581, 0.48, 75, 500, 7, 171, 18750, 2.5
1, 19514, 268, 269, 271, 10402428, 10404644, 0.48, 75, 500, 7, 126, 18750, 2.5
0, 26250, 231, 298, 258, 12448362, 12109206, 0.48, 75, 500, 7, 166, 18750, 2.5
1, 19264, 240, 242, 246, 9863947, 9894010, 0.48, 75, 500, 7, 124, 18750, 2.5
1, 18981, 256, 257, 260, 9934235, 9950462, 0.48, 75, 500, 7, 121, 18750, 2.5
0, 26250, 236, 292, 281, 11957600, 11632645, 0.48, 75, 500, 7, 173, 18750, 2.5
1, 19348, 257, 259, 260, 9467549, 9513242, 0.48, 75, 500, 7, 128, 18750, 2.5
0, 26250, 225, 278, 279, 12058689, 11855863, 0.48, 75, 500, 7, 178, 18750, 2.5
1, 21575, 271, 286, 286, 10384509, 10475529, 0.48, 75, 500, 7, 147, 18750, 2.5
0, 26250, 271, 331, 329, 11894484, 11647596, 0.48, 75, 500, 7, 183, 18750, 2.5
1, 19903, 275, 277, 282, 10047538, 10198486, 0.48, 75, 500, 7, 140, 18750, 2.5
1, 19799, 245, 249, 249, 9827620, 9889916, 0.48, 75, 500, 7, 129, 18750, 2.5
1, 18834, 256, 257, 258, 9658617, 9661934, 0.48, 75, 500, 7, 125, 18750, 2.5
1, 19679, 245, 249, 249, 10205481, 10257721, 0.48, 75, 500, 7, 131, 18750, 2.5
0, 25285, 280, 327, 309, 11289575, 10981137, 0.48, 75, 500, 7, 171, 18750, 2.5
1, 19348, 238, 239, 242, 10696187, 10745863, 0.48, 75, 500, 7, 130, 18750, 2.5
1, 19442, 265, 266, 269, 9926962, 9984551, 0.48, 75, 500, 7, 139, 18750, 2.5
1, 19848, 246, 249, 254, 9956997, 9987840, 0.48, 75, 500, 7, 140, 18750, 2.5
0, 24028, 234, 287, 271, 11780043, 11352285, 0.48, 75, 500, 7, 161, 18750, 2.5
1, 19489, 231, 237, 233, 10596659, 10646941, 0.48, 75, 500, 7, 125, 18750, 2.5
1, 19290, 243, 245, 245, 9745239, 9786676, 0.48, 75, 500, 7, 107, 18750, 2.5
1, 19826, 281, 285, 284, 10167361, 10297517, 0.48, 75, 500, 7, 125, 18750, 2.5
1, 19523, 245, 247, 252, 9647193, 9685203, 0.48, 75, 500, 7, 120, 18750, 2.5
0, 26250, 228, 279, 279, 12440320, 12236503, 0.48, 75, 500, 7, 177, 18750, 2.5
0, 26250, 264, 334, 318, 11932672, 11578811, 0.48, 75, 500, 7, 165, 18750, 2.5
1, 19783, 246, 250, 254, 9950724, 10113451, 0.48, 75, 500, 7, 115, 18750, 2.5
1, 19370, 273, 278, 280, 9792752, 9830030, 0.48, 75, 500, 7, 120, 18750, 2.5
1, 19207, 255, 258, 257, 9579690, 9615622, 0.48, 75, 500, 7, 125, 18750, 2.5
1, 20580, 250, 259, 269, 10098627, 10130159, 0.48, 75, 500, 7, 129, 18750, 2.5
0, 22719, 270, 299, 297, 11259080, 10928647, 0.48, 75, 500, 7, 153, 18750, 2.5
1, 19227, 232, 233, 236, 10237194, 10264872, 0.48, 75, 500, 7, 121, 18750, 2.5
0, 26250, 241, 306, 290, 12033983, 11912307, 0.48, 75, 500, 7, 167, 18750, 2.5
1, 19809, 261, 267, 270, 10605443, 10624418, 0.48, 75, 500, 7, 128, 18750, 2.5
1, 21818, 254, 280, 268, 11135016, 11160538, 0.48, 75, 500, 7, 135, 18750, 2.5
1, 19043, 253, 254, 256, 10040852, 10076311, 0.48, 75, 500, 7, 115, 18750, 2.5
0, 26250, 270, 311, 331, 11961961, 11919250, 0.48, 75, 500, 7, 171, 18750, 2.5
1, 20123, 245, 256, 253, 10144201, 10201655, 0.48, 75, 500, 7, 137, 18750, 2.5
1, 19254, 269, 272, 276, 10110857, 10144988, 0.48, 75, 500, 7, 111, 18750, 2.5
1, 21130, 265, 283, 282, 10865293, 10927959, 0.48, 75, 500, 7, 133, 18750, 2.5
0, 26250, 219, 265, 280, 11484144, 11314516, 0.48, 75, 500, 7, 174, 18750, 2.5
1, 19489, 262, 265, 266, 9660685, 9735487, 0.48, 75, 500, 7, 127, 18750, 2.5
0, 22916, 283, 320, 312, 11425053, 11076118, 0.48, 75, 500, 7, 150, 18750, 2.5
0, 23498, 269, 309, 286, 11414474, 11093777, 0.48, 75, 500, 7, 150, 18750, 2.5
1, 19011, 229, 230, 232, 9574061, 9644352, 0.48, 75, 500, 7, 108, 18750, 2.5
1, 19444, 259, 263, 263, 9728732, 9756098, 0.48, 75, 500, 7, 117, 18750, 2.5
0, 26250, 253, 300, 308, 12013492, 11942376, 0.48, 75, 500, 7, 154, 18750, 2.5
1, 19440, 242, 243, 247, 10025563, 10046990, 0.48, 75, 500, 7, 128, 18750, 2.5
1, 19136, 229, 230, 232, 10095733, 10114209, 0.48, 75, 500, 7, 109, 18750, 2.5
0, 25723, 245, 288, 291, 11940511, 11444227, 0.48, 75, 500, 7, 152, 18750, 2.5
0, 26250, 256, 312, 300, 12089089, 11919490, 0.48, 75, 500, 7, 160, 18750, 2.5
0, 23463, 256, 287, 280, 11668220, 11295242, 0.48, 75, 500, 7, 151, 18750, 2.5
1, 18933, 244, 246, 246, 9848093, 9897623, 0.48, 75, 500, 7, 103, 18750, 2.5
1, 20633, 257, 274, 271, 8983224, 9014415, 0.48, 75, 500, 6, 98, 18750, 2.5
1, 19349, 229, 232, 234, 8783169, 8794168, 0.48, 75, 500, 6, 92, 18750, 2.5
0, 22091, 272, 300, 288, 9473931, 9213245, 0.48, 75, 500, 6, 106, 18750, 2.5
0, 26250, 234, 295, 283, 10246547, 9823624, 0.48, 75, 500, 6, 122, 18750, 2.5
1, 20030, 275, 280, 288, 10605350, 10614466, 0.48, 75, 500, 7, 132, 18750, 2.5
1, 19940, 279, 287, 283, 8514929, 8589806, 0.48, 75, 500, 6, 88, 18750, 2.5
0, 26250, 232, 286, 286, 12043169, 11738120, 0.48, 75, 500, 7, 161, 18750, 2.5
0, 20294, 279, 293, 285, 10692723, 10430353, 0.48, 75, 500, 7, 129, 18750, 2.5
0, 23389, 269, 293, 301, 11324964, 11006661, 0.48, 75, 500, 7, 137, 18750, 2.5
1, 19003, 246, 247, 251, 8326202, 8369702, 0.48, 75, 500, 6, 91, 18750, 2.5
1, 19259, 245, 249, 248, 8916485, 8923849, 0.48, 75, 500, 6, 93, 18750, 2.5
1, 20215, 239, 244, 246, 9008929, 9030848, 0.48, 75, 500, 6, 103, 18750, 2.5
1, 23144, 256, 281, 273, 9539334, 9591773, 0.48, 75, 500, 6, 116, 18750, 2.5
0, 21170, 246, 269, 252, 8423924, 8063431, 0.48, 75, 500, 6, 107, 18750, 2.5
1, 19470, 263, 267, 267, 8899654, 8936130, 0.48, 75, 500, 6, 96, 18750, 2.5
1, 22675, 264, 285, 286, 9461453, 9540196, 0.48, 75, 500, 6, 117, 18750, 2.5
1, 19701, 269, 279, 275, 8552694, 8623972, 0.48, 75, 500, 6, 99, 18750, 2.5
1, 19702, 257, 264, 261, 9178892, 9220771, 0.48, 75, 500, 6, 99, 18750, 2.5
1, 19218, 243, 244, 247, 8614187, 8633748, 0.48, 75, 500, 6, 90, 18750, 2.5
1, 19167, 250, 254, 253, 8473153, 8495363, 0.48, 75, 500, 6, 99, 18750, 2.5
1, 19590, 248, 252, 254, 8403048, 8460049, 0.48, 75, 500, 6, 99, 18750, 2.5
0, 20056, 255, 266, 259, 8611375, 8372868, 0.48, 75, 500, 6, 103, 18750, 2.5
1, 19043, 241, 242, 243, 9513142, 9513887, 0.48, 75, 500, 6, 99, 18750, 2.5
0, 21571, 263, 284, 281, 9130514, 9005113, 0.48, 75, 500, 6, 110, 18750, 2.5
1, 19253, 295, 298, 303, 8233066, 8245278, 0.48, 75, 500, 6, 101, 18750, 2.5
1, 20486, 280, 288, 286, 8833798, 8847093, 0.48, 75, 500, 6, 101, 18750, 2.5
1, 25468, 261, 317, 313, 9735519, 9746959, 0.48, 75, 500, 6, 141, 18750, 2.5
1, 19254, 249, 250, 254, 8829796, 8921598, 0.48, 75, 500, 6, 93, 18750, 2.5
0, 26250, 239, 279, 310, 10059730, 9885017, 0.48, 75, 500, 6, 145, 18750, 2.5
1, 20470, 238, 254, 252, 8913528, 8914031, 0.48, 75, 500, 6, 99, 18750, 2.5
1, 19920, 259, 263, 270, 8986751, 9009101, 0.48, 75, 500, 6, 105, 18750, 2.5
1, 19520, 223, 227, 230, 8408332, 8465515, 0.48, 75, 500, 6, 93, 18750, 2.5
1, 19415, 268, 270, 270, 9161457, 9161459, 0.48, 75, 500, 6, 97, 18750, 2.5
1, 21078, 221, 238, 235, 9130952, 9180259, 0.48, 75, 500, 6, 105, 18750, 2.5
1, 19276, 233, 234, 239, 8111634, 8131039, 0.48, 75, 500, 6, 101, 18750, 2.5
1, 21833, 239, 255, 260, 8945554, 8978856, 0.48, 75, 500, 6, 112, 18750, 2.5
0, 26250, 233, 278, 275, 10354434, 10238244, 0.48, 75, 500, 6, 142, 18750, 2.5
0, 26250, 218, 283, 253, 10455800, 10287798, 0.48, 75, 500, 6, 137, 18750, 2.5
1, 19541, 253, 257, 260, 8366567, 8440984, 0.48, 75, 500, 6, 110, 18750, 2.5
0, 26250, 235, 298, 282, 10168441, 10003770, 0.48, 75, 500, 6, 144, 18750, 2.5
1, 19329, 245, 246, 248, 8234527, 8294035, 0.48, 75, 500, 6, 99, 18750, 2.5
1, 19295, 261, 263, 267, 8008867, 8051415, 0.48, 75, 500, 6, 103, 18750, 2.5
1, 19256, 232, 235, 236, 7968722, 7990965, 0.48, 75, 500, 6, 103, 18750, 2.5
0, 25319, 267, 321, 323, 9834032, 9567870, 0.48, 75, 500, 6, 140, 18750, 2.5
1, 19401, 233, 235, 236, 9374367, 9399924, 0.48, 75, 500, 6, 100, 18750, 2.5
1, 20763, 230, 239, 243, 8672371, 8698272, 0.48, 75, 500, 6, 111, 18750, 2.5
1, 19545, 258, 259, 261, 8797844, 8921456, 0.48, 75, 500, 6, 106, 18750, 2.5
0, 25481, 250, 293, 287, 10034190, 9721209, 0.48, 75, 500, 6, 138, 18750, 2.5
1, 20163, 235, 249, 240, 8844165, 8852633, 0.48, 75, 500, 6, 104, 18750, 2.5
0, 20506, 254, 269, 259, 8728619, 8443289, 0.48, 75, 500, 6, 105, 18750, 2.5
0, 19940, 249, 265, 251, 9132415, 8965966, 0.48, 75, 500, 6, 105, 18750, 2.5
1, 19073, 249, 252, 253, 8524524, 8548721, 0.48, 75, 500, 6, 101, 18750, 2.5
1, 19595, 273, 280, 281, 8888188, 8899265, 0.48, 75, 500, 6, 104, 18750, 2.5
1, 18988, 260, 261, 264, 8927657, 8946470, 0.48, 75, 500, 6, 101, 18750, 2.5
1, 21790, 239, 255, 262, 9245436, 9250305, 0.48, 75, 500, 6, 116, 18750, 2.5
0, 26250, 223, 286, 252, 10347899, 10135932, 0.48, 75, 500, 6, 151, 18750, 2.5
1, 19387, 229, 231, 235, 8701852, 8736730, 0.48, 75, 500, 6, 100, 18750, 2.5
1, 19886, 246, 256, 259, 8144313, 8183607, 0.48, 75, 500, 6, 105, 18750, 2.5
1, 19351, 250, 251, 254, 8797989, 8839485, 0.48, 75, 500, 6, 102, 18750, 2.5
0, 23996, 268, 309, 295, 9712119, 9359161, 0.48, 75, 500, 6, 122, 18750, 2.5
1, 19413, 241, 243, 244, 8296928, 8324136, 0.48, 75, 500, 6, 109, 18750, 2.5
1, 19452, 244, 250, 248, 8133931, 8144413, 0.48, 75, 500, 6, 100, 18750, 2.5
0, 26250, 248, 308, 304, 10310300, 10126993, 0.48, 75, 500, 6, 137, 18750, 2.5
0, 19484, 238, 240, 239, 8861273, 8546800, 0.48, 75, 500, 6, 100, 18750, 2.5
0, 23235, 264, 303, 297, 9950680, 9705995, 0.48, 75, 500, 6, 126, 18750, 2.5
1, 19148, 248, 252, 254, 8743829, 8756551, 0.48, 75, 500, 6, 104, 18750, 2.5
0, 26250, 249, 304, 297, 10352618, 10107167, 0.48, 75, 500, 6, 132, 18750, 2.5
1, 20865, 232, 252, 251, 9096411, 9101596, 0.48, 75, 500, 6, 104, 18750, 2.5
1, 19628, 245, 253, 252, 8402869, 8488711, 0.48, 75, 500, 6, 101, 18750, 2.5
1, 19834, 249, 254, 256, 8182485, 8241190, 0.48, 75, 500, 6, 99, 18750, 2.5
1, 19208, 258, 261, 266, 8619743, 8657882, 0.48, 75, 500, 6, 99, 18750, 2.5
1, 21273, 267, 284, 273, 9401159, 9435781, 0.48, 75, 500, 6, 108, 18750, 2.5
1, 20233, 268, 275, 285, 9097823, 9139263, 0.48, 75, 500, 6, 109, 18750, 2.5
1, 19325, 241, 243, 246, 8754496, 8776602, 0.48, 75, 500, 6, 105, 18750, 2.5
0, 26250, 239, 290, 270, 10264966, 10086981, 0.48, 75, 500, 6, 142, 18750, 2.5
1, 18926, 260, 263, 263, 8795501, 8797758, 0.48, 75, 500, 6, 105, 18750, 2.5
1, 21067, 277, 290, 293, 8656913, 8706844, 0.48, 75, 500, 6, 119, 18750, 2.5
1, 19038, 245, 247, 250, 8384726, 8416430, 0.48, 75, 500, 6, 103, 18750, 2.5
1, 19066, 246, 247, 249, 8857142, 8912387, 0.48, 75, 500, 6, 105, 18750, 2.5
0, 26250, 256, 320, 314, 10897941, 10520548, 0.48, 75, 500, 6, 150, 18750, 2.5
1, 19689, 254, 256, 256, 9022758, 9029849, 0.48, 75, 500, 6, 112, 18750, 2.5
0, 26250, 255, 314, 304, 10487561, 10116461, 0.48, 75, 500, 6, 147, 18750, 2.5
0, 19734, 244, 253, 254, 8530212, 8403058, 0.48, 75, 500, 6, 108, 18750, 2.5
0, 26250, 274, 327, 316, 9917093, 9693414, 0.48, 75, 500, 6, 142, 18750, 2.5
0, 26250, 252, 312, 298, 10122772, 9807610, 0.48, 75, 500, 6, 145, 18750, 2.5
1, 19851, 265, 272, 272, 8874388, 8917859, 0.48, 75, 500, 6, 103, 18750, 2.5
0, 26250, 243, 291, 272, 10203448, 9980347, 0.48, 75, 500, 6, 142, 18750, 2.5
1, 19286, 258, 260, 260, 8850953, 8913168, 0.48, 75, 500, 6, 98, 18750, 2.5
1, 19471, 264, 267, 266, 8680451, 8789202, 0.48, 75, 500, 6, 107, 18750, 2.5
1, 21038, 240, 254, 247, 9198129, 9278719, 0.48, 75, 500, 6, 112, 18750, 2.5
0, 26250, 261, 306, 325, 10228176, 9984161, 0.48, 75, 500, 6, 149, 18750, 2.5
1, 19406, 265, 267, 270, 8716509, 8775431, 0.48, 75, 500, 6, 109, 18750, 2.5
1, 19180, 270, 272, 275, 8853129, 8898444, 0.48, 75, 500, 6, 103, 18750, 2.5
1, 22545, 244, 282, 271, 9682736, 9690644, 0.48, 75, 500, 6, 125, 18750, 2.5
1, 19350, 272, 275, 277, 8519711, 8550337, 0.48, 75, 500, 6, 107, 18750, 2.5
1, 19917, 265, 268, 276, 8790709, 8869720, 0.48, 75, 500, 6, 112, 18750, 2.5
1, 19314, 255, 261, 259, 8716035, 8758536, 0.48, 75, 500, 6, 105, 18750, 2.5
0, 26250, 230, 279, 280, 10332291, 10214415, 0.48, 75, 500, 6, 151, 18750, 2.5
0, 20849, 264, 279, 267, 8883544, 8590773, 0.48, 75, 500, 6, 115, 18750, 2.5
1, 19404, 262, 265, 266, 9148096, 9177510, 0.48, 75, 500, 6, 108, 18750, 2.5
1, 19939, 239, 242, 243, 7260003, 7286314, 0.48, 75, 500, 5, 88, 18750, 2.5
1, 19056, 257, 258, 260, 8327403, 8343469, 0.48, 75, 500, 6, 113, 18750, 2.5
0, 26250, 283, 335, 342, 9923650, 9862892, 0.48, 75, 500, 6, 147, 18750, 2.5
1, 19217, 226, 230, 229, 7380156, 7407983, 0.48, 75, 500, 5, 82, 18750, 2.5
1, 19295, 251, 254, 258, 8126008, 8164885, 0.48, 75, 500, 6, 110, 18750, 2.5
1, 19044, 260, 261, 263, 7059556, 7069937, 0.48, 75, 500, 5, 80, 18750, 2.5
0, 26250, 263, 330, 331, 10040039, 9835059, 0.48, 75, 500, 6, 158, 18750, 2.5
0, 20061, 268, 276, 270, 7079564, 6921324, 0.48, 75, 500, 5, 88, 18750, 2.5
1, 19346, 249, 251, 253, 7386539, 7386902, 0.48, 75, 500, 5, 84, 18750, 2.5
0, 23789, 223, 267, 258, 8059500, 7803665, 0.48, 75, 500, 5, 102, 18750, 2.5
1, 19239, 262, 268, 268, 7169394, 7206158, 0.48, 75, 500, 5, 85, 18750, 2.5
1, 19075, 249, 251, 253, 7187348, 7197531, 0.48, 75, 500, 5, 79, 18750, 2.5
0, 26134, 257, 298, 305, 8974169, 8480498, 0.48, 75, 500, 5, 117, 18750, 2.5
1, 20102, 287, 294, 293, 7229816, 7314503, 0.48, 75, 500, 5, 83, 18750, 2.5
1, 19432, 256, 257, 259, 7893909, 7923920, 0.48, 75, 500, 5, 74, 18750, 2.5
1, 19514, 248, 252, 254, 7273014, 7320250, 0.48, 75, 500, 5, 79, 18750, 2.5
1, 19252, 240, 243, 242, 7747862, 7764964, 0.48, 75, 500, 5, 76, 18750, 2.5
0, 23257, 228, 268, 265, 7879625, 7708021, 0.48, 75, 500, 5, 94, 18750, 2.5
1, 20531, 267, 274, 277, 7263445, 7294934, 0.48, 75, 500, 5, 80, 18750, 2.5
1, 24268, 229, 274, 290, 7815996, 7917288, 0.48, 75, 500, 5, 102, 18750, 2.5
1, 19665, 236, 243, 245, 7057115, 7072912, 0.48, 75, 500, 5, 81, 18750, 2.5
1, 19329, 233, 234, 239, 7158043, 7173468, 0.48, 75, 500, 5, 80, 18750, 2.5
1, 19484, 283, 284, 286, 7099783, 7151233, 0.48, 75, 500, 5, 79, 18750, 2.5
1, 20464, 279, 287, 288, 7544452, 7564527, 0.48, 75, 500, 5, 85, 18750, 2.5
1, 19615, 263, 266, 272, 7380538, 7476042, 0.48, 75, 500, 5, 79, 18750, 2.5
1, 19265, 242, 243, 246, 6996057, 7006592, 0.48, 75, 500, 5, 80, 18750, 2.5
1, 18987, 244, 245, 249, 7343683, 7353114, 0.48, 75, 500, 5, 84, 18750, 2.5
1, 21875, 243, 261, 262, 7883762, 7989946, 0.48, 75, 500, 5, 96, 18750, 2.5
1, 19010, 258, 259, 260, 7145468, 7148587, 0.48, 75, 500, 5, 75, 18750, 2.5
1, 18936, 245, 247, 248, 6990562, 7003077, 0.48, 75, 500, 5, 79, 18750, 2.5
1, 22254, 221, 242, 238, 7514650, 7531282, 0.48, 75, 500, 5, 93, 18750, 2.5
1, 18841, 246, 247, 248, 7042912, 7048167, 0.48, 75, 500, 5, 79, 18750, 2.5
1, 19718, 241, 245, 253, 7295893, 7345046, 0.48, 75, 500, 5, 83, 18750, 2.5
1, 19388, 243, 245, 247, 6899393, 6917433, 0.48, 75, 500, 5, 83, 18750, 2.5
1, 19971, 245, 247, 248, 7444924, 7508277, 0.48, 75, 500, 5, 88, 18750, 2.5
1, 19175, 256, 257, 259, 7167634, 7213096, 0.48, 75, 500, 5, 85, 18750, 2.5
1, 19347, 247, 248, 251, 7459512, 7510366, 0.48, 75, 500, 5, 86, 18750, 2.5
1, 19776, 271, 273, 284, 7235776, 7240013, 0.48, 75, 500, 5, 88, 18750, 2.5
1, 23617, 216, 253, 250, 7630116, 7652625, 0.48, 75, 500, 5, 103, 18750, 2.5
1, 18925, 233, 234, 236, 7391036, 7415386, 0.48, 75, 500, 5, 76, 18750, 2.5
1, 23083, 245, 275, 271, 8334897, 8335104, 0.48, 75, 500, 5, 97, 18750, 2.5
1, 19323, 256, 257, 258, 7536162, 7542363, 0.48, 75, 500, 5, 80, 18750, 2.5
1, 20464, 240, 249, 245, 7243020, 7304032, 0.48, 75, 500, 5, 88, 18750, 2.5
1, 19818, 255, 258, 261, 7027670, 7055734, 0.48, 75, 500, 5, 88, 18750, 2.5
1, 19277, 226, 228, 234, 6958822, 7001339, 0.48, 75, 500, 5, 81, 18750, 2.5
1, 19126, 256, 258, 258, 7459017, 7486417, 0.48, 75, 500, 5, 79, 18750, 2.5
1, 19682, 259, 260, 265, 7365078, 7400467, 0.48, 75, 500, 5, 85, 18750, 2.5
1, 19162, 230, 231, 234, 6823656, 6846042, 0.48, 75, 500, 5, 78, 18750, 2.5
1, 19877, 258, 259, 263, 7469073, 7601067, 0.48, 75, 500, 5, 82, 18750, 2.5
1, 19528, 253, 254, 258, 7132410, 7192489, 0.48, 75, 500, 5, 81, 18750, 2.5
1, 20114, 265, 266, 271, 7613013, 7614709, 0.48, 75, 500, 5, 86, 18750, 2.5
1, 19681, 243, 249, 254, 7249204, 7277662, 0.48, 75, 500, 5, 78, 18750, 2.5
1, 18909, 228, 229, 230, 6878936, 6887986, 0.48, 75, 500, 5, 78, 18750, 2.5
1, 20124, 250, 259, 259, 7472615, 7501822, 0.48, 75, 500, 5, 73, 18750, 2.5
1, 19543, 255, 258, 261, 7142245, 7146354, 0.48, 75, 500, 5, 79, 18750, 2.5
1, 21480, 242, 263, 261, 7487783, 7527610, 0.48, 75, 500, 5, 81, 18750, 2.5
1, 19200, 249, 253, 252, 6807510, 6828504, 0.48, 75, 500, 5, 79, 18750, 2.5
1, 19366, 257, 263, 259, 7217435, 7232956, 0.48, 75, 500, 5, 77, 18750, 2.5
1, 19572, 239, 245, 242, 7343177, 7373052, 0.48, 75, 500, 5, 74, 18750, 2.5
0, 26250, 251, 298, 318, 8447143, 8311973, 0.48, 75, 500, 5, 114, 18750, 2.5
1, 19270, 249, 251, 252, 7202083, 7211620, 0.48, 75, 500, 5, 76, 18750, 2.5
1, 19415, 269, 271, 273, 7167731, 7188320, 0.48, 75, 500, 5, 75, 18750, 2.5
0, 19179, 258, 264, 259, 6982349, 6821081, 0.48, 75, 500, 5, 79, 18750, 2.5
1, 19078, 241, 244, 246, 6976396, 6979007, 0.48, 75, 500, 5, 82, 18750, 2.5
1, 19810, 241, 247, 249, 7169246, 7243061, 0.48, 75, 500, 5, 78, 18750, 2.5
0, 26250, 258, 310, 294, 8270900, 8092915, 0.48, 75, 500, 5, 103, 18750, 2.5
1, 19309, 249, 250, 253, 7073415, 7115600, 0.48, 75, 500, 5, 71, 18750, 2.5
1, 19129, 244, 245, 247, 7252337, 7278526, 0.48, 75, 500, 5, 71, 18750, 2.5
1, 22515, 246, 268, 283, 7877936, 7894624, 0.48, 75, 500, 5, 95, 18750, 2.5
0, 26250, 229, 291, 277, 8423265, 8292462, 0.48, 75, 500, 5, 106, 18750, 2.5
1, 18967, 254, 255, 256, 6916224, 6934255, 0.48, 75, 500, 5, 77, 18750, 2.5
0, 26250, 252, 306, 314, 8933657, 8808609, 0.48, 75, 500, 5, 104, 18750, 2.5
0, 25084, 260, 314, 304, 8501220, 8247724, 0.48, 75, 500, 5, 102, 18750, 2.5
0, 26250, 246, 299, 292, 8564368, 8369449, 0.48, 75, 500, 5, 107, 18750, 2.5
1, 19573, 235, 237, 242, 6959535, 7040679, 0.48, 75, 500, 5, 74, 18750, 2.5
1, 19321, 271, 274, 277, 7277899, 7333170, 0.48, 75, 500, 5, 77, 18750, 2.5
1, 20996, 237, 249, 252, 7452657, 7511545, 0.48, 75, 500, 5, 81, 18750, 2.5
1, 23939, 256, 284, 293, 7950680, 7994551, 0.48, 75, 500, 5, 93, 18750, 2.5
1, 19226, 258, 262, 261, 7099934, 7120228, 0.48, 75, 500, 5, 74, 18750, 2.5
1, 19516, 242, 248, 246, 7167105, 7235832, 0.48, 75, 500, 5, 75, 18750, 2.5
1, 19234, 251, 256, 256, 7425206, 7458634, 0.48, 75, 500, 5, 75, 18750, 2.5
1, 19722, 253, 265, 258, 7705127, 7731297, 0.48, 75, 500, 5, 77, 18750, 2.5
1, 19416, 243, 248, 247, 7236186, 7298027, 0.48, 75, 500, 5, 77, 18750, 2.5
1, 19119, 256, 257, 258, 7204560, 7217888, 0.48, 75, 500, 5, 75, 18750, 2.5
1, 19204, 254, 256, 256, 7202193, 7235003, 0.48, 75, 500, 5, 76, 18750, 2.5
1, 19201, 263, 268, 269, 7313073, 7314478, 0.48, 75, 500, 5, 81, 18750, 2.5
1, 19250, 246, 247, 249, 7478132, 7489534, 0.48, 75, 500, 5, 78, 18750, 2.5
1, 19492, 240, 248, 245, 7307629, 7331918, 0.48, 75, 500, 5, 81, 18750, 2.5
1, 19737, 245, 252, 252, 6918571, 6973605, 0.48, 75, 500, 5, 74, 18750, 2.5
1, 19678, 268, 270, 276, 7163440, 7202952, 0.48, 75, 500, 5, 80, 18750, 2.5
1, 19352, 240, 246, 245, 6817216, 6837864, 0.48, 75, 500, 5, 83, 18750, 2.5
0, 25388, 268, 309, 313, 8202238, 7983327, 0.48, 75, 500, 5, 105, 18750, 2.5
1, 19811, 274, 278, 281, 7112258, 7155919, 0.48, 75, 500, 5, 81, 18750, 2.5
1, 19051, 268, 269, 270, 7054208, 7059404, 0.48, 75, 500, 5, 73, 18750, 2.5
1, 20372, 237, 246, 250, 7570375, 7613699, 0.48, 75, 500, 5, 81, 18750, 2.5
1, 19659, 291, 295, 296, 7007309, 7087827, 0.48, 75, 500, 5, 72, 18750, 2.5
1, 19364, 273, 275, 275, 6862241, 6887068, 0.48, 75, 500, 5, 84, 18750, 2.5
1, 19155, 258, 262, 263, 7309925, 7311042, 0.48, 75, 500, 5, 78, 18750, 2.5
1, 19618, 255, 258, 261, 7444440, 7453444, 0.48, 75, 500, 5, 74, 18750, 2.5
1, 19349, 290, 291, 296, 5836172, 5876336, 0.48, 75, 500, 4, 61, 18750, 2.5
0, 26250, 229, 301, 288, 8704263, 8641105, 0.48, 75, 500, 5, 114, 18750, 2.5
1, 19241, 245, 248, 256, 7145586, 7185708, 0.48, 75, 500, 5, 75, 18750, 2.5
1, 19732, 277, 278, 279, 7208933, 7218450, 0.48, 75, 500, 5, 74, 18750, 2.5
0, 23942, 205, 242, 236, 6743410, 6508569, 0.48, 75, 500, 4, 72, 18750, 2.5
0, 22451, 248, 290, 273, 6265705, 6089401, 0.48, 75, 500, 4, 70, 18750, 2.5
1, 19323, 255, 257, 258, 5726093, 5736777, 0.48, 75, 500, 4, 64, 18750, 2.5
1, 20512, 263, 268, 267, 6009082, 6038920, 0.48, 75, 500, 4, 63, 18750, 2.5
0, 26250, 238, 298, 297, 8663413, 8481430, 0.48, 75, 500, 5, 109, 18750, 2.5
1, 19267, 227, 231, 232, 5880953, 5919121, 0.48, 75, 500, 4, 54, 18750, 2.5
1, 19576, 268, 271, 274, 5550325, 5559988, 0.48, 75, 500, 4, 60, 18750, 2.5
1, 20126, 250, 255, 257, 6064828, 6151043, 0.48, 75, 500, 4, 56, 18750, 2.5
0, 26250, 248, 305, 295, 8716108, 8381827, 0.48, 75, 500, 5, 107, 18750, 2.5
0, 26250, 270, 330, 304, 6959446, 6861240, 0.48, 75, 500, 4, 82, 18750, 2.5
1, 19348, 254, 259, 258, 5522846, 5536271, 0.48, 75, 500, 4, 56, 18750, 2.5
1, 19201, 240, 244, 243, 5494906, 5518160, 0.48, 75, 500, 4, 59, 18750, 2.5
1, 19031, 228, 229, 232, 5839615, 5850897, 0.48, 75, 500, 4, 57, 18750, 2.5
1, 19385, 235, 237, 238, 5837855, 5853792, 0.48, 75, 500, 4, 60, 18750, 2.5
1, 19240, 268, 271, 273, 5819415, 5829968, 0.48, 75, 500, 4, 57, 18750, 2.5
1, 19524, 250, 253, 253, 5673245, 5695071, 0.48, 75, 500, 4, 61, 18750, 2.5
1, 19440, 235, 238, 241, 5520486, 5527261, 0.48, 75, 500, 4, 59, 18750, 2.5
1, 19648, 249, 251, 256, 5527215, 5584431, 0.48, 75, 500, 4, 61, 18750, 2.5
0, 26250, 216, 272, 265, 7079013, 7085383, 0.48, 75, 500, 4, 85, 18750, 2.5
1, 24563, 258, 305, 294, 6706518, 6713279, 0.48, 75, 500, 4, 74, 18750, 2.5
1, 19589, 258, 264, 266, 5556981, 5573969, 0.48, 75, 500, 4, 61, 18750, 2.5
0, 22988, 240, 293, 260, 6374391, 6143622, 0.48, 75, 500, 4, 77, 18750, 2.5
0, 22763, 255, 281, 279, 6040906, 5830776, 0.48, 75, 500, 4, 74, 18750, 2.5
1, 19098, 255, 258, 260, 5404506, 5412346, 0.48, 75, 500, 4, 58, 18750, 2.5
0, 26140, 212, 259, 282, 6747981, 6478005, 0.48, 75, 500, 4, 87, 18750, 2.5
0, 23269, 246, 282, 274, 6534017, 6300561, 0.48, 75, 500, 4, 72, 18750, 2.5
1, 23477, 233, 265, 264, 6061881, 6067202, 0.48, 75, 500, 4, 70, 18750, 2.5
1, 18920, 249, 250, 252, 5603044, 5619393, 0.48, 75, 500, 4, 59, 18750, 2.5
0, 26250, 242, 301, 302, 6753723, 6679272, 0.48, 75, 500, 4, 84, 18750, 2.5
0, 26250, 242, 294, 274, 7431189, 7247637, 0.48, 75, 500, 4, 84, 18750, 2.5
1, 19418, 256, 260, 262, 5825934, 5846837, 0.48, 75, 500, 4, 65, 18750, 2.5
1, 18985, 265, 272, 268, 5711982, 5726064, 0.48, 75, 500, 4, 61, 18750, 2.5
0, 25586, 257, 295, 308, 7288572, 7036720, 0.48, 75, 500, 4, 84, 18750, 2.5
1, 19439, 261, 267, 264, 5690508, 5738234, 0.48, 75, 500, 4, 65, 18750, 2.5
1, 19463, 265, 273, 271, 5776636, 5780835, 0.48, 75, 500, 4, 66, 18750, 2.5
1, 19313, 246, 249, 251, 5386345, 5418336, 0.48, 75, 500, 4, 63, 18750, 2.5
0, 20537, 267, 281, 274, 5795801, 5621601, 0.48, 75, 500, 4, 71, 18750, 2.5
0, 26250, 268, 329, 310, 7142099, 7090872, 0.48, 75, 500, 4, 89, 18750, 2.5
1, 19321, 245, 248, 253, 5768081, 5780043, 0.48, 75, 500, 4, 65, 18750, 2.5
1, 19338, 238, 239, 245, 5564086, 5612886, 0.48, 75, 500, 4, 64, 18750, 2.5
0, 23068, 240, 263, 263, 5994038, 5832774, 0.48, 75, 500, 4, 75, 18750, 2.5
1, 19410, 241, 243, 248, 5884427, 5935054, 0.48, 75, 500, 4, 63, 18750, 2.5
1, 20176, 254, 261, 264, 5815738, 5885596, 0.48, 75, 500, 4, 65, 18750, 2.5
1, 19206, 263, 266, 266, 5141498, 5164739, 0.48, 75, 500, 4, 60, 18750, 2.5
1, 19440, 234, 235, 245, 5884083, 5916679, 0.48, 75, 500, 4, 61, 18750, 2.5
1, 19189, 256, 257, 262, 5738664, 5778964, 0.48, 75, 500, 4, 62, 18750, 2.5
0, 20718, 237, 260, 241, 5936580, 5739744, 0.48, 75, 500, 4, 66, 18750, 2.5
1, 18957, 242, 243, 244, 5908303, 5915390, 0.48, 75, 500, 4, 61, 18750, 2.5
0, 24179, 269, 317, 308, 6582618, 6344921, 0.48, 75, 500, 4, 79, 18750, 2.5
1, 18876, 259, 260, 261, 5471023, 5500093, 0.48, 75, 500, 4, 62, 18750, 2.5
1, 19098, 264, 266, 269, 5776755, 5792807, 0.48, 75, 500, 4, 62, 18750, 2.5
1, 18979, 261, 263, 263, 6015865, 6030456, 0.48, 75, 500, 4, 63, 18750, 2.5
1, 19204, 278, 279, 281, 5513070, 5538469, 0.48, 75, 500, 4, 60, 18750, 2.5
1, 19065, 238, 239, 243, 5522513, 5542767, 0.48, 75, 500, 4, 62, 18750, 2.5
0, 24039, 239, 277, 265, 6760325, 6446622, 0.48, 75, 500, 4, 80, 18750, 2.5
1, 19131, 240, 241, 243, 5741655, 5754843, 0.48, 75, 500, 4, 61, 18750, 2.5
0, 19870, 242, 247, 244, 6221604, 6053364, 0.48, 75, 500, 4, 65, 18750, 2.5
1, 19822, 236, 242, 247, 5766927, 5768505, 0.48, 75, 500, 4, 65, 18750, 2.5
1, 19736, 245, 250, 255, 5745076, 5758353, 0.48, 75, 500, 4, 64, 18750, 2.5
1, 20112, 233, 239, 240, 6139533, 6144033, 0.48, 75, 500, 4, 65, 18750, 2.5
1, 20164, 237, 241, 242, 5684192, 5692785, 0.48, 75, 500, 4, 67, 18750, 2.5
1, 19419, 275, 279, 280, 5410615, 5450768, 0.48, 75, 500, 4, 65, 18750, 2.5
1, 19200, 264, 271, 268, 5846052, 5894905, 0.48, 75, 500, 4, 69, 18750, 2.5
1, 19479, 249, 255, 259, 5889305, 5899445, 0.48, 75, 500, 4, 64, 18750, 2.5
1, 19221, 242, 245, 248, 5440629, 5485288, 0.48, 75, 500, 4, 65, 18750, 2.5
0, 24866, 264, 325, 309, 6950243, 6590275, 0.48, 75, 500, 4, 90, 18750, 2.5
0, 26250, 248, 309, 302, 6757330, 6670675, 0.48, 75, 500, 4, 95, 18750, 2.5
1, 22967, 254, 276, 275, 6221994, 6231619, 0.48, 75, 500, 4, 83, 18750, 2.5
1, 19541, 249, 251, 260, 5781507, 5816415, 0.48, 75, 500, 4, 73, 18750, 2.5
1, 19080, 263, 264, 266, 5789641, 5797174, 0.48, 75, 500, 4, 67, 18750, 2.5
1, 19737, 249, 250, 253, 6228803, 6247399, 0.48, 75, 500, 4, 70, 18750, 2.5
0, 25313, 262, 324, 299, 6749346, 6539237, 0.48, 75, 500, 4, 90, 18750, 2.5
0, 26250, 236, 295, 278, 6614482, 6497247, 0.48, 75, 500, 4, 96, 18750, 2.5
1, 19722, 264, 271, 274, 5783524, 5788359, 0.48, 75, 500, 4, 73, 18750, 2.5
1, 26025, 230, 283, 295, 6900314, 6929030, 0.48, 75, 500, 4, 100, 18750, 2.5
1, 19175, 249, 252, 254, 5621186, 5671428, 0.48, 75, 500, 4, 68, 18750, 2.5
1, 19052, 233, 234, 235, 5600640, 5613313, 0.48, 75, 500, 4, 70, 18750, 2.5
1, 18904, 224, 226, 227, 5371255, 5424163, 0.48, 75, 500, 4, 70, 18750, 2.5
1, 19212, 249, 250, 253, 5608285, 5674111, 0.48, 75, 500, 4, 67, 18750, 2.5
1, 19269, 257, 259, 260, 6020678, 6038751, 0.48, 75, 500, 4, 72, 18750, 2.5
1, 20857, 253, 264, 268, 5954303, 5977291, 0.48, 75, 500, 4, 75, 18750, 2.5
0, 23197, 255, 285, 287, 6152882, 6007297, 0.48, 75, 500, 4, 88, 18750, 2.5
1, 19393, 267, 269, 273, 6142687, 6189377, 0.48, 75, 500, 4, 69, 18750, 2.5
1, 19534, 228, 230, 236, 5769855, 5813218, 0.48, 75, 500, 4, 71, 18750, 2.5
1, 19086, 243, 244, 245, 5685364, 5699977, 0.48, 75, 500, 4, 68, 18750, 2.5
1, 19065, 236, 238, 239, 5850870, 5899140, 0.48, 75, 500, 4, 68, 18750, 2.5
1, 19628, 252, 258, 260, 5886119, 5903699, 0.48, 75, 500, 4, 69, 18750, 2.5
1, 20537, 283, 287, 293, 6538919, 6630785, 0.48, 75, 500, 4, 79, 18750, 2.5
1, 19478, 239, 242, 246, 5814583, 5843778, 0.48, 75, 500, 4, 72, 18750, 2.5
1, 19382, 268, 273, 274, 5659981, 5744821, 0.48, 75, 500, 4, 69, 18750, 2.5
1, 19748, 264, 266, 273, 5894519, 5915400, 0.48, 75, 500, 4, 68, 18750, 2.5
1, 19936, 263, 269, 268, 5509337, 5517737, 0.48, 75, 500, 4, 68, 18750, 2.5
1, 19639, 270, 276, 274, 5872725, 5883547, 0.48, 75, 500, 4, 68, 18750, 2.5
1, 19283, 262, 267, 266, 5607144, 5626874, 0.48, 75, 500, 4, 67, 18750, 2.5
0, 26250, 257, 322, 309, 6919918, 6712033, 0.48, 75, 500, 4, 94, 18750, 2.5
0, 22165, 245, 269, 271, 6539264, 6259678, 0.48, 75, 500, 4, 78, 18750, 2.5
0, 25863, 247, 311, 303, 6855737, 6528791, 0.48, 75, 500, 4, 93, 18750, 2.5
0, 19605, 249, 255, 254, 4466741, 4336667, 0.48, 75, 500, 3, 47, 18750, 2.5
1, 19034, 258, 259, 260, 4215894, 4223473, 0.48, 75, 500, 3, 45, 18750, 2.5
1, 19304, 243, 247, 249, 5600491, 5635520, 0.48, 75, 500, 4, 63, 18750, 2.5
1, 25389, 265, 316, 302, 5312158, 5324233, 0.48, 75, 500, 3, 64, 18750, 2.5
1, 18963, 234, 235, 238, 4219786, 4235484, 0.48, 75, 500, 3, 46, 18750, 2.5
1, 19870, 252, 256, 259, 5710001, 5787032, 0.48, 75, 500, 4, 69, 18750, 2.5
1, 19135, 239, 241, 242, 4199088, 4206929, 0.48, 75, 500, 3, 44, 18750, 2.5
0, 21254, 256, 275, 265, 5969113, 5780224, 0.48, 75, 500, 4, 74, 18750, 2.5
0, 26250, 256, 302, 319, 6935419, 6851327, 0.48, 75, 500, 4, 96, 18750, 2.5
1, 19080, 246, 249, 250, 4487782, 4497258, 0.48, 75, 500, 3, 51, 18750, 2.5
1, 19079, 264, 268, 268, 4194569, 4212589, 0.48, 75, 500, 3, 48, 18750, 2.5
1, 20311, 241, 248, 258, 4297544, 4338334, 0.48, 75, 500, 3, 49, 18750, 2.5
1, 19003, 242, 243, 245, 4289514, 4295240, 0.48, 75, 500, 3, 47, 18750, 2.5
1, 19043, 252, 253, 254, 4222324, 4230903, 0.48, 75, 500, 3, 47, 18750, 2.5
1, 19308, 245, 248, 250, 4157248, 4165002, 0.48, 75, 500, 3, 48, 18750, 2.5
0, 26250, 246, 298, 290, 5062230, 5035210, 0.48, 75, 500, 3, 68, 18750, 2.5
1, 19059, 247, 248, 252, 4359370, 4370482, 0.48, 75, 500, 3, 48, 18750, 2.5
1, 22096, 264, 283, 287, 4583566, 4603984, 0.48, 75, 500, 3, 56, 18750, 2.5
1, 19421, 251, 253, 257, 4196976, 4239932, 0.48, 75, 500, 3, 49, 18750, 2.5
1, 19220, 231, 233, 233, 4129509, 4143177, 0.48, 75, 500, 3, 45, 18750, 2.5
1, 19078, 262, 266, 266, 4356954, 4361010, 0.48, 75, 500, 3, 44, 18750, 2.5
1, 19100, 253, 254, 255, 4164258, 4177060, 0.48, 75, 500, 3, 45, 18750, 2.5
0, 24243, 228, 279, 257, 5168985, 4939433, 0.48, 75, 500, 3, 61, 18750, 2.5
1, 19964, 257, 264, 264, 4445342, 4456854, 0.48, 75, 500, 3, 48, 18750, 2.5
1, 19431, 233, 236, 236, 4451717, 4453655, 0.48, 75, 500, 3, 44, 18750, 2.5
1, 18991, 260, 263, 262, 4218995, 4226276, 0.48, 75, 500, 3, 45, 18750, 2.5
1, 19714, 216, 224, 225, 4427320, 4439232, 0.48, 75, 500, 3, 45, 18750, 2.5
1, 19516, 249, 252, 253, 4211931, 4236276, 0.48, 75, 500, 3, 45, 18750, 2.5
1, 22012, 238, 261, 252, 4641403, 4673699, 0.48, 75, 500, 3, 53, 18750, 2.5
1, 19094, 223, 224, 225, 4280028, 4296948, 0.48, 75, 500, 3, 46, 18750, 2.5
1, 20055, 257, 261, 261, 4769798, 4789124, 0.48, 75, 500, 3, 48, 18750, 2.5
0, 26250, 241, 296, 289, 5269186, 5077416, 0.48, 75, 500, 3, 68, 18750, 2.5
1, 19511, 287, 288, 290, 4468945, 4486047, 0.48, 75, 500, 3, 46, 18750, 2.5
1, 19179, 231, 232, 235, 4640509, 4650065, 0.48, 75, 500, 3, 47, 18750, 2.5
1, 23107, 252, 281, 280, 4502321, 4514199, 0.48, 75, 500, 3, 57, 18750, 2.5
1, 19400, 261, 263, 263, 4246136, 4258430, 0.48, 75, 500, 3, 50, 18750, 2.5
0, 22334, 233, 263, 258, 4751764, 4573675, 0.48, 75, 500, 3, 58, 18750, 2.5
1, 19509, 273, 275, 278, 4302273, 4342180, 0.48, 75, 500, 3, 50, 18750, 2.5
1, 21694, 226, 244, 248, 4259076, 4287904, 0.48, 75, 500, 3, 59, 18750, 2.5
1, 19896, 235, 242, 241, 4442243, 4473405, 0.48, 75, 500, 3, 52, 18750, 2.5
0, 22284, 262, 291, 291, 4931118, 4749929, 0.48, 75, 500, 3, 71, 18750, 2.5
1, 19618, 252, 255, 259, 4287969, 4310433, 0.48, 75, 500, 3, 58, 18750, 2.5
1, 18979, 267, 269, 269, 4288195, 4288208, 0.48, 75, 500, 3, 57, 18750, 2.5
1, 19291, 234, 240, 238, 4108029, 4121605, 0.48, 75, 500, 3, 59, 18750, 2.5
1, 19504, 236, 238, 243, 4200994, 4231120, 0.48, 75, 500, 3, 56, 18750, 2.5
1, 19199, 272, 274, 276, 4513271, 4531879, 0.48, 75, 500, 3, 53, 18750, 2.5
1, 21835, 257, 278, 268, 4384440, 4384986, 0.48, 75, 500, 3, 66, 18750, 2.5
1, 19153, 245, 247, 249, 4140616, 4173216, 0.48, 75, 500, 3, 57, 18750, 2.5
0, 25227, 252, 304, 303, 5037458, 4888267, 0.48, 75, 500, 3, 83, 18750, 2.5
1, 19026, 261, 263, 264, 4183604, 4201372, 0.48, 75, 500, 3, 57, 18750, 2.5
1, 19034, 234, 236, 237, 4425535, 4441104, 0.48, 75, 500, 3, 55, 18750, 2.5
0, 24115, 251, 286, 278, 4983888, 4846604, 0.48, 75, 500, 3, 67, 18750, 2.5
1, 19417, 244, 246, 249, 4544443, 4557125, 0.48, 75, 500, 3, 53, 18750, 2.5
1, 18946, 237, 238, 239, 4220424, 4232054, 0.48, 75, 500, 3, 58, 18750, 2.5
1, 20329, 231, 247, 235, 4320528, 4347920, 0.48, 75, 500, 3, 62, 18750, 2.5
1, 19314, 258, 259, 260, 4449390, 4452886, 0.48, 75, 500, 3, 49, 18750, 2.5
1, 19322, 256, 260, 261, 4293476, 4301535, 0.48, 75, 500, 3, 53, 18750, 2.5
1, 20775, 230, 242, 239, 4479999, 4495312, 0.48, 75, 500, 3, 56, 18750, 2.5
1, 19705, 247, 254, 251, 4562559, 4578332, 0.48, 75, 500, 3, 56, 18750, 2.5
1, 19364, 227, 230, 233, 4274057, 4304892, 0.48, 75, 500, 3, 52, 18750, 2.5
1, 18975, 252, 254, 254, 4280749, 4280752, 0.48, 75, 500, 3, 50, 18750, 2.5
1, 19147, 260, 261, 265, 3961258, 3992424, 0.48, 75, 500, 3, 56, 18750, 2.5
1, 20171, 265, 277, 274, 4438884, 4449092, 0.48, 75, 500, 3, 53, 18750, 2.5
1, 19820, 261, 266, 266, 4481604, 4491706, 0.48, 75, 500, 3, 55, 18750, 2.5
1, 19111, 258, 259, 262, 4496967, 4498386, 0.48, 75, 500, 3, 47, 18750, 2.5
1, 19156, 259, 261, 262, 4401988, 4428530, 0.48, 75, 500, 3, 51, 18750, 2.5
1, 20282, 271, 277, 277, 4547019, 4636413, 0.48, 75, 500, 3, 53, 18750, 2.5
1, 19080, 258, 259, 260, 4023253, 4029799, 0.48, 75, 500, 3, 47, 18750, 2.5
0, 26250, 245, 310, 295, 5477406, 5371114, 0.48, 75, 500, 3, 75, 18750, 2.5
1, 20076, 251, 253, 260, 4501907, 4540681, 0.48, 75, 500, 3, 52, 18750, 2.5
1, 19623, 262, 267, 267, 4297957, 4306448, 0.48, 75, 500, 3, 46, 18750, 2.5
1, 19302, 245, 246, 249, 4462695, 4485561, 0.48, 75, 500, 3, 47, 18750, 2.5
1, 19365, 253, 254, 259, 4423127, 4462708, 0.48, 75, 500, 3, 45, 18750, 2.5
1, 19168, 214, 215, 217, 4223597, 4241891, 0.48, 75, 500, 3, 47, 18750, 2.5
1, 19419, 260, 264, 267, 4020214, 4057967, 0.48, 75, 500, 3, 48, 18750, 2.5
1, 19316, 242, 244, 245, 4327979, 4351256, 0.48, 75, 500, 3, 46, 18750, 2.5
1, 19192, 244, 246, 248, 4226679, 4250010, 0.48, 75, 500, 3, 46, 18750, 2.5
0, 21519, 257, 278, 269, 4583986, 4427391, 0.48, 75, 500, 3, 51, 18750, 2.5
1, 19304, 250, 252, 253, 4281680, 4365597, 0.48, 75, 500, 3, 44, 18750, 2.5
1, 19324, 260, 262, 266, 4050796, 4068470, 0.48, 75, 500, 3, 45, 18750, 2.5
1, 19285, 224, 228, 227, 4306507, 4319356, 0.48, 75, 500, 3, 47, 18750, 2.5
1, 18938, 247, 248, 249, 4550259, 4556973, 0.48, 75, 500, 3, 43, 18750, 2.5
0, 26250, 244, 287, 307, 4925872, 4902620, 0.48, 75, 500, 3, 66, 18750, 2.5
1, 20678, 236, 243, 260, 4261817, 4270272, 0.48, 75, 500, 3, 48, 18750, 2.5
1, 22756, 217, 242, 243, 4657923, 4664356, 0.48, 75, 500, 3, 54, 18750, 2.5
1, 19638, 258, 260, 263, 4425432, 4439628, 0.48, 75, 500, 3, 49, 18750, 2.5
1, 19480, 263, 265, 267, 4338303, 4364261, 0.48, 75, 500, 3, 46, 18750, 2.5
1, 19905, 249, 257, 253, 4425629, 4434853, 0.48, 75, 500, 3, 52, 18750, 2.5
1, 19292, 249, 250, 252, 4219217, 4255949, 0.48, 75, 500, 3, 48, 18750, 2.5
1, 19694, 256, 257, 269, 4818178, 4869233, 0.48, 75, 500, 3, 49, 18750, 2.5
1, 23770, 260, 292, 299, 4703257, 4753443, 0.48, 75, 500, 3, 63, 18750, 2.5
1, 19565, 268, 270, 271, 4256000, 4280928, 0.48, 75, 500, 3, 51, 18750, 2.5
0, 24162, 247, 287, 283, 4461011, 4332127, 0.48, 75, 500, 3, 63, 18750, 2.5
1, 18820, 227, 228, 229, 4302166, 4311427, 0.48, 75, 500, 3, 44, 18750, 2.5
1, 19116, 219, 220, 222, 4271396, 4281059, 0.48, 75, 500, 3, 49, 18750, 2.5
1, 19295, 248, 251, 257, 4142698, 4150098, 0.48, 75, 500, 3, 48, 18750, 2.5
0, 26250, 254, 309, 311, 5261515, 5178224, 0.48, 75, 500, 3, 68, 18750, 2.5
1, 19451, 263, 265, 270, 2948771, 2952382, 0.48, 75, 500, 2, 28, 18750, 2.5
1, 20269, 250, 260, 256, 3122514, 3145806, 0.48, 75, 500, 2, 32, 18750, 2.5
0, 19314, 248, 250, 250, 3225943, 3147348, 0.48, 75, 500, 2, 29, 18750, 2.5
1, 19272, 262, 263, 265, 2728142, 2744267, 0.48, 75, 500, 2, 28, 18750, 2.5
1, 19354, 254, 256, 257, 3034891, 3039475, 0.48, 75, 500, 2, 28, 18750, 2.5
1, 19206, 253, 255, 259, 2739655, 2753183, 0.48, 75, 500, 2, 29, 18750, 2.5
0, 26250, 274, 329, 331, 5120260, 5060371, 0.48, 75, 500, 3, 67, 18750, 2.5
1, 19232, 258, 260, 262, 2889398, 2897254, 0.48, 75, 500, 2, 29, 18750, 2.5
1, 19136, 268, 273, 271, 4450270, 4457943, 0.48, 75, 500, 3, 48, 18750, 2.5
1, 19219, 251, 257, 254, 4209601, 4273306, 0.48, 75, 500, 3, 46, 18750, 2.5
1, 24214, 238, 297, 278, 4678060, 4689392, 0.48, 75, 500, 3, 63, 18750, 2.5
1, 19241, 256, 258, 259, 4322993, 4336859, 0.48, 75, 500, 3, 49, 18750, 2.5
1, 19017, 244, 247, 247, 4557928, 4558421, 0.48, 75, 500, 3, 45, 18750, 2.5
0, 26250, 236, 298, 294, 4965757, 4880635, 0.48, 75, 500, 3, 71, 18750, 2.5
1, 19093, 249, 251, 253, 2706209, 2727630, 0.48, 75, 500, 2, 31, 18750, 2.5
1, 18936, 256, 257, 258, 2755039, 2759196, 0.48, 75, 500, 2, 30, 18750, 2.5
1, 20107, 237, 242, 240, 3141678, 3148412, 0.48, 75, 500, 2, 34, 18750, 2.5
1, 19349, 282, 283, 284, 2706958, 2710860, 0.48, 75, 500, 2, 33, 18750, 2.5
1, 19837, 251, 252, 258, 2997931, 3037943, 0.48, 75, 500, 2, 32, 18750, 2.5
1, 19263, 244, 246, 249, 2857670, 2868606, 0.48, 75, 500, 2, 31, 18750, 2.5
1, 19408, 237, 239, 239, 2938644, 2938660, 0.48, 75, 500, 2, 35, 18750, 2.5
1, 21145, 238, 264, 258, 3315022, 3317953, 0.48, 75, 500, 2, 37, 18750, 2.5
1, 19141, 265, 267, 267, 2869887, 2869894, 0.48, 75, 500, 2, 30, 18750, 2.5
1, 19628, 268, 270, 274, 2751614, 2756424, 0.48, 75, 500, 2, 33, 18750, 2.5
1, 21646, 256, 276, 279, 2873707, 2885877, 0.48, 75, 500, 2, 39, 18750, 2.5
1, 19975, 255, 263, 261, 3034155, 3043509, 0.48, 75, 500, 2, 31, 18750, 2.5
1, 19172, 257, 260, 263, 2758383, 2778283, 0.48, 75, 500, 2, 32, 18750, 2.5
1, 19695, 253, 255, 261, 2924860, 2949517, 0.48, 75, 500, 2, 33, 18750, 2.5
1, 19372, 263, 265, 268, 2751230, 2777190, 0.48, 75, 500, 2, 30, 18750, 2.5
1, 19101, 258, 260, 263, 2829388, 2857398, 0.48, 75, 500, 2, 29, 18750, 2.5
1, 20760, 240, 250, 250, 3268664, 3272108, 0.48, 75, 500, 2, 32, 18750, 2.5
1, 19302, 238, 239, 242, 2909186, 2913114, 0.48, 75, 500, 2, 30, 18750, 2.5
1, 19016, 277, 279, 280, 3102976, 3108759, 0.48, 75, 500, 2, 31, 18750, 2.5
1, 19963, 242, 247, 253, 2771001, 2798998, 0.48, 75, 500, 2, 33, 18750, 2.5
0, 21576, 234, 257, 250, 2927301, 2819159, 0.48, 75, 500, 2, 35, 18750, 2.5
1, 20818, 276, 286, 286, 2900209, 2901029, 0.48, 75, 500, 2, 35, 18750, 2.5
1, 19663, 239, 243, 243, 2978594, 2983923, 0.48, 75, 500, 2, 30, 18750, 2.5
1, 18930, 227, 229, 230, 2767424, 2778507, 0.48, 75, 500, 2, 30, 18750, 2.5
1, 20053, 244, 250, 254, 2830601, 2834543, 0.48, 75, 500, 2, 29, 18750, 2.5
1, 19434, 273, 274, 275, 3199804, 3205846, 0.48, 75, 500, 2, 36, 18750, 2.5
1, 19919, 262, 265, 266, 3043986, 3062831, 0.48, 75, 500, 2, 31, 18750, 2.5
0, 20527, 257, 272, 268, 2726075, 2641572, 0.48, 75, 500, 2, 35, 18750, 2.5
1, 19426, 245, 249, 249, 2689610, 2689742, 0.48, 75, 500, 2, 34, 18750, 2.5
1, 23375, 255, 277, 290, 3248223, 3257098, 0.48, 75, 500, 2, 42, 18750, 2.5
1, 19018, 246, 249, 250, 2922528, 2931104, 0.48, 75, 500, 2, 34, 18750, 2.5
1, 19435, 244, 247, 248, 2828913, 2829837, 0.48, 75, 500, 2, 36, 18750, 2.5
1, 19304, 271, 274, 275, 2860689, 2906042, 0.48, 75, 500, 2, 36, 18750, 2.5
0, 20892, 251, 270, 260, 2689429, 2605182, 0.48, 75, 500, 2, 36, 18750, 2.5
1, 19201, 263, 267, 267, 2937558, 2957183, 0.48, 75, 500, 2, 29, 18750, 2.5
1, 19348, 248, 250, 252, 3034689, 3049967, 0.48, 75, 500, 2, 36, 18750, 2.5
0, 24173, 264, 291, 306, 3255987, 3127889, 0.48, 75, 500, 2, 44, 18750, 2.5
1, 20982, 251, 257, 270, 2958694, 2978685, 0.48, 75, 500, 2, 34, 18750, 2.5
1, 18980, 262, 265, 264, 2897465, 2905171, 0.48, 75, 500, 2, 30, 18750, 2.5
1, 19254, 265, 266, 267, 2797520, 2803804, 0.48, 75, 500, 2, 33, 18750, 2.5
1, 19211, 259, 261, 261, 2796221, 2808657, 0.48, 75, 500, 2, 31, 18750, 2.5
1, 20695, 245, 252, 255, 3002351, 3017040, 0.48, 75, 500, 2, 33, 18750, 2.5
0, 22417, 261, 285, 281, 3248194, 3120734, 0.48, 75, 500, 2, 36, 18750, 2.5
0, 20126, 265, 280, 273, 2975667, 2860914, 0.48, 75, 500, 2, 35, 18750, 2.5
1, 22970, 239, 270, 263, 3133753, 3134914, 0.48, 75, 500, 2, 43, 18750, 2.5
1, 19389, 259, 266, 263, 2844875, 2853454, 0.48, 75, 500, 2, 33, 18750, 2.5
1, 19116, 234, 237, 237, 2935662, 2935711, 0.48, 75, 500, 2, 35, 18750, 2.5
1, 18998, 259, 263, 265, 2655358, 2664847, 0.48, 75, 500, 2, 36, 18750, 2.5
1, 19346, 259, 265, 267, 2707015, 2708643, 0.48, 75, 500, 2, 38, 18750, 2.5
1, 19213, 254, 257, 261, 3029536, 3051942, 0.48, 75, 500, 2, 41, 18750, 2.5
1, 19411, 242, 248, 247, 2724208, 2730545, 0.48, 75, 500, 2, 41, 18750, 2.5
1, 19043, 232, 237, 236, 2935097, 2941425, 0.48, 75, 500, 2, 33, 18750, 2.5
1, 18944, 264, 265, 266, 2944412, 2947243, 0.48, 75, 500, 2, 39, 18750, 2.5
1, 19029, 248, 249, 251, 2916625, 2920839, 0.48, 75, 500, 2, 40, 18750, 2.5
1, 18983, 252, 253, 254, 3191892, 3196359, 0.48, 75, 500, 2, 36, 18750, 2.5
1, 19597, 254, 258, 264, 2808114, 2820916, 0.48, 75, 500, 2, 55, 18750, 2.5
1, 19099, 253, 255, 256, 2773916, 2779780, 0.48, 75, 500, 2, 38, 18750, 2.5
1, 18963, 292, 293, 295, 2890538, 2907621, 0.48, 75, 500, 2, 61, 18750, 2.5
1, 19547, 276, 280, 282, 2871296, 2921992, 0.48, 75, 500, 2, 44, 18750, 2.5
1, 19037, 258, 259, 260, 3013999, 3025932, 0.48, 75, 500, 2, 43, 18750, 2.5
1, 19540, 242, 250, 252, 2999402, 3009296, 0.48, 75, 500, 2, 43, 18750, 2.5
0, 18860, 220, 221, 221, 2834374, 2735308, 0.48, 75, 500, 2, 59, 18750, 2.5
1, 19963, 240, 245, 246, 3023356, 3051137, 0.48, 75, 500, 2, 63, 18750, 2.5
1, 18906, 239, 240, 241, 2883587, 2888152, 0.48, 75, 500, 2, 64, 18750, 2.5
0, 26250, 229, 273, 280, 3394214, 3354368, 0.48, 75, 500, 2, 71, 18750, 2.5
0, 22358, 245, 277, 270, 2851286, 2744378, 0.48, 75, 500, 2, 41, 18750, 2.5
1, 20044, 252, 255, 262, 2966665, 3034042, 0.48, 75, 500, 2, 65, 18750, 2.5
1, 19333, 236, 238, 239, 3285150, 3285575, 0.48, 75, 500, 2, 37, 18750, 2.5
1, 19372, 282, 285, 288, 2829424, 2843804, 0.48, 75, 500, 2, 52, 18750, 2.5
1, 20462, 259, 261, 266, 3027743, 3053605, 0.48, 75, 500, 2, 68, 18750, 2.5
0, 26250, 246, 302, 300, 3355888, 3259911, 0.48, 75, 500, 2, 73, 18750, 2.5
1, 19464, 270, 273, 279, 2709718, 2737810, 0.48, 75, 500, 2, 57, 18750, 2.5
1, 19032, 268, 269, 271, 2672253, 2693477, 0.48, 75, 500, 2, 45, 18750, 2.5
1, 22607, 273, 300, 304, 3271696, 3286546, 0.48, 75, 500, 2, 46, 18750, 2.5
1, 19574, 246, 250, 252, 2738837, 2748443, 0.48, 75, 500, 2, 32, 18750, 2.5
0, 23829, 249, 276, 298, 3273104, 3132409, 0.48, 75, 500, 2, 45, 18750, 2.5
1, 18996, 236, 238, 238, 2819849, 2819876, 0.48, 75, 500, 2, 38, 18750, 2.5
1, 19161, 239, 241, 243, 2735483, 2739515, 0.48, 75, 500, 2, 35, 18750, 2.5
1, 19413, 247, 250, 253, 2767081, 2781626, 0.48, 75, 500, 2, 38, 18750, 2.5
0, 26250, 283, 331, 341, 3605131, 3533067, 0.48, 75, 500, 2, 58, 18750, 2.5
1, 19235, 271, 272, 273, 2802735, 2810013, 0.48, 75, 500, 2, 38, 18750, 2.5
1, 19108, 240, 244, 242, 3128128, 3133479, 0.48, 75, 500, 2, 36, 18750, 2.5
1, 22050, 242, 266, 256, 3132058, 3145391, 0.48, 75, 500, 2, 39, 18750, 2.5
1, 19392, 253, 257, 258, 2863898, 2888244, 0.48, 75, 500, 2, 36, 18750, 2.5
1, 21799, 279, 294, 297, 3003529, 3004287, 0.48, 75, 500, 2, 41, 18750, 2.5
1, 19610, 269, 271, 281, 2809885, 2902096, 0.48, 75, 500, 2, 40, 18750, 2.5
0, 26250, 257, 319, 321, 3691451, 3681818, 0.48, 75, 500, 2, 59, 18750, 2.5
0, 26250, 258, 334, 304, 3623646, 3544943, 0.48, 75, 500, 2, 55, 18750, 2.5
0, 22255, 248, 274, 265, 3390345, 3270083, 0.48, 75, 500, 2, 39, 18750, 2.5
1, 20416, 251, 265, 263, 3126302, 3131066, 0.48, 75, 500, 2, 45, 18750, 2.5
1, 19241, 236, 239, 239, 1251363, 1251419, 0.48, 75, 500, 1, 13, 18750, 2.5
1, 19255, 264, 268, 269, 1384677, 1390051, 0.48, 75, 500, 1, 15, 18750, 2.5
1, 19455, 254, 257, 258, 1413428, 1418966, 0.48, 75, 500, 1, 16, 18750, 2.5
1, 19329, 238, 240, 244, 3051979, 3054818, 0.48, 75, 500, 2, 36, 18750, 2.5
1, 23528, 288, 315, 316, 1692033, 1693204, 0.48, 75, 500, 1, 19, 18750, 2.5
1, 19545, 249, 252, 254, 1539663, 1551613, 0.48, 75, 500, 1, 17, 18750, 2.5
1, 19530, 287, 290, 294, 1416409, 1438839, 0.48, 75, 500, 1, 15, 18750, 2.5
1, 21475, 260, 285, 286, 1518887, 1522089, 0.48, 75, 500, 1, 16, 18750, 2.5
1, 19544, 246, 247, 252, 2919809, 2938629, 0.48, 75, 500, 2, 38, 18750, 2.5
0, 23195, 232, 276, 265, 1681501, 1620195, 0.48, 75, 500, 1, 20, 18750, 2.5
1, 19684, 237, 240, 244, 1379957, 1401640, 0.48, 75, 500, 1, 16, 18750, 2.5
0, 20481, 250, 265, 256, 1440477, 1386016, 0.48, 75, 500, 1, 18, 18750, 2.5
1, 18950, 239, 242, 242, 1436734, 1436774, 0.48, 75, 500, 1, 18, 18750, 2.5
1, 19635, 252, 254, 254, 3095411, 3095435, 0.48, 75, 500, 2, 36, 18750, 2.5
1, 20286, 239, 248, 249, 1382995, 1387691, 0.48, 75, 500, 1, 17, 18750, 2.5
1, 19504, 218, 221, 224, 1294145, 1309459, 0.48, 75, 500, 1, 14, 18750, 2.5
1, 19632, 278, 281, 283, 1427104, 1438493, 0.48, 75, 500, 1, 16, 18750, 2.5
1, 20138, 257, 260, 269, 1299622, 1345239, 0.48, 75, 500, 1, 16, 18750, 2.5
1, 19297, 282, 285, 286, 1461411, 1467175, 0.48, 75, 500, 1, 16, 18750, 2.5
1, 19289, 237, 240, 241, 1644236, 1650918, 0.48, 75, 500, 1, 16, 18750, 2.5
1, 19050, 251, 254, 255, 1463191, 1468987, 0.48, 75, 500, 1, 17, 18750, 2.5
1, 19035, 240, 243, 243, 1501555, 1501629, 0.48, 75, 500, 1, 17, 18750, 2.5
1, 19094, 244, 247, 249, 1396670, 1407834, 0.48, 75, 500, 1, 16, 18750, 2.5
1, 19664, 252, 255, 255, 1315628, 1315702, 0.48, 75, 500, 1, 17, 18750, 2.5
1, 19283, 249, 252, 252, 1418127, 1418195, 0.48, 75, 500, 1, 16, 18750, 2.5
0, 20690, 251, 272, 262, 1325731, 1275941, 0.48, 75, 500, 1, 17, 18750, 2.5
1, 19305, 282, 285, 288, 1588794, 1607638, 0.48, 75, 500, 1, 17, 18750, 2.5
1, 19176, 238, 241, 245, 1370542, 1392395, 0.48, 75, 500, 1, 18, 18750, 2.5
0, 20265, 253, 271, 261, 1580007, 1521181, 0.48, 75, 500, 1, 20, 18750, 2.5
1, 19660, 286, 289, 289, 1510825, 1510885, 0.48, 75, 500, 1, 17, 18750, 2.5
1, 19357, 249, 253, 253, 1514831, 1514839, 0.48, 75, 500, 1, 15, 18750, 2.5
1, 20361, 229, 237, 238, 1431643, 1436624, 0.48, 75, 500, 1, 16, 18750, 2.5
1, 19456, 248, 251, 253, 1307212, 1317746, 0.48, 75, 500, 1, 16, 18750, 2.5
1, 19419, 245, 248, 249, 1632043, 1638393, 0.48, 75, 500, 1, 14, 18750, 2.5
1, 19235, 246, 249, 249, 1345658, 1345807, 0.48, 75, 500, 1, 17, 18750, 2.5
1, 19794, 264, 275, 276, 1361269, 1365955, 0.48, 75, 500, 1, 15, 18750, 2.5
1, 19251, 253, 256, 256, 1480649, 1480776, 0.48, 75, 500, 1, 16, 18750, 2.5
1, 19361, 264, 267, 267, 1395021, 1395247, 0.48, 75, 500, 1, 15, 18750, 2.5
1, 19407, 273, 276, 281, 1355452, 1382399, 0.48, 75, 500, 1, 15, 18750, 2.5
1, 19208, 267, 270, 271, 1494639, 1500709, 0.48, 75, 500, 1, 15, 18750, 2.5
1, 19589, 244, 247, 249, 1373958, 1384833, 0.48, 75, 500, 1, 17, 18750, 2.5
1, 19665, 243, 246, 246, 1435402, 1435510, 0.48, 75, 500, 1, 14, 18750, 2.5
1, 18980, 248, 251, 251, 1475891, 1475922, 0.48, 75, 500, 1, 16, 18750, 2.5
1, 19734, 268, 271, 271, 1496736, 1496784, 0.48, 75, 500, 1, 16, 18750, 2.5
1, 19218, 269, 272, 275, 1539098, 1557402, 0.48, 75, 500, 1, 16, 18750, 2.5
1, 19175, 249, 252, 252, 1552172, 1552296, 0.48, 75, 500, 1, 17, 18750, 2.5
1, 19090, 246, 249, 249, 1397373, 1397457, 0.48, 75, 500, 1, 13, 18750, 2.5
1, 19250, 245, 249, 249, 1255182, 1255214, 0.48, 75, 500, 1, 17, 18750, 2.5
1, 19573, 267, 270, 270, 1518757, 1518811, 0.48, 75, 500, 1, 15, 18750, 2.5
1, 19444, 232, 235, 238, 1517842, 1536192, 0.48, 75, 500, 1, 14, 18750, 2.5
1, 19575, 269, 272, 275, 1491840, 1509452, 0.48, 75, 500, 1, 15, 18750, 2.5
1, 19740, 253, 260, 261, 1472558, 1478042, 0.48, 75, 500, 1, 14, 18750, 2.5
1, 19761, 265, 268, 268, 1581348, 1581381, 0.48, 75, 500, 1, 23, 18750, 2.5
1, 18954, 256, 259, 260, 1530631, 1536746, 0.48, 75, 500, 1, 13, 18750, 2.5
1, 19520, 246, 249, 251, 1513009, 1525192, 0.48, 75, 500, 1, 25, 18750, 2.5
1, 19703, 219, 222, 222, 1718688, 1718938, 0.48, 75, 500, 1, 24, 18750, 2.5
1, 18993, 237, 240, 241, 1343339, 1348700, 0.48, 75, 500, 1, 22, 18750, 2.5
1, 19363, 264, 267, 269, 1434333, 1445657, 0.48, 75, 500, 1, 16, 18750, 2.5
1, 19621, 260, 263, 265, 1414789, 1425947, 0.48, 75, 500, 1, 16, 18750, 2.5
1, 19237, 277, 280, 282, 1382935, 1393941, 0.48, 75, 500, 1, 14, 18750, 2.5
1, 19535, 255, 258, 262, 1478421, 1502147, 0.48, 75, 500, 1, 15, 18750, 2.5
1, 18970, 245, 248, 248, 1424864, 1424870, 0.48, 75, 500, 1, 14, 18750, 2.5
1, 19634, 236, 239, 240, 1526698, 1532885, 0.48, 75, 500, 1, 19, 18750, 2.5
1, 19381, 272, 275, 274, 1550413, 1550536, 0.48, 75, 500, 1, 15, 18750, 2.5
1, 19989, 253, 256, 261, 1455278, 1483996, 0.48, 75, 500, 1, 16, 18750, 2.5
1, 19611, 227, 230, 230, 1514643, 1514896, 0.48, 75, 500, 1, 15, 18750, 2.5
1, 20229, 261, 264, 264, 1675802, 1675959, 0.48, 75, 500, 1, 18, 18750, 2.5
1, 21622, 253, 272, 273, 1427250, 1430529, 0.48, 75, 500, 1, 17, 18750, 2.5
1, 19656, 281, 284, 284, 1501387, 1501520, 0.48, 75, 500, 1, 16, 18750, 2.5
1, 19687, 241, 246, 247, 1382729, 1387888, 0.48, 75, 500, 1, 16, 18750, 2.5
1, 19630, 275, 278, 281, 1451582, 1468944, 0.48, 75, 500, 1, 19, 18750, 2.5
1, 19040, 258, 261, 261, 1417661, 1417712, 0.48, 75, 500, 1, 15, 18750, 2.5
1, 19467, 253, 256, 257, 1307291, 1312288, 0.48, 75, 500, 1, 15, 18750, 2.5
1, 19626, 274, 277, 282, 1392417, 1420171, 0.48, 75, 500, 1, 14, 18750, 2.5
1, 19814, 253, 256, 259, 1388588, 1405187, 0.48, 75, 500, 1, 14, 18750, 2.5
1, 19663, 227, 233, 234, 1384215, 1389377, 0.48, 75, 500, 1, 13, 18750, 2.5
0, 22353, 239, 270, 260, 1626468, 1568826, 0.48, 75, 500, 1, 19, 18750, 2.5
0, 26250, 240, 303, 298, 1712293, 1680117, 0.48, 75, 500, 1, 22, 18750, 2.5
1, 19434, 248, 251, 254, 1493951, 1511945, 0.48, 75, 500, 1, 14, 18750, 2.5
1, 19284, 268, 272, 273, 1347598, 1352788, 0.48, 75, 500, 1, 14, 18750, 2.5
1, 19498, 238, 241, 242, 1309807, 1315154, 0.48, 75, 500, 1, 16, 18750, 2.5
0, 21295, 262, 287, 277, 1479774, 1425637, 0.48, 75, 500, 1, 18, 18750, 2.5
0, 26250, 251, 308, 306, 1520425, 1500397, 0.48, 75, 500, 1, 23, 18750, 2.5
1, 19382, 286, 289, 291, 1370449, 1381235, 0.48, 75, 500, 1, 17, 18750, 2.5
1, 19856, 260, 263, 270, 1290772, 1326837, 0.48, 75, 500, 1, 18, 18750, 2.5
1, 19060, 236, 239, 239, 1345150, 1345181, 0.48, 75, 500, 1, 16, 18750, 2.5
0, 22356, 255, 286, 276, 1513862, 1458794, 0.48, 75, 500, 1, 19, 18750, 2.5
1, 19870, 258, 261, 266, 1546822, 1576843, 0.48, 75, 500, 1, 14, 18750, 2.5
1, 18927, 266, 269, 270, 1417593, 1423272, 0.48, 75, 500, 1, 15, 18750, 2.5
1, 19071, 223, 226, 226, 1377434, 1377522, 0.48, 75, 500, 1, 13, 18750, 2.5
1, 19286, 250, 253, 254, 1324366, 1329706, 0.48, 75, 500, 1, 15, 18750, 2.5
1, 19244, 250, 253, 254, 1376459, 1381836, 0.48, 75, 500, 1, 15, 18750, 2.5
1, 22198, 263, 289, 290, 1579860, 1582708, 0.48, 75, 500, 1, 17, 18750, 2.5
1, 19315, 254, 257, 257, 1414210, 1414246, 0.48, 75, 500, 1, 15, 18750, 2.5
1, 19189, 240, 243, 243, 1406307, 1406336, 0.48, 75, 500, 1, 14, 18750, 2.5
1, 19271, 276, 279, 279, 1416491, 1416554, 0.48, 75, 500, 1, 14, 18750, 2.5
1, 19081, 256, 259, 262, 1344533, 1360683, 0.48, 75, 500, 1, 15, 18750, 2.5
1, 19020, 275, 278, 278, 1470441, 1470474, 0.48, 75, 500, 1, 14, 18750, 2.5
1, 19203, 257, 260, 260, 1439472, 1439520, 0.48, 75, 500, 1, 14, 18750, 2.5
1, 18929, 251, 255, 255, 1379990, 1380000, 0.48, 75, 500, 1, 13, 18750, 2.5
1, 22132, 245, 268, 269, 1356102, 1357097, 0.48, 75, 500, 1, 17, 18750, 2.5
1, 20154, 238, 241, 241, 1385070, 1385233, 0.48, 75, 500, 1, 14, 18750, 2.5
1, 19336, 271, 274, 275, 1342820, 1348221, 0.48, 75, 500, 1, 13, 18750, 2.5
1, 19211, 234, 235, 238, 44979509, 45180288, 0.48, 75, 500, 32, 1793, 18750, 2.5
1, 19528, 244, 245, 252, 45390980, 45705094, 0.48, 75, 500, 32, 1836, 18750, 2.5
0, 21950, 268, 291, 285, 48941456, 48132922, 0.48, 75, 500, 32, 2050, 18750, 2.5
0, 25065, 232, 300, 252, 53042695, 51397596, 0.48, 75, 500, 32, 2315, 18750, 2.5
0, 26250, 253, 307, 319, 54672633, 54447140, 0.48, 75, 500, 32, 2358, 18750, 2.5
0, 26250, 256, 300, 309, 54096307, 53244135, 0.48, 75, 500, 32, 2394, 18750, 2.5
0, 26250, 288, 339, 328, 56070305, 55016190, 0.48, 75, 500, 32, 2425, 18750, 2.5
0, 26250, 279, 341, 326, 53930911, 53562990, 0.48, 75, 500, 32, 2421, 18750, 2.5
0, 26250, 228, 277, 287, 53620453, 53461590, 0.48, 75, 500, 32, 2465, 18750, 2.5
0, 26250, 254, 300, 308, 54545906, 54445429, 0.48, 75, 500, 32, 2482, 18750, 2.5
0, 26250, 241, 299, 307, 53372942, 52488714, 0.48, 75, 500, 32, 2491, 18750, 2.5
0, 26250, 261, 322, 303, 55834717, 55270718, 0.48, 75, 500, 32, 2497, 18750, 2.5
0, 26250, 272, 330, 319, 54266751, 53886821, 0.48, 75, 500, 32, 2482, 18750, 2.5
0, 26250, 270, 330, 339, 53386742, 53541645, 0.48, 75, 500, 32, 2534, 18750, 2.5
0, 26250, 271, 336, 316, 54477672, 53143143, 0.48, 75, 500, 32, 2553, 18750, 2.5
1, 19110, 238, 240, 241, 45855020, 46021800, 0.48, 75, 500, 32, 1689, 18750, 2.5
1, 20195, 233, 244, 239, 46669512, 46772798, 0.48, 75, 500, 32, 1688, 18750, 2.5
1, 18980, 223, 224, 226, 45483604, 45520557, 0.48, 75, 500, 32, 1550, 18750, 2.5
0, 19264, 259, 261, 260, 45872792, 44213067, 0.48, 75, 500, 32, 1642, 18750, 2.5
0, 19961, 261, 263, 262, 46764552, 45805512, 0.48, 75, 500, 32, 1594, 18750, 2.5
1, 20558, 264, 279, 278, 47611843, 47788982, 0.48, 75, 500, 32, 1653, 18750, 2.5
1, 19263, 245, 247, 250, 45896240, 45967900, 0.48, 75, 500, 32, 1577, 18750, 2.5
1, 19076, 234, 235, 236, 45557636, 45680674, 0.48, 75, 500, 32, 1621, 18750, 2.5
0, 22470, 241, 266, 262, 50332362, 48955986, 0.48, 75, 500, 32, 1811, 18750, 2.5
1, 19032, 233, 235, 236, 46385349, 46499572, 0.48, 75, 500, 32, 1633, 18750, 2.5
0, 24464, 229, 270, 261, 51988787, 49828722, 0.48, 75, 500, 32, 2049, 18750, 2.5
0, 26250, 254, 303, 308, 55543955, 54637765, 0.48, 75, 500, 32, 2267, 18750, 2.5
0, 26250, 238, 295, 284, 55210207, 54040718, 0.48, 75, 500, 32, 2144, 18750, 2.5
0, 26250, 281, 331, 348, 54449763, 53933687, 0.48, 75, 500, 32, 2223, 18750, 2.5
0, 26250, 212, 265, 255, 54065538, 53165083, 0.48, 75, 500, 32, 2303, 18750, 2.5
1, 20161, 267, 277, 279, 46985986, 47142194, 0.48, 75, 500, 32, 1604, 18750, 2.5
1, 19742, 245, 248, 253, 45255976, 45644613, 0.48, 75, 500, 32, 1686, 18750, 2.5
1, 19680, 251, 254, 257, 47243604, 47473170, 0.48, 75, 500, 32, 1538, 18750, 2.5
0, 26250, 231, 316, 271, 54311295, 53595713, 0.48, 75, 500, 32, 2126, 18750, 2.5
1, 19653, 249, 255, 257, 47106519, 47325778, 0.48, 75, 500, 32, 1638, 18750, 2.5
1, 20914, 242, 254, 253, 48400691, 48450628, 0.48, 75, 500, 32, 1686, 18750, 2.5
0, 23397, 245, 278, 271, 51153083, 50212301, 0.48, 75, 500, 32, 1932, 18750, 2.5
0, 26250, 252, 299, 295, 54026410, 53587164, 0.48, 75, 500, 32, 2097, 18750, 2.5
1, 19077, 218, 219, 220, 46769576, 46918477, 0.48, 75, 500, 32, 1598, 18750, 2.5
1, 19626, 238, 248, 244, 46263923, 46345559, 0.48, 75, 500, 32, 1602, 18750, 2.5
0, 26250, 253, 325, 316, 56624437, 56136140, 0.48, 75, 500, 32, 2204, 18750, 2.5
0, 26250, 250, 303, 301, 55151628, 54003056, 0.48, 75, 500, 32, 2179, 18750, 2.5
1, 24107, 264, 285, 302, 51841347, 52161446, 0.48, 75, 500, 32, 1926, 18750, 2.5
0, 26250, 224, 275, 282, 54130914, 53530009, 0.48, 75, 500, 32, 2026, 18750, 2.5
0, 26250, 261, 300, 329, 55208324, 54564602, 0.48, 75, 500, 32, 2193, 18750, 2.5
1, 18947, 226, 227, 228, 46123224, 46152244, 0.48, 75, 500, 32, 1503, 18750, 2.5
0, 26250, 251, 309, 301, 54397275, 53554629, 0.48, 75, 500, 32, 2191, 18750, 2.5
0, 26250, 241, 314, 295, 54538134, 53445699, 0.48, 75, 500, 32, 2152, 18750, 2.5
0, 26250, 241, 298, 280, 54854716, 53996885, 0.48, 75, 500, 32, 2031, 18750, 2.5
0, 26250, 255, 311, 318, 53858421, 53059830, 0.48, 75, 500, 32, 2032, 18750, 2.5
1, 19302, 223, 226, 225, 45251456, 45311470, 0.48, 75, 500, 32, 1524, 18750, 2.5
1, 19608, 265, 268, 275, 46774226, 47272099, 0.48, 75, 500, 32, 1691, 18750, 2.5
0, 26250, 256, 305, 301, 55180383, 55077387, 0.48, 75, 500, 32, 2118, 18750, 2.5
0, 26250, 252, 307, 298, 54486306, 54373525, 0.48, 75, 500, 32, 2204, 18750, 2.5
1, 19855, 257, 271, 266, 46670467, 46796550, 0.48, 75, 500, 32, 1659, 18750, 2.5
0, 26250, 227, 276, 288, 55464049, 54662283, 0.48, 75, 500, 32, 2034, 18750, 2.5
0, 26250, 261, 318, 324, 55354012, 54363083, 0.48, 75, 500, 32, 2137, 18750, 2.5
0, 26250, 252, 325, 277, 54674632, 53300942, 0.48, 75, 500, 32, 2140, 18750, 2.5
0, 26250, 250, 323, 297, 53878672, 53054446, 0.48, 75, 500, 32, 2110, 18750, 2.5
1, 19204, 248, 252, 252, 44911498, 45208222, 0.48, 75, 500, 32, 1556, 18750, 2.5
1, 19116, 248, 249, 251, 46246126, 46540414, 0.48, 75, 500, 32, 1540, 18750, 2.5
0, 26250, 238, 295, 298, 54764200, 53414471, 0.48, 75, 500, 32, 1984, 18750, 2.5
0, 26250, 226, 267, 281, 53864255, 53422890, 0.48, 75, 500, 32, 2013, 18750, 2.5
1, 21727, 245, 273, 264, 48846228, 49134002, 0.48, 75, 500, 32, 1739, 18750, 2.5
1, 19283, 232, 235, 236, 46010021, 46109595, 0.48, 75, 500, 32, 1508, 18750, 2.5
1, 21714, 263, 277, 283, 48841853, 48876156, 0.48, 75, 500, 32, 1803, 18750, 2.5
0, 24615, 260, 311, 291, 52570019, 51231699, 0.48, 75, 500, 32, 2019, 18750, 2.5
0, 26250, 277, 339, 297, 54494786, 54604202, 0.48, 75, 500, 32, 2208, 18750, 2.5
0, 21272, 276, 293, 290, 47894956, 46567835, 0.48, 75, 500, 32, 1830, 18750, 2.5
1, 18919, 237, 239, 239, 46008940, 46121328, 0.48, 75, 500, 32, 1693, 18750, 2.5
0, 25786, 235, 280, 280, 54016643, 52705547, 0.48, 75, 500, 32, 2107, 18750, 2.5
0, 26250, 251, 292, 299, 53499984, 52412922, 0.48, 75, 500, 32, 2192, 18750, 2.5
0, 26250, 261, 311, 306, 55217891, 54198152, 0.48, 75, 500, 32, 2146, 18750, 2.5
0, 26250, 255, 306, 314, 54369795, 53748193, 0.48, 75, 500, 32, 2181, 18750, 2.5
0, 21377, 241, 265, 263, 49017018, 47856247, 0.48, 75, 500, 32, 1701, 18750, 2.5
0, 26250, 232, 283, 276, 55010887, 53874262, 0.48, 75, 500, 32, 2038, 18750, 2.5
0, 26250, 250, 306, 299, 54388725, 52944962, 0.48, 75, 500, 32, 2137, 18750, 2.5
0, 26250, 267, 318, 321, 54068666, 53840654, 0.48, 75, 500, 32, 2151, 18750, 2.5
0, 24108, 268, 304, 293, 53384640, 51806325, 0.48, 75, 500, 32, 1989, 18750, 2.5
0, 26250, 237, 291, 282, 54024016, 53269967, 0.48, 75, 500, 32, 2116, 18750, 2.5
0, 26250, 263, 313, 320, 53242153, 52651294, 0.48, 75, 500, 32, 2028, 18750, 2.5
1, 19466, 259, 260, 265, 45116754, 45833796, 0.48, 75, 500, 32, 1458, 18750, 2.5
1, 19658, 252, 260, 259, 45295947, 45523413, 0.48, 75, 500, 32, 1602, 18750, 2.5
0, 26250, 263, 315, 315, 54369922, 53018430, 0.48, 75, 500, 32, 2231, 18750, 2.5
0, 26250, 237, 263, 304, 54955500, 55517730, 0.48, 75, 500, 32, 2161, 18750, 2.5
1, 18916, 243, 244, 247, 44774076, 44893704, 0.48, 75, 500, 32, 1479, 18750, 2.5
1, 19750, 274, 277, 278, 45448921, 45781948, 0.48, 75, 500, 32, 1726, 18750, 2.5
0, 26250, 258, 305, 306, 53854023, 52540220, 0.48, 75, 500, 32, 2034, 18750, 2.5
1, 20554, 268, 282, 276, 47715216, 47833380, 0.48, 75, 500, 32, 1684, 18750, 2.5
1, 19132, 265, 266, 270, 46665650, 46705264, 0.48, 75, 500, 32, 1595, 18750, 2.5
0, 22917, 251, 279, 282, 51682177, 50658064, 0.48, 75, 500, 32, 1928, 18750, 2.5
1, 19194, 231, 233, 234, 32545351, 32658130, 0.48, 75, 500, 23, 793, 18750, 2.5
1, 19558, 252, 258, 260, 32389263, 32586680, 0.48, 75, 500, 23, 781, 18750, 2.5
1, 21113, 262, 284, 285, 34729131, 34807141, 0.48, 75, 500, 23, 782, 18750, 2.5
0, 26250, 242, 292, 305, 39418036, 38903423, 0.48, 75, 500, 23, 1075, 18750, 2.5
0, 26250, 263, 319, 321, 54292700, 53706927, 0.48, 75, 500, 32, 2096, 18750, 2.5
0, 26250, 239, 300, 286, 55609970, 54686874, 0.48, 75, 500, 32, 2179, 18750, 2.5
0, 21765, 264, 284, 282, 49246468, 48480430, 0.48, 75, 500, 32, 1820, 18750, 2.5
0, 26250, 260, 318, 338, 54361408, 53500156, 0.48, 75, 500, 32, 1998, 18750, 2.5
0, 26250, 224, 296, 267, 39304796, 38695713, 0.48, 75, 500, 23, 1128, 18750, 2.5
1, 18994, 254, 255, 258, 45220527, 45263296, 0.48, 75, 500, 32, 1595, 18750, 2.5
1, 19408, 240, 245, 244, 32637163, 32747030, 0.48, 75, 500, 23, 782, 18750, 2.5
1, 19931, 266, 272, 275, 32175839, 32207307, 0.48, 75, 500, 23, 845, 18750, 2.5
0, 26250, 253, 315, 305, 55177274, 54715952, 0.48, 75, 500, 32, 2172, 18750, 2.5
0, 26250, 237, 288, 290, 55146557, 53978165, 0.48, 75, 500, 32, 2259, 18750, 2.5
1, 18827, 247, 248, 250, 32451569, 32510674, 0.48, 75, 500, 23, 804, 18750, 2.5
0, 26250, 222, 278, 270, 40379004, 39820969, 0.48, 75, 500, 23, 1146, 18750, 2.5
1, 19448, 224, 225, 228, 33532931, 33879544, 0.48, 75, 500, 23, 840, 18750, 2.5
0, 26250, 247, 314, 285, 55046349, 54297275, 0.48, 75, 500, 32, 2107, 18750, 2.5
0, 22847, 236, 271, 263, 35754751, 34786812, 0.48, 75, 500, 23, 911, 18750, 2.5
1, 20622, 251, 262, 262, 34866934, 34904988, 0.48, 75, 500, 23, 846, 18750, 2.5
0, 26250, 256, 304, 308, 54421542, 53901500, 0.48, 75, 500, 32, 2138, 18750, 2.5
1, 20006, 262, 264, 267, 35102691, 35149670, 0.48, 75, 500, 23, 799, 18750, 2.5
1, 19427, 262, 264, 266, 32585940, 32676951, 0.48, 75, 500, 23, 793, 18750, 2.5
0, 26250, 248, 303, 306, 39981744, 38930474, 0.48, 75, 500, 23, 1201, 18750, 2.5
0, 26250, 258, 301, 314, 39098455, 38729832, 0.48, 75, 500, 23, 999, 18750, 2.5
1, 18951, 268, 269, 270, 32793122, 32897853, 0.48, 75, 500, 23, 713, 18750, 2.5
1, 18913, 250, 252, 253, 32515213, 32598300, 0.48, 75, 500, 23, 760, 18750, 2.5
0, 26250, 244, 289, 300, 38981599, 38333186, 0.48, 75, 500, 23, 1136, 18750, 2.5
0, 26250, 243, 294, 307, 38056835, 37693398, 0.48, 75, 500, 23, 1044, 18750, 2.5
0, 24424, 199, 241, 229, 37536664, 36553436, 0.48, 75, 500, 23, 997, 18750, 2.5
1, 19219, 231, 232, 235, 32807757, 33122989, 0.48, 75, 500, 23, 747, 18750, 2.5
0, 24919, 241, 277, 285, 37387287, 36429695, 0.48, 75, 500, 23, 964, 18750, 2.5
1, 19183, 243, 247, 246, 32063525, 32177331, 0.48, 75, 500, 23, 837, 18750, 2.5
0, 26250, 260, 322, 306, 39553323, 38686673, 0.48, 75, 500, 23, 1057, 18750, 2.5
0, 26250, 243, 311, 300, 40292229, 39831642, 0.48, 75, 500, 23, 1132, 18750, 2.5
0, 26250, 283, 334, 342, 38996176, 38142038, 0.48, 75, 500, 23, 1139, 18750, 2.5
0, 26250, 238, 292, 295, 39285591, 38709898, 0.48, 75, 500, 23, 1023, 18750, 2.5
0, 26250, 258, 302, 323, 39002607, 38263027, 0.48, 75, 500, 23, 1076, 18750, 2.5
1, 21270, 227, 248, 242, 34992262, 35040311, 0.48, 75, 500, 23, 840, 18750, 2.5
0, 26250, 240, 299, 289, 37420515, 36853078, 0.48, 75, 500, 23, 1050, 18750, 2.5
0, 23515, 282, 320, 304, 37585869, 36252832, 0.48, 75, 500, 23, 955, 18750, 2.5
1, 19627, 263, 269, 267, 33303279, 33368504, 0.48, 75, 500, 23, 894, 18750, 2.5
0, 26250, 273, 339, 313, 38984132, 38561996, 0.48, 75, 500, 23, 1160, 18750, 2.5
0, 24300, 270, 309, 309, 37512171, 36910384, 0.48, 75, 500, 23, 950, 18750, 2.5
0, 26250, 243, 308, 290, 39464239, 38753199, 0.48, 75, 500, 23, 1073, 18750, 2.5
0, 26250, 236, 293, 287, 38764629, 38388716, 0.48, 75, 500, 23, 1112, 18750, 2.5
0, 23701, 257, 289, 287, 37142798, 36530869, 0.48, 75, 500, 23, 992, 18750, 2.5
1, 20230, 237, 241, 245, 34688750, 34816606, 0.48, 75, 500, 23, 798, 18750, 2.5
1, 19670, 241, 244, 249, 33092726, 33438679, 0.48, 75, 500, 23, 809, 18750, 2.5
0, 26250, 242, 297, 295, 38914182, 38094675, 0.48, 75, 500, 23, 1124, 18750, 2.5
1, 19043, 236, 239, 238, 32093960, 32199567, 0.48, 75, 500, 23, 825, 18750, 2.5
1, 19666, 256, 261, 260, 32895617, 33070361, 0.48, 75, 500, 23, 763, 18750, 2.5
1, 19034, 233, 235, 235, 32428166, 32484114, 0.48, 75, 500, 23, 794, 18750, 2.5
1, 20883, 251, 268, 258, 34371731, 34456114, 0.48, 75, 500, 23, 828, 18750, 2.5
1, 21010, 248, 260, 256, 34407851, 34558832, 0.48, 75, 500, 23, 827, 18750, 2.5
1, 20089, 267, 273, 279, 32743321, 33240755, 0.48, 75, 500, 23, 795, 18750, 2.5
1, 19149, 247, 251, 251, 33512372, 33605284, 0.48, 75, 500, 23, 818, 18750, 2.5
0, 26250, 249, 294, 306, 38502361, 37779650, 0.48, 75, 500, 23, 1119, 18750, 2.5
1, 19069, 227, 230, 233, 33293367, 33315732, 0.48, 75, 500, 23, 808, 18750, 2.5
0, 26250, 275, 332, 337, 39014534, 38461900, 0.48, 75, 500, 23, 1097, 18750, 2.5
0, 26250, 255, 301, 302, 40077587, 39568198, 0.48, 75, 500, 23, 1054, 18750, 2.5
0, 26250, 238, 298, 288, 39741582, 39003615, 0.48, 75, 500, 23, 1061, 18750, 2.5
1, 19824, 250, 259, 258, 32633880, 32872092, 0.48, 75, 500, 23, 881, 18750, 2.5
1, 20521, 256, 263, 264, 33839009, 34127013, 0.48, 75, 500, 23, 899, 18750, 2.5
1, 22795, 250, 277, 274, 37196168, 37460970, 0.48, 75, 500, 23, 1001, 18750, 2.5
0, 26250, 259, 310, 304, 39435685, 38097995, 0.48, 75, 500, 23, 1077, 18750, 2.5
0, 26250, 236, 274, 277, 39064757, 38763661, 0.48, 75, 500, 23, 1045, 18750, 2.5
0, 26250, 267, 336, 314, 38915939, 38304293, 0.48, 75, 500, 23, 1137, 18750, 2.5
1, 18984, 247, 248, 250, 31722308, 31796261, 0.48, 75, 500, 23, 794, 18750, 2.5
1, 19351, 249, 250, 255, 31756847, 32242111, 0.48, 75, 500, 23, 753, 18750, 2.5
1, 19711, 248, 251, 254, 34610647, 34683810, 0.48, 75, 500, 23, 796, 18750, 2.5
1, 19178, 239, 241, 242, 33757646, 33968326, 0.48, 75, 500, 23, 716, 18750, 2.5
0, 26250, 251, 296, 303, 39531000, 39258605, 0.48, 75, 500, 23, 1065, 18750, 2.5
0, 26250, 255, 309, 319, 39872409, 38759081, 0.48, 75, 500, 23, 1013, 18750, 2.5
1, 19390, 263, 266, 268, 32835403, 32940140, 0.48, 75, 500, 23, 776, 18750, 2.5
1, 19696, 253, 254, 260, 33370507, 33593773, 0.48, 75, 500, 23, 764, 18750, 2.5
0, 26250, 251, 310, 298, 39652440, 38992481, 0.48, 75, 500, 23, 1034, 18750, 2.5
1, 20290, 273, 280, 279, 33234665, 33369629, 0.48, 75, 500, 23, 871, 18750, 2.5
0, 24332, 285, 337, 326, 37277525, 36515809, 0.48, 75, 500, 23, 929, 18750, 2.5
0, 26250, 260, 312, 302, 39070306, 39018711, 0.48, 75, 500, 23, 1154, 18750, 2.5
0, 26250, 265, 318, 310, 39176088, 38735295, 0.48, 75, 500, 23, 1107, 18750, 2.5
1, 20067, 263, 273, 273, 33332801, 33584117, 0.48, 75, 500, 23, 805, 18750, 2.5
0, 26250, 232, 283, 280, 39682447, 39063848, 0.48, 75, 500, 23, 1077, 18750, 2.5
0, 23674, 241, 279, 273, 36093321, 35091654, 0.48, 75, 500, 23, 905, 18750, 2.5
1, 20209, 272, 280, 279, 34613213, 34888720, 0.48, 75, 500, 23, 819, 18750, 2.5
1, 22272, 240, 263, 270, 35607231, 35757880, 0.48, 75, 500, 23, 955, 18750, 2.5
0, 26250, 249, 306, 303, 38859286, 38580627, 0.48, 75, 500, 23, 1074, 18750, 2.5
1, 19683, 254, 258, 260, 33448171, 33799174, 0.48, 75, 500, 23, 777, 18750, 2.5
1, 19685, 257, 261, 263, 32810124, 32998268, 0.48, 75, 500, 23, 792, 18750, 2.5
0, 26250, 249, 300, 310, 39022478, 38540757, 0.48, 75, 500, 23, 1015, 18750, 2.5
1, 19355, 228, 230, 234, 32985050, 33300887, 0.48, 75, 500, 23, 816, 18750, 2.5
1, 19714, 257, 260, 263, 33341860, 33392985, 0.48, 75, 500, 23, 759, 18750, 2.5
0, 26250, 250, 299, 300, 38135481, 37403247, 0.48, 75, 500, 23, 1001, 18750, 2.5
1, 20186, 270, 277, 281, 33486090, 33635644, 0.48, 75, 500, 23, 738, 18750, 2.5
1, 20975, 247, 262, 269, 34542393, 34992773, 0.48, 75, 500, 23, 848, 18750, 2.5
1, 19993, 239, 244, 246, 33474515, 33550121, 0.48, 75, 500, 23, 832, 18750, 2.5
1, 20314, 261, 270, 274, 34250420, 34306911, 0.48, 75, 500, 23, 850, 18750, 2.5
0, 26250, 266, 317, 322, 39077268, 38935306, 0.48, 75, 500, 23, 1099, 18750, 2.5
1, 19627, 248, 250, 256, 33050642, 33357288, 0.48, 75, 500, 23, 812, 18750, 2.5
1, 18907, 272, 274, 274, 32529069, 32572723, 0.48, 75, 500, 23, 779, 18750, 2.5
0, 25330, 259, 311, 305, 26024188, 25329671, 0.48, 75, 500, 16, 501, 18750, 2.5
0, 26250, 266, 323, 326, 27244013, 27263965, 0.48, 75, 500, 16, 575, 18750, 2.5
1, 19225, 227, 228, 232, 23060301, 23154382, 0.48, 75, 500, 16, 389, 18750, 2.5
0, 26250, 247, 293, 302, 40265875, 40011459, 0.48, 75, 500, 23, 1080, 18750, 2.5
1, 19432, 228, 231, 235, 32687152, 32723096, 0.48, 75, 500, 23, 764, 18750, 2.5
1, 19287, 264, 268, 266, 33548935, 33732626, 0.48, 75, 500, 23, 766, 18750, 2.5
1, 19782, 264, 268, 273, 34176907, 34202742, 0.48, 75, 500, 23, 791, 18750, 2.5
0, 26250, 244, 303, 293, 39287773, 38793233, 0.48, 75, 500, 23, 1123, 18750, 2.5
0, 26250, 283, 334, 325, 39264122, 38747564, 0.48, 75, 500, 23, 1168, 18750, 2.5
1, 22410, 239, 277, 259, 24447729, 24475710, 0.48, 75, 500, 16, 470, 18750, 2.5
0, 24904, 245, 288, 289, 26646660, 25824654, 0.48, 75, 500, 16, 560, 18750, 2.5
1, 19383, 274, 280, 279, 22628385, 22782866, 0.48, 75, 500, 16, 374, 18750, 2.5
1, 19127, 251, 252, 257, 23861966, 23879216, 0.48, 75, 500, 16, 399, 18750, 2.5
1, 19974, 257, 264, 271, 23093859, 23186999, 0.48, 75, 500, 16, 420, 18750, 2.5
0, 26250, 283, 338, 344, 38813399, 38078054, 0.48, 75, 500, 23, 1090, 18750, 2.5
0, 25791, 264, 321, 303, 39415585, 38316948, 0.48, 75, 500, 23, 1026, 18750, 2.5
0, 26250, 258, 320, 315, 39194703, 38799045, 0.48, 75, 500, 23, 1043, 18750, 2.5
1, 19127, 244, 247, 247, 23353584, 23377465, 0.48, 75, 500, 16, 447, 18750, 2.5
1, 19943, 269, 272, 276, 23861237, 23993500, 0.48, 75, 500, 16, 408, 18750, 2.5
1, 19031, 255, 256, 259, 23087320, 23177997, 0.48, 75, 500, 16, 362, 18750, 2.5
1, 19084, 236, 240, 240, 23473911, 23505091, 0.48, 75, 500, 16, 395, 18750, 2.5
1, 19238, 240, 242, 245, 22874408, 22908003, 0.48, 75, 500, 16, 411, 18750, 2.5
0, 26250, 264, 303, 328, 26942886, 26940620, 0.48, 75, 500, 16, 472, 18750, 2.5
0, 26250, 250, 305, 297, 27590719, 27190081, 0.48, 75, 500, 16, 556, 18750, 2.5
0, 26250, 241, 300, 287, 27175736, 26681591, 0.48, 75, 500, 16, 529, 18750, 2.5
0, 26250, 238, 288, 287, 27031968, 26798529, 0.48, 75, 500, 16, 536, 18750, 2.5
0, 24366, 241, 281, 278, 25429611, 24576359, 0.48, 75, 500, 16, 485, 18750, 2.5
1, 19676, 245, 247, 253, 22247727, 22496384, 0.48, 75, 500, 16, 367, 18750, 2.5
1, 19041, 229, 230, 231, 22306387, 22485439, 0.48, 75, 500, 16, 375, 18750, 2.5
1, 19355, 253, 255, 258, 23647352, 23902803, 0.48, 75, 500, 16, 433, 18750, 2.5
0, 24675, 245, 277, 277, 25545689, 25017821, 0.48, 75, 500, 16, 458, 18750, 2.5
1, 22048, 271, 299, 291, 24709000, 24775059, 0.48, 75, 500, 16, 454, 18750, 2.5
0, 24460, 262, 303, 307, 26342914, 25147658, 0.48, 75, 500, 16, 511, 18750, 2.5
0, 26250, 229, 309, 264, 27606595, 27260995, 0.48, 75, 500, 16, 565, 18750, 2.5
0, 26250, 239, 308, 274, 27761224, 27411697, 0.48, 75, 500, 16, 553, 18750, 2.5
1, 20099, 244, 257, 252, 23992522, 24039927, 0.48, 75, 500, 16, 475, 18750, 2.5
0, 26250, 253, 321, 309, 27513707, 27232826, 0.48, 75, 500, 16, 514, 18750, 2.5
0, 26250, 243, 308, 290, 27403850, 26777504, 0.48, 75, 500, 16, 568, 18750, 2.5
1, 20857, 264, 274, 269, 24200143, 24405721, 0.48, 75, 500, 16, 441, 18750, 2.5
1, 20888, 295, 311, 313, 23775342, 23862772, 0.48, 75, 500, 16, 408, 18750, 2.5
1, 19405, 220, 226, 223, 23369044, 23440280, 0.48, 75, 500, 16, 392, 18750, 2.5
1, 20119, 263, 271, 266, 23689637, 23848458, 0.48, 75, 500, 16, 404, 18750, 2.5
1, 19441, 239, 240, 247, 22916940, 23026773, 0.48, 75, 500, 16, 408, 18750, 2.5
0, 26250, 248, 303, 278, 27431596, 27020358, 0.48, 75, 500, 16, 530, 18750, 2.5
0, 26250, 256, 327, 306, 27465188, 26675826, 0.48, 75, 500, 16, 579, 18750, 2.5
1, 19602, 273, 275, 277, 22952651, 23158280, 0.48, 75, 500, 16, 405, 18750, 2.5
1, 20175, 275, 285, 285, 22860645, 23021671, 0.48, 75, 500, 16, 441, 18750, 2.5
0, 26250, 262, 331, 311, 27434413, 27128745, 0.48, 75, 500, 16, 548, 18750, 2.5
0, 26250, 255, 314, 315, 27211556, 26953837, 0.48, 75, 500, 16, 550, 18750, 2.5
1, 19008, 256, 258, 261, 23085536, 23092302, 0.48, 75, 500, 16, 424, 18750, 2.5
0, 26250, 263, 327, 310, 26920789, 26588802, 0.48, 75, 500, 16, 562, 18750, 2.5
0, 26250, 258, 316, 314, 27369371, 27127787, 0.48, 75, 500, 16, 556, 18750, 2.5
0, 26250, 221, 273, 280, 26535307, 26256508, 0.48, 75, 500, 16, 553, 18750, 2.5
1, 20812, 221, 241, 234, 24046041, 24221733, 0.48, 75, 500, 16, 465, 18750, 2.5
1, 19931, 257, 259, 262, 23110527, 23205414, 0.48, 75, 500, 16, 411, 18750, 2.5
0, 26250, 272, 316, 319, 27719896, 27151026, 0.48, 75, 500, 16, 615, 18750, 2.5
1, 19119, 260, 262, 263, 23428785, 23510730, 0.48, 75, 500, 16, 426, 18750, 2.5
1, 19381, 250, 251, 254, 22519524, 22700866, 0.48, 75, 500, 16, 442, 18750, 2.5
0, 26250, 276, 345, 329, 28068195, 27679181, 0.48, 75, 500, 16, 571, 18750, 2.5
0, 26250, 246, 310, 282, 27138334, 26769300, 0.48, 75, 500, 16, 544, 18750, 2.5
1, 19731, 253, 255, 258, 22910862, 23158138, 0.48, 75, 500, 16, 432, 18750, 2.5
0, 26250, 257, 323, 308, 27314999, 26739677, 0.48, 75, 500, 16, 592, 18750, 2.5
1, 20119, 255, 260, 265, 23989758, 24175158, 0.48, 75, 500, 16, 430, 18750, 2.5
0, 19719, 261, 262, 262, 23299585, 22358751, 0.48, 75, 500, 16, 397, 18750, 2.5
1, 19833, 207, 208, 210, 23271546, 23543650, 0.48, 75, 500, 16, 439, 18750, 2.5
0, 26250, 266, 318, 302, 27579326, 27187812, 0.48, 75, 500, 16, 560, 18750, 2.5
1, 19093, 259, 260, 262, 22405092, 22522879, 0.48, 75, 500, 16, 386, 18750, 2.5
1, 19349, 258, 259, 261, 23019978, 23055180, 0.48, 75, 500, 16, 406, 18750, 2.5
0, 26250, 242, 322, 284, 27237306, 26547940, 0.48, 75, 500, 16, 529, 18750, 2.5
0, 25990, 274, 341, 317, 27263112, 26464783, 0.48, 75, 500, 16, 614, 18750, 2.5
1, 22045, 260, 285, 282, 24157048, 24352918, 0.48, 75, 500, 16, 454, 18750, 2.5
1, 20356, 250, 256, 263, 22503653, 22687812, 0.48, 75, 500, 16, 435, 18750, 2.5
1, 19355, 227, 231, 231, 22967361, 23082606, 0.48, 75, 500, 16, 405, 18750, 2.5
1, 19660, 229, 230, 234, 23296017, 23319796, 0.48, 75, 500, 16, 396, 18750, 2.5
1, 19417, 265, 269, 270, 22876868, 23015671, 0.48, 75, 500, 16, 429, 18750, 2.5
1, 21402, 254, 268, 277, 24010266, 24089082, 0.48, 75, 500, 16, 458, 18750, 2.5
1, 19169, 251, 252, 254, 22735396, 22735823, 0.48, 75, 500, 16, 392, 18750, 2.5
0, 26250, 263, 319, 327, 27076837, 26787975, 0.48, 75, 500, 16, 543, 18750, 2.5
1, 19222, 260, 262, 264, 23148154, 23253721, 0.48, 75, 500, 16, 437, 18750, 2.5
0, 26250, 246, 302, 299, 27586717, 27283370, 0.48, 75, 500, 16, 565, 18750, 2.5
1, 19893, 240, 243, 249, 24147578, 24256557, 0.48, 75, 500, 16, 420, 18750, 2.5
0, 26250, 281, 333, 335, 27253431, 26781385, 0.48, 75, 500, 16, 570, 18750, 2.5
0, 26250, 251, 322, 293, 27579444, 27245699, 0.48, 75, 500, 16, 509, 18750, 2.5
1, 21157, 241, 256, 256, 24804595, 24824167, 0.48, 75, 500, 16, 421, 18750, 2.5
0, 26250, 226, 281, 275, 27342114, 26763753, 0.48, 75, 500, 16, 650, 18750, 2.5
1, 19061, 219, 220, 222, 23435748, 23485621, 0.48, 75, 500, 16, 398, 18750, 2.5
1, 19829, 268, 270, 277, 23903266, 24033994, 0.48, 75, 500, 16, 431, 18750, 2.5
0, 26250, 262, 316, 314, 27286689, 27176415, 0.48, 75, 500, 16, 559, 18750, 2.5
1, 19420, 247, 248, 252, 24175433, 24253676, 0.48, 75, 500, 16, 416, 18750, 2.5
1, 19288, 265, 269, 273, 22843220, 22944832, 0.48, 75, 500, 16, 397, 18750, 2.5
0, 26250, 225, 265, 276, 27263196, 26931764, 0.48, 75, 500, 16, 524, 18750, 2.5
1, 19886, 259, 264, 264, 23930428, 24113581, 0.48, 75, 500, 16, 400, 18750, 2.5
1, 19317, 269, 271, 274, 22312095, 22326454, 0.48, 75, 500, 16, 431, 18750, 2.5
1, 18922, 249, 250, 254, 23091743, 23144316, 0.48, 75, 500, 16, 418, 18750, 2.5
0, 26250, 244, 302, 298, 26649676, 26090719, 0.48, 75, 500, 16, 552, 18750, 2.5
1, 19449, 263, 265, 267, 23278726, 23414891, 0.48, 75, 500, 16, 412, 18750, 2.5
1, 19407, 244, 247, 248, 22832438, 23020413, 0.48, 75, 500, 16, 384, 18750, 2.5
1, 19483, 248, 249, 251, 15931587, 15974463, 0.48, 75, 500, 11, 212, 18750, 2.5
0, 26250, 262, 315, 306, 27670325, 27394620, 0.48, 75, 500, 16, 581, 18750, 2.5
1, 19278, 229, 233, 236, 22784690, 22987636, 0.48, 75, 500, 16, 413, 18750, 2.5
1, 19198, 232, 236, 235, 22048839, 22096983, 0.48, 75, 500, 16, 362, 18750, 2.5
1, 20525, 262, 275, 276, 24524666, 24620678, 0.48, 75, 500, 16, 423, 18750, 2.5
1, 23211, 268, 299, 294, 25340010, 25361041, 0.48, 75, 500, 16, 493, 18750, 2.5
1, 19261, 259, 261, 262, 23642122, 23670512, 0.48, 75, 500, 16, 389, 18750, 2.5
1, 19230, 270, 274, 274, 22997042, 23150006, 0.48, 75, 500, 16, 401, 18750, 2.5
1, 19462, 239, 243, 247, 15816010, 15885694, 0.48, 75, 500, 11, 208, 18750, 2.5
1, 20179, 271, 280, 285, 23617597, 23692676, 0.48, 75, 500, 16, 447, 18750, 2.5
1, 19799, 277, 284, 280, 16324137, 16344115, 0.48, 75, 500, 11, 224, 18750, 2.5
1, 19589, 255, 257, 263, 23475920, 23749263, 0.48, 75, 500, 16, 452, 18750, 2.5
1, 23542, 246, 277, 268, 25158519, 25390302, 0.48, 75, 500, 16, 502, 18750, 2.5
0, 26250, 241, 293, 300, 26850068, 26326878, 0.48, 75, 500, 16, 543, 18750, 2.5
1, 19115, 241, 242, 243, 16014751, 16068860, 0.48, 75, 500, 11, 229, 18750, 2.5
0, 26250, 262, 313, 298, 19511354, 19070640, 0.48, 75, 500, 11, 307, 18750, 2.5
1, 19781, 238, 242, 245, 16267475, 16333948, 0.48, 75, 500, 11, 233, 18750, 2.5
0, 26250, 255, 322, 301, 27336770, 26673084, 0.48, 75, 500, 16, 539, 18750, 2.5
1, 19287, 250, 255, 255, 15469317, 15614619, 0.48, 75, 500, 11, 219, 18750, 2.5
1, 19164, 217, 218, 220, 15432086, 15503840, 0.48, 75, 500, 11, 225, 18750, 2.5
1, 19289, 253, 257, 256, 15588487, 15644023, 0.48, 75, 500, 11, 215, 18750, 2.5
0, 24933, 236, 279, 289, 18641463, 18035953, 0.48, 75, 500, 11, 281, 18750, 2.5
1, 19897, 224, 231, 235, 15690866, 15854694, 0.48, 75, 500, 11, 236, 18750, 2.5
0, 26250, 278, 327, 314, 18910277, 18638061, 0.48, 75, 500, 11, 324, 18750, 2.5
0, 26250, 272, 320, 324, 18348115, 18086444, 0.48, 75, 500, 11, 314, 18750, 2.5
1, 19084, 260, 262, 267, 15825553, 15881801, 0.48, 75, 500, 11, 224, 18750, 2.5
1, 19822, 250, 256, 261, 15325613, 15369734, 0.48, 75, 500, 11, 232, 18750, 2.5
1, 19348, 242, 243, 248, 15437886, 15481244, 0.48, 75, 500, 11, 232, 18750, 2.5
1, 19860, 268, 273, 277, 15642843, 15802104, 0.48, 75, 500, 11, 224, 18750, 2.5
1, 18935, 263, 266, 267, 15696313, 15745245, 0.48, 75, 500, 11, 217, 18750, 2.5
1, 23552, 252, 277, 292, 17073719, 17136940, 0.48, 75, 500, 11, 269, 18750, 2.5
1, 19321, 233, 236, 237, 16025421, 16041690, 0.48, 75, 500, 11, 234, 18750, 2.5
0, 24586, 216, 258, 259, 18521410, 18185488, 0.48, 75, 500, 11, 278, 18750, 2.5
1, 19419, 263, 267, 268, 15995943, 15997163, 0.48, 75, 500, 11, 232, 18750, 2.5
1, 19483, 235, 236, 243, 15543572, 15738825, 0.48, 75, 500, 11, 230, 18750, 2.5
1, 22385, 287, 305, 314, 17371235, 17436637, 0.48, 75, 500, 11, 261, 18750, 2.5
1, 22310, 256, 279, 275, 17449293, 17487104, 0.48, 75, 500, 11, 261, 18750, 2.5
1, 19275, 219, 223, 222, 15913869, 15950691, 0.48, 75, 500, 11, 237, 18750, 2.5
1, 19432, 268, 270, 271, 16368677, 16391530, 0.48, 75, 500, 11, 240, 18750, 2.5
1, 19269, 256, 259, 260, 15819270, 15927489, 0.48, 75, 500, 11, 225, 18750, 2.5
1, 19604, 224, 228, 229, 15761854, 15852717, 0.48, 75, 500, 11, 241, 18750, 2.5
1, 19294, 252, 258, 257, 15317201, 15355428, 0.48, 75, 500, 11, 252, 18750, 2.5
0, 26250, 263, 320, 316, 18150659, 17960568, 0.48, 75, 500, 11, 313, 18750, 2.5
1, 20703, 269, 289, 289, 16438074, 16464506, 0.48, 75, 500, 11, 276, 18750, 2.5
1, 20149, 244, 247, 253, 16193789, 16404562, 0.48, 75, 500, 11, 259, 18750, 2.5
1, 20435, 256, 268, 267, 16704026, 16777108, 0.48, 75, 500, 11, 236, 18750, 2.5
1, 19374, 257, 258, 265, 15304144, 15405648, 0.48, 75, 500, 11, 227, 18750, 2.5
1, 19214, 250, 251, 256, 16236490, 16317416, 0.48, 75, 500, 11, 219, 18750, 2.5
0, 26250, 226, 290, 276, 18778727, 18072279, 0.48, 75, 500, 11, 321, 18750, 2.5
0, 26250, 261, 301, 323, 18549210, 18331301, 0.48, 75, 500, 11, 311, 18750, 2.5
0, 26250, 253, 306, 316, 19090582, 18861570, 0.48, 75, 500, 11, 312, 18750, 2.5
1, 21311, 243, 262, 268, 16865461, 16895211, 0.48, 75, 500, 11, 255, 18750, 2.5
0, 26250, 258, 318, 312, 19393166, 18966170, 0.48, 75, 500, 11, 302, 18750, 2.5
1, 20011, 267, 270, 280, 15432431, 15802094, 0.48, 75, 500, 11, 235, 18750, 2.5
0, 26250, 232, 289, 285, 18045573, 18006891, 0.48, 75, 500, 11, 330, 18750, 2.5
1, 19533, 232, 234, 240, 15839523, 15945397, 0.48, 75, 500, 11, 217, 18750, 2.5
0, 23977, 248, 277, 292, 18206717, 17788689, 0.48, 75, 500, 11, 296, 18750, 2.5
1, 19453, 262, 263, 265, 15894345, 15937798, 0.48, 75, 500, 11, 235, 18750, 2.5
1, 23336, 239, 279, 275, 17928884, 17944720, 0.48, 75, 500, 11, 286, 18750, 2.5
0, 26250, 227, 271, 246, 18565412, 18551198, 0.48, 75, 500, 11, 308, 18750, 2.5
1, 19309, 240, 243, 244, 15786107, 15844958, 0.48, 75, 500, 11, 224, 18750, 2.5
0, 26250, 252, 299, 314, 18963977, 18433377, 0.48, 75, 500, 11, 328, 18750, 2.5
0, 26250, 239, 288, 283, 18312393, 18242040, 0.48, 75, 500, 11, 321, 18750, 2.5
1, 19804, 243, 248, 250, 16143079, 16227375, 0.48, 75, 500, 11, 225, 18750, 2.5
1, 20598, 245, 250, 258, 16612701, 16683789, 0.48, 75, 500, 11, 245, 18750, 2.5
1, 19125, 254, 255, 257, 15221960, 15272983, 0.48, 75, 500, 11, 232, 18750, 2.5
0, 24777, 253, 289, 306, 18528956, 17922002, 0.48, 75, 500, 11, 303, 18750, 2.5
1, 19702, 254, 257, 259, 16191863, 16376298, 0.48, 75, 500, 11, 240, 18750, 2.5
1, 19096, 241, 244, 244, 16206507, 16278426, 0.48, 75, 500, 11, 227, 18750, 2.5
0, 26250, 228, 261, 296, 18162481, 17852881, 0.48, 75, 500, 11, 321, 18750, 2.5
1, 19332, 256, 259, 263, 15550159, 15606357, 0.48, 75, 500, 11, 234, 18750, 2.5
0, 26250, 234, 282, 301, 18662500, 18258920, 0.48, 75, 500, 11, 329, 18750, 2.5
0, 26250, 215, 286, 269, 18717971, 18540068, 0.48, 75, 500, 11, 329, 18750, 2.5
1, 19765, 263, 265, 272, 15316494, 15549832, 0.48, 75, 500, 11, 239, 18750, 2.5
1, 20485, 262, 281, 275, 16479432, 16506841, 0.48, 75, 500, 11, 254, 18750, 2.5
0, 26250, 242, 294, 295, 19017047, 18969203, 0.48, 75, 500, 11, 323, 18750, 2.5
1, 19245, 237, 240, 243, 15396914, 15414843, 0.48, 75, 500, 11, 237, 18750, 2.5
0, 24441, 241, 297, 269, 17989912, 17453257, 0.48, 75, 500, 11, 304, 18750, 2.5
1, 19018, 268, 271, 270, 16030513, 16045153, 0.48, 75, 500, 11, 235, 18750, 2.5
1, 20574, 232, 242, 242, 16327295, 16360221, 0.48, 75, 500, 11, 264, 18750, 2.5
0, 26250, 262, 307, 321, 18221535, 17761975, 0.48, 75, 500, 11, 342, 18750, 2.5
1, 19993, 237, 239, 241, 16409122, 16557001, 0.48, 75, 500, 11, 258, 18750, 2.5
1, 19640, 231, 233, 237, 15573446, 15670095, 0.48, 75, 500, 11, 253, 18750, 2.5
0, 25606, 242, 299, 281, 17789368, 17149131, 0.48, 75, 500, 11, 331, 18750, 2.5
0, 23586, 232, 263, 271, 17929315, 17467442, 0.48, 75, 500, 11, 311, 18750, 2.5
1, 19361, 265, 271, 271, 15907041, 15935485, 0.48, 75, 500, 11, 255, 18750, 2.5
0, 26250, 265, 326, 314, 19014143, 18790813, 0.48, 75, 500, 11, 337, 18750, 2.5
1, 19341, 244, 247, 248, 15511792, 15625785, 0.48, 75, 500, 11, 249, 18750, 2.5
1, 19242, 257, 260, 260, 16550881, 16638564, 0.48, 75, 500, 11, 252, 18750, 2.5
1, 19347, 263, 268, 270, 15785283, 15812854, 0.48, 75, 500, 11, 251, 18750, 2.5
1, 19000, 257, 258, 259, 16106022, 16109502, 0.48, 75, 500, 11, 242, 18750, 2.5
1, 19636, 246, 250, 253, 15656954, 15704713, 0.48, 75, 500, 11, 251, 18750, 2.5
0, 26250, 281, 327, 327, 18086148, 17876895, 0.48, 75, 500, 11, 357, 18750, 2.5
1, 19156, 261, 264, 264, 16119023, 16133339, 0.48, 75, 500, 11, 251, 18750, 2.5
1, 19104, 260, 261, 262, 15893259, 15976874, 0.48, 75, 500, 11, 242, 18750, 2.5
1, 23477, 269, 303, 303, 17519770, 17566938, 0.48, 75, 500, 11, 307, 18750, 2.5
1, 20926, 231, 243, 246, 16148683, 16287348, 0.48, 75, 500, 11, 275, 18750, 2.5
0, 26250, 251, 289, 318, 18687542, 18545536, 0.48, 75, 500, 11, 348, 18750, 2.5
1, 19374, 250, 251, 255, 16087846, 16132867, 0.48, 75, 500, 11, 258, 18750, 2.5
1, 19029, 251, 254, 255, 15287897, 15326324, 0.48, 75, 500, 11, 245, 18750, 2.5
1, 19045, 230, 231, 234, 15827372, 15841494, 0.48, 75, 500, 11, 247, 18750, 2.5
0, 26250, 225, 267, 286, 18522276, 18147665, 0.48, 75, 500, 11, 346, 18750, 2.5
1, 19379, 213, 215, 218, 16058450, 16111069, 0.48, 75, 500, 11, 255, 18750, 2.5
0, 26250, 256, 306, 295, 19282378, 19257697, 0.48, 75, 500, 11, 345, 18750, 2.5
1, 23832, 266, 299, 299, 17798233, 17841463, 0.48, 75, 500, 11, 304, 18750, 2.5
0, 26250, 248, 299, 296, 18816044, 18425591, 0.48, 75, 500, 11, 348, 18750, 2.5
1, 19220, 223, 227, 225, 11420436, 11492812, 0.48, 75, 500, 8, 145, 18750, 2.5
1, 18864, 244, 247, 246, 16155562, 16201364, 0.48, 75, 500, 11, 240, 18750, 2.5
1, 19727, 224, 230, 229, 11523111, 11644222, 0.48, 75, 500, 8, 146, 18750, 2.5
1, 19392, 264, 267, 268, 16619911, 16702145, 0.48, 75, 500, 11, 245, 18750, 2.5
1, 19544, 236, 237, 240, 11585729, 11696540, 0.48, 75, 500, 8, 148, 18750, 2.5
1, 19340, 251, 252, 256, 15924798, 15989482, 0.48, 75, 500, 11, 244, 18750, 2.5
1, 20136, 261, 275, 266, 11679334, 11726550, 0.48, 75, 500, 8, 151, 18750, 2.5
1, 19076, 260, 261, 263, 15766109, 15834896, 0.48, 75, 500, 11, 246, 18750, 2.5
0, 22742, 260, 285, 278, 12984822, 12709711, 0.48, 75, 500, 8, 181, 18750, 2.5
1, 19097, 233, 235, 235, 15346380, 15357450, 0.48, 75, 500, 11, 243, 18750, 2.5
1, 19430, 259, 260, 262, 11725171, 11745928, 0.48, 75, 500, 8, 153, 18750, 2.5
1, 19390, 255, 257, 257, 11857773, 11890731, 0.48, 75, 500, 8, 147, 18750, 2.5
1, 19807, 254, 259, 260, 11752496, 11776468, 0.48, 75, 500, 8, 153, 18750, 2.5
1, 19641, 251, 256, 257, 11430962, 11482493, 0.48, 75, 500, 8, 149, 18750, 2.5
1, 20775, 252, 268, 269, 11928807, 11932664, 0.48, 75, 500, 8, 162, 18750, 2.5
0, 26250, 264, 314, 316, 18862538, 18802182, 0.48, 75, 500, 11, 333, 18750, 2.5
1, 19053, 267, 268, 271, 11525582, 11564479, 0.48, 75, 500, 8, 156, 18750, 2.5
1, 19301, 252, 254, 255, 11884253, 11999555, 0.48, 75, 500, 8, 150, 18750, 2.5
1, 21019, 254, 267, 271, 11788916, 11801458, 0.48, 75, 500, 8, 168, 18750, 2.5
0, 26250, 242, 278, 290, 13885232, 13646798, 0.48, 75, 500, 8, 205, 18750, 2.5
1, 23370, 272, 305, 303, 12828215, 12861972, 0.48, 75, 500, 8, 189, 18750, 2.5
1, 23076, 259, 288, 285, 12503886, 12566014, 0.48, 75, 500, 8, 183, 18750, 2.5
1, 19244, 241, 244, 245, 11533388, 11555912, 0.48, 75, 500, 8, 154, 18750, 2.5
0, 25144, 241, 291, 283, 13409376, 12952693, 0.48, 75, 500, 8, 202, 18750, 2.5
1, 19934, 255, 257, 260, 12243935, 12265938, 0.48, 75, 500, 8, 159, 18750, 2.5
1, 19606, 253, 258, 261, 11287514, 11397873, 0.48, 75, 500, 8, 155, 18750, 2.5
0, 26250, 251, 321, 297, 14044405, 13664481, 0.48, 75, 500, 8, 220, 18750, 2.5
0, 26250, 251, 314, 288, 13782283, 13579284, 0.48, 75, 500, 8, 217, 18750, 2.5
1, 19235, 286, 289, 289, 11448878, 11502906, 0.48, 75, 500, 8, 158, 18750, 2.5
1, 19198, 240, 244, 243, 12045860, 12079099, 0.48, 75, 500, 8, 156, 18750, 2.5
1, 19060, 243, 245, 248, 11273066, 11295263, 0.48, 75, 500, 8, 162, 18750, 2.5
1, 19490, 256, 257, 262, 11733013, 11761814, 0.48, 75, 500, 8, 158, 18750, 2.5
1, 20629, 236, 246, 251, 11985212, 12112724, 0.48, 75, 500, 8, 163, 18750, 2.5
1, 19534, 240, 244, 243, 11158649, 11185463, 0.48, 75, 500, 8, 151, 18750, 2.5
1, 19338, 240, 244, 245, 11256491, 11312256, 0.48, 75, 500, 8, 149, 18750, 2.5
0, 26250, 244, 289, 300, 13597284, 13516989, 0.48, 75, 500, 8, 206, 18750, 2.5
1, 19484, 275, 281, 277, 11269131, 11320971, 0.48, 75, 500, 8, 156, 18750, 2.5
1, 19244, 246, 250, 249, 11298095, 11316262, 0.48, 75, 500, 8, 153, 18750, 2.5
1, 19794, 244, 247, 249, 11316463, 11455044, 0.48, 75, 500, 8, 157, 18750, 2.5
0, 24192, 246, 286, 278, 13322155, 12825443, 0.48, 75, 500, 8, 189, 18750, 2.5
1, 22258, 278, 297, 299, 12172180, 12197721, 0.48, 75, 500, 8, 173, 18750, 2.5
0, 26250, 242, 303, 288, 13744290, 13610650, 0.48, 75, 500, 8, 206, 18750, 2.5
1, 20271, 256, 257, 264, 12024704, 12109347, 0.48, 75, 500, 8, 153, 18750, 2.5
0, 20155, 266, 281, 274, 11482207, 11229649, 0.48, 75, 500, 8, 153, 18750, 2.5
0, 23613, 258, 306, 274, 12844681, 12388666, 0.48, 75, 500, 8, 183, 18750, 2.5
0, 26250, 245, 306, 292, 14042698, 13863071, 0.48, 75, 500, 8, 208, 18750, 2.5
1, 19216, 241, 246, 246, 11673274, 11709566, 0.48, 75, 500, 8, 150, 18750, 2.5
1, 20577, 254, 262, 268, 11646019, 11696707, 0.48, 75, 500, 8, 161, 18750, 2.5
1, 19280, 254, 255, 261, 11324413, 11377186, 0.48, 75, 500, 8, 147, 18750, 2.5
1, 19963, 248, 256, 251, 11311050, 11332404, 0.48, 75, 500, 8, 154, 18750, 2.5
0, 26250, 248, 312, 293, 13490987, 12989136, 0.48, 75, 500, 8, 198, 18750, 2.5
1, 19271, 242, 247, 248, 11793535, 11816405, 0.48, 75, 500, 8, 147, 18750, 2.5
1, 19978, 266, 275, 275, 12038822, 12063116, 0.48, 75, 500, 8, 150, 18750, 2.5
1, 19323, 250, 252, 254, 11993259, 12033600, 0.48, 75, 500, 8, 141, 18750, 2.5
0, 20857, 257, 272, 265, 12109815, 11901989, 0.48, 75, 500, 8, 157, 18750, 2.5
0, 26250, 265, 329, 313, 14021885, 13881617, 0.48, 75, 500, 8, 196, 18750, 2.5
0, 21441, 240, 267, 250, 12172441, 11893202, 0.48, 75, 500, 8, 167, 18750, 2.5
1, 21943, 238, 258, 253, 12320408, 12467757, 0.48, 75, 500, 8, 178, 18750, 2.5
1, 19162, 242, 244, 245, 11181923, 11203830, 0.48, 75, 500, 8, 133, 18750, 2.5
1, 19614, 255, 257, 260, 11652597, 11745775, 0.48, 75, 500, 8, 135, 18750, 2.5
1, 19423, 251, 256, 255, 11616076, 11680277, 0.48, 75, 500, 8, 136, 18750, 2.5
1, 19023, 267, 268, 269, 11489752, 11494732, 0.48, 75, 500, 8, 134, 18750, 2.5
1, 19201, 243, 245, 246, 11382861, 11391537, 0.48, 75, 500, 8, 136, 18750, 2.5
0, 26250, 262, 321, 324, 13130413, 13015865, 0.48, 75, 500, 8, 199, 18750, 2.5
1, 18994, 242, 243, 244, 11397768, 11446585, 0.48, 75, 500, 8, 126, 18750, 2.5
1, 19259, 218, 221, 222, 10811124, 10836011, 0.48, 75, 500, 8, 136, 18750, 2.5
1, 19373, 270, 277, 275, 12223457, 12304650, 0.48, 75, 500, 8, 132, 18750, 2.5
1, 18945, 258, 259, 260, 11617559, 11628175, 0.48, 75, 500, 8, 134, 18750, 2.5
1, 19304, 262, 265, 266, 11128454, 11154485, 0.48, 75, 500, 8, 122, 18750, 2.5
0, 26250, 260, 316, 298, 13479020, 13281189, 0.48, 75, 500, 8, 195, 18750, 2.5
1, 19747, 280, 284, 286, 11377655, 11417654, 0.48, 75, 500, 8, 135, 18750, 2.5
1, 19206, 247, 250, 250, 11569537, 11582815, 0.48, 75, 500, 8, 140, 18750, 2.5
0, 26250, 234, 285, 283, 13347309, 13294525, 0.48, 75, 500, 8, 191, 18750, 2.5
1, 19358, 253, 254, 258, 11272058, 11314833, 0.48, 75, 500, 8, 142, 18750, 2.5
0, 26250, 253, 319, 305, 13480026, 13399365, 0.48, 75, 500, 8, 193, 18750, 2.5
0, 21431, 267, 280, 286, 12261136, 11920060, 0.48, 75, 500, 8, 162, 18750, 2.5
1, 19255, 239, 243, 242, 11560410, 11666544, 0.48, 75, 500, 8, 150, 18750, 2.5
1, 19648, 261, 264, 268, 12147260, 12223425, 0.48, 75, 500, 8, 145, 18750, 2.5
1, 19293, 236, 239, 240, 11108011, 11191086, 0.48, 75, 500, 8, 138, 18750, 2.5
1, 20434, 250, 262, 257, 11995153, 12003029, 0.48, 75, 500, 8, 140, 18750, 2.5
1, 19294, 258, 261, 261, 11832472, 11891542, 0.48, 75, 500, 8, 144, 18750, 2.5
1, 19099, 258, 259, 260, 11775006, 11816937, 0.48, 75, 500, 8, 133, 18750, 2.5
0, 26250, 242, 307, 307, 13297020, 13092905, 0.48, 75, 500, 8, 200, 18750, 2.5
0, 23267, 252, 285, 279, 12280987, 11828891, 0.48, 75, 500, 8, 180, 18750, 2.5
1, 20640, 278, 290, 286, 11822980, 11878871, 0.48, 75, 500, 8, 139, 18750, 2.5
0, 24593, 248, 297, 282, 12999804, 12472834, 0.48, 75, 500, 8, 186, 18750, 2.5
0, 22630, 262, 298, 271, 13043968, 12519644, 0.48, 75, 500, 8, 153, 18750, 2.5
1, 20090, 262, 268, 272, 12394788, 12462135, 0.48, 75, 500, 8, 132, 18750, 2.5
1, 19251, 258, 260, 261, 11335838, 11349581, 0.48, 75, 500, 8, 137, 18750, 2.5
1, 19828, 287, 295, 293, 11960006, 11963364, 0.48, 75, 500, 8, 130, 18750, 2.5
1, 18977, 249, 250, 251, 11420015, 11422403, 0.48, 75, 500, 8, 147, 18750, 2.5
1, 19993, 268, 275, 274, 12130381, 12226516, 0.48, 75, 500, 8, 129, 18750, 2.5
1, 19362, 253, 255, 257, 11315610, 11347646, 0.48, 75, 500, 8, 128, 18750, 2.5
1, 19209, 238, 239, 242, 11646032, 11665987, 0.48, 75, 500, 8, 135, 18750, 2.5
1, 19039, 268, 269, 271, 11290559, 11342058, 0.48, 75, 500, 8, 125, 18750, 2.5
0, 26250, 268, 309, 314, 13382236, 13180477, 0.48, 75, 500, 8, 178, 18750, 2.5
0, 25700, 245, 300, 278, 13503162, 13036773, 0.48, 75, 500, 8, 197, 18750, 2.5
1, 22041, 235, 254, 257, 11995144, 12025710, 0.48, 75, 500, 8, 153, 18750, 2.5
1, 19165, 258, 263, 264, 11156387, 11187442, 0.48, 75, 500, 8, 140, 18750, 2.5
1, 19347, 225, 230, 232, 11440341, 11490298, 0.48, 75, 500, 8, 140, 18750, 2.5
1, 19683, 256, 263, 264, 11575484, 11613218, 0.48, 75, 500, 8, 145, 18750, 2.5
1, 19523, 243, 246, 247, 10120930, 10211264, 0.48, 75, 500, 7, 104, 18750, 2.5
1, 20429, 254, 263, 269, 12072576, 12131030, 0.48, 75, 500, 8, 149, 18750, 2.5
1, 19318, 211, 212, 215, 11193065, 11228665, 0.48, 75, 500, 8, 130, 18750, 2.5
1, 18822, 226, 227, 229, 10039945, 10050615, 0.48, 75, 500, 7, 97, 18750, 2.5
0, 20841, 253, 271, 258, 10510210, 10164996, 0.48, 75, 500, 7, 117, 18750, 2.5
0, 26250, 235, 289, 295, 13811707, 13629644, 0.48, 75, 500, 8, 186, 18750, 2.5
1, 19133, 245, 246, 248, 11210905, 11238524, 0.48, 75, 500, 8, 137, 18750, 2.5
1, 19333, 263, 264, 269, 9475961, 9529442, 0.48, 75, 500, 7, 116, 18750, 2.5
1, 19254, 239, 240, 245, 10477598, 10517122, 0.48, 75, 500, 7, 109, 18750, 2.5
1, 19136, 263, 264, 268, 9995145, 10014560, 0.48, 75, 500, 7, 120, 18750, 2.5
0, 26250, 250, 313, 304, 13763542, 13549915, 0.48, 75, 500, 8, 202, 18750, 2.5
0, 26250, 242, 290, 293, 12436070, 12145862, 0.48, 75, 500, 7, 140, 18750, 2.5
1, 19289, 248, 249, 251, 10338861, 10400659, 0.48, 75, 500, 7, 116, 18750, 2.5
1, 19222, 271, 272, 275, 9992862, 10057545, 0.48, 75, 500, 7, 111, 18750, 2.5
1, 19161, 226, 227, 229, 9665459, 9714775, 0.48, 75, 500, 7, 110, 18750, 2.5
0, 26250, 224, 291, 273, 11656733, 11606915, 0.48, 75, 500, 7, 162, 18750, 2.5
1, 18924, 241, 243, 243, 9623486, 9631256, 0.48, 75, 500, 7, 108, 18750, 2.5
1, 19533, 236, 241, 241, 10108214, 10191572, 0.48, 75, 500, 7, 118, 18750, 2.5
1, 19107, 252, 253, 254, 10497298, 10540232, 0.48, 75, 500, 7, 110, 18750, 2.5
0, 26250, 267, 311, 328, 12179873, 12032003, 0.48, 75, 500, 7, 142, 18750, 2.5
1, 19329, 252, 256, 258, 9906514, 9973367, 0.48, 75, 500, 7, 116, 18750, 2.5
1, 19356, 253, 257, 256, 9851531, 9871215, 0.48, 75, 500, 7, 107, 18750, 2.5
0, 26250, 267, 329, 311, 12301891, 12030076, 0.48, 75, 500, 7, 161, 18750, 2.5
1, 22226, 241, 263, 272, 11007574, 11063316, 0.48, 75, 500, 7, 127, 18750, 2.5
0, 26250, 246, 299, 302, 12029566, 11686874, 0.48, 75, 500, 7, 162, 18750, 2.5
1, 19045, 259, 260, 262, 10138814, 10163170, 0.48, 75, 500, 7, 125, 18750, 2.5
0, 24595, 250, 299, 280, 11435694, 10851120, 0.48, 75, 500, 7, 144, 18750, 2.5
0, 26250, 246, 287, 286, 12122369, 12073771, 0.48, 75, 500, 7, 169, 18750, 2.5
1, 19685, 260, 263, 269, 10749704, 10853457, 0.48, 75, 500, 7, 122, 18750, 2.5
1, 19704, 255, 258, 259, 10279781, 10355719, 0.48, 75, 500, 7, 122, 18750, 2.5
1, 19544, 227, 228, 233, 10443978, 10481387, 0.48, 75, 500, 7, 107, 18750, 2.5
1, 23929, 264, 303, 301, 11342901, 11363304, 0.48, 75, 500, 7, 146, 18750, 2.5
1, 19276, 256, 262, 260, 10070779, 10125547, 0.48, 75, 500, 7, 110, 18750, 2.5
1, 19755, 260, 265, 265, 10166713, 10241115, 0.48, 75, 500, 7, 111, 18750, 2.5
1, 18959, 236, 237, 238, 10562583, 10568228, 0.48, 75, 500, 7, 125, 18750, 2.5
0, 26250, 274, 321, 329, 12184437, 12069781, 0.48, 75, 500, 7, 174, 18750, 2.5
1, 19039, 268, 269, 273, 9302782, 9329676, 0.48, 75, 500, 7, 109, 18750, 2.5
1, 19176, 258, 260, 262, 10194180, 10218004, 0.48, 75, 500, 7, 120, 18750, 2.5
1, 19850, 262, 264, 268, 10100945, 10177186, 0.48, 75, 500, 7, 116, 18750, 2.5
1, 19087, 283, 285, 286, 9993301, 10024094, 0.48, 75, 500, 7, 106, 18750, 2.5
0, 20708, 248, 259, 253, 10440415, 10127693, 0.48, 75, 500, 7, 125, 18750, 2.5
1, 23197, 249, 282, 277, 10730915, 10817787, 0.48, 75, 500, 7, 143, 18750, 2.5
1, 20308, 266, 276, 273, 10227831, 10300161, 0.48, 75, 500, 7, 118, 18750, 2.5
0, 26250, 238, 300, 290, 11997158, 11711765, 0.48, 75, 500, 7, 160, 18750, 2.5
1, 19681, 258, 263, 263, 10074404, 10100454, 0.48, 75, 500, 7, 110, 18750, 2.5
1, 19504, 249, 251, 256, 10226527, 10325342, 0.48, 75, 500, 7, 119, 18750, 2.5
1, 19324, 246, 248, 250, 9774701, 9844612, 0.48, 75, 500, 7, 113, 18750, 2.5
1, 20180, 245, 249, 254, 10147563, 10160768, 0.48, 75, 500, 7, 121, 18750, 2.5
1, 19612, 251, 252, 256, 9684682, 9783741, 0.48, 75, 500, 7, 121, 18750, 2.5
0, 26250, 261, 339, 312, 12159370, 11829188, 0.48, 75, 500, 7, 161, 18750, 2.5
0, 21624, 260, 278, 276, 10848114, 10612544, 0.48, 75, 500, 7, 132, 18750, 2.5
0, 26250, 264, 324, 309, 11914449, 11622316, 0.48, 75, 500, 7, 165, 18750, 2.5
1, 19884, 272, 274, 275, 10834803, 10857114, 0.48, 75, 500, 7, 123, 18750, 2.5
1, 20112, 261, 267, 268, 9862156, 9989077, 0.48, 75, 500, 7, 130, 18750, 2.5
0, 26250, 246, 309, 305, 11642670, 11283563, 0.48, 75, 500, 7, 168, 18750, 2.5
0, 19921, 253, 261, 260, 10741166, 10521404, 0.48, 75, 500, 7, 132, 18750, 2.5
1, 19024, 237, 238, 240, 9616176, 9639653, 0.48, 75, 500, 7, 110, 18750, 2.5
0, 24462, 259, 301, 288, 11802854, 11478698, 0.48, 75, 500, 7, 150, 18750, 2.5
1, 19342, 254, 257, 258, 9779621, 9815474, 0.48, 75, 500, 7, 117, 18750, 2.5
1, 19225, 263, 265, 267, 9883143, 9932582, 0.48, 75, 500, 7, 119, 18750, 2.5
1, 25260, 271, 324, 314, 11469204, 11531143, 0.48, 75, 500, 7, 153, 18750, 2.5
1, 19020, 263, 265, 265, 9756202, 9810242, 0.48, 75, 500, 7, 108, 18750, 2.5
1, 19338, 273, 274, 276, 9884495, 9960038, 0.48, 75, 500, 7, 114, 18750, 2.5
1, 19285, 250, 255, 254, 10010177, 10104471, 0.48, 75, 500, 7, 114, 18750, 2.5
0, 23621, 246, 290, 272, 10958960, 10555616, 0.48, 75, 500, 7, 152, 18750, 2.5
0, 25347, 248, 297, 287, 11816922, 11462733, 0.48, 75, 500, 7, 173, 18750, 2.5
0, 26250, 267, 319, 318, 12131579, 12145859, 0.48, 75, 500, 7, 151, 18750, 2.5
0, 26250, 240, 291, 282, 11896225, 11876480, 0.48, 75, 500, 7, 161, 18750, 2.5
1, 18980, 240, 242, 243, 9496518, 9532948, 0.48, 75, 500, 7, 116, 18750, 2.5
0, 26250, 242, 307, 287, 12309848, 12096706, 0.48, 75, 500, 7, 163, 18750, 2.5
0, 24433, 252, 289, 298, 11762473, 11407743, 0.48, 75, 500, 7, 159, 18750, 2.5
1, 19045, 260, 263, 262, 10242932, 10290318, 0.48, 75, 500, 7, 108, 18750, 2.5
0, 26250, 244, 308, 301, 12002960, 11746708, 0.48, 75, 500, 7, 162, 18750, 2.5
1, 20294, 240, 247, 255, 10438537, 10505353, 0.48, 75, 500, 7, 117, 18750, 2.5
0, 26250, 256, 311, 306, 11549823, 11491572, 0.48, 75, 500, 7, 164, 18750, 2.5
0, 26250, 225, 265, 285, 12175998, 12008031, 0.48, 75, 500, 7, 163, 18750, 2.5
1, 20321, 273, 284, 277, 10618102, 10697821, 0.48, 75, 500, 7, 134, 18750, 2.5
1, 19176, 258, 259, 260, 10369477, 10372347, 0.48, 75, 500, 7, 107, 18750, 2.5
0, 22647, 250, 268, 274, 10547360, 10234085, 0.48, 75, 500, 7, 133, 18750, 2.5
0, 25398, 262, 315, 309, 11633242, 11284205, 0.48, 75, 500, 7, 160, 18750, 2.5
1, 20434, 246, 254, 256, 10879928, 10914008, 0.48, 75, 500, 7, 132, 18750, 2.5
1, 19469, 248, 251, 254, 10058481, 10111884, 0.48, 75, 500, 7, 125, 18750, 2.5
1, 19135, 250, 251, 253, 9725760, 9745267, 0.48, 75, 500, 7, 112, 18750, 2.5
1, 20110, 247, 250, 253, 10665724, 10784648, 0.48, 75, 500, 7, 123, 18750, 2.5
1, 21990, 276, 293, 298, 10797149, 10848580, 0.48, 75, 500, 7, 138, 18750, 2.5
1, 19838, 240, 246, 248, 10083507, 10169657, 0.48, 75, 500, 7, 115, 18750, 2.5
1, 21163, 260, 274, 276, 10563722, 10635505, 0.48, 75, 500, 7, 134, 18750, 2.5
0, 26250, 236, 288, 286, 12038733, 11766315, 0.48, 75, 500, 7, 154, 18750, 2.5
1, 19356, 257, 259, 262, 10067003, 10115305, 0.48, 75, 500, 7, 119, 18750, 2.5
1, 19977, 286, 294, 296, 10272180, 10286397, 0.48, 75, 500, 7, 125, 18750, 2.5
1, 18845, 259, 260, 261, 9408476, 9410255, 0.48, 75, 500, 7, 103, 18750, 2.5
0, 22303, 242, 284, 259, 10626697, 10315006, 0.48, 75, 500, 7, 146, 18750, 2.5
0, 23653, 223, 260, 256, 11770263, 11337441, 0.48, 75, 500, 7, 139, 18750, 2.5
0, 25030, 262, 306, 295, 11984833, 11682276, 0.48, 75, 500, 7, 148, 18750, 2.5
1, 18854, 269, 271, 271, 9518046, 9540203, 0.48, 75, 500, 7, 108, 18750, 2.5
0, 26250, 250, 309, 295, 12034200, 11867765, 0.48, 75, 500, 7, 166, 18750, 2.5
1, 19628, 262, 265, 269, 9886979, 9954928, 0.48, 75, 500, 7, 116, 18750, 2.5
0, 26250, 244, 297, 301, 12707867, 12463163, 0.48, 75, 500, 7, 158, 18750, 2.5
1, 20508, 231, 240, 245, 9756193, 9859961, 0.48, 75, 500, 7, 127, 18750, 2.5
1, 19198, 253, 255, 258, 10370418, 10381495, 0.48, 75, 500, 7, 117, 18750, 2.5
1, 19329, 266, 267, 270, 10438430, 10443721, 0.48, 75, 500, 7, 113, 18750, 2.5
1, 20947, 268, 280, 276, 10856438, 10861675, 0.48, 75, 500, 7, 111, 18750, 2.5
1, 19270, 250, 255, 254, 10120957, 10159025, 0.48, 75, 500, 7, 111, 18750, 2.5
1, 20252, 265, 275, 272, 9185670, 9232067, 0.48, 75, 500, 6, 96, 18750, 2.5
1, 24342, 265, 305, 308, 11083167, 11151466, 0.48, 75, 500, 7, 145, 18750, 2.5
1, 18995, 238, 239, 245, 9383024, 9401899, 0.48, 75, 500, 7, 126, 18750, 2.5
1, 19434, 249, 251, 253, 8564425, 8621452, 0.48, 75, 500, 6, 102, 18750, 2.5
0, 26250, 241, 279, 286, 10514690, 10251376, 0.48, 75, 500, 6, 135, 18750, 2.5
1, 19494, 231, 235, 235, 8754710, 8781730, 0.48, 75, 500, 6, 84, 18750, 2.5
1, 19243, 234, 236, 238, 8431601, 8445008, 0.48, 75, 500, 6, 96, 18750, 2.5
0, 25291, 241, 296, 264, 10692672, 10108760, 0.48, 75, 500, 6, 120, 18750, 2.5
0, 26250, 221, 280, 274, 10202253, 10022219, 0.48, 75, 500, 6, 114, 18750, 2.5
0, 26250, 269, 342, 311, 10301581, 10108350, 0.48, 75, 500, 6, 114, 18750, 2.5
0, 23586, 263, 299, 288, 9463694, 9070366, 0.48, 75, 500, 6, 114, 18750, 2.5
1, 20036, 241, 245, 250, 8663362, 8690769, 0.48, 75, 500, 6, 101, 18750, 2.5
1, 19495, 273, 276, 281, 8255416, 8272142, 0.48, 75, 500, 6, 95, 18750, 2.5
1, 19836, 247, 250, 256, 9095310, 9111976, 0.48, 75, 500, 6, 89, 18750, 2.5
0, 26250, 250, 297, 318, 10039507, 9753458, 0.48, 75, 500, 6, 114, 18750, 2.5
1, 19258, 282, 286, 284, 8841130, 8878341, 0.48, 75, 500, 6, 89, 18750, 2.5
0, 26250, 246, 286, 317, 10554359, 10448251, 0.48, 75, 500, 6, 122, 18750, 2.5
0, 26250, 261, 309, 317, 10282906, 10132326, 0.48, 75, 500, 6, 130, 18750, 2.5
1, 19517, 250, 253, 256, 8666275, 8713127, 0.48, 75, 500, 6, 88, 18750, 2.5
0, 20049, 253, 260, 261, 8644861, 8486860, 0.48, 75, 500, 6, 106, 18750, 2.5
1, 19070, 277, 278, 279, 8055090, 8063228, 0.48, 75, 500, 6, 98, 18750, 2.5
1, 19180, 246, 250, 250, 8448567, 8485076, 0.48, 75, 500, 6, 82, 18750, 2.5
1, 18971, 227, 228, 229, 8644064, 8675205, 0.48, 75, 500, 6, 87, 18750, 2.5
1, 19995, 265, 274, 271, 8628741, 8639082, 0.48, 75, 500, 6, 91, 18750, 2.5
0, 26250, 248, 297, 320, 10129332, 10013793, 0.48, 75, 500, 6, 133, 18750, 2.5
1, 19546, 261, 266, 264, 8485144, 8515249, 0.48, 75, 500, 6, 98, 18750, 2.5
1, 18949, 226, 227, 228, 8441298, 8441994, 0.48, 75, 500, 6, 81, 18750, 2.5
0, 26250, 281, 329, 340, 10482868, 10303806, 0.48, 75, 500, 6, 128, 18750, 2.5
1, 18809, 242, 243, 244, 8510042, 8514136, 0.48, 75, 500, 6, 94, 18750, 2.5
1, 19099, 252, 253, 254, 8443223, 8460405, 0.48, 75, 500, 6, 87, 18750, 2.5
1, 19322, 240, 242, 246, 8558251, 8641834, 0.48, 75, 500, 6, 88, 18750, 2.5
0, 21254, 223, 237, 227, 9239894, 9018950, 0.48, 75, 500, 6, 101, 18750, 2.5
1, 20596, 243, 252, 256, 9017273, 9036363, 0.48, 75, 500, 6, 114, 18750, 2.5
1, 19226, 281, 283, 284, 8759666, 8799517, 0.48, 75, 500, 6, 94, 18750, 2.5
1, 19938, 257, 258, 266, 8847274, 8894869, 0.48, 75, 500, 6, 96, 18750, 2.5
1, 19406, 210, 211, 220, 8617873, 8647646, 0.48, 75, 500, 6, 96, 18750, 2.5
1, 19572, 273, 275, 279, 8440967, 8448680, 0.48, 75, 500, 6, 96, 18750, 2.5
1, 21063, 243, 257, 258, 9044337, 9056338, 0.48, 75, 500, 6, 106, 18750, 2.5
0, 26250, 257, 326, 308, 9987597, 9804308, 0.48, 75, 500, 6, 131, 18750, 2.5
1, 19565, 238, 242, 243, 8374990, 8411662, 0.48, 75, 500, 6, 88, 18750, 2.5
1, 19483, 262, 267, 268, 8557034, 8576782, 0.48, 75, 500, 6, 87, 18750, 2.5
0, 24704, 248, 307, 289, 9777060, 9315529, 0.48, 75, 500, 6, 116, 18750, 2.5
1, 19230, 240, 242, 242, 8563738, 8589229, 0.48, 75, 500, 6, 93, 18750, 2.5
1, 20610, 267, 272, 272, 9269463, 9285366, 0.48, 75, 500, 6, 95, 18750, 2.5
1, 19519, 244, 252, 252, 8622883, 8655723, 0.48, 75, 500, 6, 98, 18750, 2.5
1, 20049, 272, 278, 283, 8660814, 8777752, 0.48, 75, 500, 6, 99, 18750, 2.5
1, 20591, 241, 250, 256, 8763750, 8783942, 0.48, 75, 500, 6, 103, 18750, 2.5
1, 19446, 235, 237, 237, 8448164, 8468928, 0.48, 75, 500, 6, 89, 18750, 2.5
0, 26250, 275, 337, 307, 10273098, 10119137, 0.48, 75, 500, 6, 118, 18750, 2.5
1, 19322, 248, 251, 252, 8831199, 8855088, 0.48, 75, 500, 6, 95, 18750, 2.5
0, 24500, 244, 286, 280, 9753188, 9502875, 0.48, 75, 500, 6, 113, 18750, 2.5
1, 20532, 282, 296, 290, 8796383, 8850674, 0.48, 75, 500, 6, 96, 18750, 2.5
1, 20503, 263, 272, 274, 8776070, 8828373, 0.48, 75, 500, 6, 87, 18750, 2.5
1, 19619, 255, 257, 261, 8582373, 8697444, 0.48, 75, 500, 6, 94, 18750, 2.5
0, 21922, 262, 277, 280, 9464871, 9240141, 0.48, 75, 500, 6, 101, 18750, 2.5
1, 19078, 247, 248, 251, 8860260, 8881565, 0.48, 75, 500, 6, 83, 18750, 2.5
1, 20483, 249, 260, 261, 8799729, 8829714, 0.48, 75, 500, 6, 115, 18750, 2.5
1, 19256, 219, 220, 228, 8463426, 8510993, 0.48, 75, 500, 6, 89, 18750, 2.5
1, 18919, 252, 254, 254, 8620690, 8631396, 0.48, 75, 500, 6, 98, 18750, 2.5
1, 19066, 268, 269, 270, 8324166, 8375354, 0.48, 75, 500, 6, 96, 18750, 2.5
1, 20441, 229, 243, 239, 9597880, 9606222, 0.48, 75, 500, 6, 99, 18750, 2.5
1, 19000, 249, 250, 252, 8531083, 8579256, 0.48, 75, 500, 6, 80, 18750, 2.5
1, 19543, 261, 269, 268, 8514449, 8535909, 0.48, 75, 500, 6, 88, 18750, 2.5
1, 20061, 255, 256, 262, 8495755, 8520377, 0.48, 75, 500, 6, 98, 18750, 2.5
0, 23764, 246, 295, 275, 9980791, 9668750, 0.48, 75, 500, 6, 111, 18750, 2.5
1, 19724, 248, 252, 256, 8182682, 8271907, 0.48, 75, 500, 6, 91, 18750, 2.5
1, 20533, 242, 255, 252, 8769467, 8830759, 0.48, 75, 500, 6, 99, 18750, 2.5
1, 19395, 246, 248, 251, 9089556, 9157585, 0.48, 75, 500, 6, 83, 18750, 2.5
1, 19133, 257, 259, 262, 8858486, 8889830, 0.48, 75, 500, 6, 87, 18750, 2.5
0, 26250, 248, 316, 282, 9920172, 9734521, 0.48, 75, 500, 6, 114, 18750, 2.5
1, 20232, 254, 264, 264, 8855524, 8955111, 0.48, 75, 500, 6, 95, 18750, 2.5
0, 26250, 262, 321, 316, 10242617, 10038259, 0.48, 75, 500, 6, 134, 18750, 2.5
1, 19235, 241, 246, 246, 8646418, 8678449, 0.48, 75, 500, 6, 98, 18750, 2.5
0, 24106, 245, 280, 284, 9751486, 9537279, 0.48, 75, 500, 6, 115, 18750, 2.5
1, 19983, 253, 257, 256, 9130804, 9187013, 0.48, 75, 500, 6, 99, 18750, 2.5
1, 20956, 229, 240, 246, 8915621, 8982058, 0.48, 75, 500, 6, 99, 18750, 2.5
1, 19140, 238, 241, 241, 8309715, 8338352, 0.48, 75, 500, 6, 96, 18750, 2.5
1, 20091, 241, 251, 252, 8890369, 8924925, 0.48, 75, 500, 6, 95, 18750, 2.5
0, 26250, 261, 296, 301, 10219113, 9941029, 0.48, 75, 500, 6, 130, 18750, 2.5
0, 26250, 262, 309, 309, 10101700, 9931901, 0.48, 75, 500, 6, 130, 18750, 2.5
1, 19367, 251, 253, 255, 8276430, 8320089, 0.48, 75, 500, 6, 96, 18750, 2.5
1, 20051, 235, 244, 242, 9193744, 9247993, 0.48, 75, 500, 6, 97, 18750, 2.5
1, 19146, 230, 231, 235, 8779227, 8875537, 0.48, 75, 500, 6, 93, 18750, 2.5
1, 18913, 268, 269, 270, 8453305, 8462050, 0.48, 75, 500, 6, 79, 18750, 2.5
1, 19308, 250, 252, 256, 8877387, 8917156, 0.48, 75, 500, 6, 96, 18750, 2.5
1, 19302, 270, 272, 275, 8531187, 8545440, 0.48, 75, 500, 6, 100, 18750, 2.5
1, 19397, 230, 237, 239, 8615160, 8637337, 0.48, 75, 500, 6, 89, 18750, 2.5
0, 26074, 254, 315, 306, 10300038, 9965216, 0.48, 75, 500, 6, 141, 18750, 2.5
1, 22317, 236, 265, 259, 9412658, 9430944, 0.48, 75, 500, 6, 96, 18750, 2.5
0, 26250, 245, 307, 290, 10509898, 10293014, 0.48, 75, 500, 6, 113, 18750, 2.5
0, 26250, 245, 310, 303, 10181981, 9987795, 0.48, 75, 500, 6, 132, 18750, 2.5
1, 21677, 260, 282, 285, 8717108, 8782074, 0.48, 75, 500, 6, 107, 18750, 2.5
1, 19969, 267, 277, 272, 8773692, 8844972, 0.48, 75, 500, 6, 95, 18750, 2.5
1, 19011, 261, 262, 263, 8384692, 8390577, 0.48, 75, 500, 6, 92, 18750, 2.5
1, 22441, 275, 298, 298, 9108896, 9143511, 0.48, 75, 500, 6, 106, 18750, 2.5
1, 19314, 262, 265, 268, 8305710, 8316410, 0.48, 75, 500, 6, 104, 18750, 2.5
1, 18949, 249, 250, 252, 8420798, 8461170, 0.48, 75, 500, 6, 89, 18750, 2.5
1, 20420, 259, 266, 269, 6929449, 6946563, 0.48, 75, 500, 5, 72, 18750, 2.5
0, 26250, 265, 325, 321, 10634142, 10361880, 0.48, 75, 500, 6, 118, 18750, 2.5
1, 18986, 227, 228, 231, 7424482, 7438241, 0.48, 75, 500, 5, 72, 18750, 2.5
1, 19798, 255, 259, 260, 8311911, 8355136, 0.48, 75, 500, 6, 101, 18750, 2.5
1, 19613, 211, 217, 218, 7236554, 7249714, 0.48, 75, 500, 5, 68, 18750, 2.5
1, 19127, 277, 279, 280, 6963080, 6972413, 0.48, 75, 500, 5, 63, 18750, 2.5
0, 20063, 245, 252, 255, 7536442, 7354000, 0.48, 75, 500, 5, 76, 18750, 2.5
0, 26250, 237, 286, 284, 10423712, 10188465, 0.48, 75, 500, 6, 130, 18750, 2.5
1, 19058, 246, 248, 248, 7095660, 7116490, 0.48, 75, 500, 5, 73, 18750, 2.5
0, 26250, 249, 304, 309, 10135211, 10016719, 0.48, 75, 500, 6, 123, 18750, 2.5
1, 19299, 253, 256, 256, 7210510, 7232606, 0.48, 75, 500, 5, 73, 18750, 2.5
0, 26250, 226, 281, 280, 8738399, 8575916, 0.48, 75, 500, 5, 96, 18750, 2.5
0, 26250, 260, 315, 305, 9865125, 9745369, 0.48, 75, 500, 6, 128, 18750, 2.5
1, 20892, 259, 269, 274, 7422020, 7451710, 0.48, 75, 500, 5, 75, 18750, 2.5
0, 20377, 243, 256, 252, 7451158, 7286502, 0.48, 75, 500, 5, 73, 18750, 2.5
1, 18857, 258, 259, 260, 7136339, 7143268, 0.48, 75, 500, 5, 69, 18750, 2.5
1, 20309, 254, 264, 266, 7229719, 7285187, 0.48, 75, 500, 5, 77, 18750, 2.5
1, 18935, 245, 247, 247, 6790176, 6814228, 0.48, 75, 500, 5, 71, 18750, 2.5
1, 19354, 256, 257, 260, 6705710, 6780110, 0.48, 75, 500, 5, 78, 18750, 2.5
0, 21172, 267, 285, 277, 7510480, 7269140, 0.48, 75, 500, 5, 72, 18750, 2.5
1, 19115, 236, 240, 238, 6873655, 6905936, 0.48, 75, 500, 5, 64, 18750, 2.5
1, 19736, 275, 277, 283, 7021046, 7091433, 0.48, 75, 500, 5, 75, 18750, 2.5
0, 21565, 211, 237, 223, 7688229, 7370429, 0.48, 75, 500, 5, 87, 18750, 2.5
1, 19662, 222, 224, 228, 7191987, 7212129, 0.48, 75, 500, 5, 72, 18750, 2.5
1, 18920, 258, 259, 260, 6975975, 6985347, 0.48, 75, 500, 5, 73, 18750, 2.5
0, 22406, 233, 252, 249, 7619428, 7377770, 0.48, 75, 500, 5, 89, 18750, 2.5
1, 19273, 246, 249, 249, 7484477, 7498612, 0.48, 75, 500, 5, 68, 18750, 2.5
0, 25321, 267, 319, 299, 8454078, 8088609, 0.48, 75, 500, 5, 97, 18750, 2.5
1, 19088, 281, 282, 283, 7231341, 7246208, 0.48, 75, 500, 5, 69, 18750, 2.5
1, 19128, 254, 256, 258, 7026310, 7054071, 0.48, 75, 500, 5, 68, 18750, 2.5
0, 26250, 248, 306, 325, 8552107, 8302670, 0.48, 75, 500, 5, 106, 18750, 2.5
1, 19223, 232, 236, 236, 7282628, 7309083, 0.48, 75, 500, 5, 63, 18750, 2.5
1, 19982, 256, 260, 262, 7365796, 7386826, 0.48, 75, 500, 5, 80, 18750, 2.5
0, 26250, 249, 313, 306, 8340224, 8168706, 0.48, 75, 500, 5, 102, 18750, 2.5
1, 19027, 246, 247, 250, 6922746, 6964070, 0.48, 75, 500, 5, 64, 18750, 2.5
0, 26250, 250, 298, 289, 8788376, 8748999, 0.48, 75, 500, 5, 98, 18750, 2.5
0, 26250, 263, 321, 322, 8180995, 8087562, 0.48, 75, 500, 5, 96, 18750, 2.5
1, 21101, 259, 277, 278, 7558483, 7602493, 0.48, 75, 500, 5, 84, 18750, 2.5
1, 19353, 248, 250, 251, 7241467, 7291999, 0.48, 75, 500, 5, 69, 18750, 2.5
1, 20172, 268, 270, 276, 7329888, 7367340, 0.48, 75, 500, 5, 74, 18750, 2.5
0, 24926, 256, 309, 295, 8540031, 8194215, 0.48, 75, 500, 5, 91, 18750, 2.5
1, 19135, 253, 255, 257, 6839923, 6858532, 0.48, 75, 500, 5, 64, 18750, 2.5
0, 20059, 264, 270, 272, 7175425, 7058862, 0.48, 75, 500, 5, 68, 18750, 2.5
0, 26250, 248, 284, 292, 8821116, 8632787, 0.48, 75, 500, 5, 108, 18750, 2.5
0, 26250, 272, 322, 324, 8789018, 8703212, 0.48, 75, 500, 5, 94, 18750, 2.5
1, 19247, 260, 261, 264, 7514302, 7573631, 0.48, 75, 500, 5, 69, 18750, 2.5
0, 26250, 263, 304, 304, 8505366, 8387901, 0.48, 75, 500, 5, 96, 18750, 2.5
1, 19246, 251, 253, 254, 7260037, 7293512, 0.48, 75, 500, 5, 74, 18750, 2.5
1, 20291, 246, 255, 252, 7190079, 7226845, 0.48, 75, 500, 5, 71, 18750, 2.5
1, 19726, 269, 275, 277, 7258452, 7289850, 0.48, 75, 500, 5, 84, 18750, 2.5
1, 18970, 248, 249, 251, 6750047, 6762415, 0.48, 75, 500, 5, 74, 18750, 2.5
0, 19310, 261, 262, 262, 7303508, 6960691, 0.48, 75, 500, 5, 67, 18750, 2.5
0, 26250, 265, 308, 316, 8743820, 8581852, 0.48, 75, 500, 5, 106, 18750, 2.5
1, 19387, 251, 255, 256, 7124296, 7141445, 0.48, 75, 500, 5, 67, 18750, 2.5
1, 18964, 247, 248, 250, 7188628, 7208572, 0.48, 75, 500, 5, 75, 18750, 2.5
1, 19417, 249, 252, 253, 6878908, 6921918, 0.48, 75, 500, 5, 68, 18750, 2.5
0, 21036, 280, 296, 301, 7577461, 7431843, 0.48, 75, 500, 5, 76, 18750, 2.5
1, 19803, 240, 245, 244, 7498267, 7511281, 0.48, 75, 500, 5, 71, 18750, 2.5
1, 19188, 257, 262, 261, 7476743, 7484847, 0.48, 75, 500, 5, 67, 18750, 2.5
1, 20985, 238, 261, 250, 7909878, 7951574, 0.48, 75, 500, 5, 86, 18750, 2.5
1, 19028, 239, 241, 247, 7410460, 7436496, 0.48, 75, 500, 5, 72, 18750, 2.5
1, 18871, 255, 256, 257, 7131240, 7141405, 0.48, 75, 500, 5, 68, 18750, 2.5
1, 19749, 236, 244, 242, 7198891, 7262743, 0.48, 75, 500, 5, 75, 18750, 2.5
1, 20271, 231, 239, 241, 7474267, 7479555, 0.48, 75, 500, 5, 67, 18750, 2.5
1, 19880, 272, 274, 279, 7713285, 7757650, 0.48, 75, 500, 5, 67, 18750, 2.5
1, 19068, 247, 250, 251, 7329008, 7365983, 0.48, 75, 500, 5, 75, 18750, 2.5
1, 19377, 248, 252, 255, 7212618, 7279012, 0.48, 75, 500, 5, 61, 18750, 2.5
1, 19602, 241, 244, 250, 7445422, 7504025, 0.48, 75, 500, 5, 76, 18750, 2.5
1, 19468, 243, 248, 249, 7564874, 7591940, 0.48, 75, 500, 5, 72, 18750, 2.5
1, 19357, 242, 246, 247, 7390622, 7409317, 0.48, 75, 500, 5, 74, 18750, 2.5
1, 19192, 251, 252, 254, 6871320, 6889254, 0.48, 75, 500, 5, 63, 18750, 2.5
1, 19619, 265, 268, 269, 6963168, 6998675, 0.48, 75, 500, 5, 65, 18750, 2.5
1, 19181, 270, 272, 272, 7577297, 7638571, 0.48, 75, 500, 5, 79, 18750, 2.5
0, 23567, 252, 282, 281, 8102418, 7795734, 0.48, 75, 500, 5, 97, 18750, 2.5
1, 19521, 242, 247, 245, 6974184, 7005128, 0.48, 75, 500, 5, 67, 18750, 2.5
1, 19553, 274, 280, 279, 7455480, 7502299, 0.48, 75, 500, 5, 66, 18750, 2.5
0, 26250, 257, 317, 304, 8710330, 8443611, 0.48, 75, 500, 5, 92, 18750, 2.5
1, 19762, 219, 223, 224, 6930455, 6953961, 0.48, 75, 500, 5, 79, 18750, 2.5
1, 19885, 261, 264, 268, 6986308, 7074629, 0.48, 75, 500, 5, 81, 18750, 2.5
0, 25965, 263, 325, 311, 8485165, 8205108, 0.48, 75, 500, 5, 88, 18750, 2.5
1, 19605, 244, 249, 252, 7047388, 7055491, 0.48, 75, 500, 5, 64, 18750, 2.5
0, 21913, 236, 260, 259, 7500543, 7317620, 0.48, 75, 500, 5, 71, 18750, 2.5
0, 22253, 260, 287, 274, 7779846, 7549484, 0.48, 75, 500, 5, 71, 18750, 2.5
1, 19186, 260, 263, 264, 7636256, 7648290, 0.48, 75, 500, 5, 75, 18750, 2.5
1, 19858, 247, 251, 255, 7428845, 7450196, 0.48, 75, 500, 5, 76, 18750, 2.5
1, 25856, 261, 294, 311, 8759446, 8765692, 0.48, 75, 500, 5, 90, 18750, 2.5
1, 19837, 234, 241, 245, 7477443, 7491671, 0.48, 75, 500, 5, 69, 18750, 2.5
1, 19249, 213, 216, 217, 7155978, 7165995, 0.48, 75, 500, 5, 68, 18750, 2.5
1, 19658, 206, 210, 211, 6996161, 7020598, 0.48, 75, 500, 5, 70, 18750, 2.5
1, 19078, 237, 240, 239, 7041090, 7088537, 0.48, 75, 500, 5, 69, 18750, 2.5
0, 20164, 238, 242, 246, 7405367, 7216697, 0.48, 75, 500, 5, 83, 18750, 2.5
0, 26250, 236, 296, 302, 8221739, 8123265, 0.48, 75, 500, 5, 100, 18750, 2.5
1, 19163, 261, 264, 265, 6806842, 6819208, 0.48, 75, 500, 5, 62, 18750, 2.5
0, 26250, 236, 314, 287, 8330563, 8180264, 0.48, 75, 500, 5, 89, 18750, 2.5
1, 20249, 235, 241, 245, 7289429, 7337911, 0.48, 75, 500, 5, 72, 18750, 2.5
1, 18996, 267, 268, 270, 7219738, 7241262, 0.48, 75, 500, 5, 78, 18750, 2.5
1, 19689, 216, 222, 220, 7546866, 7559699, 0.48, 75, 500, 5, 67, 18750, 2.5
1, 20568, 269, 281, 278, 7529883, 7554707, 0.48, 75, 500, 5, 78, 18750, 2.5
1, 18929, 221, 222, 224, 5675499, 5686819, 0.48, 75, 500, 4, 47, 18750, 2.5
1, 19087, 253, 255, 256, 6957690, 6958181, 0.48, 75, 500, 5, 75, 18750, 2.5
1, 19941, 264, 269, 270, 7497508, 7554234, 0.48, 75, 500, 5, 77, 18750, 2.5
0, 26250, 247, 293, 296, 8538288, 8373905, 0.48, 75, 500, 5, 89, 18750, 2.5
1, 18913, 240, 241, 242, 5982470, 5982582, 0.48, 75, 500, 4, 52, 18750, 2.5
1, 19570, 244, 246, 250, 5837661, 5856779, 0.48, 75, 500, 4, 59, 18750, 2.5
1, 19082, 250, 253, 253, 6880644, 6900602, 0.48, 75, 500, 5, 76, 18750, 2.5
1, 19172, 233, 234, 236, 7120841, 7134834, 0.48, 75, 500, 5, 76, 18750, 2.5
0, 22269, 264, 295, 286, 6299749, 6101233, 0.48, 75, 500, 4, 71, 18750, 2.5
0, 26250, 250, 315, 307, 8614104, 8441264, 0.48, 75, 500, 5, 92, 18750, 2.5
0, 26250, 246, 309, 299, 8543572, 8327551, 0.48, 75, 500, 5, 99, 18750, 2.5
1, 21258, 241, 257, 259, 5806833, 5822925, 0.48, 75, 500, 4, 59, 18750, 2.5
1, 18991, 251, 253, 253, 5588068, 5594088, 0.48, 75, 500, 4, 48, 18750, 2.5
1, 19878, 242, 243, 247, 5601987, 5617716, 0.48, 75, 500, 4, 53, 18750, 2.5
1, 19091, 270, 271, 273, 5761664, 5787562, 0.48, 75, 500, 4, 60, 18750, 2.5
1, 19147, 239, 242, 242, 5916877, 5920613, 0.48, 75, 500, 4, 56, 18750, 2.5
1, 19008, 249, 250, 252, 5804304, 5823119, 0.48, 75, 500, 4, 55, 18750, 2.5
1, 19424, 267, 271, 273, 5891242, 5927268, 0.48, 75, 500, 4, 51, 18750, 2.5
1, 21617, 272, 287, 294, 6044095, 6059163, 0.48, 75, 500, 4, 57, 18750, 2.5
0, 23458, 239, 280, 275, 6637773, 6419745, 0.48, 75, 500, 4, 60, 18750, 2.5
0, 26250, 243, 302, 279, 6940310, 6789057, 0.48, 75, 500, 4, 79, 18750, 2.5
1, 20077, 235, 237, 241, 6040838, 6058142, 0.48, 75, 500, 4, 55, 18750, 2.5
0, 26250, 201, 250, 253, 6629766, 6634715, 0.48, 75, 500, 4, 71, 18750, 2.5
0, 26250, 240, 298, 282, 6356245, 6100880, 0.48, 75, 500, 4, 72, 18750, 2.5
1, 19075, 233, 234, 235, 5486718, 5493200, 0.48, 75, 500, 4, 50, 18750, 2.5
1, 18988, 218, 219, 221, 5578307, 5601457, 0.48, 75, 500, 4, 54, 18750, 2.5
0, 26250, 278, 346, 340, 6528740, 6531870, 0.48, 75, 500, 4, 74, 18750, 2.5
1, 19602, 234, 237, 244, 5484551, 5491901, 0.48, 75, 500, 4, 51, 18750, 2.5
1, 19256, 209, 213, 214, 5344565, 5345030, 0.48, 75, 500, 4, 57, 18750, 2.5
0, 19391, 274, 277, 275, 5640429, 5513317, 0.48, 75, 500, 4, 50, 18750, 2.5
1, 19261, 243, 244, 245, 5516184, 5529889, 0.48, 75, 500, 4, 56, 18750, 2.5
1, 20295, 254, 261, 259, 5931014, 6013120, 0.48, 75, 500, 4, 58, 18750, 2.5
1, 21086, 281, 296, 292, 6303551, 6310465, 0.48, 75, 500, 4, 68, 18750, 2.5
1, 19114, 242, 246, 246, 5727488, 5759523, 0.48, 75, 500, 4, 57, 18750, 2.5
1, 21517, 222, 240, 233, 6422836, 6435485, 0.48, 75, 500, 4, 57, 18750, 2.5
1, 19712, 232, 236, 240, 5960258, 5978896, 0.48, 75, 500, 4, 49, 18750, 2.5
1, 19864, 256, 261, 262, 5842388, 5873017, 0.48, 75, 500, 4, 51, 18750, 2.5
1, 20194, 263, 268, 270, 6032118, 6102996, 0.48, 75, 500, 4, 55, 18750, 2.5
0, 26250, 245, 314, 310, 6681673, 6643459, 0.48, 75, 500, 4, 74, 18750, 2.5
1, 19207, 254, 256, 260, 5807321, 5819805, 0.48, 75, 500, 4, 48, 18750, 2.5
0, 23660, 262, 293, 296, 6613456, 6411712, 0.48, 75, 500, 4, 70, 18750, 2.5
1, 19964, 247, 251, 257, 5749758, 5761633, 0.48, 75, 500, 4, 54, 18750, 2.5
1, 21748, 268, 286, 294, 5899773, 5922270, 0.48, 75, 500, 4, 57, 18750, 2.5
1, 19251, 251, 255, 256, 6105159, 6126593, 0.48, 75, 500, 4, 55, 18750, 2.5
1, 19190, 251, 252, 253, 5615565, 5617762, 0.48, 75, 500, 4, 57, 18750, 2.5
1, 19579, 281, 285, 287, 5803038, 5831081, 0.48, 75, 500, 4, 57, 18750, 2.5
1, 19577, 255, 256, 263, 5509468, 5558412, 0.48, 75, 500, 4, 54, 18750, 2.5
0, 26250, 246, 297, 292, 6690541, 6682965, 0.48, 75, 500, 4, 84, 18750, 2.5
1, 19328, 250, 252, 254, 5520559, 5579741, 0.48, 75, 500, 4, 53, 18750, 2.5
1, 20080, 266, 272, 271, 5450207, 5463077, 0.48, 75, 500, 4, 57, 18750, 2.5
1, 20598, 250, 269, 267, 6381113, 6402424, 0.48, 75, 500, 4, 51, 18750, 2.5
1, 19690, 265, 270, 272, 5849752, 5934208, 0.48, 75, 500, 4, 58, 18750, 2.5
0, 23186, 249, 284, 273, 6603168, 6386797, 0.48, 75, 500, 4, 61, 18750, 2.5
0, 26250, 255, 300, 305, 6936245, 6776998, 0.48, 75, 500, 4, 77, 18750, 2.5
1, 19243, 262, 264, 264, 5856035, 5896118, 0.48, 75, 500, 4, 51, 18750, 2.5
0, 20480, 250, 260, 264, 6226065, 6091620, 0.48, 75, 500, 4, 59, 18750, 2.5
0, 26250, 231, 287, 288, 6772247, 6778716, 0.48, 75, 500, 4, 76, 18750, 2.5
1, 20263, 251, 259, 259, 6182353, 6228158, 0.48, 75, 500, 4, 55, 18750, 2.5
1, 21387, 269, 285, 287, 6115351, 6145854, 0.48, 75, 500, 4, 68, 18750, 2.5
1, 18930, 249, 250, 252, 5396399, 5405464, 0.48, 75, 500, 4, 49, 18750, 2.5
1, 20574, 217, 230, 231, 6257957, 6269553, 0.48, 75, 500, 4, 57, 18750, 2.5
1, 19357, 249, 252, 253, 6105829, 6118282, 0.48, 75, 500, 4, 57, 18750, 2.5
1, 19164, 263, 266, 269, 5497221, 5530506, 0.48, 75, 500, 4, 52, 18750, 2.5
0, 21482, 251, 280, 264, 6442783, 6266824, 0.48, 75, 500, 4, 64, 18750, 2.5
0, 23579, 259, 300, 283, 6506115, 6249273, 0.48, 75, 500, 4, 70, 18750, 2.5
0, 20263, 262, 276, 269, 6069295, 5902764, 0.48, 75, 500, 4, 57, 18750, 2.5
1, 19839, 245, 250, 256, 5865741, 5903184, 0.48, 75, 500, 4, 58, 18750, 2.5
1, 19129, 233, 234, 238, 5756488, 5774388, 0.48, 75, 500, 4, 56, 18750, 2.5
1, 18805, 231, 233, 233, 5798006, 5798009, 0.48, 75, 500, 4, 53, 18750, 2.5
1, 19533, 259, 261, 265, 5877513, 5901265, 0.48, 75, 500, 4, 64, 18750, 2.5
1, 19152, 259, 260, 263, 5695874, 5744917, 0.48, 75, 500, 4, 59, 18750, 2.5
1, 19757, 274, 279, 281, 6001929, 6023179, 0.48, 75, 500, 4, 58, 18750, 2.5
1, 22876, 228, 254, 257, 6249729, 6275994, 0.48, 75, 500, 4, 65, 18750, 2.5
0, 22722, 265, 302, 282, 6760606, 6549046, 0.48, 75, 500, 4, 60, 18750, 2.5
1, 19814, 237, 239, 240, 6039422, 6065824, 0.48, 75, 500, 4, 61, 18750, 2.5
1, 19222, 222, 225, 230, 5560815, 5619352, 0.48, 75, 500, 4, 51, 18750, 2.5
1, 19098, 265, 266, 267, 5602929, 5612863, 0.48, 75, 500, 4, 56, 18750, 2.5
1, 19412, 224, 228, 228, 5636644, 5663191, 0.48, 75, 500, 4, 58, 18750, 2.5
0, 21438, 257, 274, 270, 6042266, 5881138, 0.48, 75, 500, 4, 66, 18750, 2.5
1, 19562, 244, 246, 251, 5846151, 5899136, 0.48, 75, 500, 4, 50, 18750, 2.5
1, 20508, 244, 252, 260, 6039859, 6086416, 0.48, 75, 500, 4, 58, 18750, 2.5
1, 19377, 240, 242, 243, 5883369, 5900450, 0.48, 75, 500, 4, 52, 18750, 2.5
1, 19822, 250, 255, 252, 5508444, 5583540, 0.48, 75, 500, 4, 60, 18750, 2.5
1, 19158, 262, 265, 266, 5824232, 5838352, 0.48, 75, 500, 4, 53, 18750, 2.5
0, 26250, 260, 312, 318, 7025316, 6900698, 0.48, 75, 500, 4, 80, 18750, 2.5
1, 19173, 224, 225, 228, 5741423, 5779102, 0.48, 75, 500, 4, 56, 18750, 2.5
1, 19239, 274, 279, 278, 5620170, 5628666, 0.48, 75, 500, 4, 49, 18750, 2.5
1, 20137, 256, 266, 268, 6001641, 6007950, 0.48, 75, 500, 4, 54, 18750, 2.5
1, 23797, 237, 270, 275, 6239250, 6248741, 0.48, 75, 500, 4, 77, 18750, 2.5
1, 19460, 216, 217, 218, 5667038, 5678438, 0.48, 75, 500, 4, 48, 18750, 2.5
1, 19643, 219, 224, 228, 5648649, 5720851, 0.48, 75, 500, 4, 50, 18750, 2.5
1, 19417, 258, 260, 262, 5995882, 6071971, 0.48, 75, 500, 4, 52, 18750, 2.5
1, 19113, 256, 257, 258, 5542012, 5548018, 0.48, 75, 500, 4, 56, 18750, 2.5
1, 18937, 261, 262, 263, 5688957, 5691496, 0.48, 75, 500, 4, 49, 18750, 2.5
0, 20985, 262, 281, 269, 6179273, 6014360, 0.48, 75, 500, 4, 58, 18750, 2.5
1, 19249, 269, 274, 272, 5520432, 5528932, 0.48, 75, 500, 4, 51, 18750, 2.5
1, 19584, 229, 235, 234, 6045484, 6072847, 0.48, 75, 500, 4, 65, 18750, 2.5
1, 19250, 272, 274, 278, 5797630, 5863497, 0.48, 75, 500, 4, 56, 18750, 2.5
1, 20365, 238, 244, 250, 6164182, 6181346, 0.48, 75, 500, 4, 58, 18750, 2.5
1, 20578, 211, 224, 221, 6166575, 6176318, 0.48, 75, 500, 4, 59, 18750, 2.5
1, 19094, 262, 265, 267, 5928635, 5949117, 0.48, 75, 500, 4, 53, 18750, 2.5
0, 19904, 241, 249, 245, 6357678, 6227502, 0.48, 75, 500, 4, 57, 18750, 2.5
1, 19279, 262, 264, 265, 4651825, 4659868, 0.48, 75, 500, 3, 38, 18750, 2.5
1, 18917, 239, 241, 241, 5189088, 5189089, 0.48, 75, 500, 4, 57, 18750, 2.5
1, 20260, 245, 250, 250, 5705101, 5737529, 0.48, 75, 500, 4, 53, 18750, 2.5
1, 20835, 241, 255, 258, 4187022, 4212370, 0.48, 75, 500, 3, 40, 18750, 2.5
0, 22152, 247, 271, 262, 4953529, 4739639, 0.48, 75, 500, 3, 46, 18750, 2.5
1, 19060, 248, 250, 251, 4349840, 4391024, 0.48, 75, 500, 3, 39, 18750, 2.5
0, 26250, 255, 306, 303, 7235129, 7106800, 0.48, 75, 500, 4, 78, 18750, 2.5
1, 19557, 237, 245, 244, 5582999, 5592074, 0.48, 75, 500, 4, 57, 18750, 2.5
1, 19730, 258, 263, 265, 4482840, 4520764, 0.48, 75, 500, 3, 40, 18750, 2.5
1, 19760, 262, 263, 266, 4573185, 4641018, 0.48, 75, 500, 3, 37, 18750, 2.5
0, 24445, 268, 307, 304, 6908596, 6620336, 0.48, 75, 500, 4, 72, 18750, 2.5
0, 26098, 245, 299, 279, 4891080, 4727727, 0.48, 75, 500, 3, 52, 18750, 2.5
1, 20722, 238, 246, 243, 4320868, 4351987, 0.48, 75, 500, 3, 43, 18750, 2.5
1, 19065, 256, 259, 258, 4438022, 4468783, 0.48, 75, 500, 3, 36, 18750, 2.5
1, 19391, 270, 272, 279, 4424973, 4446188, 0.48, 75, 500, 3, 36, 18750, 2.5
1, 18973, 245, 246, 249, 4077843, 4084129, 0.48, 75, 500, 3, 37, 18750, 2.5
1, 18970, 256, 257, 258, 4250724, 4264386, 0.48, 75, 500, 3, 36, 18750, 2.5
1, 19146, 254, 255, 262, 4366910, 4387443, 0.48, 75, 500, 3, 36, 18750, 2.5
0, 26250, 259, 309, 301, 4728029, 4636958, 0.48, 75, 500, 3, 58, 18750, 2.5
1, 19532, 245, 247, 252, 4294420, 4303506, 0.48, 75, 500, 3, 44, 18750, 2.5
1, 19359, 265, 268, 269, 4771890, 4782023, 0.48, 75, 500, 3, 43, 18750, 2.5
0, 21301, 263, 276, 278, 4401218, 4230738, 0.48, 75, 500, 3, 43, 18750, 2.5
1, 22612, 267, 291, 294, 4792388, 4805254, 0.48, 75, 500, 3, 48, 18750, 2.5
1, 19538, 240, 242, 248, 4693828, 4762735, 0.48, 75, 500, 3, 37, 18750, 2.5
1, 19013, 254, 255, 256, 4304080, 4320954, 0.48, 75, 500, 3, 35, 18750, 2.5
1, 19545, 270, 274, 274, 4327485, 4350843, 0.48, 75, 500, 3, 41, 18750, 2.5
0, 19587, 260, 270, 262, 4691477, 4600338, 0.48, 75, 500, 3, 38, 18750, 2.5
1, 24667, 225, 260, 269, 4804738, 4805376, 0.48, 75, 500, 3, 54, 18750, 2.5
1, 19314, 281, 282, 285, 4290682, 4302751, 0.48, 75, 500, 3, 37, 18750, 2.5
1, 24564, 258, 298, 288, 4777511, 4807424, 0.48, 75, 500, 3, 55, 18750, 2.5
1, 19063, 252, 253, 254, 4410833, 4420334, 0.48, 75, 500, 3, 37, 18750, 2.5
1, 19655, 245, 253, 252, 3904809, 3907008, 0.48, 75, 500, 3, 38, 18750, 2.5
1, 19344, 247, 251, 251, 4370010, 4393820, 0.48, 75, 500, 3, 42, 18750, 2.5
1, 19871, 247, 251, 252, 4471376, 4502675, 0.48, 75, 500, 3, 43, 18750, 2.5
1, 19274, 242, 245, 245, 4281578, 4305787, 0.48, 75, 500, 3, 36, 18750, 2.5
1, 18856, 264, 265, 266, 4276131, 4280554, 0.48, 75, 500, 3, 40, 18750, 2.5
1, 22055, 216, 230, 232, 4696562, 4701039, 0.48, 75, 500, 3, 41, 18750, 2.5
1, 20204, 251, 259, 254, 4404865, 4428202, 0.48, 75, 500, 3, 37, 18750, 2.5
1, 19368, 268, 269, 274, 4248092, 4289861, 0.48, 75, 500, 3, 36, 18750, 2.5
1, 19718, 277, 278, 279, 4577006, 4586961, 0.48, 75, 500, 3, 38, 18750, 2.5
1, 19483, 264, 266, 267, 4086415, 4114911, 0.48, 75, 500, 3, 42, 18750, 2.5
1, 19365, 235, 236, 238, 4349008, 4357730, 0.48, 75, 500, 3, 38, 18750, 2.5
1, 20127, 251, 259, 259, 4307850, 4313080, 0.48, 75, 500, 3, 39, 18750, 2.5
1, 19382, 260, 261, 264, 4188971, 4191385, 0.48, 75, 500, 3, 40, 18750, 2.5
0, 23348, 260, 290, 292, 4591635, 4407752, 0.48, 75, 500, 3, 51, 18750, 2.5
0, 26250, 251, 295, 306, 5136311, 5016719, 0.48, 75, 500, 3, 57, 18750, 2.5
0, 21251, 270, 290, 281, 4639618, 4489463, 0.48, 75, 500, 3, 46, 18750, 2.5
1, 19551, 262, 266, 266, 4339247, 4369793, 0.48, 75, 500, 3, 39, 18750, 2.5
1, 19310, 248, 250, 253, 4462980, 4475517, 0.48, 75, 500, 3, 45, 18750, 2.5
0, 20906, 236, 253, 243, 4495074, 4377157, 0.48, 75, 500, 3, 41, 18750, 2.5
1, 19199, 216, 219, 220, 4080375, 4107783, 0.48, 75, 500, 3, 39, 18750, 2.5
0, 21824, 276, 299, 297, 4442223, 4332769, 0.48, 75, 500, 3, 46, 18750, 2.5
1, 20488, 238, 256, 247, 4258143, 4282328, 0.48, 75, 500, 3, 41, 18750, 2.5
1, 19273, 270, 272, 276, 4259232, 4260202, 0.48, 75, 500, 3, 36, 18750, 2.5
1, 19247, 273, 275, 280, 4374274, 4402520, 0.48, 75, 500, 3, 37, 18750, 2.5
1, 20507, 258, 268, 269, 4284758, 4290936, 0.48, 75, 500, 3, 42, 18750, 2.5
1, 19587, 264, 270, 267, 4362965, 4446340, 0.48, 75, 500, 3, 41, 18750, 2.5
1, 19000, 263, 264, 265, 4678636, 4686523, 0.48, 75, 500, 3, 39, 18750, 2.5
1, 20342, 266, 278, 285, 4459814, 4510703, 0.48, 75, 500, 3, 47, 18750, 2.5
1, 19316, 239, 242, 243, 4206897, 4232911, 0.48, 75, 500, 3, 41, 18750, 2.5
0, 26250, 256, 308, 304, 5336598, 5251193, 0.48, 75, 500, 3, 56, 18750, 2.5
1, 19144, 234, 236, 237, 4195734, 4197728, 0.48, 75, 500, 3, 34, 18750, 2.5
1, 20663, 276, 285, 285, 4403208, 4435138, 0.48, 75, 500, 3, 41, 18750, 2.5
1, 22135, 241, 272, 262, 4633247, 4649030, 0.48, 75, 500, 3, 47, 18750, 2.5
1, 19813, 239, 242, 244, 4269812, 4296795, 0.48, 75, 500, 3, 44, 18750, 2.5
1, 19206, 227, 229, 229, 4160160, 4168580, 0.48, 75, 500, 3, 40, 18750, 2.5
1, 19645, 259, 260, 274, 4060261, 4202195, 0.48, 75, 500, 3, 39, 18750, 2.5
1, 19313, 259, 262, 262, 4052803, 4053355, 0.48, 75, 500, 3, 41, 18750, 2.5
1, 19430, 262, 263, 267, 4244678, 4257086, 0.48, 75, 500, 3, 37, 18750, 2.5
1, 19203, 224, 226, 229, 4166569, 4213129, 0.48, 75, 500, 3, 38, 18750, 2.5
1, 19618, 234, 237, 240, 4660238, 4709392, 0.48, 75, 500, 3, 41, 18750, 2.5
1, 19734, 228, 229, 236, 4240604, 4283778, 0.48, 75, 500, 3, 36, 18750, 2.5
1, 21073, 249, 263, 262, 4571192, 4619178, 0.48, 75, 500, 3, 43, 18750, 2.5
1, 19268, 228, 231, 232, 4329385, 4331511, 0.48, 75, 500, 3, 37, 18750, 2.5
1, 19945, 221, 228, 227, 4485085, 4534021, 0.48, 75, 500, 3, 38, 18750, 2.5
1, 19470, 245, 250, 253, 4442061, 4457200, 0.48, 75, 500, 3, 36, 18750, 2.5
0, 24821, 267, 309, 298, 5571494, 5324395, 0.48, 75, 500, 3, 49, 18750, 2.5
1, 19543, 268, 274, 275, 4283744, 4295648, 0.48, 75, 500, 3, 41, 18750, 2.5
1, 20023, 260, 266, 270, 4665897, 4683706, 0.48, 75, 500, 3, 44, 18750, 2.5
1, 20112, 215, 220, 222, 4119200, 4144498, 0.48, 75, 500, 3, 40, 18750, 2.5
1, 25834, 244, 292, 296, 4836876, 4854513, 0.48, 75, 500, 3, 53, 18750, 2.5
1, 19647, 264, 268, 270, 4307045, 4320995, 0.48, 75, 500, 3, 41, 18750, 2.5
1, 19147, 235, 237, 237, 4274510, 4292352, 0.48, 75, 500, 3, 37, 18750, 2.5
0, 26250, 259, 325, 313, 5198382, 5088456, 0.48, 75, 500, 3, 59, 18750, 2.5
0, 26250, 252, 300, 311, 5193531, 5151276, 0.48, 75, 500, 3, 59, 18750, 2.5
0, 26250, 257, 315, 319, 5200235, 5191794, 0.48, 75, 500, 3, 65, 18750, 2.5
1, 19645, 245, 248, 250, 4272288, 4286232, 0.48, 75, 500, 3, 38, 18750, 2.5
0, 24155, 263, 306, 299, 5140483, 4931817, 0.48, 75, 500, 3, 50, 18750, 2.5
1, 19880, 240, 246, 249, 4254671, 4257759, 0.48, 75, 500, 3, 40, 18750, 2.5
0, 20909, 263, 278, 270, 4592790, 4488057, 0.48, 75, 500, 3, 42, 18750, 2.5
0, 26250, 252, 308, 296, 4840263, 4769643, 0.48, 75, 500, 3, 60, 18750, 2.5
1, 18922, 276, 277, 279, 4261593, 4273327, 0.48, 75, 500, 3, 37, 18750, 2.5
1, 19091, 257, 258, 259, 4094625, 4097118, 0.48, 75, 500, 3, 39, 18750, 2.5
1, 19161, 243, 246, 251, 4387694, 4431589, 0.48, 75, 500, 3, 40, 18750, 2.5
1, 19809, 251, 257, 257, 4128617, 4162844, 0.48, 75, 500, 3, 38, 18750, 2.5
0, 25841, 248, 301, 287, 5200030, 5037996, 0.48, 75, 500, 3, 51, 18750, 2.5
1, 18977, 212, 214, 216, 4092738, 4108461, 0.48, 75, 500, 3, 42, 18750, 2.5
0, 21541, 246, 267, 258, 4670839, 4541122, 0.48, 75, 500, 3, 44, 18750, 2.5
1, 19317, 268, 271, 273, 4112860, 4129476, 0.48, 75, 500, 3, 45, 18750, 2.5
1, 19287, 261, 263, 266, 4382916, 4404979, 0.48, 75, 500, 3, 35, 18750, 2.5
1, 19085, 273, 277, 278, 2731286, 2738097, 0.48, 75, 500, 2, 22, 18750, 2.5
1, 19456, 257, 266, 265, 4204927, 4212804, 0.48, 75, 500, 3, 43, 18750, 2.5
0, 22085, 293, 321, 307, 4984042, 4789836, 0.48, 75, 500, 3, 44, 18750, 2.5
0, 26250, 249, 320, 293, 5185204, 5137262, 0.48, 75, 500, 3, 59, 18750, 2.5
1, 19243, 261, 266, 267, 2960338, 2971993, 0.48, 75, 500, 2, 25, 18750, 2.5
1, 19402, 265, 268, 270, 2807312, 2822420, 0.48, 75, 500, 2, 26, 18750, 2.5
1, 19113, 253, 254, 255, 2839278, 2840878, 0.48, 75, 500, 2, 25, 18750, 2.5
1, 19266, 280, 283, 283, 2912017, 2915090, 0.48, 75, 500, 2, 23, 18750, 2.5
1, 19312, 254, 256, 258, 4514971, 4527636, 0.48, 75, 500, 3, 39, 18750, 2.5
1, 20555, 271, 278, 280, 2854988, 2868348, 0.48, 75, 500, 2, 26, 18750, 2.5
1, 19558, 255, 261, 264, 4349425, 4353506, 0.48, 75, 500, 3, 41, 18750, 2.5
1, 19081, 250, 251, 252, 3010288, 3014048, 0.48, 75, 500, 2, 24, 18750, 2.5
1, 19106, 243, 245, 246, 2814187, 2819703, 0.48, 75, 500, 2, 22, 18750, 2.5
1, 19615, 248, 249, 255, 2840876, 2864669, 0.48, 75, 500, 2, 25, 18750, 2.5
1, 19126, 281, 282, 286, 2659035, 2666358, 0.48, 75, 500, 2, 25, 18750, 2.5
1, 19317, 276, 280, 281, 2671382, 2678024, 0.48, 75, 500, 2, 29, 18750, 2.5
1, 19576, 232, 239, 243, 2991498, 2997870, 0.48, 75, 500, 2, 25, 18750, 2.5
1, 19367, 268, 271, 272, 2487598, 2495162, 0.48, 75, 500, 2, 27, 18750, 2.5
1, 19273, 270, 271, 272, 2802820, 2810618, 0.48, 75, 500, 2, 25, 18750, 2.5
1, 19059, 268, 269, 272, 3040145, 3049557, 0.48, 75, 500, 2, 24, 18750, 2.5
1, 19524, 264, 267, 268, 2650116, 2673985, 0.48, 75, 500, 2, 23, 18750, 2.5
0, 24939, 270, 324, 307, 3367851, 3250987, 0.48, 75, 500, 2, 32, 18750, 2.5
0, 26250, 239, 264, 291, 3476454, 3446126, 0.48, 75, 500, 2, 35, 18750, 2.5
1, 19260, 253, 256, 257, 2736915, 2739224, 0.48, 75, 500, 2, 24, 18750, 2.5
1, 19433, 268, 271, 272, 3062676, 3072554, 0.48, 75, 500, 2, 26, 18750, 2.5
1, 18942, 233, 234, 235, 2769957, 2772560, 0.48, 75, 500, 2, 25, 18750, 2.5
0, 26250, 235, 284, 283, 3516059, 3428495, 0.48, 75, 500, 2, 37, 18750, 2.5
1, 19001, 220, 223, 225, 2697743, 2702527, 0.48, 75, 500, 2, 23, 18750, 2.5
0, 21124, 239, 261, 255, 3124080, 3009619, 0.48, 75, 500, 2, 28, 18750, 2.5
1, 19253, 259, 264, 265, 2873466, 2876425, 0.48, 75, 500, 2, 26, 18750, 2.5
1, 19285, 243, 245, 246, 2907929, 2917340, 0.48, 75, 500, 2, 26, 18750, 2.5
1, 19546, 230, 234, 234, 2752472, 2759846, 0.48, 75, 500, 2, 25, 18750, 2.5
1, 24963, 239, 282, 289, 3248670, 3251706, 0.48, 75, 500, 2, 30, 18750, 2.5
1, 19072, 253, 254, 255, 3064689, 3083507, 0.48, 75, 500, 2, 25, 18750, 2.5
0, 22499, 234, 259, 260, 3051873, 2941820, 0.48, 75, 500, 2, 30, 18750, 2.5
1, 19351, 245, 249, 249, 2962556, 2962588, 0.48, 75, 500, 2, 23, 18750, 2.5
1, 19271, 289, 293, 294, 2988590, 2991058, 0.48, 75, 500, 2, 26, 18750, 2.5
1, 19630, 267, 270, 273, 2731660, 2758675, 0.48, 75, 500, 2, 30, 18750, 2.5
1, 19377, 239, 243, 245, 2767252, 2770103, 0.48, 75, 500, 2, 26, 18750, 2.5
1, 19657, 225, 228, 228, 3338459, 3348368, 0.48, 75, 500, 2, 23, 18750, 2.5
1, 19487, 241, 243, 247, 2860407, 2888380, 0.48, 75, 500, 2, 26, 18750, 2.5
1, 19579, 271, 274, 274, 2807921, 2821073, 0.48, 75, 500, 2, 26, 18750, 2.5
1, 19207, 218, 221, 223, 2911870, 2921789, 0.48, 75, 500, 2, 22, 18750, 2.5
1, 19061, 231, 235, 235, 2919334, 2936978, 0.48, 75, 500, 2, 24, 18750, 2.5
1, 18969, 256, 258, 259, 2887916, 2894194, 0.48, 75, 500, 2, 26, 18750, 2.5
1, 19122, 262, 264, 267, 2844174, 2885488, 0.48, 75, 500, 2, 22, 18750, 2.5
1, 18954, 245, 246, 248, 3009369, 3022479, 0.48, 75, 500, 2, 22, 18750, 2.5
1, 19509, 238, 242, 243, 2915774, 2918167, 0.48, 75, 500, 2, 22, 18750, 2.5
0, 19647, 222, 231, 226, 2923085, 2846608, 0.48, 75, 500, 2, 23, 18750, 2.5
0, 26250, 264, 310, 313, 3303661, 3301543, 0.48, 75, 500, 2, 33, 18750, 2.5
1, 19452, 243, 247, 248, 2663184, 2670212, 0.48, 75, 500, 2, 24, 18750, 2.5
1, 19374, 275, 279, 280, 2821337, 2826436, 0.48, 75, 500, 2, 24, 18750, 2.5
1, 19324, 240, 243, 245, 2700203, 2710191, 0.48, 75, 500, 2, 25, 18750, 2.5
1, 19395, 250, 254, 255, 2957236, 2975001, 0.48, 75, 500, 2, 29, 18750, 2.5
1, 19265, 264, 267, 270, 2818586, 2843088, 0.48, 75, 500, 2, 27, 18750, 2.5
1, 19013, 247, 250, 249, 2937678, 2937894, 0.48, 75, 500, 2, 23, 18750, 2.5
1, 19218, 258, 259, 263, 2742086, 2760907, 0.48, 75, 500, 2, 24, 18750, 2.5
1, 20530, 250, 259, 259, 3100406, 3109541, 0.48, 75, 500, 2, 26, 18750, 2.5
1, 19135, 258, 259, 260, 2680317, 2685112, 0.48, 75, 500, 2, 23, 18750, 2.5
1, 19224, 259, 261, 262, 2802982, 2811091, 0.48, 75, 500, 2, 24, 18750, 2.5
1, 19167, 242, 243, 246, 2876605, 2894620, 0.48, 75, 500, 2, 25, 18750, 2.5
1, 19246, 258, 261, 264, 2906647, 2908607, 0.48, 75, 500, 2, 23, 18750, 2.5
1, 19343, 223, 225, 228, 2809862, 2814407, 0.48, 75, 500, 2, 23, 18750, 2.5
1, 19110, 266, 268, 271, 2978729, 2990120, 0.48, 75, 500, 2, 24, 18750, 2.5
1, 19353, 261, 263, 263, 3022116, 3022239, 0.48, 75, 500, 2, 23, 18750, 2.5
1, 19190, 234, 236, 236, 2855697, 2855764, 0.48, 75, 500, 2, 25, 18750, 2.5
1, 21280, 256, 266, 272, 2916712, 2934974, 0.48, 75, 500, 2, 27, 18750, 2.5
1, 19323, 260, 262, 265, 2937881, 2943381, 0.48, 75, 500, 2, 25, 18750, 2.5
1, 19087, 246, 247, 250, 3075305, 3102633, 0.48, 75, 500, 2, 24, 18750, 2.5
1, 19793, 268, 271, 270, 2853402, 2856709, 0.48, 75, 500, 2, 25, 18750, 2.5
1, 21962, 263, 285, 282, 3030328, 3030645, 0.48, 75, 500, 2, 28, 18750, 2.5
1, 19358, 238, 240, 241, 2780503, 2783617, 0.48, 75, 500, 2, 23, 18750, 2.5
1, 19180, 268, 270, 271, 2833786, 2837025, 0.48, 75, 500, 2, 24, 18750, 2.5
1, 25361, 254, 299, 309, 3185884, 3187600, 0.48, 75, 500, 2, 34, 18750, 2.5
0, 22418, 239, 270, 273, 3038573, 2925804, 0.48, 75, 500, 2, 29, 18750, 2.5
1, 19964, 264, 268, 267, 2716070, 2717697, 0.48, 75, 500, 2, 24, 18750, 2.5
1, 19025, 233, 235, 235, 2808367, 2808400, 0.48, 75, 500, 2, 26, 18750, 2.5
1, 18928, 253, 255, 255, 2754404, 2754408, 0.48, 75, 500, 2, 24, 18750, 2.5
1, 19221, 258, 260, 262, 2910679, 2919186, 0.48, 75, 500, 2, 22, 18750, 2.5
1, 19989, 249, 258, 259, 2778218, 2785578, 0.48, 75, 500, 2, 27, 18750, 2.5
1, 19832, 259, 268, 269, 2687164, 2699979, 0.48, 75, 500, 2, 28, 18750, 2.5
1, 19404, 251, 254, 254, 2868559, 2868754, 0.48, 75, 500, 2, 23, 18750, 2.5
1, 19709, 256, 260, 259, 2823421, 2841700, 0.48, 75, 500, 2, 23, 18750, 2.5
1, 18932, 258, 261, 262, 2920372, 2928396, 0.48, 75, 500, 2, 25, 18750, 2.5
0, 23503, 270, 316, 307, 3076403, 2955439, 0.48, 75, 500, 2, 33, 18750, 2.5
1, 19754, 248, 251, 255, 3160067, 3189845, 0.48, 75, 500, 2, 25, 18750, 2.5
1, 19305, 238, 239, 242, 2711110, 2738180, 0.48, 75, 500, 2, 24, 18750, 2.5
1, 19684, 232, 236, 238, 2971210, 2975808, 0.48, 75, 500, 2, 23, 18750, 2.5
1, 19363, 260, 263, 264, 2846731, 2849764, 0.48, 75, 500, 2, 25, 18750, 2.5
1, 19004, 260, 262, 264, 2605137, 2609589, 0.48, 75, 500, 2, 22, 18750, 2.5
1, 19159, 251, 252, 253, 2851472, 2859066, 0.48, 75, 500, 2, 27, 18750, 2.5
1, 19069, 267, 269, 270, 2744018, 2744309, 0.48, 75, 500, 2, 23, 18750, 2.5
1, 19309, 288, 291, 292, 2893680, 2900800, 0.48, 75, 500, 2, 29, 18750, 2.5
0, 26250, 248, 299, 297, 3294770, 3211048, 0.48, 75, 500, 2, 37, 18750, 2.5
1, 20054, 263, 269, 269, 2693126, 2701577, 0.48, 75, 500, 2, 27, 18750, 2.5
1, 19150, 275, 276, 277, 2890426, 2891996, 0.48, 75, 500, 2, 22, 18750, 2.5
1, 23150, 271, 298, 296, 3160962, 3199869, 0.48, 75, 500, 2, 28, 18750, 2.5
1, 19313, 253, 254, 256, 2879892, 2893213, 0.48, 75, 500, 2, 24, 18750, 2.5
1, 19090, 247, 250, 250, 2676160, 2692466, 0.48, 75, 500, 2, 24, 18750, 2.5
1, 19440, 238, 240, 243, 2950512, 2957264, 0.48, 75, 500, 2, 23, 18750, 2.5
1, 19445, 252, 255, 257, 2656661, 2671958, 0.48, 75, 500, 2, 22, 18750, 2.5
1, 19960, 262, 265, 272, 1456370, 1495919, 0.48, 75, 500, 1, 12, 18750, 2.5
1, 19426, 236, 239, 240, 1442444, 1448143, 0.48, 75, 500, 1, 10, 18750, 2.5
1, 19565, 233, 237, 237, 2771692, 2792300, 0.48, 75, 500, 2, 24, 18750, 2.5
1, 19503, 275, 278, 280, 1586428, 1604987, 0.48, 75, 500, 1, 13, 18750, 2.5
1, 20364, 253, 256, 263, 1388159, 1426752, 0.48, 75, 500, 1, 13, 18750, 2.5
1, 19336, 261, 264, 265, 1353698, 1359173, 0.48, 75, 500, 1, 12, 18750, 2.5
1, 19650, 237, 242, 243, 2820339, 2821336, 0.48, 75, 500, 2, 25, 18750, 2.5
1, 19180, 245, 248, 253, 1392914, 1420729, 0.48, 75, 500, 1, 12, 18750, 2.5
1, 19395, 253, 256, 259, 2718039, 2750008, 0.48, 75, 500, 2, 25, 18750, 2.5
1, 19620, 250, 252, 259, 2702639, 2761883, 0.48, 75, 500, 2, 26, 18750, 2.5
1, 19440, 262, 265, 267, 1495858, 1507836, 0.48, 75, 500, 1, 11, 18750, 2.5
0, 19838, 247, 260, 249, 1495965, 1433814, 0.48, 75, 500, 1, 12, 18750, 2.5
1, 20075, 246, 256, 257, 1317232, 1321345, 0.48, 75, 500, 1, 13, 18750, 2.5
1, 19325, 242, 246, 246, 1320878, 1320894, 0.48, 75, 500, 1, 12, 18750, 2.5
1, 19707, 226, 229, 229, 1516592, 1516732, 0.48, 75, 500, 1, 11, 18750, 2.5
1, 18972, 264, 267, 267, 1348292, 1348355, 0.48, 75, 500, 1, 10, 18750, 2.5
1, 19062, 251, 254, 254, 1435775, 1435799, 0.48, 75, 500, 1, 10, 18750, 2.5
0, 20652, 263, 280, 269, 1437743, 1380133, 0.48, 75, 500, 1, 12, 18750, 2.5
0, 26250, 274, 325, 321, 1657740, 1637552, 0.48, 75, 500, 1, 18, 18750, 2.5
0, 21823, 243, 266, 255, 1466509, 1409284, 0.48, 75, 500, 1, 14, 18750, 2.5
1, 19568, 234, 237, 238, 1612129, 1618257, 0.48, 75, 500, 1, 11, 18750, 2.5
1, 19496, 255, 258, 258, 1539820, 1539898, 0.48, 75, 500, 1, 11, 18750, 2.5
0, 26250, 247, 301, 294, 1806252, 1765752, 0.48, 75, 500, 1, 18, 18750, 2.5
1, 19502, 271, 274, 279, 1480503, 1509612, 0.48, 75, 500, 1, 11, 18750, 2.5
1, 19325, 252, 255, 256, 1218602, 1223361, 0.48, 75, 500, 1, 12, 18750, 2.5
1, 19018, 248, 252, 254, 1173962, 1183318, 0.48, 75, 500, 1, 13, 18750, 2.5
1, 19432, 244, 247, 247, 1394136, 1394147, 0.48, 75, 500, 1, 11, 18750, 2.5
1, 19226, 253, 256, 256, 1305831, 1305956, 0.48, 75, 500, 1, 11, 18750, 2.5
1, 24937, 244, 286, 287, 1695330, 1698079, 0.48, 75, 500, 1, 16, 18750, 2.5
0, 23395, 206, 241, 230, 1532852, 1475127, 0.48, 75, 500, 1, 14, 18750, 2.5
1, 19590, 242, 245, 248, 1384426, 1400983, 0.48, 75, 500, 1, 12, 18750, 2.5
0, 22806, 239, 271, 260, 1524601, 1467119, 0.48, 75, 500, 1, 14, 18750, 2.5
1, 19763, 258, 261, 263, 1501556, 1513451, 0.48, 75, 500, 1, 11, 18750, 2.5
0, 22702, 261, 297, 286, 1557053, 1497195, 0.48, 75, 500, 1, 14, 18750, 2.5
1, 19303, 240, 243, 245, 1451081, 1462666, 0.48, 75, 500, 1, 12, 18750, 2.5
1, 18885, 262, 265, 266, 1486182, 1492124, 0.48, 75, 500, 1, 11, 18750, 2.5
1, 18960, 231, 234, 234, 1459230, 1459286, 0.48, 75, 500, 1, 12, 18750, 2.5
1, 19414, 257, 260, 261, 1422607, 1428115, 0.48, 75, 500, 1, 12, 18750, 2.5
1, 19434, 247, 250, 253, 1344535, 1360454, 0.48, 75, 500, 1, 13, 18750, 2.5
1, 19702, 251, 254, 261, 1292314, 1328145, 0.48, 75, 500, 1, 12, 18750, 2.5
0, 21268, 264, 291, 282, 1478065, 1423972, 0.48, 75, 500, 1, 14, 18750, 2.5
1, 19702, 267, 270, 270, 1432943, 1432988, 0.48, 75, 500, 1, 12, 18750, 2.5
1, 19079, 249, 252, 253, 1387979, 1393433, 0.48, 75, 500, 1, 11, 18750, 2.5
1, 19246, 271, 274, 276, 1395039, 1406039, 0.48, 75, 500, 1, 12, 18750, 2.5
1, 19339, 261, 264, 264, 1489714, 1489737, 0.48, 75, 500, 1, 10, 18750, 2.5
0, 21424, 275, 296, 285, 1501017, 1440883, 0.48, 75, 500, 1, 14, 18750, 2.5
1, 19718, 252, 255, 260, 1593243, 1625056, 0.48, 75, 500, 1, 11, 18750, 2.5
1, 19609, 249, 256, 257, 1448172, 1453333, 0.48, 75, 500, 1, 12, 18750, 2.5
1, 19194, 235, 238, 239, 1291300, 1296451, 0.48, 75, 500, 1, 11, 18750, 2.5
1, 24620, 263, 291, 292, 1825672, 1825876, 0.48, 75, 500, 1, 17, 18750, 2.5
0, 26250, 264, 313, 311, 1786353, 1769300, 0.48, 75, 500, 1, 18, 18750, 2.5
1, 19792, 280, 285, 286, 1299701, 1304405, 0.48, 75, 500, 1, 11, 18750, 2.5
1, 19694, 253, 256, 266, 1525565, 1591769, 0.48, 75, 500, 1, 14, 18750, 2.5
1, 19725, 258, 261, 269, 1434375, 1480072, 0.48, 75, 500, 1, 12, 18750, 2.5
1, 19262, 248, 251, 252, 1286948, 1292051, 0.48, 75, 500, 1, 11, 18750, 2.5
1, 19213, 264, 267, 268, 1444747, 1450430, 0.48, 75, 500, 1, 13, 18750, 2.5
1, 20965, 254, 268, 269, 1372482, 1376171, 0.48, 75, 500, 1, 15, 18750, 2.5
1, 19509, 256, 259, 260, 1274854, 1279878, 0.48, 75, 500, 1, 12, 18750, 2.5
1, 19120, 237, 240, 241, 1542930, 1549110, 0.48, 75, 500, 1, 12, 18750, 2.5
1, 19499, 259, 262, 262, 1429498, 1429589, 0.48, 75, 500, 1, 12, 18750, 2.5
1, 19395, 261, 264, 265, 1293072, 1298125, 0.48, 75, 500, 1, 13, 18750, 2.5
1, 19439, 251, 254, 256, 1345561, 1356044, 0.48, 75, 500, 1, 13, 18750, 2.5
1, 21946, 267, 285, 286, 1542599, 1544823, 0.48, 75, 500, 1, 15, 18750, 2.5
1, 19336, 267, 270, 271, 1465594, 1471341, 0.48, 75, 500, 1, 13, 18750, 2.5
1, 19568, 286, 289, 293, 1590521, 1615742, 0.48, 75, 500, 1, 12, 18750, 2.5
1, 19368, 289, 292, 293, 1743322, 1750171, 0.48, 75, 500, 1, 13, 18750, 2.5
1, 19316, 263, 266, 267, 1565431, 1571698, 0.48, 75, 500, 1, 12, 18750, 2.5
1, 19906, 235, 238, 239, 1394919, 1400609, 0.48, 75, 500, 1, 13, 18750, 2.5
1, 19230, 273, 276, 276, 1444299, 1444455, 0.48, 75, 500, 1, 14, 18750, 2.5
1, 19119, 256, 259, 259, 1358077, 1358094, 0.48, 75, 500, 1, 13, 18750, 2.5
0, 24241, 247, 291, 280, 1785167, 1719028, 0.48, 75, 500, 1, 16, 18750, 2.5
1, 20122, 255, 259, 260, 1345053, 1350056, 0.48, 75, 500, 1, 13, 18750, 2.5
1, 19097, 232, 235, 237, 1420227, 1431610, 0.48, 75, 500, 1, 10, 18750, 2.5
1, 18971, 255, 258, 258, 1425148, 1425198, 0.48, 75, 500, 1, 11, 18750, 2.5
1, 19550, 234, 237, 237, 1233191, 1233397, 0.48, 75, 500, 1, 11, 18750, 2.5
1, 19508, 256, 263, 264, 1385837, 1390941, 0.48, 75, 500, 1, 13, 18750, 2.5
1, 19050, 235, 238, 239, 1574305, 1580586, 0.48, 75, 500, 1, 12, 18750, 2.5
1, 19556, 279, 282, 286, 1421749, 1444467, 0.48, 75, 500, 1, 11, 18750, 2.5
1, 19113, 245, 248, 248, 1368614, 1368632, 0.48, 75, 500, 1, 11, 18750, 2.5
1, 19711, 258, 261, 266, 1484210, 1513275, 0.48, 75, 500, 1, 11, 18750, 2.5
1, 19435, 253, 256, 261, 1425205, 1453432, 0.48, 75, 500, 1, 12, 18750, 2.5
1, 19397, 245, 248, 250, 1328022, 1338745, 0.48, 75, 500, 1, 12, 18750, 2.5
1, 20444, 232, 239, 240, 1458264, 1463581, 0.48, 75, 500, 1, 13, 18750, 2.5
1, 19894, 267, 270, 277, 1379160, 1416988, 0.48, 75, 500, 1, 14, 18750, 2.5
1, 19028, 248, 251, 251, 1288925, 1288930, 0.48, 75, 500, 1, 13, 18750, 2.5
0, 24231, 270, 304, 293, 1598748, 1540043, 0.48, 75, 500, 1, 14, 18750, 2.5
1, 19586, 259, 264, 265, 1425552, 1431027, 0.48, 75, 500, 1, 12, 18750, 2.5
1, 19648, 242, 245, 251, 1359143, 1391518, 0.48, 75, 500, 1, 14, 18750, 2.5
1, 19379, 240, 243, 244, 1524296, 1530268, 0.48, 75, 500, 1, 13, 18750, 2.5
1, 18935, 262, 265, 267, 1424096, 1435407, 0.48, 75, 500, 1, 12, 18750, 2.5
1, 19532, 217, 220, 220, 1688544, 1688585, 0.48, 75, 500, 1, 12, 18750, 2.5
1, 19599, 253, 256, 259, 1474068, 1491309, 0.48, 75, 500, 1, 12, 18750, 2.5
0, 22294, 248, 269, 258, 1630727, 1566037, 0.48, 75, 500, 1, 13, 18750, 2.5
0, 20944, 256, 276, 265, 1575099, 1510723, 0.48, 75, 500, 1, 14, 18750, 2.5
1, 20053, 268, 271, 272, 1544447, 1550262, 0.48, 75, 500, 1, 12, 18750, 2.5
1, 19556, 260, 263, 266, 1431460, 1448185, 0.48, 75, 500, 1, 12, 18750, 2.5
1, 19689, 240, 244, 244, 1414796, 1414906, 0.48, 75, 500, 1, 11, 18750, 2.5
1, 19663, 236, 239, 240, 1492885, 1498609, 0.48, 75, 500, 1, 12, 18750, 2.5
1, 19456, 272, 276, 276, 1252409, 1252428, 0.48, 75, 500, 1, 10, 18750, 2.5
1, 19464, 232, 235, 237, 1376294, 1387275, 0.48, 75, 500, 1, 12, 18750, 2.5
0, 20865, 242, 260, 249, 1532351, 1471045, 0.48, 75, 500, 1, 12, 18750, 2.5
1, 19382, 241, 244, 245, 1461069, 1466816, 0.48, 75, 500, 1, 11, 18750, 2.5
1, 19890, 244, 251, 252, 1459203, 1464238, 0.48, 75, 500, 1, 10, 18750, 2.5
0, 22201, 238, 263, 252, 1610178, 1545893, 0.48, 75, 500, 1, 12, 18750, 2.5
1, 19690, 237, 248, 243, 45943548, 46123318, 0.48, 75, 500, 32, 1611, 18750, 2.5
1, 20737, 271, 276, 281, 48771954, 49351452, 0.48, 75, 500, 32, 1643, 18750, 2.5
1, 21060, 227, 240, 252, 47245915, 47311925, 0.48, 75, 500, 32, 1648, 18750, 2.5
1, 19506, 254, 258, 257, 45716140, 45975113, 0.48, 75, 500, 32, 1719, 18750, 2.5
0, 20643, 269, 280, 281, 48096528, 47411810, 0.48, 75, 500, 32, 1717, 18750, 2.5
1, 21938, 276, 302, 296, 50200275, 50329424, 0.48, 75, 500, 32, 1903, 18750, 2.5
0, 26250, 266, 324, 307, 55329414, 54526013, 0.48, 75, 500, 32, 2090, 18750, 2.5
0, 26250, 262, 307, 324, 54882778, 54644903, 0.48, 75, 500, 32, 2095, 18750, 2.5
0, 26250, 241, 303, 296, 54220865, 53125283, 0.48, 75, 500, 32, 2102, 18750, 2.5
0, 26250, 251, 291, 296, 55458192, 55117819, 0.48, 75, 500, 32, 2118, 18750, 2.5
0, 26250, 242, 282, 295, 54378896, 54123126, 0.48, 75, 500, 32, 2144, 18750, 2.5
0, 26250, 247, 290, 302, 54172092, 54052278, 0.48, 75, 500, 32, 2145, 18750, 2.5
0, 26250, 275, 323, 337, 54408377, 53527025, 0.48, 75, 500, 32, 2201, 18750, 2.5
0, 26250, 280, 328, 308, 55524542, 54722839, 0.48, 75, 500, 32, 2270, 18750, 2.5
0, 26250, 264, 315, 316, 54141629, 53805930, 0.48, 75, 500, 32, 2304, 18750, 2.5
1, 19391, 266, 267, 268, 47175413, 47339191, 0.48, 75, 500, 32, 1577, 18750, 2.5
1, 19248, 245, 247, 252, 46040374, 46087469, 0.48, 75, 500, 32, 1624, 18750, 2.5
1, 19277, 248, 251, 251, 46600194, 46815907, 0.48, 75, 500, 32, 1580, 18750, 2.5
1, 19554, 268, 271, 272, 46531580, 46556864, 0.48, 75, 500, 32, 1564, 18750, 2.5
0, 26250, 264, 312, 319, 55775338, 55077852, 0.48, 75, 500, 32, 2115, 18750, 2.5
1, 19751, 238, 240, 243, 46384922, 46437261, 0.48, 75, 500, 32, 1652, 18750, 2.5
0, 26250, 246, 293, 308, 54751483, 53751294, 0.48, 75, 500, 32, 2102, 18750, 2.5
1, 21329, 268, 281, 282, 48490012, 48644875, 0.48, 75, 500, 32, 1743, 18750, 2.5
0, 22032, 262, 285, 290, 50965063, 50031175, 0.48, 75, 500, 32, 1695, 18750, 2.5
0, 26250, 276, 357, 322, 54129076, 53858425, 0.48, 75, 500, 32, 2253, 18750, 2.5
0, 26250, 251, 315, 306, 54574246, 53909833, 0.48, 75, 500, 32, 2227, 18750, 2.5
0, 26250, 252, 305, 318, 54173636, 53884565, 0.48, 75, 500, 32, 2064, 18750, 2.5
0, 26250, 246, 287, 303, 54895442, 54004179, 0.48, 75, 500, 32, 2013, 18750, 2.5
0, 26250, 241, 309, 284, 55054491, 53241538, 0.48, 75, 500, 32, 2126, 18750, 2.5
0, 26250, 231, 270, 275, 54261753, 54210918, 0.48, 75, 500, 32, 2111, 18750, 2.5
1, 19238, 241, 248, 243, 47250001, 47271144, 0.48, 75, 500, 32, 1492, 18750, 2.5
0, 20346, 243, 254, 252, 48169973, 47246786, 0.48, 75, 500, 32, 1734, 18750, 2.5
1, 19432, 219, 223, 221, 46572100, 46710880, 0.48, 75, 500, 32, 1605, 18750, 2.5
0, 21121, 260, 272, 271, 48245840, 47373368, 0.48, 75, 500, 32, 1738, 18750, 2.5
1, 19201, 249, 251, 253, 45106353, 45197699, 0.48, 75, 500, 32, 1468, 18750, 2.5
0, 26250, 236, 282, 270, 54202924, 52814514, 0.48, 75, 500, 32, 2132, 18750, 2.5
0, 26250, 232, 328, 259, 54228760, 53410527, 0.48, 75, 500, 32, 2182, 18750, 2.5
1, 21403, 235, 248, 251, 47517366, 48269106, 0.48, 75, 500, 32, 1752, 18750, 2.5
1, 21350, 224, 239, 242, 47546356, 48486373, 0.48, 75, 500, 32, 1808, 18750, 2.5
0, 26250, 238, 285, 287, 55036323, 54193858, 0.48, 75, 500, 32, 2189, 18750, 2.5
0, 26250, 210, 273, 266, 55362417, 54314836, 0.48, 75, 500, 32, 2168, 18750, 2.5
0, 26250, 275, 330, 322, 55373494, 54654180, 0.48, 75, 500, 32, 2129, 18750, 2.5
0, 26250, 222, 270, 266, 54653734, 53624125, 0.48, 75, 500, 32, 2172, 18750, 2.5
0, 26250, 224, 294, 260, 54968695, 53587068, 0.48, 75, 500, 32, 2092, 18750, 2.5
0, 26250, 252, 315, 305, 55545933, 54317752, 0.48, 75, 500, 32, 2239, 18750, 2.5
0, 26250, 249, 303, 304, 53951609, 53129055, 0.48, 75, 500, 32, 2110, 18750, 2.5
0, 26250, 253, 311, 309, 54549941, 53855242, 0.48, 75, 500, 32, 2116, 18750, 2.5
1, 19632, 231, 234, 235, 45018881, 45403854, 0.48, 75, 500, 32, 1629, 18750, 2.5
1, 20072, 253, 259, 257, 46690925, 47230933, 0.48, 75, 500, 32, 1545, 18750, 2.5
1, 19642, 248, 251, 255, 46338591, 46451368, 0.48, 75, 500, 32, 1493, 18750, 2.5
1, 19507, 250, 256, 259, 47340620, 47342895, 0.48, 75, 500, 32, 1431, 18750, 2.5
1, 19254, 240, 242, 246, 44367039, 44578512, 0.48, 75, 500, 32, 1464, 18750, 2.5
1, 19004, 247, 249, 251, 45054950, 45133349, 0.48, 75, 500, 32, 1544, 18750, 2.5
0, 26250, 239, 299, 290, 53728015, 52787787, 0.48, 75, 500, 32, 1989, 18750, 2.5
0, 26250, 246, 303, 289, 55825543, 55205981, 0.48, 75, 500, 32, 2139, 18750, 2.5
1, 19667, 257, 261, 262, 45848840, 46155115, 0.48, 75, 500, 32, 1568, 18750, 2.5
0, 26250, 235, 290, 280, 53833767, 52948682, 0.48, 75, 500, 32, 2324, 18750, 2.5
0, 26250, 231, 293, 280, 54503977, 53802487, 0.48, 75, 500, 32, 2119, 18750, 2.5
0, 26250, 211, 261, 254, 54878530, 54132679, 0.48, 75, 500, 32, 2195, 18750, 2.5
0, 26250, 234, 293, 286, 53711372, 53458536, 0.48, 75, 500, 32, 2103, 18750, 2.5
0, 19888, 241, 251, 245, 44839071, 44074993, 0.48, 75, 500, 32, 1604, 18750, 2.5
1, 19658, 210, 213, 217, 46869507, 47215726, 0.48, 75, 500, 32, 1609, 18750, 2.5
0, 26250, 234, 283, 288, 53947243, 53555730, 0.48, 75, 500, 32, 2071, 18750, 2.5
0, 26250, 257, 311, 313, 54313894, 53441932, 0.48, 75, 500, 32, 2146, 18750, 2.5
0, 26250, 229, 295, 277, 54396825, 54273232, 0.48, 75, 500, 32, 2199, 18750, 2.5
1, 25436, 264, 309, 316, 53784059, 54029781, 0.48, 75, 500, 32, 2024, 18750, 2.5
0, 26250, 224, 269, 293, 53622401, 53209135, 0.48, 75, 500, 32, 2168, 18750, 2.5
1, 19308, 248, 253, 253, 46089954, 46224727, 0.48, 75, 500, 32, 1522, 18750, 2.5
0, 26250, 253, 300, 319, 54236678, 53562021, 0.48, 75, 500, 32, 2247, 18750, 2.5
1, 19013, 256, 257, 260, 46692808, 46728883, 0.48, 75, 500, 32, 1545, 18750, 2.5
1, 19460, 259, 261, 264, 46295010, 46539140, 0.48, 75, 500, 32, 1584, 18750, 2.5
0, 26250, 235, 296, 292, 53846893, 53484167, 0.48, 75, 500, 32, 2047, 18750, 2.5
0, 25905, 259, 314, 315, 53634754, 52562709, 0.48, 75, 500, 32, 2108, 18750, 2.5
0, 26250, 214, 258, 260, 53918023, 53285338, 0.48, 75, 500, 32, 2241, 18750, 2.5
1, 20507, 259, 269, 268, 47447593, 47596896, 0.48, 75, 500, 32, 1650, 18750, 2.5
1, 19966, 244, 255, 254, 46166665, 46238983, 0.48, 75, 500, 32, 1584, 18750, 2.5
0, 26250, 252, 326, 294, 54500568, 53678485, 0.48, 75, 500, 32, 2024, 18750, 2.5
0, 26250, 252, 309, 296, 54658045, 53742606, 0.48, 75, 500, 32, 2161, 18750, 2.5
1, 19113, 232, 233, 234, 47154576, 47498073, 0.48, 75, 500, 32, 1578, 18750, 2.5
1, 19140, 248, 250, 252, 45466322, 45867050, 0.48, 75, 500, 32, 1549, 18750, 2.5
0, 26250, 255, 306, 296, 54977997, 53181809, 0.48, 75, 500, 32, 2092, 18750, 2.5
0, 26250, 242, 301, 304, 55362746, 54621015, 0.48, 75, 500, 32, 2196, 18750, 2.5
1, 19280, 265, 266, 270, 46490069, 46705347, 0.48, 75, 500, 32, 1535, 18750, 2.5
0, 26250, 248, 299, 318, 56011852, 55372400, 0.48, 75, 500, 32, 2147, 18750, 2.5
0, 26250, 222, 281, 280, 53665581, 52908008, 0.48, 75, 500, 32, 2047, 18750, 2.5
1, 19817, 234, 238, 244, 46652748, 46991619, 0.48, 75, 500, 32, 1463, 18750, 2.5
1, 19124, 241, 242, 243, 45132166, 45228259, 0.48, 75, 500, 32, 1546, 18750, 2.5
0, 26250, 248, 299, 309, 54281047, 53445357, 0.48, 75, 500, 32, 2115, 18750, 2.5
0, 26250, 257, 307, 314, 52582920, 52779978, 0.48, 75, 500, 32, 2355, 18750, 2.5
0, 26250, 245, 299, 299, 53980784, 53866884, 0.48, 75, 500, 32, 2078, 18750, 2.5
1, 19663, 235, 241, 239, 34495095, 34721922, 0.48, 75, 500, 23, 825, 18750, 2.5
0, 26250, 247, 298, 298, 55285261, 54472946, 0.48, 75, 500, 32, 2096, 18750, 2.5
1, 19685, 258, 260, 264, 34298060, 34708749, 0.48, 75, 500, 23, 837, 18750, 2.5
0, 26250, 253, 303, 315, 53986382, 52892289, 0.48, 75, 500, 32, 2076, 18750, 2.5
1, 20535, 278, 288, 288, 33652593, 33898077, 0.48, 75, 500, 23, 868, 18750, 2.5
1, 20610, 266, 270, 270, 49305182, 49444068, 0.48, 75, 500, 32, 1763, 18750, 2.5
0, 26250, 244, 292, 300, 38911377, 37697498, 0.48, 75, 500, 23, 1030, 18750, 2.5
1, 19128, 260, 264, 265, 45266774, 45312230, 0.48, 75, 500, 32, 1522, 18750, 2.5
1, 18992, 224, 226, 226, 32560045, 32634500, 0.48, 75, 500, 23, 846, 18750, 2.5
1, 19619, 251, 253, 258, 47154306, 47476676, 0.48, 75, 500, 32, 1620, 18750, 2.5
0, 26250, 249, 304, 292, 56115542, 55277756, 0.48, 75, 500, 32, 2117, 18750, 2.5
0, 26250, 235, 298, 290, 54503431, 53627771, 0.48, 75, 500, 32, 2103, 18750, 2.5
1, 19869, 241, 253, 248, 45641688, 45839548, 0.48, 75, 500, 32, 1598, 18750, 2.5
1, 19717, 235, 241, 243, 33407900, 33462708, 0.48, 75, 500, 23, 766, 18750, 2.5
0, 24315, 246, 284, 281, 51631929, 49995447, 0.48, 75, 500, 32, 1999, 18750, 2.5
1, 22855, 228, 250, 257, 36303001, 36556805, 0.48, 75, 500, 23, 874, 18750, 2.5
0, 26250, 238, 301, 289, 55141779, 53846808, 0.48, 75, 500, 32, 2174, 18750, 2.5
0, 21720, 246, 263, 254, 35283945, 33944148, 0.48, 75, 500, 23, 845, 18750, 2.5
1, 20035, 234, 237, 242, 33454902, 33547148, 0.48, 75, 500, 23, 815, 18750, 2.5
0, 26250, 272, 325, 315, 38792757, 38555623, 0.48, 75, 500, 23, 1091, 18750, 2.5
1, 19578, 273, 275, 279, 32843042, 33212722, 0.48, 75, 500, 23, 751, 18750, 2.5
1, 19208, 276, 279, 281, 32435499, 32535916, 0.48, 75, 500, 23, 741, 18750, 2.5
0, 26250, 264, 304, 307, 41332839, 40509987, 0.48, 75, 500, 23, 995, 18750, 2.5
0, 22347, 241, 264, 256, 36532984, 35293734, 0.48, 75, 500, 23, 861, 18750, 2.5
1, 19115, 253, 254, 258, 32730523, 32905696, 0.48, 75, 500, 23, 747, 18750, 2.5
1, 19038, 223, 228, 227, 32512366, 32566761, 0.48, 75, 500, 23, 790, 18750, 2.5
0, 26250, 257, 311, 298, 39656673, 38711044, 0.48, 75, 500, 23, 1071, 18750, 2.5
0, 26250, 239, 293, 286, 39448407, 39159936, 0.48, 75, 500, 23, 1063, 18750, 2.5
0, 26250, 233, 288, 294, 38840994, 37850503, 0.48, 75, 500, 23, 1123, 18750, 2.5
1, 18976, 247, 251, 250, 33017579, 33032123, 0.48, 75, 500, 23, 750, 18750, 2.5
0, 26250, 259, 309, 298, 39286210, 38820128, 0.48, 75, 500, 23, 1127, 18750, 2.5
1, 23632, 272, 301, 304, 36125188, 36205272, 0.48, 75, 500, 23, 921, 18750, 2.5
0, 26250, 260, 306, 320, 38738476, 38284165, 0.48, 75, 500, 23, 1000, 18750, 2.5
0, 26250, 255, 310, 295, 38731106, 37983579, 0.48, 75, 500, 23, 1041, 18750, 2.5
1, 21925, 264, 290, 289, 34951683, 34989894, 0.48, 75, 500, 23, 796, 18750, 2.5
1, 21767, 255, 279, 269, 36158578, 36204579, 0.48, 75, 500, 23, 888, 18750, 2.5
0, 19428, 250, 260, 251, 33703862, 32857356, 0.48, 75, 500, 23, 742, 18750, 2.5
0, 26250, 265, 326, 320, 38450404, 38035239, 0.48, 75, 500, 23, 1140, 18750, 2.5
1, 19154, 256, 260, 261, 34483651, 34654730, 0.48, 75, 500, 23, 714, 18750, 2.5
1, 20365, 252, 263, 261, 34112427, 34232838, 0.48, 75, 500, 23, 809, 18750, 2.5
0, 26250, 217, 265, 276, 39103550, 38805863, 0.48, 75, 500, 23, 1054, 18750, 2.5
1, 20255, 241, 251, 252, 34420484, 34556021, 0.48, 75, 500, 23, 772, 18750, 2.5
1, 19080, 238, 239, 242, 32923314, 33135079, 0.48, 75, 500, 23, 707, 18750, 2.5
1, 18926, 212, 214, 215, 33564504, 33651760, 0.48, 75, 500, 23, 762, 18750, 2.5
1, 19084, 251, 253, 254, 32887815, 32947684, 0.48, 75, 500, 23, 801, 18750, 2.5
1, 20375, 284, 292, 295, 33998267, 34238133, 0.48, 75, 500, 23, 914, 18750, 2.5
1, 19215, 272, 274, 274, 32765882, 32824058, 0.48, 75, 500, 23, 758, 18750, 2.5
0, 26250, 232, 271, 284, 39356793, 38808802, 0.48, 75, 500, 23, 1012, 18750, 2.5
0, 26250, 262, 300, 307, 39476913, 38823429, 0.48, 75, 500, 23, 1055, 18750, 2.5
1, 20252, 268, 280, 280, 34660223, 34780746, 0.48, 75, 500, 23, 736, 18750, 2.5
0, 26250, 224, 289, 284, 39333195, 38951340, 0.48, 75, 500, 23, 1039, 18750, 2.5
0, 26250, 283, 356, 328, 39853893, 38987988, 0.48, 75, 500, 23, 1088, 18750, 2.5
1, 19259, 215, 217, 218, 33367758, 33659506, 0.48, 75, 500, 23, 769, 18750, 2.5
0, 26250, 242, 302, 289, 38815537, 38060223, 0.48, 75, 500, 23, 1065, 18750, 2.5
1, 18916, 235, 237, 238, 33672870, 33755280, 0.48, 75, 500, 23, 705, 18750, 2.5
1, 19105, 241, 244, 247, 32769028, 32827657, 0.48, 75, 500, 23, 785, 18750, 2.5
0, 21774, 228, 248, 241, 35532327, 34543986, 0.48, 75, 500, 23, 846, 18750, 2.5
1, 19391, 245, 249, 248, 32941789, 33014733, 0.48, 75, 500, 23, 781, 18750, 2.5
1, 19015, 253, 254, 256, 33053732, 33150791, 0.48, 75, 500, 23, 781, 18750, 2.5
1, 19309, 217, 220, 220, 33581875, 33751524, 0.48, 75, 500, 23, 804, 18750, 2.5
0, 26250, 263, 312, 320, 40566448, 39469451, 0.48, 75, 500, 23, 1093, 18750, 2.5
0, 26250, 259, 314, 326, 39745507, 39213569, 0.48, 75, 500, 23, 1098, 18750, 2.5
1, 19593, 249, 254, 258, 32593567, 32779516, 0.48, 75, 500, 23, 781, 18750, 2.5
0, 26250, 270, 339, 328, 38802543, 38322036, 0.48, 75, 500, 23, 1093, 18750, 2.5
1, 19686, 256, 261, 260, 33357234, 33595053, 0.48, 75, 500, 23, 868, 18750, 2.5
1, 19398, 267, 275, 272, 32924862, 33000624, 0.48, 75, 500, 23, 808, 18750, 2.5
0, 26250, 254, 312, 307, 39421976, 38395544, 0.48, 75, 500, 23, 1079, 18750, 2.5
0, 26250, 259, 318, 312, 39189687, 38679781, 0.48, 75, 500, 23, 1155, 18750, 2.5
0, 21874, 246, 269, 266, 35122796, 34308947, 0.48, 75, 500, 23, 901, 18750, 2.5
1, 20759, 236, 257, 246, 34880693, 34986163, 0.48, 75, 500, 23, 775, 18750, 2.5
1, 19953, 240, 242, 247, 32288800, 32623545, 0.48, 75, 500, 23, 789, 18750, 2.5
0, 26250, 263, 333, 311, 40260712, 39196655, 0.48, 75, 500, 23, 1137, 18750, 2.5
0, 26250, 261, 302, 313, 39233381, 38831782, 0.48, 75, 500, 23, 1001, 18750, 2.5
0, 26250, 265, 321, 315, 40583639, 39691822, 0.48, 75, 500, 23, 1003, 18750, 2.5
0, 26250, 230, 291, 267, 39657822, 38709777, 0.48, 75, 500, 23, 984, 18750, 2.5
1, 19259, 215, 218, 219, 33179569, 33259637, 0.48, 75, 500, 23, 776, 18750, 2.5
0, 26250, 271, 344, 310, 39711137, 38642096, 0.48, 75, 500, 23, 976, 18750, 2.5
0, 26250, 250, 309, 299, 40357788, 39320504, 0.48, 75, 500, 23, 1028, 18750, 2.5
0, 24496, 277, 309, 314, 38533806, 37744579, 0.48, 75, 500, 23, 933, 18750, 2.5
0, 26250, 251, 303, 300, 39169672, 38710040, 0.48, 75, 500, 23, 1044, 18750, 2.5
0, 26250, 264, 315, 315, 39409627, 38718896, 0.48, 75, 500, 23, 1128, 18750, 2.5
1, 19763, 249, 254, 252, 34477171, 34699836, 0.48, 75, 500, 23, 815, 18750, 2.5
0, 26250, 243, 297, 306, 38540352, 38053099, 0.48, 75, 500, 23, 1145, 18750, 2.5
1, 22106, 253, 281, 271, 34550500, 35069842, 0.48, 75, 500, 23, 855, 18750, 2.5
1, 19372, 247, 250, 252, 31746243, 31867308, 0.48, 75, 500, 23, 765, 18750, 2.5
0, 26250, 256, 318, 288, 39711913, 39140656, 0.48, 75, 500, 23, 1126, 18750, 2.5
1, 19308, 245, 246, 247, 33288745, 33338947, 0.48, 75, 500, 23, 777, 18750, 2.5
1, 19462, 242, 244, 246, 33540809, 33683874, 0.48, 75, 500, 23, 788, 18750, 2.5
1, 20572, 223, 234, 240, 33949590, 34087231, 0.48, 75, 500, 23, 820, 18750, 2.5
0, 26250, 240, 299, 295, 39641427, 39076595, 0.48, 75, 500, 23, 1056, 18750, 2.5
1, 19013, 238, 240, 241, 32935682, 32984811, 0.48, 75, 500, 23, 791, 18750, 2.5
1, 19170, 258, 261, 261, 33340224, 33428886, 0.48, 75, 500, 23, 815, 18750, 2.5
1, 19879, 242, 250, 248, 33018554, 33138252, 0.48, 75, 500, 23, 810, 18750, 2.5
1, 19616, 292, 294, 301, 32986875, 33078609, 0.48, 75, 500, 23, 794, 18750, 2.5
0, 25444, 267, 326, 309, 38748160, 37779675, 0.48, 75, 500, 23, 1083, 18750, 2.5
1, 21834, 249, 271, 273, 34562085, 34693209, 0.48, 75, 500, 23, 952, 18750, 2.5
1, 19060, 271, 272, 273, 32932281, 32998726, 0.48, 75, 500, 23, 810, 18750, 2.5
0, 26250, 226, 283, 279, 39944972, 39295637, 0.48, 75, 500, 23, 1074, 18750, 2.5
1, 19026, 239, 243, 242, 32221587, 32357373, 0.48, 75, 500, 23, 823, 18750, 2.5
0, 21828, 277, 299, 291, 36697232, 35846852, 0.48, 75, 500, 23, 950, 18750, 2.5
0, 26250, 249, 319, 299, 38824244, 38239054, 0.48, 75, 500, 23, 1171, 18750, 2.5
0, 26250, 258, 304, 329, 26965877, 26321198, 0.48, 75, 500, 16, 508, 18750, 2.5
0, 26250, 272, 321, 326, 39616140, 39615572, 0.48, 75, 500, 23, 1105, 18750, 2.5
1, 19287, 252, 253, 257, 32521631, 32841062, 0.48, 75, 500, 23, 806, 18750, 2.5
1, 20246, 244, 254, 257, 34239472, 34394046, 0.48, 75, 500, 23, 844, 18750, 2.5
1, 19756, 248, 254, 250, 23377753, 23549272, 0.48, 75, 500, 16, 393, 18750, 2.5
1, 19508, 244, 247, 251, 32684502, 32872633, 0.48, 75, 500, 23, 783, 18750, 2.5
1, 19360, 277, 279, 283, 23149036, 23356915, 0.48, 75, 500, 16, 457, 18750, 2.5
0, 25304, 231, 286, 266, 38018618, 36689121, 0.48, 75, 500, 23, 1047, 18750, 2.5
1, 19349, 251, 256, 253, 22359416, 22455237, 0.48, 75, 500, 16, 441, 18750, 2.5
1, 20898, 245, 257, 266, 34647136, 34698137, 0.48, 75, 500, 23, 845, 18750, 2.5
1, 19193, 231, 233, 235, 32244710, 32518687, 0.48, 75, 500, 23, 823, 18750, 2.5
0, 26250, 271, 318, 310, 39884032, 39317461, 0.48, 75, 500, 23, 1147, 18750, 2.5
1, 20125, 253, 262, 260, 23699069, 23743502, 0.48, 75, 500, 16, 490, 18750, 2.5
1, 19134, 248, 250, 251, 22579945, 22651482, 0.48, 75, 500, 16, 473, 18750, 2.5
1, 18792, 236, 237, 238, 22110263, 22122098, 0.48, 75, 500, 16, 458, 18750, 2.5
1, 20168, 259, 269, 268, 23024771, 23180772, 0.48, 75, 500, 16, 488, 18750, 2.5
0, 26250, 260, 304, 308, 40030380, 39778366, 0.48, 75, 500, 23, 1135, 18750, 2.5
0, 24829, 231, 277, 268, 25786810, 24993853, 0.48, 75, 500, 16, 588, 18750, 2.5
0, 23653, 252, 283, 290, 25098817, 24527926, 0.48, 75, 500, 16, 523, 18750, 2.5
1, 19268, 266, 272, 269, 22365249, 22411268, 0.48, 75, 500, 16, 469, 18750, 2.5
0, 26250, 241, 317, 285, 27674704, 26993027, 0.48, 75, 500, 16, 616, 18750, 2.5
0, 26250, 271, 321, 328, 27496751, 27053407, 0.48, 75, 500, 16, 623, 18750, 2.5
1, 21497, 258, 281, 281, 24355752, 24403052, 0.48, 75, 500, 16, 528, 18750, 2.5
1, 20661, 250, 263, 270, 22947950, 23064870, 0.48, 75, 500, 16, 526, 18750, 2.5
1, 19282, 263, 266, 267, 22937298, 23055387, 0.48, 75, 500, 16, 437, 18750, 2.5
0, 24716, 249, 298, 289, 26609075, 25903336, 0.48, 75, 500, 16, 569, 18750, 2.5
0, 26194, 253, 287, 306, 27201641, 26387430, 0.48, 75, 500, 16, 632, 18750, 2.5
0, 26250, 260, 313, 315, 27009135, 26295538, 0.48, 75, 500, 16, 644, 18750, 2.5
1, 19238, 257, 261, 260, 23221145, 23335316, 0.48, 75, 500, 16, 435, 18750, 2.5
0, 26250, 214, 254, 271, 27341087, 27115173, 0.48, 75, 500, 16, 588, 18750, 2.5
0, 26250, 237, 284, 303, 27504690, 27298421, 0.48, 75, 500, 16, 575, 18750, 2.5
0, 26250, 262, 304, 327, 27778224, 27488263, 0.48, 75, 500, 16, 581, 18750, 2.5
0, 26250, 256, 311, 296, 29010337, 27424381, 0.48, 75, 500, 16, 558, 18750, 2.5
0, 18992, 238, 241, 239, 22731229, 22388190, 0.48, 75, 500, 16, 421, 18750, 2.5
1, 20093, 245, 255, 251, 23411418, 23439222, 0.48, 75, 500, 16, 457, 18750, 2.5
0, 26250, 252, 308, 308, 27446037, 26998695, 0.48, 75, 500, 16, 562, 18750, 2.5
1, 19523, 242, 244, 246, 23678269, 23732116, 0.48, 75, 500, 16, 409, 18750, 2.5
1, 19777, 249, 251, 252, 22891642, 22985710, 0.48, 75, 500, 16, 438, 18750, 2.5
1, 19527, 240, 241, 243, 22963117, 23133226, 0.48, 75, 500, 16, 428, 18750, 2.5
0, 21746, 252, 271, 269, 24974472, 24489230, 0.48, 75, 500, 16, 465, 18750, 2.5
1, 19214, 249, 252, 257, 23141264, 23190240, 0.48, 75, 500, 16, 394, 18750, 2.5
0, 26250, 273, 323, 314, 27385827, 27070840, 0.48, 75, 500, 16, 565, 18750, 2.5
0, 26250, 254, 294, 313, 27254317, 26821510, 0.48, 75, 500, 16, 590, 18750, 2.5
1, 19030, 223, 226, 226, 23072698, 23083884, 0.48, 75, 500, 16, 403, 18750, 2.5
1, 19985, 265, 268, 275, 24287759, 24329091, 0.48, 75, 500, 16, 419, 18750, 2.5
0, 20481, 249, 263, 261, 23400423, 22787892, 0.48, 75, 500, 16, 412, 18750, 2.5
1, 19168, 252, 257, 255, 22680492, 22782442, 0.48, 75, 500, 16, 358, 18750, 2.5
1, 19270, 235, 238, 239, 23093977, 23110182, 0.48, 75, 500, 16, 420, 18750, 2.5
1, 19288, 272, 275, 275, 22824289, 22946810, 0.48, 75, 500, 16, 365, 18750, 2.5
1, 19756, 246, 253, 254, 22032876, 22097017, 0.48, 75, 500, 16, 487, 18750, 2.5
0, 21476, 256, 274, 273, 23674535, 23257830, 0.48, 75, 500, 16, 414, 18750, 2.5
1, 19111, 235, 237, 238, 22234155, 22258617, 0.48, 75, 500, 16, 374, 18750, 2.5
0, 25620, 247, 304, 302, 27513986, 26678432, 0.48, 75, 500, 16, 551, 18750, 2.5
0, 24403, 236, 263, 268, 26729518, 25677129, 0.48, 75, 500, 16, 501, 18750, 2.5
0, 25394, 255, 294, 294, 26995135, 26260097, 0.48, 75, 500, 16, 490, 18750, 2.5
1, 19411, 243, 248, 247, 22687927, 22703821, 0.48, 75, 500, 16, 398, 18750, 2.5
0, 26250, 228, 284, 283, 26832504, 26625990, 0.48, 75, 500, 16, 587, 18750, 2.5
0, 25347, 237, 297, 299, 26455439, 25677430, 0.48, 75, 500, 16, 498, 18750, 2.5
0, 26250, 291, 349, 347, 27341142, 26905316, 0.48, 75, 500, 16, 556, 18750, 2.5
1, 19170, 226, 227, 228, 22975762, 23015181, 0.48, 75, 500, 16, 423, 18750, 2.5
1, 19293, 251, 254, 255, 22845361, 22955925, 0.48, 75, 500, 16, 398, 18750, 2.5
0, 26250, 238, 292, 291, 27143762, 26731019, 0.48, 75, 500, 16, 554, 18750, 2.5
1, 19192, 250, 251, 255, 23192746, 23228343, 0.48, 75, 500, 16, 375, 18750, 2.5
1, 19368, 245, 246, 250, 23136049, 23291069, 0.48, 75, 500, 16, 408, 18750, 2.5
0, 26250, 224, 293, 272, 26864079, 26458382, 0.48, 75, 500, 16, 565, 18750, 2.5
1, 21128, 264, 279, 279, 23707858, 23941478, 0.48, 75, 500, 16, 465, 18750, 2.5
0, 26250, 273, 330, 327, 26914414, 26423739, 0.48, 75, 500, 16, 569, 18750, 2.5
1, 19236, 279, 281, 284, 22451774, 22739723, 0.48, 75, 500, 16, 428, 18750, 2.5
1, 20025, 229, 235, 238, 23108423, 23170916, 0.48, 75, 500, 16, 417, 18750, 2.5
0, 26250, 235, 284, 293, 27898389, 27286618, 0.48, 75, 500, 16, 579, 18750, 2.5
1, 19926, 242, 248, 246, 23253475, 23400083, 0.48, 75, 500, 16, 409, 18750, 2.5
1, 19189, 260, 264, 263, 22601506, 22671881, 0.48, 75, 500, 16, 426, 18750, 2.5
0, 26250, 257, 316, 294, 27126921, 26573314, 0.48, 75, 500, 16, 561, 18750, 2.5
1, 19863, 217, 224, 224, 23269956, 23337223, 0.48, 75, 500, 16, 402, 18750, 2.5
0, 24370, 248, 300, 275, 26623256, 25486281, 0.48, 75, 500, 16, 526, 18750, 2.5
1, 19282, 242, 247, 248, 23721895, 23814524, 0.48, 75, 500, 16, 409, 18750, 2.5
0, 22610, 254, 284, 283, 25428217, 24662356, 0.48, 75, 500, 16, 482, 18750, 2.5
1, 19373, 258, 260, 260, 23314087, 23405545, 0.48, 75, 500, 16, 412, 18750, 2.5
1, 20054, 255, 256, 260, 23375007, 23502723, 0.48, 75, 500, 16, 448, 18750, 2.5
1, 19211, 236, 242, 239, 23131605, 23204098, 0.48, 75, 500, 16, 410, 18750, 2.5
0, 26250, 243, 314, 274, 27473606, 26874935, 0.48, 75, 500, 16, 549, 18750, 2.5
1, 20579, 285, 292, 301, 24315756, 24362360, 0.48, 75, 500, 16, 401, 18750, 2.5
1, 23685, 278, 313, 313, 25665326, 25734516, 0.48, 75, 500, 16, 504, 18750, 2.5
1, 19163, 248, 250, 250, 23074587, 23088082, 0.48, 75, 500, 16, 398, 18750, 2.5
1, 19429, 258, 260, 267, 23422618, 23472236, 0.48, 75, 500, 16, 399, 18750, 2.5
0, 26250, 246, 299, 295, 27575491, 27086886, 0.48, 75, 500, 16, 551, 18750, 2.5
0, 24187, 251, 280, 292, 27135693, 26535315, 0.48, 75, 500, 16, 499, 18750, 2.5
1, 19490, 251, 252, 254, 22961621, 23037178, 0.48, 75, 500, 16, 429, 18750, 2.5
1, 19030, 238, 241, 240, 22679356, 22710907, 0.48, 75, 500, 16, 386, 18750, 2.5
1, 19359, 267, 269, 272, 22981943, 23088816, 0.48, 75, 500, 16, 420, 18750, 2.5
1, 19287, 279, 280, 288, 23647115, 23763651, 0.48, 75, 500, 16, 404, 18750, 2.5
1, 19600, 250, 253, 256, 22318155, 22634921, 0.48, 75, 500, 16, 390, 18750, 2.5
1, 18870, 250, 252, 252, 22267097, 22315235, 0.48, 75, 500, 16, 390, 18750, 2.5
0, 26250, 257, 311, 321, 27295245, 26842806, 0.48, 75, 500, 16, 555, 18750, 2.5
1, 19191, 236, 238, 239, 22971482, 23044996, 0.48, 75, 500, 16, 422, 18750, 2.5
1, 23554, 245, 279, 278, 25878614, 25948853, 0.48, 75, 500, 16, 472, 18750, 2.5
1, 19168, 268, 270, 273, 23497037, 23513627, 0.48, 75, 500, 16, 404, 18750, 2.5
0, 19057, 238, 240, 239, 22904064, 22368814, 0.48, 75, 500, 16, 404, 18750, 2.5
1, 19325, 254, 256, 257, 22980753, 22996265, 0.48, 75, 500, 16, 414, 18750, 2.5
0, 25277, 207, 244, 255, 26881757, 25821620, 0.48, 75, 500, 16, 549, 18750, 2.5
1, 25492, 260, 308, 312, 26763446, 26775756, 0.48, 75, 500, 16, 539, 18750, 2.5
1, 19249, 243, 245, 246, 15958192, 16046730, 0.48, 75, 500, 11, 229, 18750, 2.5
1, 19687, 260, 266, 266, 23217180, 23271637, 0.48, 75, 500, 16, 383, 18750, 2.5
1, 20501, 256, 267, 268, 24009681, 24042272, 0.48, 75, 500, 16, 443, 18750, 2.5
0, 26250, 265, 328, 315, 27004722, 26764737, 0.48, 75, 500, 16, 536, 18750, 2.5
0, 25540, 249, 286, 303, 26812731, 26000601, 0.48, 75, 500, 16, 527, 18750, 2.5
0, 26250, 251, 302, 305, 27280145, 27057740, 0.48, 75, 500, 16, 552, 18750, 2.5
1, 19718, 268, 269, 272, 22984302, 23125198, 0.48, 75, 500, 16, 422, 18750, 2.5
1, 19257, 245, 246, 248, 16019382, 16038222, 0.48, 75, 500, 11, 198, 18750, 2.5
1, 19298, 246, 247, 250, 15469261, 15493740, 0.48, 75, 500, 11, 187, 18750, 2.5
1, 19534, 265, 272, 268, 15908148, 15984933, 0.48, 75, 500, 11, 228, 18750, 2.5
0, 26250, 231, 288, 274, 18650014, 18336913, 0.48, 75, 500, 11, 283, 18750, 2.5
0, 26250, 249, 307, 307, 27149910, 26871823, 0.48, 75, 500, 16, 518, 18750, 2.5
1, 19347, 281, 285, 290, 23094917, 23155572, 0.48, 75, 500, 16, 462, 18750, 2.5
1, 19174, 254, 255, 261, 15718240, 15734308, 0.48, 75, 500, 11, 211, 18750, 2.5
1, 19754, 270, 279, 280, 16205236, 16254613, 0.48, 75, 500, 11, 238, 18750, 2.5
0, 25507, 265, 327, 303, 18718054, 18090071, 0.48, 75, 500, 11, 318, 18750, 2.5
1, 20940, 236, 243, 254, 16755934, 16832127, 0.48, 75, 500, 11, 250, 18750, 2.5
1, 19384, 206, 209, 211, 15870254, 15967374, 0.48, 75, 500, 11, 202, 18750, 2.5
1, 19107, 213, 217, 217, 15926671, 15952529, 0.48, 75, 500, 11, 204, 18750, 2.5
1, 18966, 268, 270, 273, 15267322, 15287444, 0.48, 75, 500, 11, 192, 18750, 2.5
1, 19588, 244, 250, 251, 16043428, 16123151, 0.48, 75, 500, 11, 220, 18750, 2.5
1, 26236, 244, 311, 298, 19667531, 19728554, 0.48, 75, 500, 11, 292, 18750, 2.5
0, 26250, 246, 290, 304, 19784979, 19158038, 0.48, 75, 500, 11, 309, 18750, 2.5
1, 19430, 230, 232, 240, 15946963, 15951186, 0.48, 75, 500, 11, 219, 18750, 2.5
1, 19294, 201, 202, 203, 16243890, 16295269, 0.48, 75, 500, 11, 199, 18750, 2.5
1, 19242, 269, 270, 274, 16088294, 16117840, 0.48, 75, 500, 11, 229, 18750, 2.5
0, 22864, 253, 277, 278, 17101864, 16594080, 0.48, 75, 500, 11, 259, 18750, 2.5
0, 23440, 275, 300, 300, 17171188, 16768585, 0.48, 75, 500, 11, 266, 18750, 2.5
1, 19828, 245, 249, 249, 16828415, 17073715, 0.48, 75, 500, 11, 240, 18750, 2.5
0, 26250, 224, 275, 269, 18609194, 18408110, 0.48, 75, 500, 11, 296, 18750, 2.5
0, 26250, 266, 328, 317, 18611781, 18342328, 0.48, 75, 500, 11, 291, 18750, 2.5
0, 25371, 252, 300, 291, 18526797, 17724940, 0.48, 75, 500, 11, 300, 18750, 2.5
0, 24315, 245, 294, 289, 18035389, 17404874, 0.48, 75, 500, 11, 287, 18750, 2.5
0, 26250, 260, 300, 300, 18169591, 18017931, 0.48, 75, 500, 11, 279, 18750, 2.5
1, 19200, 268, 269, 271, 15853967, 15869541, 0.48, 75, 500, 11, 222, 18750, 2.5
1, 20064, 229, 237, 238, 16897420, 16967066, 0.48, 75, 500, 11, 224, 18750, 2.5
1, 20079, 262, 266, 275, 15654502, 15675600, 0.48, 75, 500, 11, 224, 18750, 2.5
1, 20394, 242, 253, 249, 15663987, 15718168, 0.48, 75, 500, 11, 206, 18750, 2.5
0, 26250, 258, 312, 293, 18632517, 18506727, 0.48, 75, 500, 11, 303, 18750, 2.5
1, 19728, 273, 274, 279, 16604755, 16783932, 0.48, 75, 500, 11, 215, 18750, 2.5
0, 26250, 264, 313, 305, 18442604, 18207940, 0.48, 75, 500, 11, 290, 18750, 2.5
1, 20943, 236, 248, 248, 16491858, 16563530, 0.48, 75, 500, 11, 227, 18750, 2.5
1, 19499, 249, 250, 261, 15659439, 15789468, 0.48, 75, 500, 11, 221, 18750, 2.5
1, 19097, 253, 255, 256, 14974555, 14997619, 0.48, 75, 500, 11, 207, 18750, 2.5
0, 26250, 237, 306, 293, 18371477, 18179135, 0.48, 75, 500, 11, 292, 18750, 2.5
0, 26250, 263, 319, 317, 18808392, 18271569, 0.48, 75, 500, 11, 290, 18750, 2.5
1, 19725, 273, 277, 281, 15858480, 15902470, 0.48, 75, 500, 11, 218, 18750, 2.5
1, 19521, 268, 270, 271, 16714642, 16796466, 0.48, 75, 500, 11, 203, 18750, 2.5
1, 19770, 272, 278, 278, 16167129, 16232486, 0.48, 75, 500, 11, 212, 18750, 2.5
1, 19190, 241, 242, 247, 15351112, 15426092, 0.48, 75, 500, 11, 206, 18750, 2.5
0, 24242, 208, 247, 235, 18099812, 17443788, 0.48, 75, 500, 11, 288, 18750, 2.5
1, 19447, 257, 259, 259, 15848433, 15884047, 0.48, 75, 500, 11, 255, 18750, 2.5
1, 20632, 216, 232, 229, 16030984, 16061935, 0.48, 75, 500, 11, 241, 18750, 2.5
1, 23456, 255, 293, 277, 17553868, 17584538, 0.48, 75, 500, 11, 269, 18750, 2.5
0, 26250, 262, 328, 312, 19143610, 18558383, 0.48, 75, 500, 11, 330, 18750, 2.5
1, 19651, 264, 266, 268, 15640398, 15792950, 0.48, 75, 500, 11, 206, 18750, 2.5
1, 19881, 263, 267, 272, 15812260, 15849918, 0.48, 75, 500, 11, 223, 18750, 2.5
0, 20922, 240, 269, 247, 16815993, 16192931, 0.48, 75, 500, 11, 233, 18750, 2.5
0, 26250, 256, 313, 305, 18361504, 18159701, 0.48, 75, 500, 11, 302, 18750, 2.5
0, 26250, 221, 270, 282, 19097552, 18649651, 0.48, 75, 500, 11, 295, 18750, 2.5
1, 19143, 270, 271, 274, 15792234, 15811792, 0.48, 75, 500, 11, 225, 18750, 2.5
1, 18964, 244, 245, 246, 14815946, 14833580, 0.48, 75, 500, 11, 209, 18750, 2.5
1, 19595, 247, 251, 253, 15799863, 15813913, 0.48, 75, 500, 11, 220, 18750, 2.5
1, 21920, 240, 255, 280, 17038853, 17041719, 0.48, 75, 500, 11, 220, 18750, 2.5
0, 22291, 262, 292, 271, 16843666, 16328901, 0.48, 75, 500, 11, 241, 18750, 2.5
0, 26250, 242, 309, 297, 19536538, 19454517, 0.48, 75, 500, 11, 293, 18750, 2.5
0, 25529, 233, 287, 271, 18394841, 17875238, 0.48, 75, 500, 11, 323, 18750, 2.5
1, 18948, 241, 243, 243, 15713768, 15716259, 0.48, 75, 500, 11, 224, 18750, 2.5
1, 18896, 253, 254, 258, 15518699, 15576734, 0.48, 75, 500, 11, 208, 18750, 2.5
1, 19585, 281, 285, 288, 15438146, 15481292, 0.48, 75, 500, 11, 239, 18750, 2.5
0, 26250, 255, 305, 301, 19243325, 18746808, 0.48, 75, 500, 11, 296, 18750, 2.5
0, 26250, 250, 314, 297, 18590199, 18630133, 0.48, 75, 500, 11, 345, 18750, 2.5
1, 19918, 262, 277, 271, 16463797, 16503344, 0.48, 75, 500, 11, 207, 18750, 2.5
1, 19408, 244, 247, 247, 15111371, 15226894, 0.48, 75, 500, 11, 211, 18750, 2.5
1, 19518, 239, 247, 242, 15856869, 15954678, 0.48, 75, 500, 11, 209, 18750, 2.5
1, 19888, 240, 256, 243, 16249309, 16343886, 0.48, 75, 500, 11, 215, 18750, 2.5
0, 23734, 235, 281, 260, 17403990, 16780583, 0.48, 75, 500, 11, 250, 18750, 2.5
1, 20541, 261, 265, 269, 15576433, 15838338, 0.48, 75, 500, 11, 246, 18750, 2.5
1, 19497, 263, 267, 271, 15356544, 15532305, 0.48, 75, 500, 11, 206, 18750, 2.5
1, 19328, 256, 262, 258, 16106598, 16120630, 0.48, 75, 500, 11, 185, 18750, 2.5
1, 20002, 247, 252, 253, 16425766, 16468614, 0.48, 75, 500, 11, 208, 18750, 2.5
0, 26250, 238, 308, 292, 18170517, 17960856, 0.48, 75, 500, 11, 296, 18750, 2.5
1, 19056, 250, 252, 254, 15539061, 15578528, 0.48, 75, 500, 11, 202, 18750, 2.5
1, 19271, 267, 268, 272, 15292745, 15342718, 0.48, 75, 500, 11, 197, 18750, 2.5
0, 26250, 256, 304, 315, 18807691, 18759951, 0.48, 75, 500, 11, 292, 18750, 2.5
1, 19321, 259, 260, 262, 15522785, 15647869, 0.48, 75, 500, 11, 199, 18750, 2.5
0, 26250, 246, 282, 284, 19063024, 18913286, 0.48, 75, 500, 11, 299, 18750, 2.5
0, 21669, 250, 275, 275, 17315789, 16919662, 0.48, 75, 500, 11, 219, 18750, 2.5
0, 20803, 259, 271, 267, 16904343, 16571802, 0.48, 75, 500, 11, 239, 18750, 2.5
1, 18914, 239, 242, 243, 15597453, 15619879, 0.48, 75, 500, 11, 232, 18750, 2.5
1, 19277, 249, 250, 253, 15678847, 15700032, 0.48, 75, 500, 11, 224, 18750, 2.5
0, 22796, 249, 269, 273, 17459357, 16987365, 0.48, 75, 500, 11, 275, 18750, 2.5
1, 19250, 252, 253, 254, 16025717, 16074430, 0.48, 75, 500, 11, 215, 18750, 2.5
0, 26250, 233, 295, 285, 18526804, 18065223, 0.48, 75, 500, 11, 291, 18750, 2.5
1, 20761, 267, 286, 279, 16661649, 16743610, 0.48, 75, 500, 11, 234, 18750, 2.5
1, 20205, 253, 261, 264, 15744906, 15839168, 0.48, 75, 500, 11, 202, 18750, 2.5
1, 19658, 281, 282, 285, 16242845, 16345506, 0.48, 75, 500, 11, 230, 18750, 2.5
0, 26250, 267, 311, 335, 18937305, 18618114, 0.48, 75, 500, 11, 287, 18750, 2.5
1, 22459, 253, 278, 281, 17835995, 17860108, 0.48, 75, 500, 11, 239, 18750, 2.5
1, 19076, 221, 226, 223, 15038113, 15108795, 0.48, 75, 500, 11, 195, 18750, 2.5
1, 20115, 243, 254, 252, 16664358, 16717227, 0.48, 75, 500, 11, 209, 18750, 2.5
0, 26250, 259, 304, 314, 18640559, 18301343, 0.48, 75, 500, 11, 281, 18750, 2.5
1, 19716, 232, 237, 237, 15711229, 15780945, 0.48, 75, 500, 11, 224, 18750, 2.5
1, 19263, 268, 271, 274, 16036806, 16077518, 0.48, 75, 500, 11, 210, 18750, 2.5
1, 19569, 249, 255, 255, 11076561, 11137053, 0.48, 75, 500, 8, 139, 18750, 2.5
1, 19364, 217, 222, 222, 15889015, 15950478, 0.48, 75, 500, 11, 223, 18750, 2.5
1, 19508, 256, 264, 265, 16090287, 16120409, 0.48, 75, 500, 11, 232, 18750, 2.5
1, 26228, 265, 325, 307, 13761826, 13865834, 0.48, 75, 500, 8, 193, 18750, 2.5
1, 20283, 271, 282, 284, 16360605, 16427490, 0.48, 75, 500, 11, 240, 18750, 2.5
1, 19109, 193, 194, 197, 15053007, 15101257, 0.48, 75, 500, 11, 220, 18750, 2.5
1, 19423, 264, 267, 272, 11287159, 11324650, 0.48, 75, 500, 8, 150, 18750, 2.5
1, 19364, 244, 249, 251, 11050672, 11061481, 0.48, 75, 500, 8, 142, 18750, 2.5
0, 18808, 237, 238, 238, 11175105, 10963463, 0.48, 75, 500, 8, 132, 18750, 2.5
0, 26250, 260, 317, 316, 13393380, 13294917, 0.48, 75, 500, 8, 176, 18750, 2.5
0, 23420, 250, 281, 285, 13307104, 12942889, 0.48, 75, 500, 8, 174, 18750, 2.5
0, 22692, 242, 271, 265, 12508236, 12170860, 0.48, 75, 500, 8, 144, 18750, 2.5
0, 26250, 271, 318, 317, 13814789, 13512013, 0.48, 75, 500, 8, 188, 18750, 2.5
1, 19403, 259, 260, 265, 11586794, 11648204, 0.48, 75, 500, 8, 137, 18750, 2.5
0, 24017, 245, 298, 267, 14110241, 13661495, 0.48, 75, 500, 8, 172, 18750, 2.5
1, 19075, 255, 256, 259, 11487710, 11537497, 0.48, 75, 500, 8, 137, 18750, 2.5
1, 19550, 257, 262, 261, 11121288, 11133344, 0.48, 75, 500, 8, 122, 18750, 2.5
1, 19847, 245, 248, 251, 11848938, 11972795, 0.48, 75, 500, 8, 142, 18750, 2.5
0, 26250, 242, 297, 295, 13564333, 13151071, 0.48, 75, 500, 8, 186, 18750, 2.5
1, 19012, 249, 250, 252, 11467252, 11516249, 0.48, 75, 500, 8, 140, 18750, 2.5
0, 26250, 255, 298, 325, 13815182, 13743246, 0.48, 75, 500, 8, 181, 18750, 2.5
0, 26250, 260, 336, 317, 13265291, 13227524, 0.48, 75, 500, 8, 196, 18750, 2.5
1, 19506, 258, 259, 264, 11895122, 11915684, 0.48, 75, 500, 8, 153, 18750, 2.5
0, 26250, 241, 281, 292, 13487490, 13249821, 0.48, 75, 500, 8, 195, 18750, 2.5
0, 26250, 258, 324, 322, 13699380, 13547970, 0.48, 75, 500, 8, 190, 18750, 2.5
0, 25687, 226, 278, 277, 12914349, 12540659, 0.48, 75, 500, 8, 189, 18750, 2.5
0, 26250, 240, 282, 301, 13743942, 13473593, 0.48, 75, 500, 8, 217, 18750, 2.5
1, 21414, 251, 267, 267, 11943697, 11994465, 0.48, 75, 500, 8, 157, 18750, 2.5
1, 18938, 243, 244, 246, 11474633, 11515520, 0.48, 75, 500, 8, 130, 18750, 2.5
1, 20620, 249, 257, 259, 11995581, 12020592, 0.48, 75, 500, 8, 162, 18750, 2.5
1, 19826, 250, 257, 255, 11424685, 11448970, 0.48, 75, 500, 8, 136, 18750, 2.5
1, 20374, 269, 273, 279, 11633661, 11693724, 0.48, 75, 500, 8, 150, 18750, 2.5
1, 19693, 271, 272, 275, 11328147, 11394347, 0.48, 75, 500, 8, 150, 18750, 2.5
1, 18965, 244, 245, 246, 11861727, 11901055, 0.48, 75, 500, 8, 148, 18750, 2.5
1, 21559, 242, 262, 256, 12364856, 12417467, 0.48, 75, 500, 8, 160, 18750, 2.5
1, 19920, 240, 250, 248, 11257264, 11267550, 0.48, 75, 500, 8, 134, 18750, 2.5
1, 19772, 273, 276, 276, 11690054, 11717882, 0.48, 75, 500, 8, 128, 18750, 2.5
1, 20024, 247, 251, 251, 11856814, 12032713, 0.48, 75, 500, 8, 150, 18750, 2.5
1, 20171, 252, 261, 263, 11451359, 11467949, 0.48, 75, 500, 8, 139, 18750, 2.5
1, 22444, 257, 285, 287, 12820208, 12838784, 0.48, 75, 500, 8, 170, 18750, 2.5
0, 26250, 242, 289, 282, 13871872, 13677428, 0.48, 75, 500, 8, 175, 18750, 2.5
0, 22236, 244, 267, 267, 12631166, 12210907, 0.48, 75, 500, 8, 161, 18750, 2.5
1, 19749, 239, 245, 245, 11848715, 11978457, 0.48, 75, 500, 8, 156, 18750, 2.5
1, 20284, 270, 281, 283, 11584340, 11650017, 0.48, 75, 500, 8, 136, 18750, 2.5
1, 20119, 262, 267, 272, 11615032, 11790910, 0.48, 75, 500, 8, 131, 18750, 2.5
1, 24082, 253, 282, 281, 13123225, 13195008, 0.48, 75, 500, 8, 173, 18750, 2.5
0, 26250, 287, 333, 342, 13931071, 13657761, 0.48, 75, 500, 8, 173, 18750, 2.5
1, 19782, 245, 255, 257, 11200773, 11229446, 0.48, 75, 500, 8, 137, 18750, 2.5
1, 19319, 262, 267, 268, 11350129, 11385318, 0.48, 75, 500, 8, 121, 18750, 2.5
0, 26250, 267, 334, 312, 13253059, 12980816, 0.48, 75, 500, 8, 177, 18750, 2.5
1, 18872, 256, 258, 259, 10970162, 10994935, 0.48, 75, 500, 8, 118, 18750, 2.5
1, 24326, 254, 295, 293, 13340749, 13410439, 0.48, 75, 500, 8, 160, 18750, 2.5
1, 19349, 268, 271, 270, 11602511, 11642487, 0.48, 75, 500, 8, 135, 18750, 2.5
1, 19458, 239, 240, 249, 10978255, 11113079, 0.48, 75, 500, 8, 132, 18750, 2.5
1, 19190, 260, 263, 263, 10944397, 11025760, 0.48, 75, 500, 8, 116, 18750, 2.5
1, 19674, 215, 217, 221, 12017700, 12117782, 0.48, 75, 500, 8, 142, 18750, 2.5
1, 19556, 254, 257, 262, 11308219, 11357324, 0.48, 75, 500, 8, 130, 18750, 2.5
1, 20054, 256, 268, 266, 11882689, 11927087, 0.48, 75, 500, 8, 125, 18750, 2.5
1, 18919, 259, 261, 261, 11743576, 11748043, 0.48, 75, 500, 8, 132, 18750, 2.5
1, 19394, 245, 248, 247, 11398331, 11429315, 0.48, 75, 500, 8, 130, 18750, 2.5
1, 19495, 245, 249, 256, 11401875, 11425131, 0.48, 75, 500, 8, 140, 18750, 2.5
0, 26250, 228, 265, 297, 13961587, 13660889, 0.48, 75, 500, 8, 207, 18750, 2.5
0, 25416, 244, 299, 282, 13644115, 13178742, 0.48, 75, 500, 8, 173, 18750, 2.5
0, 26250, 232, 278, 290, 13184051, 13215984, 0.48, 75, 500, 8, 214, 18750, 2.5
1, 19431, 250, 251, 256, 11070507, 11151205, 0.48, 75, 500, 8, 141, 18750, 2.5
1, 19398, 235, 240, 239, 11514223, 11548451, 0.48, 75, 500, 8, 121, 18750, 2.5
1, 19769, 224, 226, 228, 12542923, 12548208, 0.48, 75, 500, 8, 131, 18750, 2.5
1, 19300, 252, 255, 256, 11284337, 11329367, 0.48, 75, 500, 8, 132, 18750, 2.5
1, 19808, 286, 289, 294, 11927157, 12018134, 0.48, 75, 500, 8, 134, 18750, 2.5
0, 19265, 254, 256, 255, 11172191, 10885606, 0.48, 75, 500, 8, 130, 18750, 2.5
0, 21365, 227, 245, 241, 12063348, 11762569, 0.48, 75, 500, 8, 155, 18750, 2.5
1, 19514, 251, 256, 255, 11268788, 11366785, 0.48, 75, 500, 8, 134, 18750, 2.5
1, 20021, 244, 250, 249, 12536907, 12594556, 0.48, 75, 500, 8, 140, 18750, 2.5
1, 19423, 253, 256, 259, 10805024, 10859504, 0.48, 75, 500, 8, 142, 18750, 2.5
1, 18978, 245, 246, 248, 11080591, 11147080, 0.48, 75, 500, 8, 139, 18750, 2.5
0, 19532, 232, 235, 233, 12088010, 11664411, 0.48, 75, 500, 8, 131, 18750, 2.5
1, 21365, 281, 297, 291, 12092811, 12124099, 0.48, 75, 500, 8, 143, 18750, 2.5
0, 26250, 261, 310, 316, 13395710, 13360048, 0.48, 75, 500, 8, 186, 18750, 2.5
1, 19773, 268, 269, 272, 11512166, 11540201, 0.48, 75, 500, 8, 133, 18750, 2.5
1, 19049, 264, 265, 267, 11720639, 11747266, 0.48, 75, 500, 8, 127, 18750, 2.5
0, 25180, 255, 310, 296, 13617730, 13180071, 0.48, 75, 500, 8, 169, 18750, 2.5
1, 19496, 237, 238, 247, 11583624, 11672345, 0.48, 75, 500, 8, 155, 18750, 2.5
1, 19959, 263, 270, 271, 11766887, 11811648, 0.48, 75, 500, 8, 153, 18750, 2.5
1, 23842, 233, 266, 259, 13017749, 13068045, 0.48, 75, 500, 8, 170, 18750, 2.5
0, 26250, 248, 305, 291, 13012537, 12747222, 0.48, 75, 500, 8, 190, 18750, 2.5
1, 19292, 260, 264, 265, 11391828, 11409111, 0.48, 75, 500, 8, 123, 18750, 2.5
1, 19446, 255, 259, 259, 11525680, 11592054, 0.48, 75, 500, 8, 120, 18750, 2.5
1, 20353, 274, 287, 282, 11564215, 11635217, 0.48, 75, 500, 8, 125, 18750, 2.5
0, 26250, 236, 303, 281, 13875042, 13538742, 0.48, 75, 500, 8, 162, 18750, 2.5
0, 26250, 283, 339, 343, 13702828, 13311428, 0.48, 75, 500, 8, 185, 18750, 2.5
0, 26250, 242, 303, 278, 13713990, 13505794, 0.48, 75, 500, 8, 177, 18750, 2.5
1, 19521, 255, 256, 260, 12723926, 12745215, 0.48, 75, 500, 8, 124, 18750, 2.5
1, 21579, 282, 298, 302, 12460692, 12515754, 0.48, 75, 500, 8, 139, 18750, 2.5
1, 19096, 259, 261, 261, 11047651, 11053637, 0.48, 75, 500, 8, 146, 18750, 2.5
1, 20163, 246, 250, 254, 12242444, 12340406, 0.48, 75, 500, 8, 145, 18750, 2.5
1, 19683, 284, 294, 295, 11554016, 11617091, 0.48, 75, 500, 8, 152, 18750, 2.5
1, 19038, 248, 250, 254, 11411992, 11414516, 0.48, 75, 500, 8, 146, 18750, 2.5
1, 19399, 253, 254, 256, 11299281, 11361774, 0.48, 75, 500, 8, 140, 18750, 2.5
1, 20096, 236, 240, 240, 11994810, 12026641, 0.48, 75, 500, 8, 143, 18750, 2.5
1, 19341, 256, 259, 260, 11934571, 12012204, 0.48, 75, 500, 8, 141, 18750, 2.5
0, 18959, 257, 258, 258, 11610494, 11395695, 0.48, 75, 500, 8, 152, 18750, 2.5
1, 19989, 287, 290, 294, 11594850, 11773946, 0.48, 75, 500, 8, 151, 18750, 2.5
1, 20265, 233, 244, 245, 10320769, 10355034, 0.48, 75, 500, 7, 113, 18750, 2.5
1, 19166, 256, 260, 258, 9791161, 9823048, 0.48, 75, 500, 7, 118, 18750, 2.5
1, 19503, 252, 254, 259, 9884867, 9908287, 0.48, 75, 500, 7, 112, 18750, 2.5
1, 20518, 280, 291, 291, 12077394, 12215106, 0.48, 75, 500, 8, 160, 18750, 2.5
0, 26250, 223, 264, 281, 11826413, 11614667, 0.48, 75, 500, 7, 158, 18750, 2.5
0, 26250, 260, 322, 321, 11940448, 11735077, 0.48, 75, 500, 7, 163, 18750, 2.5
1, 18962, 240, 242, 242, 10179841, 10196914, 0.48, 75, 500, 7, 111, 18750, 2.5
0, 26250, 268, 326, 325, 13554745, 13322021, 0.48, 75, 500, 8, 199, 18750, 2.5
0, 24280, 211, 255, 240, 11248555, 10790441, 0.48, 75, 500, 7, 131, 18750, 2.5
1, 19672, 248, 254, 255, 10105286, 10159620, 0.48, 75, 500, 7, 117, 18750, 2.5
1, 19433, 250, 251, 254, 9901149, 9913255, 0.48, 75, 500, 7, 109, 18750, 2.5
0, 22049, 263, 276, 289, 11438743, 11229086, 0.48, 75, 500, 7, 138, 18750, 2.5
0, 26250, 263, 316, 312, 11988387, 11914623, 0.48, 75, 500, 7, 155, 18750, 2.5
1, 19326, 252, 256, 260, 9931722, 9995575, 0.48, 75, 500, 7, 115, 18750, 2.5
0, 21080, 268, 287, 279, 10606124, 10302540, 0.48, 75, 500, 7, 145, 18750, 2.5
0, 19155, 236, 238, 237, 10024051, 9811057, 0.48, 75, 500, 7, 113, 18750, 2.5
1, 19212, 234, 236, 237, 10218390, 10237015, 0.48, 75, 500, 7, 116, 18750, 2.5
1, 19711, 251, 256, 257, 9860577, 9896684, 0.48, 75, 500, 7, 120, 18750, 2.5
0, 26250, 231, 284, 301, 12262159, 12069656, 0.48, 75, 500, 7, 166, 18750, 2.5
1, 19291, 255, 257, 258, 9762780, 9837072, 0.48, 75, 500, 7, 120, 18750, 2.5
1, 19007, 249, 250, 251, 10059635, 10091819, 0.48, 75, 500, 7, 122, 18750, 2.5
1, 19728, 253, 261, 256, 9745193, 9773950, 0.48, 75, 500, 7, 125, 18750, 2.5
0, 26250, 261, 312, 304, 11930224, 11915153, 0.48, 75, 500, 7, 168, 18750, 2.5
0, 20413, 246, 262, 258, 10744356, 10503486, 0.48, 75, 500, 7, 132, 18750, 2.5
1, 19740, 272, 277, 279, 9931014, 10003721, 0.48, 75, 500, 7, 119, 18750, 2.5
1, 19227, 273, 274, 275, 10103339, 10110033, 0.48, 75, 500, 7, 115, 18750, 2.5
1, 19852, 255, 259, 262, 10086965, 10120981, 0.48, 75, 500, 7, 120, 18750, 2.5
1, 19506, 236, 240, 242, 9829758, 9889811, 0.48, 75, 500, 7, 112, 18750, 2.5
1, 21043, 259, 272, 266, 10347328, 10411091, 0.48, 75, 500, 7, 130, 18750, 2.5
1, 19194, 248, 253, 253, 10642909, 10648548, 0.48, 75, 500, 7, 118, 18750, 2.5
1, 19430, 264, 268, 269, 10263747, 10297049, 0.48, 75, 500, 7, 108, 18750, 2.5
1, 19759, 260, 268, 270, 10253770, 10269717, 0.48, 75, 500, 7, 107, 18750, 2.5
1, 19238, 255, 257, 260, 9555975, 9628866, 0.48, 75, 500, 7, 114, 18750, 2.5
0, 26250, 257, 305, 323, 11790821, 11434542, 0.48, 75, 500, 7, 157, 18750, 2.5
1, 20118, 263, 274, 275, 10506619, 10514729, 0.48, 75, 500, 7, 108, 18750, 2.5
1, 20159, 253, 267, 259, 10151150, 10231945, 0.48, 75, 500, 7, 116, 18750, 2.5
1, 23661, 257, 284, 291, 11189595, 11282717, 0.48, 75, 500, 7, 143, 18750, 2.5
1, 19070, 255, 256, 258, 10093033, 10170498, 0.48, 75, 500, 7, 112, 18750, 2.5
1, 18952, 216, 219, 219, 9774025, 9798277, 0.48, 75, 500, 7, 110, 18750, 2.5
0, 26250, 240, 284, 295, 12511626, 12548167, 0.48, 75, 500, 7, 151, 18750, 2.5
1, 19215, 233, 234, 237, 10055743, 10119190, 0.48, 75, 500, 7, 101, 18750, 2.5
1, 19430, 249, 252, 254, 9662095, 9717098, 0.48, 75, 500, 7, 125, 18750, 2.5
0, 23122, 257, 293, 283, 11097660, 10720912, 0.48, 75, 500, 7, 122, 18750, 2.5
1, 21230, 263, 282, 274, 10125823, 10168711, 0.48, 75, 500, 7, 111, 18750, 2.5
0, 26250, 238, 301, 298, 12360612, 12118539, 0.48, 75, 500, 7, 138, 18750, 2.5
1, 20580, 251, 264, 265, 10504905, 10547262, 0.48, 75, 500, 7, 122, 18750, 2.5
1, 20351, 246, 253, 253, 10125211, 10144858, 0.48, 75, 500, 7, 127, 18750, 2.5
1, 20175, 226, 234, 236, 9788703, 9817608, 0.48, 75, 500, 7, 136, 18750, 2.5
1, 19205, 269, 270, 271, 10131703, 10212936, 0.48, 75, 500, 7, 110, 18750, 2.5
1, 19253, 266, 268, 272, 10152242, 10187653, 0.48, 75, 500, 7, 104, 18750, 2.5
1, 20995, 263, 275, 272, 10672241, 10704524, 0.48, 75, 500, 7, 115, 18750, 2.5
1, 19165, 284, 285, 289, 10114606, 10168180, 0.48, 75, 500, 7, 95, 18750, 2.5
1, 19057, 267, 268, 272, 10061299, 10091106, 0.48, 75, 500, 7, 120, 18750, 2.5
0, 19686, 263, 270, 268, 11175204, 10950898, 0.48, 75, 500, 7, 99, 18750, 2.5
1, 19547, 265, 266, 270, 10122446, 10157949, 0.48, 75, 500, 7, 118, 18750, 2.5
1, 19661, 273, 280, 278, 10078779, 10090474, 0.48, 75, 500, 7, 127, 18750, 2.5
1, 21056, 252, 263, 262, 10522556, 10654015, 0.48, 75, 500, 7, 107, 18750, 2.5
1, 18885, 233, 234, 235, 10259540, 10278190, 0.48, 75, 500, 7, 94, 18750, 2.5
0, 26250, 261, 323, 312, 11734724, 11650882, 0.48, 75, 500, 7, 152, 18750, 2.5
1, 19016, 238, 240, 241, 9604681, 9627674, 0.48, 75, 500, 7, 114, 18750, 2.5
1, 19479, 243, 247, 248, 10069977, 10081144, 0.48, 75, 500, 7, 118, 18750, 2.5
1, 19373, 228, 232, 235, 10229020, 10277324, 0.48, 75, 500, 7, 112, 18750, 2.5
1, 19248, 265, 266, 267, 10390954, 10428781, 0.48, 75, 500, 7, 108, 18750, 2.5
0, 26250, 239, 297, 296, 12187013, 12030057, 0.48, 75, 500, 7, 139, 18750, 2.5
0, 26250, 254, 309, 324, 12248985, 11954285, 0.48, 75, 500, 7, 160, 18750, 2.5
1, 19285, 238, 242, 242, 10147341, 10159761, 0.48, 75, 500, 7, 110, 18750, 2.5
1, 19685, 240, 244, 248, 10053926, 10169916, 0.48, 75, 500, 7, 105, 18750, 2.5
1, 19126, 240, 241, 245, 9499361, 9522907, 0.48, 75, 500, 7, 116, 18750, 2.5
0, 25457, 270, 329, 318, 12435931, 11979452, 0.48, 75, 500, 7, 144, 18750, 2.5
0, 26250, 235, 294, 299, 12005232, 11784780, 0.48, 75, 500, 7, 141, 18750, 2.5
0, 24795, 262, 301, 295, 11660813, 11203550, 0.48, 75, 500, 7, 138, 18750, 2.5
1, 19363, 258, 261, 261, 10074054, 10099694, 0.48, 75, 500, 7, 109, 18750, 2.5
1, 19764, 248, 256, 251, 10223178, 10252758, 0.48, 75, 500, 7, 118, 18750, 2.5
1, 19201, 263, 264, 268, 10130786, 10166794, 0.48, 75, 500, 7, 106, 18750, 2.5
1, 19198, 271, 272, 274, 10461939, 10519233, 0.48, 75, 500, 7, 116, 18750, 2.5
1, 19245, 219, 221, 223, 10222154, 10322469, 0.48, 75, 500, 7, 105, 18750, 2.5
0, 22335, 278, 301, 296, 10967527, 10520177, 0.48, 75, 500, 7, 142, 18750, 2.5
0, 26250, 226, 275, 277, 11574773, 11406067, 0.48, 75, 500, 7, 164, 18750, 2.5
1, 20033, 245, 255, 251, 10280306, 10316474, 0.48, 75, 500, 7, 109, 18750, 2.5
1, 19398, 242, 244, 249, 9807063, 9857822, 0.48, 75, 500, 7, 108, 18750, 2.5
1, 19220, 247, 249, 250, 10184775, 10209060, 0.48, 75, 500, 7, 108, 18750, 2.5
1, 19511, 250, 258, 253, 9854495, 9885771, 0.48, 75, 500, 7, 111, 18750, 2.5
1, 19781, 249, 252, 256, 10227788, 10272329, 0.48, 75, 500, 7, 117, 18750, 2.5
1, 19203, 256, 257, 259, 10401538, 10407769, 0.48, 75, 500, 7, 110, 18750, 2.5
1, 18933, 267, 268, 270, 10174165, 10201447, 0.48, 75, 500, 7, 115, 18750, 2.5
1, 19713, 274, 277, 278, 10334278, 10398518, 0.48, 75, 500, 7, 109, 18750, 2.5
1, 19284, 234, 236, 240, 10360316, 10389749, 0.48, 75, 500, 7, 111, 18750, 2.5
1, 19057, 268, 270, 271, 9739330, 9766531, 0.48, 75, 500, 7, 112, 18750, 2.5
0, 26250, 251, 326, 303, 12034839, 11834927, 0.48, 75, 500, 7, 156, 18750, 2.5
0, 26244, 271, 334, 324, 12349434, 11906626, 0.48, 75, 500, 7, 162, 18750, 2.5
1, 18805, 267, 268, 269, 9712678, 9719405, 0.48, 75, 500, 7, 105, 18750, 2.5
0, 24812, 246, 301, 287, 12060428, 11670794, 0.48, 75, 500, 7, 138, 18750, 2.5
1, 19479, 272, 276, 275, 10043534, 10064576, 0.48, 75, 500, 7, 107, 18750, 2.5
1, 19686, 251, 260, 257, 10408555, 10467008, 0.48, 75, 500, 7, 109, 18750, 2.5
1, 19411, 233, 237, 236, 9976419, 10080902, 0.48, 75, 500, 7, 134, 18750, 2.5
1, 19092, 246, 247, 249, 10272110, 10275551, 0.48, 75, 500, 7, 96, 18750, 2.5
0, 26250, 271, 338, 333, 12134098, 11972547, 0.48, 75, 500, 7, 160, 18750, 2.5
1, 19664, 238, 245, 245, 10685371, 10724209, 0.48, 75, 500, 7, 120, 18750, 2.5
1, 18975, 269, 271, 271, 9858821, 9892983, 0.48, 75, 500, 7, 110, 18750, 2.5
1, 18897, 244, 245, 246, 10152482, 10159867, 0.48, 75, 500, 7, 99, 18750, 2.5
1, 19632, 236, 238, 241, 8803392, 8860770, 0.48, 75, 500, 6, 93, 18750, 2.5
1, 19660, 246, 254, 251, 8642440, 8687339, 0.48, 75, 500, 6, 89, 18750, 2.5
0, 26250, 248, 310, 292, 12195853, 11993579, 0.48, 75, 500, 7, 163, 18750, 2.5
1, 19107, 250, 251, 252, 9849773, 9895083, 0.48, 75, 500, 7, 119, 18750, 2.5
0, 22728, 270, 301, 297, 9627706, 9419922, 0.48, 75, 500, 6, 109, 18750, 2.5
1, 20034, 286, 291, 298, 8991673, 9023695, 0.48, 75, 500, 6, 87, 18750, 2.5
1, 19510, 261, 265, 267, 8580759, 8614048, 0.48, 75, 500, 6, 91, 18750, 2.5
0, 21102, 268, 284, 283, 9061009, 8849470, 0.48, 75, 500, 6, 105, 18750, 2.5
0, 25639, 243, 277, 298, 10629965, 10273847, 0.48, 75, 500, 6, 130, 18750, 2.5
1, 19965, 261, 263, 266, 8665135, 8725864, 0.48, 75, 500, 6, 106, 18750, 2.5
1, 19726, 278, 281, 281, 8769065, 8826717, 0.48, 75, 500, 6, 85, 18750, 2.5
1, 19862, 245, 250, 250, 8198672, 8241773, 0.48, 75, 500, 6, 93, 18750, 2.5
1, 19694, 247, 252, 258, 8485553, 8498879, 0.48, 75, 500, 6, 98, 18750, 2.5
1, 19019, 262, 265, 264, 9015961, 9020300, 0.48, 75, 500, 6, 94, 18750, 2.5
1, 19158, 263, 269, 268, 8581087, 8600638, 0.48, 75, 500, 6, 83, 18750, 2.5
1, 19136, 260, 262, 263, 9015211, 9077624, 0.48, 75, 500, 6, 97, 18750, 2.5
1, 19426, 268, 274, 274, 8999985, 9072981, 0.48, 75, 500, 6, 94, 18750, 2.5
0, 26250, 281, 334, 331, 10525989, 10441715, 0.48, 75, 500, 6, 136, 18750, 2.5
1, 19615, 243, 247, 249, 8569206, 8579017, 0.48, 75, 500, 6, 88, 18750, 2.5
1, 18851, 234, 235, 236, 8514908, 8521090, 0.48, 75, 500, 6, 93, 18750, 2.5
0, 26117, 245, 289, 296, 10437911, 10032674, 0.48, 75, 500, 6, 123, 18750, 2.5
0, 21896, 263, 292, 280, 8952172, 8691600, 0.48, 75, 500, 6, 109, 18750, 2.5
1, 19549, 242, 249, 245, 8771878, 8869549, 0.48, 75, 500, 6, 91, 18750, 2.5
1, 19260, 271, 272, 274, 9116759, 9160554, 0.48, 75, 500, 6, 107, 18750, 2.5
1, 20657, 245, 258, 258, 8933128, 8966074, 0.48, 75, 500, 6, 92, 18750, 2.5
1, 19090, 239, 241, 242, 8417241, 8447372, 0.48, 75, 500, 6, 84, 18750, 2.5
1, 19766, 226, 231, 231, 8757688, 8766661, 0.48, 75, 500, 6, 99, 18750, 2.5
0, 26250, 263, 313, 312, 9976020, 9914537, 0.48, 75, 500, 6, 130, 18750, 2.5
1, 19629, 253, 255, 260, 9185543, 9282390, 0.48, 75, 500, 6, 92, 18750, 2.5
0, 21429, 248, 265, 261, 8954137, 8715569, 0.48, 75, 500, 6, 114, 18750, 2.5
1, 19614, 263, 267, 267, 8717086, 8731829, 0.48, 75, 500, 6, 86, 18750, 2.5
0, 23496, 244, 291, 268, 9605696, 9329343, 0.48, 75, 500, 6, 112, 18750, 2.5
0, 26250, 248, 295, 294, 10361894, 10175498, 0.48, 75, 500, 6, 126, 18750, 2.5
1, 20262, 255, 268, 266, 8791818, 8805964, 0.48, 75, 500, 6, 93, 18750, 2.5
1, 19038, 264, 266, 267, 8454821, 8459345, 0.48, 75, 500, 6, 89, 18750, 2.5
0, 25766, 259, 313, 305, 10211466, 9743632, 0.48, 75, 500, 6, 117, 18750, 2.5
0, 23291, 248, 272, 275, 10002615, 9715195, 0.48, 75, 500, 6, 118, 18750, 2.5
1, 18842, 264, 265, 266, 8327642, 8327792, 0.48, 75, 500, 6, 101, 18750, 2.5
0, 19638, 251, 255, 252, 9001063, 8779610, 0.48, 75, 500, 6, 92, 18750, 2.5
1, 19088, 211, 212, 214, 9052511, 9072222, 0.48, 75, 500, 6, 84, 18750, 2.5
0, 26250, 242, 288, 291, 10153174, 10020031, 0.48, 75, 500, 6, 128, 18750, 2.5
1, 19637, 258, 261, 265, 8984142, 9036208, 0.48, 75, 500, 6, 97, 18750, 2.5
1, 19562, 235, 240, 241, 8345383, 8366708, 0.48, 75, 500, 6, 98, 18750, 2.5
1, 19553, 263, 265, 267, 8617473, 8695281, 0.48, 75, 500, 6, 95, 18750, 2.5
1, 19528, 234, 238, 236, 8665885, 8704583, 0.48, 75, 500, 6, 95, 18750, 2.5
1, 19769, 251, 254, 260, 8408710, 8465677, 0.48, 75, 500, 6, 96, 18750, 2.5
1, 19128, 252, 253, 255, 8811312, 8825449, 0.48, 75, 500, 6, 93, 18750, 2.5
0, 21731, 242, 263, 258, 9335580, 9035694, 0.48, 75, 500, 6, 117, 18750, 2.5
1, 19047, 219, 221, 222, 8584264, 8593874, 0.48, 75, 500, 6, 103, 18750, 2.5
1, 23232, 264, 298, 297, 9624726, 9637170, 0.48, 75, 500, 6, 124, 18750, 2.5
1, 19232, 240, 241, 242, 8709253, 8739095, 0.48, 75, 500, 6, 109, 18750, 2.5
1, 20320, 258, 267, 271, 9051031, 9089611, 0.48, 75, 500, 6, 98, 18750, 2.5
1, 19435, 250, 251, 252, 8697772, 8763780, 0.48, 75, 500, 6, 104, 18750, 2.5
1, 19774, 276, 278, 281, 8584627, 8587474, 0.48, 75, 500, 6, 100, 18750, 2.5
1, 18954, 234, 235, 236, 8689892, 8701911, 0.48, 75, 500, 6, 83, 18750, 2.5
0, 26250, 248, 307, 296, 10184846, 10097159, 0.48, 75, 500, 6, 142, 18750, 2.5
1, 19418, 250, 255, 257, 8647701, 8696181, 0.48, 75, 500, 6, 89, 18750, 2.5
1, 19493, 244, 250, 249, 8313869, 8335587, 0.48, 75, 500, 6, 87, 18750, 2.5
1, 19411, 256, 263, 260, 8658740, 8684368, 0.48, 75, 500, 6, 101, 18750, 2.5
0, 20990, 221, 231, 229, 9321105, 9021784, 0.48, 75, 500, 6, 103, 18750, 2.5
0, 19812, 279, 286, 283, 9151704, 8985400, 0.48, 75, 500, 6, 96, 18750, 2.5
1, 20753, 246, 257, 260, 9033723, 9040885, 0.48, 75, 500, 6, 107, 18750, 2.5
1, 19320, 271, 277, 276, 8456899, 8492294, 0.48, 75, 500, 6, 98, 18750, 2.5
1, 19024, 267, 269, 272, 8728062, 8779268, 0.48, 75, 500, 6, 84, 18750, 2.5
1, 19033, 265, 268, 269, 8497158, 8527484, 0.48, 75, 500, 6, 97, 18750, 2.5
1, 19187, 255, 258, 258, 8523060, 8545788, 0.48, 75, 500, 6, 85, 18750, 2.5
1, 19618, 259, 261, 262, 8823124, 8878930, 0.48, 75, 500, 6, 91, 18750, 2.5
0, 26250, 249, 291, 321, 10222518, 9984188, 0.48, 75, 500, 6, 123, 18750, 2.5
0, 26250, 231, 309, 268, 10098306, 10031813, 0.48, 75, 500, 6, 122, 18750, 2.5
1, 19638, 258, 265, 263, 8638334, 8678413, 0.48, 75, 500, 6, 99, 18750, 2.5
1, 19585, 221, 223, 225, 8286389, 8356995, 0.48, 75, 500, 6, 87, 18750, 2.5
1, 19285, 274, 279, 276, 8665263, 8731683, 0.48, 75, 500, 6, 83, 18750, 2.5
1, 19438, 254, 258, 261, 8713919, 8750356, 0.48, 75, 500, 6, 83, 18750, 2.5
1, 18947, 262, 263, 265, 8735142, 8746877, 0.48, 75, 500, 6, 100, 18750, 2.5
0, 26250, 256, 316, 309, 10603617, 10368217, 0.48, 75, 500, 6, 121, 18750, 2.5
1, 20489, 247, 259, 259, 8899913, 8953742, 0.48, 75, 500, 6, 97, 18750, 2.5
1, 21121, 262, 282, 282, 8631445, 8670805, 0.48, 75, 500, 6, 89, 18750, 2.5
0, 25470, 240, 291, 282, 9845836, 9452315, 0.48, 75, 500, 6, 126, 18750, 2.5
1, 18885, 221, 222, 223, 8458312, 8464706, 0.48, 75, 500, 6, 80, 18750, 2.5
1, 19281, 239, 240, 242, 8407128, 8440810, 0.48, 75, 500, 6, 81, 18750, 2.5
1, 18980, 232, 233, 234, 8761222, 8767909, 0.48, 75, 500, 6, 82, 18750, 2.5
1, 19282, 272, 274, 281, 8960657, 9037228, 0.48, 75, 500, 6, 99, 18750, 2.5
1, 19758, 251, 256, 258, 8656242, 8697589, 0.48, 75, 500, 6, 97, 18750, 2.5
1, 19129, 244, 245, 247, 8736746, 8764251, 0.48, 75, 500, 6, 93, 18750, 2.5
1, 19911, 283, 286, 294, 8921737, 8958249, 0.48, 75, 500, 6, 96, 18750, 2.5
0, 21193, 259, 277, 265, 9040846, 8742066, 0.48, 75, 500, 6, 100, 18750, 2.5
1, 21258, 251, 264, 267, 8826476, 8885446, 0.48, 75, 500, 6, 109, 18750, 2.5
0, 26250, 261, 313, 307, 10495867, 10284456, 0.48, 75, 500, 6, 132, 18750, 2.5
0, 22638, 266, 289, 285, 9356033, 9039352, 0.48, 75, 500, 6, 110, 18750, 2.5
1, 19897, 252, 254, 259, 8396076, 8575787, 0.48, 75, 500, 6, 97, 18750, 2.5
1, 19025, 236, 239, 239, 8800317, 8826664, 0.48, 75, 500, 6, 82, 18750, 2.5
0, 26250, 246, 319, 298, 10496307, 10262618, 0.48, 75, 500, 6, 122, 18750, 2.5
1, 20271, 249, 258, 261, 8358260, 8437416, 0.48, 75, 500, 6, 88, 18750, 2.5
1, 18833, 232, 233, 234, 8614803, 8640427, 0.48, 75, 500, 6, 92, 18750, 2.5
0, 24075, 264, 310, 297, 9828916, 9565780, 0.48, 75, 500, 6, 117, 18750, 2.5
1, 20873, 235, 242, 254, 7311069, 7377734, 0.48, 75, 500, 5, 69, 18750, 2.5
1, 19477, 235, 240, 242, 8138988, 8210366, 0.48, 75, 500, 6, 87, 18750, 2.5
1, 19595, 252, 258, 259, 8653918, 8681071, 0.48, 75, 500, 6, 94, 18750, 2.5
0, 22020, 233, 257, 244, 7842488, 7562333, 0.48, 75, 500, 5, 80, 18750, 2.5
1, 19104, 250, 256, 253, 7261303, 7264317, 0.48, 75, 500, 5, 67, 18750, 2.5
1, 19205, 270, 271, 272, 8580451, 8641717, 0.48, 75, 500, 6, 97, 18750, 2.5
1, 19330, 263, 264, 265, 7249817, 7255985, 0.48, 75, 500, 5, 68, 18750, 2.5
1, 19144, 251, 253, 253, 8785124, 8794787, 0.48, 75, 500, 6, 102, 18750, 2.5
1, 21046, 249, 267, 263, 7306679, 7390836, 0.48, 75, 500, 5, 74, 18750, 2.5
1, 19383, 249, 251, 253, 7141111, 7149163, 0.48, 75, 500, 5, 70, 18750, 2.5
0, 26250, 278, 329, 331, 9999856, 9842382, 0.48, 75, 500, 6, 127, 18750, 2.5
0, 23376, 260, 283, 295, 9978043, 9601943, 0.48, 75, 500, 6, 117, 18750, 2.5
1, 20330, 222, 237, 231, 8634115, 8660784, 0.48, 75, 500, 6, 117, 18750, 2.5
0, 25162, 218, 274, 266, 8756081, 8500399, 0.48, 75, 500, 5, 102, 18750, 2.5
0, 25247, 281, 333, 322, 8376381, 8181704, 0.48, 75, 500, 5, 95, 18750, 2.5
1, 22978, 256, 280, 282, 7987414, 8044404, 0.48, 75, 500, 5, 88, 18750, 2.5
1, 19985, 247, 249, 256, 7194501, 7261397, 0.48, 75, 500, 5, 79, 18750, 2.5
1, 19534, 237, 238, 242, 6811839, 6846591, 0.48, 75, 500, 5, 74, 18750, 2.5
1, 21077, 257, 278, 275, 7585172, 7624943, 0.48, 75, 500, 5, 83, 18750, 2.5
1, 19255, 272, 273, 278, 7176347, 7223817, 0.48, 75, 500, 5, 73, 18750, 2.5
1, 19011, 258, 261, 261, 7122286, 7144308, 0.48, 75, 500, 5, 66, 18750, 2.5
1, 18987, 258, 259, 260, 7223050, 7272668, 0.48, 75, 500, 5, 74, 18750, 2.5
1, 20057, 261, 268, 269, 7556561, 7574276, 0.48, 75, 500, 5, 77, 18750, 2.5
1, 19205, 243, 247, 250, 7024377, 7031447, 0.48, 75, 500, 5, 82, 18750, 2.5
0, 26250, 253, 313, 296, 8543052, 8422268, 0.48, 75, 500, 5, 104, 18750, 2.5
0, 26250, 246, 296, 290, 8635478, 8484401, 0.48, 75, 500, 5, 103, 18750, 2.5
0, 26250, 264, 317, 328, 8414387, 8355874, 0.48, 75, 500, 5, 103, 18750, 2.5
1, 22809, 222, 243, 246, 7927688, 7969113, 0.48, 75, 500, 5, 93, 18750, 2.5
0, 26250, 248, 321, 291, 8815696, 8590740, 0.48, 75, 500, 5, 103, 18750, 2.5
0, 25799, 268, 303, 313, 8283103, 8062273, 0.48, 75, 500, 5, 97, 18750, 2.5
1, 19045, 238, 239, 242, 7032115, 7057424, 0.48, 75, 500, 5, 65, 18750, 2.5
1, 20429, 242, 245, 245, 7924822, 7961776, 0.48, 75, 500, 5, 79, 18750, 2.5
1, 19132, 231, 232, 234, 6840168, 6895549, 0.48, 75, 500, 5, 67, 18750, 2.5
1, 19424, 253, 256, 259, 7258555, 7299000, 0.48, 75, 500, 5, 80, 18750, 2.5
1, 20406, 244, 254, 253, 7514992, 7552449, 0.48, 75, 500, 5, 74, 18750, 2.5
1, 19900, 244, 248, 254, 7584295, 7587238, 0.48, 75, 500, 5, 73, 18750, 2.5
1, 19289, 254, 256, 260, 6946193, 6993226, 0.48, 75, 500, 5, 67, 18750, 2.5
1, 20446, 243, 255, 252, 7242176, 7268222, 0.48, 75, 500, 5, 84, 18750, 2.5
0, 21797, 263, 283, 276, 7916936, 7622061, 0.48, 75, 500, 5, 85, 18750, 2.5
1, 18987, 259, 261, 261, 6859087, 6879304, 0.48, 75, 500, 5, 71, 18750, 2.5
1, 19531, 246, 251, 250, 7572852, 7599443, 0.48, 75, 500, 5, 70, 18750, 2.5
0, 23916, 256, 292, 284, 8196714, 7899886, 0.48, 75, 500, 5, 97, 18750, 2.5
1, 20374, 236, 239, 248, 7424030, 7481315, 0.48, 75, 500, 5, 81, 18750, 2.5
1, 19339, 247, 251, 257, 6886608, 6903954, 0.48, 75, 500, 5, 73, 18750, 2.5
1, 20772, 228, 239, 238, 7371918, 7407351, 0.48, 75, 500, 5, 72, 18750, 2.5
0, 24158, 237, 284, 263, 8385316, 8019492, 0.48, 75, 500, 5, 89, 18750, 2.5
1, 19042, 241, 242, 243, 7108553, 7117873, 0.48, 75, 500, 5, 70, 18750, 2.5
1, 20087, 249, 258, 254, 7381867, 7416424, 0.48, 75, 500, 5, 73, 18750, 2.5
1, 21785, 249, 269, 278, 7516124, 7535934, 0.48, 75, 500, 5, 79, 18750, 2.5
1, 23850, 243, 271, 280, 8068157, 8141728, 0.48, 75, 500, 5, 82, 18750, 2.5
1, 19015, 238, 239, 240, 7124129, 7129554, 0.48, 75, 500, 5, 73, 18750, 2.5
1, 20324, 273, 283, 280, 7380433, 7411315, 0.48, 75, 500, 5, 82, 18750, 2.5
1, 20012, 253, 259, 260, 7232368, 7256650, 0.48, 75, 500, 5, 79, 18750, 2.5
0, 26250, 289, 357, 339, 8685022, 8521665, 0.48, 75, 500, 5, 100, 18750, 2.5
1, 20207, 262, 268, 271, 7257515, 7325283, 0.48, 75, 500, 5, 76, 18750, 2.5
0, 26250, 240, 296, 281, 8625038, 8473810, 0.48, 75, 500, 5, 96, 18750, 2.5
1, 19995, 253, 260, 261, 7129685, 7190259, 0.48, 75, 500, 5, 74, 18750, 2.5
0, 26250, 248, 304, 298, 8535978, 8429359, 0.48, 75, 500, 5, 107, 18750, 2.5
1, 19519, 263, 264, 267, 7239270, 7264537, 0.48, 75, 500, 5, 79, 18750, 2.5
1, 19478, 249, 250, 251, 7416830, 7420093, 0.48, 75, 500, 5, 78, 18750, 2.5
1, 19036, 242, 243, 246, 6970529, 6997132, 0.48, 75, 500, 5, 70, 18750, 2.5
0, 26250, 236, 295, 275, 8748243, 8455410, 0.48, 75, 500, 5, 103, 18750, 2.5
1, 19023, 291, 293, 293, 7096124, 7123509, 0.48, 75, 500, 5, 70, 18750, 2.5
1, 18984, 251, 253, 254, 6897242, 6911777, 0.48, 75, 500, 5, 72, 18750, 2.5
1, 20467, 254, 261, 264, 7376626, 7397986, 0.48, 75, 500, 5, 78, 18750, 2.5
1, 25253, 255, 292, 304, 8472509, 8514114, 0.48, 75, 500, 5, 98, 18750, 2.5
0, 22127, 264, 289, 285, 8094074, 7795149, 0.48, 75, 500, 5, 87, 18750, 2.5
1, 19268, 239, 240, 245, 7098748, 7127345, 0.48, 75, 500, 5, 78, 18750, 2.5
0, 26250, 278, 341, 337, 8846876, 8691964, 0.48, 75, 500, 5, 107, 18750, 2.5
1, 18847, 233, 234, 235, 6589247, 6604136, 0.48, 75, 500, 5, 76, 18750, 2.5
1, 19209, 258, 259, 261, 6673520, 6686892, 0.48, 75, 500, 5, 76, 18750, 2.5
1, 19352, 281, 282, 284, 7239276, 7275885, 0.48, 75, 500, 5, 70, 18750, 2.5
0, 24824, 249, 286, 290, 7916027, 7630974, 0.48, 75, 500, 5, 98, 18750, 2.5
0, 19517, 264, 272, 267, 7578243, 7403538, 0.48, 75, 500, 5, 78, 18750, 2.5
1, 19515, 246, 255, 254, 7321820, 7342406, 0.48, 75, 500, 5, 77, 18750, 2.5
1, 19526, 261, 264, 267, 7105189, 7124028, 0.48, 75, 500, 5, 82, 18750, 2.5
1, 19184, 254, 256, 257, 6806722, 6832236, 0.48, 75, 500, 5, 78, 18750, 2.5
1, 19398, 238, 243, 241, 7066416, 7222649, 0.48, 75, 500, 5, 68, 18750, 2.5
1, 19376, 268, 272, 272, 7251960, 7259000, 0.48, 75, 500, 5, 68, 18750, 2.5
0, 21977, 228, 262, 235, 7697704, 7398641, 0.48, 75, 500, 5, 88, 18750, 2.5
1, 19231, 272, 275, 277, 7280035, 7287333, 0.48, 75, 500, 5, 68, 18750, 2.5
1, 20790, 273, 295, 288, 6943659, 6973632, 0.48, 75, 500, 5, 81, 18750, 2.5
0, 23371, 254, 290, 278, 7926182, 7717028, 0.48, 75, 500, 5, 90, 18750, 2.5
0, 26250, 258, 315, 317, 8555708, 8300348, 0.48, 75, 500, 5, 110, 18750, 2.5
1, 19105, 249, 251, 255, 6546781, 6565317, 0.48, 75, 500, 5, 70, 18750, 2.5
1, 19576, 274, 277, 276, 6947716, 6990207, 0.48, 75, 500, 5, 77, 18750, 2.5
1, 19292, 243, 244, 245, 6517596, 6543772, 0.48, 75, 500, 5, 74, 18750, 2.5
1, 19831, 236, 239, 241, 6869276, 6954886, 0.48, 75, 500, 5, 77, 18750, 2.5
1, 19983, 254, 260, 266, 7431631, 7461863, 0.48, 75, 500, 5, 82, 18750, 2.5
0, 26250, 211, 271, 256, 9187809, 8778871, 0.48, 75, 500, 5, 102, 18750, 2.5
1, 19406, 249, 250, 252, 7200396, 7266511, 0.48, 75, 500, 5, 64, 18750, 2.5
0, 23492, 264, 299, 290, 8038803, 7765107, 0.48, 75, 500, 5, 85, 18750, 2.5
1, 19525, 253, 258, 256, 7223347, 7274196, 0.48, 75, 500, 5, 70, 18750, 2.5
1, 19249, 239, 245, 246, 7151507, 7162629, 0.48, 75, 500, 5, 69, 18750, 2.5
1, 19082, 233, 234, 236, 7262688, 7273976, 0.48, 75, 500, 5, 73, 18750, 2.5
1, 18843, 257, 258, 259, 7111158, 7119972, 0.48, 75, 500, 5, 64, 18750, 2.5
0, 22049, 247, 269, 266, 7861765, 7572794, 0.48, 75, 500, 5, 83, 18750, 2.5
1, 19108, 211, 215, 214, 6969457, 7005059, 0.48, 75, 500, 5, 63, 18750, 2.5
1, 19594, 263, 266, 276, 7685037, 7822412, 0.48, 75, 500, 5, 70, 18750, 2.5
0, 25975, 276, 334, 323, 8714300, 8437967, 0.48, 75, 500, 5, 102, 18750, 2.5
1, 21335, 232, 246, 249, 7380298, 7400181, 0.48, 75, 500, 5, 77, 18750, 2.5
1, 19354, 253, 257, 259, 6896697, 6924985, 0.48, 75, 500, 5, 71, 18750, 2.5
1, 19574, 252, 258, 256, 5733254, 5740340, 0.48, 75, 500, 4, 53, 18750, 2.5
1, 20945, 243, 261, 255, 7693601, 7719512, 0.48, 75, 500, 5, 76, 18750, 2.5
1, 19229, 273, 275, 279, 6066126, 6105397, 0.48, 75, 500, 4, 55, 18750, 2.5
1, 19603, 261, 263, 266, 5459794, 5520404, 0.48, 75, 500, 4, 59, 18750, 2.5
1, 19744, 267, 272, 273, 6114442, 6156678, 0.48, 75, 500, 4, 60, 18750, 2.5
0, 21264, 260, 279, 281, 7423390, 7238850, 0.48, 75, 500, 5, 74, 18750, 2.5
1, 18975, 247, 249, 249, 5625716, 5628397, 0.48, 75, 500, 4, 54, 18750, 2.5
0, 23846, 240, 286, 267, 6379834, 6186176, 0.48, 75, 500, 4, 67, 18750, 2.5
1, 19286, 248, 251, 253, 5380973, 5430943, 0.48, 75, 500, 4, 58, 18750, 2.5
1, 20186, 261, 268, 273, 7159250, 7188084, 0.48, 75, 500, 5, 74, 18750, 2.5
1, 18837, 251, 252, 253, 5326157, 5331325, 0.48, 75, 500, 4, 57, 18750, 2.5
0, 22806, 249, 284, 275, 6463251, 6187101, 0.48, 75, 500, 4, 63, 18750, 2.5
0, 26250, 275, 346, 327, 8562809, 8361264, 0.48, 75, 500, 5, 107, 18750, 2.5
0, 26250, 253, 310, 305, 8909291, 8817179, 0.48, 75, 500, 5, 116, 18750, 2.5
1, 20447, 228, 237, 238, 5860759, 5900527, 0.48, 75, 500, 4, 54, 18750, 2.5
1, 19591, 249, 256, 254, 6183756, 6211812, 0.48, 75, 500, 4, 52, 18750, 2.5
1, 19887, 268, 276, 275, 5483395, 5500854, 0.48, 75, 500, 4, 55, 18750, 2.5
1, 21125, 240, 257, 256, 6182047, 6205823, 0.48, 75, 500, 4, 59, 18750, 2.5
1, 19302, 223, 224, 226, 5428118, 5443133, 0.48, 75, 500, 4, 56, 18750, 2.5
0, 24445, 258, 297, 297, 6643747, 6460506, 0.48, 75, 500, 4, 68, 18750, 2.5
1, 19133, 267, 269, 269, 5825648, 5829549, 0.48, 75, 500, 4, 54, 18750, 2.5
1, 19341, 235, 237, 239, 5527562, 5543560, 0.48, 75, 500, 4, 55, 18750, 2.5
0, 23415, 256, 301, 279, 6505095, 6259544, 0.48, 75, 500, 4, 67, 18750, 2.5
0, 26250, 267, 328, 324, 7018819, 6964671, 0.48, 75, 500, 4, 74, 18750, 2.5
1, 22978, 241, 278, 279, 6304469, 6317889, 0.48, 75, 500, 4, 61, 18750, 2.5
0, 26250, 263, 315, 306, 6669278, 6508601, 0.48, 75, 500, 4, 92, 18750, 2.5
1, 19114, 251, 254, 254, 5625536, 5632843, 0.48, 75, 500, 4, 58, 18750, 2.5
1, 24130, 257, 287, 294, 6374694, 6394122, 0.48, 75, 500, 4, 71, 18750, 2.5
1, 18977, 257, 258, 260, 5389785, 5421257, 0.48, 75, 500, 4, 50, 18750, 2.5
1, 19325, 259, 261, 265, 5410945, 5429539, 0.48, 75, 500, 4, 54, 18750, 2.5
1, 19390, 271, 274, 278, 5651422, 5718093, 0.48, 75, 500, 4, 55, 18750, 2.5
0, 23710, 262, 298, 287, 6707991, 6425854, 0.48, 75, 500, 4, 64, 18750, 2.5
1, 19302, 274, 276, 276, 6046067, 6054743, 0.48, 75, 500, 4, 52, 18750, 2.5
0, 22344, 265, 282, 286, 6237615, 6044953, 0.48, 75, 500, 4, 65, 18750, 2.5
1, 19736, 232, 238, 235, 5759555, 5782120, 0.48, 75, 500, 4, 52, 18750, 2.5
1, 19174, 231, 233, 233, 5820179, 5846325, 0.48, 75, 500, 4, 54, 18750, 2.5
1, 20519, 253, 265, 270, 5867536, 5889033, 0.48, 75, 500, 4, 60, 18750, 2.5
1, 19251, 250, 251, 253, 5800414, 5828549, 0.48, 75, 500, 4, 60, 18750, 2.5
1, 19045, 273, 276, 275, 5244274, 5270694, 0.48, 75, 500, 4, 53, 18750, 2.5
0, 21711, 273, 296, 288, 6108222, 5950518, 0.48, 75, 500, 4, 69, 18750, 2.5
1, 19683, 272, 275, 274, 6002842, 6011172, 0.48, 75, 500, 4, 55, 18750, 2.5
1, 19790, 249, 251, 259, 5917372, 6022007, 0.48, 75, 500, 4, 52, 18750, 2.5
1, 23888, 246, 275, 285, 6471215, 6483145, 0.48, 75, 500, 4, 66, 18750, 2.5
1, 18959, 252, 253, 254, 5729339, 5753103, 0.48, 75, 500, 4, 53, 18750, 2.5
1, 20212, 251, 262, 261, 5753027, 5758636, 0.48, 75, 500, 4, 57, 18750, 2.5
1, 19959, 232, 236, 242, 5685472, 5765055, 0.48, 75, 500, 4, 55, 18750, 2.5
1, 24024, 250, 288, 291, 6368398, 6423026, 0.48, 75, 500, 4, 71, 18750, 2.5
1, 19006, 255, 256, 257, 5748698, 5775840, 0.48, 75, 500, 4, 51, 18750, 2.5
1, 19322, 268, 271, 272, 5733017, 5733362, 0.48, 75, 500, 4, 55, 18750, 2.5
1, 19958, 257, 262, 263, 5803353, 5853790, 0.48, 75, 500, 4, 57, 18750, 2.5
0, 26250, 240, 299, 306, 6720685, 6590385, 0.48, 75, 500, 4, 69, 18750, 2.5
1, 19084, 256, 257, 258, 5712062, 5729809, 0.48, 75, 500, 4, 57, 18750, 2.5
1, 19330, 257, 258, 263, 5538384, 5560944, 0.48, 75, 500, 4, 63, 18750, 2.5
1, 20062, 267, 271, 279, 6062767, 6083005, 0.48, 75, 500, 4, 51, 18750, 2.5
1, 19261, 259, 260, 265, 5765481, 5785700, 0.48, 75, 500, 4, 51, 18750, 2.5
1, 19264, 287, 290, 290, 6172547, 6214032, 0.48, 75, 500, 4, 51, 18750, 2.5
1, 19365, 238, 242, 242, 5459881, 5475008, 0.48, 75, 500, 4, 47, 18750, 2.5
1, 20313, 262, 274, 274, 5939498, 5940307, 0.48, 75, 500, 4, 60, 18750, 2.5
1, 19389, 232, 236, 242, 5648446, 5671256, 0.48, 75, 500, 4, 51, 18750, 2.5
1, 19098, 232, 233, 235, 5312934, 5340200, 0.48, 75, 500, 4, 50, 18750, 2.5
0, 26250, 274, 335, 324, 6725102, 6623239, 0.48, 75, 500, 4, 81, 18750, 2.5
0, 26250, 276, 327, 320, 6788845, 6559624, 0.48, 75, 500, 4, 83, 18750, 2.5
1, 19225, 244, 245, 253, 5886686, 5951241, 0.48, 75, 500, 4, 56, 18750, 2.5
1, 18906, 261, 263, 263, 5816873, 5854706, 0.48, 75, 500, 4, 56, 18750, 2.5
0, 19712, 227, 232, 230, 6032437, 5926718, 0.48, 75, 500, 4, 51, 18750, 2.5
0, 23098, 246, 275, 274, 6470216, 6285542, 0.48, 75, 500, 4, 59, 18750, 2.5
1, 18905, 241, 242, 246, 5341747, 5389503, 0.48, 75, 500, 4, 51, 18750, 2.5
0, 26250, 270, 332, 316, 6482419, 6316596, 0.48, 75, 500, 4, 82, 18750, 2.5
1, 19862, 218, 225, 224, 5778651, 5805128, 0.48, 75, 500, 4, 56, 18750, 2.5
1, 18999, 256, 257, 258, 5764442, 5772860, 0.48, 75, 500, 4, 54, 18750, 2.5
1, 19212, 248, 250, 251, 5565478, 5585961, 0.48, 75, 500, 4, 53, 18750, 2.5
1, 19241, 237, 240, 242, 5568251, 5589642, 0.48, 75, 500, 4, 50, 18750, 2.5
1, 19915, 249, 253, 255, 6112556, 6166013, 0.48, 75, 500, 4, 51, 18750, 2.5
1, 19075, 252, 253, 256, 5724536, 5760588, 0.48, 75, 500, 4, 53, 18750, 2.5
1, 19039, 245, 246, 248, 5835974, 5860074, 0.48, 75, 500, 4, 46, 18750, 2.5
1, 19807, 222, 228, 230, 5575879, 5610374, 0.48, 75, 500, 4, 56, 18750, 2.5
1, 19803, 246, 250, 253, 5936488, 5985022, 0.48, 75, 500, 4, 59, 18750, 2.5
1, 19004, 261, 262, 263, 5598572, 5604052, 0.48, 75, 500, 4, 57, 18750, 2.5
0, 24195, 246, 285, 276, 6330694, 6150347, 0.48, 75, 500, 4, 75, 18750, 2.5
1, 19886, 266, 274, 271, 5710747, 5734793, 0.48, 75, 500, 4, 61, 18750, 2.5
1, 22014, 259, 275, 275, 6184017, 6270776, 0.48, 75, 500, 4, 68, 18750, 2.5
1, 19193, 272, 275, 276, 5739565, 5761992, 0.48, 75, 500, 4, 52, 18750, 2.5
1, 19436, 244, 245, 246, 6137167, 6142600, 0.48, 75, 500, 4, 53, 18750, 2.5
1, 22302, 249, 265, 274, 6487649, 6520889, 0.48, 75, 500, 4, 67, 18750, 2.5
1, 19706, 258, 263, 266, 5483145, 5491477, 0.48, 75, 500, 4, 52, 18750, 2.5
1, 19030, 234, 235, 236, 5977556, 5991701, 0.48, 75, 500, 4, 52, 18750, 2.5
1, 24628, 239, 276, 276, 6245818, 6263410, 0.48, 75, 500, 4, 73, 18750, 2.5
1, 18800, 250, 251, 252, 5755990, 5762023, 0.48, 75, 500, 4, 53, 18750, 2.5
1, 19996, 253, 265, 263, 5839534, 5848426, 0.48, 75, 500, 4, 53, 18750, 2.5
0, 26250, 262, 314, 332, 6969682, 6898426, 0.48, 75, 500, 4, 80, 18750, 2.5
0, 26250, 251, 307, 289, 6903622, 6707734, 0.48, 75, 500, 4, 75, 18750, 2.5
0, 22446, 213, 248, 241, 6236980, 6044406, 0.48, 75, 500, 4, 62, 18750, 2.5
1, 19154, 245, 247, 251, 5650835, 5690480, 0.48, 75, 500, 4, 52, 18750, 2.5
0, 21804, 265, 293, 277, 6239822, 6054519, 0.48, 75, 500, 4, 60, 18750, 2.5
1, 21396, 231, 243, 252, 5993531, 6029117, 0.48, 75, 500, 4, 69, 18750, 2.5
1, 19386, 272, 275, 279, 5730850, 5777315, 0.48, 75, 500, 4, 54, 18750, 2.5
1, 19626, 247, 253, 252, 6066119, 6071841, 0.48, 75, 500, 4, 62, 18750, 2.5
0, 26250, 265, 327, 316, 6765225, 6650456, 0.48, 75, 500, 4, 80, 18750, 2.5
1, 19312, 238, 239, 242, 5766815, 5794581, 0.48, 75, 500, 4, 55, 18750, 2.5
1, 19312, 247, 251, 251, 4186939, 4220177, 0.48, 75, 500, 3, 40, 18750, 2.5
1, 19244, 267, 270, 271, 4669055, 4690237, 0.48, 75, 500, 3, 38, 18750, 2.5
0, 22829, 275, 300, 284, 6560647, 6323168, 0.48, 75, 500, 4, 69, 18750, 2.5
1, 19840, 248, 258, 254, 4286006, 4321326, 0.48, 75, 500, 3, 43, 18750, 2.5
1, 19074, 262, 265, 266, 3950548, 3966260, 0.48, 75, 500, 3, 39, 18750, 2.5
0, 26250, 241, 294, 298, 6675945, 6575342, 0.48, 75, 500, 4, 76, 18750, 2.5
1, 19405, 238, 243, 242, 5611745, 5633495, 0.48, 75, 500, 4, 60, 18750, 2.5
1, 20835, 258, 267, 269, 6004613, 6123907, 0.48, 75, 500, 4, 56, 18750, 2.5
1, 18914, 251, 252, 254, 5599638, 5611465, 0.48, 75, 500, 4, 57, 18750, 2.5
1, 19455, 230, 232, 236, 4125603, 4144967, 0.48, 75, 500, 3, 41, 18750, 2.5
1, 19511, 259, 261, 265, 4348173, 4370123, 0.48, 75, 500, 3, 39, 18750, 2.5
0, 23956, 244, 293, 287, 4975066, 4824855, 0.48, 75, 500, 3, 45, 18750, 2.5
0, 26250, 258, 296, 320, 6703117, 6626719, 0.48, 75, 500, 4, 79, 18750, 2.5
1, 19130, 268, 270, 271, 4113346, 4120082, 0.48, 75, 500, 3, 41, 18750, 2.5
0, 26250, 261, 331, 302, 4890979, 4868601, 0.48, 75, 500, 3, 54, 18750, 2.5
1, 19126, 251, 253, 254, 4231594, 4236072, 0.48, 75, 500, 3, 38, 18750, 2.5
1, 19119, 233, 236, 236, 4358467, 4368128, 0.48, 75, 500, 3, 41, 18750, 2.5
1, 19494, 254, 256, 261, 4109329, 4159377, 0.48, 75, 500, 3, 35, 18750, 2.5
1, 19507, 256, 258, 259, 4270902, 4303650, 0.48, 75, 500, 3, 42, 18750, 2.5
1, 19575, 274, 277, 283, 4544730, 4559864, 0.48, 75, 500, 3, 38, 18750, 2.5
1, 20123, 254, 259, 257, 4055880, 4084943, 0.48, 75, 500, 3, 41, 18750, 2.5
1, 19674, 258, 262, 266, 4181023, 4197004, 0.48, 75, 500, 3, 39, 18750, 2.5
1, 19535, 271, 275, 276, 4189378, 4217723, 0.48, 75, 500, 3, 44, 18750, 2.5
1, 19934, 260, 265, 268, 4260667, 4276228, 0.48, 75, 500, 3, 43, 18750, 2.5
1, 19743, 249, 253, 254, 4466748, 4495344, 0.48, 75, 500, 3, 41, 18750, 2.5
1, 20314, 268, 276, 275, 4965227, 4988409, 0.48, 75, 500, 3, 43, 18750, 2.5
1, 19654, 244, 246, 248, 4556057, 4566751, 0.48, 75, 500, 3, 37, 18750, 2.5
1, 19687, 255, 258, 261, 4382738, 4406797, 0.48, 75, 500, 3, 38, 18750, 2.5
1, 21119, 260, 277, 277, 4551293, 4594820, 0.48, 75, 500, 3, 48, 18750, 2.5
1, 18998, 258, 259, 261, 4143139, 4149286, 0.48, 75, 500, 3, 38, 18750, 2.5
1, 19119, 244, 245, 246, 4381105, 4389486, 0.48, 75, 500, 3, 40, 18750, 2.5
1, 19140, 245, 246, 248, 4067358, 4072081, 0.48, 75, 500, 3, 41, 18750, 2.5
1, 19807, 272, 278, 279, 4296013, 4325722, 0.48, 75, 500, 3, 36, 18750, 2.5
1, 19055, 260, 261, 263, 4239168, 4243163, 0.48, 75, 500, 3, 35, 18750, 2.5
0, 26250, 256, 316, 306, 5049624, 5001515, 0.48, 75, 500, 3, 54, 18750, 2.5
1, 20087, 245, 252, 254, 4262443, 4280461, 0.48, 75, 500, 3, 39, 18750, 2.5
0, 26250, 258, 301, 311, 5060551, 5027488, 0.48, 75, 500, 3, 52, 18750, 2.5
1, 19334, 261, 262, 265, 4485403, 4513254, 0.48, 75, 500, 3, 42, 18750, 2.5
1, 19179, 255, 256, 257, 4327589, 4364550, 0.48, 75, 500, 3, 41, 18750, 2.5
1, 19225, 251, 252, 255, 4473525, 4491912, 0.48, 75, 500, 3, 44, 18750, 2.5
0, 25133, 246, 309, 290, 5073892, 4844532, 0.48, 75, 500, 3, 56, 18750, 2.5
1, 19190, 233, 237, 235, 4445579, 4465278, 0.48, 75, 500, 3, 40, 18750, 2.5
1, 19281, 253, 254, 255, 4240253, 4248994, 0.48, 75, 500, 3, 37, 18750, 2.5
1, 19465, 220, 227, 227, 4667717, 4681431, 0.48, 75, 500, 3, 38, 18750, 2.5
0, 23517, 264, 296, 288, 4495062, 4300935, 0.48, 75, 500, 3, 51, 18750, 2.5
1, 19112, 222, 223, 224, 4464811, 4496806, 0.48, 75, 500, 3, 37, 18750, 2.5
0, 22295, 261, 289, 280, 4721613, 4566088, 0.48, 75, 500, 3, 50, 18750, 2.5
0, 21398, 226, 242, 238, 4479878, 4365185, 0.48, 75, 500, 3, 38, 18750, 2.5
1, 21451, 243, 265, 261, 4496769, 4524840, 0.48, 75, 500, 3, 43, 18750, 2.5
1, 19237, 245, 247, 250, 4265542, 4297024, 0.48, 75, 500, 3, 41, 18750, 2.5
1, 19343, 261, 264, 269, 4560869, 4606149, 0.48, 75, 500, 3, 40, 18750, 2.5
1, 20236, 234, 242, 244, 4396794, 4421304, 0.48, 75, 500, 3, 41, 18750, 2.5
0, 26250, 260, 311, 313, 4866295, 4801955, 0.48, 75, 500, 3, 58, 18750, 2.5
1, 20754, 222, 232, 235, 4249331, 4272911, 0.48, 75, 500, 3, 44, 18750, 2.5
1, 19733, 236, 239, 241, 4215137, 4245095, 0.48, 75, 500, 3, 37, 18750, 2.5
1, 18915, 250, 251, 252, 4009140, 4020694, 0.48, 75, 500, 3, 43, 18750, 2.5
0, 21960, 240, 274, 262, 4334189, 4153004, 0.48, 75, 500, 3, 42, 18750, 2.5
1, 19044, 256, 258, 261, 4064925, 4077677, 0.48, 75, 500, 3, 35, 18750, 2.5
1, 19027, 242, 245, 245, 4378185, 4385195, 0.48, 75, 500, 3, 39, 18750, 2.5
1, 19114, 251, 253, 254, 4512293, 4518316, 0.48, 75, 500, 3, 37, 18750, 2.5
1, 20481, 251, 253, 255, 4482426, 4531698, 0.48, 75, 500, 3, 42, 18750, 2.5
1, 19539, 248, 251, 256, 4400698, 4405844, 0.48, 75, 500, 3, 42, 18750, 2.5
1, 19706, 251, 257, 255, 4496369, 4511787, 0.48, 75, 500, 3, 40, 18750, 2.5
1, 18916, 249, 251, 252, 4085246, 4088664, 0.48, 75, 500, 3, 40, 18750, 2.5
1, 19343, 232, 236, 239, 4439664, 4457071, 0.48, 75, 500, 3, 37, 18750, 2.5
1, 19409, 266, 270, 269, 4110360, 4142026, 0.48, 75, 500, 3, 36, 18750, 2.5
0, 20001, 262, 274, 273, 4366335, 4264160, 0.48, 75, 500, 3, 41, 18750, 2.5
1, 20077, 267, 278, 277, 4402414, 4407909, 0.48, 75, 500, 3, 42, 18750, 2.5
1, 19766, 252, 254, 255, 4486582, 4512711, 0.48, 75, 500, 3, 42, 18750, 2.5
1, 19154, 249, 252, 254, 4494835, 4501798, 0.48, 75, 500, 3, 38, 18750, 2.5
0, 20919, 264, 285, 277, 4595805, 4469577, 0.48, 75, 500, 3, 39, 18750, 2.5
0, 22091, 236, 269, 258, 4677962, 4497517, 0.48, 75, 500, 3, 45, 18750, 2.5
0, 26250, 259, 309, 303, 4968145, 4876556, 0.48, 75, 500, 3, 57, 18750, 2.5
0, 24152, 236, 286, 269, 4771652, 4594086, 0.48, 75, 500, 3, 51, 18750, 2.5
1, 19416, 266, 268, 272, 4352076, 4378551, 0.48, 75, 500, 3, 39, 18750, 2.5
1, 18874, 241, 242, 243, 4532692, 4533728, 0.48, 75, 500, 3, 39, 18750, 2.5
1, 19721, 274, 279, 279, 4538917, 4548713, 0.48, 75, 500, 3, 44, 18750, 2.5
1, 19395, 259, 262, 264, 4091175, 4113462, 0.48, 75, 500, 3, 39, 18750, 2.5
1, 19830, 244, 248, 250, 4257046, 4299418, 0.48, 75, 500, 3, 40, 18750, 2.5
1, 19355, 260, 264, 265, 4094166, 4099736, 0.48, 75, 500, 3, 40, 18750, 2.5
1, 19318, 229, 231, 231, 4224826, 4227886, 0.48, 75, 500, 3, 37, 18750, 2.5
1, 20363, 249, 251, 256, 4620311, 4651158, 0.48, 75, 500, 3, 41, 18750, 2.5
0, 26250, 242, 301, 299, 5080283, 5050352, 0.48, 75, 500, 3, 56, 18750, 2.5
0, 26250, 283, 329, 328, 5380746, 5321627, 0.48, 75, 500, 3, 57, 18750, 2.5
1, 19526, 251, 253, 253, 4515114, 4521593, 0.48, 75, 500, 3, 41, 18750, 2.5
0, 26250, 262, 310, 311, 5111542, 5066668, 0.48, 75, 500, 3, 59, 18750, 2.5
1, 19074, 251, 252, 254, 4074135, 4086183, 0.48, 75, 500, 3, 35, 18750, 2.5
0, 22088, 254, 281, 267, 4592795, 4434530, 0.48, 75, 500, 3, 44, 18750, 2.5
1, 19028, 268, 269, 271, 4361997, 4369433, 0.48, 75, 500, 3, 43, 18750, 2.5
1, 19025, 256, 259, 259, 4209002, 4209340, 0.48, 75, 500, 3, 37, 18750, 2.5
1, 19320, 256, 258, 259, 4030601, 4037361, 0.48, 75, 500, 3, 37, 18750, 2.5
1, 19292, 242, 243, 246, 4377440, 4388753, 0.48, 75, 500, 3, 40, 18750, 2.5
1, 24951, 245, 293, 302, 5081752, 5109352, 0.48, 75, 500, 3, 50, 18750, 2.5
0, 24023, 263, 305, 302, 4660944, 4528482, 0.48, 75, 500, 3, 49, 18750, 2.5
1, 19712, 242, 247, 246, 4332503, 4344747, 0.48, 75, 500, 3, 38, 18750, 2.5
1, 19749, 265, 266, 270, 4473806, 4511262, 0.48, 75, 500, 3, 42, 18750, 2.5
1, 19423, 270, 273, 272, 4531947, 4533529, 0.48, 75, 500, 3, 36, 18750, 2.5
1, 19162, 264, 265, 269, 4497923, 4530264, 0.48, 75, 500, 3, 41, 18750, 2.5
1, 19585, 250, 255, 256, 4368163, 4388640, 0.48, 75, 500, 3, 39, 18750, 2.5
1, 19341, 241, 246, 245, 4148821, 4192929, 0.48, 75, 500, 3, 43, 18750, 2.5
1, 19378, 234, 237, 236, 3822038, 3840982, 0.48, 75, 500, 3, 38, 18750, 2.5
1, 19136, 221, 223, 224, 4376762, 4381588, 0.48, 75, 500, 3, 36, 18750, 2.5
1, 18986, 264, 266, 267, 3190834, 3200059, 0.48, 75, 500, 2, 27, 18750, 2.5
1, 19582, 205, 207, 214, 4219411, 4276191, 0.48, 75, 500, 3, 41, 18750, 2.5
1, 19564, 216, 224, 222, 2857857, 2862953, 0.48, 75, 500, 2, 23, 18750, 2.5
1, 19453, 236, 241, 240, 2880147, 2883697, 0.48, 75, 500, 2, 28, 18750, 2.5
1, 19257, 246, 248, 251, 2937579, 2951755, 0.48, 75, 500, 2, 26, 18750, 2.5
1, 19760, 234, 236, 240, 2670855, 2697805, 0.48, 75, 500, 2, 25, 18750, 2.5
0, 24454, 236, 268, 281, 5048633, 4822424, 0.48, 75, 500, 3, 53, 18750, 2.5
1, 19034, 261, 263, 263, 3010285, 3022667, 0.48, 75, 500, 2, 22, 18750, 2.5
1, 19641, 277, 278, 281, 2854516, 2887885, 0.48, 75, 500, 2, 25, 18750, 2.5
1, 19625, 238, 243, 242, 4757309, 4758972, 0.48, 75, 500, 3, 40, 18750, 2.5
1, 19623, 226, 229, 231, 2963919, 2978124, 0.48, 75, 500, 2, 26, 18750, 2.5
1, 19570, 261, 262, 269, 4430830, 4459539, 0.48, 75, 500, 3, 40, 18750, 2.5
1, 19142, 269, 272, 273, 2767286, 2772110, 0.48, 75, 500, 2, 24, 18750, 2.5
1, 20056, 239, 240, 242, 3016124, 3039022, 0.48, 75, 500, 2, 26, 18750, 2.5
1, 19361, 256, 259, 260, 2745806, 2756567, 0.48, 75, 500, 2, 26, 18750, 2.5
1, 19621, 256, 258, 263, 2937099, 2983053, 0.48, 75, 500, 2, 26, 18750, 2.5
1, 19471, 244, 245, 250, 2824769, 2858405, 0.48, 75, 500, 2, 25, 18750, 2.5
1, 19377, 238, 241, 242, 2741607, 2746326, 0.48, 75, 500, 2, 25, 18750, 2.5
1, 20080, 268, 270, 275, 2993558, 3045065, 0.48, 75, 500, 2, 24, 18750, 2.5
1, 19253, 249, 252, 252, 2794027, 2794124, 0.48, 75, 500, 2, 27, 18750, 2.5
1, 19322, 243, 245, 247, 2908158, 2931305, 0.48, 75, 500, 2, 26, 18750, 2.5
1, 19176, 239, 240, 241, 2820095, 2823862, 0.48, 75, 500, 2, 24, 18750, 2.5
1, 18827, 257, 259, 259, 2765223, 2765225, 0.48, 75, 500, 2, 25, 18750, 2.5
1, 19711, 276, 280, 284, 2859715, 2877423, 0.48, 75, 500, 2, 24, 18750, 2.5
1, 19366, 262, 264, 266, 2847423, 2860129, 0.48, 75, 500, 2, 24, 18750, 2.5
1, 20187, 252, 260, 259, 2711849, 2720451, 0.48, 75, 500, 2, 26, 18750, 2.5
0, 21573, 246, 268, 257, 3373263, 3254967, 0.48, 75, 500, 2, 26, 18750, 2.5
1, 21085, 246, 259, 259, 3067770, 3081452, 0.48, 75, 500, 2, 27, 18750, 2.5
1, 19173, 283, 284, 285, 3051615, 3056891, 0.48, 75, 500, 2, 24, 18750, 2.5
1, 20115, 231, 237, 237, 2792881, 2807300, 0.48, 75, 500, 2, 23, 18750, 2.5
1, 19137, 246, 249, 249, 2925893, 2925914, 0.48, 75, 500, 2, 25, 18750, 2.5
1, 19543, 260, 263, 263, 2834940, 2853013, 0.48, 75, 500, 2, 26, 18750, 2.5
1, 19222, 253, 255, 255, 3192290, 3192291, 0.48, 75, 500, 2, 24, 18750, 2.5
1, 19335, 260, 262, 265, 2898679, 2909929, 0.48, 75, 500, 2, 25, 18750, 2.5
0, 20278, 248, 260, 260, 2871595, 2806350, 0.48, 75, 500, 2, 24, 18750, 2.5
0, 20774, 245, 267, 256, 2886647, 2797224, 0.48, 75, 500, 2, 25, 18750, 2.5
1, 18950, 223, 224, 225, 3057996, 3061259, 0.48, 75, 500, 2, 27, 18750, 2.5
0, 21652, 259, 277, 277, 3091112, 3013007, 0.48, 75, 500, 2, 32, 18750, 2.5
1, 19389, 285, 287, 289, 3013835, 3032392, 0.48, 75, 500, 2, 22, 18750, 2.5
1, 19527, 214, 218, 219, 2670207, 2683561, 0.48, 75, 500, 2, 26, 18750, 2.5
1, 19317, 258, 261, 263, 2862564, 2881435, 0.48, 75, 500, 2, 24, 18750, 2.5
0, 26250, 241, 303, 293, 3240895, 3202929, 0.48, 75, 500, 2, 38, 18750, 2.5
0, 26250, 269, 323, 307, 3564131, 3511263, 0.48, 75, 500, 2, 38, 18750, 2.5
1, 19269, 238, 240, 242, 2985272, 3008890, 0.48, 75, 500, 2, 23, 18750, 2.5
1, 19439, 252, 256, 255, 3138439, 3147421, 0.48, 75, 500, 2, 27, 18750, 2.5
1, 19491, 252, 256, 255, 2968023, 2982009, 0.48, 75, 500, 2, 25, 18750, 2.5
1, 19429, 230, 233, 234, 3212579, 3221067, 0.48, 75, 500, 2, 24, 18750, 2.5
1, 18836, 249, 250, 251, 2784869, 2792662, 0.48, 75, 500, 2, 23, 18750, 2.5
1, 19004, 260, 262, 263, 2965307, 2971611, 0.48, 75, 500, 2, 26, 18750, 2.5
1, 20240, 239, 251, 250, 3065032, 3082490, 0.48, 75, 500, 2, 28, 18750, 2.5
1, 18798, 246, 247, 248, 2842496, 2844836, 0.48, 75, 500, 2, 26, 18750, 2.5
1, 19314, 259, 263, 264, 2956121, 2962023, 0.48, 75, 500, 2, 26, 18750, 2.5
1, 20098, 279, 283, 288, 3195753, 3225432, 0.48, 75, 500, 2, 28, 18750, 2.5
0, 20809, 244, 263, 259, 3062780, 2982811, 0.48, 75, 500, 2, 28, 18750, 2.5
1, 19611, 240, 244, 244, 3033736, 3049616, 0.48, 75, 500, 2, 27, 18750, 2.5
1, 19637, 267, 270, 276, 2855796, 2892239, 0.48, 75, 500, 2, 28, 18750, 2.5
0, 26250, 248, 304, 292, 3742975, 3688590, 0.48, 75, 500, 2, 38, 18750, 2.5
1, 19127, 266, 268, 270, 3083214, 3107723, 0.48, 75, 500, 2, 26, 18750, 2.5
1, 19603, 260, 265, 264, 3045390, 3061624, 0.48, 75, 500, 2, 27, 18750, 2.5
1, 21586, 240, 254, 258, 3003792, 3007074, 0.48, 75, 500, 2, 31, 18750, 2.5
1, 19026, 262, 264, 264, 2671049, 2671076, 0.48, 75, 500, 2, 26, 18750, 2.5
1, 19794, 261, 266, 268, 2887116, 2896032, 0.48, 75, 500, 2, 27, 18750, 2.5
1, 20502, 254, 259, 261, 3170832, 3182676, 0.48, 75, 500, 2, 28, 18750, 2.5
1, 19147, 235, 237, 238, 2728498, 2733956, 0.48, 75, 500, 2, 26, 18750, 2.5
1, 19811, 243, 248, 247, 2952627, 2980415, 0.48, 75, 500, 2, 25, 18750, 2.5
1, 19627, 231, 232, 235, 2945831, 2953490, 0.48, 75, 500, 2, 25, 18750, 2.5
1, 19115, 244, 247, 247, 3065267, 3069044, 0.48, 75, 500, 2, 24, 18750, 2.5
1, 19378, 244, 247, 248, 2704768, 2718495, 0.48, 75, 500, 2, 26, 18750, 2.5
1, 19556, 238, 240, 242, 2884082, 2898386, 0.48, 75, 500, 2, 26, 18750, 2.5
1, 20694, 216, 230, 232, 2960918, 2981659, 0.48, 75, 500, 2, 29, 18750, 2.5
1, 20066, 251, 254, 258, 2905619, 2933792, 0.48, 75, 500, 2, 25, 18750, 2.5
0, 20190, 274, 282, 285, 2802165, 2717085, 0.48, 75, 500, 2, 31, 18750, 2.5
0, 20690, 251, 266, 255, 3027477, 2933314, 0.48, 75, 500, 2, 27, 18750, 2.5
1, 19283, 239, 242, 243, 2861086, 2866697, 0.48, 75, 500, 2, 26, 18750, 2.5
1, 19167, 253, 256, 258, 2959568, 2977670, 0.48, 75, 500, 2, 26, 18750, 2.5
1, 19105, 229, 230, 232, 2915072, 2925323, 0.48, 75, 500, 2, 23, 18750, 2.5
1, 19128, 253, 254, 257, 2631676, 2639962, 0.48, 75, 500, 2, 22, 18750, 2.5
1, 19588, 247, 250, 252, 2649927, 2688605, 0.48, 75, 500, 2, 25, 18750, 2.5
1, 19065, 223, 226, 226, 2969780, 2969811, 0.48, 75, 500, 2, 25, 18750, 2.5
1, 18947, 258, 261, 260, 3029428, 3030548, 0.48, 75, 500, 2, 24, 18750, 2.5
1, 19276, 269, 272, 272, 2636555, 2639612, 0.48, 75, 500, 2, 25, 18750, 2.5
1, 19209, 251, 255, 255, 2763299, 2763393, 0.48, 75, 500, 2, 24, 18750, 2.5
1, 19440, 259, 261, 263, 2892710, 2907799, 0.48, 75, 500, 2, 25, 18750, 2.5
1, 19450, 277, 279, 283, 2888285, 2909209, 0.48, 75, 500, 2, 24, 18750, 2.5
1, 19108, 230, 232, 232, 2681997, 2695598, 0.48, 75, 500, 2, 25, 18750, 2.5
1, 18821, 237, 239, 239, 2918433, 2918438, 0.48, 75, 500, 2, 24, 18750, 2.5
1, 19427, 241, 244, 246, 2751106, 2771464, 0.48, 75, 500, 2, 22, 18750, 2.5
1, 19303, 264, 268, 268, 2685256, 2700459, 0.48, 75, 500, 2, 26, 18750, 2.5
1, 19416, 262, 267, 266, 2682932, 2687107, 0.48, 75, 500, 2, 24, 18750, 2.5
1, 19474, 233, 235, 236, 2924344, 2940188, 0.48, 75, 500, 2, 23, 18750, 2.5
1, 19199, 223, 226, 227, 2731196, 2748046, 0.48, 75, 500, 2, 25, 18750, 2.5
0, 19388, 233, 239, 234, 3105113, 3045752, 0.48, 75, 500, 2, 26, 18750, 2.5
1, 20550, 253, 262, 263, 3046848, 3056031, 0.48, 75, 500, 2, 27, 18750, 2.5
1, 19284, 253, 254, 255, 2604682, 2605275, 0.48, 75, 500, 2, 25, 18750, 2.5
0, 20920, 242, 269, 254, 2843752, 2733117, 0.48, 75, 500, 2, 29, 18750, 2.5
1, 18925, 268, 270, 270, 2814502, 2814513, 0.48, 75, 500, 2, 25, 18750, 2.5
1, 19186, 244, 247, 248, 2854067, 2858573, 0.48, 75, 500, 2, 24, 18750, 2.5
1, 20645, 252, 258, 263, 3072676, 3077987, 0.48, 75, 500, 2, 30, 18750, 2.5
1, 19137, 276, 277, 278, 2889004, 2891923, 0.48, 75, 500, 2, 23, 18750, 2.5
1, 20892, 242, 261, 258, 3010422, 3020400, 0.48, 75, 500, 2, 26, 18750, 2.5
1, 19704, 250, 254, 255, 1536707, 1542487, 0.48, 75, 500, 1, 12, 18750, 2.5
1, 20000, 261, 264, 271, 2991838, 3032388, 0.48, 75, 500, 2, 27, 18750, 2.5
1, 19699, 261, 264, 269, 1443982, 1472022, 0.48, 75, 500, 1, 11, 18750, 2.5
1, 19593, 230, 233, 234, 1457944, 1463800, 0.48, 75, 500, 1, 11, 18750, 2.5
1, 19528, 230, 233, 234, 1407708, 1413138, 0.48, 75, 500, 1, 10, 18750, 2.5
1, 19211, 246, 249, 249, 1519840, 1519996, 0.48, 75, 500, 1, 12, 18750, 2.5
1, 20688, 232, 238, 239, 1530401, 1535553, 0.48, 75, 500, 1, 12, 18750, 2.5
1, 19318, 245, 248, 249, 3172548, 3175486, 0.48, 75, 500, 2, 25, 18750, 2.5
1, 19447, 256, 261, 262, 1374222, 1379509, 0.48, 75, 500, 1, 13, 18750, 2.5
1, 19378, 258, 261, 262, 1480238, 1486234, 0.48, 75, 500, 1, 13, 18750, 2.5
1, 19924, 260, 268, 269, 1463502, 1468866, 0.48, 75, 500, 1, 13, 18750, 2.5
1, 20309, 267, 273, 278, 3052135, 3054586, 0.48, 75, 500, 2, 28, 18750, 2.5
1, 19545, 271, 274, 275, 1479258, 1485010, 0.48, 75, 500, 1, 13, 18750, 2.5
1, 21507, 270, 286, 296, 2986655, 2995939, 0.48, 75, 500, 2, 32, 18750, 2.5
1, 19943, 264, 270, 271, 1449249, 1454578, 0.48, 75, 500, 1, 13, 18750, 2.5
0, 21679, 293, 318, 308, 1610814, 1552341, 0.48, 75, 500, 1, 15, 18750, 2.5
1, 19236, 258, 261, 261, 1568464, 1568565, 0.48, 75, 500, 1, 12, 18750, 2.5
1, 19084, 229, 232, 233, 1501802, 1507694, 0.48, 75, 500, 1, 12, 18750, 2.5
1, 19157, 278, 281, 282, 1454414, 1460143, 0.48, 75, 500, 1, 13, 18750, 2.5
1, 19701, 250, 253, 254, 1520462, 1526678, 0.48, 75, 500, 1, 12, 18750, 2.5
1, 19199, 237, 240, 242, 1549479, 1561875, 0.48, 75, 500, 1, 11, 18750, 2.5
1, 19066, 246, 249, 249, 1342007, 1342119, 0.48, 75, 500, 1, 12, 18750, 2.5
0, 21527, 269, 290, 279, 1683886, 1616945, 0.48, 75, 500, 1, 15, 18750, 2.5
1, 19070, 238, 241, 241, 1260954, 1261018, 0.48, 75, 500, 1, 13, 18750, 2.5
1, 19045, 240, 243, 243, 1311356, 1311362, 0.48, 75, 500, 1, 11, 18750, 2.5
1, 19379, 268, 271, 272, 1473016, 1478864, 0.48, 75, 500, 1, 11, 18750, 2.5
0, 26250, 256, 305, 297, 1759543, 1716616, 0.48, 75, 500, 1, 18, 18750, 2.5
1, 19176, 254, 257, 257, 1466033, 1466208, 0.48, 75, 500, 1, 13, 18750, 2.5
1, 19338, 251, 254, 256, 1472557, 1484244, 0.48, 75, 500, 1, 12, 18750, 2.5
1, 20476, 238, 248, 249, 1831083, 1837168, 0.48, 75, 500, 1, 12, 18750, 2.5
1, 19163, 242, 245, 247, 1557906, 1570377, 0.48, 75, 500, 1, 12, 18750, 2.5
1, 19168, 274, 277, 278, 1382265, 1387726, 0.48, 75, 500, 1, 11, 18750, 2.5
0, 23039, 247, 284, 274, 1563981, 1508782, 0.48, 75, 500, 1, 16, 18750, 2.5
1, 19612, 279, 282, 282, 1644178, 1644396, 0.48, 75, 500, 1, 13, 18750, 2.5
1, 19402, 264, 267, 270, 1441757, 1458694, 0.48, 75, 500, 1, 12, 18750, 2.5
1, 18842, 251, 254, 254, 1388304, 1388322, 0.48, 75, 500, 1, 11, 18750, 2.5
1, 19514, 276, 279, 280, 1389687, 1395230, 0.48, 75, 500, 1, 12, 18750, 2.5
1, 19824, 281, 284, 286, 1465675, 1477217, 0.48, 75, 500, 1, 13, 18750, 2.5
1, 19576, 224, 227, 227, 1384927, 1385021, 0.48, 75, 500, 1, 13, 18750, 2.5
1, 19502, 240, 243, 249, 1519721, 1556000, 0.48, 75, 500, 1, 12, 18750, 2.5
1, 19122, 249, 252, 252, 1362759, 1362763, 0.48, 75, 500, 1, 12, 18750, 2.5
1, 20643, 265, 268, 274, 1486617, 1521883, 0.48, 75, 500, 1, 13, 18750, 2.5
1, 19168, 250, 255, 256, 1380040, 1385386, 0.48, 75, 500, 1, 12, 18750, 2.5
1, 19039, 264, 267, 267, 1296518, 1296553, 0.48, 75, 500, 1, 13, 18750, 2.5
1, 19335, 273, 276, 276, 1461128, 1461294, 0.48, 75, 500, 1, 13, 18750, 2.5
1, 19605, 246, 249, 249, 1548615, 1548728, 0.48, 75, 500, 1, 13, 18750, 2.5
1, 19155, 234, 237, 237, 1380373, 1380399, 0.48, 75, 500, 1, 12, 18750, 2.5
1, 19770, 272, 275, 279, 1459618, 1482448, 0.48, 75, 500, 1, 13, 18750, 2.5
1, 19522, 266, 269, 269, 1563381, 1563471, 0.48, 75, 500, 1, 12, 18750, 2.5
1, 19598, 247, 250, 252, 1602729, 1615452, 0.48, 75, 500, 1, 13, 18750, 2.5
1, 20333, 231, 234, 243, 1341391, 1388429, 0.48, 75, 500, 1, 13, 18750, 2.5
1, 19472, 253, 256, 262, 1319888, 1351183, 0.48, 75, 500, 1, 12, 18750, 2.5
0, 23063, 247, 283, 273, 1568398, 1512506, 0.48, 75, 500, 1, 16, 18750, 2.5
1, 19142, 264, 267, 267, 1580728, 1580847, 0.48, 75, 500, 1, 12, 18750, 2.5
1, 19435, 225, 228, 228, 1369383, 1369389, 0.48, 75, 500, 1, 12, 18750, 2.5
1, 20272, 239, 248, 248, 1566361, 1571848, 0.48, 75, 500, 1, 13, 18750, 2.5
1, 19631, 241, 244, 244, 1583158, 1583312, 0.48, 75, 500, 1, 12, 18750, 2.5
1, 19202, 232, 235, 236, 1597778, 1604121, 0.48, 75, 500, 1, 11, 18750, 2.5
1, 19115, 226, 229, 231, 1366002, 1376982, 0.48, 75, 500, 1, 14, 18750, 2.5
1, 18965, 228, 231, 231, 1482736, 1482798, 0.48, 75, 500, 1, 12, 18750, 2.5
0, 24874, 235, 275, 265, 1892676, 1825148, 0.48, 75, 500, 1, 17, 18750, 2.5
1, 19660, 252, 255, 255, 1347257, 1347309, 0.48, 75, 500, 1, 13, 18750, 2.5
1, 19070, 230, 233, 233, 1381307, 1381438, 0.48, 75, 500, 1, 12, 18750, 2.5
0, 20140, 263, 279, 268, 1633253, 1566301, 0.48, 75, 500, 1, 13, 18750, 2.5
1, 18939, 251, 254, 255, 1512697, 1518671, 0.48, 75, 500, 1, 11, 18750, 2.5
1, 19179, 246, 250, 251, 1266351, 1271311, 0.48, 75, 500, 1, 12, 18750, 2.5
1, 19549, 249, 252, 253, 1435326, 1440968, 0.48, 75, 500, 1, 14, 18750, 2.5
1, 19738, 243, 246, 247, 1528441, 1534481, 0.48, 75, 500, 1, 12, 18750, 2.5
0, 26250, 244, 310, 304, 1652574, 1617194, 0.48, 75, 500, 1, 19, 18750, 2.5
1, 19915, 263, 266, 269, 1422003, 1438782, 0.48, 75, 500, 1, 12, 18750, 2.5
1, 19295, 265, 268, 268, 1365844, 1365920, 0.48, 75, 500, 1, 13, 18750, 2.5
1, 19407, 251, 254, 256, 1510309, 1527947, 0.48, 75, 500, 1, 13, 18750, 2.5
1, 19654, 234, 237, 241, 1535716, 1559937, 0.48, 75, 500, 1, 13, 18750, 2.5
1, 19503, 259, 261, 263, 1460558, 1466240, 0.48, 75, 500, 1, 13, 18750, 2.5
0, 21889, 260, 286, 275, 1548945, 1488242, 0.48, 75, 500, 1, 15, 18750, 2.5
1, 19015, 243, 246, 246, 1395812, 1395816, 0.48, 75, 500, 1, 11, 18750, 2.5
1, 19379, 283, 286, 287, 1484327, 1490192, 0.48, 75, 500, 1, 13, 18750, 2.5
1, 19781, 235, 238, 238, 1347802, 1348048, 0.48, 75, 500, 1, 12, 18750, 2.5
1, 19270, 260, 263, 263, 1413196, 1413416, 0.48, 75, 500, 1, 13, 18750, 2.5
0, 22653, 254, 282, 271, 1586306, 1524720, 0.48, 75, 500, 1, 15, 18750, 2.5
0, 26250, 269, 329, 320, 1726082, 1676443, 0.48, 75, 500, 1, 19, 18750, 2.5
1, 19291, 263, 266, 267, 1651166, 1657488, 0.48, 75, 500, 1, 12, 18750, 2.5
0, 21294, 261, 281, 272, 1566510, 1508302, 0.48, 75, 500, 1, 15, 18750, 2.5
1, 19210, 263, 266, 266, 1445067, 1445081, 0.48, 75, 500, 1, 13, 18750, 2.5
1, 19241, 268, 271, 272, 1440485, 1446341, 0.48, 75, 500, 1, 13, 18750, 2.5
1, 19340, 234, 237, 237, 1448673, 1448717, 0.48, 75, 500, 1, 12, 18750, 2.5
1, 19889, 258, 261, 265, 1600462, 1625746, 0.48, 75, 500, 1, 13, 18750, 2.5
1, 19476, 238, 241, 242, 1489402, 1495300, 0.48, 75, 500, 1, 13, 18750, 2.5
1, 19062, 271, 274, 275, 1269829, 1274879, 0.48, 75, 500, 1, 13, 18750, 2.5
1, 18980, 232, 234, 234, 1360442, 1360452, 0.48, 75, 500, 1, 14, 18750, 2.5
0, 21160, 242, 259, 248, 1620857, 1557424, 0.48, 75, 500, 1, 15, 18750, 2.5
0, 20656, 217, 237, 226, 1536326, 1473738, 0.48, 75, 500, 1, 14, 18750, 2.5
1, 19178, 244, 247, 250, 1501159, 1519060, 0.48, 75, 500, 1, 12, 18750, 2.5
1, 20123, 265, 271, 272, 1499190, 1504264, 0.48, 75, 500, 1, 14, 18750, 2.5
1, 19829, 241, 244, 244, 1515821, 1515972, 0.48, 75, 500, 1, 12, 18750, 2.5
1, 19462, 253, 256, 256, 1339400, 1339549, 0.48, 75, 500, 1, 13, 18750, 2.5
0, 21194, 240, 261, 251, 1477359, 1422121, 0.48, 75, 500, 1, 14, 18750, 2.5
1, 19481, 260, 263, 263, 1425768, 1425798, 0.48, 75, 500, 1, 12, 18750, 2.5
1, 19039, 234, 237, 238, 1487235, 1493094, 0.48, 75, 500, 1, 12, 18750, 2.5
0, 23092, 279, 314, 304, 1653053, 1594134, 0.48, 75, 500, 1, 16, 18750, 2.5
1, 19262, 268, 271, 273, 1327609, 1338223, 0.48, 75, 500, 1, 12, 18750, 2.5
1, 19428, 280, 283, 285, 1434792, 1446256, 0.48, 75, 500, 1, 11, 18750, 2.5
0, 22304, 273, 307, 296, 1383779, 1330640, 0.48, 75, 500, 1, 13, 18750, 2.5
1, 20343, 236, 248, 249, 1444685, 1449705, 0.48, 75, 500, 1, 12, 18750, 2.5
1, 19519, 212, 216, 217, 45615509, 46021952, 0.48, 75, 500, 32, 1485, 18750, 2.5
1, 19947, 236, 242, 247, 47403262, 47923337, 0.48, 75, 500, 32, 1494, 18750, 2.5
1, 19118, 251, 252, 256, 45240494, 45332802, 0.48, 75, 500, 32, 1496, 18750, 2.5
1, 19294, 265, 267, 270, 46694114, 46842068, 0.48, 75, 500, 32, 1500, 18750, 2.5
1, 19060, 260, 261, 265, 46025389, 46141504, 0.48, 75, 500, 32, 1502, 18750, 2.5
1, 18874, 249, 251, 251, 45345322, 45438501, 0.48, 75, 500, 32, 1533, 18750, 2.5
1, 19955, 253, 263, 261, 46327999, 46465758, 0.48, 75, 500, 32, 1579, 18750, 2.5
0, 26250, 254, 321, 293, 55205518, 55048236, 0.48, 75, 500, 32, 2001, 18750, 2.5
0, 26250, 243, 322, 271, 54476973, 53480768, 0.48, 75, 500, 32, 2089, 18750, 2.5
0, 26250, 257, 302, 314, 54417926, 53172835, 0.48, 75, 500, 32, 2110, 18750, 2.5
0, 26250, 238, 294, 286, 54016975, 53378657, 0.48, 75, 500, 32, 2132, 18750, 2.5
0, 26250, 243, 296, 284, 54569446, 54052484, 0.48, 75, 500, 32, 2159, 18750, 2.5
0, 26250, 249, 306, 289, 54283649, 53498876, 0.48, 75, 500, 32, 2181, 18750, 2.5
0, 26250, 265, 336, 312, 54059675, 52822935, 0.48, 75, 500, 32, 2185, 18750, 2.5
0, 26250, 227, 280, 280, 52893396, 52170973, 0.48, 75, 500, 32, 2234, 18750, 2.5
1, 19231, 260, 264, 263, 45670764, 45948967, 0.48, 75, 500, 32, 1420, 18750, 2.5
1, 19458, 229, 232, 232, 45912499, 46091038, 0.48, 75, 500, 32, 1461, 18750, 2.5
1, 19556, 286, 292, 292, 46926331, 47121961, 0.48, 75, 500, 32, 1498, 18750, 2.5
1, 20164, 244, 247, 258, 48337917, 48894695, 0.48, 75, 500, 32, 1544, 18750, 2.5
1, 19954, 263, 267, 271, 46346834, 46629682, 0.48, 75, 500, 32, 1581, 18750, 2.5
0, 25225, 243, 304, 280, 53236457, 51870203, 0.48, 75, 500, 32, 1989, 18750, 2.5
1, 19800, 281, 289, 288, 45832836, 45998394, 0.48, 75, 500, 32, 1467, 18750, 2.5
1, 19259, 245, 246, 249, 45239428, 45351183, 0.48, 75, 500, 32, 1379, 18750, 2.5
0, 26250, 260, 316, 323, 55743368, 54691201, 0.48, 75, 500, 32, 1997, 18750, 2.5
1, 19438, 244, 250, 246, 45882441, 45947602, 0.48, 75, 500, 32, 1472, 18750, 2.5
1, 19137, 239, 241, 242, 44716661, 44782785, 0.48, 75, 500, 32, 1646, 18750, 2.5
0, 26250, 262, 312, 313, 55386742, 54553932, 0.48, 75, 500, 32, 1978, 18750, 2.5
0, 26250, 267, 327, 314, 55268606, 54652163, 0.48, 75, 500, 32, 2087, 18750, 2.5
0, 26250, 252, 313, 309, 54697426, 53981483, 0.48, 75, 500, 32, 2167, 18750, 2.5
0, 25559, 234, 297, 274, 54068250, 52565417, 0.48, 75, 500, 32, 2105, 18750, 2.5
1, 19498, 239, 243, 243, 45236926, 45334162, 0.48, 75, 500, 32, 1574, 18750, 2.5
1, 19931, 255, 259, 271, 46728327, 46889067, 0.48, 75, 500, 32, 1622, 18750, 2.5
1, 19680, 258, 265, 263, 47080905, 47419368, 0.48, 75, 500, 32, 1592, 18750, 2.5
1, 19390, 252, 256, 255, 46705792, 46750462, 0.48, 75, 500, 32, 1573, 18750, 2.5
0, 24612, 243, 311, 264, 52197771, 50277988, 0.48, 75, 500, 32, 2150, 18750, 2.5
0, 19345, 254, 259, 255, 45547555, 44652327, 0.48, 75, 500, 32, 1735, 18750, 2.5
1, 19115, 254, 256, 257, 43841274, 44199660, 0.48, 75, 500, 32, 1776, 18750, 2.5
1, 19749, 216, 217, 225, 45805376, 46739322, 0.48, 75, 500, 32, 1938, 18750, 2.5
1, 19054, 258, 260, 260, 45747679, 45813308, 0.48, 75, 500, 32, 1767, 18750, 2.5
0, 24774, 268, 302, 312, 53330751, 52506872, 0.48, 75, 500, 32, 2371, 18750, 2.5
0, 26250, 253, 306, 292, 55488831, 54371451, 0.48, 75, 500, 32, 2348, 18750, 2.5
1, 19258, 261, 264, 269, 44979262, 44999715, 0.48, 75, 500, 32, 1816, 18750, 2.5
0, 26250, 269, 325, 319, 52993675, 52286865, 0.48, 75, 500, 32, 2374, 18750, 2.5
1, 19562, 249, 250, 258, 47585901, 47725763, 0.48, 75, 500, 32, 1818, 18750, 2.5
1, 19908, 260, 265, 269, 46823302, 46955716, 0.48, 75, 500, 32, 1847, 18750, 2.5
1, 21269, 268, 281, 295, 49532312, 50002753, 0.48, 75, 500, 32, 2007, 18750, 2.5
0, 25368, 256, 300, 290, 53882848, 52320960, 0.48, 75, 500, 32, 2304, 18750, 2.5
0, 26250, 253, 307, 310, 54688295, 54253596, 0.48, 75, 500, 32, 2485, 18750, 2.5
0, 24681, 252, 318, 285, 53281816, 52057399, 0.48, 75, 500, 32, 2305, 18750, 2.5
1, 21154, 279, 292, 289, 48346697, 48649587, 0.48, 75, 500, 32, 1905, 18750, 2.5
1, 19225, 234, 237, 241, 46956654, 47325859, 0.48, 75, 500, 32, 1669, 18750, 2.5
1, 19035, 269, 270, 273, 44948222, 45105797, 0.48, 75, 500, 32, 1650, 18750, 2.5
1, 19559, 265, 270, 267, 46082217, 46289044, 0.48, 75, 500, 32, 1656, 18750, 2.5
1, 19012, 245, 247, 250, 46074691, 46187165, 0.48, 75, 500, 32, 1557, 18750, 2.5
0, 26250, 236, 305, 285, 55112155, 54451385, 0.48, 75, 500, 32, 2250, 18750, 2.5
1, 19116, 242, 244, 248, 45601473, 45671444, 0.48, 75, 500, 32, 1624, 18750, 2.5
1, 19507, 264, 272, 270, 45608669, 45731030, 0.48, 75, 500, 32, 1494, 18750, 2.5
0, 25820, 233, 284, 293, 54478297, 52553042, 0.48, 75, 500, 32, 2169, 18750, 2.5
1, 19079, 260, 261, 263, 46084393, 46257933, 0.48, 75, 500, 32, 1498, 18750, 2.5
0, 26250, 273, 344, 311, 55698073, 54518180, 0.48, 75, 500, 32, 2129, 18750, 2.5
1, 19406, 247, 249, 254, 45941500, 46475803, 0.48, 75, 500, 32, 1618, 18750, 2.5
1, 19595, 251, 260, 256, 45855318, 46118329, 0.48, 75, 500, 32, 1433, 18750, 2.5
0, 26250, 226, 287, 267, 53966381, 53216412, 0.48, 75, 500, 32, 2096, 18750, 2.5
0, 26250, 238, 286, 289, 55350221, 54829491, 0.48, 75, 500, 32, 1889, 18750, 2.5
1, 19071, 236, 238, 240, 45761238, 45855316, 0.48, 75, 500, 32, 1561, 18750, 2.5
1, 19160, 245, 248, 250, 43749442, 43958921, 0.48, 75, 500, 32, 1474, 18750, 2.5
0, 26250, 247, 308, 298, 54249116, 53472386, 0.48, 75, 500, 32, 2102, 18750, 2.5
0, 26250, 289, 333, 338, 55184121, 54180177, 0.48, 75, 500, 32, 2072, 18750, 2.5
1, 19918, 244, 247, 254, 46383069, 46763993, 0.48, 75, 500, 32, 1587, 18750, 2.5
0, 26250, 246, 304, 304, 55362521, 54154417, 0.48, 75, 500, 32, 1995, 18750, 2.5
1, 19431, 273, 277, 279, 45835632, 45942453, 0.48, 75, 500, 32, 1453, 18750, 2.5
1, 19713, 230, 236, 243, 46783810, 46831726, 0.48, 75, 500, 32, 1585, 18750, 2.5
1, 20346, 276, 280, 284, 48381551, 48462717, 0.48, 75, 500, 32, 1727, 18750, 2.5
0, 26250, 263, 318, 320, 54528262, 54566500, 0.48, 75, 500, 32, 2112, 18750, 2.5
0, 26250, 228, 274, 262, 55205111, 53947791, 0.48, 75, 500, 32, 2129, 18750, 2.5
1, 19713, 247, 251, 252, 49285696, 49317899, 0.48, 75, 500, 32, 1647, 18750, 2.5
0, 26250, 255, 316, 320, 55062702, 54340872, 0.48, 75, 500, 32, 2263, 18750, 2.5
1, 19033, 234, 236, 237, 46928431, 46997869, 0.48, 75, 500, 32, 1545, 18750, 2.5
0, 26250, 250, 321, 286, 54635208, 53321847, 0.48, 75, 500, 32, 2131, 18750, 2.5
1, 19188, 239, 240, 244, 45776154, 46297320, 0.48, 75, 500, 32, 1495, 18750, 2.5
0, 26250, 257, 307, 295, 54751516, 54314879, 0.48, 75, 500, 32, 2220, 18750, 2.5
0, 26250, 250, 301, 305, 54427858, 53707637, 0.48, 75, 500, 32, 2169, 18750, 2.5
0, 26250, 257, 318, 304, 54875664, 53670190, 0.48, 75, 500, 32, 2093, 18750, 2.5
1, 22008, 266, 292, 281, 49537701, 49686173, 0.48, 75, 500, 32, 1832, 18750, 2.5
0, 26250, 267, 310, 327, 53775507, 53633156, 0.48, 75, 500, 32, 2228, 18750, 2.5
1, 19730, 251, 254, 262, 46196689, 46610088, 0.48, 75, 500, 32, 1646, 18750, 2.5
0, 26250, 233, 286, 295, 54126923, 53867750, 0.48, 75, 500, 32, 2081, 18750, 2.5
0, 26250, 258, 308, 301, 55058945, 54472302, 0.48, 75, 500, 32, 2055, 18750, 2.5
1, 19153, 242, 243, 245, 45915770, 46121766, 0.48, 75, 500, 32, 1446, 18750, 2.5
0, 26250, 236, 291, 275, 55062361, 53921706, 0.48, 75, 500, 32, 2125, 18750, 2.5
1, 19117, 233, 235, 237, 32247081, 32283767, 0.48, 75, 500, 23, 811, 18750, 2.5
1, 19140, 238, 239, 242, 45006552, 45479083, 0.48, 75, 500, 32, 1470, 18750, 2.5
1, 19316, 273, 275, 281, 46983717, 47121929, 0.48, 75, 500, 32, 1638, 18750, 2.5
0, 26250, 231, 288, 275, 53584806, 52849523, 0.48, 75, 500, 32, 2014, 18750, 2.5
0, 26250, 226, 286, 263, 39171242, 38582901, 0.48, 75, 500, 23, 935, 18750, 2.5
1, 20235, 266, 274, 272, 47407542, 47518120, 0.48, 75, 500, 32, 1615, 18750, 2.5
0, 26250, 250, 297, 302, 54596824, 53906923, 0.48, 75, 500, 32, 2019, 18750, 2.5
0, 26250, 276, 334, 329, 55192844, 53709813, 0.48, 75, 500, 32, 2294, 18750, 2.5
0, 26250, 235, 288, 304, 54470562, 54221934, 0.48, 75, 500, 32, 2140, 18750, 2.5
0, 23771, 256, 302, 290, 52918396, 51639605, 0.48, 75, 500, 32, 1824, 18750, 2.5
0, 26250, 256, 308, 309, 39814372, 38820380, 0.48, 75, 500, 23, 1041, 18750, 2.5
1, 19012, 235, 236, 237, 45349260, 45413947, 0.48, 75, 500, 32, 1625, 18750, 2.5
1, 19358, 231, 234, 238, 33210729, 33511832, 0.48, 75, 500, 23, 712, 18750, 2.5
0, 26250, 236, 280, 306, 39650867, 39034686, 0.48, 75, 500, 23, 1043, 18750, 2.5
0, 26250, 232, 287, 283, 39123805, 38800820, 0.48, 75, 500, 23, 1040, 18750, 2.5
1, 19077, 259, 261, 261, 33543542, 33550319, 0.48, 75, 500, 23, 756, 18750, 2.5
0, 26250, 255, 318, 303, 39475369, 38641422, 0.48, 75, 500, 23, 1068, 18750, 2.5
0, 26250, 261, 313, 321, 39835889, 39104031, 0.48, 75, 500, 23, 981, 18750, 2.5
0, 26250, 242, 288, 294, 53793013, 52871398, 0.48, 75, 500, 32, 2153, 18750, 2.5
1, 24823, 258, 299, 287, 38327874, 38477387, 0.48, 75, 500, 23, 1008, 18750, 2.5
0, 26250, 261, 318, 321, 39374012, 38971138, 0.48, 75, 500, 23, 1110, 18750, 2.5
0, 26250, 245, 301, 313, 38718042, 38439995, 0.48, 75, 500, 23, 1073, 18750, 2.5
1, 19344, 228, 233, 233, 32045962, 32174136, 0.48, 75, 500, 23, 768, 18750, 2.5
0, 26250, 254, 302, 304, 39837598, 39515516, 0.48, 75, 500, 23, 1038, 18750, 2.5
0, 26250, 235, 277, 288, 39928235, 39073793, 0.48, 75, 500, 23, 1132, 18750, 2.5
1, 18931, 238, 239, 241, 32275002, 32357639, 0.48, 75, 500, 23, 718, 18750, 2.5
0, 26250, 267, 322, 314, 40010137, 39130274, 0.48, 75, 500, 23, 1025, 18750, 2.5
1, 19293, 243, 244, 248, 33063196, 33290290, 0.48, 75, 500, 23, 800, 18750, 2.5
1, 19570, 239, 242, 246, 33423873, 33523142, 0.48, 75, 500, 23, 783, 18750, 2.5
0, 26250, 253, 301, 305, 38803298, 38558909, 0.48, 75, 500, 23, 1071, 18750, 2.5
0, 23662, 257, 290, 278, 37501005, 36053880, 0.48, 75, 500, 23, 902, 18750, 2.5
0, 26250, 265, 326, 321, 38426964, 37635246, 0.48, 75, 500, 23, 1112, 18750, 2.5
1, 19034, 245, 246, 247, 33872865, 33878701, 0.48, 75, 500, 23, 785, 18750, 2.5
0, 26250, 231, 276, 289, 39397770, 38797495, 0.48, 75, 500, 23, 1063, 18750, 2.5
1, 20343, 243, 250, 248, 33668771, 33789718, 0.48, 75, 500, 23, 796, 18750, 2.5
0, 26250, 275, 320, 325, 38991529, 38800044, 0.48, 75, 500, 23, 1151, 18750, 2.5
1, 18917, 263, 264, 265, 32831673, 32840602, 0.48, 75, 500, 23, 795, 18750, 2.5
0, 26250, 261, 320, 308, 39141422, 38809931, 0.48, 75, 500, 23, 1029, 18750, 2.5
0, 26250, 251, 324, 287, 39742977, 39095512, 0.48, 75, 500, 23, 1089, 18750, 2.5
0, 24304, 262, 292, 293, 37106242, 36076933, 0.48, 75, 500, 23, 1044, 18750, 2.5
0, 26250, 243, 315, 281, 39538703, 39007697, 0.48, 75, 500, 23, 1160, 18750, 2.5
0, 26250, 260, 315, 317, 39012305, 38559315, 0.48, 75, 500, 23, 1191, 18750, 2.5
0, 23889, 261, 310, 294, 36692321, 35779708, 0.48, 75, 500, 23, 990, 18750, 2.5
0, 26250, 263, 304, 319, 38634338, 38799532, 0.48, 75, 500, 23, 1127, 18750, 2.5
0, 25214, 265, 320, 306, 38786042, 37544098, 0.48, 75, 500, 23, 1100, 18750, 2.5
0, 26250, 239, 305, 287, 39485267, 38900061, 0.48, 75, 500, 23, 1141, 18750, 2.5
0, 26250, 258, 321, 311, 38747931, 38329576, 0.48, 75, 500, 23, 1089, 18750, 2.5
0, 26250, 247, 315, 295, 39186393, 38726908, 0.48, 75, 500, 23, 1145, 18750, 2.5
0, 26250, 258, 298, 299, 39691907, 38937819, 0.48, 75, 500, 23, 1121, 18750, 2.5
1, 19338, 267, 268, 272, 33653444, 33818525, 0.48, 75, 500, 23, 748, 18750, 2.5
1, 19543, 249, 252, 254, 32861653, 32924735, 0.48, 75, 500, 23, 844, 18750, 2.5
0, 22183, 279, 310, 292, 36115218, 35187903, 0.48, 75, 500, 23, 898, 18750, 2.5
1, 18980, 275, 277, 277, 32390696, 32434426, 0.48, 75, 500, 23, 771, 18750, 2.5
0, 26250, 255, 311, 308, 40068729, 39461782, 0.48, 75, 500, 23, 1125, 18750, 2.5
0, 26250, 235, 303, 293, 38190747, 38105794, 0.48, 75, 500, 23, 1139, 18750, 2.5
0, 26250, 274, 327, 327, 39504378, 38921438, 0.48, 75, 500, 23, 1154, 18750, 2.5
1, 22344, 266, 297, 284, 36979296, 37125805, 0.48, 75, 500, 23, 946, 18750, 2.5
1, 19493, 256, 261, 261, 31809827, 32032079, 0.48, 75, 500, 23, 789, 18750, 2.5
1, 18926, 257, 258, 261, 31564412, 31579250, 0.48, 75, 500, 23, 739, 18750, 2.5
0, 26250, 241, 292, 286, 39426388, 38759534, 0.48, 75, 500, 23, 1106, 18750, 2.5
0, 26250, 250, 319, 303, 39939904, 39823118, 0.48, 75, 500, 23, 1079, 18750, 2.5
1, 19056, 257, 259, 262, 33466784, 33641771, 0.48, 75, 500, 23, 792, 18750, 2.5
1, 19301, 244, 248, 248, 33215090, 33382195, 0.48, 75, 500, 23, 761, 18750, 2.5
0, 26250, 257, 332, 299, 39838739, 39187475, 0.48, 75, 500, 23, 1115, 18750, 2.5
0, 26250, 224, 278, 279, 39286797, 38866091, 0.48, 75, 500, 23, 1103, 18750, 2.5
0, 26250, 247, 304, 301, 39738865, 38824379, 0.48, 75, 500, 23, 1041, 18750, 2.5
1, 20762, 256, 268, 274, 34430894, 34579257, 0.48, 75, 500, 23, 800, 18750, 2.5
0, 26250, 252, 307, 294, 39840092, 39362621, 0.48, 75, 500, 23, 1038, 18750, 2.5
0, 26250, 276, 321, 316, 39163557, 39058036, 0.48, 75, 500, 23, 994, 18750, 2.5
0, 26250, 246, 295, 304, 38866365, 38526248, 0.48, 75, 500, 23, 1093, 18750, 2.5
0, 26250, 262, 316, 325, 38780998, 38239101, 0.48, 75, 500, 23, 1025, 18750, 2.5
0, 26250, 243, 307, 283, 39201960, 38412009, 0.48, 75, 500, 23, 1034, 18750, 2.5
1, 19596, 256, 263, 264, 33270574, 33305088, 0.48, 75, 500, 23, 778, 18750, 2.5
0, 26250, 257, 329, 295, 40361886, 39707870, 0.48, 75, 500, 23, 1045, 18750, 2.5
0, 26250, 269, 315, 316, 38529047, 38030501, 0.48, 75, 500, 23, 1136, 18750, 2.5
0, 26250, 227, 294, 295, 40738099, 40619646, 0.48, 75, 500, 23, 1071, 18750, 2.5
1, 19085, 257, 258, 260, 32696585, 32757585, 0.48, 75, 500, 23, 859, 18750, 2.5
0, 26250, 247, 289, 311, 40008855, 39128535, 0.48, 75, 500, 23, 1082, 18750, 2.5
1, 22124, 228, 233, 250, 34748483, 35113795, 0.48, 75, 500, 23, 913, 18750, 2.5
1, 19171, 264, 266, 268, 32631646, 32851517, 0.48, 75, 500, 23, 758, 18750, 2.5
0, 26250, 239, 312, 295, 38568461, 38083226, 0.48, 75, 500, 23, 1046, 18750, 2.5
0, 26250, 247, 298, 304, 40076843, 39607061, 0.48, 75, 500, 23, 1104, 18750, 2.5
1, 19630, 249, 253, 254, 33587615, 33601550, 0.48, 75, 500, 23, 824, 18750, 2.5
0, 26250, 255, 300, 305, 39080284, 38709598, 0.48, 75, 500, 23, 1042, 18750, 2.5
1, 19474, 233, 237, 240, 32910647, 33171481, 0.48, 75, 500, 23, 780, 18750, 2.5
0, 25846, 225, 273, 261, 38299018, 37223822, 0.48, 75, 500, 23, 1078, 18750, 2.5
1, 19543, 248, 250, 251, 33249860, 33391529, 0.48, 75, 500, 23, 817, 18750, 2.5
0, 26250, 262, 326, 314, 39295786, 38785833, 0.48, 75, 500, 23, 1175, 18750, 2.5
0, 23006, 235, 263, 265, 35326541, 34413169, 0.48, 75, 500, 23, 981, 18750, 2.5
1, 19607, 244, 247, 247, 33602450, 33864798, 0.48, 75, 500, 23, 847, 18750, 2.5
0, 26250, 277, 323, 325, 39043609, 38158072, 0.48, 75, 500, 23, 1146, 18750, 2.5
1, 19585, 251, 253, 255, 32474583, 32796780, 0.48, 75, 500, 23, 833, 18750, 2.5
1, 19611, 243, 250, 251, 33394078, 33552709, 0.48, 75, 500, 23, 817, 18750, 2.5
0, 26250, 242, 307, 299, 38941251, 38116748, 0.48, 75, 500, 23, 1098, 18750, 2.5
0, 26250, 247, 294, 296, 38475686, 38336397, 0.48, 75, 500, 23, 1119, 18750, 2.5
1, 19449, 236, 241, 240, 34184112, 34361330, 0.48, 75, 500, 23, 790, 18750, 2.5
0, 26250, 252, 304, 289, 39986076, 39168438, 0.48, 75, 500, 23, 1101, 18750, 2.5
0, 21509, 282, 300, 300, 34917808, 34226360, 0.48, 75, 500, 23, 984, 18750, 2.5
1, 19479, 274, 278, 277, 34011402, 34133496, 0.48, 75, 500, 23, 803, 18750, 2.5
1, 19788, 256, 261, 265, 32956449, 33062234, 0.48, 75, 500, 23, 819, 18750, 2.5
1, 19219, 260, 265, 263, 32573194, 32717645, 0.48, 75, 500, 23, 834, 18750, 2.5
0, 23638, 241, 295, 264, 37471351, 36489508, 0.48, 75, 500, 23, 937, 18750, 2.5
1, 19498, 248, 251, 251, 33148393, 33250294, 0.48, 75, 500, 23, 770, 18750, 2.5
1, 19673, 245, 253, 251, 23223593, 23254850, 0.48, 75, 500, 16, 375, 18750, 2.5
1, 21815, 268, 295, 288, 24429174, 24528208, 0.48, 75, 500, 16, 438, 18750, 2.5
1, 18999, 245, 247, 250, 22986407, 23021931, 0.48, 75, 500, 16, 363, 18750, 2.5
1, 19097, 272, 274, 275, 32660538, 32741032, 0.48, 75, 500, 23, 679, 18750, 2.5
1, 19566, 262, 267, 268, 23114755, 23217605, 0.48, 75, 500, 16, 445, 18750, 2.5
0, 26250, 236, 301, 263, 28065875, 27256944, 0.48, 75, 500, 16, 530, 18750, 2.5
0, 26250, 252, 294, 301, 40310469, 39900624, 0.48, 75, 500, 23, 1011, 18750, 2.5
0, 26250, 267, 330, 331, 39537707, 38584374, 0.48, 75, 500, 23, 1102, 18750, 2.5
0, 26250, 233, 318, 284, 39512045, 38813936, 0.48, 75, 500, 23, 1055, 18750, 2.5
0, 26250, 248, 320, 302, 27839269, 27080588, 0.48, 75, 500, 16, 524, 18750, 2.5
0, 25547, 260, 312, 314, 27424392, 26634819, 0.48, 75, 500, 16, 543, 18750, 2.5
1, 19023, 241, 243, 243, 23017086, 23043600, 0.48, 75, 500, 16, 380, 18750, 2.5
1, 19834, 269, 279, 275, 22868701, 22982886, 0.48, 75, 500, 16, 396, 18750, 2.5
0, 26250, 265, 312, 332, 38407463, 38183087, 0.48, 75, 500, 23, 1121, 18750, 2.5
1, 19782, 234, 239, 239, 22942364, 23026395, 0.48, 75, 500, 16, 423, 18750, 2.5
0, 26218, 278, 332, 319, 27570016, 26850779, 0.48, 75, 500, 16, 522, 18750, 2.5
0, 26250, 272, 328, 314, 26989953, 26539586, 0.48, 75, 500, 16, 603, 18750, 2.5
1, 19405, 223, 226, 227, 22461541, 22540914, 0.48, 75, 500, 16, 393, 18750, 2.5
0, 26250, 244, 294, 309, 38345972, 37862689, 0.48, 75, 500, 23, 1084, 18750, 2.5
1, 19674, 242, 245, 251, 23286690, 23319412, 0.48, 75, 500, 16, 425, 18750, 2.5
1, 18838, 221, 222, 223, 22480316, 22522378, 0.48, 75, 500, 16, 410, 18750, 2.5
0, 26250, 266, 332, 314, 39592007, 39133030, 0.48, 75, 500, 23, 1055, 18750, 2.5
0, 26250, 236, 282, 292, 28175163, 27941204, 0.48, 75, 500, 16, 564, 18750, 2.5
1, 18961, 261, 262, 264, 22102961, 22189865, 0.48, 75, 500, 16, 419, 18750, 2.5
1, 20278, 228, 232, 232, 24072166, 24234862, 0.48, 75, 500, 16, 453, 18750, 2.5
1, 19383, 257, 259, 261, 22762861, 22859206, 0.48, 75, 500, 16, 442, 18750, 2.5
0, 26250, 256, 313, 303, 27672275, 27407863, 0.48, 75, 500, 16, 614, 18750, 2.5
1, 19421, 280, 282, 285, 22514159, 22765357, 0.48, 75, 500, 16, 469, 18750, 2.5
1, 19577, 251, 253, 261, 22242523, 22696461, 0.48, 75, 500, 16, 464, 18750, 2.5
1, 21087, 253, 263, 269, 24780466, 24872299, 0.48, 75, 500, 16, 491, 18750, 2.5
1, 19381, 236, 237, 243, 22798300, 22933090, 0.48, 75, 500, 16, 478, 18750, 2.5
1, 20051, 251, 254, 263, 22757953, 22876500, 0.48, 75, 500, 16, 487, 18750, 2.5
1, 19790, 285, 287, 290, 23670375, 23786670, 0.48, 75, 500, 16, 481, 18750, 2.5
1, 19504, 242, 244, 246, 23111044, 23216392, 0.48, 75, 500, 16, 471, 18750, 2.5
0, 24162, 275, 313, 328, 25916632, 25312111, 0.48, 75, 500, 16, 589, 18750, 2.5
0, 26250, 259, 329, 316, 27210140, 26909382, 0.48, 75, 500, 16, 621, 18750, 2.5
0, 26250, 222, 278, 262, 26404498, 25894944, 0.48, 75, 500, 16, 626, 18750, 2.5
0, 24227, 268, 322, 292, 25563997, 24937976, 0.48, 75, 500, 16, 582, 18750, 2.5
1, 19178, 209, 210, 214, 22952924, 23114354, 0.48, 75, 500, 16, 461, 18750, 2.5
0, 26250, 259, 312, 327, 26429243, 26087957, 0.48, 75, 500, 16, 591, 18750, 2.5
0, 26250, 256, 325, 304, 26466289, 26272941, 0.48, 75, 500, 16, 566, 18750, 2.5
1, 19239, 251, 253, 255, 23368707, 23406604, 0.48, 75, 500, 16, 398, 18750, 2.5
0, 26250, 236, 281, 296, 27079672, 26903741, 0.48, 75, 500, 16, 561, 18750, 2.5
1, 19757, 268, 270, 273, 23708901, 23811986, 0.48, 75, 500, 16, 404, 18750, 2.5
1, 19944, 284, 291, 292, 23983585, 24030497, 0.48, 75, 500, 16, 420, 18750, 2.5
0, 26250, 264, 316, 316, 27285959, 26456911, 0.48, 75, 500, 16, 545, 18750, 2.5
1, 19112, 270, 271, 272, 22440732, 22532859, 0.48, 75, 500, 16, 398, 18750, 2.5
1, 20049, 236, 244, 247, 23038391, 23091178, 0.48, 75, 500, 16, 405, 18750, 2.5
0, 26250, 241, 285, 295, 27442371, 26973664, 0.48, 75, 500, 16, 552, 18750, 2.5
0, 26250, 229, 276, 277, 27574388, 26894697, 0.48, 75, 500, 16, 530, 18750, 2.5
1, 20148, 263, 272, 271, 23040080, 23076785, 0.48, 75, 500, 16, 416, 18750, 2.5
1, 18890, 238, 240, 240, 23141277, 23177510, 0.48, 75, 500, 16, 372, 18750, 2.5
0, 26250, 263, 311, 319, 27350807, 27173400, 0.48, 75, 500, 16, 540, 18750, 2.5
1, 19403, 275, 277, 281, 23153310, 23213558, 0.48, 75, 500, 16, 386, 18750, 2.5
1, 21463, 242, 265, 264, 25107055, 25168113, 0.48, 75, 500, 16, 410, 18750, 2.5
0, 26250, 222, 274, 265, 27825302, 27308392, 0.48, 75, 500, 16, 524, 18750, 2.5
1, 19059, 187, 189, 190, 22298923, 22393580, 0.48, 75, 500, 16, 387, 18750, 2.5
0, 26250, 227, 291, 288, 27124330, 26629365, 0.48, 75, 500, 16, 475, 18750, 2.5
1, 19574, 247, 248, 252, 23427251, 23543732, 0.48, 75, 500, 16, 409, 18750, 2.5
1, 19138, 218, 219, 223, 23585374, 23607088, 0.48, 75, 500, 16, 339, 18750, 2.5
0, 26250, 246, 283, 292, 26741869, 26330126, 0.48, 75, 500, 16, 486, 18750, 2.5
1, 19519, 266, 270, 273, 22945682, 22994329, 0.48, 75, 500, 16, 426, 18750, 2.5
0, 23305, 249, 284, 281, 25218901, 24437666, 0.48, 75, 500, 16, 483, 18750, 2.5
0, 26250, 243, 304, 292, 26625943, 26223122, 0.48, 75, 500, 16, 504, 18750, 2.5
0, 26250, 248, 316, 288, 27394758, 26544700, 0.48, 75, 500, 16, 560, 18750, 2.5
0, 26250, 247, 294, 283, 27537014, 27219761, 0.48, 75, 500, 16, 561, 18750, 2.5
1, 19978, 257, 273, 263, 23234363, 23291564, 0.48, 75, 500, 16, 419, 18750, 2.5
1, 19816, 240, 248, 249, 22943570, 23206328, 0.48, 75, 500, 16, 433, 18750, 2.5
0, 26250, 257, 310, 307, 27185901, 26847675, 0.48, 75, 500, 16, 553, 18750, 2.5
0, 25621, 271, 332, 312, 26879007, 26169759, 0.48, 75, 500, 16, 513, 18750, 2.5
0, 26250, 218, 272, 270, 26880078, 26643682, 0.48, 75, 500, 16, 564, 18750, 2.5
1, 19751, 269, 276, 280, 22495997, 22667600, 0.48, 75, 500, 16, 381, 18750, 2.5
1, 19402, 247, 250, 250, 23357661, 23402276, 0.48, 75, 500, 16, 359, 18750, 2.5
1, 19513, 269, 272, 273, 23315133, 23440182, 0.48, 75, 500, 16, 406, 18750, 2.5
1, 18816, 237, 238, 240, 22704578, 22713486, 0.48, 75, 500, 16, 426, 18750, 2.5
1, 19553, 287, 292, 295, 22153743, 22309995, 0.48, 75, 500, 16, 417, 18750, 2.5
1, 19654, 253, 259, 259, 23690552, 23732336, 0.48, 75, 500, 16, 395, 18750, 2.5
0, 26250, 251, 295, 295, 26652036, 25844636, 0.48, 75, 500, 16, 513, 18750, 2.5
1, 19400, 269, 273, 272, 22750873, 22870721, 0.48, 75, 500, 16, 444, 18750, 2.5
1, 19136, 234, 235, 237, 23494936, 23571584, 0.48, 75, 500, 16, 410, 18750, 2.5
1, 19105, 238, 239, 240, 23064355, 23116057, 0.48, 75, 500, 16, 374, 18750, 2.5
0, 26250, 228, 288, 288, 26365527, 26295377, 0.48, 75, 500, 16, 511, 18750, 2.5
0, 25866, 243, 278, 286, 27358020, 26616173, 0.48, 75, 500, 16, 542, 18750, 2.5
1, 19352, 278, 283, 283, 22723161, 22765824, 0.48, 75, 500, 16, 381, 18750, 2.5
1, 20601, 246, 253, 255, 24257550, 24318227, 0.48, 75, 500, 16, 406, 18750, 2.5
1, 22350, 278, 301, 305, 24982252, 25017502, 0.48, 75, 500, 16, 431, 18750, 2.5
1, 19839, 254, 257, 260, 23496380, 23532990, 0.48, 75, 500, 16, 402, 18750, 2.5
1, 20340, 242, 250, 254, 23608895, 23710473, 0.48, 75, 500, 16, 412, 18750, 2.5
0, 25910, 232, 282, 277, 27141780, 26223131, 0.48, 75, 500, 16, 535, 18750, 2.5
1, 20388, 217, 227, 227, 24098984, 24397392, 0.48, 75, 500, 16, 468, 18750, 2.5
0, 18925, 220, 221, 221, 22524224, 21890330, 0.48, 75, 500, 16, 403, 18750, 2.5
1, 21798, 240, 260, 268, 24556969, 24659666, 0.48, 75, 500, 16, 437, 18750, 2.5
1, 18883, 260, 262, 263, 22120767, 22163829, 0.48, 75, 500, 16, 378, 18750, 2.5
1, 19985, 255, 258, 258, 23661299, 23691594, 0.48, 75, 500, 16, 404, 18750, 2.5
0, 26250, 233, 286, 281, 26639784, 26510021, 0.48, 75, 500, 16, 525, 18750, 2.5
1, 19272, 229, 234, 232, 23743465, 23784700, 0.48, 75, 500, 16, 391, 18750, 2.5
0, 26250, 261, 326, 309, 28385241, 27813520, 0.48, 75, 500, 16, 524, 18750, 2.5
1, 19534, 265, 271, 273, 22859887, 22874234, 0.48, 75, 500, 16, 441, 18750, 2.5
1, 19546, 255, 262, 261, 22750155, 22832198, 0.48, 75, 500, 16, 372, 18750, 2.5
1, 19634, 276, 283, 280, 23188297, 23199236, 0.48, 75, 500, 16, 400, 18750, 2.5
1, 19161, 237, 238, 239, 15201500, 15289702, 0.48, 75, 500, 11, 200, 18750, 2.5
1, 19315, 234, 236, 237, 15748806, 15803357, 0.48, 75, 500, 11, 219, 18750, 2.5
1, 24082, 245, 276, 272, 26854589, 26905150, 0.48, 75, 500, 16, 492, 18750, 2.5
1, 19624, 265, 268, 269, 15843998, 16005303, 0.48, 75, 500, 11, 211, 18750, 2.5
1, 19173, 223, 226, 226, 22552623, 22662768, 0.48, 75, 500, 16, 383, 18750, 2.5
1, 19865, 259, 260, 264, 15852582, 16111272, 0.48, 75, 500, 11, 220, 18750, 2.5
1, 20320, 242, 248, 252, 24200466, 24282881, 0.48, 75, 500, 16, 417, 18750, 2.5
0, 23434, 259, 294, 291, 17458174, 16863023, 0.48, 75, 500, 11, 252, 18750, 2.5
1, 19552, 237, 242, 242, 15813696, 15850264, 0.48, 75, 500, 11, 194, 18750, 2.5
1, 19717, 258, 265, 264, 23135901, 23267218, 0.48, 75, 500, 16, 407, 18750, 2.5
0, 26250, 250, 316, 288, 26808236, 26458277, 0.48, 75, 500, 16, 582, 18750, 2.5
1, 21455, 248, 284, 273, 17190553, 17260584, 0.48, 75, 500, 11, 230, 18750, 2.5
1, 19122, 254, 256, 262, 22845584, 22868750, 0.48, 75, 500, 16, 468, 18750, 2.5
1, 19111, 253, 257, 257, 15415324, 15469698, 0.48, 75, 500, 11, 190, 18750, 2.5
1, 19749, 258, 266, 267, 15704694, 15751366, 0.48, 75, 500, 11, 235, 18750, 2.5
1, 19149, 246, 247, 249, 15758956, 15986232, 0.48, 75, 500, 11, 213, 18750, 2.5
1, 19898, 265, 267, 277, 15806357, 15882444, 0.48, 75, 500, 11, 211, 18750, 2.5
1, 21191, 249, 269, 260, 16298642, 16326683, 0.48, 75, 500, 11, 231, 18750, 2.5
0, 23184, 243, 281, 261, 17682056, 17236900, 0.48, 75, 500, 11, 256, 18750, 2.5
1, 19328, 282, 284, 286, 15625768, 15758798, 0.48, 75, 500, 11, 208, 18750, 2.5
1, 25107, 258, 301, 305, 26559340, 26687271, 0.48, 75, 500, 16, 554, 18750, 2.5
1, 18945, 256, 259, 260, 15694337, 15716767, 0.48, 75, 500, 11, 205, 18750, 2.5
1, 19526, 256, 259, 261, 16301541, 16343318, 0.48, 75, 500, 11, 214, 18750, 2.5
1, 21881, 260, 274, 282, 16716777, 16832517, 0.48, 75, 500, 11, 261, 18750, 2.5
1, 19386, 257, 263, 262, 15111032, 15169854, 0.48, 75, 500, 11, 213, 18750, 2.5
1, 19901, 248, 256, 259, 15565165, 15612647, 0.48, 75, 500, 11, 220, 18750, 2.5
1, 18882, 238, 239, 240, 16199981, 16234001, 0.48, 75, 500, 11, 203, 18750, 2.5
1, 19309, 244, 249, 247, 15491193, 15578351, 0.48, 75, 500, 11, 217, 18750, 2.5
0, 26250, 240, 295, 283, 19229995, 18876888, 0.48, 75, 500, 11, 314, 18750, 2.5
0, 19961, 257, 266, 261, 17114704, 16811064, 0.48, 75, 500, 11, 221, 18750, 2.5
1, 19066, 262, 263, 265, 15475384, 15546385, 0.48, 75, 500, 11, 204, 18750, 2.5
1, 21180, 297, 307, 310, 17034052, 17134130, 0.48, 75, 500, 11, 234, 18750, 2.5
1, 19103, 231, 232, 237, 15850098, 15876973, 0.48, 75, 500, 11, 202, 18750, 2.5
0, 26250, 275, 324, 327, 18552821, 18160207, 0.48, 75, 500, 11, 302, 18750, 2.5
0, 26250, 240, 298, 287, 18810750, 18293620, 0.48, 75, 500, 11, 292, 18750, 2.5
1, 19829, 261, 266, 266, 16405818, 16497228, 0.48, 75, 500, 11, 219, 18750, 2.5
1, 19210, 247, 249, 252, 15659691, 15726585, 0.48, 75, 500, 11, 225, 18750, 2.5
1, 19097, 247, 248, 251, 16330122, 16372043, 0.48, 75, 500, 11, 211, 18750, 2.5
0, 26250, 256, 317, 296, 18190302, 17848040, 0.48, 75, 500, 11, 313, 18750, 2.5
0, 26250, 277, 341, 328, 18448052, 18473740, 0.48, 75, 500, 11, 293, 18750, 2.5
0, 26250, 263, 301, 317, 19276619, 19098846, 0.48, 75, 500, 11, 294, 18750, 2.5
0, 26250, 257, 308, 306, 18383245, 18166903, 0.48, 75, 500, 11, 327, 18750, 2.5
1, 19004, 263, 264, 266, 15452759, 15500673, 0.48, 75, 500, 11, 191, 18750, 2.5
1, 19533, 251, 258, 257, 15863788, 15867826, 0.48, 75, 500, 11, 222, 18750, 2.5
0, 26250, 255, 305, 298, 19015207, 18966852, 0.48, 75, 500, 11, 296, 18750, 2.5
1, 19940, 238, 242, 250, 16633268, 16833497, 0.48, 75, 500, 11, 226, 18750, 2.5
1, 19021, 243, 244, 245, 15596438, 15605839, 0.48, 75, 500, 11, 223, 18750, 2.5
0, 26250, 235, 317, 296, 18743625, 18350422, 0.48, 75, 500, 11, 293, 18750, 2.5
1, 19863, 256, 263, 263, 16194814, 16264074, 0.48, 75, 500, 11, 219, 18750, 2.5
0, 26250, 254, 321, 320, 18818809, 18804264, 0.48, 75, 500, 11, 275, 18750, 2.5
0, 26250, 242, 289, 277, 18649149, 18600781, 0.48, 75, 500, 11, 291, 18750, 2.5
0, 20350, 249, 258, 260, 16374572, 16097392, 0.48, 75, 500, 11, 267, 18750, 2.5
1, 19509, 247, 250, 250, 15933225, 16022830, 0.48, 75, 500, 11, 229, 18750, 2.5
0, 24095, 190, 225, 220, 18494388, 18014449, 0.48, 75, 500, 11, 281, 18750, 2.5
1, 19921, 245, 255, 256, 16105601, 16136572, 0.48, 75, 500, 11, 224, 18750, 2.5
0, 26250, 244, 294, 283, 18871245, 18376797, 0.48, 75, 500, 11, 296, 18750, 2.5
0, 26250, 255, 326, 314, 19165070, 19015279, 0.48, 75, 500, 11, 286, 18750, 2.5
1, 19175, 244, 250, 248, 15408161, 15478909, 0.48, 75, 500, 11, 178, 18750, 2.5
0, 26250, 253, 301, 306, 19145260, 18873323, 0.48, 75, 500, 11, 297, 18750, 2.5
1, 19089, 250, 253, 252, 15285345, 15338221, 0.48, 75, 500, 11, 205, 18750, 2.5
1, 19255, 266, 267, 269, 15939157, 15982482, 0.48, 75, 500, 11, 199, 18750, 2.5
0, 26250, 246, 298, 315, 19095333, 18897088, 0.48, 75, 500, 11, 303, 18750, 2.5
1, 23298, 263, 297, 296, 17573985, 17645789, 0.48, 75, 500, 11, 263, 18750, 2.5
0, 20218, 250, 259, 257, 15653975, 15155811, 0.48, 75, 500, 11, 210, 18750, 2.5
1, 19014, 268, 269, 272, 15236869, 15281660, 0.48, 75, 500, 11, 238, 18750, 2.5
1, 19447, 267, 272, 270, 15673191, 15740285, 0.48, 75, 500, 11, 202, 18750, 2.5
0, 26250, 260, 321, 326, 18480988, 18179158, 0.48, 75, 500, 11, 269, 18750, 2.5
1, 19280, 268, 271, 270, 15632718, 15702070, 0.48, 75, 500, 11, 219, 18750, 2.5
0, 24879, 266, 310, 310, 18375414, 17758571, 0.48, 75, 500, 11, 268, 18750, 2.5
0, 22561, 248, 285, 269, 17503300, 16934859, 0.48, 75, 500, 11, 281, 18750, 2.5
0, 22250, 238, 272, 259, 17446723, 16821646, 0.48, 75, 500, 11, 245, 18750, 2.5
1, 19374, 226, 230, 228, 15786892, 15908054, 0.48, 75, 500, 11, 208, 18750, 2.5
1, 18949, 262, 263, 264, 16019947, 16062928, 0.48, 75, 500, 11, 192, 18750, 2.5
1, 19190, 248, 250, 251, 15887374, 15971758, 0.48, 75, 500, 11, 220, 18750, 2.5
1, 23854, 251, 290, 286, 18461758, 18537465, 0.48, 75, 500, 11, 260, 18750, 2.5
1, 19707, 255, 261, 262, 15969367, 16010925, 0.48, 75, 500, 11, 202, 18750, 2.5
1, 18953, 259, 260, 261, 15258249, 15261069, 0.48, 75, 500, 11, 211, 18750, 2.5
1, 19076, 278, 279, 282, 15667833, 15746374, 0.48, 75, 500, 11, 184, 18750, 2.5
1, 20250, 263, 271, 276, 16724243, 16746771, 0.48, 75, 500, 11, 220, 18750, 2.5
0, 21442, 270, 290, 281, 16450710, 16092714, 0.48, 75, 500, 11, 227, 18750, 2.5
1, 19424, 244, 246, 248, 15594526, 15649958, 0.48, 75, 500, 11, 202, 18750, 2.5
1, 19170, 286, 287, 288, 15728432, 15818258, 0.48, 75, 500, 11, 211, 18750, 2.5
1, 20597, 267, 279, 278, 16316791, 16487764, 0.48, 75, 500, 11, 228, 18750, 2.5
0, 25829, 258, 305, 300, 18814904, 18385643, 0.48, 75, 500, 11, 274, 18750, 2.5
0, 26250, 261, 311, 324, 19022839, 18816858, 0.48, 75, 500, 11, 301, 18750, 2.5
1, 20783, 240, 250, 257, 17158262, 17424018, 0.48, 75, 500, 11, 218, 18750, 2.5
1, 19351, 246, 254, 250, 16432164, 16459899, 0.48, 75, 500, 11, 224, 18750, 2.5
1, 22329, 263, 273, 285, 17181728, 17214037, 0.48, 75, 500, 11, 272, 18750, 2.5
1, 19968, 266, 270, 279, 16120346, 16209294, 0.48, 75, 500, 11, 232, 18750, 2.5
1, 19642, 240, 244, 244, 15956986, 15998162, 0.48, 75, 500, 11, 232, 18750, 2.5
1, 19282, 245, 247, 248, 15594244, 15624549, 0.48, 75, 500, 11, 198, 18750, 2.5
0, 26250, 250, 300, 313, 19020452, 18697764, 0.48, 75, 500, 11, 287, 18750, 2.5
0, 26250, 258, 308, 316, 18475858, 18089534, 0.48, 75, 500, 11, 291, 18750, 2.5
0, 26250, 249, 300, 314, 18907141, 18528227, 0.48, 75, 500, 11, 323, 18750, 2.5
1, 19301, 262, 263, 266, 15968194, 16087176, 0.48, 75, 500, 11, 204, 18750, 2.5
0, 26250, 267, 336, 303, 18921849, 18176623, 0.48, 75, 500, 11, 305, 18750, 2.5
1, 19330, 251, 254, 257, 15668434, 15727956, 0.48, 75, 500, 11, 219, 18750, 2.5
1, 22308, 259, 278, 294, 16815229, 16857404, 0.48, 75, 500, 11, 262, 18750, 2.5
0, 26250, 228, 293, 279, 18286884, 18012976, 0.48, 75, 500, 11, 300, 18750, 2.5
1, 19009, 265, 267, 269, 15593571, 15598202, 0.48, 75, 500, 11, 200, 18750, 2.5
1, 19630, 239, 246, 245, 15457462, 15567623, 0.48, 75, 500, 11, 237, 18750, 2.5
1, 19164, 279, 281, 283, 15596312, 15608963, 0.48, 75, 500, 11, 217, 18750, 2.5
0, 22319, 256, 279, 279, 16783599, 16411937, 0.48, 75, 500, 11, 227, 18750, 2.5
1, 18973, 232, 234, 235, 11405534, 11425986, 0.48, 75, 500, 8, 123, 18750, 2.5
1, 19979, 261, 268, 267, 11664287, 11681256, 0.48, 75, 500, 8, 129, 18750, 2.5
1, 19296, 225, 235, 228, 15592177, 15663171, 0.48, 75, 500, 11, 209, 18750, 2.5
1, 19542, 251, 253, 260, 15756782, 15839437, 0.48, 75, 500, 11, 205, 18750, 2.5
1, 20163, 247, 255, 258, 11767004, 11865813, 0.48, 75, 500, 8, 132, 18750, 2.5
1, 19006, 228, 230, 231, 11406508, 11415972, 0.48, 75, 500, 8, 140, 18750, 2.5
1, 18994, 278, 280, 286, 15935190, 15957610, 0.48, 75, 500, 11, 236, 18750, 2.5
1, 19229, 196, 197, 200, 12028671, 12124123, 0.48, 75, 500, 8, 139, 18750, 2.5
1, 18933, 239, 240, 244, 11201984, 11231005, 0.48, 75, 500, 8, 118, 18750, 2.5
0, 26250, 235, 309, 287, 18729632, 18309491, 0.48, 75, 500, 11, 294, 18750, 2.5
1, 19878, 245, 251, 252, 11599584, 11654739, 0.48, 75, 500, 8, 154, 18750, 2.5
0, 26250, 234, 284, 286, 13411773, 13126426, 0.48, 75, 500, 8, 183, 18750, 2.5
1, 19328, 241, 243, 249, 11688058, 11786717, 0.48, 75, 500, 8, 136, 18750, 2.5
1, 19354, 251, 253, 257, 11758606, 11783512, 0.48, 75, 500, 8, 135, 18750, 2.5
1, 19537, 255, 260, 264, 11349592, 11352566, 0.48, 75, 500, 8, 136, 18750, 2.5
0, 21427, 233, 270, 238, 12400407, 11939553, 0.48, 75, 500, 8, 135, 18750, 2.5
1, 19211, 234, 237, 237, 11444635, 11501808, 0.48, 75, 500, 8, 121, 18750, 2.5
1, 19664, 259, 264, 265, 11935373, 11962080, 0.48, 75, 500, 8, 117, 18750, 2.5
1, 19630, 259, 262, 266, 11375941, 11427523, 0.48, 75, 500, 8, 117, 18750, 2.5
1, 21056, 253, 264, 267, 11563831, 11639271, 0.48, 75, 500, 8, 134, 18750, 2.5
1, 19792, 245, 258, 257, 11689986, 11734878, 0.48, 75, 500, 8, 137, 18750, 2.5
1, 19554, 238, 243, 241, 11272251, 11318729, 0.48, 75, 500, 8, 135, 18750, 2.5
1, 19542, 262, 266, 265, 11927852, 11936690, 0.48, 75, 500, 8, 148, 18750, 2.5
1, 20508, 253, 262, 265, 11198457, 11271827, 0.48, 75, 500, 8, 127, 18750, 2.5
1, 19286, 266, 267, 272, 11607150, 11678136, 0.48, 75, 500, 8, 123, 18750, 2.5
1, 19343, 237, 238, 241, 11895656, 11938149, 0.48, 75, 500, 8, 123, 18750, 2.5
1, 19024, 260, 261, 262, 11525341, 11537796, 0.48, 75, 500, 8, 138, 18750, 2.5
1, 19011, 246, 247, 250, 11977933, 12031382, 0.48, 75, 500, 8, 127, 18750, 2.5
1, 19220, 235, 241, 239, 11038040, 11082604, 0.48, 75, 500, 8, 124, 18750, 2.5
1, 19397, 256, 264, 265, 11353014, 11388216, 0.48, 75, 500, 8, 129, 18750, 2.5
0, 26250, 224, 282, 269, 13698828, 13303975, 0.48, 75, 500, 8, 189, 18750, 2.5
1, 19744, 228, 229, 233, 11026662, 11229825, 0.48, 75, 500, 8, 142, 18750, 2.5
0, 22321, 218, 246, 235, 12766751, 12316807, 0.48, 75, 500, 8, 145, 18750, 2.5
0, 26250, 247, 303, 303, 13404740, 13210452, 0.48, 75, 500, 8, 196, 18750, 2.5
0, 25606, 233, 282, 280, 13573538, 13243030, 0.48, 75, 500, 8, 174, 18750, 2.5
1, 19192, 262, 263, 264, 11568075, 11607290, 0.48, 75, 500, 8, 124, 18750, 2.5
1, 21916, 257, 271, 278, 12432219, 12528561, 0.48, 75, 500, 8, 160, 18750, 2.5
1, 19620, 260, 265, 264, 11566661, 11622966, 0.48, 75, 500, 8, 147, 18750, 2.5
1, 20337, 245, 253, 252, 11463085, 11511501, 0.48, 75, 500, 8, 154, 18750, 2.5
1, 19943, 240, 245, 246, 11377869, 11425080, 0.48, 75, 500, 8, 136, 18750, 2.5
1, 22631, 251, 266, 283, 12059961, 12134493, 0.48, 75, 500, 8, 167, 18750, 2.5
1, 25117, 264, 301, 309, 13401503, 13459497, 0.48, 75, 500, 8, 169, 18750, 2.5
1, 21353, 250, 269, 273, 12427731, 12456988, 0.48, 75, 500, 8, 142, 18750, 2.5
1, 18948, 236, 238, 240, 11542538, 11560858, 0.48, 75, 500, 8, 128, 18750, 2.5
1, 18982, 257, 258, 259, 11184273, 11213259, 0.48, 75, 500, 8, 130, 18750, 2.5
0, 22227, 256, 286, 281, 12767253, 12390179, 0.48, 75, 500, 8, 146, 18750, 2.5
1, 19311, 249, 251, 253, 11740925, 11768363, 0.48, 75, 500, 8, 122, 18750, 2.5
0, 26250, 254, 308, 298, 13813245, 13639095, 0.48, 75, 500, 8, 187, 18750, 2.5
1, 19001, 245, 246, 247, 11095254, 11096956, 0.48, 75, 500, 8, 142, 18750, 2.5
0, 24602, 247, 298, 277, 13515581, 12990450, 0.48, 75, 500, 8, 168, 18750, 2.5
1, 20506, 261, 265, 278, 11977925, 12016315, 0.48, 75, 500, 8, 147, 18750, 2.5
1, 19299, 244, 250, 246, 12085660, 12108072, 0.48, 75, 500, 8, 117, 18750, 2.5
1, 19454, 237, 239, 242, 12184411, 12248452, 0.48, 75, 500, 8, 133, 18750, 2.5
1, 20536, 246, 255, 259, 12012481, 12119582, 0.48, 75, 500, 8, 149, 18750, 2.5
1, 19608, 241, 244, 246, 11900524, 11915649, 0.48, 75, 500, 8, 140, 18750, 2.5
1, 19154, 238, 241, 243, 10962090, 11000663, 0.48, 75, 500, 8, 123, 18750, 2.5
1, 19004, 250, 251, 255, 11932932, 11951566, 0.48, 75, 500, 8, 130, 18750, 2.5
1, 20476, 285, 299, 296, 12080713, 12082109, 0.48, 75, 500, 8, 144, 18750, 2.5
1, 18863, 248, 249, 250, 11223464, 11254349, 0.48, 75, 500, 8, 135, 18750, 2.5
1, 19397, 247, 250, 251, 11578670, 11615372, 0.48, 75, 500, 8, 133, 18750, 2.5
1, 21828, 258, 271, 283, 12445446, 12486450, 0.48, 75, 500, 8, 137, 18750, 2.5
1, 19073, 220, 221, 223, 11223456, 11304416, 0.48, 75, 500, 8, 142, 18750, 2.5
1, 19436, 269, 270, 274, 12011690, 12055043, 0.48, 75, 500, 8, 143, 18750, 2.5
1, 22383, 262, 282, 283, 12204243, 12241349, 0.48, 75, 500, 8, 168, 18750, 2.5
0, 26250, 250, 298, 297, 13970363, 13720070, 0.48, 75, 500, 8, 199, 18750, 2.5
1, 19307, 226, 230, 229, 11445812, 11467502, 0.48, 75, 500, 8, 136, 18750, 2.5
1, 18889, 275, 276, 280, 11423197, 11445089, 0.48, 75, 500, 8, 124, 18750, 2.5
0, 26250, 262, 314, 318, 13213217, 13083454, 0.48, 75, 500, 8, 185, 18750, 2.5
1, 19219, 266, 272, 277, 11513805, 11545627, 0.48, 75, 500, 8, 133, 18750, 2.5
0, 25908, 244, 289, 298, 13482290, 13015189, 0.48, 75, 500, 8, 203, 18750, 2.5
1, 19111, 245, 246, 248, 11549899, 11555820, 0.48, 75, 500, 8, 129, 18750, 2.5
1, 20159, 228, 230, 236, 11986993, 12085678, 0.48, 75, 500, 8, 141, 18750, 2.5
0, 23749, 296, 334, 329, 13190936, 12805425, 0.48, 75, 500, 8, 162, 18750, 2.5
1, 21843, 269, 288, 286, 12422974, 12435727, 0.48, 75, 500, 8, 143, 18750, 2.5
1, 19071, 229, 231, 233, 11673213, 11716902, 0.48, 75, 500, 8, 128, 18750, 2.5
0, 24925, 236, 285, 279, 13095671, 12617280, 0.48, 75, 500, 8, 177, 18750, 2.5
1, 20059, 245, 259, 256, 11523323, 11572876, 0.48, 75, 500, 8, 146, 18750, 2.5
1, 19787, 275, 283, 279, 11802117, 11832362, 0.48, 75, 500, 8, 132, 18750, 2.5
1, 19727, 271, 276, 273, 11693493, 11767734, 0.48, 75, 500, 8, 133, 18750, 2.5
0, 22162, 278, 300, 300, 12141084, 11776151, 0.48, 75, 500, 8, 148, 18750, 2.5
1, 21539, 261, 274, 275, 12435518, 12476031, 0.48, 75, 500, 8, 145, 18750, 2.5
1, 19657, 252, 257, 258, 11112667, 11172754, 0.48, 75, 500, 8, 124, 18750, 2.5
1, 19853, 274, 275, 281, 11491272, 11531687, 0.48, 75, 500, 8, 137, 18750, 2.5
0, 25492, 227, 273, 272, 13845302, 13217606, 0.48, 75, 500, 8, 183, 18750, 2.5
1, 19325, 242, 243, 244, 11514887, 11517379, 0.48, 75, 500, 8, 134, 18750, 2.5
0, 26213, 236, 292, 288, 14006070, 13645789, 0.48, 75, 500, 8, 182, 18750, 2.5
0, 23765, 260, 310, 286, 13232728, 12865638, 0.48, 75, 500, 8, 162, 18750, 2.5
0, 24533, 260, 329, 298, 13136170, 12574368, 0.48, 75, 500, 8, 176, 18750, 2.5
0, 26250, 244, 296, 313, 13965145, 13718552, 0.48, 75, 500, 8, 215, 18750, 2.5
1, 22213, 258, 277, 284, 12981112, 13040226, 0.48, 75, 500, 8, 143, 18750, 2.5
0, 23754, 250, 296, 277, 13231681, 12910829, 0.48, 75, 500, 8, 167, 18750, 2.5
1, 19128, 260, 265, 267, 12008699, 12021175, 0.48, 75, 500, 8, 119, 18750, 2.5
1, 22418, 265, 287, 293, 12360406, 12443733, 0.48, 75, 500, 8, 152, 18750, 2.5
1, 19352, 232, 236, 236, 11082431, 11155330, 0.48, 75, 500, 8, 136, 18750, 2.5
0, 26250, 256, 316, 308, 13589251, 13418929, 0.48, 75, 500, 8, 204, 18750, 2.5
1, 19350, 257, 261, 260, 11081962, 11174878, 0.48, 75, 500, 8, 138, 18750, 2.5
0, 26250, 255, 311, 303, 13913666, 13589521, 0.48, 75, 500, 8, 189, 18750, 2.5
1, 19527, 271, 272, 274, 11550196, 11653628, 0.48, 75, 500, 8, 135, 18750, 2.5
1, 19668, 263, 268, 268, 11701195, 11771813, 0.48, 75, 500, 8, 123, 18750, 2.5
0, 24944, 246, 290, 284, 14108198, 13559044, 0.48, 75, 500, 8, 178, 18750, 2.5
1, 19096, 258, 259, 260, 11374154, 11415246, 0.48, 75, 500, 8, 130, 18750, 2.5
0, 23348, 244, 279, 281, 13204688, 12568357, 0.48, 75, 500, 8, 157, 18750, 2.5
0, 26250, 245, 291, 293, 14254644, 13804492, 0.48, 75, 500, 8, 193, 18750, 2.5
1, 19212, 257, 258, 260, 11605363, 11656085, 0.48, 75, 500, 8, 136, 18750, 2.5
1, 22344, 249, 278, 271, 11097714, 11141829, 0.48, 75, 500, 7, 134, 18750, 2.5
1, 19550, 216, 217, 221, 10197560, 10268724, 0.48, 75, 500, 7, 108, 18750, 2.5
1, 19446, 244, 245, 250, 10478996, 10547581, 0.48, 75, 500, 7, 118, 18750, 2.5
1, 19050, 281, 283, 284, 10159763, 10174509, 0.48, 75, 500, 7, 114, 18750, 2.5
1, 19607, 261, 266, 267, 9979185, 9999671, 0.48, 75, 500, 7, 116, 18750, 2.5
1, 19370, 252, 257, 255, 9778383, 9833601, 0.48, 75, 500, 7, 106, 18750, 2.5
1, 19361, 267, 270, 270, 10296530, 10344634, 0.48, 75, 500, 7, 108, 18750, 2.5
1, 18963, 249, 250, 251, 9525309, 9530830, 0.48, 75, 500, 7, 112, 18750, 2.5
1, 19284, 256, 257, 258, 10864156, 10887159, 0.48, 75, 500, 7, 110, 18750, 2.5
1, 19412, 245, 246, 250, 10547060, 10620547, 0.48, 75, 500, 7, 105, 18750, 2.5
0, 22810, 250, 278, 275, 10534285, 10247536, 0.48, 75, 500, 7, 140, 18750, 2.5
1, 19215, 238, 240, 240, 9977625, 9991116, 0.48, 75, 500, 7, 106, 18750, 2.5
1, 19251, 242, 243, 244, 9836177, 9854631, 0.48, 75, 500, 7, 104, 18750, 2.5
0, 25880, 251, 304, 305, 12475620, 12040342, 0.48, 75, 500, 7, 146, 18750, 2.5
1, 21126, 236, 257, 249, 10598038, 10666323, 0.48, 75, 500, 7, 116, 18750, 2.5
1, 19450, 253, 256, 259, 9621202, 9683764, 0.48, 75, 500, 7, 117, 18750, 2.5
0, 26250, 229, 263, 284, 12112506, 12124719, 0.48, 75, 500, 7, 150, 18750, 2.5
0, 26250, 235, 281, 288, 11899788, 11769768, 0.48, 75, 500, 7, 162, 18750, 2.5
1, 19183, 230, 232, 234, 9815428, 9873544, 0.48, 75, 500, 7, 111, 18750, 2.5
0, 26250, 217, 290, 270, 11781428, 11632405, 0.48, 75, 500, 7, 156, 18750, 2.5
1, 19173, 266, 269, 271, 9654256, 9671802, 0.48, 75, 500, 7, 105, 18750, 2.5
1, 20109, 233, 240, 243, 9727525, 9880849, 0.48, 75, 500, 7, 121, 18750, 2.5
1, 19492, 277, 279, 284, 10110654, 10146315, 0.48, 75, 500, 7, 120, 18750, 2.5
0, 26250, 261, 308, 313, 12002728, 11734077, 0.48, 75, 500, 7, 145, 18750, 2.5
1, 19648, 236, 239, 245, 9579449, 9649406, 0.48, 75, 500, 7, 108, 18750, 2.5
0, 26001, 286, 314, 335, 12079077, 11798289, 0.48, 75, 500, 7, 165, 18750, 2.5
1, 19280, 261, 263, 266, 10267651, 10340960, 0.48, 75, 500, 7, 108, 18750, 2.5
0, 26250, 260, 321, 314, 12106606, 11860675, 0.48, 75, 500, 7, 155, 18750, 2.5
0, 26222, 254, 315, 297, 11836579, 11512779, 0.48, 75, 500, 7, 176, 18750, 2.5
0, 22332, 263, 284, 287, 10725821, 10287408, 0.48, 75, 500, 7, 124, 18750, 2.5
1, 19393, 232, 235, 236, 10279592, 10314359, 0.48, 75, 500, 7, 111, 18750, 2.5
0, 26250, 273, 344, 314, 12492649, 12354677, 0.48, 75, 500, 7, 162, 18750, 2.5
1, 19541, 249, 251, 253, 10108047, 10205495, 0.48, 75, 500, 7, 110, 18750, 2.5
0, 24852, 257, 306, 289, 12143473, 11570624, 0.48, 75, 500, 7, 163, 18750, 2.5
0, 26250, 228, 284, 292, 11947721, 11685323, 0.48, 75, 500, 7, 170, 18750, 2.5
1, 20837, 246, 255, 266, 10366574, 10383766, 0.48, 75, 500, 7, 120, 18750, 2.5
1, 18952, 247, 248, 250, 10421988, 10447129, 0.48, 75, 500, 7, 106, 18750, 2.5
1, 19379, 240, 244, 247, 9755629, 9786637, 0.48, 75, 500, 7, 101, 18750, 2.5
1, 20110, 253, 258, 262, 9974216, 10110416, 0.48, 75, 500, 7, 117, 18750, 2.5
1, 19810, 271, 277, 277, 9766774, 9827511, 0.48, 75, 500, 7, 118, 18750, 2.5
0, 26250, 265, 323, 304, 11894261, 11597582, 0.48, 75, 500, 7, 159, 18750, 2.5
1, 19648, 235, 238, 242, 10113499, 10166792, 0.48, 75, 500, 7, 113, 18750, 2.5
1, 19155, 234, 236, 240, 10050588, 10089191, 0.48, 75, 500, 7, 113, 18750, 2.5
1, 19104, 252, 254, 256, 10079740, 10088129, 0.48, 75, 500, 7, 125, 18750, 2.5
0, 26250, 236, 300, 286, 11667574, 11377572, 0.48, 75, 500, 7, 143, 18750, 2.5
1, 19855, 259, 264, 265, 10632521, 10705790, 0.48, 75, 500, 7, 109, 18750, 2.5
1, 19836, 237, 240, 243, 10168102, 10181115, 0.48, 75, 500, 7, 126, 18750, 2.5
0, 21657, 256, 277, 264, 10816863, 10443389, 0.48, 75, 500, 7, 134, 18750, 2.5
1, 19561, 229, 233, 232, 9998153, 10026955, 0.48, 75, 500, 7, 109, 18750, 2.5
1, 19943, 261, 267, 266, 10124069, 10176204, 0.48, 75, 500, 7, 108, 18750, 2.5
1, 19349, 277, 282, 284, 10011283, 10021446, 0.48, 75, 500, 7, 107, 18750, 2.5
1, 19819, 260, 263, 267, 10151890, 10195450, 0.48, 75, 500, 7, 127, 18750, 2.5
1, 21967, 250, 269, 272, 10745164, 10771599, 0.48, 75, 500, 7, 138, 18750, 2.5
0, 21229, 261, 274, 266, 10699465, 10283788, 0.48, 75, 500, 7, 114, 18750, 2.5
1, 20446, 244, 251, 247, 10848815, 10875304, 0.48, 75, 500, 7, 115, 18750, 2.5
0, 26250, 243, 298, 296, 11812837, 11515998, 0.48, 75, 500, 7, 150, 18750, 2.5
0, 26250, 260, 315, 313, 12088484, 12016945, 0.48, 75, 500, 7, 167, 18750, 2.5
0, 26250, 231, 288, 277, 11858034, 11774421, 0.48, 75, 500, 7, 164, 18750, 2.5
1, 19332, 249, 257, 252, 10218181, 10322741, 0.48, 75, 500, 7, 118, 18750, 2.5
1, 19473, 279, 285, 285, 10283553, 10326451, 0.48, 75, 500, 7, 110, 18750, 2.5
1, 19546, 221, 224, 227, 9843658, 9866055, 0.48, 75, 500, 7, 124, 18750, 2.5
1, 19663, 237, 242, 247, 9454346, 9510178, 0.48, 75, 500, 7, 111, 18750, 2.5
1, 19657, 226, 229, 231, 10478154, 10537697, 0.48, 75, 500, 7, 99, 18750, 2.5
0, 20698, 271, 277, 277, 10520722, 10249125, 0.48, 75, 500, 7, 130, 18750, 2.5
0, 21310, 222, 241, 240, 10117540, 9945349, 0.48, 75, 500, 7, 119, 18750, 2.5
0, 25033, 222, 272, 272, 11771394, 11416248, 0.48, 75, 500, 7, 141, 18750, 2.5
1, 21501, 239, 252, 255, 10693668, 10701927, 0.48, 75, 500, 7, 131, 18750, 2.5
0, 26250, 271, 321, 310, 12597374, 12234822, 0.48, 75, 500, 7, 165, 18750, 2.5
0, 26250, 266, 323, 316, 11669257, 11459509, 0.48, 75, 500, 7, 160, 18750, 2.5
1, 19171, 228, 233, 234, 9901071, 9910381, 0.48, 75, 500, 7, 118, 18750, 2.5
0, 26250, 254, 296, 298, 12347160, 12200242, 0.48, 75, 500, 7, 152, 18750, 2.5
1, 19048, 243, 244, 245, 9971290, 9983823, 0.48, 75, 500, 7, 96, 18750, 2.5
0, 22861, 232, 270, 260, 10942326, 10634160, 0.48, 75, 500, 7, 125, 18750, 2.5
1, 19256, 267, 269, 270, 10126947, 10160901, 0.48, 75, 500, 7, 106, 18750, 2.5
1, 19481, 226, 228, 229, 9880207, 9971739, 0.48, 75, 500, 7, 107, 18750, 2.5
0, 22903, 251, 292, 278, 10719479, 10371829, 0.48, 75, 500, 7, 141, 18750, 2.5
1, 19814, 234, 240, 244, 10486541, 10548939, 0.48, 75, 500, 7, 119, 18750, 2.5
1, 19446, 269, 272, 280, 9930883, 9949909, 0.48, 75, 500, 7, 111, 18750, 2.5
1, 19506, 263, 266, 265, 10352823, 10398723, 0.48, 75, 500, 7, 99, 18750, 2.5
1, 19379, 237, 244, 242, 10171936, 10198753, 0.48, 75, 500, 7, 116, 18750, 2.5
1, 20969, 252, 265, 275, 10589534, 10604347, 0.48, 75, 500, 7, 129, 18750, 2.5
1, 19625, 248, 257, 254, 10351447, 10373243, 0.48, 75, 500, 7, 113, 18750, 2.5
1, 18914, 274, 275, 276, 10921134, 10957459, 0.48, 75, 500, 7, 110, 18750, 2.5
1, 20796, 260, 271, 279, 10840525, 10866296, 0.48, 75, 500, 7, 108, 18750, 2.5
1, 20678, 279, 295, 296, 10171281, 10306461, 0.48, 75, 500, 7, 123, 18750, 2.5
0, 26250, 241, 293, 297, 11948353, 11706535, 0.48, 75, 500, 7, 163, 18750, 2.5
1, 19993, 236, 240, 242, 10073758, 10163773, 0.48, 75, 500, 7, 114, 18750, 2.5
1, 18816, 242, 243, 244, 9834879, 9838038, 0.48, 75, 500, 7, 99, 18750, 2.5
1, 19792, 263, 269, 268, 9518339, 9561846, 0.48, 75, 500, 7, 113, 18750, 2.5
1, 18862, 239, 241, 241, 10146527, 10184534, 0.48, 75, 500, 7, 109, 18750, 2.5
0, 21079, 264, 283, 277, 10826629, 10636693, 0.48, 75, 500, 7, 131, 18750, 2.5
1, 20091, 238, 245, 246, 9686688, 9725953, 0.48, 75, 500, 7, 106, 18750, 2.5
1, 18947, 250, 251, 253, 9782451, 9788058, 0.48, 75, 500, 7, 117, 18750, 2.5
1, 18833, 257, 258, 259, 9751000, 9753547, 0.48, 75, 500, 7, 98, 18750, 2.5
1, 20341, 251, 259, 261, 11135203, 11175153, 0.48, 75, 500, 7, 108, 18750, 2.5
0, 26250, 219, 274, 258, 11886063, 11589931, 0.48, 75, 500, 7, 153, 18750, 2.5
1, 20484, 266, 276, 276, 9668281, 9678931, 0.48, 75, 500, 7, 126, 18750, 2.5
1, 18899, 252, 253, 254, 10158831, 10181850, 0.48, 75, 500, 7, 104, 18750, 2.5
1, 19035, 224, 225, 226, 8730608, 8738195, 0.48, 75, 500, 6, 95, 18750, 2.5
1, 19600, 250, 258, 255, 8564400, 8614194, 0.48, 75, 500, 6, 95, 18750, 2.5
1, 19879, 240, 246, 248, 8944187, 8998972, 0.48, 75, 500, 6, 92, 18750, 2.5
1, 19764, 221, 225, 228, 8553953, 8616604, 0.48, 75, 500, 6, 91, 18750, 2.5
1, 20298, 274, 285, 285, 10114716, 10126209, 0.48, 75, 500, 7, 122, 18750, 2.5
1, 19726, 281, 284, 287, 8625924, 8653550, 0.48, 75, 500, 6, 101, 18750, 2.5
0, 26250, 259, 314, 306, 10230682, 9977543, 0.48, 75, 500, 6, 123, 18750, 2.5
0, 23011, 267, 290, 292, 9544835, 9241347, 0.48, 75, 500, 6, 108, 18750, 2.5
0, 26250, 253, 305, 315, 12511064, 12259778, 0.48, 75, 500, 7, 158, 18750, 2.5
0, 23635, 251, 273, 275, 9782056, 9576382, 0.48, 75, 500, 6, 114, 18750, 2.5
1, 20340, 265, 275, 276, 8873732, 8954919, 0.48, 75, 500, 6, 107, 18750, 2.5
1, 21247, 226, 242, 242, 8989877, 9050722, 0.48, 75, 500, 6, 100, 18750, 2.5
0, 24599, 260, 311, 295, 9945070, 9654941, 0.48, 75, 500, 6, 127, 18750, 2.5
0, 26250, 273, 333, 320, 9732026, 9485037, 0.48, 75, 500, 6, 130, 18750, 2.5
1, 19178, 244, 249, 250, 8432158, 8465829, 0.48, 75, 500, 6, 87, 18750, 2.5
1, 19581, 260, 263, 264, 8349870, 8450315, 0.48, 75, 500, 6, 89, 18750, 2.5
1, 19345, 229, 230, 233, 9019272, 9078215, 0.48, 75, 500, 6, 83, 18750, 2.5
1, 18874, 251, 253, 253, 8470860, 8470870, 0.48, 75, 500, 6, 83, 18750, 2.5
1, 21583, 259, 287, 280, 9401924, 9418128, 0.48, 75, 500, 6, 105, 18750, 2.5
1, 19045, 252, 253, 255, 8275935, 8276534, 0.48, 75, 500, 6, 80, 18750, 2.5
0, 25969, 225, 278, 272, 10059402, 9686832, 0.48, 75, 500, 6, 133, 18750, 2.5
0, 26250, 234, 299, 283, 10465819, 10139457, 0.48, 75, 500, 6, 110, 18750, 2.5
1, 19811, 229, 234, 234, 9150356, 9196375, 0.48, 75, 500, 6, 94, 18750, 2.5
1, 21572, 251, 268, 272, 8901377, 8962402, 0.48, 75, 500, 6, 107, 18750, 2.5
1, 19209, 259, 261, 264, 9022121, 9084297, 0.48, 75, 500, 6, 92, 18750, 2.5
1, 19663, 269, 275, 276, 8889186, 8906056, 0.48, 75, 500, 6, 99, 18750, 2.5
1, 19168, 262, 264, 267, 8653518, 8694494, 0.48, 75, 500, 6, 82, 18750, 2.5
0, 26250, 234, 294, 289, 10438174, 10223164, 0.48, 75, 500, 6, 133, 18750, 2.5
0, 26250, 250, 320, 299, 10275266, 10122375, 0.48, 75, 500, 6, 135, 18750, 2.5
0, 26250, 236, 285, 290, 9842757, 9767111, 0.48, 75, 500, 6, 131, 18750, 2.5
0, 21047, 284, 298, 294, 9071461, 8897858, 0.48, 75, 500, 6, 94, 18750, 2.5
0, 26250, 252, 319, 296, 10082967, 9799300, 0.48, 75, 500, 6, 136, 18750, 2.5
0, 20328, 266, 274, 268, 8954307, 8647865, 0.48, 75, 500, 6, 100, 18750, 2.5
0, 26250, 242, 285, 294, 10873719, 10596701, 0.48, 75, 500, 6, 134, 18750, 2.5
0, 20779, 234, 258, 243, 8918305, 8638875, 0.48, 75, 500, 6, 87, 18750, 2.5
1, 19591, 239, 243, 248, 8459573, 8472041, 0.48, 75, 500, 6, 90, 18750, 2.5
0, 19793, 221, 228, 225, 9246243, 9059842, 0.48, 75, 500, 6, 96, 18750, 2.5
1, 19374, 267, 268, 273, 8955159, 8962663, 0.48, 75, 500, 6, 79, 18750, 2.5
0, 24200, 250, 290, 281, 9856967, 9607551, 0.48, 75, 500, 6, 113, 18750, 2.5
1, 19710, 234, 235, 243, 8624431, 8652689, 0.48, 75, 500, 6, 91, 18750, 2.5
1, 18948, 246, 247, 248, 8628051, 8633790, 0.48, 75, 500, 6, 92, 18750, 2.5
1, 19542, 258, 259, 260, 8134421, 8196995, 0.48, 75, 500, 6, 83, 18750, 2.5
0, 25366, 256, 306, 293, 10318406, 9978635, 0.48, 75, 500, 6, 125, 18750, 2.5
1, 19234, 238, 242, 242, 8211754, 8225312, 0.48, 75, 500, 6, 92, 18750, 2.5
1, 19964, 267, 275, 271, 8744252, 8744284, 0.48, 75, 500, 6, 100, 18750, 2.5
1, 19101, 244, 245, 249, 8330938, 8365605, 0.48, 75, 500, 6, 77, 18750, 2.5
0, 26250, 264, 326, 320, 9863518, 9746924, 0.48, 75, 500, 6, 137, 18750, 2.5
1, 19915, 258, 262, 261, 9038251, 9063637, 0.48, 75, 500, 6, 106, 18750, 2.5
1, 19214, 266, 267, 271, 8668150, 8686139, 0.48, 75, 500, 6, 86, 18750, 2.5
1, 19251, 261, 264, 264, 8606198, 8666485, 0.48, 75, 500, 6, 91, 18750, 2.5
1, 19289, 252, 255, 256, 8197490, 8262339, 0.48, 75, 500, 6, 87, 18750, 2.5
1, 19969, 263, 264, 273, 8828708, 8875407, 0.48, 75, 500, 6, 100, 18750, 2.5
1, 19255, 226, 229, 232, 8502681, 8514581, 0.48, 75, 500, 6, 94, 18750, 2.5
1, 22645, 221, 248, 251, 9179110, 9216136, 0.48, 75, 500, 6, 103, 18750, 2.5
1, 19310, 267, 268, 270, 8253682, 8257472, 0.48, 75, 500, 6, 93, 18750, 2.5
1, 19201, 233, 234, 238, 8364941, 8401155, 0.48, 75, 500, 6, 91, 18750, 2.5
0, 26250, 234, 295, 287, 10357464, 10208878, 0.48, 75, 500, 6, 116, 18750, 2.5
1, 19295, 251, 255, 255, 8536677, 8572158, 0.48, 75, 500, 6, 89, 18750, 2.5
1, 19155, 253, 259, 259, 8770073, 8772345, 0.48, 75, 500, 6, 87, 18750, 2.5
1, 21041, 277, 293, 289, 8957576, 9003277, 0.48, 75, 500, 6, 108, 18750, 2.5
1, 18919, 257, 259, 259, 8836454, 8863007, 0.48, 75, 500, 6, 85, 18750, 2.5
1, 19614, 273, 274, 280, 9213308, 9274141, 0.48, 75, 500, 6, 88, 18750, 2.5
0, 23118, 257, 293, 295, 9855185, 9573871, 0.48, 75, 500, 6, 94, 18750, 2.5
1, 19358, 281, 284, 286, 8587182, 8626289, 0.48, 75, 500, 6, 88, 18750, 2.5
1, 19640, 247, 251, 250, 8894031, 8916591, 0.48, 75, 500, 6, 85, 18750, 2.5
1, 19717, 236, 240, 243, 8696138, 8738419, 0.48, 75, 500, 6, 93, 18750, 2.5
1, 18928, 231, 232, 234, 8680123, 8687754, 0.48, 75, 500, 6, 81, 18750, 2.5
1, 19169, 255, 257, 257, 8600299, 8643860, 0.48, 75, 500, 6, 78, 18750, 2.5
1, 18966, 266, 268, 270, 8650844, 8651545, 0.48, 75, 500, 6, 93, 18750, 2.5
1, 19522, 274, 277, 282, 8768128, 8834146, 0.48, 75, 500, 6, 87, 18750, 2.5
0, 23524, 239, 265, 272, 9859084, 9425806, 0.48, 75, 500, 6, 115, 18750, 2.5
1, 19838, 239, 247, 241, 8760559, 8825811, 0.48, 75, 500, 6, 98, 18750, 2.5
1, 19492, 250, 253, 253, 9241412, 9266154, 0.48, 75, 500, 6, 84, 18750, 2.5
1, 20058, 213, 223, 219, 9519370, 9530260, 0.48, 75, 500, 6, 89, 18750, 2.5
1, 19220, 265, 268, 268, 8769448, 8797870, 0.48, 75, 500, 6, 92, 18750, 2.5
1, 19305, 232, 233, 235, 9164140, 9235954, 0.48, 75, 500, 6, 100, 18750, 2.5
1, 19485, 233, 237, 242, 8764839, 8785670, 0.48, 75, 500, 6, 103, 18750, 2.5
0, 26250, 246, 294, 291, 10623944, 10384368, 0.48, 75, 500, 6, 117, 18750, 2.5
1, 19196, 248, 250, 251, 8725048, 8763185, 0.48, 75, 500, 6, 84, 18750, 2.5
0, 23286, 257, 285, 302, 9426950, 9168327, 0.48, 75, 500, 6, 114, 18750, 2.5
1, 20413, 263, 274, 274, 8798283, 8840602, 0.48, 75, 500, 6, 103, 18750, 2.5
1, 19704, 241, 244, 245, 8594669, 8617468, 0.48, 75, 500, 6, 88, 18750, 2.5
0, 26250, 257, 309, 312, 10117791, 10032525, 0.48, 75, 500, 6, 125, 18750, 2.5
1, 19716, 270, 278, 275, 9797541, 9838817, 0.48, 75, 500, 6, 88, 18750, 2.5
0, 26250, 268, 336, 320, 10289322, 10286094, 0.48, 75, 500, 6, 124, 18750, 2.5
1, 19380, 257, 261, 262, 8604942, 8655964, 0.48, 75, 500, 6, 96, 18750, 2.5
1, 19293, 243, 247, 248, 8534100, 8569154, 0.48, 75, 500, 6, 94, 18750, 2.5
1, 18895, 236, 238, 239, 9086218, 9106229, 0.48, 75, 500, 6, 84, 18750, 2.5
1, 18937, 247, 250, 250, 8242095, 8264450, 0.48, 75, 500, 6, 102, 18750, 2.5
1, 19055, 250, 251, 253, 8707830, 8743412, 0.48, 75, 500, 6, 88, 18750, 2.5
1, 19522, 257, 261, 261, 8833118, 8876009, 0.48, 75, 500, 6, 92, 18750, 2.5
1, 19201, 251, 252, 254, 8566741, 8587079, 0.48, 75, 500, 6, 95, 18750, 2.5
1, 19327, 237, 239, 241, 8544492, 8574132, 0.48, 75, 500, 6, 92, 18750, 2.5
1, 18821, 218, 219, 220, 8516938, 8517965, 0.48, 75, 500, 6, 94, 18750, 2.5
1, 22255, 270, 301, 289, 9389790, 9420173, 0.48, 75, 500, 6, 98, 18750, 2.5
1, 19185, 249, 250, 254, 8674940, 8720331, 0.48, 75, 500, 6, 87, 18750, 2.5
0, 26250, 244, 298, 300, 10176529, 9934663, 0.48, 75, 500, 6, 114, 18750, 2.5
1, 19277, 233, 235, 239, 8708244, 8780880, 0.48, 75, 500, 6, 90, 18750, 2.5
1, 19060, 246, 247, 250, 7362153, 7411444, 0.48, 75, 500, 5, 74, 18750, 2.5
1, 19694, 270, 275, 275, 7239662, 7296066, 0.48, 75, 500, 5, 70, 18750, 2.5
1, 20343, 238, 247, 247, 8705333, 8714251, 0.48, 75, 500, 6, 80, 18750, 2.5
1, 19444, 246, 248, 255, 8774273, 8779048, 0.48, 75, 500, 6, 90, 18750, 2.5
1, 19678, 226, 235, 229, 7442367, 7501085, 0.48, 75, 500, 5, 67, 18750, 2.5
1, 20213, 233, 242, 245, 7470319, 7557113, 0.48, 75, 500, 5, 75, 18750, 2.5
1, 22832, 285, 311, 308, 7952653, 7966272, 0.48, 75, 500, 5, 82, 18750, 2.5
1, 19540, 239, 240, 241, 7415650, 7437761, 0.48, 75, 500, 5, 71, 18750, 2.5
1, 19623, 246, 254, 249, 7040879, 7079929, 0.48, 75, 500, 5, 73, 18750, 2.5
1, 19023, 265, 267, 267, 7009935, 7013032, 0.48, 75, 500, 5, 67, 18750, 2.5
1, 25374, 251, 303, 296, 10054093, 10074330, 0.48, 75, 500, 6, 121, 18750, 2.5
0, 26250, 234, 294, 284, 10578394, 10288336, 0.48, 75, 500, 6, 127, 18750, 2.5
1, 20100, 260, 266, 267, 7804229, 7919028, 0.48, 75, 500, 5, 72, 18750, 2.5
0, 25914, 251, 303, 302, 8406030, 8022049, 0.48, 75, 500, 5, 100, 18750, 2.5
1, 19594, 233, 236, 242, 7423603, 7441944, 0.48, 75, 500, 5, 70, 18750, 2.5
1, 20261, 261, 265, 272, 7670858, 7736342, 0.48, 75, 500, 5, 72, 18750, 2.5
1, 18949, 254, 255, 256, 7065128, 7076024, 0.48, 75, 500, 5, 75, 18750, 2.5
1, 21328, 260, 274, 271, 8202793, 8234820, 0.48, 75, 500, 5, 78, 18750, 2.5
0, 26250, 273, 325, 319, 8423709, 8252055, 0.48, 75, 500, 5, 101, 18750, 2.5
1, 19020, 246, 248, 250, 6843285, 6851606, 0.48, 75, 500, 5, 69, 18750, 2.5
1, 19414, 277, 278, 281, 7223484, 7250646, 0.48, 75, 500, 5, 73, 18750, 2.5
1, 19632, 290, 292, 294, 7369974, 7406276, 0.48, 75, 500, 5, 70, 18750, 2.5
1, 20483, 245, 251, 253, 6954530, 7110078, 0.48, 75, 500, 5, 74, 18750, 2.5
1, 19602, 262, 265, 269, 7441616, 7482893, 0.48, 75, 500, 5, 74, 18750, 2.5
0, 26250, 275, 323, 334, 8447351, 8342044, 0.48, 75, 500, 5, 96, 18750, 2.5
1, 20197, 241, 252, 252, 7292275, 7310134, 0.48, 75, 500, 5, 83, 18750, 2.5
1, 19361, 268, 274, 270, 7438622, 7467166, 0.48, 75, 500, 5, 76, 18750, 2.5
1, 19008, 257, 258, 260, 6720422, 6753665, 0.48, 75, 500, 5, 71, 18750, 2.5
1, 23930, 232, 266, 269, 7978365, 8054073, 0.48, 75, 500, 5, 94, 18750, 2.5
1, 20012, 256, 262, 262, 7648946, 7652420, 0.48, 75, 500, 5, 74, 18750, 2.5
0, 20879, 264, 292, 273, 7491147, 7254137, 0.48, 75, 500, 5, 91, 18750, 2.5
1, 19523, 277, 280, 282, 7190611, 7191624, 0.48, 75, 500, 5, 67, 18750, 2.5
1, 19356, 246, 247, 249, 7108719, 7119912, 0.48, 75, 500, 5, 72, 18750, 2.5
1, 19096, 237, 240, 240, 6762655, 6774962, 0.48, 75, 500, 5, 70, 18750, 2.5
0, 26250, 261, 343, 321, 8847500, 8658920, 0.48, 75, 500, 5, 95, 18750, 2.5
1, 19151, 249, 250, 253, 7112296, 7117176, 0.48, 75, 500, 5, 67, 18750, 2.5
1, 19321, 275, 280, 278, 6971103, 7006197, 0.48, 75, 500, 5, 71, 18750, 2.5
1, 21845, 236, 251, 261, 7785022, 7807649, 0.48, 75, 500, 5, 71, 18750, 2.5
1, 18813, 243, 244, 246, 6750859, 6762201, 0.48, 75, 500, 5, 64, 18750, 2.5
1, 19121, 214, 215, 216, 7207174, 7211073, 0.48, 75, 500, 5, 65, 18750, 2.5
0, 23028, 243, 273, 263, 7937036, 7655171, 0.48, 75, 500, 5, 89, 18750, 2.5
0, 19960, 255, 271, 261, 7405647, 7206951, 0.48, 75, 500, 5, 70, 18750, 2.5
1, 19342, 275, 277, 278, 7348848, 7384421, 0.48, 75, 500, 5, 68, 18750, 2.5
1, 20499, 279, 295, 300, 7656291, 7684399, 0.48, 75, 500, 5, 69, 18750, 2.5
1, 19226, 231, 232, 233, 7192302, 7201588, 0.48, 75, 500, 5, 71, 18750, 2.5
1, 19246, 254, 259, 258, 7032370, 7043583, 0.48, 75, 500, 5, 69, 18750, 2.5
1, 22875, 243, 271, 270, 7908744, 7936603, 0.48, 75, 500, 5, 85, 18750, 2.5
0, 26250, 232, 297, 293, 9201859, 9045450, 0.48, 75, 500, 5, 95, 18750, 2.5
1, 21322, 225, 244, 245, 7397329, 7400923, 0.48, 75, 500, 5, 74, 18750, 2.5
1, 19119, 233, 234, 235, 6853403, 6880773, 0.48, 75, 500, 5, 68, 18750, 2.5
1, 18901, 244, 246, 247, 6879650, 6891618, 0.48, 75, 500, 5, 70, 18750, 2.5
1, 19191, 236, 239, 240, 7127116, 7161597, 0.48, 75, 500, 5, 76, 18750, 2.5
0, 26250, 250, 299, 302, 8254101, 8206750, 0.48, 75, 500, 5, 105, 18750, 2.5
1, 18994, 265, 266, 267, 7520573, 7543522, 0.48, 75, 500, 5, 76, 18750, 2.5
1, 19181, 225, 227, 230, 7329480, 7360508, 0.48, 75, 500, 5, 66, 18750, 2.5
1, 20292, 255, 264, 269, 7329800, 7360297, 0.48, 75, 500, 5, 78, 18750, 2.5
1, 19265, 242, 243, 247, 7367007, 7466751, 0.48, 75, 500, 5, 73, 18750, 2.5
0, 26250, 251, 294, 304, 8541748, 8459711, 0.48, 75, 500, 5, 117, 18750, 2.5
0, 19308, 256, 259, 257, 7418494, 7206322, 0.48, 75, 500, 5, 72, 18750, 2.5
1, 19951, 275, 277, 285, 7406144, 7483199, 0.48, 75, 500, 5, 74, 18750, 2.5
1, 19707, 284, 289, 289, 7286119, 7287735, 0.48, 75, 500, 5, 77, 18750, 2.5
1, 19087, 253, 256, 255, 7036420, 7089293, 0.48, 75, 500, 5, 74, 18750, 2.5
1, 19901, 240, 248, 250, 7327723, 7343911, 0.48, 75, 500, 5, 75, 18750, 2.5
1, 19556, 263, 264, 270, 6972714, 7017504, 0.48, 75, 500, 5, 79, 18750, 2.5
0, 26250, 231, 279, 297, 8517613, 8488014, 0.48, 75, 500, 5, 104, 18750, 2.5
1, 19313, 228, 233, 232, 7162778, 7179386, 0.48, 75, 500, 5, 78, 18750, 2.5
1, 19115, 276, 278, 280, 7303327, 7328753, 0.48, 75, 500, 5, 72, 18750, 2.5
0, 26250, 250, 301, 292, 8635854, 8518017, 0.48, 75, 500, 5, 106, 18750, 2.5
1, 23038, 254, 281, 281, 7810995, 7829986, 0.48, 75, 500, 5, 96, 18750, 2.5
1, 19270, 264, 267, 269, 7057424, 7071435, 0.48, 75, 500, 5, 77, 18750, 2.5
0, 26250, 284, 341, 330, 8288085, 8210304, 0.48, 75, 500, 5, 108, 18750, 2.5
1, 19712, 240, 243, 244, 7396054, 7421227, 0.48, 75, 500, 5, 80, 18750, 2.5
1, 19551, 251, 254, 254, 7178151, 7216594, 0.48, 75, 500, 5, 77, 18750, 2.5
1, 19156, 247, 249, 251, 7742774, 7750758, 0.48, 75, 500, 5, 68, 18750, 2.5
0, 26250, 228, 277, 289, 8226377, 8159815, 0.48, 75, 500, 5, 104, 18750, 2.5
1, 20366, 253, 259, 257, 7473852, 7502128, 0.48, 75, 500, 5, 73, 18750, 2.5
1, 19710, 264, 270, 270, 7155197, 7204140, 0.48, 75, 500, 5, 69, 18750, 2.5
1, 19249, 263, 264, 269, 7184771, 7209595, 0.48, 75, 500, 5, 75, 18750, 2.5
1, 19101, 222, 225, 226, 7037535, 7077964, 0.48, 75, 500, 5, 66, 18750, 2.5
1, 19425, 256, 263, 262, 7283795, 7290811, 0.48, 75, 500, 5, 66, 18750, 2.5
0, 26250, 251, 296, 303, 8275092, 8205418, 0.48, 75, 500, 5, 102, 18750, 2.5
1, 19113, 259, 262, 264, 7013836, 7035057, 0.48, 75, 500, 5, 70, 18750, 2.5
1, 19611, 251, 256, 255, 6913257, 6932636, 0.48, 75, 500, 5, 76, 18750, 2.5
1, 19885, 275, 278, 282, 7575534, 7607468, 0.48, 75, 500, 5, 65, 18750, 2.5
1, 19297, 229, 231, 232, 7183378, 7190625, 0.48, 75, 500, 5, 76, 18750, 2.5
1, 19340, 229, 230, 232, 7366611, 7427168, 0.48, 75, 500, 5, 73, 18750, 2.5
1, 19616, 255, 260, 262, 7117182, 7235321, 0.48, 75, 500, 5, 77, 18750, 2.5
1, 20168, 265, 266, 268, 7681151, 7730312, 0.48, 75, 500, 5, 74, 18750, 2.5
0, 25966, 258, 315, 302, 8423614, 8195775, 0.48, 75, 500, 5, 99, 18750, 2.5
1, 18925, 234, 235, 236, 7014870, 7047543, 0.48, 75, 500, 5, 70, 18750, 2.5
0, 26250, 261, 308, 327, 9019382, 8871362, 0.48, 75, 500, 5, 114, 18750, 2.5
1, 19472, 252, 256, 255, 7141694, 7199702, 0.48, 75, 500, 5, 64, 18750, 2.5
1, 19797, 241, 247, 247, 6952569, 6993128, 0.48, 75, 500, 5, 70, 18750, 2.5
1, 19355, 229, 232, 231, 7223539, 7263432, 0.48, 75, 500, 5, 74, 18750, 2.5
0, 26250, 262, 311, 321, 8618463, 8438951, 0.48, 75, 500, 5, 94, 18750, 2.5
1, 20005, 218, 229, 224, 7461511, 7559086, 0.48, 75, 500, 5, 72, 18750, 2.5
1, 19190, 226, 230, 231, 6802088, 6839601, 0.48, 75, 500, 5, 70, 18750, 2.5
0, 23234, 256, 296, 282, 8481756, 8036140, 0.48, 75, 500, 5, 97, 18750, 2.5
1, 19712, 280, 282, 285, 7241181, 7276395, 0.48, 75, 500, 5, 72, 18750, 2.5
1, 19187, 256, 259, 258, 5890789, 5910076, 0.48, 75, 500, 4, 49, 18750, 2.5
0, 22826, 271, 314, 289, 7807160, 7478708, 0.48, 75, 500, 5, 88, 18750, 2.5
1, 19611, 249, 252, 255, 7057204, 7100597, 0.48, 75, 500, 5, 77, 18750, 2.5
1, 19961, 255, 259, 264, 6280254, 6286723, 0.48, 75, 500, 4, 50, 18750, 2.5
1, 19024, 235, 236, 238, 6937624, 6981367, 0.48, 75, 500, 5, 67, 18750, 2.5
0, 26250, 248, 317, 297, 8476813, 8262882, 0.48, 75, 500, 5, 92, 18750, 2.5
1, 19278, 267, 270, 273, 5542033, 5568425, 0.48, 75, 500, 4, 51, 18750, 2.5
1, 19055, 236, 239, 239, 5559836, 5580871, 0.48, 75, 500, 4, 60, 18750, 2.5
0, 21498, 248, 272, 268, 6155575, 5955022, 0.48, 75, 500, 4, 56, 18750, 2.5
0, 22366, 250, 282, 270, 8064187, 7825174, 0.48, 75, 500, 5, 80, 18750, 2.5
0, 23301, 258, 282, 289, 6635132, 6386043, 0.48, 75, 500, 4, 63, 18750, 2.5
1, 19204, 252, 253, 256, 5196491, 5220703, 0.48, 75, 500, 4, 50, 18750, 2.5
1, 20983, 251, 268, 264, 5708672, 5711655, 0.48, 75, 500, 4, 59, 18750, 2.5
1, 18946, 262, 263, 265, 5551640, 5577154, 0.48, 75, 500, 4, 53, 18750, 2.5
1, 19996, 261, 267, 266, 5816031, 5839178, 0.48, 75, 500, 4, 54, 18750, 2.5
1, 19522, 240, 241, 242, 5694673, 5696257, 0.48, 75, 500, 4, 54, 18750, 2.5
0, 20457, 219, 237, 227, 5905202, 5753834, 0.48, 75, 500, 4, 54, 18750, 2.5
1, 19470, 244, 251, 248, 5636078, 5666007, 0.48, 75, 500, 4, 53, 18750, 2.5
1, 19034, 242, 243, 244, 5652035, 5655066, 0.48, 75, 500, 4, 49, 18750, 2.5
1, 19270, 244, 245, 247, 6218431, 6248267, 0.48, 75, 500, 4, 46, 18750, 2.5
1, 19431, 252, 253, 255, 6077512, 6093941, 0.48, 75, 500, 4, 57, 18750, 2.5
1, 19013, 243, 245, 245, 5829649, 5843401, 0.48, 75, 500, 4, 56, 18750, 2.5
1, 19179, 260, 261, 263, 5825678, 5865761, 0.48, 75, 500, 4, 53, 18750, 2.5
1, 20277, 252, 264, 265, 6035131, 6043751, 0.48, 75, 500, 4, 65, 18750, 2.5
0, 26250, 258, 304, 312, 6692876, 6727686, 0.48, 75, 500, 4, 79, 18750, 2.5
0, 26250, 263, 328, 302, 7064756, 6935034, 0.48, 75, 500, 4, 78, 18750, 2.5
1, 19162, 270, 271, 274, 5701854, 5723329, 0.48, 75, 500, 4, 46, 18750, 2.5
1, 18831, 220, 221, 222, 5476600, 5480192, 0.48, 75, 500, 4, 46, 18750, 2.5
1, 19239, 233, 239, 235, 5826186, 5827101, 0.48, 75, 500, 4, 49, 18750, 2.5
1, 18826, 259, 260, 261, 5641898, 5644185, 0.48, 75, 500, 4, 49, 18750, 2.5
1, 18948, 242, 243, 244, 5782289, 5786786, 0.48, 75, 500, 4, 50, 18750, 2.5
1, 18979, 267, 270, 270, 5769562, 5776116, 0.48, 75, 500, 4, 55, 18750, 2.5
1, 19246, 258, 260, 263, 5547172, 5550468, 0.48, 75, 500, 4, 47, 18750, 2.5
1, 19226, 257, 258, 260, 5583223, 5611963, 0.48, 75, 500, 4, 55, 18750, 2.5
0, 26250, 220, 269, 287, 7252445, 7068588, 0.48, 75, 500, 4, 70, 18750, 2.5
1, 21397, 241, 255, 255, 6386543, 6411754, 0.48, 75, 500, 4, 59, 18750, 2.5
1, 19906, 240, 248, 250, 5936834, 5982211, 0.48, 75, 500, 4, 54, 18750, 2.5
1, 19575, 254, 256, 258, 5814460, 5823086, 0.48, 75, 500, 4, 62, 18750, 2.5
1, 19819, 255, 257, 265, 5799132, 5869696, 0.48, 75, 500, 4, 64, 18750, 2.5
1, 19493, 249, 254, 254, 5708530, 5719660, 0.48, 75, 500, 4, 50, 18750, 2.5
1, 19155, 259, 261, 263, 6121733, 6160811, 0.48, 75, 500, 4, 48, 18750, 2.5
1, 19500, 249, 252, 252, 5694873, 5721478, 0.48, 75, 500, 4, 52, 18750, 2.5
1, 19969, 293, 296, 298, 5701152, 5737015, 0.48, 75, 500, 4, 52, 18750, 2.5
1, 24849, 227, 282, 263, 6650752, 6669542, 0.48, 75, 500, 4, 76, 18750, 2.5
0, 21849, 246, 269, 269, 5860658, 5701648, 0.48, 75, 500, 4, 65, 18750, 2.5
0, 23548, 256, 285, 279, 6750622, 6467834, 0.48, 75, 500, 4, 70, 18750, 2.5
0, 23229, 261, 296, 287, 6338627, 6108238, 0.48, 75, 500, 4, 66, 18750, 2.5
1, 18987, 259, 260, 262, 6035867, 6047186, 0.48, 75, 500, 4, 51, 18750, 2.5
1, 19255, 250, 253, 253, 5644053, 5644787, 0.48, 75, 500, 4, 47, 18750, 2.5
1, 19606, 238, 241, 247, 5751887, 5779547, 0.48, 75, 500, 4, 50, 18750, 2.5
1, 19279, 252, 255, 257, 5533841, 5550940, 0.48, 75, 500, 4, 48, 18750, 2.5
1, 19176, 262, 263, 266, 6149694, 6183622, 0.48, 75, 500, 4, 53, 18750, 2.5
0, 26250, 272, 327, 302, 6813617, 6632650, 0.48, 75, 500, 4, 73, 18750, 2.5
1, 19229, 239, 240, 242, 5760008, 5812221, 0.48, 75, 500, 4, 54, 18750, 2.5
1, 19409, 263, 266, 266, 6059231, 6080273, 0.48, 75, 500, 4, 59, 18750, 2.5
0, 25083, 255, 323, 289, 7261852, 7031869, 0.48, 75, 500, 4, 75, 18750, 2.5
0, 21685, 262, 290, 275, 5994325, 5808879, 0.48, 75, 500, 4, 54, 18750, 2.5
1, 19056, 258, 260, 261, 5624668, 5661035, 0.48, 75, 500, 4, 62, 18750, 2.5
1, 19730, 264, 268, 270, 5595517, 5628908, 0.48, 75, 500, 4, 50, 18750, 2.5
1, 19268, 246, 249, 250, 5692735, 5710886, 0.48, 75, 500, 4, 47, 18750, 2.5
1, 23924, 228, 259, 268, 6495563, 6529047, 0.48, 75, 500, 4, 66, 18750, 2.5
1, 19847, 222, 226, 229, 5744718, 5799160, 0.48, 75, 500, 4, 48, 18750, 2.5
1, 21037, 264, 281, 283, 6111539, 6114330, 0.48, 75, 500, 4, 58, 18750, 2.5
0, 24831, 242, 291, 281, 6590080, 6427808, 0.48, 75, 500, 4, 71, 18750, 2.5
1, 19351, 218, 221, 220, 5624862, 5639770, 0.48, 75, 500, 4, 58, 18750, 2.5
1, 19249, 244, 247, 248, 5934858, 5976760, 0.48, 75, 500, 4, 55, 18750, 2.5
1, 20656, 233, 243, 241, 5860660, 5877088, 0.48, 75, 500, 4, 56, 18750, 2.5
1, 20425, 243, 252, 251, 6037670, 6059561, 0.48, 75, 500, 4, 50, 18750, 2.5
0, 22195, 259, 283, 278, 6140611, 5919793, 0.48, 75, 500, 4, 61, 18750, 2.5
1, 19897, 259, 264, 268, 5730635, 5757715, 0.48, 75, 500, 4, 60, 18750, 2.5
1, 19342, 246, 248, 253, 5743774, 5768175, 0.48, 75, 500, 4, 61, 18750, 2.5
1, 25461, 259, 298, 307, 6864456, 6880840, 0.48, 75, 500, 4, 75, 18750, 2.5
1, 19509, 250, 252, 256, 5586060, 5625136, 0.48, 75, 500, 4, 51, 18750, 2.5
1, 19054, 238, 241, 242, 5717500, 5725767, 0.48, 75, 500, 4, 51, 18750, 2.5
0, 26250, 243, 300, 278, 6756706, 6576550, 0.48, 75, 500, 4, 79, 18750, 2.5
1, 19853, 256, 260, 266, 5708132, 5770098, 0.48, 75, 500, 4, 58, 18750, 2.5
0, 22512, 255, 272, 275, 6500480, 6337380, 0.48, 75, 500, 4, 64, 18750, 2.5
1, 19221, 229, 234, 236, 5351676, 5355677, 0.48, 75, 500, 4, 46, 18750, 2.5
1, 19186, 239, 240, 242, 5455989, 5506882, 0.48, 75, 500, 4, 51, 18750, 2.5
1, 19008, 238, 243, 241, 5520119, 5523509, 0.48, 75, 500, 4, 50, 18750, 2.5
1, 19242, 259, 261, 263, 5499408, 5502049, 0.48, 75, 500, 4, 53, 18750, 2.5
1, 19729, 298, 303, 306, 5734361, 5787172, 0.48, 75, 500, 4, 48, 18750, 2.5
0, 22974, 259, 291, 292, 6093926, 5913784, 0.48, 75, 500, 4, 65, 18750, 2.5
1, 19507, 246, 247, 252, 5894690, 5906408, 0.48, 75, 500, 4, 62, 18750, 2.5
1, 19191, 265, 268, 270, 5910613, 5932772, 0.48, 75, 500, 4, 49, 18750, 2.5
1, 18958, 249, 250, 251, 6012070, 6031152, 0.48, 75, 500, 4, 50, 18750, 2.5
0, 26250, 243, 306, 291, 6770700, 6704347, 0.48, 75, 500, 4, 79, 18750, 2.5
1, 19289, 249, 251, 253, 5491718, 5514173, 0.48, 75, 500, 4, 52, 18750, 2.5
1, 19360, 248, 251, 253, 5898197, 5924153, 0.48, 75, 500, 4, 55, 18750, 2.5
1, 19275, 272, 275, 278, 5681971, 5689459, 0.48, 75, 500, 4, 49, 18750, 2.5
0, 26250, 244, 306, 293, 6647085, 6417774, 0.48, 75, 500, 4, 73, 18750, 2.5
1, 19179, 233, 234, 236, 5810279, 5817197, 0.48, 75, 500, 4, 48, 18750, 2.5
1, 19726, 261, 262, 269, 5899156, 5951213, 0.48, 75, 500, 4, 57, 18750, 2.5
0, 22266, 272, 289, 288, 6996354, 6713935, 0.48, 75, 500, 4, 64, 18750, 2.5
1, 19402, 256, 259, 258, 6206306, 6213988, 0.48, 75, 500, 4, 58, 18750, 2.5
0, 20612, 246, 253, 253, 5695077, 5575619, 0.48, 75, 500, 4, 56, 18750, 2.5
1, 20115, 247, 253, 252, 5904506, 5959732, 0.48, 75, 500, 4, 59, 18750, 2.5
1, 19640, 250, 253, 255, 5699061, 5705505, 0.48, 75, 500, 4, 52, 18750, 2.5
1, 19676, 272, 277, 279, 6218124, 6233361, 0.48, 75, 500, 4, 49, 18750, 2.5
1, 19449, 249, 254, 252, 6209181, 6214502, 0.48, 75, 500, 4, 49, 18750, 2.5
1, 19340, 246, 249, 251, 5697251, 5728110, 0.48, 75, 500, 4, 51, 18750, 2.5
1, 19391, 249, 252, 252, 5835667, 5857467, 0.48, 75, 500, 4, 52, 18750, 2.5
1, 19468, 229, 234, 234, 4372593, 4384187, 0.48, 75, 500, 3, 36, 18750, 2.5
0, 26250, 237, 284, 302, 6450745, 6387794, 0.48, 75, 500, 4, 76, 18750, 2.5
1, 19297, 268, 271, 273, 4436538, 4445603, 0.48, 75, 500, 3, 35, 18750, 2.5
1, 19306, 242, 250, 249, 5377190, 5406704, 0.48, 75, 500, 4, 55, 18750, 2.5
1, 18906, 257, 261, 259, 4054899, 4063838, 0.48, 75, 500, 3, 41, 18750, 2.5
1, 19451, 239, 243, 241, 4449867, 4472035, 0.48, 75, 500, 3, 39, 18750, 2.5
1, 18793, 243, 245, 245, 4136209, 4137568, 0.48, 75, 500, 3, 35, 18750, 2.5
1, 18979, 233, 236, 237, 4041286, 4057338, 0.48, 75, 500, 3, 34, 18750, 2.5
1, 19187, 263, 264, 267, 5932568, 5968074, 0.48, 75, 500, 4, 51, 18750, 2.5
1, 19732, 262, 266, 267, 4639027, 4657907, 0.48, 75, 500, 3, 41, 18750, 2.5
1, 19366, 240, 242, 244, 4086377, 4090484, 0.48, 75, 500, 3, 43, 18750, 2.5
1, 19357, 252, 254, 256, 4355845, 4373781, 0.48, 75, 500, 3, 38, 18750, 2.5
1, 21085, 237, 251, 255, 4507904, 4524922, 0.48, 75, 500, 3, 44, 18750, 2.5
1, 19646, 271, 274, 278, 4437321, 4493766, 0.48, 75, 500, 3, 41, 18750, 2.5
1, 19057, 241, 243, 243, 4519658, 4526658, 0.48, 75, 500, 3, 39, 18750, 2.5
1, 19664, 247, 251, 251, 4184473, 4200107, 0.48, 75, 500, 3, 36, 18750, 2.5
0, 22379, 249, 271, 272, 4618925, 4497714, 0.48, 75, 500, 3, 41, 18750, 2.5
1, 19555, 258, 264, 266, 4518512, 4588240, 0.48, 75, 500, 3, 36, 18750, 2.5
1, 19178, 230, 232, 234, 4260018, 4277937, 0.48, 75, 500, 3, 41, 18750, 2.5
1, 19362, 250, 254, 256, 4160937, 4199386, 0.48, 75, 500, 3, 36, 18750, 2.5
1, 19138, 243, 246, 246, 4249092, 4258215, 0.48, 75, 500, 3, 38, 18750, 2.5
1, 19035, 256, 257, 262, 4639154, 4667463, 0.48, 75, 500, 3, 38, 18750, 2.5
0, 26250, 237, 300, 291, 4859171, 4829088, 0.48, 75, 500, 3, 55, 18750, 2.5
1, 21998, 251, 278, 276, 4383696, 4387609, 0.48, 75, 500, 3, 41, 18750, 2.5
1, 19627, 259, 267, 265, 4206350, 4249555, 0.48, 75, 500, 3, 39, 18750, 2.5
0, 26250, 216, 271, 271, 5424416, 5219055, 0.48, 75, 500, 3, 55, 18750, 2.5
1, 19970, 256, 268, 268, 4068663, 4100405, 0.48, 75, 500, 3, 43, 18750, 2.5
1, 19224, 272, 275, 276, 4027756, 4038226, 0.48, 75, 500, 3, 34, 18750, 2.5
1, 19093, 246, 248, 249, 4276112, 4286274, 0.48, 75, 500, 3, 40, 18750, 2.5
1, 19543, 227, 228, 231, 4211315, 4244146, 0.48, 75, 500, 3, 40, 18750, 2.5
1, 19375, 268, 270, 276, 4172031, 4205029, 0.48, 75, 500, 3, 41, 18750, 2.5
1, 18917, 252, 254, 254, 4103785, 4119880, 0.48, 75, 500, 3, 38, 18750, 2.5
1, 20122, 234, 241, 242, 4132031, 4178847, 0.48, 75, 500, 3, 41, 18750, 2.5
1, 19771, 257, 259, 261, 4569323, 4616993, 0.48, 75, 500, 3, 40, 18750, 2.5
1, 18870, 244, 245, 246, 4276930, 4285593, 0.48, 75, 500, 3, 37, 18750, 2.5
1, 19818, 218, 219, 226, 4397103, 4456517, 0.48, 75, 500, 3, 42, 18750, 2.5
1, 19013, 270, 271, 274, 4150572, 4180771, 0.48, 75, 500, 3, 38, 18750, 2.5
1, 19457, 209, 213, 212, 4293098, 4304013, 0.48, 75, 500, 3, 39, 18750, 2.5
1, 19423, 252, 254, 257, 4317118, 4342748, 0.48, 75, 500, 3, 40, 18750, 2.5
0, 20661, 248, 265, 257, 4448902, 4333487, 0.48, 75, 500, 3, 40, 18750, 2.5
1, 19079, 253, 256, 257, 4087046, 4103471, 0.48, 75, 500, 3, 35, 18750, 2.5
1, 19259, 266, 267, 274, 4463541, 4496041, 0.48, 75, 500, 3, 39, 18750, 2.5
0, 25472, 252, 313, 301, 5275684, 5104565, 0.48, 75, 500, 3, 59, 18750, 2.5
1, 19833, 232, 239, 239, 4393221, 4397913, 0.48, 75, 500, 3, 41, 18750, 2.5
1, 20135, 276, 279, 283, 4240604, 4252019, 0.48, 75, 500, 3, 44, 18750, 2.5
1, 19237, 247, 249, 249, 4229726, 4244950, 0.48, 75, 500, 3, 38, 18750, 2.5
1, 19500, 238, 239, 240, 4528842, 4530142, 0.48, 75, 500, 3, 38, 18750, 2.5
1, 19732, 250, 255, 254, 4422465, 4463959, 0.48, 75, 500, 3, 37, 18750, 2.5
1, 19004, 249, 251, 251, 4513582, 4521204, 0.48, 75, 500, 3, 34, 18750, 2.5
1, 19163, 247, 249, 250, 4360536, 4379466, 0.48, 75, 500, 3, 44, 18750, 2.5
0, 24662, 263, 307, 295, 4862630, 4687618, 0.48, 75, 500, 3, 53, 18750, 2.5
1, 18889, 242, 243, 244, 4312544, 4317739, 0.48, 75, 500, 3, 35, 18750, 2.5
1, 20060, 258, 264, 262, 4532039, 4563537, 0.48, 75, 500, 3, 42, 18750, 2.5
1, 19270, 240, 242, 246, 4509547, 4517147, 0.48, 75, 500, 3, 35, 18750, 2.5
1, 18797, 225, 226, 227, 4426982, 4430918, 0.48, 75, 500, 3, 37, 18750, 2.5
1, 19147, 259, 261, 263, 4465799, 4476685, 0.48, 75, 500, 3, 38, 18750, 2.5
1, 19219, 245, 247, 251, 4378922, 4388942, 0.48, 75, 500, 3, 41, 18750, 2.5
0, 21667, 255, 292, 272, 4569552, 4379426, 0.48, 75, 500, 3, 48, 18750, 2.5
1, 19151, 275, 279, 280, 4201170, 4218669, 0.48, 75, 500, 3, 39, 18750, 2.5
1, 19436, 244, 246, 251, 4462091, 4510595, 0.48, 75, 500, 3, 40, 18750, 2.5
1, 19187, 238, 240, 240, 4457919, 4462701, 0.48, 75, 500, 3, 37, 18750, 2.5
1, 18901, 239, 240, 241, 4289475, 4305923, 0.48, 75, 500, 3, 37, 18750, 2.5
1, 20954, 255, 267, 269, 4565155, 4585464, 0.48, 75, 500, 3, 40, 18750, 2.5
1, 19073, 236, 239, 240, 4254320, 4266489, 0.48, 75, 500, 3, 33, 18750, 2.5
0, 26250, 238, 301, 288, 5036397, 4932401, 0.48, 75, 500, 3, 57, 18750, 2.5
1, 19423, 233, 237, 237, 4537857, 4567934, 0.48, 75, 500, 3, 39, 18750, 2.5
1, 19535, 244, 248, 250, 4351221, 4379361, 0.48, 75, 500, 3, 42, 18750, 2.5
1, 21559, 272, 289, 291, 4546240, 4560540, 0.48, 75, 500, 3, 44, 18750, 2.5
1, 19649, 241, 244, 247, 4250821, 4285734, 0.48, 75, 500, 3, 41, 18750, 2.5
0, 22169, 284, 313, 308, 4838393, 4693216, 0.48, 75, 500, 3, 44, 18750, 2.5
0, 26250, 253, 296, 306, 4875879, 4724922, 0.48, 75, 500, 3, 52, 18750, 2.5
1, 19372, 239, 240, 246, 4112815, 4141291, 0.48, 75, 500, 3, 39, 18750, 2.5
1, 19922, 235, 241, 241, 4370490, 4407334, 0.48, 75, 500, 3, 40, 18750, 2.5
1, 19313, 247, 251, 251, 4396826, 4423813, 0.48, 75, 500, 3, 36, 18750, 2.5
0, 24038, 259, 306, 284, 5131043, 4926180, 0.48, 75, 500, 3, 53, 18750, 2.5
1, 20679, 255, 267, 270, 4214040, 4228084, 0.48, 75, 500, 3, 43, 18750, 2.5
1, 24761, 282, 323, 324, 5103746, 5109150, 0.48, 75, 500, 3, 47, 18750, 2.5
0, 26250, 260, 318, 305, 5131909, 5009142, 0.48, 75, 500, 3, 56, 18750, 2.5
0, 25480, 226, 287, 264, 4857839, 4729600, 0.48, 75, 500, 3, 56, 18750, 2.5
1, 19056, 260, 262, 265, 4054743, 4063274, 0.48, 75, 500, 3, 37, 18750, 2.5
1, 19173, 225, 228, 229, 4343949, 4359286, 0.48, 75, 500, 3, 38, 18750, 2.5
1, 19586, 251, 259, 255, 4339505, 4351033, 0.48, 75, 500, 3, 42, 18750, 2.5
1, 19270, 279, 282, 284, 4269556, 4281465, 0.48, 75, 500, 3, 39, 18750, 2.5
1, 21037, 260, 276, 276, 4249807, 4267653, 0.48, 75, 500, 3, 39, 18750, 2.5
1, 19371, 210, 214, 215, 4316187, 4327642, 0.48, 75, 500, 3, 39, 18750, 2.5
1, 19762, 248, 250, 257, 4063336, 4116069, 0.48, 75, 500, 3, 40, 18750, 2.5
1, 19597, 265, 267, 268, 4701043, 4718873, 0.48, 75, 500, 3, 37, 18750, 2.5
0, 23214, 255, 292, 276, 4974862, 4775820, 0.48, 75, 500, 3, 42, 18750, 2.5
1, 19108, 250, 252, 257, 4278588, 4300494, 0.48, 75, 500, 3, 35, 18750, 2.5
1, 19195, 258, 259, 265, 4139952, 4171233, 0.48, 75, 500, 3, 36, 18750, 2.5
1, 19461, 240, 244, 243, 4091929, 4106510, 0.48, 75, 500, 3, 34, 18750, 2.5
1, 19190, 246, 250, 250, 4306471, 4318958, 0.48, 75, 500, 3, 38, 18750, 2.5
1, 19011, 265, 268, 268, 4390661, 4401743, 0.48, 75, 500, 3, 36, 18750, 2.5
1, 18963, 259, 261, 262, 2856580, 2867982, 0.48, 75, 500, 2, 20, 18750, 2.5
1, 19182, 252, 255, 256, 4234931, 4251697, 0.48, 75, 500, 3, 41, 18750, 2.5
0, 23013, 226, 255, 256, 4703108, 4590544, 0.48, 75, 500, 3, 45, 18750, 2.5
1, 19024, 266, 267, 268, 4482676, 4489402, 0.48, 75, 500, 3, 33, 18750, 2.5
0, 20625, 254, 272, 261, 4463415, 4319913, 0.48, 75, 500, 3, 40, 18750, 2.5
1, 19658, 228, 233, 236, 4166059, 4185032, 0.48, 75, 500, 3, 44, 18750, 2.5
1, 19054, 197, 199, 201, 4320769, 4325685, 0.48, 75, 500, 3, 38, 18750, 2.5
1, 19249, 247, 254, 250, 4478640, 4500166, 0.48, 75, 500, 3, 40, 18750, 2.5
1, 18852, 241, 243, 243, 2561129, 2569021, 0.48, 75, 500, 2, 23, 18750, 2.5
1, 19638, 282, 287, 286, 4390023, 4426006, 0.48, 75, 500, 3, 37, 18750, 2.5
1, 25254, 266, 315, 311, 4776217, 4780427, 0.48, 75, 500, 3, 49, 18750, 2.5
1, 19446, 238, 241, 244, 2943904, 2944355, 0.48, 75, 500, 2, 27, 18750, 2.5
1, 20386, 252, 261, 264, 3030255, 3041644, 0.48, 75, 500, 2, 26, 18750, 2.5
1, 19557, 256, 259, 263, 3005203, 3009062, 0.48, 75, 500, 2, 25, 18750, 2.5
1, 19650, 248, 253, 252, 2705055, 2722144, 0.48, 75, 500, 2, 26, 18750, 2.5
1, 19915, 245, 247, 251, 2914508, 2919527, 0.48, 75, 500, 2, 22, 18750, 2.5
0, 24621, 249, 288, 287, 3469105, 3309325, 0.48, 75, 500, 2, 31, 18750, 2.5
0, 26250, 230, 283, 283, 5143271, 5005773, 0.48, 75, 500, 3, 56, 18750, 2.5
1, 19359, 258, 263, 264, 3024055, 3030172, 0.48, 75, 500, 2, 25, 18750, 2.5
1, 19364, 283, 285, 287, 2912219, 2920330, 0.48, 75, 500, 2, 25, 18750, 2.5
1, 18779, 245, 246, 247, 2852453, 2858489, 0.48, 75, 500, 2, 25, 18750, 2.5
1, 19467, 254, 256, 258, 2836657, 2845809, 0.48, 75, 500, 2, 28, 18750, 2.5
0, 19780, 248, 252, 251, 2850427, 2779225, 0.48, 75, 500, 2, 23, 18750, 2.5
0, 21373, 235, 261, 256, 2943177, 2817945, 0.48, 75, 500, 2, 25, 18750, 2.5
0, 26250, 258, 303, 298, 3421169, 3325237, 0.48, 75, 500, 2, 34, 18750, 2.5
1, 20381, 262, 270, 278, 3263599, 3314221, 0.48, 75, 500, 2, 25, 18750, 2.5
1, 19783, 227, 232, 232, 2851139, 2878356, 0.48, 75, 500, 2, 26, 18750, 2.5
1, 19782, 234, 238, 239, 2737084, 2737182, 0.48, 75, 500, 2, 25, 18750, 2.5
1, 19129, 271, 272, 275, 2618868, 2635932, 0.48, 75, 500, 2, 24, 18750, 2.5
1, 19278, 260, 262, 265, 3012295, 3038436, 0.48, 75, 500, 2, 23, 18750, 2.5
1, 19566, 242, 246, 246, 3306705, 3311102, 0.48, 75, 500, 2, 23, 18750, 2.5
1, 19907, 250, 253, 255, 2772361, 2788689, 0.48, 75, 500, 2, 24, 18750, 2.5
1, 19589, 252, 254, 258, 2872343, 2906033, 0.48, 75, 500, 2, 26, 18750, 2.5
1, 18902, 270, 271, 272, 3111680, 3134380, 0.48, 75, 500, 2, 24, 18750, 2.5
1, 19178, 248, 250, 253, 3052028, 3060934, 0.48, 75, 500, 2, 25, 18750, 2.5
1, 19786, 226, 231, 231, 2927813, 2959233, 0.48, 75, 500, 2, 25, 18750, 2.5
0, 22349, 256, 282, 288, 3204051, 3124223, 0.48, 75, 500, 2, 31, 18750, 2.5
1, 20267, 251, 261, 265, 2763674, 2764093, 0.48, 75, 500, 2, 27, 18750, 2.5
1, 19036, 240, 242, 242, 2683000, 2689622, 0.48, 75, 500, 2, 22, 18750, 2.5
1, 20218, 260, 263, 265, 3203606, 3221967, 0.48, 75, 500, 2, 25, 18750, 2.5
1, 19656, 282, 283, 289, 2929839, 2972304, 0.48, 75, 500, 2, 28, 18750, 2.5
1, 19531, 246, 250, 254, 2860432, 2891523, 0.48, 75, 500, 2, 26, 18750, 2.5
1, 19218, 241, 243, 247, 2792049, 2840831, 0.48, 75, 500, 2, 24, 18750, 2.5
1, 19516, 224, 227, 230, 2878468, 2891673, 0.48, 75, 500, 2, 25, 18750, 2.5
1, 19313, 257, 258, 263, 2769350, 2788757, 0.48, 75, 500, 2, 24, 18750, 2.5
1, 19765, 251, 254, 256, 2894133, 2900695, 0.48, 75, 500, 2, 23, 18750, 2.5
1, 21975, 274, 295, 290, 3152601, 3158455, 0.48, 75, 500, 2, 28, 18750, 2.5
1, 19559, 240, 243, 244, 2991006, 2993439, 0.48, 75, 500, 2, 27, 18750, 2.5
1, 19657, 269, 274, 275, 3009740, 3027714, 0.48, 75, 500, 2, 25, 18750, 2.5
0, 25157, 283, 341, 329, 3390205, 3293640, 0.48, 75, 500, 2, 34, 18750, 2.5
1, 18860, 244, 245, 247, 2820511, 2831111, 0.48, 75, 500, 2, 25, 18750, 2.5
1, 19472, 260, 263, 264, 3065499, 3077633, 0.48, 75, 500, 2, 22, 18750, 2.5
0, 21050, 209, 226, 220, 2982385, 2875277, 0.48, 75, 500, 2, 29, 18750, 2.5
1, 19140, 242, 244, 245, 2669090, 2674594, 0.48, 75, 500, 2, 24, 18750, 2.5
1, 19377, 234, 235, 237, 2693065, 2707289, 0.48, 75, 500, 2, 24, 18750, 2.5
0, 20701, 241, 261, 249, 2592640, 2484152, 0.48, 75, 500, 2, 27, 18750, 2.5
1, 19370, 258, 264, 263, 2730056, 2739118, 0.48, 75, 500, 2, 25, 18750, 2.5
1, 22050, 233, 262, 243, 2771767, 2773862, 0.48, 75, 500, 2, 29, 18750, 2.5
1, 19482, 252, 254, 259, 3141211, 3146238, 0.48, 75, 500, 2, 24, 18750, 2.5
1, 19569, 254, 258, 261, 2893309, 2893846, 0.48, 75, 500, 2, 26, 18750, 2.5
1, 19672, 264, 267, 268, 3246932, 3259571, 0.48, 75, 500, 2, 25, 18750, 2.5
1, 19202, 270, 273, 274, 2856163, 2863792, 0.48, 75, 500, 2, 25, 18750, 2.5
0, 21424, 240, 265, 254, 3300331, 3187155, 0.48, 75, 500, 2, 26, 18750, 2.5
1, 19386, 262, 263, 266, 2939819, 2951410, 0.48, 75, 500, 2, 23, 18750, 2.5
1, 19036, 256, 257, 258, 2907997, 2914871, 0.48, 75, 500, 2, 21, 18750, 2.5
1, 19364, 229, 232, 233, 2903193, 2909583, 0.48, 75, 500, 2, 24, 18750, 2.5
1, 18981, 279, 283, 283, 2926822, 2931755, 0.48, 75, 500, 2, 22, 18750, 2.5
1, 19515, 253, 257, 260, 2759802, 2761161, 0.48, 75, 500, 2, 24, 18750, 2.5
1, 19184, 264, 267, 267, 2996823, 3011258, 0.48, 75, 500, 2, 26, 18750, 2.5
1, 19023, 259, 260, 261, 2781190, 2784428, 0.48, 75, 500, 2, 24, 18750, 2.5
1, 19368, 271, 273, 278, 2822491, 2851500, 0.48, 75, 500, 2, 25, 18750, 2.5
1, 19441, 234, 239, 242, 2801159, 2804968, 0.48, 75, 500, 2, 25, 18750, 2.5
1, 20690, 234, 246, 248, 2897952, 2910731, 0.48, 75, 500, 2, 26, 18750, 2.5
1, 18869, 244, 245, 247, 2772278, 2789830, 0.48, 75, 500, 2, 25, 18750, 2.5
1, 19316, 253, 257, 259, 3062811, 3077591, 0.48, 75, 500, 2, 25, 18750, 2.5
1, 19382, 236, 238, 242, 2768286, 2800983, 0.48, 75, 500, 2, 26, 18750, 2.5
1, 19636, 247, 249, 254, 2754726, 2769797, 0.48, 75, 500, 2, 27, 18750, 2.5
1, 19272, 257, 259, 261, 2834453, 2845921, 0.48, 75, 500, 2, 24, 18750, 2.5
1, 19050, 237, 241, 241, 2926922, 2931695, 0.48, 75, 500, 2, 23, 18750, 2.5
1, 19052, 239, 242, 243, 2606977, 2625245, 0.48, 75, 500, 2, 24, 18750, 2.5
1, 19041, 244, 247, 246, 2788736, 2796134, 0.48, 75, 500, 2, 25, 18750, 2.5
1, 19307, 256, 260, 259, 2617807, 2634271, 0.48, 75, 500, 2, 25, 18750, 2.5
1, 19609, 221, 226, 225, 2712261, 2731164, 0.48, 75, 500, 2, 24, 18750, 2.5
1, 18911, 259, 261, 261, 2812273, 2812274, 0.48, 75, 500, 2, 23, 18750, 2.5
1, 19099, 281, 282, 283, 2748639, 2755210, 0.48, 75, 500, 2, 26, 18750, 2.5
1, 19375, 246, 247, 250, 2671803, 2698140, 0.48, 75, 500, 2, 23, 18750, 2.5
1, 19499, 234, 236, 236, 3135606, 3145576, 0.48, 75, 500, 2, 23, 18750, 2.5
1, 19840, 256, 262, 269, 2615211, 2617549, 0.48, 75, 500, 2, 24, 18750, 2.5
1, 20332, 260, 269, 268, 2917146, 2926622, 0.48, 75, 500, 2, 26, 18750, 2.5
1, 19602, 242, 246, 251, 2969665, 2987381, 0.48, 75, 500, 2, 25, 18750, 2.5
1, 19679, 248, 253, 254, 2787534, 2793233, 0.48, 75, 500, 2, 23, 18750, 2.5
0, 21725, 246, 273, 266, 3011263, 2902858, 0.48, 75, 500, 2, 27, 18750, 2.5
1, 19445, 234, 236, 237, 3041950, 3047391, 0.48, 75, 500, 2, 21, 18750, 2.5
1, 19206, 264, 267, 269, 2927330, 2938450, 0.48, 75, 500, 2, 26, 18750, 2.5
1, 19161, 266, 267, 268, 2987162, 3005243, 0.48, 75, 500, 2, 25, 18750, 2.5
1, 20631, 267, 279, 279, 2898031, 2901715, 0.48, 75, 500, 2, 30, 18750, 2.5
1, 19382, 276, 279, 280, 3081146, 3093233, 0.48, 75, 500, 2, 23, 18750, 2.5
1, 19790, 267, 269, 276, 2758196, 2789322, 0.48, 75, 500, 2, 22, 18750, 2.5
1, 19994, 236, 240, 244, 2978684, 2994939, 0.48, 75, 500, 2, 26, 18750, 2.5
1, 19532, 250, 253, 256, 3037946, 3062015, 0.48, 75, 500, 2, 21, 18750, 2.5
0, 24557, 265, 305, 298, 3235591, 3071985, 0.48, 75, 500, 2, 34, 18750, 2.5
1, 19689, 253, 261, 262, 2841541, 2842655, 0.48, 75, 500, 2, 24, 18750, 2.5
1, 19165, 246, 249, 249, 1379208, 1379242, 0.48, 75, 500, 1, 9, 18750, 2.5
1, 19219, 246, 249, 251, 1449291, 1460968, 0.48, 75, 500, 1, 12, 18750, 2.5
1, 20505, 248, 256, 256, 2781956, 2786405, 0.48, 75, 500, 2, 22, 18750, 2.5
1, 19149, 248, 251, 252, 1374514, 1379906, 0.48, 75, 500, 1, 11, 18750, 2.5
1, 19221, 238, 241, 241, 1490973, 1491040, 0.48, 75, 500, 1, 12, 18750, 2.5
1, 19481, 240, 244, 244, 2686052, 2699207, 0.48, 75, 500, 2, 22, 18750, 2.5
1, 19990, 254, 257, 257, 1448793, 1448812, 0.48, 75, 500, 1, 10, 18750, 2.5
1, 19956, 246, 248, 252, 2865832, 2883340, 0.48, 75, 500, 2, 24, 18750, 2.5
1, 20199, 253, 262, 263, 2826226, 2836642, 0.48, 75, 500, 2, 24, 18750, 2.5
1, 19826, 271, 280, 279, 2727355, 2728708, 0.48, 75, 500, 2, 26, 18750, 2.5
0, 26250, 280, 337, 323, 3486006, 3383099, 0.48, 75, 500, 2, 33, 18750, 2.5
1, 19323, 266, 269, 270, 1519875, 1525875, 0.48, 75, 500, 1, 11, 18750, 2.5
1, 20335, 222, 231, 232, 1484002, 1489096, 0.48, 75, 500, 1, 11, 18750, 2.5
0, 22439, 249, 284, 270, 3238889, 3129514, 0.48, 75, 500, 2, 26, 18750, 2.5
1, 19182, 243, 246, 246, 1438190, 1438289, 0.48, 75, 500, 1, 10, 18750, 2.5
1, 19137, 251, 254, 254, 1260671, 1260762, 0.48, 75, 500, 1, 11, 18750, 2.5
0, 23779, 243, 284, 275, 1690112, 1630941, 0.48, 75, 500, 1, 13, 18750, 2.5
1, 19462, 248, 251, 251, 1451978, 1451983, 0.48, 75, 500, 1, 10, 18750, 2.5
1, 19723, 255, 258, 258, 1450431, 1450643, 0.48, 75, 500, 1, 10, 18750, 2.5
1, 19108, 231, 234, 234, 1301412, 1301519, 0.48, 75, 500, 1, 13, 18750, 2.5
1, 19229, 251, 254, 254, 1399457, 1399482, 0.48, 75, 500, 1, 11, 18750, 2.5
1, 19555, 250, 253, 253, 1424773, 1424939, 0.48, 75, 500, 1, 11, 18750, 2.5
1, 19032, 228, 231, 231, 1448282, 1448319, 0.48, 75, 500, 1, 12, 18750, 2.5
1, 19233, 256, 259, 260, 1415800, 1421498, 0.48, 75, 500, 1, 10, 18750, 2.5
1, 19428, 257, 260, 260, 1424716, 1424817, 0.48, 75, 500, 1, 11, 18750, 2.5
1, 21666, 258, 278, 279, 1491465, 1495178, 0.48, 75, 500, 1, 13, 18750, 2.5
0, 26250, 245, 298, 303, 3366935, 3244903, 0.48, 75, 500, 2, 37, 18750, 2.5
1, 20381, 234, 249, 250, 1369865, 1374210, 0.48, 75, 500, 1, 12, 18750, 2.5
1, 19739, 240, 243, 243, 1415235, 1415316, 0.48, 75, 500, 1, 10, 18750, 2.5
1, 20213, 246, 254, 254, 1496238, 1501431, 0.48, 75, 500, 1, 11, 18750, 2.5
1, 18948, 247, 250, 250, 1380728, 1380747, 0.48, 75, 500, 1, 11, 18750, 2.5
1, 18983, 249, 252, 252, 1417508, 1417522, 0.48, 75, 500, 1, 12, 18750, 2.5
1, 19780, 254, 257, 259, 1315839, 1326516, 0.48, 75, 500, 1, 12, 18750, 2.5
1, 19181, 264, 267, 267, 1443004, 1443092, 0.48, 75, 500, 1, 11, 18750, 2.5
1, 19347, 264, 267, 268, 1256673, 1261645, 0.48, 75, 500, 1, 12, 18750, 2.5
1, 19098, 256, 259, 259, 1403487, 1403529, 0.48, 75, 500, 1, 10, 18750, 2.5
1, 19826, 238, 241, 249, 1408253, 1453090, 0.48, 75, 500, 1, 13, 18750, 2.5
1, 19097, 266, 269, 271, 1480486, 1492433, 0.48, 75, 500, 1, 11, 18750, 2.5
1, 19912, 254, 257, 257, 1638757, 1638939, 0.48, 75, 500, 1, 10, 18750, 2.5
1, 19480, 247, 250, 253, 1336565, 1352256, 0.48, 75, 500, 1, 11, 18750, 2.5
1, 19479, 250, 253, 256, 1447299, 1464509, 0.48, 75, 500, 1, 12, 18750, 2.5
1, 18992, 247, 250, 253, 1324165, 1340064, 0.48, 75, 500, 1, 12, 18750, 2.5
1, 20060, 273, 276, 279, 1424664, 1441041, 0.48, 75, 500, 1, 11, 18750, 2.5
1, 19070, 245, 248, 249, 1471418, 1477252, 0.48, 75, 500, 1, 10, 18750, 2.5
1, 19154, 239, 242, 246, 1381691, 1403717, 0.48, 75, 500, 1, 10, 18750, 2.5
1, 19216, 262, 268, 269, 1483568, 1489367, 0.48, 75, 500, 1, 11, 18750, 2.5
1, 19455, 250, 253, 253, 1498020, 1498093, 0.48, 75, 500, 1, 12, 18750, 2.5
1, 19591, 240, 243, 247, 1597614, 1622929, 0.48, 75, 500, 1, 11, 18750, 2.5
1, 19056, 231, 234, 234, 1519899, 1519926, 0.48, 75, 500, 1, 11, 18750, 2.5
1, 19845, 250, 253, 264, 1482285, 1547228, 0.48, 75, 500, 1, 12, 18750, 2.5
1, 19120, 252, 255, 255, 1592842, 1592899, 0.48, 75, 500, 1, 9, 18750, 2.5
1, 19141, 269, 273, 273, 1113157, 1113166, 0.48, 75, 500, 1, 12, 18750, 2.5
0, 21044, 271, 291, 280, 1475907, 1416588, 0.48, 75, 500, 1, 14, 18750, 2.5
1, 19227, 243, 246, 248, 1448764, 1460152, 0.48, 75, 500, 1, 12, 18750, 2.5
1, 19288, 250, 253, 255, 1316280, 1326784, 0.48, 75, 500, 1, 12, 18750, 2.5
1, 19562, 276, 279, 280, 1561246, 1567375, 0.48, 75, 500, 1, 10, 18750, 2.5
1, 19273, 238, 241, 241, 1437192, 1437219, 0.48, 75, 500, 1, 10, 18750, 2.5
1, 19198, 259, 262, 262, 1488872, 1488965, 0.48, 75, 500, 1, 10, 18750, 2.5
0, 21049, 254, 275, 264, 1492073, 1431444, 0.48, 75, 500, 1, 13, 18750, 2.5
1, 19194, 274, 277, 277, 1343069, 1343144, 0.48, 75, 500, 1, 11, 18750, 2.5
1, 19940, 240, 243, 243, 1475507, 1475580, 0.48, 75, 500, 1, 12, 18750, 2.5
1, 19319, 248, 251, 251, 1369857, 1369934, 0.48, 75, 500, 1, 11, 18750, 2.5
1, 20187, 245, 248, 251, 1348356, 1364276, 0.48, 75, 500, 1, 11, 18750, 2.5
1, 19582, 258, 261, 262, 1532422, 1538310, 0.48, 75, 500, 1, 12, 18750, 2.5
1, 19833, 260, 263, 267, 1382013, 1404093, 0.48, 75, 500, 1, 12, 18750, 2.5
1, 19314, 253, 256, 256, 1371762, 1371823, 0.48, 75, 500, 1, 11, 18750, 2.5
1, 19323, 250, 253, 254, 1468523, 1474297, 0.48, 75, 500, 1, 11, 18750, 2.5
1, 19456, 260, 263, 265, 1557254, 1569679, 0.48, 75, 500, 1, 11, 18750, 2.5
1, 19386, 283, 286, 291, 1446104, 1474913, 0.48, 75, 500, 1, 11, 18750, 2.5
1, 19547, 237, 240, 241, 1354749, 1359983, 0.48, 75, 500, 1, 10, 18750, 2.5
1, 19876, 229, 232, 238, 1549887, 1587039, 0.48, 75, 500, 1, 11, 18750, 2.5
1, 19284, 239, 242, 242, 1240285, 1240351, 0.48, 75, 500, 1, 10, 18750, 2.5
1, 25759, 246, 290, 292, 1490573, 1493067, 0.48, 75, 500, 1, 18, 18750, 2.5
0, 26250, 236, 282, 275, 1700581, 1658954, 0.48, 75, 500, 1, 17, 18750, 2.5
1, 19488, 225, 228, 230, 1552468, 1564618, 0.48, 75, 500, 1, 12, 18750, 2.5
1, 19431, 260, 263, 265, 1420092, 1431240, 0.48, 75, 500, 1, 12, 18750, 2.5
1, 20791, 260, 271, 272, 1559042, 1563690, 0.48, 75, 500, 1, 12, 18750, 2.5
1, 18981, 244, 247, 247, 1361802, 1361823, 0.48, 75, 500, 1, 11, 18750, 2.5
1, 19085, 274, 277, 278, 1461265, 1467100, 0.48, 75, 500, 1, 12, 18750, 2.5
1, 19403, 231, 234, 235, 1462237, 1468001, 0.48, 75, 500, 1, 10, 18750, 2.5
1, 19415, 241, 244, 245, 1276761, 1281780, 0.48, 75, 500, 1, 12, 18750, 2.5
1, 19325, 274, 277, 277, 1308287, 1308323, 0.48, 75, 500, 1, 11, 18750, 2.5
1, 19655, 267, 270, 271, 1491927, 1497673, 0.48, 75, 500, 1, 12, 18750, 2.5
1, 19472, 235, 238, 239, 1458348, 1464047, 0.48, 75, 500, 1, 11, 18750, 2.5
1, 20159, 262, 265, 272, 1408891, 1447180, 0.48, 75, 500, 1, 13, 18750, 2.5
0, 26250, 256, 305, 303, 1870778, 1852111, 0.48, 75, 500, 1, 19, 18750, 2.5
1, 19408, 251, 254, 255, 1561509, 1567745, 0.48, 75, 500, 1, 12, 18750, 2.5
1, 19404, 263, 266, 271, 1324195, 1350553, 0.48, 75, 500, 1, 11, 18750, 2.5
1, 20154, 250, 253, 258, 1538162, 1567919, 0.48, 75, 500, 1, 11, 18750, 2.5
1, 18950, 263, 266, 266, 1550925, 1550976, 0.48, 75, 500, 1, 13, 18750, 2.5
1, 19166, 246, 249, 253, 1333341, 1354804, 0.48, 75, 500, 1, 11, 18750, 2.5
1, 19349, 263, 266, 267, 1597702, 1604096, 0.48, 75, 500, 1, 11, 18750, 2.5
1, 19213, 267, 270, 271, 1491251, 1497118, 0.48, 75, 500, 1, 11, 18750, 2.5
1, 19413, 266, 269, 270, 1427495, 1433105, 0.48, 75, 500, 1, 13, 18750, 2.5
1, 19144, 255, 258, 259, 1255411, 1260407, 0.48, 75, 500, 1, 11, 18750, 2.5
1, 19245, 236, 239, 243, 1415174, 1437826, 0.48, 75, 500, 1, 11, 18750, 2.5
1, 19493, 245, 248, 248, 1276600, 1276653, 0.48, 75, 500, 1, 11, 18750, 2.5
1, 19076, 267, 270, 270, 1404446, 1404515, 0.48, 75, 500, 1, 11, 18750, 2.5
1, 19080, 244, 247, 247, 1456965, 1457034, 0.48, 75, 500, 1, 10, 18750, 2.5
0, 25266, 292, 339, 329, 1862006, 1797510, 0.48, 75, 500, 1, 17, 18750, 2.5
1, 19214, 232, 236, 236, 1421870, 1421911, 0.48, 75, 500, 1, 12, 18750, 2.5
1, 19342, 232, 235, 236, 1509519, 1515612, 0.48, 75, 500, 1, 13, 18750, 2.5
1, 19296, 254, 257, 259, 1373703, 1384583, 0.48, 75, 500, 1, 12, 18750, 2.5
1, 19509, 261, 264, 264, 1444972, 1445020, 0.48, 75, 500, 1, 11, 18750, 2.5
1, 19944, 228, 233, 234, 1364144, 1368991, 0.48, 75, 500, 1, 10, 18750, 2.5
1, 19495, 252, 255, 255, 1391166, 1391359, 0.48, 75, 500, 1, 10, 18750, 2.5
1, 19472, 239, 242, 244, 1395924, 1407090, 0.48, 75, 500, 1, 11, 18750, 2.5
1, 19700, 228, 232, 232, 1494385, 1494539, 0.48, 75, 500, 1, 10, 18750, 2.5
1, 19232, 254, 257, 258, 45325267, 45341320, 0.48, 75, 500, 32, 1385, 18750, 2.5
1, 19575, 252, 259, 254, 47028119, 47216545, 0.48, 75, 500, 32, 1442, 18750, 2.5
1, 19300, 246, 250, 250, 46081043, 46336919, 0.48, 75, 500, 32, 1446, 18750, 2.5
0, 18966, 277, 280, 278, 45144655, 44662659, 0.48, 75, 500, 32, 1490, 18750, 2.5
1, 19843, 261, 268, 273, 45819807, 46303097, 0.48, 75, 500, 32, 1488, 18750, 2.5
1, 20309, 225, 228, 239, 46813885, 47555810, 0.48, 75, 500, 32, 1584, 18750, 2.5
1, 20776, 276, 292, 285, 48186759, 48472610, 0.48, 75, 500, 32, 1610, 18750, 2.5
0, 26250, 268, 310, 311, 53869251, 52702671, 0.48, 75, 500, 32, 1885, 18750, 2.5
0, 26250, 248, 316, 300, 55165094, 53989621, 0.48, 75, 500, 32, 1935, 18750, 2.5
0, 26250, 258, 302, 309, 56500455, 55738573, 0.48, 75, 500, 32, 1977, 18750, 2.5
0, 26250, 244, 294, 284, 53694910, 53690079, 0.48, 75, 500, 32, 2006, 18750, 2.5
0, 26250, 281, 329, 331, 55296243, 53706305, 0.48, 75, 500, 32, 2020, 18750, 2.5
0, 26250, 254, 305, 307, 55012327, 53690997, 0.48, 75, 500, 32, 2079, 18750, 2.5
0, 26250, 242, 303, 293, 54850308, 54255427, 0.48, 75, 500, 32, 2131, 18750, 2.5
0, 26250, 217, 257, 271, 55114555, 54059658, 0.48, 75, 500, 32, 2336, 18750, 2.5
1, 19037, 258, 260, 264, 45144515, 45239831, 0.48, 75, 500, 32, 1419, 18750, 2.5
1, 19793, 235, 239, 245, 45078231, 45842866, 0.48, 75, 500, 32, 1551, 18750, 2.5
1, 22369, 235, 256, 268, 49674314, 49790308, 0.48, 75, 500, 32, 1724, 18750, 2.5
1, 22020, 245, 265, 261, 47556533, 47700501, 0.48, 75, 500, 32, 1727, 18750, 2.5
1, 22369, 249, 270, 271, 48372726, 48566833, 0.48, 75, 500, 32, 1703, 18750, 2.5
1, 19044, 242, 245, 245, 46217657, 46300799, 0.48, 75, 500, 32, 1360, 18750, 2.5
1, 19259, 269, 271, 275, 46013824, 46142169, 0.48, 75, 500, 32, 1485, 18750, 2.5
0, 26250, 256, 328, 275, 54617774, 54325380, 0.48, 75, 500, 32, 2038, 18750, 2.5
0, 26250, 250, 283, 304, 54783130, 54311757, 0.48, 75, 500, 32, 2001, 18750, 2.5
1, 19631, 251, 254, 257, 46230509, 46744682, 0.48, 75, 500, 32, 1680, 18750, 2.5
0, 25850, 276, 336, 322, 53678391, 52301099, 0.48, 75, 500, 32, 1968, 18750, 2.5
0, 26250, 255, 315, 308, 54223170, 53227887, 0.48, 75, 500, 32, 2116, 18750, 2.5
0, 26250, 264, 341, 311, 54715281, 53941860, 0.48, 75, 500, 32, 2096, 18750, 2.5
0, 26250, 260, 332, 299, 55219982, 54150422, 0.48, 75, 500, 32, 2039, 18750, 2.5
0, 26250, 251, 309, 300, 55118905, 54190755, 0.48, 75, 500, 32, 2072, 18750, 2.5
1, 19201, 252, 254, 255, 45576809, 45670288, 0.48, 75, 500, 32, 1439, 18750, 2.5
0, 19066, 232, 233, 233, 46240454, 44964113, 0.48, 75, 500, 32, 1506, 18750, 2.5
1, 19594, 237, 241, 241, 45595447, 45753842, 0.48, 75, 500, 32, 1412, 18750, 2.5
1, 19047, 241, 245, 243, 46939859, 46982066, 0.48, 75, 500, 32, 1509, 18750, 2.5
0, 26250, 257, 309, 312, 53308483, 52745654, 0.48, 75, 500, 32, 1999, 18750, 2.5
0, 26250, 248, 291, 306, 53069197, 52648820, 0.48, 75, 500, 32, 2030, 18750, 2.5
1, 19339, 248, 256, 251, 45677011, 45757098, 0.48, 75, 500, 32, 1550, 18750, 2.5
0, 26250, 257, 313, 314, 54693563, 53499418, 0.48, 75, 500, 32, 2138, 18750, 2.5
0, 24061, 279, 324, 315, 51828788, 50809911, 0.48, 75, 500, 32, 1918, 18750, 2.5
0, 26250, 239, 298, 276, 54673317, 54144690, 0.48, 75, 500, 32, 2156, 18750, 2.5
0, 26250, 277, 334, 340, 55818177, 54617103, 0.48, 75, 500, 32, 2040, 18750, 2.5
0, 26250, 269, 306, 320, 53057764, 52565325, 0.48, 75, 500, 32, 1957, 18750, 2.5
0, 24501, 223, 282, 255, 53154604, 52054668, 0.48, 75, 500, 32, 2025, 18750, 2.5
0, 26250, 268, 314, 323, 54553796, 54037083, 0.48, 75, 500, 32, 2073, 18750, 2.5
0, 25782, 255, 299, 309, 54675807, 53058220, 0.48, 75, 500, 32, 1927, 18750, 2.5
1, 19777, 247, 252, 253, 46797674, 46946196, 0.48, 75, 500, 32, 1507, 18750, 2.5
1, 19999, 260, 265, 273, 45596360, 45641658, 0.48, 75, 500, 32, 1569, 18750, 2.5
0, 26250, 257, 301, 308, 54906959, 54325118, 0.48, 75, 500, 32, 2160, 18750, 2.5
0, 26250, 244, 299, 300, 55830540, 55311613, 0.48, 75, 500, 32, 1985, 18750, 2.5
0, 26250, 220, 287, 270, 56244092, 55534994, 0.48, 75, 500, 32, 2098, 18750, 2.5
0, 26250, 247, 303, 311, 54479033, 53072290, 0.48, 75, 500, 32, 2295, 18750, 2.5
1, 21304, 270, 288, 279, 48587698, 48824048, 0.48, 75, 500, 32, 1641, 18750, 2.5
1, 19091, 245, 249, 248, 45988136, 46125163, 0.48, 75, 500, 32, 1519, 18750, 2.5
0, 24095, 260, 299, 289, 52647962, 51382404, 0.48, 75, 500, 32, 1913, 18750, 2.5
0, 26250, 221, 265, 272, 56382996, 55716270, 0.48, 75, 500, 32, 2079, 18750, 2.5
0, 26250, 249, 304, 293, 54285280, 53469555, 0.48, 75, 500, 32, 2004, 18750, 2.5
1, 18970, 251, 252, 254, 47425993, 47537102, 0.48, 75, 500, 32, 1492, 18750, 2.5
0, 26250, 250, 293, 318, 52659991, 52156074, 0.48, 75, 500, 32, 2078, 18750, 2.5
1, 19087, 240, 241, 244, 45986244, 46218023, 0.48, 75, 500, 32, 1433, 18750, 2.5
0, 26250, 243, 287, 288, 54752527, 54050530, 0.48, 75, 500, 32, 1991, 18750, 2.5
0, 26250, 254, 317, 298, 55355552, 54586169, 0.48, 75, 500, 32, 2077, 18750, 2.5
0, 25599, 256, 303, 293, 54246858, 52118967, 0.48, 75, 500, 32, 1957, 18750, 2.5
0, 26250, 247, 284, 314, 55121561, 54645272, 0.48, 75, 500, 32, 1864, 18750, 2.5
0, 26250, 254, 310, 296, 56222892, 56001272, 0.48, 75, 500, 32, 2250, 18750, 2.5
0, 26250, 236, 299, 295, 55610311, 55002081, 0.48, 75, 500, 32, 1993, 18750, 2.5
1, 19735, 272, 279, 277, 46542948, 46741842, 0.48, 75, 500, 32, 1707, 18750, 2.5
1, 19245, 266, 268, 268, 46455983, 46548815, 0.48, 75, 500, 32, 1410, 18750, 2.5
1, 20822, 246, 260, 258, 47016183, 47145137, 0.48, 75, 500, 32, 1623, 18750, 2.5
0, 24271, 278, 325, 314, 51292584, 49915838, 0.48, 75, 500, 32, 1964, 18750, 2.5
0, 26250, 265, 320, 305, 55131070, 54366023, 0.48, 75, 500, 32, 2154, 18750, 2.5
1, 19751, 253, 259, 265, 46689844, 46887165, 0.48, 75, 500, 32, 1356, 18750, 2.5
1, 20063, 254, 264, 260, 45693814, 45880649, 0.48, 75, 500, 32, 1565, 18750, 2.5
0, 20463, 236, 247, 244, 46677482, 45799122, 0.48, 75, 500, 32, 1607, 18750, 2.5
0, 26143, 262, 313, 305, 54502375, 53045704, 0.48, 75, 500, 32, 1999, 18750, 2.5
0, 26250, 256, 300, 304, 56237898, 55263095, 0.48, 75, 500, 32, 1971, 18750, 2.5
0, 26250, 248, 293, 296, 55263080, 54473400, 0.48, 75, 500, 32, 1984, 18750, 2.5
0, 26250, 243, 278, 298, 54596608, 53727537, 0.48, 75, 500, 32, 2211, 18750, 2.5
1, 20483, 221, 227, 228, 48802240, 48957734, 0.48, 75, 500, 32, 1692, 18750, 2.5
1, 19153, 253, 255, 257, 45142067, 45228019, 0.48, 75, 500, 32, 1492, 18750, 2.5
1, 19121, 258, 259, 262, 46301198, 46505470, 0.48, 75, 500, 32, 1580, 18750, 2.5
0, 26250, 235, 286, 292, 56124177, 55652470, 0.48, 75, 500, 32, 2149, 18750, 2.5
0, 26250, 243, 297, 301, 54588458, 53385806, 0.48, 75, 500, 32, 2173, 18750, 2.5
0, 26250, 253, 315, 300, 54428818, 53482217, 0.48, 75, 500, 32, 2094, 18750, 2.5
0, 26250, 269, 325, 321, 53574745, 52618986, 0.48, 75, 500, 32, 2310, 18750, 2.5
0, 22040, 266, 297, 278, 49550403, 48368791, 0.48, 75, 500, 32, 1794, 18750, 2.5
0, 26250, 257, 313, 292, 55947802, 55005355, 0.48, 75, 500, 32, 2184, 18750, 2.5
1, 18926, 248, 249, 251, 46485756, 46565016, 0.48, 75, 500, 32, 1554, 18750, 2.5
0, 26250, 268, 326, 315, 54183253, 53549009, 0.48, 75, 500, 32, 2189, 18750, 2.5
1, 19617, 256, 261, 263, 45291492, 45669331, 0.48, 75, 500, 32, 1561, 18750, 2.5
0, 24330, 263, 318, 302, 52889302, 51573356, 0.48, 75, 500, 32, 2028, 18750, 2.5
1, 19336, 265, 271, 269, 46094513, 46312735, 0.48, 75, 500, 32, 1630, 18750, 2.5
0, 26250, 271, 335, 321, 53530285, 52695514, 0.48, 75, 500, 32, 2187, 18750, 2.5
0, 26250, 234, 303, 278, 53930487, 53137250, 0.48, 75, 500, 32, 2136, 18750, 2.5
1, 18960, 261, 263, 264, 44419176, 44482524, 0.48, 75, 500, 32, 1480, 18750, 2.5
0, 26250, 264, 299, 322, 38635815, 38622484, 0.48, 75, 500, 23, 1119, 18750, 2.5
1, 19783, 233, 242, 237, 32958227, 33257914, 0.48, 75, 500, 23, 807, 18750, 2.5
0, 26250, 245, 300, 316, 53941927, 53713862, 0.48, 75, 500, 32, 2124, 18750, 2.5
0, 24701, 234, 280, 265, 37891066, 37016282, 0.48, 75, 500, 23, 1069, 18750, 2.5
1, 19167, 262, 264, 265, 32911889, 33011999, 0.48, 75, 500, 23, 851, 18750, 2.5
0, 26250, 247, 296, 320, 54644251, 53622238, 0.48, 75, 500, 32, 2249, 18750, 2.5
0, 26250, 236, 270, 298, 54970430, 54426979, 0.48, 75, 500, 32, 2077, 18750, 2.5
0, 26250, 247, 304, 283, 37897699, 37294849, 0.48, 75, 500, 23, 1083, 18750, 2.5
0, 26250, 251, 293, 339, 38980590, 38699972, 0.48, 75, 500, 23, 1110, 18750, 2.5
0, 22555, 258, 289, 295, 49373084, 48441832, 0.48, 75, 500, 32, 1955, 18750, 2.5
0, 26250, 229, 285, 275, 39471386, 38393654, 0.48, 75, 500, 23, 1090, 18750, 2.5
0, 26250, 256, 306, 307, 54312659, 53470966, 0.48, 75, 500, 32, 2251, 18750, 2.5
0, 26250, 269, 341, 317, 39321039, 38229630, 0.48, 75, 500, 23, 1077, 18750, 2.5
1, 19416, 268, 272, 279, 32950023, 32999602, 0.48, 75, 500, 23, 790, 18750, 2.5
1, 20770, 264, 275, 278, 33983226, 34266130, 0.48, 75, 500, 23, 818, 18750, 2.5
0, 26250, 254, 329, 301, 53423584, 52601146, 0.48, 75, 500, 32, 2109, 18750, 2.5
1, 19721, 239, 242, 249, 32156696, 32440551, 0.48, 75, 500, 23, 813, 18750, 2.5
0, 26250, 237, 292, 289, 39189439, 38553689, 0.48, 75, 500, 23, 1050, 18750, 2.5
0, 26250, 247, 301, 314, 39808431, 38737783, 0.48, 75, 500, 23, 1132, 18750, 2.5
0, 26250, 252, 302, 297, 40119264, 39839393, 0.48, 75, 500, 23, 1022, 18750, 2.5
0, 26250, 259, 313, 312, 38591906, 37861013, 0.48, 75, 500, 23, 1101, 18750, 2.5
0, 26250, 249, 315, 300, 39427083, 38729715, 0.48, 75, 500, 23, 995, 18750, 2.5
1, 20022, 278, 286, 284, 34573607, 34605656, 0.48, 75, 500, 23, 872, 18750, 2.5
0, 24862, 263, 297, 302, 37629923, 36550167, 0.48, 75, 500, 23, 1073, 18750, 2.5
0, 26250, 235, 282, 295, 39868149, 38944966, 0.48, 75, 500, 23, 1115, 18750, 2.5
0, 26250, 228, 289, 274, 38888985, 38772083, 0.48, 75, 500, 23, 985, 18750, 2.5
0, 26250, 236, 279, 298, 38495234, 37566425, 0.48, 75, 500, 23, 1016, 18750, 2.5
0, 22767, 281, 308, 307, 37126767, 36364880, 0.48, 75, 500, 23, 923, 18750, 2.5
0, 26250, 243, 299, 287, 39060941, 38681034, 0.48, 75, 500, 23, 948, 18750, 2.5
0, 25681, 249, 297, 297, 38759077, 37860964, 0.48, 75, 500, 23, 919, 18750, 2.5
0, 26250, 260, 319, 302, 39490796, 38944605, 0.48, 75, 500, 23, 985, 18750, 2.5
1, 19409, 252, 254, 259, 32052552, 32425078, 0.48, 75, 500, 23, 798, 18750, 2.5
1, 19435, 224, 228, 229, 32625045, 32720183, 0.48, 75, 500, 23, 746, 18750, 2.5
1, 19797, 247, 252, 254, 34168494, 34222659, 0.48, 75, 500, 23, 758, 18750, 2.5
0, 26250, 249, 313, 294, 39526764, 38732187, 0.48, 75, 500, 23, 1050, 18750, 2.5
0, 26250, 250, 301, 308, 39062553, 38400995, 0.48, 75, 500, 23, 1058, 18750, 2.5
0, 26250, 266, 317, 317, 39875127, 39657534, 0.48, 75, 500, 23, 1004, 18750, 2.5
0, 26250, 218, 279, 267, 39018323, 38651946, 0.48, 75, 500, 23, 1050, 18750, 2.5
0, 26250, 227, 274, 286, 39120611, 38146705, 0.48, 75, 500, 23, 1127, 18750, 2.5
1, 19290, 226, 227, 228, 32583702, 32666124, 0.48, 75, 500, 23, 836, 18750, 2.5
0, 25792, 279, 335, 327, 40157444, 39296874, 0.48, 75, 500, 23, 1016, 18750, 2.5
0, 26250, 268, 327, 326, 39562011, 38838336, 0.48, 75, 500, 23, 1004, 18750, 2.5
1, 19066, 240, 242, 243, 32259913, 32357863, 0.48, 75, 500, 23, 809, 18750, 2.5
0, 26250, 262, 324, 311, 39956304, 39042349, 0.48, 75, 500, 23, 1120, 18750, 2.5
1, 19780, 254, 263, 265, 33564423, 33636514, 0.48, 75, 500, 23, 762, 18750, 2.5
1, 19597, 249, 251, 253, 33145593, 33305993, 0.48, 75, 500, 23, 821, 18750, 2.5
0, 26250, 244, 296, 288, 39773066, 39199811, 0.48, 75, 500, 23, 1087, 18750, 2.5
1, 19546, 256, 259, 264, 33978249, 34149013, 0.48, 75, 500, 23, 866, 18750, 2.5
0, 26250, 263, 315, 303, 39381866, 38471870, 0.48, 75, 500, 23, 1070, 18750, 2.5
0, 26250, 231, 275, 275, 39092704, 38670848, 0.48, 75, 500, 23, 1173, 18750, 2.5
1, 19571, 223, 227, 229, 33397812, 33594156, 0.48, 75, 500, 23, 840, 18750, 2.5
1, 19304, 254, 256, 257, 32959728, 33171256, 0.48, 75, 500, 23, 754, 18750, 2.5
0, 26250, 267, 321, 311, 39241678, 38858715, 0.48, 75, 500, 23, 1163, 18750, 2.5
1, 19348, 279, 282, 286, 33068020, 33177215, 0.48, 75, 500, 23, 792, 18750, 2.5
0, 26250, 264, 327, 311, 38794768, 38023035, 0.48, 75, 500, 23, 1129, 18750, 2.5
0, 23812, 235, 291, 266, 36686632, 36048029, 0.48, 75, 500, 23, 1021, 18750, 2.5
1, 22690, 266, 288, 294, 36025876, 36226540, 0.48, 75, 500, 23, 985, 18750, 2.5
0, 26250, 268, 328, 336, 38504999, 38164506, 0.48, 75, 500, 23, 1088, 18750, 2.5
0, 21809, 260, 273, 293, 35707897, 34861258, 0.48, 75, 500, 23, 911, 18750, 2.5
0, 26250, 274, 327, 325, 39618874, 39087728, 0.48, 75, 500, 23, 1109, 18750, 2.5
1, 19182, 243, 244, 248, 32735252, 33116412, 0.48, 75, 500, 23, 843, 18750, 2.5
1, 19031, 253, 254, 257, 33541346, 33628712, 0.48, 75, 500, 23, 809, 18750, 2.5
1, 19972, 258, 266, 267, 34140292, 34554984, 0.48, 75, 500, 23, 863, 18750, 2.5
0, 26250, 223, 294, 284, 40086314, 39525341, 0.48, 75, 500, 23, 1114, 18750, 2.5
0, 26250, 274, 338, 314, 39420314, 39293075, 0.48, 75, 500, 23, 1119, 18750, 2.5
0, 23515, 270, 297, 307, 36149042, 35171438, 0.48, 75, 500, 23, 986, 18750, 2.5
0, 23082, 251, 289, 279, 37390673, 36536800, 0.48, 75, 500, 23, 1010, 18750, 2.5
1, 19822, 236, 240, 245, 35218593, 35375964, 0.48, 75, 500, 23, 861, 18750, 2.5
0, 24485, 239, 292, 259, 37662055, 36687314, 0.48, 75, 500, 23, 1071, 18750, 2.5
0, 26250, 223, 272, 272, 39208199, 39032015, 0.48, 75, 500, 23, 1149, 18750, 2.5
0, 26250, 280, 336, 314, 38442000, 37988209, 0.48, 75, 500, 23, 1160, 18750, 2.5
0, 26250, 234, 287, 287, 39524805, 39000540, 0.48, 75, 500, 23, 1072, 18750, 2.5
1, 19288, 226, 230, 229, 33602519, 33650821, 0.48, 75, 500, 23, 839, 18750, 2.5
0, 26250, 259, 320, 312, 38051255, 37627878, 0.48, 75, 500, 23, 1154, 18750, 2.5
1, 20847, 264, 278, 285, 33550558, 33572661, 0.48, 75, 500, 23, 917, 18750, 2.5
0, 26250, 242, 308, 290, 38418817, 37624845, 0.48, 75, 500, 23, 1136, 18750, 2.5
0, 26250, 262, 311, 318, 38930066, 38508639, 0.48, 75, 500, 23, 1110, 18750, 2.5
1, 19046, 228, 230, 230, 32781236, 32962119, 0.48, 75, 500, 23, 762, 18750, 2.5
0, 26250, 267, 313, 317, 39953463, 39461142, 0.48, 75, 500, 23, 1152, 18750, 2.5
1, 19346, 259, 261, 262, 32634212, 32697160, 0.48, 75, 500, 23, 785, 18750, 2.5
0, 24226, 284, 329, 320, 38010294, 36862422, 0.48, 75, 500, 23, 1029, 18750, 2.5
0, 22072, 233, 260, 261, 35607089, 34719913, 0.48, 75, 500, 23, 838, 18750, 2.5
1, 19423, 256, 259, 262, 32852234, 33040198, 0.48, 75, 500, 23, 695, 18750, 2.5
1, 19363, 284, 289, 287, 31937047, 31994162, 0.48, 75, 500, 23, 745, 18750, 2.5
1, 19115, 246, 253, 249, 32225905, 32275990, 0.48, 75, 500, 23, 797, 18750, 2.5
1, 20178, 232, 237, 242, 33677795, 33888115, 0.48, 75, 500, 23, 763, 18750, 2.5
1, 20835, 259, 269, 278, 35310572, 35326514, 0.48, 75, 500, 23, 859, 18750, 2.5
0, 26250, 230, 291, 276, 39448374, 38782672, 0.48, 75, 500, 23, 1091, 18750, 2.5
0, 26250, 223, 260, 281, 38590560, 38293603, 0.48, 75, 500, 23, 1049, 18750, 2.5
1, 19363, 233, 239, 239, 32399943, 32452817, 0.48, 75, 500, 23, 812, 18750, 2.5
1, 20385, 275, 278, 280, 34545136, 34830897, 0.48, 75, 500, 23, 793, 18750, 2.5
0, 22837, 221, 250, 243, 36311058, 35405815, 0.48, 75, 500, 23, 930, 18750, 2.5
0, 26250, 266, 315, 301, 38988839, 38497980, 0.48, 75, 500, 23, 1021, 18750, 2.5
0, 26250, 237, 288, 291, 40203310, 39591183, 0.48, 75, 500, 23, 1082, 18750, 2.5
1, 20287, 263, 269, 269, 35087889, 35322475, 0.48, 75, 500, 23, 754, 18750, 2.5
1, 25388, 205, 248, 246, 39261680, 39396623, 0.48, 75, 500, 23, 1007, 18750, 2.5
0, 24601, 246, 282, 284, 37742274, 36797473, 0.48, 75, 500, 23, 918, 18750, 2.5
0, 26250, 249, 297, 313, 39641482, 39309994, 0.48, 75, 500, 23, 1080, 18750, 2.5
0, 19645, 223, 224, 224, 34061548, 32874970, 0.48, 75, 500, 23, 752, 18750, 2.5
0, 25545, 270, 327, 321, 39075560, 38026248, 0.48, 75, 500, 23, 1061, 18750, 2.5
0, 25533, 212, 242, 275, 27653973, 26392033, 0.48, 75, 500, 16, 451, 18750, 2.5
1, 19615, 271, 275, 275, 34007982, 34078172, 0.48, 75, 500, 23, 717, 18750, 2.5
1, 19263, 220, 222, 225, 22298118, 22491458, 0.48, 75, 500, 16, 342, 18750, 2.5
1, 19032, 230, 231, 233, 22550543, 22626632, 0.48, 75, 500, 16, 366, 18750, 2.5
1, 20450, 244, 254, 254, 24049826, 24060395, 0.48, 75, 500, 16, 391, 18750, 2.5
1, 19116, 263, 266, 265, 32643169, 32729170, 0.48, 75, 500, 23, 661, 18750, 2.5
1, 19450, 262, 265, 265, 23425512, 23498538, 0.48, 75, 500, 16, 410, 18750, 2.5
1, 20096, 232, 237, 239, 23438164, 23548564, 0.48, 75, 500, 16, 433, 18750, 2.5
0, 26250, 242, 303, 287, 38612939, 37895918, 0.48, 75, 500, 23, 1009, 18750, 2.5
0, 26250, 275, 341, 326, 38439104, 38170240, 0.48, 75, 500, 23, 1108, 18750, 2.5
1, 19412, 228, 230, 235, 23109085, 23222698, 0.48, 75, 500, 16, 419, 18750, 2.5
0, 22035, 269, 293, 282, 36853291, 35835259, 0.48, 75, 500, 23, 868, 18750, 2.5
0, 26250, 227, 281, 279, 26841623, 26538044, 0.48, 75, 500, 16, 537, 18750, 2.5
1, 19356, 245, 246, 247, 23601093, 23718967, 0.48, 75, 500, 16, 355, 18750, 2.5
1, 19737, 240, 245, 248, 22674744, 22726330, 0.48, 75, 500, 16, 401, 18750, 2.5
0, 26250, 262, 302, 328, 39874500, 39419558, 0.48, 75, 500, 23, 990, 18750, 2.5
0, 26250, 218, 254, 277, 28016461, 27868484, 0.48, 75, 500, 16, 495, 18750, 2.5
1, 22521, 263, 282, 299, 24412652, 24644618, 0.48, 75, 500, 16, 500, 18750, 2.5
0, 26250, 246, 304, 285, 27344698, 26938180, 0.48, 75, 500, 16, 505, 18750, 2.5
0, 26250, 268, 317, 324, 26890058, 26339874, 0.48, 75, 500, 16, 559, 18750, 2.5
0, 23352, 272, 299, 298, 24931294, 24291651, 0.48, 75, 500, 16, 482, 18750, 2.5
0, 19346, 267, 274, 268, 22093592, 21521249, 0.48, 75, 500, 16, 389, 18750, 2.5
1, 21783, 228, 259, 250, 25018449, 25144328, 0.48, 75, 500, 16, 404, 18750, 2.5
0, 26250, 233, 293, 282, 27587439, 26909184, 0.48, 75, 500, 16, 539, 18750, 2.5
1, 19245, 254, 258, 259, 22657775, 22730378, 0.48, 75, 500, 16, 392, 18750, 2.5
0, 23050, 262, 298, 286, 26009473, 25461195, 0.48, 75, 500, 16, 485, 18750, 2.5
0, 26250, 236, 308, 275, 27094611, 26324570, 0.48, 75, 500, 16, 563, 18750, 2.5
0, 24964, 247, 291, 299, 27077712, 26349814, 0.48, 75, 500, 16, 505, 18750, 2.5
0, 26250, 262, 324, 306, 26427247, 26004136, 0.48, 75, 500, 16, 537, 18750, 2.5
1, 19303, 246, 250, 249, 22907206, 22957566, 0.48, 75, 500, 16, 367, 18750, 2.5
1, 19372, 262, 267, 268, 23266947, 23375946, 0.48, 75, 500, 16, 421, 18750, 2.5
1, 19276, 247, 251, 250, 22873341, 22972616, 0.48, 75, 500, 16, 387, 18750, 2.5
1, 19103, 252, 254, 261, 23250288, 23287316, 0.48, 75, 500, 16, 432, 18750, 2.5
1, 19789, 259, 262, 268, 23731141, 23843702, 0.48, 75, 500, 16, 384, 18750, 2.5
0, 22421, 243, 268, 258, 26058694, 25492592, 0.48, 75, 500, 16, 488, 18750, 2.5
1, 20235, 232, 242, 241, 23887788, 24044642, 0.48, 75, 500, 16, 415, 18750, 2.5
0, 26250, 231, 280, 279, 26757739, 26737980, 0.48, 75, 500, 16, 571, 18750, 2.5
1, 19299, 242, 245, 248, 23491136, 23675431, 0.48, 75, 500, 16, 369, 18750, 2.5
1, 19696, 247, 254, 253, 23021877, 23038057, 0.48, 75, 500, 16, 414, 18750, 2.5
1, 21173, 245, 256, 264, 24128664, 24152238, 0.48, 75, 500, 16, 431, 18750, 2.5
0, 26250, 239, 285, 283, 27987091, 27711130, 0.48, 75, 500, 16, 565, 18750, 2.5
0, 26250, 241, 293, 297, 26873116, 26419856, 0.48, 75, 500, 16, 560, 18750, 2.5
0, 26250, 262, 317, 296, 27004704, 26389209, 0.48, 75, 500, 16, 515, 18750, 2.5
1, 19124, 258, 261, 261, 23343740, 23357413, 0.48, 75, 500, 16, 383, 18750, 2.5
0, 24808, 264, 312, 294, 26161284, 25332539, 0.48, 75, 500, 16, 556, 18750, 2.5
1, 19246, 240, 244, 246, 23105715, 23181992, 0.48, 75, 500, 16, 397, 18750, 2.5
0, 26048, 249, 329, 288, 28007934, 27207410, 0.48, 75, 500, 16, 519, 18750, 2.5
0, 26250, 274, 323, 324, 27261279, 26639549, 0.48, 75, 500, 16, 547, 18750, 2.5
1, 20161, 259, 269, 266, 22634840, 22939759, 0.48, 75, 500, 16, 427, 18750, 2.5
1, 18896, 265, 268, 267, 22730926, 22777656, 0.48, 75, 500, 16, 374, 18750, 2.5
1, 19721, 240, 247, 244, 23511451, 23640214, 0.48, 75, 500, 16, 421, 18750, 2.5
0, 26250, 247, 285, 304, 26600441, 26616540, 0.48, 75, 500, 16, 485, 18750, 2.5
0, 23753, 228, 263, 267, 25745851, 25038782, 0.48, 75, 500, 16, 476, 18750, 2.5
1, 19224, 239, 241, 245, 23039924, 23074899, 0.48, 75, 500, 16, 386, 18750, 2.5
0, 26250, 226, 279, 300, 27163648, 26855161, 0.48, 75, 500, 16, 506, 18750, 2.5
1, 19231, 258, 259, 263, 23073709, 23248296, 0.48, 75, 500, 16, 378, 18750, 2.5
1, 19203, 259, 261, 263, 22552370, 22596813, 0.48, 75, 500, 16, 375, 18750, 2.5
1, 19275, 267, 268, 270, 23435548, 23487074, 0.48, 75, 500, 16, 388, 18750, 2.5
1, 18878, 246, 248, 248, 23086319, 23097491, 0.48, 75, 500, 16, 374, 18750, 2.5
0, 23231, 246, 285, 254, 26301148, 25687641, 0.48, 75, 500, 16, 509, 18750, 2.5
1, 21628, 252, 266, 264, 24092568, 24476177, 0.48, 75, 500, 16, 413, 18750, 2.5
1, 19343, 265, 268, 272, 23820471, 23966262, 0.48, 75, 500, 16, 397, 18750, 2.5
0, 26250, 273, 319, 325, 27377441, 27088987, 0.48, 75, 500, 16, 562, 18750, 2.5
0, 21540, 275, 299, 293, 23955013, 23470741, 0.48, 75, 500, 16, 430, 18750, 2.5
1, 19645, 230, 237, 235, 23040661, 23185931, 0.48, 75, 500, 16, 415, 18750, 2.5
1, 19427, 249, 253, 252, 23209320, 23328248, 0.48, 75, 500, 16, 388, 18750, 2.5
1, 19526, 225, 231, 231, 23068008, 23123294, 0.48, 75, 500, 16, 390, 18750, 2.5
0, 22455, 237, 264, 257, 25632120, 24903113, 0.48, 75, 500, 16, 465, 18750, 2.5
1, 19662, 246, 250, 250, 22648661, 22729277, 0.48, 75, 500, 16, 426, 18750, 2.5
0, 18857, 238, 239, 239, 22426702, 21602846, 0.48, 75, 500, 16, 397, 18750, 2.5
1, 21807, 246, 265, 267, 24694925, 24797828, 0.48, 75, 500, 16, 442, 18750, 2.5
1, 19110, 259, 260, 263, 22532691, 22639877, 0.48, 75, 500, 16, 335, 18750, 2.5
0, 26250, 241, 298, 278, 26640280, 26574320, 0.48, 75, 500, 16, 530, 18750, 2.5
0, 26250, 254, 307, 314, 27521450, 27119412, 0.48, 75, 500, 16, 522, 18750, 2.5
1, 19515, 267, 270, 273, 23095871, 23276633, 0.48, 75, 500, 16, 405, 18750, 2.5
1, 21106, 260, 283, 271, 24749024, 24788266, 0.48, 75, 500, 16, 464, 18750, 2.5
0, 26250, 264, 324, 311, 27553464, 27210965, 0.48, 75, 500, 16, 495, 18750, 2.5
1, 19119, 258, 259, 264, 22841618, 22914919, 0.48, 75, 500, 16, 371, 18750, 2.5
1, 19266, 232, 236, 237, 23084145, 23102429, 0.48, 75, 500, 16, 389, 18750, 2.5
1, 21413, 257, 278, 269, 24333502, 24369892, 0.48, 75, 500, 16, 393, 18750, 2.5
0, 26250, 277, 322, 329, 26597831, 26614757, 0.48, 75, 500, 16, 504, 18750, 2.5
0, 26250, 249, 317, 295, 28012616, 27131545, 0.48, 75, 500, 16, 524, 18750, 2.5
0, 26250, 223, 289, 269, 27986633, 27571335, 0.48, 75, 500, 16, 505, 18750, 2.5
0, 20991, 225, 235, 241, 23720501, 23199692, 0.48, 75, 500, 16, 372, 18750, 2.5
0, 26250, 240, 295, 284, 27795278, 27267791, 0.48, 75, 500, 16, 499, 18750, 2.5
1, 19632, 263, 266, 268, 23782728, 23912084, 0.48, 75, 500, 16, 349, 18750, 2.5
0, 20893, 237, 249, 255, 23723784, 23151574, 0.48, 75, 500, 16, 441, 18750, 2.5
1, 19302, 271, 272, 273, 22830919, 22870157, 0.48, 75, 500, 16, 354, 18750, 2.5
1, 19373, 255, 258, 259, 23174748, 23244198, 0.48, 75, 500, 16, 408, 18750, 2.5
1, 21935, 250, 267, 280, 24609511, 24664479, 0.48, 75, 500, 16, 453, 18750, 2.5
0, 26250, 260, 333, 295, 27597841, 27182367, 0.48, 75, 500, 16, 527, 18750, 2.5
0, 26250, 269, 334, 325, 27925897, 27108051, 0.48, 75, 500, 16, 510, 18750, 2.5
1, 19449, 255, 259, 259, 22816806, 23003385, 0.48, 75, 500, 16, 386, 18750, 2.5
0, 26250, 237, 294, 284, 27856650, 27478062, 0.48, 75, 500, 16, 615, 18750, 2.5
0, 26250, 241, 295, 278, 26932022, 26202883, 0.48, 75, 500, 16, 498, 18750, 2.5
1, 19251, 240, 243, 243, 22205601, 22323201, 0.48, 75, 500, 16, 388, 18750, 2.5
0, 26250, 230, 291, 275, 26733033, 26131531, 0.48, 75, 500, 16, 546, 18750, 2.5
0, 23944, 244, 287, 276, 26095650, 25371342, 0.48, 75, 500, 16, 473, 18750, 2.5
1, 19563, 260, 265, 269, 23457296, 23486512, 0.48, 75, 500, 16, 363, 18750, 2.5
1, 19167, 242, 243, 245, 23382406, 23489330, 0.48, 75, 500, 16, 395, 18750, 2.5
1, 24857, 229, 274, 276, 26601391, 26713129, 0.48, 75, 500, 16, 499, 18750, 2.5
1, 19570, 245, 247, 248, 16234299, 16277399, 0.48, 75, 500, 11, 210, 18750, 2.5
0, 26250, 251, 300, 308, 27559832, 27293418, 0.48, 75, 500, 16, 498, 18750, 2.5
0, 26250, 259, 321, 298, 27966109, 27468170, 0.48, 75, 500, 16, 540, 18750, 2.5
0, 26250, 267, 319, 315, 18321654, 18074191, 0.48, 75, 500, 11, 282, 18750, 2.5
1, 19828, 238, 242, 243, 16113798, 16206652, 0.48, 75, 500, 11, 218, 18750, 2.5
1, 19532, 250, 251, 256, 15514910, 15535597, 0.48, 75, 500, 11, 229, 18750, 2.5
1, 19655, 243, 247, 249, 23005496, 23169763, 0.48, 75, 500, 16, 391, 18750, 2.5
0, 26250, 273, 330, 312, 19578578, 18985324, 0.48, 75, 500, 11, 300, 18750, 2.5
1, 19706, 268, 270, 273, 15865262, 16111469, 0.48, 75, 500, 11, 213, 18750, 2.5
1, 19531, 258, 259, 262, 16142442, 16290288, 0.48, 75, 500, 11, 234, 18750, 2.5
1, 19157, 253, 255, 257, 15315679, 15376684, 0.48, 75, 500, 11, 227, 18750, 2.5
0, 26250, 233, 296, 286, 18593185, 18025234, 0.48, 75, 500, 11, 308, 18750, 2.5
1, 20017, 253, 254, 260, 15248335, 15779229, 0.48, 75, 500, 11, 245, 18750, 2.5
0, 20815, 229, 244, 238, 16366542, 16098602, 0.48, 75, 500, 11, 220, 18750, 2.5
0, 26250, 267, 327, 314, 27807983, 27337010, 0.48, 75, 500, 16, 543, 18750, 2.5
0, 23605, 256, 296, 282, 25674058, 24784550, 0.48, 75, 500, 16, 500, 18750, 2.5
1, 20889, 279, 293, 290, 16323764, 16405626, 0.48, 75, 500, 11, 250, 18750, 2.5
1, 19390, 250, 253, 252, 16258484, 16345146, 0.48, 75, 500, 11, 204, 18750, 2.5
1, 19349, 247, 249, 253, 15804085, 15889731, 0.48, 75, 500, 11, 202, 18750, 2.5
1, 19639, 258, 259, 264, 16210182, 16286710, 0.48, 75, 500, 11, 227, 18750, 2.5
0, 26250, 233, 269, 282, 19104038, 18811551, 0.48, 75, 500, 11, 291, 18750, 2.5
1, 19310, 232, 235, 236, 15974960, 16074785, 0.48, 75, 500, 11, 195, 18750, 2.5
1, 19060, 278, 279, 281, 15539697, 15633695, 0.48, 75, 500, 11, 193, 18750, 2.5
1, 20059, 265, 275, 271, 16189127, 16228054, 0.48, 75, 500, 11, 234, 18750, 2.5
0, 26250, 259, 302, 302, 18672613, 18404545, 0.48, 75, 500, 11, 308, 18750, 2.5
1, 19633, 246, 252, 250, 15374354, 15398999, 0.48, 75, 500, 11, 208, 18750, 2.5
1, 19172, 242, 250, 247, 15526738, 15610570, 0.48, 75, 500, 11, 213, 18750, 2.5
0, 26250, 252, 301, 291, 19435178, 19370373, 0.48, 75, 500, 11, 332, 18750, 2.5
1, 19672, 244, 246, 252, 15845668, 15988437, 0.48, 75, 500, 11, 210, 18750, 2.5
0, 26250, 279, 325, 332, 19617264, 19456368, 0.48, 75, 500, 11, 273, 18750, 2.5
1, 19249, 226, 227, 230, 15573641, 15635381, 0.48, 75, 500, 11, 207, 18750, 2.5
1, 19774, 257, 265, 268, 16071144, 16162050, 0.48, 75, 500, 11, 214, 18750, 2.5
1, 19360, 267, 270, 271, 15522879, 15539260, 0.48, 75, 500, 11, 218, 18750, 2.5
0, 21218, 264, 280, 283, 16690485, 16341742, 0.48, 75, 500, 11, 218, 18750, 2.5
1, 22712, 233, 269, 247, 17030206, 17054243, 0.48, 75, 500, 11, 275, 18750, 2.5
0, 26250, 258, 306, 301, 17883891, 17506411, 0.48, 75, 500, 11, 269, 18750, 2.5
1, 20005, 268, 274, 277, 16158550, 16372301, 0.48, 75, 500, 11, 207, 18750, 2.5
1, 20343, 254, 259, 258, 16174186, 16341543, 0.48, 75, 500, 11, 218, 18750, 2.5
1, 19146, 268, 269, 271, 15459511, 15578342, 0.48, 75, 500, 11, 207, 18750, 2.5
1, 19088, 258, 259, 260, 15820312, 15826479, 0.48, 75, 500, 11, 189, 18750, 2.5
1, 19373, 272, 273, 279, 15917808, 15979339, 0.48, 75, 500, 11, 225, 18750, 2.5
1, 20487, 269, 278, 278, 16194330, 16394211, 0.48, 75, 500, 11, 210, 18750, 2.5
1, 26148, 272, 328, 309, 18595738, 18633499, 0.48, 75, 500, 11, 321, 18750, 2.5
1, 19423, 241, 245, 244, 15694336, 15716688, 0.48, 75, 500, 11, 213, 18750, 2.5
1, 19039, 265, 268, 268, 15737501, 15787583, 0.48, 75, 500, 11, 216, 18750, 2.5
0, 26250, 265, 319, 325, 18990120, 18908273, 0.48, 75, 500, 11, 286, 18750, 2.5
0, 23669, 255, 297, 282, 17817998, 17223510, 0.48, 75, 500, 11, 255, 18750, 2.5
1, 18876, 222, 223, 224, 15549007, 15559162, 0.48, 75, 500, 11, 220, 18750, 2.5
1, 19157, 253, 255, 257, 15618990, 15681212, 0.48, 75, 500, 11, 227, 18750, 2.5
1, 22413, 255, 270, 277, 18031568, 18055042, 0.48, 75, 500, 11, 237, 18750, 2.5
1, 24838, 230, 262, 262, 17569551, 17735951, 0.48, 75, 500, 11, 282, 18750, 2.5
1, 19435, 238, 240, 242, 15901570, 15932664, 0.48, 75, 500, 11, 217, 18750, 2.5
0, 25970, 259, 328, 293, 19299142, 18764872, 0.48, 75, 500, 11, 266, 18750, 2.5
0, 19637, 253, 257, 254, 15593143, 15270370, 0.48, 75, 500, 11, 207, 18750, 2.5
1, 19826, 246, 253, 249, 15912085, 16017974, 0.48, 75, 500, 11, 208, 18750, 2.5
1, 19532, 252, 255, 258, 15844795, 15920812, 0.48, 75, 500, 11, 210, 18750, 2.5
1, 19159, 227, 230, 232, 15597914, 15639534, 0.48, 75, 500, 11, 220, 18750, 2.5
1, 18958, 263, 265, 266, 15769033, 15782625, 0.48, 75, 500, 11, 202, 18750, 2.5
1, 20325, 223, 230, 232, 16253300, 16308960, 0.48, 75, 500, 11, 248, 18750, 2.5
1, 19165, 256, 257, 258, 15453434, 15468576, 0.48, 75, 500, 11, 191, 18750, 2.5
1, 19326, 222, 226, 226, 16076429, 16098103, 0.48, 75, 500, 11, 199, 18750, 2.5
0, 23909, 251, 281, 285, 18111983, 17643678, 0.48, 75, 500, 11, 250, 18750, 2.5
1, 20183, 245, 253, 251, 16392952, 16502309, 0.48, 75, 500, 11, 232, 18750, 2.5
1, 19247, 228, 230, 235, 15486398, 15515578, 0.48, 75, 500, 11, 252, 18750, 2.5
1, 19374, 256, 259, 262, 15619412, 15718887, 0.48, 75, 500, 11, 229, 18750, 2.5
1, 19294, 266, 269, 269, 15865220, 15916372, 0.48, 75, 500, 11, 206, 18750, 2.5
0, 24725, 264, 316, 288, 18951483, 18138350, 0.48, 75, 500, 11, 271, 18750, 2.5
0, 23390, 285, 307, 316, 17801956, 17364701, 0.48, 75, 500, 11, 269, 18750, 2.5
1, 19534, 260, 261, 266, 15632991, 15713340, 0.48, 75, 500, 11, 212, 18750, 2.5
1, 18985, 255, 256, 257, 15818123, 15827981, 0.48, 75, 500, 11, 194, 18750, 2.5
0, 26250, 280, 337, 323, 19122899, 18818106, 0.48, 75, 500, 11, 276, 18750, 2.5
1, 19902, 247, 254, 253, 16112917, 16224010, 0.48, 75, 500, 11, 213, 18750, 2.5
1, 23660, 246, 286, 282, 17724121, 17761947, 0.48, 75, 500, 11, 270, 18750, 2.5
0, 26250, 238, 298, 303, 18204899, 17895346, 0.48, 75, 500, 11, 286, 18750, 2.5
0, 26250, 259, 301, 307, 18082767, 18037540, 0.48, 75, 500, 11, 320, 18750, 2.5
1, 21461, 231, 248, 252, 16620175, 16690354, 0.48, 75, 500, 11, 228, 18750, 2.5
0, 26250, 268, 322, 323, 18902801, 18552051, 0.48, 75, 500, 11, 276, 18750, 2.5
1, 20018, 253, 260, 260, 16842153, 16911822, 0.48, 75, 500, 11, 242, 18750, 2.5
1, 19084, 260, 261, 268, 15488270, 15504136, 0.48, 75, 500, 11, 216, 18750, 2.5
1, 21904, 261, 284, 279, 16133881, 16179790, 0.48, 75, 500, 11, 246, 18750, 2.5
1, 19606, 236, 244, 240, 15726198, 15850969, 0.48, 75, 500, 11, 191, 18750, 2.5
0, 26250, 226, 266, 273, 18729930, 18460522, 0.48, 75, 500, 11, 304, 18750, 2.5
0, 22687, 257, 294, 265, 17368595, 17000044, 0.48, 75, 500, 11, 255, 18750, 2.5
1, 19452, 242, 244, 247, 15867720, 15956868, 0.48, 75, 500, 11, 203, 18750, 2.5
1, 19765, 238, 241, 249, 16219337, 16271175, 0.48, 75, 500, 11, 204, 18750, 2.5
0, 23049, 259, 285, 281, 17211618, 16785580, 0.48, 75, 500, 11, 279, 18750, 2.5
1, 19831, 245, 250, 255, 15563591, 15591002, 0.48, 75, 500, 11, 208, 18750, 2.5
1, 19346, 245, 248, 251, 15928762, 15956671, 0.48, 75, 500, 11, 189, 18750, 2.5
0, 26250, 244, 316, 288, 18711425, 18511633, 0.48, 75, 500, 11, 276, 18750, 2.5
0, 26250, 264, 316, 312, 18399954, 17999655, 0.48, 75, 500, 11, 291, 18750, 2.5
1, 19798, 238, 248, 246, 15761904, 15870283, 0.48, 75, 500, 11, 204, 18750, 2.5
1, 20904, 244, 260, 267, 16481201, 16572403, 0.48, 75, 500, 11, 227, 18750, 2.5
0, 24495, 272, 309, 315, 19026349, 18573764, 0.48, 75, 500, 11, 276, 18750, 2.5
0, 26250, 245, 280, 295, 18419329, 18343050, 0.48, 75, 500, 11, 295, 18750, 2.5
1, 20025, 268, 279, 273, 16026453, 16064476, 0.48, 75, 500, 11, 195, 18750, 2.5
1, 19030, 275, 276, 278, 15363847, 15393290, 0.48, 75, 500, 11, 222, 18750, 2.5
0, 19191, 271, 273, 274, 16011918, 15554595, 0.48, 75, 500, 11, 201, 18750, 2.5
1, 19354, 264, 270, 268, 11260146, 11273915, 0.48, 75, 500, 8, 135, 18750, 2.5
0, 26250, 256, 312, 314, 19655644, 19171270, 0.48, 75, 500, 11, 300, 18750, 2.5
0, 21188, 244, 264, 256, 11744209, 11398862, 0.48, 75, 500, 8, 139, 18750, 2.5
1, 19573, 235, 236, 244, 16159057, 16176653, 0.48, 75, 500, 11, 218, 18750, 2.5
0, 23304, 258, 301, 292, 17961590, 17409149, 0.48, 75, 500, 11, 254, 18750, 2.5
1, 19902, 263, 265, 268, 16325403, 16410526, 0.48, 75, 500, 11, 217, 18750, 2.5
0, 26250, 248, 302, 301, 18601414, 18175945, 0.48, 75, 500, 11, 286, 18750, 2.5
0, 26250, 245, 309, 306, 18016803, 17810642, 0.48, 75, 500, 11, 269, 18750, 2.5
0, 20938, 255, 274, 262, 16663032, 16119833, 0.48, 75, 500, 11, 222, 18750, 2.5
0, 19351, 257, 261, 263, 11251812, 11014966, 0.48, 75, 500, 8, 133, 18750, 2.5
1, 19752, 230, 235, 238, 11775226, 11830863, 0.48, 75, 500, 8, 118, 18750, 2.5
1, 20309, 258, 269, 274, 12324431, 12405096, 0.48, 75, 500, 8, 128, 18750, 2.5
1, 19597, 260, 262, 262, 12079802, 12120708, 0.48, 75, 500, 8, 116, 18750, 2.5
0, 26250, 251, 295, 307, 18955987, 18567080, 0.48, 75, 500, 11, 292, 18750, 2.5
1, 19140, 246, 247, 252, 11038373, 11078677, 0.48, 75, 500, 8, 150, 18750, 2.5
0, 26250, 265, 330, 299, 13947886, 13359187, 0.48, 75, 500, 8, 184, 18750, 2.5
0, 26250, 240, 299, 302, 13200029, 12951335, 0.48, 75, 500, 8, 182, 18750, 2.5
1, 19411, 235, 239, 244, 11744006, 11778808, 0.48, 75, 500, 8, 126, 18750, 2.5
1, 22962, 242, 260, 268, 12719232, 12864532, 0.48, 75, 500, 8, 147, 18750, 2.5
1, 19996, 267, 279, 282, 11580501, 11630945, 0.48, 75, 500, 8, 139, 18750, 2.5
0, 26250, 270, 333, 331, 13516091, 13157546, 0.48, 75, 500, 8, 181, 18750, 2.5
0, 21195, 212, 225, 221, 12097063, 11810433, 0.48, 75, 500, 8, 144, 18750, 2.5
0, 26250, 268, 324, 318, 13615430, 13595315, 0.48, 75, 500, 8, 181, 18750, 2.5
1, 19291, 256, 260, 261, 10958522, 11002639, 0.48, 75, 500, 8, 122, 18750, 2.5
0, 22088, 248, 268, 269, 12457343, 12056038, 0.48, 75, 500, 8, 152, 18750, 2.5
1, 19413, 230, 234, 233, 11085213, 11217012, 0.48, 75, 500, 8, 122, 18750, 2.5
1, 20499, 226, 236, 237, 12054279, 12143560, 0.48, 75, 500, 8, 140, 18750, 2.5
1, 19305, 231, 234, 234, 10994691, 11025133, 0.48, 75, 500, 8, 124, 18750, 2.5
1, 19816, 248, 254, 255, 11501495, 11541488, 0.48, 75, 500, 8, 126, 18750, 2.5
1, 21898, 229, 248, 253, 12074077, 12199640, 0.48, 75, 500, 8, 144, 18750, 2.5
1, 20944, 224, 239, 243, 12248275, 12294523, 0.48, 75, 500, 8, 151, 18750, 2.5
1, 20476, 254, 265, 268, 11853360, 11912001, 0.48, 75, 500, 8, 142, 18750, 2.5
1, 19062, 223, 225, 227, 11081385, 11119248, 0.48, 75, 500, 8, 129, 18750, 2.5
1, 19575, 230, 233, 234, 11567787, 11734627, 0.48, 75, 500, 8, 142, 18750, 2.5
1, 19238, 249, 252, 251, 11317600, 11368203, 0.48, 75, 500, 8, 142, 18750, 2.5
1, 19068, 253, 254, 260, 11971991, 12008990, 0.48, 75, 500, 8, 128, 18750, 2.5
1, 19464, 263, 270, 267, 11102240, 11130497, 0.48, 75, 500, 8, 122, 18750, 2.5
1, 20583, 263, 270, 276, 12142541, 12340332, 0.48, 75, 500, 8, 144, 18750, 2.5
1, 21344, 231, 249, 241, 12173624, 12221870, 0.48, 75, 500, 8, 149, 18750, 2.5
1, 20389, 248, 254, 263, 11081882, 11174067, 0.48, 75, 500, 8, 129, 18750, 2.5
0, 25321, 244, 303, 287, 13572912, 13214263, 0.48, 75, 500, 8, 175, 18750, 2.5
1, 19591, 240, 242, 243, 11471660, 11493103, 0.48, 75, 500, 8, 134, 18750, 2.5
1, 19294, 263, 267, 266, 11337989, 11354690, 0.48, 75, 500, 8, 129, 18750, 2.5
1, 22887, 226, 245, 246, 12516412, 12643664, 0.48, 75, 500, 8, 159, 18750, 2.5
0, 26250, 254, 310, 304, 13638954, 13487257, 0.48, 75, 500, 8, 162, 18750, 2.5
0, 26250, 239, 296, 291, 13758845, 13610370, 0.48, 75, 500, 8, 188, 18750, 2.5
1, 19459, 244, 247, 247, 11817731, 11866427, 0.48, 75, 500, 8, 130, 18750, 2.5
1, 19780, 259, 264, 269, 11003610, 11095043, 0.48, 75, 500, 8, 128, 18750, 2.5
0, 26250, 247, 308, 306, 13470625, 13210717, 0.48, 75, 500, 8, 187, 18750, 2.5
1, 22567, 244, 271, 277, 12389028, 12425871, 0.48, 75, 500, 8, 172, 18750, 2.5
1, 19687, 254, 256, 260, 11416385, 11598550, 0.48, 75, 500, 8, 123, 18750, 2.5
1, 21029, 235, 243, 247, 11739787, 11821083, 0.48, 75, 500, 8, 135, 18750, 2.5
1, 19359, 259, 260, 264, 11242219, 11387530, 0.48, 75, 500, 8, 125, 18750, 2.5
1, 19160, 250, 254, 253, 10897821, 10906994, 0.48, 75, 500, 8, 129, 18750, 2.5
0, 26250, 261, 323, 315, 13963153, 13681773, 0.48, 75, 500, 8, 179, 18750, 2.5
0, 26250, 277, 321, 347, 13306256, 13119752, 0.48, 75, 500, 8, 193, 18750, 2.5
1, 19182, 230, 231, 234, 11186057, 11231178, 0.48, 75, 500, 8, 140, 18750, 2.5
1, 19083, 254, 256, 256, 11608263, 11619498, 0.48, 75, 500, 8, 125, 18750, 2.5
1, 19516, 264, 266, 272, 12032118, 12073562, 0.48, 75, 500, 8, 144, 18750, 2.5
1, 19169, 260, 263, 262, 11266142, 11333021, 0.48, 75, 500, 8, 126, 18750, 2.5
0, 26250, 241, 305, 294, 13518629, 13333685, 0.48, 75, 500, 8, 165, 18750, 2.5
1, 19325, 256, 259, 259, 11672703, 11725431, 0.48, 75, 500, 8, 134, 18750, 2.5
1, 19353, 220, 222, 225, 11349782, 11418912, 0.48, 75, 500, 8, 128, 18750, 2.5
0, 26250, 268, 332, 327, 13713752, 13343282, 0.48, 75, 500, 8, 203, 18750, 2.5
0, 21369, 264, 285, 270, 11612249, 11189521, 0.48, 75, 500, 8, 137, 18750, 2.5
0, 26250, 249, 300, 324, 13883457, 13812448, 0.48, 75, 500, 8, 184, 18750, 2.5
0, 22436, 241, 276, 257, 12704755, 12229184, 0.48, 75, 500, 8, 152, 18750, 2.5
1, 19314, 253, 256, 259, 11345957, 11348235, 0.48, 75, 500, 8, 143, 18750, 2.5
0, 26250, 256, 323, 309, 13501953, 13250055, 0.48, 75, 500, 8, 171, 18750, 2.5
0, 26250, 269, 326, 330, 13585409, 13337029, 0.48, 75, 500, 8, 187, 18750, 2.5
1, 19565, 232, 236, 237, 11597508, 11671192, 0.48, 75, 500, 8, 143, 18750, 2.5
0, 20599, 236, 257, 244, 11934554, 11624686, 0.48, 75, 500, 8, 133, 18750, 2.5
1, 19283, 251, 253, 255, 11511193, 11549491, 0.48, 75, 500, 8, 118, 18750, 2.5
1, 25961, 298, 357, 358, 13294149, 13338619, 0.48, 75, 500, 8, 201, 18750, 2.5
1, 20476, 231, 236, 240, 11764594, 11852805, 0.48, 75, 500, 8, 151, 18750, 2.5
0, 26250, 257, 328, 305, 13775029, 13294507, 0.48, 75, 500, 8, 172, 18750, 2.5
0, 23039, 254, 287, 280, 12810829, 12431048, 0.48, 75, 500, 8, 147, 18750, 2.5
1, 19426, 252, 255, 256, 11672218, 11767849, 0.48, 75, 500, 8, 120, 18750, 2.5
1, 22930, 240, 272, 272, 12895137, 12905245, 0.48, 75, 500, 8, 165, 18750, 2.5
1, 19862, 255, 259, 268, 11198071, 11302133, 0.48, 75, 500, 8, 132, 18750, 2.5
1, 19243, 235, 236, 238, 11076065, 11182303, 0.48, 75, 500, 8, 118, 18750, 2.5
1, 19295, 242, 243, 248, 11077016, 11170079, 0.48, 75, 500, 8, 135, 18750, 2.5
0, 24048, 248, 282, 273, 12785383, 12548034, 0.48, 75, 500, 8, 161, 18750, 2.5
1, 19642, 249, 254, 252, 12074181, 12129345, 0.48, 75, 500, 8, 120, 18750, 2.5
0, 26250, 258, 324, 314, 13412233, 13125971, 0.48, 75, 500, 8, 161, 18750, 2.5
1, 23919, 288, 323, 332, 12906013, 12922328, 0.48, 75, 500, 8, 171, 18750, 2.5
1, 18929, 256, 257, 258, 11684684, 11687137, 0.48, 75, 500, 8, 140, 18750, 2.5
1, 20471, 288, 299, 299, 12217830, 12260919, 0.48, 75, 500, 8, 158, 18750, 2.5
1, 21604, 240, 262, 255, 12600877, 12686195, 0.48, 75, 500, 8, 143, 18750, 2.5
1, 19547, 251, 255, 257, 11069947, 11147783, 0.48, 75, 500, 8, 119, 18750, 2.5
1, 20054, 226, 235, 231, 11943292, 12030445, 0.48, 75, 500, 8, 135, 18750, 2.5
0, 26250, 247, 289, 313, 13722531, 13539272, 0.48, 75, 500, 8, 160, 18750, 2.5
1, 19394, 270, 271, 275, 11722673, 11746086, 0.48, 75, 500, 8, 123, 18750, 2.5
0, 24767, 258, 302, 297, 13318384, 12858166, 0.48, 75, 500, 8, 182, 18750, 2.5
1, 19146, 236, 238, 238, 11537935, 11551175, 0.48, 75, 500, 8, 119, 18750, 2.5
0, 26205, 265, 332, 300, 13869223, 13314197, 0.48, 75, 500, 8, 180, 18750, 2.5
1, 19040, 252, 253, 254, 11069344, 11121045, 0.48, 75, 500, 8, 131, 18750, 2.5
0, 26250, 250, 298, 300, 13651627, 13600173, 0.48, 75, 500, 8, 190, 18750, 2.5
1, 19639, 248, 251, 251, 11248160, 11323744, 0.48, 75, 500, 8, 135, 18750, 2.5
0, 26250, 277, 326, 322, 13635547, 13421048, 0.48, 75, 500, 8, 174, 18750, 2.5
0, 21123, 262, 274, 269, 11995130, 11661958, 0.48, 75, 500, 8, 149, 18750, 2.5
1, 22738, 248, 274, 271, 12111130, 12134549, 0.48, 75, 500, 8, 162, 18750, 2.5
1, 19651, 236, 239, 246, 11526723, 11672569, 0.48, 75, 500, 8, 143, 18750, 2.5
1, 19036, 258, 259, 262, 9556783, 9591180, 0.48, 75, 500, 7, 110, 18750, 2.5
1, 19062, 270, 271, 275, 9915101, 9926411, 0.48, 75, 500, 7, 112, 18750, 2.5
1, 19036, 241, 242, 243, 11178754, 11232911, 0.48, 75, 500, 8, 142, 18750, 2.5
1, 19348, 256, 260, 261, 9719099, 9773157, 0.48, 75, 500, 7, 113, 18750, 2.5
1, 19713, 261, 265, 265, 11658624, 11699183, 0.48, 75, 500, 8, 152, 18750, 2.5
0, 26250, 248, 313, 303, 13747326, 13421275, 0.48, 75, 500, 8, 187, 18750, 2.5
1, 19938, 256, 264, 265, 10326929, 10346212, 0.48, 75, 500, 7, 116, 18750, 2.5
1, 19634, 253, 262, 260, 11812339, 11826446, 0.48, 75, 500, 8, 143, 18750, 2.5
1, 19126, 242, 244, 245, 9945866, 9985091, 0.48, 75, 500, 7, 110, 18750, 2.5
1, 19723, 246, 248, 250, 10209529, 10322600, 0.48, 75, 500, 7, 117, 18750, 2.5
0, 26250, 242, 307, 299, 13029717, 12908392, 0.48, 75, 500, 8, 202, 18750, 2.5
1, 23881, 252, 282, 285, 11189816, 11214885, 0.48, 75, 500, 7, 133, 18750, 2.5
1, 19318, 262, 267, 265, 10076310, 10135726, 0.48, 75, 500, 7, 107, 18750, 2.5
1, 21587, 255, 278, 266, 10590406, 10609197, 0.48, 75, 500, 7, 129, 18750, 2.5
1, 19631, 248, 254, 254, 10241008, 10304787, 0.48, 75, 500, 7, 126, 18750, 2.5
1, 19130, 253, 255, 256, 10218023, 10274538, 0.48, 75, 500, 7, 104, 18750, 2.5
1, 26236, 236, 294, 284, 11702500, 11774952, 0.48, 75, 500, 7, 161, 18750, 2.5
1, 19280, 265, 268, 268, 9813058, 9896468, 0.48, 75, 500, 7, 111, 18750, 2.5
1, 19274, 257, 260, 261, 10560521, 10566643, 0.48, 75, 500, 7, 110, 18750, 2.5
0, 21746, 264, 294, 276, 10843370, 10474175, 0.48, 75, 500, 7, 125, 18750, 2.5
1, 18962, 247, 248, 249, 10149620, 10158548, 0.48, 75, 500, 7, 118, 18750, 2.5
1, 19173, 247, 248, 250, 10160296, 10202729, 0.48, 75, 500, 7, 123, 18750, 2.5
1, 20040, 275, 282, 285, 10365185, 10438318, 0.48, 75, 500, 7, 110, 18750, 2.5
1, 23779, 280, 320, 320, 11408825, 11434207, 0.48, 75, 500, 7, 141, 18750, 2.5
1, 19271, 245, 247, 247, 10336685, 10374683, 0.48, 75, 500, 7, 119, 18750, 2.5
1, 19609, 269, 273, 274, 9889286, 9930824, 0.48, 75, 500, 7, 110, 18750, 2.5
1, 20790, 240, 258, 255, 10511660, 10534411, 0.48, 75, 500, 7, 124, 18750, 2.5
0, 20837, 246, 257, 262, 10388704, 10106420, 0.48, 75, 500, 7, 114, 18750, 2.5
1, 19303, 273, 274, 277, 9299789, 9318322, 0.48, 75, 500, 7, 105, 18750, 2.5
1, 19057, 244, 245, 246, 10328008, 10333187, 0.48, 75, 500, 7, 103, 18750, 2.5
1, 23652, 253, 285, 285, 10952976, 11052677, 0.48, 75, 500, 7, 128, 18750, 2.5
1, 18865, 230, 231, 232, 10469795, 10498008, 0.48, 75, 500, 7, 107, 18750, 2.5
1, 19233, 240, 243, 242, 9652929, 9668558, 0.48, 75, 500, 7, 104, 18750, 2.5
0, 26250, 252, 311, 301, 11758291, 11566133, 0.48, 75, 500, 7, 158, 18750, 2.5
1, 18958, 279, 280, 281, 10012063, 10026907, 0.48, 75, 500, 7, 109, 18750, 2.5
0, 26250, 255, 306, 301, 12102686, 11789136, 0.48, 75, 500, 7, 166, 18750, 2.5
1, 19249, 256, 259, 261, 10110475, 10179918, 0.48, 75, 500, 7, 126, 18750, 2.5
1, 19522, 274, 277, 280, 10127286, 10149098, 0.48, 75, 500, 7, 115, 18750, 2.5
0, 25396, 235, 285, 294, 11912929, 11479322, 0.48, 75, 500, 7, 164, 18750, 2.5
1, 19345, 270, 272, 274, 10258961, 10307543, 0.48, 75, 500, 7, 95, 18750, 2.5
0, 26250, 251, 299, 296, 12360322, 12286200, 0.48, 75, 500, 7, 144, 18750, 2.5
1, 19194, 245, 247, 248, 9758245, 9786947, 0.48, 75, 500, 7, 102, 18750, 2.5
1, 19330, 255, 259, 260, 9853209, 9886919, 0.48, 75, 500, 7, 105, 18750, 2.5
0, 26250, 263, 331, 303, 11927387, 11752496, 0.48, 75, 500, 7, 156, 18750, 2.5
0, 23452, 262, 289, 293, 11331668, 11096808, 0.48, 75, 500, 7, 126, 18750, 2.5
1, 19395, 234, 235, 243, 10399790, 10446611, 0.48, 75, 500, 7, 102, 18750, 2.5
0, 26250, 257, 313, 296, 11573093, 11585556, 0.48, 75, 500, 7, 137, 18750, 2.5
1, 19469, 271, 273, 281, 10380984, 10419772, 0.48, 75, 500, 7, 99, 18750, 2.5
1, 20113, 262, 269, 264, 10368447, 10382356, 0.48, 75, 500, 7, 103, 18750, 2.5
0, 25386, 227, 269, 266, 11807146, 11500118, 0.48, 75, 500, 7, 144, 18750, 2.5
0, 26250, 241, 294, 299, 11678546, 11411890, 0.48, 75, 500, 7, 162, 18750, 2.5
0, 26250, 256, 316, 304, 12099355, 11739294, 0.48, 75, 500, 7, 158, 18750, 2.5
0, 25539, 249, 305, 288, 11638246, 11178489, 0.48, 75, 500, 7, 145, 18750, 2.5
0, 26250, 239, 297, 297, 12360689, 12049641, 0.48, 75, 500, 7, 161, 18750, 2.5
1, 18966, 232, 233, 234, 9734489, 9756344, 0.48, 75, 500, 7, 99, 18750, 2.5
0, 26250, 241, 304, 292, 11866023, 11725095, 0.48, 75, 500, 7, 152, 18750, 2.5
1, 23126, 275, 303, 290, 11823230, 11869859, 0.48, 75, 500, 7, 136, 18750, 2.5
0, 22434, 253, 293, 274, 10899860, 10522097, 0.48, 75, 500, 7, 147, 18750, 2.5
1, 19336, 265, 269, 272, 9684983, 9705516, 0.48, 75, 500, 7, 107, 18750, 2.5
0, 25553, 233, 266, 291, 12334867, 11765091, 0.48, 75, 500, 7, 156, 18750, 2.5
1, 19213, 244, 248, 248, 9942043, 9980466, 0.48, 75, 500, 7, 111, 18750, 2.5
0, 26250, 246, 298, 317, 12004260, 11945140, 0.48, 75, 500, 7, 144, 18750, 2.5
0, 26250, 240, 298, 294, 12253609, 12154607, 0.48, 75, 500, 7, 162, 18750, 2.5
0, 26250, 259, 294, 321, 11652081, 11444344, 0.48, 75, 500, 7, 154, 18750, 2.5
0, 24704, 231, 280, 279, 11710177, 11368622, 0.48, 75, 500, 7, 152, 18750, 2.5
1, 19343, 254, 258, 260, 9820814, 9830730, 0.48, 75, 500, 7, 112, 18750, 2.5
0, 26250, 239, 285, 291, 12243361, 11935654, 0.48, 75, 500, 7, 154, 18750, 2.5
1, 19718, 210, 216, 217, 10638295, 10686101, 0.48, 75, 500, 7, 115, 18750, 2.5
0, 26250, 239, 308, 277, 11332853, 11143236, 0.48, 75, 500, 7, 157, 18750, 2.5
0, 25495, 250, 303, 289, 12002772, 11479416, 0.48, 75, 500, 7, 158, 18750, 2.5
1, 22378, 230, 249, 251, 10936418, 11065648, 0.48, 75, 500, 7, 117, 18750, 2.5
1, 19159, 241, 245, 245, 10610119, 10648092, 0.48, 75, 500, 7, 104, 18750, 2.5
1, 19204, 261, 262, 265, 10242953, 10259280, 0.48, 75, 500, 7, 112, 18750, 2.5
1, 19560, 269, 270, 276, 9898915, 10021475, 0.48, 75, 500, 7, 113, 18750, 2.5
0, 26250, 245, 300, 305, 11727743, 11313227, 0.48, 75, 500, 7, 153, 18750, 2.5
0, 22525, 251, 274, 281, 10913878, 10436695, 0.48, 75, 500, 7, 134, 18750, 2.5
1, 20061, 244, 249, 254, 9763943, 9796724, 0.48, 75, 500, 7, 100, 18750, 2.5
1, 19423, 255, 256, 259, 10063240, 10102433, 0.48, 75, 500, 7, 131, 18750, 2.5
1, 19817, 253, 255, 261, 9996535, 10096956, 0.48, 75, 500, 7, 117, 18750, 2.5
0, 22656, 261, 288, 277, 11191186, 10830083, 0.48, 75, 500, 7, 137, 18750, 2.5
0, 26250, 242, 290, 289, 11650804, 11262465, 0.48, 75, 500, 7, 138, 18750, 2.5
1, 20439, 229, 239, 241, 10046135, 10110898, 0.48, 75, 500, 7, 113, 18750, 2.5
1, 22162, 262, 282, 275, 10519638, 10617283, 0.48, 75, 500, 7, 117, 18750, 2.5
1, 18887, 252, 253, 255, 10125525, 10136185, 0.48, 75, 500, 7, 118, 18750, 2.5
1, 20799, 245, 260, 258, 9553033, 9614236, 0.48, 75, 500, 7, 121, 18750, 2.5
0, 23565, 267, 291, 297, 11518053, 11183802, 0.48, 75, 500, 7, 122, 18750, 2.5
1, 19232, 277, 278, 282, 9632928, 9678286, 0.48, 75, 500, 7, 119, 18750, 2.5
1, 19199, 231, 233, 238, 10308880, 10332717, 0.48, 75, 500, 7, 101, 18750, 2.5
1, 19122, 275, 281, 280, 9556839, 9585384, 0.48, 75, 500, 7, 119, 18750, 2.5
1, 19340, 233, 237, 237, 9882474, 9891353, 0.48, 75, 500, 7, 105, 18750, 2.5
0, 19947, 256, 265, 259, 10136481, 9873100, 0.48, 75, 500, 7, 118, 18750, 2.5
1, 19796, 283, 288, 288, 10497327, 10536846, 0.48, 75, 500, 7, 117, 18750, 2.5
1, 19158, 267, 269, 269, 10547532, 10602983, 0.48, 75, 500, 7, 98, 18750, 2.5
1, 25527, 264, 309, 311, 11598613, 11624550, 0.48, 75, 500, 7, 163, 18750, 2.5
0, 25927, 268, 307, 316, 11300288, 10963469, 0.48, 75, 500, 7, 139, 18750, 2.5
1, 18972, 241, 244, 248, 9737184, 9789846, 0.48, 75, 500, 7, 120, 18750, 2.5
1, 20725, 258, 266, 271, 10519712, 10593559, 0.48, 75, 500, 7, 129, 18750, 2.5
0, 26250, 247, 298, 308, 11268320, 11194493, 0.48, 75, 500, 7, 152, 18750, 2.5
1, 19226, 279, 283, 283, 10115757, 10155696, 0.48, 75, 500, 7, 114, 18750, 2.5
1, 21134, 245, 253, 256, 10976125, 11054866, 0.48, 75, 500, 7, 131, 18750, 2.5
1, 20267, 243, 253, 249, 8657204, 8702178, 0.48, 75, 500, 6, 88, 18750, 2.5
0, 24790, 276, 309, 307, 11563699, 11134157, 0.48, 75, 500, 7, 132, 18750, 2.5
1, 19777, 273, 280, 283, 10454693, 10496952, 0.48, 75, 500, 7, 118, 18750, 2.5
1, 19938, 239, 242, 250, 9303740, 9364574, 0.48, 75, 500, 6, 84, 18750, 2.5
0, 24591, 254, 312, 294, 11539717, 11082015, 0.48, 75, 500, 7, 150, 18750, 2.5
1, 19192, 249, 250, 252, 9230761, 9249096, 0.48, 75, 500, 6, 85, 18750, 2.5
1, 20213, 227, 237, 235, 10551020, 10590502, 0.48, 75, 500, 7, 124, 18750, 2.5
1, 24184, 251, 287, 299, 9885523, 9923433, 0.48, 75, 500, 6, 117, 18750, 2.5
1, 18981, 252, 253, 254, 8630009, 8705019, 0.48, 75, 500, 6, 91, 18750, 2.5
1, 26183, 232, 279, 300, 10456728, 10471782, 0.48, 75, 500, 6, 141, 18750, 2.5
0, 26250, 229, 280, 272, 11839212, 11523446, 0.48, 75, 500, 7, 148, 18750, 2.5
1, 23106, 251, 280, 292, 8913649, 8963632, 0.48, 75, 500, 6, 106, 18750, 2.5
1, 19079, 254, 255, 256, 8731944, 8735176, 0.48, 75, 500, 6, 99, 18750, 2.5
1, 20816, 240, 258, 261, 9301260, 9344493, 0.48, 75, 500, 6, 91, 18750, 2.5
1, 19983, 255, 256, 261, 8780811, 8825388, 0.48, 75, 500, 6, 83, 18750, 2.5
1, 19633, 251, 252, 255, 8936641, 9039341, 0.48, 75, 500, 6, 89, 18750, 2.5
1, 19407, 244, 247, 250, 8449169, 8474993, 0.48, 75, 500, 6, 85, 18750, 2.5
1, 19522, 263, 267, 269, 8682669, 8730492, 0.48, 75, 500, 6, 99, 18750, 2.5
1, 23306, 243, 282, 273, 9288169, 9307647, 0.48, 75, 500, 6, 120, 18750, 2.5
0, 24736, 246, 294, 291, 9895717, 9563369, 0.48, 75, 500, 6, 107, 18750, 2.5
1, 20298, 206, 211, 211, 8573509, 8685571, 0.48, 75, 500, 6, 84, 18750, 2.5
0, 21488, 243, 265, 252, 8841607, 8610011, 0.48, 75, 500, 6, 103, 18750, 2.5
1, 20466, 270, 282, 278, 8777731, 8788507, 0.48, 75, 500, 6, 102, 18750, 2.5
1, 19073, 244, 246, 246, 8448203, 8484306, 0.48, 75, 500, 6, 82, 18750, 2.5
1, 18920, 211, 212, 214, 8127799, 8155017, 0.48, 75, 500, 6, 98, 18750, 2.5
1, 19348, 265, 266, 268, 8849026, 8879599, 0.48, 75, 500, 6, 81, 18750, 2.5
0, 25266, 245, 314, 286, 10223342, 9927719, 0.48, 75, 500, 6, 130, 18750, 2.5
0, 26250, 234, 292, 281, 10188333, 9967404, 0.48, 75, 500, 6, 136, 18750, 2.5
0, 19830, 246, 257, 249, 8890157, 8663056, 0.48, 75, 500, 6, 83, 18750, 2.5
1, 19505, 243, 245, 249, 8399727, 8460422, 0.48, 75, 500, 6, 89, 18750, 2.5
1, 20872, 235, 243, 248, 8976316, 9048587, 0.48, 75, 500, 6, 94, 18750, 2.5
1, 23392, 258, 281, 290, 9523844, 9633405, 0.48, 75, 500, 6, 114, 18750, 2.5
0, 26250, 258, 311, 325, 10378823, 10148148, 0.48, 75, 500, 6, 119, 18750, 2.5
0, 26250, 229, 284, 267, 10167841, 9902272, 0.48, 75, 500, 6, 109, 18750, 2.5
0, 26250, 232, 274, 280, 9875213, 9689826, 0.48, 75, 500, 6, 111, 18750, 2.5
0, 21072, 238, 261, 252, 8800395, 8550559, 0.48, 75, 500, 6, 98, 18750, 2.5
1, 21623, 244, 264, 260, 8870320, 8881827, 0.48, 75, 500, 6, 102, 18750, 2.5
1, 20702, 242, 250, 257, 8453666, 8510547, 0.48, 75, 500, 6, 103, 18750, 2.5
1, 19077, 252, 253, 254, 8355803, 8382030, 0.48, 75, 500, 6, 91, 18750, 2.5
1, 19152, 256, 259, 260, 9160807, 9171687, 0.48, 75, 500, 6, 101, 18750, 2.5
1, 19798, 280, 282, 283, 8722219, 8810271, 0.48, 75, 500, 6, 85, 18750, 2.5
0, 26250, 251, 297, 303, 9845496, 9725102, 0.48, 75, 500, 6, 126, 18750, 2.5
0, 23565, 228, 265, 252, 9915055, 9634711, 0.48, 75, 500, 6, 117, 18750, 2.5
0, 24089, 222, 270, 252, 9872180, 9360247, 0.48, 75, 500, 6, 107, 18750, 2.5
1, 19382, 247, 248, 253, 8298186, 8343400, 0.48, 75, 500, 6, 86, 18750, 2.5
0, 21009, 282, 299, 300, 9039925, 8900773, 0.48, 75, 500, 6, 104, 18750, 2.5
1, 20355, 247, 255, 259, 8673053, 8759298, 0.48, 75, 500, 6, 97, 18750, 2.5
1, 20596, 248, 264, 263, 9276575, 9289438, 0.48, 75, 500, 6, 92, 18750, 2.5
0, 26250, 239, 291, 291, 10475410, 10192954, 0.48, 75, 500, 6, 126, 18750, 2.5
1, 19220, 240, 241, 245, 8117168, 8167300, 0.48, 75, 500, 6, 92, 18750, 2.5
1, 18916, 258, 259, 260, 8588248, 8595997, 0.48, 75, 500, 6, 83, 18750, 2.5
0, 21969, 249, 275, 271, 9144050, 8914726, 0.48, 75, 500, 6, 96, 18750, 2.5
0, 25685, 254, 311, 292, 9872158, 9488400, 0.48, 75, 500, 6, 120, 18750, 2.5
1, 22838, 253, 285, 278, 9459877, 9540364, 0.48, 75, 500, 6, 113, 18750, 2.5
1, 19723, 253, 255, 260, 8856001, 8889178, 0.48, 75, 500, 6, 104, 18750, 2.5
1, 20821, 290, 307, 299, 9041222, 9076979, 0.48, 75, 500, 6, 110, 18750, 2.5
1, 19674, 229, 231, 234, 8773697, 8810232, 0.48, 75, 500, 6, 90, 18750, 2.5
1, 19543, 274, 281, 277, 8752239, 8772512, 0.48, 75, 500, 6, 91, 18750, 2.5
1, 19208, 232, 236, 235, 8924778, 8953839, 0.48, 75, 500, 6, 89, 18750, 2.5
1, 18992, 240, 241, 242, 8513574, 8541342, 0.48, 75, 500, 6, 89, 18750, 2.5
1, 19568, 254, 256, 258, 8411353, 8450179, 0.48, 75, 500, 6, 91, 18750, 2.5
1, 20383, 255, 259, 265, 8627110, 8689733, 0.48, 75, 500, 6, 89, 18750, 2.5
0, 22508, 275, 307, 290, 9008819, 8726668, 0.48, 75, 500, 6, 107, 18750, 2.5
0, 26250, 258, 298, 306, 10604014, 10538788, 0.48, 75, 500, 6, 120, 18750, 2.5
1, 19600, 233, 238, 238, 8740603, 8747259, 0.48, 75, 500, 6, 78, 18750, 2.5
1, 19973, 236, 244, 243, 8007591, 8064551, 0.48, 75, 500, 6, 93, 18750, 2.5
0, 22041, 249, 281, 264, 9860860, 9474059, 0.48, 75, 500, 6, 110, 18750, 2.5
1, 19201, 274, 275, 280, 8819359, 8848783, 0.48, 75, 500, 6, 80, 18750, 2.5
1, 19318, 258, 260, 260, 8559400, 8631658, 0.48, 75, 500, 6, 87, 18750, 2.5
0, 26250, 217, 277, 271, 10613038, 10432457, 0.48, 75, 500, 6, 112, 18750, 2.5
1, 21271, 272, 292, 285, 9352195, 9399249, 0.48, 75, 500, 6, 95, 18750, 2.5
0, 21562, 252, 266, 277, 8986621, 8739566, 0.48, 75, 500, 6, 93, 18750, 2.5
1, 19196, 243, 245, 249, 8180712, 8227851, 0.48, 75, 500, 6, 75, 18750, 2.5
0, 26250, 237, 280, 283, 10373545, 10190724, 0.48, 75, 500, 6, 137, 18750, 2.5
1, 19193, 246, 251, 248, 8103343, 8128994, 0.48, 75, 500, 6, 77, 18750, 2.5
0, 20461, 271, 277, 289, 9270704, 9085119, 0.48, 75, 500, 6, 92, 18750, 2.5
0, 22172, 246, 277, 269, 9489500, 9270084, 0.48, 75, 500, 6, 98, 18750, 2.5
1, 19225, 252, 256, 256, 8940737, 8952275, 0.48, 75, 500, 6, 91, 18750, 2.5
0, 23089, 239, 269, 262, 9294824, 8952980, 0.48, 75, 500, 6, 106, 18750, 2.5
1, 18963, 266, 268, 268, 9114456, 9127608, 0.48, 75, 500, 6, 75, 18750, 2.5
1, 19122, 277, 278, 279, 8946359, 8951248, 0.48, 75, 500, 6, 79, 18750, 2.5
1, 24992, 236, 291, 284, 9804153, 9854627, 0.48, 75, 500, 6, 132, 18750, 2.5
1, 19890, 267, 273, 272, 8508577, 8558065, 0.48, 75, 500, 6, 84, 18750, 2.5
1, 19628, 262, 271, 265, 8650886, 8666912, 0.48, 75, 500, 6, 97, 18750, 2.5
1, 20247, 242, 248, 246, 9283577, 9330105, 0.48, 75, 500, 6, 98, 18750, 2.5
1, 19183, 260, 261, 263, 9307837, 9318965, 0.48, 75, 500, 6, 80, 18750, 2.5
1, 21889, 273, 291, 293, 9058869, 9076666, 0.48, 75, 500, 6, 95, 18750, 2.5
1, 19518, 230, 236, 233, 9008239, 9024390, 0.48, 75, 500, 6, 82, 18750, 2.5
0, 26250, 268, 326, 311, 10171913, 10088456, 0.48, 75, 500, 6, 133, 18750, 2.5
1, 19216, 264, 269, 271, 8532455, 8551924, 0.48, 75, 500, 6, 83, 18750, 2.5
1, 22668, 238, 270, 263, 9345384, 9359049, 0.48, 75, 500, 6, 101, 18750, 2.5
1, 21082, 267, 289, 286, 9082612, 9113450, 0.48, 75, 500, 6, 106, 18750, 2.5
1, 21731, 232, 249, 255, 9116864, 9125006, 0.48, 75, 500, 6, 110, 18750, 2.5
1, 19905, 273, 282, 282, 8647843, 8665078, 0.48, 75, 500, 6, 82, 18750, 2.5
0, 26250, 235, 282, 298, 10145509, 9981553, 0.48, 75, 500, 6, 127, 18750, 2.5
1, 19928, 248, 260, 254, 8641882, 8665713, 0.48, 75, 500, 6, 90, 18750, 2.5
1, 19267, 244, 247, 247, 8644877, 8681927, 0.48, 75, 500, 6, 87, 18750, 2.5
1, 19471, 270, 273, 282, 8607565, 8693143, 0.48, 75, 500, 6, 102, 18750, 2.5
0, 26250, 266, 312, 317, 10302127, 10175043, 0.48, 75, 500, 6, 117, 18750, 2.5
1, 21800, 262, 281, 279, 9217158, 9258647, 0.48, 75, 500, 6, 99, 18750, 2.5
0, 26250, 235, 299, 288, 10369888, 10107309, 0.48, 75, 500, 6, 118, 18750, 2.5
1, 19669, 262, 269, 266, 8937281, 8972411, 0.48, 75, 500, 6, 83, 18750, 2.5
1, 19228, 241, 243, 244, 8810731, 8868684, 0.48, 75, 500, 6, 82, 18750, 2.5
1, 21681, 237, 247, 253, 7181197, 7239540, 0.48, 75, 500, 5, 75, 18750, 2.5
0, 23871, 257, 281, 294, 9130339, 8930037, 0.48, 75, 500, 6, 119, 18750, 2.5
1, 19154, 262, 263, 264, 7480225, 7485966, 0.48, 75, 500, 5, 62, 18750, 2.5
1, 19051, 250, 253, 255, 7131589, 7155589, 0.48, 75, 500, 5, 71, 18750, 2.5
1, 19166, 242, 243, 246, 7659201, 7717575, 0.48, 75, 500, 5, 64, 18750, 2.5
0, 26250, 252, 292, 309, 8573654, 8508838, 0.48, 75, 500, 5, 90, 18750, 2.5
0, 26250, 247, 320, 297, 10128712, 9855454, 0.48, 75, 500, 6, 131, 18750, 2.5
1, 18914, 236, 237, 238, 7014397, 7029933, 0.48, 75, 500, 5, 74, 18750, 2.5
1, 19904, 257, 268, 266, 7240480, 7283181, 0.48, 75, 500, 5, 70, 18750, 2.5
1, 19226, 241, 247, 248, 7309001, 7357604, 0.48, 75, 500, 5, 60, 18750, 2.5
1, 18980, 269, 270, 272, 7469311, 7503847, 0.48, 75, 500, 5, 67, 18750, 2.5
1, 18961, 261, 262, 263, 7058146, 7065844, 0.48, 75, 500, 5, 61, 18750, 2.5
1, 21603, 264, 287, 282, 7875746, 7887138, 0.48, 75, 500, 5, 73, 18750, 2.5
1, 20818, 249, 267, 275, 7294876, 7309220, 0.48, 75, 500, 5, 65, 18750, 2.5
1, 19131, 212, 216, 214, 6900200, 6903834, 0.48, 75, 500, 5, 60, 18750, 2.5
1, 19421, 257, 264, 262, 7577950, 7591756, 0.48, 75, 500, 5, 64, 18750, 2.5
1, 19012, 225, 226, 227, 7434885, 7443428, 0.48, 75, 500, 5, 74, 18750, 2.5
1, 20158, 282, 286, 288, 7439122, 7466945, 0.48, 75, 500, 5, 87, 18750, 2.5
0, 26250, 257, 315, 292, 8245751, 8179691, 0.48, 75, 500, 5, 89, 18750, 2.5
0, 22728, 258, 287, 277, 7546533, 7293125, 0.48, 75, 500, 5, 94, 18750, 2.5
0, 23307, 258, 284, 282, 8341134, 8069335, 0.48, 75, 500, 5, 94, 18750, 2.5
1, 21150, 232, 243, 248, 7667308, 7692138, 0.48, 75, 500, 5, 68, 18750, 2.5
1, 19157, 260, 261, 266, 7612901, 7652366, 0.48, 75, 500, 5, 74, 18750, 2.5
1, 18959, 232, 233, 235, 6987610, 7002982, 0.48, 75, 500, 5, 62, 18750, 2.5
1, 19245, 258, 261, 263, 7218435, 7246947, 0.48, 75, 500, 5, 73, 18750, 2.5
1, 19899, 256, 258, 264, 6979400, 6991809, 0.48, 75, 500, 5, 69, 18750, 2.5
1, 24671, 215, 256, 243, 8336224, 8356266, 0.48, 75, 500, 5, 81, 18750, 2.5
0, 22890, 271, 311, 303, 7794269, 7563738, 0.48, 75, 500, 5, 80, 18750, 2.5
1, 22377, 269, 282, 286, 8009163, 8011525, 0.48, 75, 500, 5, 75, 18750, 2.5
1, 19190, 248, 250, 251, 7211704, 7240568, 0.48, 75, 500, 5, 75, 18750, 2.5
1, 20367, 262, 272, 270, 7099546, 7189300, 0.48, 75, 500, 5, 67, 18750, 2.5
1, 19689, 256, 261, 262, 7014143, 7020567, 0.48, 75, 500, 5, 70, 18750, 2.5
0, 24891, 242, 285, 277, 8397698, 8112733, 0.48, 75, 500, 5, 101, 18750, 2.5
1, 18994, 256, 257, 259, 7174416, 7201715, 0.48, 75, 500, 5, 69, 18750, 2.5
0, 20883, 249, 268, 258, 7791671, 7533474, 0.48, 75, 500, 5, 72, 18750, 2.5
1, 19688, 246, 248, 251, 7541402, 7558224, 0.48, 75, 500, 5, 79, 18750, 2.5
1, 20156, 246, 253, 254, 7352193, 7369094, 0.48, 75, 500, 5, 64, 18750, 2.5
1, 20589, 258, 277, 270, 7131173, 7137706, 0.48, 75, 500, 5, 72, 18750, 2.5
1, 18802, 243, 245, 245, 6949895, 6949896, 0.48, 75, 500, 5, 60, 18750, 2.5
1, 19990, 281, 286, 286, 7376009, 7434102, 0.48, 75, 500, 5, 72, 18750, 2.5
0, 26250, 240, 284, 285, 8345153, 8296362, 0.48, 75, 500, 5, 92, 18750, 2.5
0, 26250, 264, 313, 316, 8708699, 8646967, 0.48, 75, 500, 5, 90, 18750, 2.5
1, 18919, 249, 251, 251, 6825130, 6836586, 0.48, 75, 500, 5, 68, 18750, 2.5
0, 26250, 232, 288, 282, 8771053, 8613892, 0.48, 75, 500, 5, 107, 18750, 2.5
1, 19026, 275, 276, 277, 6990191, 7021765, 0.48, 75, 500, 5, 68, 18750, 2.5
1, 19356, 249, 253, 254, 7125659, 7168455, 0.48, 75, 500, 5, 68, 18750, 2.5
1, 19324, 255, 257, 258, 6893138, 6923155, 0.48, 75, 500, 5, 66, 18750, 2.5
1, 20846, 267, 273, 272, 7237691, 7288026, 0.48, 75, 500, 5, 67, 18750, 2.5
1, 19989, 244, 253, 256, 6774597, 6780650, 0.48, 75, 500, 5, 69, 18750, 2.5
1, 19845, 248, 260, 253, 6976822, 6994656, 0.48, 75, 500, 5, 72, 18750, 2.5
0, 22653, 237, 257, 266, 7645037, 7362982, 0.48, 75, 500, 5, 93, 18750, 2.5
0, 22995, 248, 267, 265, 7952944, 7702347, 0.48, 75, 500, 5, 88, 18750, 2.5
1, 19232, 249, 250, 252, 7329946, 7360799, 0.48, 75, 500, 5, 61, 18750, 2.5
0, 26250, 262, 321, 314, 8688737, 8560149, 0.48, 75, 500, 5, 88, 18750, 2.5
0, 22205, 247, 276, 263, 7911444, 7687058, 0.48, 75, 500, 5, 83, 18750, 2.5
1, 19187, 270, 274, 276, 7127708, 7161382, 0.48, 75, 500, 5, 62, 18750, 2.5
1, 19291, 273, 274, 278, 7224244, 7296317, 0.48, 75, 500, 5, 78, 18750, 2.5
1, 25843, 262, 304, 312, 8694936, 8726761, 0.48, 75, 500, 5, 90, 18750, 2.5
1, 19940, 235, 239, 241, 6977719, 7034870, 0.48, 75, 500, 5, 66, 18750, 2.5
1, 19440, 250, 256, 255, 7360435, 7399830, 0.48, 75, 500, 5, 69, 18750, 2.5
0, 26250, 266, 309, 310, 8612272, 8430164, 0.48, 75, 500, 5, 103, 18750, 2.5
1, 19283, 274, 277, 278, 6956325, 6976724, 0.48, 75, 500, 5, 79, 18750, 2.5
1, 20178, 244, 257, 253, 7116392, 7121290, 0.48, 75, 500, 5, 66, 18750, 2.5
1, 20286, 266, 268, 271, 7837703, 7851645, 0.48, 75, 500, 5, 72, 18750, 2.5
1, 19438, 273, 276, 276, 7220810, 7277258, 0.48, 75, 500, 5, 74, 18750, 2.5
1, 19316, 254, 262, 259, 7460028, 7500575, 0.48, 75, 500, 5, 66, 18750, 2.5
0, 26250, 235, 301, 289, 8272477, 8203222, 0.48, 75, 500, 5, 89, 18750, 2.5
1, 22760, 252, 284, 281, 8060230, 8154582, 0.48, 75, 500, 5, 86, 18750, 2.5
1, 19052, 238, 239, 240, 7472842, 7532416, 0.48, 75, 500, 5, 68, 18750, 2.5
1, 19393, 262, 264, 266, 7346591, 7382565, 0.48, 75, 500, 5, 74, 18750, 2.5
0, 26250, 265, 325, 324, 8379452, 8204860, 0.48, 75, 500, 5, 113, 18750, 2.5
1, 19150, 246, 249, 248, 6998974, 7011176, 0.48, 75, 500, 5, 66, 18750, 2.5
0, 26250, 272, 324, 319, 8228618, 8085852, 0.48, 75, 500, 5, 109, 18750, 2.5
0, 26250, 262, 313, 310, 8501364, 8397624, 0.48, 75, 500, 5, 100, 18750, 2.5
0, 23056, 250, 294, 274, 7723359, 7371279, 0.48, 75, 500, 5, 83, 18750, 2.5
1, 19606, 284, 288, 288, 7329198, 7401901, 0.48, 75, 500, 5, 67, 18750, 2.5
0, 24840, 227, 276, 273, 8308374, 8038539, 0.48, 75, 500, 5, 87, 18750, 2.5
1, 20185, 282, 287, 288, 7300055, 7340532, 0.48, 75, 500, 5, 71, 18750, 2.5
0, 26250, 242, 301, 302, 8440577, 8201193, 0.48, 75, 500, 5, 90, 18750, 2.5
1, 21846, 261, 289, 281, 7514665, 7531841, 0.48, 75, 500, 5, 84, 18750, 2.5
1, 19087, 269, 270, 271, 7683388, 7690507, 0.48, 75, 500, 5, 73, 18750, 2.5
1, 18826, 230, 232, 232, 6921247, 6921250, 0.48, 75, 500, 5, 67, 18750, 2.5
1, 19021, 253, 255, 258, 7166451, 7185046, 0.48, 75, 500, 5, 81, 18750, 2.5
0, 21204, 237, 255, 250, 7877435, 7653429, 0.48, 75, 500, 5, 79, 18750, 2.5
1, 19274, 249, 252, 254, 6796874, 6803215, 0.48, 75, 500, 5, 74, 18750, 2.5
0, 26250, 252, 310, 296, 8594512, 8352741, 0.48, 75, 500, 5, 96, 18750, 2.5
0, 26250, 253, 315, 298, 8417204, 8150774, 0.48, 75, 500, 5, 114, 18750, 2.5
0, 20605, 245, 267, 251, 7178733, 6990555, 0.48, 75, 500, 5, 76, 18750, 2.5
1, 18979, 234, 235, 237, 6932657, 6958123, 0.48, 75, 500, 5, 72, 18750, 2.5
1, 18851, 244, 245, 246, 6805961, 6812065, 0.48, 75, 500, 5, 62, 18750, 2.5
0, 26250, 242, 277, 297, 8607479, 8509400, 0.48, 75, 500, 5, 97, 18750, 2.5
1, 20097, 275, 280, 279, 7120627, 7148203, 0.48, 75, 500, 5, 64, 18750, 2.5
1, 19278, 261, 262, 265, 6978145, 7009806, 0.48, 75, 500, 5, 75, 18750, 2.5
1, 19233, 251, 255, 258, 7023962, 7045588, 0.48, 75, 500, 5, 77, 18750, 2.5
1, 18976, 254, 255, 258, 6821609, 6846217, 0.48, 75, 500, 5, 67, 18750, 2.5
0, 19811, 229, 236, 230, 7107841, 6822359, 0.48, 75, 500, 5, 72, 18750, 2.5
0, 26250, 230, 294, 269, 8527845, 8372681, 0.48, 75, 500, 5, 100, 18750, 2.5
1, 19707, 263, 268, 272, 5844842, 5894911, 0.48, 75, 500, 4, 50, 18750, 2.5
0, 22918, 283, 319, 318, 8145542, 7789374, 0.48, 75, 500, 5, 86, 18750, 2.5
1, 19956, 234, 240, 238, 7394426, 7405655, 0.48, 75, 500, 5, 73, 18750, 2.5
1, 19478, 242, 244, 245, 7058282, 7068339, 0.48, 75, 500, 5, 70, 18750, 2.5
1, 19322, 267, 272, 270, 7082600, 7091912, 0.48, 75, 500, 5, 71, 18750, 2.5
1, 19579, 247, 250, 255, 5741166, 5781041, 0.48, 75, 500, 4, 62, 18750, 2.5
0, 22875, 274, 300, 296, 7947261, 7772717, 0.48, 75, 500, 5, 87, 18750, 2.5
1, 20197, 227, 237, 234, 5714704, 5725659, 0.48, 75, 500, 4, 56, 18750, 2.5
1, 19498, 271, 272, 279, 5975125, 6057071, 0.48, 75, 500, 4, 58, 18750, 2.5
1, 20794, 276, 285, 290, 6057898, 6090960, 0.48, 75, 500, 4, 61, 18750, 2.5
0, 21038, 268, 284, 280, 5604581, 5463586, 0.48, 75, 500, 4, 56, 18750, 2.5
1, 20051, 241, 243, 252, 5552509, 5655020, 0.48, 75, 500, 4, 49, 18750, 2.5
1, 19374, 241, 245, 245, 5486631, 5496147, 0.48, 75, 500, 4, 51, 18750, 2.5
1, 20979, 237, 248, 244, 6501806, 6590651, 0.48, 75, 500, 4, 56, 18750, 2.5
0, 25498, 239, 283, 284, 6485304, 6267804, 0.48, 75, 500, 4, 78, 18750, 2.5
0, 26250, 202, 235, 247, 6711751, 6614635, 0.48, 75, 500, 4, 69, 18750, 2.5
0, 26250, 258, 302, 293, 6839981, 6751021, 0.48, 75, 500, 4, 77, 18750, 2.5
1, 19297, 265, 268, 272, 5909905, 5937090, 0.48, 75, 500, 4, 51, 18750, 2.5
1, 19159, 233, 236, 238, 5272022, 5293929, 0.48, 75, 500, 4, 62, 18750, 2.5
0, 26250, 250, 294, 299, 7135688, 7063898, 0.48, 75, 500, 4, 77, 18750, 2.5
0, 23877, 287, 325, 313, 6640505, 6315507, 0.48, 75, 500, 4, 67, 18750, 2.5
1, 19042, 222, 223, 224, 5949347, 5954904, 0.48, 75, 500, 4, 55, 18750, 2.5
1, 21041, 248, 263, 264, 6193054, 6208979, 0.48, 75, 500, 4, 62, 18750, 2.5
1, 21629, 238, 253, 254, 5819147, 5830055, 0.48, 75, 500, 4, 61, 18750, 2.5
1, 19255, 262, 265, 266, 5816956, 5833114, 0.48, 75, 500, 4, 51, 18750, 2.5
1, 19880, 253, 258, 264, 6008272, 6031349, 0.48, 75, 500, 4, 59, 18750, 2.5
1, 20180, 256, 263, 264, 5790632, 5867406, 0.48, 75, 500, 4, 62, 18750, 2.5
1, 19348, 255, 260, 259, 5522641, 5538763, 0.48, 75, 500, 4, 60, 18750, 2.5
1, 19536, 244, 245, 249, 5861998, 5866812, 0.48, 75, 500, 4, 54, 18750, 2.5
1, 19027, 261, 262, 265, 5771622, 5784433, 0.48, 75, 500, 4, 56, 18750, 2.5
1, 19001, 266, 269, 268, 5653846, 5688061, 0.48, 75, 500, 4, 61, 18750, 2.5
0, 20134, 250, 267, 256, 5562702, 5439972, 0.48, 75, 500, 4, 58, 18750, 2.5
1, 18975, 242, 244, 245, 5894241, 5904600, 0.48, 75, 500, 4, 56, 18750, 2.5
1, 19113, 241, 244, 248, 5774875, 5790406, 0.48, 75, 500, 4, 48, 18750, 2.5
1, 19037, 248, 250, 250, 5308019, 5317172, 0.48, 75, 500, 4, 62, 18750, 2.5
0, 26250, 245, 283, 287, 6815799, 6652381, 0.48, 75, 500, 4, 80, 18750, 2.5
1, 19073, 244, 246, 246, 5861190, 5871873, 0.48, 75, 500, 4, 53, 18750, 2.5
1, 19929, 254, 256, 259, 6047048, 6117678, 0.48, 75, 500, 4, 50, 18750, 2.5
1, 19273, 243, 245, 247, 5601410, 5636910, 0.48, 75, 500, 4, 46, 18750, 2.5
1, 19349, 225, 230, 228, 5585002, 5589230, 0.48, 75, 500, 4, 57, 18750, 2.5
1, 19393, 251, 255, 257, 5826396, 5882249, 0.48, 75, 500, 4, 48, 18750, 2.5
0, 26250, 248, 311, 296, 6851905, 6587645, 0.48, 75, 500, 4, 77, 18750, 2.5
1, 19648, 252, 262, 256, 5996124, 6011311, 0.48, 75, 500, 4, 53, 18750, 2.5
1, 19086, 265, 267, 268, 5712764, 5717116, 0.48, 75, 500, 4, 51, 18750, 2.5
0, 26250, 251, 320, 316, 6595150, 6432746, 0.48, 75, 500, 4, 76, 18750, 2.5
1, 18926, 246, 247, 248, 5696428, 5702613, 0.48, 75, 500, 4, 51, 18750, 2.5
1, 19165, 259, 260, 262, 5895227, 5899555, 0.48, 75, 500, 4, 48, 18750, 2.5
0, 23001, 273, 303, 294, 6502005, 6331536, 0.48, 75, 500, 4, 62, 18750, 2.5
1, 19170, 218, 221, 221, 5534192, 5546162, 0.48, 75, 500, 4, 55, 18750, 2.5
1, 19461, 256, 258, 260, 5383278, 5407962, 0.48, 75, 500, 4, 51, 18750, 2.5
1, 20136, 266, 269, 270, 6171583, 6228371, 0.48, 75, 500, 4, 51, 18750, 2.5
0, 26250, 251, 307, 288, 6845308, 6770531, 0.48, 75, 500, 4, 72, 18750, 2.5
1, 18872, 246, 247, 248, 5634565, 5648808, 0.48, 75, 500, 4, 54, 18750, 2.5
1, 19587, 245, 249, 250, 5799588, 5823479, 0.48, 75, 500, 4, 55, 18750, 2.5
1, 19778, 248, 255, 252, 5478169, 5493846, 0.48, 75, 500, 4, 55, 18750, 2.5
0, 26250, 215, 258, 265, 6928498, 6816848, 0.48, 75, 500, 4, 79, 18750, 2.5
1, 18988, 228, 229, 230, 6129397, 6151056, 0.48, 75, 500, 4, 54, 18750, 2.5
0, 26250, 242, 307, 297, 6891371, 6689179, 0.48, 75, 500, 4, 80, 18750, 2.5
1, 19349, 265, 267, 268, 5632689, 5659332, 0.48, 75, 500, 4, 53, 18750, 2.5
1, 20796, 246, 257, 257, 5795749, 5811337, 0.48, 75, 500, 4, 58, 18750, 2.5
1, 19337, 253, 255, 257, 5790239, 5810099, 0.48, 75, 500, 4, 56, 18750, 2.5
1, 19020, 257, 260, 260, 5307257, 5324191, 0.48, 75, 500, 4, 50, 18750, 2.5
0, 26250, 285, 351, 372, 7170878, 7084633, 0.48, 75, 500, 4, 73, 18750, 2.5
1, 20221, 253, 259, 259, 5618654, 5629839, 0.48, 75, 500, 4, 53, 18750, 2.5
1, 20094, 253, 259, 259, 5659508, 5734467, 0.48, 75, 500, 4, 61, 18750, 2.5
1, 19186, 238, 239, 243, 5750924, 5794434, 0.48, 75, 500, 4, 51, 18750, 2.5
0, 20937, 261, 287, 269, 6113831, 5907894, 0.48, 75, 500, 4, 52, 18750, 2.5
0, 20675, 238, 253, 255, 6017953, 5839730, 0.48, 75, 500, 4, 56, 18750, 2.5
1, 19126, 252, 254, 256, 5676921, 5690445, 0.48, 75, 500, 4, 54, 18750, 2.5
0, 22335, 252, 281, 272, 6144639, 5955375, 0.48, 75, 500, 4, 63, 18750, 2.5
0, 25470, 236, 284, 287, 6864235, 6666460, 0.48, 75, 500, 4, 69, 18750, 2.5
1, 19520, 243, 248, 245, 5839257, 5896012, 0.48, 75, 500, 4, 52, 18750, 2.5
1, 19462, 243, 244, 248, 5871634, 5878441, 0.48, 75, 500, 4, 53, 18750, 2.5
1, 19222, 266, 268, 269, 5862524, 5878272, 0.48, 75, 500, 4, 59, 18750, 2.5
1, 19225, 245, 246, 252, 5726777, 5742960, 0.48, 75, 500, 4, 48, 18750, 2.5
0, 26250, 255, 291, 322, 7044941, 7029492, 0.48, 75, 500, 4, 74, 18750, 2.5
1, 20206, 224, 235, 228, 5896197, 5912374, 0.48, 75, 500, 4, 53, 18750, 2.5
1, 19190, 191, 193, 194, 5822412, 5898429, 0.48, 75, 500, 4, 49, 18750, 2.5
1, 19247, 250, 251, 252, 6159534, 6187277, 0.48, 75, 500, 4, 59, 18750, 2.5
1, 19201, 251, 253, 254, 5787032, 5805810, 0.48, 75, 500, 4, 55, 18750, 2.5
1, 18827, 281, 283, 283, 5520620, 5531350, 0.48, 75, 500, 4, 57, 18750, 2.5
1, 19264, 246, 247, 250, 5833631, 5852427, 0.48, 75, 500, 4, 56, 18750, 2.5
1, 19425, 274, 277, 278, 5961604, 5971725, 0.48, 75, 500, 4, 56, 18750, 2.5
1, 20146, 252, 259, 259, 5873770, 5888406, 0.48, 75, 500, 4, 55, 18750, 2.5
1, 21136, 265, 283, 276, 6367188, 6402581, 0.48, 75, 500, 4, 62, 18750, 2.5
1, 19682, 251, 252, 255, 5794810, 5853586, 0.48, 75, 500, 4, 54, 18750, 2.5
1, 19383, 232, 233, 234, 5865548, 5890910, 0.48, 75, 500, 4, 56, 18750, 2.5
1, 20588, 284, 295, 289, 5971604, 6010984, 0.48, 75, 500, 4, 59, 18750, 2.5
1, 19799, 278, 279, 281, 5747269, 5757062, 0.48, 75, 500, 4, 62, 18750, 2.5
1, 18841, 223, 224, 226, 5834212, 5835684, 0.48, 75, 500, 4, 55, 18750, 2.5
0, 20983, 260, 273, 278, 6039254, 5903214, 0.48, 75, 500, 4, 63, 18750, 2.5
1, 19389, 225, 228, 229, 5511302, 5518814, 0.48, 75, 500, 4, 53, 18750, 2.5
1, 19298, 244, 245, 247, 5762767, 5785712, 0.48, 75, 500, 4, 52, 18750, 2.5
1, 19069, 251, 255, 257, 5965305, 5991185, 0.48, 75, 500, 4, 60, 18750, 2.5
1, 19968, 253, 258, 261, 6049279, 6087429, 0.48, 75, 500, 4, 61, 18750, 2.5
1, 19165, 253, 256, 261, 5481879, 5483735, 0.48, 75, 500, 4, 51, 18750, 2.5
1, 19544, 245, 249, 254, 5750746, 5766891, 0.48, 75, 500, 4, 54, 18750, 2.5
1, 19443, 270, 271, 272, 4270420, 4273289, 0.48, 75, 500, 3, 38, 18750, 2.5
1, 19738, 242, 245, 245, 5823122, 5864092, 0.48, 75, 500, 4, 53, 18750, 2.5
0, 25702, 264, 321, 294, 6977298, 6659374, 0.48, 75, 500, 4, 82, 18750, 2.5
1, 19890, 263, 266, 271, 4525657, 4587315, 0.48, 75, 500, 3, 37, 18750, 2.5
1, 19698, 232, 234, 240, 5521630, 5588583, 0.48, 75, 500, 4, 56, 18750, 2.5
1, 19899, 262, 266, 269, 6340596, 6353752, 0.48, 75, 500, 4, 58, 18750, 2.5
1, 22862, 256, 287, 283, 6117980, 6157020, 0.48, 75, 500, 4, 66, 18750, 2.5
1, 20177, 273, 281, 282, 4156748, 4165040, 0.48, 75, 500, 3, 40, 18750, 2.5
1, 23816, 266, 301, 317, 6278366, 6290009, 0.48, 75, 500, 4, 70, 18750, 2.5
1, 19018, 238, 240, 241, 4466589, 4492911, 0.48, 75, 500, 3, 36, 18750, 2.5
0, 26250, 252, 301, 302, 7150173, 7061152, 0.48, 75, 500, 4, 81, 18750, 2.5
0, 26250, 235, 295, 284, 6780364, 6731151, 0.48, 75, 500, 4, 75, 18750, 2.5
1, 19138, 237, 239, 240, 4199210, 4202804, 0.48, 75, 500, 3, 34, 18750, 2.5
1, 19318, 265, 267, 269, 4357671, 4379372, 0.48, 75, 500, 3, 38, 18750, 2.5
1, 19030, 255, 257, 257, 4045392, 4045664, 0.48, 75, 500, 3, 40, 18750, 2.5
1, 19071, 235, 237, 239, 4434113, 4448956, 0.48, 75, 500, 3, 40, 18750, 2.5
1, 19580, 283, 287, 288, 4224447, 4253850, 0.48, 75, 500, 3, 37, 18750, 2.5
0, 25013, 250, 284, 310, 5075748, 4929367, 0.48, 75, 500, 3, 52, 18750, 2.5
1, 19144, 268, 271, 271, 4066171, 4076692, 0.48, 75, 500, 3, 41, 18750, 2.5
1, 20302, 233, 242, 247, 4310538, 4329659, 0.48, 75, 500, 3, 39, 18750, 2.5
1, 20312, 242, 253, 253, 4429864, 4459273, 0.48, 75, 500, 3, 40, 18750, 2.5
1, 18908, 282, 284, 284, 4091901, 4091912, 0.48, 75, 500, 3, 39, 18750, 2.5
1, 21157, 234, 251, 246, 4862638, 4867899, 0.48, 75, 500, 3, 43, 18750, 2.5
0, 26250, 271, 332, 316, 5348872, 5183346, 0.48, 75, 500, 3, 51, 18750, 2.5
0, 24063, 245, 288, 277, 4881588, 4605356, 0.48, 75, 500, 3, 45, 18750, 2.5
1, 19077, 278, 279, 282, 4504672, 4519856, 0.48, 75, 500, 3, 38, 18750, 2.5
1, 19376, 261, 262, 265, 4389042, 4427211, 0.48, 75, 500, 3, 37, 18750, 2.5
0, 19622, 270, 281, 272, 4359729, 4257059, 0.48, 75, 500, 3, 41, 18750, 2.5
0, 25161, 223, 259, 252, 4976356, 4818932, 0.48, 75, 500, 3, 52, 18750, 2.5
1, 18992, 219, 220, 221, 4098460, 4105712, 0.48, 75, 500, 3, 38, 18750, 2.5
1, 19435, 243, 247, 250, 4319437, 4326137, 0.48, 75, 500, 3, 43, 18750, 2.5
0, 22770, 270, 302, 286, 4990093, 4769958, 0.48, 75, 500, 3, 41, 18750, 2.5
1, 19169, 242, 244, 246, 4236536, 4241188, 0.48, 75, 500, 3, 40, 18750, 2.5
1, 19191, 218, 219, 222, 4175374, 4194279, 0.48, 75, 500, 3, 37, 18750, 2.5
1, 20159, 282, 284, 285, 4547140, 4564138, 0.48, 75, 500, 3, 39, 18750, 2.5
1, 20371, 282, 299, 296, 4579598, 4589503, 0.48, 75, 500, 3, 40, 18750, 2.5
0, 23565, 254, 286, 278, 5043291, 4869929, 0.48, 75, 500, 3, 52, 18750, 2.5
1, 19851, 239, 245, 243, 4063017, 4103948, 0.48, 75, 500, 3, 37, 18750, 2.5
1, 19657, 274, 278, 276, 4237000, 4270074, 0.48, 75, 500, 3, 36, 18750, 2.5
0, 26250, 259, 316, 307, 5029524, 4928723, 0.48, 75, 500, 3, 55, 18750, 2.5
1, 19286, 236, 237, 244, 4341782, 4366512, 0.48, 75, 500, 3, 37, 18750, 2.5
1, 19196, 234, 240, 237, 4085156, 4086597, 0.48, 75, 500, 3, 36, 18750, 2.5
1, 21714, 242, 256, 263, 4555438, 4573409, 0.48, 75, 500, 3, 44, 18750, 2.5
1, 23954, 246, 281, 288, 4755469, 4780106, 0.48, 75, 500, 3, 56, 18750, 2.5
1, 20333, 224, 225, 229, 4446188, 4479678, 0.48, 75, 500, 3, 42, 18750, 2.5
1, 19405, 222, 224, 225, 4267295, 4300030, 0.48, 75, 500, 3, 34, 18750, 2.5
0, 26250, 265, 315, 319, 5145690, 5060314, 0.48, 75, 500, 3, 61, 18750, 2.5
0, 24515, 247, 296, 290, 4886295, 4717112, 0.48, 75, 500, 3, 50, 18750, 2.5
1, 19224, 248, 252, 254, 4475066, 4482581, 0.48, 75, 500, 3, 39, 18750, 2.5
1, 19802, 256, 257, 259, 4475064, 4490675, 0.48, 75, 500, 3, 39, 18750, 2.5
0, 26250, 247, 309, 296, 5408093, 5323432, 0.48, 75, 500, 3, 58, 18750, 2.5
0, 26250, 268, 313, 319, 5426306, 5380559, 0.48, 75, 500, 3, 59, 18750, 2.5
1, 19759, 248, 251, 255, 4174700, 4193796, 0.48, 75, 500, 3, 42, 18750, 2.5
1, 19101, 263, 264, 266, 4379251, 4384027, 0.48, 75, 500, 3, 35, 18750, 2.5
1, 18975, 244, 247, 247, 4166953, 4173365, 0.48, 75, 500, 3, 39, 18750, 2.5
1, 19223, 266, 267, 268, 4280348, 4292076, 0.48, 75, 500, 3, 39, 18750, 2.5
1, 19845, 277, 281, 281, 4441002, 4446907, 0.48, 75, 500, 3, 39, 18750, 2.5
1, 18979, 274, 275, 277, 4272824, 4280006, 0.48, 75, 500, 3, 40, 18750, 2.5
1, 19383, 274, 278, 281, 4081668, 4114836, 0.48, 75, 500, 3, 38, 18750, 2.5
1, 19129, 262, 265, 269, 4156988, 4203318, 0.48, 75, 500, 3, 39, 18750, 2.5
0, 21015, 254, 267, 267, 4659871, 4490999, 0.48, 75, 500, 3, 44, 18750, 2.5
1, 18903, 244, 245, 246, 4315752, 4323010, 0.48, 75, 500, 3, 34, 18750, 2.5
1, 19561, 275, 278, 279, 4167838, 4185001, 0.48, 75, 500, 3, 42, 18750, 2.5
1, 20037, 260, 262, 265, 4127581, 4179234, 0.48, 75, 500, 3, 39, 18750, 2.5
1, 19777, 244, 246, 247, 4311212, 4333225, 0.48, 75, 500, 3, 37, 18750, 2.5
1, 19840, 260, 268, 272, 4391081, 4433331, 0.48, 75, 500, 3, 40, 18750, 2.5
1, 19448, 250, 253, 254, 4490084, 4519103, 0.48, 75, 500, 3, 36, 18750, 2.5
0, 26250, 256, 307, 310, 5121004, 5102922, 0.48, 75, 500, 3, 62, 18750, 2.5
1, 19829, 248, 250, 252, 4317117, 4350365, 0.48, 75, 500, 3, 38, 18750, 2.5
1, 22673, 280, 308, 302, 4718337, 4721309, 0.48, 75, 500, 3, 43, 18750, 2.5
1, 19454, 277, 278, 283, 4359713, 4383234, 0.48, 75, 500, 3, 38, 18750, 2.5
1, 19268, 230, 233, 235, 4140021, 4154480, 0.48, 75, 500, 3, 39, 18750, 2.5
1, 22751, 254, 281, 279, 4352557, 4379617, 0.48, 75, 500, 3, 46, 18750, 2.5
0, 26250, 247, 313, 292, 4982627, 4874873, 0.48, 75, 500, 3, 53, 18750, 2.5
1, 20300, 245, 256, 251, 4848091, 4850000, 0.48, 75, 500, 3, 36, 18750, 2.5
1, 19197, 259, 260, 262, 4354043, 4354493, 0.48, 75, 500, 3, 39, 18750, 2.5
0, 26250, 223, 267, 281, 4779968, 4753364, 0.48, 75, 500, 3, 60, 18750, 2.5
1, 19624, 273, 275, 278, 4120349, 4154378, 0.48, 75, 500, 3, 35, 18750, 2.5
1, 19456, 230, 233, 233, 4256376, 4286579, 0.48, 75, 500, 3, 38, 18750, 2.5
0, 22139, 242, 262, 268, 4471627, 4361405, 0.48, 75, 500, 3, 49, 18750, 2.5
1, 19607, 267, 270, 273, 4076801, 4097964, 0.48, 75, 500, 3, 41, 18750, 2.5
1, 19134, 243, 244, 245, 4735718, 4754540, 0.48, 75, 500, 3, 34, 18750, 2.5
1, 19430, 246, 248, 249, 4342007, 4346683, 0.48, 75, 500, 3, 38, 18750, 2.5
1, 18805, 218, 219, 220, 4338156, 4346200, 0.48, 75, 500, 3, 37, 18750, 2.5
1, 19313, 240, 242, 244, 4258358, 4283929, 0.48, 75, 500, 3, 41, 18750, 2.5
1, 19069, 237, 238, 241, 4340594, 4371818, 0.48, 75, 500, 3, 33, 18750, 2.5
1, 19456, 266, 273, 273, 4127608, 4151871, 0.48, 75, 500, 3, 34, 18750, 2.5
0, 25892, 233, 280, 275, 5268145, 5087137, 0.48, 75, 500, 3, 58, 18750, 2.5
1, 24216, 257, 299, 286, 4790670, 4809792, 0.48, 75, 500, 3, 44, 18750, 2.5
1, 19640, 250, 253, 253, 4630388, 4677291, 0.48, 75, 500, 3, 35, 18750, 2.5
1, 19465, 276, 280, 282, 4524639, 4533475, 0.48, 75, 500, 3, 42, 18750, 2.5
0, 22509, 259, 293, 282, 4691897, 4547895, 0.48, 75, 500, 3, 48, 18750, 2.5
0, 26250, 235, 292, 282, 4960644, 4837563, 0.48, 75, 500, 3, 59, 18750, 2.5
1, 19560, 215, 220, 222, 4169395, 4195443, 0.48, 75, 500, 3, 37, 18750, 2.5
0, 19944, 243, 251, 252, 4195993, 4112641, 0.48, 75, 500, 3, 43, 18750, 2.5
1, 19251, 281, 284, 285, 4628557, 4634264, 0.48, 75, 500, 3, 44, 18750, 2.5
1, 19213, 252, 254, 255, 4407313, 4429414, 0.48, 75, 500, 3, 34, 18750, 2.5
1, 19431, 244, 247, 249, 4218625, 4258214, 0.48, 75, 500, 3, 41, 18750, 2.5
1, 19199, 256, 260, 260, 4113625, 4144825, 0.48, 75, 500, 3, 38, 18750, 2.5
0, 26250, 259, 316, 308, 5054192, 4883822, 0.48, 75, 500, 3, 54, 18750, 2.5
1, 21181, 263, 284, 283, 4506433, 4513562, 0.48, 75, 500, 3, 45, 18750, 2.5
1, 19233, 247, 251, 249, 4287205, 4322944, 0.48, 75, 500, 3, 39, 18750, 2.5
1, 18999, 267, 268, 270, 4348960, 4354896, 0.48, 75, 500, 3, 37, 18750, 2.5
1, 19807, 232, 239, 240, 4312838, 4330638, 0.48, 75, 500, 3, 40, 18750, 2.5
1, 20025, 272, 279, 286, 4446808, 4471276, 0.48, 75, 500, 3, 40, 18750, 2.5
1, 19265, 270, 271, 273, 2936302, 2955609, 0.48, 75, 500, 2, 23, 18750, 2.5
1, 19573, 257, 263, 261, 4230421, 4256474, 0.48, 75, 500, 3, 37, 18750, 2.5
1, 19442, 270, 272, 273, 4045209, 4051515, 0.48, 75, 500, 3, 35, 18750, 2.5
1, 19255, 263, 266, 267, 2807720, 2818819, 0.48, 75, 500, 2, 23, 18750, 2.5
1, 19498, 285, 288, 288, 2567836, 2567873, 0.48, 75, 500, 2, 22, 18750, 2.5
1, 19362, 264, 266, 268, 2973310, 2993094, 0.48, 75, 500, 2, 27, 18750, 2.5
1, 19027, 265, 267, 267, 2802066, 2802075, 0.48, 75, 500, 2, 23, 18750, 2.5
1, 19322, 259, 262, 262, 3063932, 3069000, 0.48, 75, 500, 2, 24, 18750, 2.5
1, 19816, 254, 258, 257, 2918314, 2933374, 0.48, 75, 500, 2, 24, 18750, 2.5
1, 19458, 240, 243, 244, 2839452, 2851131, 0.48, 75, 500, 2, 26, 18750, 2.5
1, 22105, 255, 278, 278, 3174463, 3185143, 0.48, 75, 500, 2, 28, 18750, 2.5
0, 22817, 238, 274, 272, 4685116, 4551211, 0.48, 75, 500, 3, 47, 18750, 2.5
1, 19529, 265, 267, 273, 2775055, 2830184, 0.48, 75, 500, 2, 24, 18750, 2.5
0, 26250, 247, 299, 289, 3448520, 3447552, 0.48, 75, 500, 2, 40, 18750, 2.5
0, 26250, 234, 286, 274, 3719174, 3615604, 0.48, 75, 500, 2, 33, 18750, 2.5
1, 19240, 248, 253, 250, 3018766, 3042749, 0.48, 75, 500, 2, 26, 18750, 2.5
1, 19011, 260, 262, 262, 2824197, 2824208, 0.48, 75, 500, 2, 24, 18750, 2.5
0, 21347, 262, 287, 273, 3142569, 3037485, 0.48, 75, 500, 2, 29, 18750, 2.5
1, 19183, 262, 264, 265, 2812746, 2823945, 0.48, 75, 500, 2, 24, 18750, 2.5
0, 21234, 242, 264, 255, 2941591, 2836677, 0.48, 75, 500, 2, 29, 18750, 2.5
1, 19166, 264, 267, 269, 2936777, 2940134, 0.48, 75, 500, 2, 24, 18750, 2.5
1, 19700, 272, 277, 281, 3354440, 3354452, 0.48, 75, 500, 2, 27, 18750, 2.5
1, 19577, 253, 256, 256, 2961818, 2962102, 0.48, 75, 500, 2, 23, 18750, 2.5
1, 19229, 273, 274, 275, 3081308, 3084957, 0.48, 75, 500, 2, 26, 18750, 2.5
1, 19145, 221, 225, 224, 2686458, 2695063, 0.48, 75, 500, 2, 24, 18750, 2.5
1, 19518, 272, 274, 275, 2914893, 2939423, 0.48, 75, 500, 2, 27, 18750, 2.5
1, 20085, 222, 225, 231, 3032339, 3050290, 0.48, 75, 500, 2, 26, 18750, 2.5
1, 19948, 272, 281, 282, 2993587, 3004432, 0.48, 75, 500, 2, 25, 18750, 2.5
1, 20015, 264, 277, 277, 2796532, 2805544, 0.48, 75, 500, 2, 27, 18750, 2.5
1, 19075, 258, 260, 261, 2905296, 2910431, 0.48, 75, 500, 2, 24, 18750, 2.5
1, 19363, 239, 244, 244, 2734524, 2748870, 0.48, 75, 500, 2, 24, 18750, 2.5
1, 19209, 270, 272, 276, 2825647, 2856449, 0.48, 75, 500, 2, 24, 18750, 2.5
1, 19360, 252, 258, 257, 2922692, 2939265, 0.48, 75, 500, 2, 26, 18750, 2.5
1, 20082, 251, 261, 262, 2993076, 3002928, 0.48, 75, 500, 2, 26, 18750, 2.5
1, 20043, 273, 279, 279, 2781769, 2782056, 0.48, 75, 500, 2, 23, 18750, 2.5
1, 19581, 255, 257, 265, 2903776, 2937534, 0.48, 75, 500, 2, 26, 18750, 2.5
0, 20744, 266, 285, 274, 2942134, 2840917, 0.48, 75, 500, 2, 28, 18750, 2.5
1, 22138, 261, 288, 289, 2768350, 2779317, 0.48, 75, 500, 2, 26, 18750, 2.5
1, 19498, 278, 282, 283, 2756597, 2765635, 0.48, 75, 500, 2, 23, 18750, 2.5
1, 19322, 245, 246, 250, 3085209, 3133848, 0.48, 75, 500, 2, 25, 18750, 2.5
1, 19069, 247, 248, 251, 2911058, 2911733, 0.48, 75, 500, 2, 25, 18750, 2.5
0, 24689, 234, 273, 270, 3159442, 3063229, 0.48, 75, 500, 2, 35, 18750, 2.5
1, 20121, 242, 252, 247, 2805618, 2840634, 0.48, 75, 500, 2, 24, 18750, 2.5
0, 22455, 264, 288, 279, 3308218, 3183353, 0.48, 75, 500, 2, 30, 18750, 2.5
1, 19466, 259, 261, 263, 3073410, 3084048, 0.48, 75, 500, 2, 27, 18750, 2.5
1, 19154, 263, 265, 268, 2854454, 2876674, 0.48, 75, 500, 2, 21, 18750, 2.5
1, 19079, 252, 254, 254, 3014294, 3014305, 0.48, 75, 500, 2, 25, 18750, 2.5
1, 19215, 241, 242, 243, 2817481, 2828562, 0.48, 75, 500, 2, 22, 18750, 2.5
0, 26250, 226, 293, 278, 3300949, 3179456, 0.48, 75, 500, 2, 31, 18750, 2.5
0, 22062, 254, 274, 270, 3119192, 3025333, 0.48, 75, 500, 2, 30, 18750, 2.5
1, 19329, 249, 250, 252, 2719684, 2725788, 0.48, 75, 500, 2, 24, 18750, 2.5
0, 24331, 271, 309, 296, 3265320, 3132763, 0.48, 75, 500, 2, 33, 18750, 2.5
1, 20060, 284, 289, 290, 2741605, 2776156, 0.48, 75, 500, 2, 27, 18750, 2.5
0, 21080, 236, 252, 249, 2868394, 2778451, 0.48, 75, 500, 2, 29, 18750, 2.5
1, 19005, 260, 263, 264, 3086168, 3105530, 0.48, 75, 500, 2, 25, 18750, 2.5
1, 19372, 255, 259, 261, 2933198, 2947266, 0.48, 75, 500, 2, 25, 18750, 2.5
1, 19790, 258, 262, 262, 2880852, 2888736, 0.48, 75, 500, 2, 28, 18750, 2.5
1, 20935, 270, 279, 279, 3123245, 3128980, 0.48, 75, 500, 2, 26, 18750, 2.5
1, 19366, 237, 239, 240, 3020465, 3032186, 0.48, 75, 500, 2, 25, 18750, 2.5
0, 26250, 258, 313, 306, 3349067, 3227955, 0.48, 75, 500, 2, 34, 18750, 2.5
1, 19064, 262, 265, 266, 2880124, 2893826, 0.48, 75, 500, 2, 24, 18750, 2.5
1, 19098, 277, 279, 280, 2928953, 2947400, 0.48, 75, 500, 2, 24, 18750, 2.5
1, 19077, 202, 204, 206, 2882086, 2882833, 0.48, 75, 500, 2, 23, 18750, 2.5
1, 19223, 261, 263, 267, 3046023, 3076700, 0.48, 75, 500, 2, 25, 18750, 2.5
0, 26250, 249, 297, 301, 3261871, 3252106, 0.48, 75, 500, 2, 38, 18750, 2.5
1, 19217, 236, 238, 239, 3068235, 3076710, 0.48, 75, 500, 2, 23, 18750, 2.5
1, 19102, 253, 256, 257, 2766118, 2772107, 0.48, 75, 500, 2, 25, 18750, 2.5
1, 19224, 226, 229, 237, 3118068, 3119566, 0.48, 75, 500, 2, 24, 18750, 2.5
1, 19279, 257, 261, 260, 2670352, 2671647, 0.48, 75, 500, 2, 25, 18750, 2.5
1, 19717, 243, 248, 248, 2958488, 2967942, 0.48, 75, 500, 2, 26, 18750, 2.5
1, 19164, 269, 273, 275, 2802600, 2822130, 0.48, 75, 500, 2, 25, 18750, 2.5
1, 19459, 267, 268, 271, 2580348, 2601726, 0.48, 75, 500, 2, 25, 18750, 2.5
1, 19199, 239, 240, 241, 2882554, 2882694, 0.48, 75, 500, 2, 26, 18750, 2.5
0, 23693, 255, 291, 285, 3485164, 3351812, 0.48, 75, 500, 2, 31, 18750, 2.5
1, 19659, 255, 256, 259, 2954034, 2966750, 0.48, 75, 500, 2, 26, 18750, 2.5
1, 19626, 269, 271, 275, 3211506, 3211633, 0.48, 75, 500, 2, 26, 18750, 2.5
1, 19480, 293, 296, 296, 2834548, 2862681, 0.48, 75, 500, 2, 29, 18750, 2.5
1, 19198, 257, 258, 259, 2816271, 2821141, 0.48, 75, 500, 2, 24, 18750, 2.5
1, 19299, 247, 249, 252, 2964542, 2982200, 0.48, 75, 500, 2, 24, 18750, 2.5
1, 19550, 238, 242, 243, 2839669, 2841036, 0.48, 75, 500, 2, 24, 18750, 2.5
0, 21065, 258, 282, 264, 2785975, 2700808, 0.48, 75, 500, 2, 30, 18750, 2.5
1, 18930, 231, 232, 234, 2959425, 2967248, 0.48, 75, 500, 2, 24, 18750, 2.5
1, 19730, 276, 280, 283, 2713704, 2734483, 0.48, 75, 500, 2, 27, 18750, 2.5
1, 25038, 256, 286, 303, 3255905, 3265578, 0.48, 75, 500, 2, 32, 18750, 2.5
1, 19254, 247, 250, 251, 2746312, 2757359, 0.48, 75, 500, 2, 24, 18750, 2.5
1, 19415, 238, 241, 242, 2895382, 2903099, 0.48, 75, 500, 2, 24, 18750, 2.5
1, 19658, 243, 248, 248, 2819906, 2828237, 0.48, 75, 500, 2, 25, 18750, 2.5
1, 19062, 254, 255, 256, 2859226, 2864202, 0.48, 75, 500, 2, 23, 18750, 2.5
1, 18800, 238, 239, 240, 2523680, 2527053, 0.48, 75, 500, 2, 23, 18750, 2.5
0, 26250, 259, 310, 307, 3236246, 3173211, 0.48, 75, 500, 2, 34, 18750, 2.5
1, 19545, 260, 263, 265, 3040158, 3045364, 0.48, 75, 500, 2, 23, 18750, 2.5
1, 20864, 255, 270, 269, 3172176, 3189136, 0.48, 75, 500, 2, 25, 18750, 2.5
1, 19541, 261, 263, 267, 3256745, 3269138, 0.48, 75, 500, 2, 27, 18750, 2.5
1, 18944, 243, 246, 246, 1321921, 1321934, 0.48, 75, 500, 1, 10, 18750, 2.5
0, 22864, 255, 287, 278, 3081863, 2963554, 0.48, 75, 500, 2, 31, 18750, 2.5
1, 19829, 247, 250, 253, 1428468, 1445222, 0.48, 75, 500, 1, 12, 18750, 2.5
0, 21693, 251, 274, 264, 3192371, 3065204, 0.48, 75, 500, 2, 26, 18750, 2.5
1, 19208, 270, 274, 277, 2779620, 2790470, 0.48, 75, 500, 2, 24, 18750, 2.5
1, 19419, 268, 271, 271, 1442662, 1442736, 0.48, 75, 500, 1, 12, 18750, 2.5
0, 22022, 229, 257, 258, 3058763, 2952795, 0.48, 75, 500, 2, 27, 18750, 2.5
1, 19842, 239, 242, 243, 2834999, 2841237, 0.48, 75, 500, 2, 23, 18750, 2.5
1, 19026, 259, 260, 261, 2926501, 2938109, 0.48, 75, 500, 2, 22, 18750, 2.5
1, 19034, 248, 250, 251, 3062158, 3074251, 0.48, 75, 500, 2, 25, 18750, 2.5
1, 19321, 245, 248, 248, 1410616, 1410713, 0.48, 75, 500, 1, 10, 18750, 2.5
1, 19169, 234, 237, 237, 1512907, 1513054, 0.48, 75, 500, 1, 10, 18750, 2.5
1, 19133, 256, 257, 258, 2810644, 2826276, 0.48, 75, 500, 2, 25, 18750, 2.5
1, 19049, 258, 261, 261, 1624601, 1624618, 0.48, 75, 500, 1, 11, 18750, 2.5
1, 18989, 239, 240, 241, 2659204, 2669766, 0.48, 75, 500, 2, 25, 18750, 2.5
1, 22741, 260, 288, 293, 3035194, 3049497, 0.48, 75, 500, 2, 29, 18750, 2.5
0, 20725, 272, 291, 280, 1490263, 1429883, 0.48, 75, 500, 1, 12, 18750, 2.5
1, 19228, 262, 265, 267, 1356614, 1367391, 0.48, 75, 500, 1, 11, 18750, 2.5
1, 19239, 230, 233, 234, 1505162, 1511117, 0.48, 75, 500, 1, 11, 18750, 2.5
1, 19685, 268, 271, 274, 1385868, 1402053, 0.48, 75, 500, 1, 14, 18750, 2.5
1, 19532, 237, 240, 242, 1515136, 1527372, 0.48, 75, 500, 1, 12, 18750, 2.5
1, 19796, 229, 234, 235, 1339604, 1344611, 0.48, 75, 500, 1, 11, 18750, 2.5
1, 19513, 233, 236, 241, 1534465, 1565277, 0.48, 75, 500, 1, 12, 18750, 2.5
1, 19436, 270, 273, 275, 1442502, 1453955, 0.48, 75, 500, 1, 11, 18750, 2.5
1, 19077, 241, 244, 244, 1467926, 1467929, 0.48, 75, 500, 1, 11, 18750, 2.5
1, 19173, 267, 271, 271, 1485472, 1485477, 0.48, 75, 500, 1, 13, 18750, 2.5
1, 19644, 242, 245, 247, 1509272, 1521471, 0.48, 75, 500, 1, 12, 18750, 2.5
1, 19815, 259, 262, 262, 1495022, 1495077, 0.48, 75, 500, 1, 12, 18750, 2.5
1, 20972, 240, 248, 250, 1417065, 1421919, 0.48, 75, 500, 1, 13, 18750, 2.5
1, 19527, 249, 252, 258, 1431371, 1465349, 0.48, 75, 500, 1, 12, 18750, 2.5
1, 18999, 219, 222, 223, 1531181, 1537342, 0.48, 75, 500, 1, 11, 18750, 2.5
0, 20047, 282, 296, 285, 1545711, 1481725, 0.48, 75, 500, 1, 12, 18750, 2.5
1, 19249, 233, 236, 238, 1355252, 1365994, 0.48, 75, 500, 1, 11, 18750, 2.5
1, 19329, 245, 249, 250, 1486802, 1492567, 0.48, 75, 500, 1, 10, 18750, 2.5
1, 19849, 286, 289, 291, 1427598, 1438907, 0.48, 75, 500, 1, 12, 18750, 2.5
1, 19380, 250, 253, 256, 1468736, 1486389, 0.48, 75, 500, 1, 12, 18750, 2.5
1, 19142, 274, 277, 278, 1574619, 1580934, 0.48, 75, 500, 1, 11, 18750, 2.5
1, 19169, 230, 233, 235, 1419514, 1430953, 0.48, 75, 500, 1, 10, 18750, 2.5
0, 22822, 214, 242, 231, 1844338, 1772148, 0.48, 75, 500, 1, 14, 18750, 2.5
0, 20704, 252, 270, 259, 1317639, 1264718, 0.48, 75, 500, 1, 13, 18750, 2.5
1, 19805, 229, 232, 237, 1408559, 1436331, 0.48, 75, 500, 1, 12, 18750, 2.5
1, 19244, 240, 243, 243, 1366636, 1366774, 0.48, 75, 500, 1, 12, 18750, 2.5
1, 19617, 246, 249, 251, 1461854, 1473421, 0.48, 75, 500, 1, 12, 18750, 2.5
1, 19177, 247, 250, 255, 1578186, 1609634, 0.48, 75, 500, 1, 11, 18750, 2.5
1, 19180, 262, 265, 267, 1472443, 1484138, 0.48, 75, 500, 1, 13, 18750, 2.5
1, 19525, 259, 262, 263, 1374220, 1379600, 0.48, 75, 500, 1, 11, 18750, 2.5
0, 21615, 247, 272, 260, 1421057, 1364677, 0.48, 75, 500, 1, 15, 18750, 2.5
1, 19449, 240, 243, 243, 1594108, 1594111, 0.48, 75, 500, 1, 12, 18750, 2.5
1, 19382, 255, 258, 262, 1509700, 1533504, 0.48, 75, 500, 1, 13, 18750, 2.5
1, 19388, 235, 238, 238, 1343159, 1343314, 0.48, 75, 500, 1, 12, 18750, 2.5
0, 23933, 280, 323, 313, 1578396, 1522716, 0.48, 75, 500, 1, 16, 18750, 2.5
1, 19623, 254, 257, 258, 1394568, 1399910, 0.48, 75, 500, 1, 11, 18750, 2.5
1, 19830, 270, 273, 275, 1450727, 1462274, 0.48, 75, 500, 1, 12, 18750, 2.5
1, 19206, 245, 248, 248, 1494207, 1494295, 0.48, 75, 500, 1, 11, 18750, 2.5
1, 19283, 258, 261, 261, 1363078, 1363260, 0.48, 75, 500, 1, 13, 18750, 2.5
1, 19473, 268, 271, 273, 1535585, 1547555, 0.48, 75, 500, 1, 11, 18750, 2.5
1, 19651, 233, 236, 237, 1535294, 1541621, 0.48, 75, 500, 1, 12, 18750, 2.5
0, 23139, 267, 301, 290, 1545911, 1487130, 0.48, 75, 500, 1, 14, 18750, 2.5
1, 19422, 241, 244, 244, 1458024, 1458196, 0.48, 75, 500, 1, 12, 18750, 2.5
1, 25841, 243, 292, 294, 1583931, 1583965, 0.48, 75, 500, 1, 17, 18750, 2.5
0, 23422, 245, 281, 271, 1678935, 1619155, 0.48, 75, 500, 1, 14, 18750, 2.5
1, 21494, 226, 242, 243, 1432458, 1435698, 0.48, 75, 500, 1, 15, 18750, 2.5
1, 19973, 248, 251, 255, 1612504, 1637283, 0.48, 75, 500, 1, 13, 18750, 2.5
1, 19739, 245, 251, 252, 1422490, 1427819, 0.48, 75, 500, 1, 14, 18750, 2.5
1, 19073, 273, 276, 276, 1461554, 1461557, 0.48, 75, 500, 1, 11, 18750, 2.5
0, 21175, 249, 270, 258, 1360423, 1301838, 0.48, 75, 500, 1, 13, 18750, 2.5
1, 19144, 271, 274, 276, 1348090, 1364269, 0.48, 75, 500, 1, 12, 18750, 2.5
1, 19767, 235, 238, 241, 1461299, 1478405, 0.48, 75, 500, 1, 12, 18750, 2.5
1, 19147, 250, 253, 253, 1388951, 1389043, 0.48, 75, 500, 1, 11, 18750, 2.5
1, 19602, 238, 241, 245, 1458151, 1481192, 0.48, 75, 500, 1, 12, 18750, 2.5
1, 19074, 258, 261, 261, 1426271, 1426345, 0.48, 75, 500, 1, 13, 18750, 2.5
1, 19314, 213, 216, 217, 1467511, 1473346, 0.48, 75, 500, 1, 12, 18750, 2.5
1, 19441, 252, 255, 258, 1402391, 1418912, 0.48, 75, 500, 1, 12, 18750, 2.5
1, 19274, 248, 251, 252, 1608445, 1614884, 0.48, 75, 500, 1, 12, 18750, 2.5
1, 19785, 253, 256, 258, 1426862, 1437795, 0.48, 75, 500, 1, 12, 18750, 2.5
1, 19309, 240, 243, 244, 1548764, 1554922, 0.48, 75, 500, 1, 12, 18750, 2.5
1, 20795, 251, 265, 266, 1627734, 1632277, 0.48, 75, 500, 1, 13, 18750, 2.5
0, 20761, 287, 306, 295, 1394878, 1338029, 0.48, 75, 500, 1, 13, 18750, 2.5
1, 20398, 249, 252, 258, 1479774, 1514302, 0.48, 75, 500, 1, 13, 18750, 2.5
1, 19264, 246, 249, 250, 1416758, 1422499, 0.48, 75, 500, 1, 11, 18750, 2.5
1, 19703, 260, 263, 265, 1442186, 1453509, 0.48, 75, 500, 1, 12, 18750, 2.5
1, 19103, 251, 254, 254, 1587557, 1587583, 0.48, 75, 500, 1, 12, 18750, 2.5
1, 19319, 251, 254, 256, 1517899, 1529794, 0.48, 75, 500, 1, 11, 18750, 2.5
1, 19804, 225, 228, 229, 1445434, 1451150, 0.48, 75, 500, 1, 11, 18750, 2.5
1, 19168, 254, 257, 257, 1248593, 1248674, 0.48, 75, 500, 1, 12, 18750, 2.5
1, 18997, 258, 261, 261, 1386340, 1386359, 0.48, 75, 500, 1, 12, 18750, 2.5
1, 19242, 227, 230, 232, 1283698, 1293828, 0.48, 75, 500, 1, 13, 18750, 2.5
1, 19187, 253, 256, 257, 1317020, 1322317, 0.48, 75, 500, 1, 12, 18750, 2.5
1, 19263, 265, 268, 270, 1527013, 1539368, 0.48, 75, 500, 1, 13, 18750, 2.5
1, 19448, 249, 252, 255, 1507715, 1525757, 0.48, 75, 500, 1, 12, 18750, 2.5
1, 19554, 239, 242, 242, 1499111, 1499117, 0.48, 75, 500, 1, 12, 18750, 2.5
1, 19112, 242, 245, 245, 1265686, 1265764, 0.48, 75, 500, 1, 12, 18750, 2.5
1, 19176, 235, 238, 238, 1355397, 1355495, 0.48, 75, 500, 1, 12, 18750, 2.5
1, 20014, 253, 258, 259, 1476836, 1482266, 0.48, 75, 500, 1, 13, 18750, 2.5
1, 20260, 261, 272, 273, 1451267, 1456228, 0.48, 75, 500, 1, 12, 18750, 2.5
1, 19197, 248, 251, 251, 1448297, 1448319, 0.48, 75, 500, 1, 11, 18750, 2.5
1, 19234, 253, 256, 259, 1368176, 1384374, 0.48, 75, 500, 1, 12, 18750, 2.5
1, 19362, 239, 242, 245, 1498733, 1516479, 0.48, 75, 500, 1, 11, 18750, 2.5
1, 19738, 255, 258, 262, 1384894, 1406757, 0.48, 75, 500, 1, 12, 18750, 2.5
1, 20092, 246, 255, 256, 1307320, 1311838, 0.48, 75, 500, 1, 11, 18750, 2.5
1, 19410, 246, 249, 249, 1408775, 1408866, 0.48, 75, 500, 1, 10, 18750, 2.5
1, 19309, 264, 267, 267, 1654236, 1654424, 0.48, 75, 500, 1, 13, 18750, 2.5
1, 19193, 277, 280, 280, 1565608, 1565632, 0.48, 75, 500, 1, 11, 18750, 2.5
1, 19300, 257, 260, 260, 1492922, 1492926, 0.48, 75, 500, 1, 10, 18750, 2.5
1, 19748, 253, 256, 256, 1466841, 1466853, 0.48, 75, 500, 1, 12, 18750, 2.5
1, 19359, 269, 272, 273, 1480352, 1486311, 0.48, 75, 500, 1, 11, 18750, 2.5
1, 19255, 256, 259, 259, 1398432, 1398601, 0.48, 75, 500, 1, 10, 18750, 2.5
1, 19832, 276, 279, 282, 1395303, 1411732, 0.48, 75, 500, 1, 10, 18750, 2.5
1, 19238, 249, 252, 252, 1349552, 1349615, 0.48, 75, 500, 1, 11, 18750, 2.5
1, 19481, 247, 250, 250, 1385478, 1385677, 0.48, 75, 500, 1, 11, 18750, 2.5
1, 19385, 236, 239, 239, 46513692, 46798718, 0.48, 75, 500, 32, 1360, 18750, 2.5
1, 19414, 275, 280, 280, 46159234, 46280475, 0.48, 75, 500, 32, 1380, 18750, 2.5
1, 18955, 252, 254, 255, 45443701, 45587434, 0.48, 75, 500, 32, 1468, 18750, 2.5
1, 19220, 256, 257, 260, 46002061, 46005084, 0.48, 75, 500, 32, 1496, 18750, 2.5
1, 19084, 253, 254, 257, 46308422, 46759660, 0.48, 75, 500, 32, 1549, 18750, 2.5
1, 19268, 266, 270, 271, 46327049, 46415436, 0.48, 75, 500, 32, 1563, 18750, 2.5
1, 18841, 257, 258, 259, 45903898, 45957367, 0.48, 75, 500, 32, 1587, 18750, 2.5
1, 19338, 259, 262, 262, 45589197, 45681203, 0.48, 75, 500, 32, 1612, 18750, 2.5
1, 20019, 255, 260, 265, 46709268, 47087071, 0.48, 75, 500, 32, 1653, 18750, 2.5
0, 23631, 280, 309, 310, 52299055, 51127966, 0.48, 75, 500, 32, 1787, 18750, 2.5
0, 26250, 226, 286, 268, 55031362, 54532493, 0.48, 75, 500, 32, 1942, 18750, 2.5
0, 26250, 236, 275, 273, 55369295, 54563905, 0.48, 75, 500, 32, 1970, 18750, 2.5
0, 26250, 241, 283, 296, 55321767, 54460481, 0.48, 75, 500, 32, 2021, 18750, 2.5
0, 25905, 256, 314, 305, 53866265, 52497430, 0.48, 75, 500, 32, 2048, 18750, 2.5
0, 26250, 244, 299, 293, 55385056, 54282632, 0.48, 75, 500, 32, 2082, 18750, 2.5
1, 19960, 212, 224, 224, 46304818, 46585559, 0.48, 75, 500, 32, 1513, 18750, 2.5
1, 19219, 221, 225, 223, 45873322, 45950768, 0.48, 75, 500, 32, 1454, 18750, 2.5
1, 19012, 241, 242, 243, 44472888, 44665565, 0.48, 75, 500, 32, 1466, 18750, 2.5
0, 22015, 250, 277, 272, 50088271, 49178557, 0.48, 75, 500, 32, 1737, 18750, 2.5
0, 20251, 256, 264, 257, 46832045, 45212292, 0.48, 75, 500, 32, 1568, 18750, 2.5
1, 23642, 254, 285, 282, 51292491, 51730364, 0.48, 75, 500, 32, 1825, 18750, 2.5
1, 19064, 264, 267, 268, 46098477, 46187467, 0.48, 75, 500, 32, 1644, 18750, 2.5
1, 19272, 252, 254, 257, 45497272, 45685649, 0.48, 75, 500, 32, 1434, 18750, 2.5
1, 19161, 232, 235, 236, 46197673, 46353451, 0.48, 75, 500, 32, 1389, 18750, 2.5
0, 26250, 284, 341, 349, 53705449, 52963167, 0.48, 75, 500, 32, 2043, 18750, 2.5
1, 19937, 236, 247, 245, 45889127, 45957601, 0.48, 75, 500, 32, 1561, 18750, 2.5
1, 21699, 244, 261, 260, 48858010, 49301800, 0.48, 75, 500, 32, 1702, 18750, 2.5
0, 26250, 255, 311, 294, 53835340, 52989066, 0.48, 75, 500, 32, 2067, 18750, 2.5
0, 26250, 234, 285, 288, 53264372, 53480295, 0.48, 75, 500, 32, 2129, 18750, 2.5
0, 26250, 257, 307, 314, 54220871, 54019860, 0.48, 75, 500, 32, 1988, 18750, 2.5
1, 19293, 254, 258, 259, 45299818, 45330626, 0.48, 75, 500, 32, 1496, 18750, 2.5
1, 20191, 269, 277, 278, 47355198, 47613232, 0.48, 75, 500, 32, 1613, 18750, 2.5
1, 19706, 262, 268, 266, 45715153, 45790943, 0.48, 75, 500, 32, 1656, 18750, 2.5
1, 19292, 242, 244, 246, 46265239, 46286172, 0.48, 75, 500, 32, 1510, 18750, 2.5
1, 19427, 255, 257, 262, 47218576, 47274668, 0.48, 75, 500, 32, 1603, 18750, 2.5
0, 21811, 255, 277, 272, 49082080, 48014556, 0.48, 75, 500, 32, 1686, 18750, 2.5
0, 26250, 243, 291, 301, 53929285, 53915968, 0.48, 75, 500, 32, 2059, 18750, 2.5
1, 18940, 250, 252, 252, 47118499, 47123040, 0.48, 75, 500, 32, 1524, 18750, 2.5
1, 21106, 245, 269, 256, 48961630, 49037853, 0.48, 75, 500, 32, 1769, 18750, 2.5
0, 23075, 251, 276, 273, 51392601, 49905276, 0.48, 75, 500, 32, 1733, 18750, 2.5
1, 20457, 219, 235, 230, 46692117, 46766145, 0.48, 75, 500, 32, 1540, 18750, 2.5
0, 26250, 247, 308, 297, 53734493, 53052016, 0.48, 75, 500, 32, 2018, 18750, 2.5
0, 26250, 256, 304, 314, 54531612, 54030360, 0.48, 75, 500, 32, 2073, 18750, 2.5
0, 26250, 225, 276, 275, 54024837, 53481949, 0.48, 75, 500, 32, 2083, 18750, 2.5
0, 26250, 266, 311, 313, 53921608, 53094169, 0.48, 75, 500, 32, 2162, 18750, 2.5
0, 22597, 255, 283, 268, 49806217, 48357118, 0.48, 75, 500, 32, 1700, 18750, 2.5
0, 23941, 245, 286, 281, 53424482, 51876925, 0.48, 75, 500, 32, 1733, 18750, 2.5
0, 26250, 255, 297, 307, 54541121, 53995621, 0.48, 75, 500, 32, 1989, 18750, 2.5
1, 19207, 242, 245, 246, 45601046, 45692755, 0.48, 75, 500, 32, 1524, 18750, 2.5
1, 19058, 244, 245, 246, 44723480, 44907020, 0.48, 75, 500, 32, 1454, 18750, 2.5
0, 26250, 259, 316, 325, 54956266, 54341938, 0.48, 75, 500, 32, 2013, 18750, 2.5
1, 19992, 228, 232, 241, 46492310, 46523623, 0.48, 75, 500, 32, 1501, 18750, 2.5
1, 19192, 269, 271, 272, 46008931, 46352888, 0.48, 75, 500, 32, 1526, 18750, 2.5
0, 26250, 246, 319, 283, 53756539, 53184377, 0.48, 75, 500, 32, 1979, 18750, 2.5
0, 26250, 283, 330, 350, 54510395, 53924129, 0.48, 75, 500, 32, 2040, 18750, 2.5
0, 26250, 236, 286, 291, 55716073, 55140328, 0.48, 75, 500, 32, 2013, 18750, 2.5
0, 26250, 222, 325, 259, 53779089, 53408974, 0.48, 75, 500, 32, 2146, 18750, 2.5
0, 26250, 257, 327, 322, 54110644, 53595535, 0.48, 75, 500, 32, 2059, 18750, 2.5
0, 26250, 248, 293, 313, 54204824, 53800645, 0.48, 75, 500, 32, 2284, 18750, 2.5
0, 26250, 240, 274, 293, 55531783, 54933444, 0.48, 75, 500, 32, 1960, 18750, 2.5
1, 19582, 250, 263, 257, 45706065, 45804528, 0.48, 75, 500, 32, 1539, 18750, 2.5
1, 19411, 264, 270, 268, 46631056, 46871881, 0.48, 75, 500, 32, 1585, 18750, 2.5
0, 26250, 233, 290, 274, 54224288, 53263896, 0.48, 75, 500, 32, 2026, 18750, 2.5
1, 19296, 247, 249, 252, 46843587, 46990063, 0.48, 75, 500, 32, 1489, 18750, 2.5
0, 21978, 263, 289, 285, 49950261, 48779183, 0.48, 75, 500, 32, 1780, 18750, 2.5
0, 26250, 237, 306, 303, 54518627, 53917364, 0.48, 75, 500, 32, 2000, 18750, 2.5
0, 26250, 215, 277, 275, 55970928, 55114736, 0.48, 75, 500, 32, 2298, 18750, 2.5
0, 26250, 274, 323, 340, 54259784, 53693012, 0.48, 75, 500, 32, 2071, 18750, 2.5
0, 26250, 261, 310, 302, 54352197, 53737500, 0.48, 75, 500, 32, 2056, 18750, 2.5
1, 18917, 265, 268, 268, 46226345, 46359071, 0.48, 75, 500, 32, 1567, 18750, 2.5
1, 19634, 244, 250, 251, 44877037, 45014193, 0.48, 75, 500, 32, 1541, 18750, 2.5
0, 25845, 246, 284, 298, 54260382, 52738164, 0.48, 75, 500, 32, 2120, 18750, 2.5
0, 26250, 240, 295, 294, 55269911, 54568360, 0.48, 75, 500, 32, 2091, 18750, 2.5
1, 19477, 246, 252, 251, 46175159, 46366631, 0.48, 75, 500, 32, 1489, 18750, 2.5
0, 23836, 233, 270, 270, 50755815, 49824480, 0.48, 75, 500, 32, 1889, 18750, 2.5
0, 26250, 269, 323, 330, 54840041, 53961400, 0.48, 75, 500, 32, 2070, 18750, 2.5
0, 26250, 258, 309, 307, 55859666, 55163126, 0.48, 75, 500, 32, 1967, 18750, 2.5
0, 26250, 240, 292, 300, 55532569, 54859072, 0.48, 75, 500, 32, 2033, 18750, 2.5
0, 26250, 243, 299, 287, 54820659, 53959786, 0.48, 75, 500, 32, 2062, 18750, 2.5
0, 26250, 253, 307, 298, 54540987, 53845901, 0.48, 75, 500, 32, 2125, 18750, 2.5
0, 26250, 240, 281, 303, 55157249, 54113597, 0.48, 75, 500, 32, 2124, 18750, 2.5
1, 19421, 255, 261, 259, 46067070, 46240822, 0.48, 75, 500, 32, 1514, 18750, 2.5
0, 26250, 239, 294, 308, 54892962, 54247352, 0.48, 75, 500, 32, 2097, 18750, 2.5
1, 22058, 256, 288, 278, 49665076, 49863829, 0.48, 75, 500, 32, 1607, 18750, 2.5
0, 26250, 247, 299, 315, 54721681, 53701111, 0.48, 75, 500, 32, 2240, 18750, 2.5
0, 26250, 265, 327, 315, 54447687, 53805490, 0.48, 75, 500, 32, 2110, 18750, 2.5
1, 20961, 256, 266, 270, 48644040, 48778161, 0.48, 75, 500, 32, 1673, 18750, 2.5
0, 26250, 252, 307, 296, 55781100, 54789401, 0.48, 75, 500, 32, 2158, 18750, 2.5
0, 26250, 259, 312, 329, 54017371, 53518189, 0.48, 75, 500, 32, 2067, 18750, 2.5
0, 22911, 284, 311, 306, 51137787, 50020237, 0.48, 75, 500, 32, 1781, 18750, 2.5
0, 25912, 245, 281, 289, 54664277, 53108325, 0.48, 75, 500, 32, 2111, 18750, 2.5
0, 23556, 278, 312, 304, 51758066, 50482747, 0.48, 75, 500, 32, 1905, 18750, 2.5
1, 19550, 248, 254, 253, 34138754, 34249381, 0.48, 75, 500, 23, 803, 18750, 2.5
0, 26250, 280, 345, 351, 53759920, 53190333, 0.48, 75, 500, 32, 2187, 18750, 2.5
1, 19357, 226, 231, 229, 46134402, 46244778, 0.48, 75, 500, 32, 1591, 18750, 2.5
1, 19124, 213, 214, 219, 45466019, 45767080, 0.48, 75, 500, 32, 1465, 18750, 2.5
0, 22970, 248, 281, 271, 37929806, 36870114, 0.48, 75, 500, 23, 954, 18750, 2.5
0, 26250, 267, 312, 318, 39399526, 39185601, 0.48, 75, 500, 23, 1028, 18750, 2.5
1, 20943, 246, 260, 256, 46948086, 46992945, 0.48, 75, 500, 32, 1542, 18750, 2.5
1, 22080, 249, 273, 273, 48336727, 48750291, 0.48, 75, 500, 32, 1748, 18750, 2.5
0, 26250, 251, 312, 310, 38912779, 38364016, 0.48, 75, 500, 23, 1067, 18750, 2.5
0, 21503, 240, 259, 251, 34864591, 33806413, 0.48, 75, 500, 23, 837, 18750, 2.5
0, 26250, 217, 273, 266, 55182594, 54813297, 0.48, 75, 500, 32, 2072, 18750, 2.5
1, 19140, 254, 257, 259, 32653195, 32721123, 0.48, 75, 500, 23, 709, 18750, 2.5
0, 26250, 260, 336, 292, 39029381, 38392041, 0.48, 75, 500, 23, 1105, 18750, 2.5
1, 19203, 246, 248, 250, 32552739, 32655541, 0.48, 75, 500, 23, 817, 18750, 2.5
1, 20848, 239, 259, 257, 48109791, 48118082, 0.48, 75, 500, 32, 1699, 18750, 2.5
1, 21177, 221, 234, 239, 35520632, 35742542, 0.48, 75, 500, 23, 813, 18750, 2.5
0, 26250, 223, 277, 277, 39945430, 39474313, 0.48, 75, 500, 23, 1119, 18750, 2.5
0, 26250, 258, 322, 313, 38450024, 37569503, 0.48, 75, 500, 23, 1003, 18750, 2.5
0, 26250, 267, 319, 324, 40218686, 39410710, 0.48, 75, 500, 23, 982, 18750, 2.5
0, 26250, 253, 321, 314, 53705824, 52955024, 0.48, 75, 500, 32, 2211, 18750, 2.5
1, 19356, 238, 243, 242, 33959373, 34151594, 0.48, 75, 500, 23, 844, 18750, 2.5
0, 26250, 254, 310, 311, 39345310, 38736382, 0.48, 75, 500, 23, 1001, 18750, 2.5
0, 26250, 280, 333, 335, 40697705, 40616561, 0.48, 75, 500, 23, 957, 18750, 2.5
0, 26250, 250, 299, 301, 38523319, 38306254, 0.48, 75, 500, 23, 1073, 18750, 2.5
0, 26250, 263, 307, 320, 39936704, 39354483, 0.48, 75, 500, 23, 1039, 18750, 2.5
1, 19099, 252, 255, 258, 33136735, 33217845, 0.48, 75, 500, 23, 714, 18750, 2.5
0, 26250, 250, 300, 288, 39016296, 38518943, 0.48, 75, 500, 23, 1039, 18750, 2.5
0, 20785, 225, 240, 244, 34486360, 33891176, 0.48, 75, 500, 23, 852, 18750, 2.5
0, 26250, 247, 310, 295, 39340393, 38512609, 0.48, 75, 500, 23, 986, 18750, 2.5
1, 19139, 256, 260, 260, 31942311, 32037756, 0.48, 75, 500, 23, 757, 18750, 2.5
0, 24838, 237, 270, 288, 39057452, 38191881, 0.48, 75, 500, 23, 1016, 18750, 2.5
1, 19531, 234, 240, 238, 32854442, 32969925, 0.48, 75, 500, 23, 746, 18750, 2.5
1, 19796, 276, 279, 282, 33589420, 33664510, 0.48, 75, 500, 23, 781, 18750, 2.5
0, 22698, 271, 298, 293, 36196016, 35178485, 0.48, 75, 500, 23, 956, 18750, 2.5
1, 19631, 270, 271, 278, 32607589, 32960932, 0.48, 75, 500, 23, 792, 18750, 2.5
0, 21352, 270, 288, 277, 35791164, 34796077, 0.48, 75, 500, 23, 829, 18750, 2.5
0, 26250, 242, 303, 298, 39036810, 38642560, 0.48, 75, 500, 23, 1045, 18750, 2.5
0, 21706, 233, 253, 249, 35043897, 34467281, 0.48, 75, 500, 23, 959, 18750, 2.5
0, 26250, 250, 287, 306, 39579326, 39321144, 0.48, 75, 500, 23, 1090, 18750, 2.5
1, 21761, 245, 262, 256, 35900043, 36016097, 0.48, 75, 500, 23, 920, 18750, 2.5
1, 21583, 256, 281, 270, 33995740, 34044432, 0.48, 75, 500, 23, 802, 18750, 2.5
1, 19334, 248, 249, 252, 33027085, 33076805, 0.48, 75, 500, 23, 762, 18750, 2.5
0, 26250, 205, 262, 255, 38793851, 38556560, 0.48, 75, 500, 23, 1015, 18750, 2.5
1, 20451, 260, 266, 264, 34424384, 34520654, 0.48, 75, 500, 23, 771, 18750, 2.5
1, 20345, 251, 263, 267, 34186000, 34212706, 0.48, 75, 500, 23, 797, 18750, 2.5
1, 19516, 245, 251, 254, 33398902, 33445180, 0.48, 75, 500, 23, 834, 18750, 2.5
0, 21273, 281, 294, 285, 35176832, 33994436, 0.48, 75, 500, 23, 937, 18750, 2.5
0, 26250, 272, 324, 320, 39670527, 39231889, 0.48, 75, 500, 23, 1054, 18750, 2.5
1, 19324, 239, 244, 246, 33130598, 33232648, 0.48, 75, 500, 23, 757, 18750, 2.5
0, 26250, 276, 344, 332, 39691448, 39014665, 0.48, 75, 500, 23, 1039, 18750, 2.5
1, 19386, 230, 231, 235, 32768467, 33011156, 0.48, 75, 500, 23, 829, 18750, 2.5
1, 19453, 280, 283, 285, 33387601, 33586111, 0.48, 75, 500, 23, 792, 18750, 2.5
1, 21965, 275, 298, 287, 35719092, 35782134, 0.48, 75, 500, 23, 844, 18750, 2.5
1, 20516, 254, 265, 267, 34613994, 34750099, 0.48, 75, 500, 23, 756, 18750, 2.5
1, 19194, 248, 251, 257, 33362882, 33505992, 0.48, 75, 500, 23, 757, 18750, 2.5
1, 25960, 275, 320, 313, 39128088, 39476545, 0.48, 75, 500, 23, 1033, 18750, 2.5
1, 19361, 236, 239, 243, 32750004, 32789083, 0.48, 75, 500, 23, 758, 18750, 2.5
0, 26250, 217, 289, 263, 38405808, 37912605, 0.48, 75, 500, 23, 1035, 18750, 2.5
1, 19684, 250, 252, 256, 34639213, 34670636, 0.48, 75, 500, 23, 779, 18750, 2.5
1, 19562, 249, 250, 261, 32667369, 32791004, 0.48, 75, 500, 23, 863, 18750, 2.5
0, 26250, 261, 306, 308, 40028062, 39701296, 0.48, 75, 500, 23, 1095, 18750, 2.5
0, 26188, 263, 316, 311, 39354073, 38152302, 0.48, 75, 500, 23, 1004, 18750, 2.5
1, 19477, 263, 264, 266, 33690414, 34045757, 0.48, 75, 500, 23, 830, 18750, 2.5
0, 23637, 235, 281, 252, 37166571, 36410059, 0.48, 75, 500, 23, 919, 18750, 2.5
1, 19998, 237, 239, 247, 32429836, 33043957, 0.48, 75, 500, 23, 849, 18750, 2.5
0, 26250, 252, 305, 309, 38657222, 38171167, 0.48, 75, 500, 23, 986, 18750, 2.5
0, 25504, 261, 311, 304, 39180673, 38092104, 0.48, 75, 500, 23, 963, 18750, 2.5
1, 19279, 239, 240, 241, 33759189, 33903647, 0.48, 75, 500, 23, 811, 18750, 2.5
0, 22288, 249, 275, 277, 34903692, 33913439, 0.48, 75, 500, 23, 834, 18750, 2.5
1, 19552, 248, 250, 254, 33462060, 33587295, 0.48, 75, 500, 23, 746, 18750, 2.5
0, 26250, 264, 316, 328, 39197618, 38587830, 0.48, 75, 500, 23, 954, 18750, 2.5
1, 19487, 250, 255, 256, 33964743, 34066433, 0.48, 75, 500, 23, 792, 18750, 2.5
0, 26250, 248, 289, 311, 39404430, 38993325, 0.48, 75, 500, 23, 1089, 18750, 2.5
1, 19664, 279, 281, 285, 33046823, 33122651, 0.48, 75, 500, 23, 739, 18750, 2.5
1, 20201, 246, 247, 251, 34824267, 34956831, 0.48, 75, 500, 23, 734, 18750, 2.5
1, 19269, 233, 236, 237, 32973423, 33059379, 0.48, 75, 500, 23, 812, 18750, 2.5
0, 26250, 232, 296, 269, 39644178, 38825009, 0.48, 75, 500, 23, 1092, 18750, 2.5
0, 26250, 269, 333, 315, 38600224, 38461619, 0.48, 75, 500, 23, 1098, 18750, 2.5
1, 19252, 243, 246, 246, 32604069, 32802917, 0.48, 75, 500, 23, 749, 18750, 2.5
1, 20022, 250, 260, 259, 33814827, 33854394, 0.48, 75, 500, 23, 787, 18750, 2.5
1, 20359, 239, 244, 252, 33310525, 33561079, 0.48, 75, 500, 23, 705, 18750, 2.5
0, 26250, 282, 341, 340, 39485637, 39066176, 0.48, 75, 500, 23, 1065, 18750, 2.5
1, 19880, 234, 238, 242, 33031210, 33144184, 0.48, 75, 500, 23, 831, 18750, 2.5
1, 19189, 285, 290, 289, 33958380, 33984386, 0.48, 75, 500, 23, 727, 18750, 2.5
0, 26250, 223, 284, 267, 39363363, 38248178, 0.48, 75, 500, 23, 989, 18750, 2.5
1, 21568, 260, 279, 295, 35198395, 35326000, 0.48, 75, 500, 23, 843, 18750, 2.5
0, 26250, 242, 303, 284, 39994072, 39099794, 0.48, 75, 500, 23, 1029, 18750, 2.5
0, 26250, 257, 309, 318, 38904959, 38699682, 0.48, 75, 500, 23, 1012, 18750, 2.5
1, 19319, 235, 237, 240, 31741562, 31763670, 0.48, 75, 500, 23, 685, 18750, 2.5
0, 26250, 249, 307, 305, 40073323, 39952631, 0.48, 75, 500, 23, 1012, 18750, 2.5
1, 19869, 248, 253, 256, 34662568, 34874591, 0.48, 75, 500, 23, 787, 18750, 2.5
0, 26250, 244, 290, 306, 39437989, 39072497, 0.48, 75, 500, 23, 975, 18750, 2.5
1, 21289, 270, 296, 288, 34350906, 34474371, 0.48, 75, 500, 23, 912, 18750, 2.5
1, 19496, 218, 219, 225, 32233085, 32496840, 0.48, 75, 500, 23, 788, 18750, 2.5
1, 19255, 265, 266, 270, 32908529, 32945180, 0.48, 75, 500, 23, 809, 18750, 2.5
1, 19432, 271, 277, 273, 33269337, 33311337, 0.48, 75, 500, 23, 747, 18750, 2.5
1, 19413, 234, 235, 237, 32915351, 32968636, 0.48, 75, 500, 23, 722, 18750, 2.5
1, 19669, 264, 268, 271, 32993029, 33202158, 0.48, 75, 500, 23, 765, 18750, 2.5
0, 26250, 246, 294, 302, 39149138, 38933214, 0.48, 75, 500, 23, 1092, 18750, 2.5
0, 26250, 284, 337, 343, 38373795, 37758773, 0.48, 75, 500, 23, 1055, 18750, 2.5
1, 20949, 249, 259, 262, 34352667, 34512959, 0.48, 75, 500, 23, 784, 18750, 2.5
0, 26250, 252, 305, 295, 39260867, 38967976, 0.48, 75, 500, 23, 979, 18750, 2.5
0, 26250, 263, 314, 329, 27774648, 27367931, 0.48, 75, 500, 16, 492, 18750, 2.5
0, 26250, 261, 311, 317, 38915092, 38162230, 0.48, 75, 500, 23, 1092, 18750, 2.5
0, 26250, 267, 333, 325, 27130354, 26660576, 0.48, 75, 500, 16, 531, 18750, 2.5
1, 19301, 266, 270, 272, 32137693, 32235970, 0.48, 75, 500, 23, 752, 18750, 2.5
1, 19286, 268, 272, 273, 23480353, 23575444, 0.48, 75, 500, 16, 394, 18750, 2.5
1, 19708, 261, 265, 268, 34361651, 34477086, 0.48, 75, 500, 23, 773, 18750, 2.5
1, 20033, 260, 270, 271, 23411455, 23515573, 0.48, 75, 500, 16, 376, 18750, 2.5
1, 19181, 249, 250, 255, 22645775, 22860342, 0.48, 75, 500, 16, 368, 18750, 2.5
0, 26250, 253, 299, 300, 38495382, 38442792, 0.48, 75, 500, 23, 1076, 18750, 2.5
0, 26250, 272, 331, 316, 38234510, 38012951, 0.48, 75, 500, 23, 1030, 18750, 2.5
0, 25358, 241, 287, 277, 26320940, 25808725, 0.48, 75, 500, 16, 519, 18750, 2.5
0, 25504, 240, 286, 302, 27789138, 26999528, 0.48, 75, 500, 16, 498, 18750, 2.5
1, 19764, 248, 254, 255, 23986266, 24045731, 0.48, 75, 500, 16, 392, 18750, 2.5
0, 26250, 244, 307, 296, 39599627, 38579825, 0.48, 75, 500, 23, 1010, 18750, 2.5
1, 20008, 247, 256, 256, 22565433, 22708897, 0.48, 75, 500, 16, 399, 18750, 2.5
0, 26250, 278, 317, 336, 26595448, 26162764, 0.48, 75, 500, 16, 543, 18750, 2.5
1, 19031, 265, 266, 268, 22194138, 22226497, 0.48, 75, 500, 16, 426, 18750, 2.5
0, 26250, 247, 299, 293, 26736873, 26308208, 0.48, 75, 500, 16, 494, 18750, 2.5
1, 19385, 262, 264, 264, 22982644, 22994470, 0.48, 75, 500, 16, 439, 18750, 2.5
1, 20449, 256, 263, 269, 24117474, 24311356, 0.48, 75, 500, 16, 493, 18750, 2.5
1, 18887, 257, 258, 259, 23601445, 23609962, 0.48, 75, 500, 16, 357, 18750, 2.5
1, 21232, 243, 264, 266, 23768655, 23894091, 0.48, 75, 500, 16, 425, 18750, 2.5
1, 22013, 249, 270, 263, 24689731, 24858200, 0.48, 75, 500, 16, 406, 18750, 2.5
1, 19171, 284, 288, 289, 22361462, 22413186, 0.48, 75, 500, 16, 378, 18750, 2.5
1, 19518, 255, 263, 260, 22385774, 22422647, 0.48, 75, 500, 16, 391, 18750, 2.5
1, 19379, 281, 283, 286, 24001943, 24174584, 0.48, 75, 500, 16, 378, 18750, 2.5
0, 26250, 252, 304, 305, 27830007, 27390226, 0.48, 75, 500, 16, 533, 18750, 2.5
0, 26250, 219, 259, 271, 27225525, 27153391, 0.48, 75, 500, 16, 559, 18750, 2.5
0, 26250, 238, 286, 294, 27708280, 26829974, 0.48, 75, 500, 16, 540, 18750, 2.5
0, 26250, 278, 334, 335, 27657386, 27259145, 0.48, 75, 500, 16, 566, 18750, 2.5
0, 26250, 251, 307, 302, 27715874, 27039738, 0.48, 75, 500, 16, 492, 18750, 2.5
0, 26250, 261, 319, 336, 26622645, 26120475, 0.48, 75, 500, 16, 477, 18750, 2.5
1, 19010, 236, 238, 239, 22452076, 22546904, 0.48, 75, 500, 16, 351, 18750, 2.5
0, 25566, 239, 292, 265, 27281980, 26415959, 0.48, 75, 500, 16, 497, 18750, 2.5
0, 25173, 268, 320, 310, 26913111, 26337947, 0.48, 75, 500, 16, 461, 18750, 2.5
1, 19531, 224, 225, 232, 22570818, 22817367, 0.48, 75, 500, 16, 413, 18750, 2.5
1, 18876, 257, 258, 260, 23072174, 23101714, 0.48, 75, 500, 16, 337, 18750, 2.5
1, 19104, 235, 237, 238, 22806009, 22827894, 0.48, 75, 500, 16, 385, 18750, 2.5
1, 19900, 262, 267, 267, 23785286, 23906746, 0.48, 75, 500, 16, 388, 18750, 2.5
0, 26250, 250, 305, 304, 27324685, 26976862, 0.48, 75, 500, 16, 555, 18750, 2.5
0, 26250, 275, 335, 316, 27788113, 27302505, 0.48, 75, 500, 16, 500, 18750, 2.5
0, 23097, 259, 288, 277, 25379503, 24854955, 0.48, 75, 500, 16, 565, 18750, 2.5
1, 23215, 246, 271, 288, 25413304, 25618005, 0.48, 75, 500, 16, 475, 18750, 2.5
1, 24170, 256, 294, 293, 25715048, 25814276, 0.48, 75, 500, 16, 461, 18750, 2.5
0, 26250, 245, 294, 288, 27296883, 27039298, 0.48, 75, 500, 16, 508, 18750, 2.5
1, 19139, 234, 235, 239, 22724968, 22774186, 0.48, 75, 500, 16, 347, 18750, 2.5
0, 26250, 265, 312, 323, 26815859, 26815229, 0.48, 75, 500, 16, 526, 18750, 2.5
1, 19290, 257, 259, 262, 22632067, 22706410, 0.48, 75, 500, 16, 417, 18750, 2.5
0, 21193, 259, 273, 277, 24421960, 23869307, 0.48, 75, 500, 16, 424, 18750, 2.5
0, 22517, 225, 257, 236, 26296074, 25644647, 0.48, 75, 500, 16, 453, 18750, 2.5
0, 26250, 252, 330, 285, 27397518, 26940750, 0.48, 75, 500, 16, 580, 18750, 2.5
0, 26250, 251, 306, 300, 26748680, 26667307, 0.48, 75, 500, 16, 573, 18750, 2.5
0, 26250, 250, 311, 307, 28518618, 27894260, 0.48, 75, 500, 16, 509, 18750, 2.5
1, 20033, 238, 245, 244, 23677213, 24043854, 0.48, 75, 500, 16, 411, 18750, 2.5
1, 19261, 261, 264, 263, 22677515, 22691785, 0.48, 75, 500, 16, 433, 18750, 2.5
0, 20920, 245, 261, 258, 23414631, 22978058, 0.48, 75, 500, 16, 451, 18750, 2.5
0, 26250, 263, 318, 312, 27358683, 26949177, 0.48, 75, 500, 16, 534, 18750, 2.5
1, 22330, 264, 280, 289, 25080258, 25256449, 0.48, 75, 500, 16, 427, 18750, 2.5
1, 19560, 261, 267, 266, 23838673, 23985275, 0.48, 75, 500, 16, 408, 18750, 2.5
1, 20251, 256, 267, 272, 23837450, 23916357, 0.48, 75, 500, 16, 417, 18750, 2.5
0, 26250, 236, 287, 287, 27850804, 27062180, 0.48, 75, 500, 16, 579, 18750, 2.5
1, 19590, 251, 256, 257, 22599410, 22806457, 0.48, 75, 500, 16, 415, 18750, 2.5
1, 19170, 266, 270, 271, 23330182, 23452366, 0.48, 75, 500, 16, 405, 18750, 2.5
1, 20038, 261, 268, 270, 23439205, 23595402, 0.48, 75, 500, 16, 417, 18750, 2.5
1, 19968, 278, 287, 284, 23814817, 23869101, 0.48, 75, 500, 16, 408, 18750, 2.5
0, 26250, 236, 276, 280, 26998188, 26776113, 0.48, 75, 500, 16, 567, 18750, 2.5
1, 19190, 231, 232, 235, 22744419, 22883305, 0.48, 75, 500, 16, 412, 18750, 2.5
1, 19923, 256, 268, 261, 22748247, 22877270, 0.48, 75, 500, 16, 420, 18750, 2.5
1, 19450, 269, 272, 274, 22957048, 23037849, 0.48, 75, 500, 16, 431, 18750, 2.5
0, 24644, 265, 280, 323, 26427870, 25725351, 0.48, 75, 500, 16, 559, 18750, 2.5
0, 26250, 246, 307, 296, 26800368, 26459627, 0.48, 75, 500, 16, 536, 18750, 2.5
1, 19612, 235, 239, 239, 23135179, 23248502, 0.48, 75, 500, 16, 436, 18750, 2.5
0, 26250, 234, 295, 283, 26567924, 25865559, 0.48, 75, 500, 16, 551, 18750, 2.5
1, 20166, 265, 270, 272, 22911398, 23023654, 0.48, 75, 500, 16, 391, 18750, 2.5
1, 19407, 255, 256, 261, 23389124, 23674966, 0.48, 75, 500, 16, 366, 18750, 2.5
0, 23969, 250, 299, 269, 26423953, 25646415, 0.48, 75, 500, 16, 510, 18750, 2.5
1, 19686, 226, 227, 232, 23445719, 23547451, 0.48, 75, 500, 16, 408, 18750, 2.5
1, 19497, 250, 252, 256, 22810567, 22964642, 0.48, 75, 500, 16, 403, 18750, 2.5
1, 20321, 241, 247, 254, 23565072, 23628128, 0.48, 75, 500, 16, 432, 18750, 2.5
1, 20312, 230, 238, 241, 24511558, 24781770, 0.48, 75, 500, 16, 424, 18750, 2.5
1, 19505, 242, 248, 248, 23006336, 23027919, 0.48, 75, 500, 16, 399, 18750, 2.5
1, 19626, 264, 266, 274, 23306068, 23346693, 0.48, 75, 500, 16, 448, 18750, 2.5
0, 23254, 235, 263, 270, 25709322, 25126859, 0.48, 75, 500, 16, 455, 18750, 2.5
0, 26250, 251, 307, 314, 26449752, 26213160, 0.48, 75, 500, 16, 564, 18750, 2.5
1, 19345, 268, 269, 271, 23210926, 23345967, 0.48, 75, 500, 16, 386, 18750, 2.5
0, 26250, 242, 295, 292, 27369662, 26761789, 0.48, 75, 500, 16, 525, 18750, 2.5
1, 22580, 246, 282, 270, 24703321, 24772885, 0.48, 75, 500, 16, 508, 18750, 2.5
1, 19312, 254, 257, 256, 22413637, 22519524, 0.48, 75, 500, 16, 404, 18750, 2.5
1, 19207, 253, 255, 257, 23109321, 23218160, 0.48, 75, 500, 16, 394, 18750, 2.5
1, 19633, 220, 223, 224, 22892170, 23031844, 0.48, 75, 500, 16, 383, 18750, 2.5
0, 26250, 262, 315, 310, 27253854, 27253554, 0.48, 75, 500, 16, 553, 18750, 2.5
0, 26250, 247, 308, 301, 27430328, 27308515, 0.48, 75, 500, 16, 509, 18750, 2.5
0, 26250, 268, 315, 335, 27045702, 26508714, 0.48, 75, 500, 16, 550, 18750, 2.5
0, 26250, 250, 315, 323, 27073042, 26648549, 0.48, 75, 500, 16, 596, 18750, 2.5
0, 22307, 223, 244, 239, 25237405, 24723838, 0.48, 75, 500, 16, 456, 18750, 2.5
1, 19833, 247, 249, 256, 22784510, 22885434, 0.48, 75, 500, 16, 410, 18750, 2.5
0, 26250, 250, 301, 301, 18637351, 18015376, 0.48, 75, 500, 11, 277, 18750, 2.5
0, 26250, 231, 270, 278, 27438119, 26899403, 0.48, 75, 500, 16, 553, 18750, 2.5
1, 19285, 239, 241, 242, 15892721, 15931823, 0.48, 75, 500, 11, 201, 18750, 2.5
1, 19141, 231, 232, 233, 23608338, 23620026, 0.48, 75, 500, 16, 348, 18750, 2.5
0, 23440, 286, 314, 319, 25887800, 25145309, 0.48, 75, 500, 16, 520, 18750, 2.5
1, 19611, 221, 226, 227, 23037233, 23079336, 0.48, 75, 500, 16, 405, 18750, 2.5
1, 19377, 239, 243, 248, 15115459, 15168197, 0.48, 75, 500, 11, 203, 18750, 2.5
0, 25686, 254, 309, 296, 26624600, 26136523, 0.48, 75, 500, 16, 498, 18750, 2.5
1, 20067, 255, 258, 258, 23929991, 23980296, 0.48, 75, 500, 16, 459, 18750, 2.5
0, 26250, 253, 316, 304, 27497846, 26598061, 0.48, 75, 500, 16, 533, 18750, 2.5
1, 19465, 264, 266, 266, 15151598, 15337043, 0.48, 75, 500, 11, 228, 18750, 2.5
1, 19711, 213, 214, 218, 16173892, 16250221, 0.48, 75, 500, 11, 189, 18750, 2.5
0, 26250, 252, 312, 297, 27513702, 26854011, 0.48, 75, 500, 16, 544, 18750, 2.5
0, 26250, 264, 329, 301, 28304992, 27658412, 0.48, 75, 500, 16, 574, 18750, 2.5
1, 19343, 254, 256, 259, 15830175, 15903564, 0.48, 75, 500, 11, 211, 18750, 2.5
0, 26250, 261, 330, 320, 18335047, 18281996, 0.48, 75, 500, 11, 291, 18750, 2.5
0, 26250, 263, 311, 330, 27494316, 26838532, 0.48, 75, 500, 16, 572, 18750, 2.5
0, 24636, 256, 287, 301, 17992173, 17525824, 0.48, 75, 500, 11, 263, 18750, 2.5
0, 24032, 250, 287, 280, 18079109, 17571243, 0.48, 75, 500, 11, 261, 18750, 2.5
0, 26250, 247, 295, 298, 18717202, 18502317, 0.48, 75, 500, 11, 277, 18750, 2.5
0, 26250, 257, 309, 300, 19198315, 19006424, 0.48, 75, 500, 11, 286, 18750, 2.5
1, 19605, 261, 266, 264, 16136700, 16303969, 0.48, 75, 500, 11, 233, 18750, 2.5
1, 19502, 253, 257, 260, 16047782, 16103106, 0.48, 75, 500, 11, 215, 18750, 2.5
1, 21545, 264, 279, 286, 15898456, 16041564, 0.48, 75, 500, 11, 240, 18750, 2.5
1, 18950, 257, 259, 260, 15681892, 15739205, 0.48, 75, 500, 11, 209, 18750, 2.5
0, 24209, 254, 299, 297, 17971519, 17496130, 0.48, 75, 500, 11, 264, 18750, 2.5
0, 26250, 276, 330, 320, 18757980, 18364633, 0.48, 75, 500, 11, 269, 18750, 2.5
1, 19061, 236, 237, 242, 15470891, 15529368, 0.48, 75, 500, 11, 196, 18750, 2.5
0, 26250, 250, 309, 302, 18118585, 17792858, 0.48, 75, 500, 11, 312, 18750, 2.5
1, 21942, 264, 287, 275, 17039032, 17121012, 0.48, 75, 500, 11, 254, 18750, 2.5
1, 19215, 264, 266, 269, 15744774, 15839774, 0.48, 75, 500, 11, 212, 18750, 2.5
0, 26250, 222, 263, 293, 18754128, 18715680, 0.48, 75, 500, 11, 286, 18750, 2.5
0, 26250, 226, 277, 285, 18648863, 18213283, 0.48, 75, 500, 11, 289, 18750, 2.5
0, 26250, 247, 308, 295, 19100607, 18812201, 0.48, 75, 500, 11, 308, 18750, 2.5
0, 21982, 262, 287, 280, 16654506, 16272335, 0.48, 75, 500, 11, 246, 18750, 2.5
1, 20697, 248, 274, 251, 15721402, 15763571, 0.48, 75, 500, 11, 223, 18750, 2.5
0, 26250, 256, 295, 298, 19495706, 19360295, 0.48, 75, 500, 11, 298, 18750, 2.5
1, 19274, 241, 243, 250, 15276468, 15406656, 0.48, 75, 500, 11, 212, 18750, 2.5
1, 20049, 251, 257, 262, 15947655, 15973899, 0.48, 75, 500, 11, 226, 18750, 2.5
0, 26250, 240, 292, 295, 18772858, 18629486, 0.48, 75, 500, 11, 299, 18750, 2.5
0, 21410, 244, 269, 261, 17256715, 16790307, 0.48, 75, 500, 11, 247, 18750, 2.5
1, 20147, 231, 234, 240, 16120989, 16273529, 0.48, 75, 500, 11, 230, 18750, 2.5
0, 26250, 257, 319, 299, 18453407, 18151673, 0.48, 75, 500, 11, 319, 18750, 2.5
1, 19466, 259, 260, 267, 16693635, 16776478, 0.48, 75, 500, 11, 208, 18750, 2.5
1, 19364, 236, 245, 241, 15405194, 15439922, 0.48, 75, 500, 11, 237, 18750, 2.5
1, 19913, 245, 254, 256, 16565822, 16631263, 0.48, 75, 500, 11, 227, 18750, 2.5
0, 26101, 263, 325, 309, 18833846, 18289661, 0.48, 75, 500, 11, 295, 18750, 2.5
1, 21799, 255, 275, 276, 16632212, 16684166, 0.48, 75, 500, 11, 220, 18750, 2.5
1, 19182, 240, 245, 244, 15428962, 15477078, 0.48, 75, 500, 11, 226, 18750, 2.5
1, 19150, 249, 250, 253, 15811299, 15826879, 0.48, 75, 500, 11, 211, 18750, 2.5
1, 19232, 262, 264, 267, 15807468, 15896198, 0.48, 75, 500, 11, 208, 18750, 2.5
1, 19873, 252, 256, 256, 16327647, 16457981, 0.48, 75, 500, 11, 229, 18750, 2.5
0, 26250, 250, 306, 318, 18583099, 18422209, 0.48, 75, 500, 11, 317, 18750, 2.5
0, 23631, 245, 274, 268, 17549294, 17048376, 0.48, 75, 500, 11, 262, 18750, 2.5
1, 21261, 239, 252, 255, 16191601, 16237160, 0.48, 75, 500, 11, 225, 18750, 2.5
1, 19715, 231, 233, 238, 15753894, 15814936, 0.48, 75, 500, 11, 225, 18750, 2.5
0, 26250, 256, 310, 308, 18007002, 17721344, 0.48, 75, 500, 11, 286, 18750, 2.5
1, 19025, 268, 269, 271, 16349764, 16360053, 0.48, 75, 500, 11, 207, 18750, 2.5
0, 23891, 248, 298, 266, 17490306, 16934701, 0.48, 75, 500, 11, 259, 18750, 2.5
0, 26250, 259, 313, 301, 18842040, 18392316, 0.48, 75, 500, 11, 282, 18750, 2.5
0, 26250, 225, 287, 278, 18156765, 17944860, 0.48, 75, 500, 11, 297, 18750, 2.5
1, 19897, 252, 254, 264, 15547136, 15643114, 0.48, 75, 500, 11, 234, 18750, 2.5
1, 19366, 288, 290, 290, 15741769, 15769690, 0.48, 75, 500, 11, 197, 18750, 2.5
1, 19002, 251, 252, 254, 15071272, 15098445, 0.48, 75, 500, 11, 195, 18750, 2.5
0, 26250, 265, 312, 324, 19236441, 18847767, 0.48, 75, 500, 11, 316, 18750, 2.5
0, 25871, 246, 292, 305, 18151561, 17488265, 0.48, 75, 500, 11, 282, 18750, 2.5
1, 19295, 283, 285, 286, 15846393, 15865835, 0.48, 75, 500, 11, 207, 18750, 2.5
1, 19354, 245, 249, 250, 15440627, 15503840, 0.48, 75, 500, 11, 202, 18750, 2.5
0, 24820, 252, 293, 300, 18584065, 18103191, 0.48, 75, 500, 11, 275, 18750, 2.5
0, 26250, 248, 299, 299, 18766992, 18213143, 0.48, 75, 500, 11, 342, 18750, 2.5
1, 21640, 240, 260, 259, 16790852, 16877728, 0.48, 75, 500, 11, 262, 18750, 2.5
1, 19787, 258, 261, 267, 15938428, 16060826, 0.48, 75, 500, 11, 209, 18750, 2.5
1, 22065, 236, 253, 269, 16752895, 16844112, 0.48, 75, 500, 11, 248, 18750, 2.5
0, 26250, 250, 301, 299, 18769946, 18450982, 0.48, 75, 500, 11, 298, 18750, 2.5
0, 26250, 244, 291, 301, 18222689, 18141753, 0.48, 75, 500, 11, 288, 18750, 2.5
0, 26250, 254, 301, 322, 19120328, 19077099, 0.48, 75, 500, 11, 312, 18750, 2.5
1, 20899, 235, 250, 247, 16781618, 16793692, 0.48, 75, 500, 11, 232, 18750, 2.5
0, 26250, 265, 319, 319, 18265417, 17825228, 0.48, 75, 500, 11, 281, 18750, 2.5
1, 19840, 262, 268, 269, 15514387, 15608082, 0.48, 75, 500, 11, 229, 18750, 2.5
1, 18994, 247, 249, 251, 16221584, 16274683, 0.48, 75, 500, 11, 206, 18750, 2.5
0, 26250, 281, 331, 328, 19564218, 19379358, 0.48, 75, 500, 11, 283, 18750, 2.5
0, 24063, 264, 301, 294, 18947347, 18144653, 0.48, 75, 500, 11, 255, 18750, 2.5
1, 19330, 268, 271, 274, 15244736, 15317429, 0.48, 75, 500, 11, 224, 18750, 2.5
1, 19519, 251, 255, 260, 15300603, 15401342, 0.48, 75, 500, 11, 225, 18750, 2.5
0, 26250, 263, 309, 310, 18756473, 18698191, 0.48, 75, 500, 11, 283, 18750, 2.5
1, 19259, 242, 243, 246, 15849574, 15935873, 0.48, 75, 500, 11, 252, 18750, 2.5
1, 19579, 248, 250, 253, 15678445, 15731128, 0.48, 75, 500, 11, 210, 18750, 2.5
1, 19066, 279, 282, 282, 15290658, 15343657, 0.48, 75, 500, 11, 240, 18750, 2.5
0, 26250, 267, 327, 315, 19114000, 18670974, 0.48, 75, 500, 11, 293, 18750, 2.5
0, 26250, 246, 297, 312, 18580651, 18497596, 0.48, 75, 500, 11, 309, 18750, 2.5
1, 18864, 267, 269, 269, 15774578, 15794283, 0.48, 75, 500, 11, 231, 18750, 2.5
1, 21563, 245, 255, 261, 17242291, 17368322, 0.48, 75, 500, 11, 218, 18750, 2.5
0, 26250, 267, 316, 315, 18706218, 18462110, 0.48, 75, 500, 11, 283, 18750, 2.5
0, 21263, 250, 264, 260, 17237524, 16807351, 0.48, 75, 500, 11, 221, 18750, 2.5
1, 19349, 234, 235, 237, 15717787, 15787451, 0.48, 75, 500, 11, 232, 18750, 2.5
1, 20405, 236, 242, 246, 16610001, 16658558, 0.48, 75, 500, 11, 232, 18750, 2.5
1, 19688, 242, 249, 246, 15722293, 15825016, 0.48, 75, 500, 11, 214, 18750, 2.5
0, 26250, 264, 322, 335, 19101776, 18639344, 0.48, 75, 500, 11, 290, 18750, 2.5
0, 26250, 267, 305, 330, 19073257, 18814814, 0.48, 75, 500, 11, 294, 18750, 2.5
0, 24663, 261, 301, 310, 17355658, 16951916, 0.48, 75, 500, 11, 305, 18750, 2.5
1, 19365, 252, 256, 255, 11738680, 11798509, 0.48, 75, 500, 8, 120, 18750, 2.5
0, 26250, 248, 309, 296, 18767985, 18190319, 0.48, 75, 500, 11, 282, 18750, 2.5
1, 19708, 238, 245, 245, 11465762, 11551631, 0.48, 75, 500, 8, 123, 18750, 2.5
1, 19311, 235, 236, 241, 15470068, 15592683, 0.48, 75, 500, 11, 235, 18750, 2.5
1, 19285, 203, 206, 206, 11709744, 11745449, 0.48, 75, 500, 8, 115, 18750, 2.5
0, 20695, 261, 271, 275, 11615187, 11295174, 0.48, 75, 500, 8, 148, 18750, 2.5
0, 26250, 262, 308, 309, 18533937, 18264063, 0.48, 75, 500, 11, 320, 18750, 2.5
1, 20613, 248, 259, 265, 16134656, 16257317, 0.48, 75, 500, 11, 237, 18750, 2.5
1, 19101, 247, 253, 254, 15717935, 15742296, 0.48, 75, 500, 11, 229, 18750, 2.5
1, 19326, 244, 246, 250, 15338509, 15447606, 0.48, 75, 500, 11, 205, 18750, 2.5
1, 19168, 250, 251, 254, 15945099, 16026988, 0.48, 75, 500, 11, 196, 18750, 2.5
1, 21960, 257, 273, 283, 16924890, 16991012, 0.48, 75, 500, 11, 244, 18750, 2.5
0, 23060, 276, 318, 298, 17502457, 17067403, 0.48, 75, 500, 11, 255, 18750, 2.5
1, 19164, 253, 254, 257, 15764476, 15779176, 0.48, 75, 500, 11, 229, 18750, 2.5
1, 19583, 248, 251, 261, 11824967, 11950527, 0.48, 75, 500, 8, 122, 18750, 2.5
1, 18915, 260, 261, 263, 11993274, 12030330, 0.48, 75, 500, 8, 116, 18750, 2.5
1, 20175, 263, 268, 268, 12065361, 12143251, 0.48, 75, 500, 8, 144, 18750, 2.5
1, 19396, 259, 265, 262, 11351368, 11403327, 0.48, 75, 500, 8, 136, 18750, 2.5
0, 22377, 258, 282, 285, 13046020, 12622659, 0.48, 75, 500, 8, 154, 18750, 2.5
1, 19608, 278, 281, 284, 11437978, 11554920, 0.48, 75, 500, 8, 136, 18750, 2.5
0, 21188, 261, 275, 275, 12287879, 11976663, 0.48, 75, 500, 8, 156, 18750, 2.5
1, 19508, 273, 278, 277, 12467063, 12525936, 0.48, 75, 500, 8, 139, 18750, 2.5
1, 19303, 221, 223, 226, 11939106, 11965260, 0.48, 75, 500, 8, 149, 18750, 2.5
0, 26250, 250, 290, 316, 14205833, 13882462, 0.48, 75, 500, 8, 175, 18750, 2.5
1, 19725, 236, 240, 244, 11309021, 11350492, 0.48, 75, 500, 8, 143, 18750, 2.5
0, 26250, 243, 289, 303, 13679645, 13614278, 0.48, 75, 500, 8, 186, 18750, 2.5
0, 26250, 257, 320, 309, 13910191, 13767095, 0.48, 75, 500, 8, 178, 18750, 2.5
0, 22420, 241, 269, 265, 13264771, 13005724, 0.48, 75, 500, 8, 151, 18750, 2.5
1, 19039, 275, 276, 277, 11267956, 11270352, 0.48, 75, 500, 8, 133, 18750, 2.5
0, 26250, 264, 332, 323, 13753910, 13440042, 0.48, 75, 500, 8, 187, 18750, 2.5
1, 19254, 256, 257, 260, 12098154, 12144019, 0.48, 75, 500, 8, 130, 18750, 2.5
1, 19754, 266, 271, 271, 11603346, 11681593, 0.48, 75, 500, 8, 163, 18750, 2.5
1, 19429, 261, 265, 267, 12109300, 12131125, 0.48, 75, 500, 8, 148, 18750, 2.5
1, 19393, 241, 242, 248, 11211804, 11232003, 0.48, 75, 500, 8, 134, 18750, 2.5
1, 19265, 271, 276, 275, 11346673, 11384409, 0.48, 75, 500, 8, 132, 18750, 2.5
1, 19120, 244, 245, 247, 11537670, 11586967, 0.48, 75, 500, 8, 141, 18750, 2.5
1, 19011, 256, 257, 262, 11558006, 11564234, 0.48, 75, 500, 8, 122, 18750, 2.5
1, 19317, 254, 257, 257, 11431340, 11436418, 0.48, 75, 500, 8, 135, 18750, 2.5
1, 19124, 230, 233, 234, 11303431, 11337791, 0.48, 75, 500, 8, 117, 18750, 2.5
0, 26250, 243, 304, 288, 14050266, 13709964, 0.48, 75, 500, 8, 164, 18750, 2.5
1, 19255, 259, 264, 264, 11137195, 11173529, 0.48, 75, 500, 8, 123, 18750, 2.5
0, 26250, 239, 293, 298, 13329813, 13054746, 0.48, 75, 500, 8, 184, 18750, 2.5
1, 19064, 231, 232, 233, 11437605, 11467881, 0.48, 75, 500, 8, 130, 18750, 2.5
1, 19058, 254, 257, 259, 11318347, 11359431, 0.48, 75, 500, 8, 124, 18750, 2.5
1, 22928, 282, 307, 313, 12300211, 12366485, 0.48, 75, 500, 8, 153, 18750, 2.5
1, 19617, 265, 267, 270, 11610169, 11705570, 0.48, 75, 500, 8, 128, 18750, 2.5
0, 22214, 264, 289, 281, 12158751, 11699585, 0.48, 75, 500, 8, 170, 18750, 2.5
1, 19729, 263, 269, 269, 12059848, 12099260, 0.48, 75, 500, 8, 149, 18750, 2.5
1, 19817, 259, 263, 268, 11897648, 11949873, 0.48, 75, 500, 8, 156, 18750, 2.5
0, 26250, 238, 291, 278, 13840547, 13498673, 0.48, 75, 500, 8, 194, 18750, 2.5
1, 19573, 247, 253, 253, 11036907, 11082937, 0.48, 75, 500, 8, 156, 18750, 2.5
1, 21414, 252, 267, 269, 12227218, 12247663, 0.48, 75, 500, 8, 157, 18750, 2.5
0, 26250, 233, 287, 293, 13364788, 13176129, 0.48, 75, 500, 8, 208, 18750, 2.5
0, 23921, 264, 304, 298, 13304541, 12862194, 0.48, 75, 500, 8, 178, 18750, 2.5
0, 26250, 257, 319, 309, 13726024, 13704235, 0.48, 75, 500, 8, 183, 18750, 2.5
0, 26250, 237, 282, 274, 13654193, 13259763, 0.48, 75, 500, 8, 193, 18750, 2.5
1, 22986, 241, 267, 267, 13160772, 13306043, 0.48, 75, 500, 8, 162, 18750, 2.5
0, 26250, 258, 305, 308, 13700280, 13386673, 0.48, 75, 500, 8, 196, 18750, 2.5
1, 19397, 250, 253, 255, 11812157, 11825278, 0.48, 75, 500, 8, 139, 18750, 2.5
1, 19662, 271, 272, 275, 11750147, 11826795, 0.48, 75, 500, 8, 153, 18750, 2.5
1, 19205, 262, 264, 265, 11190701, 11249394, 0.48, 75, 500, 8, 145, 18750, 2.5
1, 19277, 254, 257, 260, 11256197, 11292695, 0.48, 75, 500, 8, 136, 18750, 2.5
1, 18958, 270, 271, 273, 11437632, 11490611, 0.48, 75, 500, 8, 136, 18750, 2.5
1, 20894, 247, 268, 261, 12415764, 12452224, 0.48, 75, 500, 8, 141, 18750, 2.5
1, 19284, 254, 257, 261, 11789814, 11847469, 0.48, 75, 500, 8, 137, 18750, 2.5
1, 19991, 275, 279, 285, 11659008, 11706793, 0.48, 75, 500, 8, 147, 18750, 2.5
1, 21187, 271, 282, 285, 12170166, 12213555, 0.48, 75, 500, 8, 155, 18750, 2.5
1, 19434, 239, 245, 246, 10974966, 11026263, 0.48, 75, 500, 8, 135, 18750, 2.5
1, 19559, 275, 277, 280, 11574053, 11757338, 0.48, 75, 500, 8, 139, 18750, 2.5
1, 21773, 266, 290, 288, 12291444, 12340042, 0.48, 75, 500, 8, 154, 18750, 2.5
1, 19325, 263, 265, 268, 11423694, 11486406, 0.48, 75, 500, 8, 135, 18750, 2.5
1, 20353, 250, 264, 257, 11787781, 11846571, 0.48, 75, 500, 8, 154, 18750, 2.5
1, 20584, 268, 283, 285, 12229967, 12251456, 0.48, 75, 500, 8, 164, 18750, 2.5
1, 19291, 265, 268, 269, 11584859, 11602166, 0.48, 75, 500, 8, 147, 18750, 2.5
1, 19048, 244, 245, 246, 11047590, 11055817, 0.48, 75, 500, 8, 146, 18750, 2.5
1, 18974, 250, 251, 252, 11797092, 11834951, 0.48, 75, 500, 8, 140, 18750, 2.5
1, 19588, 252, 254, 258, 11716793, 11730957, 0.48, 75, 500, 8, 144, 18750, 2.5
1, 21299, 255, 275, 269, 12026390, 12047293, 0.48, 75, 500, 8, 165, 18750, 2.5
1, 19273, 241, 244, 245, 11402157, 11437422, 0.48, 75, 500, 8, 134, 18750, 2.5
1, 19344, 261, 264, 267, 11358243, 11407510, 0.48, 75, 500, 8, 136, 18750, 2.5
0, 26250, 260, 314, 303, 14067930, 13848065, 0.48, 75, 500, 8, 190, 18750, 2.5
1, 20078, 263, 269, 270, 11648905, 11768553, 0.48, 75, 500, 8, 150, 18750, 2.5
1, 21110, 264, 282, 275, 12230027, 12289758, 0.48, 75, 500, 8, 155, 18750, 2.5
1, 21769, 258, 281, 275, 12457280, 12481823, 0.48, 75, 500, 8, 165, 18750, 2.5
1, 19784, 248, 255, 258, 11413342, 11454193, 0.48, 75, 500, 8, 141, 18750, 2.5
0, 24896, 247, 291, 296, 13570897, 13182640, 0.48, 75, 500, 8, 198, 18750, 2.5
0, 26250, 273, 336, 306, 13659931, 13370208, 0.48, 75, 500, 8, 198, 18750, 2.5
1, 22026, 241, 253, 254, 11816733, 11878872, 0.48, 75, 500, 8, 134, 18750, 2.5
1, 19252, 264, 266, 268, 11172307, 11238142, 0.48, 75, 500, 8, 155, 18750, 2.5
0, 26250, 272, 327, 311, 13890837, 13563206, 0.48, 75, 500, 8, 179, 18750, 2.5
0, 26250, 276, 327, 315, 13590126, 13392259, 0.48, 75, 500, 8, 190, 18750, 2.5
0, 26250, 247, 315, 288, 13941367, 13730483, 0.48, 75, 500, 8, 193, 18750, 2.5
1, 19097, 228, 229, 231, 11645250, 11664357, 0.48, 75, 500, 8, 130, 18750, 2.5
0, 22896, 245, 281, 266, 12999215, 12649767, 0.48, 75, 500, 8, 169, 18750, 2.5
1, 20051, 226, 235, 234, 11804457, 11837275, 0.48, 75, 500, 8, 157, 18750, 2.5
1, 20795, 267, 281, 277, 11952127, 12027982, 0.48, 75, 500, 8, 146, 18750, 2.5
0, 26250, 223, 282, 274, 13441554, 13249607, 0.48, 75, 500, 8, 180, 18750, 2.5
1, 20798, 252, 269, 260, 11968709, 12092163, 0.48, 75, 500, 8, 145, 18750, 2.5
1, 18905, 248, 250, 251, 11457014, 11509747, 0.48, 75, 500, 8, 121, 18750, 2.5
0, 24395, 249, 298, 279, 12563760, 12131648, 0.48, 75, 500, 8, 162, 18750, 2.5
1, 18788, 230, 231, 232, 11096659, 11204657, 0.48, 75, 500, 8, 137, 18750, 2.5
1, 21588, 262, 285, 282, 12362599, 12407397, 0.48, 75, 500, 8, 148, 18750, 2.5
1, 19706, 265, 270, 274, 11862560, 11972428, 0.48, 75, 500, 8, 144, 18750, 2.5
1, 20616, 243, 251, 255, 11802404, 11821063, 0.48, 75, 500, 8, 146, 18750, 2.5
1, 19440, 240, 241, 246, 11513163, 11519808, 0.48, 75, 500, 8, 137, 18750, 2.5
1, 19454, 255, 259, 263, 10228766, 10241182, 0.48, 75, 500, 7, 114, 18750, 2.5
0, 26250, 271, 321, 334, 13196400, 13110539, 0.48, 75, 500, 8, 188, 18750, 2.5
1, 18965, 255, 259, 258, 11678158, 11700286, 0.48, 75, 500, 8, 128, 18750, 2.5
1, 19423, 251, 256, 257, 11368830, 11446217, 0.48, 75, 500, 8, 145, 18750, 2.5
1, 19191, 250, 251, 252, 9850934, 9920386, 0.48, 75, 500, 7, 123, 18750, 2.5
1, 19245, 238, 239, 242, 11892538, 11901031, 0.48, 75, 500, 8, 140, 18750, 2.5
0, 26250, 236, 278, 272, 13493388, 13437268, 0.48, 75, 500, 8, 177, 18750, 2.5
0, 26250, 242, 308, 300, 11900113, 11684787, 0.48, 75, 500, 7, 151, 18750, 2.5
1, 20750, 251, 270, 269, 10197253, 10242841, 0.48, 75, 500, 7, 132, 18750, 2.5
1, 19289, 254, 258, 257, 10175424, 10205168, 0.48, 75, 500, 7, 117, 18750, 2.5
1, 19522, 259, 260, 262, 10294763, 10303997, 0.48, 75, 500, 7, 107, 18750, 2.5
1, 20890, 250, 266, 261, 10620868, 10631123, 0.48, 75, 500, 7, 121, 18750, 2.5
1, 22806, 258, 278, 290, 10638826, 10966383, 0.48, 75, 500, 7, 129, 18750, 2.5
1, 19315, 249, 253, 255, 10260735, 10300318, 0.48, 75, 500, 7, 107, 18750, 2.5
0, 25718, 248, 297, 305, 12030513, 11692172, 0.48, 75, 500, 7, 159, 18750, 2.5
1, 19497, 269, 272, 272, 9802812, 9893512, 0.48, 75, 500, 7, 117, 18750, 2.5
1, 19273, 257, 258, 261, 10006208, 10021745, 0.48, 75, 500, 7, 117, 18750, 2.5
1, 20849, 237, 251, 239, 10570310, 10609321, 0.48, 75, 500, 7, 133, 18750, 2.5
1, 20394, 257, 265, 269, 9933229, 10007054, 0.48, 75, 500, 7, 124, 18750, 2.5
1, 21950, 242, 263, 265, 11009155, 11129492, 0.48, 75, 500, 7, 126, 18750, 2.5
0, 21393, 259, 288, 282, 10669088, 10448417, 0.48, 75, 500, 7, 127, 18750, 2.5
1, 19209, 246, 248, 248, 9978477, 10010681, 0.48, 75, 500, 7, 101, 18750, 2.5
1, 19406, 255, 260, 259, 10748166, 10800593, 0.48, 75, 500, 7, 122, 18750, 2.5
0, 26250, 262, 319, 327, 11995942, 11696360, 0.48, 75, 500, 7, 164, 18750, 2.5
0, 26250, 258, 313, 297, 12028187, 11883663, 0.48, 75, 500, 7, 157, 18750, 2.5
1, 19038, 251, 252, 254, 10320233, 10346735, 0.48, 75, 500, 7, 97, 18750, 2.5
1, 18977, 250, 251, 253, 9644719, 9675623, 0.48, 75, 500, 7, 107, 18750, 2.5
0, 26044, 238, 278, 288, 11810486, 11399388, 0.48, 75, 500, 7, 165, 18750, 2.5
1, 19234, 237, 241, 242, 10036155, 10077513, 0.48, 75, 500, 7, 100, 18750, 2.5
1, 19792, 247, 249, 252, 10471831, 10563946, 0.48, 75, 500, 7, 113, 18750, 2.5
1, 19287, 266, 267, 272, 9985942, 10026038, 0.48, 75, 500, 7, 104, 18750, 2.5
1, 18919, 220, 221, 224, 10213603, 10221018, 0.48, 75, 500, 7, 121, 18750, 2.5
1, 19259, 224, 227, 230, 10080868, 10098655, 0.48, 75, 500, 7, 108, 18750, 2.5
1, 19385, 272, 273, 275, 10035154, 10091418, 0.48, 75, 500, 7, 112, 18750, 2.5
1, 19635, 246, 251, 252, 9887265, 9917877, 0.48, 75, 500, 7, 107, 18750, 2.5
1, 19134, 265, 267, 268, 9902085, 9987349, 0.48, 75, 500, 7, 108, 18750, 2.5
0, 21370, 258, 272, 280, 10696612, 10318077, 0.48, 75, 500, 7, 127, 18750, 2.5
1, 21368, 260, 282, 276, 10646847, 10653989, 0.48, 75, 500, 7, 110, 18750, 2.5
1, 19598, 239, 245, 245, 10632014, 10686226, 0.48, 75, 500, 7, 117, 18750, 2.5
1, 19130, 254, 255, 257, 9715301, 9749455, 0.48, 75, 500, 7, 101, 18750, 2.5
1, 20042, 246, 251, 254, 10356370, 10418565, 0.48, 75, 500, 7, 116, 18750, 2.5
1, 20046, 277, 285, 285, 10583310, 10606025, 0.48, 75, 500, 7, 121, 18750, 2.5
1, 19263, 269, 272, 273, 9849989, 9888707, 0.48, 75, 500, 7, 96, 18750, 2.5
1, 19260, 249, 252, 253, 9935853, 9979511, 0.48, 75, 500, 7, 108, 18750, 2.5
1, 19228, 240, 243, 244, 9595064, 9622839, 0.48, 75, 500, 7, 126, 18750, 2.5
0, 26250, 224, 270, 266, 12151252, 11922786, 0.48, 75, 500, 7, 150, 18750, 2.5
1, 21173, 223, 236, 236, 10441298, 10470077, 0.48, 75, 500, 7, 113, 18750, 2.5
0, 24813, 240, 280, 272, 11420291, 11163055, 0.48, 75, 500, 7, 126, 18750, 2.5
1, 22346, 236, 272, 257, 10938571, 11023171, 0.48, 75, 500, 7, 133, 18750, 2.5
1, 19337, 239, 241, 242, 10188190, 10241477, 0.48, 75, 500, 7, 111, 18750, 2.5
1, 19693, 276, 280, 280, 10016209, 10105542, 0.48, 75, 500, 7, 103, 18750, 2.5
0, 25962, 231, 274, 289, 12213027, 11913027, 0.48, 75, 500, 7, 156, 18750, 2.5
1, 19681, 223, 229, 229, 11232943, 11275136, 0.48, 75, 500, 7, 115, 18750, 2.5
1, 19476, 253, 256, 259, 10135320, 10151781, 0.48, 75, 500, 7, 119, 18750, 2.5
0, 26250, 237, 298, 279, 11883169, 11695090, 0.48, 75, 500, 7, 161, 18750, 2.5
1, 20593, 277, 283, 287, 10934580, 11006973, 0.48, 75, 500, 7, 117, 18750, 2.5
1, 19815, 258, 259, 266, 10017018, 10110677, 0.48, 75, 500, 7, 113, 18750, 2.5
1, 19818, 246, 252, 250, 10192528, 10193111, 0.48, 75, 500, 7, 115, 18750, 2.5
1, 18983, 249, 250, 253, 10070314, 10082514, 0.48, 75, 500, 7, 106, 18750, 2.5
0, 26250, 258, 306, 299, 11959067, 11810238, 0.48, 75, 500, 7, 138, 18750, 2.5
0, 26250, 242, 290, 299, 11809433, 11486050, 0.48, 75, 500, 7, 146, 18750, 2.5
1, 19385, 246, 247, 251, 10254567, 10284865, 0.48, 75, 500, 7, 128, 18750, 2.5
1, 19417, 261, 263, 265, 10161315, 10229308, 0.48, 75, 500, 7, 112, 18750, 2.5
1, 19092, 238, 240, 240, 9757209, 9784132, 0.48, 75, 500, 7, 102, 18750, 2.5
1, 20027, 242, 248, 247, 10041351, 10059975, 0.48, 75, 500, 7, 124, 18750, 2.5
0, 26250, 243, 309, 292, 12182366, 12097465, 0.48, 75, 500, 7, 147, 18750, 2.5
0, 26250, 255, 299, 303, 11939829, 11738291, 0.48, 75, 500, 7, 165, 18750, 2.5
1, 19207, 249, 252, 255, 9757986, 9777582, 0.48, 75, 500, 7, 116, 18750, 2.5
1, 20307, 249, 256, 256, 10377485, 10388065, 0.48, 75, 500, 7, 112, 18750, 2.5
0, 26250, 245, 301, 300, 11685079, 11459494, 0.48, 75, 500, 7, 149, 18750, 2.5
1, 20060, 257, 262, 262, 10361320, 10446416, 0.48, 75, 500, 7, 122, 18750, 2.5
1, 20582, 255, 273, 274, 10289945, 10304696, 0.48, 75, 500, 7, 111, 18750, 2.5
1, 19632, 266, 270, 270, 10452554, 10482286, 0.48, 75, 500, 7, 121, 18750, 2.5
1, 19473, 254, 258, 260, 10343297, 10447453, 0.48, 75, 500, 7, 118, 18750, 2.5
1, 19379, 230, 232, 234, 9741276, 9749952, 0.48, 75, 500, 7, 120, 18750, 2.5
1, 19440, 232, 235, 237, 10017841, 10034280, 0.48, 75, 500, 7, 103, 18750, 2.5
0, 26250, 245, 305, 302, 12462895, 12098222, 0.48, 75, 500, 7, 163, 18750, 2.5
1, 19306, 233, 239, 236, 9924765, 9965478, 0.48, 75, 500, 7, 115, 18750, 2.5
1, 19160, 237, 238, 243, 10177790, 10231448, 0.48, 75, 500, 7, 102, 18750, 2.5
1, 19157, 254, 257, 257, 9811921, 9844696, 0.48, 75, 500, 7, 102, 18750, 2.5
1, 19277, 259, 260, 263, 10204284, 10218060, 0.48, 75, 500, 7, 105, 18750, 2.5
0, 26250, 257, 316, 307, 12517411, 12436834, 0.48, 75, 500, 7, 151, 18750, 2.5
0, 25010, 241, 304, 280, 11627199, 11165098, 0.48, 75, 500, 7, 135, 18750, 2.5
1, 22302, 230, 254, 252, 10654016, 10680865, 0.48, 75, 500, 7, 125, 18750, 2.5
1, 19710, 259, 265, 264, 9889948, 9910140, 0.48, 75, 500, 7, 132, 18750, 2.5
0, 26250, 264, 315, 314, 12092514, 11898697, 0.48, 75, 500, 7, 164, 18750, 2.5
0, 26250, 235, 306, 279, 12146392, 11763940, 0.48, 75, 500, 7, 158, 18750, 2.5
0, 23217, 265, 305, 292, 11744006, 11318846, 0.48, 75, 500, 7, 135, 18750, 2.5
1, 20886, 247, 267, 264, 10136860, 10152361, 0.48, 75, 500, 7, 129, 18750, 2.5
0, 26250, 244, 325, 286, 11369939, 11006442, 0.48, 75, 500, 7, 152, 18750, 2.5
1, 18978, 268, 269, 271, 9708717, 9733707, 0.48, 75, 500, 7, 112, 18750, 2.5
1, 19728, 264, 272, 267, 10067568, 10155608, 0.48, 75, 500, 7, 108, 18750, 2.5
1, 19370, 258, 260, 260, 10160419, 10168993, 0.48, 75, 500, 7, 118, 18750, 2.5
1, 23267, 225, 254, 252, 11511059, 11550524, 0.48, 75, 500, 7, 136, 18750, 2.5
1, 19171, 228, 232, 231, 10203120, 10228151, 0.48, 75, 500, 7, 115, 18750, 2.5
1, 20381, 274, 285, 286, 10074681, 10186044, 0.48, 75, 500, 7, 113, 18750, 2.5
1, 24461, 238, 274, 281, 11213269, 11235295, 0.48, 75, 500, 7, 150, 18750, 2.5
1, 19122, 241, 242, 243, 10116185, 10122306, 0.48, 75, 500, 7, 120, 18750, 2.5
1, 19595, 263, 265, 266, 9882203, 9923290, 0.48, 75, 500, 7, 114, 18750, 2.5
1, 20189, 246, 253, 260, 10403205, 10585759, 0.48, 75, 500, 7, 122, 18750, 2.5
1, 19296, 280, 283, 285, 9851368, 9914065, 0.48, 75, 500, 7, 121, 18750, 2.5
1, 19630, 241, 244, 247, 8750664, 8774037, 0.48, 75, 500, 6, 93, 18750, 2.5
1, 19294, 258, 264, 262, 10130860, 10159346, 0.48, 75, 500, 7, 106, 18750, 2.5
0, 25978, 264, 327, 312, 11704426, 11370443, 0.48, 75, 500, 7, 157, 18750, 2.5
1, 18999, 248, 252, 251, 9672142, 9682146, 0.48, 75, 500, 7, 117, 18750, 2.5
0, 25139, 268, 308, 299, 12127786, 11750571, 0.48, 75, 500, 7, 151, 18750, 2.5
1, 18947, 240, 241, 243, 8514851, 8564097, 0.48, 75, 500, 6, 94, 18750, 2.5
1, 20269, 220, 226, 231, 9279568, 9293745, 0.48, 75, 500, 6, 101, 18750, 2.5
1, 19168, 269, 271, 273, 8175271, 8224575, 0.48, 75, 500, 6, 90, 18750, 2.5
0, 26250, 268, 325, 302, 10419798, 10303507, 0.48, 75, 500, 6, 137, 18750, 2.5
1, 19047, 245, 247, 248, 9109937, 9119901, 0.48, 75, 500, 6, 80, 18750, 2.5
0, 26250, 264, 313, 310, 10552495, 10299345, 0.48, 75, 500, 6, 126, 18750, 2.5
1, 20025, 250, 256, 257, 8951995, 8972498, 0.48, 75, 500, 6, 88, 18750, 2.5
0, 26250, 243, 291, 284, 10361348, 10245427, 0.48, 75, 500, 6, 138, 18750, 2.5
0, 20929, 238, 257, 253, 8890045, 8598492, 0.48, 75, 500, 6, 106, 18750, 2.5
1, 22597, 273, 304, 298, 9279821, 9319666, 0.48, 75, 500, 6, 109, 18750, 2.5
0, 21790, 268, 292, 282, 9255143, 8972822, 0.48, 75, 500, 6, 89, 18750, 2.5
1, 19262, 242, 245, 244, 8362772, 8419168, 0.48, 75, 500, 6, 92, 18750, 2.5
1, 19692, 262, 269, 265, 8925336, 8930169, 0.48, 75, 500, 6, 91, 18750, 2.5
1, 19296, 266, 269, 270, 8828987, 8850426, 0.48, 75, 500, 6, 88, 18750, 2.5
1, 19340, 259, 260, 265, 8606730, 8668764, 0.48, 75, 500, 6, 91, 18750, 2.5
1, 20461, 247, 257, 256, 8271806, 8359695, 0.48, 75, 500, 6, 86, 18750, 2.5
1, 20895, 264, 283, 285, 9195789, 9233887, 0.48, 75, 500, 6, 100, 18750, 2.5
1, 20181, 223, 233, 232, 9133444, 9197403, 0.48, 75, 500, 6, 86, 18750, 2.5
1, 19441, 272, 274, 277, 8303689, 8381948, 0.48, 75, 500, 6, 100, 18750, 2.5
1, 20119, 245, 249, 256, 8234042, 8255995, 0.48, 75, 500, 6, 81, 18750, 2.5
1, 19953, 270, 272, 277, 8616362, 8651836, 0.48, 75, 500, 6, 86, 18750, 2.5
1, 20142, 233, 236, 239, 9208043, 9259471, 0.48, 75, 500, 6, 84, 18750, 2.5
1, 18902, 232, 233, 234, 8376777, 8376967, 0.48, 75, 500, 6, 89, 18750, 2.5
0, 26250, 263, 300, 315, 10275536, 10103847, 0.48, 75, 500, 6, 118, 18750, 2.5
0, 26250, 245, 292, 297, 10264186, 10164216, 0.48, 75, 500, 6, 126, 18750, 2.5
1, 19130, 270, 271, 272, 8480048, 8492923, 0.48, 75, 500, 6, 100, 18750, 2.5
1, 19578, 260, 262, 262, 8483542, 8542575, 0.48, 75, 500, 6, 103, 18750, 2.5
1, 19890, 258, 264, 268, 8430389, 8515287, 0.48, 75, 500, 6, 94, 18750, 2.5
0, 26129, 242, 302, 285, 10402174, 10105802, 0.48, 75, 500, 6, 117, 18750, 2.5
1, 19208, 267, 269, 273, 8078309, 8086706, 0.48, 75, 500, 6, 82, 18750, 2.5
1, 20231, 223, 232, 237, 8930315, 8954975, 0.48, 75, 500, 6, 84, 18750, 2.5
1, 23752, 224, 258, 262, 9090148, 9150198, 0.48, 75, 500, 6, 112, 18750, 2.5
0, 22995, 241, 267, 273, 9590944, 9271102, 0.48, 75, 500, 6, 108, 18750, 2.5
1, 19011, 254, 257, 257, 8380967, 8385162, 0.48, 75, 500, 6, 97, 18750, 2.5
1, 18801, 234, 236, 236, 8112505, 8112524, 0.48, 75, 500, 6, 96, 18750, 2.5
1, 19324, 269, 272, 274, 8736103, 8763134, 0.48, 75, 500, 6, 98, 18750, 2.5
1, 19422, 264, 265, 268, 8562184, 8635868, 0.48, 75, 500, 6, 93, 18750, 2.5
0, 26250, 246, 309, 294, 10408510, 10278135, 0.48, 75, 500, 6, 136, 18750, 2.5
1, 19669, 223, 224, 231, 8821392, 8835647, 0.48, 75, 500, 6, 98, 18750, 2.5
1, 20470, 270, 274, 280, 8452556, 8586943, 0.48, 75, 500, 6, 100, 18750, 2.5
1, 18974, 270, 271, 275, 8624911, 8636519, 0.48, 75, 500, 6, 90, 18750, 2.5
1, 19986, 237, 242, 245, 8511938, 8572052, 0.48, 75, 500, 6, 94, 18750, 2.5
1, 22166, 228, 255, 250, 9484968, 9512898, 0.48, 75, 500, 6, 101, 18750, 2.5
1, 19536, 256, 259, 266, 8552952, 8574615, 0.48, 75, 500, 6, 92, 18750, 2.5
0, 22417, 258, 281, 283, 9306777, 8884176, 0.48, 75, 500, 6, 114, 18750, 2.5
1, 18846, 230, 231, 232, 8472928, 8500778, 0.48, 75, 500, 6, 86, 18750, 2.5
1, 22801, 249, 279, 283, 9218640, 9314600, 0.48, 75, 500, 6, 115, 18750, 2.5
0, 25727, 262, 327, 306, 9689089, 9356664, 0.48, 75, 500, 6, 130, 18750, 2.5
1, 19557, 256, 258, 259, 9204851, 9287537, 0.48, 75, 500, 6, 97, 18750, 2.5
1, 21151, 234, 247, 248, 9279592, 9297672, 0.48, 75, 500, 6, 107, 18750, 2.5
1, 19468, 253, 254, 256, 8903538, 8916530, 0.48, 75, 500, 6, 89, 18750, 2.5
1, 19639, 270, 273, 275, 8760630, 8831068, 0.48, 75, 500, 6, 96, 18750, 2.5
1, 19177, 262, 263, 264, 8791932, 8800809, 0.48, 75, 500, 6, 90, 18750, 2.5
1, 21205, 252, 261, 265, 8968699, 9002016, 0.48, 75, 500, 6, 93, 18750, 2.5
1, 19091, 258, 259, 262, 8730053, 8744066, 0.48, 75, 500, 6, 86, 18750, 2.5
0, 26250, 270, 323, 316, 10355642, 10274533, 0.48, 75, 500, 6, 128, 18750, 2.5
1, 19612, 247, 248, 255, 8453107, 8536870, 0.48, 75, 500, 6, 99, 18750, 2.5
0, 26250, 250, 280, 318, 10281587, 10118634, 0.48, 75, 500, 6, 134, 18750, 2.5
1, 19378, 238, 240, 243, 8356058, 8377822, 0.48, 75, 500, 6, 93, 18750, 2.5
1, 19108, 252, 253, 254, 8680884, 8714122, 0.48, 75, 500, 6, 90, 18750, 2.5
1, 19387, 235, 239, 240, 8281498, 8315393, 0.48, 75, 500, 6, 99, 18750, 2.5
1, 18972, 245, 246, 247, 8483797, 8525275, 0.48, 75, 500, 6, 84, 18750, 2.5
1, 18830, 263, 264, 265, 8973520, 9000994, 0.48, 75, 500, 6, 85, 18750, 2.5
0, 26250, 244, 296, 303, 9860738, 9644405, 0.48, 75, 500, 6, 132, 18750, 2.5
1, 19833, 264, 269, 269, 8602056, 8690498, 0.48, 75, 500, 6, 110, 18750, 2.5
1, 24531, 252, 294, 295, 9507606, 9642323, 0.48, 75, 500, 6, 131, 18750, 2.5
1, 19721, 264, 268, 272, 8120231, 8219527, 0.48, 75, 500, 6, 92, 18750, 2.5
1, 19765, 238, 248, 246, 8591049, 8616789, 0.48, 75, 500, 6, 87, 18750, 2.5
1, 19105, 250, 252, 255, 8546188, 8576294, 0.48, 75, 500, 6, 83, 18750, 2.5
0, 26250, 267, 323, 322, 10310546, 10133678, 0.48, 75, 500, 6, 141, 18750, 2.5
0, 25498, 260, 296, 307, 10027858, 9746651, 0.48, 75, 500, 6, 119, 18750, 2.5
1, 19136, 233, 237, 237, 8284723, 8326420, 0.48, 75, 500, 6, 89, 18750, 2.5
0, 26250, 246, 294, 295, 10497565, 10338047, 0.48, 75, 500, 6, 125, 18750, 2.5
1, 19267, 216, 222, 219, 8904448, 8934884, 0.48, 75, 500, 6, 82, 18750, 2.5
1, 23168, 255, 293, 291, 9636110, 9646078, 0.48, 75, 500, 6, 112, 18750, 2.5
0, 26250, 251, 320, 311, 10186404, 10075478, 0.48, 75, 500, 6, 120, 18750, 2.5
1, 19827, 244, 247, 252, 8480733, 8525233, 0.48, 75, 500, 6, 92, 18750, 2.5
0, 23577, 247, 275, 280, 10152646, 9842532, 0.48, 75, 500, 6, 124, 18750, 2.5
1, 19578, 240, 244, 246, 8741271, 8755233, 0.48, 75, 500, 6, 101, 18750, 2.5
1, 19265, 288, 289, 290, 8528708, 8539495, 0.48, 75, 500, 6, 93, 18750, 2.5
1, 20470, 239, 249, 255, 8711787, 8744584, 0.48, 75, 500, 6, 117, 18750, 2.5
1, 23118, 237, 277, 262, 9353720, 9356649, 0.48, 75, 500, 6, 115, 18750, 2.5
0, 26250, 266, 326, 312, 9873330, 9713486, 0.48, 75, 500, 6, 135, 18750, 2.5
1, 19848, 234, 243, 240, 8878927, 8922502, 0.48, 75, 500, 6, 84, 18750, 2.5
1, 19315, 250, 253, 257, 8337036, 8339906, 0.48, 75, 500, 6, 94, 18750, 2.5
0, 26250, 279, 337, 300, 10152774, 10165467, 0.48, 75, 500, 6, 132, 18750, 2.5
1, 19097, 262, 268, 265, 8496883, 8510542, 0.48, 75, 500, 6, 91, 18750, 2.5
0, 26250, 250, 299, 288, 10132649, 10026156, 0.48, 75, 500, 6, 118, 18750, 2.5
1, 19139, 256, 257, 259, 8556937, 8584447, 0.48, 75, 500, 6, 91, 18750, 2.5
0, 26250, 247, 278, 304, 10668098, 10603767, 0.48, 75, 500, 6, 126, 18750, 2.5
1, 18901, 256, 257, 258, 8486803, 8530988, 0.48, 75, 500, 6, 88, 18750, 2.5
1, 20029, 244, 252, 252, 8751942, 8795931, 0.48, 75, 500, 6, 95, 18750, 2.5
1, 19087, 279, 281, 281, 8808593, 8816282, 0.48, 75, 500, 6, 101, 18750, 2.5
1, 20044, 261, 269, 270, 8787841, 8812332, 0.48, 75, 500, 6, 105, 18750, 2.5
1, 19590, 256, 262, 259, 8538930, 8587547, 0.48, 75, 500, 6, 100, 18750, 2.5
0, 24190, 253, 291, 287, 10000055, 9666511, 0.48, 75, 500, 6, 113, 18750, 2.5
1, 19466, 239, 242, 242, 7143706, 7183281, 0.48, 75, 500, 5, 80, 18750, 2.5
1, 19201, 215, 216, 218, 8518671, 8598012, 0.48, 75, 500, 6, 96, 18750, 2.5
1, 19114, 244, 245, 246, 7280504, 7302910, 0.48, 75, 500, 5, 73, 18750, 2.5
1, 19063, 263, 264, 266, 8736487, 8767715, 0.48, 75, 500, 6, 97, 18750, 2.5
1, 19352, 273, 276, 278, 7258580, 7267447, 0.48, 75, 500, 5, 80, 18750, 2.5
1, 18860, 268, 269, 270, 7291994, 7311247, 0.48, 75, 500, 5, 66, 18750, 2.5
0, 26250, 256, 318, 310, 8218182, 8005888, 0.48, 75, 500, 5, 100, 18750, 2.5
0, 26250, 245, 302, 303, 10173297, 9846141, 0.48, 75, 500, 6, 136, 18750, 2.5
1, 18961, 226, 228, 229, 6881175, 6905133, 0.48, 75, 500, 5, 69, 18750, 2.5
0, 26250, 244, 303, 283, 8339361, 8278279, 0.48, 75, 500, 5, 112, 18750, 2.5
1, 19128, 224, 226, 227, 7283057, 7299081, 0.48, 75, 500, 5, 78, 18750, 2.5
1, 19226, 225, 228, 228, 7330485, 7434132, 0.48, 75, 500, 5, 68, 18750, 2.5
1, 22458, 252, 282, 286, 7830995, 7861308, 0.48, 75, 500, 5, 92, 18750, 2.5
1, 19047, 268, 269, 271, 7003799, 7023815, 0.48, 75, 500, 5, 74, 18750, 2.5
1, 19504, 252, 254, 255, 7136096, 7160772, 0.48, 75, 500, 5, 67, 18750, 2.5
0, 26250, 262, 309, 307, 8506402, 8298871, 0.48, 75, 500, 5, 114, 18750, 2.5
1, 18975, 250, 253, 254, 6936242, 6943072, 0.48, 75, 500, 5, 81, 18750, 2.5
0, 26250, 267, 311, 319, 8485697, 8384586, 0.48, 75, 500, 5, 94, 18750, 2.5
0, 26250, 258, 326, 317, 8713211, 8494530, 0.48, 75, 500, 5, 101, 18750, 2.5
1, 19476, 259, 260, 265, 7565109, 7594196, 0.48, 75, 500, 5, 74, 18750, 2.5
1, 20234, 256, 266, 273, 7022456, 7049515, 0.48, 75, 500, 5, 71, 18750, 2.5
1, 18922, 259, 260, 261, 7126231, 7139517, 0.48, 75, 500, 5, 63, 18750, 2.5
1, 19270, 212, 216, 217, 6971707, 7009256, 0.48, 75, 500, 5, 67, 18750, 2.5
1, 19283, 241, 242, 243, 7248826, 7255356, 0.48, 75, 500, 5, 76, 18750, 2.5
1, 19272, 227, 228, 234, 6887763, 6904174, 0.48, 75, 500, 5, 76, 18750, 2.5
1, 19430, 233, 235, 235, 7255132, 7276178, 0.48, 75, 500, 5, 72, 18750, 2.5
1, 20167, 259, 268, 271, 7333851, 7352692, 0.48, 75, 500, 5, 74, 18750, 2.5
1, 19953, 250, 251, 258, 7429300, 7476666, 0.48, 75, 500, 5, 75, 18750, 2.5
1, 21169, 274, 291, 295, 7581280, 7600800, 0.48, 75, 500, 5, 84, 18750, 2.5
0, 23102, 259, 300, 289, 7787462, 7529517, 0.48, 75, 500, 5, 99, 18750, 2.5
0, 26250, 225, 274, 269, 8899652, 8754765, 0.48, 75, 500, 5, 111, 18750, 2.5
1, 18947, 252, 253, 254, 7170364, 7182411, 0.48, 75, 500, 5, 71, 18750, 2.5
1, 19425, 252, 255, 261, 7728654, 7760169, 0.48, 75, 500, 5, 79, 18750, 2.5
0, 26250, 232, 299, 289, 8566280, 8375838, 0.48, 75, 500, 5, 108, 18750, 2.5
1, 24467, 249, 301, 275, 8000860, 8022788, 0.48, 75, 500, 5, 91, 18750, 2.5
1, 19030, 263, 264, 265, 6906753, 6907704, 0.48, 75, 500, 5, 77, 18750, 2.5
0, 25331, 259, 306, 303, 8262202, 7903526, 0.48, 75, 500, 5, 98, 18750, 2.5
0, 26250, 279, 327, 342, 8360682, 8220610, 0.48, 75, 500, 5, 110, 18750, 2.5
0, 21265, 258, 271, 271, 7777722, 7579381, 0.48, 75, 500, 5, 83, 18750, 2.5
0, 26250, 254, 301, 304, 8722908, 8740139, 0.48, 75, 500, 5, 104, 18750, 2.5
0, 21208, 250, 267, 263, 7876277, 7713479, 0.48, 75, 500, 5, 85, 18750, 2.5
1, 19165, 227, 228, 231, 7147141, 7193863, 0.48, 75, 500, 5, 71, 18750, 2.5
0, 26250, 273, 338, 323, 8656088, 8479079, 0.48, 75, 500, 5, 114, 18750, 2.5
0, 21126, 253, 272, 269, 7854587, 7615463, 0.48, 75, 500, 5, 83, 18750, 2.5
1, 19900, 246, 252, 252, 7258689, 7315006, 0.48, 75, 500, 5, 71, 18750, 2.5
1, 19020, 255, 257, 258, 7053618, 7115702, 0.48, 75, 500, 5, 73, 18750, 2.5
1, 19344, 232, 235, 237, 7642728, 7670425, 0.48, 75, 500, 5, 69, 18750, 2.5
1, 21484, 265, 284, 285, 7228213, 7285822, 0.48, 75, 500, 5, 84, 18750, 2.5
1, 19291, 264, 269, 267, 7509025, 7521731, 0.48, 75, 500, 5, 73, 18750, 2.5
1, 19041, 229, 230, 233, 7265420, 7275091, 0.48, 75, 500, 5, 75, 18750, 2.5
1, 19301, 244, 246, 250, 7111710, 7145653, 0.48, 75, 500, 5, 72, 18750, 2.5
0, 26250, 251, 303, 297, 9151544, 8862654, 0.48, 75, 500, 5, 96, 18750, 2.5
1, 19799, 259, 265, 267, 7326248, 7362495, 0.48, 75, 500, 5, 77, 18750, 2.5
1, 22188, 237, 255, 249, 7993593, 8050511, 0.48, 75, 500, 5, 80, 18750, 2.5
1, 20208, 266, 272, 273, 7116551, 7168880, 0.48, 75, 500, 5, 74, 18750, 2.5
0, 25239, 263, 307, 302, 8409809, 8103436, 0.48, 75, 500, 5, 99, 18750, 2.5
1, 19089, 223, 226, 227, 7333573, 7372209, 0.48, 75, 500, 5, 72, 18750, 2.5
1, 24956, 255, 295, 299, 8068144, 8109203, 0.48, 75, 500, 5, 89, 18750, 2.5
1, 21157, 238, 252, 258, 7244347, 7270053, 0.48, 75, 500, 5, 79, 18750, 2.5
1, 19062, 235, 236, 239, 6941800, 6950470, 0.48, 75, 500, 5, 76, 18750, 2.5
0, 26250, 256, 309, 326, 8790309, 8680719, 0.48, 75, 500, 5, 101, 18750, 2.5
1, 19215, 279, 281, 283, 7221594, 7239851, 0.48, 75, 500, 5, 65, 18750, 2.5
1, 19215, 265, 266, 267, 7169493, 7178281, 0.48, 75, 500, 5, 69, 18750, 2.5
1, 20638, 243, 254, 255, 7861722, 7904523, 0.48, 75, 500, 5, 81, 18750, 2.5
1, 21089, 234, 249, 246, 7636680, 7659225, 0.48, 75, 500, 5, 84, 18750, 2.5
1, 19418, 256, 259, 260, 7170034, 7235943, 0.48, 75, 500, 5, 74, 18750, 2.5
1, 18907, 243, 244, 246, 7105584, 7106229, 0.48, 75, 500, 5, 65, 18750, 2.5
1, 19014, 231, 233, 235, 7092498, 7107050, 0.48, 75, 500, 5, 75, 18750, 2.5
1, 19135, 243, 246, 245, 6855146, 6862286, 0.48, 75, 500, 5, 79, 18750, 2.5
0, 26250, 240, 306, 299, 8578731, 8432651, 0.48, 75, 500, 5, 101, 18750, 2.5
1, 20475, 252, 254, 258, 7396731, 7438982, 0.48, 75, 500, 5, 73, 18750, 2.5
1, 19239, 265, 269, 270, 6599482, 6609966, 0.48, 75, 500, 5, 71, 18750, 2.5
1, 19593, 247, 253, 258, 7212722, 7224091, 0.48, 75, 500, 5, 68, 18750, 2.5
1, 19081, 235, 239, 241, 7105912, 7113065, 0.48, 75, 500, 5, 68, 18750, 2.5
0, 26250, 283, 334, 334, 8221915, 7986671, 0.48, 75, 500, 5, 89, 18750, 2.5
1, 20009, 261, 265, 267, 7297549, 7401989, 0.48, 75, 500, 5, 69, 18750, 2.5
1, 19065, 256, 257, 262, 6993274, 7020086, 0.48, 75, 500, 5, 68, 18750, 2.5
0, 22787, 244, 268, 269, 7845935, 7669503, 0.48, 75, 500, 5, 79, 18750, 2.5
1, 21705, 260, 275, 278, 7713734, 7717721, 0.48, 75, 500, 5, 81, 18750, 2.5
1, 19309, 270, 274, 275, 7026050, 7049656, 0.48, 75, 500, 5, 72, 18750, 2.5
1, 19230, 230, 232, 232, 6709091, 6736043, 0.48, 75, 500, 5, 77, 18750, 2.5
1, 18854, 258, 260, 261, 7542825, 7568885, 0.48, 75, 500, 5, 65, 18750, 2.5
0, 26250, 234, 289, 295, 8549981, 8479383, 0.48, 75, 500, 5, 114, 18750, 2.5
0, 26250, 245, 305, 290, 8203526, 8180497, 0.48, 75, 500, 5, 103, 18750, 2.5
1, 19781, 254, 259, 262, 7324810, 7388261, 0.48, 75, 500, 5, 76, 18750, 2.5
1, 19177, 258, 261, 260, 7279371, 7366804, 0.48, 75, 500, 5, 74, 18750, 2.5
0, 26250, 232, 300, 259, 8775131, 8766207, 0.48, 75, 500, 5, 91, 18750, 2.5
1, 20237, 221, 231, 227, 7172464, 7182246, 0.48, 75, 500, 5, 73, 18750, 2.5
1, 19130, 250, 251, 254, 7789150, 7854610, 0.48, 75, 500, 5, 76, 18750, 2.5
0, 24686, 234, 279, 276, 8143502, 7890000, 0.48, 75, 500, 5, 89, 18750, 2.5
1, 21211, 255, 264, 274, 7363276, 7413403, 0.48, 75, 500, 5, 74, 18750, 2.5
1, 19763, 257, 262, 262, 7341560, 7410959, 0.48, 75, 500, 5, 72, 18750, 2.5
1, 19751, 236, 242, 243, 7314974, 7334021, 0.48, 75, 500, 5, 78, 18750, 2.5
1, 19174, 232, 233, 237, 7002966, 7021588, 0.48, 75, 500, 5, 70, 18750, 2.5
0, 21554, 252, 267, 269, 7763903, 7582820, 0.48, 75, 500, 5, 83, 18750, 2.5
1, 19448, 227, 228, 236, 7110959, 7138367, 0.48, 75, 500, 5, 66, 18750, 2.5
1, 20682, 256, 270, 275, 7248237, 7277243, 0.48, 75, 500, 5, 70, 18750, 2.5
1, 20178, 255, 260, 266, 6094388, 6168641, 0.48, 75, 500, 4, 53, 18750, 2.5
1, 19092, 261, 262, 264, 7023698, 7036329, 0.48, 75, 500, 5, 63, 18750, 2.5
1, 22964, 229, 253, 258, 7887611, 7930035, 0.48, 75, 500, 5, 88, 18750, 2.5
1, 19050, 236, 237, 239, 7079956, 7106564, 0.48, 75, 500, 5, 81, 18750, 2.5
1, 19345, 270, 277, 273, 6063606, 6076290, 0.48, 75, 500, 4, 56, 18750, 2.5
0, 20004, 245, 261, 254, 6145717, 5972448, 0.48, 75, 500, 4, 58, 18750, 2.5
0, 26036, 256, 304, 311, 8958450, 8595359, 0.48, 75, 500, 5, 94, 18750, 2.5
1, 19097, 260, 262, 264, 5637055, 5642680, 0.48, 75, 500, 4, 53, 18750, 2.5
0, 26005, 254, 315, 306, 8383338, 8097379, 0.48, 75, 500, 5, 95, 18750, 2.5
1, 19550, 256, 259, 262, 5423778, 5437624, 0.48, 75, 500, 4, 50, 18750, 2.5
1, 19290, 219, 224, 228, 5680819, 5716407, 0.48, 75, 500, 4, 52, 18750, 2.5
1, 20347, 253, 262, 258, 5865242, 5873234, 0.48, 75, 500, 4, 61, 18750, 2.5
1, 19027, 260, 262, 264, 5628336, 5640817, 0.48, 75, 500, 4, 47, 18750, 2.5
0, 26250, 222, 308, 263, 8547053, 8359060, 0.48, 75, 500, 5, 111, 18750, 2.5
0, 24092, 224, 272, 260, 6481397, 6301723, 0.48, 75, 500, 4, 70, 18750, 2.5
1, 19178, 241, 242, 244, 5667697, 5713652, 0.48, 75, 500, 4, 57, 18750, 2.5
1, 19927, 242, 246, 247, 5878655, 5883597, 0.48, 75, 500, 4, 50, 18750, 2.5
1, 19166, 251, 252, 254, 5741957, 5749039, 0.48, 75, 500, 4, 56, 18750, 2.5
1, 20236, 228, 235, 237, 5608267, 5639190, 0.48, 75, 500, 4, 64, 18750, 2.5
1, 19237, 262, 264, 267, 5939072, 5979363, 0.48, 75, 500, 4, 48, 18750, 2.5
1, 19578, 266, 267, 270, 5524118, 5533168, 0.48, 75, 500, 4, 52, 18750, 2.5
1, 19087, 264, 266, 270, 5780259, 5815925, 0.48, 75, 500, 4, 50, 18750, 2.5
1, 19513, 243, 244, 251, 5906793, 5986285, 0.48, 75, 500, 4, 51, 18750, 2.5
1, 18850, 257, 258, 261, 5665616, 5665658, 0.48, 75, 500, 4, 53, 18750, 2.5
1, 25769, 248, 298, 289, 6431325, 6449593, 0.48, 75, 500, 4, 77, 18750, 2.5
1, 21949, 283, 297, 306, 5897214, 5910150, 0.48, 75, 500, 4, 61, 18750, 2.5
1, 20300, 260, 269, 271, 6333009, 6356422, 0.48, 75, 500, 4, 51, 18750, 2.5
1, 19137, 249, 250, 251, 5606056, 5610953, 0.48, 75, 500, 4, 53, 18750, 2.5
1, 19578, 239, 245, 243, 5833241, 5852394, 0.48, 75, 500, 4, 51, 18750, 2.5
1, 19804, 273, 279, 276, 6273349, 6296557, 0.48, 75, 500, 4, 56, 18750, 2.5
1, 19272, 238, 239, 243, 5743401, 5755164, 0.48, 75, 500, 4, 54, 18750, 2.5
0, 26250, 243, 316, 299, 6683469, 6519434, 0.48, 75, 500, 4, 67, 18750, 2.5
1, 19879, 247, 249, 253, 5546406, 5599477, 0.48, 75, 500, 4, 57, 18750, 2.5
1, 19096, 263, 265, 267, 5920676, 5927243, 0.48, 75, 500, 4, 63, 18750, 2.5
1, 19410, 251, 254, 257, 5829510, 5857294, 0.48, 75, 500, 4, 54, 18750, 2.5
0, 24304, 245, 283, 281, 6294017, 6066255, 0.48, 75, 500, 4, 75, 18750, 2.5
1, 19139, 250, 252, 253, 5860815, 5869538, 0.48, 75, 500, 4, 55, 18750, 2.5
1, 19469, 255, 260, 261, 5625899, 5630002, 0.48, 75, 500, 4, 56, 18750, 2.5
1, 19047, 263, 265, 266, 5448418, 5470021, 0.48, 75, 500, 4, 54, 18750, 2.5
1, 20754, 226, 238, 237, 6053993, 6081444, 0.48, 75, 500, 4, 62, 18750, 2.5
1, 19382, 246, 251, 249, 5890850, 5909755, 0.48, 75, 500, 4, 51, 18750, 2.5
1, 22149, 233, 258, 264, 6328261, 6353498, 0.48, 75, 500, 4, 64, 18750, 2.5
1, 19430, 228, 231, 233, 5729700, 5740987, 0.48, 75, 500, 4, 54, 18750, 2.5
1, 19420, 260, 265, 267, 5652803, 5661920, 0.48, 75, 500, 4, 55, 18750, 2.5
1, 18856, 239, 240, 241, 5581261, 5583120, 0.48, 75, 500, 4, 49, 18750, 2.5
1, 19417, 238, 242, 243, 5530904, 5553592, 0.48, 75, 500, 4, 50, 18750, 2.5
1, 19717, 265, 268, 268, 5685736, 5725365, 0.48, 75, 500, 4, 55, 18750, 2.5
1, 20603, 263, 276, 278, 5872776, 5897673, 0.48, 75, 500, 4, 51, 18750, 2.5
1, 20481, 238, 255, 240, 5375242, 5417494, 0.48, 75, 500, 4, 55, 18750, 2.5
0, 24910, 251, 289, 287, 7028217, 6743116, 0.48, 75, 500, 4, 68, 18750, 2.5
1, 21130, 239, 247, 251, 5630283, 5649644, 0.48, 75, 500, 4, 58, 18750, 2.5
0, 20143, 259, 269, 262, 5956763, 5759746, 0.48, 75, 500, 4, 52, 18750, 2.5
0, 20840, 216, 237, 224, 6316165, 6066146, 0.48, 75, 500, 4, 53, 18750, 2.5
1, 19484, 262, 267, 267, 5881592, 5922256, 0.48, 75, 500, 4, 53, 18750, 2.5
1, 19072, 238, 239, 242, 5562177, 5583277, 0.48, 75, 500, 4, 54, 18750, 2.5
1, 19459, 279, 284, 283, 5624428, 5655120, 0.48, 75, 500, 4, 62, 18750, 2.5
1, 19265, 262, 264, 265, 5501061, 5517062, 0.48, 75, 500, 4, 53, 18750, 2.5
0, 26250, 251, 297, 314, 7110767, 6955179, 0.48, 75, 500, 4, 75, 18750, 2.5
1, 20366, 230, 242, 242, 6486878, 6501290, 0.48, 75, 500, 4, 49, 18750, 2.5
1, 19167, 256, 258, 259, 5600061, 5616866, 0.48, 75, 500, 4, 57, 18750, 2.5
1, 23432, 248, 283, 284, 6422417, 6449199, 0.48, 75, 500, 4, 71, 18750, 2.5
1, 20004, 271, 277, 278, 5772290, 5776863, 0.48, 75, 500, 4, 52, 18750, 2.5
1, 19485, 262, 266, 271, 5737552, 5781772, 0.48, 75, 500, 4, 57, 18750, 2.5
1, 22389, 209, 239, 236, 6276455, 6287129, 0.48, 75, 500, 4, 61, 18750, 2.5
1, 19983, 251, 258, 256, 5536449, 5547557, 0.48, 75, 500, 4, 51, 18750, 2.5
1, 20113, 255, 262, 266, 5766837, 5807097, 0.48, 75, 500, 4, 53, 18750, 2.5
1, 24488, 260, 296, 291, 6269282, 6280182, 0.48, 75, 500, 4, 68, 18750, 2.5
0, 23488, 258, 289, 300, 6386545, 6185661, 0.48, 75, 500, 4, 61, 18750, 2.5
1, 19416, 249, 252, 252, 5385590, 5425857, 0.48, 75, 500, 4, 53, 18750, 2.5
1, 19025, 241, 243, 244, 5655454, 5660780, 0.48, 75, 500, 4, 51, 18750, 2.5
1, 19176, 257, 258, 260, 5276425, 5302004, 0.48, 75, 500, 4, 54, 18750, 2.5
1, 19428, 225, 228, 231, 5568296, 5629940, 0.48, 75, 500, 4, 52, 18750, 2.5
1, 19532, 240, 249, 249, 5542163, 5550300, 0.48, 75, 500, 4, 54, 18750, 2.5
1, 21362, 261, 287, 280, 5877772, 5877800, 0.48, 75, 500, 4, 65, 18750, 2.5
1, 18939, 243, 244, 246, 5760597, 5782090, 0.48, 75, 500, 4, 50, 18750, 2.5
0, 26250, 253, 322, 295, 6831941, 6599460, 0.48, 75, 500, 4, 78, 18750, 2.5
0, 26250, 265, 335, 320, 6747424, 6729107, 0.48, 75, 500, 4, 78, 18750, 2.5
0, 26250, 264, 303, 317, 6635136, 6542800, 0.48, 75, 500, 4, 74, 18750, 2.5
1, 19210, 228, 229, 232, 5550215, 5583755, 0.48, 75, 500, 4, 51, 18750, 2.5
1, 19175, 284, 286, 288, 5456790, 5463849, 0.48, 75, 500, 4, 55, 18750, 2.5
1, 19048, 225, 228, 230, 6039287, 6066973, 0.48, 75, 500, 4, 58, 18750, 2.5
1, 20479, 254, 267, 263, 6127763, 6141448, 0.48, 75, 500, 4, 60, 18750, 2.5
1, 19013, 267, 268, 270, 5910649, 5939719, 0.48, 75, 500, 4, 46, 18750, 2.5
1, 19254, 241, 242, 243, 5757692, 5824858, 0.48, 75, 500, 4, 45, 18750, 2.5
1, 19079, 239, 241, 241, 5946445, 5946469, 0.48, 75, 500, 4, 48, 18750, 2.5
1, 19425, 277, 280, 279, 5938944, 5943211, 0.48, 75, 500, 4, 56, 18750, 2.5
0, 26250, 247, 309, 287, 6990132, 6847986, 0.48, 75, 500, 4, 78, 18750, 2.5
1, 19617, 242, 243, 247, 5365939, 5391618, 0.48, 75, 500, 4, 47, 18750, 2.5
1, 19281, 259, 260, 261, 5744514, 5800784, 0.48, 75, 500, 4, 48, 18750, 2.5
0, 26250, 247, 291, 298, 6641332, 6477142, 0.48, 75, 500, 4, 79, 18750, 2.5
1, 18979, 264, 268, 266, 5559266, 5581505, 0.48, 75, 500, 4, 48, 18750, 2.5
1, 19266, 228, 231, 236, 5763809, 5779764, 0.48, 75, 500, 4, 56, 18750, 2.5
1, 19670, 232, 238, 239, 5253763, 5311702, 0.48, 75, 500, 4, 60, 18750, 2.5
0, 21999, 254, 275, 267, 6571363, 6419923, 0.48, 75, 500, 4, 66, 18750, 2.5
1, 19078, 267, 269, 272, 5502488, 5522948, 0.48, 75, 500, 4, 54, 18750, 2.5
0, 23642, 249, 282, 273, 6481190, 6229806, 0.48, 75, 500, 4, 66, 18750, 2.5
0, 26250, 270, 306, 314, 7024135, 6842139, 0.48, 75, 500, 4, 80, 18750, 2.5
1, 19683, 240, 243, 248, 5479085, 5522270, 0.48, 75, 500, 4, 52, 18750, 2.5
1, 19117, 241, 245, 246, 5394619, 5400636, 0.48, 75, 500, 4, 54, 18750, 2.5
1, 21067, 258, 277, 271, 4324753, 4365604, 0.48, 75, 500, 3, 44, 18750, 2.5
1, 19316, 269, 273, 274, 4347499, 4371021, 0.48, 75, 500, 3, 39, 18750, 2.5
1, 22985, 253, 273, 269, 6539526, 6555541, 0.48, 75, 500, 4, 63, 18750, 2.5
1, 19382, 244, 249, 249, 3985582, 3999338, 0.48, 75, 500, 3, 41, 18750, 2.5
0, 26250, 268, 339, 322, 4846124, 4761890, 0.48, 75, 500, 3, 53, 18750, 2.5
1, 19467, 243, 246, 248, 6146708, 6188014, 0.48, 75, 500, 4, 57, 18750, 2.5
1, 19412, 275, 276, 287, 5590502, 5641132, 0.48, 75, 500, 4, 62, 18750, 2.5
0, 22687, 230, 255, 260, 6310300, 6098466, 0.48, 75, 500, 4, 68, 18750, 2.5
1, 19080, 259, 261, 261, 4190730, 4210809, 0.48, 75, 500, 3, 37, 18750, 2.5
1, 19768, 263, 267, 267, 4255798, 4272564, 0.48, 75, 500, 3, 41, 18750, 2.5
0, 19708, 258, 265, 260, 4524748, 4427102, 0.48, 75, 500, 3, 37, 18750, 2.5
1, 25185, 230, 283, 265, 6564988, 6655824, 0.48, 75, 500, 4, 77, 18750, 2.5
0, 26250, 250, 302, 299, 6899431, 6842162, 0.48, 75, 500, 4, 79, 18750, 2.5
1, 24251, 246, 285, 280, 6495215, 6542089, 0.48, 75, 500, 4, 72, 18750, 2.5
1, 20466, 257, 269, 263, 4943079, 4968280, 0.48, 75, 500, 3, 41, 18750, 2.5
1, 19069, 248, 249, 250, 4303211, 4310058, 0.48, 75, 500, 3, 32, 18750, 2.5
0, 20735, 266, 279, 277, 4667657, 4546003, 0.48, 75, 500, 3, 36, 18750, 2.5
1, 19095, 242, 244, 244, 4342040, 4347534, 0.48, 75, 500, 3, 33, 18750, 2.5
1, 19605, 256, 264, 260, 4212567, 4215759, 0.48, 75, 500, 3, 36, 18750, 2.5
1, 21198, 239, 254, 251, 4532928, 4579377, 0.48, 75, 500, 3, 43, 18750, 2.5
1, 19369, 249, 252, 257, 4332232, 4365019, 0.48, 75, 500, 3, 40, 18750, 2.5
1, 19206, 255, 259, 261, 4233296, 4234088, 0.48, 75, 500, 3, 42, 18750, 2.5
1, 19051, 262, 263, 264, 3947793, 3953400, 0.48, 75, 500, 3, 34, 18750, 2.5
1, 19429, 261, 264, 264, 4456484, 4490401, 0.48, 75, 500, 3, 40, 18750, 2.5
1, 19638, 254, 260, 260, 4090974, 4091145, 0.48, 75, 500, 3, 41, 18750, 2.5
1, 19647, 245, 246, 247, 4813759, 4821283, 0.48, 75, 500, 3, 41, 18750, 2.5
1, 22969, 256, 285, 289, 5107784, 5145892, 0.48, 75, 500, 3, 46, 18750, 2.5
0, 25222, 269, 310, 312, 5489498, 5293149, 0.48, 75, 500, 3, 52, 18750, 2.5
1, 25188, 240, 278, 286, 5179802, 5220537, 0.48, 75, 500, 3, 54, 18750, 2.5
1, 19145, 269, 272, 275, 4462232, 4514447, 0.48, 75, 500, 3, 37, 18750, 2.5
1, 19250, 262, 265, 266, 4443886, 4453587, 0.48, 75, 500, 3, 35, 18750, 2.5
0, 20450, 273, 284, 276, 4480351, 4300272, 0.48, 75, 500, 3, 43, 18750, 2.5
1, 19084, 246, 248, 249, 4330565, 4347109, 0.48, 75, 500, 3, 36, 18750, 2.5
1, 24802, 228, 269, 281, 4824670, 4837442, 0.48, 75, 500, 3, 50, 18750, 2.5
0, 22172, 228, 261, 245, 4507466, 4364057, 0.48, 75, 500, 3, 41, 18750, 2.5
1, 18872, 229, 230, 231, 4198402, 4206317, 0.48, 75, 500, 3, 37, 18750, 2.5
1, 19510, 261, 263, 267, 4353205, 4408179, 0.48, 75, 500, 3, 44, 18750, 2.5
0, 22519, 264, 280, 282, 4864102, 4695522, 0.48, 75, 500, 3, 38, 18750, 2.5
1, 19300, 259, 262, 266, 4026165, 4041319, 0.48, 75, 500, 3, 34, 18750, 2.5
1, 22308, 250, 260, 292, 4737999, 4757351, 0.48, 75, 500, 3, 47, 18750, 2.5
1, 18977, 255, 256, 259, 3953559, 3969205, 0.48, 75, 500, 3, 35, 18750, 2.5
1, 19820, 241, 249, 251, 4293013, 4299077, 0.48, 75, 500, 3, 42, 18750, 2.5
1, 25073, 268, 300, 317, 5171386, 5182763, 0.48, 75, 500, 3, 52, 18750, 2.5
1, 19276, 265, 269, 269, 4542884, 4565299, 0.48, 75, 500, 3, 35, 18750, 2.5
0, 22665, 260, 289, 284, 4645168, 4502667, 0.48, 75, 500, 3, 41, 18750, 2.5
1, 19036, 276, 277, 279, 4551021, 4582011, 0.48, 75, 500, 3, 36, 18750, 2.5
0, 25345, 261, 312, 312, 5034628, 4798145, 0.48, 75, 500, 3, 52, 18750, 2.5
1, 18999, 228, 229, 232, 4148509, 4165722, 0.48, 75, 500, 3, 33, 18750, 2.5
1, 19545, 257, 262, 261, 4118837, 4123251, 0.48, 75, 500, 3, 36, 18750, 2.5
1, 18859, 247, 248, 249, 4374811, 4377473, 0.48, 75, 500, 3, 33, 18750, 2.5
1, 19142, 240, 242, 242, 4299215, 4318827, 0.48, 75, 500, 3, 38, 18750, 2.5
1, 19330, 244, 247, 251, 4113894, 4140123, 0.48, 75, 500, 3, 37, 18750, 2.5
0, 20112, 239, 250, 250, 4262188, 4112414, 0.48, 75, 500, 3, 41, 18750, 2.5
1, 19260, 236, 237, 238, 4253816, 4260294, 0.48, 75, 500, 3, 37, 18750, 2.5
1, 19499, 237, 241, 240, 4120368, 4128492, 0.48, 75, 500, 3, 39, 18750, 2.5
1, 19481, 250, 252, 255, 4426522, 4428432, 0.48, 75, 500, 3, 44, 18750, 2.5
1, 19417, 284, 287, 289, 4331294, 4368770, 0.48, 75, 500, 3, 39, 18750, 2.5
1, 20121, 257, 270, 271, 4357892, 4359113, 0.48, 75, 500, 3, 40, 18750, 2.5
1, 20524, 246, 260, 261, 4099074, 4100189, 0.48, 75, 500, 3, 39, 18750, 2.5
1, 19205, 252, 254, 258, 4200194, 4213645, 0.48, 75, 500, 3, 41, 18750, 2.5
1, 19648, 250, 254, 255, 4189789, 4223156, 0.48, 75, 500, 3, 37, 18750, 2.5
1, 19677, 263, 265, 271, 4443412, 4482304, 0.48, 75, 500, 3, 40, 18750, 2.5
0, 26250, 261, 318, 293, 5024473, 4751831, 0.48, 75, 500, 3, 56, 18750, 2.5
1, 18964, 250, 251, 252, 3915697, 3921106, 0.48, 75, 500, 3, 38, 18750, 2.5
1, 20369, 264, 270, 273, 4212797, 4241974, 0.48, 75, 500, 3, 37, 18750, 2.5
1, 19128, 238, 239, 240, 4192127, 4201207, 0.48, 75, 500, 3, 39, 18750, 2.5
0, 22601, 252, 279, 271, 5029154, 4863651, 0.48, 75, 500, 3, 43, 18750, 2.5
1, 19064, 231, 232, 235, 4456590, 4464749, 0.48, 75, 500, 3, 36, 18750, 2.5
1, 19118, 233, 234, 236, 4289823, 4293257, 0.48, 75, 500, 3, 37, 18750, 2.5
1, 20372, 238, 247, 247, 4476643, 4504733, 0.48, 75, 500, 3, 42, 18750, 2.5
1, 18847, 225, 226, 227, 4115533, 4124699, 0.48, 75, 500, 3, 37, 18750, 2.5
1, 20950, 252, 265, 265, 4675257, 4725877, 0.48, 75, 500, 3, 48, 18750, 2.5
1, 18914, 229, 231, 232, 4295270, 4308273, 0.48, 75, 500, 3, 38, 18750, 2.5
0, 21737, 229, 251, 244, 4561129, 4394051, 0.48, 75, 500, 3, 43, 18750, 2.5
1, 19209, 266, 269, 270, 4136640, 4145630, 0.48, 75, 500, 3, 38, 18750, 2.5
1, 19069, 232, 233, 235, 4057975, 4064456, 0.48, 75, 500, 3, 39, 18750, 2.5
1, 19018, 259, 262, 262, 4070873, 4083335, 0.48, 75, 500, 3, 41, 18750, 2.5
1, 19624, 251, 254, 256, 4485072, 4506461, 0.48, 75, 500, 3, 40, 18750, 2.5
1, 18870, 254, 255, 256, 4351226, 4351814, 0.48, 75, 500, 3, 36, 18750, 2.5
1, 19084, 246, 247, 248, 4429325, 4449735, 0.48, 75, 500, 3, 37, 18750, 2.5
1, 21108, 269, 288, 284, 4584701, 4593081, 0.48, 75, 500, 3, 42, 18750, 2.5
1, 21422, 260, 275, 278, 4696315, 4709246, 0.48, 75, 500, 3, 44, 18750, 2.5
0, 26250, 249, 304, 272, 5795530, 5635721, 0.48, 75, 500, 3, 56, 18750, 2.5
1, 19278, 240, 244, 244, 4710902, 4716452, 0.48, 75, 500, 3, 42, 18750, 2.5
1, 19054, 243, 244, 247, 4058119, 4063483, 0.48, 75, 500, 3, 38, 18750, 2.5
0, 26250, 262, 324, 317, 4950967, 4812512, 0.48, 75, 500, 3, 54, 18750, 2.5
1, 19895, 234, 241, 246, 4775306, 4827246, 0.48, 75, 500, 3, 35, 18750, 2.5
1, 20043, 247, 254, 254, 4483768, 4521943, 0.48, 75, 500, 3, 38, 18750, 2.5
1, 19837, 272, 276, 281, 4461697, 4518860, 0.48, 75, 500, 3, 39, 18750, 2.5
1, 19734, 243, 247, 251, 4052036, 4076982, 0.48, 75, 500, 3, 33, 18750, 2.5
1, 19259, 259, 262, 265, 4090092, 4123736, 0.48, 75, 500, 3, 41, 18750, 2.5
1, 19556, 254, 257, 260, 4453459, 4485368, 0.48, 75, 500, 3, 41, 18750, 2.5
0, 26250, 259, 318, 311, 5165766, 5084206, 0.48, 75, 500, 3, 50, 18750, 2.5
1, 25692, 227, 286, 270, 4770861, 4783875, 0.48, 75, 500, 3, 55, 18750, 2.5
1, 20864, 272, 284, 284, 4527468, 4533679, 0.48, 75, 500, 3, 45, 18750, 2.5
1, 19271, 264, 269, 268, 3986199, 4007726, 0.48, 75, 500, 3, 40, 18750, 2.5
1, 19443, 256, 258, 264, 4270965, 4290116, 0.48, 75, 500, 3, 37, 18750, 2.5
0, 19375, 254, 258, 255, 4105448, 3968470, 0.48, 75, 500, 3, 35, 18750, 2.5
0, 21642, 250, 269, 261, 5040313, 4904502, 0.48, 75, 500, 3, 46, 18750, 2.5
1, 18931, 261, 264, 265, 4165358, 4169103, 0.48, 75, 500, 3, 36, 18750, 2.5
1, 19302, 260, 261, 265, 4119588, 4129122, 0.48, 75, 500, 3, 36, 18750, 2.5
1, 19215, 290, 293, 294, 4299774, 4311237, 0.48, 75, 500, 3, 39, 18750, 2.5
1, 19681, 265, 267, 273, 4182069, 4225925, 0.48, 75, 500, 3, 40, 18750, 2.5
1, 19640, 253, 256, 261, 4366924, 4439533, 0.48, 75, 500, 3, 38, 18750, 2.5
1, 19569, 258, 259, 260, 4356346, 4360509, 0.48, 75, 500, 3, 36, 18750, 2.5
1, 19511, 270, 272, 276, 4228691, 4283219, 0.48, 75, 500, 3, 38, 18750, 2.5
1, 19782, 231, 233, 236, 3066602, 3076954, 0.48, 75, 500, 2, 25, 18750, 2.5
1, 20457, 268, 276, 276, 2938386, 2940545, 0.48, 75, 500, 2, 28, 18750, 2.5
1, 19133, 255, 256, 257, 2769985, 2773668, 0.48, 75, 500, 2, 25, 18750, 2.5
1, 19293, 238, 239, 242, 2833612, 2858465, 0.48, 75, 500, 2, 23, 18750, 2.5
1, 19329, 269, 272, 272, 3081198, 3087249, 0.48, 75, 500, 2, 25, 18750, 2.5
1, 19794, 249, 255, 255, 2787093, 2795100, 0.48, 75, 500, 2, 25, 18750, 2.5
1, 19146, 260, 264, 265, 2875306, 2876428, 0.48, 75, 500, 2, 24, 18750, 2.5
1, 19449, 249, 251, 253, 3100823, 3121565, 0.48, 75, 500, 2, 26, 18750, 2.5
0, 22027, 229, 260, 245, 4663373, 4525180, 0.48, 75, 500, 3, 41, 18750, 2.5
0, 21269, 253, 283, 272, 2994004, 2890205, 0.48, 75, 500, 2, 28, 18750, 2.5
1, 19116, 256, 259, 261, 2840481, 2854289, 0.48, 75, 500, 2, 25, 18750, 2.5
1, 20380, 275, 284, 289, 2823749, 2831332, 0.48, 75, 500, 2, 28, 18750, 2.5
1, 19163, 240, 243, 244, 2606145, 2611040, 0.48, 75, 500, 2, 23, 18750, 2.5
1, 18967, 274, 275, 276, 2786130, 2792249, 0.48, 75, 500, 2, 21, 18750, 2.5
1, 19721, 242, 245, 246, 2836065, 2847017, 0.48, 75, 500, 2, 21, 18750, 2.5
1, 19168, 218, 219, 221, 2938567, 2941405, 0.48, 75, 500, 2, 21, 18750, 2.5
1, 19348, 232, 234, 235, 2929302, 2930346, 0.48, 75, 500, 2, 24, 18750, 2.5
1, 21418, 237, 252, 252, 2829771, 2836305, 0.48, 75, 500, 2, 27, 18750, 2.5
1, 19721, 239, 243, 249, 2771405, 2797360, 0.48, 75, 500, 2, 27, 18750, 2.5
1, 25072, 257, 303, 288, 3303455, 3311212, 0.48, 75, 500, 2, 32, 18750, 2.5
1, 19927, 285, 293, 292, 2802590, 2816226, 0.48, 75, 500, 2, 23, 18750, 2.5
1, 19713, 250, 253, 256, 2857364, 2867193, 0.48, 75, 500, 2, 22, 18750, 2.5
1, 19165, 257, 259, 262, 2813896, 2820763, 0.48, 75, 500, 2, 25, 18750, 2.5
1, 19179, 251, 255, 254, 2716831, 2722361, 0.48, 75, 500, 2, 21, 18750, 2.5
1, 19733, 263, 270, 270, 2935921, 2949019, 0.48, 75, 500, 2, 25, 18750, 2.5
1, 20810, 258, 274, 268, 3098378, 3106336, 0.48, 75, 500, 2, 26, 18750, 2.5
0, 22787, 263, 287, 299, 3386131, 3211739, 0.48, 75, 500, 2, 29, 18750, 2.5
1, 19883, 272, 277, 277, 3021251, 3025022, 0.48, 75, 500, 2, 23, 18750, 2.5
0, 25624, 259, 317, 294, 3684489, 3538487, 0.48, 75, 500, 2, 38, 18750, 2.5
1, 19201, 272, 276, 277, 2860180, 2869514, 0.48, 75, 500, 2, 23, 18750, 2.5
0, 21673, 237, 271, 260, 2629978, 2544319, 0.48, 75, 500, 2, 26, 18750, 2.5
1, 19555, 264, 267, 267, 2885515, 2891450, 0.48, 75, 500, 2, 22, 18750, 2.5
1, 19442, 246, 249, 250, 2930864, 2931791, 0.48, 75, 500, 2, 20, 18750, 2.5
1, 19333, 258, 263, 263, 2979843, 2998189, 0.48, 75, 500, 2, 24, 18750, 2.5
0, 26250, 250, 300, 299, 3328181, 3318495, 0.48, 75, 500, 2, 35, 18750, 2.5
1, 22800, 243, 272, 266, 3123861, 3139240, 0.48, 75, 500, 2, 28, 18750, 2.5
0, 26250, 252, 298, 305, 3235761, 3191100, 0.48, 75, 500, 2, 35, 18750, 2.5
0, 20692, 281, 298, 288, 2954449, 2850901, 0.48, 75, 500, 2, 26, 18750, 2.5
1, 21817, 250, 274, 275, 2952174, 2953855, 0.48, 75, 500, 2, 29, 18750, 2.5
1, 19434, 270, 278, 280, 2745808, 2767123, 0.48, 75, 500, 2, 25, 18750, 2.5
0, 25786, 231, 285, 301, 3387884, 3278120, 0.48, 75, 500, 2, 37, 18750, 2.5
1, 21512, 248, 261, 261, 2904205, 2911804, 0.48, 75, 500, 2, 26, 18750, 2.5
1, 19807, 284, 291, 287, 2668324, 2700676, 0.48, 75, 500, 2, 26, 18750, 2.5
1, 19344, 246, 248, 251, 2763987, 2779150, 0.48, 75, 500, 2, 24, 18750, 2.5
1, 19479, 252, 258, 254, 2895761, 2900634, 0.48, 75, 500, 2, 23, 18750, 2.5
1, 19193, 252, 254, 254, 2924898, 2943039, 0.48, 75, 500, 2, 22, 18750, 2.5
0, 22666, 233, 272, 256, 3150324, 2992991, 0.48, 75, 500, 2, 30, 18750, 2.5
1, 19124, 248, 249, 251, 2842601, 2847126, 0.48, 75, 500, 2, 22, 18750, 2.5
1, 19603, 279, 285, 287, 3065674, 3075849, 0.48, 75, 500, 2, 26, 18750, 2.5
0, 20400, 273, 290, 280, 2866430, 2771423, 0.48, 75, 500, 2, 25, 18750, 2.5
1, 18956, 250, 252, 252, 2909983, 2917036, 0.48, 75, 500, 2, 21, 18750, 2.5
1, 19844, 254, 261, 260, 2786713, 2792748, 0.48, 75, 500, 2, 22, 18750, 2.5
1, 21893, 222, 235, 229, 2917536, 2941158, 0.48, 75, 500, 2, 25, 18750, 2.5
1, 19639, 256, 258, 261, 2854639, 2882788, 0.48, 75, 500, 2, 22, 18750, 2.5
1, 18895, 275, 277, 277, 2940579, 2940591, 0.48, 75, 500, 2, 23, 18750, 2.5
0, 21165, 250, 268, 265, 3088661, 2977991, 0.48, 75, 500, 2, 27, 18750, 2.5
1, 19803, 229, 232, 233, 2965332, 2976654, 0.48, 75, 500, 2, 25, 18750, 2.5
1, 19247, 254, 257, 258, 2766534, 2771916, 0.48, 75, 500, 2, 24, 18750, 2.5
1, 19106, 233, 236, 237, 2906392, 2915354, 0.48, 75, 500, 2, 24, 18750, 2.5
1, 19564, 244, 247, 248, 2603578, 2613903, 0.48, 75, 500, 2, 24, 18750, 2.5
1, 19640, 240, 246, 250, 2878181, 2914002, 0.48, 75, 500, 2, 26, 18750, 2.5
1, 19143, 245, 247, 249, 2674067, 2686757, 0.48, 75, 500, 2, 21, 18750, 2.5
0, 25062, 247, 304, 296, 3453880, 3330363, 0.48, 75, 500, 2, 32, 18750, 2.5
1, 18988, 231, 232, 235, 2870781, 2879610, 0.48, 75, 500, 2, 21, 18750, 2.5
1, 20170, 252, 259, 263, 3184760, 3185824, 0.48, 75, 500, 2, 22, 18750, 2.5
1, 19336, 256, 259, 259, 2740875, 2743463, 0.48, 75, 500, 2, 21, 18750, 2.5
1, 19122, 266, 269, 273, 2924459, 2949110, 0.48, 75, 500, 2, 25, 18750, 2.5
0, 20256, 242, 252, 248, 2974109, 2881077, 0.48, 75, 500, 2, 25, 18750, 2.5
1, 20633, 247, 259, 262, 2655043, 2660647, 0.48, 75, 500, 2, 24, 18750, 2.5
1, 20041, 231, 233, 243, 2921893, 3017616, 0.48, 75, 500, 2, 25, 18750, 2.5
1, 19337, 245, 249, 248, 2725222, 2731683, 0.48, 75, 500, 2, 24, 18750, 2.5
1, 19220, 244, 248, 248, 2762225, 2767736, 0.48, 75, 500, 2, 21, 18750, 2.5
0, 22003, 248, 271, 269, 3145781, 3054351, 0.48, 75, 500, 2, 27, 18750, 2.5
1, 19444, 250, 252, 255, 2889935, 2909909, 0.48, 75, 500, 2, 23, 18750, 2.5
1, 20093, 258, 259, 261, 2926317, 2957082, 0.48, 75, 500, 2, 22, 18750, 2.5
1, 19320, 250, 255, 258, 2874051, 2901147, 0.48, 75, 500, 2, 25, 18750, 2.5
1, 19624, 205, 213, 209, 2775243, 2790407, 0.48, 75, 500, 2, 22, 18750, 2.5
0, 20962, 273, 291, 280, 3166753, 3019741, 0.48, 75, 500, 2, 28, 18750, 2.5
1, 19425, 257, 262, 263, 2988866, 3019088, 0.48, 75, 500, 2, 23, 18750, 2.5
0, 26250, 257, 329, 306, 3204902, 3176114, 0.48, 75, 500, 2, 33, 18750, 2.5
1, 19704, 245, 252, 250, 3065733, 3070777, 0.48, 75, 500, 2, 28, 18750, 2.5
1, 18905, 254, 255, 256, 2712444, 2723267, 0.48, 75, 500, 2, 24, 18750, 2.5
1, 19988, 232, 239, 244, 2837310, 2865155, 0.48, 75, 500, 2, 26, 18750, 2.5
1, 19281, 242, 243, 244, 2947212, 2965333, 0.48, 75, 500, 2, 21, 18750, 2.5
1, 19637, 260, 266, 263, 2926583, 2944323, 0.48, 75, 500, 2, 21, 18750, 2.5
0, 20843, 233, 250, 240, 3174815, 3064946, 0.48, 75, 500, 2, 23, 18750, 2.5
0, 23334, 237, 267, 263, 3343004, 3204832, 0.48, 75, 500, 2, 32, 18750, 2.5
1, 19183, 255, 258, 258, 2791861, 2792033, 0.48, 75, 500, 2, 25, 18750, 2.5
0, 21623, 263, 272, 277, 2972067, 2833428, 0.48, 75, 500, 2, 24, 18750, 2.5
0, 26250, 265, 321, 335, 3663026, 3611648, 0.48, 75, 500, 2, 37, 18750, 2.5
1, 20226, 246, 257, 254, 2921357, 2949040, 0.48, 75, 500, 2, 22, 18750, 2.5
1, 19057, 253, 255, 256, 2825878, 2835221, 0.48, 75, 500, 2, 24, 18750, 2.5
1, 19599, 225, 231, 235, 2796471, 2798136, 0.48, 75, 500, 2, 22, 18750, 2.5
1, 19431, 262, 264, 272, 2722864, 2774970, 0.48, 75, 500, 2, 26, 18750, 2.5
1, 19752, 266, 269, 272, 1301535, 1316628, 0.48, 75, 500, 1, 10, 18750, 2.5
1, 19320, 254, 259, 261, 2506189, 2519793, 0.48, 75, 500, 2, 23, 18750, 2.5
1, 19539, 240, 244, 246, 2830764, 2832223, 0.48, 75, 500, 2, 21, 18750, 2.5
1, 19468, 253, 257, 258, 2966291, 2987529, 0.48, 75, 500, 2, 23, 18750, 2.5
1, 19178, 251, 253, 256, 3111066, 3122750, 0.48, 75, 500, 2, 23, 18750, 2.5
1, 20135, 248, 254, 255, 1454322, 1459469, 0.48, 75, 500, 1, 11, 18750, 2.5
1, 19453, 250, 253, 253, 1399572, 1399574, 0.48, 75, 500, 1, 11, 18750, 2.5
1, 19333, 260, 263, 264, 1351983, 1357394, 0.48, 75, 500, 1, 11, 18750, 2.5
1, 20194, 229, 232, 233, 2792893, 2818910, 0.48, 75, 500, 2, 23, 18750, 2.5
1, 19109, 239, 242, 243, 1543636, 1549831, 0.48, 75, 500, 1, 11, 18750, 2.5
1, 21912, 289, 312, 313, 1496976, 1499463, 0.48, 75, 500, 1, 13, 18750, 2.5
1, 19825, 266, 269, 271, 1496715, 1508423, 0.48, 75, 500, 1, 13, 18750, 2.5
1, 19156, 248, 251, 253, 1538703, 1551061, 0.48, 75, 500, 1, 11, 18750, 2.5
1, 19307, 271, 273, 275, 2769916, 2791739, 0.48, 75, 500, 2, 24, 18750, 2.5
1, 19091, 251, 252, 255, 2895954, 2907346, 0.48, 75, 500, 2, 26, 18750, 2.5
1, 19074, 251, 254, 255, 1338641, 1344003, 0.48, 75, 500, 1, 12, 18750, 2.5
1, 19967, 267, 281, 282, 1503688, 1508863, 0.48, 75, 500, 1, 13, 18750, 2.5
1, 19123, 228, 231, 231, 1493267, 1493329, 0.48, 75, 500, 1, 12, 18750, 2.5
1, 19194, 240, 243, 243, 1413631, 1413660, 0.48, 75, 500, 1, 12, 18750, 2.5
1, 20716, 234, 248, 248, 1281832, 1285489, 0.48, 75, 500, 1, 11, 18750, 2.5
1, 19442, 259, 262, 263, 1494564, 1500561, 0.48, 75, 500, 1, 11, 18750, 2.5
1, 19255, 243, 246, 247, 1448173, 1453771, 0.48, 75, 500, 1, 12, 18750, 2.5
1, 19713, 251, 254, 256, 1403587, 1414857, 0.48, 75, 500, 1, 12, 18750, 2.5
1, 19471, 243, 246, 248, 1512001, 1524061, 0.48, 75, 500, 1, 11, 18750, 2.5
1, 19426, 251, 254, 254, 1545056, 1545237, 0.48, 75, 500, 1, 13, 18750, 2.5
1, 18991, 259, 263, 263, 1473371, 1473377, 0.48, 75, 500, 1, 11, 18750, 2.5
1, 19574, 218, 221, 224, 1459123, 1476307, 0.48, 75, 500, 1, 12, 18750, 2.5
1, 19817, 251, 255, 255, 1599783, 1599801, 0.48, 75, 500, 1, 11, 18750, 2.5
0, 21838, 270, 300, 290, 1550282, 1494041, 0.48, 75, 500, 1, 13, 18750, 2.5
1, 19252, 254, 257, 259, 1453870, 1465439, 0.48, 75, 500, 1, 10, 18750, 2.5
1, 19815, 270, 273, 273, 1416265, 1416428, 0.48, 75, 500, 1, 12, 18750, 2.5
1, 19604, 255, 258, 261, 1315054, 1330946, 0.48, 75, 500, 1, 11, 18750, 2.5
1, 19266, 256, 259, 259, 1487618, 1487703, 0.48, 75, 500, 1, 11, 18750, 2.5
1, 19630, 240, 243, 244, 1444736, 1450250, 0.48, 75, 500, 1, 10, 18750, 2.5
1, 19991, 250, 253, 264, 1416456, 1478473, 0.48, 75, 500, 1, 12, 18750, 2.5
1, 19098, 259, 262, 262, 1471892, 1471986, 0.48, 75, 500, 1, 10, 18750, 2.5
1, 19487, 240, 243, 246, 1251136, 1266069, 0.48, 75, 500, 1, 11, 18750, 2.5
1, 19155, 255, 258, 258, 1662344, 1662398, 0.48, 75, 500, 1, 13, 18750, 2.5
1, 19105, 264, 268, 268, 1492089, 1492113, 0.48, 75, 500, 1, 12, 18750, 2.5
1, 19856, 239, 243, 244, 1586639, 1592578, 0.48, 75, 500, 1, 12, 18750, 2.5
1, 19652, 224, 227, 229, 1494793, 1506898, 0.48, 75, 500, 1, 12, 18750, 2.5
1, 19381, 242, 245, 245, 1433486, 1433530, 0.48, 75, 500, 1, 10, 18750, 2.5
1, 19280, 226, 229, 232, 1435924, 1453037, 0.48, 75, 500, 1, 11, 18750, 2.5
1, 19231, 242, 245, 245, 1219501, 1219565, 0.48, 75, 500, 1, 12, 18750, 2.5
1, 19924, 242, 248, 249, 1403901, 1409102, 0.48, 75, 500, 1, 12, 18750, 2.5
1, 19486, 252, 255, 256, 1537370, 1543256, 0.48, 75, 500, 1, 11, 18750, 2.5
1, 19490, 243, 246, 248, 1428040, 1439364, 0.48, 75, 500, 1, 13, 18750, 2.5
1, 19169, 260, 263, 264, 1503394, 1509338, 0.48, 75, 500, 1, 11, 18750, 2.5
1, 19161, 246, 249, 251, 1487445, 1499234, 0.48, 75, 500, 1, 10, 18750, 2.5
1, 19305, 272, 275, 280, 1475600, 1505296, 0.48, 75, 500, 1, 11, 18750, 2.5
1, 19351, 222, 225, 226, 1584622, 1590980, 0.48, 75, 500, 1, 10, 18750, 2.5
1, 19403, 258, 261, 265, 1466829, 1490172, 0.48, 75, 500, 1, 10, 18750, 2.5
1, 19223, 251, 254, 255, 1443389, 1449061, 0.48, 75, 500, 1, 12, 18750, 2.5
1, 19612, 228, 231, 231, 1352125, 1352230, 0.48, 75, 500, 1, 10, 18750, 2.5
1, 20041, 226, 229, 232, 1649277, 1668540, 0.48, 75, 500, 1, 10, 18750, 2.5
1, 19675, 265, 268, 271, 1335268, 1351337, 0.48, 75, 500, 1, 11, 18750, 2.5
1, 19161, 241, 244, 245, 1307558, 1312692, 0.48, 75, 500, 1, 12, 18750, 2.5
1, 19379, 251, 254, 254, 1376799, 1376865, 0.48, 75, 500, 1, 11, 18750, 2.5
0, 21104, 254, 276, 266, 1462857, 1408747, 0.48, 75, 500, 1, 14, 18750, 2.5
1, 22005, 284, 307, 307, 1495940, 1497568, 0.48, 75, 500, 1, 15, 18750, 2.5
1, 19623, 247, 252, 253, 1445033, 1450468, 0.48, 75, 500, 1, 13, 18750, 2.5
1, 19695, 278, 281, 284, 1467737, 1484744, 0.48, 75, 500, 1, 12, 18750, 2.5
1, 19243, 280, 283, 283, 1466278, 1466334, 0.48, 75, 500, 1, 10, 18750, 2.5
1, 19361, 263, 266, 268, 1372045, 1383145, 0.48, 75, 500, 1, 12, 18750, 2.5
1, 19698, 233, 236, 241, 1504486, 1533970, 0.48, 75, 500, 1, 12, 18750, 2.5
1, 19060, 248, 251, 251, 1400093, 1400194, 0.48, 75, 500, 1, 10, 18750, 2.5
1, 19727, 252, 255, 260, 1352301, 1379162, 0.48, 75, 500, 1, 12, 18750, 2.5
1, 19181, 225, 228, 229, 1432917, 1438572, 0.48, 75, 500, 1, 12, 18750, 2.5
1, 19964, 267, 273, 274, 1505785, 1511293, 0.48, 75, 500, 1, 11, 18750, 2.5
1, 19272, 245, 248, 249, 1486655, 1492543, 0.48, 75, 500, 1, 12, 18750, 2.5
1, 19356, 257, 260, 263, 1377276, 1393451, 0.48, 75, 500, 1, 11, 18750, 2.5
1, 19006, 224, 227, 227, 1496136, 1496170, 0.48, 75, 500, 1, 10, 18750, 2.5
1, 20171, 252, 258, 258, 1633733, 1633837, 0.48, 75, 500, 1, 11, 18750, 2.5
1, 20199, 245, 248, 252, 1313035, 1333319, 0.48, 75, 500, 1, 12, 18750, 2.5
1, 19306, 236, 239, 244, 1323783, 1344672, 0.48, 75, 500, 1, 11, 18750, 2.5
0, 24581, 238, 279, 268, 1790157, 1724509, 0.48, 75, 500, 1, 15, 18750, 2.5
0, 20480, 249, 269, 259, 1364064, 1313028, 0.48, 75, 500, 1, 12, 18750, 2.5
0, 21080, 281, 300, 289, 1685524, 1617768, 0.48, 75, 500, 1, 13, 18750, 2.5
1, 19036, 285, 288, 288, 1560215, 1560245, 0.48, 75, 500, 1, 12, 18750, 2.5
1, 18972, 266, 269, 269, 1555956, 1555981, 0.48, 75, 500, 1, 12, 18750, 2.5
1, 19847, 248, 251, 257, 1323658, 1355159, 0.48, 75, 500, 1, 10, 18750, 2.5
1, 19520, 216, 219, 220, 1416969, 1422443, 0.48, 75, 500, 1, 11, 18750, 2.5
1, 19581, 265, 268, 270, 1584348, 1597053, 0.48, 75, 500, 1, 10, 18750, 2.5
1, 19717, 273, 277, 278, 1431140, 1436540, 0.48, 75, 500, 1, 11, 18750, 2.5
1, 19235, 251, 254, 255, 1507715, 1513603, 0.48, 75, 500, 1, 11, 18750, 2.5
0, 23604, 243, 279, 268, 1781837, 1715353, 0.48, 75, 500, 1, 15, 18750, 2.5
1, 19097, 236, 239, 239, 1453890, 1453913, 0.48, 75, 500, 1, 11, 18750, 2.5
0, 22061, 246, 279, 268, 1554311, 1494895, 0.48, 75, 500, 1, 14, 18750, 2.5
0, 20511, 244, 268, 257, 1404535, 1347174, 0.48, 75, 500, 1, 14, 18750, 2.5
1, 19448, 264, 267, 273, 1436734, 1470998, 0.48, 75, 500, 1, 12, 18750, 2.5
1, 19563, 248, 251, 252, 1402974, 1408426, 0.48, 75, 500, 1, 11, 18750, 2.5
1, 19965, 247, 250, 250, 1435091, 1435202, 0.48, 75, 500, 1, 11, 18750, 2.5
1, 19357, 233, 236, 237, 1510643, 1516579, 0.48, 75, 500, 1, 10, 18750, 2.5
1, 19182, 209, 212, 212, 1466619, 1466756, 0.48, 75, 500, 1, 11, 18750, 2.5
1, 19051, 250, 253, 253, 1399432, 1399471, 0.48, 75, 500, 1, 11, 18750, 2.5
1, 19013, 227, 230, 230, 1520160, 1520233, 0.48, 75, 500, 1, 11, 18750, 2.5
0, 21803, 264, 296, 286, 1500102, 1445295, 0.48, 75, 500, 1, 13, 18750, 2.5
1, 19176, 263, 266, 268, 1266127, 1276327, 0.48, 75, 500, 1, 10, 18750, 2.5
1, 19217, 265, 268, 269, 1436421, 1442088, 0.48, 75, 500, 1, 13, 18750, 2.5
1, 19467, 264, 267, 267, 1659903, 1660142, 0.48, 75, 500, 1, 11, 18750, 2.5
1, 19373, 260, 263, 263, 1535709, 1535803, 0.48, 75, 500, 1, 10, 18750, 2.5
1, 19464, 250, 253, 255, 1339812, 1350448, 0.48, 75, 500, 1, 10, 18750, 2.5
1, 19836, 261, 264, 267, 1491072, 1509061, 0.48, 75, 500, 1, 11, 18750, 2.5
1, 19536, 228, 231, 231, 1315301, 1315419, 0.48, 75, 500, 1, 9, 18750, 2.5
1, 19403, 231, 234, 236, 1357711, 1368590, 0.48, 75, 500, 1, 11, 18750, 2.5
1, 19143, 224, 227, 228, 1433458, 1439188, 0.48, 75, 500, 1, 10, 18750, 2.5
1, 24965, 269, 322, 323, 1699494, 1699554, 0.48, 75, 500, 1, 13, 18750, 2.5
1, 19478, 256, 257, 260, 46705512, 46883721, 0.48, 75, 500, 32, 1360, 18750, 2.5
1, 19281, 248, 252, 250, 44598510, 44908142, 0.48, 75, 500, 32, 1400, 18750, 2.5
1, 19255, 270, 273, 275, 45030544, 45374951, 0.48, 75, 500, 32, 1427, 18750, 2.5
1, 19456, 273, 276, 278, 46503296, 46966565, 0.48, 75, 500, 32, 1451, 18750, 2.5
1, 18824, 256, 257, 259, 45505622, 45546817, 0.48, 75, 500, 32, 1454, 18750, 2.5
1, 19550, 262, 264, 271, 45804148, 46249801, 0.48, 75, 500, 32, 1482, 18750, 2.5
1, 21322, 250, 263, 269, 48875960, 49162964, 0.48, 75, 500, 32, 1607, 18750, 2.5
1, 20746, 281, 294, 294, 48905064, 49233059, 0.48, 75, 500, 32, 1647, 18750, 2.5
1, 20997, 255, 270, 269, 48267596, 48331930, 0.48, 75, 500, 32, 1651, 18750, 2.5
0, 26250, 240, 295, 287, 54953662, 54028646, 0.48, 75, 500, 32, 1973, 18750, 2.5
0, 26250, 237, 305, 285, 54195571, 52996793, 0.48, 75, 500, 32, 1999, 18750, 2.5
0, 26250, 273, 316, 346, 54339213, 53567231, 0.48, 75, 500, 32, 2031, 18750, 2.5
0, 26250, 273, 326, 322, 54190617, 53095274, 0.48, 75, 500, 32, 2032, 18750, 2.5
0, 26250, 255, 303, 306, 55456755, 54962861, 0.48, 75, 500, 32, 2035, 18750, 2.5
0, 26250, 218, 264, 285, 53696519, 53038549, 0.48, 75, 500, 32, 2057, 18750, 2.5
1, 19914, 247, 258, 255, 46545551, 46775413, 0.48, 75, 500, 32, 1510, 18750, 2.5
1, 20258, 267, 269, 273, 46870810, 47605816, 0.48, 75, 500, 32, 1474, 18750, 2.5
1, 19294, 281, 286, 285, 45763826, 45827781, 0.48, 75, 500, 32, 1549, 18750, 2.5
0, 19140, 254, 255, 255, 45527397, 43974290, 0.48, 75, 500, 32, 1610, 18750, 2.5
1, 19139, 246, 249, 248, 46001034, 46075864, 0.48, 75, 500, 32, 1423, 18750, 2.5
1, 19149, 245, 247, 248, 45209731, 45250036, 0.48, 75, 500, 32, 1649, 18750, 2.5
0, 23586, 220, 243, 263, 50688008, 49428882, 0.48, 75, 500, 32, 1902, 18750, 2.5
1, 18914, 253, 254, 256, 46182638, 46273111, 0.48, 75, 500, 32, 1405, 18750, 2.5
0, 26250, 255, 302, 296, 54692612, 53819397, 0.48, 75, 500, 32, 2095, 18750, 2.5
0, 26250, 252, 299, 303, 53717798, 54396141, 0.48, 75, 500, 32, 2073, 18750, 2.5
1, 19352, 251, 253, 253, 45697415, 45966058, 0.48, 75, 500, 32, 1633, 18750, 2.5
0, 25365, 268, 307, 298, 54588492, 52906866, 0.48, 75, 500, 32, 2033, 18750, 2.5
0, 25924, 239, 277, 299, 56151607, 54776843, 0.48, 75, 500, 32, 1987, 18750, 2.5
0, 26250, 227, 287, 276, 54162769, 53315083, 0.48, 75, 500, 32, 2069, 18750, 2.5
0, 26250, 249, 307, 304, 55209988, 54090571, 0.48, 75, 500, 32, 2097, 18750, 2.5
1, 19523, 240, 241, 243, 47036552, 48177895, 0.48, 75, 500, 32, 1507, 18750, 2.5
1, 19774, 241, 243, 248, 46686535, 46758368, 0.48, 75, 500, 32, 1535, 18750, 2.5
0, 26250, 245, 298, 303, 54176617, 53574606, 0.48, 75, 500, 32, 2067, 18750, 2.5
1, 20011, 251, 252, 266, 45907647, 45958263, 0.48, 75, 500, 32, 1571, 18750, 2.5
0, 26250, 264, 323, 304, 54125822, 53091948, 0.48, 75, 500, 32, 2034, 18750, 2.5
0, 26250, 243, 290, 314, 55102471, 53359133, 0.48, 75, 500, 32, 2129, 18750, 2.5
0, 26250, 251, 303, 299, 55355063, 54618204, 0.48, 75, 500, 32, 2103, 18750, 2.5
1, 19381, 269, 274, 272, 45717555, 45768455, 0.48, 75, 500, 32, 1526, 18750, 2.5
1, 19779, 272, 274, 275, 47492836, 47535462, 0.48, 75, 500, 32, 1510, 18750, 2.5
1, 19611, 233, 241, 238, 46268272, 46478766, 0.48, 75, 500, 32, 1476, 18750, 2.5
1, 20065, 254, 266, 261, 47104438, 47148751, 0.48, 75, 500, 32, 1563, 18750, 2.5
0, 26250, 265, 325, 305, 53789312, 52744163, 0.48, 75, 500, 32, 2097, 18750, 2.5
0, 26250, 257, 314, 315, 53263071, 52587994, 0.48, 75, 500, 32, 2013, 18750, 2.5
0, 26250, 243, 295, 309, 54531597, 53263865, 0.48, 75, 500, 32, 2274, 18750, 2.5
1, 20353, 237, 250, 246, 47823704, 47922638, 0.48, 75, 500, 32, 1557, 18750, 2.5
0, 26250, 219, 262, 270, 55964826, 54864249, 0.48, 75, 500, 32, 2056, 18750, 2.5
1, 19824, 279, 289, 285, 47341378, 47463259, 0.48, 75, 500, 32, 1520, 18750, 2.5
1, 21527, 259, 278, 284, 47805088, 48099647, 0.48, 75, 500, 32, 1652, 18750, 2.5
0, 26250, 252, 300, 309, 54402945, 54306788, 0.48, 75, 500, 32, 2089, 18750, 2.5
0, 26250, 262, 339, 308, 54425946, 53745925, 0.48, 75, 500, 32, 2077, 18750, 2.5
1, 19251, 273, 278, 277, 45339164, 45448655, 0.48, 75, 500, 32, 1503, 18750, 2.5
0, 26250, 267, 322, 314, 54060275, 53501364, 0.48, 75, 500, 32, 1993, 18750, 2.5
1, 25206, 258, 318, 304, 52589026, 52796581, 0.48, 75, 500, 32, 1962, 18750, 2.5
1, 21685, 242, 265, 263, 49161713, 49593047, 0.48, 75, 500, 32, 1601, 18750, 2.5
0, 26250, 259, 313, 301, 55359620, 54493159, 0.48, 75, 500, 32, 2144, 18750, 2.5
0, 22860, 258, 291, 282, 49773510, 49069516, 0.48, 75, 500, 32, 1847, 18750, 2.5
0, 26250, 211, 270, 280, 56428914, 55751490, 0.48, 75, 500, 32, 2019, 18750, 2.5
0, 26250, 230, 284, 279, 54329786, 54170932, 0.48, 75, 500, 32, 2001, 18750, 2.5
0, 23784, 250, 290, 263, 51587685, 50003078, 0.48, 75, 500, 32, 1942, 18750, 2.5
0, 21238, 264, 283, 281, 48462751, 47381191, 0.48, 75, 500, 32, 1610, 18750, 2.5
0, 26250, 268, 326, 329, 54387338, 54114692, 0.48, 75, 500, 32, 2141, 18750, 2.5
0, 26250, 251, 306, 297, 55228560, 53962705, 0.48, 75, 500, 32, 2105, 18750, 2.5
0, 26250, 271, 331, 312, 55675447, 54676397, 0.48, 75, 500, 32, 2216, 18750, 2.5
1, 21253, 238, 255, 249, 49307929, 49597585, 0.48, 75, 500, 32, 1674, 18750, 2.5
1, 19526, 232, 237, 239, 45738153, 45910692, 0.48, 75, 500, 32, 1658, 18750, 2.5
0, 24859, 248, 292, 290, 53553682, 52472797, 0.48, 75, 500, 32, 2036, 18750, 2.5
1, 21340, 264, 291, 275, 48357512, 48507598, 0.48, 75, 500, 32, 1768, 18750, 2.5
1, 19545, 242, 244, 249, 46685406, 46941440, 0.48, 75, 500, 32, 1574, 18750, 2.5
0, 26250, 237, 297, 284, 53554718, 52812428, 0.48, 75, 500, 32, 2206, 18750, 2.5
0, 26250, 241, 286, 293, 54086401, 53463929, 0.48, 75, 500, 32, 2234, 18750, 2.5
1, 19876, 261, 267, 269, 47058407, 47117901, 0.48, 75, 500, 32, 1591, 18750, 2.5
0, 26250, 258, 304, 312, 55087536, 54512315, 0.48, 75, 500, 32, 2114, 18750, 2.5
0, 26250, 244, 323, 271, 55359258, 54455254, 0.48, 75, 500, 32, 2167, 18750, 2.5
0, 26250, 273, 329, 327, 54764742, 53938179, 0.48, 75, 500, 32, 2179, 18750, 2.5
0, 25857, 269, 327, 318, 55367459, 53782367, 0.48, 75, 500, 32, 2102, 18750, 2.5
1, 19198, 264, 265, 270, 45298056, 45500061, 0.48, 75, 500, 32, 1546, 18750, 2.5
0, 25361, 258, 305, 312, 53237454, 51756245, 0.48, 75, 500, 32, 2065, 18750, 2.5
0, 21835, 228, 247, 245, 49402133, 48246899, 0.48, 75, 500, 32, 1714, 18750, 2.5
1, 19413, 207, 212, 211, 47278952, 47350171, 0.48, 75, 500, 32, 1424, 18750, 2.5
1, 19096, 258, 261, 260, 45270083, 45418363, 0.48, 75, 500, 32, 1467, 18750, 2.5
0, 26250, 278, 340, 322, 54525306, 54051588, 0.48, 75, 500, 32, 2050, 18750, 2.5
0, 24479, 250, 286, 301, 52051897, 51003106, 0.48, 75, 500, 32, 1945, 18750, 2.5
1, 21419, 241, 266, 260, 48359845, 48591323, 0.48, 75, 500, 32, 1627, 18750, 2.5
1, 19439, 232, 236, 239, 45685977, 46355775, 0.48, 75, 500, 32, 1520, 18750, 2.5
0, 26250, 277, 331, 320, 53660462, 52818037, 0.48, 75, 500, 32, 2131, 18750, 2.5
0, 24937, 258, 295, 311, 52880678, 51674735, 0.48, 75, 500, 32, 2043, 18750, 2.5
1, 19199, 257, 260, 262, 45491773, 45742991, 0.48, 75, 500, 32, 1671, 18750, 2.5
0, 26250, 253, 297, 315, 53936272, 53690738, 0.48, 75, 500, 32, 2097, 18750, 2.5
0, 26250, 224, 266, 273, 54247393, 54057720, 0.48, 75, 500, 32, 2188, 18750, 2.5
0, 26250, 244, 296, 290, 54482627, 54028226, 0.48, 75, 500, 32, 2053, 18750, 2.5
0, 22766, 225, 253, 240, 49618338, 48015014, 0.48, 75, 500, 32, 1703, 18750, 2.5
1, 20196, 243, 245, 257, 46438583, 46743621, 0.48, 75, 500, 32, 1823, 18750, 2.5
0, 26250, 278, 334, 325, 54483741, 53478830, 0.48, 75, 500, 32, 2254, 18750, 2.5
0, 26250, 245, 310, 308, 39726779, 38809324, 0.48, 75, 500, 23, 1121, 18750, 2.5
0, 26250, 263, 310, 314, 39047768, 38623192, 0.48, 75, 500, 23, 1110, 18750, 2.5
1, 19492, 229, 231, 234, 33956761, 34148099, 0.48, 75, 500, 23, 789, 18750, 2.5
0, 26250, 271, 327, 322, 55003866, 54008352, 0.48, 75, 500, 32, 2138, 18750, 2.5
0, 26250, 256, 319, 305, 39314393, 39086374, 0.48, 75, 500, 23, 1028, 18750, 2.5
0, 26250, 243, 299, 301, 37863059, 37802448, 0.48, 75, 500, 23, 1144, 18750, 2.5
0, 26250, 273, 320, 325, 55359912, 54443339, 0.48, 75, 500, 32, 2165, 18750, 2.5
1, 20714, 278, 289, 291, 32878097, 32930384, 0.48, 75, 500, 23, 858, 18750, 2.5
0, 26250, 239, 291, 293, 53940439, 53487449, 0.48, 75, 500, 32, 2061, 18750, 2.5
1, 19530, 250, 252, 256, 45486165, 45588816, 0.48, 75, 500, 32, 1716, 18750, 2.5
0, 26250, 233, 306, 270, 55566854, 55227162, 0.48, 75, 500, 32, 2186, 18750, 2.5
0, 26250, 232, 292, 274, 54461628, 53415158, 0.48, 75, 500, 32, 2194, 18750, 2.5
1, 19003, 231, 233, 233, 32622491, 32631314, 0.48, 75, 500, 23, 781, 18750, 2.5
0, 26250, 252, 301, 294, 55806510, 55554370, 0.48, 75, 500, 32, 2155, 18750, 2.5
1, 19238, 260, 265, 264, 32351420, 32455121, 0.48, 75, 500, 23, 825, 18750, 2.5
1, 20528, 257, 267, 274, 34772768, 34918965, 0.48, 75, 500, 23, 893, 18750, 2.5
1, 19701, 260, 264, 266, 32844512, 33360443, 0.48, 75, 500, 23, 736, 18750, 2.5
0, 26250, 241, 308, 292, 39234704, 38731735, 0.48, 75, 500, 23, 1054, 18750, 2.5
0, 22853, 263, 291, 282, 35064915, 34155768, 0.48, 75, 500, 23, 898, 18750, 2.5
0, 26250, 241, 301, 294, 39521207, 38840371, 0.48, 75, 500, 23, 1097, 18750, 2.5
0, 26250, 258, 302, 313, 38649349, 38469216, 0.48, 75, 500, 23, 1091, 18750, 2.5
0, 26250, 241, 285, 293, 38881995, 38066173, 0.48, 75, 500, 23, 1059, 18750, 2.5
0, 26250, 254, 303, 304, 39769786, 39094860, 0.48, 75, 500, 23, 1061, 18750, 2.5
1, 23030, 264, 294, 295, 36124557, 36178214, 0.48, 75, 500, 23, 907, 18750, 2.5
0, 26250, 236, 302, 286, 39209799, 38308319, 0.48, 75, 500, 23, 1120, 18750, 2.5
0, 26250, 239, 296, 289, 39160287, 38690243, 0.48, 75, 500, 23, 1158, 18750, 2.5
1, 19897, 262, 271, 269, 34468988, 34732517, 0.48, 75, 500, 23, 888, 18750, 2.5
1, 18998, 253, 254, 257, 32967670, 33142841, 0.48, 75, 500, 23, 825, 18750, 2.5
1, 19711, 259, 263, 264, 32484544, 32721476, 0.48, 75, 500, 23, 866, 18750, 2.5
0, 26250, 236, 291, 288, 40227351, 39420574, 0.48, 75, 500, 23, 1132, 18750, 2.5
1, 19369, 241, 244, 248, 32734381, 32895322, 0.48, 75, 500, 23, 808, 18750, 2.5
1, 21383, 251, 263, 273, 34268523, 34369744, 0.48, 75, 500, 23, 911, 18750, 2.5
1, 19916, 248, 260, 253, 33916669, 34019100, 0.48, 75, 500, 23, 855, 18750, 2.5
1, 20578, 250, 265, 259, 33875552, 34026788, 0.48, 75, 500, 23, 856, 18750, 2.5
0, 26250, 243, 289, 299, 38118078, 37762881, 0.48, 75, 500, 23, 1111, 18750, 2.5
1, 19496, 230, 233, 238, 33357837, 33416338, 0.48, 75, 500, 23, 853, 18750, 2.5
1, 19947, 246, 251, 251, 33317062, 33363704, 0.48, 75, 500, 23, 903, 18750, 2.5
0, 26250, 251, 308, 328, 39217608, 38872488, 0.48, 75, 500, 23, 1141, 18750, 2.5
1, 19273, 232, 235, 239, 33217660, 33399707, 0.48, 75, 500, 23, 772, 18750, 2.5
0, 26250, 263, 319, 322, 38098205, 38375006, 0.48, 75, 500, 23, 1110, 18750, 2.5
1, 19744, 254, 261, 258, 33222684, 33291133, 0.48, 75, 500, 23, 775, 18750, 2.5
1, 19868, 277, 283, 286, 33899029, 34023051, 0.48, 75, 500, 23, 827, 18750, 2.5
1, 20753, 246, 254, 250, 35539634, 35697814, 0.48, 75, 500, 23, 916, 18750, 2.5
0, 22599, 271, 295, 298, 35856149, 35030760, 0.48, 75, 500, 23, 907, 18750, 2.5
0, 26250, 256, 304, 318, 38663344, 38306979, 0.48, 75, 500, 23, 1120, 18750, 2.5
0, 26250, 247, 304, 297, 39438775, 38827513, 0.48, 75, 500, 23, 1046, 18750, 2.5
0, 26250, 258, 295, 327, 38646256, 38271008, 0.48, 75, 500, 23, 1070, 18750, 2.5
1, 19968, 240, 246, 251, 33039542, 33103641, 0.48, 75, 500, 23, 838, 18750, 2.5
1, 19027, 262, 265, 266, 32852020, 32913272, 0.48, 75, 500, 23, 828, 18750, 2.5
0, 26250, 269, 331, 328, 39067657, 38498997, 0.48, 75, 500, 23, 1060, 18750, 2.5
0, 24796, 246, 282, 285, 38251544, 37146353, 0.48, 75, 500, 23, 1050, 18750, 2.5
0, 26250, 230, 276, 273, 39777359, 39600332, 0.48, 75, 500, 23, 1123, 18750, 2.5
1, 20251, 241, 255, 247, 34559080, 34990029, 0.48, 75, 500, 23, 807, 18750, 2.5
1, 19106, 231, 233, 233, 32210738, 32268430, 0.48, 75, 500, 23, 730, 18750, 2.5
0, 25320, 256, 307, 302, 39976827, 38806128, 0.48, 75, 500, 23, 999, 18750, 2.5
0, 26250, 256, 314, 305, 39569409, 39217719, 0.48, 75, 500, 23, 1064, 18750, 2.5
1, 19790, 272, 275, 278, 33293757, 33421194, 0.48, 75, 500, 23, 873, 18750, 2.5
0, 26250, 233, 283, 298, 38537730, 37633655, 0.48, 75, 500, 23, 1106, 18750, 2.5
1, 19304, 271, 272, 274, 32610960, 32829073, 0.48, 75, 500, 23, 748, 18750, 2.5
0, 26250, 276, 319, 327, 39709218, 38807960, 0.48, 75, 500, 23, 1045, 18750, 2.5
1, 19107, 263, 265, 267, 33053020, 33080327, 0.48, 75, 500, 23, 716, 18750, 2.5
0, 22804, 287, 311, 304, 36379704, 35531452, 0.48, 75, 500, 23, 819, 18750, 2.5
0, 26250, 263, 326, 305, 39640852, 38932637, 0.48, 75, 500, 23, 1092, 18750, 2.5
0, 26250, 257, 321, 296, 40069932, 39542801, 0.48, 75, 500, 23, 1010, 18750, 2.5
1, 20080, 250, 261, 258, 33508905, 33580152, 0.48, 75, 500, 23, 815, 18750, 2.5
1, 19540, 237, 240, 243, 32785148, 33138515, 0.48, 75, 500, 23, 770, 18750, 2.5
1, 19963, 271, 275, 276, 33545522, 33797278, 0.48, 75, 500, 23, 733, 18750, 2.5
0, 26250, 259, 315, 323, 39276358, 38800799, 0.48, 75, 500, 23, 1073, 18750, 2.5
0, 26250, 250, 311, 309, 39251178, 38725101, 0.48, 75, 500, 23, 999, 18750, 2.5
1, 19665, 243, 247, 253, 33765113, 33933301, 0.48, 75, 500, 23, 739, 18750, 2.5
0, 26250, 232, 304, 280, 38972725, 37899422, 0.48, 75, 500, 23, 1047, 18750, 2.5
0, 26250, 209, 271, 262, 39972441, 39432308, 0.48, 75, 500, 23, 1086, 18750, 2.5
1, 19296, 229, 233, 232, 34023580, 34164505, 0.48, 75, 500, 23, 735, 18750, 2.5
0, 26250, 272, 336, 312, 39580301, 39023963, 0.48, 75, 500, 23, 993, 18750, 2.5
0, 24855, 238, 269, 265, 38571295, 37630747, 0.48, 75, 500, 23, 894, 18750, 2.5
1, 23404, 261, 293, 290, 35797283, 35821966, 0.48, 75, 500, 23, 968, 18750, 2.5
0, 26250, 270, 341, 330, 38162790, 37884104, 0.48, 75, 500, 23, 1060, 18750, 2.5
0, 26250, 242, 305, 285, 38773794, 38335141, 0.48, 75, 500, 23, 1077, 18750, 2.5
0, 26250, 269, 319, 314, 38579406, 38328645, 0.48, 75, 500, 23, 1113, 18750, 2.5
0, 25896, 251, 296, 314, 38173268, 37429818, 0.48, 75, 500, 23, 1027, 18750, 2.5
1, 19755, 262, 268, 267, 33919229, 34078485, 0.48, 75, 500, 23, 830, 18750, 2.5
1, 19867, 249, 256, 261, 33310796, 33429323, 0.48, 75, 500, 23, 851, 18750, 2.5
0, 26250, 267, 326, 314, 39466833, 38647554, 0.48, 75, 500, 23, 1138, 18750, 2.5
1, 19461, 276, 284, 282, 33342426, 33458960, 0.48, 75, 500, 23, 829, 18750, 2.5
1, 19604, 257, 267, 264, 33140652, 33230147, 0.48, 75, 500, 23, 800, 18750, 2.5
0, 26250, 277, 331, 326, 39250870, 39094599, 0.48, 75, 500, 23, 1097, 18750, 2.5
1, 19487, 240, 245, 247, 32924708, 33129116, 0.48, 75, 500, 23, 829, 18750, 2.5
1, 20813, 242, 257, 262, 34210932, 34593373, 0.48, 75, 500, 23, 868, 18750, 2.5
1, 19724, 236, 240, 243, 32748311, 33158750, 0.48, 75, 500, 23, 870, 18750, 2.5
1, 19446, 258, 261, 261, 32346342, 32581102, 0.48, 75, 500, 23, 894, 18750, 2.5
1, 19158, 255, 257, 259, 32755290, 32779112, 0.48, 75, 500, 23, 818, 18750, 2.5
0, 26250, 245, 300, 282, 40081306, 39564298, 0.48, 75, 500, 23, 1073, 18750, 2.5
1, 19122, 251, 253, 253, 32790976, 33000362, 0.48, 75, 500, 23, 820, 18750, 2.5
1, 19033, 252, 253, 256, 32867677, 33010817, 0.48, 75, 500, 23, 769, 18750, 2.5
1, 21343, 253, 269, 265, 34340833, 34363836, 0.48, 75, 500, 23, 862, 18750, 2.5
1, 18949, 262, 263, 264, 22000587, 22034124, 0.48, 75, 500, 16, 339, 18750, 2.5
0, 26250, 268, 310, 330, 39530588, 38836621, 0.48, 75, 500, 23, 1093, 18750, 2.5
0, 26250, 257, 319, 299, 38270368, 37510196, 0.48, 75, 500, 23, 1049, 18750, 2.5
1, 23889, 220, 258, 240, 26337029, 26570506, 0.48, 75, 500, 16, 481, 18750, 2.5
0, 26250, 237, 285, 307, 40675759, 40220522, 0.48, 75, 500, 23, 1064, 18750, 2.5
0, 26250, 249, 305, 292, 39514623, 39153127, 0.48, 75, 500, 23, 1004, 18750, 2.5
1, 19106, 261, 262, 265, 22535147, 22705877, 0.48, 75, 500, 16, 435, 18750, 2.5
0, 26250, 248, 295, 295, 38903409, 37870889, 0.48, 75, 500, 23, 944, 18750, 2.5
0, 26250, 239, 298, 291, 38550643, 37768220, 0.48, 75, 500, 23, 1063, 18750, 2.5
0, 26250, 254, 316, 316, 38684029, 38265472, 0.48, 75, 500, 23, 1059, 18750, 2.5
1, 19493, 248, 254, 256, 22481971, 22685596, 0.48, 75, 500, 16, 385, 18750, 2.5
1, 21471, 253, 270, 274, 24126304, 24256135, 0.48, 75, 500, 16, 435, 18750, 2.5
0, 23139, 261, 292, 286, 36100865, 35117544, 0.48, 75, 500, 23, 972, 18750, 2.5
1, 19959, 263, 271, 268, 24234211, 24326964, 0.48, 75, 500, 16, 414, 18750, 2.5
0, 26250, 252, 306, 314, 38896762, 38398518, 0.48, 75, 500, 23, 1053, 18750, 2.5
0, 25814, 257, 307, 302, 37966968, 37371791, 0.48, 75, 500, 23, 973, 18750, 2.5
0, 26250, 249, 286, 315, 40636675, 40102281, 0.48, 75, 500, 23, 1022, 18750, 2.5
1, 19247, 253, 259, 256, 22775484, 22874016, 0.48, 75, 500, 16, 362, 18750, 2.5
0, 26250, 277, 326, 332, 38897953, 38332962, 0.48, 75, 500, 23, 1057, 18750, 2.5
1, 19370, 257, 258, 260, 23238089, 23293520, 0.48, 75, 500, 16, 436, 18750, 2.5
0, 26250, 270, 327, 309, 28666502, 28120539, 0.48, 75, 500, 16, 517, 18750, 2.5
0, 26250, 270, 345, 326, 26941264, 26462038, 0.48, 75, 500, 16, 549, 18750, 2.5
0, 26250, 267, 322, 311, 27074832, 26741007, 0.48, 75, 500, 16, 529, 18750, 2.5
0, 26250, 218, 270, 271, 27764296, 27208082, 0.48, 75, 500, 16, 539, 18750, 2.5
1, 20222, 254, 269, 272, 23452005, 23528615, 0.48, 75, 500, 16, 434, 18750, 2.5
0, 22618, 245, 275, 262, 25516600, 24643510, 0.48, 75, 500, 16, 468, 18750, 2.5
0, 26238, 248, 297, 299, 27165971, 26120930, 0.48, 75, 500, 16, 548, 18750, 2.5
1, 19448, 250, 256, 256, 22564154, 22589632, 0.48, 75, 500, 16, 410, 18750, 2.5
0, 26250, 245, 310, 305, 27212946, 26369897, 0.48, 75, 500, 16, 540, 18750, 2.5
0, 26250, 258, 323, 298, 27659855, 27091918, 0.48, 75, 500, 16, 531, 18750, 2.5
1, 19386, 256, 258, 261, 23778612, 23858432, 0.48, 75, 500, 16, 397, 18750, 2.5
0, 26250, 236, 280, 277, 27713056, 27260093, 0.48, 75, 500, 16, 557, 18750, 2.5
1, 19417, 263, 269, 267, 23121948, 23222284, 0.48, 75, 500, 16, 415, 18750, 2.5
0, 26250, 266, 323, 335, 26911002, 26258825, 0.48, 75, 500, 16, 547, 18750, 2.5
0, 26250, 240, 304, 296, 27014730, 26518044, 0.48, 75, 500, 16, 551, 18750, 2.5
0, 26250, 248, 328, 283, 26656670, 25950264, 0.48, 75, 500, 16, 568, 18750, 2.5
1, 19617, 231, 233, 235, 23111600, 23185139, 0.48, 75, 500, 16, 414, 18750, 2.5
1, 23485, 244, 270, 289, 25282153, 25440043, 0.48, 75, 500, 16, 460, 18750, 2.5
1, 19828, 256, 261, 261, 23574988, 23713159, 0.48, 75, 500, 16, 401, 18750, 2.5
0, 26250, 262, 318, 316, 27147390, 26543493, 0.48, 75, 500, 16, 585, 18750, 2.5
0, 26250, 264, 311, 318, 27600252, 26828971, 0.48, 75, 500, 16, 520, 18750, 2.5
0, 26250, 244, 304, 293, 27810378, 27148190, 0.48, 75, 500, 16, 514, 18750, 2.5
1, 19980, 202, 212, 211, 23200108, 23421014, 0.48, 75, 500, 16, 398, 18750, 2.5
0, 26250, 245, 302, 308, 27217182, 26794425, 0.48, 75, 500, 16, 517, 18750, 2.5
1, 19081, 240, 241, 242, 23469173, 23479162, 0.48, 75, 500, 16, 419, 18750, 2.5
1, 19140, 246, 251, 250, 23053590, 23068057, 0.48, 75, 500, 16, 401, 18750, 2.5
0, 26250, 259, 309, 306, 27325143, 27086655, 0.48, 75, 500, 16, 560, 18750, 2.5
0, 25865, 251, 291, 289, 27327533, 26282503, 0.48, 75, 500, 16, 507, 18750, 2.5
0, 26250, 267, 301, 331, 27153874, 27436147, 0.48, 75, 500, 16, 502, 18750, 2.5
1, 19136, 255, 258, 259, 22963779, 23063430, 0.48, 75, 500, 16, 366, 18750, 2.5
1, 19830, 245, 252, 251, 23577277, 23673867, 0.48, 75, 500, 16, 387, 18750, 2.5
1, 19462, 252, 263, 260, 22610111, 22649202, 0.48, 75, 500, 16, 414, 18750, 2.5
0, 26250, 234, 289, 287, 26684813, 26512269, 0.48, 75, 500, 16, 565, 18750, 2.5
1, 20633, 226, 239, 237, 23537760, 23700027, 0.48, 75, 500, 16, 416, 18750, 2.5
0, 19055, 274, 275, 275, 22912223, 22452164, 0.48, 75, 500, 16, 413, 18750, 2.5
1, 19318, 213, 217, 217, 22852401, 22865861, 0.48, 75, 500, 16, 387, 18750, 2.5
0, 24130, 282, 309, 316, 26681247, 26192467, 0.48, 75, 500, 16, 516, 18750, 2.5
1, 19942, 255, 263, 260, 23830869, 23998129, 0.48, 75, 500, 16, 425, 18750, 2.5
0, 23761, 253, 285, 282, 25948086, 25100583, 0.48, 75, 500, 16, 487, 18750, 2.5
1, 19009, 238, 240, 240, 21976458, 22012164, 0.48, 75, 500, 16, 411, 18750, 2.5
0, 26250, 253, 300, 296, 26522152, 26020872, 0.48, 75, 500, 16, 555, 18750, 2.5
0, 26250, 232, 272, 278, 27029352, 26478301, 0.48, 75, 500, 16, 559, 18750, 2.5
1, 20048, 258, 264, 268, 23033043, 23499620, 0.48, 75, 500, 16, 426, 18750, 2.5
0, 24441, 254, 294, 290, 26359161, 25729686, 0.48, 75, 500, 16, 494, 18750, 2.5
1, 19481, 248, 252, 252, 22912650, 23043981, 0.48, 75, 500, 16, 394, 18750, 2.5
1, 22629, 242, 270, 266, 24284544, 24307026, 0.48, 75, 500, 16, 455, 18750, 2.5
1, 19974, 268, 275, 274, 23330363, 23381745, 0.48, 75, 500, 16, 393, 18750, 2.5
1, 20844, 267, 274, 281, 23655744, 23693215, 0.48, 75, 500, 16, 462, 18750, 2.5
1, 19157, 232, 237, 235, 22400837, 22429431, 0.48, 75, 500, 16, 405, 18750, 2.5
1, 22046, 240, 260, 255, 24591818, 24664719, 0.48, 75, 500, 16, 493, 18750, 2.5
1, 23705, 259, 301, 289, 25750001, 25903418, 0.48, 75, 500, 16, 525, 18750, 2.5
0, 23841, 254, 296, 273, 26833232, 26025028, 0.48, 75, 500, 16, 490, 18750, 2.5
0, 26250, 242, 302, 295, 28390173, 27983926, 0.48, 75, 500, 16, 580, 18750, 2.5
0, 26250, 238, 295, 286, 27862701, 27671181, 0.48, 75, 500, 16, 523, 18750, 2.5
1, 19386, 274, 276, 276, 22814116, 22868059, 0.48, 75, 500, 16, 431, 18750, 2.5
1, 19301, 268, 270, 274, 23039935, 23154954, 0.48, 75, 500, 16, 414, 18750, 2.5
0, 26250, 226, 271, 293, 26573268, 26242929, 0.48, 75, 500, 16, 521, 18750, 2.5
1, 19090, 260, 264, 264, 22145152, 22228836, 0.48, 75, 500, 16, 382, 18750, 2.5
1, 19983, 269, 281, 272, 24066351, 24199747, 0.48, 75, 500, 16, 419, 18750, 2.5
1, 19828, 261, 263, 265, 22437711, 22681530, 0.48, 75, 500, 16, 406, 18750, 2.5
1, 19799, 227, 235, 230, 23237949, 23327301, 0.48, 75, 500, 16, 422, 18750, 2.5
0, 19880, 241, 252, 242, 24014705, 23124162, 0.48, 75, 500, 16, 443, 18750, 2.5
0, 26250, 239, 311, 298, 27778389, 27195268, 0.48, 75, 500, 16, 531, 18750, 2.5
0, 26250, 262, 310, 306, 28163503, 27848624, 0.48, 75, 500, 16, 558, 18750, 2.5
1, 19399, 254, 256, 258, 23002293, 23119194, 0.48, 75, 500, 16, 401, 18750, 2.5
1, 19742, 224, 226, 237, 23156646, 23217990, 0.48, 75, 500, 16, 383, 18750, 2.5
1, 19402, 242, 246, 247, 22505703, 22636502, 0.48, 75, 500, 16, 374, 18750, 2.5
0, 26250, 232, 288, 271, 26945786, 26438097, 0.48, 75, 500, 16, 534, 18750, 2.5
0, 26250, 223, 283, 269, 27292504, 26918472, 0.48, 75, 500, 16, 555, 18750, 2.5
1, 21332, 263, 282, 277, 24047339, 24104762, 0.48, 75, 500, 16, 461, 18750, 2.5
1, 19348, 260, 262, 263, 23140865, 23227613, 0.48, 75, 500, 16, 405, 18750, 2.5
1, 19343, 254, 258, 260, 22908044, 23007611, 0.48, 75, 500, 16, 430, 18750, 2.5
0, 25918, 263, 309, 322, 27407363, 26613967, 0.48, 75, 500, 16, 555, 18750, 2.5
0, 23981, 266, 298, 297, 26689984, 25992996, 0.48, 75, 500, 16, 445, 18750, 2.5
1, 20160, 244, 255, 250, 23689845, 23754871, 0.48, 75, 500, 16, 396, 18750, 2.5
0, 26250, 254, 311, 301, 27193453, 26652478, 0.48, 75, 500, 16, 513, 18750, 2.5
1, 19513, 243, 244, 248, 22817030, 22944491, 0.48, 75, 500, 16, 394, 18750, 2.5
0, 26250, 255, 304, 311, 27604694, 27084627, 0.48, 75, 500, 16, 547, 18750, 2.5
1, 19090, 241, 242, 245, 23301407, 23416831, 0.48, 75, 500, 16, 431, 18750, 2.5
1, 21225, 283, 299, 299, 24353131, 24516027, 0.48, 75, 500, 16, 401, 18750, 2.5
0, 26250, 240, 295, 293, 26917123, 26590973, 0.48, 75, 500, 16, 510, 18750, 2.5
1, 19878, 221, 230, 230, 23410365, 23486816, 0.48, 75, 500, 16, 438, 18750, 2.5
1, 24662, 234, 273, 279, 26525192, 26616936, 0.48, 75, 500, 16, 462, 18750, 2.5
0, 26250, 232, 277, 286, 26174231, 25648681, 0.48, 75, 500, 16, 519, 18750, 2.5
1, 19492, 224, 227, 228, 16254885, 16464567, 0.48, 75, 500, 11, 189, 18750, 2.5
0, 26250, 228, 284, 269, 26899285, 26697593, 0.48, 75, 500, 16, 488, 18750, 2.5
1, 19569, 233, 235, 235, 15428657, 15499946, 0.48, 75, 500, 11, 204, 18750, 2.5
1, 19226, 243, 244, 245, 23977966, 24007406, 0.48, 75, 500, 16, 388, 18750, 2.5
1, 19782, 242, 244, 246, 15842807, 16042956, 0.48, 75, 500, 11, 214, 18750, 2.5
0, 23993, 262, 293, 298, 25452650, 24544114, 0.48, 75, 500, 16, 512, 18750, 2.5
0, 26250, 261, 304, 302, 26920227, 26597443, 0.48, 75, 500, 16, 525, 18750, 2.5
1, 19128, 257, 261, 261, 22187430, 22214431, 0.48, 75, 500, 16, 368, 18750, 2.5
1, 19717, 266, 270, 272, 16031396, 16068100, 0.48, 75, 500, 11, 228, 18750, 2.5
0, 26250, 235, 308, 274, 27077574, 26567964, 0.48, 75, 500, 16, 526, 18750, 2.5
0, 26250, 249, 301, 293, 18790195, 18656416, 0.48, 75, 500, 11, 280, 18750, 2.5
1, 19354, 237, 242, 244, 15505686, 15548606, 0.48, 75, 500, 11, 213, 18750, 2.5
0, 26250, 243, 308, 315, 28033888, 27435961, 0.48, 75, 500, 16, 503, 18750, 2.5
1, 19151, 275, 279, 279, 15930548, 15958939, 0.48, 75, 500, 11, 199, 18750, 2.5
1, 19262, 231, 234, 234, 24099054, 24163019, 0.48, 75, 500, 16, 415, 18750, 2.5
1, 19341, 254, 255, 259, 15196732, 15348973, 0.48, 75, 500, 11, 221, 18750, 2.5
1, 20540, 237, 251, 250, 16040834, 16118163, 0.48, 75, 500, 11, 253, 18750, 2.5
1, 22353, 235, 251, 262, 17372196, 17417815, 0.48, 75, 500, 11, 247, 18750, 2.5
1, 21719, 277, 286, 284, 17205579, 17361356, 0.48, 75, 500, 11, 254, 18750, 2.5
1, 19039, 260, 263, 264, 15563783, 15617482, 0.48, 75, 500, 11, 216, 18750, 2.5
1, 18952, 253, 255, 255, 15549030, 15552581, 0.48, 75, 500, 11, 207, 18750, 2.5
1, 19038, 229, 231, 232, 15360913, 15385278, 0.48, 75, 500, 11, 221, 18750, 2.5
0, 26250, 224, 290, 270, 19119991, 18356802, 0.48, 75, 500, 11, 299, 18750, 2.5
1, 19471, 260, 266, 263, 15487666, 15518272, 0.48, 75, 500, 11, 201, 18750, 2.5
1, 20852, 255, 267, 267, 16478841, 16485847, 0.48, 75, 500, 11, 209, 18750, 2.5
1, 19182, 254, 256, 256, 15829187, 15846507, 0.48, 75, 500, 11, 208, 18750, 2.5
1, 24833, 252, 305, 294, 18292991, 18388221, 0.48, 75, 500, 11, 260, 18750, 2.5
1, 19177, 251, 253, 255, 16418943, 16442377, 0.48, 75, 500, 11, 227, 18750, 2.5
0, 26250, 273, 343, 318, 18868403, 18502109, 0.48, 75, 500, 11, 278, 18750, 2.5
0, 26250, 239, 291, 299, 19922549, 19583529, 0.48, 75, 500, 11, 296, 18750, 2.5
1, 20984, 249, 264, 262, 17158027, 17229992, 0.48, 75, 500, 11, 219, 18750, 2.5
1, 19646, 247, 251, 249, 16140191, 16191194, 0.48, 75, 500, 11, 211, 18750, 2.5
1, 19402, 249, 253, 252, 15799632, 15905272, 0.48, 75, 500, 11, 229, 18750, 2.5
1, 19267, 270, 271, 272, 16276588, 16287155, 0.48, 75, 500, 11, 202, 18750, 2.5
0, 20731, 239, 253, 247, 16178851, 15771854, 0.48, 75, 500, 11, 248, 18750, 2.5
1, 19487, 231, 232, 239, 15353899, 15645652, 0.48, 75, 500, 11, 225, 18750, 2.5
1, 19099, 259, 261, 265, 16171336, 16202793, 0.48, 75, 500, 11, 227, 18750, 2.5
1, 20146, 277, 278, 280, 16162918, 16286710, 0.48, 75, 500, 11, 209, 18750, 2.5
0, 22065, 231, 249, 263, 17217756, 16813978, 0.48, 75, 500, 11, 241, 18750, 2.5
0, 26250, 228, 288, 263, 19191374, 18621627, 0.48, 75, 500, 11, 295, 18750, 2.5
1, 20114, 237, 247, 240, 16585808, 16639141, 0.48, 75, 500, 11, 220, 18750, 2.5
1, 19627, 218, 219, 224, 15501381, 15562494, 0.48, 75, 500, 11, 227, 18750, 2.5
1, 20032, 238, 251, 249, 16465010, 16488425, 0.48, 75, 500, 11, 245, 18750, 2.5
1, 19363, 218, 223, 223, 15154333, 15219873, 0.48, 75, 500, 11, 230, 18750, 2.5
1, 19366, 241, 245, 245, 15667181, 15740297, 0.48, 75, 500, 11, 197, 18750, 2.5
1, 20250, 236, 240, 242, 16320320, 16428735, 0.48, 75, 500, 11, 232, 18750, 2.5
1, 19543, 249, 254, 264, 15648615, 15682640, 0.48, 75, 500, 11, 209, 18750, 2.5
1, 19430, 247, 252, 251, 14961008, 15088383, 0.48, 75, 500, 11, 204, 18750, 2.5
1, 20272, 243, 258, 254, 16157213, 16236288, 0.48, 75, 500, 11, 221, 18750, 2.5
0, 26250, 253, 319, 317, 18725642, 18315714, 0.48, 75, 500, 11, 284, 18750, 2.5
1, 20556, 278, 290, 284, 16145424, 16287334, 0.48, 75, 500, 11, 229, 18750, 2.5
1, 20060, 258, 268, 262, 15893779, 16083235, 0.48, 75, 500, 11, 224, 18750, 2.5
0, 26250, 258, 314, 326, 18590430, 18319954, 0.48, 75, 500, 11, 307, 18750, 2.5
1, 21597, 285, 316, 301, 16416460, 16519187, 0.48, 75, 500, 11, 231, 18750, 2.5
1, 19198, 257, 259, 261, 16405123, 16485449, 0.48, 75, 500, 11, 211, 18750, 2.5
0, 20625, 272, 280, 285, 16445872, 16036411, 0.48, 75, 500, 11, 233, 18750, 2.5
1, 19455, 209, 210, 214, 16022265, 16074151, 0.48, 75, 500, 11, 230, 18750, 2.5
1, 20038, 251, 257, 262, 15993498, 16159856, 0.48, 75, 500, 11, 215, 18750, 2.5
1, 18850, 261, 262, 266, 15212870, 15262762, 0.48, 75, 500, 11, 214, 18750, 2.5
1, 21964, 255, 279, 278, 16924542, 16974321, 0.48, 75, 500, 11, 227, 18750, 2.5
1, 20165, 245, 256, 252, 15773102, 15804586, 0.48, 75, 500, 11, 235, 18750, 2.5
1, 19150, 240, 243, 242, 15646184, 15776018, 0.48, 75, 500, 11, 235, 18750, 2.5
1, 20707, 276, 285, 299, 16638734, 16837094, 0.48, 75, 500, 11, 219, 18750, 2.5
1, 20013, 252, 255, 264, 15926571, 15981266, 0.48, 75, 500, 11, 229, 18750, 2.5
1, 20128, 264, 273, 270, 16291567, 16347213, 0.48, 75, 500, 11, 232, 18750, 2.5
0, 26250, 216, 271, 267, 18772609, 18493238, 0.48, 75, 500, 11, 290, 18750, 2.5
0, 26250, 244, 299, 312, 18505056, 18324825, 0.48, 75, 500, 11, 292, 18750, 2.5
0, 26250, 269, 321, 313, 18743520, 18459540, 0.48, 75, 500, 11, 283, 18750, 2.5
1, 19941, 262, 271, 268, 16300596, 16390170, 0.48, 75, 500, 11, 220, 18750, 2.5
1, 20654, 244, 261, 253, 15811695, 15870491, 0.48, 75, 500, 11, 237, 18750, 2.5
0, 26250, 258, 312, 309, 19376511, 19016573, 0.48, 75, 500, 11, 294, 18750, 2.5
0, 26250, 233, 289, 285, 18324864, 18094697, 0.48, 75, 500, 11, 273, 18750, 2.5
1, 24785, 257, 306, 306, 18022003, 18201469, 0.48, 75, 500, 11, 293, 18750, 2.5
1, 20354, 240, 247, 251, 16161447, 16299111, 0.48, 75, 500, 11, 247, 18750, 2.5
0, 19831, 215, 221, 226, 15707524, 15529723, 0.48, 75, 500, 11, 231, 18750, 2.5
1, 19121, 255, 256, 257, 15689812, 15771432, 0.48, 75, 500, 11, 219, 18750, 2.5
1, 18993, 231, 232, 233, 16057587, 16089407, 0.48, 75, 500, 11, 211, 18750, 2.5
1, 19209, 230, 231, 236, 16410977, 16470492, 0.48, 75, 500, 11, 220, 18750, 2.5
1, 19175, 270, 274, 275, 15871545, 15897793, 0.48, 75, 500, 11, 216, 18750, 2.5
1, 19117, 246, 249, 249, 15608277, 15655531, 0.48, 75, 500, 11, 213, 18750, 2.5
1, 18962, 251, 252, 253, 15785781, 15812046, 0.48, 75, 500, 11, 205, 18750, 2.5
0, 26250, 252, 294, 294, 18622337, 18567416, 0.48, 75, 500, 11, 318, 18750, 2.5
1, 19798, 251, 256, 262, 15240779, 15327403, 0.48, 75, 500, 11, 223, 18750, 2.5
0, 22678, 244, 270, 268, 17691583, 17204508, 0.48, 75, 500, 11, 252, 18750, 2.5
0, 26250, 254, 313, 307, 18720671, 18409217, 0.48, 75, 500, 11, 274, 18750, 2.5
0, 26250, 251, 298, 304, 18729717, 18525291, 0.48, 75, 500, 11, 297, 18750, 2.5
1, 19736, 266, 269, 272, 15974687, 15997300, 0.48, 75, 500, 11, 210, 18750, 2.5
0, 26250, 228, 286, 282, 19424873, 18796611, 0.48, 75, 500, 11, 322, 18750, 2.5
1, 19671, 242, 247, 252, 15711233, 15786634, 0.48, 75, 500, 11, 240, 18750, 2.5
1, 18953, 272, 274, 277, 15555277, 15616193, 0.48, 75, 500, 11, 200, 18750, 2.5
0, 26250, 233, 298, 291, 18689454, 18617458, 0.48, 75, 500, 11, 311, 18750, 2.5
1, 19102, 230, 231, 234, 15022805, 15033342, 0.48, 75, 500, 11, 190, 18750, 2.5
1, 19164, 243, 246, 246, 15904427, 15917082, 0.48, 75, 500, 11, 215, 18750, 2.5
1, 19353, 252, 256, 258, 15694312, 15824165, 0.48, 75, 500, 11, 195, 18750, 2.5
1, 21160, 227, 239, 242, 16325494, 16364999, 0.48, 75, 500, 11, 230, 18750, 2.5
1, 19157, 257, 258, 263, 15184883, 15231277, 0.48, 75, 500, 11, 219, 18750, 2.5
0, 22053, 259, 286, 280, 17386165, 16993495, 0.48, 75, 500, 11, 262, 18750, 2.5
1, 19506, 254, 259, 259, 15855853, 15929997, 0.48, 75, 500, 11, 195, 18750, 2.5
1, 20325, 250, 261, 264, 16679273, 16764848, 0.48, 75, 500, 11, 226, 18750, 2.5
0, 26250, 228, 280, 276, 18436837, 18074045, 0.48, 75, 500, 11, 268, 18750, 2.5
1, 20472, 271, 278, 275, 16424112, 16550726, 0.48, 75, 500, 11, 219, 18750, 2.5
0, 26250, 257, 307, 319, 19045942, 18839147, 0.48, 75, 500, 11, 294, 18750, 2.5
1, 22334, 244, 269, 268, 16443640, 16638514, 0.48, 75, 500, 11, 259, 18750, 2.5
1, 21023, 277, 293, 296, 16428250, 16482239, 0.48, 75, 500, 11, 239, 18750, 2.5
1, 19474, 249, 251, 256, 11431001, 11509974, 0.48, 75, 500, 8, 122, 18750, 2.5
1, 19022, 280, 281, 284, 11113939, 11140330, 0.48, 75, 500, 8, 131, 18750, 2.5
1, 19473, 239, 242, 242, 11644274, 11664265, 0.48, 75, 500, 8, 134, 18750, 2.5
1, 19170, 264, 268, 268, 15486235, 15498534, 0.48, 75, 500, 11, 199, 18750, 2.5
1, 19962, 264, 277, 270, 16042040, 16148971, 0.48, 75, 500, 11, 230, 18750, 2.5
0, 21327, 253, 265, 266, 16877066, 16443083, 0.48, 75, 500, 11, 246, 18750, 2.5
1, 20009, 255, 259, 265, 12119568, 12159766, 0.48, 75, 500, 8, 151, 18750, 2.5
1, 19583, 293, 300, 301, 15440792, 15521235, 0.48, 75, 500, 11, 203, 18750, 2.5
0, 26250, 240, 294, 286, 13453082, 13249307, 0.48, 75, 500, 8, 180, 18750, 2.5
1, 19568, 274, 278, 280, 11462812, 11537244, 0.48, 75, 500, 8, 129, 18750, 2.5
1, 19023, 256, 257, 260, 11301205, 11337866, 0.48, 75, 500, 8, 135, 18750, 2.5
1, 19453, 258, 262, 262, 11583273, 11635593, 0.48, 75, 500, 8, 134, 18750, 2.5
0, 26250, 236, 292, 285, 13501082, 13206582, 0.48, 75, 500, 8, 191, 18750, 2.5
1, 19454, 251, 253, 257, 11408248, 11527380, 0.48, 75, 500, 8, 139, 18750, 2.5
1, 19725, 249, 253, 255, 11434836, 11465883, 0.48, 75, 500, 8, 131, 18750, 2.5
0, 26250, 265, 320, 309, 13465013, 13264837, 0.48, 75, 500, 8, 185, 18750, 2.5
1, 20146, 277, 281, 286, 12279979, 12311663, 0.48, 75, 500, 8, 136, 18750, 2.5
1, 19291, 263, 267, 268, 11522414, 11594084, 0.48, 75, 500, 8, 139, 18750, 2.5
1, 21201, 260, 277, 272, 12497739, 12624817, 0.48, 75, 500, 8, 139, 18750, 2.5
0, 26250, 280, 337, 336, 13729698, 13603868, 0.48, 75, 500, 8, 203, 18750, 2.5
0, 26250, 266, 315, 317, 13563725, 13514228, 0.48, 75, 500, 8, 174, 18750, 2.5
1, 19324, 270, 274, 273, 11358000, 11395827, 0.48, 75, 500, 8, 136, 18750, 2.5
1, 19253, 254, 257, 259, 11463614, 11498676, 0.48, 75, 500, 8, 139, 18750, 2.5
0, 25124, 261, 303, 301, 13343524, 12912481, 0.48, 75, 500, 8, 180, 18750, 2.5
0, 22244, 265, 286, 286, 12361785, 12033143, 0.48, 75, 500, 8, 158, 18750, 2.5
1, 19310, 229, 233, 233, 11348677, 11385650, 0.48, 75, 500, 8, 119, 18750, 2.5
1, 21675, 261, 278, 282, 12157861, 12266678, 0.48, 75, 500, 8, 164, 18750, 2.5
1, 22030, 235, 267, 250, 12627133, 12696901, 0.48, 75, 500, 8, 139, 18750, 2.5
0, 26250, 217, 278, 266, 13230400, 12912356, 0.48, 75, 500, 8, 198, 18750, 2.5
1, 19497, 246, 248, 251, 12070827, 12212742, 0.48, 75, 500, 8, 129, 18750, 2.5
0, 20871, 253, 272, 265, 12105250, 11863694, 0.48, 75, 500, 8, 141, 18750, 2.5
0, 21019, 254, 282, 259, 11832293, 11517661, 0.48, 75, 500, 8, 138, 18750, 2.5
1, 19636, 235, 238, 240, 11107616, 11125827, 0.48, 75, 500, 8, 141, 18750, 2.5
1, 19338, 262, 264, 265, 11313714, 11406705, 0.48, 75, 500, 8, 134, 18750, 2.5
0, 22213, 259, 286, 278, 13038536, 12746875, 0.48, 75, 500, 8, 154, 18750, 2.5
1, 19089, 264, 265, 267, 11207985, 11214302, 0.48, 75, 500, 8, 139, 18750, 2.5
1, 19278, 252, 254, 256, 11587045, 11655050, 0.48, 75, 500, 8, 125, 18750, 2.5
1, 19322, 267, 269, 271, 11607460, 11628997, 0.48, 75, 500, 8, 133, 18750, 2.5
1, 19394, 269, 271, 278, 11867324, 11888530, 0.48, 75, 500, 8, 124, 18750, 2.5
1, 19301, 271, 272, 277, 10938708, 11045439, 0.48, 75, 500, 8, 146, 18750, 2.5
1, 19147, 287, 288, 289, 11194066, 11238683, 0.48, 75, 500, 8, 142, 18750, 2.5
1, 19491, 253, 258, 259, 11416422, 11487370, 0.48, 75, 500, 8, 129, 18750, 2.5
1, 19213, 246, 248, 249, 11347327, 11394684, 0.48, 75, 500, 8, 142, 18750, 2.5
1, 20995, 221, 227, 230, 11939824, 12089753, 0.48, 75, 500, 8, 142, 18750, 2.5
0, 26250, 279, 338, 339, 13914056, 13740005, 0.48, 75, 500, 8, 195, 18750, 2.5
0, 23081, 265, 302, 287, 12577467, 12109006, 0.48, 75, 500, 8, 174, 18750, 2.5
1, 19955, 239, 244, 250, 11931998, 11945342, 0.48, 75, 500, 8, 125, 18750, 2.5
1, 19089, 258, 260, 261, 11538120, 11568877, 0.48, 75, 500, 8, 117, 18750, 2.5
0, 26250, 245, 301, 290, 14013167, 13874960, 0.48, 75, 500, 8, 179, 18750, 2.5
1, 19293, 263, 265, 266, 11228674, 11282432, 0.48, 75, 500, 8, 125, 18750, 2.5
1, 19669, 230, 233, 234, 11616975, 11683688, 0.48, 75, 500, 8, 141, 18750, 2.5
1, 19187, 253, 256, 259, 11418510, 11445582, 0.48, 75, 500, 8, 133, 18750, 2.5
0, 26250, 289, 342, 327, 13456096, 13297690, 0.48, 75, 500, 8, 180, 18750, 2.5
1, 19025, 250, 251, 252, 11798507, 11802244, 0.48, 75, 500, 8, 146, 18750, 2.5
0, 26250, 238, 295, 277, 13552830, 13226146, 0.48, 75, 500, 8, 180, 18750, 2.5
1, 19393, 237, 241, 243, 11428449, 11451554, 0.48, 75, 500, 8, 138, 18750, 2.5
0, 21048, 283, 304, 296, 12087096, 11878563, 0.48, 75, 500, 8, 151, 18750, 2.5
1, 20303, 224, 233, 239, 11686617, 11798442, 0.48, 75, 500, 8, 148, 18750, 2.5
0, 26250, 239, 273, 314, 13520801, 13358003, 0.48, 75, 500, 8, 189, 18750, 2.5
1, 19593, 274, 275, 276, 11656492, 11685906, 0.48, 75, 500, 8, 122, 18750, 2.5
1, 24724, 247, 309, 303, 12773412, 12832058, 0.48, 75, 500, 8, 164, 18750, 2.5
0, 26250, 264, 315, 316, 14168490, 13902186, 0.48, 75, 500, 8, 185, 18750, 2.5
0, 26250, 263, 334, 318, 13132551, 12926505, 0.48, 75, 500, 8, 201, 18750, 2.5
1, 19374, 254, 255, 261, 11248067, 11402000, 0.48, 75, 500, 8, 129, 18750, 2.5
1, 20045, 261, 266, 271, 11710317, 11789054, 0.48, 75, 500, 8, 140, 18750, 2.5
0, 26250, 245, 298, 297, 14346050, 14136671, 0.48, 75, 500, 8, 176, 18750, 2.5
1, 19915, 261, 268, 267, 11746435, 11770262, 0.48, 75, 500, 8, 131, 18750, 2.5
1, 19930, 260, 263, 270, 11455365, 11618291, 0.48, 75, 500, 8, 132, 18750, 2.5
1, 20313, 238, 247, 248, 11923763, 11950931, 0.48, 75, 500, 8, 146, 18750, 2.5
1, 20521, 258, 261, 264, 11620364, 11670949, 0.48, 75, 500, 8, 125, 18750, 2.5
1, 25450, 261, 307, 306, 14223770, 14248281, 0.48, 75, 500, 8, 188, 18750, 2.5
0, 26250, 242, 301, 291, 13377298, 13274812, 0.48, 75, 500, 8, 185, 18750, 2.5
1, 19416, 247, 251, 250, 11460673, 11643232, 0.48, 75, 500, 8, 129, 18750, 2.5
1, 19001, 234, 237, 237, 11310930, 11342740, 0.48, 75, 500, 8, 116, 18750, 2.5
0, 26250, 240, 291, 289, 13576972, 13427643, 0.48, 75, 500, 8, 179, 18750, 2.5
1, 18845, 252, 253, 254, 11721470, 11726040, 0.48, 75, 500, 8, 121, 18750, 2.5
0, 25349, 232, 275, 273, 13777554, 13350258, 0.48, 75, 500, 8, 194, 18750, 2.5
1, 19345, 265, 266, 268, 11906019, 12001086, 0.48, 75, 500, 8, 138, 18750, 2.5
1, 21267, 244, 258, 259, 12253513, 12327173, 0.48, 75, 500, 8, 145, 18750, 2.5
0, 26250, 243, 300, 301, 13904486, 13491068, 0.48, 75, 500, 8, 208, 18750, 2.5
1, 19011, 230, 232, 233, 11234220, 11271315, 0.48, 75, 500, 8, 121, 18750, 2.5
1, 20535, 271, 281, 276, 11855979, 11877564, 0.48, 75, 500, 8, 143, 18750, 2.5
1, 19232, 224, 226, 228, 11630600, 11647345, 0.48, 75, 500, 8, 147, 18750, 2.5
0, 26250, 278, 343, 315, 13942640, 13522696, 0.48, 75, 500, 8, 203, 18750, 2.5
1, 19586, 262, 264, 266, 11221058, 11344642, 0.48, 75, 500, 8, 137, 18750, 2.5
1, 19350, 262, 264, 272, 11505190, 11538742, 0.48, 75, 500, 8, 138, 18750, 2.5
1, 19046, 241, 242, 244, 11408374, 11429224, 0.48, 75, 500, 8, 138, 18750, 2.5
1, 19149, 249, 254, 253, 11352321, 11400647, 0.48, 75, 500, 8, 133, 18750, 2.5
1, 24078, 259, 290, 274, 13489386, 13550571, 0.48, 75, 500, 8, 177, 18750, 2.5
1, 19188, 255, 256, 258, 11438316, 11489505, 0.48, 75, 500, 8, 137, 18750, 2.5
1, 19423, 249, 251, 253, 11937933, 12072264, 0.48, 75, 500, 8, 145, 18750, 2.5
1, 19378, 234, 237, 237, 11368687, 11464878, 0.48, 75, 500, 8, 149, 18750, 2.5
0, 26250, 248, 303, 304, 13946689, 13690312, 0.48, 75, 500, 8, 183, 18750, 2.5
1, 19729, 236, 239, 242, 10961093, 11064726, 0.48, 75, 500, 8, 162, 18750, 2.5
1, 19741, 260, 262, 267, 11942041, 11978421, 0.48, 75, 500, 8, 147, 18750, 2.5
0, 25068, 252, 294, 293, 13429657, 13163985, 0.48, 75, 500, 8, 185, 18750, 2.5
0, 26250, 234, 281, 288, 13367423, 13241424, 0.48, 75, 500, 8, 198, 18750, 2.5
0, 26250, 260, 308, 309, 14088162, 13736589, 0.48, 75, 500, 8, 198, 18750, 2.5
0, 25422, 240, 287, 284, 13321430, 13007953, 0.48, 75, 500, 8, 191, 18750, 2.5
1, 19745, 255, 260, 264, 11716895, 11758351, 0.48, 75, 500, 8, 149, 18750, 2.5
1, 22287, 268, 287, 290, 12661678, 12754322, 0.48, 75, 500, 8, 156, 18750, 2.5
1, 19621, 253, 258, 260, 10217465, 10250028, 0.48, 75, 500, 7, 116, 18750, 2.5
0, 26250, 242, 312, 304, 13831535, 13666649, 0.48, 75, 500, 8, 194, 18750, 2.5
1, 19550, 241, 244, 250, 11589727, 11636608, 0.48, 75, 500, 8, 149, 18750, 2.5
1, 19308, 265, 268, 272, 10429183, 10460868, 0.48, 75, 500, 7, 104, 18750, 2.5
1, 19171, 242, 245, 245, 10321252, 10353712, 0.48, 75, 500, 7, 114, 18750, 2.5
0, 26250, 235, 291, 289, 13449700, 13445320, 0.48, 75, 500, 8, 194, 18750, 2.5
1, 19685, 265, 270, 269, 10007749, 10019725, 0.48, 75, 500, 7, 126, 18750, 2.5
1, 19947, 258, 263, 266, 10677326, 10728639, 0.48, 75, 500, 7, 124, 18750, 2.5
1, 19502, 228, 231, 233, 10398802, 10441303, 0.48, 75, 500, 7, 106, 18750, 2.5
0, 26250, 224, 286, 274, 12206267, 12051012, 0.48, 75, 500, 7, 159, 18750, 2.5
1, 19667, 224, 226, 226, 10637624, 10662969, 0.48, 75, 500, 7, 122, 18750, 2.5
1, 20030, 289, 293, 293, 10395684, 10430915, 0.48, 75, 500, 7, 111, 18750, 2.5
1, 20750, 236, 248, 249, 10498534, 10540485, 0.48, 75, 500, 7, 128, 18750, 2.5
0, 26250, 275, 342, 310, 12017307, 11710833, 0.48, 75, 500, 7, 152, 18750, 2.5
1, 19485, 283, 286, 289, 10203488, 10309351, 0.48, 75, 500, 7, 117, 18750, 2.5
0, 23121, 266, 288, 291, 11183067, 10757637, 0.48, 75, 500, 7, 133, 18750, 2.5
0, 19715, 241, 246, 243, 9941694, 9580465, 0.48, 75, 500, 7, 112, 18750, 2.5
0, 22337, 225, 255, 241, 10979488, 10599096, 0.48, 75, 500, 7, 122, 18750, 2.5
0, 26250, 242, 311, 308, 12155250, 11766657, 0.48, 75, 500, 7, 152, 18750, 2.5
1, 19183, 261, 262, 263, 9787111, 9791309, 0.48, 75, 500, 7, 105, 18750, 2.5
1, 19484, 219, 222, 222, 10174379, 10235216, 0.48, 75, 500, 7, 120, 18750, 2.5
1, 18982, 259, 260, 263, 9836592, 9841373, 0.48, 75, 500, 7, 115, 18750, 2.5
0, 26250, 241, 276, 273, 11954321, 11831980, 0.48, 75, 500, 7, 167, 18750, 2.5
1, 19946, 260, 267, 274, 10158702, 10198784, 0.48, 75, 500, 7, 111, 18750, 2.5
1, 19357, 228, 230, 232, 9702437, 9750878, 0.48, 75, 500, 7, 103, 18750, 2.5
1, 19701, 233, 236, 240, 9869914, 9974429, 0.48, 75, 500, 7, 114, 18750, 2.5
1, 19279, 251, 253, 254, 10094639, 10127007, 0.48, 75, 500, 7, 98, 18750, 2.5
1, 20346, 224, 235, 238, 9950021, 10060571, 0.48, 75, 500, 7, 118, 18750, 2.5
0, 26250, 245, 310, 300, 12000977, 11666803, 0.48, 75, 500, 7, 158, 18750, 2.5
1, 19236, 261, 264, 264, 10080231, 10083921, 0.48, 75, 500, 7, 111, 18750, 2.5
1, 21121, 265, 284, 285, 10639030, 10659030, 0.48, 75, 500, 7, 113, 18750, 2.5
1, 19498, 243, 245, 247, 9893269, 9909037, 0.48, 75, 500, 7, 106, 18750, 2.5
0, 21053, 275, 294, 287, 10749812, 10427895, 0.48, 75, 500, 7, 125, 18750, 2.5
0, 26250, 239, 290, 304, 12501105, 12233282, 0.48, 75, 500, 7, 168, 18750, 2.5
0, 25079, 252, 301, 295, 11693378, 11223254, 0.48, 75, 500, 7, 148, 18750, 2.5
1, 20623, 258, 270, 269, 10471613, 10504123, 0.48, 75, 500, 7, 132, 18750, 2.5
1, 19281, 263, 267, 269, 9866813, 9871466, 0.48, 75, 500, 7, 113, 18750, 2.5
1, 19014, 221, 222, 224, 10077534, 10124418, 0.48, 75, 500, 7, 113, 18750, 2.5
1, 21646, 289, 303, 311, 10658454, 10715702, 0.48, 75, 500, 7, 129, 18750, 2.5
1, 19929, 260, 265, 272, 10464665, 10473504, 0.48, 75, 500, 7, 111, 18750, 2.5
0, 26197, 261, 311, 311, 11639538, 11242953, 0.48, 75, 500, 7, 140, 18750, 2.5
0, 26250, 233, 283, 275, 11903549, 11596318, 0.48, 75, 500, 7, 147, 18750, 2.5
1, 19002, 250, 252, 252, 10087688, 10101280, 0.48, 75, 500, 7, 105, 18750, 2.5
1, 19245, 230, 232, 232, 9987316, 10032972, 0.48, 75, 500, 7, 111, 18750, 2.5
0, 26250, 243, 296, 309, 12230569, 11960173, 0.48, 75, 500, 7, 138, 18750, 2.5
1, 19677, 249, 255, 253, 10081922, 10228284, 0.48, 75, 500, 7, 108, 18750, 2.5
0, 19100, 255, 259, 256, 9742651, 9519760, 0.48, 75, 500, 7, 105, 18750, 2.5
1, 18901, 250, 251, 252, 9418316, 9430929, 0.48, 75, 500, 7, 119, 18750, 2.5
1, 18960, 254, 255, 257, 10159215, 10191963, 0.48, 75, 500, 7, 104, 18750, 2.5
1, 19125, 240, 243, 243, 10186889, 10240235, 0.48, 75, 500, 7, 109, 18750, 2.5
1, 19456, 239, 244, 241, 10025130, 10061812, 0.48, 75, 500, 7, 111, 18750, 2.5
0, 21428, 277, 289, 281, 11082219, 10724122, 0.48, 75, 500, 7, 119, 18750, 2.5
0, 26250, 276, 331, 334, 11945655, 11593820, 0.48, 75, 500, 7, 138, 18750, 2.5
1, 21661, 257, 282, 287, 10451406, 10480951, 0.48, 75, 500, 7, 128, 18750, 2.5
0, 24866, 263, 318, 296, 11830761, 11430148, 0.48, 75, 500, 7, 153, 18750, 2.5
1, 19328, 240, 241, 246, 9972403, 10024538, 0.48, 75, 500, 7, 112, 18750, 2.5
0, 26250, 229, 277, 280, 12138242, 11922005, 0.48, 75, 500, 7, 153, 18750, 2.5
1, 19685, 274, 276, 277, 10086311, 10099988, 0.48, 75, 500, 7, 112, 18750, 2.5
1, 19463, 263, 265, 268, 10039878, 10062182, 0.48, 75, 500, 7, 104, 18750, 2.5
1, 21830, 267, 284, 293, 10787700, 10818329, 0.48, 75, 500, 7, 122, 18750, 2.5
1, 19787, 274, 276, 282, 10005903, 10067395, 0.48, 75, 500, 7, 123, 18750, 2.5
1, 19040, 254, 255, 257, 9661544, 9680064, 0.48, 75, 500, 7, 108, 18750, 2.5
1, 20695, 222, 234, 229, 10542397, 10690511, 0.48, 75, 500, 7, 131, 18750, 2.5
0, 26250, 225, 285, 280, 12187819, 11655118, 0.48, 75, 500, 7, 163, 18750, 2.5
1, 18930, 245, 246, 251, 9995443, 10036475, 0.48, 75, 500, 7, 106, 18750, 2.5
0, 26250, 268, 321, 322, 12291674, 12107629, 0.48, 75, 500, 7, 157, 18750, 2.5
1, 19302, 238, 239, 243, 10029594, 10085055, 0.48, 75, 500, 7, 122, 18750, 2.5
1, 19994, 250, 261, 256, 10174058, 10209327, 0.48, 75, 500, 7, 129, 18750, 2.5
1, 19940, 233, 240, 245, 10457401, 10517427, 0.48, 75, 500, 7, 109, 18750, 2.5
0, 21286, 257, 276, 270, 10781927, 10564632, 0.48, 75, 500, 7, 127, 18750, 2.5
0, 21296, 259, 272, 271, 10888747, 10594276, 0.48, 75, 500, 7, 134, 18750, 2.5
0, 26250, 234, 300, 277, 11681006, 11405394, 0.48, 75, 500, 7, 157, 18750, 2.5
0, 26250, 253, 310, 293, 12783586, 12570432, 0.48, 75, 500, 7, 163, 18750, 2.5
1, 19039, 272, 273, 274, 10017699, 10034949, 0.48, 75, 500, 7, 117, 18750, 2.5
1, 19189, 264, 268, 266, 10087933, 10178908, 0.48, 75, 500, 7, 117, 18750, 2.5
1, 19163, 227, 231, 230, 9754394, 9803419, 0.48, 75, 500, 7, 113, 18750, 2.5
0, 26250, 256, 310, 305, 12063274, 11888042, 0.48, 75, 500, 7, 154, 18750, 2.5
1, 19938, 245, 253, 253, 9677233, 9745088, 0.48, 75, 500, 7, 121, 18750, 2.5
1, 19072, 266, 268, 269, 10016424, 10025580, 0.48, 75, 500, 7, 116, 18750, 2.5
1, 20946, 261, 271, 278, 10723572, 10743330, 0.48, 75, 500, 7, 135, 18750, 2.5
1, 21345, 270, 288, 282, 10242250, 10302320, 0.48, 75, 500, 7, 120, 18750, 2.5
1, 19690, 255, 261, 259, 10453209, 10490582, 0.48, 75, 500, 7, 117, 18750, 2.5
1, 19096, 254, 256, 257, 10629012, 10661332, 0.48, 75, 500, 7, 114, 18750, 2.5
0, 26250, 251, 290, 309, 11611044, 11414127, 0.48, 75, 500, 7, 157, 18750, 2.5
1, 22531, 245, 274, 271, 10678385, 10717573, 0.48, 75, 500, 7, 126, 18750, 2.5
1, 19262, 254, 258, 260, 9613760, 9657293, 0.48, 75, 500, 7, 109, 18750, 2.5
1, 18983, 253, 254, 256, 10037580, 10054937, 0.48, 75, 500, 7, 116, 18750, 2.5
1, 19309, 256, 260, 260, 9797062, 9849479, 0.48, 75, 500, 7, 104, 18750, 2.5
1, 19264, 238, 243, 240, 10337492, 10377640, 0.48, 75, 500, 7, 113, 18750, 2.5
0, 26250, 249, 310, 301, 11522699, 11213001, 0.48, 75, 500, 7, 156, 18750, 2.5
1, 19345, 240, 241, 244, 10373044, 10389460, 0.48, 75, 500, 7, 118, 18750, 2.5
1, 19443, 238, 240, 248, 9962398, 9995024, 0.48, 75, 500, 7, 117, 18750, 2.5
1, 20772, 211, 227, 222, 10053974, 10114826, 0.48, 75, 500, 7, 125, 18750, 2.5
1, 19392, 266, 267, 272, 9623547, 9682025, 0.48, 75, 500, 7, 111, 18750, 2.5
1, 20920, 246, 253, 261, 10543263, 10654315, 0.48, 75, 500, 7, 121, 18750, 2.5
1, 19345, 228, 229, 233, 10117505, 10239918, 0.48, 75, 500, 7, 114, 18750, 2.5
0, 26250, 250, 301, 290, 12387195, 12197577, 0.48, 75, 500, 7, 161, 18750, 2.5
1, 20098, 264, 275, 275, 10286016, 10295690, 0.48, 75, 500, 7, 134, 18750, 2.5
1, 19915, 239, 248, 248, 10632969, 10651059, 0.48, 75, 500, 7, 122, 18750, 2.5
1, 19210, 231, 235, 235, 10123121, 10145299, 0.48, 75, 500, 7, 95, 18750, 2.5
0, 26250, 210, 276, 269, 11822420, 11651632, 0.48, 75, 500, 7, 145, 18750, 2.5
1, 19185, 267, 268, 271, 8318367, 8338364, 0.48, 75, 500, 6, 95, 18750, 2.5
0, 24772, 258, 296, 296, 11877971, 11473136, 0.48, 75, 500, 7, 154, 18750, 2.5
1, 21936, 262, 287, 278, 9378640, 9417640, 0.48, 75, 500, 6, 94, 18750, 2.5
1, 19402, 250, 257, 259, 8261653, 8272661, 0.48, 75, 500, 6, 99, 18750, 2.5
0, 24628, 249, 286, 287, 11895623, 11477894, 0.48, 75, 500, 7, 153, 18750, 2.5
1, 19541, 207, 210, 211, 8520129, 8613327, 0.48, 75, 500, 6, 92, 18750, 2.5
0, 26250, 265, 311, 309, 10404061, 10131361, 0.48, 75, 500, 6, 126, 18750, 2.5
1, 19086, 248, 251, 252, 8380813, 8410268, 0.48, 75, 500, 6, 90, 18750, 2.5
1, 19254, 230, 232, 233, 8467146, 8479551, 0.48, 75, 500, 6, 85, 18750, 2.5
1, 19131, 228, 230, 231, 8378853, 8394422, 0.48, 75, 500, 6, 94, 18750, 2.5
1, 19489, 241, 243, 246, 8775110, 8856966, 0.48, 75, 500, 6, 94, 18750, 2.5
1, 18994, 234, 236, 237, 9049647, 9065112, 0.48, 75, 500, 6, 85, 18750, 2.5
1, 19667, 229, 232, 233, 8944526, 8988140, 0.48, 75, 500, 6, 90, 18750, 2.5
1, 18823, 220, 221, 222, 8345157, 8355438, 0.48, 75, 500, 6, 92, 18750, 2.5
1, 20195, 210, 218, 221, 9141664, 9150537, 0.48, 75, 500, 6, 94, 18750, 2.5
1, 19348, 258, 260, 261, 8289343, 8291065, 0.48, 75, 500, 6, 85, 18750, 2.5
1, 19725, 258, 267, 267, 8406402, 8446854, 0.48, 75, 500, 6, 95, 18750, 2.5
1, 19487, 252, 256, 262, 8629158, 8656509, 0.48, 75, 500, 6, 90, 18750, 2.5
1, 20387, 286, 295, 296, 8709018, 8732910, 0.48, 75, 500, 6, 94, 18750, 2.5
1, 19288, 264, 266, 268, 8886996, 8904314, 0.48, 75, 500, 6, 85, 18750, 2.5
1, 20142, 233, 240, 242, 8390398, 8513891, 0.48, 75, 500, 6, 92, 18750, 2.5
1, 19337, 235, 238, 239, 8289217, 8379010, 0.48, 75, 500, 6, 95, 18750, 2.5
1, 20484, 245, 257, 255, 9184415, 9197977, 0.48, 75, 500, 6, 110, 18750, 2.5
1, 19841, 255, 260, 268, 8370934, 8397804, 0.48, 75, 500, 6, 93, 18750, 2.5
1, 18795, 231, 232, 233, 8692148, 8711731, 0.48, 75, 500, 6, 90, 18750, 2.5
0, 22419, 244, 268, 264, 9571736, 9236356, 0.48, 75, 500, 6, 103, 18750, 2.5
1, 19576, 254, 257, 260, 8691433, 8754925, 0.48, 75, 500, 6, 83, 18750, 2.5
1, 19095, 259, 260, 263, 8309533, 8329837, 0.48, 75, 500, 6, 88, 18750, 2.5
1, 19332, 235, 237, 242, 8445076, 8498353, 0.48, 75, 500, 6, 91, 18750, 2.5
1, 24372, 223, 255, 266, 10278784, 10316932, 0.48, 75, 500, 6, 111, 18750, 2.5
1, 19900, 246, 248, 252, 8758635, 8766192, 0.48, 75, 500, 6, 93, 18750, 2.5
1, 19816, 259, 267, 265, 9086814, 9105129, 0.48, 75, 500, 6, 94, 18750, 2.5
1, 19202, 264, 266, 268, 8589469, 8642755, 0.48, 75, 500, 6, 90, 18750, 2.5
1, 20761, 240, 251, 249, 8651079, 8689809, 0.48, 75, 500, 6, 92, 18750, 2.5
1, 20759, 241, 254, 255, 8902223, 8991680, 0.48, 75, 500, 6, 91, 18750, 2.5
0, 26250, 261, 310, 320, 10062529, 9741717, 0.48, 75, 500, 6, 111, 18750, 2.5
0, 26250, 256, 313, 315, 9835212, 9714795, 0.48, 75, 500, 6, 122, 18750, 2.5
1, 23233, 272, 315, 311, 9696011, 9718851, 0.48, 75, 500, 6, 108, 18750, 2.5
1, 19439, 288, 294, 292, 8589428, 8658136, 0.48, 75, 500, 6, 96, 18750, 2.5
0, 22317, 253, 282, 276, 9309352, 9066691, 0.48, 75, 500, 6, 109, 18750, 2.5
1, 19307, 254, 255, 258, 8636230, 8681558, 0.48, 75, 500, 6, 93, 18750, 2.5
1, 19134, 274, 275, 278, 8681782, 8729532, 0.48, 75, 500, 6, 83, 18750, 2.5
1, 18972, 236, 238, 238, 8549846, 8551271, 0.48, 75, 500, 6, 88, 18750, 2.5
1, 20233, 233, 245, 243, 9126269, 9186380, 0.48, 75, 500, 6, 89, 18750, 2.5
1, 19212, 267, 268, 274, 8192967, 8217421, 0.48, 75, 500, 6, 99, 18750, 2.5
1, 19407, 265, 273, 269, 8403635, 8434136, 0.48, 75, 500, 6, 95, 18750, 2.5
1, 19487, 257, 259, 261, 8504876, 8533382, 0.48, 75, 500, 6, 91, 18750, 2.5
0, 26250, 252, 309, 302, 10329383, 10094514, 0.48, 75, 500, 6, 133, 18750, 2.5
1, 19095, 254, 258, 256, 8503802, 8529511, 0.48, 75, 500, 6, 93, 18750, 2.5
1, 19158, 257, 259, 261, 9053459, 9075458, 0.48, 75, 500, 6, 87, 18750, 2.5
1, 18912, 233, 235, 236, 8908523, 8924132, 0.48, 75, 500, 6, 92, 18750, 2.5
1, 19153, 243, 248, 248, 8795616, 8802967, 0.48, 75, 500, 6, 82, 18750, 2.5
1, 19107, 190, 193, 192, 8697211, 8740728, 0.48, 75, 500, 6, 83, 18750, 2.5
1, 19424, 283, 288, 287, 8806393, 8830053, 0.48, 75, 500, 6, 91, 18750, 2.5
1, 20520, 284, 294, 292, 8593464, 8657965, 0.48, 75, 500, 6, 101, 18750, 2.5
1, 18878, 243, 245, 245, 8515294, 8528693, 0.48, 75, 500, 6, 94, 18750, 2.5
1, 19797, 254, 260, 261, 8141744, 8151860, 0.48, 75, 500, 6, 86, 18750, 2.5
0, 26250, 247, 307, 305, 10235562, 9977928, 0.48, 75, 500, 6, 135, 18750, 2.5
1, 19286, 275, 276, 285, 8494259, 8570279, 0.48, 75, 500, 6, 80, 18750, 2.5
1, 19209, 247, 251, 251, 8397002, 8411660, 0.48, 75, 500, 6, 86, 18750, 2.5
0, 24604, 252, 293, 289, 10002733, 9690537, 0.48, 75, 500, 6, 118, 18750, 2.5
1, 19177, 273, 276, 278, 8229392, 8247421, 0.48, 75, 500, 6, 78, 18750, 2.5
0, 22086, 283, 302, 300, 9534373, 9192610, 0.48, 75, 500, 6, 114, 18750, 2.5
0, 22729, 254, 279, 285, 9059351, 8835808, 0.48, 75, 500, 6, 111, 18750, 2.5
1, 19533, 211, 213, 215, 8525512, 8578808, 0.48, 75, 500, 6, 80, 18750, 2.5
0, 20249, 253, 270, 258, 9182186, 8898966, 0.48, 75, 500, 6, 101, 18750, 2.5
1, 20276, 232, 245, 240, 8525623, 8584384, 0.48, 75, 500, 6, 94, 18750, 2.5
0, 26250, 269, 326, 317, 10062665, 9699339, 0.48, 75, 500, 6, 112, 18750, 2.5
1, 19503, 252, 255, 255, 8410680, 8462160, 0.48, 75, 500, 6, 86, 18750, 2.5
0, 23770, 235, 275, 261, 9891477, 9514045, 0.48, 75, 500, 6, 113, 18750, 2.5
1, 19402, 264, 269, 267, 8772206, 8791103, 0.48, 75, 500, 6, 90, 18750, 2.5
0, 26250, 249, 292, 290, 10362302, 10194975, 0.48, 75, 500, 6, 106, 18750, 2.5
1, 19344, 252, 253, 258, 8273013, 8290704, 0.48, 75, 500, 6, 81, 18750, 2.5
1, 19450, 237, 239, 243, 8671964, 8713305, 0.48, 75, 500, 6, 92, 18750, 2.5
1, 19481, 222, 223, 225, 8866786, 8910914, 0.48, 75, 500, 6, 80, 18750, 2.5
1, 19769, 252, 254, 263, 8619375, 8634323, 0.48, 75, 500, 6, 99, 18750, 2.5
0, 26250, 255, 319, 306, 10173568, 9889633, 0.48, 75, 500, 6, 125, 18750, 2.5
0, 26250, 245, 287, 325, 10123851, 10046204, 0.48, 75, 500, 6, 114, 18750, 2.5
1, 19578, 257, 258, 263, 8758290, 8788111, 0.48, 75, 500, 6, 86, 18750, 2.5
1, 20184, 251, 260, 258, 9042703, 9060620, 0.48, 75, 500, 6, 89, 18750, 2.5
1, 20308, 245, 255, 257, 8818281, 8869532, 0.48, 75, 500, 6, 96, 18750, 2.5
1, 20380, 258, 265, 270, 8967301, 9002371, 0.48, 75, 500, 6, 95, 18750, 2.5
1, 20189, 250, 257, 260, 9086908, 9126911, 0.48, 75, 500, 6, 96, 18750, 2.5
0, 20862, 248, 264, 259, 9144954, 8807453, 0.48, 75, 500, 6, 88, 18750, 2.5
1, 18948, 257, 259, 260, 8679465, 8685729, 0.48, 75, 500, 6, 82, 18750, 2.5
1, 19015, 260, 261, 264, 8538556, 8545404, 0.48, 75, 500, 6, 87, 18750, 2.5
1, 19708, 269, 275, 282, 8840567, 8941644, 0.48, 75, 500, 6, 84, 18750, 2.5
1, 20320, 234, 242, 250, 8619806, 8715113, 0.48, 75, 500, 6, 88, 18750, 2.5
0, 23220, 273, 303, 288, 9830496, 9511800, 0.48, 75, 500, 6, 118, 18750, 2.5
1, 20927, 268, 279, 282, 9128692, 9135198, 0.48, 75, 500, 6, 100, 18750, 2.5
1, 19077, 252, 254, 257, 8386069, 8411585, 0.48, 75, 500, 6, 87, 18750, 2.5
1, 19364, 256, 260, 261, 8412024, 8438575, 0.48, 75, 500, 6, 97, 18750, 2.5
1, 19103, 258, 259, 260, 8747201, 8791753, 0.48, 75, 500, 6, 91, 18750, 2.5
0, 20674, 252, 271, 261, 9309996, 9032376, 0.48, 75, 500, 6, 93, 18750, 2.5
1, 19495, 215, 217, 218, 8411678, 8443418, 0.48, 75, 500, 6, 85, 18750, 2.5
0, 26250, 231, 280, 279, 10492150, 10455822, 0.48, 75, 500, 6, 124, 18750, 2.5
1, 19416, 249, 252, 253, 8811828, 8863133, 0.48, 75, 500, 6, 89, 18750, 2.5
1, 20127, 235, 241, 238, 8531027, 8560571, 0.48, 75, 500, 6, 103, 18750, 2.5
1, 22421, 257, 286, 283, 8914447, 9000380, 0.48, 75, 500, 6, 115, 18750, 2.5
1, 22094, 271, 296, 292, 9356584, 9426512, 0.48, 75, 500, 6, 111, 18750, 2.5
1, 21097, 256, 268, 276, 7829387, 7879463, 0.48, 75, 500, 5, 83, 18750, 2.5
0, 21883, 262, 291, 277, 9576951, 9314084, 0.48, 75, 500, 6, 104, 18750, 2.5
1, 19788, 263, 266, 266, 7366068, 7409163, 0.48, 75, 500, 5, 66, 18750, 2.5
0, 26250, 258, 309, 308, 10211138, 9980823, 0.48, 75, 500, 6, 129, 18750, 2.5
0, 26250, 260, 317, 311, 8709038, 8438062, 0.48, 75, 500, 5, 93, 18750, 2.5
1, 19351, 261, 264, 264, 7129729, 7155245, 0.48, 75, 500, 5, 72, 18750, 2.5
1, 19584, 235, 237, 243, 7093281, 7166682, 0.48, 75, 500, 5, 71, 18750, 2.5
1, 19381, 271, 272, 279, 7195503, 7218065, 0.48, 75, 500, 5, 77, 18750, 2.5
0, 26250, 218, 262, 264, 8450400, 8333417, 0.48, 75, 500, 5, 94, 18750, 2.5
0, 26250, 242, 293, 290, 8819991, 8710092, 0.48, 75, 500, 5, 106, 18750, 2.5
0, 26250, 249, 290, 317, 8754446, 8730421, 0.48, 75, 500, 5, 95, 18750, 2.5
1, 19074, 254, 256, 257, 7299482, 7300920, 0.48, 75, 500, 5, 66, 18750, 2.5
1, 21272, 236, 258, 252, 7371253, 7406354, 0.48, 75, 500, 5, 79, 18750, 2.5
1, 19076, 247, 249, 253, 7320136, 7330944, 0.48, 75, 500, 5, 66, 18750, 2.5
1, 20679, 236, 245, 244, 7247565, 7263012, 0.48, 75, 500, 5, 78, 18750, 2.5
1, 19067, 250, 252, 252, 7090417, 7119330, 0.48, 75, 500, 5, 68, 18750, 2.5
0, 26250, 256, 319, 302, 8256173, 8101995, 0.48, 75, 500, 5, 97, 18750, 2.5
1, 19319, 260, 261, 263, 7045844, 7090904, 0.48, 75, 500, 5, 61, 18750, 2.5
1, 19207, 220, 222, 224, 7159639, 7160341, 0.48, 75, 500, 5, 70, 18750, 2.5
0, 26250, 268, 314, 321, 8353638, 8179828, 0.48, 75, 500, 5, 100, 18750, 2.5
1, 20392, 257, 268, 272, 7484809, 7506044, 0.48, 75, 500, 5, 87, 18750, 2.5
1, 19480, 242, 246, 250, 7240175, 7240755, 0.48, 75, 500, 5, 61, 18750, 2.5
1, 19101, 251, 252, 253, 6813594, 6814033, 0.48, 75, 500, 5, 74, 18750, 2.5
0, 21300, 283, 300, 301, 7932557, 7729576, 0.48, 75, 500, 5, 78, 18750, 2.5
1, 19403, 241, 243, 244, 7137420, 7151688, 0.48, 75, 500, 5, 64, 18750, 2.5
0, 26250, 248, 312, 298, 8306086, 8210157, 0.48, 75, 500, 5, 91, 18750, 2.5
1, 19139, 252, 256, 254, 7239403, 7264310, 0.48, 75, 500, 5, 71, 18750, 2.5
1, 19484, 260, 261, 267, 7334509, 7362228, 0.48, 75, 500, 5, 69, 18750, 2.5
1, 19283, 289, 294, 294, 6959892, 6970900, 0.48, 75, 500, 5, 72, 18750, 2.5
1, 19016, 222, 223, 224, 6763143, 6783835, 0.48, 75, 500, 5, 63, 18750, 2.5
1, 19471, 259, 261, 262, 7388924, 7408437, 0.48, 75, 500, 5, 68, 18750, 2.5
1, 20128, 260, 263, 265, 7642316, 7651886, 0.48, 75, 500, 5, 66, 18750, 2.5
1, 18918, 271, 272, 274, 6770497, 6775145, 0.48, 75, 500, 5, 63, 18750, 2.5
1, 19924, 262, 266, 268, 7001498, 7021299, 0.48, 75, 500, 5, 76, 18750, 2.5
0, 23331, 250, 294, 277, 8070379, 7792535, 0.48, 75, 500, 5, 85, 18750, 2.5
0, 23129, 236, 265, 260, 8936444, 8686322, 0.48, 75, 500, 5, 77, 18750, 2.5
0, 25389, 255, 298, 314, 7916453, 7626567, 0.48, 75, 500, 5, 89, 18750, 2.5
1, 19702, 256, 257, 262, 6659858, 6855563, 0.48, 75, 500, 5, 73, 18750, 2.5
1, 19852, 241, 251, 251, 7627298, 7649730, 0.48, 75, 500, 5, 84, 18750, 2.5
1, 20055, 232, 244, 244, 7600832, 7608326, 0.48, 75, 500, 5, 65, 18750, 2.5
1, 18881, 239, 241, 242, 7111618, 7122679, 0.48, 75, 500, 5, 72, 18750, 2.5
0, 23727, 259, 286, 293, 7842209, 7598244, 0.48, 75, 500, 5, 92, 18750, 2.5
1, 19056, 248, 250, 252, 6879855, 6896577, 0.48, 75, 500, 5, 67, 18750, 2.5
1, 19182, 250, 251, 254, 7180671, 7218311, 0.48, 75, 500, 5, 68, 18750, 2.5
1, 19171, 234, 237, 237, 7675068, 7682494, 0.48, 75, 500, 5, 73, 18750, 2.5
1, 24139, 253, 288, 296, 8112968, 8127614, 0.48, 75, 500, 5, 88, 18750, 2.5
1, 24711, 274, 320, 310, 7829377, 7845113, 0.48, 75, 500, 5, 89, 18750, 2.5
1, 19529, 224, 226, 228, 6913140, 6957074, 0.48, 75, 500, 5, 72, 18750, 2.5
1, 19348, 260, 262, 266, 7097158, 7147388, 0.48, 75, 500, 5, 64, 18750, 2.5
1, 19106, 235, 236, 237, 6704908, 6705627, 0.48, 75, 500, 5, 75, 18750, 2.5
1, 19744, 246, 250, 253, 7196660, 7232208, 0.48, 75, 500, 5, 67, 18750, 2.5
0, 23087, 257, 301, 285, 8287142, 7972986, 0.48, 75, 500, 5, 96, 18750, 2.5
1, 19538, 255, 258, 258, 7013529, 7088417, 0.48, 75, 500, 5, 76, 18750, 2.5
0, 26250, 203, 250, 258, 8276578, 8088695, 0.48, 75, 500, 5, 94, 18750, 2.5
0, 24431, 250, 295, 283, 8051901, 7748222, 0.48, 75, 500, 5, 95, 18750, 2.5
1, 19217, 224, 228, 230, 7568358, 7586650, 0.48, 75, 500, 5, 78, 18750, 2.5
1, 19379, 218, 221, 225, 7391887, 7438042, 0.48, 75, 500, 5, 66, 18750, 2.5
1, 19585, 267, 272, 270, 6977980, 7058794, 0.48, 75, 500, 5, 67, 18750, 2.5
1, 19229, 210, 212, 214, 7222568, 7273696, 0.48, 75, 500, 5, 63, 18750, 2.5
1, 18965, 246, 247, 249, 7255482, 7276011, 0.48, 75, 500, 5, 69, 18750, 2.5
0, 26250, 281, 334, 334, 8770365, 8636676, 0.48, 75, 500, 5, 94, 18750, 2.5
0, 24448, 262, 293, 306, 7836369, 7586607, 0.48, 75, 500, 5, 82, 18750, 2.5
1, 19960, 262, 267, 268, 7111707, 7161664, 0.48, 75, 500, 5, 72, 18750, 2.5
0, 22919, 262, 294, 298, 7995554, 7727656, 0.48, 75, 500, 5, 81, 18750, 2.5
1, 19562, 261, 263, 266, 7545993, 7600015, 0.48, 75, 500, 5, 65, 18750, 2.5
0, 26250, 253, 304, 312, 8425874, 8388867, 0.48, 75, 500, 5, 86, 18750, 2.5
1, 18788, 257, 258, 259, 6832034, 6837656, 0.48, 75, 500, 5, 72, 18750, 2.5
1, 19847, 259, 266, 262, 7247495, 7353862, 0.48, 75, 500, 5, 78, 18750, 2.5
1, 19378, 244, 245, 247, 7418778, 7447211, 0.48, 75, 500, 5, 78, 18750, 2.5
1, 19512, 267, 273, 273, 6997579, 7026546, 0.48, 75, 500, 5, 63, 18750, 2.5
1, 20007, 225, 234, 237, 7088280, 7113799, 0.48, 75, 500, 5, 67, 18750, 2.5
1, 19598, 228, 234, 231, 7207934, 7243564, 0.48, 75, 500, 5, 72, 18750, 2.5
1, 18957, 278, 279, 281, 7221821, 7257388, 0.48, 75, 500, 5, 75, 18750, 2.5
1, 19537, 278, 282, 283, 6880319, 6942222, 0.48, 75, 500, 5, 69, 18750, 2.5
1, 19496, 265, 266, 269, 7080060, 7099635, 0.48, 75, 500, 5, 66, 18750, 2.5
0, 26250, 247, 309, 292, 8972846, 8810180, 0.48, 75, 500, 5, 101, 18750, 2.5
1, 20528, 263, 271, 276, 7355604, 7409626, 0.48, 75, 500, 5, 79, 18750, 2.5
1, 19309, 262, 263, 266, 7208736, 7229349, 0.48, 75, 500, 5, 65, 18750, 2.5
1, 19064, 242, 243, 244, 7015658, 7035274, 0.48, 75, 500, 5, 67, 18750, 2.5
1, 19597, 228, 230, 233, 7045241, 7099234, 0.48, 75, 500, 5, 71, 18750, 2.5
1, 19243, 264, 267, 267, 6815214, 6818372, 0.48, 75, 500, 5, 68, 18750, 2.5
1, 19540, 231, 235, 239, 6831185, 6844571, 0.48, 75, 500, 5, 69, 18750, 2.5
1, 19170, 254, 255, 256, 6834736, 6856042, 0.48, 75, 500, 5, 66, 18750, 2.5
1, 19307, 246, 247, 250, 7190406, 7194685, 0.48, 75, 500, 5, 74, 18750, 2.5
0, 26250, 263, 326, 314, 8380295, 8164517, 0.48, 75, 500, 5, 96, 18750, 2.5
0, 21532, 234, 261, 245, 7302677, 7045096, 0.48, 75, 500, 5, 78, 18750, 2.5
1, 19332, 245, 246, 249, 7240978, 7258403, 0.48, 75, 500, 5, 69, 18750, 2.5
1, 19455, 272, 276, 278, 7287455, 7308096, 0.48, 75, 500, 5, 72, 18750, 2.5
1, 19280, 245, 248, 250, 7383495, 7414543, 0.48, 75, 500, 5, 69, 18750, 2.5
0, 24481, 275, 315, 307, 7950195, 7672313, 0.48, 75, 500, 5, 92, 18750, 2.5
0, 26119, 255, 301, 311, 8253886, 7967145, 0.48, 75, 500, 5, 99, 18750, 2.5
1, 19290, 241, 244, 246, 7329050, 7333093, 0.48, 75, 500, 5, 65, 18750, 2.5
0, 24954, 256, 298, 294, 8175011, 7794119, 0.48, 75, 500, 5, 88, 18750, 2.5
1, 19650, 228, 233, 238, 7000761, 7049080, 0.48, 75, 500, 5, 74, 18750, 2.5
1, 19281, 248, 249, 252, 7132849, 7166177, 0.48, 75, 500, 5, 74, 18750, 2.5
0, 26250, 215, 280, 269, 8285202, 8154018, 0.48, 75, 500, 5, 100, 18750, 2.5
0, 23624, 259, 286, 285, 7796305, 7478526, 0.48, 75, 500, 5, 82, 18750, 2.5
1, 19585, 238, 243, 243, 7180498, 7215336, 0.48, 75, 500, 5, 75, 18750, 2.5
1, 19556, 257, 261, 259, 5879605, 5886092, 0.48, 75, 500, 4, 54, 18750, 2.5
1, 19915, 248, 255, 255, 6858218, 6907666, 0.48, 75, 500, 5, 69, 18750, 2.5
1, 19523, 250, 255, 260, 5918839, 5941660, 0.48, 75, 500, 4, 48, 18750, 2.5
1, 19395, 249, 252, 253, 5856752, 5872415, 0.48, 75, 500, 4, 53, 18750, 2.5
1, 20523, 225, 233, 245, 7595296, 7616670, 0.48, 75, 500, 5, 73, 18750, 2.5
1, 19432, 256, 258, 259, 5856680, 5882158, 0.48, 75, 500, 4, 53, 18750, 2.5
1, 19519, 269, 271, 273, 7119854, 7149683, 0.48, 75, 500, 5, 68, 18750, 2.5
1, 20813, 193, 201, 205, 6258413, 6265960, 0.48, 75, 500, 4, 58, 18750, 2.5
1, 19964, 248, 256, 261, 5649332, 5675859, 0.48, 75, 500, 4, 56, 18750, 2.5
0, 23836, 226, 251, 266, 8260158, 8005648, 0.48, 75, 500, 5, 84, 18750, 2.5
1, 19010, 242, 243, 244, 6024368, 6039665, 0.48, 75, 500, 4, 60, 18750, 2.5
1, 19351, 247, 249, 251, 5724790, 5762859, 0.48, 75, 500, 4, 56, 18750, 2.5
1, 19090, 253, 256, 256, 5417421, 5432075, 0.48, 75, 500, 4, 50, 18750, 2.5
1, 20257, 267, 276, 275, 5879148, 5897061, 0.48, 75, 500, 4, 50, 18750, 2.5
1, 22947, 266, 285, 308, 6349109, 6391962, 0.48, 75, 500, 4, 62, 18750, 2.5
1, 18849, 249, 250, 251, 5455249, 5460474, 0.48, 75, 500, 4, 50, 18750, 2.5
1, 19189, 247, 250, 252, 5588138, 5606741, 0.48, 75, 500, 4, 51, 18750, 2.5
1, 19732, 284, 290, 289, 5893038, 5954948, 0.48, 75, 500, 4, 48, 18750, 2.5
1, 18987, 264, 265, 266, 5772114, 5778729, 0.48, 75, 500, 4, 57, 18750, 2.5
0, 22221, 238, 249, 259, 6516518, 6225623, 0.48, 75, 500, 4, 64, 18750, 2.5
1, 19136, 240, 245, 245, 5309692, 5318240, 0.48, 75, 500, 4, 58, 18750, 2.5
1, 19546, 273, 281, 278, 5817816, 5848808, 0.48, 75, 500, 4, 52, 18750, 2.5
1, 20162, 230, 236, 237, 5620352, 5656430, 0.48, 75, 500, 4, 53, 18750, 2.5
0, 26250, 254, 303, 297, 6735289, 6547761, 0.48, 75, 500, 4, 76, 18750, 2.5
1, 19085, 204, 205, 207, 5690748, 5705297, 0.48, 75, 500, 4, 56, 18750, 2.5
0, 20049, 274, 286, 280, 5772152, 5664545, 0.48, 75, 500, 4, 59, 18750, 2.5
0, 19581, 264, 268, 266, 5899925, 5782963, 0.48, 75, 500, 4, 48, 18750, 2.5
1, 23284, 213, 242, 237, 6632324, 6652596, 0.48, 75, 500, 4, 65, 18750, 2.5
0, 26250, 226, 274, 270, 6598450, 6466334, 0.48, 75, 500, 4, 77, 18750, 2.5
0, 26250, 236, 293, 268, 6920231, 6706120, 0.48, 75, 500, 4, 67, 18750, 2.5
1, 20310, 231, 246, 247, 5572038, 5580859, 0.48, 75, 500, 4, 53, 18750, 2.5
1, 19279, 263, 267, 266, 6091192, 6107508, 0.48, 75, 500, 4, 53, 18750, 2.5
1, 19533, 255, 259, 261, 5694804, 5727906, 0.48, 75, 500, 4, 54, 18750, 2.5
1, 19575, 257, 264, 262, 5698318, 5745228, 0.48, 75, 500, 4, 50, 18750, 2.5
0, 22712, 263, 305, 284, 6479723, 6285586, 0.48, 75, 500, 4, 66, 18750, 2.5
1, 19517, 238, 243, 242, 5918202, 5934374, 0.48, 75, 500, 4, 51, 18750, 2.5
1, 18875, 260, 261, 263, 5762981, 5774450, 0.48, 75, 500, 4, 48, 18750, 2.5
1, 21703, 238, 248, 256, 6022682, 6076010, 0.48, 75, 500, 4, 57, 18750, 2.5
0, 22674, 240, 273, 259, 6683156, 6513470, 0.48, 75, 500, 4, 59, 18750, 2.5
1, 19955, 246, 251, 249, 5868298, 5881238, 0.48, 75, 500, 4, 62, 18750, 2.5
0, 24675, 265, 319, 296, 6775669, 6439232, 0.48, 75, 500, 4, 70, 18750, 2.5
1, 19368, 251, 252, 254, 6049787, 6079392, 0.48, 75, 500, 4, 53, 18750, 2.5
1, 18945, 234, 235, 237, 5577633, 5602265, 0.48, 75, 500, 4, 58, 18750, 2.5
1, 18914, 274, 275, 276, 6043118, 6051019, 0.48, 75, 500, 4, 52, 18750, 2.5
1, 18986, 219, 221, 222, 5784531, 5803669, 0.48, 75, 500, 4, 48, 18750, 2.5
1, 20142, 246, 249, 256, 6112831, 6206944, 0.48, 75, 500, 4, 57, 18750, 2.5
0, 26250, 269, 317, 315, 6647091, 6491008, 0.48, 75, 500, 4, 71, 18750, 2.5
1, 19439, 239, 242, 242, 5864963, 5887894, 0.48, 75, 500, 4, 49, 18750, 2.5
1, 19099, 235, 236, 240, 5607855, 5643579, 0.48, 75, 500, 4, 53, 18750, 2.5
1, 19506, 271, 275, 278, 5603642, 5626410, 0.48, 75, 500, 4, 54, 18750, 2.5
1, 18862, 227, 228, 229, 5665446, 5680862, 0.48, 75, 500, 4, 44, 18750, 2.5
0, 21071, 233, 259, 250, 6317432, 6176100, 0.48, 75, 500, 4, 54, 18750, 2.5
1, 18951, 240, 241, 242, 5528119, 5546186, 0.48, 75, 500, 4, 55, 18750, 2.5
1, 19814, 248, 250, 253, 6003871, 6049485, 0.48, 75, 500, 4, 51, 18750, 2.5
1, 19326, 258, 260, 260, 5869605, 5878282, 0.48, 75, 500, 4, 50, 18750, 2.5
0, 24420, 245, 296, 272, 6512998, 6234611, 0.48, 75, 500, 4, 67, 18750, 2.5
1, 23110, 250, 274, 278, 6459765, 6474574, 0.48, 75, 500, 4, 69, 18750, 2.5
1, 19212, 248, 249, 251, 5423022, 5454044, 0.48, 75, 500, 4, 51, 18750, 2.5
1, 20481, 219, 229, 231, 6079069, 6110015, 0.48, 75, 500, 4, 56, 18750, 2.5
1, 19488, 224, 230, 229, 5957411, 5975580, 0.48, 75, 500, 4, 51, 18750, 2.5
1, 20746, 256, 273, 265, 6182084, 6207160, 0.48, 75, 500, 4, 61, 18750, 2.5
0, 26250, 244, 298, 297, 6631307, 6636579, 0.48, 75, 500, 4, 72, 18750, 2.5
1, 19598, 215, 217, 222, 5837870, 5855629, 0.48, 75, 500, 4, 52, 18750, 2.5
1, 19469, 281, 286, 288, 5942505, 5982791, 0.48, 75, 500, 4, 59, 18750, 2.5
1, 19349, 262, 265, 270, 5958298, 5964604, 0.48, 75, 500, 4, 51, 18750, 2.5
1, 19199, 254, 256, 257, 5583414, 5591643, 0.48, 75, 500, 4, 49, 18750, 2.5
0, 26250, 250, 314, 292, 6800511, 6549180, 0.48, 75, 500, 4, 81, 18750, 2.5
1, 19026, 243, 244, 245, 5858643, 5866208, 0.48, 75, 500, 4, 56, 18750, 2.5
1, 19522, 237, 239, 244, 5785853, 5826311, 0.48, 75, 500, 4, 60, 18750, 2.5
1, 19205, 239, 240, 245, 5882865, 5904772, 0.48, 75, 500, 4, 48, 18750, 2.5
1, 19154, 276, 277, 278, 5631465, 5641566, 0.48, 75, 500, 4, 52, 18750, 2.5
1, 18925, 247, 248, 251, 5401415, 5407807, 0.48, 75, 500, 4, 53, 18750, 2.5
0, 20641, 241, 255, 256, 5753605, 5617037, 0.48, 75, 500, 4, 53, 18750, 2.5
1, 22267, 226, 249, 247, 6153062, 6169362, 0.48, 75, 500, 4, 57, 18750, 2.5
1, 21312, 271, 284, 288, 5830170, 5860601, 0.48, 75, 500, 4, 59, 18750, 2.5
1, 20669, 247, 260, 257, 5706438, 5712853, 0.48, 75, 500, 4, 61, 18750, 2.5
1, 18939, 232, 233, 236, 5659391, 5671332, 0.48, 75, 500, 4, 54, 18750, 2.5
1, 19695, 250, 252, 255, 5875910, 5910423, 0.48, 75, 500, 4, 48, 18750, 2.5
1, 20528, 270, 277, 278, 6132142, 6182098, 0.48, 75, 500, 4, 54, 18750, 2.5
0, 24159, 234, 281, 269, 6779307, 6569157, 0.48, 75, 500, 4, 64, 18750, 2.5
1, 25441, 262, 314, 320, 6694320, 6712842, 0.48, 75, 500, 4, 82, 18750, 2.5
1, 19502, 242, 245, 248, 6212006, 6228751, 0.48, 75, 500, 4, 51, 18750, 2.5
0, 25312, 218, 267, 253, 6752064, 6502352, 0.48, 75, 500, 4, 73, 18750, 2.5
0, 26250, 237, 296, 290, 7004083, 6861179, 0.48, 75, 500, 4, 77, 18750, 2.5
1, 19290, 231, 233, 237, 5625958, 5660487, 0.48, 75, 500, 4, 61, 18750, 2.5
0, 23247, 251, 276, 275, 6515067, 6354413, 0.48, 75, 500, 4, 65, 18750, 2.5
1, 24842, 282, 322, 328, 6422028, 6448025, 0.48, 75, 500, 4, 72, 18750, 2.5
1, 19048, 240, 241, 243, 5657175, 5675319, 0.48, 75, 500, 4, 47, 18750, 2.5
1, 19181, 248, 250, 250, 5931532, 5935240, 0.48, 75, 500, 4, 51, 18750, 2.5
1, 19184, 224, 226, 229, 5505997, 5543395, 0.48, 75, 500, 4, 54, 18750, 2.5
1, 19245, 275, 277, 279, 5546654, 5611216, 0.48, 75, 500, 4, 58, 18750, 2.5
1, 20176, 262, 270, 270, 5646793, 5655502, 0.48, 75, 500, 4, 61, 18750, 2.5
1, 21908, 235, 253, 248, 6575194, 6659453, 0.48, 75, 500, 4, 64, 18750, 2.5
1, 19453, 255, 258, 262, 5750798, 5809445, 0.48, 75, 500, 4, 50, 18750, 2.5
1, 19371, 270, 272, 275, 5904595, 5924360, 0.48, 75, 500, 4, 48, 18750, 2.5
0, 23262, 246, 280, 267, 6255337, 6080131, 0.48, 75, 500, 4, 65, 18750, 2.5
1, 20140, 258, 264, 266, 6379174, 6416331, 0.48, 75, 500, 4, 57, 18750, 2.5
1, 21634, 234, 258, 255, 5987657, 5994399, 0.48, 75, 500, 4, 60, 18750, 2.5
1, 19403, 232, 236, 238, 5471575, 5485890, 0.48, 75, 500, 4, 59, 18750, 2.5
0, 26250, 264, 301, 312, 6728965, 6604350, 0.48, 75, 500, 4, 77, 18750, 2.5
1, 19005, 270, 271, 274, 4017224, 4037895, 0.48, 75, 500, 3, 36, 18750, 2.5
1, 18999, 259, 260, 264, 4500128, 4532296, 0.48, 75, 500, 3, 33, 18750, 2.5
1, 19281, 257, 259, 262, 5624493, 5642432, 0.48, 75, 500, 4, 51, 18750, 2.5
1, 19499, 248, 251, 255, 5867729, 5893046, 0.48, 75, 500, 4, 54, 18750, 2.5
0, 21769, 263, 288, 285, 4268141, 4142231, 0.48, 75, 500, 3, 45, 18750, 2.5
1, 20042, 244, 248, 252, 4114715, 4134394, 0.48, 75, 500, 3, 38, 18750, 2.5
0, 23556, 255, 288, 283, 4665914, 4543508, 0.48, 75, 500, 3, 45, 18750, 2.5
1, 19449, 253, 257, 258, 5689851, 5743102, 0.48, 75, 500, 4, 58, 18750, 2.5
1, 19418, 243, 244, 245, 4396217, 4413452, 0.48, 75, 500, 3, 42, 18750, 2.5
1, 19441, 220, 222, 226, 4660668, 4702835, 0.48, 75, 500, 3, 40, 18750, 2.5
0, 24937, 249, 297, 286, 6841926, 6629987, 0.48, 75, 500, 4, 75, 18750, 2.5
1, 20006, 238, 243, 248, 4327778, 4339756, 0.48, 75, 500, 3, 41, 18750, 2.5
1, 19037, 253, 256, 255, 4110354, 4125341, 0.48, 75, 500, 3, 40, 18750, 2.5
1, 19796, 258, 260, 265, 4570107, 4634752, 0.48, 75, 500, 3, 41, 18750, 2.5
1, 18914, 248, 249, 252, 4095130, 4121806, 0.48, 75, 500, 3, 40, 18750, 2.5
1, 19001, 249, 251, 252, 4297487, 4308724, 0.48, 75, 500, 3, 39, 18750, 2.5
1, 19836, 272, 276, 275, 4626058, 4674002, 0.48, 75, 500, 3, 38, 18750, 2.5
0, 20467, 252, 261, 257, 4724577, 4583118, 0.48, 75, 500, 3, 44, 18750, 2.5
1, 19915, 263, 268, 270, 4505581, 4556449, 0.48, 75, 500, 3, 43, 18750, 2.5
1, 19735, 260, 266, 264, 4544500, 4558268, 0.48, 75, 500, 3, 40, 18750, 2.5
1, 19356, 247, 251, 251, 4514646, 4523245, 0.48, 75, 500, 3, 38, 18750, 2.5
1, 20185, 246, 248, 252, 4460361, 4513464, 0.48, 75, 500, 3, 40, 18750, 2.5
1, 20101, 276, 283, 283, 4409913, 4450562, 0.48, 75, 500, 3, 47, 18750, 2.5
1, 19321, 234, 235, 239, 4193202, 4201159, 0.48, 75, 500, 3, 38, 18750, 2.5
1, 19841, 245, 247, 251, 4279253, 4329279, 0.48, 75, 500, 3, 38, 18750, 2.5
1, 19024, 238, 239, 240, 4360087, 4364134, 0.48, 75, 500, 3, 39, 18750, 2.5
1, 20030, 258, 265, 266, 4145951, 4187448, 0.48, 75, 500, 3, 43, 18750, 2.5
1, 19138, 225, 226, 231, 4283756, 4291004, 0.48, 75, 500, 3, 35, 18750, 2.5
1, 19002, 286, 289, 290, 4392607, 4407212, 0.48, 75, 500, 3, 35, 18750, 2.5
1, 23662, 261, 292, 297, 4561678, 4578410, 0.48, 75, 500, 3, 45, 18750, 2.5
1, 20676, 230, 242, 242, 4856693, 4891986, 0.48, 75, 500, 3, 44, 18750, 2.5
1, 18952, 259, 261, 261, 4216714, 4226214, 0.48, 75, 500, 3, 39, 18750, 2.5
1, 19003, 230, 232, 233, 3959191, 3959858, 0.48, 75, 500, 3, 37, 18750, 2.5
0, 26250, 259, 320, 312, 5233833, 5188566, 0.48, 75, 500, 3, 56, 18750, 2.5
0, 26250, 245, 302, 293, 5266036, 5108019, 0.48, 75, 500, 3, 57, 18750, 2.5
1, 20883, 268, 276, 283, 4767910, 4782094, 0.48, 75, 500, 3, 45, 18750, 2.5
1, 19074, 280, 281, 283, 4132311, 4135958, 0.48, 75, 500, 3, 35, 18750, 2.5
0, 25202, 278, 321, 311, 5005505, 4855891, 0.48, 75, 500, 3, 52, 18750, 2.5
0, 23713, 239, 275, 259, 5146954, 4928940, 0.48, 75, 500, 3, 46, 18750, 2.5
1, 19178, 259, 262, 263, 4292319, 4301601, 0.48, 75, 500, 3, 37, 18750, 2.5
1, 19378, 243, 245, 248, 4228457, 4233987, 0.48, 75, 500, 3, 35, 18750, 2.5
1, 18855, 225, 226, 227, 4187948, 4190811, 0.48, 75, 500, 3, 39, 18750, 2.5
1, 19116, 213, 214, 215, 4157001, 4162093, 0.48, 75, 500, 3, 36, 18750, 2.5
1, 25087, 256, 294, 308, 4816428, 4834149, 0.48, 75, 500, 3, 48, 18750, 2.5
1, 19747, 252, 255, 257, 4460486, 4503819, 0.48, 75, 500, 3, 37, 18750, 2.5
1, 19095, 269, 271, 272, 4079281, 4088406, 0.48, 75, 500, 3, 35, 18750, 2.5
0, 26250, 238, 302, 299, 4918078, 4844086, 0.48, 75, 500, 3, 51, 18750, 2.5
1, 18887, 248, 249, 250, 4237986, 4240365, 0.48, 75, 500, 3, 32, 18750, 2.5
1, 21319, 241, 255, 259, 4697679, 4715341, 0.48, 75, 500, 3, 48, 18750, 2.5
1, 19369, 264, 265, 269, 4717653, 4745914, 0.48, 75, 500, 3, 39, 18750, 2.5
1, 19136, 249, 253, 254, 4177907, 4189697, 0.48, 75, 500, 3, 39, 18750, 2.5
1, 18884, 246, 247, 249, 4414533, 4417816, 0.48, 75, 500, 3, 35, 18750, 2.5
1, 19301, 261, 262, 263, 4411831, 4416727, 0.48, 75, 500, 3, 40, 18750, 2.5
1, 19018, 247, 250, 249, 4472401, 4475923, 0.48, 75, 500, 3, 37, 18750, 2.5
0, 26250, 259, 301, 308, 5296985, 5198072, 0.48, 75, 500, 3, 55, 18750, 2.5
1, 19127, 241, 244, 246, 4263670, 4277389, 0.48, 75, 500, 3, 36, 18750, 2.5
1, 19161, 273, 275, 278, 4270334, 4300447, 0.48, 75, 500, 3, 34, 18750, 2.5
1, 18864, 256, 258, 258, 4250516, 4260477, 0.48, 75, 500, 3, 34, 18750, 2.5
1, 19749, 240, 245, 244, 4130276, 4190491, 0.48, 75, 500, 3, 37, 18750, 2.5
1, 19593, 254, 259, 260, 4139275, 4150878, 0.48, 75, 500, 3, 35, 18750, 2.5
1, 19169, 250, 251, 252, 4044336, 4052630, 0.48, 75, 500, 3, 38, 18750, 2.5
1, 19192, 260, 263, 264, 4343444, 4386092, 0.48, 75, 500, 3, 38, 18750, 2.5
1, 19566, 241, 243, 247, 4424257, 4453296, 0.48, 75, 500, 3, 41, 18750, 2.5
1, 19431, 245, 248, 253, 4284663, 4285136, 0.48, 75, 500, 3, 40, 18750, 2.5
1, 24586, 230, 265, 268, 4996046, 5004356, 0.48, 75, 500, 3, 49, 18750, 2.5
0, 21119, 262, 284, 273, 4366068, 4220311, 0.48, 75, 500, 3, 40, 18750, 2.5
1, 19068, 247, 248, 250, 4269004, 4279072, 0.48, 75, 500, 3, 35, 18750, 2.5
1, 19616, 250, 251, 254, 4281096, 4307113, 0.48, 75, 500, 3, 36, 18750, 2.5
1, 19704, 275, 282, 280, 4402095, 4415450, 0.48, 75, 500, 3, 39, 18750, 2.5
0, 19214, 248, 249, 249, 4514877, 4427255, 0.48, 75, 500, 3, 32, 18750, 2.5
1, 19649, 261, 264, 267, 4262288, 4284842, 0.48, 75, 500, 3, 38, 18750, 2.5
0, 26250, 257, 311, 304, 5073231, 4959082, 0.48, 75, 500, 3, 53, 18750, 2.5
1, 19459, 249, 253, 254, 4061388, 4064549, 0.48, 75, 500, 3, 38, 18750, 2.5
1, 19401, 273, 280, 283, 4203918, 4237704, 0.48, 75, 500, 3, 38, 18750, 2.5
0, 26250, 264, 322, 312, 5356814, 5252695, 0.48, 75, 500, 3, 57, 18750, 2.5
1, 19815, 233, 239, 240, 4498493, 4503845, 0.48, 75, 500, 3, 37, 18750, 2.5
0, 26250, 258, 311, 318, 4912953, 4804853, 0.48, 75, 500, 3, 59, 18750, 2.5
1, 23298, 245, 269, 272, 4611223, 4613325, 0.48, 75, 500, 3, 41, 18750, 2.5
1, 19593, 254, 257, 263, 4324378, 4353450, 0.48, 75, 500, 3, 39, 18750, 2.5
1, 19842, 285, 288, 290, 4295310, 4333857, 0.48, 75, 500, 3, 35, 18750, 2.5
1, 19507, 245, 247, 248, 4280735, 4293830, 0.48, 75, 500, 3, 36, 18750, 2.5
1, 20669, 256, 261, 263, 4459854, 4462100, 0.48, 75, 500, 3, 44, 18750, 2.5
1, 19489, 250, 257, 255, 4343067, 4347356, 0.48, 75, 500, 3, 40, 18750, 2.5
1, 19110, 235, 237, 238, 4283605, 4307082, 0.48, 75, 500, 3, 37, 18750, 2.5
1, 19581, 225, 229, 227, 4454580, 4508319, 0.48, 75, 500, 3, 38, 18750, 2.5
1, 19052, 261, 265, 263, 4323467, 4330476, 0.48, 75, 500, 3, 36, 18750, 2.5
1, 19590, 241, 248, 249, 4324637, 4334782, 0.48, 75, 500, 3, 43, 18750, 2.5
0, 26250, 247, 309, 299, 5266066, 5121619, 0.48, 75, 500, 3, 59, 18750, 2.5
0, 26250, 254, 322, 307, 4993508, 4949549, 0.48, 75, 500, 3, 52, 18750, 2.5
1, 18885, 263, 264, 265, 4231066, 4247994, 0.48, 75, 500, 3, 39, 18750, 2.5
1, 18955, 229, 230, 231, 4056547, 4064322, 0.48, 75, 500, 3, 38, 18750, 2.5
1, 19404, 257, 258, 262, 4179350, 4201945, 0.48, 75, 500, 3, 38, 18750, 2.5
0, 25197, 252, 299, 297, 4983808, 4781546, 0.48, 75, 500, 3, 49, 18750, 2.5
1, 19354, 282, 286, 287, 4300990, 4323253, 0.48, 75, 500, 3, 39, 18750, 2.5
0, 26250, 246, 296, 300, 4854759, 4818557, 0.48, 75, 500, 3, 50, 18750, 2.5
1, 20591, 270, 276, 278, 4423945, 4440291, 0.48, 75, 500, 3, 39, 18750, 2.5
0, 23556, 231, 257, 270, 4934220, 4774479, 0.48, 75, 500, 3, 51, 18750, 2.5
1, 19576, 249, 257, 254, 4076519, 4078034, 0.48, 75, 500, 3, 38, 18750, 2.5
1, 19039, 249, 250, 251, 4228871, 4237347, 0.48, 75, 500, 3, 38, 18750, 2.5
1, 19090, 263, 268, 265, 4465054, 4472962, 0.48, 75, 500, 3, 38, 18750, 2.5
1, 19032, 272, 274, 276, 2852483, 2858782, 0.48, 75, 500, 2, 23, 18750, 2.5
1, 19229, 239, 243, 243, 2753861, 2758632, 0.48, 75, 500, 2, 21, 18750, 2.5
1, 19619, 224, 230, 231, 3101361, 3103012, 0.48, 75, 500, 2, 24, 18750, 2.5
1, 20852, 254, 272, 272, 4300241, 4323902, 0.48, 75, 500, 3, 42, 18750, 2.5
1, 22908, 259, 288, 285, 3289470, 3298395, 0.48, 75, 500, 2, 28, 18750, 2.5
0, 26250, 263, 312, 302, 5344702, 5235420, 0.48, 75, 500, 3, 56, 18750, 2.5
0, 18977, 251, 252, 252, 4387298, 4304914, 0.48, 75, 500, 3, 40, 18750, 2.5
1, 19867, 271, 273, 279, 4316594, 4343847, 0.48, 75, 500, 3, 42, 18750, 2.5
1, 19716, 247, 249, 252, 2943971, 2965006, 0.48, 75, 500, 2, 27, 18750, 2.5
1, 19079, 245, 248, 247, 2947934, 2955932, 0.48, 75, 500, 2, 21, 18750, 2.5
1, 18916, 230, 231, 232, 2710937, 2713050, 0.48, 75, 500, 2, 22, 18750, 2.5
1, 21958, 250, 271, 276, 3004008, 3014958, 0.48, 75, 500, 2, 30, 18750, 2.5
1, 19756, 244, 252, 253, 2961017, 2962866, 0.48, 75, 500, 2, 23, 18750, 2.5
1, 19396, 240, 242, 243, 2803865, 2840228, 0.48, 75, 500, 2, 25, 18750, 2.5
1, 19040, 255, 257, 257, 3210111, 3221225, 0.48, 75, 500, 2, 21, 18750, 2.5
0, 26250, 248, 326, 280, 3373225, 3230070, 0.48, 75, 500, 2, 35, 18750, 2.5
1, 19568, 282, 284, 285, 2834806, 2838525, 0.48, 75, 500, 2, 23, 18750, 2.5
1, 19497, 231, 234, 236, 2900029, 2914183, 0.48, 75, 500, 2, 23, 18750, 2.5
1, 19357, 232, 233, 236, 2876354, 2925145, 0.48, 75, 500, 2, 25, 18750, 2.5
1, 19416, 263, 266, 268, 2739442, 2769251, 0.48, 75, 500, 2, 24, 18750, 2.5
1, 20546, 262, 272, 277, 3054310, 3072849, 0.48, 75, 500, 2, 27, 18750, 2.5
1, 20015, 275, 280, 282, 2976612, 2981331, 0.48, 75, 500, 2, 26, 18750, 2.5
1, 19136, 248, 249, 253, 2982336, 2991564, 0.48, 75, 500, 2, 21, 18750, 2.5
1, 21722, 248, 267, 264, 3139763, 3150896, 0.48, 75, 500, 2, 29, 18750, 2.5
1, 19197, 270, 273, 275, 2723604, 2730870, 0.48, 75, 500, 2, 23, 18750, 2.5
1, 19054, 233, 234, 236, 2686858, 2695711, 0.48, 75, 500, 2, 21, 18750, 2.5
1, 19229, 252, 254, 256, 3125657, 3134870, 0.48, 75, 500, 2, 24, 18750, 2.5
0, 20313, 254, 265, 259, 3165248, 3076466, 0.48, 75, 500, 2, 27, 18750, 2.5
1, 20562, 250, 256, 255, 3138297, 3144791, 0.48, 75, 500, 2, 28, 18750, 2.5
0, 20914, 246, 261, 258, 2966760, 2889875, 0.48, 75, 500, 2, 30, 18750, 2.5
1, 19312, 253, 256, 259, 2543837, 2565263, 0.48, 75, 500, 2, 23, 18750, 2.5
0, 25572, 256, 317, 304, 3449140, 3310382, 0.48, 75, 500, 2, 35, 18750, 2.5
1, 19463, 261, 266, 266, 2824558, 2830370, 0.48, 75, 500, 2, 22, 18750, 2.5
1, 19624, 269, 272, 273, 3050147, 3056842, 0.48, 75, 500, 2, 23, 18750, 2.5
1, 19277, 248, 251, 253, 2700670, 2721904, 0.48, 75, 500, 2, 21, 18750, 2.5
0, 23833, 277, 319, 305, 3238740, 3146006, 0.48, 75, 500, 2, 31, 18750, 2.5
0, 21242, 269, 293, 281, 2874531, 2793176, 0.48, 75, 500, 2, 26, 18750, 2.5
1, 19290, 258, 259, 262, 2757972, 2759869, 0.48, 75, 500, 2, 23, 18750, 2.5
1, 19269, 275, 277, 280, 3062759, 3081135, 0.48, 75, 500, 2, 25, 18750, 2.5
0, 21045, 272, 287, 281, 3013378, 2948116, 0.48, 75, 500, 2, 25, 18750, 2.5
1, 19532, 240, 243, 243, 2843482, 2871513, 0.48, 75, 500, 2, 25, 18750, 2.5
1, 19321, 271, 274, 275, 2878273, 2899825, 0.48, 75, 500, 2, 23, 18750, 2.5
1, 19661, 246, 249, 250, 2930140, 2942814, 0.48, 75, 500, 2, 27, 18750, 2.5
1, 20354, 239, 254, 250, 3074121, 3076077, 0.48, 75, 500, 2, 26, 18750, 2.5
1, 20093, 277, 280, 284, 2940954, 2961710, 0.48, 75, 500, 2, 25, 18750, 2.5
1, 18960, 271, 272, 273, 2916455, 2921618, 0.48, 75, 500, 2, 24, 18750, 2.5
1, 19341, 251, 255, 256, 2905838, 2927196, 0.48, 75, 500, 2, 27, 18750, 2.5
1, 19276, 260, 264, 265, 3042269, 3042938, 0.48, 75, 500, 2, 26, 18750, 2.5
1, 19457, 249, 251, 254, 2764191, 2787535, 0.48, 75, 500, 2, 23, 18750, 2.5
1, 19269, 256, 259, 258, 3114039, 3120596, 0.48, 75, 500, 2, 23, 18750, 2.5
1, 19019, 224, 225, 226, 2937387, 2940366, 0.48, 75, 500, 2, 21, 18750, 2.5
1, 19521, 273, 275, 278, 2767504, 2768114, 0.48, 75, 500, 2, 22, 18750, 2.5
1, 19515, 239, 242, 247, 2854486, 2870669, 0.48, 75, 500, 2, 25, 18750, 2.5
1, 19174, 232, 234, 235, 2767661, 2774161, 0.48, 75, 500, 2, 22, 18750, 2.5
1, 19511, 255, 261, 261, 2849996, 2855470, 0.48, 75, 500, 2, 26, 18750, 2.5
1, 19452, 253, 255, 255, 2668527, 2671123, 0.48, 75, 500, 2, 21, 18750, 2.5
1, 19206, 256, 260, 258, 2634167, 2651644, 0.48, 75, 500, 2, 25, 18750, 2.5
1, 19752, 226, 229, 233, 2869699, 2898869, 0.48, 75, 500, 2, 22, 18750, 2.5
1, 19360, 240, 242, 243, 2861835, 2870239, 0.48, 75, 500, 2, 24, 18750, 2.5
1, 19308, 257, 260, 262, 2814291, 2826481, 0.48, 75, 500, 2, 23, 18750, 2.5
1, 19077, 261, 263, 264, 2780854, 2791796, 0.48, 75, 500, 2, 25, 18750, 2.5
1, 19483, 280, 282, 287, 2883794, 2913778, 0.48, 75, 500, 2, 24, 18750, 2.5
1, 19005, 221, 222, 223, 2817249, 2819418, 0.48, 75, 500, 2, 25, 18750, 2.5
1, 19373, 235, 237, 243, 2910177, 2910311, 0.48, 75, 500, 2, 23, 18750, 2.5
1, 19071, 259, 262, 263, 2929791, 2938322, 0.48, 75, 500, 2, 23, 18750, 2.5
1, 20211, 263, 267, 267, 2851548, 2867289, 0.48, 75, 500, 2, 25, 18750, 2.5
0, 20250, 251, 260, 266, 3035792, 2956326, 0.48, 75, 500, 2, 25, 18750, 2.5
1, 19652, 268, 273, 274, 2767534, 2778219, 0.48, 75, 500, 2, 24, 18750, 2.5
1, 19217, 255, 258, 260, 2931711, 2931846, 0.48, 75, 500, 2, 25, 18750, 2.5
1, 19833, 249, 252, 254, 2729908, 2743247, 0.48, 75, 500, 2, 25, 18750, 2.5
1, 20261, 257, 269, 270, 2822970, 2844016, 0.48, 75, 500, 2, 24, 18750, 2.5
1, 19445, 253, 254, 259, 3009295, 3050341, 0.48, 75, 500, 2, 23, 18750, 2.5
1, 19436, 251, 253, 254, 3175704, 3184790, 0.48, 75, 500, 2, 22, 18750, 2.5
0, 21568, 249, 271, 270, 2912762, 2833312, 0.48, 75, 500, 2, 27, 18750, 2.5
0, 21939, 238, 267, 256, 3228754, 3121901, 0.48, 75, 500, 2, 26, 18750, 2.5
1, 19509, 239, 242, 241, 2858534, 2868388, 0.48, 75, 500, 2, 23, 18750, 2.5
0, 23095, 268, 303, 291, 3195273, 3080157, 0.48, 75, 500, 2, 29, 18750, 2.5
1, 21271, 230, 245, 247, 2828873, 2834137, 0.48, 75, 500, 2, 26, 18750, 2.5
1, 19490, 246, 249, 252, 2824781, 2845286, 0.48, 75, 500, 2, 27, 18750, 2.5
1, 19434, 253, 257, 259, 2907842, 2912469, 0.48, 75, 500, 2, 23, 18750, 2.5
1, 20210, 246, 256, 255, 2878749, 2915841, 0.48, 75, 500, 2, 24, 18750, 2.5
1, 19452, 258, 261, 264, 2913816, 2945265, 0.48, 75, 500, 2, 24, 18750, 2.5
1, 19799, 242, 247, 248, 2859598, 2874345, 0.48, 75, 500, 2, 23, 18750, 2.5
1, 19034, 244, 246, 248, 2905340, 2906099, 0.48, 75, 500, 2, 24, 18750, 2.5
1, 19939, 254, 258, 260, 2842007, 2877601, 0.48, 75, 500, 2, 23, 18750, 2.5
1, 19188, 269, 272, 273, 3024057, 3029655, 0.48, 75, 500, 2, 21, 18750, 2.5
1, 19755, 278, 282, 287, 3070957, 3108891, 0.48, 75, 500, 2, 25, 18750, 2.5
1, 19024, 270, 271, 273, 2824545, 2834023, 0.48, 75, 500, 2, 24, 18750, 2.5
1, 19407, 276, 280, 281, 3192881, 3205338, 0.48, 75, 500, 2, 21, 18750, 2.5
1, 19379, 239, 241, 243, 2725754, 2750424, 0.48, 75, 500, 2, 26, 18750, 2.5
1, 19232, 240, 241, 242, 2956787, 2960264, 0.48, 75, 500, 2, 25, 18750, 2.5
1, 19074, 269, 273, 272, 2866404, 2866825, 0.48, 75, 500, 2, 24, 18750, 2.5
1, 19554, 282, 284, 285, 3189555, 3201959, 0.48, 75, 500, 2, 25, 18750, 2.5
1, 19867, 258, 261, 265, 2893117, 2909643, 0.48, 75, 500, 2, 21, 18750, 2.5
1, 19066, 251, 255, 254, 2724239, 2727516, 0.48, 75, 500, 2, 21, 18750, 2.5
1, 18968, 236, 238, 239, 2811486, 2818228, 0.48, 75, 500, 2, 25, 18750, 2.5
0, 21440, 264, 286, 275, 3346779, 3225641, 0.48, 75, 500, 2, 27, 18750, 2.5
1, 19425, 256, 261, 262, 1377244, 1382415, 0.48, 75, 500, 1, 11, 18750, 2.5
1, 19559, 261, 264, 267, 1408417, 1424933, 0.48, 75, 500, 1, 10, 18750, 2.5
1, 19223, 236, 242, 239, 2759980, 2771448, 0.48, 75, 500, 2, 22, 18750, 2.5
1, 19332, 261, 265, 266, 1694881, 1701251, 0.48, 75, 500, 1, 12, 18750, 2.5
1, 19264, 255, 258, 259, 1440447, 1446027, 0.48, 75, 500, 1, 12, 18750, 2.5
1, 19401, 269, 272, 272, 2843509, 2843631, 0.48, 75, 500, 2, 22, 18750, 2.5
1, 19345, 253, 254, 255, 3005640, 3014508, 0.48, 75, 500, 2, 24, 18750, 2.5
1, 20256, 223, 232, 235, 2882661, 2914201, 0.48, 75, 500, 2, 24, 18750, 2.5
1, 19230, 239, 242, 241, 2958679, 2965224, 0.48, 75, 500, 2, 23, 18750, 2.5
1, 19251, 267, 270, 271, 1423203, 1428785, 0.48, 75, 500, 1, 12, 18750, 2.5
1, 19646, 267, 270, 273, 1447824, 1464861, 0.48, 75, 500, 1, 11, 18750, 2.5
1, 20765, 261, 270, 272, 3147895, 3162772, 0.48, 75, 500, 2, 24, 18750, 2.5
1, 19108, 272, 275, 276, 1479892, 1485811, 0.48, 75, 500, 1, 12, 18750, 2.5
1, 19176, 251, 253, 253, 2683407, 2688325, 0.48, 75, 500, 2, 24, 18750, 2.5
1, 19294, 259, 262, 265, 1473017, 1490768, 0.48, 75, 500, 1, 11, 18750, 2.5
1, 19270, 258, 261, 264, 1360241, 1376396, 0.48, 75, 500, 1, 12, 18750, 2.5
1, 19398, 277, 280, 282, 1622044, 1634957, 0.48, 75, 500, 1, 11, 18750, 2.5
1, 19823, 245, 248, 253, 1537749, 1567862, 0.48, 75, 500, 1, 11, 18750, 2.5
1, 19318, 241, 244, 248, 1524141, 1548398, 0.48, 75, 500, 1, 11, 18750, 2.5
1, 19301, 245, 248, 248, 1396522, 1396704, 0.48, 75, 500, 1, 11, 18750, 2.5
1, 19796, 273, 276, 279, 1412559, 1429431, 0.48, 75, 500, 1, 11, 18750, 2.5
1, 20445, 249, 254, 255, 1375972, 1381088, 0.48, 75, 500, 1, 11, 18750, 2.5
1, 19617, 248, 252, 252, 1491389, 1491417, 0.48, 75, 500, 1, 13, 18750, 2.5
1, 19145, 238, 242, 244, 1188736, 1198298, 0.48, 75, 500, 1, 12, 18750, 2.5
1, 19517, 273, 276, 281, 1388396, 1415736, 0.48, 75, 500, 1, 12, 18750, 2.5
1, 21378, 255, 273, 274, 1413812, 1416239, 0.48, 75, 500, 1, 12, 18750, 2.5
1, 19847, 274, 277, 278, 1463857, 1469747, 0.48, 75, 500, 1, 12, 18750, 2.5
0, 24886, 248, 298, 288, 1723320, 1665100, 0.48, 75, 500, 1, 16, 18750, 2.5
1, 19350, 245, 248, 250, 1392322, 1403308, 0.48, 75, 500, 1, 12, 18750, 2.5
1, 19287, 244, 248, 248, 1482979, 1482999, 0.48, 75, 500, 1, 12, 18750, 2.5
1, 19100, 228, 231, 231, 1507968, 1508010, 0.48, 75, 500, 1, 11, 18750, 2.5
1, 19610, 275, 279, 279, 1501311, 1501436, 0.48, 75, 500, 1, 12, 18750, 2.5
1, 20270, 269, 276, 277, 1488529, 1493538, 0.48, 75, 500, 1, 11, 18750, 2.5
1, 19711, 248, 251, 257, 1454945, 1489624, 0.48, 75, 500, 1, 11, 18750, 2.5
1, 19384, 255, 258, 262, 1372184, 1393996, 0.48, 75, 500, 1, 12, 18750, 2.5
1, 19070, 241, 244, 246, 1459808, 1471375, 0.48, 75, 500, 1, 11, 18750, 2.5
1, 20840, 225, 241, 242, 1329160, 1332940, 0.48, 75, 500, 1, 12, 18750, 2.5
1, 19506, 244, 247, 249, 1452984, 1464585, 0.48, 75, 500, 1, 12, 18750, 2.5
0, 22820, 239, 277, 267, 1561824, 1503973, 0.48, 75, 500, 1, 15, 18750, 2.5
1, 19757, 240, 243, 249, 1444078, 1477908, 0.48, 75, 500, 1, 10, 18750, 2.5
1, 19164, 250, 253, 255, 1512816, 1524829, 0.48, 75, 500, 1, 11, 18750, 2.5
1, 19359, 249, 253, 254, 1490951, 1496706, 0.48, 75, 500, 1, 11, 18750, 2.5
0, 26250, 257, 316, 311, 1816759, 1789966, 0.48, 75, 500, 1, 16, 18750, 2.5
1, 19189, 254, 257, 257, 1466447, 1466507, 0.48, 75, 500, 1, 10, 18750, 2.5
1, 19095, 256, 259, 261, 1342668, 1353456, 0.48, 75, 500, 1, 12, 18750, 2.5
1, 20109, 239, 242, 248, 1509912, 1545199, 0.48, 75, 500, 1, 12, 18750, 2.5
1, 20642, 251, 264, 265, 1352601, 1355969, 0.48, 75, 500, 1, 12, 18750, 2.5
1, 19205, 291, 294, 294, 1560946, 1560973, 0.48, 75, 500, 1, 11, 18750, 2.5
1, 22697, 248, 278, 279, 1603859, 1607307, 0.48, 75, 500, 1, 14, 18750, 2.5
1, 19310, 256, 259, 261, 1409880, 1421036, 0.48, 75, 500, 1, 11, 18750, 2.5
1, 18914, 259, 262, 262, 1283113, 1283122, 0.48, 75, 500, 1, 11, 18750, 2.5
1, 19234, 236, 239, 239, 1352916, 1353020, 0.48, 75, 500, 1, 11, 18750, 2.5
1, 19406, 275, 278, 279, 1286135, 1291237, 0.48, 75, 500, 1, 12, 18750, 2.5
1, 19174, 241, 244, 245, 1485390, 1491324, 0.48, 75, 500, 1, 11, 18750, 2.5
1, 19072, 239, 242, 242, 1439479, 1439491, 0.48, 75, 500, 1, 11, 18750, 2.5
1, 19191, 259, 262, 265, 1334027, 1349905, 0.48, 75, 500, 1, 11, 18750, 2.5
1, 19164, 254, 257, 257, 1499879, 1499932, 0.48, 75, 500, 1, 11, 18750, 2.5
1, 19244, 264, 268, 268, 1437484, 1437494, 0.48, 75, 500, 1, 11, 18750, 2.5
1, 19817, 243, 246, 250, 1353127, 1374713, 0.48, 75, 500, 1, 11, 18750, 2.5
1, 19626, 256, 259, 263, 1374422, 1396015, 0.48, 75, 500, 1, 13, 18750, 2.5
1, 18930, 242, 245, 245, 1453326, 1453376, 0.48, 75, 500, 1, 11, 18750, 2.5
1, 19130, 267, 270, 273, 1359370, 1375578, 0.48, 75, 500, 1, 12, 18750, 2.5
1, 19498, 268, 271, 272, 1468319, 1474187, 0.48, 75, 500, 1, 13, 18750, 2.5
1, 19267, 252, 255, 255, 1448177, 1448199, 0.48, 75, 500, 1, 12, 18750, 2.5
1, 19406, 272, 275, 277, 1513302, 1525105, 0.48, 75, 500, 1, 13, 18750, 2.5
1, 20160, 258, 261, 266, 1413963, 1441083, 0.48, 75, 500, 1, 12, 18750, 2.5
1, 19951, 258, 263, 264, 1492736, 1498155, 0.48, 75, 500, 1, 13, 18750, 2.5
1, 19082, 269, 272, 272, 1422205, 1422251, 0.48, 75, 500, 1, 12, 18750, 2.5
1, 19316, 273, 276, 276, 1502827, 1502895, 0.48, 75, 500, 1, 13, 18750, 2.5
1, 19366, 253, 256, 256, 1542551, 1542614, 0.48, 75, 500, 1, 12, 18750, 2.5
0, 23550, 261, 296, 285, 1581189, 1520777, 0.48, 75, 500, 1, 15, 18750, 2.5
1, 19503, 251, 254, 254, 1402023, 1402108, 0.48, 75, 500, 1, 12, 18750, 2.5
1, 19234, 238, 241, 241, 1485882, 1485910, 0.48, 75, 500, 1, 10, 18750, 2.5
1, 19996, 267, 272, 272, 1532146, 1537828, 0.48, 75, 500, 1, 12, 18750, 2.5
1, 19397, 230, 233, 233, 1333807, 1333844, 0.48, 75, 500, 1, 11, 18750, 2.5
1, 19384, 240, 247, 248, 1535479, 1541280, 0.48, 75, 500, 1, 11, 18750, 2.5
1, 19576, 255, 258, 259, 1406498, 1412279, 0.48, 75, 500, 1, 11, 18750, 2.5
1, 19864, 247, 250, 251, 1458787, 1464558, 0.48, 75, 500, 1, 13, 18750, 2.5
1, 19862, 236, 244, 245, 1544916, 1550350, 0.48, 75, 500, 1, 12, 18750, 2.5
1, 19220, 248, 251, 251, 1370230, 1370337, 0.48, 75, 500, 1, 10, 18750, 2.5
1, 19461, 275, 278, 280, 1408469, 1419598, 0.48, 75, 500, 1, 12, 18750, 2.5
1, 19257, 246, 249, 249, 1394793, 1394879, 0.48, 75, 500, 1, 12, 18750, 2.5
1, 19462, 241, 244, 248, 1392701, 1414711, 0.48, 75, 500, 1, 12, 18750, 2.5
1, 19136, 270, 273, 273, 1439293, 1439301, 0.48, 75, 500, 1, 11, 18750, 2.5
1, 19816, 232, 235, 238, 1459553, 1476585, 0.48, 75, 500, 1, 12, 18750, 2.5
1, 19569, 266, 269, 269, 1351234, 1351524, 0.48, 75, 500, 1, 11, 18750, 2.5
1, 20241, 288, 297, 297, 1456563, 1461257, 0.48, 75, 500, 1, 12, 18750, 2.5
1, 19130, 251, 254, 254, 1413697, 1413744, 0.48, 75, 500, 1, 11, 18750, 2.5
0, 21011, 260, 276, 266, 1421673, 1365104, 0.48, 75, 500, 1, 12, 18750, 2.5
1, 19281, 239, 242, 245, 1525949, 1544065, 0.48, 75, 500, 1, 13, 18750, 2.5
1, 19610, 280, 283, 283, 1378540, 1378596, 0.48, 75, 500, 1, 11, 18750, 2.5
0, 21370, 260, 280, 269, 1553322, 1491569, 0.48, 75, 500, 1, 14, 18750, 2.5
1, 19205, 269, 272, 272, 1419204, 1419209, 0.48, 75, 500, 1, 12, 18750, 2.5
1, 19058, 239, 242, 242, 1496172, 1496195, 0.48, 75, 500, 1, 11, 18750, 2.5
1, 19421, 232, 235, 235, 1386059, 1386219, 0.48, 75, 500, 1, 11, 18750, 2.5
1, 20061, 257, 260, 260, 1482129, 1482337, 0.48, 75, 500, 1, 13, 18750, 2.5
1, 19684, 242, 245, 248, 1270438, 1285279, 0.48, 75, 500, 1, 11, 18750, 2.5
1, 19660, 291, 294, 301, 1405359, 1444565, 0.48, 75, 500, 1, 11, 18750, 2.5
1, 19228, 246, 249, 251, 1483772, 1495451, 0.48, 75, 500, 1, 10, 18750, 2.5
1, 19493, 258, 261, 267, 1470339, 1511493, 0.48, 75, 500, 1, 12, 18750, 2.5
1, 19636, 257, 260, 260, 1466128, 1466245, 0.48, 75, 500, 1, 11, 18750, 2.5
1, 19247, 238, 241, 244, 1449973, 1467174, 0.48, 75, 500, 1, 10, 18750, 2.5
1, 19408, 247, 250, 250, 1533983, 1534005, 0.48, 75, 500, 1, 11, 18750, 2.5
1, 19410, 234, 237, 238, 1448355, 1454147, 0.48, 75, 500, 1, 10, 18750, 2.5
1, 19071, 255, 258, 258, 1538910, 1539040, 0.48, 75, 500, 1, 10, 18750, 2.5
1, 19612, 221, 227, 228, 1434179, 1439608, 0.48, 75, 500, 1, 12, 18750, 2.5
1, 19780, 259, 262, 266, 1441883, 1464774, 0.48, 75, 500, 1, 10, 18750, 2.5
