win,ticks_elapsed,atk_start_h,pub_h,priv_h,pub_cw,priv_cw,atk_q,block_target,daa2_n_blocks,n_chains,ms_elapsed,atk_start_t,doublespend_after_n_confs
1, 7570, 122, 145, 146, 315033, 316272, 0.4, 50, 100, 1, 5, 5000, 20
1, 6855, 106, 126, 126, 332921, 333447, 0.4, 50, 100, 1, 5, 5000, 20
1, 7529, 115, 141, 141, 350923, 350948, 0.4, 50, 100, 1, 6, 5000, 20
0, 12000, 106, 221, 207, 427598, 375118, 0.4, 50, 100, 1, 13, 5000, 20
0, 12000, 106, 210, 174, 497629, 416105, 0.4, 50, 100, 1, 13, 5000, 20
0, 12000, 98, 219, 189, 414246, 357045, 0.4, 50, 100, 1, 13, 5000, 20
0, 12000, 107, 225, 172, 481514, 349756, 0.4, 50, 100, 1, 15, 5000, 20
0, 12000, 109, 201, 198, 437251, 403227, 0.4, 50, 100, 1, 14, 5000, 20
0, 12000, 108, 212, 190, 485689, 398787, 0.4, 50, 100, 1, 15, 5000, 20
0, 12000, 81, 192, 147, 518247, 431547, 0.4, 50, 100, 1, 13, 5000, 20
0, 12000, 99, 220, 181, 430382, 338560, 0.4, 50, 100, 1, 13, 5000, 20
0, 12000, 97, 220, 184, 476391, 392880, 0.4, 50, 100, 1, 14, 5000, 20
1, 6398, 90, 110, 111, 247661, 248413, 0.4, 50, 100, 1, 6, 5000, 20
1, 7305, 110, 136, 137, 310931, 311973, 0.4, 50, 100, 1, 7, 5000, 20
0, 12000, 103, 195, 172, 528052, 457874, 0.4, 50, 100, 1, 15, 5000, 20
0, 12000, 101, 207, 181, 463199, 406934, 0.4, 50, 100, 1, 15, 5000, 20
0, 12000, 109, 218, 181, 483341, 381971, 0.4, 50, 100, 1, 14, 5000, 20
0, 12000, 100, 204, 185, 457676, 404552, 0.4, 50, 100, 1, 13, 5000, 20
0, 12000, 89, 210, 162, 468247, 361436, 0.4, 50, 100, 1, 15, 5000, 20
0, 12000, 87, 195, 163, 472717, 397474, 0.4, 50, 100, 1, 13, 5000, 20
1, 6595, 96, 116, 120, 256546, 266312, 0.4, 50, 100, 1, 5, 5000, 20
0, 12000, 98, 208, 192, 427674, 378008, 0.4, 50, 100, 1, 14, 5000, 20
0, 12000, 108, 218, 179, 495626, 392691, 0.4, 50, 100, 1, 14, 5000, 20
0, 12000, 111, 224, 190, 423633, 338222, 0.4, 50, 100, 1, 15, 5000, 20
1, 7293, 115, 135, 135, 334677, 339553, 0.4, 50, 100, 1, 7, 5000, 20
0, 12000, 102, 217, 182, 460098, 372446, 0.4, 50, 100, 1, 14, 5000, 20
0, 12000, 111, 214, 174, 526766, 428195, 0.4, 50, 100, 1, 13, 5000, 20
0, 12000, 91, 185, 157, 494199, 426479, 0.4, 50, 100, 1, 16, 5000, 20
0, 12000, 84, 202, 175, 438778, 358419, 0.4, 50, 100, 1, 14, 5000, 20
0, 12000, 102, 225, 208, 436091, 393982, 0.4, 50, 100, 1, 15, 5000, 20
1, 7420, 98, 122, 124, 282042, 282534, 0.4, 50, 100, 1, 6, 5000, 20
0, 12000, 116, 216, 192, 446915, 401991, 0.4, 50, 100, 1, 14, 5000, 20
0, 12000, 116, 222, 181, 491788, 393953, 0.4, 50, 100, 1, 14, 5000, 20
1, 6954, 96, 121, 123, 261354, 261657, 0.4, 50, 100, 1, 6, 5000, 20
0, 12000, 117, 230, 200, 462729, 397644, 0.4, 50, 100, 1, 15, 5000, 20
0, 12000, 105, 202, 175, 460367, 367606, 0.4, 50, 100, 1, 14, 5000, 20
0, 12000, 87, 206, 151, 496531, 354586, 0.4, 50, 100, 1, 14, 5000, 20
0, 12000, 103, 228, 190, 469791, 363363, 0.4, 50, 100, 1, 14, 5000, 20
0, 12000, 97, 222, 182, 455718, 359848, 0.4, 50, 100, 1, 16, 5000, 20
0, 12000, 109, 221, 179, 495496, 401254, 0.4, 50, 100, 1, 14, 5000, 20
1, 6669, 99, 119, 120, 272634, 274915, 0.4, 50, 100, 1, 5, 5000, 20
0, 12000, 116, 231, 200, 453756, 370868, 0.4, 50, 100, 1, 15, 5000, 20
1, 6717, 99, 119, 120, 268138, 271877, 0.4, 50, 100, 1, 5, 5000, 20
0, 12000, 93, 214, 168, 458252, 354081, 0.4, 50, 100, 1, 14, 5000, 20
0, 12000, 93, 220, 178, 454310, 351294, 0.4, 50, 100, 1, 14, 5000, 20
0, 12000, 95, 205, 175, 462863, 374564, 0.4, 50, 100, 1, 14, 5000, 20
1, 6810, 102, 122, 123, 250825, 252997, 0.4, 50, 100, 1, 5, 5000, 20
0, 12000, 101, 212, 185, 462406, 373414, 0.4, 50, 100, 1, 14, 5000, 20
0, 12000, 102, 219, 177, 463776, 350159, 0.4, 50, 100, 1, 13, 5000, 20
0, 12000, 95, 189, 173, 403545, 359236, 0.4, 50, 100, 1, 13, 5000, 20
0, 12000, 92, 208, 175, 496861, 382873, 0.4, 50, 100, 1, 14, 5000, 20
0, 12000, 100, 198, 162, 437690, 366928, 0.4, 50, 100, 1, 15, 5000, 20
0, 12000, 107, 225, 196, 461282, 366058, 0.4, 50, 100, 1, 13, 5000, 20
0, 12000, 107, 210, 186, 495893, 425904, 0.4, 50, 100, 1, 14, 5000, 20
1, 7505, 100, 120, 123, 301747, 308471, 0.4, 50, 100, 1, 6, 5000, 20
0, 12000, 109, 215, 181, 452039, 354441, 0.4, 50, 100, 1, 14, 5000, 20
0, 12000, 110, 222, 197, 436982, 366799, 0.4, 50, 100, 1, 14, 5000, 20
0, 12000, 95, 201, 184, 454874, 408507, 0.4, 50, 100, 1, 14, 5000, 20
0, 12000, 100, 218, 197, 435316, 362580, 0.4, 50, 100, 1, 14, 5000, 20
0, 12000, 101, 217, 192, 455245, 371971, 0.4, 50, 100, 1, 13, 5000, 20
0, 12000, 104, 204, 201, 464369, 424433, 0.4, 50, 100, 1, 14, 5000, 20
0, 12000, 89, 207, 184, 468582, 391374, 0.4, 50, 100, 1, 14, 5000, 20
0, 12000, 115, 224, 198, 463536, 391407, 0.4, 50, 100, 1, 15, 5000, 20
0, 12000, 96, 207, 183, 427675, 376140, 0.4, 50, 100, 1, 15, 5000, 20
0, 12000, 89, 194, 171, 471683, 392734, 0.4, 50, 100, 1, 13, 5000, 20
0, 12000, 94, 194, 175, 503192, 444834, 0.4, 50, 100, 1, 15, 5000, 20
0, 12000, 106, 197, 170, 387861, 328996, 0.4, 50, 100, 1, 14, 5000, 20
1, 6925, 105, 125, 125, 292639, 294646, 0.4, 50, 100, 1, 5, 5000, 20
0, 12000, 94, 224, 192, 463588, 360062, 0.4, 50, 100, 1, 14, 5000, 20
0, 12000, 101, 215, 189, 496430, 400155, 0.4, 50, 100, 1, 15, 5000, 20
0, 12000, 104, 204, 162, 518535, 411723, 0.4, 50, 100, 1, 14, 5000, 20
0, 12000, 84, 198, 178, 467095, 405072, 0.4, 50, 100, 1, 15, 5000, 20
0, 12000, 86, 202, 177, 446163, 382991, 0.4, 50, 100, 1, 15, 5000, 20
1, 7645, 113, 133, 138, 328982, 345341, 0.4, 50, 100, 1, 7, 5000, 20
0, 12000, 115, 236, 210, 444953, 365797, 0.4, 50, 100, 1, 14, 5000, 20
1, 8615, 108, 143, 147, 361016, 362098, 0.4, 50, 100, 1, 8, 5000, 20
0, 12000, 111, 219, 197, 433170, 375562, 0.4, 50, 100, 1, 15, 5000, 20
0, 12000, 93, 207, 174, 463982, 373702, 0.4, 50, 100, 1, 13, 5000, 20
1, 6964, 104, 124, 130, 275934, 287864, 0.4, 50, 100, 1, 5, 5000, 20
0, 12000, 102, 215, 170, 455504, 367438, 0.4, 50, 100, 1, 15, 5000, 20
0, 12000, 90, 215, 185, 416992, 337722, 0.4, 50, 100, 1, 14, 5000, 20
0, 12000, 93, 194, 167, 451554, 390185, 0.4, 50, 100, 1, 14, 5000, 20
0, 12000, 113, 228, 196, 425287, 339934, 0.4, 50, 100, 1, 14, 5000, 20
1, 7114, 101, 124, 125, 333660, 334030, 0.4, 50, 100, 1, 6, 5000, 20
0, 12000, 106, 213, 181, 454671, 376747, 0.4, 50, 100, 1, 14, 5000, 20
0, 12000, 94, 207, 174, 488070, 394828, 0.4, 50, 100, 1, 13, 5000, 20
1, 7125, 103, 126, 126, 304443, 305180, 0.4, 50, 100, 1, 6, 5000, 20
0, 12000, 98, 211, 165, 497070, 401830, 0.4, 50, 100, 1, 13, 5000, 20
0, 12000, 91, 218, 184, 442904, 358301, 0.4, 50, 100, 1, 14, 5000, 20
0, 12000, 109, 196, 180, 494733, 450516, 0.4, 50, 100, 1, 13, 5000, 20
0, 12000, 109, 216, 189, 494039, 410689, 0.4, 50, 100, 1, 12, 5000, 20
0, 12000, 104, 207, 175, 507298, 442916, 0.4, 50, 100, 1, 13, 5000, 20
0, 12000, 96, 207, 175, 459124, 393619, 0.4, 50, 100, 1, 12, 5000, 20
0, 12000, 116, 225, 211, 437586, 397692, 0.4, 50, 100, 1, 14, 5000, 20
0, 12000, 107, 201, 181, 489092, 437097, 0.4, 50, 100, 1, 13, 5000, 20
0, 12000, 93, 211, 174, 411070, 339435, 0.4, 50, 100, 1, 13, 5000, 20
0, 12000, 95, 218, 186, 462877, 383001, 0.4, 50, 100, 1, 14, 5000, 20
0, 12000, 109, 224, 190, 475403, 391202, 0.4, 50, 100, 1, 13, 5000, 20
0, 12000, 95, 193, 157, 509649, 401752, 0.4, 50, 100, 1, 12, 5000, 20
0, 12000, 105, 217, 193, 422093, 365154, 0.4, 50, 100, 1, 15, 5000, 20
1, 6997, 114, 134, 135, 549979, 552032, 0.4, 50, 100, 2, 11, 5000, 20
0, 12000, 100, 226, 186, 940431, 734980, 0.4, 50, 100, 2, 22, 5000, 20
0, 12000, 112, 212, 190, 899996, 763779, 0.4, 50, 100, 2, 24, 5000, 20
0, 12000, 101, 220, 189, 875386, 776585, 0.4, 50, 100, 2, 24, 5000, 20
0, 12000, 95, 229, 182, 957416, 728811, 0.4, 50, 100, 2, 25, 5000, 20
1, 6784, 99, 119, 122, 538338, 539828, 0.4, 50, 100, 2, 12, 5000, 20
0, 12000, 103, 214, 184, 895437, 746931, 0.4, 50, 100, 2, 25, 5000, 20
0, 12000, 103, 208, 188, 914617, 813246, 0.4, 50, 100, 2, 26, 5000, 20
0, 12000, 100, 220, 176, 942091, 736247, 0.4, 50, 100, 2, 29, 5000, 20
0, 12000, 117, 208, 196, 923416, 856342, 0.4, 50, 100, 2, 24, 5000, 20
0, 12000, 104, 217, 205, 948319, 833721, 0.4, 50, 100, 2, 25, 5000, 20
0, 12000, 96, 204, 164, 892281, 765678, 0.4, 50, 100, 2, 26, 5000, 20
0, 12000, 84, 186, 166, 978209, 864116, 0.4, 50, 100, 2, 24, 5000, 20
0, 12000, 106, 215, 197, 918142, 761469, 0.4, 50, 100, 2, 25, 5000, 20
0, 12000, 110, 208, 187, 927831, 720217, 0.4, 50, 100, 2, 27, 5000, 20
0, 12000, 95, 206, 166, 854435, 711712, 0.4, 50, 100, 2, 26, 5000, 20
0, 12000, 105, 213, 183, 915262, 787423, 0.4, 50, 100, 2, 26, 5000, 20
0, 12000, 87, 149, 149, 921304, 867381, 0.4, 50, 100, 2, 29, 5000, 20
0, 12000, 102, 211, 181, 909646, 806267, 0.4, 50, 100, 2, 26, 5000, 20
0, 12000, 101, 221, 187, 863130, 741174, 0.4, 50, 100, 2, 29, 5000, 20
0, 12000, 107, 215, 193, 845570, 739995, 0.4, 50, 100, 2, 30, 5000, 20
0, 12000, 97, 214, 168, 957588, 776302, 0.4, 50, 100, 2, 29, 5000, 20
0, 12000, 101, 219, 182, 926574, 758054, 0.4, 50, 100, 2, 29, 5000, 20
0, 12000, 94, 213, 177, 864617, 693984, 0.4, 50, 100, 2, 31, 5000, 20
0, 12000, 97, 201, 176, 906041, 763292, 0.4, 50, 100, 2, 28, 5000, 20
0, 12000, 89, 212, 181, 876815, 724340, 0.4, 50, 100, 2, 28, 5000, 20
0, 12000, 105, 212, 184, 895281, 743205, 0.4, 50, 100, 2, 34, 5000, 20
0, 12000, 101, 213, 197, 881742, 793617, 0.4, 50, 100, 2, 28, 5000, 20
0, 12000, 94, 205, 199, 968829, 869086, 0.4, 50, 100, 2, 27, 5000, 20
0, 12000, 117, 224, 207, 912429, 824394, 0.4, 50, 100, 2, 29, 5000, 20
0, 12000, 99, 218, 193, 958770, 787809, 0.4, 50, 100, 2, 27, 5000, 20
0, 12000, 95, 191, 180, 920340, 810039, 0.4, 50, 100, 2, 30, 5000, 20
0, 12000, 96, 215, 184, 916130, 743672, 0.4, 50, 100, 2, 32, 5000, 20
0, 12000, 111, 213, 191, 872978, 775562, 0.4, 50, 100, 2, 29, 5000, 20
0, 12000, 112, 225, 209, 913471, 747352, 0.4, 50, 100, 2, 31, 5000, 20
1, 6279, 100, 120, 117, 459529, 463045, 0.4, 50, 100, 2, 10, 5000, 20
0, 12000, 116, 217, 193, 876336, 697646, 0.4, 50, 100, 2, 28, 5000, 20
0, 12000, 85, 202, 198, 832614, 746552, 0.4, 50, 100, 2, 31, 5000, 20
0, 12000, 106, 202, 183, 841945, 733320, 0.4, 50, 100, 2, 29, 5000, 20
0, 12000, 109, 212, 184, 949388, 838258, 0.4, 50, 100, 2, 29, 5000, 20
0, 12000, 94, 206, 169, 996369, 758213, 0.4, 50, 100, 2, 30, 5000, 20
0, 12000, 112, 220, 197, 885085, 762588, 0.4, 50, 100, 2, 29, 5000, 20
0, 12000, 109, 212, 175, 963234, 780695, 0.4, 50, 100, 2, 26, 5000, 20
0, 12000, 98, 211, 186, 859304, 724736, 0.4, 50, 100, 2, 38, 5000, 20
0, 12000, 67, 170, 127, 1028308, 813647, 0.4, 50, 100, 2, 28, 5000, 20
0, 12000, 98, 200, 181, 919787, 794065, 0.4, 50, 100, 2, 27, 5000, 20
0, 12000, 103, 231, 199, 986149, 741883, 0.4, 50, 100, 2, 29, 5000, 20
0, 12000, 111, 219, 199, 916973, 826939, 0.4, 50, 100, 2, 28, 5000, 20
0, 12000, 100, 211, 178, 933000, 764889, 0.4, 50, 100, 2, 30, 5000, 20
0, 12000, 111, 224, 190, 908140, 766927, 0.4, 50, 100, 2, 31, 5000, 20
0, 12000, 111, 222, 196, 852002, 762888, 0.4, 50, 100, 2, 33, 5000, 20
0, 12000, 96, 203, 180, 902624, 775516, 0.4, 50, 100, 2, 30, 5000, 20
0, 12000, 107, 213, 164, 917853, 732292, 0.4, 50, 100, 2, 31, 5000, 20
0, 12000, 101, 227, 182, 971749, 776105, 0.4, 50, 100, 2, 31, 5000, 20
0, 12000, 100, 207, 177, 954426, 809513, 0.4, 50, 100, 2, 29, 5000, 20
0, 12000, 121, 217, 203, 868254, 763981, 0.4, 50, 100, 2, 30, 5000, 20
0, 12000, 123, 241, 206, 852641, 756568, 0.4, 50, 100, 2, 28, 5000, 20
0, 12000, 104, 219, 192, 978888, 762625, 0.4, 50, 100, 2, 32, 5000, 20
1, 7462, 108, 128, 129, 602385, 611696, 0.4, 50, 100, 2, 14, 5000, 20
0, 12000, 93, 206, 166, 906498, 742585, 0.4, 50, 100, 2, 29, 5000, 20
0, 12000, 97, 212, 177, 850429, 712075, 0.4, 50, 100, 2, 31, 5000, 20
0, 12000, 92, 193, 172, 832836, 720710, 0.4, 50, 100, 2, 34, 5000, 20
0, 12000, 114, 220, 192, 923836, 769029, 0.4, 50, 100, 2, 30, 5000, 20
0, 12000, 105, 202, 177, 956313, 834510, 0.4, 50, 100, 2, 28, 5000, 20
0, 12000, 113, 215, 186, 881358, 777395, 0.4, 50, 100, 2, 28, 5000, 20
0, 12000, 104, 206, 192, 926334, 825882, 0.4, 50, 100, 2, 34, 5000, 20
0, 12000, 110, 221, 191, 947146, 796131, 0.4, 50, 100, 2, 29, 5000, 20
0, 12000, 101, 211, 185, 877019, 726506, 0.4, 50, 100, 2, 31, 5000, 20
1, 7163, 111, 131, 126, 597805, 602145, 0.4, 50, 100, 2, 13, 5000, 20
0, 12000, 103, 209, 187, 898226, 784907, 0.4, 50, 100, 2, 27, 5000, 20
0, 12000, 100, 224, 189, 1002527, 859388, 0.4, 50, 100, 2, 27, 5000, 20
0, 12000, 109, 214, 174, 812052, 687806, 0.4, 50, 100, 2, 31, 5000, 20
0, 12000, 97, 195, 165, 952810, 847924, 0.4, 50, 100, 2, 29, 5000, 20
0, 12000, 104, 216, 179, 918795, 764837, 0.4, 50, 100, 2, 30, 5000, 20
0, 12000, 105, 212, 187, 949149, 809963, 0.4, 50, 100, 2, 28, 5000, 20
0, 12000, 121, 235, 193, 847614, 688038, 0.4, 50, 100, 2, 29, 5000, 20
0, 12000, 97, 197, 190, 894881, 833673, 0.4, 50, 100, 2, 31, 5000, 20
0, 12000, 87, 199, 161, 919032, 733621, 0.4, 50, 100, 2, 29, 5000, 20
0, 12000, 99, 220, 178, 858005, 702634, 0.4, 50, 100, 2, 27, 5000, 20
0, 12000, 97, 215, 191, 923653, 768310, 0.4, 50, 100, 2, 32, 5000, 20
0, 12000, 100, 224, 198, 890528, 745257, 0.4, 50, 100, 2, 29, 5000, 20
0, 12000, 98, 214, 190, 871245, 748613, 0.4, 50, 100, 2, 35, 5000, 20
0, 12000, 103, 222, 189, 928822, 783215, 0.4, 50, 100, 2, 31, 5000, 20
0, 12000, 99, 230, 185, 936596, 705436, 0.4, 50, 100, 2, 28, 5000, 20
1, 6694, 116, 136, 133, 584742, 587606, 0.4, 50, 100, 2, 15, 5000, 20
0, 12000, 105, 220, 183, 933088, 758384, 0.4, 50, 100, 2, 29, 5000, 20
0, 12000, 112, 229, 201, 876344, 747554, 0.4, 50, 100, 2, 28, 5000, 20
0, 12000, 102, 219, 187, 914834, 741894, 0.4, 50, 100, 2, 38, 5000, 20
0, 12000, 107, 212, 182, 897887, 786633, 0.4, 50, 100, 2, 31, 5000, 20
0, 12000, 102, 212, 183, 962870, 770339, 0.4, 50, 100, 2, 27, 5000, 20
0, 12000, 106, 205, 175, 949706, 815337, 0.4, 50, 100, 2, 28, 5000, 20
0, 12000, 94, 199, 180, 896126, 757175, 0.4, 50, 100, 2, 31, 5000, 20
0, 12000, 93, 208, 182, 914019, 785908, 0.4, 50, 100, 2, 30, 5000, 20
0, 12000, 95, 219, 182, 915902, 785350, 0.4, 50, 100, 2, 28, 5000, 20
0, 12000, 88, 198, 169, 910596, 743678, 0.4, 50, 100, 2, 31, 5000, 20
0, 12000, 99, 207, 176, 907803, 778070, 0.4, 50, 100, 2, 34, 5000, 20
0, 12000, 96, 196, 188, 905802, 821590, 0.4, 50, 100, 2, 34, 5000, 20
0, 12000, 90, 214, 192, 885066, 780433, 0.4, 50, 100, 2, 33, 5000, 20
0, 12000, 93, 201, 192, 817523, 743688, 0.4, 50, 100, 2, 37, 5000, 20
0, 12000, 102, 203, 185, 935352, 829098, 0.4, 50, 100, 2, 37, 5000, 20
0, 12000, 109, 220, 188, 1285299, 1096420, 0.4, 50, 100, 3, 52, 5000, 20
0, 12000, 95, 192, 174, 1315170, 1191364, 0.4, 50, 100, 3, 47, 5000, 20
0, 12000, 94, 193, 190, 1281469, 1081531, 0.4, 50, 100, 3, 47, 5000, 20
0, 12000, 117, 215, 179, 1323220, 1169125, 0.4, 50, 100, 3, 51, 5000, 20
0, 12000, 110, 223, 194, 1342953, 1085596, 0.4, 50, 100, 3, 56, 5000, 20
0, 12000, 101, 203, 191, 1353183, 1222973, 0.4, 50, 100, 3, 53, 5000, 20
0, 12000, 107, 205, 188, 1454423, 1233072, 0.4, 50, 100, 3, 44, 5000, 20
0, 12000, 118, 226, 194, 1392955, 1188982, 0.4, 50, 100, 3, 58, 5000, 20
0, 12000, 88, 197, 154, 1432824, 1205532, 0.4, 50, 100, 3, 57, 5000, 20
0, 12000, 106, 203, 168, 1444639, 1207806, 0.4, 50, 100, 3, 54, 5000, 20
0, 12000, 103, 205, 169, 1429174, 1159241, 0.4, 50, 100, 3, 52, 5000, 20
0, 12000, 99, 212, 175, 1354440, 1152598, 0.4, 50, 100, 3, 52, 5000, 20
0, 12000, 97, 223, 183, 1315461, 1048463, 0.4, 50, 100, 3, 56, 5000, 20
0, 12000, 101, 189, 169, 1433463, 1196607, 0.4, 50, 100, 3, 46, 5000, 20
0, 12000, 118, 224, 182, 1474619, 1183033, 0.4, 50, 100, 3, 49, 5000, 20
0, 12000, 104, 213, 176, 1364393, 1205495, 0.4, 50, 100, 3, 49, 5000, 20
0, 12000, 95, 180, 181, 1387887, 1215097, 0.4, 50, 100, 3, 46, 5000, 20
0, 12000, 103, 215, 200, 1332908, 1150407, 0.4, 50, 100, 3, 49, 5000, 20
0, 12000, 109, 209, 177, 1465186, 1175506, 0.4, 50, 100, 3, 45, 5000, 20
0, 12000, 78, 172, 150, 1439704, 1204969, 0.4, 50, 100, 3, 52, 5000, 20
0, 12000, 107, 223, 197, 1314746, 1120608, 0.4, 50, 100, 3, 41, 5000, 20
0, 12000, 99, 216, 186, 1412346, 1168045, 0.4, 50, 100, 3, 45, 5000, 20
0, 12000, 97, 219, 185, 1384344, 1122213, 0.4, 50, 100, 3, 49, 5000, 20
0, 12000, 97, 190, 172, 1432781, 1209770, 0.4, 50, 100, 3, 55, 5000, 20
0, 12000, 114, 206, 176, 1396646, 1201733, 0.4, 50, 100, 3, 53, 5000, 20
0, 12000, 88, 208, 191, 1318497, 1094137, 0.4, 50, 100, 3, 47, 5000, 20
0, 12000, 90, 216, 171, 1340199, 1113201, 0.4, 50, 100, 3, 63, 5000, 20
0, 12000, 105, 218, 180, 1288869, 1085805, 0.4, 50, 100, 3, 45, 5000, 20
0, 12000, 103, 213, 178, 1368577, 1193154, 0.4, 50, 100, 3, 55, 5000, 20
0, 12000, 101, 205, 187, 1315605, 1147597, 0.4, 50, 100, 3, 51, 5000, 20
0, 12000, 98, 202, 186, 1439123, 1246699, 0.4, 50, 100, 3, 52, 5000, 20
0, 12000, 104, 204, 176, 1372050, 1135541, 0.4, 50, 100, 3, 53, 5000, 20
0, 12000, 83, 193, 160, 1444484, 1251434, 0.4, 50, 100, 3, 57, 5000, 20
0, 12000, 80, 188, 169, 1401205, 1175373, 0.4, 50, 100, 3, 51, 5000, 20
0, 12000, 98, 216, 191, 1347604, 1119023, 0.4, 50, 100, 3, 46, 5000, 20
0, 12000, 100, 198, 181, 1371562, 1221404, 0.4, 50, 100, 3, 49, 5000, 20
0, 12000, 111, 225, 185, 1403042, 1214087, 0.4, 50, 100, 3, 47, 5000, 20
0, 12000, 91, 193, 178, 1346652, 1158847, 0.4, 50, 100, 3, 52, 5000, 20
0, 12000, 96, 211, 184, 1374128, 1174584, 0.4, 50, 100, 3, 58, 5000, 20
0, 12000, 89, 203, 162, 1394240, 1161134, 0.4, 50, 100, 3, 47, 5000, 20
0, 12000, 88, 220, 189, 1304503, 1067305, 0.4, 50, 100, 3, 55, 5000, 20
0, 12000, 101, 196, 166, 1416655, 1127162, 0.4, 50, 100, 3, 49, 5000, 20
0, 12000, 100, 220, 175, 1339906, 1123861, 0.4, 50, 100, 3, 52, 5000, 20
0, 12000, 108, 215, 187, 1240547, 1036277, 0.4, 50, 100, 3, 50, 5000, 20
0, 12000, 91, 211, 173, 1470490, 1191625, 0.4, 50, 100, 3, 50, 5000, 20
0, 12000, 118, 215, 197, 1401245, 1139283, 0.4, 50, 100, 3, 54, 5000, 20
0, 12000, 107, 201, 194, 1444114, 1227833, 0.4, 50, 100, 3, 51, 5000, 20
0, 12000, 99, 215, 171, 1458709, 1188110, 0.4, 50, 100, 3, 48, 5000, 20
0, 12000, 98, 196, 167, 1373512, 1214595, 0.4, 50, 100, 3, 47, 5000, 20
0, 12000, 94, 205, 169, 1435012, 1259290, 0.4, 50, 100, 3, 54, 5000, 20
0, 12000, 117, 220, 201, 1391240, 1198894, 0.4, 50, 100, 3, 47, 5000, 20
0, 12000, 114, 207, 200, 1383119, 1203061, 0.4, 50, 100, 3, 54, 5000, 20
0, 12000, 112, 223, 192, 1441677, 1235825, 0.4, 50, 100, 3, 49, 5000, 20
0, 12000, 102, 231, 182, 1426671, 1162548, 0.4, 50, 100, 3, 46, 5000, 20
0, 12000, 106, 219, 193, 1339859, 1206810, 0.4, 50, 100, 3, 48, 5000, 20
0, 12000, 95, 214, 178, 1385030, 1186892, 0.4, 50, 100, 3, 53, 5000, 20
0, 12000, 95, 190, 181, 1437832, 1236946, 0.4, 50, 100, 3, 46, 5000, 20
0, 12000, 114, 225, 192, 1316730, 1070942, 0.4, 50, 100, 3, 43, 5000, 20
0, 12000, 96, 206, 189, 1455345, 1308176, 0.4, 50, 100, 3, 46, 5000, 20
0, 12000, 96, 195, 155, 1391573, 1227715, 0.4, 50, 100, 3, 64, 5000, 20
0, 12000, 90, 196, 195, 1398387, 1168887, 0.4, 50, 100, 3, 47, 5000, 20
0, 12000, 98, 186, 180, 1364380, 1198879, 0.4, 50, 100, 3, 54, 5000, 20
0, 12000, 95, 219, 183, 1506574, 1261046, 0.4, 50, 100, 3, 46, 5000, 20
0, 12000, 102, 225, 210, 1374162, 1170611, 0.4, 50, 100, 3, 46, 5000, 20
0, 12000, 98, 211, 178, 1351074, 1137328, 0.4, 50, 100, 3, 46, 5000, 20
0, 12000, 104, 199, 178, 1346512, 1175216, 0.4, 50, 100, 3, 46, 5000, 20
0, 12000, 99, 213, 176, 1378136, 1204407, 0.4, 50, 100, 3, 44, 5000, 20
0, 12000, 103, 208, 175, 1390269, 1191078, 0.4, 50, 100, 3, 47, 5000, 20
0, 12000, 100, 223, 176, 1400594, 1178862, 0.4, 50, 100, 3, 46, 5000, 20
0, 12000, 94, 201, 175, 1243123, 1067751, 0.4, 50, 100, 3, 45, 5000, 20
0, 12000, 98, 222, 194, 1357217, 1192845, 0.4, 50, 100, 3, 52, 5000, 20
0, 12000, 92, 205, 175, 1322019, 1144681, 0.4, 50, 100, 3, 45, 5000, 20
0, 12000, 115, 223, 193, 1276142, 1158023, 0.4, 50, 100, 3, 48, 5000, 20
0, 12000, 107, 206, 196, 1341864, 1183559, 0.4, 50, 100, 3, 49, 5000, 20
0, 12000, 97, 213, 183, 1449322, 1200960, 0.4, 50, 100, 3, 49, 5000, 20
0, 12000, 90, 203, 172, 1340197, 1111903, 0.4, 50, 100, 3, 43, 5000, 20
0, 12000, 91, 213, 188, 1323779, 1089261, 0.4, 50, 100, 3, 49, 5000, 20
0, 12000, 88, 192, 171, 1310725, 1113093, 0.4, 50, 100, 3, 56, 5000, 20
0, 12000, 106, 219, 204, 1291335, 1114600, 0.4, 50, 100, 3, 47, 5000, 20
0, 12000, 99, 207, 186, 1406713, 1274271, 0.4, 50, 100, 3, 51, 5000, 20
0, 12000, 103, 215, 188, 1420132, 1183494, 0.4, 50, 100, 3, 48, 5000, 20
0, 12000, 104, 217, 195, 1326263, 1125187, 0.4, 50, 100, 3, 49, 5000, 20
0, 12000, 94, 205, 184, 1271526, 1134592, 0.4, 50, 100, 3, 46, 5000, 20
0, 12000, 113, 212, 182, 1373059, 1134308, 0.4, 50, 100, 3, 47, 5000, 20
0, 12000, 103, 220, 195, 1335012, 1035586, 0.4, 50, 100, 3, 49, 5000, 20
0, 12000, 101, 191, 181, 1302739, 1241543, 0.4, 50, 100, 3, 52, 5000, 20
0, 12000, 87, 194, 178, 1398426, 1193879, 0.4, 50, 100, 3, 48, 5000, 20
0, 12000, 87, 188, 156, 1283077, 1138878, 0.4, 50, 100, 3, 42, 5000, 20
0, 12000, 93, 188, 173, 1420384, 1173452, 0.4, 50, 100, 3, 50, 5000, 20
0, 12000, 126, 227, 199, 1320647, 1076108, 0.4, 50, 100, 3, 53, 5000, 20
0, 12000, 108, 211, 186, 1487133, 1257272, 0.4, 50, 100, 3, 47, 5000, 20
0, 12000, 92, 198, 169, 1329752, 1096720, 0.4, 50, 100, 3, 47, 5000, 20
0, 12000, 104, 215, 197, 1309245, 1065698, 0.4, 50, 100, 3, 47, 5000, 20
0, 12000, 109, 222, 188, 1325750, 1136404, 0.4, 50, 100, 3, 56, 5000, 20
0, 12000, 112, 230, 199, 1413123, 1073311, 0.4, 50, 100, 3, 51, 5000, 20
0, 12000, 92, 198, 181, 1382059, 1238579, 0.4, 50, 100, 3, 49, 5000, 20
0, 12000, 95, 190, 153, 1310168, 1142867, 0.4, 50, 100, 3, 47, 5000, 20
0, 12000, 127, 225, 194, 1364123, 1201747, 0.4, 50, 100, 3, 57, 5000, 20
0, 12000, 100, 209, 191, 1351874, 1172191, 0.4, 50, 100, 3, 49, 5000, 20
0, 12000, 94, 205, 157, 1318135, 1055653, 0.4, 50, 100, 3, 59, 5000, 20
0, 12000, 102, 217, 189, 1790296, 1519343, 0.4, 50, 100, 4, 59, 5000, 20
0, 12000, 112, 214, 192, 1710808, 1436952, 0.4, 50, 100, 4, 69, 5000, 20
0, 12000, 108, 217, 180, 1810740, 1541762, 0.4, 50, 100, 4, 70, 5000, 20
0, 12000, 95, 189, 165, 1780110, 1507838, 0.4, 50, 100, 4, 73, 5000, 20
0, 12000, 102, 214, 190, 1781467, 1542769, 0.4, 50, 100, 4, 68, 5000, 20
0, 12000, 98, 232, 200, 1807911, 1516214, 0.4, 50, 100, 4, 68, 5000, 20
0, 12000, 102, 209, 184, 1716213, 1504411, 0.4, 50, 100, 4, 73, 5000, 20
0, 12000, 101, 213, 175, 1833308, 1508140, 0.4, 50, 100, 4, 65, 5000, 20
0, 12000, 91, 210, 158, 1948313, 1588921, 0.4, 50, 100, 4, 65, 5000, 20
0, 12000, 119, 221, 198, 1734657, 1459974, 0.4, 50, 100, 4, 66, 5000, 20
0, 12000, 96, 221, 183, 1903676, 1574881, 0.4, 50, 100, 4, 65, 5000, 20
0, 12000, 98, 209, 164, 1908157, 1615436, 0.4, 50, 100, 4, 66, 5000, 20
0, 12000, 95, 214, 193, 1767491, 1486432, 0.4, 50, 100, 4, 81, 5000, 20
0, 12000, 107, 203, 195, 1718950, 1511804, 0.4, 50, 100, 4, 70, 5000, 20
0, 12000, 92, 213, 158, 1939251, 1562375, 0.4, 50, 100, 4, 60, 5000, 20
0, 12000, 108, 209, 180, 1883343, 1587849, 0.4, 50, 100, 4, 76, 5000, 20
0, 12000, 100, 222, 179, 1823529, 1535898, 0.4, 50, 100, 4, 93, 5000, 20
0, 12000, 98, 219, 185, 1738223, 1426550, 0.4, 50, 100, 4, 70, 5000, 20
0, 12000, 88, 219, 183, 1987113, 1617503, 0.4, 50, 100, 4, 79, 5000, 20
0, 12000, 111, 225, 200, 1759192, 1495721, 0.4, 50, 100, 4, 55, 5000, 20
0, 12000, 105, 233, 185, 1787749, 1491745, 0.4, 50, 100, 4, 61, 5000, 20
0, 12000, 105, 214, 163, 1817062, 1519994, 0.4, 50, 100, 4, 71, 5000, 20
0, 12000, 90, 205, 177, 1776903, 1489294, 0.4, 50, 100, 4, 75, 5000, 20
0, 12000, 118, 223, 210, 1878389, 1541820, 0.4, 50, 100, 4, 71, 5000, 20
0, 12000, 114, 227, 205, 1840892, 1577026, 0.4, 50, 100, 4, 66, 5000, 20
0, 12000, 104, 216, 174, 1870415, 1581772, 0.4, 50, 100, 4, 69, 5000, 20
0, 12000, 100, 216, 179, 1938990, 1587123, 0.4, 50, 100, 4, 75, 5000, 20
0, 12000, 108, 220, 196, 1799378, 1589736, 0.4, 50, 100, 4, 78, 5000, 20
0, 12000, 113, 214, 204, 1867000, 1550685, 0.4, 50, 100, 4, 72, 5000, 20
0, 12000, 107, 217, 186, 1893380, 1619425, 0.4, 50, 100, 4, 53, 5000, 20
0, 12000, 102, 202, 169, 1748171, 1495757, 0.4, 50, 100, 4, 70, 5000, 20
0, 12000, 93, 193, 171, 1751339, 1503664, 0.4, 50, 100, 4, 57, 5000, 20
0, 12000, 95, 209, 177, 1786369, 1480101, 0.4, 50, 100, 4, 58, 5000, 20
0, 12000, 96, 204, 177, 1779531, 1535840, 0.4, 50, 100, 4, 65, 5000, 20
0, 12000, 101, 210, 184, 1796342, 1582971, 0.4, 50, 100, 4, 59, 5000, 20
0, 12000, 98, 226, 174, 1832464, 1499495, 0.4, 50, 100, 4, 58, 5000, 20
0, 12000, 106, 212, 183, 1954602, 1632554, 0.4, 50, 100, 4, 50, 5000, 20
0, 12000, 94, 211, 170, 1737512, 1491846, 0.4, 50, 100, 4, 61, 5000, 20
0, 12000, 97, 225, 180, 1735595, 1438294, 0.4, 50, 100, 4, 65, 5000, 20
0, 12000, 96, 217, 191, 1721701, 1477462, 0.4, 50, 100, 4, 60, 5000, 20
0, 12000, 107, 224, 183, 1770564, 1458893, 0.4, 50, 100, 4, 53, 5000, 20
0, 12000, 107, 227, 207, 1873019, 1604387, 0.4, 50, 100, 4, 65, 5000, 20
0, 12000, 111, 208, 182, 1896599, 1651145, 0.4, 50, 100, 4, 67, 5000, 20
0, 12000, 101, 223, 181, 1846313, 1601406, 0.4, 50, 100, 4, 65, 5000, 20
0, 12000, 99, 196, 183, 1771738, 1563701, 0.4, 50, 100, 4, 61, 5000, 20
0, 12000, 95, 196, 161, 1812369, 1571753, 0.4, 50, 100, 4, 68, 5000, 20
0, 12000, 98, 201, 165, 1785278, 1498367, 0.4, 50, 100, 4, 54, 5000, 20
0, 12000, 117, 223, 195, 1742423, 1499350, 0.4, 50, 100, 4, 58, 5000, 20
0, 12000, 92, 228, 176, 1893800, 1546937, 0.4, 50, 100, 4, 57, 5000, 20
0, 12000, 108, 195, 188, 1848699, 1551039, 0.4, 50, 100, 4, 62, 5000, 20
0, 12000, 102, 198, 188, 1723284, 1549495, 0.4, 50, 100, 4, 71, 5000, 20
0, 12000, 110, 220, 178, 1845963, 1507395, 0.4, 50, 100, 4, 63, 5000, 20
0, 12000, 101, 208, 178, 1733538, 1408822, 0.4, 50, 100, 4, 61, 5000, 20
0, 12000, 95, 209, 178, 1704508, 1498285, 0.4, 50, 100, 4, 57, 5000, 20
0, 12000, 107, 207, 189, 1774634, 1553918, 0.4, 50, 100, 4, 57, 5000, 20
0, 12000, 98, 207, 176, 1896804, 1591122, 0.4, 50, 100, 4, 55, 5000, 20
0, 12000, 88, 208, 179, 1805397, 1516004, 0.4, 50, 100, 4, 68, 5000, 20
0, 12000, 126, 232, 211, 1901474, 1594666, 0.4, 50, 100, 4, 54, 5000, 20
0, 12000, 95, 209, 176, 1801261, 1496216, 0.4, 50, 100, 4, 51, 5000, 20
0, 12000, 107, 224, 195, 1830580, 1492632, 0.4, 50, 100, 4, 62, 5000, 20
0, 12000, 94, 196, 174, 1750593, 1506231, 0.4, 50, 100, 4, 52, 5000, 20
0, 12000, 94, 224, 166, 1967055, 1506555, 0.4, 50, 100, 4, 49, 5000, 20
0, 12000, 96, 202, 169, 1810727, 1571005, 0.4, 50, 100, 4, 52, 5000, 20
0, 12000, 87, 202, 177, 1665917, 1523844, 0.4, 50, 100, 4, 54, 5000, 20
0, 12000, 108, 209, 177, 1726634, 1537144, 0.4, 50, 100, 4, 66, 5000, 20
0, 12000, 99, 209, 184, 1935758, 1509747, 0.4, 50, 100, 4, 56, 5000, 20
0, 12000, 114, 204, 192, 1821429, 1595643, 0.4, 50, 100, 4, 59, 5000, 20
0, 12000, 81, 193, 157, 1777708, 1511193, 0.4, 50, 100, 4, 57, 5000, 20
0, 12000, 89, 195, 183, 1807342, 1504088, 0.4, 50, 100, 4, 53, 5000, 20
0, 12000, 91, 203, 166, 1760778, 1483940, 0.4, 50, 100, 4, 62, 5000, 20
0, 12000, 99, 220, 185, 1893452, 1607831, 0.4, 50, 100, 4, 57, 5000, 20
0, 12000, 103, 217, 204, 1840831, 1583395, 0.4, 50, 100, 4, 60, 5000, 20
0, 12000, 106, 233, 196, 1815851, 1564112, 0.4, 50, 100, 4, 58, 5000, 20
0, 12000, 117, 222, 192, 1878182, 1632119, 0.4, 50, 100, 4, 60, 5000, 20
0, 12000, 108, 214, 203, 1797597, 1603296, 0.4, 50, 100, 4, 52, 5000, 20
0, 12000, 100, 204, 169, 1849593, 1526602, 0.4, 50, 100, 4, 58, 5000, 20
0, 12000, 89, 199, 166, 1847603, 1589044, 0.4, 50, 100, 4, 50, 5000, 20
0, 12000, 114, 204, 176, 1959361, 1614307, 0.4, 50, 100, 4, 58, 5000, 20
0, 12000, 108, 212, 188, 1853764, 1485703, 0.4, 50, 100, 4, 55, 5000, 20
0, 12000, 103, 211, 187, 1751884, 1513279, 0.4, 50, 100, 4, 51, 5000, 20
0, 12000, 120, 234, 208, 1682507, 1526943, 0.4, 50, 100, 4, 58, 5000, 20
0, 12000, 101, 225, 173, 1955446, 1633274, 0.4, 50, 100, 4, 60, 5000, 20
0, 12000, 118, 225, 212, 1762359, 1482401, 0.4, 50, 100, 4, 52, 5000, 20
0, 12000, 101, 224, 187, 1750042, 1436885, 0.4, 50, 100, 4, 69, 5000, 20
0, 12000, 114, 222, 197, 1905278, 1592676, 0.4, 50, 100, 4, 60, 5000, 20
0, 12000, 96, 209, 176, 1612547, 1376034, 0.4, 50, 100, 4, 59, 5000, 20
0, 12000, 92, 203, 185, 1761797, 1484765, 0.4, 50, 100, 4, 52, 5000, 20
0, 12000, 106, 223, 194, 1844335, 1469981, 0.4, 50, 100, 4, 62, 5000, 20
0, 12000, 99, 199, 174, 1871693, 1529438, 0.4, 50, 100, 4, 61, 5000, 20
0, 12000, 117, 231, 210, 2000788, 1653177, 0.4, 50, 100, 4, 55, 5000, 20
0, 12000, 83, 200, 178, 1931925, 1524485, 0.4, 50, 100, 4, 60, 5000, 20
0, 12000, 105, 225, 185, 1847549, 1521952, 0.4, 50, 100, 4, 56, 5000, 20
0, 12000, 103, 221, 198, 1812064, 1560576, 0.4, 50, 100, 4, 60, 5000, 20
0, 12000, 93, 215, 185, 1840346, 1563800, 0.4, 50, 100, 4, 56, 5000, 20
0, 12000, 102, 206, 202, 1676963, 1527158, 0.4, 50, 100, 4, 63, 5000, 20
0, 12000, 109, 194, 171, 1803578, 1608927, 0.4, 50, 100, 4, 56, 5000, 20
0, 12000, 103, 202, 175, 1900525, 1606744, 0.4, 50, 100, 4, 59, 5000, 20
0, 12000, 96, 189, 179, 1771358, 1519711, 0.4, 50, 100, 4, 58, 5000, 20
0, 12000, 96, 194, 169, 2264512, 1945016, 0.4, 50, 100, 5, 70, 5000, 20
0, 12000, 108, 219, 203, 1779075, 1539098, 0.4, 50, 100, 4, 63, 5000, 20
0, 12000, 91, 198, 170, 2404892, 2081402, 0.4, 50, 100, 5, 67, 5000, 20
0, 12000, 98, 218, 191, 2258194, 1869816, 0.4, 50, 100, 5, 67, 5000, 20
0, 12000, 97, 224, 185, 1721971, 1398598, 0.4, 50, 100, 4, 57, 5000, 20
0, 12000, 91, 211, 178, 2353100, 1965400, 0.4, 50, 100, 5, 73, 5000, 20
0, 12000, 104, 220, 193, 2221650, 1930111, 0.4, 50, 100, 5, 69, 5000, 20
0, 12000, 109, 203, 183, 2369788, 2024324, 0.4, 50, 100, 5, 67, 5000, 20
0, 12000, 113, 210, 187, 2239705, 1890756, 0.4, 50, 100, 5, 82, 5000, 20
0, 12000, 106, 212, 185, 2329256, 1898563, 0.4, 50, 100, 5, 87, 5000, 20
0, 12000, 96, 218, 181, 2260849, 1949262, 0.4, 50, 100, 5, 80, 5000, 20
0, 12000, 98, 203, 186, 2189522, 1896560, 0.4, 50, 100, 5, 66, 5000, 20
0, 12000, 111, 232, 202, 2282708, 1971227, 0.4, 50, 100, 5, 94, 5000, 20
0, 12000, 90, 206, 187, 2279901, 1900440, 0.4, 50, 100, 5, 66, 5000, 20
0, 12000, 113, 205, 182, 2274132, 2013679, 0.4, 50, 100, 5, 66, 5000, 20
0, 12000, 94, 205, 199, 2246944, 1940184, 0.4, 50, 100, 5, 73, 5000, 20
0, 12000, 97, 198, 196, 2222501, 1847218, 0.4, 50, 100, 5, 76, 5000, 20
0, 12000, 111, 227, 195, 2311129, 1959283, 0.4, 50, 100, 5, 84, 5000, 20
0, 12000, 102, 202, 186, 2213818, 1872041, 0.4, 50, 100, 5, 70, 5000, 20
0, 12000, 106, 225, 193, 2109054, 1738072, 0.4, 50, 100, 5, 77, 5000, 20
0, 12000, 118, 211, 180, 2373379, 1983140, 0.4, 50, 100, 5, 73, 5000, 20
0, 12000, 109, 215, 182, 2228213, 1810030, 0.4, 50, 100, 5, 73, 5000, 20
0, 12000, 97, 205, 179, 2206927, 1884166, 0.4, 50, 100, 5, 81, 5000, 20
0, 12000, 105, 207, 194, 2235358, 1929387, 0.4, 50, 100, 5, 76, 5000, 20
0, 12000, 97, 203, 187, 2266654, 1891470, 0.4, 50, 100, 5, 68, 5000, 20
0, 12000, 95, 217, 187, 2116487, 1846095, 0.4, 50, 100, 5, 86, 5000, 20
0, 12000, 100, 217, 170, 2203826, 1965328, 0.4, 50, 100, 5, 70, 5000, 20
0, 12000, 110, 210, 180, 2276318, 1970335, 0.4, 50, 100, 5, 93, 5000, 20
0, 12000, 101, 213, 196, 2302771, 1983352, 0.4, 50, 100, 5, 76, 5000, 20
0, 12000, 95, 202, 184, 2347672, 1941612, 0.4, 50, 100, 5, 91, 5000, 20
0, 12000, 105, 215, 195, 2267058, 1936574, 0.4, 50, 100, 5, 76, 5000, 20
0, 12000, 113, 220, 171, 2428729, 1989528, 0.4, 50, 100, 5, 69, 5000, 20
0, 12000, 107, 209, 181, 2417191, 2057911, 0.4, 50, 100, 5, 69, 5000, 20
0, 12000, 111, 216, 197, 2216240, 1941913, 0.4, 50, 100, 5, 71, 5000, 20
0, 12000, 108, 226, 194, 2312407, 2061801, 0.4, 50, 100, 5, 69, 5000, 20
0, 12000, 109, 210, 180, 2190543, 1866661, 0.4, 50, 100, 5, 84, 5000, 20
0, 12000, 107, 213, 182, 2234942, 1897102, 0.4, 50, 100, 5, 76, 5000, 20
0, 12000, 94, 198, 179, 2352820, 1994018, 0.4, 50, 100, 5, 77, 5000, 20
0, 12000, 94, 219, 186, 2296303, 1943890, 0.4, 50, 100, 5, 87, 5000, 20
0, 12000, 104, 201, 176, 2314272, 1967956, 0.4, 50, 100, 5, 81, 5000, 20
0, 12000, 114, 229, 214, 2099902, 1804331, 0.4, 50, 100, 5, 72, 5000, 20
0, 12000, 95, 212, 186, 2316458, 1958694, 0.4, 50, 100, 5, 75, 5000, 20
0, 12000, 92, 195, 169, 2405532, 2009355, 0.4, 50, 100, 5, 82, 5000, 20
0, 12000, 113, 228, 202, 2172173, 1849706, 0.4, 50, 100, 5, 103, 5000, 20
0, 12000, 109, 209, 197, 2310878, 1859012, 0.4, 50, 100, 5, 72, 5000, 20
0, 12000, 94, 202, 179, 2347325, 2000331, 0.4, 50, 100, 5, 73, 5000, 20
0, 12000, 112, 206, 192, 2269201, 2001333, 0.4, 50, 100, 5, 71, 5000, 20
0, 12000, 91, 216, 186, 2286987, 1951832, 0.4, 50, 100, 5, 71, 5000, 20
0, 12000, 100, 210, 171, 2209227, 1846750, 0.4, 50, 100, 5, 90, 5000, 20
0, 12000, 93, 200, 170, 2324179, 1976923, 0.4, 50, 100, 5, 83, 5000, 20
0, 12000, 112, 234, 201, 2174168, 1736953, 0.4, 50, 100, 5, 79, 5000, 20
0, 12000, 120, 223, 214, 2318448, 1929398, 0.4, 50, 100, 5, 79, 5000, 20
0, 12000, 94, 211, 177, 2308944, 1956644, 0.4, 50, 100, 5, 72, 5000, 20
0, 12000, 112, 217, 203, 2165220, 1897361, 0.4, 50, 100, 5, 64, 5000, 20
0, 12000, 100, 212, 190, 2263169, 1852455, 0.4, 50, 100, 5, 97, 5000, 20
0, 12000, 84, 193, 167, 2252496, 1924056, 0.4, 50, 100, 5, 81, 5000, 20
0, 12000, 102, 195, 160, 2282794, 1927765, 0.4, 50, 100, 5, 76, 5000, 20
0, 12000, 96, 218, 193, 2364034, 1949531, 0.4, 50, 100, 5, 73, 5000, 20
0, 12000, 106, 234, 201, 2332154, 1918089, 0.4, 50, 100, 5, 76, 5000, 20
0, 12000, 97, 207, 190, 2236353, 1938748, 0.4, 50, 100, 5, 90, 5000, 20
0, 12000, 111, 213, 187, 2283813, 1945072, 0.4, 50, 100, 5, 80, 5000, 20
0, 12000, 109, 198, 181, 2268650, 1918937, 0.4, 50, 100, 5, 72, 5000, 20
0, 12000, 94, 188, 178, 2154070, 1950338, 0.4, 50, 100, 5, 68, 5000, 20
0, 12000, 106, 216, 190, 2285511, 2010270, 0.4, 50, 100, 5, 73, 5000, 20
0, 12000, 94, 205, 180, 2158529, 1777648, 0.4, 50, 100, 5, 77, 5000, 20
0, 12000, 111, 216, 203, 2185046, 1911537, 0.4, 50, 100, 5, 76, 5000, 20
0, 12000, 107, 224, 189, 2332794, 2075780, 0.4, 50, 100, 5, 64, 5000, 20
0, 12000, 92, 207, 178, 2327331, 1938483, 0.4, 50, 100, 5, 80, 5000, 20
0, 12000, 99, 201, 190, 2225713, 1884247, 0.4, 50, 100, 5, 66, 5000, 20
0, 12000, 94, 211, 182, 2254872, 1918867, 0.4, 50, 100, 5, 71, 5000, 20
0, 12000, 96, 195, 163, 2375636, 1992599, 0.4, 50, 100, 5, 76, 5000, 20
0, 12000, 100, 209, 192, 2332808, 2033576, 0.4, 50, 100, 5, 66, 5000, 20
0, 12000, 98, 201, 177, 2129024, 1822152, 0.4, 50, 100, 5, 73, 5000, 20
0, 12000, 101, 223, 199, 2237967, 1923983, 0.4, 50, 100, 5, 72, 5000, 20
0, 12000, 110, 224, 192, 2270684, 1980437, 0.4, 50, 100, 5, 63, 5000, 20
0, 12000, 110, 232, 191, 2388379, 1982310, 0.4, 50, 100, 5, 73, 5000, 20
0, 12000, 106, 197, 190, 2321418, 2014143, 0.4, 50, 100, 5, 72, 5000, 20
0, 12000, 99, 200, 170, 2341246, 1966538, 0.4, 50, 100, 5, 70, 5000, 20
0, 12000, 114, 240, 212, 2504846, 2057153, 0.4, 50, 100, 5, 79, 5000, 20
0, 12000, 81, 200, 167, 2225229, 1892674, 0.4, 50, 100, 5, 67, 5000, 20
0, 12000, 97, 208, 176, 2211036, 1865257, 0.4, 50, 100, 5, 72, 5000, 20
0, 12000, 106, 211, 189, 2387869, 1984065, 0.4, 50, 100, 5, 67, 5000, 20
0, 12000, 106, 196, 179, 2312575, 2016830, 0.4, 50, 100, 5, 66, 5000, 20
0, 12000, 118, 222, 196, 2338605, 1992663, 0.4, 50, 100, 5, 76, 5000, 20
0, 12000, 104, 222, 176, 2365451, 2029532, 0.4, 50, 100, 5, 68, 5000, 20
0, 12000, 104, 192, 169, 2262937, 1942954, 0.4, 50, 100, 5, 77, 5000, 20
0, 12000, 102, 195, 175, 2244649, 1883738, 0.4, 50, 100, 5, 76, 5000, 20
0, 12000, 107, 208, 185, 2199760, 1924277, 0.4, 50, 100, 5, 71, 5000, 20
0, 12000, 106, 208, 181, 2231464, 1998229, 0.4, 50, 100, 5, 73, 5000, 20
0, 12000, 93, 201, 169, 2299252, 1947045, 0.4, 50, 100, 5, 76, 5000, 20
0, 12000, 116, 233, 189, 2306605, 1919325, 0.4, 50, 100, 5, 70, 5000, 20
0, 12000, 108, 214, 186, 2222273, 1958685, 0.4, 50, 100, 5, 70, 5000, 20
0, 12000, 121, 226, 200, 2238694, 1960666, 0.4, 50, 100, 5, 82, 5000, 20
0, 12000, 105, 226, 187, 2277602, 1970439, 0.4, 50, 100, 5, 69, 5000, 20
0, 12000, 97, 204, 181, 2157141, 1869302, 0.4, 50, 100, 5, 73, 5000, 20
0, 12000, 100, 205, 193, 2173023, 1945012, 0.4, 50, 100, 5, 119, 5000, 20
0, 12000, 97, 200, 174, 2114615, 1851027, 0.4, 50, 100, 5, 73, 5000, 20
0, 12000, 105, 226, 196, 2326500, 1926364, 0.4, 50, 100, 5, 92, 5000, 20
0, 12000, 95, 227, 174, 2280807, 1868705, 0.4, 50, 100, 5, 83, 5000, 20
0, 12000, 100, 217, 176, 2343121, 2002142, 0.4, 50, 100, 5, 80, 5000, 20
0, 12000, 94, 214, 169, 2261741, 1915429, 0.4, 50, 100, 5, 85, 5000, 20
0, 12000, 107, 234, 198, 2286545, 1922067, 0.4, 50, 100, 5, 89, 5000, 20
0, 12000, 94, 212, 197, 2962564, 2468385, 0.4, 50, 100, 6, 83, 5000, 20
0, 12000, 116, 225, 200, 2695024, 2223044, 0.4, 50, 100, 6, 90, 5000, 20
0, 12000, 111, 234, 199, 2754297, 2347158, 0.4, 50, 100, 6, 90, 5000, 20
0, 12000, 104, 211, 180, 2811623, 2314227, 0.4, 50, 100, 6, 86, 5000, 20
0, 12000, 118, 224, 177, 2794960, 2323339, 0.4, 50, 100, 6, 84, 5000, 20
0, 12000, 79, 192, 144, 2791049, 2382961, 0.4, 50, 100, 6, 91, 5000, 20
0, 12000, 94, 204, 164, 2805874, 2415195, 0.4, 50, 100, 6, 90, 5000, 20
0, 12000, 100, 214, 186, 2678565, 2327223, 0.4, 50, 100, 6, 94, 5000, 20
0, 12000, 93, 198, 178, 2712163, 2234973, 0.4, 50, 100, 6, 94, 5000, 20
0, 12000, 95, 216, 171, 2725360, 2362499, 0.4, 50, 100, 6, 108, 5000, 20
0, 12000, 114, 233, 209, 2545086, 2140074, 0.4, 50, 100, 6, 93, 5000, 20
0, 12000, 100, 212, 182, 2663592, 2417756, 0.4, 50, 100, 6, 92, 5000, 20
0, 12000, 97, 209, 181, 2849805, 2357809, 0.4, 50, 100, 6, 105, 5000, 20
0, 12000, 93, 215, 183, 2870520, 2496303, 0.4, 50, 100, 6, 89, 5000, 20
0, 12000, 93, 233, 212, 2710752, 2240913, 0.4, 50, 100, 6, 92, 5000, 20
0, 12000, 110, 213, 196, 2695368, 2289483, 0.4, 50, 100, 6, 97, 5000, 20
0, 12000, 106, 206, 175, 2892100, 2452341, 0.4, 50, 100, 6, 95, 5000, 20
0, 12000, 97, 207, 181, 2780516, 2327793, 0.4, 50, 100, 6, 93, 5000, 20
0, 12000, 102, 229, 193, 2848600, 2569039, 0.4, 50, 100, 6, 104, 5000, 20
0, 12000, 88, 196, 178, 2644636, 2315118, 0.4, 50, 100, 6, 108, 5000, 20
0, 12000, 105, 222, 199, 2768477, 2400078, 0.4, 50, 100, 6, 99, 5000, 20
0, 12000, 99, 213, 185, 2783603, 2276912, 0.4, 50, 100, 6, 89, 5000, 20
0, 12000, 92, 194, 145, 2603496, 2220822, 0.4, 50, 100, 6, 96, 5000, 20
0, 12000, 90, 208, 166, 2827060, 2339890, 0.4, 50, 100, 6, 99, 5000, 20
0, 12000, 103, 200, 179, 2631237, 2358430, 0.4, 50, 100, 6, 99, 5000, 20
0, 12000, 94, 196, 174, 2735928, 2274570, 0.4, 50, 100, 6, 116, 5000, 20
0, 12000, 79, 213, 178, 2717947, 2342728, 0.4, 50, 100, 6, 76, 5000, 20
0, 12000, 87, 185, 140, 2786533, 2375556, 0.4, 50, 100, 6, 102, 5000, 20
0, 12000, 97, 205, 172, 2782444, 2443596, 0.4, 50, 100, 6, 119, 5000, 20
0, 12000, 103, 193, 183, 2653325, 2321915, 0.4, 50, 100, 6, 106, 5000, 20
0, 12000, 107, 206, 177, 2706972, 2287534, 0.4, 50, 100, 6, 89, 5000, 20
0, 12000, 101, 215, 193, 2851882, 2360737, 0.4, 50, 100, 6, 94, 5000, 20
0, 12000, 109, 220, 192, 2712863, 2411252, 0.4, 50, 100, 6, 100, 5000, 20
0, 12000, 109, 228, 200, 2664592, 2279294, 0.4, 50, 100, 6, 95, 5000, 20
0, 12000, 105, 234, 201, 2733013, 2276664, 0.4, 50, 100, 6, 95, 5000, 20
0, 12000, 98, 209, 182, 2638786, 2236327, 0.4, 50, 100, 6, 110, 5000, 20
0, 12000, 86, 194, 168, 2643450, 2256725, 0.4, 50, 100, 6, 86, 5000, 20
0, 12000, 109, 212, 190, 2605017, 2226833, 0.4, 50, 100, 6, 102, 5000, 20
0, 12000, 106, 219, 176, 2722514, 2249365, 0.4, 50, 100, 6, 98, 5000, 20
0, 12000, 96, 214, 183, 2713707, 2298798, 0.4, 50, 100, 6, 87, 5000, 20
0, 12000, 93, 186, 158, 2928004, 2437791, 0.4, 50, 100, 6, 90, 5000, 20
0, 12000, 109, 210, 176, 2674498, 2216936, 0.4, 50, 100, 6, 90, 5000, 20
0, 12000, 93, 217, 169, 2710341, 2248441, 0.4, 50, 100, 6, 90, 5000, 20
0, 12000, 99, 199, 191, 2657280, 2298869, 0.4, 50, 100, 6, 109, 5000, 20
0, 12000, 104, 224, 181, 2748820, 2412780, 0.4, 50, 100, 6, 88, 5000, 20
0, 12000, 114, 232, 198, 2723104, 2268306, 0.4, 50, 100, 6, 93, 5000, 20
0, 12000, 106, 228, 194, 2775096, 2318024, 0.4, 50, 100, 6, 97, 5000, 20
0, 12000, 103, 215, 189, 2841957, 2486535, 0.4, 50, 100, 6, 90, 5000, 20
0, 12000, 106, 216, 184, 2837609, 2328604, 0.4, 50, 100, 6, 101, 5000, 20
0, 12000, 105, 204, 189, 2677564, 2353360, 0.4, 50, 100, 6, 92, 5000, 20
0, 12000, 106, 213, 175, 2928025, 2432071, 0.4, 50, 100, 6, 95, 5000, 20
0, 12000, 111, 221, 178, 2642504, 2230072, 0.4, 50, 100, 6, 96, 5000, 20
0, 12000, 98, 222, 180, 2797673, 2333169, 0.4, 50, 100, 6, 106, 5000, 20
0, 12000, 98, 201, 171, 2775980, 2371472, 0.4, 50, 100, 6, 92, 5000, 20
0, 12000, 114, 215, 178, 2878910, 2412142, 0.4, 50, 100, 6, 87, 5000, 20
0, 12000, 101, 211, 177, 2789450, 2304249, 0.4, 50, 100, 6, 99, 5000, 20
0, 12000, 105, 227, 198, 2729353, 2344411, 0.4, 50, 100, 6, 103, 5000, 20
0, 12000, 114, 213, 190, 2718046, 2283468, 0.4, 50, 100, 6, 83, 5000, 20
0, 12000, 107, 235, 207, 2850868, 2466163, 0.4, 50, 100, 6, 94, 5000, 20
0, 12000, 104, 225, 193, 2662063, 2154963, 0.4, 50, 100, 6, 85, 5000, 20
0, 12000, 107, 219, 177, 2642608, 2301036, 0.4, 50, 100, 6, 89, 5000, 20
0, 12000, 90, 176, 148, 2790041, 2276878, 0.4, 50, 100, 6, 90, 5000, 20
0, 12000, 113, 229, 199, 2770221, 2396419, 0.4, 50, 100, 6, 97, 5000, 20
0, 12000, 107, 210, 188, 2768117, 2308458, 0.4, 50, 100, 6, 88, 5000, 20
0, 12000, 111, 214, 189, 2677176, 2334051, 0.4, 50, 100, 6, 87, 5000, 20
0, 12000, 109, 212, 201, 2667261, 2169464, 0.4, 50, 100, 6, 86, 5000, 20
0, 12000, 101, 210, 191, 2726851, 2316778, 0.4, 50, 100, 6, 105, 5000, 20
0, 12000, 102, 217, 188, 2719016, 2314141, 0.4, 50, 100, 6, 88, 5000, 20
0, 12000, 98, 201, 194, 2789759, 2380977, 0.4, 50, 100, 6, 82, 5000, 20
0, 12000, 94, 192, 157, 2834151, 2324840, 0.4, 50, 100, 6, 90, 5000, 20
0, 12000, 103, 211, 198, 2593517, 2377349, 0.4, 50, 100, 6, 91, 5000, 20
0, 12000, 105, 231, 191, 2692840, 2265944, 0.4, 50, 100, 6, 87, 5000, 20
0, 12000, 108, 208, 183, 2745135, 2325799, 0.4, 50, 100, 6, 92, 5000, 20
0, 12000, 104, 212, 183, 2843712, 2290444, 0.4, 50, 100, 6, 92, 5000, 20
0, 12000, 103, 208, 174, 2612455, 2298750, 0.4, 50, 100, 6, 82, 5000, 20
0, 12000, 111, 209, 187, 2881139, 2440238, 0.4, 50, 100, 6, 89, 5000, 20
0, 12000, 107, 217, 176, 2697094, 2271806, 0.4, 50, 100, 6, 87, 5000, 20
0, 12000, 104, 221, 180, 2761920, 2345512, 0.4, 50, 100, 6, 99, 5000, 20
0, 12000, 90, 193, 167, 2787985, 2362201, 0.4, 50, 100, 6, 89, 5000, 20
0, 12000, 87, 204, 182, 2735251, 2250731, 0.4, 50, 100, 6, 79, 5000, 20
0, 12000, 101, 199, 166, 2866392, 2311996, 0.4, 50, 100, 6, 114, 5000, 20
0, 12000, 110, 209, 199, 2914941, 2553936, 0.4, 50, 100, 6, 87, 5000, 20
0, 12000, 99, 195, 165, 2813442, 2354329, 0.4, 50, 100, 6, 112, 5000, 20
0, 12000, 105, 221, 196, 2617008, 2359860, 0.4, 50, 100, 6, 87, 5000, 20
0, 12000, 98, 213, 186, 2699131, 2333534, 0.4, 50, 100, 6, 100, 5000, 20
0, 12000, 117, 214, 199, 2692778, 2415141, 0.4, 50, 100, 6, 82, 5000, 20
0, 12000, 103, 227, 189, 2701361, 2304060, 0.4, 50, 100, 6, 87, 5000, 20
0, 12000, 106, 224, 189, 2802164, 2301940, 0.4, 50, 100, 6, 95, 5000, 20
0, 12000, 109, 219, 176, 2726982, 2240980, 0.4, 50, 100, 6, 110, 5000, 20
0, 12000, 111, 215, 206, 2721818, 2305731, 0.4, 50, 100, 6, 96, 5000, 20
0, 12000, 90, 209, 165, 2883123, 2365782, 0.4, 50, 100, 6, 84, 5000, 20
0, 12000, 109, 235, 199, 2623409, 2226218, 0.4, 50, 100, 6, 83, 5000, 20
0, 12000, 104, 219, 193, 2782705, 2410803, 0.4, 50, 100, 6, 97, 5000, 20
0, 12000, 105, 216, 180, 2816272, 2297121, 0.4, 50, 100, 6, 85, 5000, 20
0, 12000, 96, 198, 168, 2774279, 2359700, 0.4, 50, 100, 6, 85, 5000, 20
0, 12000, 94, 202, 168, 2641823, 2243354, 0.4, 50, 100, 6, 82, 5000, 20
0, 12000, 110, 199, 193, 2811917, 2389351, 0.4, 50, 100, 6, 94, 5000, 20
0, 12000, 97, 207, 176, 2768491, 2218193, 0.4, 50, 100, 6, 96, 5000, 20
0, 12000, 91, 207, 178, 2721719, 2359734, 0.4, 50, 100, 6, 94, 5000, 20
0, 12000, 92, 201, 174, 2603616, 2305741, 0.4, 50, 100, 6, 110, 5000, 20
0, 12000, 104, 234, 211, 3161859, 2781534, 0.4, 50, 100, 7, 104, 5000, 20
0, 12000, 84, 178, 141, 3277360, 2880215, 0.4, 50, 100, 7, 109, 5000, 20
0, 12000, 105, 215, 197, 3136767, 2589118, 0.4, 50, 100, 7, 109, 5000, 20
0, 12000, 116, 223, 201, 3289932, 2752820, 0.4, 50, 100, 7, 108, 5000, 20
0, 12000, 100, 213, 180, 3231561, 2636167, 0.4, 50, 100, 7, 113, 5000, 20
0, 12000, 94, 201, 181, 3054721, 2557591, 0.4, 50, 100, 7, 127, 5000, 20
0, 12000, 106, 210, 172, 3188013, 2627829, 0.4, 50, 100, 7, 114, 5000, 20
0, 12000, 95, 213, 188, 3216598, 2715268, 0.4, 50, 100, 7, 104, 5000, 20
0, 12000, 95, 198, 172, 3208936, 2699615, 0.4, 50, 100, 7, 103, 5000, 20
0, 12000, 115, 227, 203, 3015878, 2544941, 0.4, 50, 100, 7, 133, 5000, 20
0, 12000, 113, 211, 193, 3214004, 2682361, 0.4, 50, 100, 7, 138, 5000, 20
0, 12000, 109, 223, 184, 3250289, 2744578, 0.4, 50, 100, 7, 116, 5000, 20
0, 12000, 88, 181, 176, 3219342, 2749576, 0.4, 50, 100, 7, 105, 5000, 20
0, 12000, 104, 192, 174, 3029536, 2650761, 0.4, 50, 100, 7, 136, 5000, 20
0, 12000, 98, 209, 179, 3132077, 2660454, 0.4, 50, 100, 7, 105, 5000, 20
0, 12000, 88, 208, 174, 3126793, 2596576, 0.4, 50, 100, 7, 117, 5000, 20
0, 12000, 98, 214, 195, 3258718, 2797736, 0.4, 50, 100, 7, 121, 5000, 20
0, 12000, 101, 216, 177, 3141532, 2699375, 0.4, 50, 100, 7, 111, 5000, 20
0, 12000, 96, 206, 180, 3214569, 2684341, 0.4, 50, 100, 7, 117, 5000, 20
0, 12000, 105, 221, 186, 3131504, 2655282, 0.4, 50, 100, 7, 118, 5000, 20
0, 12000, 97, 198, 182, 3139110, 2727228, 0.4, 50, 100, 7, 126, 5000, 20
0, 12000, 85, 201, 171, 3244933, 2609872, 0.4, 50, 100, 7, 116, 5000, 20
0, 12000, 94, 192, 170, 3259964, 2596177, 0.4, 50, 100, 7, 118, 5000, 20
0, 12000, 101, 222, 196, 3260185, 2801852, 0.4, 50, 100, 7, 117, 5000, 20
0, 12000, 117, 237, 203, 3219917, 2757860, 0.4, 50, 100, 7, 109, 5000, 20
0, 12000, 111, 224, 202, 3092923, 2613669, 0.4, 50, 100, 7, 129, 5000, 20
0, 12000, 94, 208, 171, 3356564, 2800669, 0.4, 50, 100, 7, 114, 5000, 20
0, 12000, 113, 218, 217, 3180917, 2838848, 0.4, 50, 100, 7, 120, 5000, 20
0, 12000, 106, 226, 187, 3359368, 2766463, 0.4, 50, 100, 7, 117, 5000, 20
0, 12000, 103, 211, 183, 3196987, 2728089, 0.4, 50, 100, 7, 125, 5000, 20
0, 12000, 108, 212, 182, 3360566, 2775896, 0.4, 50, 100, 7, 111, 5000, 20
0, 12000, 105, 206, 192, 3207177, 2794135, 0.4, 50, 100, 7, 110, 5000, 20
0, 12000, 86, 202, 170, 3134709, 2592661, 0.4, 50, 100, 7, 111, 5000, 20
0, 12000, 110, 229, 198, 3132092, 2618484, 0.4, 50, 100, 7, 123, 5000, 20
0, 12000, 92, 206, 179, 3179608, 2672327, 0.4, 50, 100, 7, 111, 5000, 20
0, 12000, 107, 223, 199, 3168160, 2731966, 0.4, 50, 100, 7, 103, 5000, 20
0, 12000, 108, 220, 193, 3148984, 2680011, 0.4, 50, 100, 7, 112, 5000, 20
0, 12000, 109, 234, 195, 3150935, 2645025, 0.4, 50, 100, 7, 145, 5000, 20
0, 12000, 84, 212, 171, 3131938, 2586028, 0.4, 50, 100, 7, 115, 5000, 20
0, 12000, 109, 221, 203, 3147547, 2706931, 0.4, 50, 100, 7, 113, 5000, 20
0, 12000, 92, 210, 190, 3357862, 2779156, 0.4, 50, 100, 7, 128, 5000, 20
0, 12000, 99, 219, 174, 3311142, 2662943, 0.4, 50, 100, 7, 115, 5000, 20
0, 12000, 95, 201, 178, 3167390, 2723065, 0.4, 50, 100, 7, 119, 5000, 20
0, 12000, 103, 219, 182, 3224573, 2690057, 0.4, 50, 100, 7, 121, 5000, 20
0, 12000, 102, 223, 187, 3264384, 2778215, 0.4, 50, 100, 7, 126, 5000, 20
0, 12000, 75, 178, 164, 3241746, 2835311, 0.4, 50, 100, 7, 121, 5000, 20
0, 12000, 107, 218, 182, 3202687, 2729295, 0.4, 50, 100, 7, 105, 5000, 20
0, 12000, 86, 201, 174, 3058538, 2569131, 0.4, 50, 100, 7, 121, 5000, 20
1, 7456, 113, 137, 142, 2104183, 2148957, 0.4, 50, 100, 7, 70, 5000, 20
0, 12000, 107, 223, 200, 3011485, 2610911, 0.4, 50, 100, 7, 113, 5000, 20
0, 12000, 118, 216, 185, 3093174, 2691775, 0.4, 50, 100, 7, 118, 5000, 20
0, 12000, 109, 205, 183, 3287833, 2865452, 0.4, 50, 100, 7, 125, 5000, 20
0, 12000, 100, 198, 180, 3127497, 2667701, 0.4, 50, 100, 7, 126, 5000, 20
0, 12000, 102, 189, 177, 3167615, 2661154, 0.4, 50, 100, 7, 127, 5000, 20
0, 12000, 87, 198, 168, 3267803, 2766961, 0.4, 50, 100, 7, 122, 5000, 20
0, 12000, 112, 214, 198, 2958532, 2516857, 0.4, 50, 100, 7, 120, 5000, 20
0, 12000, 114, 224, 210, 3180370, 2634803, 0.4, 50, 100, 7, 144, 5000, 20
0, 12000, 104, 219, 192, 3216402, 2778218, 0.4, 50, 100, 7, 130, 5000, 20
0, 12000, 109, 205, 192, 3259545, 2669351, 0.4, 50, 100, 7, 144, 5000, 20
0, 12000, 108, 217, 184, 3281195, 2647268, 0.4, 50, 100, 7, 113, 5000, 20
0, 12000, 112, 216, 195, 3229067, 2650462, 0.4, 50, 100, 7, 113, 5000, 20
0, 12000, 101, 220, 195, 3219684, 2659656, 0.4, 50, 100, 7, 113, 5000, 20
0, 12000, 92, 198, 158, 3190948, 2674893, 0.4, 50, 100, 7, 123, 5000, 20
0, 12000, 113, 211, 183, 3074574, 2653100, 0.4, 50, 100, 7, 134, 5000, 20
0, 12000, 110, 233, 196, 3123567, 2510055, 0.4, 50, 100, 7, 153, 5000, 20
0, 12000, 92, 196, 160, 3310289, 2790920, 0.4, 50, 100, 7, 120, 5000, 20
0, 12000, 104, 205, 179, 3172430, 2745115, 0.4, 50, 100, 7, 135, 5000, 20
0, 12000, 107, 214, 202, 3341288, 2778900, 0.4, 50, 100, 7, 124, 5000, 20
0, 12000, 105, 218, 190, 3539695, 2887933, 0.4, 50, 100, 7, 120, 5000, 20
0, 12000, 110, 231, 193, 3405575, 2848314, 0.4, 50, 100, 7, 124, 5000, 20
0, 12000, 98, 210, 166, 3415830, 2874986, 0.4, 50, 100, 7, 103, 5000, 20
0, 12000, 91, 212, 163, 3396609, 2835950, 0.4, 50, 100, 7, 146, 5000, 20
0, 12000, 100, 222, 207, 3029309, 2558497, 0.4, 50, 100, 7, 109, 5000, 20
0, 12000, 91, 217, 161, 3228799, 2705679, 0.4, 50, 100, 7, 122, 5000, 20
0, 12000, 104, 206, 198, 3332702, 2760044, 0.4, 50, 100, 7, 129, 5000, 20
0, 12000, 100, 199, 177, 3162983, 2795268, 0.4, 50, 100, 7, 124, 5000, 20
0, 12000, 110, 220, 193, 3247857, 2739302, 0.4, 50, 100, 7, 139, 5000, 20
0, 12000, 94, 200, 190, 3165112, 2645270, 0.4, 50, 100, 7, 125, 5000, 20
0, 12000, 111, 225, 188, 3155576, 2652764, 0.4, 50, 100, 7, 126, 5000, 20
0, 12000, 104, 213, 190, 3229638, 2729979, 0.4, 50, 100, 7, 116, 5000, 20
0, 12000, 105, 210, 184, 3092858, 2557361, 0.4, 50, 100, 7, 122, 5000, 20
0, 12000, 108, 193, 196, 3118657, 2802205, 0.4, 50, 100, 7, 127, 5000, 20
0, 12000, 92, 205, 175, 3083466, 2637691, 0.4, 50, 100, 7, 111, 5000, 20
0, 12000, 104, 187, 159, 3289481, 2794133, 0.4, 50, 100, 7, 119, 5000, 20
0, 12000, 107, 203, 182, 3124965, 2672863, 0.4, 50, 100, 7, 133, 5000, 20
0, 12000, 101, 226, 191, 3341571, 2857325, 0.4, 50, 100, 7, 135, 5000, 20
0, 12000, 109, 218, 187, 3166877, 2634599, 0.4, 50, 100, 7, 143, 5000, 20
0, 12000, 106, 209, 176, 3104642, 2685909, 0.4, 50, 100, 7, 123, 5000, 20
0, 12000, 99, 220, 187, 3243080, 2703327, 0.4, 50, 100, 7, 118, 5000, 20
0, 12000, 110, 214, 192, 3295607, 2715981, 0.4, 50, 100, 7, 141, 5000, 20
0, 12000, 82, 184, 158, 3185983, 2757746, 0.4, 50, 100, 7, 142, 5000, 20
0, 12000, 101, 214, 192, 3115158, 2606105, 0.4, 50, 100, 7, 115, 5000, 20
0, 12000, 110, 203, 184, 3223687, 2799751, 0.4, 50, 100, 7, 109, 5000, 20
0, 12000, 113, 219, 198, 3320850, 2781712, 0.4, 50, 100, 7, 121, 5000, 20
0, 12000, 99, 217, 187, 3281372, 2617350, 0.4, 50, 100, 7, 135, 5000, 20
0, 12000, 95, 204, 191, 3080990, 2666668, 0.4, 50, 100, 7, 117, 5000, 20
0, 12000, 100, 205, 192, 3175553, 2705363, 0.4, 50, 100, 7, 141, 5000, 20
0, 12000, 110, 231, 209, 3143013, 2656139, 0.4, 50, 100, 7, 129, 5000, 20
0, 12000, 88, 208, 167, 3203159, 2655137, 0.4, 50, 100, 7, 133, 5000, 20
0, 12000, 91, 194, 180, 3293907, 2837822, 0.4, 50, 100, 7, 153, 5000, 20
0, 12000, 121, 233, 209, 4012073, 3499173, 0.4, 50, 100, 9, 175, 5000, 20
0, 12000, 90, 198, 177, 4170964, 3521898, 0.4, 50, 100, 9, 168, 5000, 20
0, 12000, 104, 221, 189, 4055284, 3453546, 0.4, 50, 100, 9, 154, 5000, 20
0, 12000, 102, 194, 185, 4027082, 3393938, 0.4, 50, 100, 9, 181, 5000, 20
0, 12000, 110, 218, 191, 4082680, 3404995, 0.4, 50, 100, 9, 179, 5000, 20
0, 12000, 86, 183, 167, 3897424, 3498142, 0.4, 50, 100, 9, 156, 5000, 20
0, 12000, 102, 207, 172, 4083890, 3408888, 0.4, 50, 100, 9, 183, 5000, 20
0, 12000, 107, 206, 189, 4192465, 3505883, 0.4, 50, 100, 9, 186, 5000, 20
0, 12000, 107, 223, 184, 4110014, 3445163, 0.4, 50, 100, 9, 176, 5000, 20
0, 12000, 110, 230, 209, 4037206, 3575081, 0.4, 50, 100, 9, 151, 5000, 20
0, 12000, 85, 200, 171, 4038271, 3508597, 0.4, 50, 100, 9, 181, 5000, 20
0, 12000, 103, 224, 177, 4148936, 3496416, 0.4, 50, 100, 9, 203, 5000, 20
0, 12000, 105, 217, 187, 4051316, 3352882, 0.4, 50, 100, 9, 195, 5000, 20
0, 12000, 102, 216, 197, 3967490, 3358572, 0.4, 50, 100, 9, 200, 5000, 20
0, 12000, 102, 204, 172, 4169576, 3481482, 0.4, 50, 100, 9, 151, 5000, 20
0, 12000, 113, 228, 182, 3956442, 3357412, 0.4, 50, 100, 9, 169, 5000, 20
0, 12000, 96, 208, 181, 4167480, 3451415, 0.4, 50, 100, 9, 203, 5000, 20
0, 12000, 104, 217, 197, 4095683, 3376290, 0.4, 50, 100, 9, 184, 5000, 20
0, 12000, 111, 227, 189, 4150974, 3370792, 0.4, 50, 100, 9, 169, 5000, 20
0, 12000, 95, 212, 188, 4154642, 3515003, 0.4, 50, 100, 9, 153, 5000, 20
0, 12000, 96, 213, 184, 4072200, 3467944, 0.4, 50, 100, 9, 158, 5000, 20
0, 12000, 103, 205, 188, 4149135, 3469183, 0.4, 50, 100, 9, 161, 5000, 20
0, 12000, 106, 226, 194, 4168465, 3419685, 0.4, 50, 100, 9, 165, 5000, 20
0, 12000, 93, 218, 189, 4121652, 3551665, 0.4, 50, 100, 9, 189, 5000, 20
0, 12000, 102, 211, 184, 4191580, 3505473, 0.4, 50, 100, 9, 161, 5000, 20
0, 12000, 111, 217, 205, 3978666, 3458880, 0.4, 50, 100, 9, 197, 5000, 20
0, 12000, 112, 222, 184, 4107869, 3423991, 0.4, 50, 100, 9, 186, 5000, 20
0, 12000, 98, 229, 185, 3913512, 3308564, 0.4, 50, 100, 9, 159, 5000, 20
0, 12000, 122, 224, 190, 4236819, 3547624, 0.4, 50, 100, 9, 168, 5000, 20
0, 12000, 87, 205, 167, 4068631, 3485555, 0.4, 50, 100, 9, 167, 5000, 20
0, 12000, 98, 210, 177, 3915290, 3437052, 0.4, 50, 100, 9, 158, 5000, 20
0, 12000, 112, 223, 191, 4105690, 3445847, 0.4, 50, 100, 9, 182, 5000, 20
0, 12000, 103, 207, 176, 4058611, 3575833, 0.4, 50, 100, 9, 154, 5000, 20
0, 12000, 108, 224, 214, 3915246, 3486020, 0.4, 50, 100, 9, 164, 5000, 20
0, 12000, 93, 206, 191, 4066713, 3390669, 0.4, 50, 100, 9, 168, 5000, 20
0, 12000, 107, 229, 171, 4229267, 3427842, 0.4, 50, 100, 9, 162, 5000, 20
0, 12000, 92, 201, 183, 4087555, 3459812, 0.4, 50, 100, 9, 161, 5000, 20
0, 12000, 96, 205, 185, 4147723, 3407718, 0.4, 50, 100, 9, 165, 5000, 20
0, 12000, 115, 219, 194, 4056068, 3524047, 0.4, 50, 100, 9, 173, 5000, 20
0, 12000, 92, 196, 174, 4295818, 3650207, 0.4, 50, 100, 9, 165, 5000, 20
0, 12000, 104, 219, 180, 3997784, 3256628, 0.4, 50, 100, 9, 171, 5000, 20
0, 12000, 98, 214, 194, 4118664, 3516991, 0.4, 50, 100, 9, 175, 5000, 20
0, 12000, 122, 224, 203, 4059163, 3369969, 0.4, 50, 100, 9, 176, 5000, 20
0, 12000, 109, 215, 188, 4002002, 3444596, 0.4, 50, 100, 9, 174, 5000, 20
0, 12000, 106, 207, 178, 4003815, 3347741, 0.4, 50, 100, 9, 153, 5000, 20
0, 12000, 103, 214, 193, 4007917, 3559984, 0.4, 50, 100, 9, 158, 5000, 20
0, 12000, 105, 194, 178, 4099523, 3562554, 0.4, 50, 100, 9, 187, 5000, 20
0, 12000, 88, 211, 175, 4198276, 3633146, 0.4, 50, 100, 9, 181, 5000, 20
0, 12000, 112, 218, 195, 4141238, 3600110, 0.4, 50, 100, 9, 187, 5000, 20
0, 12000, 102, 208, 173, 4216938, 3494024, 0.4, 50, 100, 9, 170, 5000, 20
0, 12000, 110, 224, 192, 3974776, 3428622, 0.4, 50, 100, 9, 191, 5000, 20
0, 12000, 116, 220, 184, 4207343, 3416535, 0.4, 50, 100, 9, 182, 5000, 20
0, 12000, 110, 224, 196, 4128083, 3460432, 0.4, 50, 100, 9, 172, 5000, 20
0, 12000, 98, 219, 183, 4072538, 3433336, 0.4, 50, 100, 9, 175, 5000, 20
0, 12000, 114, 218, 189, 4252872, 3546664, 0.4, 50, 100, 9, 220, 5000, 20
0, 12000, 106, 209, 181, 4026465, 3490204, 0.4, 50, 100, 9, 174, 5000, 20
0, 12000, 98, 208, 181, 4070276, 3458599, 0.4, 50, 100, 9, 195, 5000, 20
0, 12000, 107, 206, 187, 3946574, 3389147, 0.4, 50, 100, 9, 182, 5000, 20
0, 12000, 100, 221, 185, 4041083, 3356072, 0.4, 50, 100, 9, 183, 5000, 20
0, 12000, 89, 213, 175, 4164569, 3520449, 0.4, 50, 100, 9, 168, 5000, 20
0, 12000, 89, 203, 179, 4077490, 3670341, 0.4, 50, 100, 9, 224, 5000, 20
0, 12000, 97, 192, 172, 4165132, 3674919, 0.4, 50, 100, 9, 143, 5000, 20
0, 12000, 97, 204, 180, 3996660, 3414746, 0.4, 50, 100, 9, 155, 5000, 20
0, 12000, 90, 217, 191, 4074411, 3559355, 0.4, 50, 100, 9, 173, 5000, 20
0, 12000, 110, 236, 213, 4018548, 3429603, 0.4, 50, 100, 9, 169, 5000, 20
0, 12000, 98, 198, 175, 4249262, 3545741, 0.4, 50, 100, 9, 180, 5000, 20
0, 12000, 104, 206, 185, 3973396, 3345793, 0.4, 50, 100, 9, 197, 5000, 20
0, 12000, 86, 213, 175, 4279591, 3695416, 0.4, 50, 100, 9, 171, 5000, 20
0, 12000, 101, 212, 167, 4145710, 3462476, 0.4, 50, 100, 9, 183, 5000, 20
0, 12000, 111, 218, 199, 3837324, 3318815, 0.4, 50, 100, 9, 151, 5000, 20
0, 12000, 96, 216, 205, 4098276, 3492910, 0.4, 50, 100, 9, 157, 5000, 20
0, 12000, 103, 204, 172, 4249742, 3540330, 0.4, 50, 100, 9, 178, 5000, 20
0, 12000, 89, 206, 179, 4104733, 3473633, 0.4, 50, 100, 9, 157, 5000, 20
0, 12000, 98, 216, 176, 4084142, 3471116, 0.4, 50, 100, 9, 179, 5000, 20
0, 12000, 98, 225, 186, 4010067, 3351419, 0.4, 50, 100, 9, 166, 5000, 20
0, 12000, 105, 206, 175, 4115431, 3491113, 0.4, 50, 100, 9, 185, 5000, 20
0, 12000, 94, 195, 150, 4188801, 3523202, 0.4, 50, 100, 9, 173, 5000, 20
0, 12000, 113, 243, 202, 4107535, 3401349, 0.4, 50, 100, 9, 162, 5000, 20
0, 12000, 103, 214, 201, 4151499, 3470259, 0.4, 50, 100, 9, 191, 5000, 20
0, 12000, 100, 208, 196, 4046376, 3443970, 0.4, 50, 100, 9, 161, 5000, 20
0, 12000, 105, 217, 197, 4182544, 3489422, 0.4, 50, 100, 9, 187, 5000, 20
0, 12000, 105, 223, 194, 4214370, 3550292, 0.4, 50, 100, 9, 192, 5000, 20
0, 12000, 90, 210, 195, 4128345, 3462684, 0.4, 50, 100, 9, 173, 5000, 20
0, 12000, 96, 220, 172, 3936370, 3261187, 0.4, 50, 100, 9, 157, 5000, 20
0, 12000, 90, 205, 179, 4165424, 3434735, 0.4, 50, 100, 9, 170, 5000, 20
0, 12000, 94, 203, 181, 4144378, 3473727, 0.4, 50, 100, 9, 162, 5000, 20
0, 12000, 94, 199, 181, 4056755, 3543402, 0.4, 50, 100, 9, 168, 5000, 20
0, 12000, 102, 212, 193, 4062370, 3373121, 0.4, 50, 100, 9, 164, 5000, 20
0, 12000, 92, 206, 173, 4203547, 3589760, 0.4, 50, 100, 9, 162, 5000, 20
0, 12000, 94, 203, 193, 4141180, 3569519, 0.4, 50, 100, 9, 198, 5000, 20
0, 12000, 108, 225, 204, 4176858, 3573690, 0.4, 50, 100, 9, 171, 5000, 20
0, 12000, 112, 214, 178, 4119323, 3373526, 0.4, 50, 100, 9, 182, 5000, 20
0, 12000, 105, 231, 192, 3956237, 3339779, 0.4, 50, 100, 9, 155, 5000, 20
0, 12000, 91, 216, 178, 4090794, 3569429, 0.4, 50, 100, 9, 156, 5000, 20
0, 12000, 97, 208, 191, 4019925, 3318328, 0.4, 50, 100, 9, 171, 5000, 20
0, 12000, 106, 220, 192, 4109026, 3505734, 0.4, 50, 100, 9, 145, 5000, 20
0, 12000, 112, 217, 192, 4195725, 3577515, 0.4, 50, 100, 9, 199, 5000, 20
0, 12000, 98, 198, 180, 4130842, 3391003, 0.4, 50, 100, 9, 163, 5000, 20
0, 12000, 96, 200, 190, 4105371, 3417799, 0.4, 50, 100, 9, 174, 5000, 20
0, 12000, 104, 210, 192, 4207067, 3607880, 0.4, 50, 100, 9, 183, 5000, 20
0, 12000, 100, 218, 176, 5189702, 4495486, 0.4, 50, 100, 11, 211, 5000, 20
0, 12000, 106, 238, 193, 5136748, 4358599, 0.4, 50, 100, 11, 209, 5000, 20
0, 12000, 111, 232, 203, 5279169, 4399697, 0.4, 50, 100, 11, 222, 5000, 20
0, 12000, 85, 199, 155, 5092085, 4226481, 0.4, 50, 100, 11, 224, 5000, 20
0, 12000, 100, 205, 198, 4967645, 4195887, 0.4, 50, 100, 11, 214, 5000, 20
0, 12000, 111, 217, 200, 4967135, 4085411, 0.4, 50, 100, 11, 247, 5000, 20
0, 12000, 111, 238, 198, 5142461, 4436316, 0.4, 50, 100, 11, 237, 5000, 20
0, 12000, 108, 226, 182, 5136136, 4298288, 0.4, 50, 100, 11, 232, 5000, 20
0, 12000, 107, 232, 188, 4954861, 4292362, 0.4, 50, 100, 11, 225, 5000, 20
0, 12000, 96, 213, 199, 5133299, 4266428, 0.4, 50, 100, 11, 222, 5000, 20
0, 12000, 106, 209, 196, 4928238, 4243441, 0.4, 50, 100, 11, 232, 5000, 20
0, 12000, 94, 216, 185, 5051103, 4206776, 0.4, 50, 100, 11, 269, 5000, 20
0, 12000, 94, 212, 198, 4750756, 4084684, 0.4, 50, 100, 11, 222, 5000, 20
0, 12000, 102, 209, 175, 5113823, 4296825, 0.4, 50, 100, 11, 230, 5000, 20
0, 12000, 87, 220, 181, 5025012, 4232568, 0.4, 50, 100, 11, 250, 5000, 20
0, 12000, 92, 203, 184, 5034713, 4270824, 0.4, 50, 100, 11, 217, 5000, 20
0, 12000, 88, 205, 176, 5128821, 4171752, 0.4, 50, 100, 11, 241, 5000, 20
0, 12000, 119, 216, 186, 4882869, 4083959, 0.4, 50, 100, 11, 222, 5000, 20
0, 12000, 113, 222, 183, 5014990, 4260853, 0.4, 50, 100, 11, 228, 5000, 20
0, 12000, 101, 206, 167, 5307770, 4611989, 0.4, 50, 100, 11, 278, 5000, 20
0, 12000, 95, 190, 189, 4789536, 4066363, 0.4, 50, 100, 11, 249, 5000, 20
0, 12000, 106, 216, 192, 5029971, 4364463, 0.4, 50, 100, 11, 229, 5000, 20
0, 12000, 105, 218, 192, 4974185, 4251581, 0.4, 50, 100, 11, 203, 5000, 20
0, 12000, 100, 207, 182, 5135813, 4282144, 0.4, 50, 100, 11, 227, 5000, 20
0, 12000, 121, 235, 191, 5026340, 4150844, 0.4, 50, 100, 11, 223, 5000, 20
0, 12000, 102, 204, 176, 5076841, 4243787, 0.4, 50, 100, 11, 262, 5000, 20
0, 12000, 89, 195, 160, 4917828, 4167851, 0.4, 50, 100, 11, 244, 5000, 20
0, 12000, 111, 232, 216, 5028281, 4337108, 0.4, 50, 100, 11, 225, 5000, 20
0, 12000, 110, 232, 198, 4864754, 4196899, 0.4, 50, 100, 11, 213, 5000, 20
0, 12000, 105, 197, 164, 4849346, 4093442, 0.4, 50, 100, 11, 246, 5000, 20
0, 12000, 87, 197, 164, 5131160, 4276944, 0.4, 50, 100, 11, 276, 5000, 20
0, 12000, 111, 219, 183, 4959029, 4443973, 0.4, 50, 100, 11, 200, 5000, 20
0, 12000, 104, 209, 192, 5075443, 4181488, 0.4, 50, 100, 11, 210, 5000, 20
0, 12000, 106, 213, 193, 5141099, 4547696, 0.4, 50, 100, 11, 211, 5000, 20
0, 12000, 97, 222, 197, 5181304, 4257508, 0.4, 50, 100, 11, 218, 5000, 20
0, 12000, 103, 222, 188, 5240854, 4144364, 0.4, 50, 100, 11, 236, 5000, 20
0, 12000, 101, 218, 192, 5174385, 4295610, 0.4, 50, 100, 11, 220, 5000, 20
0, 12000, 101, 214, 184, 4908996, 4270464, 0.4, 50, 100, 11, 202, 5000, 20
0, 12000, 84, 201, 170, 4951565, 4330040, 0.4, 50, 100, 11, 218, 5000, 20
0, 12000, 92, 196, 173, 5121562, 4247261, 0.4, 50, 100, 11, 232, 5000, 20
0, 12000, 117, 231, 201, 5196336, 4286533, 0.4, 50, 100, 11, 247, 5000, 20
0, 12000, 104, 224, 184, 4999007, 4105182, 0.4, 50, 100, 11, 261, 5000, 20
0, 12000, 101, 185, 171, 4921874, 4201275, 0.4, 50, 100, 11, 256, 5000, 20
0, 12000, 111, 204, 188, 5213709, 4428194, 0.4, 50, 100, 11, 213, 5000, 20
0, 12000, 110, 212, 192, 5080388, 4447360, 0.4, 50, 100, 11, 225, 5000, 20
0, 12000, 104, 209, 182, 5132781, 4237989, 0.4, 50, 100, 11, 261, 5000, 20
0, 12000, 103, 204, 179, 4943646, 4235738, 0.4, 50, 100, 11, 261, 5000, 20
0, 12000, 101, 236, 202, 5067384, 4092704, 0.4, 50, 100, 11, 226, 5000, 20
0, 12000, 102, 219, 186, 4944675, 4024452, 0.4, 50, 100, 11, 217, 5000, 20
0, 12000, 106, 213, 189, 4948428, 4203040, 0.4, 50, 100, 11, 234, 5000, 20
0, 12000, 92, 207, 182, 5062032, 4304618, 0.4, 50, 100, 11, 271, 5000, 20
0, 12000, 112, 226, 203, 5010511, 4209202, 0.4, 50, 100, 11, 252, 5000, 20
0, 12000, 98, 228, 189, 4882549, 4161968, 0.4, 50, 100, 11, 237, 5000, 20
0, 12000, 109, 212, 198, 5097413, 4394164, 0.4, 50, 100, 11, 209, 5000, 20
0, 12000, 108, 211, 182, 5142676, 4279577, 0.4, 50, 100, 11, 217, 5000, 20
0, 12000, 104, 218, 201, 4890061, 4252927, 0.4, 50, 100, 11, 232, 5000, 20
0, 12000, 112, 220, 204, 4919616, 4333407, 0.4, 50, 100, 11, 248, 5000, 20
0, 12000, 101, 227, 207, 5007539, 4274097, 0.4, 50, 100, 11, 299, 5000, 20
0, 12000, 87, 200, 167, 5087167, 4361187, 0.4, 50, 100, 11, 269, 5000, 20
0, 12000, 125, 220, 195, 4771017, 4291652, 0.4, 50, 100, 11, 222, 5000, 20
0, 12000, 87, 192, 161, 4903540, 4167697, 0.4, 50, 100, 11, 250, 5000, 20
0, 12000, 115, 224, 200, 5023500, 4314869, 0.4, 50, 100, 11, 206, 5000, 20
0, 12000, 92, 187, 165, 4809284, 4289977, 0.4, 50, 100, 11, 280, 5000, 20
0, 12000, 116, 225, 203, 5083986, 4382043, 0.4, 50, 100, 11, 226, 5000, 20
0, 12000, 82, 190, 169, 5081396, 4301826, 0.4, 50, 100, 11, 219, 5000, 20
0, 12000, 116, 222, 195, 5015777, 4191373, 0.4, 50, 100, 11, 274, 5000, 20
0, 12000, 111, 221, 179, 4992546, 4322573, 0.4, 50, 100, 11, 235, 5000, 20
0, 12000, 94, 218, 181, 4976604, 4352491, 0.4, 50, 100, 11, 215, 5000, 20
0, 12000, 110, 205, 185, 5072873, 4190458, 0.4, 50, 100, 11, 256, 5000, 20
0, 12000, 107, 216, 188, 4992206, 4280437, 0.4, 50, 100, 11, 223, 5000, 20
0, 12000, 98, 206, 193, 4757819, 4054002, 0.4, 50, 100, 11, 213, 5000, 20
0, 12000, 106, 224, 201, 5114565, 4434886, 0.4, 50, 100, 11, 232, 5000, 20
0, 12000, 98, 220, 185, 5033682, 4296674, 0.4, 50, 100, 11, 208, 5000, 20
0, 12000, 103, 199, 171, 4973376, 4106504, 0.4, 50, 100, 11, 220, 5000, 20
0, 12000, 93, 209, 175, 5122007, 4388057, 0.4, 50, 100, 11, 214, 5000, 20
0, 12000, 98, 210, 193, 4949621, 4344683, 0.4, 50, 100, 11, 229, 5000, 20
0, 12000, 106, 214, 198, 5090837, 4384376, 0.4, 50, 100, 11, 199, 5000, 20
0, 12000, 99, 217, 207, 5236039, 4383913, 0.4, 50, 100, 11, 205, 5000, 20
0, 12000, 88, 193, 177, 5003823, 4578229, 0.4, 50, 100, 11, 233, 5000, 20
0, 12000, 99, 210, 198, 5065143, 4384387, 0.4, 50, 100, 11, 231, 5000, 20
0, 12000, 98, 214, 186, 5153604, 4506956, 0.4, 50, 100, 11, 254, 5000, 20
0, 12000, 101, 195, 192, 5145470, 4339944, 0.4, 50, 100, 11, 237, 5000, 20
0, 12000, 83, 206, 175, 5118670, 4373152, 0.4, 50, 100, 11, 242, 5000, 20
0, 12000, 103, 207, 193, 5089908, 4271160, 0.4, 50, 100, 11, 278, 5000, 20
0, 12000, 84, 193, 156, 5134126, 4314564, 0.4, 50, 100, 11, 209, 5000, 20
0, 12000, 89, 206, 188, 4935879, 4336986, 0.4, 50, 100, 11, 210, 5000, 20
0, 12000, 96, 192, 174, 5076029, 4372296, 0.4, 50, 100, 11, 285, 5000, 20
0, 12000, 118, 218, 194, 5089964, 4146741, 0.4, 50, 100, 11, 249, 5000, 20
0, 12000, 93, 215, 192, 4995068, 4245481, 0.4, 50, 100, 11, 250, 5000, 20
0, 12000, 116, 233, 198, 5130100, 4315274, 0.4, 50, 100, 11, 218, 5000, 20
0, 12000, 99, 214, 183, 4928841, 4138525, 0.4, 50, 100, 11, 261, 5000, 20
0, 12000, 99, 221, 198, 5195164, 4400723, 0.4, 50, 100, 11, 211, 5000, 20
0, 12000, 108, 223, 192, 4877020, 4118601, 0.4, 50, 100, 11, 301, 5000, 20
0, 12000, 99, 203, 177, 5070935, 4355848, 0.4, 50, 100, 11, 234, 5000, 20
0, 12000, 106, 232, 193, 4990142, 4135233, 0.4, 50, 100, 11, 260, 5000, 20
0, 12000, 101, 214, 183, 5022469, 4156952, 0.4, 50, 100, 11, 226, 5000, 20
0, 12000, 107, 210, 186, 4945391, 4349161, 0.4, 50, 100, 11, 255, 5000, 20
0, 12000, 96, 210, 185, 4771015, 4152477, 0.4, 50, 100, 11, 207, 5000, 20
0, 12000, 80, 203, 152, 4901484, 4226888, 0.4, 50, 100, 11, 219, 5000, 20
0, 12000, 111, 212, 184, 5192914, 4294053, 0.4, 50, 100, 11, 281, 5000, 20
0, 12000, 99, 197, 174, 6012135, 5050769, 0.4, 50, 100, 13, 273, 5000, 20
0, 12000, 107, 218, 189, 6112356, 5079369, 0.4, 50, 100, 13, 271, 5000, 20
0, 12000, 105, 211, 183, 6002801, 5094754, 0.4, 50, 100, 13, 276, 5000, 20
0, 12000, 124, 226, 203, 6022302, 5279738, 0.4, 50, 100, 13, 333, 5000, 20
0, 12000, 92, 198, 172, 5950627, 5072979, 0.4, 50, 100, 13, 294, 5000, 20
0, 12000, 98, 225, 177, 5830602, 4915849, 0.4, 50, 100, 13, 355, 5000, 20
0, 12000, 102, 200, 181, 5871959, 5041533, 0.4, 50, 100, 13, 309, 5000, 20
0, 12000, 110, 212, 199, 6044148, 4981775, 0.4, 50, 100, 13, 349, 5000, 20
0, 12000, 116, 235, 200, 5727228, 4836066, 0.4, 50, 100, 13, 272, 5000, 20
0, 12000, 111, 228, 195, 6038819, 5067752, 0.4, 50, 100, 13, 346, 5000, 20
0, 12000, 99, 208, 178, 5790763, 4949174, 0.4, 50, 100, 13, 345, 5000, 20
0, 12000, 95, 220, 206, 5740304, 4868944, 0.4, 50, 100, 13, 283, 5000, 20
0, 12000, 103, 222, 186, 5822932, 4883127, 0.4, 50, 100, 13, 388, 5000, 20
0, 12000, 110, 219, 197, 5895521, 5044989, 0.4, 50, 100, 13, 355, 5000, 20
0, 12000, 98, 208, 190, 5814072, 4936103, 0.4, 50, 100, 13, 270, 5000, 20
0, 12000, 100, 210, 175, 5791603, 4832321, 0.4, 50, 100, 13, 278, 5000, 20
0, 12000, 103, 226, 172, 6060740, 5061614, 0.4, 50, 100, 13, 285, 5000, 20
0, 12000, 104, 211, 186, 6005431, 4929859, 0.4, 50, 100, 13, 342, 5000, 20
0, 12000, 108, 224, 183, 6302907, 5311478, 0.4, 50, 100, 13, 309, 5000, 20
0, 12000, 92, 216, 180, 5879811, 4972239, 0.4, 50, 100, 13, 292, 5000, 20
0, 12000, 99, 199, 165, 5828264, 4823593, 0.4, 50, 100, 13, 334, 5000, 20
0, 12000, 102, 224, 191, 5978478, 5177601, 0.4, 50, 100, 13, 360, 5000, 20
0, 12000, 111, 203, 200, 5968160, 5081342, 0.4, 50, 100, 13, 316, 5000, 20
0, 12000, 114, 233, 201, 5822150, 4886431, 0.4, 50, 100, 13, 281, 5000, 20
0, 12000, 96, 211, 197, 5895339, 4981548, 0.4, 50, 100, 13, 267, 5000, 20
0, 12000, 98, 208, 178, 5877630, 4978188, 0.4, 50, 100, 13, 327, 5000, 20
0, 12000, 110, 205, 188, 5993114, 5111617, 0.4, 50, 100, 13, 287, 5000, 20
0, 12000, 96, 218, 174, 6122577, 5282133, 0.4, 50, 100, 13, 387, 5000, 20
0, 12000, 99, 218, 184, 5818088, 4924414, 0.4, 50, 100, 13, 310, 5000, 20
0, 12000, 96, 219, 192, 6103971, 5155193, 0.4, 50, 100, 13, 326, 5000, 20
0, 12000, 100, 197, 186, 6193563, 5376633, 0.4, 50, 100, 13, 310, 5000, 20
0, 12000, 107, 210, 180, 5901420, 5059251, 0.4, 50, 100, 13, 326, 5000, 20
0, 12000, 112, 224, 197, 5792092, 4881791, 0.4, 50, 100, 13, 289, 5000, 20
0, 12000, 109, 220, 183, 6073268, 5156062, 0.4, 50, 100, 13, 287, 5000, 20
0, 12000, 94, 206, 172, 5988899, 5048961, 0.4, 50, 100, 13, 279, 5000, 20
0, 12000, 108, 216, 187, 5997011, 5168740, 0.4, 50, 100, 13, 287, 5000, 20
0, 12000, 121, 235, 211, 5900730, 4913799, 0.4, 50, 100, 13, 271, 5000, 20
0, 12000, 101, 207, 171, 6061355, 5034992, 0.4, 50, 100, 13, 278, 5000, 20
0, 12000, 100, 217, 199, 5929863, 5034940, 0.4, 50, 100, 13, 279, 5000, 20
0, 12000, 107, 202, 185, 5856185, 4976790, 0.4, 50, 100, 13, 277, 5000, 20
0, 12000, 112, 213, 184, 5863135, 4891320, 0.4, 50, 100, 13, 318, 5000, 20
0, 12000, 120, 209, 186, 6023385, 5218922, 0.4, 50, 100, 13, 250, 5000, 20
0, 12000, 102, 207, 174, 5960218, 5135596, 0.4, 50, 100, 13, 269, 5000, 20
0, 12000, 76, 196, 183, 5939756, 5044351, 0.4, 50, 100, 13, 298, 5000, 20
0, 12000, 100, 216, 183, 5988099, 5235270, 0.4, 50, 100, 13, 366, 5000, 20
0, 12000, 99, 215, 183, 6031544, 5174464, 0.4, 50, 100, 13, 261, 5000, 20
0, 12000, 91, 184, 153, 6143423, 5349894, 0.4, 50, 100, 13, 257, 5000, 20
0, 12000, 101, 219, 196, 5763111, 4976862, 0.4, 50, 100, 13, 322, 5000, 20
0, 12000, 96, 221, 186, 6029025, 5212857, 0.4, 50, 100, 13, 330, 5000, 20
0, 12000, 102, 203, 190, 5933972, 4985224, 0.4, 50, 100, 13, 270, 5000, 20
0, 12000, 100, 220, 186, 5921452, 5174685, 0.4, 50, 100, 13, 294, 5000, 20
0, 12000, 86, 201, 167, 5690717, 5029960, 0.4, 50, 100, 13, 291, 5000, 20
0, 12000, 106, 194, 187, 5664282, 4956940, 0.4, 50, 100, 13, 330, 5000, 20
0, 12000, 97, 211, 183, 5887144, 5078181, 0.4, 50, 100, 13, 312, 5000, 20
0, 12000, 114, 217, 182, 5881914, 5051174, 0.4, 50, 100, 13, 281, 5000, 20
0, 12000, 112, 229, 205, 5956146, 5070575, 0.4, 50, 100, 13, 284, 5000, 20
0, 12000, 107, 206, 187, 5938235, 5007823, 0.4, 50, 100, 13, 297, 5000, 20
0, 12000, 99, 200, 185, 6001418, 5121614, 0.4, 50, 100, 13, 326, 5000, 20
0, 12000, 105, 224, 212, 5966843, 4978172, 0.4, 50, 100, 13, 351, 5000, 20
0, 12000, 111, 199, 183, 6156635, 5194637, 0.4, 50, 100, 13, 267, 5000, 20
0, 12000, 106, 226, 183, 5914895, 5000254, 0.4, 50, 100, 13, 364, 5000, 20
0, 12000, 109, 208, 188, 6023859, 5254096, 0.4, 50, 100, 13, 346, 5000, 20
0, 12000, 105, 212, 186, 5950728, 4960085, 0.4, 50, 100, 13, 270, 5000, 20
0, 12000, 104, 217, 197, 5773720, 4877520, 0.4, 50, 100, 13, 283, 5000, 20
0, 12000, 99, 197, 177, 6231378, 5263557, 0.4, 50, 100, 13, 282, 5000, 20
0, 12000, 104, 227, 198, 5963750, 5144272, 0.4, 50, 100, 13, 251, 5000, 20
0, 12000, 89, 197, 168, 5910144, 5010373, 0.4, 50, 100, 13, 274, 5000, 20
0, 12000, 104, 214, 190, 5980473, 5195350, 0.4, 50, 100, 13, 257, 5000, 20
0, 12000, 93, 195, 174, 6141845, 5121336, 0.4, 50, 100, 13, 255, 5000, 20
0, 12000, 104, 209, 185, 5994838, 5113755, 0.4, 50, 100, 13, 269, 5000, 20
0, 12000, 102, 197, 170, 6036522, 5202098, 0.4, 50, 100, 13, 258, 5000, 20
0, 12000, 107, 222, 181, 6033070, 5154235, 0.4, 50, 100, 13, 263, 5000, 20
0, 12000, 105, 220, 187, 5946395, 5047669, 0.4, 50, 100, 13, 279, 5000, 20
0, 12000, 108, 220, 199, 5976113, 5111711, 0.4, 50, 100, 13, 267, 5000, 20
0, 12000, 95, 203, 191, 5910882, 5055283, 0.4, 50, 100, 13, 310, 5000, 20
0, 12000, 91, 202, 181, 5763883, 5042434, 0.4, 50, 100, 13, 257, 5000, 20
0, 12000, 98, 216, 175, 5981566, 5078720, 0.4, 50, 100, 13, 259, 5000, 20
0, 12000, 91, 207, 167, 6088421, 5018461, 0.4, 50, 100, 13, 270, 5000, 20
0, 12000, 94, 203, 181, 6093556, 5018450, 0.4, 50, 100, 13, 425, 5000, 20
0, 12000, 112, 214, 198, 5845604, 4998549, 0.4, 50, 100, 13, 269, 5000, 20
0, 12000, 101, 209, 177, 5719839, 4818862, 0.4, 50, 100, 13, 264, 5000, 20
0, 12000, 114, 217, 185, 5734362, 4997161, 0.4, 50, 100, 13, 315, 5000, 20
0, 12000, 110, 222, 191, 5993613, 5081200, 0.4, 50, 100, 13, 288, 5000, 20
0, 12000, 105, 210, 188, 5988381, 5043698, 0.4, 50, 100, 13, 292, 5000, 20
0, 12000, 113, 225, 218, 6124269, 5296175, 0.4, 50, 100, 13, 261, 5000, 20
0, 12000, 99, 212, 177, 6020672, 5010421, 0.4, 50, 100, 13, 299, 5000, 20
0, 12000, 115, 230, 191, 6015125, 5135241, 0.4, 50, 100, 13, 286, 5000, 20
0, 12000, 116, 209, 181, 6014564, 5127870, 0.4, 50, 100, 13, 275, 5000, 20
0, 12000, 115, 208, 189, 6008773, 5132372, 0.4, 50, 100, 13, 318, 5000, 20
0, 12000, 96, 202, 169, 5986586, 5043890, 0.4, 50, 100, 13, 284, 5000, 20
0, 12000, 95, 199, 175, 5917888, 4879954, 0.4, 50, 100, 13, 290, 5000, 20
0, 12000, 103, 233, 203, 5985728, 5247352, 0.4, 50, 100, 13, 277, 5000, 20
0, 12000, 98, 202, 179, 5953575, 5178391, 0.4, 50, 100, 13, 244, 5000, 20
0, 12000, 95, 224, 197, 6022887, 5057321, 0.4, 50, 100, 13, 263, 5000, 20
0, 12000, 105, 207, 185, 6199712, 5094934, 0.4, 50, 100, 13, 269, 5000, 20
0, 12000, 115, 226, 201, 5718599, 4781859, 0.4, 50, 100, 13, 354, 5000, 20
0, 12000, 119, 228, 192, 5983631, 5020806, 0.4, 50, 100, 13, 291, 5000, 20
0, 12000, 98, 199, 179, 5820070, 4955267, 0.4, 50, 100, 13, 283, 5000, 20
0, 12000, 105, 205, 181, 5914890, 5102329, 0.4, 50, 100, 13, 391, 5000, 20
0, 12000, 97, 206, 179, 6068716, 5057245, 0.4, 50, 100, 13, 308, 5000, 20
0, 12000, 99, 210, 168, 6680527, 5580643, 0.4, 50, 100, 15, 369, 5000, 20
0, 12000, 101, 215, 180, 6803731, 6045623, 0.4, 50, 100, 15, 347, 5000, 20
0, 12000, 113, 225, 195, 6877576, 5849392, 0.4, 50, 100, 15, 366, 5000, 20
0, 12000, 118, 226, 202, 6837622, 5892687, 0.4, 50, 100, 15, 340, 5000, 20
0, 12000, 101, 210, 177, 6728350, 5755164, 0.4, 50, 100, 15, 338, 5000, 20
0, 12000, 97, 201, 167, 6794005, 5670630, 0.4, 50, 100, 15, 365, 5000, 20
0, 12000, 99, 202, 167, 6984294, 5853796, 0.4, 50, 100, 15, 331, 5000, 20
0, 12000, 101, 218, 178, 6845765, 5689319, 0.4, 50, 100, 15, 339, 5000, 20
0, 12000, 122, 231, 204, 6891594, 5901744, 0.4, 50, 100, 15, 360, 5000, 20
0, 12000, 111, 221, 193, 6741811, 5681138, 0.4, 50, 100, 15, 403, 5000, 20
0, 12000, 107, 223, 181, 6972152, 5883932, 0.4, 50, 100, 15, 465, 5000, 20
0, 12000, 86, 207, 178, 6729273, 5777601, 0.4, 50, 100, 15, 381, 5000, 20
0, 12000, 116, 227, 192, 6778577, 5701930, 0.4, 50, 100, 15, 393, 5000, 20
0, 12000, 102, 218, 194, 7005017, 5776805, 0.4, 50, 100, 15, 465, 5000, 20
0, 12000, 107, 218, 190, 6776964, 5950649, 0.4, 50, 100, 15, 356, 5000, 20
0, 12000, 97, 222, 190, 6781459, 5591987, 0.4, 50, 100, 15, 471, 5000, 20
0, 12000, 118, 209, 195, 6775224, 5784850, 0.4, 50, 100, 15, 479, 5000, 20
0, 12000, 81, 194, 166, 7130192, 5882758, 0.4, 50, 100, 15, 382, 5000, 20
0, 12000, 104, 208, 187, 6873990, 5945813, 0.4, 50, 100, 15, 436, 5000, 20
0, 12000, 97, 213, 179, 6887130, 6100652, 0.4, 50, 100, 15, 406, 5000, 20
0, 12000, 106, 206, 184, 6877889, 6038363, 0.4, 50, 100, 15, 359, 5000, 20
0, 12000, 104, 216, 195, 6780855, 5733595, 0.4, 50, 100, 15, 370, 5000, 20
0, 12000, 103, 215, 179, 6817928, 5601861, 0.4, 50, 100, 15, 348, 5000, 20
0, 12000, 103, 225, 195, 6840032, 5913818, 0.4, 50, 100, 15, 341, 5000, 20
0, 12000, 88, 192, 161, 6936391, 6023166, 0.4, 50, 100, 15, 479, 5000, 20
0, 12000, 99, 224, 199, 6945149, 5811614, 0.4, 50, 100, 15, 369, 5000, 20
0, 12000, 115, 227, 206, 7063001, 6202367, 0.4, 50, 100, 15, 361, 5000, 20
0, 12000, 103, 219, 199, 6789395, 5786779, 0.4, 50, 100, 15, 602, 5000, 20
0, 12000, 107, 211, 185, 6661232, 5786038, 0.4, 50, 100, 15, 375, 5000, 20
0, 12000, 93, 222, 193, 6956070, 5896438, 0.4, 50, 100, 15, 447, 5000, 20
0, 12000, 113, 208, 187, 6883888, 5790017, 0.4, 50, 100, 15, 428, 5000, 20
0, 12000, 100, 209, 179, 6873790, 5901305, 0.4, 50, 100, 15, 340, 5000, 20
0, 12000, 120, 229, 217, 6988947, 5993473, 0.4, 50, 100, 15, 366, 5000, 20
0, 12000, 106, 218, 190, 6726575, 5650298, 0.4, 50, 100, 15, 342, 5000, 20
0, 12000, 91, 208, 179, 6870014, 5766566, 0.4, 50, 100, 15, 328, 5000, 20
0, 12000, 103, 203, 180, 6648424, 5637063, 0.4, 50, 100, 15, 354, 5000, 20
0, 12000, 104, 200, 166, 6941009, 5998797, 0.4, 50, 100, 15, 420, 5000, 20
0, 12000, 117, 226, 213, 7056553, 6072478, 0.4, 50, 100, 15, 383, 5000, 20
0, 12000, 91, 194, 166, 6713244, 5642536, 0.4, 50, 100, 15, 389, 5000, 20
0, 12000, 102, 225, 202, 6791496, 5806392, 0.4, 50, 100, 15, 440, 5000, 20
0, 12000, 98, 206, 174, 6841056, 5824539, 0.4, 50, 100, 15, 405, 5000, 20
0, 12000, 97, 193, 165, 6676861, 5668513, 0.4, 50, 100, 15, 359, 5000, 20
0, 12000, 88, 208, 174, 6741969, 5909984, 0.4, 50, 100, 15, 343, 5000, 20
0, 12000, 118, 242, 213, 7090288, 5992028, 0.4, 50, 100, 15, 381, 5000, 20
0, 12000, 94, 206, 172, 6775921, 5780509, 0.4, 50, 100, 15, 356, 5000, 20
0, 12000, 97, 226, 197, 6915602, 5878238, 0.4, 50, 100, 15, 337, 5000, 20
0, 12000, 115, 231, 202, 6947599, 5794292, 0.4, 50, 100, 15, 348, 5000, 20
0, 12000, 107, 220, 195, 6801695, 5743526, 0.4, 50, 100, 15, 346, 5000, 20
0, 12000, 95, 210, 184, 6728358, 5736686, 0.4, 50, 100, 15, 377, 5000, 20
0, 12000, 124, 216, 199, 6968236, 5769065, 0.4, 50, 100, 15, 428, 5000, 20
0, 12000, 96, 204, 177, 6936458, 5911197, 0.4, 50, 100, 15, 360, 5000, 20
0, 12000, 95, 191, 170, 6760959, 6017777, 0.4, 50, 100, 15, 402, 5000, 20
0, 12000, 114, 239, 203, 6826233, 5737802, 0.4, 50, 100, 15, 335, 5000, 20
0, 12000, 100, 204, 183, 6900130, 5905578, 0.4, 50, 100, 15, 413, 5000, 20
0, 12000, 105, 217, 184, 7032973, 5989675, 0.4, 50, 100, 15, 518, 5000, 20
0, 12000, 100, 201, 209, 6779419, 5699329, 0.4, 50, 100, 15, 330, 5000, 20
0, 12000, 101, 214, 190, 6965630, 6001945, 0.4, 50, 100, 15, 425, 5000, 20
0, 12000, 101, 222, 189, 6795048, 5891325, 0.4, 50, 100, 15, 440, 5000, 20
0, 12000, 104, 229, 200, 6972713, 5859753, 0.4, 50, 100, 15, 493, 5000, 20
0, 12000, 103, 230, 196, 7127632, 6056721, 0.4, 50, 100, 15, 376, 5000, 20
0, 12000, 87, 190, 163, 6799528, 5765594, 0.4, 50, 100, 15, 482, 5000, 20
0, 12000, 106, 213, 189, 7062954, 5792944, 0.4, 50, 100, 15, 346, 5000, 20
0, 12000, 98, 203, 174, 6891347, 5823863, 0.4, 50, 100, 15, 328, 5000, 20
0, 12000, 115, 214, 198, 6673384, 5639127, 0.4, 50, 100, 15, 354, 5000, 20
0, 12000, 86, 208, 169, 6994985, 6092842, 0.4, 50, 100, 15, 346, 5000, 20
0, 12000, 117, 229, 202, 6984233, 5874197, 0.4, 50, 100, 15, 480, 5000, 20
0, 12000, 122, 207, 193, 6819508, 5809862, 0.4, 50, 100, 15, 411, 5000, 20
0, 12000, 117, 206, 200, 6736140, 5807798, 0.4, 50, 100, 15, 381, 5000, 20
0, 12000, 106, 228, 193, 7037700, 5878460, 0.4, 50, 100, 15, 336, 5000, 20
0, 12000, 107, 219, 193, 6892750, 5768960, 0.4, 50, 100, 15, 320, 5000, 20
0, 12000, 104, 214, 170, 6651488, 5715012, 0.4, 50, 100, 15, 355, 5000, 20
0, 12000, 107, 212, 195, 6857161, 5791133, 0.4, 50, 100, 15, 377, 5000, 20
0, 12000, 92, 209, 175, 6794767, 5802334, 0.4, 50, 100, 15, 357, 5000, 20
0, 12000, 96, 208, 166, 6813157, 5729964, 0.4, 50, 100, 15, 339, 5000, 20
0, 12000, 97, 190, 160, 6844568, 5932660, 0.4, 50, 100, 15, 412, 5000, 20
0, 12000, 108, 221, 195, 6815852, 5991133, 0.4, 50, 100, 15, 442, 5000, 20
0, 12000, 103, 205, 194, 7290987, 6239153, 0.4, 50, 100, 15, 332, 5000, 20
0, 12000, 85, 207, 171, 6742517, 5803842, 0.4, 50, 100, 15, 353, 5000, 20
0, 12000, 90, 203, 169, 6903135, 5760750, 0.4, 50, 100, 15, 349, 5000, 20
0, 12000, 115, 211, 189, 7063834, 5898101, 0.4, 50, 100, 15, 338, 5000, 20
0, 12000, 95, 198, 172, 6922460, 5753681, 0.4, 50, 100, 15, 583, 5000, 20
0, 12000, 105, 209, 196, 6672193, 5809608, 0.4, 50, 100, 15, 371, 5000, 20
0, 12000, 114, 210, 200, 6824821, 5701065, 0.4, 50, 100, 15, 395, 5000, 20
0, 12000, 96, 200, 185, 7043323, 5873951, 0.4, 50, 100, 15, 341, 5000, 20
0, 12000, 100, 205, 186, 6874599, 5882396, 0.4, 50, 100, 15, 379, 5000, 20
0, 12000, 104, 208, 179, 6614804, 5617563, 0.4, 50, 100, 15, 404, 5000, 20
0, 12000, 104, 218, 205, 6891802, 5836239, 0.4, 50, 100, 15, 356, 5000, 20
0, 12000, 103, 202, 192, 6732808, 5678885, 0.4, 50, 100, 15, 413, 5000, 20
0, 12000, 115, 229, 208, 6887661, 5689493, 0.4, 50, 100, 15, 339, 5000, 20
0, 12000, 100, 219, 185, 7070119, 5867670, 0.4, 50, 100, 15, 422, 5000, 20
0, 12000, 108, 220, 178, 7003440, 5840626, 0.4, 50, 100, 15, 355, 5000, 20
0, 12000, 103, 210, 200, 6820655, 5861680, 0.4, 50, 100, 15, 377, 5000, 20
0, 12000, 89, 191, 181, 6867598, 5866378, 0.4, 50, 100, 15, 428, 5000, 20
0, 12000, 95, 214, 182, 6937552, 5810758, 0.4, 50, 100, 15, 394, 5000, 20
0, 12000, 106, 199, 184, 6685288, 5817495, 0.4, 50, 100, 15, 614, 5000, 20
0, 12000, 106, 207, 188, 6731049, 5532835, 0.4, 50, 100, 15, 341, 5000, 20
0, 12000, 96, 212, 175, 6708625, 5747271, 0.4, 50, 100, 15, 356, 5000, 20
0, 12000, 109, 209, 172, 6715939, 5809451, 0.4, 50, 100, 15, 443, 5000, 20
0, 12000, 110, 217, 179, 6942017, 5900673, 0.4, 50, 100, 15, 421, 5000, 20
0, 12000, 99, 210, 190, 6641432, 5575631, 0.4, 50, 100, 15, 527, 5000, 20
0, 12000, 97, 195, 166, 7907432, 6531793, 0.4, 50, 100, 17, 458, 5000, 20
0, 12000, 120, 232, 194, 7939972, 6438727, 0.4, 50, 100, 17, 439, 5000, 20
0, 12000, 103, 232, 180, 8036307, 6724152, 0.4, 50, 100, 17, 434, 5000, 20
0, 12000, 101, 208, 186, 7857930, 6697953, 0.4, 50, 100, 17, 448, 5000, 20
0, 12000, 103, 206, 192, 7732596, 6523179, 0.4, 50, 100, 17, 465, 5000, 20
0, 12000, 101, 197, 170, 8026424, 6856125, 0.4, 50, 100, 17, 525, 5000, 20
0, 12000, 101, 226, 197, 7937340, 6595217, 0.4, 50, 100, 17, 451, 5000, 20
0, 12000, 84, 180, 159, 8086491, 6773858, 0.4, 50, 100, 17, 463, 5000, 20
0, 12000, 102, 209, 187, 7391922, 6273948, 0.4, 50, 100, 17, 543, 5000, 20
0, 12000, 98, 214, 181, 7587164, 6535234, 0.4, 50, 100, 17, 535, 5000, 20
0, 12000, 97, 218, 175, 7772726, 6641838, 0.4, 50, 100, 17, 497, 5000, 20
0, 12000, 101, 202, 195, 7788264, 6601441, 0.4, 50, 100, 17, 558, 5000, 20
0, 12000, 104, 210, 178, 7685308, 6502647, 0.4, 50, 100, 17, 460, 5000, 20
0, 12000, 103, 222, 199, 7816063, 6698415, 0.4, 50, 100, 17, 550, 5000, 20
0, 12000, 96, 202, 149, 7728565, 6452960, 0.4, 50, 100, 17, 591, 5000, 20
0, 12000, 84, 167, 148, 7729825, 6652400, 0.4, 50, 100, 17, 538, 5000, 20
0, 12000, 103, 204, 189, 7774296, 6661111, 0.4, 50, 100, 17, 485, 5000, 20
0, 12000, 92, 203, 172, 7642816, 6569050, 0.4, 50, 100, 17, 627, 5000, 20
0, 12000, 107, 211, 172, 7524854, 6532668, 0.4, 50, 100, 17, 442, 5000, 20
0, 12000, 90, 191, 167, 7842051, 6551042, 0.4, 50, 100, 17, 439, 5000, 20
0, 12000, 92, 211, 193, 7959904, 6737147, 0.4, 50, 100, 17, 445, 5000, 20
0, 12000, 99, 188, 168, 8172429, 6894268, 0.4, 50, 100, 17, 493, 5000, 20
0, 12000, 119, 209, 188, 7811138, 6675427, 0.4, 50, 100, 17, 437, 5000, 20
0, 12000, 107, 211, 184, 7872951, 6574836, 0.4, 50, 100, 17, 559, 5000, 20
0, 12000, 99, 205, 202, 7745407, 6635472, 0.4, 50, 100, 17, 542, 5000, 20
0, 12000, 86, 201, 165, 7770762, 6670456, 0.4, 50, 100, 17, 705, 5000, 20
0, 12000, 109, 219, 203, 7911346, 6683734, 0.4, 50, 100, 17, 501, 5000, 20
0, 12000, 115, 230, 188, 7878024, 6736100, 0.4, 50, 100, 17, 578, 5000, 20
0, 12000, 109, 213, 188, 7961801, 6697673, 0.4, 50, 100, 17, 446, 5000, 20
0, 12000, 107, 212, 177, 7610673, 6209791, 0.4, 50, 100, 17, 441, 5000, 20
0, 12000, 109, 219, 197, 8240719, 6892666, 0.4, 50, 100, 17, 566, 5000, 20
0, 12000, 114, 235, 205, 8048371, 6750360, 0.4, 50, 100, 17, 533, 5000, 20
0, 12000, 104, 221, 200, 7803413, 6492944, 0.4, 50, 100, 17, 450, 5000, 20
0, 12000, 104, 222, 188, 7752238, 6542254, 0.4, 50, 100, 17, 689, 5000, 20
0, 12000, 107, 201, 187, 7928678, 6730148, 0.4, 50, 100, 17, 562, 5000, 20
0, 12000, 97, 187, 169, 7837996, 6624511, 0.4, 50, 100, 17, 475, 5000, 20
0, 12000, 84, 200, 169, 7554802, 6453908, 0.4, 50, 100, 17, 475, 5000, 20
0, 12000, 93, 209, 170, 7735284, 6550507, 0.4, 50, 100, 17, 498, 5000, 20
0, 12000, 95, 205, 166, 7587391, 6528141, 0.4, 50, 100, 17, 551, 5000, 20
0, 12000, 112, 219, 201, 7817919, 6594847, 0.4, 50, 100, 17, 445, 5000, 20
0, 12000, 99, 234, 202, 7856869, 6662182, 0.4, 50, 100, 17, 390, 5000, 20
0, 12000, 110, 219, 190, 7663025, 6653304, 0.4, 50, 100, 17, 456, 5000, 20
0, 12000, 98, 207, 184, 7788606, 6707278, 0.4, 50, 100, 17, 517, 5000, 20
0, 12000, 107, 206, 172, 8055132, 6750928, 0.4, 50, 100, 17, 520, 5000, 20
0, 12000, 98, 216, 187, 7581085, 6478985, 0.4, 50, 100, 17, 437, 5000, 20
0, 12000, 102, 204, 187, 7834447, 6676979, 0.4, 50, 100, 17, 578, 5000, 20
0, 12000, 92, 194, 173, 7788109, 6709038, 0.4, 50, 100, 17, 415, 5000, 20
0, 12000, 100, 203, 172, 7891377, 6664697, 0.4, 50, 100, 17, 483, 5000, 20
0, 12000, 108, 214, 192, 7758268, 6573818, 0.4, 50, 100, 17, 457, 5000, 20
0, 12000, 85, 201, 177, 7879562, 6646218, 0.4, 50, 100, 17, 419, 5000, 20
0, 12000, 99, 220, 182, 7962544, 6652437, 0.4, 50, 100, 17, 417, 5000, 20
0, 12000, 115, 225, 189, 7947271, 6632553, 0.4, 50, 100, 17, 446, 5000, 20
0, 12000, 94, 202, 152, 7994589, 6874184, 0.4, 50, 100, 17, 692, 5000, 20
0, 12000, 90, 201, 184, 7888453, 6770469, 0.4, 50, 100, 17, 466, 5000, 20
0, 12000, 98, 221, 187, 7789658, 6610420, 0.4, 50, 100, 17, 461, 5000, 20
0, 12000, 111, 217, 203, 7716753, 6490807, 0.4, 50, 100, 17, 539, 5000, 20
0, 12000, 97, 218, 182, 7880668, 6765502, 0.4, 50, 100, 17, 409, 5000, 20
0, 12000, 95, 219, 185, 7775602, 6521476, 0.4, 50, 100, 17, 547, 5000, 20
0, 12000, 115, 232, 183, 7734834, 6558648, 0.4, 50, 100, 17, 447, 5000, 20
0, 12000, 102, 212, 198, 7814182, 6769450, 0.4, 50, 100, 17, 446, 5000, 20
0, 12000, 108, 222, 196, 7681849, 6446432, 0.4, 50, 100, 17, 760, 5000, 20
0, 12000, 101, 228, 187, 7534105, 6296766, 0.4, 50, 100, 17, 528, 5000, 20
0, 12000, 98, 201, 185, 7834720, 6609689, 0.4, 50, 100, 17, 640, 5000, 20
0, 12000, 110, 220, 196, 7822437, 6604345, 0.4, 50, 100, 17, 489, 5000, 20
0, 12000, 97, 198, 182, 7781858, 6481513, 0.4, 50, 100, 17, 472, 5000, 20
0, 12000, 96, 206, 190, 7696154, 6552571, 0.4, 50, 100, 17, 471, 5000, 20
0, 12000, 113, 225, 202, 7846366, 6515509, 0.4, 50, 100, 17, 452, 5000, 20
0, 12000, 93, 201, 170, 7638539, 6501112, 0.4, 50, 100, 17, 492, 5000, 20
0, 12000, 99, 190, 170, 7913327, 6547381, 0.4, 50, 100, 17, 459, 5000, 20
0, 12000, 105, 208, 184, 7548150, 6276732, 0.4, 50, 100, 17, 504, 5000, 20
0, 12000, 89, 216, 159, 7764503, 6719989, 0.4, 50, 100, 17, 426, 5000, 20
0, 12000, 73, 200, 165, 7805767, 6569045, 0.4, 50, 100, 17, 428, 5000, 20
0, 12000, 117, 228, 188, 7710990, 6586203, 0.4, 50, 100, 17, 462, 5000, 20
0, 12000, 113, 212, 187, 7728146, 6621006, 0.4, 50, 100, 17, 501, 5000, 20
0, 12000, 101, 225, 201, 7794423, 6432724, 0.4, 50, 100, 17, 491, 5000, 20
0, 12000, 92, 199, 168, 7797046, 6605385, 0.4, 50, 100, 17, 435, 5000, 20
0, 12000, 106, 223, 189, 7734682, 6512172, 0.4, 50, 100, 17, 588, 5000, 20
0, 12000, 105, 201, 192, 7825401, 6546648, 0.4, 50, 100, 17, 810, 5000, 20
0, 12000, 99, 220, 194, 7903480, 6595651, 0.4, 50, 100, 17, 576, 5000, 20
0, 12000, 112, 225, 199, 7622086, 6355907, 0.4, 50, 100, 17, 678, 5000, 20
0, 12000, 113, 214, 174, 7705590, 6538715, 0.4, 50, 100, 17, 582, 5000, 20
0, 12000, 82, 185, 141, 7971233, 6806212, 0.4, 50, 100, 17, 613, 5000, 20
0, 12000, 95, 219, 175, 7900120, 6584495, 0.4, 50, 100, 17, 474, 5000, 20
0, 12000, 96, 209, 176, 7822484, 6746015, 0.4, 50, 100, 17, 613, 5000, 20
0, 12000, 94, 199, 163, 7602884, 6540735, 0.4, 50, 100, 17, 572, 5000, 20
0, 12000, 108, 235, 194, 7557826, 6312822, 0.4, 50, 100, 17, 488, 5000, 20
0, 12000, 98, 193, 159, 7888914, 6709368, 0.4, 50, 100, 17, 506, 5000, 20
0, 12000, 93, 206, 170, 7836027, 6611866, 0.4, 50, 100, 17, 557, 5000, 20
0, 12000, 111, 216, 184, 7709924, 6564827, 0.4, 50, 100, 17, 441, 5000, 20
0, 12000, 115, 226, 189, 7902158, 6766088, 0.4, 50, 100, 17, 429, 5000, 20
0, 12000, 89, 210, 186, 7697637, 6588753, 0.4, 50, 100, 17, 540, 5000, 20
0, 12000, 105, 218, 191, 7941201, 6799418, 0.4, 50, 100, 17, 466, 5000, 20
0, 12000, 87, 202, 171, 7883060, 6720986, 0.4, 50, 100, 17, 482, 5000, 20
0, 12000, 92, 208, 176, 7630876, 6588385, 0.4, 50, 100, 17, 568, 5000, 20
0, 12000, 107, 218, 197, 7832829, 6504634, 0.4, 50, 100, 17, 552, 5000, 20
0, 12000, 116, 221, 180, 7859531, 6546722, 0.4, 50, 100, 17, 933, 5000, 20
0, 12000, 108, 229, 194, 7814720, 6423540, 0.4, 50, 100, 17, 556, 5000, 20
0, 12000, 99, 192, 181, 7824739, 6793640, 0.4, 50, 100, 17, 590, 5000, 20
0, 12000, 109, 225, 198, 8755410, 7402529, 0.4, 50, 100, 19, 536, 5000, 20
0, 12000, 117, 229, 198, 8006072, 6758856, 0.4, 50, 100, 17, 827, 5000, 20
0, 12000, 112, 223, 202, 8713175, 7718957, 0.4, 50, 100, 19, 559, 5000, 20
0, 12000, 92, 213, 189, 8647597, 7304493, 0.4, 50, 100, 19, 690, 5000, 20
0, 12000, 117, 213, 192, 8646646, 7416505, 0.4, 50, 100, 19, 610, 5000, 20
0, 12000, 98, 222, 198, 7586783, 6718592, 0.4, 50, 100, 17, 789, 5000, 20
0, 12000, 100, 208, 200, 8599384, 7379502, 0.4, 50, 100, 19, 736, 5000, 20
0, 12000, 102, 219, 178, 8991828, 7552090, 0.4, 50, 100, 19, 823, 5000, 20
0, 12000, 109, 220, 198, 8776809, 7515135, 0.4, 50, 100, 19, 731, 5000, 20
0, 12000, 101, 230, 187, 8576783, 7384448, 0.4, 50, 100, 19, 626, 5000, 20
0, 12000, 102, 207, 173, 8719029, 7363136, 0.4, 50, 100, 19, 782, 5000, 20
0, 12000, 122, 217, 188, 8976253, 7519172, 0.4, 50, 100, 19, 738, 5000, 20
0, 12000, 86, 186, 166, 8677899, 7429712, 0.4, 50, 100, 19, 775, 5000, 20
0, 12000, 92, 205, 190, 8571283, 7233437, 0.4, 50, 100, 19, 656, 5000, 20
0, 12000, 87, 207, 185, 8519804, 7239639, 0.4, 50, 100, 19, 819, 5000, 20
0, 12000, 98, 227, 199, 8529637, 7548656, 0.4, 50, 100, 19, 900, 5000, 20
0, 12000, 96, 212, 189, 8825241, 7451551, 0.4, 50, 100, 19, 679, 5000, 20
0, 12000, 79, 179, 149, 8703029, 7298428, 0.4, 50, 100, 19, 826, 5000, 20
0, 12000, 103, 205, 182, 8810206, 7293661, 0.4, 50, 100, 19, 728, 5000, 20
0, 12000, 88, 202, 184, 8654400, 7127657, 0.4, 50, 100, 19, 877, 5000, 20
0, 12000, 106, 207, 197, 8605002, 7271146, 0.4, 50, 100, 19, 661, 5000, 20
0, 12000, 106, 196, 173, 8537652, 7503838, 0.4, 50, 100, 19, 746, 5000, 20
0, 12000, 103, 200, 174, 8668506, 7355684, 0.4, 50, 100, 19, 1055, 5000, 20
0, 12000, 105, 210, 202, 8666667, 7427588, 0.4, 50, 100, 19, 852, 5000, 20
0, 12000, 101, 224, 187, 8858748, 7660298, 0.4, 50, 100, 19, 819, 5000, 20
0, 12000, 86, 201, 181, 8673935, 7450207, 0.4, 50, 100, 19, 735, 5000, 20
0, 12000, 108, 212, 182, 8972968, 7576626, 0.4, 50, 100, 19, 689, 5000, 20
0, 12000, 97, 198, 180, 8681415, 7385322, 0.4, 50, 100, 19, 845, 5000, 20
0, 12000, 99, 198, 182, 8667769, 7254274, 0.4, 50, 100, 19, 677, 5000, 20
0, 12000, 107, 223, 201, 8509931, 7339111, 0.4, 50, 100, 19, 805, 5000, 20
0, 12000, 97, 210, 183, 8780349, 7421032, 0.4, 50, 100, 19, 766, 5000, 20
0, 12000, 107, 215, 187, 8895653, 7582727, 0.4, 50, 100, 19, 598, 5000, 20
0, 12000, 110, 226, 210, 8895518, 7352985, 0.4, 50, 100, 19, 671, 5000, 20
0, 12000, 112, 229, 196, 8833997, 7563270, 0.4, 50, 100, 19, 791, 5000, 20
0, 12000, 119, 221, 198, 8808637, 7588537, 0.4, 50, 100, 19, 617, 5000, 20
0, 12000, 96, 207, 179, 8536816, 7211947, 0.4, 50, 100, 19, 1108, 5000, 20
0, 12000, 102, 219, 179, 8906858, 7557002, 0.4, 50, 100, 19, 719, 5000, 20
0, 12000, 100, 218, 201, 8469995, 7151074, 0.4, 50, 100, 19, 582, 5000, 20
0, 12000, 99, 218, 184, 8797933, 7343060, 0.4, 50, 100, 19, 1467, 5000, 20
0, 12000, 90, 206, 180, 8823945, 7432806, 0.4, 50, 100, 19, 601, 5000, 20
0, 12000, 103, 199, 189, 8524601, 7368322, 0.4, 50, 100, 19, 596, 5000, 20
0, 12000, 90, 208, 175, 8777236, 7333418, 0.4, 50, 100, 19, 705, 5000, 20
0, 12000, 106, 215, 200, 8696529, 7392391, 0.4, 50, 100, 19, 539, 5000, 20
0, 12000, 110, 229, 195, 8642630, 7326681, 0.4, 50, 100, 19, 616, 5000, 20
0, 12000, 109, 220, 179, 8778444, 7459194, 0.4, 50, 100, 19, 647, 5000, 20
0, 12000, 100, 217, 191, 8470712, 7339056, 0.4, 50, 100, 19, 692, 5000, 20
0, 12000, 92, 206, 186, 8676233, 7322684, 0.4, 50, 100, 19, 654, 5000, 20
0, 12000, 109, 214, 188, 8546894, 7144600, 0.4, 50, 100, 19, 879, 5000, 20
0, 12000, 100, 216, 190, 8596161, 7293329, 0.4, 50, 100, 19, 671, 5000, 20
0, 12000, 108, 215, 194, 8715261, 7313284, 0.4, 50, 100, 19, 755, 5000, 20
0, 12000, 99, 203, 182, 8576933, 7307083, 0.4, 50, 100, 19, 592, 5000, 20
0, 12000, 94, 193, 189, 8478786, 7364594, 0.4, 50, 100, 19, 694, 5000, 20
0, 12000, 114, 226, 196, 8585278, 7176056, 0.4, 50, 100, 19, 788, 5000, 20
0, 12000, 88, 213, 182, 8443210, 7063189, 0.4, 50, 100, 19, 569, 5000, 20
0, 12000, 103, 209, 171, 8699519, 7408859, 0.4, 50, 100, 19, 684, 5000, 20
0, 12000, 115, 212, 190, 8809513, 7430878, 0.4, 50, 100, 19, 665, 5000, 20
0, 12000, 95, 197, 185, 8586221, 7376722, 0.4, 50, 100, 19, 724, 5000, 20
0, 12000, 109, 225, 181, 8513325, 7065276, 0.4, 50, 100, 19, 728, 5000, 20
0, 12000, 117, 238, 193, 8819323, 7285372, 0.4, 50, 100, 19, 715, 5000, 20
0, 12000, 112, 222, 193, 8675761, 7538325, 0.4, 50, 100, 19, 670, 5000, 20
0, 12000, 108, 210, 167, 8477336, 7048335, 0.4, 50, 100, 19, 713, 5000, 20
0, 12000, 95, 223, 166, 8345079, 7118570, 0.4, 50, 100, 19, 857, 5000, 20
0, 12000, 108, 217, 169, 8645313, 7274532, 0.4, 50, 100, 19, 588, 5000, 20
0, 12000, 94, 212, 184, 8558884, 7228880, 0.4, 50, 100, 19, 836, 5000, 20
0, 12000, 96, 206, 190, 8793375, 7538653, 0.4, 50, 100, 19, 875, 5000, 20
0, 12000, 110, 228, 200, 8529702, 7405333, 0.4, 50, 100, 19, 653, 5000, 20
0, 12000, 95, 203, 182, 8576745, 7084953, 0.4, 50, 100, 19, 688, 5000, 20
0, 12000, 106, 222, 191, 8481228, 7242640, 0.4, 50, 100, 19, 743, 5000, 20
0, 12000, 93, 207, 167, 8488232, 7317706, 0.4, 50, 100, 19, 550, 5000, 20
0, 12000, 92, 202, 177, 8461665, 7023964, 0.4, 50, 100, 19, 667, 5000, 20
0, 12000, 114, 227, 192, 8396789, 7317629, 0.4, 50, 100, 19, 606, 5000, 20
0, 12000, 105, 226, 205, 8577409, 7198832, 0.4, 50, 100, 19, 514, 5000, 20
0, 12000, 112, 210, 189, 8611492, 7601012, 0.4, 50, 100, 19, 651, 5000, 20
0, 12000, 97, 219, 179, 8718929, 7256842, 0.4, 50, 100, 19, 564, 5000, 20
0, 12000, 103, 211, 180, 8501642, 7113350, 0.4, 50, 100, 19, 627, 5000, 20
0, 12000, 103, 211, 188, 9110942, 7758148, 0.4, 50, 100, 19, 610, 5000, 20
0, 12000, 91, 208, 193, 8633365, 7283456, 0.4, 50, 100, 19, 746, 5000, 20
0, 12000, 108, 203, 166, 8127004, 6955817, 0.4, 50, 100, 19, 561, 5000, 20
0, 12000, 103, 227, 190, 8648815, 7323440, 0.4, 50, 100, 19, 549, 5000, 20
0, 12000, 100, 198, 175, 8653079, 7272427, 0.4, 50, 100, 19, 601, 5000, 20
0, 12000, 96, 200, 194, 8791297, 7538371, 0.4, 50, 100, 19, 551, 5000, 20
0, 12000, 93, 216, 178, 8829199, 7427437, 0.4, 50, 100, 19, 706, 5000, 20
0, 12000, 124, 224, 187, 8626767, 7385969, 0.4, 50, 100, 19, 625, 5000, 20
0, 12000, 101, 203, 176, 8291538, 7297857, 0.4, 50, 100, 19, 532, 5000, 20
0, 12000, 109, 217, 179, 8603536, 7513487, 0.4, 50, 100, 19, 568, 5000, 20
0, 12000, 87, 190, 167, 8721450, 7439336, 0.4, 50, 100, 19, 762, 5000, 20
0, 12000, 105, 218, 187, 8826358, 7491734, 0.4, 50, 100, 19, 562, 5000, 20
0, 12000, 108, 221, 188, 8511325, 7119563, 0.4, 50, 100, 19, 682, 5000, 20
0, 12000, 113, 194, 177, 8689490, 7464945, 0.4, 50, 100, 19, 575, 5000, 20
0, 12000, 106, 222, 186, 8730795, 7232047, 0.4, 50, 100, 19, 564, 5000, 20
0, 12000, 104, 217, 192, 8604398, 7319197, 0.4, 50, 100, 19, 634, 5000, 20
0, 12000, 99, 225, 184, 8787850, 7369551, 0.4, 50, 100, 19, 631, 5000, 20
0, 12000, 103, 205, 182, 8918535, 7593401, 0.4, 50, 100, 19, 574, 5000, 20
0, 12000, 96, 187, 168, 8272761, 7065153, 0.4, 50, 100, 19, 726, 5000, 20
0, 12000, 107, 215, 173, 8802425, 7195497, 0.4, 50, 100, 19, 741, 5000, 20
0, 12000, 109, 218, 187, 8853706, 7487680, 0.4, 50, 100, 19, 547, 5000, 20
0, 12000, 98, 215, 180, 8499685, 7224655, 0.4, 50, 100, 19, 622, 5000, 20
0, 12000, 97, 226, 187, 8743633, 7457503, 0.4, 50, 100, 19, 661, 5000, 20
0, 12000, 105, 225, 185, 8989943, 7454671, 0.4, 50, 100, 19, 779, 5000, 20
0, 12000, 119, 207, 191, 8440853, 7064843, 0.4, 50, 100, 19, 847, 5000, 20
0, 12000, 99, 213, 190, 8722009, 7682289, 0.4, 50, 100, 19, 827, 5000, 20
0, 12000, 105, 221, 186, 9586239, 8243993, 0.4, 50, 100, 21, 722, 5000, 20
0, 12000, 83, 198, 170, 9499935, 7921091, 0.4, 50, 100, 21, 684, 5000, 20
0, 12000, 105, 222, 202, 9625137, 8079400, 0.4, 50, 100, 21, 679, 5000, 20
0, 12000, 100, 212, 194, 9390237, 7958028, 0.4, 50, 100, 21, 676, 5000, 20
0, 12000, 109, 215, 168, 8948906, 7411050, 0.4, 50, 100, 19, 895, 5000, 20
0, 12000, 100, 219, 172, 9581966, 8094844, 0.4, 50, 100, 21, 679, 5000, 20
0, 12000, 112, 216, 187, 9867375, 8388356, 0.4, 50, 100, 21, 691, 5000, 20
0, 12000, 99, 200, 168, 9867003, 8159976, 0.4, 50, 100, 21, 705, 5000, 20
0, 12000, 110, 211, 187, 9677417, 8274943, 0.4, 50, 100, 21, 831, 5000, 20
0, 12000, 100, 196, 179, 9681233, 8100113, 0.4, 50, 100, 21, 879, 5000, 20
0, 12000, 100, 209, 171, 9796827, 8148951, 0.4, 50, 100, 21, 694, 5000, 20
0, 12000, 101, 212, 178, 9711675, 8411736, 0.4, 50, 100, 21, 683, 5000, 20
0, 12000, 95, 222, 190, 9975877, 8313656, 0.4, 50, 100, 21, 664, 5000, 20
0, 12000, 106, 209, 199, 9695038, 8282681, 0.4, 50, 100, 21, 725, 5000, 20
0, 12000, 102, 209, 186, 9463487, 8062662, 0.4, 50, 100, 21, 676, 5000, 20
0, 12000, 108, 221, 198, 9797847, 8342042, 0.4, 50, 100, 21, 965, 5000, 20
0, 12000, 105, 213, 193, 9282107, 8220920, 0.4, 50, 100, 21, 740, 5000, 20
0, 12000, 105, 220, 184, 9630703, 8150888, 0.4, 50, 100, 21, 719, 5000, 20
0, 12000, 85, 209, 157, 9475333, 7886044, 0.4, 50, 100, 21, 668, 5000, 20
0, 12000, 90, 207, 170, 9679469, 8350400, 0.4, 50, 100, 21, 783, 5000, 20
0, 12000, 126, 227, 200, 9662448, 7954269, 0.4, 50, 100, 21, 976, 5000, 20
0, 12000, 94, 224, 194, 9552299, 8083469, 0.4, 50, 100, 21, 1034, 5000, 20
0, 12000, 114, 228, 180, 9517826, 8112706, 0.4, 50, 100, 21, 822, 5000, 20
0, 12000, 98, 211, 178, 9880771, 8244470, 0.4, 50, 100, 21, 676, 5000, 20
0, 12000, 102, 208, 177, 9663916, 8205350, 0.4, 50, 100, 21, 1128, 5000, 20
0, 12000, 103, 214, 188, 9567988, 8106170, 0.4, 50, 100, 21, 809, 5000, 20
0, 12000, 84, 204, 178, 9827388, 8041349, 0.4, 50, 100, 21, 650, 5000, 20
0, 12000, 83, 187, 155, 9476937, 8102563, 0.4, 50, 100, 21, 635, 5000, 20
0, 12000, 103, 215, 190, 9395963, 8063794, 0.4, 50, 100, 21, 776, 5000, 20
0, 12000, 89, 182, 160, 10193996, 8578924, 0.4, 50, 100, 21, 753, 5000, 20
0, 12000, 118, 230, 206, 9527785, 8096990, 0.4, 50, 100, 21, 901, 5000, 20
0, 12000, 98, 200, 184, 9856184, 8202211, 0.4, 50, 100, 21, 709, 5000, 20
0, 12000, 98, 209, 177, 9840436, 8523852, 0.4, 50, 100, 21, 823, 5000, 20
0, 12000, 100, 224, 186, 9971410, 8505703, 0.4, 50, 100, 21, 843, 5000, 20
0, 12000, 105, 217, 193, 9772516, 8098229, 0.4, 50, 100, 21, 696, 5000, 20
0, 12000, 116, 217, 195, 9624088, 8339051, 0.4, 50, 100, 21, 1382, 5000, 20
0, 12000, 76, 195, 164, 9604432, 8244433, 0.4, 50, 100, 21, 904, 5000, 20
0, 12000, 109, 216, 191, 9673943, 7989858, 0.4, 50, 100, 21, 679, 5000, 20
0, 12000, 111, 220, 202, 9490522, 8202343, 0.4, 50, 100, 21, 647, 5000, 20
0, 12000, 111, 220, 180, 9334232, 8163765, 0.4, 50, 100, 21, 688, 5000, 20
0, 12000, 100, 190, 174, 9726159, 8248754, 0.4, 50, 100, 21, 841, 5000, 20
0, 12000, 110, 221, 200, 9476454, 8075402, 0.4, 50, 100, 21, 702, 5000, 20
0, 12000, 102, 215, 179, 9623997, 8235789, 0.4, 50, 100, 21, 672, 5000, 20
0, 12000, 117, 231, 209, 9432622, 8115819, 0.4, 50, 100, 21, 711, 5000, 20
0, 12000, 98, 215, 178, 9734106, 8126064, 0.4, 50, 100, 21, 726, 5000, 20
0, 12000, 111, 220, 191, 9488624, 8040739, 0.4, 50, 100, 21, 708, 5000, 20
0, 12000, 96, 211, 190, 9353408, 7962428, 0.4, 50, 100, 21, 661, 5000, 20
0, 12000, 89, 214, 176, 9838217, 8373713, 0.4, 50, 100, 21, 1062, 5000, 20
0, 12000, 110, 218, 186, 10069139, 8478144, 0.4, 50, 100, 21, 923, 5000, 20
0, 12000, 109, 222, 215, 9704752, 8411065, 0.4, 50, 100, 21, 1077, 5000, 20
0, 12000, 112, 214, 199, 9703824, 8279377, 0.4, 50, 100, 21, 882, 5000, 20
0, 12000, 103, 197, 173, 9975698, 8259408, 0.4, 50, 100, 21, 814, 5000, 20
0, 12000, 92, 214, 189, 9515457, 8168681, 0.4, 50, 100, 21, 676, 5000, 20
0, 12000, 92, 204, 159, 9329741, 7798904, 0.4, 50, 100, 21, 780, 5000, 20
0, 12000, 90, 205, 168, 9649588, 8268862, 0.4, 50, 100, 21, 653, 5000, 20
0, 12000, 118, 221, 189, 9456396, 7899975, 0.4, 50, 100, 21, 831, 5000, 20
0, 12000, 101, 206, 182, 9329194, 7900448, 0.4, 50, 100, 21, 725, 5000, 20
0, 12000, 101, 234, 201, 9591948, 7940245, 0.4, 50, 100, 21, 642, 5000, 20
0, 12000, 89, 205, 173, 9763384, 8320288, 0.4, 50, 100, 21, 652, 5000, 20
0, 12000, 115, 220, 205, 9382316, 8179732, 0.4, 50, 100, 21, 747, 5000, 20
0, 12000, 105, 195, 171, 9472611, 7941959, 0.4, 50, 100, 21, 703, 5000, 20
0, 12000, 99, 216, 195, 9541479, 8198907, 0.4, 50, 100, 21, 1002, 5000, 20
0, 12000, 105, 214, 189, 9444791, 8151714, 0.4, 50, 100, 21, 640, 5000, 20
0, 12000, 109, 229, 197, 9479319, 8140386, 0.4, 50, 100, 21, 1195, 5000, 20
0, 12000, 106, 222, 188, 9697275, 8385980, 0.4, 50, 100, 21, 637, 5000, 20
0, 12000, 103, 224, 191, 9784480, 8127492, 0.4, 50, 100, 21, 819, 5000, 20
0, 12000, 104, 211, 188, 9740703, 8169802, 0.4, 50, 100, 21, 1247, 5000, 20
0, 12000, 99, 206, 178, 9330474, 7961804, 0.4, 50, 100, 21, 656, 5000, 20
0, 12000, 113, 202, 192, 9398446, 7998324, 0.4, 50, 100, 21, 856, 5000, 20
0, 12000, 85, 205, 165, 9575432, 7933773, 0.4, 50, 100, 21, 1069, 5000, 20
0, 12000, 98, 214, 190, 9711591, 8210718, 0.4, 50, 100, 21, 670, 5000, 20
0, 12000, 110, 218, 193, 9872252, 8256918, 0.4, 50, 100, 21, 732, 5000, 20
0, 12000, 97, 215, 173, 9759136, 8443290, 0.4, 50, 100, 21, 613, 5000, 20
0, 12000, 84, 189, 170, 9498348, 7961190, 0.4, 50, 100, 21, 1160, 5000, 20
0, 12000, 114, 220, 203, 9480945, 8243168, 0.4, 50, 100, 21, 1058, 5000, 20
0, 12000, 94, 210, 187, 9878097, 8356384, 0.4, 50, 100, 21, 709, 5000, 20
0, 12000, 108, 214, 195, 9594236, 8278046, 0.4, 50, 100, 21, 755, 5000, 20
0, 12000, 104, 231, 194, 9682087, 7981991, 0.4, 50, 100, 21, 671, 5000, 20
0, 12000, 112, 227, 200, 9564996, 8078528, 0.4, 50, 100, 21, 881, 5000, 20
0, 12000, 103, 223, 203, 9913868, 8407982, 0.4, 50, 100, 21, 947, 5000, 20
0, 12000, 90, 203, 172, 9749325, 8397598, 0.4, 50, 100, 21, 747, 5000, 20
0, 12000, 97, 200, 157, 9679932, 8169931, 0.4, 50, 100, 21, 810, 5000, 20
0, 12000, 92, 205, 159, 9727578, 8194754, 0.4, 50, 100, 21, 756, 5000, 20
0, 12000, 109, 221, 202, 9757295, 8228184, 0.4, 50, 100, 21, 708, 5000, 20
0, 12000, 107, 206, 171, 9655708, 8173056, 0.4, 50, 100, 21, 720, 5000, 20
0, 12000, 109, 213, 187, 9979744, 8349166, 0.4, 50, 100, 21, 646, 5000, 20
0, 12000, 109, 191, 189, 9690697, 8228352, 0.4, 50, 100, 21, 723, 5000, 20
0, 12000, 125, 238, 218, 9573465, 8086827, 0.4, 50, 100, 21, 902, 5000, 20
0, 12000, 87, 189, 186, 9604773, 8223129, 0.4, 50, 100, 21, 680, 5000, 20
0, 12000, 112, 211, 190, 9422757, 7934099, 0.4, 50, 100, 21, 817, 5000, 20
0, 12000, 117, 223, 203, 9551607, 8096725, 0.4, 50, 100, 21, 852, 5000, 20
0, 12000, 92, 217, 187, 9503936, 7915324, 0.4, 50, 100, 21, 682, 5000, 20
0, 12000, 102, 206, 172, 9750703, 8087279, 0.4, 50, 100, 21, 794, 5000, 20
0, 12000, 103, 204, 188, 9559937, 7910537, 0.4, 50, 100, 21, 721, 5000, 20
0, 12000, 93, 189, 180, 9669271, 8255265, 0.4, 50, 100, 21, 709, 5000, 20
0, 12000, 110, 207, 182, 9892675, 8280848, 0.4, 50, 100, 21, 811, 5000, 20
0, 12000, 109, 201, 184, 9566588, 8127203, 0.4, 50, 100, 21, 1249, 5000, 20
0, 12000, 102, 193, 184, 9568911, 8194460, 0.4, 50, 100, 21, 977, 5000, 20
0, 12000, 98, 205, 174, 9547157, 8280268, 0.4, 50, 100, 21, 1124, 5000, 20
0, 12000, 92, 213, 164, 9807395, 8078405, 0.4, 50, 100, 21, 1084, 5000, 20
0, 12000, 90, 207, 182, 9872632, 8229722, 0.4, 50, 100, 21, 1217, 5000, 20
0, 12000, 88, 210, 154, 13825286, 11649313, 0.4, 50, 100, 30, 1556, 5000, 20
0, 12000, 111, 203, 185, 13969939, 11729511, 0.4, 50, 100, 30, 1623, 5000, 20
0, 12000, 88, 209, 178, 13393327, 11354572, 0.4, 50, 100, 30, 1616, 5000, 20
0, 12000, 96, 212, 185, 13440385, 11648284, 0.4, 50, 100, 30, 1622, 5000, 20
0, 12000, 107, 192, 171, 13755838, 11651872, 0.4, 50, 100, 30, 1849, 5000, 20
0, 12000, 98, 208, 201, 13502198, 11571279, 0.4, 50, 100, 30, 1807, 5000, 20
0, 12000, 122, 212, 194, 13590186, 11774295, 0.4, 50, 100, 30, 1615, 5000, 20
0, 12000, 94, 214, 174, 13786877, 11830019, 0.4, 50, 100, 30, 1612, 5000, 20
0, 12000, 112, 208, 183, 13878295, 11721314, 0.4, 50, 100, 30, 1920, 5000, 20
0, 12000, 115, 222, 201, 13781571, 11767366, 0.4, 50, 100, 30, 1848, 5000, 20
0, 12000, 100, 221, 183, 13402770, 11697250, 0.4, 50, 100, 30, 1581, 5000, 20
0, 12000, 108, 226, 189, 13769615, 11635044, 0.4, 50, 100, 30, 2141, 5000, 20
0, 12000, 77, 186, 152, 13588894, 11453363, 0.4, 50, 100, 30, 2295, 5000, 20
0, 12000, 103, 226, 195, 13882399, 11631742, 0.4, 50, 100, 30, 2031, 5000, 20
0, 12000, 84, 195, 167, 13887130, 11981463, 0.4, 50, 100, 30, 2156, 5000, 20
0, 12000, 100, 212, 168, 13634662, 11440232, 0.4, 50, 100, 30, 1636, 5000, 20
0, 12000, 104, 208, 184, 13734876, 11664489, 0.4, 50, 100, 30, 1731, 5000, 20
0, 12000, 99, 210, 189, 13630040, 11498196, 0.4, 50, 100, 30, 1978, 5000, 20
0, 12000, 101, 217, 181, 13739860, 11757888, 0.4, 50, 100, 30, 1618, 5000, 20
0, 12000, 107, 212, 191, 13684100, 11448781, 0.4, 50, 100, 30, 2231, 5000, 20
0, 12000, 99, 230, 196, 13633330, 11758124, 0.4, 50, 100, 30, 2102, 5000, 20
0, 12000, 88, 212, 179, 13611523, 11544525, 0.4, 50, 100, 30, 2121, 5000, 20
0, 12000, 85, 201, 183, 14256937, 11700195, 0.4, 50, 100, 30, 1936, 5000, 20
0, 12000, 116, 214, 184, 13790669, 11633093, 0.4, 50, 100, 30, 1619, 5000, 20
0, 12000, 88, 211, 167, 14301762, 11966453, 0.4, 50, 100, 30, 1785, 5000, 20
0, 12000, 105, 207, 179, 13800348, 11861241, 0.4, 50, 100, 30, 1992, 5000, 20
0, 12000, 99, 209, 187, 13584516, 11522206, 0.4, 50, 100, 30, 2386, 5000, 20
0, 12000, 94, 212, 179, 13700678, 11563157, 0.4, 50, 100, 30, 1825, 5000, 20
0, 12000, 107, 211, 205, 13788194, 11757221, 0.4, 50, 100, 30, 1978, 5000, 20
0, 12000, 100, 200, 161, 13523733, 11732001, 0.4, 50, 100, 30, 2125, 5000, 20
0, 12000, 108, 220, 180, 13931625, 11630815, 0.4, 50, 100, 30, 3094, 5000, 20
0, 12000, 97, 221, 189, 13738774, 11382163, 0.4, 50, 100, 30, 1506, 5000, 20
0, 12000, 105, 213, 186, 13617706, 11581258, 0.4, 50, 100, 30, 1657, 5000, 20
0, 12000, 96, 217, 198, 13478548, 11452212, 0.4, 50, 100, 30, 1782, 5000, 20
0, 12000, 96, 208, 179, 13968028, 11604801, 0.4, 50, 100, 30, 1572, 5000, 20
0, 12000, 103, 211, 177, 13571544, 11740999, 0.4, 50, 100, 30, 1460, 5000, 20
0, 12000, 109, 216, 183, 13310041, 11346019, 0.4, 50, 100, 30, 1495, 5000, 20
0, 12000, 95, 201, 167, 13366737, 11177842, 0.4, 50, 100, 30, 1547, 5000, 20
0, 12000, 110, 222, 195, 13710989, 11375289, 0.4, 50, 100, 30, 1793, 5000, 20
0, 12000, 118, 226, 185, 13341363, 11378609, 0.4, 50, 100, 30, 1959, 5000, 20
0, 12000, 98, 201, 187, 13511169, 11596415, 0.4, 50, 100, 30, 1584, 5000, 20
0, 12000, 98, 182, 170, 13882872, 11937505, 0.4, 50, 100, 30, 2067, 5000, 20
0, 12000, 105, 216, 177, 13793080, 11702826, 0.4, 50, 100, 30, 1954, 5000, 20
0, 12000, 100, 211, 174, 13785655, 11600971, 0.4, 50, 100, 30, 1442, 5000, 20
0, 12000, 103, 216, 187, 13543559, 11388506, 0.4, 50, 100, 30, 1542, 5000, 20
0, 12000, 102, 205, 178, 13619172, 11782179, 0.4, 50, 100, 30, 1705, 5000, 20
0, 12000, 118, 216, 199, 13413808, 11515329, 0.4, 50, 100, 30, 2072, 5000, 20
0, 12000, 113, 219, 202, 14022657, 12026938, 0.4, 50, 100, 30, 1811, 5000, 20
0, 12000, 100, 223, 193, 13525223, 11662176, 0.4, 50, 100, 30, 2244, 5000, 20
0, 12000, 91, 202, 183, 13811946, 11874941, 0.4, 50, 100, 30, 2609, 5000, 20
0, 12000, 107, 213, 194, 13656954, 11466110, 0.4, 50, 100, 30, 1660, 5000, 20
0, 12000, 104, 201, 189, 13249484, 11683419, 0.4, 50, 100, 30, 1568, 5000, 20
0, 12000, 115, 222, 194, 13633692, 11768435, 0.4, 50, 100, 30, 1804, 5000, 20
0, 12000, 105, 232, 200, 13808337, 11444581, 0.4, 50, 100, 30, 1497, 5000, 20
0, 12000, 109, 216, 188, 13867035, 11657670, 0.4, 50, 100, 30, 1794, 5000, 20
0, 12000, 112, 224, 191, 13975240, 11831039, 0.4, 50, 100, 30, 2223, 5000, 20
0, 12000, 100, 207, 183, 13818510, 11994124, 0.4, 50, 100, 30, 1917, 5000, 20
0, 12000, 101, 201, 184, 13730631, 11573559, 0.4, 50, 100, 30, 1611, 5000, 20
0, 12000, 95, 196, 169, 13856277, 11693590, 0.4, 50, 100, 30, 2270, 5000, 20
0, 12000, 110, 215, 195, 13751904, 11840034, 0.4, 50, 100, 30, 1573, 5000, 20
0, 12000, 107, 223, 201, 13405084, 11511077, 0.4, 50, 100, 30, 2290, 5000, 20
0, 12000, 97, 221, 207, 13496132, 11529516, 0.4, 50, 100, 30, 1588, 5000, 20
0, 12000, 109, 217, 196, 13831558, 11724464, 0.4, 50, 100, 30, 2064, 5000, 20
0, 12000, 99, 230, 198, 13714007, 11708157, 0.4, 50, 100, 30, 1523, 5000, 20
0, 12000, 110, 223, 187, 13915430, 11976683, 0.4, 50, 100, 30, 1524, 5000, 20
0, 12000, 103, 211, 166, 13898017, 11601714, 0.4, 50, 100, 30, 1443, 5000, 20
0, 12000, 104, 223, 183, 13521825, 11609706, 0.4, 50, 100, 30, 1660, 5000, 20
0, 12000, 90, 182, 150, 13644064, 11539255, 0.4, 50, 100, 30, 1810, 5000, 20
0, 12000, 89, 205, 173, 13714240, 11562213, 0.4, 50, 100, 30, 1528, 5000, 20
0, 12000, 101, 205, 179, 13900102, 11779119, 0.4, 50, 100, 30, 1551, 5000, 20
0, 12000, 112, 231, 187, 13571439, 11539001, 0.4, 50, 100, 30, 1822, 5000, 20
0, 12000, 116, 220, 187, 13435520, 11477552, 0.4, 50, 100, 30, 1528, 5000, 20
0, 12000, 104, 219, 188, 13839063, 11688302, 0.4, 50, 100, 30, 2287, 5000, 20
0, 12000, 87, 188, 156, 13892725, 11890724, 0.4, 50, 100, 30, 1617, 5000, 20
0, 12000, 100, 213, 164, 13355567, 11330586, 0.4, 50, 100, 30, 2246, 5000, 20
0, 12000, 100, 211, 187, 13657574, 11476427, 0.4, 50, 100, 30, 2343, 5000, 20
0, 12000, 84, 192, 171, 13739240, 11774679, 0.4, 50, 100, 30, 1839, 5000, 20
0, 12000, 97, 209, 172, 13595331, 11487166, 0.4, 50, 100, 30, 1823, 5000, 20
0, 12000, 82, 195, 162, 14021827, 12009374, 0.4, 50, 100, 30, 1495, 5000, 20
0, 12000, 96, 212, 183, 13605540, 11455051, 0.4, 50, 100, 30, 2004, 5000, 20
0, 12000, 109, 220, 192, 13844223, 11868549, 0.4, 50, 100, 30, 2154, 5000, 20
0, 12000, 95, 211, 199, 13628161, 11580152, 0.4, 50, 100, 30, 2332, 5000, 20
0, 12000, 92, 206, 179, 13887030, 11670147, 0.4, 50, 100, 30, 2616, 5000, 20
0, 12000, 116, 232, 192, 13536918, 11659582, 0.4, 50, 100, 30, 2071, 5000, 20
0, 12000, 98, 222, 175, 14183595, 11848748, 0.4, 50, 100, 30, 1747, 5000, 20
0, 12000, 96, 204, 175, 13901920, 11595112, 0.4, 50, 100, 30, 1930, 5000, 20
0, 12000, 102, 229, 200, 13669784, 11430548, 0.4, 50, 100, 30, 2202, 5000, 20
0, 12000, 108, 211, 190, 13900168, 11660316, 0.4, 50, 100, 30, 1490, 5000, 20
0, 12000, 80, 181, 164, 13845310, 11665669, 0.4, 50, 100, 30, 1767, 5000, 20
0, 12000, 110, 210, 198, 13780430, 11637591, 0.4, 50, 100, 30, 1904, 5000, 20
0, 12000, 114, 228, 209, 13641779, 11588292, 0.4, 50, 100, 30, 1920, 5000, 20
0, 12000, 107, 223, 194, 13792551, 11473193, 0.4, 50, 100, 30, 2305, 5000, 20
0, 12000, 108, 216, 194, 13571298, 11506895, 0.4, 50, 100, 30, 1437, 5000, 20
0, 12000, 88, 194, 168, 13764952, 11724173, 0.4, 50, 100, 30, 1355, 5000, 20
0, 12000, 97, 200, 186, 13901340, 11956062, 0.4, 50, 100, 30, 1511, 5000, 20
0, 12000, 92, 195, 165, 13615592, 11729678, 0.4, 50, 100, 30, 1229, 5000, 20
0, 12000, 104, 214, 186, 14153892, 11900176, 0.4, 50, 100, 30, 1443, 5000, 20
0, 12000, 90, 197, 166, 13758821, 11788988, 0.4, 50, 100, 30, 1424, 5000, 20
0, 12000, 122, 219, 198, 13950605, 11822572, 0.4, 50, 100, 30, 1662, 5000, 20
0, 12000, 105, 211, 178, 13871868, 11757169, 0.4, 50, 100, 30, 1745, 5000, 20
1, 7068, 105, 125, 126, 294799, 298147, 0.4, 50, 100, 1, 5, 5000, 20
1, 6745, 97, 117, 121, 322717, 333034, 0.4, 50, 100, 1, 4, 5000, 20
1, 7915, 95, 115, 117, 344833, 353931, 0.4, 50, 100, 1, 6, 5000, 20
0, 12000, 109, 213, 207, 455552, 427783, 0.4, 50, 100, 1, 14, 5000, 20
0, 12000, 104, 218, 171, 512406, 402471, 0.4, 50, 100, 1, 14, 5000, 20
0, 12000, 117, 219, 197, 463579, 394757, 0.4, 50, 100, 1, 14, 5000, 20
0, 12000, 96, 210, 178, 485817, 408469, 0.4, 50, 100, 1, 14, 5000, 20
0, 12000, 102, 217, 187, 473244, 398046, 0.4, 50, 100, 1, 14, 5000, 20
0, 12000, 105, 227, 195, 433500, 344343, 0.4, 50, 100, 1, 15, 5000, 20
0, 12000, 100, 215, 180, 467840, 389462, 0.4, 50, 100, 1, 14, 5000, 20
1, 7044, 109, 129, 132, 333115, 339667, 0.4, 50, 100, 1, 6, 5000, 20
0, 12000, 80, 200, 178, 432861, 384794, 0.4, 50, 100, 1, 14, 5000, 20
0, 12000, 115, 220, 187, 477212, 404150, 0.4, 50, 100, 1, 14, 5000, 20
0, 12000, 110, 219, 190, 483618, 404634, 0.4, 50, 100, 1, 14, 5000, 20
0, 12000, 111, 196, 186, 462624, 428679, 0.4, 50, 100, 1, 17, 5000, 20
0, 12000, 102, 212, 171, 502113, 400852, 0.4, 50, 100, 1, 14, 5000, 20
0, 12000, 89, 211, 180, 404143, 329388, 0.4, 50, 100, 1, 14, 5000, 20
0, 12000, 86, 190, 162, 480904, 424624, 0.4, 50, 100, 1, 14, 5000, 20
0, 12000, 119, 207, 187, 493690, 434939, 0.4, 50, 100, 1, 14, 5000, 20
1, 8479, 91, 127, 129, 348333, 349350, 0.4, 50, 100, 1, 8, 5000, 20
0, 12000, 95, 212, 181, 495916, 402853, 0.4, 50, 100, 1, 14, 5000, 20
0, 12000, 101, 215, 190, 471577, 396090, 0.4, 50, 100, 1, 17, 5000, 20
0, 12000, 108, 211, 187, 468257, 400181, 0.4, 50, 100, 1, 15, 5000, 20
0, 12000, 84, 188, 170, 471417, 430891, 0.4, 50, 100, 1, 14, 5000, 20
0, 12000, 119, 232, 193, 416500, 328484, 0.4, 50, 100, 1, 14, 5000, 20
0, 12000, 107, 215, 191, 445536, 394055, 0.4, 50, 100, 1, 14, 5000, 20
0, 12000, 103, 189, 174, 449062, 395977, 0.4, 50, 100, 1, 15, 5000, 20
0, 12000, 95, 201, 185, 468227, 422072, 0.4, 50, 100, 1, 15, 5000, 20
0, 12000, 97, 204, 183, 496410, 430269, 0.4, 50, 100, 1, 15, 5000, 20
1, 6821, 111, 131, 130, 257572, 258515, 0.4, 50, 100, 1, 5, 5000, 20
0, 12000, 102, 210, 176, 448812, 364458, 0.4, 50, 100, 1, 14, 5000, 20
1, 7074, 113, 133, 135, 340772, 346947, 0.4, 50, 100, 1, 7, 5000, 20
0, 12000, 104, 224, 201, 406955, 356711, 0.4, 50, 100, 1, 15, 5000, 20
0, 12000, 96, 200, 175, 471127, 406881, 0.4, 50, 100, 1, 15, 5000, 20
0, 12000, 88, 213, 184, 445218, 365210, 0.4, 50, 100, 1, 15, 5000, 20
0, 12000, 92, 190, 164, 506657, 424049, 0.4, 50, 100, 1, 14, 5000, 20
1, 7392, 104, 124, 125, 325067, 325858, 0.4, 50, 100, 1, 7, 5000, 20
0, 12000, 103, 207, 168, 431543, 360601, 0.4, 50, 100, 1, 15, 5000, 20
0, 12000, 108, 223, 191, 498972, 416905, 0.4, 50, 100, 1, 15, 5000, 20
0, 12000, 113, 222, 200, 473578, 409672, 0.4, 50, 100, 1, 14, 5000, 20
0, 12000, 101, 213, 182, 507440, 417345, 0.4, 50, 100, 1, 15, 5000, 20
0, 12000, 82, 192, 158, 476430, 387244, 0.4, 50, 100, 1, 15, 5000, 20
0, 12000, 105, 208, 178, 465245, 396117, 0.4, 50, 100, 1, 14, 5000, 20
0, 12000, 105, 226, 208, 393482, 341615, 0.4, 50, 100, 1, 15, 5000, 20
0, 12000, 97, 222, 180, 481569, 361605, 0.4, 50, 100, 1, 14, 5000, 20
0, 12000, 115, 247, 195, 438631, 294033, 0.4, 50, 100, 1, 16, 5000, 20
0, 12000, 106, 229, 206, 382520, 323854, 0.4, 50, 100, 1, 15, 5000, 20
0, 12000, 105, 228, 182, 486762, 365254, 0.4, 50, 100, 1, 14, 5000, 20
0, 12000, 88, 183, 168, 465342, 427137, 0.4, 50, 100, 1, 14, 5000, 20
0, 12000, 107, 212, 186, 458840, 387095, 0.4, 50, 100, 1, 15, 5000, 20
1, 6845, 89, 109, 109, 282768, 283908, 0.4, 50, 100, 1, 5, 5000, 20
0, 12000, 100, 218, 191, 439713, 375782, 0.4, 50, 100, 1, 15, 5000, 20
0, 12000, 103, 207, 177, 452583, 382224, 0.4, 50, 100, 1, 14, 5000, 20
0, 12000, 106, 208, 177, 441876, 381903, 0.4, 50, 100, 1, 15, 5000, 20
1, 6687, 95, 115, 115, 263679, 264745, 0.4, 50, 100, 1, 5, 5000, 20
0, 12000, 113, 225, 190, 511833, 412410, 0.4, 50, 100, 1, 18, 5000, 20
0, 12000, 114, 216, 194, 445319, 389437, 0.4, 50, 100, 1, 15, 5000, 20
0, 12000, 105, 213, 181, 446177, 356363, 0.4, 50, 100, 1, 14, 5000, 20
0, 12000, 98, 214, 180, 489231, 394576, 0.4, 50, 100, 1, 15, 5000, 20
0, 12000, 105, 206, 171, 467624, 407385, 0.4, 50, 100, 1, 15, 5000, 20
1, 7556, 112, 138, 138, 295802, 295967, 0.4, 50, 100, 1, 6, 5000, 20
0, 12000, 93, 194, 186, 432388, 400615, 0.4, 50, 100, 1, 15, 5000, 20
0, 12000, 114, 227, 205, 482534, 398792, 0.4, 50, 100, 1, 15, 5000, 20
1, 7457, 100, 122, 122, 325690, 327353, 0.4, 50, 100, 1, 6, 5000, 20
0, 12000, 112, 222, 199, 427910, 378958, 0.4, 50, 100, 1, 15, 5000, 20
0, 12000, 95, 206, 181, 452736, 385623, 0.4, 50, 100, 1, 15, 5000, 20
0, 12000, 96, 178, 168, 506424, 463738, 0.4, 50, 100, 1, 15, 5000, 20
0, 12000, 90, 214, 166, 482548, 371359, 0.4, 50, 100, 1, 15, 5000, 20
0, 12000, 114, 221, 189, 466767, 388167, 0.4, 50, 100, 1, 15, 5000, 20
0, 12000, 93, 202, 164, 464139, 387871, 0.4, 50, 100, 1, 15, 5000, 20
0, 12000, 120, 226, 210, 425754, 344280, 0.4, 50, 100, 1, 15, 5000, 20
0, 12000, 99, 197, 164, 514559, 442975, 0.4, 50, 100, 1, 13, 5000, 20
0, 12000, 112, 224, 180, 424368, 315128, 0.4, 50, 100, 1, 14, 5000, 20
0, 12000, 108, 219, 184, 433144, 351292, 0.4, 50, 100, 1, 13, 5000, 20
0, 12000, 104, 220, 190, 402180, 340445, 0.4, 50, 100, 1, 15, 5000, 20
0, 12000, 110, 223, 173, 506113, 377035, 0.4, 50, 100, 1, 14, 5000, 20
0, 12000, 92, 217, 202, 416829, 344541, 0.4, 50, 100, 1, 15, 5000, 20
0, 12000, 87, 196, 155, 506115, 418934, 0.4, 50, 100, 1, 14, 5000, 20
0, 12000, 122, 215, 195, 466820, 397153, 0.4, 50, 100, 1, 14, 5000, 20
0, 12000, 93, 174, 156, 503925, 455760, 0.4, 50, 100, 1, 14, 5000, 20
1, 7845, 105, 138, 140, 296659, 297358, 0.4, 50, 100, 1, 7, 5000, 20
1, 7233, 95, 115, 122, 298240, 316484, 0.4, 50, 100, 1, 6, 5000, 20
0, 12000, 100, 210, 181, 457623, 394287, 0.4, 50, 100, 1, 14, 5000, 20
0, 12000, 107, 221, 178, 458944, 355004, 0.4, 50, 100, 1, 15, 5000, 20
0, 12000, 94, 209, 182, 436533, 371944, 0.4, 50, 100, 1, 13, 5000, 20
1, 6416, 94, 114, 116, 257814, 263410, 0.4, 50, 100, 1, 5, 5000, 20
1, 6952, 102, 125, 126, 311151, 312315, 0.4, 50, 100, 1, 5, 5000, 20
0, 12000, 102, 210, 176, 432607, 361760, 0.4, 50, 100, 1, 15, 5000, 20
0, 12000, 95, 206, 166, 553268, 441045, 0.4, 50, 100, 1, 12, 5000, 20
0, 12000, 106, 223, 183, 413938, 332157, 0.4, 50, 100, 1, 13, 5000, 20
0, 12000, 106, 208, 210, 435343, 417413, 0.4, 50, 100, 1, 14, 5000, 20
0, 12000, 108, 217, 184, 422760, 355476, 0.4, 50, 100, 1, 13, 5000, 20
0, 12000, 104, 219, 194, 435371, 372866, 0.4, 50, 100, 1, 13, 5000, 20
0, 12000, 92, 200, 162, 440397, 359414, 0.4, 50, 100, 1, 13, 5000, 20
0, 12000, 102, 198, 184, 459840, 413682, 0.4, 50, 100, 1, 13, 5000, 20
0, 12000, 99, 205, 176, 457950, 389398, 0.4, 50, 100, 1, 13, 5000, 20
0, 12000, 103, 225, 187, 429343, 347597, 0.4, 50, 100, 1, 12, 5000, 20
0, 12000, 113, 221, 185, 451804, 380269, 0.4, 50, 100, 1, 13, 5000, 20
0, 12000, 93, 209, 157, 450005, 338639, 0.4, 50, 100, 1, 14, 5000, 20
0, 12000, 113, 206, 202, 458722, 424122, 0.4, 50, 100, 1, 13, 5000, 20
0, 12000, 88, 205, 171, 894980, 701538, 0.4, 50, 100, 2, 21, 5000, 20
0, 12000, 96, 227, 190, 895650, 732864, 0.4, 50, 100, 2, 23, 5000, 20
0, 12000, 105, 217, 178, 989784, 830243, 0.4, 50, 100, 2, 24, 5000, 20
0, 12000, 95, 216, 184, 874476, 717090, 0.4, 50, 100, 2, 24, 5000, 20
1, 7042, 99, 119, 123, 573111, 598841, 0.4, 50, 100, 2, 12, 5000, 20
0, 12000, 99, 200, 176, 933767, 822539, 0.4, 50, 100, 2, 23, 5000, 20
0, 12000, 96, 217, 171, 873973, 717464, 0.4, 50, 100, 2, 23, 5000, 20
0, 12000, 98, 201, 161, 969814, 790720, 0.4, 50, 100, 2, 24, 5000, 20
0, 12000, 103, 207, 183, 856369, 775299, 0.4, 50, 100, 2, 24, 5000, 20
0, 12000, 85, 201, 162, 936075, 771001, 0.4, 50, 100, 2, 25, 5000, 20
0, 12000, 80, 193, 162, 1002961, 859901, 0.4, 50, 100, 2, 23, 5000, 20
0, 12000, 106, 221, 206, 902295, 845290, 0.4, 50, 100, 2, 24, 5000, 20
0, 12000, 112, 226, 186, 942640, 728573, 0.4, 50, 100, 2, 24, 5000, 20
0, 12000, 105, 231, 187, 915324, 715672, 0.4, 50, 100, 2, 25, 5000, 20
0, 12000, 83, 191, 156, 895323, 785806, 0.4, 50, 100, 2, 24, 5000, 20
0, 12000, 91, 196, 170, 926515, 846259, 0.4, 50, 100, 2, 26, 5000, 20
0, 12000, 101, 210, 183, 919265, 776422, 0.4, 50, 100, 2, 25, 5000, 20
0, 12000, 100, 206, 176, 915696, 777464, 0.4, 50, 100, 2, 27, 5000, 20
0, 12000, 94, 197, 193, 888717, 772101, 0.4, 50, 100, 2, 25, 5000, 20
0, 12000, 87, 204, 178, 955787, 799946, 0.4, 50, 100, 2, 25, 5000, 20
0, 12000, 86, 192, 155, 939507, 786915, 0.4, 50, 100, 2, 24, 5000, 20
0, 12000, 104, 211, 192, 885227, 788738, 0.4, 50, 100, 2, 27, 5000, 20
0, 12000, 109, 209, 179, 885227, 754963, 0.4, 50, 100, 2, 26, 5000, 20
0, 12000, 84, 191, 183, 957328, 830571, 0.4, 50, 100, 2, 33, 5000, 20
0, 12000, 114, 235, 193, 1003639, 811334, 0.4, 50, 100, 2, 25, 5000, 20
0, 12000, 103, 220, 193, 937893, 757437, 0.4, 50, 100, 2, 26, 5000, 20
0, 12000, 99, 206, 182, 908141, 747292, 0.4, 50, 100, 2, 26, 5000, 20
1, 6773, 89, 110, 108, 542568, 546254, 0.4, 50, 100, 2, 11, 5000, 20
0, 12000, 99, 211, 175, 922203, 732969, 0.4, 50, 100, 2, 25, 5000, 20
0, 12000, 91, 189, 186, 834815, 740633, 0.4, 50, 100, 2, 25, 5000, 20
0, 12000, 110, 213, 182, 924340, 776651, 0.4, 50, 100, 2, 26, 5000, 20
0, 12000, 123, 232, 209, 1020875, 863370, 0.4, 50, 100, 2, 26, 5000, 20
0, 12000, 109, 209, 188, 832445, 754954, 0.4, 50, 100, 2, 28, 5000, 20
0, 12000, 100, 212, 190, 940508, 759665, 0.4, 50, 100, 2, 30, 5000, 20
0, 12000, 104, 222, 187, 947963, 758392, 0.4, 50, 100, 2, 25, 5000, 20
0, 12000, 95, 223, 191, 928967, 754242, 0.4, 50, 100, 2, 25, 5000, 20
0, 12000, 99, 223, 172, 897278, 692363, 0.4, 50, 100, 2, 24, 5000, 20
0, 12000, 99, 215, 183, 824516, 679773, 0.4, 50, 100, 2, 25, 5000, 20
0, 12000, 88, 183, 157, 913888, 754343, 0.4, 50, 100, 2, 24, 5000, 20
0, 12000, 99, 216, 184, 851316, 742127, 0.4, 50, 100, 2, 25, 5000, 20
0, 12000, 91, 213, 171, 860981, 733416, 0.4, 50, 100, 2, 30, 5000, 20
0, 12000, 94, 219, 179, 887815, 712425, 0.4, 50, 100, 2, 24, 5000, 20
0, 12000, 88, 200, 177, 889823, 766456, 0.4, 50, 100, 2, 26, 5000, 20
0, 12000, 110, 208, 182, 871076, 734199, 0.4, 50, 100, 2, 25, 5000, 20
0, 12000, 111, 224, 179, 902347, 737938, 0.4, 50, 100, 2, 27, 5000, 20
0, 12000, 101, 216, 200, 936598, 772791, 0.4, 50, 100, 2, 26, 5000, 20
0, 12000, 100, 209, 188, 888266, 802461, 0.4, 50, 100, 2, 25, 5000, 20
1, 6579, 108, 128, 129, 567653, 572928, 0.4, 50, 100, 2, 11, 5000, 20
0, 12000, 110, 221, 175, 980280, 832221, 0.4, 50, 100, 2, 27, 5000, 20
0, 12000, 114, 213, 200, 908179, 819507, 0.4, 50, 100, 2, 25, 5000, 20
0, 12000, 98, 218, 185, 940918, 759310, 0.4, 50, 100, 2, 26, 5000, 20
0, 12000, 108, 212, 198, 848622, 748489, 0.4, 50, 100, 2, 25, 5000, 20
0, 12000, 91, 202, 155, 985998, 787009, 0.4, 50, 100, 2, 25, 5000, 20
0, 12000, 111, 210, 188, 979892, 825710, 0.4, 50, 100, 2, 27, 5000, 20
0, 12000, 110, 216, 184, 870342, 723504, 0.4, 50, 100, 2, 25, 5000, 20
0, 12000, 89, 212, 190, 866455, 754232, 0.4, 50, 100, 2, 24, 5000, 20
0, 12000, 85, 203, 166, 927929, 746441, 0.4, 50, 100, 2, 26, 5000, 20
0, 12000, 106, 207, 179, 937783, 760843, 0.4, 50, 100, 2, 26, 5000, 20
0, 12000, 102, 231, 198, 879787, 760028, 0.4, 50, 100, 2, 26, 5000, 20
0, 12000, 100, 217, 192, 926527, 782371, 0.4, 50, 100, 2, 25, 5000, 20
0, 12000, 94, 217, 178, 957142, 809312, 0.4, 50, 100, 2, 25, 5000, 20
0, 12000, 105, 230, 201, 816587, 699918, 0.4, 50, 100, 2, 25, 5000, 20
1, 7539, 94, 114, 117, 609228, 633479, 0.4, 50, 100, 2, 11, 5000, 20
0, 12000, 100, 222, 210, 880145, 726825, 0.4, 50, 100, 2, 26, 5000, 20
0, 12000, 105, 227, 207, 872467, 743334, 0.4, 50, 100, 2, 26, 5000, 20
0, 12000, 91, 201, 173, 914782, 753206, 0.4, 50, 100, 2, 25, 5000, 20
0, 12000, 100, 211, 176, 881593, 756443, 0.4, 50, 100, 2, 24, 5000, 20
0, 12000, 82, 202, 163, 984717, 811805, 0.4, 50, 100, 2, 25, 5000, 20
0, 12000, 117, 219, 193, 917745, 760857, 0.4, 50, 100, 2, 26, 5000, 20
0, 12000, 99, 215, 201, 810455, 715392, 0.4, 50, 100, 2, 24, 5000, 20
0, 12000, 108, 211, 192, 964736, 793521, 0.4, 50, 100, 2, 25, 5000, 20
0, 12000, 88, 195, 182, 886893, 798246, 0.4, 50, 100, 2, 24, 5000, 20
0, 12000, 96, 199, 176, 914842, 791603, 0.4, 50, 100, 2, 26, 5000, 20
0, 12000, 104, 214, 169, 958158, 791931, 0.4, 50, 100, 2, 23, 5000, 20
0, 12000, 110, 219, 183, 958689, 775100, 0.4, 50, 100, 2, 26, 5000, 20
0, 12000, 94, 209, 184, 866711, 763747, 0.4, 50, 100, 2, 25, 5000, 20
0, 12000, 86, 193, 169, 877852, 781115, 0.4, 50, 100, 2, 26, 5000, 20
0, 12000, 117, 222, 181, 943054, 813067, 0.4, 50, 100, 2, 25, 5000, 20
0, 12000, 99, 218, 187, 855045, 752288, 0.4, 50, 100, 2, 25, 5000, 20
0, 12000, 112, 220, 201, 839690, 748859, 0.4, 50, 100, 2, 24, 5000, 20
0, 12000, 90, 192, 171, 821319, 711918, 0.4, 50, 100, 2, 24, 5000, 20
0, 12000, 99, 218, 162, 905952, 692800, 0.4, 50, 100, 2, 25, 5000, 20
0, 12000, 103, 217, 184, 869111, 693830, 0.4, 50, 100, 2, 26, 5000, 20
0, 12000, 95, 206, 184, 868972, 784993, 0.4, 50, 100, 2, 26, 5000, 20
0, 12000, 97, 216, 184, 918096, 747317, 0.4, 50, 100, 2, 28, 5000, 20
0, 12000, 91, 205, 168, 906236, 738759, 0.4, 50, 100, 2, 25, 5000, 20
0, 12000, 96, 206, 190, 880142, 778257, 0.4, 50, 100, 2, 24, 5000, 20
0, 12000, 97, 218, 181, 923791, 759514, 0.4, 50, 100, 2, 26, 5000, 20
0, 12000, 101, 216, 175, 942274, 757785, 0.4, 50, 100, 2, 25, 5000, 20
0, 12000, 115, 214, 189, 950496, 775921, 0.4, 50, 100, 2, 27, 5000, 20
0, 12000, 110, 225, 203, 874115, 769711, 0.4, 50, 100, 2, 26, 5000, 20
0, 12000, 110, 219, 198, 852074, 760061, 0.4, 50, 100, 2, 25, 5000, 20
0, 12000, 105, 200, 186, 916611, 783262, 0.4, 50, 100, 2, 29, 5000, 20
0, 12000, 88, 211, 190, 890709, 773731, 0.4, 50, 100, 2, 26, 5000, 20
0, 12000, 106, 216, 177, 883023, 734869, 0.4, 50, 100, 2, 26, 5000, 20
0, 12000, 113, 222, 197, 913266, 780080, 0.4, 50, 100, 2, 26, 5000, 20
0, 12000, 109, 208, 180, 914905, 794822, 0.4, 50, 100, 2, 25, 5000, 20
0, 12000, 80, 200, 155, 897639, 753078, 0.4, 50, 100, 2, 28, 5000, 20
0, 12000, 115, 215, 196, 893436, 751770, 0.4, 50, 100, 2, 26, 5000, 20
1, 6902, 118, 141, 135, 950055, 961164, 0.4, 50, 100, 3, 17, 5000, 20
0, 12000, 97, 214, 187, 891919, 732459, 0.4, 50, 100, 2, 27, 5000, 20
0, 12000, 100, 195, 183, 1317444, 1194263, 0.4, 50, 100, 3, 37, 5000, 20
1, 6827, 111, 131, 135, 839437, 849427, 0.4, 50, 100, 3, 16, 5000, 20
0, 12000, 88, 201, 177, 1301461, 1165097, 0.4, 50, 100, 3, 38, 5000, 20
0, 12000, 103, 218, 188, 1380186, 1107492, 0.4, 50, 100, 3, 35, 5000, 20
0, 12000, 116, 220, 197, 1316594, 1119146, 0.4, 50, 100, 3, 39, 5000, 20
0, 12000, 110, 236, 188, 1397966, 1117546, 0.4, 50, 100, 3, 42, 5000, 20
0, 12000, 105, 220, 187, 1250075, 1097488, 0.4, 50, 100, 3, 44, 5000, 20
0, 12000, 77, 198, 185, 1249970, 1101313, 0.4, 50, 100, 3, 37, 5000, 20
0, 12000, 100, 201, 184, 1236581, 1116770, 0.4, 50, 100, 3, 36, 5000, 20
0, 12000, 96, 215, 166, 1367887, 1095744, 0.4, 50, 100, 3, 39, 5000, 20
0, 12000, 106, 213, 175, 1363260, 1120189, 0.4, 50, 100, 3, 36, 5000, 20
0, 12000, 112, 224, 204, 1292624, 1137318, 0.4, 50, 100, 3, 40, 5000, 20
0, 12000, 104, 209, 184, 1322390, 1116568, 0.4, 50, 100, 3, 39, 5000, 20
0, 12000, 106, 220, 198, 1368077, 1170587, 0.4, 50, 100, 3, 37, 5000, 20
0, 12000, 106, 209, 172, 1400826, 1167258, 0.4, 50, 100, 3, 39, 5000, 20
0, 12000, 99, 229, 190, 1319011, 1112592, 0.4, 50, 100, 3, 37, 5000, 20
0, 12000, 108, 218, 190, 1380401, 1171530, 0.4, 50, 100, 3, 42, 5000, 20
0, 12000, 95, 216, 177, 1350029, 1124976, 0.4, 50, 100, 3, 36, 5000, 20
0, 12000, 99, 213, 179, 1327558, 1193360, 0.4, 50, 100, 3, 37, 5000, 20
0, 12000, 94, 219, 199, 1360566, 1161769, 0.4, 50, 100, 3, 39, 5000, 20
0, 12000, 106, 225, 195, 1316266, 1110965, 0.4, 50, 100, 3, 39, 5000, 20
0, 12000, 99, 189, 162, 1397627, 1150592, 0.4, 50, 100, 3, 38, 5000, 20
0, 12000, 82, 201, 165, 1327942, 1154179, 0.4, 50, 100, 3, 38, 5000, 20
0, 12000, 98, 216, 182, 1200341, 1036844, 0.4, 50, 100, 3, 41, 5000, 20
0, 12000, 109, 230, 202, 1295079, 1067513, 0.4, 50, 100, 3, 36, 5000, 20
1, 6050, 108, 128, 123, 785583, 788832, 0.4, 50, 100, 3, 15, 5000, 20
0, 12000, 96, 214, 178, 1300724, 1087051, 0.4, 50, 100, 3, 36, 5000, 20
0, 12000, 101, 207, 181, 1428031, 1296727, 0.4, 50, 100, 3, 36, 5000, 20
0, 12000, 96, 213, 196, 1404194, 1185634, 0.4, 50, 100, 3, 38, 5000, 20
0, 12000, 87, 192, 174, 1390035, 1177330, 0.4, 50, 100, 3, 36, 5000, 20
0, 12000, 107, 199, 178, 1345207, 1192398, 0.4, 50, 100, 3, 42, 5000, 20
0, 12000, 99, 206, 182, 1318600, 1159853, 0.4, 50, 100, 3, 41, 5000, 20
0, 12000, 110, 225, 172, 1424421, 1143185, 0.4, 50, 100, 3, 38, 5000, 20
0, 12000, 107, 213, 192, 1356543, 1184987, 0.4, 50, 100, 3, 38, 5000, 20
0, 12000, 102, 212, 182, 1302033, 1102448, 0.4, 50, 100, 3, 36, 5000, 20
0, 12000, 101, 211, 195, 1326258, 1147830, 0.4, 50, 100, 3, 38, 5000, 20
0, 12000, 105, 207, 174, 1488676, 1199277, 0.4, 50, 100, 3, 39, 5000, 20
0, 12000, 105, 206, 185, 1470345, 1217186, 0.4, 50, 100, 3, 38, 5000, 20
0, 12000, 108, 209, 174, 1461092, 1206152, 0.4, 50, 100, 3, 37, 5000, 20
0, 12000, 106, 225, 195, 1329356, 1085945, 0.4, 50, 100, 3, 37, 5000, 20
0, 12000, 109, 237, 214, 1381265, 1129578, 0.4, 50, 100, 3, 38, 5000, 20
0, 12000, 94, 199, 178, 1361701, 1169382, 0.4, 50, 100, 3, 37, 5000, 20
0, 12000, 91, 221, 169, 1422682, 1175646, 0.4, 50, 100, 3, 39, 5000, 20
0, 12000, 115, 222, 199, 1343932, 1117313, 0.4, 50, 100, 3, 40, 5000, 20
0, 12000, 102, 220, 191, 1327392, 1094612, 0.4, 50, 100, 3, 42, 5000, 20
0, 12000, 98, 197, 172, 1450231, 1188472, 0.4, 50, 100, 3, 36, 5000, 20
0, 12000, 100, 213, 192, 1325524, 1142877, 0.4, 50, 100, 3, 37, 5000, 20
1, 7215, 107, 127, 133, 895231, 901484, 0.4, 50, 100, 3, 18, 5000, 20
0, 12000, 98, 202, 181, 1337627, 1166708, 0.4, 50, 100, 3, 36, 5000, 20
0, 12000, 96, 217, 190, 1370472, 1138196, 0.4, 50, 100, 3, 37, 5000, 20
0, 12000, 90, 194, 158, 1383636, 1169983, 0.4, 50, 100, 3, 37, 5000, 20
0, 12000, 97, 200, 188, 1294567, 1156239, 0.4, 50, 100, 3, 37, 5000, 20
0, 12000, 97, 207, 186, 1388737, 1230846, 0.4, 50, 100, 3, 41, 5000, 20
0, 12000, 106, 203, 180, 1393975, 1257999, 0.4, 50, 100, 3, 37, 5000, 20
0, 12000, 86, 210, 169, 1241903, 1034619, 0.4, 50, 100, 3, 34, 5000, 20
0, 12000, 115, 209, 182, 1477397, 1195777, 0.4, 50, 100, 3, 37, 5000, 20
0, 12000, 97, 212, 169, 1373215, 1153570, 0.4, 50, 100, 3, 36, 5000, 20
0, 12000, 79, 201, 168, 1436906, 1145855, 0.4, 50, 100, 3, 36, 5000, 20
0, 12000, 99, 190, 186, 1392526, 1205567, 0.4, 50, 100, 3, 44, 5000, 20
0, 12000, 90, 191, 164, 1437849, 1216753, 0.4, 50, 100, 3, 37, 5000, 20
0, 12000, 107, 207, 187, 1286861, 1085211, 0.4, 50, 100, 3, 38, 5000, 20
0, 12000, 102, 202, 194, 1270735, 1120134, 0.4, 50, 100, 3, 38, 5000, 20
0, 12000, 91, 236, 180, 1373868, 1086599, 0.4, 50, 100, 3, 35, 5000, 20
0, 12000, 103, 212, 185, 1440871, 1206914, 0.4, 50, 100, 3, 43, 5000, 20
0, 12000, 94, 203, 175, 1353989, 1135757, 0.4, 50, 100, 3, 35, 5000, 20
0, 12000, 106, 225, 188, 1315175, 1097548, 0.4, 50, 100, 3, 36, 5000, 20
0, 12000, 100, 203, 170, 1361734, 1153428, 0.4, 50, 100, 3, 36, 5000, 20
0, 12000, 94, 192, 164, 1405370, 1192470, 0.4, 50, 100, 3, 36, 5000, 20
0, 12000, 114, 203, 182, 1403232, 1178291, 0.4, 50, 100, 3, 40, 5000, 20
0, 12000, 93, 213, 180, 1486492, 1214168, 0.4, 50, 100, 3, 34, 5000, 20
0, 12000, 99, 212, 180, 1385703, 1184718, 0.4, 50, 100, 3, 37, 5000, 20
0, 12000, 101, 205, 191, 1299916, 1163244, 0.4, 50, 100, 3, 37, 5000, 20
0, 12000, 95, 203, 169, 1373591, 1163851, 0.4, 50, 100, 3, 37, 5000, 20
0, 12000, 79, 199, 155, 1433046, 1172092, 0.4, 50, 100, 3, 37, 5000, 20
0, 12000, 109, 202, 169, 1473723, 1253695, 0.4, 50, 100, 3, 38, 5000, 20
0, 12000, 102, 201, 189, 1378283, 1242320, 0.4, 50, 100, 3, 57, 5000, 20
0, 12000, 109, 199, 187, 1281722, 1148445, 0.4, 50, 100, 3, 39, 5000, 20
0, 12000, 114, 202, 197, 1348332, 1248791, 0.4, 50, 100, 3, 51, 5000, 20
0, 12000, 85, 194, 175, 1415383, 1150844, 0.4, 50, 100, 3, 40, 5000, 20
0, 12000, 106, 225, 193, 1340387, 1150995, 0.4, 50, 100, 3, 38, 5000, 20
0, 12000, 108, 202, 191, 1360779, 1151911, 0.4, 50, 100, 3, 38, 5000, 20
0, 12000, 105, 214, 191, 1362200, 1154156, 0.4, 50, 100, 3, 42, 5000, 20
0, 12000, 94, 197, 175, 1295415, 1139356, 0.4, 50, 100, 3, 39, 5000, 20
0, 12000, 104, 216, 193, 1370950, 1120566, 0.4, 50, 100, 3, 43, 5000, 20
0, 12000, 99, 227, 177, 1326300, 1125835, 0.4, 50, 100, 3, 37, 5000, 20
0, 12000, 90, 199, 168, 1280983, 1190227, 0.4, 50, 100, 3, 39, 5000, 20
0, 12000, 106, 231, 182, 1320340, 1079463, 0.4, 50, 100, 3, 40, 5000, 20
0, 12000, 117, 238, 193, 1365050, 1147133, 0.4, 50, 100, 3, 37, 5000, 20
0, 12000, 121, 223, 185, 1375710, 1146736, 0.4, 50, 100, 3, 43, 5000, 20
0, 12000, 110, 219, 193, 1323030, 1162200, 0.4, 50, 100, 3, 42, 5000, 20
0, 12000, 86, 180, 173, 1370056, 1219646, 0.4, 50, 100, 3, 40, 5000, 20
0, 12000, 88, 205, 173, 1311231, 1153466, 0.4, 50, 100, 3, 58, 5000, 20
0, 12000, 97, 191, 180, 1360203, 1217861, 0.4, 50, 100, 3, 42, 5000, 20
0, 12000, 102, 200, 176, 1305610, 1144677, 0.4, 50, 100, 3, 39, 5000, 20
0, 12000, 102, 215, 197, 1297631, 1147576, 0.4, 50, 100, 3, 40, 5000, 20
0, 12000, 82, 189, 154, 1406463, 1143406, 0.4, 50, 100, 3, 39, 5000, 20
0, 12000, 114, 213, 195, 1297537, 1117464, 0.4, 50, 100, 3, 38, 5000, 20
0, 12000, 80, 206, 177, 1361096, 1099290, 0.4, 50, 100, 3, 40, 5000, 20
0, 12000, 103, 210, 187, 1328214, 1156767, 0.4, 50, 100, 3, 49, 5000, 20
0, 12000, 113, 201, 185, 1783928, 1530679, 0.4, 50, 100, 4, 51, 5000, 20
0, 12000, 95, 210, 192, 1884915, 1532246, 0.4, 50, 100, 4, 50, 5000, 20
0, 12000, 89, 214, 190, 1713493, 1444742, 0.4, 50, 100, 4, 53, 5000, 20
0, 12000, 102, 217, 198, 1745005, 1522324, 0.4, 50, 100, 4, 54, 5000, 20
0, 12000, 94, 220, 185, 1800494, 1476416, 0.4, 50, 100, 4, 55, 5000, 20
0, 12000, 103, 207, 166, 1938597, 1559052, 0.4, 50, 100, 4, 57, 5000, 20
0, 12000, 105, 195, 194, 1826459, 1606648, 0.4, 50, 100, 4, 54, 5000, 20
0, 12000, 85, 201, 163, 1940398, 1680543, 0.4, 50, 100, 4, 48, 5000, 20
0, 12000, 109, 218, 193, 1826280, 1617830, 0.4, 50, 100, 4, 50, 5000, 20
0, 12000, 100, 205, 182, 1813130, 1567077, 0.4, 50, 100, 4, 51, 5000, 20
0, 12000, 103, 216, 167, 1871125, 1526555, 0.4, 50, 100, 4, 51, 5000, 20
0, 12000, 98, 211, 175, 1792590, 1555094, 0.4, 50, 100, 4, 55, 5000, 20
0, 12000, 99, 215, 182, 1833456, 1566305, 0.4, 50, 100, 4, 52, 5000, 20
0, 12000, 98, 213, 191, 1855644, 1569495, 0.4, 50, 100, 4, 57, 5000, 20
0, 12000, 105, 221, 188, 1788968, 1462952, 0.4, 50, 100, 4, 56, 5000, 20
0, 12000, 105, 228, 178, 1890912, 1506732, 0.4, 50, 100, 4, 50, 5000, 20
0, 12000, 95, 199, 177, 1832740, 1564484, 0.4, 50, 100, 4, 53, 5000, 20
0, 12000, 115, 229, 191, 1826955, 1553562, 0.4, 50, 100, 4, 49, 5000, 20
0, 12000, 92, 191, 176, 1806453, 1582073, 0.4, 50, 100, 4, 50, 5000, 20
0, 12000, 101, 221, 180, 1799914, 1468999, 0.4, 50, 100, 4, 55, 5000, 20
0, 12000, 105, 216, 203, 1729325, 1587487, 0.4, 50, 100, 4, 54, 5000, 20
0, 12000, 109, 223, 185, 1848996, 1482198, 0.4, 50, 100, 4, 56, 5000, 20
0, 12000, 92, 203, 174, 1839280, 1541966, 0.4, 50, 100, 4, 53, 5000, 20
0, 12000, 96, 202, 185, 1771647, 1583157, 0.4, 50, 100, 4, 49, 5000, 20
0, 12000, 99, 216, 183, 1688994, 1481988, 0.4, 50, 100, 4, 55, 5000, 20
0, 12000, 104, 209, 168, 1760692, 1502254, 0.4, 50, 100, 4, 48, 5000, 20
0, 12000, 108, 222, 183, 1801703, 1476985, 0.4, 50, 100, 4, 53, 5000, 20
0, 12000, 101, 209, 194, 1861170, 1629142, 0.4, 50, 100, 4, 51, 5000, 20
0, 12000, 92, 207, 178, 1817431, 1538826, 0.4, 50, 100, 4, 52, 5000, 20
0, 12000, 96, 207, 173, 1875739, 1507470, 0.4, 50, 100, 4, 49, 5000, 20
0, 12000, 108, 222, 192, 1871392, 1573018, 0.4, 50, 100, 4, 51, 5000, 20
0, 12000, 100, 195, 181, 1797504, 1455711, 0.4, 50, 100, 4, 59, 5000, 20
0, 12000, 92, 206, 174, 1859854, 1517034, 0.4, 50, 100, 4, 56, 5000, 20
0, 12000, 98, 208, 177, 1773014, 1486371, 0.4, 50, 100, 4, 55, 5000, 20
0, 12000, 113, 223, 191, 1837686, 1579961, 0.4, 50, 100, 4, 62, 5000, 20
0, 12000, 104, 213, 180, 1867725, 1594057, 0.4, 50, 100, 4, 57, 5000, 20
0, 12000, 92, 211, 177, 1939309, 1614609, 0.4, 50, 100, 4, 54, 5000, 20
0, 12000, 103, 217, 197, 1789743, 1542311, 0.4, 50, 100, 4, 51, 5000, 20
0, 12000, 87, 206, 157, 1809644, 1487303, 0.4, 50, 100, 4, 64, 5000, 20
0, 12000, 97, 205, 186, 1939653, 1647316, 0.4, 50, 100, 4, 52, 5000, 20
0, 12000, 117, 221, 192, 1820698, 1580466, 0.4, 50, 100, 4, 64, 5000, 20
0, 12000, 106, 211, 192, 1882565, 1572501, 0.4, 50, 100, 4, 55, 5000, 20
0, 12000, 99, 220, 196, 1727502, 1465163, 0.4, 50, 100, 4, 61, 5000, 20
0, 12000, 93, 214, 168, 1905462, 1509367, 0.4, 50, 100, 4, 56, 5000, 20
0, 12000, 113, 225, 183, 1848113, 1567264, 0.4, 50, 100, 4, 59, 5000, 20
0, 12000, 85, 200, 175, 1728211, 1469567, 0.4, 50, 100, 4, 57, 5000, 20
0, 12000, 110, 230, 193, 1882143, 1548061, 0.4, 50, 100, 4, 59, 5000, 20
0, 12000, 106, 224, 189, 1842635, 1495030, 0.4, 50, 100, 4, 54, 5000, 20
0, 12000, 100, 218, 195, 1837609, 1538826, 0.4, 50, 100, 4, 58, 5000, 20
0, 12000, 110, 232, 185, 1929225, 1475884, 0.4, 50, 100, 4, 56, 5000, 20
0, 12000, 95, 212, 195, 1789638, 1482836, 0.4, 50, 100, 4, 56, 5000, 20
0, 12000, 102, 218, 185, 1804132, 1609960, 0.4, 50, 100, 4, 53, 5000, 20
0, 12000, 73, 197, 153, 1997224, 1632496, 0.4, 50, 100, 4, 57, 5000, 20
0, 12000, 101, 191, 180, 1761154, 1521125, 0.4, 50, 100, 4, 59, 5000, 20
0, 12000, 84, 198, 154, 1914716, 1620023, 0.4, 50, 100, 4, 54, 5000, 20
0, 12000, 111, 228, 203, 1800765, 1600614, 0.4, 50, 100, 4, 51, 5000, 20
0, 12000, 92, 207, 165, 1957735, 1587909, 0.4, 50, 100, 4, 56, 5000, 20
0, 12000, 100, 180, 159, 1769634, 1528803, 0.4, 50, 100, 4, 52, 5000, 20
0, 12000, 103, 210, 199, 1937547, 1677829, 0.4, 50, 100, 4, 51, 5000, 20
0, 12000, 94, 213, 184, 1749590, 1522727, 0.4, 50, 100, 4, 52, 5000, 20
0, 12000, 101, 222, 184, 1863659, 1577899, 0.4, 50, 100, 4, 55, 5000, 20
0, 12000, 97, 202, 170, 1837095, 1547877, 0.4, 50, 100, 4, 64, 5000, 20
0, 12000, 99, 196, 178, 1834075, 1606064, 0.4, 50, 100, 4, 65, 5000, 20
0, 12000, 96, 205, 167, 1845559, 1514684, 0.4, 50, 100, 4, 56, 5000, 20
0, 12000, 97, 201, 172, 1816254, 1559334, 0.4, 50, 100, 4, 57, 5000, 20
0, 12000, 101, 225, 211, 1772538, 1474834, 0.4, 50, 100, 4, 53, 5000, 20
0, 12000, 103, 212, 180, 1877637, 1595815, 0.4, 50, 100, 4, 53, 5000, 20
0, 12000, 102, 206, 202, 1820021, 1610345, 0.4, 50, 100, 4, 51, 5000, 20
0, 12000, 98, 204, 183, 1707591, 1491036, 0.4, 50, 100, 4, 54, 5000, 20
0, 12000, 99, 216, 192, 1839919, 1640125, 0.4, 50, 100, 4, 58, 5000, 20
0, 12000, 107, 239, 189, 1811924, 1459377, 0.4, 50, 100, 4, 51, 5000, 20
0, 12000, 105, 195, 175, 1793479, 1578800, 0.4, 50, 100, 4, 60, 5000, 20
0, 12000, 91, 207, 172, 1892018, 1513853, 0.4, 50, 100, 4, 53, 5000, 20
0, 12000, 104, 197, 188, 1825459, 1576734, 0.4, 50, 100, 4, 51, 5000, 20
0, 12000, 100, 210, 195, 1822758, 1499649, 0.4, 50, 100, 4, 55, 5000, 20
0, 12000, 107, 217, 182, 1898977, 1597949, 0.4, 50, 100, 4, 52, 5000, 20
0, 12000, 99, 205, 186, 1871617, 1502743, 0.4, 50, 100, 4, 50, 5000, 20
0, 12000, 99, 208, 185, 1756967, 1449394, 0.4, 50, 100, 4, 66, 5000, 20
0, 12000, 98, 218, 189, 1787923, 1459159, 0.4, 50, 100, 4, 54, 5000, 20
0, 12000, 106, 219, 194, 1887940, 1471085, 0.4, 50, 100, 4, 64, 5000, 20
0, 12000, 108, 228, 201, 1845966, 1533513, 0.4, 50, 100, 4, 54, 5000, 20
0, 12000, 99, 213, 183, 1828038, 1613546, 0.4, 50, 100, 4, 61, 5000, 20
0, 12000, 108, 226, 174, 1835324, 1521956, 0.4, 50, 100, 4, 56, 5000, 20
0, 12000, 105, 230, 195, 1803018, 1520456, 0.4, 50, 100, 4, 58, 5000, 20
0, 12000, 97, 202, 197, 1822561, 1598488, 0.4, 50, 100, 4, 54, 5000, 20
0, 12000, 95, 216, 192, 1778546, 1495922, 0.4, 50, 100, 4, 63, 5000, 20
0, 12000, 115, 217, 199, 1891088, 1652105, 0.4, 50, 100, 4, 56, 5000, 20
0, 12000, 96, 207, 179, 1809904, 1523225, 0.4, 50, 100, 4, 53, 5000, 20
0, 12000, 98, 208, 182, 1834038, 1515429, 0.4, 50, 100, 4, 58, 5000, 20
0, 12000, 98, 219, 203, 1814793, 1556487, 0.4, 50, 100, 4, 65, 5000, 20
0, 12000, 102, 208, 172, 1834508, 1618979, 0.4, 50, 100, 4, 57, 5000, 20
0, 12000, 104, 220, 195, 1870330, 1476287, 0.4, 50, 100, 4, 55, 5000, 20
0, 12000, 107, 219, 196, 1862968, 1563509, 0.4, 50, 100, 4, 58, 5000, 20
0, 12000, 103, 198, 181, 1906824, 1665620, 0.4, 50, 100, 4, 57, 5000, 20
0, 12000, 107, 207, 186, 1773370, 1493020, 0.4, 50, 100, 4, 51, 5000, 20
0, 12000, 91, 227, 205, 1673891, 1419723, 0.4, 50, 100, 4, 54, 5000, 20
0, 12000, 83, 195, 172, 1935667, 1553435, 0.4, 50, 100, 4, 52, 5000, 20
0, 12000, 107, 209, 192, 1877651, 1561028, 0.4, 50, 100, 4, 66, 5000, 20
0, 12000, 106, 210, 186, 1896973, 1579149, 0.4, 50, 100, 4, 60, 5000, 20
0, 12000, 110, 224, 195, 1733759, 1455405, 0.4, 50, 100, 4, 66, 5000, 20
0, 12000, 91, 195, 161, 2218115, 1889774, 0.4, 50, 100, 5, 68, 5000, 20
0, 12000, 97, 217, 183, 2378413, 2067769, 0.4, 50, 100, 5, 71, 5000, 20
0, 12000, 82, 190, 155, 2350281, 2001557, 0.4, 50, 100, 5, 69, 5000, 20
0, 12000, 106, 224, 184, 2218111, 1792339, 0.4, 50, 100, 5, 70, 5000, 20
0, 12000, 103, 211, 175, 2258455, 1959237, 0.4, 50, 100, 5, 63, 5000, 20
0, 12000, 95, 219, 174, 2320153, 1929505, 0.4, 50, 100, 5, 69, 5000, 20
0, 12000, 112, 219, 192, 2234475, 1953524, 0.4, 50, 100, 5, 74, 5000, 20
0, 12000, 109, 211, 187, 2310981, 2002344, 0.4, 50, 100, 5, 78, 5000, 20
0, 12000, 97, 195, 166, 2401195, 2028286, 0.4, 50, 100, 5, 82, 5000, 20
0, 12000, 111, 219, 194, 2270455, 1984059, 0.4, 50, 100, 5, 87, 5000, 20
0, 12000, 111, 215, 194, 2227542, 1877814, 0.4, 50, 100, 5, 76, 5000, 20
0, 12000, 100, 203, 180, 2302353, 1891559, 0.4, 50, 100, 5, 69, 5000, 20
0, 12000, 109, 213, 194, 2298481, 1918886, 0.4, 50, 100, 5, 75, 5000, 20
0, 12000, 91, 211, 181, 2240718, 1866064, 0.4, 50, 100, 5, 73, 5000, 20
0, 12000, 95, 204, 181, 2249440, 1940947, 0.4, 50, 100, 5, 71, 5000, 20
0, 12000, 100, 206, 200, 2218681, 1937615, 0.4, 50, 100, 5, 82, 5000, 20
0, 12000, 84, 212, 154, 2410446, 2089147, 0.4, 50, 100, 5, 66, 5000, 20
0, 12000, 110, 232, 194, 2274452, 1873090, 0.4, 50, 100, 5, 71, 5000, 20
0, 12000, 106, 226, 179, 2367138, 1909296, 0.4, 50, 100, 5, 77, 5000, 20
0, 12000, 110, 211, 188, 2244834, 1950562, 0.4, 50, 100, 5, 75, 5000, 20
0, 12000, 89, 175, 164, 2187231, 1952431, 0.4, 50, 100, 5, 72, 5000, 20
0, 12000, 110, 223, 193, 2350555, 1968121, 0.4, 50, 100, 5, 77, 5000, 20
0, 12000, 90, 208, 181, 2250292, 1945098, 0.4, 50, 100, 5, 70, 5000, 20
0, 12000, 101, 198, 170, 2182925, 1904429, 0.4, 50, 100, 5, 67, 5000, 20
0, 12000, 87, 204, 169, 2245971, 1897573, 0.4, 50, 100, 5, 85, 5000, 20
0, 12000, 107, 200, 181, 2271225, 2007256, 0.4, 50, 100, 5, 75, 5000, 20
0, 12000, 103, 211, 196, 2273186, 2011684, 0.4, 50, 100, 5, 72, 5000, 20
0, 12000, 100, 209, 187, 2337845, 1879854, 0.4, 50, 100, 5, 78, 5000, 20
0, 12000, 96, 199, 181, 2287367, 1927872, 0.4, 50, 100, 5, 80, 5000, 20
0, 12000, 123, 224, 204, 2352904, 1962649, 0.4, 50, 100, 5, 70, 5000, 20
0, 12000, 106, 226, 185, 2447442, 2049027, 0.4, 50, 100, 5, 62, 5000, 20
0, 12000, 105, 215, 186, 2296877, 1921925, 0.4, 50, 100, 5, 68, 5000, 20
0, 12000, 114, 214, 184, 2114327, 1794563, 0.4, 50, 100, 5, 88, 5000, 20
0, 12000, 103, 214, 181, 2140136, 1843126, 0.4, 50, 100, 5, 67, 5000, 20
0, 12000, 101, 217, 176, 2200954, 1905238, 0.4, 50, 100, 5, 72, 5000, 20
0, 12000, 111, 208, 172, 2210399, 1868230, 0.4, 50, 100, 5, 74, 5000, 20
0, 12000, 93, 211, 176, 2279055, 1854988, 0.4, 50, 100, 5, 78, 5000, 20
0, 12000, 98, 221, 179, 2264508, 1905425, 0.4, 50, 100, 5, 72, 5000, 20
0, 12000, 93, 202, 177, 2419271, 2052999, 0.4, 50, 100, 5, 68, 5000, 20
0, 12000, 117, 219, 185, 2282709, 1925533, 0.4, 50, 100, 5, 71, 5000, 20
0, 12000, 98, 212, 194, 2283020, 1902637, 0.4, 50, 100, 5, 78, 5000, 20
0, 12000, 96, 190, 165, 2232642, 1948330, 0.4, 50, 100, 5, 77, 5000, 20
0, 12000, 105, 229, 205, 2271573, 1923598, 0.4, 50, 100, 5, 65, 5000, 20
0, 12000, 98, 205, 177, 2270219, 1954400, 0.4, 50, 100, 5, 71, 5000, 20
0, 12000, 108, 224, 197, 2263987, 1961706, 0.4, 50, 100, 5, 77, 5000, 20
0, 12000, 103, 216, 170, 2248664, 1839319, 0.4, 50, 100, 5, 80, 5000, 20
0, 12000, 108, 214, 198, 2201686, 1946619, 0.4, 50, 100, 5, 71, 5000, 20
0, 12000, 97, 207, 189, 2411041, 1958842, 0.4, 50, 100, 5, 70, 5000, 20
0, 12000, 102, 221, 184, 2194462, 1862569, 0.4, 50, 100, 5, 83, 5000, 20
0, 12000, 101, 222, 186, 2305314, 1858721, 0.4, 50, 100, 5, 78, 5000, 20
0, 12000, 102, 212, 187, 2336359, 1961934, 0.4, 50, 100, 5, 67, 5000, 20
0, 12000, 100, 218, 189, 2218498, 1892247, 0.4, 50, 100, 5, 86, 5000, 20
0, 12000, 110, 226, 191, 2274656, 1899368, 0.4, 50, 100, 5, 78, 5000, 20
0, 12000, 103, 215, 195, 2231600, 2030921, 0.4, 50, 100, 5, 67, 5000, 20
0, 12000, 96, 189, 177, 2330421, 1947412, 0.4, 50, 100, 5, 79, 5000, 20
0, 12000, 115, 225, 203, 2257894, 1896607, 0.4, 50, 100, 5, 75, 5000, 20
0, 12000, 105, 217, 184, 2280471, 1978999, 0.4, 50, 100, 5, 67, 5000, 20
0, 12000, 101, 193, 165, 2265668, 1966266, 0.4, 50, 100, 5, 81, 5000, 20
0, 12000, 92, 195, 163, 2341801, 1978296, 0.4, 50, 100, 5, 70, 5000, 20
0, 12000, 85, 190, 179, 2413950, 2092142, 0.4, 50, 100, 5, 74, 5000, 20
0, 12000, 96, 209, 173, 2285727, 1972124, 0.4, 50, 100, 5, 69, 5000, 20
0, 12000, 106, 235, 205, 2310630, 1841595, 0.4, 50, 100, 5, 73, 5000, 20
0, 12000, 79, 180, 147, 2337933, 2045740, 0.4, 50, 100, 5, 67, 5000, 20
0, 12000, 96, 215, 177, 2355070, 2009205, 0.4, 50, 100, 5, 68, 5000, 20
0, 12000, 121, 226, 202, 2328661, 2001014, 0.4, 50, 100, 5, 62, 5000, 20
0, 12000, 109, 216, 196, 2146793, 1947339, 0.4, 50, 100, 5, 69, 5000, 20
0, 12000, 96, 197, 181, 2280918, 1929839, 0.4, 50, 100, 5, 69, 5000, 20
0, 12000, 106, 223, 198, 2274473, 2003487, 0.4, 50, 100, 5, 66, 5000, 20
0, 12000, 102, 199, 178, 2211096, 1911300, 0.4, 50, 100, 5, 65, 5000, 20
0, 12000, 105, 221, 203, 2217305, 1955829, 0.4, 50, 100, 5, 71, 5000, 20
0, 12000, 96, 197, 181, 2418989, 2043076, 0.4, 50, 100, 5, 66, 5000, 20
0, 12000, 103, 205, 194, 2242559, 2045826, 0.4, 50, 100, 5, 79, 5000, 20
0, 12000, 87, 186, 164, 2235565, 1854937, 0.4, 50, 100, 5, 72, 5000, 20
0, 12000, 118, 203, 179, 2347076, 1959005, 0.4, 50, 100, 5, 67, 5000, 20
1, 7496, 97, 124, 119, 1522387, 1525532, 0.4, 50, 100, 5, 38, 5000, 20
0, 12000, 95, 199, 186, 2226207, 1840250, 0.4, 50, 100, 5, 72, 5000, 20
0, 12000, 100, 217, 204, 2280019, 2013325, 0.4, 50, 100, 5, 79, 5000, 20
0, 12000, 96, 201, 186, 2202937, 1920014, 0.4, 50, 100, 5, 68, 5000, 20
0, 12000, 101, 217, 188, 2359270, 1956344, 0.4, 50, 100, 5, 69, 5000, 20
0, 12000, 98, 217, 191, 2299657, 1954971, 0.4, 50, 100, 5, 70, 5000, 20
0, 12000, 108, 216, 192, 2239880, 1906307, 0.4, 50, 100, 5, 68, 5000, 20
0, 12000, 101, 210, 174, 2467922, 2052392, 0.4, 50, 100, 5, 66, 5000, 20
0, 12000, 113, 233, 199, 2279947, 1926190, 0.4, 50, 100, 5, 75, 5000, 20
0, 12000, 113, 228, 182, 2241683, 1860784, 0.4, 50, 100, 5, 74, 5000, 20
0, 12000, 100, 220, 174, 2188690, 1896436, 0.4, 50, 100, 5, 65, 5000, 20
0, 12000, 112, 207, 187, 2238708, 1923411, 0.4, 50, 100, 5, 74, 5000, 20
0, 12000, 94, 205, 180, 2188740, 1792193, 0.4, 50, 100, 5, 81, 5000, 20
0, 12000, 106, 227, 178, 2381608, 1881409, 0.4, 50, 100, 5, 61, 5000, 20
0, 12000, 97, 212, 178, 2357804, 2016670, 0.4, 50, 100, 5, 73, 5000, 20
0, 12000, 101, 223, 197, 2315172, 2003318, 0.4, 50, 100, 5, 67, 5000, 20
0, 12000, 95, 196, 174, 2318430, 2003803, 0.4, 50, 100, 5, 70, 5000, 20
0, 12000, 104, 208, 180, 2186327, 1776587, 0.4, 50, 100, 5, 71, 5000, 20
0, 12000, 122, 246, 209, 2272656, 1877193, 0.4, 50, 100, 5, 67, 5000, 20
0, 12000, 114, 215, 188, 2391457, 1971450, 0.4, 50, 100, 5, 66, 5000, 20
0, 12000, 98, 203, 180, 2351110, 1945493, 0.4, 50, 100, 5, 69, 5000, 20
0, 12000, 105, 229, 196, 2275417, 1855615, 0.4, 50, 100, 5, 66, 5000, 20
0, 12000, 101, 204, 181, 2385639, 2077340, 0.4, 50, 100, 5, 72, 5000, 20
0, 12000, 110, 208, 180, 2364265, 2107431, 0.4, 50, 100, 5, 67, 5000, 20
0, 12000, 102, 185, 179, 2418339, 2047661, 0.4, 50, 100, 5, 67, 5000, 20
0, 12000, 107, 217, 183, 2410530, 2097044, 0.4, 50, 100, 5, 76, 5000, 20
1, 6892, 107, 130, 129, 1555267, 1561217, 0.4, 50, 100, 6, 39, 5000, 20
0, 12000, 106, 213, 176, 2839109, 2255064, 0.4, 50, 100, 6, 90, 5000, 20
0, 12000, 106, 222, 185, 2778710, 2402009, 0.4, 50, 100, 6, 85, 5000, 20
0, 12000, 117, 232, 203, 2628755, 2271843, 0.4, 50, 100, 6, 89, 5000, 20
0, 12000, 105, 214, 192, 2567419, 2235245, 0.4, 50, 100, 6, 86, 5000, 20
0, 12000, 112, 214, 190, 2836068, 2415236, 0.4, 50, 100, 6, 86, 5000, 20
0, 12000, 98, 214, 187, 2659055, 2260200, 0.4, 50, 100, 6, 88, 5000, 20
0, 12000, 109, 219, 182, 2789157, 2329167, 0.4, 50, 100, 6, 85, 5000, 20
0, 12000, 106, 219, 191, 2573784, 2207595, 0.4, 50, 100, 6, 96, 5000, 20
0, 12000, 90, 215, 185, 2669904, 2218128, 0.4, 50, 100, 6, 83, 5000, 20
0, 12000, 102, 216, 193, 2598529, 2293633, 0.4, 50, 100, 6, 88, 5000, 20
0, 12000, 98, 205, 183, 2644902, 2224781, 0.4, 50, 100, 6, 94, 5000, 20
0, 12000, 112, 212, 196, 2742096, 2284080, 0.4, 50, 100, 6, 95, 5000, 20
0, 12000, 109, 225, 188, 2787862, 2362459, 0.4, 50, 100, 6, 85, 5000, 20
0, 12000, 84, 199, 162, 2821259, 2270063, 0.4, 50, 100, 6, 96, 5000, 20
0, 12000, 103, 233, 188, 2767147, 2235734, 0.4, 50, 100, 6, 100, 5000, 20
0, 12000, 109, 207, 173, 2761227, 2305217, 0.4, 50, 100, 6, 89, 5000, 20
0, 12000, 90, 209, 165, 2659635, 2160663, 0.4, 50, 100, 6, 85, 5000, 20
0, 12000, 100, 192, 185, 2645326, 2305225, 0.4, 50, 100, 6, 93, 5000, 20
0, 12000, 109, 212, 200, 2608830, 2265282, 0.4, 50, 100, 6, 89, 5000, 20
0, 12000, 106, 226, 196, 2803152, 2468868, 0.4, 50, 100, 6, 90, 5000, 20
0, 12000, 112, 202, 184, 2813247, 2487421, 0.4, 50, 100, 6, 85, 5000, 20
0, 12000, 78, 191, 159, 2723163, 2374266, 0.4, 50, 100, 6, 90, 5000, 20
0, 12000, 105, 215, 188, 2769621, 2319278, 0.4, 50, 100, 6, 85, 5000, 20
0, 12000, 96, 201, 159, 2748186, 2270257, 0.4, 50, 100, 6, 79, 5000, 20
0, 12000, 104, 220, 186, 2780392, 2256541, 0.4, 50, 100, 6, 97, 5000, 20
0, 12000, 107, 206, 194, 2659312, 2272527, 0.4, 50, 100, 6, 87, 5000, 20
0, 12000, 107, 214, 195, 2669022, 2372864, 0.4, 50, 100, 6, 85, 5000, 20
0, 12000, 106, 236, 202, 2793244, 2251101, 0.4, 50, 100, 6, 82, 5000, 20
0, 12000, 103, 220, 181, 2714485, 2352671, 0.4, 50, 100, 6, 98, 5000, 20
0, 12000, 116, 215, 191, 2619992, 2227344, 0.4, 50, 100, 6, 104, 5000, 20
0, 12000, 85, 203, 196, 2709711, 2334759, 0.4, 50, 100, 6, 82, 5000, 20
0, 12000, 92, 197, 176, 2742178, 2321955, 0.4, 50, 100, 6, 86, 5000, 20
0, 12000, 97, 207, 172, 2956311, 2512671, 0.4, 50, 100, 6, 86, 5000, 20
0, 12000, 107, 229, 205, 2664452, 2195841, 0.4, 50, 100, 6, 88, 5000, 20
0, 12000, 91, 187, 179, 2937240, 2551686, 0.4, 50, 100, 6, 93, 5000, 20
0, 12000, 77, 190, 157, 2765879, 2252090, 0.4, 50, 100, 6, 82, 5000, 20
0, 12000, 99, 198, 194, 2724901, 2427127, 0.4, 50, 100, 6, 100, 5000, 20
0, 12000, 99, 212, 195, 2636773, 2236060, 0.4, 50, 100, 6, 97, 5000, 20
0, 12000, 108, 217, 193, 2693759, 2296338, 0.4, 50, 100, 6, 85, 5000, 20
0, 12000, 99, 192, 184, 2733110, 2334484, 0.4, 50, 100, 6, 91, 5000, 20
0, 12000, 101, 219, 180, 2651460, 2201392, 0.4, 50, 100, 6, 102, 5000, 20
0, 12000, 120, 229, 205, 2684546, 2307921, 0.4, 50, 100, 6, 91, 5000, 20
0, 12000, 82, 191, 159, 2704195, 2322528, 0.4, 50, 100, 6, 94, 5000, 20
0, 12000, 99, 220, 174, 2740770, 2321141, 0.4, 50, 100, 6, 88, 5000, 20
0, 12000, 104, 206, 202, 2774133, 2363660, 0.4, 50, 100, 6, 92, 5000, 20
0, 12000, 105, 223, 193, 2823306, 2323926, 0.4, 50, 100, 6, 96, 5000, 20
0, 12000, 107, 221, 200, 2621838, 2253719, 0.4, 50, 100, 6, 92, 5000, 20
0, 12000, 92, 199, 164, 2834420, 2399626, 0.4, 50, 100, 6, 89, 5000, 20
0, 12000, 100, 204, 171, 2888687, 2340013, 0.4, 50, 100, 6, 104, 5000, 20
0, 12000, 92, 214, 183, 2612792, 2279674, 0.4, 50, 100, 6, 87, 5000, 20
0, 12000, 106, 217, 198, 2727755, 2230356, 0.4, 50, 100, 6, 86, 5000, 20
0, 12000, 108, 211, 205, 2674899, 2285339, 0.4, 50, 100, 6, 109, 5000, 20
0, 12000, 90, 190, 179, 2686948, 2421893, 0.4, 50, 100, 6, 90, 5000, 20
0, 12000, 107, 209, 182, 2790633, 2375149, 0.4, 50, 100, 6, 87, 5000, 20
0, 12000, 95, 209, 199, 2575078, 2218115, 0.4, 50, 100, 6, 113, 5000, 20
0, 12000, 100, 199, 178, 2787557, 2392472, 0.4, 50, 100, 6, 92, 5000, 20
0, 12000, 103, 208, 174, 2864261, 2401737, 0.4, 50, 100, 6, 95, 5000, 20
0, 12000, 92, 195, 183, 2733171, 2374645, 0.4, 50, 100, 6, 99, 5000, 20
0, 12000, 101, 194, 172, 2606702, 2231332, 0.4, 50, 100, 6, 96, 5000, 20
0, 12000, 101, 193, 174, 2694421, 2354182, 0.4, 50, 100, 6, 85, 5000, 20
0, 12000, 104, 204, 186, 2676078, 2225385, 0.4, 50, 100, 6, 88, 5000, 20
0, 12000, 111, 210, 185, 2793997, 2466480, 0.4, 50, 100, 6, 108, 5000, 20
0, 12000, 99, 189, 168, 2783297, 2449537, 0.4, 50, 100, 6, 95, 5000, 20
0, 12000, 89, 206, 161, 2663632, 2197543, 0.4, 50, 100, 6, 95, 5000, 20
0, 12000, 99, 222, 189, 2946200, 2484941, 0.4, 50, 100, 6, 81, 5000, 20
0, 12000, 103, 206, 187, 2645842, 2267114, 0.4, 50, 100, 6, 90, 5000, 20
0, 12000, 108, 220, 176, 2940769, 2480015, 0.4, 50, 100, 6, 97, 5000, 20
0, 12000, 105, 213, 171, 2674168, 2335759, 0.4, 50, 100, 6, 89, 5000, 20
0, 12000, 112, 216, 199, 2720425, 2281594, 0.4, 50, 100, 6, 111, 5000, 20
0, 12000, 107, 205, 174, 2856376, 2422553, 0.4, 50, 100, 6, 91, 5000, 20
0, 12000, 102, 208, 174, 2736987, 2293781, 0.4, 50, 100, 6, 87, 5000, 20
0, 12000, 88, 212, 184, 2758424, 2303687, 0.4, 50, 100, 6, 89, 5000, 20
0, 12000, 105, 216, 193, 2800002, 2355040, 0.4, 50, 100, 6, 86, 5000, 20
0, 12000, 103, 195, 185, 2678840, 2344341, 0.4, 50, 100, 6, 88, 5000, 20
0, 12000, 111, 201, 169, 2822092, 2408034, 0.4, 50, 100, 6, 93, 5000, 20
0, 12000, 92, 200, 165, 2632480, 2237812, 0.4, 50, 100, 6, 97, 5000, 20
0, 12000, 98, 200, 175, 2776414, 2334336, 0.4, 50, 100, 6, 87, 5000, 20
0, 12000, 110, 218, 188, 2867833, 2393129, 0.4, 50, 100, 6, 88, 5000, 20
0, 12000, 92, 196, 154, 2641592, 2284169, 0.4, 50, 100, 6, 91, 5000, 20
0, 12000, 92, 217, 186, 2860857, 2340063, 0.4, 50, 100, 6, 102, 5000, 20
0, 12000, 100, 199, 189, 2661355, 2337183, 0.4, 50, 100, 6, 90, 5000, 20
0, 12000, 96, 199, 176, 2579266, 2180276, 0.4, 50, 100, 6, 92, 5000, 20
0, 12000, 100, 217, 180, 2925955, 2451616, 0.4, 50, 100, 6, 87, 5000, 20
0, 12000, 92, 197, 181, 2666987, 2372336, 0.4, 50, 100, 6, 85, 5000, 20
0, 12000, 110, 212, 185, 2803180, 2315707, 0.4, 50, 100, 6, 87, 5000, 20
0, 12000, 87, 192, 159, 2729265, 2314401, 0.4, 50, 100, 6, 110, 5000, 20
0, 12000, 105, 222, 183, 2843987, 2345399, 0.4, 50, 100, 6, 92, 5000, 20
0, 12000, 103, 225, 202, 2791280, 2349717, 0.4, 50, 100, 6, 86, 5000, 20
0, 12000, 104, 219, 191, 2722860, 2258704, 0.4, 50, 100, 6, 89, 5000, 20
0, 12000, 100, 212, 195, 2868685, 2456921, 0.4, 50, 100, 6, 92, 5000, 20
0, 12000, 104, 204, 176, 2657552, 2358045, 0.4, 50, 100, 6, 108, 5000, 20
0, 12000, 96, 203, 189, 2924845, 2430051, 0.4, 50, 100, 6, 84, 5000, 20
0, 12000, 108, 206, 194, 2689359, 2247289, 0.4, 50, 100, 6, 86, 5000, 20
0, 12000, 99, 204, 199, 2830934, 2356874, 0.4, 50, 100, 6, 87, 5000, 20
0, 12000, 103, 209, 186, 2776479, 2285986, 0.4, 50, 100, 6, 88, 5000, 20
0, 12000, 96, 195, 184, 2731699, 2362246, 0.4, 50, 100, 6, 91, 5000, 20
0, 12000, 98, 200, 190, 2763441, 2338572, 0.4, 50, 100, 6, 87, 5000, 20
0, 12000, 112, 225, 202, 2853379, 2381003, 0.4, 50, 100, 6, 96, 5000, 20
0, 12000, 94, 200, 169, 2651682, 2229742, 0.4, 50, 100, 6, 97, 5000, 20
0, 12000, 106, 193, 183, 3170207, 2786081, 0.4, 50, 100, 7, 105, 5000, 20
0, 12000, 95, 204, 175, 3270567, 2735290, 0.4, 50, 100, 7, 106, 5000, 20
0, 12000, 90, 211, 176, 3196763, 2685227, 0.4, 50, 100, 7, 111, 5000, 20
0, 12000, 97, 206, 159, 3394885, 2831643, 0.4, 50, 100, 7, 112, 5000, 20
0, 12000, 110, 199, 186, 3338498, 2809134, 0.4, 50, 100, 7, 104, 5000, 20
0, 12000, 112, 226, 189, 3219289, 2746648, 0.4, 50, 100, 7, 103, 5000, 20
0, 12000, 99, 206, 177, 3171701, 2652475, 0.4, 50, 100, 7, 125, 5000, 20
0, 12000, 99, 222, 190, 3079542, 2600561, 0.4, 50, 100, 7, 112, 5000, 20
0, 12000, 99, 203, 173, 3196482, 2737322, 0.4, 50, 100, 7, 116, 5000, 20
0, 12000, 105, 216, 188, 3152752, 2680961, 0.4, 50, 100, 7, 109, 5000, 20
0, 12000, 101, 227, 183, 3356571, 2730626, 0.4, 50, 100, 7, 122, 5000, 20
0, 12000, 106, 225, 181, 3186198, 2640194, 0.4, 50, 100, 7, 109, 5000, 20
0, 12000, 107, 205, 189, 3389855, 2806809, 0.4, 50, 100, 7, 133, 5000, 20
0, 12000, 99, 217, 183, 3298708, 2804496, 0.4, 50, 100, 7, 125, 5000, 20
0, 12000, 105, 200, 180, 3233521, 2739870, 0.4, 50, 100, 7, 155, 5000, 20
0, 12000, 93, 211, 180, 3301702, 2706125, 0.4, 50, 100, 7, 116, 5000, 20
0, 12000, 102, 209, 186, 3184252, 2740781, 0.4, 50, 100, 7, 146, 5000, 20
0, 12000, 119, 211, 207, 3265290, 2783861, 0.4, 50, 100, 7, 102, 5000, 20
0, 12000, 116, 216, 190, 3207188, 2721811, 0.4, 50, 100, 7, 115, 5000, 20
0, 12000, 116, 208, 178, 3239387, 2687407, 0.4, 50, 100, 7, 140, 5000, 20
0, 12000, 101, 200, 166, 3212335, 2744597, 0.4, 50, 100, 7, 114, 5000, 20
0, 12000, 105, 223, 181, 3150976, 2618136, 0.4, 50, 100, 7, 108, 5000, 20
0, 12000, 91, 219, 197, 3242849, 2786809, 0.4, 50, 100, 7, 111, 5000, 20
0, 12000, 104, 213, 195, 3101034, 2610356, 0.4, 50, 100, 7, 139, 5000, 20
0, 12000, 103, 207, 181, 3110551, 2510214, 0.4, 50, 100, 7, 118, 5000, 20
0, 12000, 116, 204, 188, 3103009, 2690457, 0.4, 50, 100, 7, 121, 5000, 20
0, 12000, 95, 208, 186, 3306122, 2659718, 0.4, 50, 100, 7, 129, 5000, 20
0, 12000, 107, 207, 183, 3251192, 2723131, 0.4, 50, 100, 7, 171, 5000, 20
0, 12000, 113, 215, 187, 3286090, 2777207, 0.4, 50, 100, 7, 120, 5000, 20
0, 12000, 101, 209, 181, 3364606, 2739194, 0.4, 50, 100, 7, 137, 5000, 20
0, 12000, 103, 215, 192, 3106320, 2582389, 0.4, 50, 100, 7, 105, 5000, 20
0, 12000, 105, 239, 213, 3239947, 2681673, 0.4, 50, 100, 7, 140, 5000, 20
0, 12000, 96, 223, 192, 3051973, 2646895, 0.4, 50, 100, 7, 121, 5000, 20
0, 12000, 102, 196, 175, 3226469, 2691563, 0.4, 50, 100, 7, 140, 5000, 20
0, 12000, 115, 219, 191, 3037919, 2581773, 0.4, 50, 100, 7, 108, 5000, 20
0, 12000, 109, 215, 196, 3163049, 2689726, 0.4, 50, 100, 7, 174, 5000, 20
0, 12000, 97, 219, 194, 3053824, 2511857, 0.4, 50, 100, 7, 128, 5000, 20
0, 12000, 79, 188, 155, 3141939, 2710500, 0.4, 50, 100, 7, 110, 5000, 20
0, 12000, 102, 204, 185, 3099481, 2690834, 0.4, 50, 100, 7, 110, 5000, 20
0, 12000, 95, 207, 178, 3215362, 2835148, 0.4, 50, 100, 7, 127, 5000, 20
0, 12000, 107, 212, 166, 3302141, 2850172, 0.4, 50, 100, 7, 142, 5000, 20
0, 12000, 104, 232, 195, 3123457, 2644655, 0.4, 50, 100, 7, 127, 5000, 20
0, 12000, 94, 206, 185, 3225526, 2810357, 0.4, 50, 100, 7, 117, 5000, 20
0, 12000, 105, 200, 185, 3219650, 2839358, 0.4, 50, 100, 7, 110, 5000, 20
0, 12000, 106, 211, 183, 3240016, 2728562, 0.4, 50, 100, 7, 109, 5000, 20
0, 12000, 103, 207, 184, 3125565, 2674580, 0.4, 50, 100, 7, 119, 5000, 20
0, 12000, 95, 203, 171, 3212163, 2796312, 0.4, 50, 100, 7, 108, 5000, 20
0, 12000, 103, 213, 180, 3178645, 2632346, 0.4, 50, 100, 7, 110, 5000, 20
0, 12000, 104, 211, 185, 3284866, 2794434, 0.4, 50, 100, 7, 125, 5000, 20
0, 12000, 99, 206, 193, 3078510, 2630048, 0.4, 50, 100, 7, 119, 5000, 20
0, 12000, 98, 211, 172, 3370489, 2838127, 0.4, 50, 100, 7, 110, 5000, 20
0, 12000, 91, 211, 185, 3250212, 2744553, 0.4, 50, 100, 7, 118, 5000, 20
0, 12000, 99, 207, 178, 3341647, 2857603, 0.4, 50, 100, 7, 151, 5000, 20
0, 12000, 90, 209, 154, 3316803, 2756107, 0.4, 50, 100, 7, 121, 5000, 20
0, 12000, 87, 187, 168, 3281393, 2795798, 0.4, 50, 100, 7, 136, 5000, 20
0, 12000, 104, 219, 196, 3261309, 2858199, 0.4, 50, 100, 7, 113, 5000, 20
0, 12000, 108, 213, 188, 3111498, 2637413, 0.4, 50, 100, 7, 105, 5000, 20
0, 12000, 104, 214, 182, 3351784, 2729426, 0.4, 50, 100, 7, 131, 5000, 20
0, 12000, 96, 207, 185, 3052070, 2596492, 0.4, 50, 100, 7, 163, 5000, 20
0, 12000, 107, 210, 194, 3154970, 2609155, 0.4, 50, 100, 7, 116, 5000, 20
0, 12000, 104, 215, 177, 3117663, 2628319, 0.4, 50, 100, 7, 125, 5000, 20
0, 12000, 94, 210, 176, 3172389, 2737262, 0.4, 50, 100, 7, 102, 5000, 20
0, 12000, 101, 216, 180, 3140898, 2564453, 0.4, 50, 100, 7, 105, 5000, 20
0, 12000, 110, 221, 182, 3102649, 2757810, 0.4, 50, 100, 7, 138, 5000, 20
0, 12000, 102, 217, 197, 3158256, 2733039, 0.4, 50, 100, 7, 142, 5000, 20
0, 12000, 99, 221, 195, 3293423, 2810812, 0.4, 50, 100, 7, 106, 5000, 20
0, 12000, 79, 194, 163, 3232855, 2760615, 0.4, 50, 100, 7, 110, 5000, 20
0, 12000, 110, 205, 182, 3147637, 2748426, 0.4, 50, 100, 7, 130, 5000, 20
0, 12000, 103, 198, 189, 3229779, 2727465, 0.4, 50, 100, 7, 108, 5000, 20
0, 12000, 113, 226, 199, 3118690, 2728794, 0.4, 50, 100, 7, 116, 5000, 20
0, 12000, 86, 200, 165, 3250651, 2778988, 0.4, 50, 100, 7, 103, 5000, 20
0, 12000, 106, 210, 179, 3176819, 2761020, 0.4, 50, 100, 7, 104, 5000, 20
0, 12000, 99, 198, 163, 3211387, 2813663, 0.4, 50, 100, 7, 129, 5000, 20
0, 12000, 96, 208, 180, 3210206, 2846028, 0.4, 50, 100, 7, 150, 5000, 20
0, 12000, 91, 196, 173, 3266359, 2765338, 0.4, 50, 100, 7, 104, 5000, 20
0, 12000, 80, 199, 160, 3112678, 2576943, 0.4, 50, 100, 7, 120, 5000, 20
0, 12000, 106, 220, 191, 3154936, 2693611, 0.4, 50, 100, 7, 125, 5000, 20
0, 12000, 99, 212, 184, 3073858, 2602621, 0.4, 50, 100, 7, 101, 5000, 20
0, 12000, 90, 205, 185, 3074066, 2505849, 0.4, 50, 100, 7, 133, 5000, 20
0, 12000, 100, 221, 203, 3125629, 2679941, 0.4, 50, 100, 7, 121, 5000, 20
0, 12000, 93, 202, 182, 3067148, 2548749, 0.4, 50, 100, 7, 108, 5000, 20
0, 12000, 104, 211, 189, 3235226, 2731685, 0.4, 50, 100, 7, 116, 5000, 20
0, 12000, 92, 209, 182, 3206915, 2668417, 0.4, 50, 100, 7, 115, 5000, 20
0, 12000, 94, 223, 180, 3188568, 2646592, 0.4, 50, 100, 7, 98, 5000, 20
0, 12000, 109, 220, 183, 3261546, 2754730, 0.4, 50, 100, 7, 125, 5000, 20
0, 12000, 101, 208, 181, 3032716, 2507093, 0.4, 50, 100, 7, 104, 5000, 20
0, 12000, 104, 213, 180, 3273885, 2797325, 0.4, 50, 100, 7, 108, 5000, 20
0, 12000, 115, 213, 189, 3084125, 2717045, 0.4, 50, 100, 7, 127, 5000, 20
0, 12000, 103, 212, 177, 3225183, 2780543, 0.4, 50, 100, 7, 117, 5000, 20
0, 12000, 109, 213, 188, 3326642, 2859063, 0.4, 50, 100, 7, 109, 5000, 20
0, 12000, 101, 212, 182, 3143326, 2712037, 0.4, 50, 100, 7, 104, 5000, 20
0, 12000, 101, 203, 177, 3270702, 2768486, 0.4, 50, 100, 7, 106, 5000, 20
0, 12000, 106, 220, 206, 3325724, 2827344, 0.4, 50, 100, 7, 98, 5000, 20
0, 12000, 103, 213, 200, 3233816, 2778514, 0.4, 50, 100, 7, 126, 5000, 20
0, 12000, 101, 194, 179, 3136227, 2755701, 0.4, 50, 100, 7, 105, 5000, 20
0, 12000, 103, 207, 182, 3232316, 2745683, 0.4, 50, 100, 7, 113, 5000, 20
0, 12000, 84, 199, 178, 3139426, 2651948, 0.4, 50, 100, 7, 111, 5000, 20
0, 12000, 105, 198, 188, 3010436, 2625526, 0.4, 50, 100, 7, 117, 5000, 20
0, 12000, 104, 219, 181, 3207342, 2705627, 0.4, 50, 100, 7, 124, 5000, 20
0, 12000, 97, 188, 173, 3176622, 2711060, 0.4, 50, 100, 7, 132, 5000, 20
0, 12000, 111, 217, 187, 4038567, 3392197, 0.4, 50, 100, 9, 165, 5000, 20
0, 12000, 91, 213, 185, 4127064, 3464475, 0.4, 50, 100, 9, 162, 5000, 20
0, 12000, 95, 211, 192, 4037949, 3418320, 0.4, 50, 100, 9, 168, 5000, 20
0, 12000, 102, 212, 187, 3979969, 3554096, 0.4, 50, 100, 9, 159, 5000, 20
0, 12000, 110, 213, 189, 4011865, 3330721, 0.4, 50, 100, 9, 144, 5000, 20
0, 12000, 100, 198, 168, 4132633, 3445288, 0.4, 50, 100, 9, 146, 5000, 20
0, 12000, 98, 221, 187, 4272390, 3520046, 0.4, 50, 100, 9, 170, 5000, 20
0, 12000, 90, 203, 163, 4035352, 3389600, 0.4, 50, 100, 9, 159, 5000, 20
0, 12000, 110, 233, 196, 4134030, 3408737, 0.4, 50, 100, 9, 161, 5000, 20
0, 12000, 104, 217, 192, 4128694, 3536126, 0.4, 50, 100, 9, 192, 5000, 20
0, 12000, 119, 218, 196, 4063912, 3365476, 0.4, 50, 100, 9, 186, 5000, 20
0, 12000, 91, 199, 162, 4107939, 3392970, 0.4, 50, 100, 9, 148, 5000, 20
0, 12000, 95, 213, 182, 4198644, 3512926, 0.4, 50, 100, 9, 177, 5000, 20
0, 12000, 101, 225, 184, 4138601, 3527578, 0.4, 50, 100, 9, 160, 5000, 20
0, 12000, 99, 215, 193, 4183796, 3574632, 0.4, 50, 100, 9, 170, 5000, 20
0, 12000, 96, 209, 176, 4006210, 3379976, 0.4, 50, 100, 9, 159, 5000, 20
0, 12000, 117, 222, 191, 4070601, 3429976, 0.4, 50, 100, 9, 169, 5000, 20
0, 12000, 105, 203, 177, 4187418, 3626582, 0.4, 50, 100, 9, 201, 5000, 20
0, 12000, 81, 199, 161, 4200227, 3473602, 0.4, 50, 100, 9, 193, 5000, 20
0, 12000, 89, 200, 170, 4097218, 3525202, 0.4, 50, 100, 9, 144, 5000, 20
0, 12000, 103, 204, 179, 4208353, 3536248, 0.4, 50, 100, 9, 158, 5000, 20
0, 12000, 98, 199, 177, 4186181, 3559821, 0.4, 50, 100, 9, 163, 5000, 20
0, 12000, 100, 212, 181, 4022997, 3397939, 0.4, 50, 100, 9, 174, 5000, 20
0, 12000, 98, 200, 157, 4281755, 3566378, 0.4, 50, 100, 9, 172, 5000, 20
0, 12000, 112, 217, 201, 3998581, 3396501, 0.4, 50, 100, 9, 166, 5000, 20
0, 12000, 100, 217, 197, 3980205, 3380101, 0.4, 50, 100, 9, 199, 5000, 20
0, 12000, 100, 214, 180, 4173448, 3563017, 0.4, 50, 100, 9, 196, 5000, 20
0, 12000, 115, 209, 181, 3847093, 3335954, 0.4, 50, 100, 9, 189, 5000, 20
0, 12000, 102, 199, 182, 4237337, 3573250, 0.4, 50, 100, 9, 183, 5000, 20
0, 12000, 106, 218, 180, 4166597, 3375670, 0.4, 50, 100, 9, 156, 5000, 20
0, 12000, 98, 215, 177, 4066433, 3394578, 0.4, 50, 100, 9, 194, 5000, 20
0, 12000, 97, 222, 188, 4034766, 3423254, 0.4, 50, 100, 9, 215, 5000, 20
0, 12000, 101, 208, 200, 4008487, 3474264, 0.4, 50, 100, 9, 155, 5000, 20
0, 12000, 101, 221, 206, 4072228, 3505334, 0.4, 50, 100, 9, 165, 5000, 20
0, 12000, 124, 220, 194, 4198979, 3609940, 0.4, 50, 100, 9, 152, 5000, 20
0, 12000, 100, 212, 174, 4175216, 3582316, 0.4, 50, 100, 9, 148, 5000, 20
0, 12000, 102, 211, 168, 4124523, 3461119, 0.4, 50, 100, 9, 160, 5000, 20
0, 12000, 102, 222, 175, 4100597, 3382021, 0.4, 50, 100, 9, 153, 5000, 20
0, 12000, 99, 207, 181, 3890015, 3329854, 0.4, 50, 100, 9, 180, 5000, 20
0, 12000, 96, 203, 193, 4228814, 3521482, 0.4, 50, 100, 9, 160, 5000, 20
0, 12000, 114, 226, 173, 4116646, 3353894, 0.4, 50, 100, 9, 167, 5000, 20
0, 12000, 121, 230, 206, 4162775, 3442042, 0.4, 50, 100, 9, 160, 5000, 20
0, 12000, 98, 190, 169, 4195875, 3626231, 0.4, 50, 100, 9, 187, 5000, 20
0, 12000, 105, 216, 189, 3843997, 3295671, 0.4, 50, 100, 9, 152, 5000, 20
0, 12000, 110, 206, 190, 4185664, 3541610, 0.4, 50, 100, 9, 164, 5000, 20
0, 12000, 104, 208, 188, 4201023, 3537185, 0.4, 50, 100, 9, 151, 5000, 20
0, 12000, 114, 218, 201, 3809776, 3289786, 0.4, 50, 100, 9, 157, 5000, 20
0, 12000, 100, 200, 184, 3906724, 3455430, 0.4, 50, 100, 9, 155, 5000, 20
0, 12000, 114, 209, 194, 4045274, 3460449, 0.4, 50, 100, 9, 170, 5000, 20
0, 12000, 111, 219, 194, 4019077, 3428375, 0.4, 50, 100, 9, 164, 5000, 20
0, 12000, 101, 224, 204, 4350102, 3706460, 0.4, 50, 100, 9, 164, 5000, 20
0, 12000, 109, 208, 177, 4175670, 3531324, 0.4, 50, 100, 9, 156, 5000, 20
0, 12000, 89, 185, 162, 4262346, 3680155, 0.4, 50, 100, 9, 147, 5000, 20
0, 12000, 105, 217, 199, 4254074, 3567321, 0.4, 50, 100, 9, 156, 5000, 20
0, 12000, 111, 217, 176, 4213457, 3617865, 0.4, 50, 100, 9, 156, 5000, 20
0, 12000, 104, 209, 202, 3860596, 3375797, 0.4, 50, 100, 9, 154, 5000, 20
0, 12000, 114, 235, 200, 4183373, 3454805, 0.4, 50, 100, 9, 181, 5000, 20
0, 12000, 119, 209, 191, 4072308, 3360565, 0.4, 50, 100, 9, 163, 5000, 20
0, 12000, 86, 203, 169, 4019449, 3475194, 0.4, 50, 100, 9, 144, 5000, 20
0, 12000, 104, 214, 187, 4061108, 3550320, 0.4, 50, 100, 9, 161, 5000, 20
0, 12000, 104, 227, 198, 4192886, 3512950, 0.4, 50, 100, 9, 148, 5000, 20
0, 12000, 100, 203, 172, 4064902, 3442960, 0.4, 50, 100, 9, 148, 5000, 20
0, 12000, 100, 217, 198, 4217855, 3558330, 0.4, 50, 100, 9, 161, 5000, 20
0, 12000, 97, 211, 192, 4106517, 3288769, 0.4, 50, 100, 9, 141, 5000, 20
0, 12000, 109, 225, 192, 4179158, 3572924, 0.4, 50, 100, 9, 171, 5000, 20
0, 12000, 105, 213, 186, 4050277, 3449010, 0.4, 50, 100, 9, 149, 5000, 20
0, 12000, 103, 216, 205, 4043457, 3572345, 0.4, 50, 100, 9, 163, 5000, 20
0, 12000, 93, 212, 172, 4038878, 3455156, 0.4, 50, 100, 9, 143, 5000, 20
0, 12000, 100, 204, 176, 4101313, 3505240, 0.4, 50, 100, 9, 148, 5000, 20
0, 12000, 96, 210, 181, 4257766, 3660803, 0.4, 50, 100, 9, 150, 5000, 20
0, 12000, 83, 197, 150, 4320336, 3562318, 0.4, 50, 100, 9, 152, 5000, 20
0, 12000, 84, 192, 179, 4220049, 3469715, 0.4, 50, 100, 9, 165, 5000, 20
0, 12000, 105, 221, 194, 4103628, 3578503, 0.4, 50, 100, 9, 148, 5000, 20
0, 12000, 83, 186, 176, 4009773, 3349465, 0.4, 50, 100, 9, 152, 5000, 20
0, 12000, 124, 228, 188, 4154401, 3466234, 0.4, 50, 100, 9, 172, 5000, 20
0, 12000, 99, 224, 181, 4196671, 3591913, 0.4, 50, 100, 9, 175, 5000, 20
0, 12000, 91, 201, 173, 3906244, 3231767, 0.4, 50, 100, 9, 154, 5000, 20
0, 12000, 99, 223, 202, 3812575, 3381626, 0.4, 50, 100, 9, 159, 5000, 20
0, 12000, 95, 213, 191, 3939907, 3322428, 0.4, 50, 100, 9, 160, 5000, 20
0, 12000, 103, 216, 196, 4043706, 3402761, 0.4, 50, 100, 9, 145, 5000, 20
0, 12000, 107, 199, 162, 4092585, 3452156, 0.4, 50, 100, 9, 176, 5000, 20
0, 12000, 102, 230, 186, 4172021, 3336569, 0.4, 50, 100, 9, 157, 5000, 20
0, 12000, 116, 209, 175, 4126328, 3489211, 0.4, 50, 100, 9, 156, 5000, 20
0, 12000, 100, 206, 172, 4298298, 3703853, 0.4, 50, 100, 9, 147, 5000, 20
0, 12000, 102, 228, 199, 4135754, 3405778, 0.4, 50, 100, 9, 145, 5000, 20
0, 12000, 111, 218, 194, 4090670, 3410091, 0.4, 50, 100, 9, 163, 5000, 20
0, 12000, 107, 212, 187, 4269924, 3423541, 0.4, 50, 100, 9, 214, 5000, 20
0, 12000, 113, 223, 206, 4021083, 3379005, 0.4, 50, 100, 9, 174, 5000, 20
0, 12000, 108, 227, 189, 4021649, 3500014, 0.4, 50, 100, 9, 198, 5000, 20
0, 12000, 98, 221, 183, 4075634, 3489373, 0.4, 50, 100, 9, 161, 5000, 20
0, 12000, 100, 212, 169, 4432113, 3580698, 0.4, 50, 100, 9, 151, 5000, 20
0, 12000, 112, 215, 203, 4188753, 3592530, 0.4, 50, 100, 9, 194, 5000, 20
0, 12000, 103, 193, 167, 4142206, 3487776, 0.4, 50, 100, 9, 153, 5000, 20
0, 12000, 100, 195, 172, 4100842, 3582599, 0.4, 50, 100, 9, 145, 5000, 20
0, 12000, 82, 189, 157, 3972340, 3366163, 0.4, 50, 100, 9, 155, 5000, 20
0, 12000, 109, 214, 201, 4113800, 3554680, 0.4, 50, 100, 9, 160, 5000, 20
0, 12000, 103, 198, 181, 3959805, 3371872, 0.4, 50, 100, 9, 153, 5000, 20
0, 12000, 119, 220, 192, 4043620, 3472510, 0.4, 50, 100, 9, 154, 5000, 20
0, 12000, 110, 225, 194, 4163069, 3437043, 0.4, 50, 100, 9, 201, 5000, 20
0, 12000, 103, 210, 188, 3931822, 3261786, 0.4, 50, 100, 9, 152, 5000, 20
0, 12000, 108, 222, 208, 5003001, 4290873, 0.4, 50, 100, 11, 210, 5000, 20
0, 12000, 91, 207, 173, 5129902, 4346576, 0.4, 50, 100, 11, 212, 5000, 20
0, 12000, 99, 213, 195, 4978565, 4291805, 0.4, 50, 100, 11, 203, 5000, 20
0, 12000, 103, 204, 185, 4755401, 4142938, 0.4, 50, 100, 11, 219, 5000, 20
0, 12000, 104, 224, 196, 4906443, 4207508, 0.4, 50, 100, 11, 204, 5000, 20
0, 12000, 104, 219, 191, 5031867, 4326027, 0.4, 50, 100, 11, 212, 5000, 20
0, 12000, 109, 217, 195, 4865349, 4196309, 0.4, 50, 100, 11, 207, 5000, 20
0, 12000, 110, 210, 198, 5158528, 4430056, 0.4, 50, 100, 11, 229, 5000, 20
0, 12000, 116, 226, 203, 5032996, 4251522, 0.4, 50, 100, 11, 204, 5000, 20
0, 12000, 105, 211, 168, 5048172, 4290172, 0.4, 50, 100, 11, 244, 5000, 20
0, 12000, 111, 200, 182, 4976808, 4291062, 0.4, 50, 100, 11, 250, 5000, 20
0, 12000, 93, 216, 183, 4995210, 4136021, 0.4, 50, 100, 11, 243, 5000, 20
0, 12000, 117, 222, 185, 5187502, 4383757, 0.4, 50, 100, 11, 206, 5000, 20
0, 12000, 96, 199, 179, 5047879, 4302050, 0.4, 50, 100, 11, 213, 5000, 20
0, 12000, 104, 209, 185, 5225132, 4260249, 0.4, 50, 100, 11, 216, 5000, 20
0, 12000, 98, 205, 188, 5077364, 4168639, 0.4, 50, 100, 11, 289, 5000, 20
0, 12000, 118, 232, 201, 5005361, 4273377, 0.4, 50, 100, 11, 234, 5000, 20
0, 12000, 99, 195, 184, 4918410, 4121578, 0.4, 50, 100, 11, 208, 5000, 20
0, 12000, 99, 214, 195, 5244047, 4287793, 0.4, 50, 100, 11, 197, 5000, 20
0, 12000, 96, 208, 181, 5025428, 4242923, 0.4, 50, 100, 11, 193, 5000, 20
0, 12000, 120, 221, 195, 4980735, 4221178, 0.4, 50, 100, 11, 210, 5000, 20
0, 12000, 99, 221, 191, 5081019, 4300642, 0.4, 50, 100, 11, 241, 5000, 20
0, 12000, 101, 211, 180, 5053572, 4278350, 0.4, 50, 100, 11, 209, 5000, 20
0, 12000, 108, 208, 163, 4983405, 4296885, 0.4, 50, 100, 11, 207, 5000, 20
0, 12000, 100, 211, 197, 4952947, 4232065, 0.4, 50, 100, 11, 274, 5000, 20
0, 12000, 110, 208, 172, 5114970, 4539079, 0.4, 50, 100, 11, 225, 5000, 20
0, 12000, 124, 224, 201, 5005257, 4350875, 0.4, 50, 100, 11, 287, 5000, 20
0, 12000, 98, 208, 179, 5064844, 4180078, 0.4, 50, 100, 11, 237, 5000, 20
0, 12000, 94, 191, 189, 5054402, 4325894, 0.4, 50, 100, 11, 217, 5000, 20
0, 12000, 114, 228, 178, 5188318, 4385645, 0.4, 50, 100, 11, 226, 5000, 20
0, 12000, 117, 215, 194, 4909388, 4222197, 0.4, 50, 100, 11, 240, 5000, 20
0, 12000, 108, 218, 193, 5076004, 4385016, 0.4, 50, 100, 11, 194, 5000, 20
0, 12000, 98, 221, 175, 4995098, 4295306, 0.4, 50, 100, 11, 199, 5000, 20
0, 12000, 100, 207, 185, 5085723, 4231559, 0.4, 50, 100, 11, 200, 5000, 20
0, 12000, 109, 219, 185, 5065443, 4312957, 0.4, 50, 100, 11, 204, 5000, 20
0, 12000, 100, 210, 173, 4957018, 4143375, 0.4, 50, 100, 11, 196, 5000, 20
0, 12000, 113, 226, 195, 5017221, 4418322, 0.4, 50, 100, 11, 253, 5000, 20
0, 12000, 100, 203, 185, 5068249, 4428152, 0.4, 50, 100, 11, 226, 5000, 20
0, 12000, 114, 202, 199, 4941781, 4248594, 0.4, 50, 100, 11, 210, 5000, 20
0, 12000, 93, 204, 186, 4834539, 4033208, 0.4, 50, 100, 11, 214, 5000, 20
0, 12000, 98, 198, 191, 5058962, 4357546, 0.4, 50, 100, 11, 268, 5000, 20
0, 12000, 104, 216, 180, 4812457, 4097769, 0.4, 50, 100, 11, 224, 5000, 20
0, 12000, 103, 203, 156, 5218188, 4241700, 0.4, 50, 100, 11, 245, 5000, 20
0, 12000, 92, 207, 187, 4927307, 4051868, 0.4, 50, 100, 11, 217, 5000, 20
0, 12000, 105, 222, 178, 5285388, 4410728, 0.4, 50, 100, 11, 191, 5000, 20
0, 12000, 108, 204, 177, 5047217, 4284939, 0.4, 50, 100, 11, 203, 5000, 20
0, 12000, 108, 227, 200, 5247900, 4309688, 0.4, 50, 100, 11, 202, 5000, 20
0, 12000, 84, 196, 174, 5072953, 4242767, 0.4, 50, 100, 11, 207, 5000, 20
0, 12000, 108, 207, 182, 5046086, 4279759, 0.4, 50, 100, 11, 264, 5000, 20
0, 12000, 119, 231, 209, 5194297, 4299830, 0.4, 50, 100, 11, 227, 5000, 20
0, 12000, 92, 198, 180, 4867592, 4136681, 0.4, 50, 100, 11, 229, 5000, 20
0, 12000, 106, 214, 184, 5055000, 4194235, 0.4, 50, 100, 11, 222, 5000, 20
0, 12000, 86, 198, 165, 5194106, 4302112, 0.4, 50, 100, 11, 221, 5000, 20
0, 12000, 98, 209, 202, 4931368, 4171672, 0.4, 50, 100, 11, 200, 5000, 20
0, 12000, 99, 223, 177, 5104558, 4241232, 0.4, 50, 100, 11, 215, 5000, 20
0, 12000, 90, 179, 176, 4946508, 4366418, 0.4, 50, 100, 11, 233, 5000, 20
0, 12000, 104, 197, 187, 5321836, 4509470, 0.4, 50, 100, 11, 195, 5000, 20
0, 12000, 110, 221, 188, 4937717, 4232724, 0.4, 50, 100, 11, 233, 5000, 20
0, 12000, 110, 228, 191, 5216797, 4325887, 0.4, 50, 100, 11, 238, 5000, 20
0, 12000, 93, 214, 197, 4955507, 4071494, 0.4, 50, 100, 11, 223, 5000, 20
0, 12000, 98, 201, 187, 4818857, 4112859, 0.4, 50, 100, 11, 225, 5000, 20
0, 12000, 108, 218, 188, 5184875, 4533103, 0.4, 50, 100, 11, 212, 5000, 20
0, 12000, 107, 218, 195, 5170349, 4448422, 0.4, 50, 100, 11, 209, 5000, 20
0, 12000, 91, 201, 175, 5154622, 4323390, 0.4, 50, 100, 11, 225, 5000, 20
0, 12000, 100, 202, 184, 5006397, 4286759, 0.4, 50, 100, 11, 214, 5000, 20
0, 12000, 107, 211, 193, 4915043, 4030507, 0.4, 50, 100, 11, 218, 5000, 20
0, 12000, 112, 208, 194, 5007053, 4305186, 0.4, 50, 100, 11, 240, 5000, 20
0, 12000, 84, 195, 158, 5050688, 4240099, 0.4, 50, 100, 11, 273, 5000, 20
0, 12000, 101, 205, 185, 5050895, 4195884, 0.4, 50, 100, 11, 204, 5000, 20
0, 12000, 82, 202, 178, 4923318, 4144502, 0.4, 50, 100, 11, 259, 5000, 20
0, 12000, 105, 227, 189, 5138532, 4344804, 0.4, 50, 100, 11, 198, 5000, 20
0, 12000, 93, 202, 168, 5039385, 4222903, 0.4, 50, 100, 11, 244, 5000, 20
0, 12000, 97, 210, 192, 5129372, 4279781, 0.4, 50, 100, 11, 198, 5000, 20
0, 12000, 100, 216, 191, 5022280, 4278680, 0.4, 50, 100, 11, 225, 5000, 20
0, 12000, 101, 205, 188, 5059298, 4336426, 0.4, 50, 100, 11, 233, 5000, 20
0, 12000, 95, 204, 191, 5017523, 4226467, 0.4, 50, 100, 11, 285, 5000, 20
0, 12000, 95, 213, 187, 5177597, 4274662, 0.4, 50, 100, 11, 233, 5000, 20
0, 12000, 110, 216, 179, 5073792, 4373092, 0.4, 50, 100, 11, 239, 5000, 20
0, 12000, 94, 193, 177, 4903741, 4265524, 0.4, 50, 100, 11, 245, 5000, 20
0, 12000, 109, 234, 200, 5229763, 4291688, 0.4, 50, 100, 11, 214, 5000, 20
0, 12000, 88, 191, 153, 5099375, 4340884, 0.4, 50, 100, 11, 199, 5000, 20
0, 12000, 110, 233, 212, 5020395, 4234035, 0.4, 50, 100, 11, 244, 5000, 20
0, 12000, 111, 204, 183, 4859681, 4209006, 0.4, 50, 100, 11, 201, 5000, 20
0, 12000, 106, 213, 198, 4927427, 4305245, 0.4, 50, 100, 11, 213, 5000, 20
0, 12000, 103, 217, 192, 4846935, 4095588, 0.4, 50, 100, 11, 201, 5000, 20
0, 12000, 92, 218, 183, 5000452, 4121126, 0.4, 50, 100, 11, 250, 5000, 20
0, 12000, 116, 203, 195, 5146413, 4419479, 0.4, 50, 100, 11, 239, 5000, 20
0, 12000, 109, 230, 209, 5114646, 4360195, 0.4, 50, 100, 11, 213, 5000, 20
0, 12000, 87, 203, 169, 5013490, 4350660, 0.4, 50, 100, 11, 248, 5000, 20
0, 12000, 86, 195, 156, 5023515, 4385385, 0.4, 50, 100, 11, 254, 5000, 20
0, 12000, 105, 218, 179, 5190457, 4329188, 0.4, 50, 100, 11, 262, 5000, 20
0, 12000, 103, 217, 201, 4957978, 4125293, 0.4, 50, 100, 11, 227, 5000, 20
0, 12000, 106, 215, 177, 4851562, 4092183, 0.4, 50, 100, 11, 214, 5000, 20
0, 12000, 95, 194, 172, 5118767, 4116465, 0.4, 50, 100, 11, 299, 5000, 20
0, 12000, 93, 192, 186, 4977489, 4389878, 0.4, 50, 100, 11, 260, 5000, 20
0, 12000, 97, 213, 189, 4902380, 4185975, 0.4, 50, 100, 11, 206, 5000, 20
0, 12000, 105, 216, 186, 5103885, 4270314, 0.4, 50, 100, 11, 204, 5000, 20
0, 12000, 105, 220, 190, 4981832, 4104650, 0.4, 50, 100, 11, 252, 5000, 20
0, 12000, 101, 203, 167, 5185784, 4318409, 0.4, 50, 100, 11, 204, 5000, 20
0, 12000, 122, 210, 193, 5021073, 4244714, 0.4, 50, 100, 11, 253, 5000, 20
0, 12000, 102, 217, 198, 5981763, 5117638, 0.4, 50, 100, 13, 266, 5000, 20
0, 12000, 110, 211, 192, 5947830, 5046634, 0.4, 50, 100, 13, 293, 5000, 20
0, 12000, 91, 215, 175, 5939573, 5013570, 0.4, 50, 100, 13, 262, 5000, 20
0, 12000, 91, 211, 173, 5891616, 4936413, 0.4, 50, 100, 13, 281, 5000, 20
0, 12000, 106, 225, 193, 6055124, 5091630, 0.4, 50, 100, 13, 270, 5000, 20
0, 12000, 100, 213, 175, 5949964, 5036460, 0.4, 50, 100, 13, 267, 5000, 20
0, 12000, 111, 220, 188, 6134454, 5130415, 0.4, 50, 100, 13, 273, 5000, 20
0, 12000, 103, 209, 166, 5931265, 4983274, 0.4, 50, 100, 13, 283, 5000, 20
0, 12000, 119, 218, 188, 6098264, 5004543, 0.4, 50, 100, 13, 284, 5000, 20
0, 12000, 97, 212, 175, 5964268, 4961289, 0.4, 50, 100, 13, 302, 5000, 20
0, 12000, 91, 207, 184, 6013849, 5072974, 0.4, 50, 100, 13, 266, 5000, 20
0, 12000, 91, 207, 178, 5994998, 5062478, 0.4, 50, 100, 13, 284, 5000, 20
0, 12000, 108, 209, 190, 5992989, 5270582, 0.4, 50, 100, 13, 298, 5000, 20
0, 12000, 91, 204, 189, 5904749, 5167876, 0.4, 50, 100, 13, 333, 5000, 20
0, 12000, 97, 216, 176, 5967531, 5183226, 0.4, 50, 100, 13, 283, 5000, 20
0, 12000, 104, 222, 199, 5960241, 5086275, 0.4, 50, 100, 13, 335, 5000, 20
0, 12000, 94, 177, 165, 5959261, 5039456, 0.4, 50, 100, 13, 283, 5000, 20
0, 12000, 87, 197, 167, 5871838, 4966485, 0.4, 50, 100, 13, 298, 5000, 20
0, 12000, 116, 229, 200, 5819990, 4790257, 0.4, 50, 100, 13, 373, 5000, 20
0, 12000, 104, 203, 171, 6207359, 5301831, 0.4, 50, 100, 13, 295, 5000, 20
0, 12000, 99, 203, 178, 5973470, 4980022, 0.4, 50, 100, 13, 271, 5000, 20
0, 12000, 107, 222, 192, 5940524, 4882401, 0.4, 50, 100, 13, 326, 5000, 20
0, 12000, 107, 217, 186, 5892718, 5006596, 0.4, 50, 100, 13, 273, 5000, 20
0, 12000, 102, 219, 203, 5957040, 4986732, 0.4, 50, 100, 13, 262, 5000, 20
0, 12000, 107, 226, 204, 5958007, 5132768, 0.4, 50, 100, 13, 343, 5000, 20
0, 12000, 111, 220, 193, 5771214, 5072029, 0.4, 50, 100, 13, 311, 5000, 20
0, 12000, 116, 230, 199, 6184908, 5112804, 0.4, 50, 100, 13, 289, 5000, 20
0, 12000, 104, 227, 207, 5968467, 4980852, 0.4, 50, 100, 13, 268, 5000, 20
0, 12000, 104, 213, 185, 5777718, 4783564, 0.4, 50, 100, 13, 332, 5000, 20
0, 12000, 99, 216, 188, 5819601, 5010680, 0.4, 50, 100, 13, 314, 5000, 20
0, 12000, 83, 180, 165, 6157175, 5217130, 0.4, 50, 100, 13, 325, 5000, 20
0, 12000, 112, 196, 203, 6083615, 5199437, 0.4, 50, 100, 13, 262, 5000, 20
0, 12000, 108, 221, 213, 6213071, 5098354, 0.4, 50, 100, 13, 285, 5000, 20
0, 12000, 96, 205, 177, 5763684, 4945244, 0.4, 50, 100, 13, 264, 5000, 20
0, 12000, 117, 222, 194, 6245243, 5160113, 0.4, 50, 100, 13, 267, 5000, 20
0, 12000, 75, 191, 153, 6063524, 5106361, 0.4, 50, 100, 13, 272, 5000, 20
0, 12000, 88, 198, 161, 5881254, 4979031, 0.4, 50, 100, 13, 316, 5000, 20
0, 12000, 109, 235, 197, 6027125, 5032841, 0.4, 50, 100, 13, 347, 5000, 20
0, 12000, 107, 226, 190, 5892028, 5076394, 0.4, 50, 100, 13, 290, 5000, 20
0, 12000, 106, 225, 193, 5877290, 4961721, 0.4, 50, 100, 13, 267, 5000, 20
0, 12000, 98, 214, 195, 5943762, 5077986, 0.4, 50, 100, 13, 290, 5000, 20
0, 12000, 93, 212, 186, 5943282, 5115385, 0.4, 50, 100, 13, 273, 5000, 20
0, 12000, 113, 234, 208, 5977914, 5190727, 0.4, 50, 100, 13, 316, 5000, 20
0, 12000, 96, 222, 187, 5995883, 5027757, 0.4, 50, 100, 13, 273, 5000, 20
0, 12000, 84, 209, 181, 5941034, 5127190, 0.4, 50, 100, 13, 271, 5000, 20
0, 12000, 115, 211, 190, 5805241, 4855905, 0.4, 50, 100, 13, 317, 5000, 20
0, 12000, 97, 206, 176, 6098045, 4983602, 0.4, 50, 100, 13, 337, 5000, 20
0, 12000, 106, 214, 203, 5881865, 4977354, 0.4, 50, 100, 13, 371, 5000, 20
0, 12000, 88, 200, 184, 6172649, 5114846, 0.4, 50, 100, 13, 345, 5000, 20
0, 12000, 90, 203, 183, 5997053, 5082123, 0.4, 50, 100, 13, 269, 5000, 20
0, 12000, 112, 224, 185, 6180354, 5101031, 0.4, 50, 100, 13, 313, 5000, 20
0, 12000, 103, 208, 180, 6023510, 5104745, 0.4, 50, 100, 13, 277, 5000, 20
0, 12000, 95, 208, 175, 6080621, 5361029, 0.4, 50, 100, 13, 267, 5000, 20
0, 12000, 96, 209, 183, 5985934, 5167004, 0.4, 50, 100, 13, 313, 5000, 20
0, 12000, 109, 212, 180, 5964871, 4959980, 0.4, 50, 100, 13, 269, 5000, 20
0, 12000, 97, 201, 177, 5869851, 5069656, 0.4, 50, 100, 13, 270, 5000, 20
0, 12000, 107, 229, 196, 5917897, 4988660, 0.4, 50, 100, 13, 304, 5000, 20
0, 12000, 112, 215, 182, 6063665, 4964284, 0.4, 50, 100, 13, 332, 5000, 20
0, 12000, 110, 206, 187, 5875854, 5173471, 0.4, 50, 100, 13, 347, 5000, 20
0, 12000, 114, 223, 182, 6316414, 5353369, 0.4, 50, 100, 13, 283, 5000, 20
0, 12000, 94, 215, 176, 5819860, 4912800, 0.4, 50, 100, 13, 277, 5000, 20
0, 12000, 105, 201, 181, 5926469, 4879313, 0.4, 50, 100, 13, 269, 5000, 20
0, 12000, 110, 218, 192, 5780963, 4928776, 0.4, 50, 100, 13, 286, 5000, 20
0, 12000, 110, 215, 175, 6006365, 4936973, 0.4, 50, 100, 13, 273, 5000, 20
0, 12000, 99, 220, 174, 6073283, 5013136, 0.4, 50, 100, 13, 309, 5000, 20
0, 12000, 102, 209, 179, 5925813, 5028229, 0.4, 50, 100, 13, 274, 5000, 20
0, 12000, 95, 220, 200, 6053323, 5203122, 0.4, 50, 100, 13, 378, 5000, 20
0, 12000, 98, 203, 186, 6106901, 5170654, 0.4, 50, 100, 13, 298, 5000, 20
0, 12000, 92, 213, 171, 5905967, 5057528, 0.4, 50, 100, 13, 278, 5000, 20
0, 12000, 104, 187, 169, 6122242, 5149187, 0.4, 50, 100, 13, 288, 5000, 20
0, 12000, 114, 204, 183, 6014559, 5211302, 0.4, 50, 100, 13, 286, 5000, 20
0, 12000, 106, 218, 198, 6082407, 5099706, 0.4, 50, 100, 13, 295, 5000, 20
0, 12000, 104, 221, 179, 6096347, 4908082, 0.4, 50, 100, 13, 280, 5000, 20
0, 12000, 84, 189, 168, 5856276, 4969803, 0.4, 50, 100, 13, 316, 5000, 20
0, 12000, 103, 213, 194, 6013027, 5119669, 0.4, 50, 100, 13, 281, 5000, 20
0, 12000, 101, 198, 177, 5861664, 5071076, 0.4, 50, 100, 13, 284, 5000, 20
0, 12000, 87, 200, 165, 6037982, 5176561, 0.4, 50, 100, 13, 343, 5000, 20
0, 12000, 104, 201, 184, 5680701, 4899116, 0.4, 50, 100, 13, 279, 5000, 20
0, 12000, 104, 226, 201, 6064133, 5044138, 0.4, 50, 100, 13, 362, 5000, 20
0, 12000, 102, 216, 182, 5878725, 4996082, 0.4, 50, 100, 13, 288, 5000, 20
0, 12000, 99, 209, 174, 5803442, 5043510, 0.4, 50, 100, 13, 285, 5000, 20
0, 12000, 101, 196, 173, 5849659, 5069890, 0.4, 50, 100, 13, 318, 5000, 20
0, 12000, 91, 192, 157, 6185750, 5155225, 0.4, 50, 100, 13, 324, 5000, 20
0, 12000, 99, 213, 180, 6116728, 5101275, 0.4, 50, 100, 13, 285, 5000, 20
0, 12000, 91, 195, 144, 5814386, 4949123, 0.4, 50, 100, 13, 284, 5000, 20
0, 12000, 103, 220, 191, 5998030, 5262827, 0.4, 50, 100, 13, 328, 5000, 20
0, 12000, 105, 220, 183, 5883007, 4902917, 0.4, 50, 100, 13, 279, 5000, 20
0, 12000, 104, 232, 181, 5994330, 5124522, 0.4, 50, 100, 13, 366, 5000, 20
0, 12000, 100, 216, 192, 5949095, 5007494, 0.4, 50, 100, 13, 327, 5000, 20
0, 12000, 107, 233, 187, 6007810, 5136462, 0.4, 50, 100, 13, 405, 5000, 20
0, 12000, 113, 210, 193, 5854775, 5113850, 0.4, 50, 100, 13, 292, 5000, 20
0, 12000, 116, 223, 183, 5938575, 5151130, 0.4, 50, 100, 13, 260, 5000, 20
0, 12000, 118, 230, 204, 5938985, 5053546, 0.4, 50, 100, 13, 287, 5000, 20
0, 12000, 97, 202, 179, 5928459, 5028132, 0.4, 50, 100, 13, 301, 5000, 20
0, 12000, 105, 204, 196, 5920413, 5243545, 0.4, 50, 100, 13, 272, 5000, 20
0, 12000, 120, 224, 189, 5846913, 4880525, 0.4, 50, 100, 13, 278, 5000, 20
0, 12000, 79, 202, 161, 5994711, 5059558, 0.4, 50, 100, 13, 340, 5000, 20
0, 12000, 124, 214, 201, 5896792, 5106225, 0.4, 50, 100, 13, 315, 5000, 20
0, 12000, 97, 205, 183, 5993304, 5139308, 0.4, 50, 100, 13, 342, 5000, 20
0, 12000, 93, 210, 168, 6044346, 4995290, 0.4, 50, 100, 13, 380, 5000, 20
0, 12000, 102, 208, 186, 7162932, 6124729, 0.4, 50, 100, 15, 367, 5000, 20
0, 12000, 99, 214, 177, 6784766, 5767885, 0.4, 50, 100, 15, 356, 5000, 20
0, 12000, 100, 207, 177, 6717988, 5685852, 0.4, 50, 100, 15, 359, 5000, 20
0, 12000, 92, 203, 168, 6644149, 5715786, 0.4, 50, 100, 15, 367, 5000, 20
0, 12000, 88, 193, 138, 6867553, 5499070, 0.4, 50, 100, 15, 357, 5000, 20
0, 12000, 101, 222, 181, 6877027, 5774289, 0.4, 50, 100, 15, 353, 5000, 20
0, 12000, 95, 197, 166, 6797242, 5946970, 0.4, 50, 100, 15, 382, 5000, 20
0, 12000, 117, 223, 197, 6802793, 5754326, 0.4, 50, 100, 15, 367, 5000, 20
0, 12000, 97, 212, 180, 6800279, 5728271, 0.4, 50, 100, 15, 372, 5000, 20
0, 12000, 105, 186, 171, 6982638, 5999508, 0.4, 50, 100, 15, 468, 5000, 20
0, 12000, 107, 205, 201, 6557855, 5682384, 0.4, 50, 100, 15, 376, 5000, 20
0, 12000, 99, 209, 171, 6731946, 5856912, 0.4, 50, 100, 15, 501, 5000, 20
0, 12000, 105, 206, 181, 6911643, 5836467, 0.4, 50, 100, 15, 357, 5000, 20
0, 12000, 111, 210, 193, 6783563, 5818255, 0.4, 50, 100, 15, 355, 5000, 20
0, 12000, 105, 209, 207, 6778968, 5647600, 0.4, 50, 100, 15, 455, 5000, 20
0, 12000, 104, 217, 189, 6759141, 5672041, 0.4, 50, 100, 15, 349, 5000, 20
0, 12000, 95, 214, 188, 6894846, 5795953, 0.4, 50, 100, 15, 381, 5000, 20
0, 12000, 112, 216, 182, 6901280, 5966813, 0.4, 50, 100, 15, 394, 5000, 20
0, 12000, 103, 217, 192, 6960206, 5918642, 0.4, 50, 100, 15, 378, 5000, 20
0, 12000, 97, 215, 194, 6766773, 5901140, 0.4, 50, 100, 15, 365, 5000, 20
0, 12000, 97, 208, 171, 7008317, 5854176, 0.4, 50, 100, 15, 344, 5000, 20
0, 12000, 109, 223, 195, 6874030, 5785603, 0.4, 50, 100, 15, 354, 5000, 20
0, 12000, 84, 196, 158, 6938774, 5873479, 0.4, 50, 100, 15, 345, 5000, 20
0, 12000, 105, 216, 180, 6815648, 5732143, 0.4, 50, 100, 15, 428, 5000, 20
0, 12000, 79, 166, 142, 6838956, 6025492, 0.4, 50, 100, 15, 438, 5000, 20
0, 12000, 101, 208, 170, 7043018, 5861177, 0.4, 50, 100, 15, 348, 5000, 20
0, 12000, 95, 213, 184, 6677081, 5786883, 0.4, 50, 100, 15, 494, 5000, 20
0, 12000, 94, 207, 184, 7026256, 5910757, 0.4, 50, 100, 15, 378, 5000, 20
0, 12000, 82, 185, 158, 7072469, 5813710, 0.4, 50, 100, 15, 360, 5000, 20
0, 12000, 99, 218, 189, 6969148, 5970053, 0.4, 50, 100, 15, 355, 5000, 20
0, 12000, 92, 195, 179, 6836696, 5854156, 0.4, 50, 100, 15, 349, 5000, 20
0, 12000, 98, 206, 181, 6889426, 5857897, 0.4, 50, 100, 15, 355, 5000, 20
0, 12000, 110, 220, 191, 6867485, 5853598, 0.4, 50, 100, 15, 485, 5000, 20
0, 12000, 104, 231, 190, 6807933, 5679590, 0.4, 50, 100, 15, 331, 5000, 20
0, 12000, 109, 213, 185, 6781352, 5775931, 0.4, 50, 100, 15, 400, 5000, 20
0, 12000, 87, 202, 159, 6928829, 5834549, 0.4, 50, 100, 15, 417, 5000, 20
0, 12000, 105, 215, 188, 6746438, 5535699, 0.4, 50, 100, 15, 369, 5000, 20
0, 12000, 110, 220, 195, 6532292, 5601373, 0.4, 50, 100, 15, 443, 5000, 20
0, 12000, 116, 222, 191, 7161426, 5883542, 0.4, 50, 100, 15, 384, 5000, 20
0, 12000, 98, 213, 182, 6720944, 5775619, 0.4, 50, 100, 15, 345, 5000, 20
0, 12000, 89, 203, 168, 6896964, 5739005, 0.4, 50, 100, 15, 403, 5000, 20
0, 12000, 105, 219, 186, 6796289, 5707371, 0.4, 50, 100, 15, 368, 5000, 20
0, 12000, 100, 207, 175, 6943289, 5994440, 0.4, 50, 100, 15, 376, 5000, 20
0, 12000, 103, 188, 165, 6807545, 5718830, 0.4, 50, 100, 15, 474, 5000, 20
0, 12000, 98, 202, 168, 6980354, 5703457, 0.4, 50, 100, 15, 369, 5000, 20
0, 12000, 105, 213, 184, 6674373, 5576433, 0.4, 50, 100, 15, 367, 5000, 20
0, 12000, 98, 220, 173, 6976099, 5837592, 0.4, 50, 100, 15, 351, 5000, 20
0, 12000, 117, 228, 204, 6848264, 5718583, 0.4, 50, 100, 15, 357, 5000, 20
0, 12000, 89, 215, 190, 6998195, 5902314, 0.4, 50, 100, 15, 406, 5000, 20
0, 12000, 93, 217, 185, 6828839, 5847165, 0.4, 50, 100, 15, 363, 5000, 20
0, 12000, 110, 216, 185, 6813498, 5774968, 0.4, 50, 100, 15, 438, 5000, 20
0, 12000, 105, 220, 195, 7245293, 6027156, 0.4, 50, 100, 15, 541, 5000, 20
0, 12000, 83, 181, 154, 7051608, 6112793, 0.4, 50, 100, 15, 361, 5000, 20
0, 12000, 104, 205, 186, 6923568, 5853914, 0.4, 50, 100, 15, 393, 5000, 20
0, 12000, 92, 211, 165, 6712344, 5777785, 0.4, 50, 100, 15, 503, 5000, 20
0, 12000, 112, 197, 190, 6842476, 5858240, 0.4, 50, 100, 15, 411, 5000, 20
0, 12000, 86, 192, 152, 6920197, 5963835, 0.4, 50, 100, 15, 418, 5000, 20
0, 12000, 100, 211, 207, 7021391, 5943622, 0.4, 50, 100, 15, 427, 5000, 20
0, 12000, 88, 220, 195, 6631406, 5599453, 0.4, 50, 100, 15, 350, 5000, 20
0, 12000, 116, 233, 211, 6825110, 5858864, 0.4, 50, 100, 15, 513, 5000, 20
0, 12000, 76, 190, 149, 6656936, 5707130, 0.4, 50, 100, 15, 353, 5000, 20
0, 12000, 112, 214, 195, 6850515, 5764110, 0.4, 50, 100, 15, 447, 5000, 20
0, 12000, 89, 207, 183, 6976208, 5865744, 0.4, 50, 100, 15, 391, 5000, 20
0, 12000, 101, 209, 186, 6842323, 5836308, 0.4, 50, 100, 15, 382, 5000, 20
0, 12000, 90, 217, 178, 6848673, 5869676, 0.4, 50, 100, 15, 354, 5000, 20
0, 12000, 102, 214, 171, 6842293, 5880816, 0.4, 50, 100, 15, 389, 5000, 20
0, 12000, 117, 220, 197, 6976861, 5907030, 0.4, 50, 100, 15, 515, 5000, 20
0, 12000, 101, 217, 185, 6693661, 5904361, 0.4, 50, 100, 15, 374, 5000, 20
0, 12000, 104, 221, 181, 6809883, 5783399, 0.4, 50, 100, 15, 371, 5000, 20
0, 12000, 101, 204, 177, 7154496, 5947604, 0.4, 50, 100, 15, 511, 5000, 20
0, 12000, 91, 189, 162, 6730219, 5754001, 0.4, 50, 100, 15, 394, 5000, 20
0, 12000, 100, 211, 166, 7027862, 5875419, 0.4, 50, 100, 15, 344, 5000, 20
0, 12000, 96, 202, 169, 6844433, 5832860, 0.4, 50, 100, 15, 394, 5000, 20
0, 12000, 85, 199, 167, 7022531, 5969618, 0.4, 50, 100, 15, 355, 5000, 20
0, 12000, 107, 225, 199, 6775467, 5802702, 0.4, 50, 100, 15, 495, 5000, 20
0, 12000, 114, 204, 175, 7406510, 6132784, 0.4, 50, 100, 15, 347, 5000, 20
0, 12000, 104, 217, 179, 6760016, 5912477, 0.4, 50, 100, 15, 398, 5000, 20
0, 12000, 107, 222, 172, 6599612, 5672644, 0.4, 50, 100, 15, 388, 5000, 20
0, 12000, 114, 224, 206, 6828202, 5866602, 0.4, 50, 100, 15, 418, 5000, 20
0, 12000, 109, 227, 195, 6870740, 5841897, 0.4, 50, 100, 15, 335, 5000, 20
0, 12000, 105, 214, 187, 7057668, 6016510, 0.4, 50, 100, 15, 486, 5000, 20
0, 12000, 104, 221, 182, 6816740, 5837289, 0.4, 50, 100, 15, 369, 5000, 20
0, 12000, 114, 227, 203, 7109108, 5965318, 0.4, 50, 100, 15, 552, 5000, 20
0, 12000, 90, 214, 192, 6971685, 5805939, 0.4, 50, 100, 15, 379, 5000, 20
0, 12000, 103, 208, 188, 6778232, 5725964, 0.4, 50, 100, 15, 542, 5000, 20
0, 12000, 98, 204, 185, 6891560, 5898306, 0.4, 50, 100, 15, 395, 5000, 20
0, 12000, 96, 206, 185, 7016204, 5687689, 0.4, 50, 100, 15, 461, 5000, 20
0, 12000, 91, 206, 174, 6993551, 6012144, 0.4, 50, 100, 15, 392, 5000, 20
0, 12000, 114, 220, 191, 6901172, 5971454, 0.4, 50, 100, 15, 445, 5000, 20
0, 12000, 111, 236, 205, 6726452, 5622779, 0.4, 50, 100, 15, 322, 5000, 20
0, 12000, 105, 214, 195, 6596628, 5814525, 0.4, 50, 100, 15, 408, 5000, 20
0, 12000, 91, 203, 174, 6875705, 5859754, 0.4, 50, 100, 15, 466, 5000, 20
0, 12000, 98, 212, 181, 6851324, 5576017, 0.4, 50, 100, 15, 423, 5000, 20
0, 12000, 107, 225, 200, 6842570, 5784012, 0.4, 50, 100, 15, 371, 5000, 20
0, 12000, 112, 218, 190, 6927760, 5966833, 0.4, 50, 100, 15, 367, 5000, 20
0, 12000, 101, 224, 188, 6862216, 5736569, 0.4, 50, 100, 15, 374, 5000, 20
0, 12000, 101, 209, 162, 6939558, 5716250, 0.4, 50, 100, 15, 448, 5000, 20
0, 12000, 100, 232, 190, 6741244, 5678094, 0.4, 50, 100, 15, 355, 5000, 20
0, 12000, 97, 206, 165, 6735838, 5811527, 0.4, 50, 100, 15, 383, 5000, 20
0, 12000, 99, 189, 175, 6940232, 5951467, 0.4, 50, 100, 15, 451, 5000, 20
0, 12000, 99, 221, 187, 7851013, 6453027, 0.4, 50, 100, 17, 447, 5000, 20
0, 12000, 99, 208, 177, 7747414, 6701585, 0.4, 50, 100, 17, 425, 5000, 20
0, 12000, 104, 221, 190, 7961722, 6710655, 0.4, 50, 100, 17, 429, 5000, 20
0, 12000, 114, 224, 186, 7880573, 6903778, 0.4, 50, 100, 17, 410, 5000, 20
0, 12000, 97, 200, 182, 7797083, 6531419, 0.4, 50, 100, 17, 468, 5000, 20
0, 12000, 99, 226, 195, 7564216, 6389880, 0.4, 50, 100, 17, 450, 5000, 20
0, 12000, 105, 220, 184, 7718574, 6432283, 0.4, 50, 100, 17, 422, 5000, 20
0, 12000, 111, 224, 173, 7615176, 6318010, 0.4, 50, 100, 17, 510, 5000, 20
0, 12000, 95, 197, 171, 7735306, 6575746, 0.4, 50, 100, 17, 419, 5000, 20
0, 12000, 103, 207, 167, 7944002, 6682837, 0.4, 50, 100, 17, 528, 5000, 20
0, 12000, 104, 217, 171, 7787977, 6532976, 0.4, 50, 100, 17, 455, 5000, 20
0, 12000, 95, 223, 182, 7787802, 6793358, 0.4, 50, 100, 17, 450, 5000, 20
0, 12000, 88, 197, 163, 8063993, 6860895, 0.4, 50, 100, 17, 506, 5000, 20
0, 12000, 104, 220, 196, 7530176, 6481466, 0.4, 50, 100, 17, 499, 5000, 20
0, 12000, 102, 205, 190, 8037261, 6748112, 0.4, 50, 100, 17, 439, 5000, 20
0, 12000, 89, 203, 169, 7699935, 6348296, 0.4, 50, 100, 17, 497, 5000, 20
0, 12000, 97, 211, 164, 7869944, 6696449, 0.4, 50, 100, 17, 452, 5000, 20
0, 12000, 95, 203, 188, 7596498, 6353914, 0.4, 50, 100, 17, 479, 5000, 20
0, 12000, 108, 221, 183, 7949831, 6633463, 0.4, 50, 100, 17, 627, 5000, 20
0, 12000, 101, 225, 198, 7807304, 6695116, 0.4, 50, 100, 17, 450, 5000, 20
0, 12000, 112, 231, 201, 7615242, 6597648, 0.4, 50, 100, 17, 474, 5000, 20
0, 12000, 110, 233, 192, 7776362, 6475854, 0.4, 50, 100, 17, 509, 5000, 20
0, 12000, 112, 217, 194, 7539553, 6535583, 0.4, 50, 100, 17, 436, 5000, 20
0, 12000, 96, 197, 155, 8042546, 6742649, 0.4, 50, 100, 17, 670, 5000, 20
0, 12000, 99, 211, 152, 7743048, 6377768, 0.4, 50, 100, 17, 469, 5000, 20
0, 12000, 102, 219, 187, 7594751, 6481597, 0.4, 50, 100, 17, 465, 5000, 20
0, 12000, 80, 172, 156, 7609659, 6565624, 0.4, 50, 100, 17, 459, 5000, 20
0, 12000, 97, 213, 162, 8092388, 6780670, 0.4, 50, 100, 17, 695, 5000, 20
0, 12000, 86, 206, 177, 7625986, 6478278, 0.4, 50, 100, 17, 502, 5000, 20
0, 12000, 108, 222, 195, 7886415, 6782091, 0.4, 50, 100, 17, 693, 5000, 20
0, 12000, 121, 220, 205, 7894210, 6845914, 0.4, 50, 100, 17, 455, 5000, 20
0, 12000, 116, 191, 188, 7530833, 6502523, 0.4, 50, 100, 17, 446, 5000, 20
0, 12000, 115, 229, 206, 7693749, 6698155, 0.4, 50, 100, 17, 463, 5000, 20
0, 12000, 100, 221, 184, 7671691, 6623732, 0.4, 50, 100, 17, 434, 5000, 20
0, 12000, 99, 210, 163, 7626504, 6398360, 0.4, 50, 100, 17, 609, 5000, 20
0, 12000, 89, 194, 159, 7717828, 6511048, 0.4, 50, 100, 17, 435, 5000, 20
0, 12000, 111, 195, 169, 7746755, 6591028, 0.4, 50, 100, 17, 494, 5000, 20
0, 12000, 105, 202, 176, 7496434, 6446122, 0.4, 50, 100, 17, 435, 5000, 20
0, 12000, 102, 192, 163, 7511296, 6524944, 0.4, 50, 100, 17, 460, 5000, 20
0, 12000, 86, 201, 178, 7975943, 6555695, 0.4, 50, 100, 17, 462, 5000, 20
0, 12000, 115, 199, 199, 7702970, 6602618, 0.4, 50, 100, 17, 492, 5000, 20
0, 12000, 105, 229, 212, 7893068, 6679057, 0.4, 50, 100, 17, 433, 5000, 20
0, 12000, 100, 214, 172, 7841074, 6701901, 0.4, 50, 100, 17, 437, 5000, 20
0, 12000, 106, 222, 170, 7962991, 6254962, 0.4, 50, 100, 17, 569, 5000, 20
0, 12000, 109, 212, 175, 7714197, 6375028, 0.4, 50, 100, 17, 610, 5000, 20
0, 12000, 86, 202, 170, 7768671, 6475326, 0.4, 50, 100, 17, 489, 5000, 20
0, 12000, 100, 208, 184, 7827238, 6643102, 0.4, 50, 100, 17, 535, 5000, 20
0, 12000, 108, 218, 199, 7953680, 6696640, 0.4, 50, 100, 17, 426, 5000, 20
0, 12000, 105, 232, 199, 7712944, 6480383, 0.4, 50, 100, 17, 454, 5000, 20
0, 12000, 114, 206, 185, 7741809, 6541462, 0.4, 50, 100, 17, 531, 5000, 20
0, 12000, 113, 210, 205, 7763895, 6561637, 0.4, 50, 100, 17, 483, 5000, 20
0, 12000, 114, 224, 201, 7780217, 6437489, 0.4, 50, 100, 17, 624, 5000, 20
0, 12000, 81, 179, 150, 7769942, 6801086, 0.4, 50, 100, 17, 498, 5000, 20
0, 12000, 101, 215, 201, 7854222, 6727313, 0.4, 50, 100, 17, 487, 5000, 20
0, 12000, 101, 211, 182, 7799058, 6518134, 0.4, 50, 100, 17, 446, 5000, 20
0, 12000, 103, 218, 183, 7870739, 6587662, 0.4, 50, 100, 17, 464, 5000, 20
0, 12000, 101, 221, 207, 7648868, 6589519, 0.4, 50, 100, 17, 555, 5000, 20
0, 12000, 107, 215, 200, 7993029, 6738548, 0.4, 50, 100, 17, 476, 5000, 20
0, 12000, 104, 212, 172, 7805472, 6463158, 0.4, 50, 100, 17, 444, 5000, 20
0, 12000, 112, 216, 196, 7935044, 6582572, 0.4, 50, 100, 17, 512, 5000, 20
0, 12000, 98, 212, 195, 8031616, 6894885, 0.4, 50, 100, 17, 437, 5000, 20
0, 12000, 123, 220, 204, 7873982, 6708850, 0.4, 50, 100, 17, 652, 5000, 20
0, 12000, 99, 216, 211, 7650343, 6465292, 0.4, 50, 100, 17, 516, 5000, 20
0, 12000, 113, 231, 197, 7664388, 6417611, 0.4, 50, 100, 17, 467, 5000, 20
0, 12000, 101, 196, 186, 7966862, 6618290, 0.4, 50, 100, 17, 480, 5000, 20
0, 12000, 104, 189, 179, 7760990, 6581741, 0.4, 50, 100, 17, 543, 5000, 20
0, 12000, 96, 212, 205, 7638246, 6558775, 0.4, 50, 100, 17, 462, 5000, 20
0, 12000, 91, 216, 167, 7799896, 6475862, 0.4, 50, 100, 17, 431, 5000, 20
0, 12000, 111, 226, 199, 7859726, 6675081, 0.4, 50, 100, 17, 554, 5000, 20
0, 12000, 106, 197, 188, 7697848, 6685750, 0.4, 50, 100, 17, 455, 5000, 20
0, 12000, 106, 215, 184, 7756409, 6735683, 0.4, 50, 100, 17, 422, 5000, 20
0, 12000, 107, 228, 185, 7708681, 6531981, 0.4, 50, 100, 17, 472, 5000, 20
0, 12000, 112, 217, 205, 7624200, 6602604, 0.4, 50, 100, 17, 465, 5000, 20
0, 12000, 97, 215, 179, 7691109, 6353812, 0.4, 50, 100, 17, 576, 5000, 20
0, 12000, 103, 206, 172, 7736564, 6502437, 0.4, 50, 100, 17, 560, 5000, 20
0, 12000, 76, 186, 152, 7588797, 6394743, 0.4, 50, 100, 17, 510, 5000, 20
0, 12000, 100, 212, 168, 7846951, 6777730, 0.4, 50, 100, 17, 532, 5000, 20
0, 12000, 103, 221, 189, 7565257, 6529798, 0.4, 50, 100, 17, 652, 5000, 20
0, 12000, 100, 210, 174, 7745366, 6421804, 0.4, 50, 100, 17, 465, 5000, 20
0, 12000, 97, 200, 180, 7928281, 6601465, 0.4, 50, 100, 17, 500, 5000, 20
0, 12000, 109, 192, 181, 7533019, 6552663, 0.4, 50, 100, 17, 612, 5000, 20
0, 12000, 97, 195, 185, 7893987, 6625361, 0.4, 50, 100, 17, 544, 5000, 20
0, 12000, 93, 202, 181, 7603675, 6423146, 0.4, 50, 100, 17, 510, 5000, 20
0, 12000, 92, 200, 194, 7535629, 6445432, 0.4, 50, 100, 17, 440, 5000, 20
0, 12000, 112, 223, 180, 7829566, 6563643, 0.4, 50, 100, 17, 500, 5000, 20
0, 12000, 119, 231, 213, 7472195, 6379118, 0.4, 50, 100, 17, 563, 5000, 20
0, 12000, 121, 219, 211, 7548402, 6646131, 0.4, 50, 100, 17, 442, 5000, 20
0, 12000, 98, 194, 185, 7588038, 6556201, 0.4, 50, 100, 17, 636, 5000, 20
0, 12000, 109, 212, 190, 7801583, 6628268, 0.4, 50, 100, 17, 539, 5000, 20
0, 12000, 94, 204, 161, 7925025, 6661205, 0.4, 50, 100, 17, 456, 5000, 20
0, 12000, 97, 225, 206, 7470102, 6443668, 0.4, 50, 100, 17, 471, 5000, 20
0, 12000, 107, 205, 180, 7863774, 6774514, 0.4, 50, 100, 17, 574, 5000, 20
0, 12000, 75, 189, 181, 7617911, 6565589, 0.4, 50, 100, 17, 474, 5000, 20
0, 12000, 96, 209, 183, 7821670, 6604566, 0.4, 50, 100, 17, 464, 5000, 20
0, 12000, 98, 212, 173, 7823354, 6521424, 0.4, 50, 100, 17, 538, 5000, 20
0, 12000, 115, 239, 193, 7992471, 6714960, 0.4, 50, 100, 17, 492, 5000, 20
0, 12000, 103, 209, 176, 7746371, 6262505, 0.4, 50, 100, 17, 561, 5000, 20
0, 12000, 104, 203, 189, 7821419, 6651164, 0.4, 50, 100, 17, 721, 5000, 20
0, 12000, 101, 198, 175, 7601922, 6346976, 0.4, 50, 100, 17, 585, 5000, 20
0, 12000, 108, 195, 179, 7852863, 6552387, 0.4, 50, 100, 17, 623, 5000, 20
0, 12000, 97, 207, 177, 8565487, 7256320, 0.4, 50, 100, 19, 572, 5000, 20
0, 12000, 88, 203, 168, 8742899, 7348384, 0.4, 50, 100, 19, 610, 5000, 20
0, 12000, 104, 217, 193, 8702008, 7420255, 0.4, 50, 100, 19, 554, 5000, 20
0, 12000, 101, 206, 175, 8580195, 7439373, 0.4, 50, 100, 19, 555, 5000, 20
0, 12000, 94, 218, 175, 8703928, 7388392, 0.4, 50, 100, 19, 597, 5000, 20
0, 12000, 98, 188, 175, 8872637, 7445029, 0.4, 50, 100, 19, 630, 5000, 20
0, 12000, 102, 204, 174, 8849139, 7352898, 0.4, 50, 100, 19, 578, 5000, 20
0, 12000, 89, 198, 178, 8614424, 7348955, 0.4, 50, 100, 19, 622, 5000, 20
0, 12000, 92, 211, 184, 8620269, 7302375, 0.4, 50, 100, 19, 728, 5000, 20
0, 12000, 93, 205, 184, 8629803, 7261714, 0.4, 50, 100, 19, 576, 5000, 20
0, 12000, 108, 211, 182, 8629325, 7137982, 0.4, 50, 100, 19, 556, 5000, 20
0, 12000, 105, 219, 192, 8804091, 7369295, 0.4, 50, 100, 19, 539, 5000, 20
0, 12000, 98, 210, 195, 8568452, 7444180, 0.4, 50, 100, 19, 711, 5000, 20
0, 12000, 102, 222, 183, 8577564, 7393822, 0.4, 50, 100, 19, 912, 5000, 20
0, 12000, 93, 223, 180, 8903799, 7432818, 0.4, 50, 100, 19, 756, 5000, 20
0, 12000, 101, 205, 166, 8498238, 7191552, 0.4, 50, 100, 19, 560, 5000, 20
0, 12000, 98, 210, 189, 8555920, 7277832, 0.4, 50, 100, 19, 716, 5000, 20
0, 12000, 90, 191, 178, 8844726, 7426666, 0.4, 50, 100, 19, 690, 5000, 20
0, 12000, 89, 215, 172, 8630222, 7339621, 0.4, 50, 100, 19, 551, 5000, 20
0, 12000, 93, 202, 181, 8779952, 7377026, 0.4, 50, 100, 19, 625, 5000, 20
0, 12000, 109, 213, 181, 8397417, 6992458, 0.4, 50, 100, 19, 668, 5000, 20
0, 12000, 110, 220, 188, 8609960, 7209092, 0.4, 50, 100, 19, 608, 5000, 20
0, 12000, 105, 215, 195, 8604288, 7312005, 0.4, 50, 100, 19, 743, 5000, 20
0, 12000, 116, 222, 195, 8521383, 7205256, 0.4, 50, 100, 19, 774, 5000, 20
0, 12000, 118, 222, 194, 9210316, 7532485, 0.4, 50, 100, 19, 537, 5000, 20
0, 12000, 102, 225, 185, 8733197, 7299687, 0.4, 50, 100, 19, 698, 5000, 20
0, 12000, 95, 224, 203, 8608570, 7232668, 0.4, 50, 100, 19, 605, 5000, 20
0, 12000, 99, 195, 176, 8399106, 7416057, 0.4, 50, 100, 19, 763, 5000, 20
0, 12000, 117, 230, 206, 8665105, 7311004, 0.4, 50, 100, 19, 824, 5000, 20
0, 12000, 89, 207, 178, 8593110, 7240913, 0.4, 50, 100, 19, 726, 5000, 20
0, 12000, 101, 222, 180, 8835071, 7353891, 0.4, 50, 100, 19, 820, 5000, 20
0, 12000, 104, 195, 179, 8669869, 7487701, 0.4, 50, 100, 19, 524, 5000, 20
0, 12000, 86, 208, 164, 8871616, 7372006, 0.4, 50, 100, 19, 583, 5000, 20
0, 12000, 106, 214, 198, 8591042, 7328999, 0.4, 50, 100, 19, 893, 5000, 20
0, 12000, 117, 223, 193, 8802931, 7429849, 0.4, 50, 100, 19, 565, 5000, 20
0, 12000, 91, 215, 189, 8457153, 7145022, 0.4, 50, 100, 19, 696, 5000, 20
0, 12000, 103, 199, 176, 8851361, 7415300, 0.4, 50, 100, 19, 566, 5000, 20
0, 12000, 91, 203, 174, 8810979, 7383570, 0.4, 50, 100, 19, 672, 5000, 20
0, 12000, 107, 207, 185, 8921328, 7740253, 0.4, 50, 100, 19, 567, 5000, 20
0, 12000, 120, 219, 199, 8780861, 7606727, 0.4, 50, 100, 19, 712, 5000, 20
0, 12000, 104, 210, 182, 8818340, 7560599, 0.4, 50, 100, 19, 602, 5000, 20
0, 12000, 100, 221, 188, 8850574, 7441614, 0.4, 50, 100, 19, 564, 5000, 20
0, 12000, 84, 197, 167, 8640976, 7214425, 0.4, 50, 100, 19, 802, 5000, 20
0, 12000, 106, 214, 183, 8657011, 7388676, 0.4, 50, 100, 19, 667, 5000, 20
0, 12000, 98, 193, 170, 8734885, 7290370, 0.4, 50, 100, 19, 655, 5000, 20
0, 12000, 107, 217, 176, 8743599, 7511189, 0.4, 50, 100, 19, 707, 5000, 20
0, 12000, 106, 217, 187, 8683216, 7442850, 0.4, 50, 100, 19, 606, 5000, 20
0, 12000, 86, 183, 171, 8792103, 7433015, 0.4, 50, 100, 19, 558, 5000, 20
0, 12000, 96, 208, 172, 8740197, 7458795, 0.4, 50, 100, 19, 637, 5000, 20
0, 12000, 113, 223, 195, 8717441, 7528303, 0.4, 50, 100, 19, 567, 5000, 20
0, 12000, 116, 206, 207, 8425151, 7247401, 0.4, 50, 100, 19, 709, 5000, 20
0, 12000, 112, 224, 200, 8731095, 7409850, 0.4, 50, 100, 19, 755, 5000, 20
0, 12000, 107, 219, 193, 8693322, 7368111, 0.4, 50, 100, 19, 711, 5000, 20
0, 12000, 100, 203, 175, 8844439, 7535773, 0.4, 50, 100, 19, 662, 5000, 20
0, 12000, 101, 178, 166, 8588233, 7339762, 0.4, 50, 100, 19, 693, 5000, 20
0, 12000, 106, 220, 168, 8482314, 7141297, 0.4, 50, 100, 19, 537, 5000, 20
0, 12000, 106, 218, 178, 8825333, 7452373, 0.4, 50, 100, 19, 660, 5000, 20
0, 12000, 93, 197, 172, 8641629, 7274595, 0.4, 50, 100, 19, 944, 5000, 20
0, 12000, 99, 210, 195, 8925586, 7509040, 0.4, 50, 100, 19, 677, 5000, 20
0, 12000, 97, 213, 174, 8853033, 7478387, 0.4, 50, 100, 19, 579, 5000, 20
0, 12000, 111, 229, 194, 8759313, 7158966, 0.4, 50, 100, 19, 696, 5000, 20
0, 12000, 92, 212, 162, 8893367, 7602867, 0.4, 50, 100, 19, 509, 5000, 20
0, 12000, 101, 228, 199, 8959745, 7522690, 0.4, 50, 100, 19, 511, 5000, 20
0, 12000, 99, 215, 194, 8573260, 7515324, 0.4, 50, 100, 19, 560, 5000, 20
0, 12000, 96, 212, 183, 8561958, 7350320, 0.4, 50, 100, 19, 841, 5000, 20
0, 12000, 112, 210, 189, 8583973, 7265163, 0.4, 50, 100, 19, 548, 5000, 20
0, 12000, 113, 231, 186, 8492421, 7103836, 0.4, 50, 100, 19, 581, 5000, 20
0, 12000, 102, 213, 200, 8392536, 7211191, 0.4, 50, 100, 19, 688, 5000, 20
0, 12000, 104, 212, 183, 8471322, 7346119, 0.4, 50, 100, 19, 843, 5000, 20
0, 12000, 104, 206, 168, 8812402, 7496185, 0.4, 50, 100, 19, 566, 5000, 20
0, 12000, 90, 194, 166, 9019744, 7652013, 0.4, 50, 100, 19, 616, 5000, 20
0, 12000, 90, 196, 194, 8743231, 7424437, 0.4, 50, 100, 19, 691, 5000, 20
0, 12000, 113, 225, 200, 8683891, 7233538, 0.4, 50, 100, 19, 893, 5000, 20
0, 12000, 98, 207, 185, 8622754, 7174859, 0.4, 50, 100, 19, 582, 5000, 20
0, 12000, 96, 201, 174, 9069246, 7210858, 0.4, 50, 100, 19, 742, 5000, 20
0, 12000, 90, 207, 164, 8569878, 7416350, 0.4, 50, 100, 19, 719, 5000, 20
0, 12000, 104, 207, 179, 8850561, 7613477, 0.4, 50, 100, 19, 569, 5000, 20
0, 12000, 104, 202, 178, 8777952, 7439690, 0.4, 50, 100, 19, 632, 5000, 20
0, 12000, 102, 216, 190, 8876794, 7551826, 0.4, 50, 100, 19, 626, 5000, 20
0, 12000, 110, 211, 194, 8776936, 7666659, 0.4, 50, 100, 19, 548, 5000, 20
0, 12000, 110, 209, 171, 8690026, 7538779, 0.4, 50, 100, 19, 600, 5000, 20
0, 12000, 104, 226, 197, 8893232, 7686265, 0.4, 50, 100, 19, 568, 5000, 20
0, 12000, 82, 203, 160, 8587776, 7254995, 0.4, 50, 100, 19, 740, 5000, 20
0, 12000, 89, 203, 166, 8420525, 7147477, 0.4, 50, 100, 19, 562, 5000, 20
0, 12000, 112, 197, 192, 8324989, 7077550, 0.4, 50, 100, 19, 785, 5000, 20
0, 12000, 100, 205, 168, 8664651, 7350137, 0.4, 50, 100, 19, 911, 5000, 20
0, 12000, 108, 220, 188, 8894203, 7323702, 0.4, 50, 100, 19, 968, 5000, 20
0, 12000, 109, 209, 183, 8883757, 7485878, 0.4, 50, 100, 19, 554, 5000, 20
0, 12000, 90, 202, 163, 8808663, 7257032, 0.4, 50, 100, 19, 575, 5000, 20
0, 12000, 106, 206, 184, 8764164, 7392979, 0.4, 50, 100, 19, 747, 5000, 20
0, 12000, 103, 225, 202, 8718232, 7426707, 0.4, 50, 100, 19, 614, 5000, 20
0, 12000, 110, 204, 188, 8496139, 7334895, 0.4, 50, 100, 19, 624, 5000, 20
0, 12000, 110, 220, 188, 9097853, 7619884, 0.4, 50, 100, 19, 603, 5000, 20
0, 12000, 86, 207, 185, 8488496, 7358028, 0.4, 50, 100, 19, 588, 5000, 20
0, 12000, 108, 219, 193, 8848492, 7672679, 0.4, 50, 100, 19, 621, 5000, 20
0, 12000, 110, 220, 191, 8538851, 7273222, 0.4, 50, 100, 19, 877, 5000, 20
0, 12000, 95, 204, 191, 8825826, 7516140, 0.4, 50, 100, 19, 600, 5000, 20
0, 12000, 103, 203, 198, 8674217, 7382403, 0.4, 50, 100, 19, 791, 5000, 20
0, 12000, 114, 228, 196, 8647238, 7378800, 0.4, 50, 100, 19, 695, 5000, 20
0, 12000, 92, 211, 184, 9552202, 8199532, 0.4, 50, 100, 21, 662, 5000, 20
0, 12000, 112, 207, 192, 9408892, 8068161, 0.4, 50, 100, 21, 785, 5000, 20
0, 12000, 97, 203, 182, 9579703, 8245152, 0.4, 50, 100, 21, 694, 5000, 20
0, 12000, 96, 204, 181, 9572052, 8219043, 0.4, 50, 100, 21, 694, 5000, 20
0, 12000, 110, 209, 171, 8886596, 7322386, 0.4, 50, 100, 19, 900, 5000, 20
0, 12000, 94, 210, 180, 9684656, 8229274, 0.4, 50, 100, 21, 823, 5000, 20
0, 12000, 108, 205, 204, 9507258, 8244426, 0.4, 50, 100, 21, 746, 5000, 20
0, 12000, 96, 204, 178, 9768557, 8151775, 0.4, 50, 100, 21, 823, 5000, 20
0, 12000, 91, 205, 194, 9778947, 8331131, 0.4, 50, 100, 21, 916, 5000, 20
0, 12000, 99, 205, 162, 9636968, 8090497, 0.4, 50, 100, 21, 748, 5000, 20
0, 12000, 104, 214, 197, 9845481, 8382270, 0.4, 50, 100, 21, 687, 5000, 20
0, 12000, 109, 216, 197, 9596587, 8258548, 0.4, 50, 100, 21, 914, 5000, 20
0, 12000, 120, 223, 194, 9643576, 8252783, 0.4, 50, 100, 21, 761, 5000, 20
0, 12000, 111, 220, 204, 9719648, 8147168, 0.4, 50, 100, 21, 752, 5000, 20
0, 12000, 102, 220, 176, 9554797, 7966701, 0.4, 50, 100, 21, 998, 5000, 20
0, 12000, 105, 227, 193, 9564079, 8081009, 0.4, 50, 100, 21, 852, 5000, 20
0, 12000, 91, 214, 188, 9690851, 8024906, 0.4, 50, 100, 21, 727, 5000, 20
0, 12000, 91, 196, 162, 9758753, 8426389, 0.4, 50, 100, 21, 848, 5000, 20
0, 12000, 110, 215, 186, 9530605, 8065432, 0.4, 50, 100, 21, 836, 5000, 20
0, 12000, 102, 186, 172, 9531710, 8193521, 0.4, 50, 100, 21, 774, 5000, 20
0, 12000, 105, 208, 190, 9604898, 8164447, 0.4, 50, 100, 21, 794, 5000, 20
0, 12000, 98, 213, 190, 9524130, 8111906, 0.4, 50, 100, 21, 964, 5000, 20
0, 12000, 96, 216, 202, 9736203, 8378961, 0.4, 50, 100, 21, 948, 5000, 20
0, 12000, 95, 197, 179, 9674251, 8300010, 0.4, 50, 100, 21, 728, 5000, 20
0, 12000, 97, 218, 180, 9649345, 8059072, 0.4, 50, 100, 21, 857, 5000, 20
0, 12000, 98, 217, 190, 9478928, 8108730, 0.4, 50, 100, 21, 870, 5000, 20
0, 12000, 95, 212, 185, 9654010, 8141808, 0.4, 50, 100, 21, 853, 5000, 20
0, 12000, 89, 202, 192, 9993146, 8463127, 0.4, 50, 100, 21, 714, 5000, 20
0, 12000, 101, 215, 196, 9462816, 8089816, 0.4, 50, 100, 21, 992, 5000, 20
0, 12000, 107, 217, 183, 9478544, 8196543, 0.4, 50, 100, 21, 1118, 5000, 20
0, 12000, 93, 217, 182, 9499562, 8228345, 0.4, 50, 100, 21, 680, 5000, 20
0, 12000, 98, 218, 181, 9727025, 8228541, 0.4, 50, 100, 21, 882, 5000, 20
0, 12000, 99, 214, 179, 9710504, 8311416, 0.4, 50, 100, 21, 763, 5000, 20
0, 12000, 97, 204, 175, 9591684, 8221984, 0.4, 50, 100, 21, 706, 5000, 20
0, 12000, 105, 222, 198, 10119477, 8441628, 0.4, 50, 100, 21, 1007, 5000, 20
0, 12000, 102, 211, 187, 9691338, 8287771, 0.4, 50, 100, 21, 763, 5000, 20
0, 12000, 98, 213, 198, 9389072, 8020255, 0.4, 50, 100, 21, 686, 5000, 20
0, 12000, 117, 219, 201, 9484581, 7904236, 0.4, 50, 100, 21, 892, 5000, 20
0, 12000, 109, 209, 179, 9658415, 8131538, 0.4, 50, 100, 21, 737, 5000, 20
0, 12000, 114, 220, 179, 9827883, 8407327, 0.4, 50, 100, 21, 771, 5000, 20
0, 12000, 103, 220, 197, 9668534, 8128690, 0.4, 50, 100, 21, 851, 5000, 20
0, 12000, 82, 208, 175, 9475769, 8089532, 0.4, 50, 100, 21, 679, 5000, 20
0, 12000, 104, 216, 194, 9600182, 8248036, 0.4, 50, 100, 21, 904, 5000, 20
0, 12000, 81, 179, 155, 9812988, 8254058, 0.4, 50, 100, 21, 861, 5000, 20
0, 12000, 108, 210, 204, 9497947, 7997632, 0.4, 50, 100, 21, 855, 5000, 20
0, 12000, 109, 213, 205, 9446270, 8010650, 0.4, 50, 100, 21, 999, 5000, 20
0, 12000, 101, 210, 171, 9720870, 8295976, 0.4, 50, 100, 21, 937, 5000, 20
0, 12000, 104, 216, 203, 9374044, 8153301, 0.4, 50, 100, 21, 1025, 5000, 20
0, 12000, 103, 204, 187, 9515359, 8190115, 0.4, 50, 100, 21, 859, 5000, 20
0, 12000, 108, 232, 199, 9581953, 8079479, 0.4, 50, 100, 21, 633, 5000, 20
0, 12000, 103, 208, 206, 9248224, 7864779, 0.4, 50, 100, 21, 800, 5000, 20
0, 12000, 98, 209, 186, 9345031, 7896221, 0.4, 50, 100, 21, 726, 5000, 20
0, 12000, 100, 213, 190, 9708098, 8296042, 0.4, 50, 100, 21, 826, 5000, 20
0, 12000, 102, 223, 185, 9545754, 8125049, 0.4, 50, 100, 21, 1012, 5000, 20
0, 12000, 111, 216, 191, 9693491, 8187716, 0.4, 50, 100, 21, 773, 5000, 20
0, 12000, 112, 213, 199, 9507468, 8190573, 0.4, 50, 100, 21, 846, 5000, 20
0, 12000, 109, 210, 187, 9729822, 8269786, 0.4, 50, 100, 21, 857, 5000, 20
0, 12000, 109, 218, 196, 9476338, 8253724, 0.4, 50, 100, 21, 701, 5000, 20
0, 12000, 106, 201, 187, 9805486, 8249952, 0.4, 50, 100, 21, 701, 5000, 20
0, 12000, 112, 231, 185, 9647537, 8185693, 0.4, 50, 100, 21, 752, 5000, 20
0, 12000, 99, 209, 186, 9971278, 8486760, 0.4, 50, 100, 21, 965, 5000, 20
0, 12000, 114, 224, 183, 9588986, 8004413, 0.4, 50, 100, 21, 721, 5000, 20
0, 12000, 95, 197, 179, 9568627, 8173281, 0.4, 50, 100, 21, 967, 5000, 20
0, 12000, 107, 211, 184, 9643786, 8118212, 0.4, 50, 100, 21, 929, 5000, 20
0, 12000, 106, 219, 177, 9693693, 8157652, 0.4, 50, 100, 21, 957, 5000, 20
0, 12000, 104, 224, 180, 9513130, 8042740, 0.4, 50, 100, 21, 980, 5000, 20
0, 12000, 108, 215, 207, 9554072, 8390424, 0.4, 50, 100, 21, 767, 5000, 20
0, 12000, 89, 197, 164, 9658994, 8159040, 0.4, 50, 100, 21, 662, 5000, 20
0, 12000, 96, 212, 186, 9555151, 8136233, 0.4, 50, 100, 21, 667, 5000, 20
0, 12000, 102, 219, 193, 9516373, 8244075, 0.4, 50, 100, 21, 650, 5000, 20
0, 12000, 95, 206, 172, 9676561, 8206643, 0.4, 50, 100, 21, 714, 5000, 20
0, 12000, 106, 220, 192, 9561537, 8223712, 0.4, 50, 100, 21, 898, 5000, 20
0, 12000, 99, 213, 183, 9618605, 8049916, 0.4, 50, 100, 21, 694, 5000, 20
0, 12000, 108, 229, 182, 9584579, 8054300, 0.4, 50, 100, 21, 1169, 5000, 20
0, 12000, 102, 200, 167, 9575657, 8057111, 0.4, 50, 100, 21, 882, 5000, 20
0, 12000, 93, 187, 171, 9723716, 8313567, 0.4, 50, 100, 21, 876, 5000, 20
0, 12000, 107, 205, 180, 9406226, 7921042, 0.4, 50, 100, 21, 727, 5000, 20
0, 12000, 104, 225, 192, 9552388, 8065486, 0.4, 50, 100, 21, 661, 5000, 20
0, 12000, 94, 196, 170, 9730871, 8180827, 0.4, 50, 100, 21, 681, 5000, 20
0, 12000, 85, 200, 158, 9488528, 8089596, 0.4, 50, 100, 21, 679, 5000, 20
0, 12000, 90, 206, 176, 9531246, 8078132, 0.4, 50, 100, 21, 721, 5000, 20
0, 12000, 92, 213, 177, 9636727, 8505218, 0.4, 50, 100, 21, 790, 5000, 20
0, 12000, 90, 201, 168, 9798001, 8483649, 0.4, 50, 100, 21, 716, 5000, 20
0, 12000, 94, 211, 182, 9487640, 8127525, 0.4, 50, 100, 21, 752, 5000, 20
0, 12000, 105, 217, 192, 9216736, 7814319, 0.4, 50, 100, 21, 768, 5000, 20
0, 12000, 97, 202, 163, 9686120, 8346304, 0.4, 50, 100, 21, 665, 5000, 20
0, 12000, 110, 215, 179, 9333908, 7742161, 0.4, 50, 100, 21, 759, 5000, 20
0, 12000, 85, 195, 167, 9389299, 8153389, 0.4, 50, 100, 21, 750, 5000, 20
0, 12000, 102, 212, 185, 9616308, 8146720, 0.4, 50, 100, 21, 829, 5000, 20
0, 12000, 101, 210, 186, 9440300, 8258219, 0.4, 50, 100, 21, 723, 5000, 20
0, 12000, 88, 214, 180, 9834874, 8325089, 0.4, 50, 100, 21, 787, 5000, 20
0, 12000, 96, 222, 177, 9545133, 8149484, 0.4, 50, 100, 21, 762, 5000, 20
0, 12000, 106, 203, 175, 9714682, 8372127, 0.4, 50, 100, 21, 955, 5000, 20
0, 12000, 119, 241, 200, 9740678, 8223294, 0.4, 50, 100, 21, 704, 5000, 20
0, 12000, 101, 206, 169, 9760196, 8092209, 0.4, 50, 100, 21, 1058, 5000, 20
0, 12000, 118, 213, 198, 9649622, 8199849, 0.4, 50, 100, 21, 890, 5000, 20
0, 12000, 101, 223, 182, 9774646, 8209355, 0.4, 50, 100, 21, 769, 5000, 20
0, 12000, 101, 210, 190, 9457739, 8010175, 0.4, 50, 100, 21, 791, 5000, 20
0, 12000, 118, 222, 211, 9536971, 8058265, 0.4, 50, 100, 21, 807, 5000, 20
0, 12000, 102, 210, 192, 9324422, 7805242, 0.4, 50, 100, 21, 840, 5000, 20
0, 12000, 97, 206, 166, 9624984, 7953706, 0.4, 50, 100, 21, 1041, 5000, 20
0, 12000, 90, 210, 175, 13843296, 11570095, 0.4, 50, 100, 30, 1637, 5000, 20
0, 12000, 103, 219, 179, 13743558, 11569667, 0.4, 50, 100, 30, 1624, 5000, 20
0, 12000, 116, 229, 197, 13270287, 11552081, 0.4, 50, 100, 30, 1709, 5000, 20
0, 12000, 89, 221, 179, 13980243, 11832305, 0.4, 50, 100, 30, 1389, 5000, 20
0, 12000, 84, 198, 154, 13518828, 11727316, 0.4, 50, 100, 30, 1901, 5000, 20
0, 12000, 95, 190, 168, 13590006, 11501783, 0.4, 50, 100, 30, 1759, 5000, 20
0, 12000, 108, 223, 202, 13462238, 11528207, 0.4, 50, 100, 30, 2054, 5000, 20
0, 12000, 94, 203, 172, 14168366, 12024121, 0.4, 50, 100, 30, 1817, 5000, 20
0, 12000, 111, 236, 195, 13795537, 11541818, 0.4, 50, 100, 30, 1784, 5000, 20
0, 12000, 89, 208, 167, 13956413, 11641355, 0.4, 50, 100, 30, 1708, 5000, 20
0, 12000, 109, 218, 181, 13932876, 11881367, 0.4, 50, 100, 30, 1543, 5000, 20
0, 12000, 95, 205, 182, 13704300, 11468671, 0.4, 50, 100, 30, 1710, 5000, 20
0, 12000, 100, 212, 182, 13718136, 11497736, 0.4, 50, 100, 30, 1951, 5000, 20
0, 12000, 118, 229, 194, 13557855, 11465658, 0.4, 50, 100, 30, 1680, 5000, 20
0, 12000, 109, 225, 189, 14256513, 11864712, 0.4, 50, 100, 30, 2113, 5000, 20
0, 12000, 109, 223, 184, 13762686, 11401253, 0.4, 50, 100, 30, 1987, 5000, 20
0, 12000, 108, 209, 175, 13545825, 11557505, 0.4, 50, 100, 30, 2030, 5000, 20
0, 12000, 112, 232, 195, 14187995, 11918523, 0.4, 50, 100, 30, 2020, 5000, 20
0, 12000, 103, 224, 201, 13501610, 11355974, 0.4, 50, 100, 30, 1781, 5000, 20
0, 12000, 105, 211, 187, 13904145, 11750573, 0.4, 50, 100, 30, 2195, 5000, 20
0, 12000, 116, 220, 188, 13511529, 11441524, 0.4, 50, 100, 30, 1748, 5000, 20
0, 12000, 104, 232, 199, 14284057, 12282587, 0.4, 50, 100, 30, 2078, 5000, 20
0, 12000, 94, 218, 186, 13795778, 11352191, 0.4, 50, 100, 30, 1830, 5000, 20
0, 12000, 118, 220, 200, 13905972, 11521983, 0.4, 50, 100, 30, 1607, 5000, 20
0, 12000, 97, 188, 176, 13829462, 11687191, 0.4, 50, 100, 30, 1667, 5000, 20
0, 12000, 105, 225, 196, 13768585, 11422676, 0.4, 50, 100, 30, 2023, 5000, 20
0, 12000, 92, 218, 192, 13983452, 11981314, 0.4, 50, 100, 30, 2235, 5000, 20
0, 12000, 91, 200, 169, 13656726, 11802994, 0.4, 50, 100, 30, 2000, 5000, 20
0, 12000, 103, 222, 188, 13666068, 11445654, 0.4, 50, 100, 30, 2121, 5000, 20
0, 12000, 94, 205, 170, 13721824, 11634366, 0.4, 50, 100, 30, 2253, 5000, 20
0, 12000, 103, 204, 189, 13594087, 11424237, 0.4, 50, 100, 30, 2564, 5000, 20
0, 12000, 99, 204, 179, 13795525, 11870183, 0.4, 50, 100, 30, 1541, 5000, 20
0, 12000, 98, 198, 179, 13653947, 11546688, 0.4, 50, 100, 30, 1697, 5000, 20
0, 12000, 90, 187, 141, 13872941, 11777208, 0.4, 50, 100, 30, 1706, 5000, 20
0, 12000, 90, 197, 194, 13509640, 11316646, 0.4, 50, 100, 30, 1647, 5000, 20
0, 12000, 114, 216, 189, 13632929, 11686104, 0.4, 50, 100, 30, 2191, 5000, 20
0, 12000, 106, 210, 192, 13511985, 11402893, 0.4, 50, 100, 30, 1906, 5000, 20
0, 12000, 103, 208, 166, 14020047, 11570231, 0.4, 50, 100, 30, 1717, 5000, 20
0, 12000, 102, 215, 173, 13675277, 11717994, 0.4, 50, 100, 30, 2212, 5000, 20
0, 12000, 106, 184, 182, 13525871, 11585124, 0.4, 50, 100, 30, 1597, 5000, 20
0, 12000, 86, 200, 177, 13716654, 11771420, 0.4, 50, 100, 30, 1732, 5000, 20
0, 12000, 103, 207, 168, 13390686, 11524622, 0.4, 50, 100, 30, 1568, 5000, 20
0, 12000, 110, 210, 194, 13339115, 11541954, 0.4, 50, 100, 30, 1584, 5000, 20
0, 12000, 96, 203, 169, 13540858, 11618103, 0.4, 50, 100, 30, 1424, 5000, 20
0, 12000, 110, 222, 204, 13818846, 11625592, 0.4, 50, 100, 30, 2255, 5000, 20
0, 12000, 86, 194, 164, 13431042, 11668286, 0.4, 50, 100, 30, 2264, 5000, 20
0, 12000, 105, 215, 169, 13837075, 11623624, 0.4, 50, 100, 30, 2089, 5000, 20
0, 12000, 100, 205, 203, 13762026, 11582823, 0.4, 50, 100, 30, 2200, 5000, 20
0, 12000, 89, 208, 173, 13874517, 11586239, 0.4, 50, 100, 30, 1994, 5000, 20
0, 12000, 102, 231, 199, 13729967, 11532826, 0.4, 50, 100, 30, 2030, 5000, 20
0, 12000, 94, 212, 206, 13670673, 11739137, 0.4, 50, 100, 30, 2265, 5000, 20
0, 12000, 105, 219, 186, 13755654, 11761058, 0.4, 50, 100, 30, 2343, 5000, 20
0, 12000, 95, 208, 183, 13937293, 11629108, 0.4, 50, 100, 30, 2391, 5000, 20
0, 12000, 101, 214, 194, 13339480, 11369819, 0.4, 50, 100, 30, 2395, 5000, 20
0, 12000, 107, 216, 186, 13816086, 11721196, 0.4, 50, 100, 30, 2500, 5000, 20
0, 12000, 107, 216, 198, 13735166, 11521677, 0.4, 50, 100, 30, 2405, 5000, 20
0, 12000, 114, 212, 195, 13580427, 11589172, 0.4, 50, 100, 30, 2454, 5000, 20
0, 12000, 111, 224, 205, 13775184, 11687367, 0.4, 50, 100, 30, 1840, 5000, 20
0, 12000, 96, 224, 190, 13900060, 11723584, 0.4, 50, 100, 30, 2883, 5000, 20
0, 12000, 106, 205, 184, 13407837, 11384360, 0.4, 50, 100, 30, 2167, 5000, 20
0, 12000, 98, 218, 191, 13645938, 11384179, 0.4, 50, 100, 30, 2795, 5000, 20
0, 12000, 100, 214, 193, 13846817, 11822726, 0.4, 50, 100, 30, 1465, 5000, 20
0, 12000, 108, 216, 184, 13692625, 11660419, 0.4, 50, 100, 30, 1562, 5000, 20
0, 12000, 121, 226, 207, 14001940, 11896228, 0.4, 50, 100, 30, 2197, 5000, 20
0, 12000, 101, 216, 199, 13621387, 11759606, 0.4, 50, 100, 30, 2100, 5000, 20
0, 12000, 97, 202, 165, 13412975, 11566464, 0.4, 50, 100, 30, 1911, 5000, 20
0, 12000, 98, 219, 184, 13956315, 11836174, 0.4, 50, 100, 30, 2323, 5000, 20
0, 12000, 78, 164, 149, 13543467, 11668285, 0.4, 50, 100, 30, 1594, 5000, 20
0, 12000, 79, 174, 157, 13575204, 11582996, 0.4, 50, 100, 30, 1489, 5000, 20
0, 12000, 89, 171, 164, 13738223, 11554505, 0.4, 50, 100, 30, 1481, 5000, 20
0, 12000, 108, 216, 177, 13618923, 11781463, 0.4, 50, 100, 30, 1488, 5000, 20
0, 12000, 116, 213, 190, 13632698, 11333508, 0.4, 50, 100, 30, 1892, 5000, 20
0, 12000, 110, 218, 198, 13999900, 11986551, 0.4, 50, 100, 30, 1496, 5000, 20
0, 12000, 118, 237, 214, 14348275, 11912690, 0.4, 50, 100, 30, 1672, 5000, 20
0, 12000, 96, 211, 169, 13507465, 11582196, 0.4, 50, 100, 30, 1624, 5000, 20
0, 12000, 108, 224, 204, 13336518, 11310820, 0.4, 50, 100, 30, 2296, 5000, 20
0, 12000, 93, 218, 182, 13985037, 11675390, 0.4, 50, 100, 30, 1687, 5000, 20
0, 12000, 98, 213, 177, 13929709, 12015953, 0.4, 50, 100, 30, 1498, 5000, 20
0, 12000, 91, 219, 185, 13758992, 11604266, 0.4, 50, 100, 30, 2105, 5000, 20
0, 12000, 113, 226, 189, 13916180, 11867403, 0.4, 50, 100, 30, 1947, 5000, 20
0, 12000, 105, 207, 192, 13524905, 11577396, 0.4, 50, 100, 30, 2563, 5000, 20
0, 12000, 108, 215, 173, 13625650, 11720208, 0.4, 50, 100, 30, 2134, 5000, 20
0, 12000, 100, 202, 192, 13640970, 11448954, 0.4, 50, 100, 30, 2161, 5000, 20
0, 12000, 114, 208, 184, 13608901, 11428720, 0.4, 50, 100, 30, 1824, 5000, 20
0, 12000, 110, 224, 200, 13598687, 11538613, 0.4, 50, 100, 30, 1927, 5000, 20
0, 12000, 125, 253, 215, 13524577, 11416662, 0.4, 50, 100, 30, 1986, 5000, 20
0, 12000, 97, 206, 167, 14084774, 11798712, 0.4, 50, 100, 30, 2480, 5000, 20
0, 12000, 106, 225, 192, 13260467, 11275074, 0.4, 50, 100, 30, 1931, 5000, 20
0, 12000, 108, 217, 189, 13690362, 11536006, 0.4, 50, 100, 30, 2845, 5000, 20
0, 12000, 117, 225, 195, 13522924, 11450572, 0.4, 50, 100, 30, 1697, 5000, 20
0, 12000, 83, 199, 170, 13745287, 11619261, 0.4, 50, 100, 30, 1372, 5000, 20
0, 12000, 113, 223, 201, 13484133, 11490704, 0.4, 50, 100, 30, 1894, 5000, 20
0, 12000, 78, 179, 150, 13678681, 11630783, 0.4, 50, 100, 30, 1539, 5000, 20
0, 12000, 110, 220, 187, 14062811, 11777020, 0.4, 50, 100, 30, 2091, 5000, 20
0, 12000, 98, 207, 165, 13381405, 11199074, 0.4, 50, 100, 30, 1701, 5000, 20
0, 12000, 87, 198, 162, 13876167, 11894080, 0.4, 50, 100, 30, 1589, 5000, 20
0, 12000, 115, 215, 180, 13779389, 11802152, 0.4, 50, 100, 30, 1347, 5000, 20
0, 12000, 109, 224, 176, 13698568, 11565250, 0.4, 50, 100, 30, 1508, 5000, 20
0, 12000, 77, 199, 188, 13899092, 11865821, 0.4, 50, 100, 30, 2053, 5000, 20
0, 12000, 113, 225, 195, 13887681, 11550026, 0.4, 50, 100, 30, 1750, 5000, 20
1, 7394, 98, 118, 126, 337403, 362271, 0.4, 50, 100, 1, 5, 5000, 20
1, 6819, 103, 123, 125, 278207, 282946, 0.4, 50, 100, 1, 5, 5000, 20
0, 12000, 83, 196, 155, 501027, 398728, 0.4, 50, 100, 1, 14, 5000, 20
0, 12000, 119, 229, 188, 424564, 345894, 0.4, 50, 100, 1, 14, 5000, 20
0, 12000, 90, 202, 166, 439384, 352101, 0.4, 50, 100, 1, 15, 5000, 20
1, 8578, 102, 136, 138, 341215, 342084, 0.4, 50, 100, 1, 9, 5000, 20
0, 12000, 100, 218, 179, 488115, 391900, 0.4, 50, 100, 1, 15, 5000, 20
0, 12000, 104, 214, 176, 468067, 367588, 0.4, 50, 100, 1, 15, 5000, 20
0, 12000, 96, 206, 191, 440075, 375726, 0.4, 50, 100, 1, 15, 5000, 20
0, 12000, 96, 218, 173, 405064, 314561, 0.4, 50, 100, 1, 15, 5000, 20
0, 12000, 99, 219, 176, 458003, 371983, 0.4, 50, 100, 1, 15, 5000, 20
0, 12000, 90, 188, 152, 541591, 439618, 0.4, 50, 100, 1, 17, 5000, 20
0, 12000, 103, 216, 184, 482983, 410515, 0.4, 50, 100, 1, 14, 5000, 20
0, 12000, 102, 203, 193, 428848, 385124, 0.4, 50, 100, 1, 14, 5000, 20
0, 12000, 104, 198, 178, 494825, 447555, 0.4, 50, 100, 1, 14, 5000, 20
1, 7246, 105, 125, 123, 325393, 325568, 0.4, 50, 100, 1, 9, 5000, 20
0, 12000, 88, 212, 172, 436433, 363107, 0.4, 50, 100, 1, 16, 5000, 20
1, 6774, 100, 120, 126, 289794, 304821, 0.4, 50, 100, 1, 5, 5000, 20
0, 12000, 107, 227, 189, 444432, 360675, 0.4, 50, 100, 1, 14, 5000, 20
0, 12000, 85, 199, 190, 424188, 392729, 0.4, 50, 100, 1, 17, 5000, 20
0, 12000, 97, 196, 175, 407692, 363997, 0.4, 50, 100, 1, 15, 5000, 20
0, 12000, 98, 211, 171, 476565, 393939, 0.4, 50, 100, 1, 16, 5000, 20
0, 12000, 90, 202, 161, 459094, 384601, 0.4, 50, 100, 1, 18, 5000, 20
0, 12000, 97, 208, 182, 434726, 375629, 0.4, 50, 100, 1, 14, 5000, 20
0, 12000, 86, 206, 171, 433983, 348094, 0.4, 50, 100, 1, 15, 5000, 20
0, 12000, 97, 200, 170, 493722, 405888, 0.4, 50, 100, 1, 14, 5000, 20
1, 6716, 109, 129, 129, 304166, 305167, 0.4, 50, 100, 1, 5, 5000, 20
0, 12000, 93, 211, 174, 454665, 385978, 0.4, 50, 100, 1, 15, 5000, 20
0, 12000, 111, 193, 188, 476881, 455596, 0.4, 50, 100, 1, 13, 5000, 20
0, 12000, 104, 215, 178, 500086, 418656, 0.4, 50, 100, 1, 13, 5000, 20
1, 6694, 101, 121, 124, 275157, 284121, 0.4, 50, 100, 1, 4, 5000, 20
0, 12000, 85, 197, 174, 469200, 408814, 0.4, 50, 100, 1, 12, 5000, 20
0, 12000, 101, 219, 193, 454331, 373158, 0.4, 50, 100, 1, 14, 5000, 20
0, 12000, 116, 232, 205, 493130, 402297, 0.4, 50, 100, 1, 14, 5000, 20
0, 12000, 118, 213, 199, 501220, 443888, 0.4, 50, 100, 1, 13, 5000, 20
0, 12000, 85, 182, 157, 521643, 427111, 0.4, 50, 100, 1, 13, 5000, 20
1, 6789, 90, 110, 111, 260752, 262412, 0.4, 50, 100, 1, 5, 5000, 20
0, 12000, 102, 226, 181, 479254, 342471, 0.4, 50, 100, 1, 13, 5000, 20
1, 6900, 106, 126, 128, 287067, 292660, 0.4, 50, 100, 1, 5, 5000, 20
0, 12000, 102, 210, 173, 480027, 381214, 0.4, 50, 100, 1, 14, 5000, 20
0, 12000, 116, 222, 197, 492698, 406479, 0.4, 50, 100, 1, 15, 5000, 20
0, 12000, 100, 210, 186, 447120, 389365, 0.4, 50, 100, 1, 16, 5000, 20
0, 12000, 100, 206, 174, 453185, 385567, 0.4, 50, 100, 1, 12, 5000, 20
1, 7706, 100, 120, 124, 353672, 364644, 0.4, 50, 100, 1, 6, 5000, 20
0, 12000, 98, 219, 187, 425395, 358524, 0.4, 50, 100, 1, 13, 5000, 20
0, 12000, 112, 220, 195, 449164, 369245, 0.4, 50, 100, 1, 13, 5000, 20
0, 12000, 103, 203, 176, 465215, 410048, 0.4, 50, 100, 1, 14, 5000, 20
0, 12000, 102, 213, 172, 461387, 360145, 0.4, 50, 100, 1, 13, 5000, 20
0, 12000, 102, 225, 187, 446231, 362383, 0.4, 50, 100, 1, 14, 5000, 20
1, 7045, 108, 128, 128, 269389, 270310, 0.4, 50, 100, 1, 6, 5000, 20
0, 12000, 95, 194, 173, 454660, 414268, 0.4, 50, 100, 1, 14, 5000, 20
0, 12000, 104, 209, 193, 414729, 388486, 0.4, 50, 100, 1, 14, 5000, 20
0, 12000, 95, 189, 169, 462704, 413102, 0.4, 50, 100, 1, 14, 5000, 20
0, 12000, 96, 208, 174, 432209, 373100, 0.4, 50, 100, 1, 14, 5000, 20
0, 12000, 119, 223, 186, 486679, 396068, 0.4, 50, 100, 1, 14, 5000, 20
1, 7143, 87, 107, 111, 281108, 288474, 0.4, 50, 100, 1, 6, 5000, 20
0, 12000, 101, 226, 188, 443487, 359419, 0.4, 50, 100, 1, 15, 5000, 20
0, 12000, 102, 202, 172, 489077, 407699, 0.4, 50, 100, 1, 16, 5000, 20
1, 6522, 111, 131, 132, 290252, 292656, 0.4, 50, 100, 1, 5, 5000, 20
0, 12000, 92, 184, 176, 432943, 402786, 0.4, 50, 100, 1, 14, 5000, 20
0, 12000, 111, 219, 193, 455318, 385919, 0.4, 50, 100, 1, 15, 5000, 20
0, 12000, 85, 167, 158, 446982, 413263, 0.4, 50, 100, 1, 14, 5000, 20
0, 12000, 101, 212, 170, 483086, 379195, 0.4, 50, 100, 1, 14, 5000, 20
0, 12000, 110, 214, 175, 491456, 409985, 0.4, 50, 100, 1, 15, 5000, 20
1, 6499, 102, 122, 123, 262610, 263962, 0.4, 50, 100, 1, 5, 5000, 20
0, 12000, 114, 212, 179, 452402, 357920, 0.4, 50, 100, 1, 14, 5000, 20
0, 12000, 94, 225, 201, 405423, 333958, 0.4, 50, 100, 1, 15, 5000, 20
0, 12000, 93, 200, 179, 454004, 407789, 0.4, 50, 100, 1, 14, 5000, 20
0, 12000, 98, 214, 184, 507402, 404326, 0.4, 50, 100, 1, 14, 5000, 20
0, 12000, 94, 188, 148, 527105, 425778, 0.4, 50, 100, 1, 14, 5000, 20
1, 7015, 77, 97, 98, 324454, 327489, 0.4, 50, 100, 1, 6, 5000, 20
0, 12000, 92, 207, 160, 485174, 381850, 0.4, 50, 100, 1, 14, 5000, 20
0, 12000, 94, 206, 163, 472021, 376743, 0.4, 50, 100, 1, 15, 5000, 20
0, 12000, 103, 215, 187, 462756, 393114, 0.4, 50, 100, 1, 14, 5000, 20
0, 12000, 101, 223, 172, 457643, 336671, 0.4, 50, 100, 1, 14, 5000, 20
0, 12000, 94, 215, 175, 503126, 385164, 0.4, 50, 100, 1, 15, 5000, 20
0, 12000, 96, 214, 186, 415533, 342962, 0.4, 50, 100, 1, 14, 5000, 20
0, 12000, 105, 215, 181, 445167, 377383, 0.4, 50, 100, 1, 14, 5000, 20
0, 12000, 119, 228, 196, 455719, 374902, 0.4, 50, 100, 1, 15, 5000, 20
0, 12000, 94, 216, 184, 414205, 325697, 0.4, 50, 100, 1, 14, 5000, 20
1, 7016, 95, 115, 119, 287221, 294972, 0.4, 50, 100, 1, 5, 5000, 20
0, 12000, 102, 219, 187, 441466, 359752, 0.4, 50, 100, 1, 16, 5000, 20
0, 12000, 97, 211, 185, 432648, 355544, 0.4, 50, 100, 1, 15, 5000, 20
1, 7124, 90, 120, 121, 269573, 270290, 0.4, 50, 100, 1, 6, 5000, 20
0, 12000, 94, 201, 184, 441386, 394419, 0.4, 50, 100, 1, 14, 5000, 20
0, 12000, 109, 231, 204, 405380, 348336, 0.4, 50, 100, 1, 16, 5000, 20
1, 7057, 109, 129, 132, 263848, 268675, 0.4, 50, 100, 1, 6, 5000, 20
0, 12000, 103, 212, 196, 446375, 399642, 0.4, 50, 100, 1, 14, 5000, 20
0, 12000, 104, 221, 186, 460910, 372595, 0.4, 50, 100, 1, 14, 5000, 20
0, 12000, 86, 197, 172, 439439, 376807, 0.4, 50, 100, 1, 14, 5000, 20
0, 12000, 81, 192, 178, 455182, 413489, 0.4, 50, 100, 1, 15, 5000, 20
1, 11835, 116, 204, 210, 421819, 422364, 0.4, 50, 100, 1, 14, 5000, 20
0, 12000, 100, 203, 166, 517515, 418054, 0.4, 50, 100, 1, 15, 5000, 20
0, 12000, 101, 226, 193, 501914, 389238, 0.4, 50, 100, 1, 14, 5000, 20
0, 12000, 105, 217, 208, 462628, 413283, 0.4, 50, 100, 1, 14, 5000, 20
0, 12000, 90, 181, 173, 432735, 414756, 0.4, 50, 100, 1, 15, 5000, 20
1, 6480, 111, 132, 129, 553692, 559424, 0.4, 50, 100, 2, 10, 5000, 20
0, 12000, 90, 213, 164, 412124, 311173, 0.4, 50, 100, 1, 13, 5000, 20
0, 12000, 108, 229, 191, 451532, 351618, 0.4, 50, 100, 1, 15, 5000, 20
0, 12000, 107, 203, 173, 463493, 395518, 0.4, 50, 100, 1, 14, 5000, 20
0, 12000, 114, 217, 195, 413629, 354631, 0.4, 50, 100, 1, 14, 5000, 20
0, 12000, 90, 192, 183, 885191, 783641, 0.4, 50, 100, 2, 26, 5000, 20
0, 12000, 106, 216, 197, 861167, 726043, 0.4, 50, 100, 2, 25, 5000, 20
1, 6998, 88, 112, 112, 629565, 632931, 0.4, 50, 100, 2, 10, 5000, 20
0, 12000, 92, 200, 156, 952972, 778053, 0.4, 50, 100, 2, 24, 5000, 20
0, 12000, 101, 217, 187, 935551, 779163, 0.4, 50, 100, 2, 25, 5000, 20
0, 12000, 100, 228, 194, 882588, 694847, 0.4, 50, 100, 2, 26, 5000, 20
0, 12000, 101, 205, 165, 905050, 769925, 0.4, 50, 100, 2, 26, 5000, 20
0, 12000, 111, 225, 198, 889239, 715886, 0.4, 50, 100, 2, 25, 5000, 20
0, 12000, 97, 212, 198, 932601, 820106, 0.4, 50, 100, 2, 24, 5000, 20
0, 12000, 92, 186, 165, 881210, 764326, 0.4, 50, 100, 2, 25, 5000, 20
0, 12000, 106, 239, 204, 873126, 702495, 0.4, 50, 100, 2, 26, 5000, 20
0, 12000, 98, 229, 193, 895199, 728000, 0.4, 50, 100, 2, 24, 5000, 20
0, 12000, 92, 214, 169, 940436, 788667, 0.4, 50, 100, 2, 26, 5000, 20
0, 12000, 82, 202, 178, 828751, 725898, 0.4, 50, 100, 2, 28, 5000, 20
0, 12000, 92, 202, 165, 863460, 707667, 0.4, 50, 100, 2, 26, 5000, 20
0, 12000, 86, 200, 182, 865836, 715961, 0.4, 50, 100, 2, 29, 5000, 20
0, 12000, 100, 202, 159, 957187, 781314, 0.4, 50, 100, 2, 26, 5000, 20
0, 12000, 115, 225, 184, 907316, 747903, 0.4, 50, 100, 2, 26, 5000, 20
0, 12000, 105, 209, 210, 899206, 773328, 0.4, 50, 100, 2, 25, 5000, 20
0, 12000, 89, 200, 181, 857053, 731017, 0.4, 50, 100, 2, 26, 5000, 20
0, 12000, 108, 221, 196, 853972, 758933, 0.4, 50, 100, 2, 28, 5000, 20
0, 12000, 101, 212, 192, 957730, 843339, 0.4, 50, 100, 2, 24, 5000, 20
0, 12000, 95, 198, 168, 1051850, 824393, 0.4, 50, 100, 2, 28, 5000, 20
0, 12000, 114, 221, 192, 943289, 768686, 0.4, 50, 100, 2, 27, 5000, 20
0, 12000, 94, 183, 177, 890392, 804899, 0.4, 50, 100, 2, 25, 5000, 20
0, 12000, 98, 204, 180, 899633, 779923, 0.4, 50, 100, 2, 25, 5000, 20
1, 7236, 97, 121, 117, 631630, 634704, 0.4, 50, 100, 2, 12, 5000, 20
0, 12000, 102, 203, 187, 869739, 759598, 0.4, 50, 100, 2, 24, 5000, 20
0, 12000, 111, 211, 184, 952931, 794427, 0.4, 50, 100, 2, 25, 5000, 20
0, 12000, 98, 224, 200, 870121, 730291, 0.4, 50, 100, 2, 26, 5000, 20
0, 12000, 98, 222, 192, 983712, 819818, 0.4, 50, 100, 2, 24, 5000, 20
0, 12000, 92, 206, 192, 847486, 757704, 0.4, 50, 100, 2, 27, 5000, 20
0, 12000, 108, 205, 166, 960347, 790610, 0.4, 50, 100, 2, 27, 5000, 20
0, 12000, 98, 220, 184, 932105, 762898, 0.4, 50, 100, 2, 25, 5000, 20
0, 12000, 103, 214, 184, 908451, 795044, 0.4, 50, 100, 2, 23, 5000, 20
0, 12000, 110, 214, 189, 923104, 809159, 0.4, 50, 100, 2, 24, 5000, 20
0, 12000, 81, 186, 145, 992981, 884071, 0.4, 50, 100, 2, 25, 5000, 20
0, 12000, 98, 199, 186, 873067, 773664, 0.4, 50, 100, 2, 26, 5000, 20
0, 12000, 109, 213, 208, 840312, 758650, 0.4, 50, 100, 2, 26, 5000, 20
0, 12000, 119, 213, 187, 940976, 777951, 0.4, 50, 100, 2, 25, 5000, 20
0, 12000, 95, 200, 183, 890413, 797244, 0.4, 50, 100, 2, 25, 5000, 20
0, 12000, 105, 213, 189, 850379, 701358, 0.4, 50, 100, 2, 26, 5000, 20
0, 12000, 86, 189, 177, 844687, 824650, 0.4, 50, 100, 2, 25, 5000, 20
0, 12000, 108, 211, 187, 895307, 789660, 0.4, 50, 100, 2, 25, 5000, 20
0, 12000, 106, 200, 184, 1003148, 858425, 0.4, 50, 100, 2, 25, 5000, 20
0, 12000, 101, 215, 188, 949730, 827577, 0.4, 50, 100, 2, 26, 5000, 20
0, 12000, 99, 208, 173, 941569, 758623, 0.4, 50, 100, 2, 25, 5000, 20
0, 12000, 101, 200, 169, 1009517, 839243, 0.4, 50, 100, 2, 28, 5000, 20
0, 12000, 110, 230, 192, 975797, 769050, 0.4, 50, 100, 2, 25, 5000, 20
0, 12000, 111, 221, 207, 874768, 770451, 0.4, 50, 100, 2, 27, 5000, 20
0, 12000, 98, 200, 179, 946332, 813192, 0.4, 50, 100, 2, 24, 5000, 20
0, 12000, 113, 223, 182, 853557, 690587, 0.4, 50, 100, 2, 26, 5000, 20
0, 12000, 88, 190, 160, 918394, 807393, 0.4, 50, 100, 2, 26, 5000, 20
0, 12000, 108, 212, 181, 1000475, 820053, 0.4, 50, 100, 2, 29, 5000, 20
0, 12000, 99, 215, 181, 858616, 683102, 0.4, 50, 100, 2, 25, 5000, 20
0, 12000, 96, 216, 184, 897427, 725454, 0.4, 50, 100, 2, 27, 5000, 20
0, 12000, 94, 218, 188, 941455, 770167, 0.4, 50, 100, 2, 25, 5000, 20
0, 12000, 96, 203, 179, 894152, 784129, 0.4, 50, 100, 2, 27, 5000, 20
0, 12000, 109, 222, 196, 976317, 770237, 0.4, 50, 100, 2, 25, 5000, 20
0, 12000, 104, 223, 186, 859022, 701898, 0.4, 50, 100, 2, 30, 5000, 20
0, 12000, 104, 214, 194, 908475, 769153, 0.4, 50, 100, 2, 27, 5000, 20
0, 12000, 95, 209, 176, 879775, 747089, 0.4, 50, 100, 2, 29, 5000, 20
0, 12000, 99, 227, 189, 962872, 782980, 0.4, 50, 100, 2, 25, 5000, 20
0, 12000, 98, 198, 165, 956322, 748762, 0.4, 50, 100, 2, 28, 5000, 20
0, 12000, 114, 217, 196, 877092, 792871, 0.4, 50, 100, 2, 27, 5000, 20
0, 12000, 108, 224, 168, 946395, 756637, 0.4, 50, 100, 2, 25, 5000, 20
0, 12000, 85, 188, 152, 922523, 750598, 0.4, 50, 100, 2, 25, 5000, 20
0, 12000, 98, 210, 183, 915521, 748345, 0.4, 50, 100, 2, 30, 5000, 20
0, 12000, 96, 206, 185, 898746, 803722, 0.4, 50, 100, 2, 26, 5000, 20
1, 7170, 104, 124, 123, 669817, 679128, 0.4, 50, 100, 2, 17, 5000, 20
0, 12000, 106, 213, 176, 889015, 752925, 0.4, 50, 100, 2, 25, 5000, 20
0, 12000, 88, 189, 158, 901259, 747422, 0.4, 50, 100, 2, 26, 5000, 20
0, 12000, 110, 224, 198, 858205, 734449, 0.4, 50, 100, 2, 25, 5000, 20
0, 12000, 103, 221, 193, 892818, 825041, 0.4, 50, 100, 2, 27, 5000, 20
0, 12000, 112, 214, 196, 910228, 764230, 0.4, 50, 100, 2, 27, 5000, 20
0, 12000, 93, 209, 194, 875243, 774001, 0.4, 50, 100, 2, 24, 5000, 20
0, 12000, 101, 232, 186, 911260, 732687, 0.4, 50, 100, 2, 26, 5000, 20
0, 12000, 98, 221, 195, 872456, 750367, 0.4, 50, 100, 2, 24, 5000, 20
0, 12000, 103, 207, 185, 968918, 835204, 0.4, 50, 100, 2, 24, 5000, 20
0, 12000, 98, 223, 198, 887008, 728983, 0.4, 50, 100, 2, 32, 5000, 20
0, 12000, 105, 196, 187, 901138, 820996, 0.4, 50, 100, 2, 27, 5000, 20
0, 12000, 107, 193, 167, 868173, 763122, 0.4, 50, 100, 2, 26, 5000, 20
0, 12000, 112, 221, 198, 1017101, 815845, 0.4, 50, 100, 2, 25, 5000, 20
0, 12000, 104, 207, 188, 950900, 824363, 0.4, 50, 100, 2, 32, 5000, 20
0, 12000, 103, 220, 175, 980162, 753484, 0.4, 50, 100, 2, 26, 5000, 20
0, 12000, 96, 207, 162, 938197, 779162, 0.4, 50, 100, 2, 25, 5000, 20
0, 12000, 96, 218, 186, 912535, 777555, 0.4, 50, 100, 2, 25, 5000, 20
0, 12000, 104, 204, 172, 1032472, 811162, 0.4, 50, 100, 2, 26, 5000, 20
0, 12000, 100, 211, 177, 940569, 750460, 0.4, 50, 100, 2, 29, 5000, 20
0, 12000, 94, 212, 171, 1060248, 878086, 0.4, 50, 100, 2, 24, 5000, 20
0, 12000, 105, 211, 175, 916373, 764381, 0.4, 50, 100, 2, 25, 5000, 20
0, 12000, 97, 207, 185, 869429, 779178, 0.4, 50, 100, 2, 25, 5000, 20
0, 12000, 111, 218, 205, 872440, 739922, 0.4, 50, 100, 2, 30, 5000, 20
0, 12000, 102, 214, 171, 1061533, 816774, 0.4, 50, 100, 2, 24, 5000, 20
0, 12000, 109, 219, 190, 854506, 692494, 0.4, 50, 100, 2, 27, 5000, 20
0, 12000, 110, 223, 192, 830847, 708874, 0.4, 50, 100, 2, 27, 5000, 20
1, 6628, 102, 122, 114, 908546, 914638, 0.4, 50, 100, 3, 15, 5000, 20
0, 12000, 104, 212, 172, 955531, 802159, 0.4, 50, 100, 2, 28, 5000, 20
0, 12000, 98, 214, 189, 881206, 759346, 0.4, 50, 100, 2, 24, 5000, 20
0, 12000, 102, 205, 172, 969824, 797541, 0.4, 50, 100, 2, 27, 5000, 20
0, 12000, 111, 224, 213, 1303486, 1130195, 0.4, 50, 100, 3, 36, 5000, 20
0, 12000, 96, 208, 185, 1379423, 1130563, 0.4, 50, 100, 3, 37, 5000, 20
0, 12000, 95, 216, 180, 1465374, 1224774, 0.4, 50, 100, 3, 36, 5000, 20
0, 12000, 104, 216, 200, 1351247, 1139506, 0.4, 50, 100, 3, 42, 5000, 20
0, 12000, 89, 189, 166, 1352248, 1172545, 0.4, 50, 100, 3, 38, 5000, 20
0, 12000, 86, 206, 165, 1494516, 1270195, 0.4, 50, 100, 3, 41, 5000, 20
0, 12000, 96, 216, 188, 1353943, 1157579, 0.4, 50, 100, 3, 39, 5000, 20
0, 12000, 100, 208, 201, 1320128, 1136713, 0.4, 50, 100, 3, 40, 5000, 20
0, 12000, 96, 208, 185, 1347064, 1084920, 0.4, 50, 100, 3, 44, 5000, 20
0, 12000, 102, 225, 202, 1284047, 1046720, 0.4, 50, 100, 3, 40, 5000, 20
0, 12000, 106, 211, 198, 1306046, 1188713, 0.4, 50, 100, 3, 37, 5000, 20
0, 12000, 99, 202, 182, 1418887, 1201535, 0.4, 50, 100, 3, 44, 5000, 20
0, 12000, 101, 213, 201, 1358424, 1234723, 0.4, 50, 100, 3, 41, 5000, 20
0, 12000, 85, 210, 165, 1451105, 1179216, 0.4, 50, 100, 3, 40, 5000, 20
0, 12000, 95, 210, 194, 1407763, 1202797, 0.4, 50, 100, 3, 38, 5000, 20
0, 12000, 104, 232, 185, 1388636, 1103273, 0.4, 50, 100, 3, 38, 5000, 20
0, 12000, 111, 216, 183, 1394570, 1173443, 0.4, 50, 100, 3, 41, 5000, 20
0, 12000, 94, 214, 192, 1335740, 1102526, 0.4, 50, 100, 3, 40, 5000, 20
1, 7327, 91, 113, 113, 962428, 966014, 0.4, 50, 100, 3, 25, 5000, 20
0, 12000, 94, 195, 170, 1436591, 1245500, 0.4, 50, 100, 3, 41, 5000, 20
0, 12000, 81, 175, 150, 1350155, 1221487, 0.4, 50, 100, 3, 38, 5000, 20
0, 12000, 117, 228, 194, 1294081, 1013331, 0.4, 50, 100, 3, 39, 5000, 20
0, 12000, 106, 213, 183, 1406847, 1176641, 0.4, 50, 100, 3, 38, 5000, 20
0, 12000, 110, 222, 200, 1250998, 1047616, 0.4, 50, 100, 3, 42, 5000, 20
0, 12000, 95, 210, 177, 1320607, 1148372, 0.4, 50, 100, 3, 42, 5000, 20
0, 12000, 93, 188, 166, 1458816, 1270666, 0.4, 50, 100, 3, 37, 5000, 20
0, 12000, 117, 227, 209, 1264501, 1106709, 0.4, 50, 100, 3, 42, 5000, 20
0, 12000, 105, 227, 199, 1401220, 1152822, 0.4, 50, 100, 3, 42, 5000, 20
0, 12000, 120, 211, 190, 1312472, 1146603, 0.4, 50, 100, 3, 49, 5000, 20
0, 12000, 108, 222, 204, 1331724, 1152367, 0.4, 50, 100, 3, 41, 5000, 20
0, 12000, 103, 192, 178, 1446023, 1196434, 0.4, 50, 100, 3, 44, 5000, 20
0, 12000, 97, 202, 179, 1459010, 1293891, 0.4, 50, 100, 3, 41, 5000, 20
0, 12000, 93, 197, 172, 1344466, 1169597, 0.4, 50, 100, 3, 36, 5000, 20
0, 12000, 83, 186, 160, 1417363, 1259059, 0.4, 50, 100, 3, 38, 5000, 20
0, 12000, 108, 216, 184, 1306475, 1076707, 0.4, 50, 100, 3, 41, 5000, 20
0, 12000, 110, 211, 187, 1348471, 1177336, 0.4, 50, 100, 3, 37, 5000, 20
0, 12000, 95, 221, 187, 1356623, 1144959, 0.4, 50, 100, 3, 40, 5000, 20
0, 12000, 110, 211, 187, 1488560, 1223830, 0.4, 50, 100, 3, 44, 5000, 20
0, 12000, 107, 209, 176, 1455892, 1188504, 0.4, 50, 100, 3, 38, 5000, 20
0, 12000, 93, 214, 171, 1460880, 1223009, 0.4, 50, 100, 3, 46, 5000, 20
0, 12000, 119, 188, 176, 1405766, 1180747, 0.4, 50, 100, 3, 40, 5000, 20
0, 12000, 112, 224, 179, 1427818, 1194557, 0.4, 50, 100, 3, 44, 5000, 20
0, 12000, 101, 221, 195, 1324653, 1175057, 0.4, 50, 100, 3, 39, 5000, 20
0, 12000, 105, 225, 188, 1394707, 1167548, 0.4, 50, 100, 3, 42, 5000, 20
0, 12000, 97, 207, 188, 1282827, 1110967, 0.4, 50, 100, 3, 47, 5000, 20
0, 12000, 81, 188, 143, 1399197, 1165320, 0.4, 50, 100, 3, 51, 5000, 20
0, 12000, 85, 202, 179, 1493414, 1269850, 0.4, 50, 100, 3, 40, 5000, 20
0, 12000, 91, 208, 192, 1363503, 1141910, 0.4, 50, 100, 3, 44, 5000, 20
0, 12000, 102, 213, 178, 1486914, 1231828, 0.4, 50, 100, 3, 40, 5000, 20
0, 12000, 86, 205, 173, 1294980, 1108147, 0.4, 50, 100, 3, 39, 5000, 20
0, 12000, 108, 219, 181, 1397026, 1120823, 0.4, 50, 100, 3, 40, 5000, 20
0, 12000, 113, 199, 175, 1357115, 1163292, 0.4, 50, 100, 3, 49, 5000, 20
0, 12000, 97, 223, 184, 1388993, 1175439, 0.4, 50, 100, 3, 38, 5000, 20
0, 12000, 110, 229, 191, 1346630, 1093249, 0.4, 50, 100, 3, 49, 5000, 20
0, 12000, 104, 188, 168, 1424206, 1241654, 0.4, 50, 100, 3, 43, 5000, 20
0, 12000, 119, 223, 189, 1456381, 1219369, 0.4, 50, 100, 3, 39, 5000, 20
0, 12000, 114, 208, 201, 1294151, 1114749, 0.4, 50, 100, 3, 40, 5000, 20
0, 12000, 90, 196, 165, 1366062, 1151446, 0.4, 50, 100, 3, 37, 5000, 20
0, 12000, 81, 189, 179, 1288081, 1117413, 0.4, 50, 100, 3, 42, 5000, 20
0, 12000, 90, 215, 169, 1515607, 1225397, 0.4, 50, 100, 3, 39, 5000, 20
0, 12000, 98, 212, 184, 1405603, 1168166, 0.4, 50, 100, 3, 38, 5000, 20
0, 12000, 112, 224, 196, 1369929, 1201211, 0.4, 50, 100, 3, 46, 5000, 20
0, 12000, 105, 216, 174, 1377321, 1133687, 0.4, 50, 100, 3, 40, 5000, 20
0, 12000, 106, 219, 189, 1452941, 1226272, 0.4, 50, 100, 3, 35, 5000, 20
0, 12000, 86, 195, 173, 1477096, 1203910, 0.4, 50, 100, 3, 39, 5000, 20
0, 12000, 100, 209, 191, 1453903, 1241778, 0.4, 50, 100, 3, 40, 5000, 20
0, 12000, 121, 215, 209, 1311541, 1161303, 0.4, 50, 100, 3, 43, 5000, 20
0, 12000, 114, 213, 199, 1336611, 1173637, 0.4, 50, 100, 3, 41, 5000, 20
0, 12000, 96, 199, 178, 1375526, 1182490, 0.4, 50, 100, 3, 46, 5000, 20
0, 12000, 84, 187, 176, 1463896, 1231823, 0.4, 50, 100, 3, 40, 5000, 20
0, 12000, 104, 219, 184, 1407705, 1135108, 0.4, 50, 100, 3, 40, 5000, 20
0, 12000, 110, 224, 199, 1437954, 1246283, 0.4, 50, 100, 3, 40, 5000, 20
0, 12000, 99, 214, 178, 1399551, 1198660, 0.4, 50, 100, 3, 38, 5000, 20
0, 12000, 123, 220, 199, 1329705, 1118202, 0.4, 50, 100, 3, 44, 5000, 20
0, 12000, 89, 197, 169, 1432100, 1195269, 0.4, 50, 100, 3, 39, 5000, 20
0, 12000, 95, 214, 181, 1280228, 1060583, 0.4, 50, 100, 3, 38, 5000, 20
0, 12000, 88, 208, 182, 1331698, 1106636, 0.4, 50, 100, 3, 38, 5000, 20
0, 12000, 103, 206, 176, 1396933, 1205099, 0.4, 50, 100, 3, 41, 5000, 20
0, 12000, 119, 220, 190, 1367026, 1119334, 0.4, 50, 100, 3, 43, 5000, 20
0, 12000, 114, 212, 206, 1303106, 1169090, 0.4, 50, 100, 3, 39, 5000, 20
0, 12000, 97, 208, 188, 1370495, 1188158, 0.4, 50, 100, 3, 41, 5000, 20
0, 12000, 103, 211, 203, 1337483, 1116242, 0.4, 50, 100, 3, 40, 5000, 20
0, 12000, 113, 216, 204, 1334895, 1159018, 0.4, 50, 100, 3, 45, 5000, 20
0, 12000, 102, 216, 174, 1357919, 1183467, 0.4, 50, 100, 3, 42, 5000, 20
0, 12000, 98, 212, 195, 1304547, 1140015, 0.4, 50, 100, 3, 38, 5000, 20
0, 12000, 88, 195, 171, 1258669, 1130755, 0.4, 50, 100, 3, 37, 5000, 20
0, 12000, 109, 205, 184, 1352301, 1124727, 0.4, 50, 100, 3, 43, 5000, 20
0, 12000, 105, 227, 192, 1340901, 1066830, 0.4, 50, 100, 3, 51, 5000, 20
0, 12000, 97, 201, 169, 1399197, 1117195, 0.4, 50, 100, 3, 38, 5000, 20
0, 12000, 92, 206, 173, 1363713, 1111213, 0.4, 50, 100, 3, 35, 5000, 20
0, 12000, 112, 223, 208, 1393603, 1179483, 0.4, 50, 100, 3, 41, 5000, 20
0, 12000, 93, 192, 156, 1376242, 1174552, 0.4, 50, 100, 3, 38, 5000, 20
0, 12000, 106, 225, 180, 1332986, 1052585, 0.4, 50, 100, 3, 38, 5000, 20
1, 7104, 115, 135, 142, 1270936, 1283534, 0.4, 50, 100, 4, 23, 5000, 20
0, 12000, 109, 236, 205, 1328189, 1067070, 0.4, 50, 100, 3, 36, 5000, 20
0, 12000, 108, 214, 204, 1421580, 1145115, 0.4, 50, 100, 3, 36, 5000, 20
0, 12000, 104, 221, 182, 1411627, 1121412, 0.4, 50, 100, 3, 39, 5000, 20
0, 12000, 113, 204, 188, 1398565, 1241453, 0.4, 50, 100, 3, 37, 5000, 20
0, 12000, 114, 219, 187, 1350267, 1114656, 0.4, 50, 100, 3, 39, 5000, 20
0, 12000, 93, 210, 167, 1449209, 1218917, 0.4, 50, 100, 3, 38, 5000, 20
0, 12000, 112, 220, 198, 1824168, 1495474, 0.4, 50, 100, 4, 47, 5000, 20
0, 12000, 95, 178, 155, 1910304, 1733213, 0.4, 50, 100, 4, 51, 5000, 20
0, 12000, 103, 213, 175, 1768223, 1430990, 0.4, 50, 100, 4, 53, 5000, 20
1, 6603, 94, 122, 108, 1080613, 1098818, 0.4, 50, 100, 4, 22, 5000, 20
0, 12000, 92, 210, 197, 1776275, 1522611, 0.4, 50, 100, 4, 52, 5000, 20
0, 12000, 94, 195, 193, 1801411, 1589264, 0.4, 50, 100, 4, 57, 5000, 20
0, 12000, 114, 217, 182, 1859474, 1525103, 0.4, 50, 100, 4, 56, 5000, 20
0, 12000, 77, 192, 153, 1763197, 1539514, 0.4, 50, 100, 4, 49, 5000, 20
0, 12000, 89, 197, 166, 1930391, 1660587, 0.4, 50, 100, 4, 59, 5000, 20
0, 12000, 90, 201, 169, 1841383, 1487320, 0.4, 50, 100, 4, 54, 5000, 20
0, 12000, 106, 240, 197, 1851748, 1458207, 0.4, 50, 100, 4, 57, 5000, 20
0, 12000, 99, 193, 173, 1917693, 1591280, 0.4, 50, 100, 4, 54, 5000, 20
0, 12000, 102, 229, 195, 1831532, 1561184, 0.4, 50, 100, 4, 55, 5000, 20
0, 12000, 118, 208, 188, 1885068, 1707031, 0.4, 50, 100, 4, 52, 5000, 20
0, 12000, 96, 207, 177, 1865457, 1541967, 0.4, 50, 100, 4, 61, 5000, 20
0, 12000, 87, 207, 167, 1843144, 1491820, 0.4, 50, 100, 4, 59, 5000, 20
0, 12000, 88, 220, 175, 1727946, 1484112, 0.4, 50, 100, 4, 50, 5000, 20
0, 12000, 89, 203, 171, 1762472, 1483512, 0.4, 50, 100, 4, 51, 5000, 20
0, 12000, 114, 229, 183, 1812712, 1501620, 0.4, 50, 100, 4, 51, 5000, 20
0, 12000, 108, 229, 204, 1831117, 1518757, 0.4, 50, 100, 4, 50, 5000, 20
0, 12000, 107, 215, 192, 1857841, 1628519, 0.4, 50, 100, 4, 54, 5000, 20
0, 12000, 100, 219, 191, 1829673, 1549532, 0.4, 50, 100, 4, 51, 5000, 20
0, 12000, 100, 200, 174, 1861451, 1582321, 0.4, 50, 100, 4, 52, 5000, 20
0, 12000, 95, 219, 196, 1877162, 1568320, 0.4, 50, 100, 4, 55, 5000, 20
0, 12000, 93, 211, 191, 1738670, 1441777, 0.4, 50, 100, 4, 51, 5000, 20
0, 12000, 105, 225, 191, 1830301, 1479415, 0.4, 50, 100, 4, 49, 5000, 20
0, 12000, 111, 222, 198, 1865659, 1617544, 0.4, 50, 100, 4, 54, 5000, 20
0, 12000, 107, 223, 186, 1881717, 1587314, 0.4, 50, 100, 4, 52, 5000, 20
0, 12000, 95, 207, 174, 1808842, 1519804, 0.4, 50, 100, 4, 54, 5000, 20
0, 12000, 109, 220, 195, 1909437, 1623367, 0.4, 50, 100, 4, 51, 5000, 20
0, 12000, 109, 218, 180, 1730678, 1405834, 0.4, 50, 100, 4, 58, 5000, 20
0, 12000, 109, 210, 182, 1809892, 1544148, 0.4, 50, 100, 4, 53, 5000, 20
0, 12000, 92, 210, 179, 1884623, 1566576, 0.4, 50, 100, 4, 53, 5000, 20
0, 12000, 103, 234, 192, 1809553, 1603326, 0.4, 50, 100, 4, 50, 5000, 20
0, 12000, 105, 209, 181, 1906244, 1606856, 0.4, 50, 100, 4, 57, 5000, 20
0, 12000, 93, 190, 169, 1806735, 1633729, 0.4, 50, 100, 4, 53, 5000, 20
0, 12000, 74, 195, 170, 1814013, 1570772, 0.4, 50, 100, 4, 49, 5000, 20
0, 12000, 107, 203, 192, 1924296, 1599058, 0.4, 50, 100, 4, 57, 5000, 20
0, 12000, 111, 213, 202, 1795909, 1553751, 0.4, 50, 100, 4, 52, 5000, 20
0, 12000, 108, 203, 180, 1744100, 1475860, 0.4, 50, 100, 4, 57, 5000, 20
0, 12000, 98, 221, 197, 1717707, 1453651, 0.4, 50, 100, 4, 56, 5000, 20
0, 12000, 116, 227, 188, 1942214, 1650649, 0.4, 50, 100, 4, 53, 5000, 20
0, 12000, 119, 229, 206, 1761971, 1525999, 0.4, 50, 100, 4, 58, 5000, 20
0, 12000, 115, 212, 183, 1764952, 1496424, 0.4, 50, 100, 4, 52, 5000, 20
0, 12000, 99, 209, 190, 1818298, 1628410, 0.4, 50, 100, 4, 49, 5000, 20
0, 12000, 107, 212, 186, 1909303, 1741379, 0.4, 50, 100, 4, 51, 5000, 20
0, 12000, 107, 206, 186, 1865731, 1570987, 0.4, 50, 100, 4, 52, 5000, 20
0, 12000, 109, 218, 199, 1805142, 1512042, 0.4, 50, 100, 4, 53, 5000, 20
0, 12000, 98, 217, 204, 1834021, 1606746, 0.4, 50, 100, 4, 52, 5000, 20
0, 12000, 99, 214, 178, 1751546, 1422648, 0.4, 50, 100, 4, 55, 5000, 20
0, 12000, 98, 202, 181, 1899793, 1629704, 0.4, 50, 100, 4, 52, 5000, 20
0, 12000, 81, 182, 150, 1845155, 1540691, 0.4, 50, 100, 4, 51, 5000, 20
0, 12000, 95, 203, 181, 1941264, 1556328, 0.4, 50, 100, 4, 58, 5000, 20
0, 12000, 93, 209, 196, 1902356, 1550136, 0.4, 50, 100, 4, 50, 5000, 20
0, 12000, 117, 221, 184, 1872459, 1581931, 0.4, 50, 100, 4, 50, 5000, 20
0, 12000, 103, 216, 186, 1851053, 1579965, 0.4, 50, 100, 4, 57, 5000, 20
0, 12000, 116, 219, 175, 1715445, 1438792, 0.4, 50, 100, 4, 63, 5000, 20
0, 12000, 115, 228, 203, 1922937, 1637705, 0.4, 50, 100, 4, 60, 5000, 20
0, 12000, 92, 211, 192, 1765325, 1480614, 0.4, 50, 100, 4, 60, 5000, 20
0, 12000, 103, 215, 198, 1770298, 1524781, 0.4, 50, 100, 4, 54, 5000, 20
0, 12000, 107, 210, 187, 1912267, 1541318, 0.4, 50, 100, 4, 51, 5000, 20
0, 12000, 80, 191, 166, 1868131, 1580213, 0.4, 50, 100, 4, 56, 5000, 20
0, 12000, 107, 206, 181, 1910284, 1653145, 0.4, 50, 100, 4, 55, 5000, 20
0, 12000, 94, 202, 173, 1850625, 1604557, 0.4, 50, 100, 4, 57, 5000, 20
0, 12000, 115, 228, 213, 1862494, 1637977, 0.4, 50, 100, 4, 53, 5000, 20
0, 12000, 97, 195, 177, 1830369, 1548326, 0.4, 50, 100, 4, 56, 5000, 20
0, 12000, 106, 218, 193, 1872641, 1592580, 0.4, 50, 100, 4, 69, 5000, 20
0, 12000, 81, 183, 152, 1890001, 1570086, 0.4, 50, 100, 4, 53, 5000, 20
0, 12000, 106, 221, 193, 1935340, 1553539, 0.4, 50, 100, 4, 51, 5000, 20
0, 12000, 113, 220, 190, 1814598, 1530622, 0.4, 50, 100, 4, 52, 5000, 20
0, 12000, 107, 206, 192, 1763126, 1497073, 0.4, 50, 100, 4, 50, 5000, 20
0, 12000, 111, 218, 184, 1865436, 1522128, 0.4, 50, 100, 4, 57, 5000, 20
0, 12000, 101, 202, 183, 1906363, 1621915, 0.4, 50, 100, 4, 54, 5000, 20
0, 12000, 99, 210, 187, 1778036, 1480033, 0.4, 50, 100, 4, 52, 5000, 20
0, 12000, 101, 206, 177, 1848700, 1486783, 0.4, 50, 100, 4, 60, 5000, 20
0, 12000, 95, 197, 163, 1799761, 1460005, 0.4, 50, 100, 4, 56, 5000, 20
0, 12000, 119, 218, 195, 1768049, 1564319, 0.4, 50, 100, 4, 54, 5000, 20
0, 12000, 107, 206, 204, 1710557, 1448583, 0.4, 50, 100, 4, 56, 5000, 20
0, 12000, 99, 221, 181, 1865175, 1593439, 0.4, 50, 100, 4, 52, 5000, 20
0, 12000, 110, 209, 192, 1745553, 1480521, 0.4, 50, 100, 4, 54, 5000, 20
0, 12000, 83, 191, 154, 1953997, 1595438, 0.4, 50, 100, 4, 56, 5000, 20
0, 12000, 112, 225, 206, 1812746, 1565619, 0.4, 50, 100, 4, 50, 5000, 20
0, 12000, 112, 209, 186, 1851728, 1543230, 0.4, 50, 100, 4, 54, 5000, 20
0, 12000, 103, 224, 195, 1922427, 1598340, 0.4, 50, 100, 4, 49, 5000, 20
0, 12000, 105, 231, 196, 1801836, 1418086, 0.4, 50, 100, 4, 54, 5000, 20
0, 12000, 88, 185, 153, 1817088, 1520325, 0.4, 50, 100, 4, 53, 5000, 20
0, 12000, 111, 226, 200, 1903619, 1648318, 0.4, 50, 100, 4, 60, 5000, 20
0, 12000, 111, 200, 179, 1929166, 1611520, 0.4, 50, 100, 4, 52, 5000, 20
0, 12000, 101, 198, 190, 1672453, 1478716, 0.4, 50, 100, 4, 57, 5000, 20
0, 12000, 119, 231, 205, 1784855, 1491108, 0.4, 50, 100, 4, 53, 5000, 20
0, 12000, 100, 216, 184, 1682347, 1455638, 0.4, 50, 100, 4, 58, 5000, 20
0, 12000, 102, 209, 195, 1854236, 1503709, 0.4, 50, 100, 4, 59, 5000, 20
0, 12000, 100, 215, 185, 1892232, 1607303, 0.4, 50, 100, 4, 50, 5000, 20
0, 12000, 117, 216, 178, 1915921, 1609466, 0.4, 50, 100, 4, 56, 5000, 20
0, 12000, 83, 192, 152, 1907698, 1515361, 0.4, 50, 100, 4, 52, 5000, 20
0, 12000, 102, 218, 177, 1861516, 1491745, 0.4, 50, 100, 4, 51, 5000, 20
0, 12000, 95, 178, 163, 1892078, 1616254, 0.4, 50, 100, 4, 53, 5000, 20
0, 12000, 105, 220, 178, 1931159, 1613171, 0.4, 50, 100, 4, 54, 5000, 20
0, 12000, 106, 218, 201, 1678602, 1467411, 0.4, 50, 100, 4, 60, 5000, 20
0, 12000, 111, 209, 185, 2291589, 2035771, 0.4, 50, 100, 5, 67, 5000, 20
1, 6732, 112, 132, 126, 1383370, 1411879, 0.4, 50, 100, 5, 29, 5000, 20
0, 12000, 110, 215, 179, 2373123, 1963903, 0.4, 50, 100, 5, 68, 5000, 20
0, 12000, 110, 221, 183, 2260054, 2004503, 0.4, 50, 100, 5, 68, 5000, 20
0, 12000, 112, 222, 197, 2190837, 1900339, 0.4, 50, 100, 5, 65, 5000, 20
0, 12000, 112, 231, 203, 2325317, 2012417, 0.4, 50, 100, 5, 68, 5000, 20
0, 12000, 119, 218, 196, 2442677, 2035363, 0.4, 50, 100, 5, 71, 5000, 20
0, 12000, 104, 199, 177, 2281761, 2023483, 0.4, 50, 100, 5, 68, 5000, 20
0, 12000, 98, 192, 184, 2285966, 2049924, 0.4, 50, 100, 5, 63, 5000, 20
0, 12000, 87, 191, 161, 2258698, 1858551, 0.4, 50, 100, 5, 72, 5000, 20
0, 12000, 108, 211, 195, 2230617, 1976047, 0.4, 50, 100, 5, 69, 5000, 20
0, 12000, 109, 219, 197, 2311952, 1967251, 0.4, 50, 100, 5, 68, 5000, 20
0, 12000, 105, 204, 182, 2228673, 1838577, 0.4, 50, 100, 5, 66, 5000, 20
0, 12000, 97, 205, 190, 2161005, 1858688, 0.4, 50, 100, 5, 80, 5000, 20
0, 12000, 83, 191, 151, 2242069, 1872137, 0.4, 50, 100, 5, 70, 5000, 20
0, 12000, 104, 212, 184, 2223759, 1808912, 0.4, 50, 100, 5, 72, 5000, 20
0, 12000, 103, 206, 194, 2225102, 1873683, 0.4, 50, 100, 5, 67, 5000, 20
0, 12000, 84, 170, 145, 2406571, 2056056, 0.4, 50, 100, 5, 79, 5000, 20
0, 12000, 104, 198, 181, 2237129, 1924231, 0.4, 50, 100, 5, 67, 5000, 20
0, 12000, 105, 206, 171, 2356956, 1926274, 0.4, 50, 100, 5, 74, 5000, 20
0, 12000, 105, 216, 183, 2287930, 2068646, 0.4, 50, 100, 5, 64, 5000, 20
0, 12000, 98, 217, 173, 2251467, 1837962, 0.4, 50, 100, 5, 76, 5000, 20
0, 12000, 108, 215, 196, 2179231, 1921640, 0.4, 50, 100, 5, 73, 5000, 20
0, 12000, 101, 203, 176, 2399303, 2036995, 0.4, 50, 100, 5, 72, 5000, 20
0, 12000, 115, 216, 192, 2308993, 1948162, 0.4, 50, 100, 5, 69, 5000, 20
0, 12000, 93, 202, 178, 2322378, 1954529, 0.4, 50, 100, 5, 81, 5000, 20
0, 12000, 104, 223, 183, 2225753, 1887672, 0.4, 50, 100, 5, 73, 5000, 20
0, 12000, 111, 225, 195, 2262212, 1946372, 0.4, 50, 100, 5, 76, 5000, 20
0, 12000, 111, 219, 190, 2217467, 1813985, 0.4, 50, 100, 5, 78, 5000, 20
0, 12000, 89, 205, 179, 2348647, 2024927, 0.4, 50, 100, 5, 74, 5000, 20
0, 12000, 116, 210, 170, 2235005, 1942406, 0.4, 50, 100, 5, 65, 5000, 20
0, 12000, 80, 179, 164, 2156295, 1914171, 0.4, 50, 100, 5, 67, 5000, 20
0, 12000, 101, 203, 163, 2500474, 2091413, 0.4, 50, 100, 5, 74, 5000, 20
0, 12000, 97, 216, 179, 2224441, 1945939, 0.4, 50, 100, 5, 69, 5000, 20
0, 12000, 106, 211, 178, 2280054, 2047989, 0.4, 50, 100, 5, 67, 5000, 20
0, 12000, 86, 216, 182, 2247517, 1887980, 0.4, 50, 100, 5, 84, 5000, 20
0, 12000, 104, 214, 189, 2304705, 2009974, 0.4, 50, 100, 5, 75, 5000, 20
0, 12000, 107, 214, 182, 2309943, 1922739, 0.4, 50, 100, 5, 67, 5000, 20
0, 12000, 119, 236, 212, 2178593, 1788565, 0.4, 50, 100, 5, 66, 5000, 20
0, 12000, 93, 201, 176, 2194350, 1842467, 0.4, 50, 100, 5, 68, 5000, 20
0, 12000, 102, 222, 193, 2237888, 1935123, 0.4, 50, 100, 5, 70, 5000, 20
0, 12000, 87, 203, 177, 2286562, 1944477, 0.4, 50, 100, 5, 66, 5000, 20
0, 12000, 105, 217, 191, 2229379, 1920309, 0.4, 50, 100, 5, 68, 5000, 20
0, 12000, 85, 200, 163, 2342182, 1954602, 0.4, 50, 100, 5, 68, 5000, 20
0, 12000, 113, 225, 194, 2251824, 1967190, 0.4, 50, 100, 5, 65, 5000, 20
0, 12000, 113, 220, 198, 2296010, 1921053, 0.4, 50, 100, 5, 69, 5000, 20
0, 12000, 101, 206, 198, 2260138, 1954585, 0.4, 50, 100, 5, 64, 5000, 20
0, 12000, 113, 214, 216, 2455485, 2063227, 0.4, 50, 100, 5, 70, 5000, 20
0, 12000, 104, 212, 190, 2315450, 1929703, 0.4, 50, 100, 5, 70, 5000, 20
0, 12000, 89, 195, 179, 2376999, 2061550, 0.4, 50, 100, 5, 70, 5000, 20
0, 12000, 97, 203, 180, 2377726, 1943462, 0.4, 50, 100, 5, 69, 5000, 20
0, 12000, 109, 220, 194, 2241562, 1911111, 0.4, 50, 100, 5, 73, 5000, 20
0, 12000, 96, 215, 191, 2444002, 2054529, 0.4, 50, 100, 5, 67, 5000, 20
0, 12000, 97, 217, 186, 2135087, 1888585, 0.4, 50, 100, 5, 81, 5000, 20
0, 12000, 115, 222, 189, 2264685, 1906652, 0.4, 50, 100, 5, 76, 5000, 20
0, 12000, 101, 202, 187, 2390648, 1987754, 0.4, 50, 100, 5, 74, 5000, 20
0, 12000, 110, 205, 192, 2154649, 1925656, 0.4, 50, 100, 5, 74, 5000, 20
0, 12000, 101, 210, 174, 2345982, 1986163, 0.4, 50, 100, 5, 65, 5000, 20
0, 12000, 102, 217, 198, 2233241, 1930386, 0.4, 50, 100, 5, 69, 5000, 20
0, 12000, 105, 214, 186, 2274427, 1899283, 0.4, 50, 100, 5, 68, 5000, 20
0, 12000, 97, 216, 197, 2131722, 1819542, 0.4, 50, 100, 5, 71, 5000, 20
0, 12000, 103, 214, 193, 2272550, 1998298, 0.4, 50, 100, 5, 71, 5000, 20
0, 12000, 111, 226, 192, 2195102, 1950078, 0.4, 50, 100, 5, 69, 5000, 20
0, 12000, 108, 216, 211, 2258039, 1919056, 0.4, 50, 100, 5, 66, 5000, 20
0, 12000, 100, 213, 180, 2270853, 1915560, 0.4, 50, 100, 5, 71, 5000, 20
0, 12000, 106, 227, 191, 2230758, 1839814, 0.4, 50, 100, 5, 71, 5000, 20
0, 12000, 93, 203, 186, 2280340, 1911401, 0.4, 50, 100, 5, 70, 5000, 20
0, 12000, 94, 207, 164, 2316763, 1980716, 0.4, 50, 100, 5, 66, 5000, 20
0, 12000, 104, 214, 167, 2272544, 1892897, 0.4, 50, 100, 5, 69, 5000, 20
0, 12000, 116, 225, 195, 2216597, 1948122, 0.4, 50, 100, 5, 71, 5000, 20
0, 12000, 95, 219, 190, 2371704, 1933253, 0.4, 50, 100, 5, 86, 5000, 20
0, 12000, 111, 221, 191, 2085968, 1760589, 0.4, 50, 100, 5, 70, 5000, 20
0, 12000, 96, 215, 177, 2160585, 1873731, 0.4, 50, 100, 5, 67, 5000, 20
0, 12000, 90, 206, 164, 2236707, 1913392, 0.4, 50, 100, 5, 68, 5000, 20
0, 12000, 101, 205, 178, 2250009, 1967301, 0.4, 50, 100, 5, 66, 5000, 20
0, 12000, 108, 211, 193, 2383933, 1974392, 0.4, 50, 100, 5, 75, 5000, 20
0, 12000, 111, 218, 173, 2263042, 1979008, 0.4, 50, 100, 5, 69, 5000, 20
0, 12000, 84, 197, 150, 2446568, 2019165, 0.4, 50, 100, 5, 67, 5000, 20
0, 12000, 101, 232, 190, 2219827, 1838007, 0.4, 50, 100, 5, 85, 5000, 20
0, 12000, 100, 202, 178, 2209958, 2006320, 0.4, 50, 100, 5, 78, 5000, 20
0, 12000, 88, 198, 179, 2272998, 2025768, 0.4, 50, 100, 5, 66, 5000, 20
0, 12000, 105, 212, 191, 2337308, 1931205, 0.4, 50, 100, 5, 69, 5000, 20
0, 12000, 85, 190, 168, 2345784, 1997105, 0.4, 50, 100, 5, 73, 5000, 20
0, 12000, 100, 211, 185, 2399553, 1990730, 0.4, 50, 100, 5, 68, 5000, 20
0, 12000, 115, 211, 188, 2167933, 1863576, 0.4, 50, 100, 5, 66, 5000, 20
0, 12000, 115, 219, 180, 2434540, 1922980, 0.4, 50, 100, 5, 71, 5000, 20
0, 12000, 110, 216, 190, 2263270, 1901821, 0.4, 50, 100, 5, 74, 5000, 20
0, 12000, 105, 214, 199, 2275071, 1989325, 0.4, 50, 100, 5, 69, 5000, 20
0, 12000, 96, 212, 184, 2287506, 1982703, 0.4, 50, 100, 5, 71, 5000, 20
0, 12000, 113, 212, 183, 2420776, 2010922, 0.4, 50, 100, 5, 79, 5000, 20
0, 12000, 103, 223, 206, 2294783, 1950912, 0.4, 50, 100, 5, 76, 5000, 20
0, 12000, 102, 223, 206, 2181330, 1849344, 0.4, 50, 100, 5, 68, 5000, 20
0, 12000, 103, 216, 176, 2251001, 1859387, 0.4, 50, 100, 5, 71, 5000, 20
0, 12000, 100, 198, 176, 2297794, 1896134, 0.4, 50, 100, 5, 74, 5000, 20
0, 12000, 89, 206, 174, 2402853, 1990409, 0.4, 50, 100, 5, 76, 5000, 20
0, 12000, 111, 222, 185, 2174118, 1860334, 0.4, 50, 100, 5, 72, 5000, 20
0, 12000, 94, 212, 177, 2377484, 2053877, 0.4, 50, 100, 5, 75, 5000, 20
0, 12000, 115, 233, 212, 2316693, 1913493, 0.4, 50, 100, 5, 89, 5000, 20
0, 12000, 101, 192, 164, 2195062, 1920256, 0.4, 50, 100, 5, 76, 5000, 20
0, 12000, 103, 213, 186, 2457143, 1972554, 0.4, 50, 100, 5, 86, 5000, 20
0, 12000, 107, 213, 179, 2711121, 2374383, 0.4, 50, 100, 6, 88, 5000, 20
0, 12000, 110, 216, 185, 2529912, 2251773, 0.4, 50, 100, 6, 84, 5000, 20
0, 12000, 106, 201, 184, 2640645, 2235180, 0.4, 50, 100, 6, 88, 5000, 20
0, 12000, 101, 207, 188, 2709206, 2242552, 0.4, 50, 100, 6, 88, 5000, 20
0, 12000, 96, 201, 183, 2858543, 2421287, 0.4, 50, 100, 6, 82, 5000, 20
0, 12000, 103, 203, 201, 2809011, 2425178, 0.4, 50, 100, 6, 92, 5000, 20
0, 12000, 111, 211, 194, 2766596, 2369673, 0.4, 50, 100, 6, 87, 5000, 20
0, 12000, 104, 208, 187, 2823275, 2372916, 0.4, 50, 100, 6, 96, 5000, 20
0, 12000, 93, 200, 179, 2823630, 2390469, 0.4, 50, 100, 6, 96, 5000, 20
0, 12000, 96, 220, 185, 2802528, 2412353, 0.4, 50, 100, 6, 86, 5000, 20
0, 12000, 102, 221, 190, 2682766, 2288803, 0.4, 50, 100, 6, 89, 5000, 20
0, 12000, 108, 218, 180, 2763612, 2291559, 0.4, 50, 100, 6, 81, 5000, 20
0, 12000, 110, 209, 176, 2863912, 2348426, 0.4, 50, 100, 6, 95, 5000, 20
0, 12000, 97, 225, 197, 2730422, 2257894, 0.4, 50, 100, 6, 93, 5000, 20
0, 12000, 88, 213, 166, 2674677, 2189549, 0.4, 50, 100, 6, 89, 5000, 20
0, 12000, 114, 214, 195, 2673467, 2308181, 0.4, 50, 100, 6, 93, 5000, 20
0, 12000, 102, 207, 165, 2702327, 2317133, 0.4, 50, 100, 6, 82, 5000, 20
0, 12000, 104, 222, 188, 2749807, 2341432, 0.4, 50, 100, 6, 88, 5000, 20
0, 12000, 87, 209, 175, 2723587, 2332143, 0.4, 50, 100, 6, 82, 5000, 20
0, 12000, 101, 215, 179, 2840377, 2375065, 0.4, 50, 100, 6, 88, 5000, 20
0, 12000, 103, 223, 196, 2842392, 2408322, 0.4, 50, 100, 6, 80, 5000, 20
0, 12000, 81, 195, 147, 2821459, 2333647, 0.4, 50, 100, 6, 87, 5000, 20
0, 12000, 98, 217, 189, 2618916, 2210767, 0.4, 50, 100, 6, 89, 5000, 20
0, 12000, 109, 220, 176, 2780834, 2371976, 0.4, 50, 100, 6, 96, 5000, 20
0, 12000, 94, 206, 188, 2811798, 2410835, 0.4, 50, 100, 6, 97, 5000, 20
0, 12000, 104, 195, 179, 3019327, 2585896, 0.4, 50, 100, 6, 87, 5000, 20
0, 12000, 113, 215, 193, 2759232, 2281968, 0.4, 50, 100, 6, 84, 5000, 20
0, 12000, 99, 212, 195, 2687484, 2409501, 0.4, 50, 100, 6, 92, 5000, 20
0, 12000, 98, 210, 177, 2642474, 2390239, 0.4, 50, 100, 6, 85, 5000, 20
0, 12000, 111, 217, 187, 2546747, 2277871, 0.4, 50, 100, 6, 93, 5000, 20
0, 12000, 93, 210, 203, 2672749, 2412063, 0.4, 50, 100, 6, 95, 5000, 20
0, 12000, 126, 227, 194, 2807258, 2381021, 0.4, 50, 100, 6, 96, 5000, 20
0, 12000, 105, 226, 192, 2833358, 2290154, 0.4, 50, 100, 6, 96, 5000, 20
0, 12000, 101, 222, 176, 2831706, 2243877, 0.4, 50, 100, 6, 92, 5000, 20
0, 12000, 107, 195, 193, 2607482, 2381441, 0.4, 50, 100, 6, 87, 5000, 20
0, 12000, 90, 212, 179, 2906070, 2417491, 0.4, 50, 100, 6, 87, 5000, 20
0, 12000, 89, 193, 170, 2810343, 2403127, 0.4, 50, 100, 6, 89, 5000, 20
0, 12000, 103, 222, 183, 2703531, 2263802, 0.4, 50, 100, 6, 84, 5000, 20
0, 12000, 97, 207, 193, 2684688, 2394378, 0.4, 50, 100, 6, 88, 5000, 20
0, 12000, 109, 208, 178, 2679785, 2364184, 0.4, 50, 100, 6, 100, 5000, 20
0, 12000, 106, 214, 186, 2700296, 2291101, 0.4, 50, 100, 6, 90, 5000, 20
0, 12000, 111, 227, 203, 2682909, 2289231, 0.4, 50, 100, 6, 87, 5000, 20
0, 12000, 103, 217, 179, 2879113, 2383616, 0.4, 50, 100, 6, 93, 5000, 20
0, 12000, 89, 200, 178, 2891055, 2459252, 0.4, 50, 100, 6, 85, 5000, 20
0, 12000, 97, 208, 174, 2891088, 2467644, 0.4, 50, 100, 6, 98, 5000, 20
0, 12000, 113, 206, 172, 2818986, 2335420, 0.4, 50, 100, 6, 100, 5000, 20
0, 12000, 111, 226, 193, 2715271, 2317070, 0.4, 50, 100, 6, 88, 5000, 20
0, 12000, 84, 202, 181, 2599158, 2248360, 0.4, 50, 100, 6, 84, 5000, 20
0, 12000, 91, 188, 167, 2677593, 2310394, 0.4, 50, 100, 6, 97, 5000, 20
0, 12000, 98, 212, 185, 2759289, 2327347, 0.4, 50, 100, 6, 90, 5000, 20
0, 12000, 110, 210, 203, 2735149, 2362003, 0.4, 50, 100, 6, 91, 5000, 20
0, 12000, 113, 216, 177, 2728046, 2259151, 0.4, 50, 100, 6, 101, 5000, 20
0, 12000, 97, 223, 190, 2554203, 2195885, 0.4, 50, 100, 6, 86, 5000, 20
0, 12000, 110, 236, 193, 2788171, 2221057, 0.4, 50, 100, 6, 97, 5000, 20
0, 12000, 97, 203, 167, 2799743, 2328957, 0.4, 50, 100, 6, 94, 5000, 20
0, 12000, 114, 230, 189, 2759991, 2250253, 0.4, 50, 100, 6, 87, 5000, 20
0, 12000, 104, 209, 189, 2560213, 2230050, 0.4, 50, 100, 6, 85, 5000, 20
0, 12000, 99, 209, 173, 2892988, 2413412, 0.4, 50, 100, 6, 89, 5000, 20
0, 12000, 102, 216, 216, 2773699, 2344734, 0.4, 50, 100, 6, 86, 5000, 20
0, 12000, 95, 197, 165, 2632107, 2320391, 0.4, 50, 100, 6, 84, 5000, 20
0, 12000, 98, 209, 179, 2771574, 2380234, 0.4, 50, 100, 6, 83, 5000, 20
0, 12000, 105, 212, 184, 2828753, 2422824, 0.4, 50, 100, 6, 84, 5000, 20
0, 12000, 94, 217, 193, 2787270, 2311882, 0.4, 50, 100, 6, 83, 5000, 20
0, 12000, 107, 220, 200, 2677591, 2273319, 0.4, 50, 100, 6, 88, 5000, 20
0, 12000, 104, 214, 186, 2638662, 2229738, 0.4, 50, 100, 6, 89, 5000, 20
0, 12000, 100, 211, 189, 2648128, 2325182, 0.4, 50, 100, 6, 93, 5000, 20
0, 12000, 93, 210, 168, 2790916, 2341612, 0.4, 50, 100, 6, 85, 5000, 20
0, 12000, 98, 203, 175, 2638205, 2359772, 0.4, 50, 100, 6, 86, 5000, 20
0, 12000, 113, 218, 194, 2627315, 2192649, 0.4, 50, 100, 6, 86, 5000, 20
0, 12000, 90, 198, 186, 2716421, 2299973, 0.4, 50, 100, 6, 87, 5000, 20
0, 12000, 101, 209, 180, 2914140, 2399261, 0.4, 50, 100, 6, 84, 5000, 20
0, 12000, 101, 226, 196, 2710140, 2265702, 0.4, 50, 100, 6, 87, 5000, 20
0, 12000, 107, 205, 184, 2695655, 2320863, 0.4, 50, 100, 6, 97, 5000, 20
0, 12000, 85, 203, 173, 2749449, 2295641, 0.4, 50, 100, 6, 81, 5000, 20
0, 12000, 75, 178, 138, 2816901, 2220025, 0.4, 50, 100, 6, 88, 5000, 20
0, 12000, 101, 221, 192, 2657777, 2215175, 0.4, 50, 100, 6, 87, 5000, 20
0, 12000, 103, 211, 180, 2698410, 2318080, 0.4, 50, 100, 6, 87, 5000, 20
0, 12000, 112, 221, 184, 2789712, 2352962, 0.4, 50, 100, 6, 88, 5000, 20
0, 12000, 112, 206, 189, 2576263, 2262640, 0.4, 50, 100, 6, 101, 5000, 20
0, 12000, 108, 197, 189, 2812520, 2436719, 0.4, 50, 100, 6, 105, 5000, 20
0, 12000, 108, 214, 205, 2675379, 2304408, 0.4, 50, 100, 6, 94, 5000, 20
0, 12000, 89, 217, 181, 2671889, 2263031, 0.4, 50, 100, 6, 91, 5000, 20
0, 12000, 105, 197, 173, 2752571, 2396131, 0.4, 50, 100, 6, 102, 5000, 20
0, 12000, 104, 234, 185, 2830600, 2276539, 0.4, 50, 100, 6, 84, 5000, 20
0, 12000, 80, 199, 173, 2666643, 2245755, 0.4, 50, 100, 6, 95, 5000, 20
0, 12000, 96, 218, 177, 2751462, 2390486, 0.4, 50, 100, 6, 83, 5000, 20
0, 12000, 91, 209, 187, 2695316, 2414837, 0.4, 50, 100, 6, 90, 5000, 20
0, 12000, 114, 213, 178, 2828985, 2438638, 0.4, 50, 100, 6, 93, 5000, 20
0, 12000, 101, 227, 186, 2782129, 2398779, 0.4, 50, 100, 6, 97, 5000, 20
0, 12000, 112, 221, 198, 2570614, 2209771, 0.4, 50, 100, 6, 99, 5000, 20
0, 12000, 100, 211, 180, 2773652, 2297108, 0.4, 50, 100, 6, 91, 5000, 20
0, 12000, 98, 221, 189, 2686523, 2165900, 0.4, 50, 100, 6, 94, 5000, 20
0, 12000, 78, 207, 170, 2736588, 2322691, 0.4, 50, 100, 6, 90, 5000, 20
0, 12000, 95, 207, 184, 2817663, 2442758, 0.4, 50, 100, 6, 81, 5000, 20
0, 12000, 112, 218, 192, 2694619, 2320751, 0.4, 50, 100, 6, 87, 5000, 20
0, 12000, 104, 211, 192, 2912982, 2544649, 0.4, 50, 100, 6, 115, 5000, 20
0, 12000, 100, 206, 177, 2739466, 2385292, 0.4, 50, 100, 6, 98, 5000, 20
0, 12000, 89, 204, 189, 2711671, 2269028, 0.4, 50, 100, 6, 102, 5000, 20
0, 12000, 104, 230, 185, 2810004, 2423263, 0.4, 50, 100, 6, 109, 5000, 20
0, 12000, 73, 166, 127, 2801283, 2361929, 0.4, 50, 100, 6, 96, 5000, 20
0, 12000, 92, 212, 174, 3164864, 2658881, 0.4, 50, 100, 7, 114, 5000, 20
0, 12000, 95, 222, 196, 3128920, 2714741, 0.4, 50, 100, 7, 111, 5000, 20
0, 12000, 104, 210, 172, 3267047, 2839805, 0.4, 50, 100, 7, 113, 5000, 20
0, 12000, 105, 233, 192, 3208281, 2601092, 0.4, 50, 100, 7, 104, 5000, 20
0, 12000, 102, 204, 192, 3311668, 2858322, 0.4, 50, 100, 7, 117, 5000, 20
0, 12000, 104, 207, 184, 3172711, 2784792, 0.4, 50, 100, 7, 125, 5000, 20
0, 12000, 89, 180, 152, 3128032, 2762915, 0.4, 50, 100, 7, 110, 5000, 20
0, 12000, 104, 211, 181, 3189507, 2723311, 0.4, 50, 100, 7, 108, 5000, 20
0, 12000, 91, 213, 187, 3016887, 2643188, 0.4, 50, 100, 7, 109, 5000, 20
0, 12000, 122, 236, 209, 3284630, 2884089, 0.4, 50, 100, 7, 107, 5000, 20
0, 12000, 104, 219, 185, 3160620, 2652624, 0.4, 50, 100, 7, 115, 5000, 20
0, 12000, 112, 228, 202, 3023233, 2522620, 0.4, 50, 100, 7, 117, 5000, 20
0, 12000, 101, 208, 187, 3194727, 2785114, 0.4, 50, 100, 7, 125, 5000, 20
0, 12000, 99, 203, 181, 3229768, 2681099, 0.4, 50, 100, 7, 115, 5000, 20
0, 12000, 84, 214, 187, 3129979, 2655407, 0.4, 50, 100, 7, 117, 5000, 20
0, 12000, 98, 196, 165, 3384885, 2992392, 0.4, 50, 100, 7, 106, 5000, 20
0, 12000, 97, 200, 185, 3161666, 2703708, 0.4, 50, 100, 7, 111, 5000, 20
0, 12000, 99, 215, 184, 3094465, 2540814, 0.4, 50, 100, 7, 117, 5000, 20
0, 12000, 101, 216, 205, 3174629, 2627382, 0.4, 50, 100, 7, 126, 5000, 20
0, 12000, 112, 220, 184, 3082450, 2515364, 0.4, 50, 100, 7, 148, 5000, 20
0, 12000, 104, 224, 186, 3321551, 2707488, 0.4, 50, 100, 7, 121, 5000, 20
0, 12000, 102, 205, 191, 3168795, 2781568, 0.4, 50, 100, 7, 137, 5000, 20
0, 12000, 90, 204, 192, 3148575, 2710900, 0.4, 50, 100, 7, 109, 5000, 20
0, 12000, 102, 219, 193, 3212547, 2702599, 0.4, 50, 100, 7, 102, 5000, 20
0, 12000, 95, 200, 169, 3167241, 2752150, 0.4, 50, 100, 7, 115, 5000, 20
0, 12000, 105, 205, 181, 3194303, 2710456, 0.4, 50, 100, 7, 131, 5000, 20
0, 12000, 112, 202, 187, 3002620, 2572884, 0.4, 50, 100, 7, 123, 5000, 20
0, 12000, 94, 206, 172, 3251530, 2784183, 0.4, 50, 100, 7, 117, 5000, 20
0, 12000, 110, 228, 189, 3196211, 2744607, 0.4, 50, 100, 7, 113, 5000, 20
0, 12000, 107, 196, 177, 3127948, 2721203, 0.4, 50, 100, 7, 121, 5000, 20
0, 12000, 100, 195, 176, 3142580, 2673659, 0.4, 50, 100, 7, 116, 5000, 20
0, 12000, 90, 219, 187, 3413580, 2744182, 0.4, 50, 100, 7, 98, 5000, 20
0, 12000, 98, 230, 195, 3209374, 2767514, 0.4, 50, 100, 7, 106, 5000, 20
0, 12000, 112, 226, 208, 3136027, 2755511, 0.4, 50, 100, 7, 106, 5000, 20
0, 12000, 97, 223, 208, 3159346, 2701116, 0.4, 50, 100, 7, 105, 5000, 20
0, 12000, 99, 218, 193, 3307093, 2749321, 0.4, 50, 100, 7, 99, 5000, 20
0, 12000, 102, 202, 169, 3117043, 2769612, 0.4, 50, 100, 7, 108, 5000, 20
0, 12000, 115, 223, 199, 3108832, 2598595, 0.4, 50, 100, 7, 104, 5000, 20
0, 12000, 101, 212, 191, 3261200, 2656847, 0.4, 50, 100, 7, 109, 5000, 20
0, 12000, 113, 220, 176, 3242724, 2660516, 0.4, 50, 100, 7, 104, 5000, 20
0, 12000, 97, 198, 168, 3217661, 2846061, 0.4, 50, 100, 7, 107, 5000, 20
0, 12000, 104, 205, 199, 3198766, 2801375, 0.4, 50, 100, 7, 108, 5000, 20
0, 12000, 99, 199, 175, 3216772, 2743383, 0.4, 50, 100, 7, 112, 5000, 20
0, 12000, 102, 207, 195, 2974767, 2544401, 0.4, 50, 100, 7, 110, 5000, 20
0, 12000, 117, 212, 193, 3284899, 2580736, 0.4, 50, 100, 7, 118, 5000, 20
0, 12000, 102, 213, 192, 3420017, 2805226, 0.4, 50, 100, 7, 122, 5000, 20
0, 12000, 101, 198, 192, 3235742, 2797534, 0.4, 50, 100, 7, 106, 5000, 20
0, 12000, 101, 217, 198, 3074473, 2599066, 0.4, 50, 100, 7, 105, 5000, 20
0, 12000, 100, 217, 191, 3270771, 2812538, 0.4, 50, 100, 7, 124, 5000, 20
0, 12000, 95, 202, 177, 3192698, 2694404, 0.4, 50, 100, 7, 103, 5000, 20
0, 12000, 103, 208, 180, 3122243, 2560638, 0.4, 50, 100, 7, 114, 5000, 20
0, 12000, 102, 232, 198, 3219134, 2690339, 0.4, 50, 100, 7, 99, 5000, 20
0, 12000, 84, 197, 161, 3139675, 2684130, 0.4, 50, 100, 7, 106, 5000, 20
0, 12000, 112, 233, 185, 3154810, 2626278, 0.4, 50, 100, 7, 138, 5000, 20
0, 12000, 82, 192, 159, 3139552, 2650125, 0.4, 50, 100, 7, 112, 5000, 20
0, 12000, 102, 202, 192, 3155258, 2674967, 0.4, 50, 100, 7, 134, 5000, 20
0, 12000, 100, 214, 185, 3270540, 2853545, 0.4, 50, 100, 7, 151, 5000, 20
0, 12000, 95, 201, 176, 3221206, 2624695, 0.4, 50, 100, 7, 108, 5000, 20
0, 12000, 105, 217, 188, 3202253, 2648244, 0.4, 50, 100, 7, 129, 5000, 20
0, 12000, 98, 193, 175, 3182033, 2759749, 0.4, 50, 100, 7, 106, 5000, 20
0, 12000, 86, 188, 176, 3114837, 2623163, 0.4, 50, 100, 7, 104, 5000, 20
0, 12000, 97, 208, 182, 3208533, 2616570, 0.4, 50, 100, 7, 135, 5000, 20
0, 12000, 104, 208, 188, 3177494, 2586640, 0.4, 50, 100, 7, 103, 5000, 20
0, 12000, 108, 227, 191, 3115422, 2654863, 0.4, 50, 100, 7, 131, 5000, 20
0, 12000, 94, 212, 187, 3250641, 2710787, 0.4, 50, 100, 7, 109, 5000, 20
0, 12000, 87, 180, 172, 3175698, 2689947, 0.4, 50, 100, 7, 113, 5000, 20
0, 12000, 93, 191, 164, 3196290, 2686202, 0.4, 50, 100, 7, 104, 5000, 20
0, 12000, 105, 213, 173, 3250245, 2804995, 0.4, 50, 100, 7, 144, 5000, 20
0, 12000, 90, 215, 187, 3113206, 2730231, 0.4, 50, 100, 7, 100, 5000, 20
0, 12000, 80, 185, 168, 3202384, 2674000, 0.4, 50, 100, 7, 103, 5000, 20
0, 12000, 98, 202, 176, 3340428, 2876169, 0.4, 50, 100, 7, 104, 5000, 20
0, 12000, 98, 203, 174, 3312538, 2945520, 0.4, 50, 100, 7, 107, 5000, 20
0, 12000, 105, 212, 200, 3072040, 2593456, 0.4, 50, 100, 7, 127, 5000, 20
0, 12000, 95, 205, 195, 3118732, 2643908, 0.4, 50, 100, 7, 112, 5000, 20
0, 12000, 106, 200, 184, 3203657, 2739790, 0.4, 50, 100, 7, 109, 5000, 20
0, 12000, 97, 225, 177, 3319815, 2691406, 0.4, 50, 100, 7, 111, 5000, 20
0, 12000, 122, 234, 210, 3137583, 2672232, 0.4, 50, 100, 7, 112, 5000, 20
0, 12000, 91, 217, 186, 3123787, 2570074, 0.4, 50, 100, 7, 107, 5000, 20
0, 12000, 95, 209, 184, 3440030, 2850865, 0.4, 50, 100, 7, 122, 5000, 20
0, 12000, 90, 220, 177, 3195200, 2627861, 0.4, 50, 100, 7, 110, 5000, 20
0, 12000, 89, 204, 176, 3100806, 2657694, 0.4, 50, 100, 7, 106, 5000, 20
0, 12000, 101, 215, 198, 3237748, 2747315, 0.4, 50, 100, 7, 108, 5000, 20
0, 12000, 104, 214, 178, 3237630, 2766032, 0.4, 50, 100, 7, 123, 5000, 20
0, 12000, 103, 207, 197, 3294019, 2787936, 0.4, 50, 100, 7, 107, 5000, 20
0, 12000, 92, 208, 180, 3200680, 2704055, 0.4, 50, 100, 7, 140, 5000, 20
0, 12000, 99, 188, 154, 3268887, 2649758, 0.4, 50, 100, 7, 104, 5000, 20
0, 12000, 101, 206, 173, 3342707, 2738977, 0.4, 50, 100, 7, 104, 5000, 20
0, 12000, 96, 209, 178, 3256079, 2655275, 0.4, 50, 100, 7, 109, 5000, 20
0, 12000, 82, 198, 160, 3381387, 2924681, 0.4, 50, 100, 7, 131, 5000, 20
0, 12000, 104, 202, 171, 3352099, 2785922, 0.4, 50, 100, 7, 102, 5000, 20
0, 12000, 86, 217, 167, 2961647, 2486447, 0.4, 50, 100, 7, 101, 5000, 20
0, 12000, 98, 211, 165, 3110323, 2583142, 0.4, 50, 100, 7, 111, 5000, 20
0, 12000, 105, 213, 187, 3245233, 2707486, 0.4, 50, 100, 7, 111, 5000, 20
0, 12000, 93, 229, 192, 3115608, 2691527, 0.4, 50, 100, 7, 105, 5000, 20
0, 12000, 102, 209, 187, 3025965, 2645921, 0.4, 50, 100, 7, 130, 5000, 20
0, 12000, 95, 183, 163, 3162975, 2680788, 0.4, 50, 100, 7, 115, 5000, 20
0, 12000, 98, 201, 191, 3031111, 2612820, 0.4, 50, 100, 7, 121, 5000, 20
0, 12000, 99, 201, 176, 2986102, 2513713, 0.4, 50, 100, 7, 131, 5000, 20
0, 12000, 90, 201, 157, 3062517, 2574092, 0.4, 50, 100, 7, 112, 5000, 20
0, 12000, 103, 229, 191, 3208036, 2674181, 0.4, 50, 100, 7, 123, 5000, 20
0, 12000, 99, 223, 195, 4194820, 3602031, 0.4, 50, 100, 9, 144, 5000, 20
0, 12000, 102, 221, 177, 4272987, 3565226, 0.4, 50, 100, 9, 149, 5000, 20
0, 12000, 95, 217, 175, 4253260, 3594878, 0.4, 50, 100, 9, 150, 5000, 20
0, 12000, 82, 201, 182, 3987205, 3487262, 0.4, 50, 100, 9, 150, 5000, 20
0, 12000, 91, 199, 161, 4268705, 3522272, 0.4, 50, 100, 9, 157, 5000, 20
0, 12000, 87, 173, 163, 4120819, 3563301, 0.4, 50, 100, 9, 158, 5000, 20
0, 12000, 104, 222, 189, 4195067, 3649313, 0.4, 50, 100, 9, 156, 5000, 20
0, 12000, 109, 206, 181, 4319523, 3656084, 0.4, 50, 100, 9, 170, 5000, 20
0, 12000, 105, 210, 176, 4149995, 3494365, 0.4, 50, 100, 9, 160, 5000, 20
0, 12000, 105, 215, 165, 4311111, 3676393, 0.4, 50, 100, 9, 146, 5000, 20
0, 12000, 115, 222, 190, 4157616, 3500709, 0.4, 50, 100, 9, 171, 5000, 20
0, 12000, 103, 201, 174, 4133858, 3463258, 0.4, 50, 100, 9, 164, 5000, 20
0, 12000, 104, 215, 183, 4042163, 3443068, 0.4, 50, 100, 9, 161, 5000, 20
0, 12000, 108, 210, 162, 4201951, 3641986, 0.4, 50, 100, 9, 155, 5000, 20
0, 12000, 113, 206, 194, 4047551, 3476253, 0.4, 50, 100, 9, 151, 5000, 20
0, 12000, 101, 206, 175, 4034610, 3390134, 0.4, 50, 100, 9, 181, 5000, 20
0, 12000, 109, 221, 188, 4267313, 3604757, 0.4, 50, 100, 9, 153, 5000, 20
0, 12000, 110, 219, 173, 4178488, 3377344, 0.4, 50, 100, 9, 161, 5000, 20
0, 12000, 100, 221, 180, 4115818, 3309178, 0.4, 50, 100, 9, 154, 5000, 20
0, 12000, 94, 183, 184, 4218445, 3684855, 0.4, 50, 100, 9, 153, 5000, 20
0, 12000, 103, 188, 177, 4073992, 3551785, 0.4, 50, 100, 9, 157, 5000, 20
0, 12000, 95, 208, 165, 3975546, 3213347, 0.4, 50, 100, 9, 167, 5000, 20
0, 12000, 109, 219, 193, 4162643, 3458912, 0.4, 50, 100, 9, 155, 5000, 20
0, 12000, 93, 193, 177, 4109666, 3563609, 0.4, 50, 100, 9, 189, 5000, 20
0, 12000, 99, 217, 187, 4246119, 3472251, 0.4, 50, 100, 9, 184, 5000, 20
0, 12000, 105, 190, 178, 4106857, 3463675, 0.4, 50, 100, 9, 193, 5000, 20
0, 12000, 78, 188, 154, 4174287, 3632734, 0.4, 50, 100, 9, 170, 5000, 20
0, 12000, 124, 230, 177, 4366153, 3520756, 0.4, 50, 100, 9, 180, 5000, 20
0, 12000, 100, 191, 186, 4368645, 3909723, 0.4, 50, 100, 9, 173, 5000, 20
0, 12000, 112, 220, 195, 4283071, 3486533, 0.4, 50, 100, 9, 149, 5000, 20
0, 12000, 101, 228, 192, 4098172, 3432227, 0.4, 50, 100, 9, 174, 5000, 20
0, 12000, 105, 205, 178, 4064211, 3570476, 0.4, 50, 100, 9, 170, 5000, 20
0, 12000, 90, 204, 175, 4145962, 3512809, 0.4, 50, 100, 9, 144, 5000, 20
0, 12000, 101, 223, 182, 4075290, 3473730, 0.4, 50, 100, 9, 173, 5000, 20
0, 12000, 94, 204, 179, 4230187, 3530105, 0.4, 50, 100, 9, 156, 5000, 20
0, 12000, 106, 221, 185, 4064711, 3457361, 0.4, 50, 100, 9, 159, 5000, 20
0, 12000, 113, 232, 194, 4152675, 3454293, 0.4, 50, 100, 9, 160, 5000, 20
0, 12000, 89, 209, 186, 4189213, 3537257, 0.4, 50, 100, 9, 150, 5000, 20
0, 12000, 121, 227, 204, 4167593, 3544879, 0.4, 50, 100, 9, 195, 5000, 20
0, 12000, 125, 217, 202, 4153384, 3622605, 0.4, 50, 100, 9, 172, 5000, 20
0, 12000, 108, 216, 196, 4054173, 3536392, 0.4, 50, 100, 9, 148, 5000, 20
0, 12000, 107, 207, 201, 4032944, 3586760, 0.4, 50, 100, 9, 142, 5000, 20
0, 12000, 92, 199, 157, 3966749, 3340676, 0.4, 50, 100, 9, 146, 5000, 20
0, 12000, 94, 196, 162, 4174719, 3679622, 0.4, 50, 100, 9, 145, 5000, 20
0, 12000, 117, 203, 177, 4193548, 3597444, 0.4, 50, 100, 9, 157, 5000, 20
0, 12000, 104, 204, 158, 4069562, 3495838, 0.4, 50, 100, 9, 168, 5000, 20
0, 12000, 91, 200, 167, 4246332, 3518156, 0.4, 50, 100, 9, 174, 5000, 20
0, 12000, 103, 226, 188, 4364939, 3643173, 0.4, 50, 100, 9, 155, 5000, 20
0, 12000, 97, 212, 189, 3932432, 3339497, 0.4, 50, 100, 9, 155, 5000, 20
0, 12000, 104, 216, 193, 4123179, 3487860, 0.4, 50, 100, 9, 152, 5000, 20
0, 12000, 105, 218, 189, 4373867, 3655179, 0.4, 50, 100, 9, 158, 5000, 20
0, 12000, 127, 228, 202, 4137709, 3454767, 0.4, 50, 100, 9, 183, 5000, 20
0, 12000, 109, 212, 183, 3969171, 3370932, 0.4, 50, 100, 9, 176, 5000, 20
0, 12000, 98, 205, 178, 3907797, 3260613, 0.4, 50, 100, 9, 184, 5000, 20
0, 12000, 112, 213, 185, 4027380, 3600931, 0.4, 50, 100, 9, 162, 5000, 20
0, 12000, 99, 218, 192, 4145786, 3518543, 0.4, 50, 100, 9, 154, 5000, 20
0, 12000, 92, 213, 173, 4136869, 3426212, 0.4, 50, 100, 9, 157, 5000, 20
0, 12000, 85, 184, 174, 4257119, 3655496, 0.4, 50, 100, 9, 181, 5000, 20
0, 12000, 98, 210, 181, 4068104, 3343706, 0.4, 50, 100, 9, 165, 5000, 20
0, 12000, 94, 219, 179, 3964650, 3319769, 0.4, 50, 100, 9, 143, 5000, 20
0, 12000, 94, 214, 178, 4364788, 3658660, 0.4, 50, 100, 9, 174, 5000, 20
0, 12000, 104, 224, 198, 4118624, 3576474, 0.4, 50, 100, 9, 181, 5000, 20
0, 12000, 109, 225, 193, 4257196, 3502524, 0.4, 50, 100, 9, 185, 5000, 20
0, 12000, 102, 227, 198, 4053206, 3485118, 0.4, 50, 100, 9, 151, 5000, 20
0, 12000, 93, 189, 161, 4157789, 3563269, 0.4, 50, 100, 9, 167, 5000, 20
0, 12000, 90, 208, 180, 3977053, 3538664, 0.4, 50, 100, 9, 156, 5000, 20
0, 12000, 86, 201, 171, 4163085, 3667181, 0.4, 50, 100, 9, 154, 5000, 20
0, 12000, 110, 226, 206, 4178090, 3530696, 0.4, 50, 100, 9, 152, 5000, 20
0, 12000, 97, 221, 182, 4094654, 3422963, 0.4, 50, 100, 9, 204, 5000, 20
0, 12000, 113, 210, 182, 4054502, 3484460, 0.4, 50, 100, 9, 149, 5000, 20
0, 12000, 113, 225, 209, 4305747, 3547397, 0.4, 50, 100, 9, 152, 5000, 20
0, 12000, 105, 209, 182, 4193854, 3593139, 0.4, 50, 100, 9, 171, 5000, 20
0, 12000, 104, 221, 194, 4105823, 3524791, 0.4, 50, 100, 9, 166, 5000, 20
0, 12000, 80, 187, 163, 4187922, 3508449, 0.4, 50, 100, 9, 150, 5000, 20
0, 12000, 93, 213, 205, 4131861, 3590138, 0.4, 50, 100, 9, 147, 5000, 20
0, 12000, 97, 203, 174, 4097731, 3518506, 0.4, 50, 100, 9, 157, 5000, 20
0, 12000, 95, 215, 184, 4145857, 3514567, 0.4, 50, 100, 9, 153, 5000, 20
0, 12000, 97, 214, 188, 4198328, 3616955, 0.4, 50, 100, 9, 148, 5000, 20
0, 12000, 92, 201, 184, 4094694, 3546912, 0.4, 50, 100, 9, 162, 5000, 20
0, 12000, 97, 202, 181, 4136465, 3424727, 0.4, 50, 100, 9, 164, 5000, 20
0, 12000, 102, 219, 194, 4151796, 3404022, 0.4, 50, 100, 9, 152, 5000, 20
0, 12000, 98, 197, 171, 4179399, 3403763, 0.4, 50, 100, 9, 179, 5000, 20
0, 12000, 84, 198, 162, 4228359, 3432379, 0.4, 50, 100, 9, 164, 5000, 20
0, 12000, 97, 216, 187, 4071058, 3548388, 0.4, 50, 100, 9, 154, 5000, 20
0, 12000, 100, 210, 172, 4207167, 3417907, 0.4, 50, 100, 9, 157, 5000, 20
0, 12000, 115, 210, 196, 4158688, 3340383, 0.4, 50, 100, 9, 160, 5000, 20
0, 12000, 96, 212, 169, 3990071, 3382152, 0.4, 50, 100, 9, 156, 5000, 20
0, 12000, 93, 191, 168, 4198583, 3619388, 0.4, 50, 100, 9, 165, 5000, 20
0, 12000, 105, 208, 177, 4134877, 3578792, 0.4, 50, 100, 9, 178, 5000, 20
0, 12000, 97, 214, 178, 4272223, 3574460, 0.4, 50, 100, 9, 203, 5000, 20
0, 12000, 106, 207, 184, 4196511, 3478762, 0.4, 50, 100, 9, 155, 5000, 20
0, 12000, 106, 221, 188, 4128663, 3532986, 0.4, 50, 100, 9, 151, 5000, 20
0, 12000, 100, 206, 173, 4083883, 3431618, 0.4, 50, 100, 9, 167, 5000, 20
0, 12000, 105, 204, 190, 4125325, 3578680, 0.4, 50, 100, 9, 174, 5000, 20
0, 12000, 106, 213, 188, 4228457, 3598135, 0.4, 50, 100, 9, 166, 5000, 20
0, 12000, 102, 209, 173, 4034581, 3321254, 0.4, 50, 100, 9, 173, 5000, 20
0, 12000, 103, 204, 175, 4094514, 3523246, 0.4, 50, 100, 9, 163, 5000, 20
0, 12000, 78, 169, 140, 4275303, 3504647, 0.4, 50, 100, 9, 191, 5000, 20
0, 12000, 98, 212, 183, 3967784, 3374377, 0.4, 50, 100, 9, 169, 5000, 20
0, 12000, 110, 220, 191, 4154480, 3477210, 0.4, 50, 100, 9, 192, 5000, 20
0, 12000, 92, 204, 179, 4939211, 4141852, 0.4, 50, 100, 11, 210, 5000, 20
0, 12000, 80, 200, 161, 5162367, 4360979, 0.4, 50, 100, 11, 209, 5000, 20
0, 12000, 105, 203, 194, 5202958, 4369324, 0.4, 50, 100, 11, 225, 5000, 20
0, 12000, 102, 219, 186, 5145481, 4518559, 0.4, 50, 100, 11, 223, 5000, 20
0, 12000, 117, 216, 189, 4991186, 4288774, 0.4, 50, 100, 11, 205, 5000, 20
0, 12000, 118, 228, 199, 5025223, 4336552, 0.4, 50, 100, 11, 234, 5000, 20
0, 12000, 110, 230, 192, 5022290, 4158094, 0.4, 50, 100, 11, 241, 5000, 20
0, 12000, 99, 219, 176, 5118320, 4248021, 0.4, 50, 100, 11, 231, 5000, 20
0, 12000, 101, 227, 174, 4969598, 4309476, 0.4, 50, 100, 11, 214, 5000, 20
0, 12000, 109, 211, 174, 5005833, 4120481, 0.4, 50, 100, 11, 233, 5000, 20
0, 12000, 103, 219, 193, 4965088, 4297003, 0.4, 50, 100, 11, 235, 5000, 20
0, 12000, 107, 217, 196, 4978944, 4191553, 0.4, 50, 100, 11, 280, 5000, 20
0, 12000, 94, 206, 168, 5004172, 4276946, 0.4, 50, 100, 11, 220, 5000, 20
0, 12000, 102, 211, 189, 5112216, 4410143, 0.4, 50, 100, 11, 229, 5000, 20
0, 12000, 91, 205, 184, 5012193, 4287216, 0.4, 50, 100, 11, 212, 5000, 20
0, 12000, 92, 219, 196, 5039034, 4234405, 0.4, 50, 100, 11, 201, 5000, 20
0, 12000, 91, 203, 181, 4853878, 4236031, 0.4, 50, 100, 11, 207, 5000, 20
0, 12000, 96, 205, 180, 4877664, 4223888, 0.4, 50, 100, 11, 309, 5000, 20
0, 12000, 113, 225, 193, 5148273, 4353662, 0.4, 50, 100, 11, 242, 5000, 20
0, 12000, 97, 221, 184, 5013927, 4212922, 0.4, 50, 100, 11, 306, 5000, 20
0, 12000, 101, 208, 185, 4972879, 4432291, 0.4, 50, 100, 11, 283, 5000, 20
0, 12000, 91, 192, 181, 4825500, 4023988, 0.4, 50, 100, 11, 218, 5000, 20
0, 12000, 98, 211, 171, 5077428, 4264374, 0.4, 50, 100, 11, 213, 5000, 20
0, 12000, 97, 222, 177, 5196521, 4346190, 0.4, 50, 100, 11, 269, 5000, 20
0, 12000, 99, 205, 168, 4859388, 4224823, 0.4, 50, 100, 11, 208, 5000, 20
0, 12000, 101, 223, 181, 4881105, 4078148, 0.4, 50, 100, 11, 231, 5000, 20
0, 12000, 104, 218, 186, 5210968, 4281787, 0.4, 50, 100, 11, 239, 5000, 20
0, 12000, 100, 208, 176, 4969719, 4216378, 0.4, 50, 100, 11, 284, 5000, 20
0, 12000, 89, 206, 184, 5099860, 4244253, 0.4, 50, 100, 11, 240, 5000, 20
0, 12000, 86, 198, 172, 4968473, 4158429, 0.4, 50, 100, 11, 198, 5000, 20
0, 12000, 104, 210, 187, 5021028, 4329559, 0.4, 50, 100, 11, 234, 5000, 20
0, 12000, 104, 212, 192, 4966617, 4283829, 0.4, 50, 100, 11, 213, 5000, 20
0, 12000, 100, 220, 179, 5068986, 4178664, 0.4, 50, 100, 11, 349, 5000, 20
0, 12000, 103, 217, 194, 5190315, 4384742, 0.4, 50, 100, 11, 227, 5000, 20
0, 12000, 89, 208, 204, 4884059, 4136081, 0.4, 50, 100, 11, 210, 5000, 20
0, 12000, 94, 220, 173, 5098796, 4182773, 0.4, 50, 100, 11, 214, 5000, 20
0, 12000, 125, 225, 200, 5067520, 4389167, 0.4, 50, 100, 11, 238, 5000, 20
0, 12000, 87, 189, 174, 5013226, 4158394, 0.4, 50, 100, 11, 222, 5000, 20
0, 12000, 106, 233, 200, 5044318, 4251736, 0.4, 50, 100, 11, 251, 5000, 20
0, 12000, 103, 195, 194, 4880716, 4245159, 0.4, 50, 100, 11, 275, 5000, 20
0, 12000, 77, 196, 154, 5055147, 4100296, 0.4, 50, 100, 11, 222, 5000, 20
0, 12000, 99, 182, 150, 5272278, 4311767, 0.4, 50, 100, 11, 249, 5000, 20
0, 12000, 94, 222, 181, 4899161, 4196498, 0.4, 50, 100, 11, 229, 5000, 20
0, 12000, 97, 207, 172, 4901133, 4244367, 0.4, 50, 100, 11, 223, 5000, 20
0, 12000, 109, 211, 176, 5069439, 4196700, 0.4, 50, 100, 11, 327, 5000, 20
0, 12000, 87, 208, 175, 5080022, 4272362, 0.4, 50, 100, 11, 203, 5000, 20
0, 12000, 98, 208, 176, 5023147, 4067815, 0.4, 50, 100, 11, 310, 5000, 20
0, 12000, 96, 199, 185, 5140515, 4441583, 0.4, 50, 100, 11, 246, 5000, 20
0, 12000, 108, 215, 195, 5162026, 4333062, 0.4, 50, 100, 11, 301, 5000, 20
0, 12000, 118, 226, 214, 5065702, 4358238, 0.4, 50, 100, 11, 210, 5000, 20
0, 12000, 113, 231, 193, 5110386, 4324621, 0.4, 50, 100, 11, 213, 5000, 20
0, 12000, 103, 204, 177, 5191016, 4259007, 0.4, 50, 100, 11, 236, 5000, 20
0, 12000, 101, 221, 202, 4792783, 4213640, 0.4, 50, 100, 11, 226, 5000, 20
0, 12000, 105, 214, 176, 5090875, 4184749, 0.4, 50, 100, 11, 251, 5000, 20
0, 12000, 93, 201, 174, 4951144, 4167884, 0.4, 50, 100, 11, 225, 5000, 20
0, 12000, 92, 201, 180, 5255156, 4346478, 0.4, 50, 100, 11, 295, 5000, 20
0, 12000, 93, 219, 181, 5027941, 4213268, 0.4, 50, 100, 11, 227, 5000, 20
0, 12000, 98, 210, 184, 5097525, 4336310, 0.4, 50, 100, 11, 286, 5000, 20
0, 12000, 106, 198, 171, 5065032, 4322694, 0.4, 50, 100, 11, 321, 5000, 20
0, 12000, 90, 207, 170, 5054689, 4204245, 0.4, 50, 100, 11, 260, 5000, 20
0, 12000, 101, 223, 179, 4966116, 4166205, 0.4, 50, 100, 11, 223, 5000, 20
0, 12000, 88, 209, 181, 5032494, 4181749, 0.4, 50, 100, 11, 235, 5000, 20
0, 12000, 100, 197, 178, 5124186, 4336067, 0.4, 50, 100, 11, 208, 5000, 20
0, 12000, 111, 209, 191, 5186608, 4449784, 0.4, 50, 100, 11, 205, 5000, 20
0, 12000, 96, 198, 186, 4965290, 4447190, 0.4, 50, 100, 11, 236, 5000, 20
0, 12000, 103, 215, 192, 5111800, 4441079, 0.4, 50, 100, 11, 203, 5000, 20
0, 12000, 114, 236, 208, 4990063, 4379702, 0.4, 50, 100, 11, 309, 5000, 20
0, 12000, 104, 225, 184, 5075214, 4350165, 0.4, 50, 100, 11, 251, 5000, 20
0, 12000, 97, 214, 199, 5049783, 4289245, 0.4, 50, 100, 11, 215, 5000, 20
0, 12000, 97, 208, 151, 5108271, 4161784, 0.4, 50, 100, 11, 224, 5000, 20
0, 12000, 99, 204, 164, 5079080, 4377524, 0.4, 50, 100, 11, 278, 5000, 20
0, 12000, 109, 220, 185, 4987142, 4177498, 0.4, 50, 100, 11, 215, 5000, 20
0, 12000, 91, 197, 173, 5098318, 4149809, 0.4, 50, 100, 11, 216, 5000, 20
0, 12000, 116, 237, 212, 4847285, 4229191, 0.4, 50, 100, 11, 257, 5000, 20
0, 12000, 104, 205, 191, 4960991, 4241557, 0.4, 50, 100, 11, 221, 5000, 20
0, 12000, 101, 209, 189, 4915934, 4204297, 0.4, 50, 100, 11, 220, 5000, 20
0, 12000, 91, 205, 191, 4988407, 4266433, 0.4, 50, 100, 11, 285, 5000, 20
0, 12000, 84, 212, 177, 4932650, 4189772, 0.4, 50, 100, 11, 213, 5000, 20
0, 12000, 113, 238, 201, 5001623, 4144846, 0.4, 50, 100, 11, 225, 5000, 20
0, 12000, 112, 210, 197, 4887656, 4307010, 0.4, 50, 100, 11, 210, 5000, 20
0, 12000, 102, 228, 189, 4900183, 4238275, 0.4, 50, 100, 11, 262, 5000, 20
0, 12000, 98, 178, 170, 5127308, 4284939, 0.4, 50, 100, 11, 296, 5000, 20
0, 12000, 109, 240, 196, 4841135, 4013647, 0.4, 50, 100, 11, 213, 5000, 20
0, 12000, 93, 187, 149, 4810873, 4245483, 0.4, 50, 100, 11, 240, 5000, 20
0, 12000, 85, 195, 162, 5214726, 4178601, 0.4, 50, 100, 11, 228, 5000, 20
0, 12000, 103, 222, 187, 5066636, 4223290, 0.4, 50, 100, 11, 270, 5000, 20
0, 12000, 93, 208, 175, 5099048, 4504957, 0.4, 50, 100, 11, 210, 5000, 20
0, 12000, 105, 207, 199, 4889345, 4317572, 0.4, 50, 100, 11, 265, 5000, 20
0, 12000, 85, 204, 166, 5028431, 4279025, 0.4, 50, 100, 11, 229, 5000, 20
0, 12000, 101, 217, 179, 4991390, 4283025, 0.4, 50, 100, 11, 303, 5000, 20
0, 12000, 97, 197, 182, 5123765, 4389868, 0.4, 50, 100, 11, 265, 5000, 20
0, 12000, 116, 207, 201, 4782768, 4160185, 0.4, 50, 100, 11, 232, 5000, 20
0, 12000, 107, 216, 190, 4973327, 4229855, 0.4, 50, 100, 11, 205, 5000, 20
0, 12000, 111, 219, 182, 5133734, 4370294, 0.4, 50, 100, 11, 219, 5000, 20
0, 12000, 101, 202, 171, 4933686, 4210552, 0.4, 50, 100, 11, 237, 5000, 20
0, 12000, 113, 220, 193, 4944020, 4235610, 0.4, 50, 100, 11, 209, 5000, 20
0, 12000, 107, 229, 182, 5057689, 4224454, 0.4, 50, 100, 11, 371, 5000, 20
0, 12000, 105, 216, 190, 5020137, 4333956, 0.4, 50, 100, 11, 280, 5000, 20
0, 12000, 103, 226, 179, 5845070, 4991502, 0.4, 50, 100, 13, 281, 5000, 20
0, 12000, 105, 217, 205, 6269694, 5199861, 0.4, 50, 100, 13, 284, 5000, 20
0, 12000, 112, 230, 205, 5017318, 4384242, 0.4, 50, 100, 11, 339, 5000, 20
0, 12000, 99, 204, 181, 6059079, 5170704, 0.4, 50, 100, 13, 278, 5000, 20
0, 12000, 119, 227, 183, 6294449, 5135514, 0.4, 50, 100, 13, 267, 5000, 20
0, 12000, 96, 202, 163, 5978514, 5044480, 0.4, 50, 100, 13, 278, 5000, 20
0, 12000, 91, 211, 177, 5954711, 5148666, 0.4, 50, 100, 13, 364, 5000, 20
0, 12000, 100, 220, 190, 6085274, 5122745, 0.4, 50, 100, 13, 330, 5000, 20
0, 12000, 103, 218, 184, 5753036, 5015218, 0.4, 50, 100, 13, 355, 5000, 20
0, 12000, 104, 199, 188, 6171966, 5275013, 0.4, 50, 100, 13, 382, 5000, 20
0, 12000, 113, 226, 207, 5148656, 4403777, 0.4, 50, 100, 11, 405, 5000, 20
0, 12000, 122, 236, 205, 5911079, 4969547, 0.4, 50, 100, 13, 280, 5000, 20
0, 12000, 105, 223, 207, 6016277, 5056322, 0.4, 50, 100, 13, 332, 5000, 20
0, 12000, 89, 206, 174, 5851391, 5106574, 0.4, 50, 100, 13, 367, 5000, 20
0, 12000, 110, 211, 200, 6082544, 5121112, 0.4, 50, 100, 13, 275, 5000, 20
0, 12000, 111, 214, 196, 5889976, 5050927, 0.4, 50, 100, 13, 363, 5000, 20
0, 12000, 112, 207, 200, 5969535, 5085699, 0.4, 50, 100, 13, 304, 5000, 20
0, 12000, 105, 202, 180, 5854629, 4957658, 0.4, 50, 100, 13, 329, 5000, 20
0, 12000, 89, 215, 178, 5836625, 5021783, 0.4, 50, 100, 13, 321, 5000, 20
0, 12000, 80, 174, 168, 5974101, 5142190, 0.4, 50, 100, 13, 350, 5000, 20
0, 12000, 108, 229, 197, 5898289, 4981723, 0.4, 50, 100, 13, 290, 5000, 20
0, 12000, 91, 207, 190, 5877681, 5070912, 0.4, 50, 100, 13, 311, 5000, 20
0, 12000, 98, 204, 191, 5997615, 5016142, 0.4, 50, 100, 13, 313, 5000, 20
0, 12000, 104, 206, 176, 5847935, 5214947, 0.4, 50, 100, 13, 286, 5000, 20
0, 12000, 95, 210, 186, 6029283, 5075624, 0.4, 50, 100, 13, 334, 5000, 20
0, 12000, 98, 207, 181, 5859697, 4812562, 0.4, 50, 100, 13, 343, 5000, 20
0, 12000, 100, 206, 163, 5893205, 4932073, 0.4, 50, 100, 13, 300, 5000, 20
0, 12000, 110, 206, 173, 5809421, 4859664, 0.4, 50, 100, 13, 420, 5000, 20
0, 12000, 98, 200, 159, 6105446, 5119572, 0.4, 50, 100, 13, 392, 5000, 20
0, 12000, 101, 216, 186, 6116310, 5112199, 0.4, 50, 100, 13, 387, 5000, 20
0, 12000, 115, 216, 190, 5993499, 5085534, 0.4, 50, 100, 13, 319, 5000, 20
0, 12000, 102, 195, 174, 6022684, 5157392, 0.4, 50, 100, 13, 293, 5000, 20
0, 12000, 113, 226, 186, 5849041, 4927119, 0.4, 50, 100, 13, 259, 5000, 20
0, 12000, 88, 206, 178, 5792087, 4878954, 0.4, 50, 100, 13, 316, 5000, 20
0, 12000, 101, 214, 181, 5996166, 4997233, 0.4, 50, 100, 13, 368, 5000, 20
0, 12000, 96, 195, 174, 6100776, 5110742, 0.4, 50, 100, 13, 279, 5000, 20
0, 12000, 90, 179, 168, 5929532, 4905267, 0.4, 50, 100, 13, 359, 5000, 20
0, 12000, 98, 214, 181, 6127173, 5275902, 0.4, 50, 100, 13, 310, 5000, 20
0, 12000, 103, 208, 173, 5601087, 4865324, 0.4, 50, 100, 13, 291, 5000, 20
0, 12000, 106, 219, 184, 5872730, 4977872, 0.4, 50, 100, 13, 353, 5000, 20
0, 12000, 98, 194, 197, 6031694, 5211309, 0.4, 50, 100, 13, 355, 5000, 20
0, 12000, 94, 207, 177, 5917180, 4994578, 0.4, 50, 100, 13, 264, 5000, 20
0, 12000, 99, 192, 164, 6115890, 5247388, 0.4, 50, 100, 13, 295, 5000, 20
0, 12000, 114, 233, 204, 6019893, 5000937, 0.4, 50, 100, 13, 273, 5000, 20
0, 12000, 102, 214, 184, 5977369, 5150100, 0.4, 50, 100, 13, 435, 5000, 20
0, 12000, 93, 217, 181, 5655904, 4963751, 0.4, 50, 100, 13, 397, 5000, 20
0, 12000, 98, 204, 188, 6123268, 5186917, 0.4, 50, 100, 13, 272, 5000, 20
0, 12000, 88, 197, 170, 5909973, 4961942, 0.4, 50, 100, 13, 338, 5000, 20
0, 12000, 103, 227, 202, 5699104, 4809603, 0.4, 50, 100, 13, 362, 5000, 20
0, 12000, 107, 229, 194, 5734869, 4888604, 0.4, 50, 100, 13, 341, 5000, 20
0, 12000, 100, 203, 178, 6145069, 5091082, 0.4, 50, 100, 13, 385, 5000, 20
0, 12000, 104, 214, 194, 5904680, 5071528, 0.4, 50, 100, 13, 356, 5000, 20
0, 12000, 104, 224, 188, 5878904, 4974205, 0.4, 50, 100, 13, 293, 5000, 20
0, 12000, 78, 202, 138, 5852896, 4795986, 0.4, 50, 100, 13, 273, 5000, 20
0, 12000, 109, 228, 205, 5835968, 5055683, 0.4, 50, 100, 13, 272, 5000, 20
0, 12000, 94, 169, 161, 5858308, 5046060, 0.4, 50, 100, 13, 415, 5000, 20
0, 12000, 95, 212, 170, 5881578, 4941242, 0.4, 50, 100, 13, 290, 5000, 20
0, 12000, 96, 218, 175, 6051151, 5002408, 0.4, 50, 100, 13, 449, 5000, 20
0, 12000, 110, 234, 202, 6071788, 5046663, 0.4, 50, 100, 13, 347, 5000, 20
0, 12000, 106, 220, 181, 5665576, 4952478, 0.4, 50, 100, 13, 269, 5000, 20
0, 12000, 100, 206, 176, 6036207, 5157525, 0.4, 50, 100, 13, 611, 5000, 20
0, 12000, 97, 229, 183, 6211731, 5171110, 0.4, 50, 100, 13, 259, 5000, 20
0, 12000, 108, 223, 186, 6100332, 5073146, 0.4, 50, 100, 13, 389, 5000, 20
0, 12000, 105, 223, 191, 5893405, 4965294, 0.4, 50, 100, 13, 385, 5000, 20
0, 12000, 96, 203, 180, 6051553, 5112457, 0.4, 50, 100, 13, 263, 5000, 20
0, 12000, 101, 217, 181, 5882929, 4920525, 0.4, 50, 100, 13, 289, 5000, 20
0, 12000, 113, 235, 200, 5929168, 5153375, 0.4, 50, 100, 13, 259, 5000, 20
0, 12000, 112, 215, 188, 5924051, 4967131, 0.4, 50, 100, 13, 285, 5000, 20
0, 12000, 102, 218, 185, 5804586, 5084005, 0.4, 50, 100, 13, 471, 5000, 20
0, 12000, 103, 224, 192, 6004424, 5183685, 0.4, 50, 100, 13, 338, 5000, 20
0, 12000, 105, 200, 167, 6307604, 5212877, 0.4, 50, 100, 13, 290, 5000, 20
0, 12000, 101, 209, 188, 5747248, 4875248, 0.4, 50, 100, 13, 300, 5000, 20
0, 12000, 98, 206, 168, 5918158, 5074811, 0.4, 50, 100, 13, 291, 5000, 20
0, 12000, 76, 181, 151, 5882595, 5037709, 0.4, 50, 100, 13, 303, 5000, 20
0, 12000, 114, 228, 186, 5826206, 4996570, 0.4, 50, 100, 13, 289, 5000, 20
0, 12000, 111, 215, 185, 6087058, 5053274, 0.4, 50, 100, 13, 291, 5000, 20
0, 12000, 99, 188, 164, 5815298, 5118791, 0.4, 50, 100, 13, 314, 5000, 20
0, 12000, 99, 212, 192, 6154912, 4986020, 0.4, 50, 100, 13, 373, 5000, 20
0, 12000, 110, 192, 179, 5761262, 4985895, 0.4, 50, 100, 13, 353, 5000, 20
0, 12000, 108, 203, 195, 5902209, 4981022, 0.4, 50, 100, 13, 424, 5000, 20
0, 12000, 100, 212, 159, 5811409, 4866011, 0.4, 50, 100, 13, 305, 5000, 20
0, 12000, 90, 205, 168, 5836802, 4962076, 0.4, 50, 100, 13, 365, 5000, 20
0, 12000, 116, 229, 203, 6038244, 5122260, 0.4, 50, 100, 13, 382, 5000, 20
0, 12000, 106, 212, 194, 5672525, 4864646, 0.4, 50, 100, 13, 311, 5000, 20
0, 12000, 103, 217, 182, 6171093, 5073603, 0.4, 50, 100, 13, 327, 5000, 20
0, 12000, 93, 192, 165, 6075933, 5209637, 0.4, 50, 100, 13, 333, 5000, 20
0, 12000, 99, 219, 188, 6087372, 5177215, 0.4, 50, 100, 13, 358, 5000, 20
0, 12000, 117, 224, 209, 5961467, 5054449, 0.4, 50, 100, 13, 280, 5000, 20
0, 12000, 113, 222, 194, 5837128, 4896264, 0.4, 50, 100, 13, 373, 5000, 20
0, 12000, 105, 210, 195, 5798120, 4935602, 0.4, 50, 100, 13, 286, 5000, 20
0, 12000, 97, 213, 181, 5890186, 4970472, 0.4, 50, 100, 13, 286, 5000, 20
0, 12000, 88, 205, 171, 5991177, 4953844, 0.4, 50, 100, 13, 394, 5000, 20
0, 12000, 98, 218, 187, 5717916, 4996017, 0.4, 50, 100, 13, 534, 5000, 20
0, 12000, 108, 217, 185, 5894692, 5070520, 0.4, 50, 100, 13, 354, 5000, 20
0, 12000, 92, 209, 176, 6016551, 5207960, 0.4, 50, 100, 13, 334, 5000, 20
0, 12000, 122, 227, 190, 5970303, 5183943, 0.4, 50, 100, 13, 400, 5000, 20
0, 12000, 99, 196, 159, 6040279, 4982346, 0.4, 50, 100, 13, 311, 5000, 20
0, 12000, 95, 189, 164, 5761732, 4846954, 0.4, 50, 100, 13, 385, 5000, 20
0, 12000, 99, 198, 174, 5923675, 5041713, 0.4, 50, 100, 13, 361, 5000, 20
0, 12000, 79, 201, 175, 5818394, 5112086, 0.4, 50, 100, 13, 454, 5000, 20
0, 12000, 100, 222, 185, 5698845, 4959517, 0.4, 50, 100, 13, 350, 5000, 20
0, 12000, 110, 221, 197, 6727972, 5718436, 0.4, 50, 100, 15, 366, 5000, 20
0, 12000, 111, 224, 191, 6672221, 5682133, 0.4, 50, 100, 15, 388, 5000, 20
0, 12000, 110, 233, 205, 6801978, 5748410, 0.4, 50, 100, 15, 386, 5000, 20
0, 12000, 88, 194, 163, 6938564, 6027659, 0.4, 50, 100, 15, 435, 5000, 20
0, 12000, 110, 213, 181, 6921998, 5723054, 0.4, 50, 100, 15, 371, 5000, 20
0, 12000, 107, 224, 188, 7066355, 5894335, 0.4, 50, 100, 15, 349, 5000, 20
0, 12000, 114, 227, 183, 7004287, 5802609, 0.4, 50, 100, 15, 427, 5000, 20
0, 12000, 113, 226, 190, 6907453, 5721894, 0.4, 50, 100, 15, 404, 5000, 20
0, 12000, 95, 208, 174, 5756319, 5009090, 0.4, 50, 100, 13, 504, 5000, 20
0, 12000, 116, 227, 191, 6828926, 5954448, 0.4, 50, 100, 15, 395, 5000, 20
0, 12000, 104, 226, 185, 7123297, 5866302, 0.4, 50, 100, 15, 463, 5000, 20
0, 12000, 90, 203, 191, 6939210, 5814410, 0.4, 50, 100, 15, 368, 5000, 20
0, 12000, 110, 227, 208, 6914591, 5938466, 0.4, 50, 100, 15, 509, 5000, 20
0, 12000, 101, 226, 199, 6643851, 5430313, 0.4, 50, 100, 15, 440, 5000, 20
0, 12000, 105, 212, 192, 6935370, 5607504, 0.4, 50, 100, 15, 426, 5000, 20
0, 12000, 113, 231, 189, 6934578, 5858548, 0.4, 50, 100, 15, 434, 5000, 20
0, 12000, 106, 194, 183, 6834628, 5819534, 0.4, 50, 100, 15, 416, 5000, 20
0, 12000, 111, 211, 183, 6839504, 5820619, 0.4, 50, 100, 15, 464, 5000, 20
0, 12000, 110, 222, 205, 6786869, 5929107, 0.4, 50, 100, 15, 541, 5000, 20
0, 12000, 96, 193, 166, 6797991, 5786876, 0.4, 50, 100, 15, 439, 5000, 20
0, 12000, 90, 205, 174, 7022873, 5901601, 0.4, 50, 100, 15, 431, 5000, 20
0, 12000, 105, 193, 182, 6476245, 5605640, 0.4, 50, 100, 15, 436, 5000, 20
0, 12000, 92, 209, 167, 6710281, 5712991, 0.4, 50, 100, 15, 516, 5000, 20
0, 12000, 102, 213, 191, 6736202, 5919058, 0.4, 50, 100, 15, 655, 5000, 20
0, 12000, 101, 218, 184, 6772924, 5743335, 0.4, 50, 100, 15, 480, 5000, 20
0, 12000, 91, 205, 180, 6905917, 5626576, 0.4, 50, 100, 15, 393, 5000, 20
0, 12000, 86, 199, 159, 6838599, 5776200, 0.4, 50, 100, 15, 591, 5000, 20
0, 12000, 95, 210, 211, 6594434, 5669810, 0.4, 50, 100, 15, 353, 5000, 20
0, 12000, 109, 209, 199, 6941092, 5938635, 0.4, 50, 100, 15, 408, 5000, 20
0, 12000, 105, 214, 179, 7059437, 5977538, 0.4, 50, 100, 15, 503, 5000, 20
0, 12000, 112, 221, 180, 6802153, 5648120, 0.4, 50, 100, 15, 625, 5000, 20
0, 12000, 107, 213, 203, 6829779, 5750776, 0.4, 50, 100, 15, 561, 5000, 20
0, 12000, 100, 216, 177, 6909035, 5801551, 0.4, 50, 100, 15, 444, 5000, 20
0, 12000, 110, 229, 208, 6856023, 5743465, 0.4, 50, 100, 15, 527, 5000, 20
0, 12000, 110, 221, 208, 6743736, 5790864, 0.4, 50, 100, 15, 470, 5000, 20
0, 12000, 96, 215, 182, 6669747, 5598255, 0.4, 50, 100, 15, 376, 5000, 20
0, 12000, 104, 205, 173, 6983898, 5946399, 0.4, 50, 100, 15, 475, 5000, 20
0, 12000, 99, 205, 181, 6754623, 5729771, 0.4, 50, 100, 15, 490, 5000, 20
0, 12000, 114, 216, 191, 6895879, 5851483, 0.4, 50, 100, 15, 654, 5000, 20
0, 12000, 117, 229, 184, 6633399, 5695951, 0.4, 50, 100, 15, 387, 5000, 20
0, 12000, 92, 198, 170, 6835898, 5895490, 0.4, 50, 100, 15, 395, 5000, 20
0, 12000, 103, 220, 186, 6803359, 5845540, 0.4, 50, 100, 15, 522, 5000, 20
0, 12000, 88, 205, 171, 6859828, 5865461, 0.4, 50, 100, 15, 446, 5000, 20
0, 12000, 105, 215, 190, 6768689, 5795954, 0.4, 50, 100, 15, 396, 5000, 20
0, 12000, 99, 211, 175, 6869723, 5831791, 0.4, 50, 100, 15, 519, 5000, 20
0, 12000, 102, 204, 196, 6955996, 5816382, 0.4, 50, 100, 15, 610, 5000, 20
0, 12000, 107, 218, 202, 7018038, 5799840, 0.4, 50, 100, 15, 396, 5000, 20
0, 12000, 96, 211, 181, 6820684, 5827545, 0.4, 50, 100, 15, 394, 5000, 20
0, 12000, 104, 215, 186, 6965268, 5749177, 0.4, 50, 100, 15, 473, 5000, 20
0, 12000, 101, 225, 192, 6770980, 5718146, 0.4, 50, 100, 15, 493, 5000, 20
0, 12000, 102, 203, 193, 6651915, 5743573, 0.4, 50, 100, 15, 395, 5000, 20
0, 12000, 98, 213, 184, 6791015, 5856116, 0.4, 50, 100, 15, 447, 5000, 20
0, 12000, 107, 215, 195, 6815496, 5675283, 0.4, 50, 100, 15, 404, 5000, 20
0, 12000, 110, 215, 198, 6753835, 5740924, 0.4, 50, 100, 15, 432, 5000, 20
0, 12000, 95, 198, 178, 7104035, 6146417, 0.4, 50, 100, 15, 374, 5000, 20
0, 12000, 82, 193, 161, 7009082, 5926494, 0.4, 50, 100, 15, 622, 5000, 20
0, 12000, 105, 230, 199, 6898474, 5841784, 0.4, 50, 100, 15, 514, 5000, 20
0, 12000, 102, 204, 194, 6781166, 5786975, 0.4, 50, 100, 15, 350, 5000, 20
0, 12000, 104, 190, 173, 6868890, 5955430, 0.4, 50, 100, 15, 375, 5000, 20
0, 12000, 118, 223, 202, 6822567, 5851086, 0.4, 50, 100, 15, 753, 5000, 20
0, 12000, 106, 195, 171, 6847600, 5922975, 0.4, 50, 100, 15, 414, 5000, 20
0, 12000, 98, 224, 196, 6760356, 5837327, 0.4, 50, 100, 15, 453, 5000, 20
0, 12000, 105, 203, 177, 6952022, 5794367, 0.4, 50, 100, 15, 505, 5000, 20
0, 12000, 112, 223, 193, 6946533, 5880527, 0.4, 50, 100, 15, 512, 5000, 20
0, 12000, 101, 207, 163, 6912731, 5869738, 0.4, 50, 100, 15, 556, 5000, 20
0, 12000, 105, 236, 214, 6671929, 5598955, 0.4, 50, 100, 15, 411, 5000, 20
0, 12000, 102, 195, 179, 6900226, 5997989, 0.4, 50, 100, 15, 456, 5000, 20
0, 12000, 111, 224, 183, 6583946, 5711503, 0.4, 50, 100, 15, 414, 5000, 20
0, 12000, 104, 219, 190, 6976016, 5839774, 0.4, 50, 100, 15, 399, 5000, 20
0, 12000, 104, 225, 184, 6932808, 5871302, 0.4, 50, 100, 15, 477, 5000, 20
0, 12000, 111, 212, 188, 6751090, 5655048, 0.4, 50, 100, 15, 400, 5000, 20
0, 12000, 104, 212, 196, 6994832, 5880459, 0.4, 50, 100, 15, 460, 5000, 20
0, 12000, 100, 203, 193, 6932354, 6000882, 0.4, 50, 100, 15, 334, 5000, 20
0, 12000, 105, 214, 191, 6787705, 5671899, 0.4, 50, 100, 15, 590, 5000, 20
0, 12000, 91, 210, 169, 6806327, 5735185, 0.4, 50, 100, 15, 390, 5000, 20
0, 12000, 102, 203, 198, 6734355, 5854657, 0.4, 50, 100, 15, 563, 5000, 20
0, 12000, 112, 223, 205, 6753763, 5657017, 0.4, 50, 100, 15, 378, 5000, 20
0, 12000, 91, 203, 183, 6658797, 5731623, 0.4, 50, 100, 15, 524, 5000, 20
0, 12000, 89, 203, 169, 6799916, 5734587, 0.4, 50, 100, 15, 446, 5000, 20
0, 12000, 110, 213, 192, 6577705, 5728653, 0.4, 50, 100, 15, 469, 5000, 20
0, 12000, 96, 200, 171, 6918651, 5696710, 0.4, 50, 100, 15, 378, 5000, 20
0, 12000, 102, 204, 181, 6896846, 5850172, 0.4, 50, 100, 15, 436, 5000, 20
0, 12000, 74, 192, 145, 7299945, 6080719, 0.4, 50, 100, 15, 407, 5000, 20
0, 12000, 92, 206, 181, 6743045, 5771914, 0.4, 50, 100, 15, 411, 5000, 20
0, 12000, 86, 191, 176, 6669263, 5802537, 0.4, 50, 100, 15, 392, 5000, 20
0, 12000, 96, 197, 179, 6827508, 5610375, 0.4, 50, 100, 15, 786, 5000, 20
0, 12000, 109, 227, 203, 6722871, 5666003, 0.4, 50, 100, 15, 367, 5000, 20
0, 12000, 95, 213, 179, 6804046, 5649807, 0.4, 50, 100, 15, 460, 5000, 20
0, 12000, 112, 232, 195, 6956332, 5870896, 0.4, 50, 100, 15, 404, 5000, 20
0, 12000, 115, 215, 205, 6822206, 5826719, 0.4, 50, 100, 15, 347, 5000, 20
0, 12000, 113, 209, 184, 6933133, 5941451, 0.4, 50, 100, 15, 388, 5000, 20
0, 12000, 91, 219, 163, 6981959, 5785005, 0.4, 50, 100, 15, 424, 5000, 20
0, 12000, 75, 175, 161, 7302189, 5896864, 0.4, 50, 100, 15, 363, 5000, 20
0, 12000, 100, 201, 168, 6772722, 5925224, 0.4, 50, 100, 15, 439, 5000, 20
0, 12000, 91, 199, 191, 6727149, 5831232, 0.4, 50, 100, 15, 471, 5000, 20
0, 12000, 103, 230, 207, 6601304, 5733080, 0.4, 50, 100, 15, 376, 5000, 20
0, 12000, 108, 218, 171, 6963251, 5867737, 0.4, 50, 100, 15, 377, 5000, 20
0, 12000, 92, 199, 156, 6957892, 5762883, 0.4, 50, 100, 15, 471, 5000, 20
0, 12000, 110, 219, 207, 6814127, 5596710, 0.4, 50, 100, 15, 495, 5000, 20
0, 12000, 107, 209, 189, 7716004, 6600577, 0.4, 50, 100, 17, 468, 5000, 20
0, 12000, 95, 214, 182, 7171122, 5953703, 0.4, 50, 100, 15, 520, 5000, 20
0, 12000, 109, 234, 200, 7863818, 6578564, 0.4, 50, 100, 17, 461, 5000, 20
0, 12000, 97, 211, 196, 7873589, 6501392, 0.4, 50, 100, 17, 431, 5000, 20
0, 12000, 100, 211, 205, 7499273, 6553509, 0.4, 50, 100, 17, 425, 5000, 20
0, 12000, 109, 210, 185, 7570326, 6543943, 0.4, 50, 100, 17, 430, 5000, 20
0, 12000, 103, 217, 180, 7847685, 6628709, 0.4, 50, 100, 17, 525, 5000, 20
0, 12000, 96, 205, 186, 6801827, 5788365, 0.4, 50, 100, 15, 627, 5000, 20
0, 12000, 99, 208, 172, 7811037, 6662716, 0.4, 50, 100, 17, 563, 5000, 20
0, 12000, 101, 221, 184, 7789572, 6657657, 0.4, 50, 100, 17, 573, 5000, 20
0, 12000, 99, 197, 167, 7793487, 6599742, 0.4, 50, 100, 17, 475, 5000, 20
0, 12000, 98, 204, 174, 7583296, 6547028, 0.4, 50, 100, 17, 453, 5000, 20
0, 12000, 85, 202, 178, 7834211, 6703549, 0.4, 50, 100, 17, 547, 5000, 20
0, 12000, 101, 213, 192, 7940756, 6598199, 0.4, 50, 100, 17, 449, 5000, 20
0, 12000, 97, 207, 177, 7672965, 6470359, 0.4, 50, 100, 17, 456, 5000, 20
0, 12000, 102, 198, 191, 7955463, 6664357, 0.4, 50, 100, 17, 635, 5000, 20
0, 12000, 124, 231, 205, 7600687, 6550163, 0.4, 50, 100, 17, 681, 5000, 20
0, 12000, 105, 200, 177, 7971470, 6747176, 0.4, 50, 100, 17, 476, 5000, 20
0, 12000, 102, 213, 184, 7677930, 6517129, 0.4, 50, 100, 17, 538, 5000, 20
0, 12000, 86, 193, 167, 8122044, 6825713, 0.4, 50, 100, 17, 487, 5000, 20
0, 12000, 104, 197, 183, 7752090, 6628872, 0.4, 50, 100, 17, 473, 5000, 20
0, 12000, 92, 218, 197, 7678589, 6539437, 0.4, 50, 100, 17, 478, 5000, 20
0, 12000, 109, 219, 201, 7736630, 6687099, 0.4, 50, 100, 17, 507, 5000, 20
0, 12000, 95, 209, 184, 7567272, 6509643, 0.4, 50, 100, 17, 539, 5000, 20
0, 12000, 93, 192, 158, 7736317, 6408636, 0.4, 50, 100, 17, 550, 5000, 20
0, 12000, 107, 214, 192, 7749257, 6471029, 0.4, 50, 100, 17, 785, 5000, 20
0, 12000, 103, 202, 189, 7681815, 6528813, 0.4, 50, 100, 17, 564, 5000, 20
0, 12000, 119, 228, 202, 7628322, 6397406, 0.4, 50, 100, 17, 719, 5000, 20
0, 12000, 101, 214, 188, 7823922, 6610557, 0.4, 50, 100, 17, 492, 5000, 20
0, 12000, 111, 221, 205, 7678064, 6564574, 0.4, 50, 100, 17, 515, 5000, 20
0, 12000, 104, 209, 174, 7463797, 6545729, 0.4, 50, 100, 17, 446, 5000, 20
0, 12000, 101, 211, 187, 7754356, 6652677, 0.4, 50, 100, 17, 728, 5000, 20
0, 12000, 101, 211, 181, 7661386, 6372950, 0.4, 50, 100, 17, 528, 5000, 20
0, 12000, 100, 197, 171, 7636941, 6453443, 0.4, 50, 100, 17, 472, 5000, 20
0, 12000, 102, 226, 181, 7803314, 6773381, 0.4, 50, 100, 17, 592, 5000, 20
0, 12000, 97, 207, 174, 7818102, 6736851, 0.4, 50, 100, 17, 656, 5000, 20
0, 12000, 99, 207, 176, 7879149, 6748886, 0.4, 50, 100, 17, 480, 5000, 20
0, 12000, 102, 217, 188, 7702931, 6489860, 0.4, 50, 100, 17, 462, 5000, 20
0, 12000, 105, 197, 178, 7694292, 6693384, 0.4, 50, 100, 17, 536, 5000, 20
0, 12000, 105, 196, 168, 7693231, 6468879, 0.4, 50, 100, 17, 581, 5000, 20
0, 12000, 101, 208, 189, 7655565, 6535231, 0.4, 50, 100, 17, 630, 5000, 20
0, 12000, 108, 227, 190, 7611310, 6473910, 0.4, 50, 100, 17, 647, 5000, 20
0, 12000, 95, 208, 190, 7857200, 6458268, 0.4, 50, 100, 17, 639, 5000, 20
0, 12000, 96, 190, 176, 7833556, 6720978, 0.4, 50, 100, 17, 504, 5000, 20
0, 12000, 105, 209, 175, 7586253, 6705701, 0.4, 50, 100, 17, 673, 5000, 20
0, 12000, 93, 212, 191, 7822636, 6738742, 0.4, 50, 100, 17, 496, 5000, 20
0, 12000, 96, 214, 185, 7599124, 6481837, 0.4, 50, 100, 17, 592, 5000, 20
0, 12000, 117, 230, 192, 7518781, 6275779, 0.4, 50, 100, 17, 545, 5000, 20
0, 12000, 102, 227, 203, 7820951, 6742261, 0.4, 50, 100, 17, 568, 5000, 20
0, 12000, 95, 203, 165, 7861623, 6659925, 0.4, 50, 100, 17, 540, 5000, 20
0, 12000, 103, 211, 178, 7898443, 6593964, 0.4, 50, 100, 17, 505, 5000, 20
0, 12000, 101, 218, 189, 7947369, 6673043, 0.4, 50, 100, 17, 565, 5000, 20
0, 12000, 82, 202, 167, 7798108, 6750123, 0.4, 50, 100, 17, 690, 5000, 20
0, 12000, 119, 233, 197, 7771715, 6523429, 0.4, 50, 100, 17, 498, 5000, 20
0, 12000, 89, 195, 182, 7720128, 6601308, 0.4, 50, 100, 17, 646, 5000, 20
0, 12000, 109, 216, 188, 7832938, 6786191, 0.4, 50, 100, 17, 530, 5000, 20
0, 12000, 110, 235, 199, 7876657, 6805908, 0.4, 50, 100, 17, 560, 5000, 20
0, 12000, 104, 212, 180, 7889971, 6568275, 0.4, 50, 100, 17, 529, 5000, 20
0, 12000, 84, 196, 170, 7728161, 6557325, 0.4, 50, 100, 17, 593, 5000, 20
0, 12000, 87, 204, 181, 7612091, 6497831, 0.4, 50, 100, 17, 442, 5000, 20
0, 12000, 99, 216, 181, 7921247, 6537888, 0.4, 50, 100, 17, 595, 5000, 20
0, 12000, 114, 218, 183, 7610421, 6478348, 0.4, 50, 100, 17, 558, 5000, 20
0, 12000, 94, 220, 187, 7796194, 6522014, 0.4, 50, 100, 17, 643, 5000, 20
0, 12000, 108, 218, 189, 7762842, 6513460, 0.4, 50, 100, 17, 471, 5000, 20
0, 12000, 113, 224, 188, 7894762, 6791196, 0.4, 50, 100, 17, 449, 5000, 20
0, 12000, 89, 193, 159, 7794590, 6552241, 0.4, 50, 100, 17, 462, 5000, 20
0, 12000, 100, 205, 172, 7680066, 6522855, 0.4, 50, 100, 17, 537, 5000, 20
0, 12000, 100, 221, 198, 7692269, 6354800, 0.4, 50, 100, 17, 446, 5000, 20
0, 12000, 91, 202, 181, 7922500, 6638781, 0.4, 50, 100, 17, 540, 5000, 20
0, 12000, 86, 182, 152, 7872216, 6697564, 0.4, 50, 100, 17, 484, 5000, 20
0, 12000, 93, 190, 171, 7588751, 6631924, 0.4, 50, 100, 17, 438, 5000, 20
0, 12000, 112, 220, 182, 7594108, 6343091, 0.4, 50, 100, 17, 549, 5000, 20
0, 12000, 100, 209, 209, 7622225, 6390840, 0.4, 50, 100, 17, 645, 5000, 20
0, 12000, 79, 194, 158, 7502265, 6478626, 0.4, 50, 100, 17, 518, 5000, 20
0, 12000, 112, 235, 206, 8042880, 6841072, 0.4, 50, 100, 17, 453, 5000, 20
0, 12000, 94, 199, 158, 7821998, 6634313, 0.4, 50, 100, 17, 462, 5000, 20
0, 12000, 102, 223, 179, 7788359, 6526074, 0.4, 50, 100, 17, 488, 5000, 20
0, 12000, 107, 210, 184, 7771812, 6515400, 0.4, 50, 100, 17, 733, 5000, 20
0, 12000, 91, 200, 158, 7798819, 6436456, 0.4, 50, 100, 17, 566, 5000, 20
0, 12000, 93, 207, 186, 7562790, 6287148, 0.4, 50, 100, 17, 568, 5000, 20
0, 12000, 106, 214, 193, 7754651, 6642958, 0.4, 50, 100, 17, 608, 5000, 20
0, 12000, 104, 220, 184, 7674470, 6562787, 0.4, 50, 100, 17, 604, 5000, 20
0, 12000, 74, 170, 154, 7786687, 6738377, 0.4, 50, 100, 17, 495, 5000, 20
0, 12000, 117, 206, 197, 7485814, 6500601, 0.4, 50, 100, 17, 574, 5000, 20
0, 12000, 104, 220, 210, 7737126, 6679900, 0.4, 50, 100, 17, 474, 5000, 20
0, 12000, 105, 223, 189, 7949818, 6614083, 0.4, 50, 100, 17, 510, 5000, 20
0, 12000, 101, 215, 200, 7670834, 6654199, 0.4, 50, 100, 17, 1019, 5000, 20
0, 12000, 104, 211, 180, 7973901, 6656851, 0.4, 50, 100, 17, 578, 5000, 20
0, 12000, 102, 209, 187, 7765212, 6618491, 0.4, 50, 100, 17, 506, 5000, 20
0, 12000, 101, 223, 179, 8069335, 6700470, 0.4, 50, 100, 17, 589, 5000, 20
0, 12000, 98, 229, 195, 7864713, 6766980, 0.4, 50, 100, 17, 682, 5000, 20
0, 12000, 104, 214, 185, 8003172, 6711916, 0.4, 50, 100, 17, 552, 5000, 20
0, 12000, 118, 224, 213, 7842714, 6596448, 0.4, 50, 100, 17, 638, 5000, 20
0, 12000, 101, 207, 174, 7932880, 6667276, 0.4, 50, 100, 17, 530, 5000, 20
0, 12000, 100, 214, 179, 7846016, 6903722, 0.4, 50, 100, 17, 537, 5000, 20
0, 12000, 105, 212, 189, 7901247, 6800283, 0.4, 50, 100, 17, 552, 5000, 20
0, 12000, 104, 220, 176, 7723749, 6410037, 0.4, 50, 100, 17, 470, 5000, 20
0, 12000, 92, 227, 177, 7577003, 6528870, 0.4, 50, 100, 17, 635, 5000, 20
0, 12000, 107, 208, 181, 7943787, 6889215, 0.4, 50, 100, 17, 540, 5000, 20
0, 12000, 116, 209, 203, 7781357, 6760149, 0.4, 50, 100, 17, 532, 5000, 20
0, 12000, 91, 205, 176, 8084612, 6772150, 0.4, 50, 100, 17, 529, 5000, 20
0, 12000, 100, 220, 200, 7349976, 6339384, 0.4, 50, 100, 17, 523, 5000, 20
0, 12000, 117, 217, 187, 8501404, 7117049, 0.4, 50, 100, 19, 574, 5000, 20
0, 12000, 102, 197, 182, 8535077, 7523837, 0.4, 50, 100, 19, 582, 5000, 20
0, 12000, 110, 231, 195, 8748754, 7180821, 0.4, 50, 100, 19, 544, 5000, 20
0, 12000, 109, 230, 182, 8823952, 7400043, 0.4, 50, 100, 19, 575, 5000, 20
0, 12000, 114, 220, 188, 8448088, 7288900, 0.4, 50, 100, 19, 666, 5000, 20
0, 12000, 100, 212, 178, 8630477, 7185762, 0.4, 50, 100, 19, 602, 5000, 20
0, 12000, 104, 231, 219, 9020386, 7718491, 0.4, 50, 100, 19, 629, 5000, 20
0, 12000, 117, 206, 194, 8620684, 7402157, 0.4, 50, 100, 19, 664, 5000, 20
0, 12000, 96, 198, 172, 8812468, 7632277, 0.4, 50, 100, 19, 545, 5000, 20
0, 12000, 106, 195, 192, 8651465, 7330675, 0.4, 50, 100, 19, 725, 5000, 20
0, 12000, 96, 207, 188, 8658967, 7482886, 0.4, 50, 100, 19, 621, 5000, 20
0, 12000, 94, 209, 166, 8722153, 7428573, 0.4, 50, 100, 19, 586, 5000, 20
0, 12000, 98, 180, 161, 8811241, 7530455, 0.4, 50, 100, 19, 557, 5000, 20
0, 12000, 91, 177, 146, 8787297, 7618438, 0.4, 50, 100, 19, 674, 5000, 20
0, 12000, 93, 220, 199, 8912334, 7502129, 0.4, 50, 100, 19, 527, 5000, 20
0, 12000, 90, 204, 166, 8407893, 7407766, 0.4, 50, 100, 19, 560, 5000, 20
0, 12000, 110, 211, 198, 8772407, 7539629, 0.4, 50, 100, 19, 578, 5000, 20
0, 12000, 101, 213, 188, 8653052, 7274669, 0.4, 50, 100, 19, 644, 5000, 20
0, 12000, 103, 202, 206, 8729512, 7519623, 0.4, 50, 100, 19, 657, 5000, 20
0, 12000, 89, 204, 181, 8836782, 7535919, 0.4, 50, 100, 19, 550, 5000, 20
0, 12000, 88, 184, 166, 8543312, 7402031, 0.4, 50, 100, 19, 530, 5000, 20
0, 12000, 93, 206, 179, 8371299, 7199333, 0.4, 50, 100, 19, 531, 5000, 20
0, 12000, 109, 226, 195, 8651300, 7358894, 0.4, 50, 100, 19, 782, 5000, 20
0, 12000, 107, 208, 196, 8741773, 7629248, 0.4, 50, 100, 19, 950, 5000, 20
0, 12000, 77, 177, 140, 8653681, 7158342, 0.4, 50, 100, 19, 1004, 5000, 20
0, 12000, 104, 219, 206, 8665282, 7430295, 0.4, 50, 100, 19, 728, 5000, 20
0, 12000, 103, 211, 190, 8774181, 7450756, 0.4, 50, 100, 19, 837, 5000, 20
0, 12000, 93, 202, 178, 8412282, 7198140, 0.4, 50, 100, 19, 697, 5000, 20
0, 12000, 97, 217, 187, 8661800, 7462804, 0.4, 50, 100, 19, 596, 5000, 20
0, 12000, 101, 217, 169, 8822173, 7528663, 0.4, 50, 100, 19, 614, 5000, 20
0, 12000, 120, 222, 208, 8596666, 7355620, 0.4, 50, 100, 19, 622, 5000, 20
0, 12000, 104, 213, 180, 9160517, 7750712, 0.4, 50, 100, 19, 744, 5000, 20
0, 12000, 89, 193, 166, 8678658, 7380395, 0.4, 50, 100, 19, 964, 5000, 20
0, 12000, 99, 222, 182, 8987298, 7667220, 0.4, 50, 100, 19, 548, 5000, 20
0, 12000, 121, 227, 202, 8848984, 7368065, 0.4, 50, 100, 19, 608, 5000, 20
0, 12000, 92, 210, 171, 8619832, 7427943, 0.4, 50, 100, 19, 574, 5000, 20
0, 12000, 91, 213, 192, 8732320, 7623125, 0.4, 50, 100, 19, 692, 5000, 20
0, 12000, 89, 212, 176, 8837730, 7086033, 0.4, 50, 100, 19, 720, 5000, 20
0, 12000, 112, 219, 204, 8481424, 7378773, 0.4, 50, 100, 19, 1047, 5000, 20
0, 12000, 94, 211, 181, 8606077, 7006487, 0.4, 50, 100, 19, 532, 5000, 20
0, 12000, 100, 206, 181, 8728237, 7346860, 0.4, 50, 100, 19, 549, 5000, 20
0, 12000, 105, 231, 196, 8519222, 7285187, 0.4, 50, 100, 19, 599, 5000, 20
0, 12000, 110, 196, 188, 8688243, 7574709, 0.4, 50, 100, 19, 1237, 5000, 20
0, 12000, 102, 204, 181, 8367707, 7308022, 0.4, 50, 100, 19, 612, 5000, 20
0, 12000, 96, 218, 193, 8369400, 7041082, 0.4, 50, 100, 19, 564, 5000, 20
0, 12000, 110, 217, 191, 8276301, 7044831, 0.4, 50, 100, 19, 598, 5000, 20
0, 12000, 83, 205, 164, 8644122, 7224740, 0.4, 50, 100, 19, 796, 5000, 20
0, 12000, 100, 201, 169, 8836033, 7718543, 0.4, 50, 100, 19, 602, 5000, 20
0, 12000, 93, 215, 186, 8736016, 7429982, 0.4, 50, 100, 19, 578, 5000, 20
0, 12000, 96, 199, 178, 8632422, 7390660, 0.4, 50, 100, 19, 747, 5000, 20
0, 12000, 107, 231, 210, 8538971, 7353690, 0.4, 50, 100, 19, 788, 5000, 20
0, 12000, 104, 204, 195, 8552100, 7370373, 0.4, 50, 100, 19, 572, 5000, 20
0, 12000, 100, 207, 170, 8687974, 7399214, 0.4, 50, 100, 19, 601, 5000, 20
0, 12000, 107, 229, 190, 8523032, 7327817, 0.4, 50, 100, 19, 784, 5000, 20
0, 12000, 82, 201, 165, 8451713, 7094722, 0.4, 50, 100, 19, 689, 5000, 20
0, 12000, 115, 207, 183, 9012646, 7675085, 0.4, 50, 100, 19, 994, 5000, 20
0, 12000, 113, 203, 180, 8829907, 7559902, 0.4, 50, 100, 19, 677, 5000, 20
0, 12000, 111, 214, 190, 8749391, 7401481, 0.4, 50, 100, 19, 699, 5000, 20
0, 12000, 108, 223, 196, 8928147, 7684990, 0.4, 50, 100, 19, 565, 5000, 20
0, 12000, 119, 201, 194, 8848937, 7602164, 0.4, 50, 100, 19, 715, 5000, 20
0, 12000, 101, 221, 178, 8833022, 7427020, 0.4, 50, 100, 19, 641, 5000, 20
0, 12000, 106, 214, 185, 8546681, 7472648, 0.4, 50, 100, 19, 589, 5000, 20
0, 12000, 109, 222, 179, 8326252, 7143621, 0.4, 50, 100, 19, 676, 5000, 20
0, 12000, 96, 224, 182, 8632198, 7399556, 0.4, 50, 100, 19, 657, 5000, 20
0, 12000, 100, 194, 160, 8855151, 7444581, 0.4, 50, 100, 19, 638, 5000, 20
0, 12000, 111, 205, 190, 8646562, 7422489, 0.4, 50, 100, 19, 858, 5000, 20
0, 12000, 110, 226, 207, 8665144, 7293236, 0.4, 50, 100, 19, 548, 5000, 20
0, 12000, 99, 215, 185, 8503251, 7309882, 0.4, 50, 100, 19, 572, 5000, 20
0, 12000, 116, 240, 204, 8718521, 7498164, 0.4, 50, 100, 19, 682, 5000, 20
0, 12000, 105, 216, 173, 8941073, 7409831, 0.4, 50, 100, 19, 608, 5000, 20
0, 12000, 104, 217, 182, 8183538, 7145476, 0.4, 50, 100, 19, 691, 5000, 20
0, 12000, 108, 218, 192, 8820061, 7454877, 0.4, 50, 100, 19, 582, 5000, 20
0, 12000, 115, 226, 184, 8863452, 7429699, 0.4, 50, 100, 19, 1084, 5000, 20
0, 12000, 101, 219, 189, 8414138, 7356967, 0.4, 50, 100, 19, 830, 5000, 20
0, 12000, 116, 223, 193, 8845189, 7273582, 0.4, 50, 100, 19, 583, 5000, 20
0, 12000, 100, 215, 196, 8527034, 7454826, 0.4, 50, 100, 19, 736, 5000, 20
0, 12000, 107, 224, 204, 8681134, 7525333, 0.4, 50, 100, 19, 587, 5000, 20
0, 12000, 107, 214, 175, 8545297, 7159788, 0.4, 50, 100, 19, 575, 5000, 20
0, 12000, 109, 213, 188, 8862170, 7486156, 0.4, 50, 100, 19, 579, 5000, 20
0, 12000, 112, 224, 192, 8614906, 7268974, 0.4, 50, 100, 19, 574, 5000, 20
0, 12000, 89, 206, 169, 8529522, 7344861, 0.4, 50, 100, 19, 564, 5000, 20
0, 12000, 96, 198, 172, 8704223, 7363230, 0.4, 50, 100, 19, 645, 5000, 20
0, 12000, 113, 221, 180, 8655398, 7329719, 0.4, 50, 100, 19, 859, 5000, 20
0, 12000, 108, 223, 200, 8551771, 7221469, 0.4, 50, 100, 19, 702, 5000, 20
0, 12000, 103, 205, 187, 8764584, 7514660, 0.4, 50, 100, 19, 814, 5000, 20
0, 12000, 103, 194, 175, 8479753, 7018083, 0.4, 50, 100, 19, 574, 5000, 20
0, 12000, 103, 211, 193, 8722874, 7362314, 0.4, 50, 100, 19, 978, 5000, 20
0, 12000, 110, 223, 186, 8664835, 7324844, 0.4, 50, 100, 19, 1100, 5000, 20
0, 12000, 104, 218, 176, 8841230, 7320307, 0.4, 50, 100, 19, 596, 5000, 20
0, 12000, 72, 195, 178, 8956141, 7392126, 0.4, 50, 100, 19, 738, 5000, 20
0, 12000, 109, 201, 191, 8511763, 7174039, 0.4, 50, 100, 19, 565, 5000, 20
0, 12000, 94, 213, 196, 8695764, 7415338, 0.4, 50, 100, 19, 596, 5000, 20
0, 12000, 91, 190, 156, 8663480, 7170064, 0.4, 50, 100, 19, 723, 5000, 20
0, 12000, 101, 227, 203, 8562883, 7342249, 0.4, 50, 100, 19, 711, 5000, 20
0, 12000, 98, 219, 198, 8476292, 7251389, 0.4, 50, 100, 19, 563, 5000, 20
0, 12000, 108, 214, 181, 8720593, 7336482, 0.4, 50, 100, 19, 1096, 5000, 20
0, 12000, 101, 216, 192, 8901012, 7343244, 0.4, 50, 100, 19, 592, 5000, 20
0, 12000, 114, 220, 197, 8573781, 7326900, 0.4, 50, 100, 19, 816, 5000, 20
0, 12000, 103, 201, 188, 8976651, 7589451, 0.4, 50, 100, 19, 664, 5000, 20
0, 12000, 114, 231, 197, 9532520, 8022148, 0.4, 50, 100, 21, 671, 5000, 20
0, 12000, 92, 223, 186, 8672933, 7408231, 0.4, 50, 100, 19, 923, 5000, 20
0, 12000, 116, 227, 195, 9670363, 8049962, 0.4, 50, 100, 21, 715, 5000, 20
0, 12000, 105, 214, 175, 9742461, 8203761, 0.4, 50, 100, 21, 795, 5000, 20
0, 12000, 115, 230, 197, 9593042, 8051769, 0.4, 50, 100, 21, 700, 5000, 20
0, 12000, 119, 222, 189, 9467825, 7919389, 0.4, 50, 100, 21, 777, 5000, 20
0, 12000, 114, 213, 200, 9503840, 7967114, 0.4, 50, 100, 21, 711, 5000, 20
0, 12000, 115, 233, 210, 9539217, 7859343, 0.4, 50, 100, 21, 728, 5000, 20
0, 12000, 93, 197, 198, 9720512, 8158359, 0.4, 50, 100, 21, 776, 5000, 20
0, 12000, 110, 209, 187, 9482719, 8222868, 0.4, 50, 100, 21, 875, 5000, 20
0, 12000, 105, 225, 176, 9497982, 8316796, 0.4, 50, 100, 21, 836, 5000, 20
0, 12000, 87, 206, 182, 9701994, 8221210, 0.4, 50, 100, 21, 699, 5000, 20
0, 12000, 99, 221, 187, 9715971, 8139569, 0.4, 50, 100, 21, 811, 5000, 20
0, 12000, 97, 205, 176, 9748169, 8312262, 0.4, 50, 100, 21, 1080, 5000, 20
0, 12000, 108, 214, 208, 9792733, 8231915, 0.4, 50, 100, 21, 901, 5000, 20
0, 12000, 100, 215, 184, 9342473, 7760683, 0.4, 50, 100, 21, 831, 5000, 20
0, 12000, 95, 203, 169, 9552076, 8030176, 0.4, 50, 100, 21, 851, 5000, 20
0, 12000, 111, 198, 191, 9576069, 8242429, 0.4, 50, 100, 21, 755, 5000, 20
0, 12000, 118, 222, 213, 9688669, 8250464, 0.4, 50, 100, 21, 793, 5000, 20
0, 12000, 99, 200, 175, 9809648, 8290552, 0.4, 50, 100, 21, 718, 5000, 20
0, 12000, 93, 217, 183, 9490624, 8025235, 0.4, 50, 100, 21, 912, 5000, 20
0, 12000, 101, 217, 173, 9682337, 8203417, 0.4, 50, 100, 21, 824, 5000, 20
0, 12000, 109, 217, 175, 9760624, 8297637, 0.4, 50, 100, 21, 774, 5000, 20
0, 12000, 103, 218, 190, 9405567, 8044809, 0.4, 50, 100, 21, 774, 5000, 20
0, 12000, 74, 176, 136, 9484466, 8219968, 0.4, 50, 100, 21, 815, 5000, 20
0, 12000, 122, 229, 199, 9371328, 8124347, 0.4, 50, 100, 21, 1160, 5000, 20
0, 12000, 95, 205, 177, 9935352, 8246102, 0.4, 50, 100, 21, 1062, 5000, 20
0, 12000, 116, 217, 190, 9872804, 8420772, 0.4, 50, 100, 21, 987, 5000, 20
0, 12000, 103, 210, 189, 9425112, 7977217, 0.4, 50, 100, 21, 818, 5000, 20
0, 12000, 123, 227, 196, 9722673, 8343592, 0.4, 50, 100, 21, 674, 5000, 20
0, 12000, 113, 224, 208, 9808025, 8256569, 0.4, 50, 100, 21, 1099, 5000, 20
0, 12000, 90, 206, 175, 9362168, 8005285, 0.4, 50, 100, 21, 756, 5000, 20
0, 12000, 106, 208, 189, 9487760, 7921191, 0.4, 50, 100, 21, 700, 5000, 20
0, 12000, 112, 209, 191, 9558426, 8258887, 0.4, 50, 100, 21, 784, 5000, 20
0, 12000, 108, 201, 179, 9956012, 8437131, 0.4, 50, 100, 21, 1321, 5000, 20
0, 12000, 114, 214, 198, 9656550, 8169857, 0.4, 50, 100, 21, 1333, 5000, 20
0, 12000, 91, 217, 183, 9699343, 8267141, 0.4, 50, 100, 21, 839, 5000, 20
0, 12000, 103, 215, 190, 9625814, 8149205, 0.4, 50, 100, 21, 701, 5000, 20
0, 12000, 111, 218, 194, 9672691, 8147924, 0.4, 50, 100, 21, 770, 5000, 20
0, 12000, 113, 219, 183, 9641351, 8335181, 0.4, 50, 100, 21, 721, 5000, 20
0, 12000, 107, 212, 176, 9727211, 8170153, 0.4, 50, 100, 21, 1104, 5000, 20
0, 12000, 121, 218, 195, 9556071, 8298467, 0.4, 50, 100, 21, 910, 5000, 20
0, 12000, 96, 204, 176, 9777123, 8160675, 0.4, 50, 100, 21, 1149, 5000, 20
0, 12000, 92, 202, 161, 9775704, 8047737, 0.4, 50, 100, 21, 704, 5000, 20
0, 12000, 99, 208, 179, 9380018, 8167575, 0.4, 50, 100, 21, 815, 5000, 20
0, 12000, 100, 222, 206, 9538392, 8130925, 0.4, 50, 100, 21, 793, 5000, 20
0, 12000, 108, 216, 180, 9795776, 8135631, 0.4, 50, 100, 21, 833, 5000, 20
0, 12000, 116, 225, 188, 9514548, 8247148, 0.4, 50, 100, 21, 837, 5000, 20
0, 12000, 105, 207, 196, 9906751, 8419984, 0.4, 50, 100, 21, 851, 5000, 20
0, 12000, 119, 218, 197, 9345676, 8081588, 0.4, 50, 100, 21, 731, 5000, 20
0, 12000, 84, 197, 160, 9635669, 8080276, 0.4, 50, 100, 21, 773, 5000, 20
0, 12000, 99, 201, 180, 9188668, 7909452, 0.4, 50, 100, 21, 1036, 5000, 20
0, 12000, 92, 184, 157, 9411106, 7974554, 0.4, 50, 100, 21, 721, 5000, 20
0, 12000, 105, 231, 194, 9358185, 7982248, 0.4, 50, 100, 21, 920, 5000, 20
0, 12000, 106, 215, 185, 9634668, 8252567, 0.4, 50, 100, 21, 764, 5000, 20
0, 12000, 106, 217, 184, 9797245, 8153362, 0.4, 50, 100, 21, 943, 5000, 20
0, 12000, 103, 226, 194, 9285428, 7966700, 0.4, 50, 100, 21, 1023, 5000, 20
0, 12000, 100, 204, 163, 9478672, 8109588, 0.4, 50, 100, 21, 1005, 5000, 20
0, 12000, 109, 217, 197, 9684207, 8137647, 0.4, 50, 100, 21, 671, 5000, 20
0, 12000, 104, 206, 194, 9717839, 8093363, 0.4, 50, 100, 21, 1354, 5000, 20
0, 12000, 112, 218, 197, 9410610, 7986285, 0.4, 50, 100, 21, 783, 5000, 20
0, 12000, 101, 217, 177, 9405008, 8279484, 0.4, 50, 100, 21, 710, 5000, 20
0, 12000, 104, 217, 209, 9234920, 7981431, 0.4, 50, 100, 21, 1224, 5000, 20
0, 12000, 106, 210, 189, 9658639, 8326603, 0.4, 50, 100, 21, 840, 5000, 20
0, 12000, 99, 212, 185, 9472133, 8263321, 0.4, 50, 100, 21, 697, 5000, 20
0, 12000, 104, 222, 198, 9504014, 7965257, 0.4, 50, 100, 21, 659, 5000, 20
0, 12000, 97, 215, 182, 9358046, 8081074, 0.4, 50, 100, 21, 1071, 5000, 20
0, 12000, 109, 206, 183, 9538733, 8019232, 0.4, 50, 100, 21, 868, 5000, 20
0, 12000, 106, 214, 182, 9478135, 8055448, 0.4, 50, 100, 21, 1131, 5000, 20
0, 12000, 105, 214, 178, 9684132, 8123344, 0.4, 50, 100, 21, 1092, 5000, 20
0, 12000, 95, 208, 175, 9428023, 7998291, 0.4, 50, 100, 21, 723, 5000, 20
0, 12000, 99, 211, 173, 9877676, 8066320, 0.4, 50, 100, 21, 860, 5000, 20
0, 12000, 103, 210, 170, 9442459, 8022173, 0.4, 50, 100, 21, 1085, 5000, 20
0, 12000, 96, 221, 185, 9208200, 7837640, 0.4, 50, 100, 21, 1141, 5000, 20
0, 12000, 93, 209, 192, 9456092, 8091253, 0.4, 50, 100, 21, 827, 5000, 20
0, 12000, 111, 219, 203, 9438293, 8061056, 0.4, 50, 100, 21, 707, 5000, 20
0, 12000, 102, 191, 169, 9870641, 8367842, 0.4, 50, 100, 21, 680, 5000, 20
0, 12000, 106, 214, 184, 9354686, 7988679, 0.4, 50, 100, 21, 1323, 5000, 20
0, 12000, 109, 220, 194, 9330861, 7868529, 0.4, 50, 100, 21, 710, 5000, 20
0, 12000, 103, 221, 195, 9525039, 8181280, 0.4, 50, 100, 21, 1241, 5000, 20
0, 12000, 109, 207, 168, 9675225, 8169436, 0.4, 50, 100, 21, 821, 5000, 20
0, 12000, 104, 223, 190, 9949995, 8408915, 0.4, 50, 100, 21, 677, 5000, 20
0, 12000, 124, 222, 179, 9683176, 8583417, 0.4, 50, 100, 21, 1347, 5000, 20
0, 12000, 91, 207, 150, 9726284, 8409864, 0.4, 50, 100, 21, 1074, 5000, 20
0, 12000, 108, 204, 177, 9724621, 8198665, 0.4, 50, 100, 21, 707, 5000, 20
0, 12000, 112, 212, 190, 9490109, 8066201, 0.4, 50, 100, 21, 1035, 5000, 20
0, 12000, 105, 210, 187, 9384172, 8227331, 0.4, 50, 100, 21, 780, 5000, 20
0, 12000, 97, 212, 182, 9537783, 8006390, 0.4, 50, 100, 21, 660, 5000, 20
0, 12000, 96, 218, 190, 9742565, 8124678, 0.4, 50, 100, 21, 653, 5000, 20
0, 12000, 115, 227, 187, 9527694, 8121263, 0.4, 50, 100, 21, 876, 5000, 20
0, 12000, 102, 206, 173, 9971189, 8209909, 0.4, 50, 100, 21, 834, 5000, 20
0, 12000, 91, 194, 166, 9364121, 8032956, 0.4, 50, 100, 21, 842, 5000, 20
0, 12000, 81, 195, 169, 9407720, 8040741, 0.4, 50, 100, 21, 1060, 5000, 20
0, 12000, 97, 208, 178, 9491115, 8041674, 0.4, 50, 100, 21, 1179, 5000, 20
0, 12000, 98, 219, 174, 9544561, 8055822, 0.4, 50, 100, 21, 815, 5000, 20
0, 12000, 114, 227, 196, 9495973, 8173804, 0.4, 50, 100, 21, 869, 5000, 20
0, 12000, 92, 205, 189, 9318264, 7955643, 0.4, 50, 100, 21, 878, 5000, 20
0, 12000, 103, 211, 188, 9456195, 8128344, 0.4, 50, 100, 21, 816, 5000, 20
0, 12000, 101, 217, 192, 9692288, 8361850, 0.4, 50, 100, 21, 920, 5000, 20
0, 12000, 91, 205, 172, 9405612, 8106740, 0.4, 50, 100, 21, 1276, 5000, 20
0, 12000, 92, 218, 171, 9548885, 8041773, 0.4, 50, 100, 21, 1246, 5000, 20
0, 12000, 103, 209, 175, 13753392, 11599806, 0.4, 50, 100, 30, 1601, 5000, 20
0, 12000, 95, 209, 192, 13762574, 11862785, 0.4, 50, 100, 30, 1591, 5000, 20
0, 12000, 109, 211, 183, 13804876, 11683534, 0.4, 50, 100, 30, 1588, 5000, 20
0, 12000, 107, 217, 193, 13736097, 11730796, 0.4, 50, 100, 30, 1859, 5000, 20
0, 12000, 93, 204, 179, 13570645, 11403912, 0.4, 50, 100, 30, 1446, 5000, 20
0, 12000, 96, 212, 178, 13818367, 11721673, 0.4, 50, 100, 30, 1545, 5000, 20
0, 12000, 104, 233, 198, 13487264, 11590654, 0.4, 50, 100, 30, 1674, 5000, 20
0, 12000, 98, 211, 172, 13881387, 11577640, 0.4, 50, 100, 30, 1552, 5000, 20
0, 12000, 99, 217, 191, 14160311, 12141905, 0.4, 50, 100, 30, 1784, 5000, 20
0, 12000, 104, 220, 196, 13681652, 11613186, 0.4, 50, 100, 30, 1529, 5000, 20
0, 12000, 85, 194, 150, 13673286, 11165530, 0.4, 50, 100, 30, 1473, 5000, 20
0, 12000, 114, 224, 192, 13741626, 11611569, 0.4, 50, 100, 30, 2270, 5000, 20
0, 12000, 111, 219, 185, 13804113, 11552289, 0.4, 50, 100, 30, 1547, 5000, 20
0, 12000, 124, 243, 208, 13995006, 11672874, 0.4, 50, 100, 30, 1675, 5000, 20
0, 12000, 101, 214, 187, 13901504, 11562737, 0.4, 50, 100, 30, 1510, 5000, 20
0, 12000, 104, 218, 189, 13887967, 11773921, 0.4, 50, 100, 30, 1801, 5000, 20
0, 12000, 100, 197, 150, 14156244, 11828079, 0.4, 50, 100, 30, 1533, 5000, 20
0, 12000, 102, 221, 191, 13352902, 11496736, 0.4, 50, 100, 30, 1969, 5000, 20
0, 12000, 109, 218, 193, 13927240, 11989403, 0.4, 50, 100, 30, 1899, 5000, 20
0, 12000, 109, 233, 186, 14184609, 11787531, 0.4, 50, 100, 30, 1835, 5000, 20
0, 12000, 117, 210, 205, 13476271, 11574104, 0.4, 50, 100, 30, 2466, 5000, 20
0, 12000, 105, 208, 191, 13998525, 11970482, 0.4, 50, 100, 30, 2531, 5000, 20
0, 12000, 119, 229, 208, 13705349, 11255954, 0.4, 50, 100, 30, 1972, 5000, 20
0, 12000, 102, 204, 180, 13598466, 11173108, 0.4, 50, 100, 30, 2255, 5000, 20
0, 12000, 90, 179, 151, 13450762, 11518588, 0.4, 50, 100, 30, 2107, 5000, 20
0, 12000, 108, 224, 187, 13961292, 11556994, 0.4, 50, 100, 30, 2484, 5000, 20
0, 12000, 111, 217, 198, 13453814, 11643447, 0.4, 50, 100, 30, 2486, 5000, 20
0, 12000, 94, 207, 190, 13591546, 11829960, 0.4, 50, 100, 30, 2431, 5000, 20
0, 12000, 97, 227, 191, 13581762, 11613365, 0.4, 50, 100, 30, 1600, 5000, 20
0, 12000, 111, 209, 175, 13804556, 11722126, 0.4, 50, 100, 30, 1523, 5000, 20
0, 12000, 113, 219, 208, 13793615, 11874351, 0.4, 50, 100, 30, 1505, 5000, 20
0, 12000, 108, 218, 197, 13683716, 11601571, 0.4, 50, 100, 30, 1532, 5000, 20
0, 12000, 105, 192, 181, 13742118, 11670415, 0.4, 50, 100, 30, 3460, 5000, 20
0, 12000, 96, 213, 188, 13978273, 11742807, 0.4, 50, 100, 30, 3636, 5000, 20
0, 12000, 103, 214, 178, 13889364, 11695565, 0.4, 50, 100, 30, 1593, 5000, 20
0, 12000, 124, 223, 205, 13607364, 11719226, 0.4, 50, 100, 30, 1454, 5000, 20
0, 12000, 107, 206, 189, 13855327, 11937277, 0.4, 50, 100, 30, 1532, 5000, 20
0, 12000, 104, 196, 159, 13945416, 11614935, 0.4, 50, 100, 30, 1595, 5000, 20
0, 12000, 110, 206, 182, 13773744, 11777369, 0.4, 50, 100, 30, 1543, 5000, 20
0, 12000, 110, 196, 192, 14065044, 11941321, 0.4, 50, 100, 30, 1625, 5000, 20
0, 12000, 109, 203, 201, 13935267, 11641945, 0.4, 50, 100, 30, 1979, 5000, 20
0, 12000, 120, 235, 204, 13491139, 11483916, 0.4, 50, 100, 30, 1935, 5000, 20
0, 12000, 109, 224, 190, 13639237, 11382194, 0.4, 50, 100, 30, 2571, 5000, 20
0, 12000, 91, 209, 194, 14099694, 12020337, 0.4, 50, 100, 30, 1345, 5000, 20
0, 12000, 101, 220, 187, 13834165, 11575701, 0.4, 50, 100, 30, 1987, 5000, 20
0, 12000, 103, 233, 191, 13547729, 11373184, 0.4, 50, 100, 30, 2163, 5000, 20
0, 12000, 90, 193, 171, 13802724, 11588060, 0.4, 50, 100, 30, 2131, 5000, 20
0, 12000, 102, 225, 184, 14112505, 11862614, 0.4, 50, 100, 30, 1866, 5000, 20
0, 12000, 91, 194, 182, 14088999, 11754484, 0.4, 50, 100, 30, 2600, 5000, 20
0, 12000, 116, 213, 192, 13810663, 11605441, 0.4, 50, 100, 30, 2473, 5000, 20
0, 12000, 114, 240, 201, 13599397, 11747745, 0.4, 50, 100, 30, 1465, 5000, 20
0, 12000, 109, 218, 191, 13897500, 11790759, 0.4, 50, 100, 30, 3822, 5000, 20
0, 12000, 114, 228, 196, 13865454, 11812361, 0.4, 50, 100, 30, 2379, 5000, 20
0, 12000, 103, 211, 210, 13779146, 11840515, 0.4, 50, 100, 30, 2292, 5000, 20
0, 12000, 94, 197, 191, 13603335, 11542290, 0.4, 50, 100, 30, 1449, 5000, 20
0, 12000, 92, 201, 179, 14010728, 11824619, 0.4, 50, 100, 30, 1908, 5000, 20
0, 12000, 104, 207, 203, 13582887, 11738124, 0.4, 50, 100, 30, 2811, 5000, 20
0, 12000, 106, 217, 175, 13447217, 11382378, 0.4, 50, 100, 30, 2361, 5000, 20
0, 12000, 86, 179, 173, 13611320, 11433888, 0.4, 50, 100, 30, 2458, 5000, 20
0, 12000, 95, 208, 190, 13949876, 11809278, 0.4, 50, 100, 30, 1837, 5000, 20
0, 12000, 100, 214, 200, 13757370, 11828654, 0.4, 50, 100, 30, 1634, 5000, 20
0, 12000, 104, 212, 170, 13537685, 11461507, 0.4, 50, 100, 30, 1687, 5000, 20
0, 12000, 114, 208, 176, 13806074, 11809372, 0.4, 50, 100, 30, 2061, 5000, 20
0, 12000, 89, 205, 166, 13208022, 11269835, 0.4, 50, 100, 30, 2513, 5000, 20
0, 12000, 109, 224, 205, 13829595, 11937015, 0.4, 50, 100, 30, 1909, 5000, 20
0, 12000, 86, 194, 178, 13928264, 11534316, 0.4, 50, 100, 30, 1557, 5000, 20
0, 12000, 108, 205, 196, 13569975, 11621638, 0.4, 50, 100, 30, 2128, 5000, 20
0, 12000, 96, 219, 180, 13627166, 11554411, 0.4, 50, 100, 30, 2214, 5000, 20
0, 12000, 103, 198, 189, 13623747, 11581109, 0.4, 50, 100, 30, 1979, 5000, 20
0, 12000, 103, 205, 180, 13688181, 11597598, 0.4, 50, 100, 30, 1907, 5000, 20
0, 12000, 108, 225, 190, 13821685, 11769216, 0.4, 50, 100, 30, 2003, 5000, 20
0, 12000, 92, 213, 183, 13414005, 11424766, 0.4, 50, 100, 30, 1472, 5000, 20
0, 12000, 108, 218, 192, 13939167, 11461974, 0.4, 50, 100, 30, 1897, 5000, 20
0, 12000, 85, 201, 158, 13704877, 11246640, 0.4, 50, 100, 30, 2036, 5000, 20
0, 12000, 90, 200, 174, 13933756, 11889527, 0.4, 50, 100, 30, 2077, 5000, 20
0, 12000, 90, 216, 180, 13811847, 11768697, 0.4, 50, 100, 30, 1446, 5000, 20
0, 12000, 90, 206, 174, 13806597, 11782731, 0.4, 50, 100, 30, 2077, 5000, 20
0, 12000, 100, 225, 200, 13785220, 11395056, 0.4, 50, 100, 30, 3650, 5000, 20
0, 12000, 115, 204, 198, 13736091, 11619282, 0.4, 50, 100, 30, 2110, 5000, 20
0, 12000, 110, 217, 182, 14116502, 12084107, 0.4, 50, 100, 30, 1486, 5000, 20
0, 12000, 106, 224, 189, 13534431, 11629065, 0.4, 50, 100, 30, 2306, 5000, 20
0, 12000, 116, 219, 201, 13448252, 11411297, 0.4, 50, 100, 30, 1769, 5000, 20
0, 12000, 106, 222, 202, 13230775, 11127726, 0.4, 50, 100, 30, 1835, 5000, 20
0, 12000, 108, 207, 199, 13675306, 11693492, 0.4, 50, 100, 30, 1903, 5000, 20
0, 12000, 97, 215, 187, 13888343, 11645652, 0.4, 50, 100, 30, 1837, 5000, 20
0, 12000, 89, 206, 194, 13549816, 11449581, 0.4, 50, 100, 30, 2050, 5000, 20
0, 12000, 105, 218, 191, 14066301, 11566772, 0.4, 50, 100, 30, 1669, 5000, 20
0, 12000, 96, 219, 180, 13698912, 11524556, 0.4, 50, 100, 30, 2427, 5000, 20
0, 12000, 105, 231, 192, 13748850, 11903159, 0.4, 50, 100, 30, 1861, 5000, 20
0, 12000, 117, 225, 190, 13520246, 11512344, 0.4, 50, 100, 30, 1632, 5000, 20
0, 12000, 101, 216, 196, 13626195, 11376358, 0.4, 50, 100, 30, 2878, 5000, 20
0, 12000, 110, 219, 197, 13911479, 11918089, 0.4, 50, 100, 30, 1723, 5000, 20
0, 12000, 103, 213, 188, 13914873, 11547905, 0.4, 50, 100, 30, 2501, 5000, 20
0, 12000, 107, 223, 188, 13724085, 11643463, 0.4, 50, 100, 30, 1385, 5000, 20
0, 12000, 104, 195, 186, 14108153, 11907061, 0.4, 50, 100, 30, 1462, 5000, 20
0, 12000, 87, 195, 169, 13580115, 11707298, 0.4, 50, 100, 30, 1615, 5000, 20
0, 12000, 111, 225, 198, 13387585, 11503433, 0.4, 50, 100, 30, 1632, 5000, 20
0, 12000, 99, 221, 168, 13712060, 11694052, 0.4, 50, 100, 30, 1570, 5000, 20
0, 12000, 107, 215, 182, 13766096, 11606014, 0.4, 50, 100, 30, 1402, 5000, 20
0, 12000, 87, 208, 175, 13579352, 11594972, 0.4, 50, 100, 30, 1604, 5000, 20
1, 6960, 112, 132, 134, 298967, 304976, 0.4, 50, 100, 1, 4, 5000, 20
1, 6625, 99, 119, 121, 292795, 297483, 0.4, 50, 100, 1, 4, 5000, 20
1, 6334, 90, 110, 112, 259450, 262975, 0.4, 50, 100, 1, 4, 5000, 20
1, 6952, 105, 126, 126, 245185, 245595, 0.4, 50, 100, 1, 6, 5000, 20
1, 7195, 115, 135, 136, 294019, 295858, 0.4, 50, 100, 1, 6, 5000, 20
0, 12000, 94, 185, 166, 504103, 453973, 0.4, 50, 100, 1, 14, 5000, 20
0, 12000, 100, 202, 177, 523356, 462495, 0.4, 50, 100, 1, 14, 5000, 20
0, 12000, 101, 200, 189, 426026, 393990, 0.4, 50, 100, 1, 14, 5000, 20
0, 12000, 83, 191, 177, 459305, 419102, 0.4, 50, 100, 1, 14, 5000, 20
1, 7076, 98, 120, 122, 331753, 333780, 0.4, 50, 100, 1, 6, 5000, 20
0, 12000, 96, 212, 178, 466148, 361449, 0.4, 50, 100, 1, 15, 5000, 20
0, 12000, 119, 230, 190, 523210, 412031, 0.4, 50, 100, 1, 15, 5000, 20
0, 12000, 106, 210, 186, 422180, 375581, 0.4, 50, 100, 1, 14, 5000, 20
0, 12000, 82, 192, 178, 436374, 394271, 0.4, 50, 100, 1, 14, 5000, 20
0, 12000, 84, 183, 158, 479321, 412978, 0.4, 50, 100, 1, 15, 5000, 20
0, 12000, 93, 205, 186, 448204, 404909, 0.4, 50, 100, 1, 15, 5000, 20
0, 12000, 106, 213, 199, 423751, 379209, 0.4, 50, 100, 1, 15, 5000, 20
0, 12000, 94, 210, 175, 484914, 396319, 0.4, 50, 100, 1, 14, 5000, 20
0, 12000, 101, 217, 186, 456002, 387853, 0.4, 50, 100, 1, 15, 5000, 20
0, 12000, 113, 217, 196, 451319, 393908, 0.4, 50, 100, 1, 16, 5000, 20
1, 7155, 96, 116, 118, 295983, 300617, 0.4, 50, 100, 1, 6, 5000, 20
0, 12000, 125, 241, 192, 480955, 339499, 0.4, 50, 100, 1, 15, 5000, 20
0, 12000, 88, 191, 180, 454055, 410419, 0.4, 50, 100, 1, 15, 5000, 20
0, 12000, 106, 205, 186, 480112, 404718, 0.4, 50, 100, 1, 15, 5000, 20
0, 12000, 94, 217, 178, 507878, 389720, 0.4, 50, 100, 1, 14, 5000, 20
0, 12000, 96, 205, 166, 414580, 326060, 0.4, 50, 100, 1, 14, 5000, 20
0, 12000, 101, 212, 181, 509520, 422488, 0.4, 50, 100, 1, 15, 5000, 20
0, 12000, 97, 204, 193, 420348, 390589, 0.4, 50, 100, 1, 14, 5000, 20
1, 7357, 110, 131, 132, 330931, 332757, 0.4, 50, 100, 1, 6, 5000, 20
0, 12000, 102, 219, 196, 421269, 360634, 0.4, 50, 100, 1, 16, 5000, 20
0, 12000, 97, 194, 152, 477027, 386541, 0.4, 50, 100, 1, 14, 5000, 20
0, 12000, 111, 222, 193, 443153, 360173, 0.4, 50, 100, 1, 16, 5000, 20
0, 12000, 115, 227, 201, 484787, 422864, 0.4, 50, 100, 1, 16, 5000, 20
0, 12000, 101, 212, 192, 496837, 423117, 0.4, 50, 100, 1, 15, 5000, 20
0, 12000, 116, 234, 194, 454283, 348595, 0.4, 50, 100, 1, 15, 5000, 20
0, 12000, 90, 179, 171, 424439, 401474, 0.4, 50, 100, 1, 14, 5000, 20
0, 12000, 102, 217, 194, 404810, 331474, 0.4, 50, 100, 1, 15, 5000, 20
0, 12000, 101, 221, 188, 491900, 399689, 0.4, 50, 100, 1, 15, 5000, 20
0, 12000, 121, 227, 211, 427117, 361436, 0.4, 50, 100, 1, 15, 5000, 20
0, 12000, 110, 216, 197, 461863, 372922, 0.4, 50, 100, 1, 15, 5000, 20
0, 12000, 113, 212, 214, 414860, 355834, 0.4, 50, 100, 1, 14, 5000, 20
0, 12000, 109, 212, 185, 458617, 397858, 0.4, 50, 100, 1, 14, 5000, 20
1, 6739, 97, 117, 119, 292862, 297523, 0.4, 50, 100, 1, 5, 5000, 20
0, 12000, 88, 207, 174, 427544, 358936, 0.4, 50, 100, 1, 14, 5000, 20
0, 12000, 105, 236, 198, 467685, 374503, 0.4, 50, 100, 1, 15, 5000, 20
0, 12000, 100, 210, 187, 415269, 359577, 0.4, 50, 100, 1, 15, 5000, 20
0, 12000, 108, 211, 193, 416969, 367925, 0.4, 50, 100, 1, 15, 5000, 20
0, 12000, 116, 218, 181, 487608, 401932, 0.4, 50, 100, 1, 16, 5000, 20
0, 12000, 120, 222, 203, 389585, 341248, 0.4, 50, 100, 1, 15, 5000, 20
0, 12000, 115, 216, 183, 531624, 430672, 0.4, 50, 100, 1, 14, 5000, 20
0, 12000, 94, 205, 179, 473978, 403897, 0.4, 50, 100, 1, 14, 5000, 20
0, 12000, 97, 221, 188, 428943, 344951, 0.4, 50, 100, 1, 14, 5000, 20
0, 12000, 95, 212, 187, 434888, 369019, 0.4, 50, 100, 1, 14, 5000, 20
0, 12000, 114, 227, 197, 458275, 375658, 0.4, 50, 100, 1, 15, 5000, 20
1, 6534, 101, 121, 123, 230464, 234248, 0.4, 50, 100, 1, 5, 5000, 20
0, 12000, 103, 215, 184, 468946, 392865, 0.4, 50, 100, 1, 14, 5000, 20
0, 12000, 109, 217, 188, 450678, 371099, 0.4, 50, 100, 1, 14, 5000, 20
0, 12000, 95, 235, 183, 478728, 336732, 0.4, 50, 100, 1, 15, 5000, 20
0, 12000, 103, 212, 187, 489893, 403814, 0.4, 50, 100, 1, 13, 5000, 20
0, 12000, 122, 233, 199, 424171, 342202, 0.4, 50, 100, 1, 14, 5000, 20
1, 11176, 95, 186, 191, 369133, 370107, 0.4, 50, 100, 1, 12, 5000, 20
0, 12000, 107, 208, 180, 442504, 391027, 0.4, 50, 100, 1, 13, 5000, 20
0, 12000, 109, 209, 189, 444262, 399022, 0.4, 50, 100, 1, 13, 5000, 20
1, 9913, 111, 167, 173, 366027, 367308, 0.4, 50, 100, 1, 10, 5000, 20
0, 12000, 105, 211, 188, 440582, 391068, 0.4, 50, 100, 1, 14, 5000, 20
0, 12000, 100, 189, 183, 458792, 433366, 0.4, 50, 100, 1, 12, 5000, 20
0, 12000, 117, 206, 178, 439665, 366120, 0.4, 50, 100, 1, 13, 5000, 20
0, 12000, 86, 203, 167, 480315, 369817, 0.4, 50, 100, 1, 14, 5000, 20
0, 12000, 96, 200, 160, 488199, 404032, 0.4, 50, 100, 1, 13, 5000, 20
0, 12000, 97, 200, 160, 474668, 358727, 0.4, 50, 100, 1, 12, 5000, 20
1, 7803, 111, 149, 151, 300977, 301466, 0.4, 50, 100, 1, 6, 5000, 20
0, 12000, 103, 223, 192, 492408, 412837, 0.4, 50, 100, 1, 14, 5000, 20
0, 12000, 100, 219, 170, 448542, 350315, 0.4, 50, 100, 1, 13, 5000, 20
0, 12000, 97, 213, 160, 487361, 367642, 0.4, 50, 100, 1, 14, 5000, 20
0, 12000, 103, 227, 191, 429340, 349353, 0.4, 50, 100, 1, 14, 5000, 20
0, 12000, 87, 197, 157, 455941, 375787, 0.4, 50, 100, 1, 14, 5000, 20
0, 12000, 100, 214, 178, 453442, 341377, 0.4, 50, 100, 1, 14, 5000, 20
0, 12000, 100, 207, 181, 461990, 398950, 0.4, 50, 100, 1, 16, 5000, 20
0, 12000, 98, 217, 205, 394315, 334728, 0.4, 50, 100, 1, 14, 5000, 20
0, 12000, 84, 204, 156, 493420, 381490, 0.4, 50, 100, 1, 13, 5000, 20
0, 12000, 99, 198, 179, 458674, 404250, 0.4, 50, 100, 1, 13, 5000, 20
0, 12000, 81, 199, 154, 468708, 365615, 0.4, 50, 100, 1, 13, 5000, 20
0, 12000, 95, 205, 171, 473109, 385452, 0.4, 50, 100, 1, 13, 5000, 20
0, 12000, 110, 220, 207, 426089, 384389, 0.4, 50, 100, 1, 14, 5000, 20
0, 12000, 89, 205, 173, 503200, 425728, 0.4, 50, 100, 1, 13, 5000, 20
0, 12000, 100, 221, 179, 421767, 327393, 0.4, 50, 100, 1, 13, 5000, 20
1, 7173, 110, 134, 135, 331600, 333221, 0.4, 50, 100, 1, 6, 5000, 20
0, 12000, 106, 217, 187, 468128, 360027, 0.4, 50, 100, 1, 14, 5000, 20
0, 12000, 96, 208, 171, 440407, 351889, 0.4, 50, 100, 1, 14, 5000, 20
0, 12000, 104, 202, 195, 399613, 375424, 0.4, 50, 100, 1, 13, 5000, 20
0, 12000, 79, 193, 157, 502705, 406203, 0.4, 50, 100, 1, 13, 5000, 20
0, 12000, 94, 206, 171, 467729, 381398, 0.4, 50, 100, 1, 14, 5000, 20
0, 12000, 107, 217, 181, 465227, 384913, 0.4, 50, 100, 1, 13, 5000, 20
0, 12000, 102, 204, 193, 421441, 380988, 0.4, 50, 100, 1, 13, 5000, 20
0, 12000, 115, 221, 183, 493156, 400178, 0.4, 50, 100, 1, 13, 5000, 20
0, 12000, 112, 208, 188, 420648, 380406, 0.4, 50, 100, 1, 14, 5000, 20
0, 12000, 105, 201, 180, 521592, 460296, 0.4, 50, 100, 1, 16, 5000, 20
0, 12000, 96, 227, 198, 431036, 340416, 0.4, 50, 100, 1, 14, 5000, 20
0, 12000, 92, 192, 183, 426393, 368878, 0.4, 50, 100, 1, 14, 5000, 20
0, 12000, 101, 208, 200, 410461, 368593, 0.4, 50, 100, 1, 14, 5000, 20
1, 7064, 109, 136, 132, 574899, 576775, 0.4, 50, 100, 2, 12, 5000, 20
0, 12000, 111, 209, 184, 952048, 838310, 0.4, 50, 100, 2, 22, 5000, 20
0, 12000, 105, 211, 174, 876983, 716446, 0.4, 50, 100, 2, 24, 5000, 20
0, 12000, 115, 217, 204, 921816, 836761, 0.4, 50, 100, 2, 23, 5000, 20
0, 12000, 124, 228, 202, 903014, 794424, 0.4, 50, 100, 2, 24, 5000, 20
0, 12000, 94, 195, 162, 1054891, 883368, 0.4, 50, 100, 2, 26, 5000, 20
0, 12000, 94, 202, 181, 904618, 798324, 0.4, 50, 100, 2, 23, 5000, 20
0, 12000, 103, 222, 188, 823576, 683976, 0.4, 50, 100, 2, 25, 5000, 20
0, 12000, 105, 223, 184, 924958, 768393, 0.4, 50, 100, 2, 24, 5000, 20
0, 12000, 97, 199, 188, 924943, 854802, 0.4, 50, 100, 2, 26, 5000, 20
0, 12000, 96, 202, 179, 839665, 736725, 0.4, 50, 100, 2, 25, 5000, 20
0, 12000, 92, 215, 196, 830792, 727693, 0.4, 50, 100, 2, 24, 5000, 20
0, 12000, 109, 223, 186, 945018, 763407, 0.4, 50, 100, 2, 24, 5000, 20
0, 12000, 95, 214, 189, 857434, 717093, 0.4, 50, 100, 2, 25, 5000, 20
0, 12000, 114, 222, 199, 876359, 779254, 0.4, 50, 100, 2, 26, 5000, 20
0, 12000, 100, 203, 184, 910070, 755517, 0.4, 50, 100, 2, 24, 5000, 20
0, 12000, 107, 214, 194, 892877, 733582, 0.4, 50, 100, 2, 25, 5000, 20
0, 12000, 110, 213, 192, 923832, 809979, 0.4, 50, 100, 2, 23, 5000, 20
0, 12000, 104, 207, 177, 881431, 786399, 0.4, 50, 100, 2, 24, 5000, 20
0, 12000, 89, 209, 166, 1003865, 811514, 0.4, 50, 100, 2, 24, 5000, 20
0, 12000, 84, 195, 168, 917613, 813327, 0.4, 50, 100, 2, 23, 5000, 20
0, 12000, 115, 224, 179, 966423, 764334, 0.4, 50, 100, 2, 28, 5000, 20
0, 12000, 102, 218, 187, 882236, 765696, 0.4, 50, 100, 2, 26, 5000, 20
0, 12000, 106, 228, 191, 933579, 807607, 0.4, 50, 100, 2, 25, 5000, 20
0, 12000, 101, 198, 165, 938765, 785673, 0.4, 50, 100, 2, 27, 5000, 20
0, 12000, 103, 186, 174, 977185, 861997, 0.4, 50, 100, 2, 25, 5000, 20
0, 12000, 92, 202, 178, 917610, 770970, 0.4, 50, 100, 2, 26, 5000, 20
0, 12000, 93, 205, 182, 918700, 830557, 0.4, 50, 100, 2, 25, 5000, 20
0, 12000, 85, 180, 155, 933782, 812459, 0.4, 50, 100, 2, 24, 5000, 20
0, 12000, 99, 215, 187, 917801, 750976, 0.4, 50, 100, 2, 24, 5000, 20
1, 6824, 98, 118, 122, 544829, 546009, 0.4, 50, 100, 2, 10, 5000, 20
0, 12000, 81, 200, 168, 885766, 734624, 0.4, 50, 100, 2, 26, 5000, 20
0, 12000, 98, 212, 179, 875610, 712762, 0.4, 50, 100, 2, 24, 5000, 20
0, 12000, 98, 205, 185, 899388, 754955, 0.4, 50, 100, 2, 26, 5000, 20
1, 6619, 100, 121, 123, 578933, 585895, 0.4, 50, 100, 2, 9, 5000, 20
0, 12000, 103, 215, 196, 887599, 747039, 0.4, 50, 100, 2, 25, 5000, 20
0, 12000, 97, 218, 182, 936114, 756072, 0.4, 50, 100, 2, 24, 5000, 20
0, 12000, 110, 227, 194, 888064, 734579, 0.4, 50, 100, 2, 25, 5000, 20
1, 6709, 112, 132, 137, 592110, 595711, 0.4, 50, 100, 2, 11, 5000, 20
0, 12000, 98, 199, 173, 887725, 801918, 0.4, 50, 100, 2, 29, 5000, 20
0, 12000, 97, 215, 181, 977611, 775044, 0.4, 50, 100, 2, 25, 5000, 20
0, 12000, 102, 230, 184, 888850, 683633, 0.4, 50, 100, 2, 24, 5000, 20
0, 12000, 98, 206, 183, 929504, 787643, 0.4, 50, 100, 2, 27, 5000, 20
0, 12000, 108, 214, 190, 947701, 778565, 0.4, 50, 100, 2, 26, 5000, 20
0, 12000, 96, 211, 182, 855583, 747394, 0.4, 50, 100, 2, 27, 5000, 20
0, 12000, 112, 208, 182, 919973, 746391, 0.4, 50, 100, 2, 25, 5000, 20
0, 12000, 102, 210, 175, 985738, 802218, 0.4, 50, 100, 2, 27, 5000, 20
0, 12000, 105, 216, 209, 857122, 740284, 0.4, 50, 100, 2, 25, 5000, 20
0, 12000, 101, 213, 176, 912343, 754379, 0.4, 50, 100, 2, 26, 5000, 20
0, 12000, 102, 199, 170, 947221, 842877, 0.4, 50, 100, 2, 25, 5000, 20
0, 12000, 107, 219, 192, 899643, 730527, 0.4, 50, 100, 2, 27, 5000, 20
0, 12000, 101, 210, 179, 818117, 693726, 0.4, 50, 100, 2, 27, 5000, 20
0, 12000, 103, 209, 183, 909843, 770554, 0.4, 50, 100, 2, 26, 5000, 20
0, 12000, 109, 217, 193, 858672, 736807, 0.4, 50, 100, 2, 24, 5000, 20
0, 12000, 119, 219, 196, 947908, 757758, 0.4, 50, 100, 2, 24, 5000, 20
0, 12000, 96, 207, 182, 917184, 784572, 0.4, 50, 100, 2, 26, 5000, 20
0, 12000, 95, 229, 192, 872460, 716133, 0.4, 50, 100, 2, 26, 5000, 20
0, 12000, 109, 218, 190, 880231, 768368, 0.4, 50, 100, 2, 25, 5000, 20
0, 12000, 73, 155, 135, 978206, 886369, 0.4, 50, 100, 2, 27, 5000, 20
0, 12000, 99, 205, 202, 858475, 783609, 0.4, 50, 100, 2, 26, 5000, 20
0, 12000, 100, 180, 164, 927216, 816113, 0.4, 50, 100, 2, 24, 5000, 20
0, 12000, 103, 204, 186, 909653, 820671, 0.4, 50, 100, 2, 26, 5000, 20
0, 12000, 92, 201, 187, 861395, 759029, 0.4, 50, 100, 2, 25, 5000, 20
0, 12000, 101, 211, 187, 925047, 752714, 0.4, 50, 100, 2, 28, 5000, 20
0, 12000, 99, 216, 183, 1027872, 829450, 0.4, 50, 100, 2, 25, 5000, 20
0, 12000, 110, 203, 205, 976651, 862807, 0.4, 50, 100, 2, 27, 5000, 20
0, 12000, 96, 206, 180, 880961, 793305, 0.4, 50, 100, 2, 27, 5000, 20
0, 12000, 115, 210, 182, 913412, 785662, 0.4, 50, 100, 2, 25, 5000, 20
0, 12000, 89, 183, 158, 880448, 732667, 0.4, 50, 100, 2, 25, 5000, 20
0, 12000, 124, 241, 203, 891279, 710700, 0.4, 50, 100, 2, 28, 5000, 20
0, 12000, 100, 218, 201, 908215, 718575, 0.4, 50, 100, 2, 25, 5000, 20
0, 12000, 114, 234, 205, 914722, 748294, 0.4, 50, 100, 2, 25, 5000, 20
1, 6938, 100, 124, 125, 632481, 634094, 0.4, 50, 100, 2, 10, 5000, 20
0, 12000, 98, 193, 166, 923241, 758496, 0.4, 50, 100, 2, 25, 5000, 20
0, 12000, 94, 201, 163, 913961, 767539, 0.4, 50, 100, 2, 24, 5000, 20
0, 12000, 98, 207, 167, 955176, 754384, 0.4, 50, 100, 2, 26, 5000, 20
0, 12000, 94, 205, 175, 881181, 752438, 0.4, 50, 100, 2, 24, 5000, 20
1, 6988, 107, 127, 125, 592408, 593963, 0.4, 50, 100, 2, 11, 5000, 20
0, 12000, 100, 201, 182, 806453, 729516, 0.4, 50, 100, 2, 27, 5000, 20
0, 12000, 99, 215, 183, 884878, 756322, 0.4, 50, 100, 2, 25, 5000, 20
0, 12000, 98, 202, 169, 965756, 797762, 0.4, 50, 100, 2, 25, 5000, 20
0, 12000, 95, 197, 172, 932451, 778272, 0.4, 50, 100, 2, 24, 5000, 20
1, 6214, 105, 125, 123, 506579, 515129, 0.4, 50, 100, 2, 9, 5000, 20
0, 12000, 100, 206, 178, 974803, 802360, 0.4, 50, 100, 2, 25, 5000, 20
0, 12000, 100, 195, 175, 949140, 855373, 0.4, 50, 100, 2, 26, 5000, 20
0, 12000, 79, 187, 138, 1030470, 814581, 0.4, 50, 100, 2, 24, 5000, 20
0, 12000, 96, 199, 176, 915125, 818852, 0.4, 50, 100, 2, 25, 5000, 20
1, 7249, 94, 114, 112, 661573, 667340, 0.4, 50, 100, 2, 11, 5000, 20
0, 12000, 97, 199, 173, 933689, 780201, 0.4, 50, 100, 2, 25, 5000, 20
0, 12000, 91, 205, 165, 868428, 758618, 0.4, 50, 100, 2, 23, 5000, 20
0, 12000, 113, 218, 207, 850772, 745966, 0.4, 50, 100, 2, 28, 5000, 20
0, 12000, 94, 204, 177, 874783, 768823, 0.4, 50, 100, 2, 24, 5000, 20
0, 12000, 111, 226, 193, 909138, 785469, 0.4, 50, 100, 2, 25, 5000, 20
0, 12000, 111, 220, 191, 908508, 787121, 0.4, 50, 100, 2, 25, 5000, 20
0, 12000, 85, 176, 161, 921034, 767886, 0.4, 50, 100, 2, 26, 5000, 20
0, 12000, 88, 203, 153, 1036818, 804954, 0.4, 50, 100, 2, 26, 5000, 20
0, 12000, 106, 221, 209, 890506, 811826, 0.4, 50, 100, 2, 25, 5000, 20
0, 12000, 90, 213, 165, 967291, 710847, 0.4, 50, 100, 2, 27, 5000, 20
0, 12000, 86, 205, 177, 960762, 800756, 0.4, 50, 100, 2, 25, 5000, 20
0, 12000, 105, 195, 181, 855106, 751949, 0.4, 50, 100, 2, 27, 5000, 20
0, 12000, 105, 223, 207, 1383997, 1103168, 0.4, 50, 100, 3, 37, 5000, 20
0, 12000, 103, 224, 191, 1371720, 1136089, 0.4, 50, 100, 3, 36, 5000, 20
0, 12000, 95, 208, 161, 1353976, 1085588, 0.4, 50, 100, 3, 37, 5000, 20
0, 12000, 101, 209, 180, 1326050, 1129137, 0.4, 50, 100, 3, 36, 5000, 20
0, 12000, 91, 189, 176, 1418746, 1262145, 0.4, 50, 100, 3, 35, 5000, 20
0, 12000, 111, 218, 198, 1314892, 1178666, 0.4, 50, 100, 3, 35, 5000, 20
0, 12000, 124, 220, 197, 1287997, 1115439, 0.4, 50, 100, 3, 38, 5000, 20
0, 12000, 104, 205, 197, 1339172, 1116426, 0.4, 50, 100, 3, 39, 5000, 20
0, 12000, 105, 213, 192, 1350330, 1130348, 0.4, 50, 100, 3, 37, 5000, 20
0, 12000, 105, 226, 205, 1321655, 1152105, 0.4, 50, 100, 3, 36, 5000, 20
0, 12000, 106, 211, 198, 1429354, 1222226, 0.4, 50, 100, 3, 39, 5000, 20
0, 12000, 107, 209, 184, 1391988, 1191211, 0.4, 50, 100, 3, 40, 5000, 20
0, 12000, 101, 215, 171, 1295714, 1073119, 0.4, 50, 100, 3, 37, 5000, 20
0, 12000, 104, 213, 183, 1310507, 1055791, 0.4, 50, 100, 3, 45, 5000, 20
0, 12000, 106, 196, 187, 1362581, 1197931, 0.4, 50, 100, 3, 40, 5000, 20
0, 12000, 98, 210, 167, 1392048, 1174082, 0.4, 50, 100, 3, 37, 5000, 20
0, 12000, 105, 216, 192, 1401109, 1191487, 0.4, 50, 100, 3, 38, 5000, 20
0, 12000, 107, 213, 198, 1386755, 1157968, 0.4, 50, 100, 3, 43, 5000, 20
0, 12000, 107, 215, 197, 1369975, 1135771, 0.4, 50, 100, 3, 51, 5000, 20
0, 12000, 99, 203, 186, 1342968, 1204231, 0.4, 50, 100, 3, 36, 5000, 20
0, 12000, 99, 221, 192, 1305122, 1115974, 0.4, 50, 100, 3, 41, 5000, 20
0, 12000, 110, 216, 199, 1366893, 1216620, 0.4, 50, 100, 3, 38, 5000, 20
0, 12000, 84, 199, 163, 1327427, 1117813, 0.4, 50, 100, 3, 38, 5000, 20
0, 12000, 102, 221, 185, 1375305, 1124681, 0.4, 50, 100, 3, 39, 5000, 20
0, 12000, 81, 206, 178, 1388055, 1158886, 0.4, 50, 100, 3, 41, 5000, 20
1, 6682, 94, 114, 114, 912838, 923582, 0.4, 50, 100, 3, 19, 5000, 20
0, 12000, 116, 220, 195, 1429256, 1142287, 0.4, 50, 100, 3, 38, 5000, 20
0, 12000, 112, 225, 186, 1566273, 1296376, 0.4, 50, 100, 3, 37, 5000, 20
0, 12000, 106, 223, 195, 1354286, 1137731, 0.4, 50, 100, 3, 38, 5000, 20
0, 12000, 94, 195, 169, 1380005, 1193129, 0.4, 50, 100, 3, 40, 5000, 20
0, 12000, 108, 204, 170, 1419703, 1208627, 0.4, 50, 100, 3, 38, 5000, 20
0, 12000, 106, 221, 187, 1303163, 1082295, 0.4, 50, 100, 3, 39, 5000, 20
0, 12000, 93, 208, 176, 1387667, 1164275, 0.4, 50, 100, 3, 38, 5000, 20
0, 12000, 126, 236, 203, 1396404, 1221866, 0.4, 50, 100, 3, 42, 5000, 20
0, 12000, 112, 210, 187, 1424151, 1207044, 0.4, 50, 100, 3, 36, 5000, 20
0, 12000, 106, 220, 198, 1406154, 1142088, 0.4, 50, 100, 3, 38, 5000, 20
0, 12000, 109, 215, 195, 1353977, 1169889, 0.4, 50, 100, 3, 37, 5000, 20
0, 12000, 92, 203, 186, 1331582, 1180627, 0.4, 50, 100, 3, 40, 5000, 20
0, 12000, 95, 220, 185, 1326577, 1114550, 0.4, 50, 100, 3, 38, 5000, 20
0, 12000, 92, 210, 186, 1436174, 1179029, 0.4, 50, 100, 3, 36, 5000, 20
0, 12000, 98, 210, 174, 1393364, 1181174, 0.4, 50, 100, 3, 38, 5000, 20
0, 12000, 111, 219, 196, 1290611, 1128365, 0.4, 50, 100, 3, 35, 5000, 20
0, 12000, 103, 208, 191, 1461791, 1276021, 0.4, 50, 100, 3, 36, 5000, 20
0, 12000, 97, 198, 176, 1365659, 1209989, 0.4, 50, 100, 3, 44, 5000, 20
0, 12000, 103, 210, 180, 1369968, 1184623, 0.4, 50, 100, 3, 39, 5000, 20
0, 12000, 109, 220, 215, 1273240, 1141139, 0.4, 50, 100, 3, 39, 5000, 20
0, 12000, 95, 188, 165, 1400370, 1143628, 0.4, 50, 100, 3, 40, 5000, 20
0, 12000, 106, 214, 206, 1373295, 1159022, 0.4, 50, 100, 3, 40, 5000, 20
0, 12000, 102, 194, 177, 1371603, 1226501, 0.4, 50, 100, 3, 38, 5000, 20
0, 12000, 101, 209, 177, 1369721, 1148283, 0.4, 50, 100, 3, 39, 5000, 20
0, 12000, 88, 195, 174, 1388435, 1205204, 0.4, 50, 100, 3, 38, 5000, 20
0, 12000, 112, 221, 192, 1445936, 1203613, 0.4, 50, 100, 3, 39, 5000, 20
0, 12000, 109, 211, 184, 1401554, 1210948, 0.4, 50, 100, 3, 37, 5000, 20
0, 12000, 100, 219, 175, 1453302, 1171621, 0.4, 50, 100, 3, 42, 5000, 20
0, 12000, 102, 219, 185, 1459322, 1189389, 0.4, 50, 100, 3, 38, 5000, 20
0, 12000, 92, 200, 184, 1407910, 1216140, 0.4, 50, 100, 3, 37, 5000, 20
0, 12000, 105, 223, 189, 1416978, 1171126, 0.4, 50, 100, 3, 39, 5000, 20
0, 12000, 106, 222, 197, 1417599, 1239102, 0.4, 50, 100, 3, 40, 5000, 20
0, 12000, 95, 200, 178, 1358368, 1196605, 0.4, 50, 100, 3, 41, 5000, 20
0, 12000, 100, 232, 197, 1322387, 1118422, 0.4, 50, 100, 3, 38, 5000, 20
0, 12000, 108, 221, 171, 1356935, 1069221, 0.4, 50, 100, 3, 37, 5000, 20
0, 12000, 108, 219, 193, 1305757, 1103275, 0.4, 50, 100, 3, 43, 5000, 20
0, 12000, 89, 190, 182, 1390777, 1257041, 0.4, 50, 100, 3, 41, 5000, 20
0, 12000, 94, 208, 190, 1312961, 1146463, 0.4, 50, 100, 3, 40, 5000, 20
0, 12000, 106, 207, 192, 1443009, 1184472, 0.4, 50, 100, 3, 38, 5000, 20
0, 12000, 102, 214, 197, 1231471, 1052127, 0.4, 50, 100, 3, 45, 5000, 20
0, 12000, 96, 219, 192, 1345225, 1145878, 0.4, 50, 100, 3, 38, 5000, 20
0, 12000, 105, 217, 184, 1440878, 1215064, 0.4, 50, 100, 3, 39, 5000, 20
0, 12000, 100, 202, 174, 1315287, 1135446, 0.4, 50, 100, 3, 41, 5000, 20
0, 12000, 122, 226, 209, 1352477, 1234402, 0.4, 50, 100, 3, 39, 5000, 20
0, 12000, 109, 199, 185, 1379082, 1139599, 0.4, 50, 100, 3, 38, 5000, 20
0, 12000, 101, 209, 187, 1300507, 1155917, 0.4, 50, 100, 3, 43, 5000, 20
0, 12000, 103, 206, 190, 1404368, 1205086, 0.4, 50, 100, 3, 42, 5000, 20
0, 12000, 112, 226, 197, 1418658, 1192000, 0.4, 50, 100, 3, 40, 5000, 20
0, 12000, 102, 235, 198, 1394628, 1084152, 0.4, 50, 100, 3, 47, 5000, 20
0, 12000, 118, 202, 183, 1435860, 1195926, 0.4, 50, 100, 3, 43, 5000, 20
0, 12000, 113, 234, 199, 1353498, 1134530, 0.4, 50, 100, 3, 40, 5000, 20
0, 12000, 99, 220, 195, 1349367, 1150767, 0.4, 50, 100, 3, 40, 5000, 20
0, 12000, 101, 218, 184, 1325188, 1133139, 0.4, 50, 100, 3, 38, 5000, 20
0, 12000, 114, 206, 194, 1321239, 1151984, 0.4, 50, 100, 3, 42, 5000, 20
0, 12000, 99, 205, 171, 1358105, 1110552, 0.4, 50, 100, 3, 39, 5000, 20
0, 12000, 114, 242, 204, 1243586, 1005668, 0.4, 50, 100, 3, 43, 5000, 20
0, 12000, 116, 215, 199, 1347362, 1117055, 0.4, 50, 100, 3, 36, 5000, 20
0, 12000, 106, 210, 205, 1327620, 1229198, 0.4, 50, 100, 3, 40, 5000, 20
0, 12000, 113, 213, 175, 1318576, 1072153, 0.4, 50, 100, 3, 39, 5000, 20
0, 12000, 98, 211, 195, 1485726, 1304668, 0.4, 50, 100, 3, 36, 5000, 20
0, 12000, 115, 230, 197, 1388620, 1150390, 0.4, 50, 100, 3, 38, 5000, 20
0, 12000, 109, 227, 203, 1296226, 1153159, 0.4, 50, 100, 3, 37, 5000, 20
0, 12000, 118, 214, 200, 1385211, 1201540, 0.4, 50, 100, 3, 41, 5000, 20
0, 12000, 97, 207, 171, 1353166, 1147044, 0.4, 50, 100, 3, 38, 5000, 20
0, 12000, 107, 214, 192, 1325455, 1123575, 0.4, 50, 100, 3, 43, 5000, 20
0, 12000, 114, 225, 202, 1364459, 1163264, 0.4, 50, 100, 3, 38, 5000, 20
1, 5963, 108, 128, 117, 1052920, 1066579, 0.4, 50, 100, 4, 18, 5000, 20
0, 12000, 85, 191, 154, 1378592, 1206924, 0.4, 50, 100, 3, 40, 5000, 20
0, 12000, 101, 214, 184, 1420234, 1232858, 0.4, 50, 100, 3, 37, 5000, 20
0, 12000, 110, 212, 202, 1270649, 1101297, 0.4, 50, 100, 3, 41, 5000, 20
0, 12000, 95, 212, 180, 1304888, 1116457, 0.4, 50, 100, 3, 38, 5000, 20
0, 12000, 101, 207, 192, 1333152, 1197545, 0.4, 50, 100, 3, 40, 5000, 20
0, 12000, 97, 172, 157, 1350942, 1143926, 0.4, 50, 100, 3, 46, 5000, 20
0, 12000, 115, 209, 175, 1457225, 1213237, 0.4, 50, 100, 3, 41, 5000, 20
0, 12000, 89, 181, 144, 1385780, 1166492, 0.4, 50, 100, 3, 37, 5000, 20
0, 12000, 87, 193, 153, 1935929, 1495959, 0.4, 50, 100, 4, 51, 5000, 20
0, 12000, 85, 200, 188, 1808411, 1521949, 0.4, 50, 100, 4, 51, 5000, 20
0, 12000, 109, 208, 165, 1886351, 1577937, 0.4, 50, 100, 4, 53, 5000, 20
0, 12000, 99, 206, 179, 1754261, 1477453, 0.4, 50, 100, 4, 52, 5000, 20
0, 12000, 84, 195, 154, 1936019, 1540801, 0.4, 50, 100, 4, 51, 5000, 20
0, 12000, 118, 216, 195, 1896098, 1547790, 0.4, 50, 100, 4, 51, 5000, 20
0, 12000, 116, 225, 188, 1788779, 1490530, 0.4, 50, 100, 4, 57, 5000, 20
0, 12000, 107, 237, 191, 1918720, 1465824, 0.4, 50, 100, 4, 51, 5000, 20
0, 12000, 103, 220, 176, 1861023, 1623789, 0.4, 50, 100, 4, 53, 5000, 20
0, 12000, 118, 232, 205, 1849158, 1567364, 0.4, 50, 100, 4, 52, 5000, 20
0, 12000, 102, 203, 182, 1682973, 1511565, 0.4, 50, 100, 4, 53, 5000, 20
0, 12000, 106, 219, 184, 1921087, 1708821, 0.4, 50, 100, 4, 51, 5000, 20
0, 12000, 101, 205, 178, 1766735, 1546313, 0.4, 50, 100, 4, 52, 5000, 20
0, 12000, 111, 217, 200, 1852125, 1659829, 0.4, 50, 100, 4, 54, 5000, 20
0, 12000, 106, 208, 180, 1909792, 1638402, 0.4, 50, 100, 4, 51, 5000, 20
0, 12000, 110, 223, 203, 1951672, 1679567, 0.4, 50, 100, 4, 53, 5000, 20
0, 12000, 107, 224, 189, 1944777, 1636979, 0.4, 50, 100, 4, 51, 5000, 20
0, 12000, 98, 208, 194, 1870875, 1573513, 0.4, 50, 100, 4, 54, 5000, 20
0, 12000, 109, 217, 210, 1829333, 1611001, 0.4, 50, 100, 4, 51, 5000, 20
0, 12000, 86, 216, 203, 1842339, 1671193, 0.4, 50, 100, 4, 52, 5000, 20
0, 12000, 112, 230, 206, 1805471, 1422484, 0.4, 50, 100, 4, 61, 5000, 20
0, 12000, 107, 205, 172, 1848005, 1582158, 0.4, 50, 100, 4, 52, 5000, 20
0, 12000, 92, 210, 172, 1752596, 1484175, 0.4, 50, 100, 4, 52, 5000, 20
0, 12000, 99, 196, 167, 1943067, 1678668, 0.4, 50, 100, 4, 51, 5000, 20
0, 12000, 105, 217, 179, 1865123, 1527846, 0.4, 50, 100, 4, 51, 5000, 20
0, 12000, 104, 227, 200, 1832590, 1501211, 0.4, 50, 100, 4, 50, 5000, 20
0, 12000, 87, 201, 179, 1901033, 1621103, 0.4, 50, 100, 4, 53, 5000, 20
0, 12000, 109, 203, 179, 1860979, 1599357, 0.4, 50, 100, 4, 53, 5000, 20
0, 12000, 108, 220, 178, 1837728, 1520415, 0.4, 50, 100, 4, 54, 5000, 20
0, 12000, 107, 229, 208, 1801949, 1453619, 0.4, 50, 100, 4, 52, 5000, 20
0, 12000, 113, 213, 185, 1776821, 1568790, 0.4, 50, 100, 4, 57, 5000, 20
0, 12000, 104, 229, 198, 1765565, 1549880, 0.4, 50, 100, 4, 53, 5000, 20
0, 12000, 109, 222, 189, 1811717, 1570748, 0.4, 50, 100, 4, 52, 5000, 20
0, 12000, 91, 199, 153, 1804200, 1471112, 0.4, 50, 100, 4, 54, 5000, 20
0, 12000, 79, 192, 145, 1938549, 1639858, 0.4, 50, 100, 4, 52, 5000, 20
0, 12000, 100, 214, 182, 1820421, 1558690, 0.4, 50, 100, 4, 55, 5000, 20
0, 12000, 103, 209, 183, 1770257, 1611967, 0.4, 50, 100, 4, 47, 5000, 20
0, 12000, 100, 210, 181, 1905421, 1546374, 0.4, 50, 100, 4, 66, 5000, 20
0, 12000, 100, 195, 166, 1843277, 1528507, 0.4, 50, 100, 4, 58, 5000, 20
0, 12000, 94, 197, 173, 1805889, 1532380, 0.4, 50, 100, 4, 51, 5000, 20
0, 12000, 114, 225, 217, 1783370, 1572998, 0.4, 50, 100, 4, 50, 5000, 20
0, 12000, 108, 221, 205, 1866343, 1559549, 0.4, 50, 100, 4, 57, 5000, 20
0, 12000, 89, 209, 186, 1779243, 1533528, 0.4, 50, 100, 4, 49, 5000, 20
0, 12000, 110, 217, 196, 1803501, 1540219, 0.4, 50, 100, 4, 56, 5000, 20
0, 12000, 121, 212, 200, 1895046, 1603681, 0.4, 50, 100, 4, 62, 5000, 20
0, 12000, 95, 194, 157, 1805084, 1497741, 0.4, 50, 100, 4, 52, 5000, 20
0, 12000, 111, 209, 188, 1821561, 1501787, 0.4, 50, 100, 4, 57, 5000, 20
0, 12000, 94, 227, 190, 1771648, 1521748, 0.4, 50, 100, 4, 51, 5000, 20
0, 12000, 95, 198, 178, 1935674, 1630466, 0.4, 50, 100, 4, 50, 5000, 20
0, 12000, 123, 220, 203, 1707440, 1531619, 0.4, 50, 100, 4, 55, 5000, 20
0, 12000, 97, 203, 182, 1923630, 1578083, 0.4, 50, 100, 4, 51, 5000, 20
0, 12000, 92, 218, 173, 1789126, 1511383, 0.4, 50, 100, 4, 54, 5000, 20
0, 12000, 111, 230, 197, 1854031, 1561247, 0.4, 50, 100, 4, 55, 5000, 20
0, 12000, 110, 228, 196, 1720600, 1445267, 0.4, 50, 100, 4, 64, 5000, 20
0, 12000, 97, 208, 160, 1867367, 1495462, 0.4, 50, 100, 4, 60, 5000, 20
0, 12000, 113, 218, 187, 1789120, 1540920, 0.4, 50, 100, 4, 57, 5000, 20
0, 12000, 110, 214, 211, 1753239, 1599184, 0.4, 50, 100, 4, 56, 5000, 20
0, 12000, 104, 209, 178, 1831948, 1478928, 0.4, 50, 100, 4, 59, 5000, 20
0, 12000, 113, 224, 205, 1878827, 1580938, 0.4, 50, 100, 4, 59, 5000, 20
1, 6414, 102, 123, 113, 1163481, 1165330, 0.4, 50, 100, 4, 25, 5000, 20
0, 12000, 103, 209, 201, 1877115, 1627232, 0.4, 50, 100, 4, 49, 5000, 20
0, 12000, 92, 214, 199, 1786805, 1507001, 0.4, 50, 100, 4, 53, 5000, 20
0, 12000, 104, 213, 196, 1765508, 1561359, 0.4, 50, 100, 4, 55, 5000, 20
0, 12000, 104, 209, 205, 1715229, 1475718, 0.4, 50, 100, 4, 51, 5000, 20
0, 12000, 108, 216, 201, 1937841, 1589612, 0.4, 50, 100, 4, 70, 5000, 20
0, 12000, 100, 185, 167, 1916011, 1680673, 0.4, 50, 100, 4, 53, 5000, 20
0, 12000, 103, 202, 185, 1803993, 1519354, 0.4, 50, 100, 4, 56, 5000, 20
0, 12000, 91, 208, 173, 1779729, 1551629, 0.4, 50, 100, 4, 53, 5000, 20
0, 12000, 94, 215, 190, 1821911, 1601640, 0.4, 50, 100, 4, 56, 5000, 20
0, 12000, 107, 203, 188, 1887099, 1557832, 0.4, 50, 100, 4, 57, 5000, 20
0, 12000, 100, 204, 187, 1926038, 1546964, 0.4, 50, 100, 4, 59, 5000, 20
0, 12000, 88, 199, 168, 1886982, 1588302, 0.4, 50, 100, 4, 60, 5000, 20
0, 12000, 117, 206, 192, 1934557, 1597168, 0.4, 50, 100, 4, 51, 5000, 20
0, 12000, 108, 223, 190, 1729252, 1458501, 0.4, 50, 100, 4, 53, 5000, 20
0, 12000, 97, 212, 176, 1849229, 1542500, 0.4, 50, 100, 4, 67, 5000, 20
0, 12000, 103, 215, 205, 1912933, 1590020, 0.4, 50, 100, 4, 53, 5000, 20
0, 12000, 87, 192, 165, 1618423, 1416216, 0.4, 50, 100, 4, 56, 5000, 20
0, 12000, 110, 208, 199, 1863922, 1677062, 0.4, 50, 100, 4, 60, 5000, 20
0, 12000, 95, 216, 193, 1822512, 1540972, 0.4, 50, 100, 4, 55, 5000, 20
0, 12000, 99, 209, 178, 1755284, 1605245, 0.4, 50, 100, 4, 61, 5000, 20
0, 12000, 91, 198, 159, 1866267, 1514730, 0.4, 50, 100, 4, 57, 5000, 20
0, 12000, 112, 200, 182, 1753015, 1523833, 0.4, 50, 100, 4, 59, 5000, 20
0, 12000, 108, 204, 198, 1804948, 1596000, 0.4, 50, 100, 4, 55, 5000, 20
0, 12000, 95, 198, 172, 1878380, 1605528, 0.4, 50, 100, 4, 50, 5000, 20
0, 12000, 85, 198, 152, 1799088, 1597872, 0.4, 50, 100, 4, 57, 5000, 20
0, 12000, 112, 229, 184, 1922933, 1557107, 0.4, 50, 100, 4, 59, 5000, 20
0, 12000, 87, 182, 159, 1880232, 1567632, 0.4, 50, 100, 4, 68, 5000, 20
0, 12000, 95, 228, 200, 1683169, 1394166, 0.4, 50, 100, 4, 55, 5000, 20
0, 12000, 93, 217, 203, 1844756, 1605368, 0.4, 50, 100, 4, 56, 5000, 20
0, 12000, 93, 203, 152, 1916920, 1701506, 0.4, 50, 100, 4, 63, 5000, 20
0, 12000, 105, 209, 187, 1797358, 1547438, 0.4, 50, 100, 4, 53, 5000, 20
0, 12000, 72, 179, 168, 1750551, 1584745, 0.4, 50, 100, 4, 53, 5000, 20
0, 12000, 113, 222, 185, 1940527, 1638166, 0.4, 50, 100, 4, 51, 5000, 20
0, 12000, 98, 195, 173, 1859782, 1600626, 0.4, 50, 100, 4, 57, 5000, 20
0, 12000, 94, 202, 185, 1777515, 1475083, 0.4, 50, 100, 4, 56, 5000, 20
0, 12000, 104, 228, 194, 1797607, 1501401, 0.4, 50, 100, 4, 55, 5000, 20
0, 12000, 107, 221, 179, 1846999, 1536768, 0.4, 50, 100, 4, 52, 5000, 20
1, 6972, 80, 104, 111, 1464477, 1474198, 0.4, 50, 100, 5, 29, 5000, 20
0, 12000, 95, 213, 172, 1736250, 1472300, 0.4, 50, 100, 4, 57, 5000, 20
0, 12000, 105, 223, 185, 1861386, 1544632, 0.4, 50, 100, 4, 53, 5000, 20
0, 12000, 97, 206, 180, 2245643, 1848560, 0.4, 50, 100, 5, 71, 5000, 20
0, 12000, 91, 207, 181, 2343296, 1984422, 0.4, 50, 100, 5, 70, 5000, 20
0, 12000, 100, 217, 179, 2296862, 1981941, 0.4, 50, 100, 5, 70, 5000, 20
0, 12000, 98, 203, 170, 2380465, 1980579, 0.4, 50, 100, 5, 67, 5000, 20
0, 12000, 101, 202, 165, 2409077, 2045682, 0.4, 50, 100, 5, 67, 5000, 20
0, 12000, 104, 230, 197, 2289839, 1848863, 0.4, 50, 100, 5, 69, 5000, 20
0, 12000, 106, 216, 179, 2312579, 1970225, 0.4, 50, 100, 5, 75, 5000, 20
0, 12000, 118, 213, 201, 2262704, 2017616, 0.4, 50, 100, 5, 77, 5000, 20
0, 12000, 121, 204, 197, 2319221, 1953289, 0.4, 50, 100, 5, 83, 5000, 20
0, 12000, 112, 224, 198, 2217912, 1995912, 0.4, 50, 100, 5, 74, 5000, 20
0, 12000, 114, 236, 200, 2266417, 1803374, 0.4, 50, 100, 5, 74, 5000, 20
0, 12000, 97, 207, 179, 2262985, 1978583, 0.4, 50, 100, 5, 71, 5000, 20
0, 12000, 110, 221, 188, 2374886, 2071989, 0.4, 50, 100, 5, 74, 5000, 20
0, 12000, 111, 199, 170, 2290176, 1954110, 0.4, 50, 100, 5, 82, 5000, 20
0, 12000, 92, 204, 184, 2275754, 1949933, 0.4, 50, 100, 5, 70, 5000, 20
0, 12000, 106, 212, 200, 2387557, 2072788, 0.4, 50, 100, 5, 71, 5000, 20
0, 12000, 108, 220, 198, 2268717, 1976351, 0.4, 50, 100, 5, 78, 5000, 20
0, 12000, 111, 217, 199, 2179862, 1857485, 0.4, 50, 100, 5, 76, 5000, 20
0, 12000, 93, 213, 175, 2365597, 1947909, 0.4, 50, 100, 5, 75, 5000, 20
0, 12000, 103, 195, 170, 2341478, 2040135, 0.4, 50, 100, 5, 82, 5000, 20
0, 12000, 118, 218, 186, 2266600, 1906669, 0.4, 50, 100, 5, 65, 5000, 20
0, 12000, 102, 212, 187, 2294311, 1951397, 0.4, 50, 100, 5, 74, 5000, 20
0, 12000, 91, 199, 170, 2367738, 1997294, 0.4, 50, 100, 5, 80, 5000, 20
0, 12000, 109, 219, 205, 2272371, 1888352, 0.4, 50, 100, 5, 71, 5000, 20
0, 12000, 107, 228, 208, 2217568, 1950564, 0.4, 50, 100, 5, 79, 5000, 20
0, 12000, 97, 208, 173, 2296996, 1933038, 0.4, 50, 100, 5, 85, 5000, 20
0, 12000, 113, 194, 170, 2366611, 1950093, 0.4, 50, 100, 5, 74, 5000, 20
0, 12000, 94, 216, 180, 2276817, 1875906, 0.4, 50, 100, 5, 70, 5000, 20
0, 12000, 109, 211, 190, 2334421, 1930266, 0.4, 50, 100, 5, 76, 5000, 20
0, 12000, 102, 222, 183, 2457310, 1983246, 0.4, 50, 100, 5, 78, 5000, 20
0, 12000, 108, 203, 188, 2142165, 1802068, 0.4, 50, 100, 5, 79, 5000, 20
0, 12000, 98, 223, 186, 2255646, 1955024, 0.4, 50, 100, 5, 67, 5000, 20
0, 12000, 106, 232, 190, 2481993, 2102918, 0.4, 50, 100, 5, 76, 5000, 20
0, 12000, 106, 208, 184, 2429677, 2019522, 0.4, 50, 100, 5, 71, 5000, 20
0, 12000, 116, 222, 194, 2199779, 1815799, 0.4, 50, 100, 5, 81, 5000, 20
0, 12000, 100, 217, 182, 2189764, 1883505, 0.4, 50, 100, 5, 73, 5000, 20
0, 12000, 86, 203, 167, 2323175, 1998645, 0.4, 50, 100, 5, 81, 5000, 20
0, 12000, 99, 210, 196, 2164535, 1903810, 0.4, 50, 100, 5, 68, 5000, 20
0, 12000, 105, 225, 191, 2240062, 1875433, 0.4, 50, 100, 5, 86, 5000, 20
0, 12000, 97, 196, 180, 2355073, 2082497, 0.4, 50, 100, 5, 73, 5000, 20
0, 12000, 114, 215, 179, 2317608, 1986904, 0.4, 50, 100, 5, 64, 5000, 20
0, 12000, 98, 201, 181, 2317929, 1904412, 0.4, 50, 100, 5, 85, 5000, 20
0, 12000, 103, 215, 189, 2349379, 1965607, 0.4, 50, 100, 5, 67, 5000, 20
0, 12000, 106, 211, 181, 2185022, 1946000, 0.4, 50, 100, 5, 72, 5000, 20
0, 12000, 94, 210, 178, 2280071, 1916567, 0.4, 50, 100, 5, 82, 5000, 20
0, 12000, 111, 210, 190, 2254221, 1965414, 0.4, 50, 100, 5, 68, 5000, 20
0, 12000, 97, 217, 184, 2196540, 1889847, 0.4, 50, 100, 5, 78, 5000, 20
0, 12000, 99, 200, 204, 2298902, 1951605, 0.4, 50, 100, 5, 76, 5000, 20
0, 12000, 98, 212, 175, 2160518, 1868942, 0.4, 50, 100, 5, 68, 5000, 20
0, 12000, 106, 217, 194, 2332895, 1923422, 0.4, 50, 100, 5, 77, 5000, 20
0, 12000, 103, 204, 176, 2322945, 2012793, 0.4, 50, 100, 5, 73, 5000, 20
0, 12000, 111, 208, 180, 2239757, 1888660, 0.4, 50, 100, 5, 76, 5000, 20
0, 12000, 91, 204, 187, 2321634, 2022903, 0.4, 50, 100, 5, 87, 5000, 20
0, 12000, 98, 217, 190, 2382122, 1912788, 0.4, 50, 100, 5, 78, 5000, 20
0, 12000, 96, 226, 188, 2300012, 1880385, 0.4, 50, 100, 5, 75, 5000, 20
0, 12000, 93, 211, 177, 2299334, 1936188, 0.4, 50, 100, 5, 76, 5000, 20
0, 12000, 91, 195, 188, 2288039, 2031735, 0.4, 50, 100, 5, 83, 5000, 20
0, 12000, 112, 218, 194, 2370088, 2021901, 0.4, 50, 100, 5, 76, 5000, 20
0, 12000, 104, 227, 205, 2213697, 1881224, 0.4, 50, 100, 5, 71, 5000, 20
0, 12000, 114, 205, 196, 2275910, 1966219, 0.4, 50, 100, 5, 88, 5000, 20
0, 12000, 105, 198, 164, 2245427, 1948767, 0.4, 50, 100, 5, 68, 5000, 20
0, 12000, 89, 192, 170, 2261529, 1973668, 0.4, 50, 100, 5, 86, 5000, 20
0, 12000, 114, 204, 193, 2416719, 2101762, 0.4, 50, 100, 5, 76, 5000, 20
0, 12000, 97, 215, 198, 2298125, 1945079, 0.4, 50, 100, 5, 64, 5000, 20
0, 12000, 85, 197, 168, 2180011, 1864421, 0.4, 50, 100, 5, 71, 5000, 20
0, 12000, 90, 207, 181, 2218219, 1854903, 0.4, 50, 100, 5, 81, 5000, 20
0, 12000, 96, 196, 179, 2399459, 2019766, 0.4, 50, 100, 5, 74, 5000, 20
0, 12000, 96, 207, 183, 2268213, 1903865, 0.4, 50, 100, 5, 73, 5000, 20
0, 12000, 123, 227, 204, 2267544, 1925815, 0.4, 50, 100, 5, 71, 5000, 20
0, 12000, 100, 206, 166, 2390881, 1945295, 0.4, 50, 100, 5, 72, 5000, 20
0, 12000, 92, 213, 182, 2200887, 1908586, 0.4, 50, 100, 5, 66, 5000, 20
0, 12000, 120, 214, 185, 2252632, 1847780, 0.4, 50, 100, 5, 79, 5000, 20
0, 12000, 105, 222, 185, 2144969, 1825192, 0.4, 50, 100, 5, 72, 5000, 20
0, 12000, 118, 238, 189, 2342534, 1917749, 0.4, 50, 100, 5, 82, 5000, 20
0, 12000, 116, 229, 179, 2358518, 1897046, 0.4, 50, 100, 5, 67, 5000, 20
0, 12000, 92, 200, 173, 2246280, 1829123, 0.4, 50, 100, 5, 74, 5000, 20
0, 12000, 106, 207, 198, 2293462, 1940980, 0.4, 50, 100, 5, 80, 5000, 20
0, 12000, 88, 182, 158, 2322270, 2069560, 0.4, 50, 100, 5, 72, 5000, 20
0, 12000, 83, 197, 163, 2336397, 1970550, 0.4, 50, 100, 5, 67, 5000, 20
0, 12000, 80, 199, 151, 2219292, 1839257, 0.4, 50, 100, 5, 83, 5000, 20
0, 12000, 110, 212, 183, 2308864, 1949134, 0.4, 50, 100, 5, 75, 5000, 20
0, 12000, 97, 223, 191, 2268221, 1915830, 0.4, 50, 100, 5, 69, 5000, 20
0, 12000, 105, 232, 202, 2228313, 1875596, 0.4, 50, 100, 5, 78, 5000, 20
0, 12000, 110, 223, 201, 2351637, 2002462, 0.4, 50, 100, 5, 72, 5000, 20
0, 12000, 104, 218, 198, 2111674, 1880825, 0.4, 50, 100, 5, 79, 5000, 20
0, 12000, 111, 216, 178, 2236523, 1947460, 0.4, 50, 100, 5, 71, 5000, 20
0, 12000, 107, 211, 185, 2287121, 1921739, 0.4, 50, 100, 5, 69, 5000, 20
0, 12000, 104, 222, 207, 2195618, 1900951, 0.4, 50, 100, 5, 78, 5000, 20
0, 12000, 96, 226, 189, 2172036, 1862603, 0.4, 50, 100, 5, 82, 5000, 20
0, 12000, 90, 212, 183, 2542846, 2075420, 0.4, 50, 100, 5, 71, 5000, 20
0, 12000, 100, 220, 196, 2417481, 1940124, 0.4, 50, 100, 5, 69, 5000, 20
0, 12000, 91, 204, 174, 2244077, 1918907, 0.4, 50, 100, 5, 66, 5000, 20
0, 12000, 110, 210, 190, 2306362, 1991069, 0.4, 50, 100, 5, 72, 5000, 20
0, 12000, 110, 196, 190, 2232291, 1956300, 0.4, 50, 100, 5, 83, 5000, 20
0, 12000, 107, 222, 197, 2167256, 1737931, 0.4, 50, 100, 5, 76, 5000, 20
0, 12000, 92, 185, 185, 2197415, 1898604, 0.4, 50, 100, 5, 71, 5000, 20
0, 12000, 100, 220, 186, 2236028, 1896371, 0.4, 50, 100, 5, 66, 5000, 20
0, 12000, 97, 206, 179, 2246250, 1897572, 0.4, 50, 100, 5, 74, 5000, 20
0, 12000, 111, 224, 186, 2266961, 1875940, 0.4, 50, 100, 5, 81, 5000, 20
0, 12000, 101, 219, 194, 2824492, 2507912, 0.4, 50, 100, 6, 92, 5000, 20
0, 12000, 87, 196, 170, 2746321, 2277555, 0.4, 50, 100, 6, 96, 5000, 20
0, 12000, 101, 202, 197, 2761775, 2406445, 0.4, 50, 100, 6, 98, 5000, 20
0, 12000, 101, 221, 183, 2875636, 2405797, 0.4, 50, 100, 6, 89, 5000, 20
0, 12000, 88, 187, 170, 2779173, 2419118, 0.4, 50, 100, 6, 89, 5000, 20
0, 12000, 119, 236, 204, 2758636, 2281113, 0.4, 50, 100, 6, 95, 5000, 20
0, 12000, 98, 207, 171, 2856442, 2412062, 0.4, 50, 100, 6, 101, 5000, 20
0, 12000, 102, 204, 181, 2682019, 2293280, 0.4, 50, 100, 6, 91, 5000, 20
0, 12000, 80, 203, 158, 2665483, 2359978, 0.4, 50, 100, 6, 95, 5000, 20
0, 12000, 108, 217, 199, 2700210, 2283759, 0.4, 50, 100, 6, 97, 5000, 20
0, 12000, 103, 209, 187, 2625219, 2297956, 0.4, 50, 100, 6, 99, 5000, 20
0, 12000, 106, 213, 183, 2738458, 2255020, 0.4, 50, 100, 6, 90, 5000, 20
0, 12000, 112, 221, 200, 2800102, 2310719, 0.4, 50, 100, 6, 88, 5000, 20
0, 12000, 105, 224, 187, 2760434, 2261588, 0.4, 50, 100, 6, 97, 5000, 20
0, 12000, 94, 217, 165, 2815183, 2296931, 0.4, 50, 100, 6, 103, 5000, 20
0, 12000, 105, 227, 199, 2784164, 2276751, 0.4, 50, 100, 6, 93, 5000, 20
0, 12000, 106, 221, 191, 2776426, 2288319, 0.4, 50, 100, 6, 102, 5000, 20
0, 12000, 106, 218, 199, 2734138, 2335960, 0.4, 50, 100, 6, 91, 5000, 20
0, 12000, 113, 212, 203, 2695958, 2212705, 0.4, 50, 100, 6, 93, 5000, 20
0, 12000, 116, 234, 214, 2763301, 2359910, 0.4, 50, 100, 6, 90, 5000, 20
0, 12000, 103, 209, 171, 2744702, 2173521, 0.4, 50, 100, 6, 104, 5000, 20
0, 12000, 105, 212, 192, 2589349, 2208174, 0.4, 50, 100, 6, 95, 5000, 20
0, 12000, 89, 194, 178, 2642146, 2351291, 0.4, 50, 100, 6, 92, 5000, 20
0, 12000, 101, 218, 197, 2919138, 2449757, 0.4, 50, 100, 6, 79, 5000, 20
0, 12000, 96, 204, 170, 2745900, 2400532, 0.4, 50, 100, 6, 89, 5000, 20
0, 12000, 102, 209, 196, 2601653, 2285990, 0.4, 50, 100, 6, 97, 5000, 20
0, 12000, 111, 223, 179, 2812334, 2343267, 0.4, 50, 100, 6, 94, 5000, 20
0, 12000, 103, 226, 203, 2779374, 2291057, 0.4, 50, 100, 6, 91, 5000, 20
0, 12000, 111, 230, 188, 2817591, 2320259, 0.4, 50, 100, 6, 86, 5000, 20
0, 12000, 109, 232, 192, 2772497, 2216994, 0.4, 50, 100, 6, 98, 5000, 20
0, 12000, 107, 226, 180, 2790331, 2421667, 0.4, 50, 100, 6, 94, 5000, 20
0, 12000, 106, 223, 186, 2866552, 2393206, 0.4, 50, 100, 6, 83, 5000, 20
0, 12000, 95, 210, 169, 2724516, 2247827, 0.4, 50, 100, 6, 81, 5000, 20
0, 12000, 114, 219, 202, 2722735, 2335666, 0.4, 50, 100, 6, 82, 5000, 20
0, 12000, 89, 210, 174, 2820298, 2393153, 0.4, 50, 100, 6, 86, 5000, 20
0, 12000, 113, 214, 197, 2773169, 2450654, 0.4, 50, 100, 6, 87, 5000, 20
0, 12000, 89, 199, 163, 2981660, 2418674, 0.4, 50, 100, 6, 84, 5000, 20
0, 12000, 96, 218, 177, 2776723, 2321125, 0.4, 50, 100, 6, 86, 5000, 20
0, 12000, 117, 240, 190, 2689042, 2284035, 0.4, 50, 100, 6, 88, 5000, 20
0, 12000, 94, 203, 178, 2752481, 2242502, 0.4, 50, 100, 6, 88, 5000, 20
0, 12000, 84, 210, 186, 2724264, 2323848, 0.4, 50, 100, 6, 98, 5000, 20
0, 12000, 98, 213, 182, 2801819, 2386948, 0.4, 50, 100, 6, 96, 5000, 20
0, 12000, 107, 204, 189, 2745861, 2383126, 0.4, 50, 100, 6, 86, 5000, 20
0, 12000, 100, 210, 174, 2756396, 2388752, 0.4, 50, 100, 6, 82, 5000, 20
0, 12000, 100, 207, 186, 2529176, 2216616, 0.4, 50, 100, 6, 89, 5000, 20
0, 12000, 90, 210, 172, 2574687, 2224310, 0.4, 50, 100, 6, 86, 5000, 20
0, 12000, 105, 228, 180, 2789157, 2246072, 0.4, 50, 100, 6, 92, 5000, 20
0, 12000, 100, 179, 179, 2665978, 2306559, 0.4, 50, 100, 6, 92, 5000, 20
0, 12000, 114, 228, 200, 2789547, 2338035, 0.4, 50, 100, 6, 81, 5000, 20
0, 12000, 105, 202, 201, 2676242, 2298055, 0.4, 50, 100, 6, 111, 5000, 20
0, 12000, 116, 218, 201, 2712245, 2274166, 0.4, 50, 100, 6, 99, 5000, 20
0, 12000, 96, 210, 184, 2703987, 2323115, 0.4, 50, 100, 6, 103, 5000, 20
0, 12000, 115, 225, 204, 2650926, 2350336, 0.4, 50, 100, 6, 117, 5000, 20
0, 12000, 86, 201, 174, 2651240, 2344299, 0.4, 50, 100, 6, 97, 5000, 20
0, 12000, 106, 221, 198, 2831777, 2386546, 0.4, 50, 100, 6, 89, 5000, 20
0, 12000, 95, 189, 180, 2862924, 2600924, 0.4, 50, 100, 6, 96, 5000, 20
0, 12000, 118, 207, 180, 2693884, 2361236, 0.4, 50, 100, 6, 90, 5000, 20
0, 12000, 113, 212, 173, 2718128, 2279952, 0.4, 50, 100, 6, 95, 5000, 20
0, 12000, 111, 222, 188, 2809863, 2406504, 0.4, 50, 100, 6, 104, 5000, 20
0, 12000, 109, 216, 191, 2757905, 2302781, 0.4, 50, 100, 6, 92, 5000, 20
0, 12000, 92, 209, 163, 2866565, 2362814, 0.4, 50, 100, 6, 85, 5000, 20
0, 12000, 98, 194, 178, 2696833, 2293129, 0.4, 50, 100, 6, 120, 5000, 20
0, 12000, 111, 197, 172, 2825993, 2375026, 0.4, 50, 100, 6, 89, 5000, 20
0, 12000, 112, 211, 185, 2833019, 2307316, 0.4, 50, 100, 6, 87, 5000, 20
0, 12000, 100, 202, 179, 2771628, 2278614, 0.4, 50, 100, 6, 92, 5000, 20
0, 12000, 97, 224, 206, 2615453, 2186940, 0.4, 50, 100, 6, 98, 5000, 20
0, 12000, 110, 204, 182, 2817825, 2424022, 0.4, 50, 100, 6, 85, 5000, 20
0, 12000, 103, 224, 200, 2740942, 2416209, 0.4, 50, 100, 6, 84, 5000, 20
0, 12000, 103, 214, 208, 2709715, 2301151, 0.4, 50, 100, 6, 87, 5000, 20
0, 12000, 99, 211, 173, 2661863, 2310760, 0.4, 50, 100, 6, 95, 5000, 20
0, 12000, 102, 205, 175, 2816983, 2328325, 0.4, 50, 100, 6, 82, 5000, 20
0, 12000, 102, 199, 182, 2606588, 2264522, 0.4, 50, 100, 6, 94, 5000, 20
0, 12000, 92, 198, 177, 2766316, 2429486, 0.4, 50, 100, 6, 96, 5000, 20
0, 12000, 92, 201, 163, 2837732, 2431389, 0.4, 50, 100, 6, 85, 5000, 20
0, 12000, 111, 230, 209, 2592521, 2378426, 0.4, 50, 100, 6, 105, 5000, 20
0, 12000, 108, 222, 178, 2716789, 2275384, 0.4, 50, 100, 6, 78, 5000, 20
0, 12000, 95, 227, 205, 2616685, 2309531, 0.4, 50, 100, 6, 81, 5000, 20
0, 12000, 103, 214, 180, 2750990, 2249035, 0.4, 50, 100, 6, 92, 5000, 20
0, 12000, 100, 219, 199, 2776941, 2344275, 0.4, 50, 100, 6, 84, 5000, 20
0, 12000, 95, 210, 188, 2891622, 2287740, 0.4, 50, 100, 6, 83, 5000, 20
0, 12000, 100, 223, 200, 2685809, 2235522, 0.4, 50, 100, 6, 82, 5000, 20
0, 12000, 94, 191, 185, 2681684, 2322144, 0.4, 50, 100, 6, 87, 5000, 20
0, 12000, 109, 209, 176, 2771157, 2338191, 0.4, 50, 100, 6, 82, 5000, 20
0, 12000, 119, 231, 197, 2935104, 2503197, 0.4, 50, 100, 6, 89, 5000, 20
0, 12000, 99, 205, 179, 2799602, 2407424, 0.4, 50, 100, 6, 87, 5000, 20
0, 12000, 106, 223, 186, 2856727, 2363643, 0.4, 50, 100, 6, 94, 5000, 20
0, 12000, 96, 198, 176, 2710409, 2350387, 0.4, 50, 100, 6, 92, 5000, 20
0, 12000, 104, 212, 181, 2843240, 2368147, 0.4, 50, 100, 6, 104, 5000, 20
0, 12000, 94, 206, 190, 2726222, 2374924, 0.4, 50, 100, 6, 87, 5000, 20
0, 12000, 114, 202, 172, 2715210, 2324269, 0.4, 50, 100, 6, 81, 5000, 20
0, 12000, 100, 208, 181, 2676089, 2371867, 0.4, 50, 100, 6, 87, 5000, 20
0, 12000, 98, 207, 191, 2664706, 2233882, 0.4, 50, 100, 6, 82, 5000, 20
0, 12000, 106, 208, 174, 2750683, 2367875, 0.4, 50, 100, 6, 99, 5000, 20
0, 12000, 102, 212, 190, 2840445, 2427578, 0.4, 50, 100, 6, 104, 5000, 20
0, 12000, 88, 202, 184, 2869321, 2387992, 0.4, 50, 100, 6, 85, 5000, 20
0, 12000, 101, 211, 198, 2738401, 2300458, 0.4, 50, 100, 6, 83, 5000, 20
0, 12000, 107, 198, 186, 2624809, 2199625, 0.4, 50, 100, 6, 95, 5000, 20
0, 12000, 110, 217, 185, 2780884, 2360557, 0.4, 50, 100, 6, 93, 5000, 20
0, 12000, 96, 210, 161, 2745461, 2220708, 0.4, 50, 100, 6, 86, 5000, 20
0, 12000, 103, 218, 188, 2767980, 2392500, 0.4, 50, 100, 6, 96, 5000, 20
0, 12000, 103, 230, 206, 3150449, 2664888, 0.4, 50, 100, 7, 101, 5000, 20
0, 12000, 93, 205, 184, 3212568, 2784445, 0.4, 50, 100, 7, 116, 5000, 20
0, 12000, 95, 184, 167, 3252084, 2712642, 0.4, 50, 100, 7, 110, 5000, 20
0, 12000, 109, 201, 183, 3306173, 2728626, 0.4, 50, 100, 7, 114, 5000, 20
0, 12000, 103, 216, 179, 3221916, 2754975, 0.4, 50, 100, 7, 110, 5000, 20
0, 12000, 93, 191, 171, 3333561, 2812299, 0.4, 50, 100, 7, 108, 5000, 20
0, 12000, 97, 196, 170, 3363847, 2826746, 0.4, 50, 100, 7, 110, 5000, 20
0, 12000, 104, 216, 186, 3337811, 2769570, 0.4, 50, 100, 7, 109, 5000, 20
0, 12000, 118, 228, 205, 3068237, 2661846, 0.4, 50, 100, 7, 102, 5000, 20
0, 12000, 93, 201, 191, 3163215, 2691251, 0.4, 50, 100, 7, 101, 5000, 20
0, 12000, 105, 202, 189, 3180118, 2802259, 0.4, 50, 100, 7, 115, 5000, 20
0, 12000, 95, 219, 180, 3192836, 2641132, 0.4, 50, 100, 7, 112, 5000, 20
0, 12000, 109, 214, 177, 3151037, 2616191, 0.4, 50, 100, 7, 107, 5000, 20
0, 12000, 113, 225, 205, 3138511, 2756168, 0.4, 50, 100, 7, 119, 5000, 20
0, 12000, 100, 210, 196, 3026946, 2626494, 0.4, 50, 100, 7, 100, 5000, 20
0, 12000, 104, 210, 169, 3090301, 2567508, 0.4, 50, 100, 7, 115, 5000, 20
0, 12000, 107, 236, 199, 3201461, 2688329, 0.4, 50, 100, 7, 110, 5000, 20
0, 12000, 91, 196, 157, 3263038, 2757117, 0.4, 50, 100, 7, 123, 5000, 20
0, 12000, 97, 195, 178, 3265946, 2796654, 0.4, 50, 100, 7, 149, 5000, 20
0, 12000, 88, 208, 172, 3239726, 2639397, 0.4, 50, 100, 7, 111, 5000, 20
0, 12000, 87, 196, 170, 3262663, 2809948, 0.4, 50, 100, 7, 118, 5000, 20
0, 12000, 107, 227, 188, 3181632, 2575181, 0.4, 50, 100, 7, 114, 5000, 20
0, 12000, 95, 208, 171, 3240969, 2811632, 0.4, 50, 100, 7, 112, 5000, 20
0, 12000, 97, 206, 188, 3092944, 2738924, 0.4, 50, 100, 7, 98, 5000, 20
0, 12000, 113, 217, 192, 3279497, 2805961, 0.4, 50, 100, 7, 113, 5000, 20
0, 12000, 94, 220, 193, 3060744, 2695715, 0.4, 50, 100, 7, 119, 5000, 20
0, 12000, 102, 213, 188, 3129559, 2683970, 0.4, 50, 100, 7, 126, 5000, 20
0, 12000, 104, 202, 175, 3061358, 2599109, 0.4, 50, 100, 7, 118, 5000, 20
0, 12000, 99, 198, 162, 3233396, 2783115, 0.4, 50, 100, 7, 111, 5000, 20
0, 12000, 100, 199, 172, 3349892, 2834722, 0.4, 50, 100, 7, 116, 5000, 20
0, 12000, 99, 208, 196, 3119633, 2685348, 0.4, 50, 100, 7, 140, 5000, 20
0, 12000, 102, 177, 164, 3156941, 2671460, 0.4, 50, 100, 7, 107, 5000, 20
0, 12000, 101, 212, 177, 3284298, 2738578, 0.4, 50, 100, 7, 105, 5000, 20
0, 12000, 98, 208, 183, 3271861, 2859048, 0.4, 50, 100, 7, 108, 5000, 20
0, 12000, 108, 217, 195, 3260845, 2741067, 0.4, 50, 100, 7, 112, 5000, 20
0, 12000, 103, 219, 195, 3159817, 2664753, 0.4, 50, 100, 7, 102, 5000, 20
0, 12000, 103, 207, 194, 3210065, 2755467, 0.4, 50, 100, 7, 114, 5000, 20
0, 12000, 96, 212, 184, 3177193, 2737796, 0.4, 50, 100, 7, 107, 5000, 20
0, 12000, 104, 211, 189, 3132553, 2721652, 0.4, 50, 100, 7, 115, 5000, 20
0, 12000, 100, 199, 179, 3186154, 2758743, 0.4, 50, 100, 7, 109, 5000, 20
0, 12000, 98, 212, 183, 3264490, 2759021, 0.4, 50, 100, 7, 112, 5000, 20
0, 12000, 126, 216, 204, 3126169, 2602814, 0.4, 50, 100, 7, 117, 5000, 20
0, 12000, 107, 200, 176, 3217837, 2673445, 0.4, 50, 100, 7, 119, 5000, 20
0, 12000, 99, 207, 190, 3201490, 2720001, 0.4, 50, 100, 7, 119, 5000, 20
0, 12000, 110, 201, 189, 3247388, 2778921, 0.4, 50, 100, 7, 99, 5000, 20
0, 12000, 96, 224, 180, 3205605, 2626271, 0.4, 50, 100, 7, 123, 5000, 20
0, 12000, 96, 209, 181, 3270157, 2750796, 0.4, 50, 100, 7, 119, 5000, 20
0, 12000, 108, 220, 199, 3126834, 2595043, 0.4, 50, 100, 7, 105, 5000, 20
0, 12000, 98, 226, 199, 3144337, 2671975, 0.4, 50, 100, 7, 121, 5000, 20
0, 12000, 91, 208, 178, 3059868, 2575288, 0.4, 50, 100, 7, 108, 5000, 20
0, 12000, 112, 203, 187, 3385401, 2957350, 0.4, 50, 100, 7, 104, 5000, 20
0, 12000, 110, 218, 181, 3213214, 2734479, 0.4, 50, 100, 7, 117, 5000, 20
0, 12000, 103, 216, 174, 3170297, 2617464, 0.4, 50, 100, 7, 128, 5000, 20
0, 12000, 95, 209, 170, 3235175, 2820122, 0.4, 50, 100, 7, 102, 5000, 20
0, 12000, 106, 217, 190, 3205871, 2666323, 0.4, 50, 100, 7, 124, 5000, 20
0, 12000, 99, 220, 193, 3121078, 2570391, 0.4, 50, 100, 7, 107, 5000, 20
0, 12000, 102, 224, 191, 3100356, 2624073, 0.4, 50, 100, 7, 119, 5000, 20
0, 12000, 99, 241, 197, 3250210, 2749012, 0.4, 50, 100, 7, 107, 5000, 20
0, 12000, 102, 227, 198, 3183337, 2689705, 0.4, 50, 100, 7, 112, 5000, 20
0, 12000, 99, 204, 180, 3104149, 2586053, 0.4, 50, 100, 7, 133, 5000, 20
0, 12000, 56, 170, 142, 3340430, 2744972, 0.4, 50, 100, 7, 111, 5000, 20
0, 12000, 94, 197, 182, 3355174, 2823825, 0.4, 50, 100, 7, 106, 5000, 20
0, 12000, 87, 199, 178, 3273229, 2825223, 0.4, 50, 100, 7, 103, 5000, 20
0, 12000, 101, 212, 176, 3302005, 2799605, 0.4, 50, 100, 7, 102, 5000, 20
0, 12000, 114, 221, 209, 3195813, 2793119, 0.4, 50, 100, 7, 128, 5000, 20
0, 12000, 108, 229, 188, 3256952, 2707863, 0.4, 50, 100, 7, 106, 5000, 20
0, 12000, 87, 197, 162, 3175844, 2791635, 0.4, 50, 100, 7, 114, 5000, 20
0, 12000, 95, 208, 167, 3224339, 2754588, 0.4, 50, 100, 7, 109, 5000, 20
0, 12000, 100, 201, 167, 3257869, 2728442, 0.4, 50, 100, 7, 110, 5000, 20
0, 12000, 105, 200, 175, 3130934, 2737044, 0.4, 50, 100, 7, 106, 5000, 20
0, 12000, 104, 225, 201, 3094340, 2674940, 0.4, 50, 100, 7, 110, 5000, 20
0, 12000, 96, 215, 192, 3106439, 2757349, 0.4, 50, 100, 7, 117, 5000, 20
0, 12000, 108, 220, 193, 3167510, 2684637, 0.4, 50, 100, 7, 135, 5000, 20
0, 12000, 111, 221, 195, 3253111, 2743424, 0.4, 50, 100, 7, 114, 5000, 20
0, 12000, 113, 223, 189, 3267714, 2703366, 0.4, 50, 100, 7, 107, 5000, 20
0, 12000, 113, 214, 188, 3234027, 2713454, 0.4, 50, 100, 7, 125, 5000, 20
0, 12000, 104, 215, 203, 3223753, 2677790, 0.4, 50, 100, 7, 106, 5000, 20
0, 12000, 88, 224, 182, 3401167, 2761986, 0.4, 50, 100, 7, 130, 5000, 20
0, 12000, 94, 193, 167, 3078799, 2608591, 0.4, 50, 100, 7, 126, 5000, 20
0, 12000, 95, 210, 186, 3106241, 2708008, 0.4, 50, 100, 7, 105, 5000, 20
0, 12000, 80, 183, 149, 3220275, 2629050, 0.4, 50, 100, 7, 104, 5000, 20
0, 12000, 108, 214, 196, 3114161, 2586544, 0.4, 50, 100, 7, 136, 5000, 20
0, 12000, 99, 209, 182, 3356578, 2782342, 0.4, 50, 100, 7, 114, 5000, 20
0, 12000, 106, 227, 203, 3122007, 2671286, 0.4, 50, 100, 7, 111, 5000, 20
0, 12000, 115, 236, 200, 3085826, 2631302, 0.4, 50, 100, 7, 130, 5000, 20
0, 12000, 105, 220, 189, 3287031, 2868718, 0.4, 50, 100, 7, 120, 5000, 20
0, 12000, 107, 212, 173, 3223105, 2715196, 0.4, 50, 100, 7, 121, 5000, 20
0, 12000, 118, 207, 205, 3255014, 2742476, 0.4, 50, 100, 7, 110, 5000, 20
0, 12000, 115, 199, 200, 3221181, 2747634, 0.4, 50, 100, 7, 121, 5000, 20
0, 12000, 90, 197, 183, 3380189, 2778221, 0.4, 50, 100, 7, 132, 5000, 20
0, 12000, 106, 207, 176, 3350383, 2905641, 0.4, 50, 100, 7, 118, 5000, 20
0, 12000, 89, 211, 179, 3156316, 2673654, 0.4, 50, 100, 7, 116, 5000, 20
0, 12000, 76, 188, 177, 3191211, 2806847, 0.4, 50, 100, 7, 106, 5000, 20
0, 12000, 119, 227, 202, 3246655, 2732040, 0.4, 50, 100, 7, 110, 5000, 20
0, 12000, 76, 192, 169, 3154720, 2807321, 0.4, 50, 100, 7, 103, 5000, 20
0, 12000, 117, 224, 201, 3203117, 2724553, 0.4, 50, 100, 7, 97, 5000, 20
0, 12000, 99, 211, 176, 3276291, 2669392, 0.4, 50, 100, 7, 119, 5000, 20
0, 12000, 114, 219, 190, 3209545, 2792825, 0.4, 50, 100, 7, 132, 5000, 20
0, 12000, 97, 218, 194, 3103853, 2584294, 0.4, 50, 100, 7, 111, 5000, 20
0, 12000, 108, 219, 202, 3188788, 2765027, 0.4, 50, 100, 7, 136, 5000, 20
0, 12000, 91, 215, 178, 4241304, 3499293, 0.4, 50, 100, 9, 142, 5000, 20
0, 12000, 118, 218, 202, 4161236, 3433695, 0.4, 50, 100, 9, 163, 5000, 20
0, 12000, 122, 221, 187, 4227389, 3571031, 0.4, 50, 100, 9, 159, 5000, 20
0, 12000, 109, 205, 172, 4241639, 3630585, 0.4, 50, 100, 9, 171, 5000, 20
0, 12000, 99, 216, 185, 4088289, 3391577, 0.4, 50, 100, 9, 168, 5000, 20
0, 12000, 99, 207, 177, 4236672, 3543898, 0.4, 50, 100, 9, 187, 5000, 20
0, 12000, 103, 209, 182, 4083436, 3471245, 0.4, 50, 100, 9, 178, 5000, 20
0, 12000, 101, 227, 187, 4158017, 3553913, 0.4, 50, 100, 9, 163, 5000, 20
0, 12000, 100, 201, 187, 4060440, 3402029, 0.4, 50, 100, 9, 165, 5000, 20
0, 12000, 88, 196, 171, 3978028, 3321990, 0.4, 50, 100, 9, 164, 5000, 20
0, 12000, 107, 204, 180, 4120309, 3637392, 0.4, 50, 100, 9, 155, 5000, 20
0, 12000, 95, 221, 186, 3981983, 3353867, 0.4, 50, 100, 9, 167, 5000, 20
0, 12000, 101, 213, 178, 4138360, 3431582, 0.4, 50, 100, 9, 145, 5000, 20
0, 12000, 111, 203, 187, 4062993, 3467126, 0.4, 50, 100, 9, 164, 5000, 20
0, 12000, 114, 206, 182, 4118673, 3459748, 0.4, 50, 100, 9, 187, 5000, 20
0, 12000, 112, 217, 173, 4271163, 3570393, 0.4, 50, 100, 9, 192, 5000, 20
0, 12000, 105, 203, 206, 4125579, 3521564, 0.4, 50, 100, 9, 186, 5000, 20
0, 12000, 109, 224, 183, 4146894, 3432045, 0.4, 50, 100, 9, 174, 5000, 20
0, 12000, 108, 224, 197, 4008975, 3506514, 0.4, 50, 100, 9, 183, 5000, 20
0, 12000, 111, 216, 185, 4081545, 3412758, 0.4, 50, 100, 9, 152, 5000, 20
0, 12000, 86, 200, 183, 3928998, 3344180, 0.4, 50, 100, 9, 181, 5000, 20
0, 12000, 114, 217, 196, 4030856, 3542870, 0.4, 50, 100, 9, 177, 5000, 20
0, 12000, 109, 215, 182, 4180845, 3557122, 0.4, 50, 100, 9, 190, 5000, 20
0, 12000, 113, 230, 188, 4246134, 3457194, 0.4, 50, 100, 9, 168, 5000, 20
0, 12000, 100, 209, 188, 4235102, 3377541, 0.4, 50, 100, 9, 221, 5000, 20
0, 12000, 111, 224, 192, 4151640, 3387346, 0.4, 50, 100, 9, 195, 5000, 20
0, 12000, 81, 188, 151, 4233655, 3463545, 0.4, 50, 100, 9, 171, 5000, 20
0, 12000, 104, 211, 201, 3980748, 3678171, 0.4, 50, 100, 9, 186, 5000, 20
0, 12000, 105, 206, 195, 4024484, 3532173, 0.4, 50, 100, 9, 194, 5000, 20
0, 12000, 107, 201, 183, 4278882, 3606687, 0.4, 50, 100, 9, 165, 5000, 20
0, 12000, 113, 215, 208, 4184121, 3570756, 0.4, 50, 100, 9, 201, 5000, 20
0, 12000, 112, 203, 193, 4079228, 3532592, 0.4, 50, 100, 9, 168, 5000, 20
0, 12000, 102, 207, 190, 4178723, 3521777, 0.4, 50, 100, 9, 164, 5000, 20
0, 12000, 105, 201, 179, 3834744, 3397990, 0.4, 50, 100, 9, 147, 5000, 20
0, 12000, 101, 218, 192, 4043722, 3337941, 0.4, 50, 100, 9, 181, 5000, 20
0, 12000, 100, 197, 179, 4165449, 3542641, 0.4, 50, 100, 9, 181, 5000, 20
0, 12000, 117, 243, 203, 4146807, 3435233, 0.4, 50, 100, 9, 159, 5000, 20
0, 12000, 92, 224, 178, 4080794, 3386971, 0.4, 50, 100, 9, 149, 5000, 20
0, 12000, 100, 211, 168, 4069841, 3557901, 0.4, 50, 100, 9, 146, 5000, 20
0, 12000, 109, 234, 198, 4024274, 3388141, 0.4, 50, 100, 9, 154, 5000, 20
0, 12000, 113, 217, 192, 4051308, 3323793, 0.4, 50, 100, 9, 150, 5000, 20
0, 12000, 89, 206, 179, 4125776, 3576294, 0.4, 50, 100, 9, 158, 5000, 20
0, 12000, 94, 196, 181, 4237669, 3633571, 0.4, 50, 100, 9, 163, 5000, 20
0, 12000, 106, 202, 187, 3985950, 3464786, 0.4, 50, 100, 9, 168, 5000, 20
0, 12000, 107, 233, 202, 4231321, 3465146, 0.4, 50, 100, 9, 152, 5000, 20
0, 12000, 102, 220, 180, 4142937, 3433640, 0.4, 50, 100, 9, 176, 5000, 20
0, 12000, 95, 200, 176, 3973426, 3402107, 0.4, 50, 100, 9, 161, 5000, 20
0, 12000, 93, 215, 182, 4180318, 3504261, 0.4, 50, 100, 9, 147, 5000, 20
0, 12000, 89, 225, 184, 4095644, 3429834, 0.4, 50, 100, 9, 156, 5000, 20
0, 12000, 99, 207, 175, 3983632, 3484259, 0.4, 50, 100, 9, 198, 5000, 20
0, 12000, 113, 226, 190, 4078273, 3447147, 0.4, 50, 100, 9, 161, 5000, 20
0, 12000, 109, 221, 187, 4411065, 3686582, 0.4, 50, 100, 9, 155, 5000, 20
0, 12000, 120, 227, 204, 4170577, 3466220, 0.4, 50, 100, 9, 159, 5000, 20
0, 12000, 92, 215, 162, 4156640, 3591632, 0.4, 50, 100, 9, 184, 5000, 20
0, 12000, 93, 214, 199, 4080188, 3404452, 0.4, 50, 100, 9, 163, 5000, 20
0, 12000, 106, 204, 184, 4117398, 3504069, 0.4, 50, 100, 9, 200, 5000, 20
0, 12000, 105, 217, 190, 4125498, 3471217, 0.4, 50, 100, 9, 154, 5000, 20
0, 12000, 88, 197, 180, 4041497, 3455287, 0.4, 50, 100, 9, 162, 5000, 20
0, 12000, 93, 209, 186, 3905712, 3442487, 0.4, 50, 100, 9, 181, 5000, 20
0, 12000, 111, 229, 217, 4124310, 3415564, 0.4, 50, 100, 9, 179, 5000, 20
0, 12000, 108, 211, 169, 4235012, 3603292, 0.4, 50, 100, 9, 187, 5000, 20
0, 12000, 105, 222, 202, 4023177, 3447127, 0.4, 50, 100, 9, 166, 5000, 20
0, 12000, 92, 212, 173, 4044960, 3420429, 0.4, 50, 100, 9, 161, 5000, 20
0, 12000, 110, 221, 180, 4346499, 3599480, 0.4, 50, 100, 9, 156, 5000, 20
0, 12000, 114, 221, 197, 3996747, 3413164, 0.4, 50, 100, 9, 161, 5000, 20
0, 12000, 107, 223, 200, 4181602, 3481524, 0.4, 50, 100, 9, 164, 5000, 20
0, 12000, 114, 214, 178, 4075285, 3463529, 0.4, 50, 100, 9, 164, 5000, 20
0, 12000, 95, 197, 199, 4109777, 3557310, 0.4, 50, 100, 9, 164, 5000, 20
0, 12000, 97, 206, 179, 4047468, 3435178, 0.4, 50, 100, 9, 170, 5000, 20
0, 12000, 114, 207, 190, 4080712, 3531667, 0.4, 50, 100, 9, 159, 5000, 20
0, 12000, 98, 197, 171, 3987550, 3387713, 0.4, 50, 100, 9, 158, 5000, 20
0, 12000, 97, 233, 203, 3996665, 3321165, 0.4, 50, 100, 9, 158, 5000, 20
0, 12000, 109, 210, 188, 4059545, 3411299, 0.4, 50, 100, 9, 184, 5000, 20
0, 12000, 111, 220, 200, 4066162, 3420594, 0.4, 50, 100, 9, 149, 5000, 20
0, 12000, 116, 226, 184, 4038852, 3473225, 0.4, 50, 100, 9, 176, 5000, 20
0, 12000, 104, 196, 181, 4131834, 3502592, 0.4, 50, 100, 9, 172, 5000, 20
0, 12000, 96, 209, 172, 4296708, 3406078, 0.4, 50, 100, 9, 215, 5000, 20
0, 12000, 98, 204, 164, 4204674, 3529770, 0.4, 50, 100, 9, 179, 5000, 20
0, 12000, 93, 209, 175, 3919634, 3461272, 0.4, 50, 100, 9, 157, 5000, 20
0, 12000, 91, 213, 199, 4120117, 3459347, 0.4, 50, 100, 9, 159, 5000, 20
0, 12000, 100, 217, 189, 4075060, 3385463, 0.4, 50, 100, 9, 180, 5000, 20
0, 12000, 106, 227, 201, 4062921, 3583773, 0.4, 50, 100, 9, 191, 5000, 20
0, 12000, 104, 217, 185, 4039305, 3455598, 0.4, 50, 100, 9, 155, 5000, 20
0, 12000, 98, 214, 195, 3911069, 3379013, 0.4, 50, 100, 9, 163, 5000, 20
0, 12000, 113, 221, 194, 4018563, 3446169, 0.4, 50, 100, 9, 157, 5000, 20
0, 12000, 109, 215, 193, 4149978, 3764857, 0.4, 50, 100, 9, 155, 5000, 20
0, 12000, 100, 214, 188, 4132498, 3383153, 0.4, 50, 100, 9, 181, 5000, 20
0, 12000, 85, 215, 195, 3902113, 3416263, 0.4, 50, 100, 9, 156, 5000, 20
0, 12000, 112, 220, 195, 4280451, 3574258, 0.4, 50, 100, 9, 206, 5000, 20
0, 12000, 99, 219, 187, 4221031, 3546299, 0.4, 50, 100, 9, 185, 5000, 20
0, 12000, 101, 232, 196, 4163928, 3493878, 0.4, 50, 100, 9, 211, 5000, 20
0, 12000, 102, 220, 207, 3822925, 3238425, 0.4, 50, 100, 9, 176, 5000, 20
0, 12000, 104, 216, 177, 3989635, 3433526, 0.4, 50, 100, 9, 164, 5000, 20
0, 12000, 109, 232, 188, 4013065, 3426816, 0.4, 50, 100, 9, 194, 5000, 20
0, 12000, 105, 214, 165, 4297755, 3506623, 0.4, 50, 100, 9, 159, 5000, 20
0, 12000, 83, 205, 173, 4331538, 3540540, 0.4, 50, 100, 9, 173, 5000, 20
0, 12000, 104, 207, 187, 4178124, 3531947, 0.4, 50, 100, 9, 163, 5000, 20
0, 12000, 97, 222, 187, 4175341, 3585099, 0.4, 50, 100, 9, 190, 5000, 20
0, 12000, 107, 205, 187, 4160400, 3510977, 0.4, 50, 100, 9, 195, 5000, 20
0, 12000, 105, 211, 176, 4854481, 4183890, 0.4, 50, 100, 11, 211, 5000, 20
0, 12000, 101, 206, 173, 3991986, 3295966, 0.4, 50, 100, 9, 237, 5000, 20
0, 12000, 92, 196, 159, 5175628, 4263951, 0.4, 50, 100, 11, 228, 5000, 20
0, 12000, 110, 241, 202, 5024978, 4220010, 0.4, 50, 100, 11, 222, 5000, 20
0, 12000, 112, 202, 177, 4900732, 4249391, 0.4, 50, 100, 11, 229, 5000, 20
0, 12000, 101, 220, 195, 5071610, 4183476, 0.4, 50, 100, 11, 269, 5000, 20
0, 12000, 86, 216, 187, 5012186, 4313427, 0.4, 50, 100, 11, 201, 5000, 20
0, 12000, 110, 232, 203, 4993719, 4223065, 0.4, 50, 100, 11, 204, 5000, 20
0, 12000, 97, 211, 185, 5146141, 4266320, 0.4, 50, 100, 11, 228, 5000, 20
0, 12000, 84, 207, 180, 5010326, 4299231, 0.4, 50, 100, 11, 264, 5000, 20
0, 12000, 114, 224, 208, 5094787, 4281862, 0.4, 50, 100, 11, 241, 5000, 20
0, 12000, 114, 220, 197, 4997858, 4096092, 0.4, 50, 100, 11, 204, 5000, 20
0, 12000, 94, 213, 186, 4971998, 4119197, 0.4, 50, 100, 11, 229, 5000, 20
0, 12000, 103, 221, 196, 5080006, 4352384, 0.4, 50, 100, 11, 214, 5000, 20
0, 12000, 105, 195, 187, 4920563, 4262060, 0.4, 50, 100, 11, 219, 5000, 20
0, 12000, 103, 207, 181, 5134488, 4286780, 0.4, 50, 100, 11, 236, 5000, 20
0, 12000, 112, 225, 190, 4871435, 4182944, 0.4, 50, 100, 11, 245, 5000, 20
0, 12000, 110, 216, 190, 5003584, 4238343, 0.4, 50, 100, 11, 222, 5000, 20
0, 12000, 105, 223, 188, 4851875, 4095099, 0.4, 50, 100, 11, 229, 5000, 20
0, 12000, 95, 209, 177, 4913172, 4051704, 0.4, 50, 100, 11, 203, 5000, 20
0, 12000, 96, 217, 168, 5077817, 4264010, 0.4, 50, 100, 11, 209, 5000, 20
0, 12000, 101, 222, 192, 5025261, 4180937, 0.4, 50, 100, 11, 216, 5000, 20
0, 12000, 89, 201, 175, 5102282, 4324363, 0.4, 50, 100, 11, 248, 5000, 20
0, 12000, 91, 217, 188, 5176493, 4485937, 0.4, 50, 100, 11, 302, 5000, 20
0, 12000, 105, 223, 190, 5016550, 4227912, 0.4, 50, 100, 11, 222, 5000, 20
0, 12000, 97, 211, 191, 5008693, 4306202, 0.4, 50, 100, 11, 336, 5000, 20
0, 12000, 108, 206, 185, 5035750, 4276184, 0.4, 50, 100, 11, 296, 5000, 20
0, 12000, 104, 223, 194, 5043348, 4246011, 0.4, 50, 100, 11, 292, 5000, 20
0, 12000, 101, 231, 194, 5135751, 4343278, 0.4, 50, 100, 11, 252, 5000, 20
0, 12000, 100, 209, 183, 5057534, 4325850, 0.4, 50, 100, 11, 279, 5000, 20
0, 12000, 97, 195, 181, 5228712, 4529678, 0.4, 50, 100, 11, 257, 5000, 20
0, 12000, 95, 203, 176, 5478228, 4577065, 0.4, 50, 100, 11, 210, 5000, 20
0, 12000, 118, 224, 194, 5225960, 4297056, 0.4, 50, 100, 11, 232, 5000, 20
0, 12000, 113, 215, 192, 5089285, 4380563, 0.4, 50, 100, 11, 209, 5000, 20
0, 12000, 106, 221, 190, 4859711, 4052525, 0.4, 50, 100, 11, 275, 5000, 20
0, 12000, 118, 226, 206, 4912648, 4276447, 0.4, 50, 100, 11, 204, 5000, 20
0, 12000, 101, 195, 194, 5106601, 4352217, 0.4, 50, 100, 11, 208, 5000, 20
0, 12000, 92, 226, 175, 5006722, 4252930, 0.4, 50, 100, 11, 225, 5000, 20
0, 12000, 107, 220, 184, 5110617, 4256772, 0.4, 50, 100, 11, 210, 5000, 20
0, 12000, 105, 216, 183, 5062588, 4395538, 0.4, 50, 100, 11, 230, 5000, 20
0, 12000, 112, 238, 193, 5015224, 4114820, 0.4, 50, 100, 11, 261, 5000, 20
0, 12000, 96, 197, 172, 4721920, 4084098, 0.4, 50, 100, 11, 292, 5000, 20
0, 12000, 87, 208, 171, 5069267, 4475859, 0.4, 50, 100, 11, 210, 5000, 20
0, 12000, 106, 215, 190, 5047841, 4314178, 0.4, 50, 100, 11, 223, 5000, 20
0, 12000, 101, 209, 198, 5020981, 4318371, 0.4, 50, 100, 11, 217, 5000, 20
0, 12000, 100, 225, 190, 5072690, 4157372, 0.4, 50, 100, 11, 310, 5000, 20
0, 12000, 98, 217, 208, 5024491, 4373137, 0.4, 50, 100, 11, 257, 5000, 20
0, 12000, 93, 195, 170, 5118978, 4224466, 0.4, 50, 100, 11, 205, 5000, 20
0, 12000, 104, 203, 176, 5066743, 4367033, 0.4, 50, 100, 11, 242, 5000, 20
0, 12000, 99, 228, 198, 5020956, 4196495, 0.4, 50, 100, 11, 207, 5000, 20
0, 12000, 101, 214, 185, 4964443, 4263992, 0.4, 50, 100, 11, 206, 5000, 20
0, 12000, 95, 212, 192, 5007023, 4207342, 0.4, 50, 100, 11, 220, 5000, 20
0, 12000, 96, 198, 172, 4963720, 4296541, 0.4, 50, 100, 11, 248, 5000, 20
0, 12000, 110, 223, 177, 5149799, 4242159, 0.4, 50, 100, 11, 326, 5000, 20
0, 12000, 108, 220, 190, 5002491, 4320212, 0.4, 50, 100, 11, 330, 5000, 20
0, 12000, 93, 209, 184, 5246489, 4384089, 0.4, 50, 100, 11, 224, 5000, 20
0, 12000, 112, 213, 181, 5165390, 4346563, 0.4, 50, 100, 11, 221, 5000, 20
0, 12000, 88, 202, 166, 4973574, 4255273, 0.4, 50, 100, 11, 222, 5000, 20
0, 12000, 99, 219, 200, 5044180, 4211980, 0.4, 50, 100, 11, 214, 5000, 20
0, 12000, 104, 212, 184, 5059184, 4406890, 0.4, 50, 100, 11, 249, 5000, 20
0, 12000, 102, 194, 191, 5127749, 4404079, 0.4, 50, 100, 11, 216, 5000, 20
0, 12000, 114, 223, 201, 4971158, 4195767, 0.4, 50, 100, 11, 278, 5000, 20
0, 12000, 105, 231, 201, 4902113, 4124282, 0.4, 50, 100, 11, 197, 5000, 20
0, 12000, 97, 222, 188, 5115229, 4208735, 0.4, 50, 100, 11, 215, 5000, 20
0, 12000, 110, 227, 187, 5015213, 4174891, 0.4, 50, 100, 11, 202, 5000, 20
0, 12000, 95, 223, 193, 5028283, 4231700, 0.4, 50, 100, 11, 242, 5000, 20
0, 12000, 98, 225, 191, 4966093, 4284137, 0.4, 50, 100, 11, 220, 5000, 20
0, 12000, 99, 203, 181, 5069769, 4262644, 0.4, 50, 100, 11, 218, 5000, 20
0, 12000, 106, 223, 189, 5106931, 4360128, 0.4, 50, 100, 11, 223, 5000, 20
0, 12000, 87, 198, 165, 4869327, 4236231, 0.4, 50, 100, 11, 308, 5000, 20
0, 12000, 108, 223, 180, 5213999, 4318427, 0.4, 50, 100, 11, 213, 5000, 20
0, 12000, 91, 217, 187, 4960172, 4211674, 0.4, 50, 100, 11, 248, 5000, 20
0, 12000, 114, 223, 202, 5008789, 4251614, 0.4, 50, 100, 11, 221, 5000, 20
0, 12000, 96, 199, 171, 5122201, 4371915, 0.4, 50, 100, 11, 216, 5000, 20
0, 12000, 105, 209, 190, 4935346, 4301980, 0.4, 50, 100, 11, 241, 5000, 20
0, 12000, 99, 202, 177, 4982908, 4141298, 0.4, 50, 100, 11, 245, 5000, 20
0, 12000, 96, 213, 180, 5083049, 4247986, 0.4, 50, 100, 11, 303, 5000, 20
0, 12000, 110, 213, 195, 5041557, 4213206, 0.4, 50, 100, 11, 264, 5000, 20
0, 12000, 107, 232, 186, 5054426, 4260349, 0.4, 50, 100, 11, 208, 5000, 20
0, 12000, 106, 216, 211, 4946530, 4217528, 0.4, 50, 100, 11, 251, 5000, 20
0, 12000, 112, 220, 193, 4881600, 4165444, 0.4, 50, 100, 11, 260, 5000, 20
0, 12000, 115, 202, 173, 5332684, 4529434, 0.4, 50, 100, 11, 206, 5000, 20
0, 12000, 83, 181, 145, 5003160, 4180133, 0.4, 50, 100, 11, 218, 5000, 20
0, 12000, 101, 212, 170, 5333657, 4557814, 0.4, 50, 100, 11, 216, 5000, 20
0, 12000, 106, 206, 186, 4800786, 4116655, 0.4, 50, 100, 11, 246, 5000, 20
0, 12000, 104, 195, 174, 4997219, 4099456, 0.4, 50, 100, 11, 255, 5000, 20
0, 12000, 106, 211, 187, 4928043, 4195313, 0.4, 50, 100, 11, 286, 5000, 20
0, 12000, 107, 221, 177, 5069390, 4396087, 0.4, 50, 100, 11, 213, 5000, 20
0, 12000, 106, 233, 200, 5080836, 4343436, 0.4, 50, 100, 11, 241, 5000, 20
0, 12000, 118, 230, 184, 5016180, 4405770, 0.4, 50, 100, 11, 251, 5000, 20
0, 12000, 91, 203, 171, 4946782, 4194222, 0.4, 50, 100, 11, 301, 5000, 20
0, 12000, 113, 211, 181, 4989815, 4163750, 0.4, 50, 100, 11, 208, 5000, 20
0, 12000, 106, 227, 200, 4897413, 4148093, 0.4, 50, 100, 11, 235, 5000, 20
0, 12000, 110, 215, 182, 4923558, 4116173, 0.4, 50, 100, 11, 204, 5000, 20
0, 12000, 105, 200, 174, 5011104, 4232792, 0.4, 50, 100, 11, 264, 5000, 20
0, 12000, 110, 213, 195, 5135303, 4393096, 0.4, 50, 100, 11, 305, 5000, 20
0, 12000, 105, 218, 195, 5133860, 4399756, 0.4, 50, 100, 11, 282, 5000, 20
0, 12000, 104, 200, 182, 4967644, 4282290, 0.4, 50, 100, 11, 243, 5000, 20
0, 12000, 101, 213, 181, 4850991, 4230602, 0.4, 50, 100, 11, 244, 5000, 20
0, 12000, 102, 222, 195, 5101042, 4339166, 0.4, 50, 100, 11, 316, 5000, 20
0, 12000, 123, 227, 200, 5212955, 4301660, 0.4, 50, 100, 11, 306, 5000, 20
0, 12000, 117, 209, 191, 5745042, 5041003, 0.4, 50, 100, 13, 270, 5000, 20
0, 12000, 112, 229, 206, 5983681, 5040904, 0.4, 50, 100, 13, 272, 5000, 20
0, 12000, 102, 203, 178, 6007452, 5117565, 0.4, 50, 100, 13, 286, 5000, 20
0, 12000, 100, 218, 188, 6217726, 5279541, 0.4, 50, 100, 13, 307, 5000, 20
0, 12000, 96, 192, 173, 6125715, 5223174, 0.4, 50, 100, 13, 285, 5000, 20
0, 12000, 105, 201, 172, 5870551, 5083386, 0.4, 50, 100, 13, 332, 5000, 20
0, 12000, 108, 220, 211, 6283448, 5424654, 0.4, 50, 100, 13, 287, 5000, 20
0, 12000, 87, 214, 185, 6073230, 4943538, 0.4, 50, 100, 13, 323, 5000, 20
0, 12000, 85, 205, 174, 5794641, 4791379, 0.4, 50, 100, 13, 308, 5000, 20
0, 12000, 99, 194, 172, 5624076, 4829212, 0.4, 50, 100, 13, 365, 5000, 20
0, 12000, 89, 186, 166, 6010675, 5066233, 0.4, 50, 100, 13, 393, 5000, 20
0, 12000, 112, 205, 185, 6169989, 5113762, 0.4, 50, 100, 13, 377, 5000, 20
0, 12000, 111, 238, 206, 5823701, 5038179, 0.4, 50, 100, 13, 278, 5000, 20
0, 12000, 97, 188, 160, 5836598, 4917338, 0.4, 50, 100, 13, 293, 5000, 20
0, 12000, 87, 191, 160, 5913931, 4894124, 0.4, 50, 100, 13, 307, 5000, 20
0, 12000, 88, 197, 160, 5964715, 5061850, 0.4, 50, 100, 13, 288, 5000, 20
0, 12000, 93, 200, 174, 5883963, 4859441, 0.4, 50, 100, 13, 316, 5000, 20
0, 12000, 97, 202, 187, 5785249, 5087274, 0.4, 50, 100, 13, 330, 5000, 20
0, 12000, 97, 208, 173, 5868553, 4950084, 0.4, 50, 100, 13, 293, 5000, 20
0, 12000, 112, 214, 207, 5851971, 4989203, 0.4, 50, 100, 13, 289, 5000, 20
0, 12000, 108, 226, 197, 6198182, 5091842, 0.4, 50, 100, 13, 309, 5000, 20
0, 12000, 112, 219, 185, 5946652, 5116119, 0.4, 50, 100, 13, 402, 5000, 20
0, 12000, 107, 226, 186, 5951542, 4944174, 0.4, 50, 100, 13, 395, 5000, 20
0, 12000, 91, 204, 170, 6112069, 5257575, 0.4, 50, 100, 13, 387, 5000, 20
0, 12000, 102, 199, 191, 6081952, 5161875, 0.4, 50, 100, 13, 286, 5000, 20
0, 12000, 107, 219, 191, 5938072, 5037604, 0.4, 50, 100, 13, 370, 5000, 20
0, 12000, 101, 203, 196, 5926901, 4930180, 0.4, 50, 100, 13, 277, 5000, 20
0, 12000, 118, 214, 195, 5794246, 4886323, 0.4, 50, 100, 13, 340, 5000, 20
0, 12000, 99, 213, 190, 6054710, 5193537, 0.4, 50, 100, 13, 293, 5000, 20
0, 12000, 108, 230, 191, 5728034, 4905048, 0.4, 50, 100, 13, 348, 5000, 20
0, 12000, 93, 212, 168, 5847259, 5006614, 0.4, 50, 100, 13, 292, 5000, 20
0, 12000, 94, 218, 171, 6001249, 5057592, 0.4, 50, 100, 13, 326, 5000, 20
0, 12000, 115, 228, 204, 5896123, 4976499, 0.4, 50, 100, 13, 315, 5000, 20
0, 12000, 99, 213, 181, 5777579, 5022898, 0.4, 50, 100, 13, 447, 5000, 20
0, 12000, 100, 204, 180, 5828745, 5015135, 0.4, 50, 100, 13, 332, 5000, 20
0, 12000, 98, 205, 200, 5950047, 5082056, 0.4, 50, 100, 13, 307, 5000, 20
0, 12000, 98, 218, 174, 5884896, 4883972, 0.4, 50, 100, 13, 318, 5000, 20
0, 12000, 105, 215, 187, 6067436, 5146878, 0.4, 50, 100, 13, 275, 5000, 20
0, 12000, 104, 236, 207, 5874679, 4982378, 0.4, 50, 100, 13, 291, 5000, 20
0, 12000, 96, 225, 191, 5800795, 4848735, 0.4, 50, 100, 13, 329, 5000, 20
0, 12000, 98, 221, 195, 5960239, 5075818, 0.4, 50, 100, 13, 279, 5000, 20
0, 12000, 100, 218, 190, 5891030, 5016407, 0.4, 50, 100, 13, 273, 5000, 20
0, 12000, 99, 216, 183, 5948763, 5137212, 0.4, 50, 100, 13, 298, 5000, 20
0, 12000, 84, 192, 161, 5872119, 5007831, 0.4, 50, 100, 13, 402, 5000, 20
0, 12000, 96, 227, 195, 5964373, 5117502, 0.4, 50, 100, 13, 283, 5000, 20
0, 12000, 104, 221, 198, 5854083, 4892553, 0.4, 50, 100, 13, 305, 5000, 20
0, 12000, 113, 236, 213, 5650331, 4962602, 0.4, 50, 100, 13, 274, 5000, 20
0, 12000, 96, 203, 176, 6043973, 4947159, 0.4, 50, 100, 13, 352, 5000, 20
0, 12000, 103, 217, 190, 5925634, 5012842, 0.4, 50, 100, 13, 312, 5000, 20
0, 12000, 99, 201, 174, 5856992, 5059387, 0.4, 50, 100, 13, 289, 5000, 20
0, 12000, 111, 218, 196, 6009679, 4940540, 0.4, 50, 100, 13, 391, 5000, 20
0, 12000, 98, 209, 171, 5986727, 4916165, 0.4, 50, 100, 13, 402, 5000, 20
0, 12000, 106, 231, 197, 6178642, 5080382, 0.4, 50, 100, 13, 363, 5000, 20
0, 12000, 102, 214, 182, 5816081, 4930774, 0.4, 50, 100, 13, 392, 5000, 20
0, 12000, 115, 210, 200, 6011999, 5202768, 0.4, 50, 100, 13, 359, 5000, 20
0, 12000, 86, 207, 172, 5916654, 5004771, 0.4, 50, 100, 13, 377, 5000, 20
0, 12000, 111, 230, 190, 6076603, 5255535, 0.4, 50, 100, 13, 283, 5000, 20
0, 12000, 101, 227, 207, 5893756, 5012666, 0.4, 50, 100, 13, 275, 5000, 20
0, 12000, 86, 193, 188, 5757557, 5034953, 0.4, 50, 100, 13, 300, 5000, 20
0, 12000, 107, 221, 196, 5996634, 5059210, 0.4, 50, 100, 13, 284, 5000, 20
0, 12000, 99, 214, 185, 5889070, 5237398, 0.4, 50, 100, 13, 330, 5000, 20
0, 12000, 98, 228, 185, 6016775, 4929148, 0.4, 50, 100, 13, 392, 5000, 20
0, 12000, 97, 215, 186, 5814669, 5087673, 0.4, 50, 100, 13, 363, 5000, 20
0, 12000, 112, 219, 201, 6058298, 5053548, 0.4, 50, 100, 13, 315, 5000, 20
0, 12000, 94, 199, 176, 5863485, 4957414, 0.4, 50, 100, 13, 311, 5000, 20
0, 12000, 107, 198, 178, 5950830, 4967580, 0.4, 50, 100, 13, 350, 5000, 20
0, 12000, 108, 217, 195, 5926624, 5150634, 0.4, 50, 100, 13, 304, 5000, 20
0, 12000, 101, 212, 191, 5846209, 5058803, 0.4, 50, 100, 13, 475, 5000, 20
0, 12000, 100, 203, 168, 5728320, 4929250, 0.4, 50, 100, 13, 314, 5000, 20
0, 12000, 100, 213, 199, 5783462, 5150026, 0.4, 50, 100, 13, 323, 5000, 20
0, 12000, 97, 212, 189, 5801806, 5030909, 0.4, 50, 100, 13, 268, 5000, 20
0, 12000, 98, 205, 171, 5869953, 4998448, 0.4, 50, 100, 13, 302, 5000, 20
0, 12000, 98, 190, 182, 5991506, 5132255, 0.4, 50, 100, 13, 287, 5000, 20
0, 12000, 98, 224, 181, 5926510, 4973846, 0.4, 50, 100, 13, 324, 5000, 20
0, 12000, 98, 207, 185, 5987125, 5002884, 0.4, 50, 100, 13, 313, 5000, 20
0, 12000, 107, 218, 190, 5832164, 4859954, 0.4, 50, 100, 13, 277, 5000, 20
0, 12000, 114, 199, 182, 5998424, 5050639, 0.4, 50, 100, 13, 393, 5000, 20
0, 12000, 89, 205, 181, 5931614, 5129149, 0.4, 50, 100, 13, 281, 5000, 20
0, 12000, 107, 223, 185, 6150613, 5154969, 0.4, 50, 100, 13, 280, 5000, 20
0, 12000, 99, 227, 194, 5850813, 4946146, 0.4, 50, 100, 13, 290, 5000, 20
0, 12000, 109, 217, 173, 5732684, 4896456, 0.4, 50, 100, 13, 343, 5000, 20
0, 12000, 94, 212, 190, 6114285, 5212680, 0.4, 50, 100, 13, 333, 5000, 20
0, 12000, 110, 185, 193, 6012593, 5206594, 0.4, 50, 100, 13, 282, 5000, 20
0, 12000, 113, 214, 192, 6169281, 5164508, 0.4, 50, 100, 13, 307, 5000, 20
0, 12000, 99, 208, 189, 5971224, 5086885, 0.4, 50, 100, 13, 368, 5000, 20
0, 12000, 89, 197, 169, 6030676, 4972058, 0.4, 50, 100, 13, 412, 5000, 20
0, 12000, 108, 222, 202, 5936498, 5018784, 0.4, 50, 100, 13, 288, 5000, 20
0, 12000, 92, 204, 179, 6017304, 5198603, 0.4, 50, 100, 13, 331, 5000, 20
0, 12000, 108, 230, 205, 5995747, 5069598, 0.4, 50, 100, 13, 366, 5000, 20
0, 12000, 97, 199, 190, 5806181, 4923192, 0.4, 50, 100, 13, 274, 5000, 20
0, 12000, 106, 208, 191, 5727338, 4974971, 0.4, 50, 100, 13, 262, 5000, 20
0, 12000, 103, 215, 176, 6025265, 5210337, 0.4, 50, 100, 13, 285, 5000, 20
0, 12000, 94, 214, 181, 5792010, 4914731, 0.4, 50, 100, 13, 290, 5000, 20
0, 12000, 99, 226, 188, 5891368, 4971597, 0.4, 50, 100, 13, 298, 5000, 20
0, 12000, 116, 236, 197, 5831706, 4990019, 0.4, 50, 100, 13, 283, 5000, 20
0, 12000, 102, 210, 190, 5917606, 5000860, 0.4, 50, 100, 13, 442, 5000, 20
0, 12000, 99, 205, 183, 5894137, 5111967, 0.4, 50, 100, 13, 319, 5000, 20
0, 12000, 99, 226, 191, 5830786, 4857141, 0.4, 50, 100, 13, 300, 5000, 20
0, 12000, 98, 201, 191, 5768882, 4981091, 0.4, 50, 100, 13, 343, 5000, 20
0, 12000, 104, 220, 187, 6094521, 5106076, 0.4, 50, 100, 13, 364, 5000, 20
0, 12000, 101, 215, 169, 6802187, 5987210, 0.4, 50, 100, 15, 343, 5000, 20
0, 12000, 96, 215, 185, 6880367, 5731751, 0.4, 50, 100, 15, 378, 5000, 20
0, 12000, 95, 208, 181, 6850958, 5840878, 0.4, 50, 100, 15, 359, 5000, 20
0, 12000, 123, 250, 208, 6915634, 5820545, 0.4, 50, 100, 15, 361, 5000, 20
0, 12000, 107, 219, 193, 7006613, 6030049, 0.4, 50, 100, 15, 340, 5000, 20
0, 12000, 104, 220, 190, 6797374, 5853195, 0.4, 50, 100, 15, 388, 5000, 20
0, 12000, 100, 199, 185, 6855945, 5898993, 0.4, 50, 100, 15, 350, 5000, 20
0, 12000, 97, 202, 183, 6724228, 5701561, 0.4, 50, 100, 15, 487, 5000, 20
0, 12000, 113, 218, 197, 7076644, 5865120, 0.4, 50, 100, 15, 412, 5000, 20
0, 12000, 84, 202, 168, 7060093, 5889827, 0.4, 50, 100, 15, 372, 5000, 20
0, 12000, 96, 191, 180, 6870139, 5733750, 0.4, 50, 100, 15, 394, 5000, 20
0, 12000, 87, 208, 186, 7013798, 5885941, 0.4, 50, 100, 15, 364, 5000, 20
0, 12000, 107, 214, 182, 7066627, 6109585, 0.4, 50, 100, 15, 372, 5000, 20
0, 12000, 105, 217, 195, 7013526, 6037549, 0.4, 50, 100, 15, 360, 5000, 20
0, 12000, 96, 213, 171, 6782767, 5584509, 0.4, 50, 100, 15, 396, 5000, 20
0, 12000, 97, 210, 181, 6787073, 5911998, 0.4, 50, 100, 15, 352, 5000, 20
0, 12000, 103, 213, 179, 6546158, 5756265, 0.4, 50, 100, 15, 449, 5000, 20
0, 12000, 100, 221, 191, 6761101, 5687417, 0.4, 50, 100, 15, 369, 5000, 20
0, 12000, 93, 199, 163, 6743197, 5682551, 0.4, 50, 100, 15, 355, 5000, 20
0, 12000, 95, 219, 198, 6884402, 5728524, 0.4, 50, 100, 15, 415, 5000, 20
0, 12000, 92, 178, 166, 6914879, 5770918, 0.4, 50, 100, 15, 363, 5000, 20
0, 12000, 120, 220, 187, 6926836, 5631082, 0.4, 50, 100, 15, 439, 5000, 20
0, 12000, 94, 213, 189, 6835387, 5886162, 0.4, 50, 100, 15, 392, 5000, 20
0, 12000, 105, 211, 182, 6997854, 5963071, 0.4, 50, 100, 15, 580, 5000, 20
0, 12000, 109, 218, 213, 6772445, 5754031, 0.4, 50, 100, 15, 432, 5000, 20
0, 12000, 103, 213, 185, 6915784, 5795687, 0.4, 50, 100, 15, 544, 5000, 20
0, 12000, 96, 221, 184, 7028033, 5871101, 0.4, 50, 100, 15, 437, 5000, 20
0, 12000, 123, 208, 214, 7063932, 5942042, 0.4, 50, 100, 15, 492, 5000, 20
0, 12000, 92, 206, 177, 7086634, 5780701, 0.4, 50, 100, 15, 353, 5000, 20
0, 12000, 103, 213, 174, 6785575, 5605568, 0.4, 50, 100, 15, 396, 5000, 20
0, 12000, 93, 205, 178, 6665067, 5751435, 0.4, 50, 100, 15, 353, 5000, 20
0, 12000, 116, 218, 190, 6705163, 5675700, 0.4, 50, 100, 15, 358, 5000, 20
0, 12000, 102, 208, 197, 6956876, 5780007, 0.4, 50, 100, 15, 461, 5000, 20
0, 12000, 104, 218, 187, 6818176, 5788268, 0.4, 50, 100, 15, 382, 5000, 20
0, 12000, 92, 203, 153, 6966931, 5823920, 0.4, 50, 100, 15, 385, 5000, 20
0, 12000, 107, 229, 194, 6971235, 5804002, 0.4, 50, 100, 15, 365, 5000, 20
0, 12000, 114, 231, 208, 6972186, 5817905, 0.4, 50, 100, 15, 396, 5000, 20
0, 12000, 97, 221, 194, 6643151, 5809960, 0.4, 50, 100, 15, 361, 5000, 20
0, 12000, 115, 204, 188, 6804867, 5722075, 0.4, 50, 100, 15, 501, 5000, 20
0, 12000, 104, 214, 177, 6941708, 5942803, 0.4, 50, 100, 15, 390, 5000, 20
0, 12000, 87, 182, 187, 6849812, 5769699, 0.4, 50, 100, 15, 384, 5000, 20
0, 12000, 102, 214, 184, 6926536, 5863341, 0.4, 50, 100, 15, 404, 5000, 20
0, 12000, 96, 220, 192, 6900840, 5942253, 0.4, 50, 100, 15, 347, 5000, 20
0, 12000, 102, 213, 186, 6773033, 5806570, 0.4, 50, 100, 15, 376, 5000, 20
0, 12000, 90, 189, 156, 6633022, 5620230, 0.4, 50, 100, 15, 361, 5000, 20
0, 12000, 108, 217, 198, 6869355, 5900740, 0.4, 50, 100, 15, 363, 5000, 20
0, 12000, 89, 211, 173, 6899904, 5979201, 0.4, 50, 100, 15, 362, 5000, 20
0, 12000, 103, 211, 184, 6889574, 5741284, 0.4, 50, 100, 15, 375, 5000, 20
0, 12000, 105, 204, 183, 6890452, 5957226, 0.4, 50, 100, 15, 355, 5000, 20
0, 12000, 105, 209, 194, 6836978, 5917645, 0.4, 50, 100, 15, 445, 5000, 20
0, 12000, 98, 213, 191, 7034661, 6067544, 0.4, 50, 100, 15, 355, 5000, 20
0, 12000, 105, 220, 200, 6699559, 5559536, 0.4, 50, 100, 15, 355, 5000, 20
0, 12000, 89, 212, 199, 6704419, 5895630, 0.4, 50, 100, 15, 356, 5000, 20
0, 12000, 98, 203, 168, 6905200, 5867236, 0.4, 50, 100, 15, 365, 5000, 20
0, 12000, 106, 199, 171, 6846408, 5699330, 0.4, 50, 100, 15, 547, 5000, 20
0, 12000, 86, 208, 197, 6652103, 5678383, 0.4, 50, 100, 15, 404, 5000, 20
0, 12000, 102, 211, 179, 6976607, 5887954, 0.4, 50, 100, 15, 344, 5000, 20
0, 12000, 98, 212, 173, 7079732, 6080067, 0.4, 50, 100, 15, 436, 5000, 20
0, 12000, 104, 196, 189, 6855989, 5833784, 0.4, 50, 100, 15, 369, 5000, 20
0, 12000, 102, 205, 178, 7008082, 5959317, 0.4, 50, 100, 15, 427, 5000, 20
0, 12000, 100, 190, 176, 6826188, 6005081, 0.4, 50, 100, 15, 363, 5000, 20
0, 12000, 113, 211, 189, 6877183, 5945234, 0.4, 50, 100, 15, 481, 5000, 20
0, 12000, 89, 182, 150, 6623693, 5840489, 0.4, 50, 100, 15, 585, 5000, 20
0, 12000, 93, 215, 170, 6822278, 5735038, 0.4, 50, 100, 15, 549, 5000, 20
0, 12000, 93, 197, 169, 6946727, 5717699, 0.4, 50, 100, 15, 405, 5000, 20
0, 12000, 105, 221, 193, 6812445, 5873474, 0.4, 50, 100, 15, 416, 5000, 20
0, 12000, 115, 235, 199, 6803913, 5760992, 0.4, 50, 100, 15, 446, 5000, 20
0, 12000, 110, 226, 189, 6953297, 5812206, 0.4, 50, 100, 15, 429, 5000, 20
0, 12000, 106, 216, 191, 7147284, 6033040, 0.4, 50, 100, 15, 335, 5000, 20
0, 12000, 110, 224, 198, 6862140, 5702750, 0.4, 50, 100, 15, 357, 5000, 20
0, 12000, 118, 217, 209, 6813122, 5857073, 0.4, 50, 100, 15, 389, 5000, 20
0, 12000, 113, 212, 195, 6940986, 5965696, 0.4, 50, 100, 15, 387, 5000, 20
0, 12000, 105, 226, 203, 6805379, 5823756, 0.4, 50, 100, 15, 358, 5000, 20
0, 12000, 113, 232, 189, 6731971, 5762304, 0.4, 50, 100, 15, 418, 5000, 20
0, 12000, 116, 221, 204, 6749330, 5871692, 0.4, 50, 100, 15, 462, 5000, 20
0, 12000, 90, 201, 174, 6825011, 5663029, 0.4, 50, 100, 15, 352, 5000, 20
0, 12000, 109, 204, 200, 6855330, 5871170, 0.4, 50, 100, 15, 380, 5000, 20
0, 12000, 82, 194, 174, 6876068, 5662474, 0.4, 50, 100, 15, 392, 5000, 20
0, 12000, 101, 223, 185, 6919472, 5833195, 0.4, 50, 100, 15, 369, 5000, 20
0, 12000, 91, 206, 171, 6986690, 5701839, 0.4, 50, 100, 15, 362, 5000, 20
0, 12000, 105, 225, 204, 6839013, 5505538, 0.4, 50, 100, 15, 405, 5000, 20
0, 12000, 96, 218, 183, 6896907, 5892132, 0.4, 50, 100, 15, 330, 5000, 20
0, 12000, 111, 224, 193, 6988745, 5833766, 0.4, 50, 100, 15, 345, 5000, 20
0, 12000, 100, 221, 182, 6747012, 5833093, 0.4, 50, 100, 15, 412, 5000, 20
0, 12000, 106, 215, 176, 7290261, 6120711, 0.4, 50, 100, 15, 379, 5000, 20
0, 12000, 108, 216, 185, 6533147, 5680794, 0.4, 50, 100, 15, 469, 5000, 20
0, 12000, 81, 196, 153, 6709724, 5611245, 0.4, 50, 100, 15, 373, 5000, 20
0, 12000, 116, 216, 198, 6810222, 5726506, 0.4, 50, 100, 15, 378, 5000, 20
0, 12000, 105, 213, 185, 6513629, 5558589, 0.4, 50, 100, 15, 390, 5000, 20
0, 12000, 108, 207, 175, 6934417, 5969083, 0.4, 50, 100, 15, 434, 5000, 20
0, 12000, 90, 198, 176, 6833744, 5884059, 0.4, 50, 100, 15, 423, 5000, 20
0, 12000, 99, 186, 172, 6693716, 5788820, 0.4, 50, 100, 15, 442, 5000, 20
0, 12000, 83, 208, 175, 6764249, 5747336, 0.4, 50, 100, 15, 367, 5000, 20
0, 12000, 102, 234, 191, 6761320, 5574834, 0.4, 50, 100, 15, 459, 5000, 20
0, 12000, 109, 205, 175, 6699657, 5638144, 0.4, 50, 100, 15, 355, 5000, 20
0, 12000, 110, 230, 204, 6461183, 5515691, 0.4, 50, 100, 15, 439, 5000, 20
0, 12000, 101, 214, 175, 6710847, 5745243, 0.4, 50, 100, 15, 367, 5000, 20
0, 12000, 99, 222, 195, 6890096, 5871525, 0.4, 50, 100, 15, 541, 5000, 20
0, 12000, 96, 201, 158, 6737991, 5881780, 0.4, 50, 100, 15, 400, 5000, 20
0, 12000, 102, 224, 184, 6926322, 5765614, 0.4, 50, 100, 15, 448, 5000, 20
0, 12000, 103, 223, 185, 7593605, 6281161, 0.4, 50, 100, 17, 433, 5000, 20
0, 12000, 102, 206, 173, 7412175, 6463556, 0.4, 50, 100, 17, 422, 5000, 20
0, 12000, 90, 203, 190, 7819669, 6683067, 0.4, 50, 100, 17, 483, 5000, 20
0, 12000, 99, 217, 189, 7755503, 6801354, 0.4, 50, 100, 17, 503, 5000, 20
0, 12000, 91, 195, 167, 7618951, 6542484, 0.4, 50, 100, 17, 466, 5000, 20
0, 12000, 115, 217, 196, 7688225, 6628528, 0.4, 50, 100, 17, 474, 5000, 20
0, 12000, 98, 214, 188, 7937359, 6613614, 0.4, 50, 100, 17, 482, 5000, 20
0, 12000, 99, 183, 178, 7960308, 6648594, 0.4, 50, 100, 17, 470, 5000, 20
0, 12000, 107, 224, 186, 7702009, 6522931, 0.4, 50, 100, 17, 446, 5000, 20
0, 12000, 103, 212, 178, 7887839, 6579305, 0.4, 50, 100, 17, 461, 5000, 20
0, 12000, 107, 228, 202, 7792771, 6553103, 0.4, 50, 100, 17, 497, 5000, 20
0, 12000, 105, 204, 194, 8054614, 6874237, 0.4, 50, 100, 17, 649, 5000, 20
0, 12000, 111, 224, 210, 7682360, 6457444, 0.4, 50, 100, 17, 487, 5000, 20
0, 12000, 101, 207, 166, 7751338, 6645344, 0.4, 50, 100, 17, 541, 5000, 20
0, 12000, 88, 198, 175, 7856807, 6622938, 0.4, 50, 100, 17, 591, 5000, 20
0, 12000, 97, 221, 179, 7708769, 6411892, 0.4, 50, 100, 17, 500, 5000, 20
0, 12000, 102, 207, 171, 7746092, 6661385, 0.4, 50, 100, 17, 485, 5000, 20
0, 12000, 99, 217, 197, 7734533, 6492476, 0.4, 50, 100, 17, 705, 5000, 20
0, 12000, 93, 202, 186, 7510455, 6582870, 0.4, 50, 100, 17, 587, 5000, 20
0, 12000, 109, 211, 174, 7754798, 6557870, 0.4, 50, 100, 17, 471, 5000, 20
0, 12000, 90, 213, 190, 7836351, 6870118, 0.4, 50, 100, 17, 473, 5000, 20
0, 12000, 102, 215, 196, 7793311, 6640565, 0.4, 50, 100, 17, 484, 5000, 20
0, 12000, 80, 195, 169, 7437482, 6460643, 0.4, 50, 100, 17, 439, 5000, 20
0, 12000, 101, 219, 189, 7590633, 6408458, 0.4, 50, 100, 17, 496, 5000, 20
0, 12000, 98, 201, 184, 7578227, 6615264, 0.4, 50, 100, 17, 588, 5000, 20
0, 12000, 93, 190, 182, 7646883, 6572411, 0.4, 50, 100, 17, 562, 5000, 20
0, 12000, 99, 189, 171, 7597704, 6653711, 0.4, 50, 100, 17, 611, 5000, 20
0, 12000, 97, 217, 187, 7633094, 6426206, 0.4, 50, 100, 17, 475, 5000, 20
0, 12000, 103, 219, 203, 7632077, 6522933, 0.4, 50, 100, 17, 487, 5000, 20
0, 12000, 102, 231, 195, 7718689, 6601098, 0.4, 50, 100, 17, 564, 5000, 20
0, 12000, 112, 211, 185, 7680830, 6579229, 0.4, 50, 100, 17, 405, 5000, 20
0, 12000, 111, 221, 190, 7691700, 6643770, 0.4, 50, 100, 17, 712, 5000, 20
0, 12000, 91, 205, 159, 7820949, 6452623, 0.4, 50, 100, 17, 503, 5000, 20
0, 12000, 102, 217, 188, 7696843, 6633147, 0.4, 50, 100, 17, 408, 5000, 20
0, 12000, 111, 220, 206, 7980305, 6818125, 0.4, 50, 100, 17, 443, 5000, 20
0, 12000, 106, 209, 198, 7817959, 6746145, 0.4, 50, 100, 17, 636, 5000, 20
0, 12000, 100, 227, 182, 7767253, 6638898, 0.4, 50, 100, 17, 463, 5000, 20
0, 12000, 116, 223, 196, 7691987, 6575317, 0.4, 50, 100, 17, 566, 5000, 20
0, 12000, 90, 214, 177, 7801898, 6558929, 0.4, 50, 100, 17, 621, 5000, 20
0, 12000, 90, 216, 180, 7665689, 6442353, 0.4, 50, 100, 17, 499, 5000, 20
0, 12000, 97, 214, 182, 7769232, 6511293, 0.4, 50, 100, 17, 444, 5000, 20
0, 12000, 107, 216, 190, 7660059, 6389980, 0.4, 50, 100, 17, 658, 5000, 20
0, 12000, 114, 223, 187, 7611772, 6573064, 0.4, 50, 100, 17, 682, 5000, 20
0, 12000, 105, 236, 209, 7515099, 6500661, 0.4, 50, 100, 17, 466, 5000, 20
0, 12000, 101, 208, 179, 7823594, 6472381, 0.4, 50, 100, 17, 784, 5000, 20
0, 12000, 93, 221, 178, 7575925, 6477886, 0.4, 50, 100, 17, 448, 5000, 20
0, 12000, 91, 218, 193, 8007744, 6615606, 0.4, 50, 100, 17, 467, 5000, 20
0, 12000, 85, 193, 163, 7913228, 6630203, 0.4, 50, 100, 17, 552, 5000, 20
0, 12000, 88, 200, 168, 7696720, 6478648, 0.4, 50, 100, 17, 544, 5000, 20
0, 12000, 99, 208, 178, 7660734, 6470962, 0.4, 50, 100, 17, 440, 5000, 20
0, 12000, 108, 230, 204, 7712801, 6797279, 0.4, 50, 100, 17, 709, 5000, 20
0, 12000, 104, 209, 179, 7614941, 6565152, 0.4, 50, 100, 17, 596, 5000, 20
0, 12000, 113, 230, 187, 7987260, 6703139, 0.4, 50, 100, 17, 509, 5000, 20
0, 12000, 116, 221, 218, 7726195, 6499933, 0.4, 50, 100, 17, 445, 5000, 20
0, 12000, 100, 190, 168, 7752062, 6590163, 0.4, 50, 100, 17, 506, 5000, 20
0, 12000, 98, 222, 182, 7728426, 6626201, 0.4, 50, 100, 17, 520, 5000, 20
0, 12000, 110, 222, 190, 7794681, 6653559, 0.4, 50, 100, 17, 620, 5000, 20
0, 12000, 105, 218, 190, 7785365, 6454188, 0.4, 50, 100, 17, 533, 5000, 20
0, 12000, 101, 195, 181, 7752364, 6475941, 0.4, 50, 100, 17, 534, 5000, 20
0, 12000, 101, 204, 183, 7659039, 6631518, 0.4, 50, 100, 17, 510, 5000, 20
0, 12000, 106, 219, 174, 7764925, 6641709, 0.4, 50, 100, 17, 433, 5000, 20
0, 12000, 103, 203, 180, 7673152, 6506962, 0.4, 50, 100, 17, 515, 5000, 20
0, 12000, 105, 216, 190, 7538713, 6459926, 0.4, 50, 100, 17, 461, 5000, 20
0, 12000, 106, 208, 174, 7650742, 6518120, 0.4, 50, 100, 17, 840, 5000, 20
0, 12000, 114, 225, 199, 7669745, 6641826, 0.4, 50, 100, 17, 509, 5000, 20
0, 12000, 104, 212, 187, 7701449, 6595386, 0.4, 50, 100, 17, 442, 5000, 20
0, 12000, 85, 211, 185, 7814796, 6523288, 0.4, 50, 100, 17, 480, 5000, 20
0, 12000, 100, 217, 188, 7750441, 6559722, 0.4, 50, 100, 17, 583, 5000, 20
0, 12000, 117, 215, 194, 7839157, 6721674, 0.4, 50, 100, 17, 461, 5000, 20
0, 12000, 95, 221, 196, 7897569, 6773262, 0.4, 50, 100, 17, 617, 5000, 20
0, 12000, 102, 220, 195, 7881279, 6755160, 0.4, 50, 100, 17, 550, 5000, 20
0, 12000, 101, 201, 169, 7681290, 6493098, 0.4, 50, 100, 17, 422, 5000, 20
0, 12000, 95, 209, 184, 7825932, 6470418, 0.4, 50, 100, 17, 430, 5000, 20
0, 12000, 110, 219, 199, 7932709, 6745479, 0.4, 50, 100, 17, 483, 5000, 20
0, 12000, 92, 211, 174, 7807340, 6532920, 0.4, 50, 100, 17, 605, 5000, 20
0, 12000, 110, 218, 184, 7598760, 6305770, 0.4, 50, 100, 17, 528, 5000, 20
0, 12000, 86, 199, 163, 7958355, 6680835, 0.4, 50, 100, 17, 574, 5000, 20
0, 12000, 112, 230, 180, 7634732, 6531641, 0.4, 50, 100, 17, 449, 5000, 20
0, 12000, 91, 198, 156, 7911270, 6692918, 0.4, 50, 100, 17, 742, 5000, 20
0, 12000, 100, 211, 175, 7741902, 6445890, 0.4, 50, 100, 17, 457, 5000, 20
0, 12000, 108, 208, 186, 7613030, 6319135, 0.4, 50, 100, 17, 533, 5000, 20
0, 12000, 95, 199, 187, 7917883, 6628718, 0.4, 50, 100, 17, 474, 5000, 20
0, 12000, 93, 217, 174, 7935636, 6601260, 0.4, 50, 100, 17, 552, 5000, 20
0, 12000, 103, 202, 195, 7806400, 6498896, 0.4, 50, 100, 17, 576, 5000, 20
0, 12000, 118, 198, 185, 8010720, 6741248, 0.4, 50, 100, 17, 614, 5000, 20
0, 12000, 104, 219, 188, 7738998, 6547825, 0.4, 50, 100, 17, 478, 5000, 20
0, 12000, 96, 208, 186, 7789384, 6676018, 0.4, 50, 100, 17, 455, 5000, 20
0, 12000, 104, 212, 178, 7616938, 6689586, 0.4, 50, 100, 17, 529, 5000, 20
0, 12000, 99, 208, 191, 7541149, 6507919, 0.4, 50, 100, 17, 644, 5000, 20
0, 12000, 106, 222, 188, 7782279, 6534530, 0.4, 50, 100, 17, 553, 5000, 20
0, 12000, 98, 194, 184, 7736474, 6646270, 0.4, 50, 100, 17, 468, 5000, 20
0, 12000, 100, 214, 201, 7566132, 6640033, 0.4, 50, 100, 17, 610, 5000, 20
0, 12000, 104, 199, 171, 7636465, 6649678, 0.4, 50, 100, 17, 468, 5000, 20
0, 12000, 104, 210, 192, 7698449, 6485260, 0.4, 50, 100, 17, 568, 5000, 20
0, 12000, 99, 207, 174, 7672064, 6443203, 0.4, 50, 100, 17, 484, 5000, 20
0, 12000, 99, 212, 175, 7827876, 6489366, 0.4, 50, 100, 17, 463, 5000, 20
0, 12000, 123, 226, 210, 7742366, 6481211, 0.4, 50, 100, 17, 458, 5000, 20
0, 12000, 89, 197, 181, 7920224, 6603514, 0.4, 50, 100, 17, 585, 5000, 20
0, 12000, 99, 208, 189, 7967758, 6770877, 0.4, 50, 100, 17, 611, 5000, 20
0, 12000, 115, 219, 184, 8592206, 7283048, 0.4, 50, 100, 19, 578, 5000, 20
0, 12000, 97, 213, 183, 8410528, 7080674, 0.4, 50, 100, 19, 546, 5000, 20
0, 12000, 104, 213, 181, 8565375, 7221372, 0.4, 50, 100, 19, 546, 5000, 20
0, 12000, 90, 202, 167, 8672981, 7367900, 0.4, 50, 100, 19, 565, 5000, 20
0, 12000, 108, 217, 198, 8602367, 7338517, 0.4, 50, 100, 19, 588, 5000, 20
0, 12000, 107, 225, 202, 8598926, 7315503, 0.4, 50, 100, 19, 605, 5000, 20
0, 12000, 106, 209, 185, 8655952, 7418830, 0.4, 50, 100, 19, 593, 5000, 20
0, 12000, 99, 203, 152, 8512914, 7391669, 0.4, 50, 100, 19, 691, 5000, 20
0, 12000, 116, 237, 207, 8862253, 7293305, 0.4, 50, 100, 19, 593, 5000, 20
0, 12000, 86, 170, 144, 8914043, 7594703, 0.4, 50, 100, 19, 743, 5000, 20
0, 12000, 107, 206, 206, 8639611, 7320371, 0.4, 50, 100, 19, 624, 5000, 20
0, 12000, 105, 217, 177, 8841039, 7333191, 0.4, 50, 100, 19, 515, 5000, 20
0, 12000, 102, 216, 182, 8537201, 7170664, 0.4, 50, 100, 19, 589, 5000, 20
0, 12000, 102, 207, 163, 8638575, 7294236, 0.4, 50, 100, 19, 659, 5000, 20
0, 12000, 103, 212, 179, 8913784, 7672552, 0.4, 50, 100, 19, 699, 5000, 20
0, 12000, 93, 205, 198, 8660724, 7437038, 0.4, 50, 100, 19, 722, 5000, 20
0, 12000, 83, 199, 170, 8726549, 7461165, 0.4, 50, 100, 19, 616, 5000, 20
0, 12000, 114, 220, 215, 8764023, 7393549, 0.4, 50, 100, 19, 772, 5000, 20
0, 12000, 93, 207, 166, 8885269, 7374947, 0.4, 50, 100, 19, 646, 5000, 20
0, 12000, 91, 211, 182, 8583291, 7490568, 0.4, 50, 100, 19, 546, 5000, 20
0, 12000, 110, 216, 187, 8922709, 7585140, 0.4, 50, 100, 19, 710, 5000, 20
0, 12000, 101, 196, 171, 8812689, 7435160, 0.4, 50, 100, 19, 590, 5000, 20
0, 12000, 90, 169, 152, 8064171, 6759204, 0.4, 50, 100, 17, 1040, 5000, 20
0, 12000, 101, 205, 180, 8714426, 7254940, 0.4, 50, 100, 19, 578, 5000, 20
0, 12000, 97, 209, 169, 8779873, 7384547, 0.4, 50, 100, 19, 612, 5000, 20
0, 12000, 99, 206, 186, 8827805, 7225587, 0.4, 50, 100, 19, 720, 5000, 20
0, 12000, 111, 208, 189, 8513489, 7360129, 0.4, 50, 100, 19, 657, 5000, 20
0, 12000, 91, 199, 176, 8718056, 7375044, 0.4, 50, 100, 19, 541, 5000, 20
0, 12000, 109, 208, 176, 8854678, 7507891, 0.4, 50, 100, 19, 638, 5000, 20
0, 12000, 85, 194, 181, 8413550, 7405879, 0.4, 50, 100, 19, 781, 5000, 20
0, 12000, 111, 220, 199, 8769385, 7548456, 0.4, 50, 100, 19, 678, 5000, 20
0, 12000, 96, 204, 159, 8590563, 7282085, 0.4, 50, 100, 19, 656, 5000, 20
0, 12000, 101, 211, 202, 8834201, 7521736, 0.4, 50, 100, 19, 589, 5000, 20
0, 12000, 106, 204, 184, 8534651, 7425643, 0.4, 50, 100, 19, 711, 5000, 20
0, 12000, 95, 202, 186, 8736393, 7528137, 0.4, 50, 100, 19, 652, 5000, 20
0, 12000, 102, 210, 176, 8523765, 7284458, 0.4, 50, 100, 19, 594, 5000, 20
0, 12000, 107, 233, 194, 8586780, 7296602, 0.4, 50, 100, 19, 555, 5000, 20
0, 12000, 117, 216, 194, 8762024, 7553720, 0.4, 50, 100, 19, 579, 5000, 20
0, 12000, 101, 194, 176, 8506285, 7427413, 0.4, 50, 100, 19, 559, 5000, 20
0, 12000, 80, 197, 172, 8520378, 7283292, 0.4, 50, 100, 19, 571, 5000, 20
0, 12000, 103, 212, 193, 8646294, 7350173, 0.4, 50, 100, 19, 580, 5000, 20
0, 12000, 129, 219, 202, 8736790, 7185348, 0.4, 50, 100, 19, 998, 5000, 20
0, 12000, 116, 216, 196, 8539885, 7298501, 0.4, 50, 100, 19, 724, 5000, 20
0, 12000, 81, 199, 156, 8405722, 7213151, 0.4, 50, 100, 19, 703, 5000, 20
0, 12000, 108, 208, 182, 8634124, 7484444, 0.4, 50, 100, 19, 568, 5000, 20
0, 12000, 94, 210, 183, 9032651, 7535460, 0.4, 50, 100, 19, 582, 5000, 20
0, 12000, 123, 224, 200, 8488696, 7134924, 0.4, 50, 100, 19, 697, 5000, 20
0, 12000, 108, 197, 181, 8975631, 7605734, 0.4, 50, 100, 19, 555, 5000, 20
0, 12000, 111, 212, 190, 8547194, 7170776, 0.4, 50, 100, 19, 984, 5000, 20
0, 12000, 102, 197, 181, 8827107, 7655073, 0.4, 50, 100, 19, 559, 5000, 20
0, 12000, 109, 212, 195, 8827879, 7437683, 0.4, 50, 100, 19, 623, 5000, 20
0, 12000, 118, 220, 197, 8714132, 7516869, 0.4, 50, 100, 19, 709, 5000, 20
0, 12000, 102, 209, 180, 8687248, 7276718, 0.4, 50, 100, 19, 646, 5000, 20
0, 12000, 111, 237, 186, 8673525, 7192768, 0.4, 50, 100, 19, 721, 5000, 20
0, 12000, 93, 206, 170, 8793013, 7488653, 0.4, 50, 100, 19, 727, 5000, 20
0, 12000, 103, 211, 183, 8857914, 7485933, 0.4, 50, 100, 19, 613, 5000, 20
0, 12000, 105, 202, 184, 8880756, 7508528, 0.4, 50, 100, 19, 753, 5000, 20
0, 12000, 86, 207, 170, 8533458, 7050142, 0.4, 50, 100, 19, 721, 5000, 20
0, 12000, 115, 221, 182, 8966691, 7539720, 0.4, 50, 100, 19, 555, 5000, 20
0, 12000, 114, 218, 194, 8614540, 7363858, 0.4, 50, 100, 19, 679, 5000, 20
0, 12000, 114, 225, 198, 8875067, 7515608, 0.4, 50, 100, 19, 568, 5000, 20
0, 12000, 91, 206, 182, 8555429, 7230232, 0.4, 50, 100, 19, 686, 5000, 20
0, 12000, 111, 240, 210, 8622707, 7367380, 0.4, 50, 100, 19, 652, 5000, 20
0, 12000, 102, 206, 178, 8596266, 7414848, 0.4, 50, 100, 19, 827, 5000, 20
0, 12000, 109, 214, 183, 9032695, 7530108, 0.4, 50, 100, 19, 607, 5000, 20
0, 12000, 105, 203, 178, 8847441, 7400100, 0.4, 50, 100, 19, 617, 5000, 20
0, 12000, 125, 242, 222, 8451579, 7273131, 0.4, 50, 100, 19, 525, 5000, 20
0, 12000, 93, 202, 178, 9002416, 7620589, 0.4, 50, 100, 19, 621, 5000, 20
0, 12000, 103, 212, 205, 8644912, 7268402, 0.4, 50, 100, 19, 839, 5000, 20
0, 12000, 88, 204, 175, 8697028, 7344431, 0.4, 50, 100, 19, 705, 5000, 20
0, 12000, 112, 220, 194, 8764041, 7427373, 0.4, 50, 100, 19, 792, 5000, 20
0, 12000, 102, 207, 198, 8719660, 7328353, 0.4, 50, 100, 19, 677, 5000, 20
0, 12000, 107, 220, 181, 8883425, 7445691, 0.4, 50, 100, 19, 690, 5000, 20
0, 12000, 106, 220, 184, 8898786, 7670905, 0.4, 50, 100, 19, 794, 5000, 20
0, 12000, 102, 216, 189, 8908883, 7633069, 0.4, 50, 100, 19, 761, 5000, 20
0, 12000, 79, 176, 131, 8914620, 7624036, 0.4, 50, 100, 19, 695, 5000, 20
0, 12000, 106, 214, 193, 8200850, 7073738, 0.4, 50, 100, 19, 559, 5000, 20
0, 12000, 106, 224, 183, 8737295, 7358668, 0.4, 50, 100, 19, 654, 5000, 20
0, 12000, 110, 221, 195, 8515780, 7158306, 0.4, 50, 100, 19, 636, 5000, 20
0, 12000, 95, 220, 196, 8619531, 7458302, 0.4, 50, 100, 19, 836, 5000, 20
0, 12000, 100, 205, 173, 8574552, 7221256, 0.4, 50, 100, 19, 723, 5000, 20
0, 12000, 118, 207, 191, 8827968, 7635717, 0.4, 50, 100, 19, 653, 5000, 20
0, 12000, 99, 220, 182, 8693631, 7238670, 0.4, 50, 100, 19, 579, 5000, 20
0, 12000, 108, 216, 187, 8870776, 7602818, 0.4, 50, 100, 19, 851, 5000, 20
0, 12000, 110, 226, 201, 8548731, 7187276, 0.4, 50, 100, 19, 569, 5000, 20
0, 12000, 81, 193, 167, 8555825, 7357127, 0.4, 50, 100, 19, 557, 5000, 20
0, 12000, 105, 207, 185, 8831028, 7529532, 0.4, 50, 100, 19, 800, 5000, 20
0, 12000, 108, 200, 189, 8809852, 7618718, 0.4, 50, 100, 19, 550, 5000, 20
0, 12000, 96, 218, 179, 8603121, 7252877, 0.4, 50, 100, 19, 708, 5000, 20
0, 12000, 94, 207, 182, 8559794, 7361515, 0.4, 50, 100, 19, 588, 5000, 20
0, 12000, 102, 204, 181, 8922651, 7418071, 0.4, 50, 100, 19, 684, 5000, 20
0, 12000, 99, 209, 193, 8680436, 7277259, 0.4, 50, 100, 19, 516, 5000, 20
0, 12000, 95, 207, 174, 8553037, 7338109, 0.4, 50, 100, 19, 569, 5000, 20
0, 12000, 111, 215, 202, 8758223, 7398701, 0.4, 50, 100, 19, 522, 5000, 20
0, 12000, 101, 230, 183, 8646011, 7362972, 0.4, 50, 100, 19, 582, 5000, 20
0, 12000, 89, 211, 184, 8954508, 7668032, 0.4, 50, 100, 19, 607, 5000, 20
0, 12000, 110, 233, 207, 8864935, 7510390, 0.4, 50, 100, 19, 677, 5000, 20
0, 12000, 105, 217, 193, 8937319, 7524983, 0.4, 50, 100, 19, 704, 5000, 20
0, 12000, 114, 238, 205, 8782448, 7494188, 0.4, 50, 100, 19, 781, 5000, 20
0, 12000, 114, 226, 200, 9805738, 8079669, 0.4, 50, 100, 21, 664, 5000, 20
0, 12000, 109, 199, 188, 9040445, 7756643, 0.4, 50, 100, 19, 809, 5000, 20
0, 12000, 97, 215, 200, 9507909, 8117599, 0.4, 50, 100, 21, 732, 5000, 20
0, 12000, 104, 202, 188, 9754941, 8232863, 0.4, 50, 100, 21, 721, 5000, 20
0, 12000, 93, 216, 193, 9508959, 8132348, 0.4, 50, 100, 21, 685, 5000, 20
0, 12000, 103, 207, 189, 9760753, 8203151, 0.4, 50, 100, 21, 720, 5000, 20
0, 12000, 116, 237, 225, 9354056, 7951205, 0.4, 50, 100, 21, 731, 5000, 20
0, 12000, 105, 214, 180, 9520771, 7943861, 0.4, 50, 100, 21, 860, 5000, 20
0, 12000, 100, 232, 187, 9730016, 8231326, 0.4, 50, 100, 21, 859, 5000, 20
0, 12000, 92, 207, 169, 9730665, 8194029, 0.4, 50, 100, 21, 865, 5000, 20
0, 12000, 108, 210, 188, 8884617, 7493723, 0.4, 50, 100, 19, 980, 5000, 20
0, 12000, 106, 209, 185, 9503265, 7968562, 0.4, 50, 100, 21, 897, 5000, 20
0, 12000, 98, 191, 176, 9586840, 8212503, 0.4, 50, 100, 21, 840, 5000, 20
0, 12000, 116, 216, 185, 9545906, 8047603, 0.4, 50, 100, 21, 713, 5000, 20
0, 12000, 100, 212, 192, 9468285, 7988648, 0.4, 50, 100, 21, 693, 5000, 20
0, 12000, 106, 197, 183, 9778069, 8325826, 0.4, 50, 100, 21, 936, 5000, 20
0, 12000, 96, 220, 194, 9639050, 8254270, 0.4, 50, 100, 21, 753, 5000, 20
0, 12000, 108, 237, 202, 9921379, 8260993, 0.4, 50, 100, 21, 983, 5000, 20
0, 12000, 105, 202, 189, 9447707, 7995596, 0.4, 50, 100, 21, 722, 5000, 20
0, 12000, 103, 222, 171, 9400375, 7848307, 0.4, 50, 100, 21, 668, 5000, 20
0, 12000, 106, 231, 203, 9708265, 8352262, 0.4, 50, 100, 21, 882, 5000, 20
0, 12000, 102, 205, 190, 9227910, 7784358, 0.4, 50, 100, 21, 914, 5000, 20
0, 12000, 97, 221, 192, 9711350, 8379247, 0.4, 50, 100, 21, 1151, 5000, 20
0, 12000, 93, 198, 174, 9597131, 8174379, 0.4, 50, 100, 21, 660, 5000, 20
0, 12000, 90, 209, 176, 9576441, 8065748, 0.4, 50, 100, 21, 1062, 5000, 20
0, 12000, 120, 220, 198, 9513019, 8196970, 0.4, 50, 100, 21, 714, 5000, 20
0, 12000, 104, 185, 173, 9291906, 7963414, 0.4, 50, 100, 21, 842, 5000, 20
0, 12000, 103, 215, 191, 9727185, 8211776, 0.4, 50, 100, 21, 696, 5000, 20
0, 12000, 100, 181, 160, 9955813, 8291295, 0.4, 50, 100, 21, 665, 5000, 20
0, 12000, 90, 215, 193, 9189471, 7859582, 0.4, 50, 100, 21, 739, 5000, 20
0, 12000, 111, 222, 190, 9560934, 8131965, 0.4, 50, 100, 21, 966, 5000, 20
0, 12000, 104, 229, 195, 9585440, 8225194, 0.4, 50, 100, 21, 724, 5000, 20
0, 12000, 116, 224, 194, 9470948, 8044871, 0.4, 50, 100, 21, 684, 5000, 20
0, 12000, 106, 218, 191, 9762274, 8349189, 0.4, 50, 100, 21, 697, 5000, 20
0, 12000, 100, 218, 192, 9781072, 8215081, 0.4, 50, 100, 21, 717, 5000, 20
0, 12000, 110, 197, 189, 9773377, 8201101, 0.4, 50, 100, 21, 1019, 5000, 20
0, 12000, 110, 215, 195, 9673299, 8193325, 0.4, 50, 100, 21, 710, 5000, 20
0, 12000, 112, 205, 191, 9637506, 8219399, 0.4, 50, 100, 21, 871, 5000, 20
0, 12000, 96, 215, 178, 9919616, 8251991, 0.4, 50, 100, 21, 780, 5000, 20
0, 12000, 104, 221, 189, 9637700, 8080421, 0.4, 50, 100, 21, 726, 5000, 20
0, 12000, 110, 224, 187, 9692802, 8261560, 0.4, 50, 100, 21, 719, 5000, 20
0, 12000, 87, 206, 174, 9887067, 8365703, 0.4, 50, 100, 21, 754, 5000, 20
0, 12000, 106, 216, 191, 9585417, 8089654, 0.4, 50, 100, 21, 696, 5000, 20
0, 12000, 103, 220, 190, 9533346, 8158790, 0.4, 50, 100, 21, 707, 5000, 20
0, 12000, 98, 215, 191, 9440475, 8002130, 0.4, 50, 100, 21, 732, 5000, 20
0, 12000, 98, 191, 172, 9529086, 8224844, 0.4, 50, 100, 21, 811, 5000, 20
0, 12000, 102, 217, 200, 9647319, 8053112, 0.4, 50, 100, 21, 844, 5000, 20
0, 12000, 104, 218, 199, 9285863, 7949492, 0.4, 50, 100, 21, 1125, 5000, 20
0, 12000, 99, 198, 184, 9565353, 8042588, 0.4, 50, 100, 21, 822, 5000, 20
0, 12000, 97, 206, 184, 9722267, 8130044, 0.4, 50, 100, 21, 714, 5000, 20
0, 12000, 83, 188, 165, 9724786, 8322885, 0.4, 50, 100, 21, 788, 5000, 20
0, 12000, 101, 215, 183, 9644377, 8280505, 0.4, 50, 100, 21, 845, 5000, 20
0, 12000, 107, 237, 200, 9762680, 8175477, 0.4, 50, 100, 21, 849, 5000, 20
0, 12000, 87, 209, 173, 9557316, 8237329, 0.4, 50, 100, 21, 885, 5000, 20
0, 12000, 113, 225, 193, 9563004, 8173047, 0.4, 50, 100, 21, 746, 5000, 20
0, 12000, 100, 183, 179, 9814909, 8296398, 0.4, 50, 100, 21, 716, 5000, 20
0, 12000, 115, 212, 192, 9676566, 8162033, 0.4, 50, 100, 21, 1004, 5000, 20
0, 12000, 112, 207, 188, 9727171, 8274957, 0.4, 50, 100, 21, 868, 5000, 20
0, 12000, 91, 210, 181, 9774536, 8171992, 0.4, 50, 100, 21, 857, 5000, 20
0, 12000, 108, 213, 194, 9554761, 8078850, 0.4, 50, 100, 21, 881, 5000, 20
0, 12000, 109, 225, 207, 9470319, 7995485, 0.4, 50, 100, 21, 1081, 5000, 20
0, 12000, 101, 215, 203, 9632723, 8170469, 0.4, 50, 100, 21, 1047, 5000, 20
0, 12000, 109, 207, 174, 9607442, 8207826, 0.4, 50, 100, 21, 845, 5000, 20
0, 12000, 100, 209, 173, 9593781, 8031605, 0.4, 50, 100, 21, 856, 5000, 20
0, 12000, 93, 223, 184, 9901530, 8352120, 0.4, 50, 100, 21, 707, 5000, 20
0, 12000, 102, 224, 172, 9395052, 7958576, 0.4, 50, 100, 21, 795, 5000, 20
0, 12000, 86, 175, 160, 9612397, 8210133, 0.4, 50, 100, 21, 696, 5000, 20
0, 12000, 94, 214, 185, 9746682, 8280546, 0.4, 50, 100, 21, 682, 5000, 20
0, 12000, 103, 221, 190, 9622589, 8229796, 0.4, 50, 100, 21, 711, 5000, 20
0, 12000, 92, 213, 201, 9289953, 7961159, 0.4, 50, 100, 21, 1000, 5000, 20
0, 12000, 105, 223, 197, 9605330, 8226843, 0.4, 50, 100, 21, 696, 5000, 20
0, 12000, 111, 225, 196, 9610701, 8267542, 0.4, 50, 100, 21, 767, 5000, 20
0, 12000, 98, 199, 175, 9515119, 8111742, 0.4, 50, 100, 21, 821, 5000, 20
0, 12000, 103, 211, 176, 9559113, 8149147, 0.4, 50, 100, 21, 860, 5000, 20
0, 12000, 95, 189, 149, 9433287, 8077758, 0.4, 50, 100, 21, 915, 5000, 20
0, 12000, 84, 198, 177, 9328692, 8090777, 0.4, 50, 100, 21, 708, 5000, 20
0, 12000, 99, 199, 162, 9821560, 8097614, 0.4, 50, 100, 21, 702, 5000, 20
0, 12000, 102, 194, 175, 9637988, 7951766, 0.4, 50, 100, 21, 790, 5000, 20
0, 12000, 81, 183, 158, 9319008, 7935912, 0.4, 50, 100, 21, 882, 5000, 20
0, 12000, 103, 224, 194, 9654554, 8392406, 0.4, 50, 100, 21, 701, 5000, 20
0, 12000, 87, 218, 181, 9697767, 8207133, 0.4, 50, 100, 21, 696, 5000, 20
0, 12000, 104, 220, 195, 9534933, 8192860, 0.4, 50, 100, 21, 736, 5000, 20
0, 12000, 106, 201, 188, 9601577, 8150175, 0.4, 50, 100, 21, 680, 5000, 20
0, 12000, 101, 186, 180, 9553877, 8298916, 0.4, 50, 100, 21, 979, 5000, 20
0, 12000, 111, 218, 191, 9492177, 8081902, 0.4, 50, 100, 21, 732, 5000, 20
0, 12000, 102, 214, 187, 9698210, 8080614, 0.4, 50, 100, 21, 710, 5000, 20
0, 12000, 102, 210, 172, 10157875, 8266250, 0.4, 50, 100, 21, 730, 5000, 20
0, 12000, 104, 220, 189, 9613789, 8323910, 0.4, 50, 100, 21, 653, 5000, 20
0, 12000, 89, 202, 177, 9394111, 7898378, 0.4, 50, 100, 21, 716, 5000, 20
0, 12000, 101, 197, 174, 9262353, 7957942, 0.4, 50, 100, 21, 688, 5000, 20
0, 12000, 86, 211, 181, 9365336, 7783327, 0.4, 50, 100, 21, 812, 5000, 20
0, 12000, 115, 226, 187, 9997278, 8483622, 0.4, 50, 100, 21, 924, 5000, 20
0, 12000, 102, 206, 178, 9452589, 8253045, 0.4, 50, 100, 21, 906, 5000, 20
0, 12000, 90, 186, 163, 9810754, 8177262, 0.4, 50, 100, 21, 837, 5000, 20
0, 12000, 87, 197, 166, 9528933, 8125716, 0.4, 50, 100, 21, 1047, 5000, 20
0, 12000, 88, 191, 188, 9176622, 7906482, 0.4, 50, 100, 21, 769, 5000, 20
0, 12000, 100, 209, 181, 9375557, 7867278, 0.4, 50, 100, 21, 897, 5000, 20
0, 12000, 98, 205, 168, 9651442, 8118334, 0.4, 50, 100, 21, 965, 5000, 20
0, 12000, 112, 224, 194, 9454577, 8016777, 0.4, 50, 100, 21, 977, 5000, 20
0, 12000, 87, 194, 161, 9405295, 8032312, 0.4, 50, 100, 21, 861, 5000, 20
0, 12000, 108, 211, 189, 9617361, 8078826, 0.4, 50, 100, 21, 963, 5000, 20
0, 12000, 106, 227, 201, 9707676, 8093323, 0.4, 50, 100, 21, 1163, 5000, 20
0, 12000, 92, 213, 170, 13632910, 11444342, 0.4, 50, 100, 30, 1460, 5000, 20
0, 12000, 110, 206, 188, 13562682, 11383659, 0.4, 50, 100, 30, 1583, 5000, 20
0, 12000, 95, 209, 171, 13661902, 11675942, 0.4, 50, 100, 30, 1464, 5000, 20
0, 12000, 112, 212, 182, 13754996, 11526160, 0.4, 50, 100, 30, 1462, 5000, 20
0, 12000, 113, 206, 179, 13733157, 11508670, 0.4, 50, 100, 30, 1806, 5000, 20
0, 12000, 114, 214, 202, 13937748, 11843646, 0.4, 50, 100, 30, 1622, 5000, 20
0, 12000, 106, 220, 200, 13525430, 11707344, 0.4, 50, 100, 30, 1695, 5000, 20
0, 12000, 98, 205, 178, 13784425, 11766488, 0.4, 50, 100, 30, 1533, 5000, 20
0, 12000, 106, 207, 188, 13960820, 11880508, 0.4, 50, 100, 30, 1536, 5000, 20
0, 12000, 100, 207, 180, 13667757, 11627461, 0.4, 50, 100, 30, 1993, 5000, 20
0, 12000, 108, 209, 196, 13884444, 11870934, 0.4, 50, 100, 30, 2127, 5000, 20
0, 12000, 107, 212, 190, 13771137, 11670407, 0.4, 50, 100, 30, 1877, 5000, 20
0, 12000, 97, 206, 178, 13887386, 11558313, 0.4, 50, 100, 30, 2045, 5000, 20
0, 12000, 103, 206, 180, 13961254, 11844576, 0.4, 50, 100, 30, 2203, 5000, 20
0, 12000, 103, 205, 186, 14117680, 11958244, 0.4, 50, 100, 30, 1760, 5000, 20
0, 12000, 108, 230, 204, 13635465, 11733891, 0.4, 50, 100, 30, 2006, 5000, 20
0, 12000, 100, 208, 197, 13261606, 11360016, 0.4, 50, 100, 30, 1565, 5000, 20
0, 12000, 101, 206, 185, 13450949, 11740138, 0.4, 50, 100, 30, 2165, 5000, 20
0, 12000, 94, 198, 177, 13549571, 11489585, 0.4, 50, 100, 30, 2317, 5000, 20
0, 12000, 109, 222, 192, 13930239, 11736803, 0.4, 50, 100, 30, 1892, 5000, 20
0, 12000, 98, 218, 187, 14212430, 11776725, 0.4, 50, 100, 30, 1848, 5000, 20
0, 12000, 94, 218, 190, 13703481, 11454699, 0.4, 50, 100, 30, 2036, 5000, 20
0, 12000, 99, 217, 179, 13754956, 11654441, 0.4, 50, 100, 30, 2342, 5000, 20
0, 12000, 106, 209, 204, 13839336, 11725439, 0.4, 50, 100, 30, 2298, 5000, 20
0, 12000, 94, 190, 169, 13657480, 11530158, 0.4, 50, 100, 30, 2002, 5000, 20
0, 12000, 97, 215, 204, 13381154, 11384849, 0.4, 50, 100, 30, 1979, 5000, 20
0, 12000, 101, 212, 179, 13776007, 11667121, 0.4, 50, 100, 30, 2001, 5000, 20
0, 12000, 95, 227, 184, 13559576, 11246756, 0.4, 50, 100, 30, 1766, 5000, 20
0, 12000, 102, 205, 179, 13737951, 11665131, 0.4, 50, 100, 30, 2076, 5000, 20
0, 12000, 103, 222, 183, 13784511, 11692898, 0.4, 50, 100, 30, 2369, 5000, 20
0, 12000, 87, 199, 170, 14057865, 12035734, 0.4, 50, 100, 30, 2128, 5000, 20
0, 12000, 92, 218, 187, 13630478, 11710470, 0.4, 50, 100, 30, 1686, 5000, 20
0, 12000, 116, 225, 208, 13800344, 11747898, 0.4, 50, 100, 30, 1592, 5000, 20
0, 12000, 98, 218, 162, 13592482, 11524094, 0.4, 50, 100, 30, 1526, 5000, 20
0, 12000, 107, 226, 200, 13496988, 11584321, 0.4, 50, 100, 30, 1587, 5000, 20
0, 12000, 102, 198, 195, 13420141, 11315549, 0.4, 50, 100, 30, 1849, 5000, 20
0, 12000, 94, 208, 175, 13730433, 11654362, 0.4, 50, 100, 30, 1674, 5000, 20
0, 12000, 89, 207, 176, 13972673, 11678345, 0.4, 50, 100, 30, 1622, 5000, 20
0, 12000, 103, 216, 198, 13282761, 11398710, 0.4, 50, 100, 30, 1546, 5000, 20
0, 12000, 103, 208, 173, 13639517, 11601938, 0.4, 50, 100, 30, 1808, 5000, 20
0, 12000, 97, 212, 198, 13735187, 12017175, 0.4, 50, 100, 30, 1582, 5000, 20
0, 12000, 107, 207, 182, 13927162, 11797338, 0.4, 50, 100, 30, 1943, 5000, 20
0, 12000, 100, 210, 185, 13652564, 11751476, 0.4, 50, 100, 30, 1500, 5000, 20
0, 12000, 98, 201, 167, 13868575, 11736794, 0.4, 50, 100, 30, 1595, 5000, 20
0, 12000, 97, 203, 178, 13870082, 11733674, 0.4, 50, 100, 30, 1801, 5000, 20
0, 12000, 103, 218, 176, 13815268, 11725609, 0.4, 50, 100, 30, 1657, 5000, 20
0, 12000, 109, 229, 206, 13904950, 11946801, 0.4, 50, 100, 30, 1924, 5000, 20
0, 12000, 99, 196, 177, 13992501, 11715609, 0.4, 50, 100, 30, 1598, 5000, 20
0, 12000, 77, 192, 160, 13554366, 11282805, 0.4, 50, 100, 30, 1524, 5000, 20
0, 12000, 105, 202, 179, 13851095, 11964177, 0.4, 50, 100, 30, 2444, 5000, 20
0, 12000, 103, 209, 175, 14037727, 11749304, 0.4, 50, 100, 30, 1852, 5000, 20
0, 12000, 103, 215, 182, 13608599, 11447747, 0.4, 50, 100, 30, 1969, 5000, 20
0, 12000, 102, 220, 206, 13645488, 11697062, 0.4, 50, 100, 30, 1886, 5000, 20
0, 12000, 105, 198, 196, 13610386, 11525870, 0.4, 50, 100, 30, 1934, 5000, 20
0, 12000, 103, 224, 184, 13834529, 11519994, 0.4, 50, 100, 30, 2027, 5000, 20
0, 12000, 86, 198, 171, 13790434, 11793182, 0.4, 50, 100, 30, 2153, 5000, 20
0, 12000, 112, 217, 190, 13564183, 11365389, 0.4, 50, 100, 30, 2381, 5000, 20
0, 12000, 108, 217, 187, 13783118, 11848406, 0.4, 50, 100, 30, 2280, 5000, 20
0, 12000, 101, 196, 172, 13978503, 11489076, 0.4, 50, 100, 30, 1784, 5000, 20
0, 12000, 94, 220, 182, 13587985, 11445132, 0.4, 50, 100, 30, 1502, 5000, 20
0, 12000, 82, 188, 156, 13729685, 11395660, 0.4, 50, 100, 30, 2350, 5000, 20
0, 12000, 122, 213, 196, 13794558, 11911807, 0.4, 50, 100, 30, 2566, 5000, 20
0, 12000, 98, 210, 192, 14044873, 11597292, 0.4, 50, 100, 30, 1912, 5000, 20
0, 12000, 114, 214, 181, 13745873, 11589036, 0.4, 50, 100, 30, 1589, 5000, 20
0, 12000, 103, 205, 189, 13811282, 11661760, 0.4, 50, 100, 30, 1555, 5000, 20
0, 12000, 105, 217, 186, 13632821, 11637007, 0.4, 50, 100, 30, 1554, 5000, 20
0, 12000, 105, 216, 186, 13630977, 11397376, 0.4, 50, 100, 30, 2240, 5000, 20
0, 12000, 94, 185, 164, 13419297, 11519667, 0.4, 50, 100, 30, 3044, 5000, 20
0, 12000, 103, 223, 192, 13695302, 11399688, 0.4, 50, 100, 30, 1638, 5000, 20
0, 12000, 93, 210, 178, 13741012, 11729984, 0.4, 50, 100, 30, 1537, 5000, 20
0, 12000, 106, 209, 198, 13561859, 11660474, 0.4, 50, 100, 30, 1876, 5000, 20
0, 12000, 116, 207, 198, 13794603, 11634901, 0.4, 50, 100, 30, 2171, 5000, 20
0, 12000, 99, 202, 195, 13994537, 11791743, 0.4, 50, 100, 30, 2720, 5000, 20
0, 12000, 82, 202, 161, 13952350, 11826485, 0.4, 50, 100, 30, 1586, 5000, 20
0, 12000, 102, 224, 171, 13486403, 11543062, 0.4, 50, 100, 30, 2334, 5000, 20
0, 12000, 101, 196, 173, 13700228, 11652343, 0.4, 50, 100, 30, 1527, 5000, 20
0, 12000, 97, 212, 181, 13397316, 11221904, 0.4, 50, 100, 30, 1857, 5000, 20
0, 12000, 98, 210, 202, 13522490, 11724491, 0.4, 50, 100, 30, 2001, 5000, 20
0, 12000, 100, 217, 176, 13853808, 11702789, 0.4, 50, 100, 30, 1562, 5000, 20
0, 12000, 101, 211, 192, 13910936, 12036505, 0.4, 50, 100, 30, 1497, 5000, 20
0, 12000, 120, 226, 207, 13563232, 11686769, 0.4, 50, 100, 30, 1961, 5000, 20
0, 12000, 119, 232, 195, 13554893, 11339386, 0.4, 50, 100, 30, 2298, 5000, 20
0, 12000, 115, 214, 203, 13482993, 11316665, 0.4, 50, 100, 30, 2024, 5000, 20
0, 12000, 102, 207, 177, 13899124, 11700766, 0.4, 50, 100, 30, 1951, 5000, 20
0, 12000, 93, 206, 178, 13880648, 11780068, 0.4, 50, 100, 30, 1446, 5000, 20
0, 12000, 101, 226, 200, 13402548, 11409103, 0.4, 50, 100, 30, 1704, 5000, 20
0, 12000, 101, 210, 181, 13541371, 11641939, 0.4, 50, 100, 30, 1504, 5000, 20
0, 12000, 97, 209, 193, 13192138, 11235406, 0.4, 50, 100, 30, 2131, 5000, 20
0, 12000, 92, 212, 189, 13860634, 11558405, 0.4, 50, 100, 30, 1478, 5000, 20
0, 12000, 114, 213, 190, 13784058, 11728380, 0.4, 50, 100, 30, 1970, 5000, 20
0, 12000, 102, 199, 178, 13821783, 11805215, 0.4, 50, 100, 30, 1406, 5000, 20
0, 12000, 91, 192, 170, 13639909, 11487436, 0.4, 50, 100, 30, 1478, 5000, 20
0, 12000, 103, 203, 168, 13657569, 11612294, 0.4, 50, 100, 30, 1417, 5000, 20
0, 12000, 96, 222, 201, 13814367, 11587847, 0.4, 50, 100, 30, 1779, 5000, 20
0, 12000, 94, 218, 176, 13885876, 11590712, 0.4, 50, 100, 30, 1696, 5000, 20
0, 12000, 113, 227, 187, 13578798, 11325108, 0.4, 50, 100, 30, 1540, 5000, 20
0, 12000, 92, 188, 168, 13677212, 11624375, 0.4, 50, 100, 30, 1458, 5000, 20
0, 12000, 102, 209, 188, 14020936, 11751181, 0.4, 50, 100, 30, 1798, 5000, 20
0, 12000, 101, 212, 175, 13708562, 11433338, 0.4, 50, 100, 30, 1577, 5000, 20
0, 12000, 115, 223, 205, 13307372, 11595523, 0.4, 50, 100, 30, 1686, 5000, 20
1, 7257, 122, 142, 143, 323725, 329580, 0.4, 50, 100, 1, 5, 5000, 20
1, 6841, 93, 113, 114, 254500, 254933, 0.4, 50, 100, 1, 5, 5000, 20
1, 6718, 101, 121, 122, 280203, 281404, 0.4, 50, 100, 1, 5, 5000, 20
1, 7009, 99, 119, 119, 280694, 282410, 0.4, 50, 100, 1, 5, 5000, 20
0, 12000, 74, 188, 154, 496368, 402324, 0.4, 50, 100, 1, 12, 5000, 20
0, 12000, 100, 202, 173, 437056, 386095, 0.4, 50, 100, 1, 13, 5000, 20
0, 12000, 92, 210, 190, 432428, 366123, 0.4, 50, 100, 1, 13, 5000, 20
0, 12000, 107, 189, 177, 458013, 417479, 0.4, 50, 100, 1, 15, 5000, 20
0, 12000, 107, 216, 185, 467166, 401488, 0.4, 50, 100, 1, 14, 5000, 20
0, 12000, 103, 221, 187, 464728, 365272, 0.4, 50, 100, 1, 13, 5000, 20
0, 12000, 113, 217, 185, 434363, 372314, 0.4, 50, 100, 1, 13, 5000, 20
0, 12000, 107, 232, 205, 466442, 380131, 0.4, 50, 100, 1, 14, 5000, 20
0, 12000, 112, 217, 199, 455022, 377431, 0.4, 50, 100, 1, 14, 5000, 20
0, 12000, 92, 200, 170, 429499, 356872, 0.4, 50, 100, 1, 14, 5000, 20
0, 12000, 92, 205, 185, 425213, 369024, 0.4, 50, 100, 1, 13, 5000, 20
0, 12000, 101, 219, 184, 412290, 343935, 0.4, 50, 100, 1, 14, 5000, 20
0, 12000, 110, 232, 190, 435616, 338859, 0.4, 50, 100, 1, 14, 5000, 20
0, 12000, 104, 223, 190, 462215, 380632, 0.4, 50, 100, 1, 14, 5000, 20
0, 12000, 100, 193, 174, 479429, 414504, 0.4, 50, 100, 1, 14, 5000, 20
0, 12000, 88, 199, 145, 559194, 428108, 0.4, 50, 100, 1, 15, 5000, 20
0, 12000, 102, 222, 206, 447275, 402333, 0.4, 50, 100, 1, 15, 5000, 20
0, 12000, 102, 213, 185, 459766, 364642, 0.4, 50, 100, 1, 15, 5000, 20
0, 12000, 108, 208, 192, 489000, 431253, 0.4, 50, 100, 1, 14, 5000, 20
0, 12000, 95, 209, 176, 515269, 427516, 0.4, 50, 100, 1, 16, 5000, 20
1, 7005, 106, 126, 126, 280849, 283707, 0.4, 50, 100, 1, 6, 5000, 20
0, 12000, 100, 225, 189, 434402, 338297, 0.4, 50, 100, 1, 14, 5000, 20
0, 12000, 108, 232, 204, 490858, 371451, 0.4, 50, 100, 1, 14, 5000, 20
1, 7315, 112, 132, 133, 320453, 324950, 0.4, 50, 100, 1, 6, 5000, 20
0, 12000, 98, 214, 191, 465807, 396480, 0.4, 50, 100, 1, 14, 5000, 20
0, 12000, 108, 200, 197, 426297, 388363, 0.4, 50, 100, 1, 14, 5000, 20
1, 6917, 102, 122, 124, 275390, 282868, 0.4, 50, 100, 1, 5, 5000, 20
0, 12000, 84, 200, 165, 478173, 405555, 0.4, 50, 100, 1, 15, 5000, 20
0, 12000, 112, 198, 181, 452332, 406123, 0.4, 50, 100, 1, 13, 5000, 20
0, 12000, 98, 199, 171, 424478, 379895, 0.4, 50, 100, 1, 13, 5000, 20
0, 12000, 91, 202, 175, 498976, 421577, 0.4, 50, 100, 1, 16, 5000, 20
0, 12000, 110, 223, 172, 478734, 352826, 0.4, 50, 100, 1, 15, 5000, 20
0, 12000, 104, 225, 182, 475761, 370243, 0.4, 50, 100, 1, 14, 5000, 20
0, 12000, 125, 234, 198, 455072, 382729, 0.4, 50, 100, 1, 14, 5000, 20
0, 12000, 107, 206, 155, 520546, 391943, 0.4, 50, 100, 1, 14, 5000, 20
0, 12000, 103, 211, 172, 467111, 386117, 0.4, 50, 100, 1, 12, 5000, 20
0, 12000, 100, 222, 192, 428851, 364055, 0.4, 50, 100, 1, 15, 5000, 20
0, 12000, 96, 201, 166, 497155, 423702, 0.4, 50, 100, 1, 13, 5000, 20
1, 6893, 96, 116, 120, 283569, 294240, 0.4, 50, 100, 1, 6, 5000, 20
1, 7200, 107, 130, 132, 282047, 283192, 0.4, 50, 100, 1, 7, 5000, 20
0, 12000, 115, 211, 195, 463729, 392353, 0.4, 50, 100, 1, 14, 5000, 20
0, 12000, 118, 218, 185, 469973, 396220, 0.4, 50, 100, 1, 14, 5000, 20
0, 12000, 87, 202, 176, 469888, 380585, 0.4, 50, 100, 1, 14, 5000, 20
0, 12000, 90, 191, 163, 450762, 391468, 0.4, 50, 100, 1, 15, 5000, 20
0, 12000, 104, 218, 179, 472335, 376374, 0.4, 50, 100, 1, 14, 5000, 20
1, 7550, 119, 139, 139, 305482, 307761, 0.4, 50, 100, 1, 7, 5000, 20
0, 12000, 90, 187, 165, 499444, 446072, 0.4, 50, 100, 1, 13, 5000, 20
0, 12000, 112, 199, 180, 476991, 426232, 0.4, 50, 100, 1, 15, 5000, 20
0, 12000, 93, 200, 200, 401013, 384977, 0.4, 50, 100, 1, 14, 5000, 20
0, 12000, 100, 197, 185, 426028, 386732, 0.4, 50, 100, 1, 14, 5000, 20
0, 12000, 102, 226, 180, 420463, 318868, 0.4, 50, 100, 1, 15, 5000, 20
0, 12000, 99, 207, 186, 468877, 417513, 0.4, 50, 100, 1, 15, 5000, 20
0, 12000, 94, 204, 180, 449842, 389270, 0.4, 50, 100, 1, 14, 5000, 20
0, 12000, 91, 201, 167, 486728, 402030, 0.4, 50, 100, 1, 13, 5000, 20
0, 12000, 101, 207, 155, 534209, 413102, 0.4, 50, 100, 1, 14, 5000, 20
1, 7245, 116, 136, 136, 316080, 317294, 0.4, 50, 100, 1, 6, 5000, 20
0, 12000, 107, 222, 191, 459431, 378796, 0.4, 50, 100, 1, 15, 5000, 20
1, 6695, 95, 115, 116, 279576, 281985, 0.4, 50, 100, 1, 5, 5000, 20
0, 12000, 103, 229, 194, 419645, 327255, 0.4, 50, 100, 1, 15, 5000, 20
0, 12000, 95, 216, 187, 419104, 354013, 0.4, 50, 100, 1, 14, 5000, 20
0, 12000, 103, 210, 182, 516125, 430245, 0.4, 50, 100, 1, 15, 5000, 20
0, 12000, 102, 202, 182, 470333, 430064, 0.4, 50, 100, 1, 14, 5000, 20
0, 12000, 102, 199, 184, 429334, 387730, 0.4, 50, 100, 1, 14, 5000, 20
0, 12000, 107, 226, 185, 483704, 362194, 0.4, 50, 100, 1, 13, 5000, 20
0, 12000, 91, 199, 175, 431363, 367536, 0.4, 50, 100, 1, 13, 5000, 20
0, 12000, 105, 214, 171, 510368, 397488, 0.4, 50, 100, 1, 15, 5000, 20
0, 12000, 98, 205, 196, 402281, 370030, 0.4, 50, 100, 1, 14, 5000, 20
0, 12000, 98, 220, 194, 424310, 357639, 0.4, 50, 100, 1, 14, 5000, 20
0, 12000, 75, 167, 138, 523425, 453231, 0.4, 50, 100, 1, 13, 5000, 20
0, 12000, 97, 203, 184, 426295, 389564, 0.4, 50, 100, 1, 15, 5000, 20
1, 7316, 87, 107, 107, 316411, 316505, 0.4, 50, 100, 1, 6, 5000, 20
0, 12000, 99, 196, 182, 447887, 397905, 0.4, 50, 100, 1, 14, 5000, 20
0, 12000, 101, 202, 173, 451407, 357573, 0.4, 50, 100, 1, 14, 5000, 20
0, 12000, 110, 219, 177, 510420, 403040, 0.4, 50, 100, 1, 14, 5000, 20
1, 6699, 100, 120, 125, 236862, 248872, 0.4, 50, 100, 1, 5, 5000, 20
0, 12000, 111, 206, 201, 471047, 436199, 0.4, 50, 100, 1, 12, 5000, 20
1, 6783, 122, 142, 142, 324527, 327239, 0.4, 50, 100, 1, 5, 5000, 20
0, 12000, 104, 210, 181, 446514, 372075, 0.4, 50, 100, 1, 13, 5000, 20
0, 12000, 96, 210, 187, 430991, 375284, 0.4, 50, 100, 1, 18, 5000, 20
0, 12000, 111, 229, 197, 438765, 359662, 0.4, 50, 100, 1, 14, 5000, 20
1, 6766, 87, 107, 107, 324306, 324623, 0.4, 50, 100, 1, 6, 5000, 20
0, 12000, 108, 214, 196, 471325, 427358, 0.4, 50, 100, 1, 13, 5000, 20
0, 12000, 90, 190, 180, 450970, 416321, 0.4, 50, 100, 1, 14, 5000, 20
0, 12000, 113, 232, 193, 484927, 375722, 0.4, 50, 100, 1, 14, 5000, 20
0, 12000, 94, 191, 165, 482619, 416975, 0.4, 50, 100, 1, 12, 5000, 20
0, 12000, 93, 210, 161, 468937, 364212, 0.4, 50, 100, 1, 14, 5000, 20
0, 12000, 101, 216, 186, 491882, 402991, 0.4, 50, 100, 1, 13, 5000, 20
1, 6368, 107, 127, 128, 232321, 235476, 0.4, 50, 100, 1, 4, 5000, 20
0, 12000, 87, 196, 175, 452267, 381941, 0.4, 50, 100, 1, 14, 5000, 20
1, 7004, 99, 119, 119, 283371, 284338, 0.4, 50, 100, 1, 5, 5000, 20
0, 12000, 103, 201, 186, 439948, 407959, 0.4, 50, 100, 1, 14, 5000, 20
0, 12000, 96, 201, 196, 425939, 389238, 0.4, 50, 100, 1, 13, 5000, 20
0, 12000, 94, 198, 171, 453571, 391303, 0.4, 50, 100, 1, 15, 5000, 20
0, 12000, 95, 222, 191, 493529, 413122, 0.4, 50, 100, 1, 14, 5000, 20
0, 12000, 118, 221, 191, 441504, 365938, 0.4, 50, 100, 1, 14, 5000, 20
0, 12000, 105, 201, 170, 445878, 369387, 0.4, 50, 100, 1, 14, 5000, 20
0, 12000, 99, 213, 180, 888067, 740466, 0.4, 50, 100, 2, 24, 5000, 20
0, 12000, 98, 203, 183, 893657, 746670, 0.4, 50, 100, 2, 23, 5000, 20
0, 12000, 123, 205, 188, 960220, 865781, 0.4, 50, 100, 2, 26, 5000, 20
0, 12000, 105, 220, 178, 936256, 747574, 0.4, 50, 100, 2, 24, 5000, 20
0, 12000, 106, 216, 170, 944648, 779728, 0.4, 50, 100, 2, 25, 5000, 20
0, 12000, 89, 201, 181, 868288, 738280, 0.4, 50, 100, 2, 24, 5000, 20
0, 12000, 104, 204, 177, 949532, 857325, 0.4, 50, 100, 2, 25, 5000, 20
0, 12000, 99, 216, 184, 914168, 777841, 0.4, 50, 100, 2, 25, 5000, 20
0, 12000, 104, 219, 187, 935226, 788717, 0.4, 50, 100, 2, 26, 5000, 20
0, 12000, 105, 211, 185, 930696, 791576, 0.4, 50, 100, 2, 31, 5000, 20
1, 7845, 96, 122, 127, 626070, 629116, 0.4, 50, 100, 2, 15, 5000, 20
0, 12000, 96, 201, 163, 957574, 781980, 0.4, 50, 100, 2, 30, 5000, 20
0, 12000, 112, 230, 184, 926122, 779384, 0.4, 50, 100, 2, 27, 5000, 20
0, 12000, 109, 214, 207, 872044, 799489, 0.4, 50, 100, 2, 26, 5000, 20
0, 12000, 109, 213, 184, 946231, 830824, 0.4, 50, 100, 2, 29, 5000, 20
0, 12000, 101, 207, 176, 1027433, 864158, 0.4, 50, 100, 2, 27, 5000, 20
0, 12000, 99, 213, 161, 975581, 783012, 0.4, 50, 100, 2, 27, 5000, 20
0, 12000, 108, 212, 188, 898918, 744005, 0.4, 50, 100, 2, 28, 5000, 20
0, 12000, 107, 206, 182, 907280, 791745, 0.4, 50, 100, 2, 30, 5000, 20
0, 12000, 94, 197, 178, 943486, 782815, 0.4, 50, 100, 2, 28, 5000, 20
0, 12000, 114, 212, 193, 914482, 849412, 0.4, 50, 100, 2, 30, 5000, 20
0, 12000, 112, 205, 196, 916648, 820221, 0.4, 50, 100, 2, 32, 5000, 20
0, 12000, 92, 204, 184, 908583, 757490, 0.4, 50, 100, 2, 30, 5000, 20
0, 12000, 107, 219, 190, 895426, 757595, 0.4, 50, 100, 2, 31, 5000, 20
0, 12000, 99, 207, 184, 888540, 752759, 0.4, 50, 100, 2, 29, 5000, 20
0, 12000, 113, 224, 206, 874201, 742897, 0.4, 50, 100, 2, 33, 5000, 20
1, 6564, 99, 119, 117, 553981, 562148, 0.4, 50, 100, 2, 12, 5000, 20
0, 12000, 106, 203, 178, 1008368, 874454, 0.4, 50, 100, 2, 30, 5000, 20
0, 12000, 98, 210, 192, 888164, 780476, 0.4, 50, 100, 2, 27, 5000, 20
0, 12000, 103, 198, 174, 894881, 767326, 0.4, 50, 100, 2, 26, 5000, 20
0, 12000, 106, 211, 178, 968557, 832116, 0.4, 50, 100, 2, 25, 5000, 20
0, 12000, 110, 242, 198, 893299, 709335, 0.4, 50, 100, 2, 28, 5000, 20
0, 12000, 108, 220, 171, 941392, 753427, 0.4, 50, 100, 2, 29, 5000, 20
0, 12000, 113, 203, 179, 897626, 775300, 0.4, 50, 100, 2, 28, 5000, 20
0, 12000, 101, 207, 177, 936631, 815606, 0.4, 50, 100, 2, 27, 5000, 20
0, 12000, 105, 203, 177, 1022060, 827463, 0.4, 50, 100, 2, 26, 5000, 20
0, 12000, 105, 207, 167, 969467, 822482, 0.4, 50, 100, 2, 27, 5000, 20
0, 12000, 98, 218, 188, 827008, 705909, 0.4, 50, 100, 2, 29, 5000, 20
0, 12000, 107, 210, 185, 940743, 794346, 0.4, 50, 100, 2, 26, 5000, 20
0, 12000, 95, 201, 177, 907003, 810151, 0.4, 50, 100, 2, 27, 5000, 20
0, 12000, 116, 219, 204, 862940, 778770, 0.4, 50, 100, 2, 27, 5000, 20
0, 12000, 104, 214, 187, 961612, 783489, 0.4, 50, 100, 2, 26, 5000, 20
0, 12000, 85, 189, 192, 844286, 751929, 0.4, 50, 100, 2, 25, 5000, 20
0, 12000, 90, 184, 151, 992893, 830979, 0.4, 50, 100, 2, 26, 5000, 20
0, 12000, 105, 195, 183, 964021, 833078, 0.4, 50, 100, 2, 27, 5000, 20
0, 12000, 117, 222, 192, 917200, 741987, 0.4, 50, 100, 2, 24, 5000, 20
0, 12000, 108, 215, 184, 945951, 779515, 0.4, 50, 100, 2, 28, 5000, 20
1, 6557, 101, 121, 123, 499202, 514506, 0.4, 50, 100, 2, 11, 5000, 20
0, 12000, 100, 206, 186, 935405, 792330, 0.4, 50, 100, 2, 26, 5000, 20
0, 12000, 109, 226, 204, 900261, 749442, 0.4, 50, 100, 2, 26, 5000, 20
0, 12000, 118, 208, 201, 901773, 765279, 0.4, 50, 100, 2, 25, 5000, 20
0, 12000, 106, 209, 185, 953195, 817003, 0.4, 50, 100, 2, 28, 5000, 20
0, 12000, 111, 219, 195, 927077, 767528, 0.4, 50, 100, 2, 27, 5000, 20
0, 12000, 111, 227, 199, 830566, 719164, 0.4, 50, 100, 2, 27, 5000, 20
0, 12000, 102, 211, 182, 881576, 768800, 0.4, 50, 100, 2, 25, 5000, 20
0, 12000, 112, 205, 191, 1020087, 858473, 0.4, 50, 100, 2, 27, 5000, 20
0, 12000, 94, 205, 185, 909600, 815305, 0.4, 50, 100, 2, 27, 5000, 20
0, 12000, 103, 197, 187, 907798, 798432, 0.4, 50, 100, 2, 26, 5000, 20
0, 12000, 110, 228, 203, 936378, 801164, 0.4, 50, 100, 2, 25, 5000, 20
0, 12000, 95, 232, 195, 868993, 667804, 0.4, 50, 100, 2, 27, 5000, 20
0, 12000, 113, 233, 212, 890483, 755296, 0.4, 50, 100, 2, 27, 5000, 20
0, 12000, 101, 227, 193, 866294, 746856, 0.4, 50, 100, 2, 26, 5000, 20
0, 12000, 124, 229, 197, 831681, 732957, 0.4, 50, 100, 2, 26, 5000, 20
0, 12000, 100, 225, 196, 886841, 758075, 0.4, 50, 100, 2, 25, 5000, 20
0, 12000, 109, 205, 179, 921988, 778981, 0.4, 50, 100, 2, 26, 5000, 20
0, 12000, 111, 224, 186, 956047, 823169, 0.4, 50, 100, 2, 24, 5000, 20
0, 12000, 88, 204, 176, 858516, 762575, 0.4, 50, 100, 2, 24, 5000, 20
0, 12000, 116, 229, 202, 876159, 728242, 0.4, 50, 100, 2, 26, 5000, 20
0, 12000, 93, 205, 172, 910402, 737726, 0.4, 50, 100, 2, 28, 5000, 20
0, 12000, 96, 201, 182, 875321, 731802, 0.4, 50, 100, 2, 26, 5000, 20
0, 12000, 98, 212, 177, 855443, 724012, 0.4, 50, 100, 2, 27, 5000, 20
0, 12000, 92, 202, 181, 855466, 739765, 0.4, 50, 100, 2, 27, 5000, 20
0, 12000, 112, 221, 203, 1002803, 878253, 0.4, 50, 100, 2, 24, 5000, 20
0, 12000, 94, 197, 164, 908697, 775268, 0.4, 50, 100, 2, 24, 5000, 20
0, 12000, 109, 225, 192, 942321, 762207, 0.4, 50, 100, 2, 25, 5000, 20
0, 12000, 117, 210, 186, 966140, 863193, 0.4, 50, 100, 2, 27, 5000, 20
0, 12000, 97, 202, 161, 877666, 741669, 0.4, 50, 100, 2, 26, 5000, 20
0, 12000, 99, 211, 179, 902696, 732383, 0.4, 50, 100, 2, 27, 5000, 20
0, 12000, 111, 232, 197, 974648, 808378, 0.4, 50, 100, 2, 24, 5000, 20
0, 12000, 106, 204, 186, 932840, 774371, 0.4, 50, 100, 2, 27, 5000, 20
0, 12000, 103, 228, 185, 907699, 718335, 0.4, 50, 100, 2, 26, 5000, 20
0, 12000, 100, 201, 180, 853677, 747557, 0.4, 50, 100, 2, 25, 5000, 20
0, 12000, 104, 216, 191, 925569, 785033, 0.4, 50, 100, 2, 25, 5000, 20
0, 12000, 100, 216, 189, 866660, 732907, 0.4, 50, 100, 2, 28, 5000, 20
0, 12000, 104, 199, 163, 943977, 769272, 0.4, 50, 100, 2, 27, 5000, 20
0, 12000, 102, 206, 175, 923550, 768816, 0.4, 50, 100, 2, 26, 5000, 20
0, 12000, 108, 219, 193, 969046, 816531, 0.4, 50, 100, 2, 25, 5000, 20
0, 12000, 101, 222, 184, 938167, 716372, 0.4, 50, 100, 2, 30, 5000, 20
0, 12000, 122, 218, 215, 902808, 763490, 0.4, 50, 100, 2, 26, 5000, 20
0, 12000, 105, 222, 191, 891054, 684796, 0.4, 50, 100, 2, 28, 5000, 20
0, 12000, 112, 211, 181, 913559, 756037, 0.4, 50, 100, 2, 30, 5000, 20
0, 12000, 104, 212, 190, 938257, 831815, 0.4, 50, 100, 2, 30, 5000, 20
0, 12000, 101, 210, 189, 862210, 743813, 0.4, 50, 100, 2, 26, 5000, 20
0, 12000, 96, 221, 205, 902940, 725997, 0.4, 50, 100, 2, 29, 5000, 20
0, 12000, 122, 216, 190, 920096, 796796, 0.4, 50, 100, 2, 27, 5000, 20
0, 12000, 100, 200, 172, 964929, 809698, 0.4, 50, 100, 2, 28, 5000, 20
0, 12000, 108, 219, 182, 870661, 724739, 0.4, 50, 100, 2, 26, 5000, 20
0, 12000, 114, 219, 195, 880856, 729194, 0.4, 50, 100, 2, 32, 5000, 20
0, 12000, 105, 218, 190, 902918, 741204, 0.4, 50, 100, 2, 28, 5000, 20
0, 12000, 99, 216, 187, 840229, 693856, 0.4, 50, 100, 2, 31, 5000, 20
0, 12000, 100, 216, 188, 1490899, 1184666, 0.4, 50, 100, 3, 37, 5000, 20
0, 12000, 100, 209, 182, 1341433, 1202421, 0.4, 50, 100, 3, 36, 5000, 20
0, 12000, 94, 196, 168, 1411770, 1177654, 0.4, 50, 100, 3, 44, 5000, 20
0, 12000, 99, 182, 162, 1413424, 1234146, 0.4, 50, 100, 3, 38, 5000, 20
0, 12000, 97, 207, 185, 1383247, 1258630, 0.4, 50, 100, 3, 34, 5000, 20
0, 12000, 96, 212, 188, 1337913, 1107381, 0.4, 50, 100, 3, 42, 5000, 20
0, 12000, 115, 226, 199, 1358659, 1118437, 0.4, 50, 100, 3, 38, 5000, 20
0, 12000, 113, 218, 193, 1360865, 1085949, 0.4, 50, 100, 3, 40, 5000, 20
0, 12000, 103, 220, 189, 1341842, 1178230, 0.4, 50, 100, 3, 40, 5000, 20
0, 12000, 107, 216, 182, 1342034, 1200626, 0.4, 50, 100, 3, 43, 5000, 20
0, 12000, 85, 205, 169, 1364599, 1153300, 0.4, 50, 100, 3, 47, 5000, 20
0, 12000, 100, 228, 198, 1365232, 1160722, 0.4, 50, 100, 3, 40, 5000, 20
0, 12000, 92, 189, 167, 1423929, 1205768, 0.4, 50, 100, 3, 44, 5000, 20
0, 12000, 119, 229, 200, 1372472, 1161618, 0.4, 50, 100, 3, 45, 5000, 20
0, 12000, 97, 207, 192, 1390028, 1185080, 0.4, 50, 100, 3, 39, 5000, 20
0, 12000, 93, 202, 174, 1452248, 1173044, 0.4, 50, 100, 3, 37, 5000, 20
0, 12000, 96, 221, 177, 1415498, 1209406, 0.4, 50, 100, 3, 44, 5000, 20
0, 12000, 106, 211, 177, 1329603, 1136967, 0.4, 50, 100, 3, 44, 5000, 20
0, 12000, 89, 179, 137, 1443878, 1180304, 0.4, 50, 100, 3, 40, 5000, 20
0, 12000, 98, 212, 193, 1386861, 1148162, 0.4, 50, 100, 3, 39, 5000, 20
0, 12000, 99, 215, 190, 1351030, 1137487, 0.4, 50, 100, 3, 47, 5000, 20
0, 12000, 105, 204, 177, 1318064, 1125647, 0.4, 50, 100, 3, 40, 5000, 20
0, 12000, 116, 231, 201, 1342147, 1116863, 0.4, 50, 100, 3, 40, 5000, 20
0, 12000, 105, 205, 182, 1292184, 1098767, 0.4, 50, 100, 3, 38, 5000, 20
0, 12000, 123, 232, 209, 1360198, 1170683, 0.4, 50, 100, 3, 41, 5000, 20
1, 6951, 105, 128, 126, 909549, 924874, 0.4, 50, 100, 3, 18, 5000, 20
0, 12000, 103, 218, 181, 1364641, 1113061, 0.4, 50, 100, 3, 41, 5000, 20
0, 12000, 101, 221, 202, 1342316, 1144767, 0.4, 50, 100, 3, 41, 5000, 20
0, 12000, 93, 206, 172, 1339257, 1122551, 0.4, 50, 100, 3, 44, 5000, 20
0, 12000, 112, 220, 196, 1269567, 1041360, 0.4, 50, 100, 3, 39, 5000, 20
0, 12000, 107, 216, 187, 1331754, 1121870, 0.4, 50, 100, 3, 40, 5000, 20
0, 12000, 104, 214, 193, 1451345, 1266839, 0.4, 50, 100, 3, 38, 5000, 20
0, 12000, 110, 209, 186, 1385636, 1208592, 0.4, 50, 100, 3, 34, 5000, 20
0, 12000, 114, 203, 182, 1332461, 1162279, 0.4, 50, 100, 3, 40, 5000, 20
0, 12000, 88, 210, 165, 1394656, 1151063, 0.4, 50, 100, 3, 35, 5000, 20
0, 12000, 102, 209, 176, 1351453, 1166493, 0.4, 50, 100, 3, 34, 5000, 20
1, 7087, 87, 107, 112, 833623, 840944, 0.4, 50, 100, 3, 22, 5000, 20
0, 12000, 105, 212, 190, 1445445, 1208367, 0.4, 50, 100, 3, 39, 5000, 20
0, 12000, 108, 220, 202, 1221998, 1012454, 0.4, 50, 100, 3, 38, 5000, 20
0, 12000, 94, 204, 163, 1358457, 1207802, 0.4, 50, 100, 3, 37, 5000, 20
0, 12000, 83, 195, 169, 1406509, 1129202, 0.4, 50, 100, 3, 40, 5000, 20
0, 12000, 97, 194, 167, 1356063, 1207274, 0.4, 50, 100, 3, 40, 5000, 20
0, 12000, 102, 207, 197, 1343413, 1195031, 0.4, 50, 100, 3, 39, 5000, 20
0, 12000, 109, 211, 194, 1439140, 1230793, 0.4, 50, 100, 3, 39, 5000, 20
0, 12000, 99, 217, 180, 1398224, 1111420, 0.4, 50, 100, 3, 35, 5000, 20
0, 12000, 118, 232, 204, 1352577, 1088144, 0.4, 50, 100, 3, 41, 5000, 20
0, 12000, 114, 211, 211, 1278385, 1148375, 0.4, 50, 100, 3, 40, 5000, 20
0, 12000, 96, 205, 171, 1421283, 1201516, 0.4, 50, 100, 3, 38, 5000, 20
0, 12000, 106, 217, 193, 1327344, 1156985, 0.4, 50, 100, 3, 37, 5000, 20
0, 12000, 113, 207, 200, 1355691, 1162772, 0.4, 50, 100, 3, 38, 5000, 20
0, 12000, 117, 212, 179, 1407459, 1186030, 0.4, 50, 100, 3, 38, 5000, 20
0, 12000, 102, 224, 197, 1324006, 1108735, 0.4, 50, 100, 3, 37, 5000, 20
0, 12000, 107, 225, 192, 1331485, 1169130, 0.4, 50, 100, 3, 40, 5000, 20
0, 12000, 89, 185, 157, 1367412, 1144907, 0.4, 50, 100, 3, 37, 5000, 20
0, 12000, 108, 224, 203, 1291136, 1115618, 0.4, 50, 100, 3, 41, 5000, 20
0, 12000, 117, 222, 192, 1424161, 1202398, 0.4, 50, 100, 3, 36, 5000, 20
0, 12000, 102, 214, 193, 1262251, 1085155, 0.4, 50, 100, 3, 41, 5000, 20
0, 12000, 99, 216, 198, 1352498, 1173205, 0.4, 50, 100, 3, 37, 5000, 20
0, 12000, 108, 230, 206, 1327852, 1097441, 0.4, 50, 100, 3, 38, 5000, 20
0, 12000, 106, 210, 182, 1358452, 1133592, 0.4, 50, 100, 3, 41, 5000, 20
0, 12000, 109, 229, 194, 1396241, 1242711, 0.4, 50, 100, 3, 37, 5000, 20
0, 12000, 103, 221, 180, 1292511, 990993, 0.4, 50, 100, 3, 41, 5000, 20
0, 12000, 112, 219, 180, 1407866, 1158746, 0.4, 50, 100, 3, 38, 5000, 20
0, 12000, 110, 233, 214, 1287322, 1071738, 0.4, 50, 100, 3, 44, 5000, 20
0, 12000, 106, 220, 189, 1318112, 1146641, 0.4, 50, 100, 3, 38, 5000, 20
0, 12000, 123, 235, 204, 1267479, 1070420, 0.4, 50, 100, 3, 46, 5000, 20
0, 12000, 109, 226, 198, 1336181, 1133934, 0.4, 50, 100, 3, 44, 5000, 20
0, 12000, 89, 203, 178, 1367790, 1108544, 0.4, 50, 100, 3, 42, 5000, 20
0, 12000, 103, 222, 184, 1314897, 1067740, 0.4, 50, 100, 3, 44, 5000, 20
0, 12000, 91, 203, 176, 1360170, 1127177, 0.4, 50, 100, 3, 38, 5000, 20
0, 12000, 99, 224, 186, 1351640, 1108795, 0.4, 50, 100, 3, 51, 5000, 20
0, 12000, 107, 205, 175, 1382350, 1154314, 0.4, 50, 100, 3, 40, 5000, 20
0, 12000, 115, 237, 202, 1371468, 1190886, 0.4, 50, 100, 3, 35, 5000, 20
0, 12000, 84, 197, 169, 1409934, 1181887, 0.4, 50, 100, 3, 33, 5000, 20
0, 12000, 108, 207, 188, 1246849, 1058587, 0.4, 50, 100, 3, 46, 5000, 20
0, 12000, 100, 218, 166, 1458974, 1163955, 0.4, 50, 100, 3, 41, 5000, 20
0, 12000, 98, 206, 179, 1432753, 1215059, 0.4, 50, 100, 3, 43, 5000, 20
0, 12000, 107, 228, 210, 1250420, 1122007, 0.4, 50, 100, 3, 41, 5000, 20
0, 12000, 110, 227, 194, 1383498, 1115497, 0.4, 50, 100, 3, 46, 5000, 20
0, 12000, 103, 216, 183, 1336993, 1124409, 0.4, 50, 100, 3, 44, 5000, 20
0, 12000, 105, 226, 197, 1304083, 1105407, 0.4, 50, 100, 3, 38, 5000, 20
0, 12000, 109, 224, 204, 1292815, 1176313, 0.4, 50, 100, 3, 37, 5000, 20
0, 12000, 112, 207, 198, 1475912, 1227187, 0.4, 50, 100, 3, 39, 5000, 20
0, 12000, 114, 226, 181, 1354286, 1127805, 0.4, 50, 100, 3, 49, 5000, 20
0, 12000, 113, 230, 205, 1312884, 1127552, 0.4, 50, 100, 3, 41, 5000, 20
0, 12000, 92, 216, 179, 1366168, 1124052, 0.4, 50, 100, 3, 50, 5000, 20
0, 12000, 99, 197, 184, 1464398, 1293583, 0.4, 50, 100, 3, 39, 5000, 20
0, 12000, 104, 218, 203, 1324356, 1124410, 0.4, 50, 100, 3, 38, 5000, 20
0, 12000, 90, 210, 172, 1484259, 1169644, 0.4, 50, 100, 3, 43, 5000, 20
0, 12000, 103, 212, 187, 1410679, 1071979, 0.4, 50, 100, 3, 41, 5000, 20
0, 12000, 107, 207, 187, 1287962, 1116888, 0.4, 50, 100, 3, 40, 5000, 20
1, 6966, 105, 125, 130, 839993, 848964, 0.4, 50, 100, 3, 21, 5000, 20
0, 12000, 97, 213, 170, 1366854, 1137381, 0.4, 50, 100, 3, 40, 5000, 20
0, 12000, 106, 217, 198, 1433084, 1163349, 0.4, 50, 100, 3, 36, 5000, 20
0, 12000, 86, 198, 170, 1389456, 1214030, 0.4, 50, 100, 3, 43, 5000, 20
0, 12000, 95, 207, 171, 1345530, 1239752, 0.4, 50, 100, 3, 37, 5000, 20
0, 12000, 115, 225, 181, 1462852, 1160256, 0.4, 50, 100, 3, 39, 5000, 20
0, 12000, 106, 235, 220, 1291127, 1104408, 0.4, 50, 100, 3, 41, 5000, 20
0, 12000, 122, 221, 197, 1391612, 1197336, 0.4, 50, 100, 3, 48, 5000, 20
0, 12000, 113, 220, 199, 1303687, 1113545, 0.4, 50, 100, 3, 42, 5000, 20
0, 12000, 95, 195, 179, 1896216, 1673833, 0.4, 50, 100, 4, 49, 5000, 20
0, 12000, 100, 191, 178, 1814976, 1546356, 0.4, 50, 100, 4, 53, 5000, 20
0, 12000, 98, 199, 192, 1697080, 1495971, 0.4, 50, 100, 4, 52, 5000, 20
0, 12000, 113, 201, 184, 1811285, 1588511, 0.4, 50, 100, 4, 55, 5000, 20
0, 12000, 108, 214, 205, 1815990, 1620111, 0.4, 50, 100, 4, 50, 5000, 20
0, 12000, 103, 225, 202, 1803036, 1504842, 0.4, 50, 100, 4, 55, 5000, 20
0, 12000, 109, 226, 192, 1818046, 1527083, 0.4, 50, 100, 4, 67, 5000, 20
0, 12000, 101, 212, 183, 1732485, 1528132, 0.4, 50, 100, 4, 55, 5000, 20
0, 12000, 88, 208, 191, 1940940, 1618358, 0.4, 50, 100, 4, 59, 5000, 20
0, 12000, 109, 231, 199, 1792130, 1458927, 0.4, 50, 100, 4, 61, 5000, 20
0, 12000, 111, 220, 183, 2009741, 1558718, 0.4, 50, 100, 4, 59, 5000, 20
0, 12000, 99, 214, 168, 1894221, 1574805, 0.4, 50, 100, 4, 56, 5000, 20
0, 12000, 87, 182, 150, 1913355, 1577353, 0.4, 50, 100, 4, 57, 5000, 20
0, 12000, 98, 214, 171, 1869398, 1589394, 0.4, 50, 100, 4, 59, 5000, 20
0, 12000, 94, 211, 179, 1850803, 1481847, 0.4, 50, 100, 4, 53, 5000, 20
0, 12000, 109, 220, 201, 1822750, 1658504, 0.4, 50, 100, 4, 50, 5000, 20
0, 12000, 98, 228, 184, 1823626, 1423783, 0.4, 50, 100, 4, 51, 5000, 20
0, 12000, 89, 196, 164, 1896117, 1565637, 0.4, 50, 100, 4, 54, 5000, 20
0, 12000, 104, 213, 191, 1728698, 1446854, 0.4, 50, 100, 4, 74, 5000, 20
0, 12000, 100, 215, 187, 1770565, 1511351, 0.4, 50, 100, 4, 53, 5000, 20
0, 12000, 90, 197, 183, 1864921, 1541068, 0.4, 50, 100, 4, 57, 5000, 20
0, 12000, 110, 224, 183, 1817486, 1560022, 0.4, 50, 100, 4, 59, 5000, 20
0, 12000, 114, 220, 195, 1912239, 1585834, 0.4, 50, 100, 4, 50, 5000, 20
0, 12000, 85, 215, 184, 1800050, 1515616, 0.4, 50, 100, 4, 57, 5000, 20
1, 6822, 107, 129, 125, 1201660, 1207752, 0.4, 50, 100, 4, 24, 5000, 20
0, 12000, 103, 216, 189, 1808321, 1559569, 0.4, 50, 100, 4, 58, 5000, 20
0, 12000, 97, 204, 177, 1856541, 1530090, 0.4, 50, 100, 4, 60, 5000, 20
0, 12000, 104, 211, 184, 1788510, 1526573, 0.4, 50, 100, 4, 56, 5000, 20
0, 12000, 99, 207, 173, 1905511, 1536243, 0.4, 50, 100, 4, 50, 5000, 20
0, 12000, 128, 237, 205, 1881017, 1574415, 0.4, 50, 100, 4, 54, 5000, 20
0, 12000, 103, 215, 191, 1824044, 1516183, 0.4, 50, 100, 4, 65, 5000, 20
0, 12000, 109, 240, 194, 1735304, 1452480, 0.4, 50, 100, 4, 62, 5000, 20
0, 12000, 103, 210, 185, 1819082, 1563690, 0.4, 50, 100, 4, 62, 5000, 20
0, 12000, 106, 206, 177, 1839381, 1568503, 0.4, 50, 100, 4, 52, 5000, 20
0, 12000, 120, 223, 190, 1832607, 1579223, 0.4, 50, 100, 4, 59, 5000, 20
0, 12000, 116, 206, 193, 1867861, 1636704, 0.4, 50, 100, 4, 61, 5000, 20
0, 12000, 101, 212, 178, 1767600, 1498278, 0.4, 50, 100, 4, 55, 5000, 20
0, 12000, 114, 225, 199, 1807908, 1552513, 0.4, 50, 100, 4, 60, 5000, 20
0, 12000, 88, 199, 168, 1848300, 1576682, 0.4, 50, 100, 4, 53, 5000, 20
0, 12000, 114, 222, 190, 1864907, 1604315, 0.4, 50, 100, 4, 53, 5000, 20
0, 12000, 95, 203, 168, 1844392, 1652296, 0.4, 50, 100, 4, 56, 5000, 20
0, 12000, 104, 211, 188, 1884336, 1580765, 0.4, 50, 100, 4, 52, 5000, 20
1, 7021, 114, 136, 132, 1208797, 1212438, 0.4, 50, 100, 4, 27, 5000, 20
0, 12000, 98, 200, 198, 1819528, 1582680, 0.4, 50, 100, 4, 56, 5000, 20
0, 12000, 112, 226, 180, 1707990, 1454743, 0.4, 50, 100, 4, 51, 5000, 20
0, 12000, 106, 221, 172, 1880629, 1540412, 0.4, 50, 100, 4, 66, 5000, 20
0, 12000, 95, 214, 169, 1832051, 1517199, 0.4, 50, 100, 4, 58, 5000, 20
0, 12000, 114, 207, 194, 1874098, 1633011, 0.4, 50, 100, 4, 60, 5000, 20
0, 12000, 89, 205, 177, 1845383, 1569872, 0.4, 50, 100, 4, 56, 5000, 20
0, 12000, 116, 217, 198, 1768054, 1539451, 0.4, 50, 100, 4, 55, 5000, 20
0, 12000, 113, 220, 193, 1788683, 1561649, 0.4, 50, 100, 4, 51, 5000, 20
0, 12000, 112, 209, 192, 1845354, 1629193, 0.4, 50, 100, 4, 55, 5000, 20
0, 12000, 111, 220, 191, 1776650, 1432134, 0.4, 50, 100, 4, 59, 5000, 20
0, 12000, 93, 206, 178, 1941244, 1598445, 0.4, 50, 100, 4, 53, 5000, 20
0, 12000, 108, 203, 197, 1790856, 1556248, 0.4, 50, 100, 4, 53, 5000, 20
0, 12000, 83, 198, 181, 1804695, 1519051, 0.4, 50, 100, 4, 52, 5000, 20
0, 12000, 108, 223, 184, 1655267, 1465449, 0.4, 50, 100, 4, 51, 5000, 20
0, 12000, 93, 209, 170, 1849958, 1523582, 0.4, 50, 100, 4, 55, 5000, 20
0, 12000, 116, 210, 192, 1958831, 1526555, 0.4, 50, 100, 4, 55, 5000, 20
0, 12000, 98, 222, 195, 1789638, 1479296, 0.4, 50, 100, 4, 57, 5000, 20
0, 12000, 93, 200, 173, 1810600, 1529247, 0.4, 50, 100, 4, 51, 5000, 20
0, 12000, 94, 204, 176, 1827735, 1474012, 0.4, 50, 100, 4, 53, 5000, 20
0, 12000, 108, 210, 198, 1888208, 1618880, 0.4, 50, 100, 4, 55, 5000, 20
0, 12000, 104, 195, 168, 1831915, 1567364, 0.4, 50, 100, 4, 53, 5000, 20
0, 12000, 83, 182, 163, 1848712, 1668962, 0.4, 50, 100, 4, 58, 5000, 20
0, 12000, 101, 224, 179, 1730802, 1512215, 0.4, 50, 100, 4, 57, 5000, 20
0, 12000, 116, 217, 199, 1811130, 1529515, 0.4, 50, 100, 4, 53, 5000, 20
0, 12000, 105, 216, 189, 1775424, 1496108, 0.4, 50, 100, 4, 55, 5000, 20
0, 12000, 108, 207, 196, 1733632, 1485434, 0.4, 50, 100, 4, 51, 5000, 20
0, 12000, 106, 219, 201, 1683592, 1518889, 0.4, 50, 100, 4, 56, 5000, 20
0, 12000, 106, 199, 168, 1861464, 1510119, 0.4, 50, 100, 4, 52, 5000, 20
0, 12000, 107, 215, 186, 1994295, 1562518, 0.4, 50, 100, 4, 60, 5000, 20
0, 12000, 92, 188, 176, 1775926, 1507655, 0.4, 50, 100, 4, 55, 5000, 20
0, 12000, 109, 198, 191, 1820184, 1558868, 0.4, 50, 100, 4, 54, 5000, 20
0, 12000, 101, 209, 197, 1851522, 1557982, 0.4, 50, 100, 4, 50, 5000, 20
0, 12000, 116, 218, 191, 1841559, 1530986, 0.4, 50, 100, 4, 66, 5000, 20
0, 12000, 109, 212, 190, 1870456, 1621155, 0.4, 50, 100, 4, 58, 5000, 20
0, 12000, 103, 234, 186, 1874730, 1527983, 0.4, 50, 100, 4, 54, 5000, 20
0, 12000, 96, 218, 182, 1821514, 1555258, 0.4, 50, 100, 4, 60, 5000, 20
0, 12000, 96, 220, 180, 1933187, 1635376, 0.4, 50, 100, 4, 52, 5000, 20
0, 12000, 103, 218, 208, 1804752, 1595693, 0.4, 50, 100, 4, 63, 5000, 20
0, 12000, 102, 216, 197, 1767244, 1506399, 0.4, 50, 100, 4, 55, 5000, 20
0, 12000, 94, 216, 182, 1788078, 1506313, 0.4, 50, 100, 4, 58, 5000, 20
0, 12000, 109, 220, 199, 1810089, 1472399, 0.4, 50, 100, 4, 61, 5000, 20
0, 12000, 107, 246, 190, 1801751, 1461374, 0.4, 50, 100, 4, 57, 5000, 20
0, 12000, 95, 210, 191, 1810495, 1473604, 0.4, 50, 100, 4, 49, 5000, 20
0, 12000, 107, 213, 178, 1852526, 1499253, 0.4, 50, 100, 4, 57, 5000, 20
0, 12000, 100, 209, 196, 1657984, 1496518, 0.4, 50, 100, 4, 63, 5000, 20
0, 12000, 103, 209, 185, 1814063, 1520981, 0.4, 50, 100, 4, 57, 5000, 20
0, 12000, 95, 207, 179, 1830083, 1581294, 0.4, 50, 100, 4, 54, 5000, 20
0, 12000, 99, 221, 189, 1780517, 1454635, 0.4, 50, 100, 4, 52, 5000, 20
0, 12000, 106, 222, 193, 1693608, 1447171, 0.4, 50, 100, 4, 54, 5000, 20
0, 12000, 92, 215, 190, 1911857, 1647668, 0.4, 50, 100, 4, 63, 5000, 20
0, 12000, 101, 224, 198, 1830144, 1510072, 0.4, 50, 100, 4, 54, 5000, 20
0, 12000, 96, 230, 203, 1769343, 1526769, 0.4, 50, 100, 4, 58, 5000, 20
0, 12000, 107, 232, 198, 1805622, 1605336, 0.4, 50, 100, 4, 50, 5000, 20
0, 12000, 117, 230, 194, 1843550, 1511087, 0.4, 50, 100, 4, 59, 5000, 20
0, 12000, 107, 223, 189, 1850706, 1578066, 0.4, 50, 100, 4, 53, 5000, 20
0, 12000, 80, 178, 165, 1774472, 1552503, 0.4, 50, 100, 4, 52, 5000, 20
0, 12000, 107, 208, 189, 1780858, 1562461, 0.4, 50, 100, 4, 52, 5000, 20
0, 12000, 102, 223, 186, 2240064, 1856101, 0.4, 50, 100, 5, 65, 5000, 20
0, 12000, 91, 203, 166, 2264858, 1959161, 0.4, 50, 100, 5, 68, 5000, 20
0, 12000, 98, 211, 197, 2146970, 1884733, 0.4, 50, 100, 5, 69, 5000, 20
0, 12000, 92, 212, 184, 2336172, 1979180, 0.4, 50, 100, 5, 76, 5000, 20
0, 12000, 108, 221, 167, 2240493, 1793058, 0.4, 50, 100, 5, 84, 5000, 20
0, 12000, 101, 221, 191, 2318741, 1952357, 0.4, 50, 100, 5, 68, 5000, 20
0, 12000, 92, 210, 188, 2186239, 1827248, 0.4, 50, 100, 5, 76, 5000, 20
0, 12000, 106, 218, 187, 2326824, 2004875, 0.4, 50, 100, 5, 68, 5000, 20
0, 12000, 106, 231, 190, 2197760, 1940537, 0.4, 50, 100, 5, 67, 5000, 20
0, 12000, 102, 217, 183, 2326489, 1995491, 0.4, 50, 100, 5, 80, 5000, 20
0, 12000, 99, 217, 171, 2272944, 1975214, 0.4, 50, 100, 5, 70, 5000, 20
0, 12000, 98, 220, 185, 2333127, 2101182, 0.4, 50, 100, 5, 72, 5000, 20
0, 12000, 107, 216, 198, 2189338, 1900606, 0.4, 50, 100, 5, 70, 5000, 20
0, 12000, 103, 216, 182, 2252437, 1862476, 0.4, 50, 100, 5, 85, 5000, 20
0, 12000, 106, 228, 195, 2252818, 1850212, 0.4, 50, 100, 5, 68, 5000, 20
0, 12000, 101, 212, 205, 2142148, 1851101, 0.4, 50, 100, 5, 67, 5000, 20
0, 12000, 100, 222, 194, 2303405, 1911072, 0.4, 50, 100, 5, 68, 5000, 20
0, 12000, 98, 208, 184, 2273039, 1900789, 0.4, 50, 100, 5, 76, 5000, 20
0, 12000, 95, 233, 194, 2144485, 1731420, 0.4, 50, 100, 5, 64, 5000, 20
0, 12000, 102, 222, 160, 2259521, 1851500, 0.4, 50, 100, 5, 65, 5000, 20
0, 12000, 111, 221, 187, 2139365, 1911996, 0.4, 50, 100, 5, 68, 5000, 20
0, 12000, 108, 223, 174, 2443511, 1995514, 0.4, 50, 100, 5, 82, 5000, 20
0, 12000, 109, 219, 212, 2246616, 2050096, 0.4, 50, 100, 5, 118, 5000, 20
0, 12000, 103, 221, 195, 2135273, 1808034, 0.4, 50, 100, 5, 107, 5000, 20
0, 12000, 110, 221, 191, 2161615, 1829435, 0.4, 50, 100, 5, 95, 5000, 20
0, 12000, 115, 221, 193, 2205328, 1986048, 0.4, 50, 100, 5, 78, 5000, 20
0, 12000, 103, 210, 187, 2191918, 1848802, 0.4, 50, 100, 5, 89, 5000, 20
0, 12000, 100, 222, 198, 2286286, 1871615, 0.4, 50, 100, 5, 85, 5000, 20
0, 12000, 99, 205, 187, 2190295, 1858540, 0.4, 50, 100, 5, 75, 5000, 20
0, 12000, 93, 214, 177, 2256918, 1905333, 0.4, 50, 100, 5, 67, 5000, 20
0, 12000, 119, 240, 195, 2285589, 1900703, 0.4, 50, 100, 5, 78, 5000, 20
0, 12000, 95, 190, 176, 2324920, 1983293, 0.4, 50, 100, 5, 70, 5000, 20
0, 12000, 106, 217, 197, 2249471, 1957723, 0.4, 50, 100, 5, 64, 5000, 20
1, 6064, 101, 121, 113, 1414954, 1418556, 0.4, 50, 100, 5, 24, 5000, 20
0, 12000, 108, 221, 183, 2430577, 2049630, 0.4, 50, 100, 5, 66, 5000, 20
0, 12000, 102, 207, 173, 2436563, 2002712, 0.4, 50, 100, 5, 72, 5000, 20
0, 12000, 105, 222, 192, 2218618, 1870881, 0.4, 50, 100, 5, 72, 5000, 20
0, 12000, 93, 207, 182, 2291139, 1986794, 0.4, 50, 100, 5, 81, 5000, 20
0, 12000, 87, 205, 184, 2306100, 1906350, 0.4, 50, 100, 5, 75, 5000, 20
0, 12000, 98, 198, 190, 2339782, 2059750, 0.4, 50, 100, 5, 68, 5000, 20
0, 12000, 104, 192, 162, 2276213, 1981928, 0.4, 50, 100, 5, 72, 5000, 20
0, 12000, 96, 206, 185, 2219519, 1852885, 0.4, 50, 100, 5, 65, 5000, 20
0, 12000, 85, 203, 178, 2169633, 1864241, 0.4, 50, 100, 5, 81, 5000, 20
0, 12000, 113, 228, 195, 2335456, 2042765, 0.4, 50, 100, 5, 70, 5000, 20
0, 12000, 103, 218, 186, 2159577, 1872816, 0.4, 50, 100, 5, 74, 5000, 20
0, 12000, 95, 210, 163, 2210330, 1831428, 0.4, 50, 100, 5, 74, 5000, 20
0, 12000, 89, 195, 189, 2199520, 1872742, 0.4, 50, 100, 5, 64, 5000, 20
0, 12000, 101, 215, 190, 2196342, 1890622, 0.4, 50, 100, 5, 70, 5000, 20
0, 12000, 115, 236, 194, 2210411, 1868282, 0.4, 50, 100, 5, 67, 5000, 20
0, 12000, 96, 214, 199, 2191829, 1805064, 0.4, 50, 100, 5, 76, 5000, 20
0, 12000, 89, 211, 183, 2172964, 1889314, 0.4, 50, 100, 5, 66, 5000, 20
0, 12000, 109, 223, 186, 2333101, 2027390, 0.4, 50, 100, 5, 68, 5000, 20
0, 12000, 110, 239, 192, 2383231, 2005941, 0.4, 50, 100, 5, 67, 5000, 20
0, 12000, 81, 193, 164, 2346550, 2074772, 0.4, 50, 100, 5, 66, 5000, 20
0, 12000, 79, 196, 164, 2248136, 1933305, 0.4, 50, 100, 5, 84, 5000, 20
0, 12000, 107, 224, 188, 2131778, 1794264, 0.4, 50, 100, 5, 71, 5000, 20
0, 12000, 101, 216, 177, 2249840, 1938915, 0.4, 50, 100, 5, 74, 5000, 20
0, 12000, 102, 229, 193, 2321774, 2010380, 0.4, 50, 100, 5, 63, 5000, 20
0, 12000, 98, 212, 182, 2549249, 2065318, 0.4, 50, 100, 5, 80, 5000, 20
0, 12000, 110, 223, 197, 2233003, 1952862, 0.4, 50, 100, 5, 77, 5000, 20
0, 12000, 105, 207, 180, 2179108, 1852676, 0.4, 50, 100, 5, 67, 5000, 20
0, 12000, 92, 195, 179, 2205813, 1893961, 0.4, 50, 100, 5, 104, 5000, 20
0, 12000, 83, 178, 153, 2381117, 2070482, 0.4, 50, 100, 5, 71, 5000, 20
0, 12000, 103, 228, 197, 2247306, 1922312, 0.4, 50, 100, 5, 72, 5000, 20
0, 12000, 107, 213, 185, 2203872, 1961697, 0.4, 50, 100, 5, 68, 5000, 20
0, 12000, 111, 215, 200, 2285468, 1895411, 0.4, 50, 100, 5, 75, 5000, 20
0, 12000, 81, 203, 180, 2350384, 2002223, 0.4, 50, 100, 5, 68, 5000, 20
0, 12000, 102, 203, 188, 2241707, 1921602, 0.4, 50, 100, 5, 64, 5000, 20
0, 12000, 100, 215, 181, 2345976, 1951196, 0.4, 50, 100, 5, 68, 5000, 20
0, 12000, 108, 217, 174, 2210051, 1887717, 0.4, 50, 100, 5, 69, 5000, 20
0, 12000, 102, 220, 176, 2379578, 1978589, 0.4, 50, 100, 5, 64, 5000, 20
0, 12000, 117, 238, 196, 2250156, 1906728, 0.4, 50, 100, 5, 62, 5000, 20
0, 12000, 108, 225, 182, 2360414, 1955463, 0.4, 50, 100, 5, 67, 5000, 20
0, 12000, 111, 220, 203, 2397739, 2069564, 0.4, 50, 100, 5, 65, 5000, 20
0, 12000, 83, 175, 173, 2239265, 1977319, 0.4, 50, 100, 5, 67, 5000, 20
0, 12000, 104, 211, 191, 2220407, 1849599, 0.4, 50, 100, 5, 70, 5000, 20
0, 12000, 93, 187, 175, 2229691, 1942745, 0.4, 50, 100, 5, 79, 5000, 20
0, 12000, 88, 201, 181, 2414534, 2078957, 0.4, 50, 100, 5, 62, 5000, 20
0, 12000, 102, 210, 189, 2150697, 1953027, 0.4, 50, 100, 5, 79, 5000, 20
0, 12000, 82, 200, 192, 2181409, 1924409, 0.4, 50, 100, 5, 78, 5000, 20
0, 12000, 105, 228, 195, 2321322, 1914322, 0.4, 50, 100, 5, 63, 5000, 20
0, 12000, 91, 215, 183, 2267176, 1867766, 0.4, 50, 100, 5, 73, 5000, 20
0, 12000, 108, 224, 197, 2349224, 1990971, 0.4, 50, 100, 5, 70, 5000, 20
0, 12000, 111, 215, 187, 2365529, 2039258, 0.4, 50, 100, 5, 75, 5000, 20
0, 12000, 84, 189, 149, 2377412, 1982859, 0.4, 50, 100, 5, 68, 5000, 20
0, 12000, 92, 221, 175, 2295700, 1846485, 0.4, 50, 100, 5, 70, 5000, 20
0, 12000, 107, 219, 194, 2332554, 1900144, 0.4, 50, 100, 5, 69, 5000, 20
0, 12000, 98, 208, 181, 2237046, 1908298, 0.4, 50, 100, 5, 79, 5000, 20
0, 12000, 97, 225, 206, 2275690, 1920014, 0.4, 50, 100, 5, 69, 5000, 20
0, 12000, 110, 221, 194, 2269862, 1977087, 0.4, 50, 100, 5, 69, 5000, 20
0, 12000, 111, 222, 201, 2231848, 1920856, 0.4, 50, 100, 5, 77, 5000, 20
0, 12000, 104, 200, 174, 2326082, 2011456, 0.4, 50, 100, 5, 74, 5000, 20
0, 12000, 106, 192, 180, 2346663, 1940799, 0.4, 50, 100, 5, 71, 5000, 20
0, 12000, 92, 185, 164, 2382421, 1987666, 0.4, 50, 100, 5, 76, 5000, 20
0, 12000, 84, 195, 155, 2112678, 1799835, 0.4, 50, 100, 5, 73, 5000, 20
0, 12000, 102, 221, 192, 2314070, 1984354, 0.4, 50, 100, 5, 69, 5000, 20
0, 12000, 87, 191, 185, 2352313, 2082991, 0.4, 50, 100, 5, 75, 5000, 20
0, 12000, 112, 218, 203, 2251151, 1963032, 0.4, 50, 100, 5, 76, 5000, 20
0, 12000, 107, 230, 183, 2240686, 1833123, 0.4, 50, 100, 5, 73, 5000, 20
0, 12000, 87, 178, 169, 2338069, 1992881, 0.4, 50, 100, 5, 76, 5000, 20
0, 12000, 98, 206, 163, 2867653, 2370615, 0.4, 50, 100, 6, 86, 5000, 20
0, 12000, 118, 222, 194, 2763884, 2205946, 0.4, 50, 100, 6, 85, 5000, 20
0, 12000, 111, 231, 199, 2692776, 2345112, 0.4, 50, 100, 6, 88, 5000, 20
0, 12000, 93, 212, 185, 2738710, 2354619, 0.4, 50, 100, 6, 88, 5000, 20
0, 12000, 105, 232, 197, 2609772, 2171060, 0.4, 50, 100, 6, 88, 5000, 20
0, 12000, 111, 208, 175, 2722577, 2371893, 0.4, 50, 100, 6, 88, 5000, 20
0, 12000, 98, 217, 192, 2755989, 2283809, 0.4, 50, 100, 6, 94, 5000, 20
0, 12000, 117, 205, 171, 2853524, 2343883, 0.4, 50, 100, 6, 98, 5000, 20
0, 12000, 102, 208, 190, 2756450, 2411087, 0.4, 50, 100, 6, 85, 5000, 20
0, 12000, 88, 210, 174, 2764541, 2287395, 0.4, 50, 100, 6, 87, 5000, 20
0, 12000, 94, 191, 173, 2679982, 2375993, 0.4, 50, 100, 6, 84, 5000, 20
0, 12000, 84, 185, 166, 2784356, 2467343, 0.4, 50, 100, 6, 86, 5000, 20
0, 12000, 103, 205, 182, 2692096, 2307053, 0.4, 50, 100, 6, 97, 5000, 20
0, 12000, 97, 208, 180, 2795766, 2322955, 0.4, 50, 100, 6, 106, 5000, 20
0, 12000, 106, 198, 180, 2700131, 2395508, 0.4, 50, 100, 6, 84, 5000, 20
0, 12000, 106, 209, 189, 2817515, 2346371, 0.4, 50, 100, 6, 96, 5000, 20
0, 12000, 90, 192, 169, 2852331, 2365801, 0.4, 50, 100, 6, 96, 5000, 20
0, 12000, 108, 229, 188, 2730953, 2316360, 0.4, 50, 100, 6, 100, 5000, 20
0, 12000, 109, 222, 189, 2608516, 2269911, 0.4, 50, 100, 6, 90, 5000, 20
0, 12000, 108, 221, 192, 2753284, 2284806, 0.4, 50, 100, 6, 95, 5000, 20
0, 12000, 106, 210, 200, 2851327, 2320056, 0.4, 50, 100, 6, 107, 5000, 20
0, 12000, 107, 222, 180, 2653985, 2320861, 0.4, 50, 100, 6, 87, 5000, 20
0, 12000, 106, 240, 212, 2689431, 2195727, 0.4, 50, 100, 6, 87, 5000, 20
0, 12000, 84, 188, 174, 2776970, 2351290, 0.4, 50, 100, 6, 92, 5000, 20
0, 12000, 98, 213, 155, 2898675, 2465854, 0.4, 50, 100, 6, 101, 5000, 20
0, 12000, 112, 223, 198, 2739628, 2324099, 0.4, 50, 100, 6, 88, 5000, 20
0, 12000, 101, 220, 197, 2681856, 2365755, 0.4, 50, 100, 6, 87, 5000, 20
0, 12000, 99, 195, 173, 2987051, 2525140, 0.4, 50, 100, 6, 89, 5000, 20
0, 12000, 96, 225, 187, 2957207, 2352697, 0.4, 50, 100, 6, 85, 5000, 20
0, 12000, 107, 228, 186, 2596239, 2150581, 0.4, 50, 100, 6, 89, 5000, 20
0, 12000, 97, 213, 185, 2667521, 2246424, 0.4, 50, 100, 6, 95, 5000, 20
0, 12000, 105, 214, 178, 2846285, 2377418, 0.4, 50, 100, 6, 92, 5000, 20
0, 12000, 101, 221, 193, 2742571, 2229215, 0.4, 50, 100, 6, 90, 5000, 20
0, 12000, 120, 218, 205, 2726944, 2391835, 0.4, 50, 100, 6, 86, 5000, 20
0, 12000, 97, 221, 191, 2571933, 2142516, 0.4, 50, 100, 6, 92, 5000, 20
0, 12000, 106, 234, 205, 2693699, 2290045, 0.4, 50, 100, 6, 87, 5000, 20
0, 12000, 98, 202, 170, 2714398, 2232448, 0.4, 50, 100, 6, 87, 5000, 20
0, 12000, 100, 211, 176, 2811637, 2389121, 0.4, 50, 100, 6, 88, 5000, 20
0, 12000, 104, 202, 183, 2571498, 2180220, 0.4, 50, 100, 6, 86, 5000, 20
0, 12000, 93, 215, 198, 2556168, 2111470, 0.4, 50, 100, 6, 102, 5000, 20
0, 12000, 106, 220, 204, 2787833, 2431891, 0.4, 50, 100, 6, 91, 5000, 20
0, 12000, 110, 216, 186, 2684136, 2227965, 0.4, 50, 100, 6, 91, 5000, 20
0, 12000, 94, 199, 171, 2964606, 2435906, 0.4, 50, 100, 6, 83, 5000, 20
0, 12000, 97, 204, 172, 2597464, 2260143, 0.4, 50, 100, 6, 99, 5000, 20
0, 12000, 109, 218, 174, 2704574, 2190964, 0.4, 50, 100, 6, 86, 5000, 20
0, 12000, 106, 211, 189, 2649502, 2305969, 0.4, 50, 100, 6, 101, 5000, 20
0, 12000, 116, 219, 182, 2792547, 2310367, 0.4, 50, 100, 6, 113, 5000, 20
0, 12000, 107, 208, 190, 2945220, 2490698, 0.4, 50, 100, 6, 111, 5000, 20
0, 12000, 110, 215, 188, 2787887, 2274415, 0.4, 50, 100, 6, 101, 5000, 20
0, 12000, 82, 206, 188, 2745672, 2365982, 0.4, 50, 100, 6, 91, 5000, 20
0, 12000, 91, 208, 182, 2709487, 2287571, 0.4, 50, 100, 6, 90, 5000, 20
0, 12000, 108, 220, 193, 2869750, 2337192, 0.4, 50, 100, 6, 90, 5000, 20
0, 12000, 99, 212, 179, 2787519, 2370772, 0.4, 50, 100, 6, 95, 5000, 20
0, 12000, 108, 210, 170, 2607890, 2266535, 0.4, 50, 100, 6, 108, 5000, 20
0, 12000, 86, 203, 166, 2746472, 2297101, 0.4, 50, 100, 6, 94, 5000, 20
0, 12000, 89, 206, 170, 2687043, 2235782, 0.4, 50, 100, 6, 102, 5000, 20
0, 12000, 98, 182, 161, 2705624, 2380723, 0.4, 50, 100, 6, 115, 5000, 20
0, 12000, 101, 210, 189, 2755599, 2275445, 0.4, 50, 100, 6, 98, 5000, 20
0, 12000, 99, 216, 187, 2680825, 2448343, 0.4, 50, 100, 6, 114, 5000, 20
0, 12000, 110, 229, 198, 2766131, 2247038, 0.4, 50, 100, 6, 87, 5000, 20
0, 12000, 112, 219, 193, 2804177, 2404396, 0.4, 50, 100, 6, 86, 5000, 20
0, 12000, 105, 200, 171, 2712561, 2352435, 0.4, 50, 100, 6, 139, 5000, 20
0, 12000, 103, 223, 195, 2805387, 2434112, 0.4, 50, 100, 6, 107, 5000, 20
0, 12000, 102, 221, 195, 2701086, 2198992, 0.4, 50, 100, 6, 87, 5000, 20
0, 12000, 97, 203, 188, 2784390, 2493858, 0.4, 50, 100, 6, 108, 5000, 20
0, 12000, 91, 192, 169, 2742223, 2405520, 0.4, 50, 100, 6, 92, 5000, 20
0, 12000, 114, 205, 195, 2737259, 2433777, 0.4, 50, 100, 6, 91, 5000, 20
0, 12000, 102, 216, 185, 2775832, 2361379, 0.4, 50, 100, 6, 84, 5000, 20
0, 12000, 86, 206, 169, 2791065, 2275080, 0.4, 50, 100, 6, 113, 5000, 20
0, 12000, 94, 219, 195, 2687286, 2249281, 0.4, 50, 100, 6, 91, 5000, 20
0, 12000, 105, 211, 198, 2812178, 2484967, 0.4, 50, 100, 6, 98, 5000, 20
0, 12000, 104, 206, 179, 2622274, 2231880, 0.4, 50, 100, 6, 102, 5000, 20
0, 12000, 100, 209, 190, 2870333, 2463113, 0.4, 50, 100, 6, 112, 5000, 20
0, 12000, 98, 208, 186, 2747373, 2368491, 0.4, 50, 100, 6, 101, 5000, 20
0, 12000, 105, 217, 177, 2817015, 2327466, 0.4, 50, 100, 6, 124, 5000, 20
0, 12000, 101, 200, 172, 2757039, 2427125, 0.4, 50, 100, 6, 99, 5000, 20
0, 12000, 87, 197, 166, 2777544, 2297223, 0.4, 50, 100, 6, 101, 5000, 20
0, 12000, 103, 213, 186, 2755919, 2312511, 0.4, 50, 100, 6, 86, 5000, 20
0, 12000, 102, 218, 189, 2681111, 2190777, 0.4, 50, 100, 6, 96, 5000, 20
0, 12000, 102, 211, 193, 2702973, 2357570, 0.4, 50, 100, 6, 96, 5000, 20
0, 12000, 83, 199, 155, 2783817, 2360017, 0.4, 50, 100, 6, 88, 5000, 20
0, 12000, 111, 215, 195, 2699210, 2310975, 0.4, 50, 100, 6, 109, 5000, 20
0, 12000, 92, 198, 178, 2848070, 2438627, 0.4, 50, 100, 6, 91, 5000, 20
0, 12000, 87, 202, 177, 2804939, 2430673, 0.4, 50, 100, 6, 90, 5000, 20
0, 12000, 98, 211, 202, 2719469, 2322574, 0.4, 50, 100, 6, 107, 5000, 20
0, 12000, 99, 215, 190, 2543993, 2197224, 0.4, 50, 100, 6, 102, 5000, 20
0, 12000, 114, 223, 201, 2787118, 2389355, 0.4, 50, 100, 6, 113, 5000, 20
0, 12000, 108, 213, 180, 2824132, 2353531, 0.4, 50, 100, 6, 106, 5000, 20
0, 12000, 106, 210, 189, 2688208, 2258260, 0.4, 50, 100, 6, 121, 5000, 20
0, 12000, 105, 208, 168, 2779485, 2207019, 0.4, 50, 100, 6, 91, 5000, 20
0, 12000, 108, 214, 185, 2760756, 2329780, 0.4, 50, 100, 6, 93, 5000, 20
0, 12000, 111, 218, 190, 2839774, 2303797, 0.4, 50, 100, 6, 85, 5000, 20
0, 12000, 112, 218, 199, 2631768, 2117103, 0.4, 50, 100, 6, 85, 5000, 20
0, 12000, 106, 213, 190, 2721596, 2332101, 0.4, 50, 100, 6, 84, 5000, 20
0, 12000, 102, 228, 195, 2751872, 2317560, 0.4, 50, 100, 6, 81, 5000, 20
0, 12000, 118, 219, 193, 2645906, 2308521, 0.4, 50, 100, 6, 96, 5000, 20
0, 12000, 104, 206, 184, 2804327, 2369381, 0.4, 50, 100, 6, 87, 5000, 20
0, 12000, 106, 227, 205, 2688363, 2186816, 0.4, 50, 100, 6, 90, 5000, 20
0, 12000, 99, 196, 171, 2757321, 2334171, 0.4, 50, 100, 6, 101, 5000, 20
0, 12000, 112, 226, 188, 2720036, 2266868, 0.4, 50, 100, 6, 86, 5000, 20
0, 12000, 113, 223, 188, 3162450, 2665750, 0.4, 50, 100, 7, 111, 5000, 20
0, 12000, 104, 211, 187, 3144527, 2715211, 0.4, 50, 100, 7, 106, 5000, 20
0, 12000, 97, 211, 195, 3081549, 2688130, 0.4, 50, 100, 7, 129, 5000, 20
0, 12000, 94, 215, 190, 3193017, 2791856, 0.4, 50, 100, 7, 103, 5000, 20
0, 12000, 105, 205, 191, 3171715, 2777925, 0.4, 50, 100, 7, 105, 5000, 20
0, 12000, 95, 207, 182, 3160530, 2698289, 0.4, 50, 100, 7, 117, 5000, 20
0, 12000, 97, 218, 203, 3204974, 2711317, 0.4, 50, 100, 7, 111, 5000, 20
0, 12000, 95, 212, 191, 3122886, 2601565, 0.4, 50, 100, 7, 108, 5000, 20
0, 12000, 106, 211, 190, 3080775, 2698744, 0.4, 50, 100, 7, 129, 5000, 20
0, 12000, 105, 207, 180, 3259468, 2712777, 0.4, 50, 100, 7, 106, 5000, 20
0, 12000, 100, 204, 176, 3108453, 2708604, 0.4, 50, 100, 7, 102, 5000, 20
0, 12000, 93, 189, 174, 3120731, 2772597, 0.4, 50, 100, 7, 128, 5000, 20
0, 12000, 99, 218, 182, 3215324, 2715768, 0.4, 50, 100, 7, 105, 5000, 20
0, 12000, 89, 198, 188, 3138036, 2725564, 0.4, 50, 100, 7, 139, 5000, 20
0, 12000, 115, 217, 185, 3153880, 2442850, 0.4, 50, 100, 7, 115, 5000, 20
0, 12000, 107, 212, 168, 3216155, 2627011, 0.4, 50, 100, 7, 114, 5000, 20
0, 12000, 96, 213, 178, 3319023, 2765041, 0.4, 50, 100, 7, 118, 5000, 20
0, 12000, 91, 213, 194, 3237890, 2719490, 0.4, 50, 100, 7, 110, 5000, 20
0, 12000, 101, 211, 181, 3301458, 2737815, 0.4, 50, 100, 7, 119, 5000, 20
0, 12000, 115, 228, 188, 3356039, 2771932, 0.4, 50, 100, 7, 109, 5000, 20
0, 12000, 92, 210, 176, 3306842, 2714406, 0.4, 50, 100, 7, 125, 5000, 20
0, 12000, 88, 207, 186, 3047832, 2688110, 0.4, 50, 100, 7, 134, 5000, 20
0, 12000, 112, 223, 201, 3072730, 2695628, 0.4, 50, 100, 7, 128, 5000, 20
0, 12000, 93, 197, 171, 2975251, 2650677, 0.4, 50, 100, 7, 104, 5000, 20
0, 12000, 85, 199, 173, 3113207, 2777046, 0.4, 50, 100, 7, 127, 5000, 20
0, 12000, 96, 228, 188, 3139129, 2713186, 0.4, 50, 100, 7, 136, 5000, 20
0, 12000, 118, 219, 189, 3184804, 2682692, 0.4, 50, 100, 7, 124, 5000, 20
0, 12000, 110, 211, 184, 3168755, 2614149, 0.4, 50, 100, 7, 126, 5000, 20
0, 12000, 111, 216, 189, 3275668, 2747279, 0.4, 50, 100, 7, 115, 5000, 20
0, 12000, 91, 202, 203, 3235532, 2856129, 0.4, 50, 100, 7, 118, 5000, 20
0, 12000, 99, 211, 176, 3111733, 2548908, 0.4, 50, 100, 7, 139, 5000, 20
0, 12000, 106, 216, 193, 3292009, 2766900, 0.4, 50, 100, 7, 106, 5000, 20
0, 12000, 103, 193, 177, 3125010, 2664996, 0.4, 50, 100, 7, 102, 5000, 20
0, 12000, 87, 210, 173, 3144399, 2658825, 0.4, 50, 100, 7, 109, 5000, 20
0, 12000, 99, 214, 178, 3130623, 2615944, 0.4, 50, 100, 7, 106, 5000, 20
0, 12000, 109, 214, 187, 3169607, 2707462, 0.4, 50, 100, 7, 109, 5000, 20
0, 12000, 91, 204, 171, 3263870, 2667061, 0.4, 50, 100, 7, 104, 5000, 20
0, 12000, 99, 227, 205, 3038477, 2540397, 0.4, 50, 100, 7, 115, 5000, 20
0, 12000, 102, 211, 181, 3120172, 2548702, 0.4, 50, 100, 7, 123, 5000, 20
0, 12000, 95, 210, 186, 3132052, 2739541, 0.4, 50, 100, 7, 105, 5000, 20
0, 12000, 102, 220, 186, 3137617, 2644997, 0.4, 50, 100, 7, 105, 5000, 20
0, 12000, 101, 192, 177, 3179572, 2755014, 0.4, 50, 100, 7, 134, 5000, 20
0, 12000, 93, 211, 190, 3012514, 2756997, 0.4, 50, 100, 7, 103, 5000, 20
0, 12000, 116, 197, 177, 3148979, 2651579, 0.4, 50, 100, 7, 114, 5000, 20
0, 12000, 113, 206, 192, 3176486, 2745419, 0.4, 50, 100, 7, 122, 5000, 20
0, 12000, 92, 195, 171, 3148273, 2775731, 0.4, 50, 100, 7, 111, 5000, 20
0, 12000, 115, 224, 205, 3242701, 2725689, 0.4, 50, 100, 7, 106, 5000, 20
0, 12000, 102, 225, 183, 3182275, 2577542, 0.4, 50, 100, 7, 105, 5000, 20
0, 12000, 94, 206, 168, 3338983, 2698038, 0.4, 50, 100, 7, 126, 5000, 20
0, 12000, 99, 221, 186, 3256069, 2813519, 0.4, 50, 100, 7, 113, 5000, 20
0, 12000, 98, 196, 178, 3222594, 2758426, 0.4, 50, 100, 7, 120, 5000, 20
0, 12000, 109, 223, 171, 3127785, 2585108, 0.4, 50, 100, 7, 107, 5000, 20
0, 12000, 103, 206, 162, 3157273, 2647312, 0.4, 50, 100, 7, 114, 5000, 20
0, 12000, 100, 222, 194, 3036584, 2628519, 0.4, 50, 100, 7, 121, 5000, 20
0, 12000, 83, 198, 183, 3079886, 2664364, 0.4, 50, 100, 7, 112, 5000, 20
0, 12000, 86, 192, 175, 3233104, 2799565, 0.4, 50, 100, 7, 110, 5000, 20
0, 12000, 96, 218, 180, 3234756, 2564296, 0.4, 50, 100, 7, 105, 5000, 20
0, 12000, 110, 226, 191, 3271156, 2661944, 0.4, 50, 100, 7, 114, 5000, 20
0, 12000, 97, 231, 198, 3176325, 2683602, 0.4, 50, 100, 7, 112, 5000, 20
0, 12000, 105, 220, 188, 3129917, 2620034, 0.4, 50, 100, 7, 116, 5000, 20
0, 12000, 119, 219, 200, 3217078, 2705634, 0.4, 50, 100, 7, 138, 5000, 20
0, 12000, 109, 227, 190, 3234363, 2683092, 0.4, 50, 100, 7, 109, 5000, 20
0, 12000, 89, 214, 191, 3026668, 2667576, 0.4, 50, 100, 7, 118, 5000, 20
0, 12000, 83, 199, 169, 3145164, 2617469, 0.4, 50, 100, 7, 109, 5000, 20
0, 12000, 100, 205, 179, 3276073, 2758780, 0.4, 50, 100, 7, 106, 5000, 20
0, 12000, 97, 208, 182, 3246450, 2753933, 0.4, 50, 100, 7, 115, 5000, 20
0, 12000, 119, 230, 201, 3105416, 2643030, 0.4, 50, 100, 7, 107, 5000, 20
0, 12000, 98, 192, 183, 3195335, 2718063, 0.4, 50, 100, 7, 114, 5000, 20
0, 12000, 83, 191, 172, 3309576, 2822573, 0.4, 50, 100, 7, 109, 5000, 20
0, 12000, 116, 214, 185, 3195356, 2707151, 0.4, 50, 100, 7, 112, 5000, 20
0, 12000, 105, 205, 176, 3191216, 2748987, 0.4, 50, 100, 7, 143, 5000, 20
0, 12000, 105, 229, 190, 3105393, 2569512, 0.4, 50, 100, 7, 106, 5000, 20
0, 12000, 90, 198, 191, 3095543, 2669552, 0.4, 50, 100, 7, 111, 5000, 20
0, 12000, 95, 193, 183, 3290534, 2754576, 0.4, 50, 100, 7, 116, 5000, 20
0, 12000, 97, 223, 190, 3184504, 2687320, 0.4, 50, 100, 7, 119, 5000, 20
0, 12000, 115, 227, 180, 3212981, 2721943, 0.4, 50, 100, 7, 107, 5000, 20
0, 12000, 102, 210, 172, 3351284, 2890684, 0.4, 50, 100, 7, 110, 5000, 20
0, 12000, 98, 196, 178, 3640558, 3085500, 0.4, 50, 100, 7, 104, 5000, 20
0, 12000, 104, 212, 192, 3286683, 2840026, 0.4, 50, 100, 7, 106, 5000, 20
0, 12000, 111, 230, 198, 3105264, 2673885, 0.4, 50, 100, 7, 120, 5000, 20
0, 12000, 96, 215, 187, 3253546, 2746391, 0.4, 50, 100, 7, 108, 5000, 20
0, 12000, 111, 223, 195, 3217978, 2707812, 0.4, 50, 100, 7, 112, 5000, 20
0, 12000, 115, 234, 192, 3262395, 2646390, 0.4, 50, 100, 7, 115, 5000, 20
0, 12000, 98, 215, 188, 3075778, 2700756, 0.4, 50, 100, 7, 125, 5000, 20
0, 12000, 97, 209, 190, 3248808, 2813851, 0.4, 50, 100, 7, 110, 5000, 20
0, 12000, 108, 212, 191, 3231334, 2769637, 0.4, 50, 100, 7, 111, 5000, 20
0, 12000, 104, 208, 177, 3290037, 2767038, 0.4, 50, 100, 7, 121, 5000, 20
0, 12000, 103, 224, 176, 3138141, 2673325, 0.4, 50, 100, 7, 110, 5000, 20
0, 12000, 107, 220, 201, 3250611, 2679501, 0.4, 50, 100, 7, 117, 5000, 20
0, 12000, 108, 206, 192, 3243376, 2686457, 0.4, 50, 100, 7, 118, 5000, 20
0, 12000, 105, 211, 190, 3269790, 2712422, 0.4, 50, 100, 7, 112, 5000, 20
0, 12000, 84, 199, 167, 3097728, 2661705, 0.4, 50, 100, 7, 133, 5000, 20
0, 12000, 108, 226, 197, 3204009, 2777973, 0.4, 50, 100, 7, 107, 5000, 20
0, 12000, 119, 220, 193, 3245158, 2740413, 0.4, 50, 100, 7, 124, 5000, 20
0, 12000, 102, 202, 181, 3268189, 2694360, 0.4, 50, 100, 7, 115, 5000, 20
0, 12000, 107, 209, 185, 3341190, 2775146, 0.4, 50, 100, 7, 103, 5000, 20
0, 12000, 105, 219, 197, 3304299, 2730246, 0.4, 50, 100, 7, 121, 5000, 20
0, 12000, 84, 210, 188, 2963131, 2568701, 0.4, 50, 100, 7, 111, 5000, 20
0, 12000, 107, 207, 173, 3244503, 2691754, 0.4, 50, 100, 7, 120, 5000, 20
0, 12000, 118, 235, 190, 3108274, 2572125, 0.4, 50, 100, 7, 163, 5000, 20
0, 12000, 96, 218, 182, 4133997, 3591380, 0.4, 50, 100, 9, 161, 5000, 20
0, 12000, 101, 201, 172, 4079106, 3529477, 0.4, 50, 100, 9, 173, 5000, 20
0, 12000, 92, 210, 187, 4175344, 3554906, 0.4, 50, 100, 9, 165, 5000, 20
0, 12000, 115, 227, 177, 4196288, 3507942, 0.4, 50, 100, 9, 175, 5000, 20
0, 12000, 113, 215, 194, 4007915, 3472980, 0.4, 50, 100, 9, 169, 5000, 20
0, 12000, 106, 194, 173, 4019013, 3504958, 0.4, 50, 100, 9, 182, 5000, 20
0, 12000, 93, 179, 156, 4138859, 3465231, 0.4, 50, 100, 9, 182, 5000, 20
0, 12000, 100, 190, 167, 3992303, 3436574, 0.4, 50, 100, 9, 179, 5000, 20
0, 12000, 96, 205, 174, 4157530, 3585110, 0.4, 50, 100, 9, 193, 5000, 20
0, 12000, 99, 210, 187, 4172681, 3492423, 0.4, 50, 100, 9, 186, 5000, 20
0, 12000, 111, 211, 179, 4170796, 3557245, 0.4, 50, 100, 9, 177, 5000, 20
0, 12000, 114, 212, 195, 4042117, 3566177, 0.4, 50, 100, 9, 149, 5000, 20
0, 12000, 104, 202, 177, 3958529, 3388617, 0.4, 50, 100, 9, 169, 5000, 20
0, 12000, 90, 206, 169, 3937003, 3390614, 0.4, 50, 100, 9, 187, 5000, 20
0, 12000, 96, 204, 172, 4257816, 3530835, 0.4, 50, 100, 9, 190, 5000, 20
0, 12000, 102, 201, 179, 4154336, 3394434, 0.4, 50, 100, 9, 155, 5000, 20
0, 12000, 108, 214, 192, 4056694, 3470981, 0.4, 50, 100, 9, 238, 5000, 20
0, 12000, 109, 216, 186, 4172977, 3562483, 0.4, 50, 100, 9, 180, 5000, 20
0, 12000, 98, 196, 169, 4109069, 3531911, 0.4, 50, 100, 9, 193, 5000, 20
0, 12000, 106, 213, 191, 4069170, 3439454, 0.4, 50, 100, 9, 179, 5000, 20
0, 12000, 99, 221, 185, 4085400, 3554467, 0.4, 50, 100, 9, 162, 5000, 20
0, 12000, 100, 195, 179, 4031377, 3375997, 0.4, 50, 100, 9, 175, 5000, 20
0, 12000, 118, 221, 210, 4005940, 3534114, 0.4, 50, 100, 9, 156, 5000, 20
0, 12000, 111, 222, 193, 4262574, 3606918, 0.4, 50, 100, 9, 174, 5000, 20
0, 12000, 103, 226, 198, 4105186, 3406705, 0.4, 50, 100, 9, 155, 5000, 20
0, 12000, 88, 174, 165, 4100448, 3532934, 0.4, 50, 100, 9, 160, 5000, 20
0, 12000, 101, 219, 189, 3937483, 3289835, 0.4, 50, 100, 9, 253, 5000, 20
0, 12000, 117, 218, 205, 4053181, 3351494, 0.4, 50, 100, 9, 259, 5000, 20
0, 12000, 111, 224, 195, 4095885, 3486208, 0.4, 50, 100, 9, 250, 5000, 20
0, 12000, 103, 206, 165, 4311276, 3658898, 0.4, 50, 100, 9, 181, 5000, 20
0, 12000, 88, 215, 188, 3813029, 3378194, 0.4, 50, 100, 9, 139, 5000, 20
0, 12000, 102, 218, 177, 4123931, 3447538, 0.4, 50, 100, 9, 168, 5000, 20
0, 12000, 106, 226, 193, 4231175, 3620303, 0.4, 50, 100, 9, 165, 5000, 20
0, 12000, 103, 200, 169, 4162991, 3343668, 0.4, 50, 100, 9, 168, 5000, 20
0, 12000, 101, 210, 176, 4087115, 3429171, 0.4, 50, 100, 9, 160, 5000, 20
0, 12000, 108, 232, 192, 4199928, 3499036, 0.4, 50, 100, 9, 171, 5000, 20
0, 12000, 102, 218, 180, 4087324, 3543458, 0.4, 50, 100, 9, 177, 5000, 20
0, 12000, 91, 200, 161, 4150773, 3502114, 0.4, 50, 100, 9, 154, 5000, 20
0, 12000, 102, 208, 179, 4044966, 3413899, 0.4, 50, 100, 9, 154, 5000, 20
0, 12000, 97, 195, 168, 3887035, 3411719, 0.4, 50, 100, 9, 152, 5000, 20
0, 12000, 90, 205, 190, 4006232, 3442333, 0.4, 50, 100, 9, 172, 5000, 20
0, 12000, 121, 208, 183, 4003635, 3473687, 0.4, 50, 100, 9, 175, 5000, 20
0, 12000, 90, 202, 173, 4209399, 3485618, 0.4, 50, 100, 9, 208, 5000, 20
0, 12000, 100, 211, 185, 4253229, 3662944, 0.4, 50, 100, 9, 175, 5000, 20
0, 12000, 105, 235, 186, 4009347, 3453168, 0.4, 50, 100, 9, 159, 5000, 20
0, 12000, 101, 212, 193, 4412976, 3583584, 0.4, 50, 100, 9, 167, 5000, 20
0, 12000, 101, 209, 187, 4193677, 3562533, 0.4, 50, 100, 9, 157, 5000, 20
0, 12000, 94, 194, 169, 4152415, 3481184, 0.4, 50, 100, 9, 180, 5000, 20
0, 12000, 105, 218, 189, 4080755, 3510221, 0.4, 50, 100, 9, 155, 5000, 20
0, 12000, 111, 215, 193, 4058682, 3342150, 0.4, 50, 100, 9, 183, 5000, 20
0, 12000, 105, 216, 184, 4197124, 3491960, 0.4, 50, 100, 9, 150, 5000, 20
0, 12000, 104, 221, 173, 4343228, 3577002, 0.4, 50, 100, 9, 202, 5000, 20
0, 12000, 108, 206, 163, 4273771, 3556868, 0.4, 50, 100, 9, 187, 5000, 20
0, 12000, 101, 213, 186, 4227653, 3586944, 0.4, 50, 100, 9, 173, 5000, 20
0, 12000, 86, 206, 185, 4093428, 3492068, 0.4, 50, 100, 9, 210, 5000, 20
0, 12000, 91, 200, 178, 4061572, 3509477, 0.4, 50, 100, 9, 201, 5000, 20
0, 12000, 123, 236, 201, 4054258, 3509059, 0.4, 50, 100, 9, 210, 5000, 20
0, 12000, 90, 194, 197, 4064394, 3606025, 0.4, 50, 100, 9, 146, 5000, 20
0, 12000, 107, 214, 173, 4232315, 3398837, 0.4, 50, 100, 9, 201, 5000, 20
0, 12000, 96, 195, 179, 4275028, 3550988, 0.4, 50, 100, 9, 157, 5000, 20
0, 12000, 106, 219, 191, 4123453, 3533164, 0.4, 50, 100, 9, 184, 5000, 20
0, 12000, 116, 215, 194, 4144087, 3686335, 0.4, 50, 100, 9, 216, 5000, 20
0, 12000, 83, 194, 172, 4288794, 3658468, 0.4, 50, 100, 9, 157, 5000, 20
0, 12000, 106, 205, 177, 3971984, 3401198, 0.4, 50, 100, 9, 148, 5000, 20
0, 12000, 102, 212, 172, 4190627, 3550566, 0.4, 50, 100, 9, 159, 5000, 20
0, 12000, 101, 212, 183, 4185080, 3628059, 0.4, 50, 100, 9, 148, 5000, 20
0, 12000, 107, 222, 179, 4231733, 3621859, 0.4, 50, 100, 9, 203, 5000, 20
0, 12000, 98, 201, 186, 3958241, 3406269, 0.4, 50, 100, 9, 217, 5000, 20
0, 12000, 89, 193, 170, 4096214, 3412904, 0.4, 50, 100, 9, 180, 5000, 20
0, 12000, 94, 219, 169, 4145381, 3483730, 0.4, 50, 100, 9, 172, 5000, 20
0, 12000, 113, 221, 192, 4166420, 3499813, 0.4, 50, 100, 9, 175, 5000, 20
0, 12000, 95, 198, 176, 3988022, 3366434, 0.4, 50, 100, 9, 163, 5000, 20
0, 12000, 103, 215, 177, 4125467, 3488103, 0.4, 50, 100, 9, 146, 5000, 20
0, 12000, 96, 213, 190, 4128433, 3459917, 0.4, 50, 100, 9, 146, 5000, 20
0, 12000, 103, 210, 176, 4167928, 3511956, 0.4, 50, 100, 9, 188, 5000, 20
0, 12000, 121, 231, 190, 4098901, 3488036, 0.4, 50, 100, 9, 157, 5000, 20
0, 12000, 88, 207, 174, 4094723, 3423657, 0.4, 50, 100, 9, 180, 5000, 20
0, 12000, 101, 220, 190, 4176545, 3526562, 0.4, 50, 100, 9, 186, 5000, 20
0, 12000, 106, 227, 183, 3965169, 3348061, 0.4, 50, 100, 9, 168, 5000, 20
0, 12000, 87, 197, 177, 4155988, 3523350, 0.4, 50, 100, 9, 150, 5000, 20
0, 12000, 115, 230, 194, 4141436, 3390809, 0.4, 50, 100, 9, 173, 5000, 20
0, 12000, 103, 218, 187, 4028635, 3586302, 0.4, 50, 100, 9, 174, 5000, 20
0, 12000, 98, 211, 176, 3993301, 3440665, 0.4, 50, 100, 9, 164, 5000, 20
0, 12000, 101, 211, 200, 4015006, 3369981, 0.4, 50, 100, 9, 209, 5000, 20
0, 12000, 108, 211, 201, 4190725, 3466229, 0.4, 50, 100, 9, 160, 5000, 20
0, 12000, 107, 218, 188, 4214904, 3522654, 0.4, 50, 100, 9, 201, 5000, 20
0, 12000, 93, 202, 176, 4251117, 3559152, 0.4, 50, 100, 9, 179, 5000, 20
0, 12000, 99, 214, 186, 4053644, 3443616, 0.4, 50, 100, 9, 188, 5000, 20
0, 12000, 100, 206, 159, 4122029, 3498199, 0.4, 50, 100, 9, 193, 5000, 20
0, 12000, 118, 218, 194, 4041583, 3423284, 0.4, 50, 100, 9, 168, 5000, 20
0, 12000, 104, 203, 167, 4175556, 3520565, 0.4, 50, 100, 9, 132, 5000, 20
0, 12000, 109, 216, 193, 4218100, 3641418, 0.4, 50, 100, 9, 150, 5000, 20
0, 12000, 95, 204, 178, 4158816, 3528735, 0.4, 50, 100, 9, 169, 5000, 20
0, 12000, 118, 214, 174, 4122252, 3382953, 0.4, 50, 100, 9, 149, 5000, 20
0, 12000, 94, 206, 173, 3938313, 3407933, 0.4, 50, 100, 9, 188, 5000, 20
0, 12000, 103, 205, 165, 4161010, 3568178, 0.4, 50, 100, 9, 173, 5000, 20
0, 12000, 104, 201, 179, 4145188, 3513808, 0.4, 50, 100, 9, 168, 5000, 20
0, 12000, 115, 221, 179, 4287521, 3572441, 0.4, 50, 100, 9, 190, 5000, 20
0, 12000, 105, 212, 190, 3975985, 3418272, 0.4, 50, 100, 9, 179, 5000, 20
0, 12000, 94, 218, 176, 5032599, 4215653, 0.4, 50, 100, 11, 217, 5000, 20
0, 12000, 96, 226, 189, 4115365, 3477784, 0.4, 50, 100, 9, 228, 5000, 20
0, 12000, 89, 213, 171, 5216641, 4366282, 0.4, 50, 100, 11, 207, 5000, 20
0, 12000, 101, 227, 191, 5262639, 4318499, 0.4, 50, 100, 11, 207, 5000, 20
0, 12000, 103, 229, 208, 5031707, 4158117, 0.4, 50, 100, 11, 211, 5000, 20
0, 12000, 104, 219, 182, 4873957, 4042907, 0.4, 50, 100, 11, 239, 5000, 20
0, 12000, 117, 228, 211, 4986237, 4288871, 0.4, 50, 100, 11, 211, 5000, 20
0, 12000, 94, 212, 181, 5011263, 4555738, 0.4, 50, 100, 11, 210, 5000, 20
0, 12000, 101, 181, 161, 5014357, 4267491, 0.4, 50, 100, 11, 229, 5000, 20
0, 12000, 106, 202, 176, 5182007, 4277156, 0.4, 50, 100, 11, 233, 5000, 20
0, 12000, 102, 206, 191, 4915360, 4331101, 0.4, 50, 100, 11, 234, 5000, 20
0, 12000, 89, 200, 160, 5174868, 4227738, 0.4, 50, 100, 11, 221, 5000, 20
0, 12000, 105, 227, 214, 4976458, 4289947, 0.4, 50, 100, 11, 258, 5000, 20
0, 12000, 108, 209, 174, 4870797, 4204734, 0.4, 50, 100, 11, 257, 5000, 20
0, 12000, 109, 221, 186, 5015373, 4150809, 0.4, 50, 100, 11, 249, 5000, 20
0, 12000, 113, 220, 197, 5096768, 4240479, 0.4, 50, 100, 11, 236, 5000, 20
0, 12000, 98, 207, 188, 4982447, 4182884, 0.4, 50, 100, 11, 194, 5000, 20
0, 12000, 90, 223, 163, 4938471, 4190885, 0.4, 50, 100, 11, 267, 5000, 20
0, 12000, 102, 231, 201, 5188378, 4319026, 0.4, 50, 100, 11, 260, 5000, 20
0, 12000, 110, 214, 203, 4860799, 4149012, 0.4, 50, 100, 11, 249, 5000, 20
0, 12000, 108, 229, 185, 5171692, 4328266, 0.4, 50, 100, 11, 256, 5000, 20
0, 12000, 98, 186, 161, 5282622, 4490346, 0.4, 50, 100, 11, 219, 5000, 20
0, 12000, 114, 212, 175, 5072634, 4243394, 0.4, 50, 100, 11, 281, 5000, 20
0, 12000, 116, 221, 198, 5080257, 4314467, 0.4, 50, 100, 11, 241, 5000, 20
0, 12000, 93, 216, 183, 5248001, 4333461, 0.4, 50, 100, 11, 312, 5000, 20
0, 12000, 112, 222, 199, 5073088, 4318770, 0.4, 50, 100, 11, 269, 5000, 20
0, 12000, 101, 207, 186, 4836656, 4149222, 0.4, 50, 100, 11, 234, 5000, 20
0, 12000, 115, 207, 193, 5094423, 4217241, 0.4, 50, 100, 11, 247, 5000, 20
0, 12000, 104, 224, 209, 4860062, 4266352, 0.4, 50, 100, 11, 320, 5000, 20
0, 12000, 113, 232, 201, 4815470, 4079976, 0.4, 50, 100, 11, 211, 5000, 20
0, 12000, 90, 188, 173, 4979430, 4216836, 0.4, 50, 100, 11, 275, 5000, 20
0, 12000, 100, 219, 185, 4964132, 4227517, 0.4, 50, 100, 11, 219, 5000, 20
0, 12000, 68, 191, 144, 5118688, 4217101, 0.4, 50, 100, 11, 217, 5000, 20
0, 12000, 110, 215, 188, 5014855, 4292807, 0.4, 50, 100, 11, 221, 5000, 20
0, 12000, 97, 210, 196, 4880492, 4137429, 0.4, 50, 100, 11, 222, 5000, 20
0, 12000, 107, 210, 182, 4970137, 4291571, 0.4, 50, 100, 11, 257, 5000, 20
0, 12000, 76, 197, 177, 4849393, 4228627, 0.4, 50, 100, 11, 372, 5000, 20
0, 12000, 95, 201, 170, 5009582, 4354552, 0.4, 50, 100, 11, 220, 5000, 20
0, 12000, 105, 218, 171, 5106022, 4292147, 0.4, 50, 100, 11, 216, 5000, 20
0, 12000, 108, 211, 188, 5164174, 4373709, 0.4, 50, 100, 11, 218, 5000, 20
0, 12000, 105, 225, 214, 5104952, 4429088, 0.4, 50, 100, 11, 231, 5000, 20
0, 12000, 90, 205, 170, 5186035, 4470082, 0.4, 50, 100, 11, 258, 5000, 20
0, 12000, 119, 205, 188, 5007938, 4372960, 0.4, 50, 100, 11, 221, 5000, 20
0, 12000, 113, 215, 186, 5031143, 4269332, 0.4, 50, 100, 11, 238, 5000, 20
0, 12000, 103, 221, 185, 5157703, 4381561, 0.4, 50, 100, 11, 230, 5000, 20
0, 12000, 113, 216, 196, 4774591, 4094130, 0.4, 50, 100, 11, 218, 5000, 20
0, 12000, 100, 218, 176, 5043982, 4155967, 0.4, 50, 100, 11, 317, 5000, 20
0, 12000, 111, 206, 194, 4756597, 4210154, 0.4, 50, 100, 11, 226, 5000, 20
0, 12000, 99, 204, 187, 4886356, 4342214, 0.4, 50, 100, 11, 227, 5000, 20
0, 12000, 110, 209, 193, 5273750, 4424787, 0.4, 50, 100, 11, 259, 5000, 20
0, 12000, 96, 196, 175, 4819139, 4258641, 0.4, 50, 100, 11, 232, 5000, 20
0, 12000, 110, 221, 182, 4953304, 4164173, 0.4, 50, 100, 11, 254, 5000, 20
0, 12000, 87, 184, 163, 4960994, 4189965, 0.4, 50, 100, 11, 206, 5000, 20
0, 12000, 100, 201, 183, 4910396, 4206942, 0.4, 50, 100, 11, 282, 5000, 20
0, 12000, 106, 205, 175, 5035754, 4128900, 0.4, 50, 100, 11, 262, 5000, 20
0, 12000, 112, 212, 195, 5301656, 4470067, 0.4, 50, 100, 11, 222, 5000, 20
0, 12000, 80, 185, 148, 4971781, 4173775, 0.4, 50, 100, 11, 271, 5000, 20
0, 12000, 107, 226, 201, 4967569, 4286480, 0.4, 50, 100, 11, 279, 5000, 20
0, 12000, 102, 222, 184, 4716659, 4195580, 0.4, 50, 100, 11, 269, 5000, 20
0, 12000, 112, 228, 202, 5003413, 4157263, 0.4, 50, 100, 11, 214, 5000, 20
0, 12000, 101, 221, 195, 5184761, 4265993, 0.4, 50, 100, 11, 219, 5000, 20
0, 12000, 94, 196, 175, 5034515, 4328813, 0.4, 50, 100, 11, 290, 5000, 20
0, 12000, 98, 191, 190, 5045104, 4260102, 0.4, 50, 100, 11, 253, 5000, 20
0, 12000, 110, 222, 187, 4761017, 4042595, 0.4, 50, 100, 11, 206, 5000, 20
0, 12000, 107, 229, 197, 4968750, 4144671, 0.4, 50, 100, 11, 281, 5000, 20
0, 12000, 91, 201, 175, 5014730, 4337793, 0.4, 50, 100, 11, 219, 5000, 20
0, 12000, 111, 208, 192, 5002687, 4482273, 0.4, 50, 100, 11, 256, 5000, 20
0, 12000, 87, 211, 169, 5136867, 4266754, 0.4, 50, 100, 11, 257, 5000, 20
0, 12000, 103, 202, 187, 4954465, 4297272, 0.4, 50, 100, 11, 238, 5000, 20
0, 12000, 110, 222, 185, 5110485, 4311257, 0.4, 50, 100, 11, 353, 5000, 20
0, 12000, 108, 199, 184, 4762872, 4254861, 0.4, 50, 100, 11, 262, 5000, 20
0, 12000, 99, 228, 209, 5363475, 4459050, 0.4, 50, 100, 11, 216, 5000, 20
0, 12000, 97, 211, 187, 5053710, 4308767, 0.4, 50, 100, 11, 252, 5000, 20
0, 12000, 84, 204, 166, 5002321, 4252359, 0.4, 50, 100, 11, 246, 5000, 20
0, 12000, 89, 200, 174, 4883039, 4006903, 0.4, 50, 100, 11, 223, 5000, 20
0, 12000, 92, 201, 182, 4962138, 4149655, 0.4, 50, 100, 11, 227, 5000, 20
0, 12000, 105, 225, 190, 4905257, 4162242, 0.4, 50, 100, 11, 256, 5000, 20
0, 12000, 99, 201, 177, 5048568, 4222387, 0.4, 50, 100, 11, 258, 5000, 20
0, 12000, 107, 213, 172, 5176459, 4466250, 0.4, 50, 100, 11, 243, 5000, 20
0, 12000, 101, 214, 180, 5312035, 4424460, 0.4, 50, 100, 11, 234, 5000, 20
0, 12000, 111, 226, 199, 5085498, 4226396, 0.4, 50, 100, 11, 195, 5000, 20
0, 12000, 112, 229, 186, 5129675, 4302305, 0.4, 50, 100, 11, 239, 5000, 20
0, 12000, 105, 204, 171, 5276999, 4495462, 0.4, 50, 100, 11, 250, 5000, 20
0, 12000, 87, 217, 182, 4938880, 4105943, 0.4, 50, 100, 11, 240, 5000, 20
0, 12000, 104, 226, 184, 4991222, 4243529, 0.4, 50, 100, 11, 217, 5000, 20
0, 12000, 109, 226, 195, 4806837, 4062039, 0.4, 50, 100, 11, 222, 5000, 20
0, 12000, 94, 189, 162, 4972042, 4267114, 0.4, 50, 100, 11, 254, 5000, 20
0, 12000, 97, 207, 188, 4907317, 4166538, 0.4, 50, 100, 11, 254, 5000, 20
0, 12000, 89, 203, 176, 4967778, 4174109, 0.4, 50, 100, 11, 238, 5000, 20
0, 12000, 98, 210, 181, 5241424, 4297114, 0.4, 50, 100, 11, 197, 5000, 20
0, 12000, 99, 198, 187, 5139303, 4318302, 0.4, 50, 100, 11, 249, 5000, 20
0, 12000, 103, 213, 188, 4885076, 4197149, 0.4, 50, 100, 11, 242, 5000, 20
0, 12000, 86, 198, 170, 5384897, 4593386, 0.4, 50, 100, 11, 222, 5000, 20
0, 12000, 105, 207, 187, 5079502, 4381211, 0.4, 50, 100, 11, 278, 5000, 20
0, 12000, 111, 212, 188, 5123272, 4329009, 0.4, 50, 100, 11, 239, 5000, 20
0, 12000, 102, 200, 162, 5062500, 4205019, 0.4, 50, 100, 11, 320, 5000, 20
0, 12000, 109, 214, 175, 5058241, 4177005, 0.4, 50, 100, 11, 256, 5000, 20
0, 12000, 95, 224, 180, 5071959, 4204113, 0.4, 50, 100, 11, 269, 5000, 20
0, 12000, 119, 217, 191, 5093109, 4319791, 0.4, 50, 100, 11, 298, 5000, 20
0, 12000, 101, 220, 179, 5108365, 4469444, 0.4, 50, 100, 11, 261, 5000, 20
0, 12000, 107, 226, 201, 4933592, 4111664, 0.4, 50, 100, 11, 277, 5000, 20
0, 12000, 89, 215, 173, 6029605, 5023095, 0.4, 50, 100, 13, 258, 5000, 20
0, 12000, 114, 222, 193, 6218003, 5182105, 0.4, 50, 100, 13, 311, 5000, 20
0, 12000, 107, 214, 170, 5973693, 4991978, 0.4, 50, 100, 13, 274, 5000, 20
0, 12000, 103, 212, 185, 5929094, 5043614, 0.4, 50, 100, 13, 296, 5000, 20
0, 12000, 100, 215, 187, 6170335, 5309869, 0.4, 50, 100, 13, 315, 5000, 20
0, 12000, 105, 200, 170, 6026718, 5005713, 0.4, 50, 100, 13, 326, 5000, 20
0, 12000, 111, 221, 196, 5951174, 5137613, 0.4, 50, 100, 13, 297, 5000, 20
0, 12000, 101, 213, 192, 6076572, 5227488, 0.4, 50, 100, 13, 332, 5000, 20
0, 12000, 104, 216, 195, 5939745, 4999675, 0.4, 50, 100, 13, 308, 5000, 20
0, 12000, 103, 219, 191, 6160988, 5071072, 0.4, 50, 100, 13, 300, 5000, 20
0, 12000, 111, 215, 189, 5872810, 5000802, 0.4, 50, 100, 13, 296, 5000, 20
0, 12000, 108, 221, 168, 5710975, 4979670, 0.4, 50, 100, 13, 304, 5000, 20
0, 12000, 119, 218, 199, 6063235, 5078638, 0.4, 50, 100, 13, 314, 5000, 20
0, 12000, 98, 208, 202, 5810192, 4979371, 0.4, 50, 100, 13, 266, 5000, 20
0, 12000, 90, 197, 167, 6100609, 5115302, 0.4, 50, 100, 13, 317, 5000, 20
0, 12000, 100, 216, 189, 5863605, 4952760, 0.4, 50, 100, 13, 295, 5000, 20
0, 12000, 107, 220, 187, 6136060, 5073565, 0.4, 50, 100, 13, 310, 5000, 20
0, 12000, 114, 202, 185, 5980893, 5106186, 0.4, 50, 100, 13, 287, 5000, 20
0, 12000, 109, 223, 195, 5709661, 4936842, 0.4, 50, 100, 13, 321, 5000, 20
0, 12000, 107, 216, 199, 5797020, 4994952, 0.4, 50, 100, 13, 294, 5000, 20
0, 12000, 119, 215, 199, 6118687, 5048816, 0.4, 50, 100, 13, 310, 5000, 20
0, 12000, 84, 202, 184, 5862819, 4977156, 0.4, 50, 100, 13, 345, 5000, 20
0, 12000, 98, 216, 171, 6031205, 5014618, 0.4, 50, 100, 13, 288, 5000, 20
0, 12000, 102, 218, 204, 6059235, 5051123, 0.4, 50, 100, 13, 305, 5000, 20
0, 12000, 97, 216, 197, 5921779, 5055200, 0.4, 50, 100, 13, 272, 5000, 20
0, 12000, 107, 219, 200, 5885606, 5000454, 0.4, 50, 100, 13, 276, 5000, 20
0, 12000, 101, 218, 194, 5900462, 4866829, 0.4, 50, 100, 13, 270, 5000, 20
0, 12000, 106, 218, 187, 5859935, 4946677, 0.4, 50, 100, 13, 390, 5000, 20
0, 12000, 110, 226, 196, 6015163, 4941322, 0.4, 50, 100, 13, 414, 5000, 20
0, 12000, 109, 218, 197, 5950348, 5077127, 0.4, 50, 100, 13, 306, 5000, 20
0, 12000, 99, 207, 180, 6170721, 5109083, 0.4, 50, 100, 13, 295, 5000, 20
0, 12000, 113, 208, 200, 5833488, 4997779, 0.4, 50, 100, 13, 268, 5000, 20
0, 12000, 116, 212, 183, 5995076, 4981999, 0.4, 50, 100, 13, 372, 5000, 20
0, 12000, 107, 187, 205, 5985266, 5227756, 0.4, 50, 100, 13, 275, 5000, 20
0, 12000, 93, 191, 176, 5987264, 5216438, 0.4, 50, 100, 13, 270, 5000, 20
0, 12000, 114, 221, 201, 5968499, 5005842, 0.4, 50, 100, 13, 279, 5000, 20
0, 12000, 108, 216, 189, 5857593, 5104037, 0.4, 50, 100, 13, 274, 5000, 20
0, 12000, 100, 202, 166, 5925219, 4770972, 0.4, 50, 100, 13, 313, 5000, 20
0, 12000, 104, 201, 175, 6034995, 5035339, 0.4, 50, 100, 13, 301, 5000, 20
0, 12000, 91, 197, 174, 6184642, 5290255, 0.4, 50, 100, 13, 279, 5000, 20
0, 12000, 107, 199, 186, 5875617, 5025754, 0.4, 50, 100, 13, 309, 5000, 20
0, 12000, 98, 212, 182, 5963928, 5108504, 0.4, 50, 100, 13, 276, 5000, 20
0, 12000, 107, 217, 208, 6043067, 5304481, 0.4, 50, 100, 13, 288, 5000, 20
0, 12000, 106, 203, 184, 5806859, 4839574, 0.4, 50, 100, 13, 472, 5000, 20
0, 12000, 111, 221, 178, 5927779, 5075570, 0.4, 50, 100, 13, 309, 5000, 20
0, 12000, 108, 237, 192, 6052251, 5066174, 0.4, 50, 100, 13, 280, 5000, 20
0, 12000, 109, 219, 180, 5846009, 4957470, 0.4, 50, 100, 13, 274, 5000, 20
0, 12000, 107, 216, 173, 6020597, 5230951, 0.4, 50, 100, 13, 287, 5000, 20
0, 12000, 111, 222, 191, 5707287, 4907675, 0.4, 50, 100, 13, 284, 5000, 20
0, 12000, 112, 208, 192, 5966992, 5101071, 0.4, 50, 100, 13, 282, 5000, 20
0, 12000, 117, 200, 183, 5845403, 5042272, 0.4, 50, 100, 13, 348, 5000, 20
0, 12000, 96, 198, 175, 5801948, 4860962, 0.4, 50, 100, 13, 310, 5000, 20
0, 12000, 91, 207, 188, 5731895, 5079737, 0.4, 50, 100, 13, 343, 5000, 20
0, 12000, 88, 212, 185, 5854418, 4932827, 0.4, 50, 100, 13, 289, 5000, 20
0, 12000, 102, 210, 188, 6055284, 5092212, 0.4, 50, 100, 13, 311, 5000, 20
0, 12000, 100, 215, 178, 6157750, 5013259, 0.4, 50, 100, 13, 373, 5000, 20
0, 12000, 106, 229, 209, 6100200, 5081271, 0.4, 50, 100, 13, 327, 5000, 20
0, 12000, 98, 197, 175, 6045083, 4948905, 0.4, 50, 100, 13, 284, 5000, 20
0, 12000, 98, 212, 184, 5928588, 5032876, 0.4, 50, 100, 13, 270, 5000, 20
0, 12000, 102, 225, 186, 5938545, 5141513, 0.4, 50, 100, 13, 264, 5000, 20
0, 12000, 103, 214, 195, 5791142, 4914798, 0.4, 50, 100, 13, 347, 5000, 20
0, 12000, 102, 219, 191, 5793640, 4890920, 0.4, 50, 100, 13, 352, 5000, 20
0, 12000, 105, 212, 179, 5828595, 4896798, 0.4, 50, 100, 13, 292, 5000, 20
0, 12000, 93, 206, 178, 6098389, 5129875, 0.4, 50, 100, 13, 397, 5000, 20
0, 12000, 105, 203, 179, 5784571, 5004909, 0.4, 50, 100, 13, 280, 5000, 20
0, 12000, 120, 209, 188, 5983787, 5201507, 0.4, 50, 100, 13, 289, 5000, 20
0, 12000, 93, 207, 176, 6004503, 5029908, 0.4, 50, 100, 13, 282, 5000, 20
0, 12000, 114, 210, 187, 5933435, 5059105, 0.4, 50, 100, 13, 307, 5000, 20
0, 12000, 104, 216, 189, 6047768, 5025733, 0.4, 50, 100, 13, 278, 5000, 20
0, 12000, 115, 198, 182, 6127795, 5228482, 0.4, 50, 100, 13, 394, 5000, 20
0, 12000, 93, 211, 167, 6150712, 5274561, 0.4, 50, 100, 13, 339, 5000, 20
0, 12000, 112, 215, 177, 5926802, 5061446, 0.4, 50, 100, 13, 276, 5000, 20
0, 12000, 97, 220, 191, 5752895, 4832317, 0.4, 50, 100, 13, 269, 5000, 20
0, 12000, 107, 210, 192, 6020803, 5175972, 0.4, 50, 100, 13, 312, 5000, 20
0, 12000, 111, 218, 186, 5783199, 5101241, 0.4, 50, 100, 13, 267, 5000, 20
0, 12000, 96, 199, 157, 6021923, 4952293, 0.4, 50, 100, 13, 291, 5000, 20
0, 12000, 93, 217, 172, 5769138, 4894437, 0.4, 50, 100, 13, 381, 5000, 20
0, 12000, 109, 207, 177, 5834864, 5109434, 0.4, 50, 100, 13, 346, 5000, 20
0, 12000, 113, 212, 188, 5936005, 5152999, 0.4, 50, 100, 13, 305, 5000, 20
0, 12000, 108, 222, 173, 5893168, 4833735, 0.4, 50, 100, 13, 357, 5000, 20
0, 12000, 96, 218, 191, 6283753, 5203272, 0.4, 50, 100, 13, 264, 5000, 20
0, 12000, 115, 224, 193, 5987546, 5223530, 0.4, 50, 100, 13, 267, 5000, 20
0, 12000, 108, 224, 183, 5968329, 4926802, 0.4, 50, 100, 13, 321, 5000, 20
0, 12000, 106, 209, 184, 6093299, 5043151, 0.4, 50, 100, 13, 369, 5000, 20
0, 12000, 100, 218, 184, 6129071, 5321294, 0.4, 50, 100, 13, 277, 5000, 20
0, 12000, 97, 200, 181, 5845628, 5053876, 0.4, 50, 100, 13, 326, 5000, 20
0, 12000, 112, 223, 205, 5973483, 5277312, 0.4, 50, 100, 13, 266, 5000, 20
0, 12000, 115, 214, 178, 5896863, 5102875, 0.4, 50, 100, 13, 328, 5000, 20
0, 12000, 113, 224, 171, 6099176, 4927417, 0.4, 50, 100, 13, 252, 5000, 20
0, 12000, 96, 209, 195, 5892501, 5149782, 0.4, 50, 100, 13, 263, 5000, 20
0, 12000, 103, 200, 184, 5805369, 5037343, 0.4, 50, 100, 13, 285, 5000, 20
0, 12000, 99, 223, 196, 6087987, 5012173, 0.4, 50, 100, 13, 260, 5000, 20
0, 12000, 113, 221, 205, 5921496, 4952995, 0.4, 50, 100, 13, 271, 5000, 20
0, 12000, 115, 208, 176, 6005166, 5072094, 0.4, 50, 100, 13, 316, 5000, 20
0, 12000, 86, 189, 148, 6018759, 4979068, 0.4, 50, 100, 13, 269, 5000, 20
0, 12000, 99, 215, 184, 5967221, 4987701, 0.4, 50, 100, 13, 316, 5000, 20
0, 12000, 123, 217, 196, 5911370, 5091156, 0.4, 50, 100, 13, 316, 5000, 20
0, 12000, 105, 209, 191, 5902331, 5040991, 0.4, 50, 100, 13, 332, 5000, 20
0, 12000, 112, 194, 169, 5794524, 4941347, 0.4, 50, 100, 13, 339, 5000, 20
0, 12000, 110, 201, 185, 6079698, 5143353, 0.4, 50, 100, 13, 355, 5000, 20
0, 12000, 112, 229, 209, 6776323, 5833262, 0.4, 50, 100, 15, 344, 5000, 20
0, 12000, 85, 197, 162, 6896123, 5830738, 0.4, 50, 100, 15, 366, 5000, 20
0, 12000, 111, 214, 196, 6903494, 5900555, 0.4, 50, 100, 15, 354, 5000, 20
0, 12000, 76, 181, 158, 7156324, 5998092, 0.4, 50, 100, 15, 334, 5000, 20
0, 12000, 110, 219, 206, 6694794, 5922972, 0.4, 50, 100, 15, 348, 5000, 20
0, 12000, 93, 179, 171, 6696673, 5712928, 0.4, 50, 100, 15, 340, 5000, 20
0, 12000, 101, 212, 193, 6927899, 5874348, 0.4, 50, 100, 15, 395, 5000, 20
0, 12000, 99, 206, 182, 6444246, 5497018, 0.4, 50, 100, 15, 443, 5000, 20
0, 12000, 95, 220, 186, 6572913, 5740980, 0.4, 50, 100, 15, 398, 5000, 20
0, 12000, 112, 219, 190, 7135381, 5933973, 0.4, 50, 100, 15, 381, 5000, 20
0, 12000, 88, 182, 156, 6950586, 5942491, 0.4, 50, 100, 15, 366, 5000, 20
0, 12000, 100, 216, 191, 6838552, 5800652, 0.4, 50, 100, 15, 415, 5000, 20
0, 12000, 112, 197, 196, 6816462, 5930732, 0.4, 50, 100, 15, 370, 5000, 20
0, 12000, 103, 228, 202, 6998491, 5784637, 0.4, 50, 100, 15, 363, 5000, 20
0, 12000, 100, 204, 180, 6619183, 5704858, 0.4, 50, 100, 15, 373, 5000, 20
0, 12000, 104, 218, 179, 6908862, 5893719, 0.4, 50, 100, 15, 348, 5000, 20
0, 12000, 97, 207, 201, 6850117, 5740051, 0.4, 50, 100, 15, 323, 5000, 20
0, 12000, 110, 222, 201, 6784195, 5842956, 0.4, 50, 100, 15, 353, 5000, 20
0, 12000, 102, 198, 180, 6568234, 5752043, 0.4, 50, 100, 15, 422, 5000, 20
0, 12000, 97, 197, 173, 6884163, 5654295, 0.4, 50, 100, 15, 405, 5000, 20
0, 12000, 88, 214, 186, 6685577, 5767147, 0.4, 50, 100, 15, 335, 5000, 20
0, 12000, 103, 219, 172, 6841947, 5801608, 0.4, 50, 100, 15, 333, 5000, 20
0, 12000, 102, 224, 196, 6871964, 5765841, 0.4, 50, 100, 15, 396, 5000, 20
0, 12000, 107, 220, 199, 6737890, 5829738, 0.4, 50, 100, 15, 386, 5000, 20
0, 12000, 106, 223, 201, 6799273, 5856010, 0.4, 50, 100, 15, 378, 5000, 20
0, 12000, 103, 205, 186, 6694113, 5814612, 0.4, 50, 100, 15, 345, 5000, 20
0, 12000, 105, 211, 208, 6842204, 5824655, 0.4, 50, 100, 15, 340, 5000, 20
0, 12000, 80, 187, 152, 6688618, 5701954, 0.4, 50, 100, 15, 433, 5000, 20
0, 12000, 93, 209, 173, 6773877, 5729509, 0.4, 50, 100, 15, 430, 5000, 20
0, 12000, 112, 222, 174, 6892336, 5662076, 0.4, 50, 100, 15, 359, 5000, 20
0, 12000, 118, 221, 178, 6956913, 5942669, 0.4, 50, 100, 15, 359, 5000, 20
0, 12000, 100, 208, 177, 6743146, 5733322, 0.4, 50, 100, 15, 359, 5000, 20
0, 12000, 112, 212, 199, 6890067, 5933438, 0.4, 50, 100, 15, 368, 5000, 20
0, 12000, 104, 218, 196, 7034444, 5918872, 0.4, 50, 100, 15, 403, 5000, 20
0, 12000, 112, 226, 181, 6835736, 5866749, 0.4, 50, 100, 15, 372, 5000, 20
0, 12000, 113, 226, 187, 6935442, 5832889, 0.4, 50, 100, 15, 370, 5000, 20
0, 12000, 110, 217, 167, 6915552, 5792838, 0.4, 50, 100, 15, 379, 5000, 20
0, 12000, 109, 219, 189, 6765506, 5870542, 0.4, 50, 100, 15, 372, 5000, 20
0, 12000, 91, 210, 188, 6905023, 5832819, 0.4, 50, 100, 15, 647, 5000, 20
0, 12000, 88, 198, 178, 6764118, 5736972, 0.4, 50, 100, 15, 373, 5000, 20
0, 12000, 109, 220, 200, 6928801, 5940568, 0.4, 50, 100, 15, 366, 5000, 20
0, 12000, 105, 209, 204, 6691324, 5664153, 0.4, 50, 100, 15, 334, 5000, 20
0, 12000, 83, 201, 173, 6899947, 5947874, 0.4, 50, 100, 15, 405, 5000, 20
0, 12000, 114, 223, 192, 6879869, 5949327, 0.4, 50, 100, 15, 386, 5000, 20
0, 12000, 94, 212, 200, 7036554, 6014815, 0.4, 50, 100, 15, 470, 5000, 20
0, 12000, 100, 211, 187, 6989932, 5823365, 0.4, 50, 100, 15, 421, 5000, 20
0, 12000, 105, 198, 186, 6713103, 5877534, 0.4, 50, 100, 15, 438, 5000, 20
0, 12000, 116, 214, 188, 6844740, 5790804, 0.4, 50, 100, 15, 356, 5000, 20
0, 12000, 105, 232, 191, 6898432, 5773145, 0.4, 50, 100, 15, 541, 5000, 20
0, 12000, 95, 193, 164, 6828113, 5748965, 0.4, 50, 100, 15, 426, 5000, 20
0, 12000, 99, 183, 164, 6939409, 5865063, 0.4, 50, 100, 15, 384, 5000, 20
0, 12000, 116, 234, 206, 6931920, 5969830, 0.4, 50, 100, 15, 419, 5000, 20
0, 12000, 98, 222, 195, 6926095, 5944525, 0.4, 50, 100, 15, 334, 5000, 20
0, 12000, 99, 201, 176, 6819335, 5839371, 0.4, 50, 100, 15, 347, 5000, 20
0, 12000, 100, 222, 167, 6923238, 5599727, 0.4, 50, 100, 15, 348, 5000, 20
0, 12000, 93, 201, 176, 6842536, 5855186, 0.4, 50, 100, 15, 488, 5000, 20
0, 12000, 99, 216, 186, 7040165, 5819860, 0.4, 50, 100, 15, 410, 5000, 20
0, 12000, 108, 202, 187, 6925259, 5980192, 0.4, 50, 100, 15, 352, 5000, 20
0, 12000, 110, 231, 181, 6941621, 5900364, 0.4, 50, 100, 15, 520, 5000, 20
0, 12000, 94, 208, 192, 6970827, 5941678, 0.4, 50, 100, 15, 388, 5000, 20
0, 12000, 77, 206, 163, 6852165, 5816992, 0.4, 50, 100, 15, 417, 5000, 20
0, 12000, 102, 208, 190, 6954791, 5768631, 0.4, 50, 100, 15, 369, 5000, 20
0, 12000, 96, 214, 197, 6920918, 6052610, 0.4, 50, 100, 15, 328, 5000, 20
0, 12000, 106, 205, 188, 6727227, 5666734, 0.4, 50, 100, 15, 359, 5000, 20
0, 12000, 99, 223, 206, 6881636, 5734110, 0.4, 50, 100, 15, 1007, 5000, 20
0, 12000, 101, 221, 195, 7083786, 5938847, 0.4, 50, 100, 15, 385, 5000, 20
0, 12000, 120, 211, 183, 6787989, 5932370, 0.4, 50, 100, 15, 389, 5000, 20
0, 12000, 105, 214, 177, 6893836, 5789435, 0.4, 50, 100, 15, 342, 5000, 20
0, 12000, 94, 214, 186, 6877924, 5866377, 0.4, 50, 100, 15, 372, 5000, 20
0, 12000, 116, 215, 190, 7017989, 5883041, 0.4, 50, 100, 15, 470, 5000, 20
0, 12000, 106, 227, 192, 7096291, 5804012, 0.4, 50, 100, 15, 399, 5000, 20
0, 12000, 84, 193, 169, 6740115, 5819433, 0.4, 50, 100, 15, 345, 5000, 20
0, 12000, 82, 190, 156, 7064188, 5826162, 0.4, 50, 100, 15, 347, 5000, 20
0, 12000, 107, 225, 198, 6812783, 5912131, 0.4, 50, 100, 15, 426, 5000, 20
0, 12000, 100, 219, 202, 6893083, 5875555, 0.4, 50, 100, 15, 418, 5000, 20
0, 12000, 107, 224, 184, 6893501, 5868043, 0.4, 50, 100, 15, 338, 5000, 20
0, 12000, 106, 205, 177, 7005783, 5840432, 0.4, 50, 100, 15, 348, 5000, 20
0, 12000, 110, 212, 187, 7074419, 6009364, 0.4, 50, 100, 15, 334, 5000, 20
0, 12000, 97, 212, 178, 6854683, 5947105, 0.4, 50, 100, 15, 349, 5000, 20
0, 12000, 114, 221, 187, 6864329, 5985072, 0.4, 50, 100, 15, 369, 5000, 20
0, 12000, 96, 204, 190, 6650378, 5645562, 0.4, 50, 100, 15, 412, 5000, 20
0, 12000, 120, 218, 193, 6907341, 5841310, 0.4, 50, 100, 15, 403, 5000, 20
0, 12000, 107, 214, 178, 6922938, 5841769, 0.4, 50, 100, 15, 413, 5000, 20
0, 12000, 103, 229, 208, 6964009, 5849663, 0.4, 50, 100, 15, 430, 5000, 20
0, 12000, 109, 218, 171, 6903481, 5683690, 0.4, 50, 100, 15, 361, 5000, 20
0, 12000, 133, 236, 210, 6881264, 5765765, 0.4, 50, 100, 15, 371, 5000, 20
0, 12000, 83, 203, 165, 7030515, 5899120, 0.4, 50, 100, 15, 373, 5000, 20
0, 12000, 98, 211, 193, 6935975, 5838078, 0.4, 50, 100, 15, 416, 5000, 20
0, 12000, 115, 233, 170, 6800952, 5566349, 0.4, 50, 100, 15, 383, 5000, 20
0, 12000, 95, 207, 196, 6890546, 5814391, 0.4, 50, 100, 15, 378, 5000, 20
0, 12000, 94, 204, 186, 6647546, 5613555, 0.4, 50, 100, 15, 370, 5000, 20
0, 12000, 88, 177, 177, 6711500, 5869505, 0.4, 50, 100, 15, 370, 5000, 20
0, 12000, 111, 216, 192, 6776255, 5810301, 0.4, 50, 100, 15, 484, 5000, 20
0, 12000, 90, 203, 178, 6993409, 5893614, 0.4, 50, 100, 15, 371, 5000, 20
0, 12000, 116, 214, 200, 7003185, 5895278, 0.4, 50, 100, 15, 360, 5000, 20
0, 12000, 107, 187, 168, 6832265, 5701133, 0.4, 50, 100, 15, 572, 5000, 20
0, 12000, 95, 212, 172, 6877684, 5758277, 0.4, 50, 100, 15, 391, 5000, 20
0, 12000, 116, 216, 204, 6704550, 5670212, 0.4, 50, 100, 15, 421, 5000, 20
0, 12000, 93, 209, 189, 6779069, 5659366, 0.4, 50, 100, 15, 502, 5000, 20
0, 12000, 102, 213, 180, 7715983, 6489995, 0.4, 50, 100, 17, 450, 5000, 20
0, 12000, 97, 219, 200, 6758359, 5780974, 0.4, 50, 100, 15, 542, 5000, 20
0, 12000, 111, 210, 201, 7672997, 6660603, 0.4, 50, 100, 17, 486, 5000, 20
0, 12000, 109, 231, 203, 7842864, 6676349, 0.4, 50, 100, 17, 503, 5000, 20
0, 12000, 103, 228, 180, 7799545, 6428972, 0.4, 50, 100, 17, 565, 5000, 20
0, 12000, 111, 228, 179, 7967661, 6863651, 0.4, 50, 100, 17, 432, 5000, 20
0, 12000, 92, 207, 171, 7680986, 6674275, 0.4, 50, 100, 17, 468, 5000, 20
0, 12000, 100, 205, 180, 7834298, 6714108, 0.4, 50, 100, 17, 509, 5000, 20
0, 12000, 97, 206, 173, 7750053, 6436437, 0.4, 50, 100, 17, 511, 5000, 20
0, 12000, 117, 210, 194, 7603218, 6557706, 0.4, 50, 100, 17, 474, 5000, 20
0, 12000, 102, 217, 191, 7581949, 6485526, 0.4, 50, 100, 17, 464, 5000, 20
0, 12000, 92, 214, 193, 7802340, 6722302, 0.4, 50, 100, 17, 433, 5000, 20
0, 12000, 89, 204, 177, 7817058, 6542249, 0.4, 50, 100, 17, 513, 5000, 20
0, 12000, 109, 232, 186, 7676205, 6706869, 0.4, 50, 100, 17, 629, 5000, 20
0, 12000, 108, 216, 198, 7692493, 6663055, 0.4, 50, 100, 17, 432, 5000, 20
0, 12000, 108, 222, 188, 7767441, 6720400, 0.4, 50, 100, 17, 595, 5000, 20
0, 12000, 102, 215, 206, 7887019, 6632672, 0.4, 50, 100, 17, 513, 5000, 20
0, 12000, 112, 228, 191, 7791332, 6587066, 0.4, 50, 100, 17, 453, 5000, 20
0, 12000, 102, 208, 177, 7981745, 6679780, 0.4, 50, 100, 17, 574, 5000, 20
0, 12000, 95, 199, 175, 7753875, 6793539, 0.4, 50, 100, 17, 524, 5000, 20
0, 12000, 101, 209, 165, 7779069, 6701065, 0.4, 50, 100, 17, 772, 5000, 20
0, 12000, 108, 212, 186, 7892343, 6656753, 0.4, 50, 100, 17, 450, 5000, 20
0, 12000, 102, 226, 200, 8067320, 7003726, 0.4, 50, 100, 17, 577, 5000, 20
0, 12000, 125, 230, 205, 7746003, 6489745, 0.4, 50, 100, 17, 503, 5000, 20
0, 12000, 112, 216, 193, 7803511, 6472588, 0.4, 50, 100, 17, 641, 5000, 20
0, 12000, 84, 197, 179, 7855359, 6582670, 0.4, 50, 100, 17, 473, 5000, 20
0, 12000, 102, 214, 177, 7777113, 6620407, 0.4, 50, 100, 17, 562, 5000, 20
0, 12000, 108, 226, 184, 7840384, 6563810, 0.4, 50, 100, 17, 527, 5000, 20
0, 12000, 97, 195, 187, 7569674, 6533060, 0.4, 50, 100, 17, 532, 5000, 20
0, 12000, 96, 201, 170, 7821363, 6844084, 0.4, 50, 100, 17, 820, 5000, 20
0, 12000, 100, 209, 187, 7598190, 6504320, 0.4, 50, 100, 17, 632, 5000, 20
0, 12000, 115, 223, 201, 7669251, 6377382, 0.4, 50, 100, 17, 476, 5000, 20
0, 12000, 99, 209, 201, 7784667, 6512133, 0.4, 50, 100, 17, 468, 5000, 20
0, 12000, 99, 206, 177, 7748170, 6570668, 0.4, 50, 100, 17, 478, 5000, 20
0, 12000, 120, 215, 188, 7892837, 6605319, 0.4, 50, 100, 17, 570, 5000, 20
0, 12000, 89, 206, 173, 7715217, 6562809, 0.4, 50, 100, 17, 416, 5000, 20
0, 12000, 115, 227, 192, 7753341, 6655647, 0.4, 50, 100, 17, 485, 5000, 20
0, 12000, 104, 213, 182, 7783636, 6586127, 0.4, 50, 100, 17, 602, 5000, 20
0, 12000, 103, 205, 174, 8151918, 6780195, 0.4, 50, 100, 17, 488, 5000, 20
0, 12000, 103, 217, 187, 7530655, 6524624, 0.4, 50, 100, 17, 601, 5000, 20
0, 12000, 93, 224, 200, 7663639, 6579790, 0.4, 50, 100, 17, 598, 5000, 20
0, 12000, 95, 207, 175, 7738954, 6584497, 0.4, 50, 100, 17, 618, 5000, 20
0, 12000, 93, 217, 173, 7650429, 6331634, 0.4, 50, 100, 17, 482, 5000, 20
0, 12000, 108, 209, 188, 7994663, 6765329, 0.4, 50, 100, 17, 557, 5000, 20
0, 12000, 99, 197, 189, 7599617, 6490983, 0.4, 50, 100, 17, 467, 5000, 20
0, 12000, 105, 216, 190, 7619587, 6454029, 0.4, 50, 100, 17, 475, 5000, 20
0, 12000, 97, 201, 171, 7858569, 6736904, 0.4, 50, 100, 17, 530, 5000, 20
0, 12000, 86, 193, 160, 7771936, 6518971, 0.4, 50, 100, 17, 455, 5000, 20
0, 12000, 92, 200, 150, 7920598, 6451121, 0.4, 50, 100, 17, 556, 5000, 20
0, 12000, 116, 230, 194, 7780525, 6569030, 0.4, 50, 100, 17, 571, 5000, 20
0, 12000, 111, 227, 177, 7743319, 6556008, 0.4, 50, 100, 17, 493, 5000, 20
0, 12000, 101, 205, 197, 7893029, 6623427, 0.4, 50, 100, 17, 531, 5000, 20
0, 12000, 95, 217, 187, 7859031, 6648045, 0.4, 50, 100, 17, 524, 5000, 20
0, 12000, 109, 221, 186, 7858541, 6469862, 0.4, 50, 100, 17, 591, 5000, 20
0, 12000, 113, 238, 190, 7791147, 6492513, 0.4, 50, 100, 17, 603, 5000, 20
0, 12000, 110, 202, 189, 7639893, 6778878, 0.4, 50, 100, 17, 621, 5000, 20
0, 12000, 90, 217, 192, 7867132, 6851244, 0.4, 50, 100, 17, 591, 5000, 20
0, 12000, 82, 189, 154, 7894961, 6671733, 0.4, 50, 100, 17, 662, 5000, 20
0, 12000, 102, 227, 196, 7627871, 6562407, 0.4, 50, 100, 17, 702, 5000, 20
0, 12000, 96, 214, 189, 7501756, 6314887, 0.4, 50, 100, 17, 502, 5000, 20
0, 12000, 111, 220, 187, 7734064, 6589302, 0.4, 50, 100, 17, 609, 5000, 20
0, 12000, 101, 213, 185, 7798313, 6610085, 0.4, 50, 100, 17, 702, 5000, 20
0, 12000, 86, 201, 175, 7803952, 6753181, 0.4, 50, 100, 17, 405, 5000, 20
0, 12000, 108, 212, 187, 7757551, 6394095, 0.4, 50, 100, 17, 473, 5000, 20
0, 12000, 92, 178, 168, 7965876, 6693383, 0.4, 50, 100, 17, 535, 5000, 20
0, 12000, 111, 221, 201, 7564581, 6389694, 0.4, 50, 100, 17, 502, 5000, 20
0, 12000, 119, 231, 208, 7706663, 6364321, 0.4, 50, 100, 17, 505, 5000, 20
0, 12000, 101, 210, 180, 7740120, 6841018, 0.4, 50, 100, 17, 458, 5000, 20
0, 12000, 102, 221, 184, 8126378, 6925945, 0.4, 50, 100, 17, 792, 5000, 20
0, 12000, 111, 200, 196, 7844861, 6867936, 0.4, 50, 100, 17, 549, 5000, 20
0, 12000, 104, 231, 227, 7516751, 6371123, 0.4, 50, 100, 17, 529, 5000, 20
0, 12000, 113, 228, 192, 7745277, 6549727, 0.4, 50, 100, 17, 511, 5000, 20
0, 12000, 98, 214, 193, 7478047, 6288778, 0.4, 50, 100, 17, 462, 5000, 20
0, 12000, 118, 212, 183, 7832474, 6684553, 0.4, 50, 100, 17, 592, 5000, 20
0, 12000, 98, 209, 175, 7713996, 6623112, 0.4, 50, 100, 17, 486, 5000, 20
0, 12000, 97, 218, 181, 7894069, 6464090, 0.4, 50, 100, 17, 545, 5000, 20
0, 12000, 101, 212, 176, 7814549, 6769532, 0.4, 50, 100, 17, 515, 5000, 20
0, 12000, 97, 217, 196, 7687019, 6568151, 0.4, 50, 100, 17, 459, 5000, 20
0, 12000, 113, 219, 195, 8026116, 6596605, 0.4, 50, 100, 17, 430, 5000, 20
0, 12000, 92, 212, 173, 7833131, 6406356, 0.4, 50, 100, 17, 534, 5000, 20
0, 12000, 115, 234, 207, 7588551, 6594119, 0.4, 50, 100, 17, 663, 5000, 20
0, 12000, 101, 238, 198, 7523202, 6402665, 0.4, 50, 100, 17, 497, 5000, 20
0, 12000, 100, 200, 182, 7618927, 6441271, 0.4, 50, 100, 17, 455, 5000, 20
0, 12000, 102, 220, 181, 7712044, 6573475, 0.4, 50, 100, 17, 515, 5000, 20
0, 12000, 96, 193, 170, 7602076, 6414835, 0.4, 50, 100, 17, 546, 5000, 20
0, 12000, 109, 217, 191, 7811385, 6699039, 0.4, 50, 100, 17, 455, 5000, 20
0, 12000, 104, 212, 181, 7825879, 6656814, 0.4, 50, 100, 17, 674, 5000, 20
0, 12000, 115, 235, 197, 7765294, 6652063, 0.4, 50, 100, 17, 449, 5000, 20
0, 12000, 93, 216, 177, 7637136, 6372641, 0.4, 50, 100, 17, 449, 5000, 20
0, 12000, 109, 225, 192, 7777993, 6552073, 0.4, 50, 100, 17, 496, 5000, 20
0, 12000, 91, 208, 180, 7679365, 6613055, 0.4, 50, 100, 17, 516, 5000, 20
0, 12000, 98, 224, 183, 7976883, 6605921, 0.4, 50, 100, 17, 636, 5000, 20
0, 12000, 97, 205, 157, 7932520, 6935268, 0.4, 50, 100, 17, 621, 5000, 20
0, 12000, 107, 208, 188, 7666310, 6464565, 0.4, 50, 100, 17, 580, 5000, 20
0, 12000, 87, 184, 160, 7859033, 6729813, 0.4, 50, 100, 17, 523, 5000, 20
0, 12000, 113, 218, 195, 7563472, 6488021, 0.4, 50, 100, 17, 483, 5000, 20
0, 12000, 93, 212, 177, 7895008, 6596132, 0.4, 50, 100, 17, 474, 5000, 20
0, 12000, 89, 208, 164, 7923201, 6622848, 0.4, 50, 100, 17, 497, 5000, 20
0, 12000, 90, 188, 161, 7796187, 6498361, 0.4, 50, 100, 17, 729, 5000, 20
0, 12000, 95, 220, 184, 7765111, 6393691, 0.4, 50, 100, 17, 564, 5000, 20
0, 12000, 109, 227, 198, 8567331, 7246238, 0.4, 50, 100, 19, 588, 5000, 20
0, 12000, 98, 219, 176, 8626329, 7324763, 0.4, 50, 100, 19, 634, 5000, 20
0, 12000, 98, 206, 179, 7624683, 6430740, 0.4, 50, 100, 17, 682, 5000, 20
0, 12000, 94, 211, 199, 8699291, 7406327, 0.4, 50, 100, 19, 686, 5000, 20
0, 12000, 96, 224, 184, 9010411, 7510973, 0.4, 50, 100, 19, 692, 5000, 20
0, 12000, 102, 218, 186, 8750352, 7593028, 0.4, 50, 100, 19, 681, 5000, 20
0, 12000, 107, 234, 210, 8915789, 7341036, 0.4, 50, 100, 19, 565, 5000, 20
0, 12000, 113, 203, 184, 8567330, 7265506, 0.4, 50, 100, 19, 593, 5000, 20
0, 12000, 113, 217, 188, 8601894, 7562261, 0.4, 50, 100, 19, 619, 5000, 20
0, 12000, 86, 190, 167, 8941483, 7615267, 0.4, 50, 100, 19, 558, 5000, 20
0, 12000, 90, 190, 161, 8917870, 7486335, 0.4, 50, 100, 19, 639, 5000, 20
0, 12000, 103, 206, 180, 8893470, 7526229, 0.4, 50, 100, 19, 678, 5000, 20
0, 12000, 101, 226, 176, 8493159, 7368522, 0.4, 50, 100, 19, 526, 5000, 20
0, 12000, 109, 220, 202, 8633922, 7315751, 0.4, 50, 100, 19, 701, 5000, 20
0, 12000, 112, 203, 195, 8643116, 7465940, 0.4, 50, 100, 19, 524, 5000, 20
0, 12000, 76, 175, 159, 8914089, 7370687, 0.4, 50, 100, 19, 646, 5000, 20
0, 12000, 88, 197, 169, 8831346, 7600668, 0.4, 50, 100, 19, 604, 5000, 20
0, 12000, 118, 211, 206, 8813356, 7542516, 0.4, 50, 100, 19, 748, 5000, 20
0, 12000, 119, 221, 200, 8764589, 7241640, 0.4, 50, 100, 19, 718, 5000, 20
0, 12000, 111, 226, 178, 8751430, 7148040, 0.4, 50, 100, 19, 589, 5000, 20
0, 12000, 90, 207, 184, 8835762, 7468324, 0.4, 50, 100, 19, 536, 5000, 20
0, 12000, 93, 182, 171, 8507790, 7429002, 0.4, 50, 100, 19, 742, 5000, 20
0, 12000, 79, 184, 146, 8554975, 7136625, 0.4, 50, 100, 19, 594, 5000, 20
0, 12000, 115, 216, 196, 8462758, 7345038, 0.4, 50, 100, 19, 557, 5000, 20
0, 12000, 100, 229, 203, 8517079, 7429751, 0.4, 50, 100, 19, 875, 5000, 20
0, 12000, 87, 216, 177, 8508967, 7139168, 0.4, 50, 100, 19, 595, 5000, 20
0, 12000, 107, 224, 196, 8518933, 7391825, 0.4, 50, 100, 19, 605, 5000, 20
0, 12000, 103, 210, 176, 9009838, 7503805, 0.4, 50, 100, 19, 670, 5000, 20
0, 12000, 113, 229, 193, 9034764, 7584380, 0.4, 50, 100, 19, 762, 5000, 20
0, 12000, 104, 221, 191, 8577861, 7246172, 0.4, 50, 100, 19, 694, 5000, 20
0, 12000, 110, 225, 177, 8692701, 7385945, 0.4, 50, 100, 19, 666, 5000, 20
0, 12000, 96, 210, 180, 8765104, 7488066, 0.4, 50, 100, 19, 617, 5000, 20
0, 12000, 106, 204, 180, 9123235, 7613110, 0.4, 50, 100, 19, 750, 5000, 20
0, 12000, 95, 220, 192, 8641744, 7503746, 0.4, 50, 100, 19, 729, 5000, 20
0, 12000, 106, 225, 198, 8647909, 7346922, 0.4, 50, 100, 19, 654, 5000, 20
0, 12000, 108, 204, 183, 8763432, 7404308, 0.4, 50, 100, 19, 626, 5000, 20
0, 12000, 101, 203, 174, 8565341, 7234311, 0.4, 50, 100, 19, 637, 5000, 20
0, 12000, 102, 216, 193, 8743786, 7454683, 0.4, 50, 100, 19, 623, 5000, 20
0, 12000, 80, 192, 162, 8420446, 7213228, 0.4, 50, 100, 19, 753, 5000, 20
0, 12000, 96, 206, 172, 8572573, 7275956, 0.4, 50, 100, 19, 713, 5000, 20
0, 12000, 84, 197, 177, 8671835, 7541547, 0.4, 50, 100, 19, 649, 5000, 20
0, 12000, 93, 213, 179, 8621394, 7191704, 0.4, 50, 100, 19, 610, 5000, 20
0, 12000, 109, 205, 186, 8603581, 7325049, 0.4, 50, 100, 19, 595, 5000, 20
0, 12000, 91, 202, 181, 8687763, 7512769, 0.4, 50, 100, 19, 596, 5000, 20
0, 12000, 109, 214, 186, 8863070, 7211027, 0.4, 50, 100, 19, 850, 5000, 20
0, 12000, 101, 211, 174, 8671205, 7432989, 0.4, 50, 100, 19, 917, 5000, 20
0, 12000, 103, 234, 193, 8693488, 7355694, 0.4, 50, 100, 19, 739, 5000, 20
0, 12000, 100, 223, 200, 8481174, 7265833, 0.4, 50, 100, 19, 746, 5000, 20
0, 12000, 83, 204, 161, 8594297, 7393920, 0.4, 50, 100, 19, 584, 5000, 20
0, 12000, 111, 227, 184, 8812025, 7489380, 0.4, 50, 100, 19, 830, 5000, 20
0, 12000, 100, 225, 196, 8592144, 7313435, 0.4, 50, 100, 19, 949, 5000, 20
0, 12000, 107, 221, 200, 8422928, 7184835, 0.4, 50, 100, 19, 638, 5000, 20
0, 12000, 90, 191, 164, 8663511, 7380207, 0.4, 50, 100, 19, 862, 5000, 20
0, 12000, 115, 223, 187, 8608516, 7098949, 0.4, 50, 100, 19, 762, 5000, 20
0, 12000, 109, 221, 197, 8410078, 7418719, 0.4, 50, 100, 19, 835, 5000, 20
0, 12000, 95, 203, 178, 8915410, 7607806, 0.4, 50, 100, 19, 790, 5000, 20
0, 12000, 114, 229, 191, 8966101, 7465115, 0.4, 50, 100, 19, 769, 5000, 20
0, 12000, 103, 219, 189, 8580656, 7272165, 0.4, 50, 100, 19, 736, 5000, 20
0, 12000, 101, 218, 200, 8467612, 7143192, 0.4, 50, 100, 19, 780, 5000, 20
0, 12000, 127, 229, 207, 8658543, 7468445, 0.4, 50, 100, 19, 868, 5000, 20
0, 12000, 94, 199, 184, 8724548, 7338294, 0.4, 50, 100, 19, 633, 5000, 20
0, 12000, 97, 207, 176, 8570545, 7275195, 0.4, 50, 100, 19, 584, 5000, 20
0, 12000, 100, 228, 173, 8677660, 7286030, 0.4, 50, 100, 19, 589, 5000, 20
0, 12000, 98, 217, 180, 9050474, 7666563, 0.4, 50, 100, 19, 560, 5000, 20
0, 12000, 101, 221, 181, 8740146, 7317270, 0.4, 50, 100, 19, 625, 5000, 20
0, 12000, 116, 227, 186, 8700716, 7530331, 0.4, 50, 100, 19, 869, 5000, 20
0, 12000, 99, 207, 193, 8608944, 7377987, 0.4, 50, 100, 19, 910, 5000, 20
0, 12000, 97, 209, 170, 8610563, 7244994, 0.4, 50, 100, 19, 581, 5000, 20
0, 12000, 86, 195, 156, 8648093, 7266253, 0.4, 50, 100, 19, 590, 5000, 20
0, 12000, 99, 208, 174, 8609748, 7207031, 0.4, 50, 100, 19, 609, 5000, 20
0, 12000, 107, 225, 193, 8745779, 7237385, 0.4, 50, 100, 19, 660, 5000, 20
0, 12000, 104, 217, 185, 8655439, 7375457, 0.4, 50, 100, 19, 547, 5000, 20
0, 12000, 101, 217, 185, 8867802, 7515740, 0.4, 50, 100, 19, 610, 5000, 20
0, 12000, 85, 186, 164, 8709749, 7515639, 0.4, 50, 100, 19, 668, 5000, 20
0, 12000, 108, 228, 190, 8800254, 7391291, 0.4, 50, 100, 19, 531, 5000, 20
0, 12000, 90, 196, 162, 8823353, 7611254, 0.4, 50, 100, 19, 848, 5000, 20
0, 12000, 100, 219, 183, 8845952, 7431621, 0.4, 50, 100, 19, 747, 5000, 20
0, 12000, 106, 229, 197, 8740290, 7402103, 0.4, 50, 100, 19, 746, 5000, 20
0, 12000, 90, 194, 163, 8682020, 7336392, 0.4, 50, 100, 19, 978, 5000, 20
0, 12000, 99, 205, 189, 8479906, 7289680, 0.4, 50, 100, 19, 805, 5000, 20
0, 12000, 105, 223, 195, 8478498, 7229088, 0.4, 50, 100, 19, 599, 5000, 20
0, 12000, 106, 220, 193, 8872379, 7375815, 0.4, 50, 100, 19, 734, 5000, 20
0, 12000, 105, 212, 203, 8538400, 7324737, 0.4, 50, 100, 19, 525, 5000, 20
0, 12000, 120, 240, 219, 8618175, 7301901, 0.4, 50, 100, 19, 754, 5000, 20
0, 12000, 112, 211, 198, 8666244, 7345550, 0.4, 50, 100, 19, 827, 5000, 20
0, 12000, 106, 220, 196, 8497826, 7387869, 0.4, 50, 100, 19, 623, 5000, 20
0, 12000, 101, 213, 184, 8775262, 7399554, 0.4, 50, 100, 19, 676, 5000, 20
0, 12000, 126, 239, 218, 8597619, 7191328, 0.4, 50, 100, 19, 814, 5000, 20
0, 12000, 113, 230, 199, 8852980, 7357247, 0.4, 50, 100, 19, 592, 5000, 20
0, 12000, 114, 235, 204, 8338464, 7213539, 0.4, 50, 100, 19, 826, 5000, 20
0, 12000, 121, 216, 186, 8786858, 7620721, 0.4, 50, 100, 19, 544, 5000, 20
0, 12000, 108, 208, 192, 8911343, 7404477, 0.4, 50, 100, 19, 670, 5000, 20
0, 12000, 108, 207, 183, 8799926, 7463766, 0.4, 50, 100, 19, 629, 5000, 20
0, 12000, 112, 218, 190, 8818029, 7486635, 0.4, 50, 100, 19, 554, 5000, 20
0, 12000, 107, 209, 189, 8867247, 7561127, 0.4, 50, 100, 19, 614, 5000, 20
0, 12000, 115, 218, 184, 8784199, 7392649, 0.4, 50, 100, 19, 820, 5000, 20
0, 12000, 96, 224, 191, 8551325, 7198880, 0.4, 50, 100, 19, 661, 5000, 20
0, 12000, 102, 216, 187, 8852731, 7420636, 0.4, 50, 100, 19, 753, 5000, 20
0, 12000, 114, 212, 177, 8735709, 7229821, 0.4, 50, 100, 19, 752, 5000, 20
0, 12000, 114, 232, 211, 9695329, 8345014, 0.4, 50, 100, 21, 685, 5000, 20
0, 12000, 106, 221, 196, 9780463, 8130913, 0.4, 50, 100, 21, 726, 5000, 20
0, 12000, 114, 225, 206, 8674361, 7303614, 0.4, 50, 100, 19, 1245, 5000, 20
0, 12000, 101, 215, 193, 8342847, 7244826, 0.4, 50, 100, 19, 840, 5000, 20
0, 12000, 106, 216, 199, 9755641, 8369600, 0.4, 50, 100, 21, 731, 5000, 20
0, 12000, 110, 205, 201, 9361838, 7839380, 0.4, 50, 100, 21, 810, 5000, 20
0, 12000, 111, 225, 190, 9606062, 8262446, 0.4, 50, 100, 21, 709, 5000, 20
0, 12000, 99, 217, 188, 9493941, 8049706, 0.4, 50, 100, 21, 692, 5000, 20
0, 12000, 101, 219, 191, 9920558, 8162096, 0.4, 50, 100, 21, 808, 5000, 20
0, 12000, 104, 213, 188, 9467040, 7947458, 0.4, 50, 100, 21, 1000, 5000, 20
0, 12000, 117, 219, 186, 9251351, 7964123, 0.4, 50, 100, 21, 799, 5000, 20
0, 12000, 101, 212, 187, 9505991, 8118945, 0.4, 50, 100, 21, 893, 5000, 20
0, 12000, 106, 199, 181, 9646100, 8205504, 0.4, 50, 100, 21, 933, 5000, 20
0, 12000, 107, 209, 169, 9606047, 8138286, 0.4, 50, 100, 21, 931, 5000, 20
0, 12000, 98, 215, 190, 9367033, 7960531, 0.4, 50, 100, 21, 958, 5000, 20
0, 12000, 103, 218, 182, 9610493, 8271411, 0.4, 50, 100, 21, 776, 5000, 20
0, 12000, 105, 224, 179, 9839073, 8285721, 0.4, 50, 100, 21, 704, 5000, 20
0, 12000, 111, 221, 190, 9376382, 7991025, 0.4, 50, 100, 21, 751, 5000, 20
0, 12000, 103, 205, 178, 9549382, 8104634, 0.4, 50, 100, 21, 1017, 5000, 20
0, 12000, 105, 222, 176, 9510491, 8291560, 0.4, 50, 100, 21, 990, 5000, 20
0, 12000, 93, 192, 177, 9473277, 8262757, 0.4, 50, 100, 21, 1007, 5000, 20
0, 12000, 83, 201, 166, 9638517, 8341926, 0.4, 50, 100, 21, 882, 5000, 20
0, 12000, 111, 221, 179, 9424434, 7997682, 0.4, 50, 100, 21, 734, 5000, 20
0, 12000, 98, 205, 182, 9474521, 8188905, 0.4, 50, 100, 21, 669, 5000, 20
0, 12000, 94, 210, 188, 9393849, 7893973, 0.4, 50, 100, 21, 806, 5000, 20
0, 12000, 113, 209, 193, 9575382, 8126980, 0.4, 50, 100, 21, 1004, 5000, 20
0, 12000, 101, 200, 183, 9579851, 8214574, 0.4, 50, 100, 21, 838, 5000, 20
0, 12000, 103, 208, 184, 9698498, 8396078, 0.4, 50, 100, 21, 1045, 5000, 20
0, 12000, 92, 197, 162, 9964578, 8526645, 0.4, 50, 100, 21, 755, 5000, 20
0, 12000, 109, 218, 188, 9626586, 8241983, 0.4, 50, 100, 21, 940, 5000, 20
0, 12000, 108, 228, 204, 9585357, 8262671, 0.4, 50, 100, 21, 1134, 5000, 20
0, 12000, 107, 226, 193, 9692298, 8170860, 0.4, 50, 100, 21, 1086, 5000, 20
0, 12000, 96, 197, 172, 9338166, 7855962, 0.4, 50, 100, 21, 886, 5000, 20
0, 12000, 101, 204, 173, 9639411, 8152618, 0.4, 50, 100, 21, 776, 5000, 20
0, 12000, 103, 233, 182, 9614283, 8220255, 0.4, 50, 100, 21, 713, 5000, 20
0, 12000, 113, 230, 179, 9436913, 8009954, 0.4, 50, 100, 21, 819, 5000, 20
0, 12000, 100, 209, 185, 9820747, 8122331, 0.4, 50, 100, 21, 1002, 5000, 20
0, 12000, 98, 210, 184, 9399753, 7941463, 0.4, 50, 100, 21, 698, 5000, 20
0, 12000, 91, 227, 196, 9420193, 7830073, 0.4, 50, 100, 21, 1156, 5000, 20
0, 12000, 109, 212, 198, 9550141, 8183472, 0.4, 50, 100, 21, 916, 5000, 20
0, 12000, 108, 227, 188, 9343628, 8020346, 0.4, 50, 100, 21, 734, 5000, 20
0, 12000, 118, 223, 200, 9778905, 8385807, 0.4, 50, 100, 21, 884, 5000, 20
0, 12000, 110, 221, 177, 9856119, 8224193, 0.4, 50, 100, 21, 1292, 5000, 20
0, 12000, 106, 217, 187, 9585361, 8097952, 0.4, 50, 100, 21, 982, 5000, 20
0, 12000, 112, 187, 185, 9721046, 8210861, 0.4, 50, 100, 21, 1118, 5000, 20
0, 12000, 117, 223, 216, 9719513, 8223986, 0.4, 50, 100, 21, 1069, 5000, 20
0, 12000, 110, 222, 191, 9751537, 8206548, 0.4, 50, 100, 21, 879, 5000, 20
0, 12000, 85, 208, 162, 9473836, 8130256, 0.4, 50, 100, 21, 987, 5000, 20
0, 12000, 91, 213, 173, 9573843, 8142735, 0.4, 50, 100, 21, 715, 5000, 20
0, 12000, 107, 211, 191, 9504888, 8212074, 0.4, 50, 100, 21, 912, 5000, 20
0, 12000, 109, 213, 181, 9807050, 8392928, 0.4, 50, 100, 21, 865, 5000, 20
0, 12000, 94, 218, 169, 9668154, 8272032, 0.4, 50, 100, 21, 1023, 5000, 20
0, 12000, 103, 213, 195, 9698472, 8194315, 0.4, 50, 100, 21, 786, 5000, 20
0, 12000, 103, 214, 183, 9706599, 8079501, 0.4, 50, 100, 21, 768, 5000, 20
0, 12000, 90, 194, 181, 9840948, 8612880, 0.4, 50, 100, 21, 811, 5000, 20
0, 12000, 99, 197, 171, 9618801, 8124514, 0.4, 50, 100, 21, 1070, 5000, 20
0, 12000, 110, 224, 189, 9575200, 8127904, 0.4, 50, 100, 21, 1208, 5000, 20
0, 12000, 95, 201, 176, 9604643, 8093019, 0.4, 50, 100, 21, 1354, 5000, 20
0, 12000, 109, 213, 196, 9777003, 8379858, 0.4, 50, 100, 21, 957, 5000, 20
0, 12000, 116, 223, 198, 9704517, 8147909, 0.4, 50, 100, 21, 1756, 5000, 20
0, 12000, 114, 225, 187, 9795486, 8279560, 0.4, 50, 100, 21, 964, 5000, 20
0, 12000, 103, 204, 188, 9747442, 8262595, 0.4, 50, 100, 21, 669, 5000, 20
0, 12000, 107, 200, 186, 9599825, 8218566, 0.4, 50, 100, 21, 779, 5000, 20
0, 12000, 94, 199, 167, 9692766, 8154007, 0.4, 50, 100, 21, 769, 5000, 20
0, 12000, 99, 190, 161, 9481352, 7936823, 0.4, 50, 100, 21, 1133, 5000, 20
0, 12000, 94, 209, 169, 9629731, 8029827, 0.4, 50, 100, 21, 795, 5000, 20
0, 12000, 108, 219, 190, 9424206, 8152180, 0.4, 50, 100, 21, 947, 5000, 20
0, 12000, 110, 216, 184, 9664847, 8179194, 0.4, 50, 100, 21, 713, 5000, 20
0, 12000, 111, 221, 183, 9746890, 8054730, 0.4, 50, 100, 21, 1061, 5000, 20
0, 12000, 93, 205, 174, 9864439, 8309605, 0.4, 50, 100, 21, 770, 5000, 20
0, 12000, 94, 200, 161, 9425515, 7966340, 0.4, 50, 100, 21, 851, 5000, 20
0, 12000, 110, 233, 198, 9425576, 7944544, 0.4, 50, 100, 21, 717, 5000, 20
0, 12000, 98, 216, 161, 9485994, 8263825, 0.4, 50, 100, 21, 848, 5000, 20
0, 12000, 94, 212, 178, 9681212, 8240603, 0.4, 50, 100, 21, 828, 5000, 20
0, 12000, 94, 178, 181, 9654966, 8349350, 0.4, 50, 100, 21, 1140, 5000, 20
0, 12000, 108, 223, 197, 9516552, 8172270, 0.4, 50, 100, 21, 774, 5000, 20
0, 12000, 119, 219, 207, 9493452, 8181890, 0.4, 50, 100, 21, 935, 5000, 20
0, 12000, 106, 213, 180, 9668544, 8176808, 0.4, 50, 100, 21, 804, 5000, 20
0, 12000, 98, 221, 183, 9539434, 8180238, 0.4, 50, 100, 21, 815, 5000, 20
0, 12000, 104, 214, 176, 9803985, 8139096, 0.4, 50, 100, 21, 1056, 5000, 20
0, 12000, 86, 205, 177, 9459011, 8033976, 0.4, 50, 100, 21, 1295, 5000, 20
0, 12000, 94, 201, 186, 9607062, 8075158, 0.4, 50, 100, 21, 937, 5000, 20
0, 12000, 98, 209, 179, 9822944, 8142496, 0.4, 50, 100, 21, 905, 5000, 20
0, 12000, 97, 186, 172, 9673550, 8243185, 0.4, 50, 100, 21, 807, 5000, 20
0, 12000, 94, 208, 180, 9534217, 8049568, 0.4, 50, 100, 21, 1095, 5000, 20
0, 12000, 93, 195, 200, 9502712, 8208155, 0.4, 50, 100, 21, 808, 5000, 20
0, 12000, 100, 201, 175, 9438283, 8050677, 0.4, 50, 100, 21, 720, 5000, 20
0, 12000, 107, 210, 177, 9672497, 8098279, 0.4, 50, 100, 21, 1186, 5000, 20
0, 12000, 116, 218, 191, 9724309, 8125499, 0.4, 50, 100, 21, 1013, 5000, 20
0, 12000, 98, 218, 198, 9612628, 8110624, 0.4, 50, 100, 21, 1092, 5000, 20
0, 12000, 106, 224, 188, 9802852, 8080207, 0.4, 50, 100, 21, 957, 5000, 20
0, 12000, 104, 216, 181, 9655315, 8239533, 0.4, 50, 100, 21, 822, 5000, 20
0, 12000, 94, 211, 199, 9476720, 8023029, 0.4, 50, 100, 21, 1022, 5000, 20
0, 12000, 88, 198, 163, 9429333, 8061335, 0.4, 50, 100, 21, 752, 5000, 20
0, 12000, 100, 205, 198, 9663530, 8428153, 0.4, 50, 100, 21, 745, 5000, 20
0, 12000, 83, 195, 167, 9450546, 7978454, 0.4, 50, 100, 21, 830, 5000, 20
0, 12000, 114, 222, 177, 9734075, 8220248, 0.4, 50, 100, 21, 965, 5000, 20
0, 12000, 109, 208, 191, 9572775, 8175781, 0.4, 50, 100, 21, 765, 5000, 20
0, 12000, 112, 221, 195, 9576115, 8269643, 0.4, 50, 100, 21, 912, 5000, 20
0, 12000, 106, 219, 192, 9516154, 8009338, 0.4, 50, 100, 21, 1007, 5000, 20
0, 12000, 106, 221, 192, 9389188, 7879127, 0.4, 50, 100, 21, 989, 5000, 20
0, 12000, 90, 194, 174, 9455686, 8165936, 0.4, 50, 100, 21, 1194, 5000, 20
0, 12000, 95, 214, 187, 14005579, 11806569, 0.4, 50, 100, 30, 1550, 5000, 20
0, 12000, 104, 213, 180, 13879143, 11671439, 0.4, 50, 100, 30, 1616, 5000, 20
0, 12000, 90, 202, 171, 13835134, 11532007, 0.4, 50, 100, 30, 1709, 5000, 20
0, 12000, 104, 217, 201, 13881053, 11540744, 0.4, 50, 100, 30, 1618, 5000, 20
0, 12000, 97, 207, 188, 13947619, 11923934, 0.4, 50, 100, 30, 1707, 5000, 20
0, 12000, 91, 209, 197, 13663041, 11711538, 0.4, 50, 100, 30, 1989, 5000, 20
0, 12000, 104, 224, 186, 13855014, 11934487, 0.4, 50, 100, 30, 1447, 5000, 20
0, 12000, 100, 214, 194, 13796257, 11632507, 0.4, 50, 100, 30, 1608, 5000, 20
0, 12000, 89, 191, 140, 14494773, 11918212, 0.4, 50, 100, 30, 1966, 5000, 20
0, 12000, 103, 225, 177, 13676018, 11423332, 0.4, 50, 100, 30, 1671, 5000, 20
0, 12000, 84, 194, 165, 13756709, 12067343, 0.4, 50, 100, 30, 1937, 5000, 20
0, 12000, 98, 206, 185, 13764283, 11796256, 0.4, 50, 100, 30, 1987, 5000, 20
0, 12000, 81, 196, 169, 13737686, 11579584, 0.4, 50, 100, 30, 2450, 5000, 20
0, 12000, 101, 217, 190, 13173382, 11484687, 0.4, 50, 100, 30, 2209, 5000, 20
0, 12000, 115, 220, 197, 13885955, 11765184, 0.4, 50, 100, 30, 2139, 5000, 20
0, 12000, 102, 189, 172, 13793120, 11805545, 0.4, 50, 100, 30, 1807, 5000, 20
0, 12000, 89, 199, 162, 13869591, 11641138, 0.4, 50, 100, 30, 1674, 5000, 20
0, 12000, 105, 206, 187, 13783571, 11746765, 0.4, 50, 100, 30, 1838, 5000, 20
0, 12000, 91, 192, 164, 13793712, 11870024, 0.4, 50, 100, 30, 2129, 5000, 20
0, 12000, 90, 181, 164, 13679469, 11459856, 0.4, 50, 100, 30, 1954, 5000, 20
0, 12000, 103, 217, 196, 13608266, 11455069, 0.4, 50, 100, 30, 2348, 5000, 20
0, 12000, 112, 215, 193, 13550770, 11475791, 0.4, 50, 100, 30, 2283, 5000, 20
0, 12000, 99, 226, 181, 13671494, 11668642, 0.4, 50, 100, 30, 2259, 5000, 20
0, 12000, 107, 223, 202, 13389061, 11361618, 0.4, 50, 100, 30, 2174, 5000, 20
0, 12000, 113, 229, 194, 13695837, 11593932, 0.4, 50, 100, 30, 2095, 5000, 20
0, 12000, 88, 199, 153, 13765109, 11935919, 0.4, 50, 100, 30, 2080, 5000, 20
0, 12000, 109, 211, 186, 13426857, 11357375, 0.4, 50, 100, 30, 2938, 5000, 20
0, 12000, 96, 202, 179, 13804597, 11804111, 0.4, 50, 100, 30, 2500, 5000, 20
0, 12000, 102, 223, 193, 13441148, 11492062, 0.4, 50, 100, 30, 2627, 5000, 20
0, 12000, 98, 206, 174, 13628795, 11608359, 0.4, 50, 100, 30, 3023, 5000, 20
0, 12000, 101, 207, 193, 13717315, 11684062, 0.4, 50, 100, 30, 1834, 5000, 20
0, 12000, 91, 225, 189, 13750909, 11641708, 0.4, 50, 100, 30, 2122, 5000, 20
0, 12000, 100, 202, 168, 13624324, 11542090, 0.4, 50, 100, 30, 1931, 5000, 20
0, 12000, 95, 209, 194, 13870848, 11557186, 0.4, 50, 100, 30, 2574, 5000, 20
0, 12000, 101, 205, 218, 14058466, 11896388, 0.4, 50, 100, 30, 1764, 5000, 20
0, 12000, 69, 176, 135, 13709040, 11504416, 0.4, 50, 100, 30, 1794, 5000, 20
0, 12000, 101, 221, 181, 13515631, 11303862, 0.4, 50, 100, 30, 1810, 5000, 20
0, 12000, 105, 216, 187, 13867545, 11814948, 0.4, 50, 100, 30, 2035, 5000, 20
0, 12000, 96, 213, 170, 13585832, 11553887, 0.4, 50, 100, 30, 2108, 5000, 20
0, 12000, 92, 209, 186, 13764968, 11655651, 0.4, 50, 100, 30, 1718, 5000, 20
0, 12000, 108, 203, 192, 14017453, 11645950, 0.4, 50, 100, 30, 1809, 5000, 20
0, 12000, 114, 229, 197, 13558478, 11341663, 0.4, 50, 100, 30, 1676, 5000, 20
0, 12000, 98, 219, 190, 13742649, 11455462, 0.4, 50, 100, 30, 1795, 5000, 20
0, 12000, 96, 211, 171, 14139729, 11971696, 0.4, 50, 100, 30, 2515, 5000, 20
0, 12000, 118, 228, 199, 13775391, 11586846, 0.4, 50, 100, 30, 1654, 5000, 20
0, 12000, 101, 204, 191, 13809812, 11654195, 0.4, 50, 100, 30, 2087, 5000, 20
0, 12000, 116, 215, 193, 13750955, 11644915, 0.4, 50, 100, 30, 2150, 5000, 20
0, 12000, 94, 197, 181, 13528251, 11649734, 0.4, 50, 100, 30, 1843, 5000, 20
0, 12000, 101, 218, 187, 13965426, 11847525, 0.4, 50, 100, 30, 1720, 5000, 20
0, 12000, 93, 205, 182, 13855973, 11791540, 0.4, 50, 100, 30, 1810, 5000, 20
0, 12000, 105, 212, 191, 14183180, 12033473, 0.4, 50, 100, 30, 1919, 5000, 20
0, 12000, 119, 225, 191, 14343895, 11856025, 0.4, 50, 100, 30, 2045, 5000, 20
0, 12000, 95, 206, 182, 13479681, 11462979, 0.4, 50, 100, 30, 2099, 5000, 20
0, 12000, 104, 226, 195, 13805980, 11827072, 0.4, 50, 100, 30, 2069, 5000, 20
0, 12000, 100, 213, 179, 13654862, 11701339, 0.4, 50, 100, 30, 2223, 5000, 20
0, 12000, 114, 224, 190, 13625784, 11662267, 0.4, 50, 100, 30, 2083, 5000, 20
0, 12000, 101, 218, 179, 13874666, 11402359, 0.4, 50, 100, 30, 2163, 5000, 20
0, 12000, 101, 223, 180, 13590646, 11838934, 0.4, 50, 100, 30, 2185, 5000, 20
0, 12000, 101, 234, 195, 13777366, 11357314, 0.4, 50, 100, 30, 1895, 5000, 20
0, 12000, 99, 204, 172, 13781791, 11740209, 0.4, 50, 100, 30, 1925, 5000, 20
0, 12000, 116, 226, 191, 13912981, 11687729, 0.4, 50, 100, 30, 2416, 5000, 20
0, 12000, 111, 231, 199, 13687740, 11514514, 0.4, 50, 100, 30, 2746, 5000, 20
0, 12000, 105, 217, 197, 13883509, 12001254, 0.4, 50, 100, 30, 2116, 5000, 20
0, 12000, 109, 200, 171, 13404508, 11523466, 0.4, 50, 100, 30, 1800, 5000, 20
0, 12000, 107, 231, 216, 13337331, 11569235, 0.4, 50, 100, 30, 1695, 5000, 20
0, 12000, 98, 209, 191, 13171211, 11288196, 0.4, 50, 100, 30, 2278, 5000, 20
0, 12000, 106, 221, 197, 14116383, 12134288, 0.4, 50, 100, 30, 1566, 5000, 20
0, 12000, 94, 202, 175, 13926772, 11849998, 0.4, 50, 100, 30, 1683, 5000, 20
0, 12000, 92, 210, 181, 13674099, 11706162, 0.4, 50, 100, 30, 1912, 5000, 20
0, 12000, 103, 214, 179, 14038259, 11584878, 0.4, 50, 100, 30, 1566, 5000, 20
0, 12000, 86, 205, 161, 14013844, 11724086, 0.4, 50, 100, 30, 2627, 5000, 20
0, 12000, 86, 184, 156, 13857028, 11549036, 0.4, 50, 100, 30, 1819, 5000, 20
0, 12000, 97, 227, 183, 13987183, 11729896, 0.4, 50, 100, 30, 1590, 5000, 20
0, 12000, 85, 182, 151, 13655979, 11661157, 0.4, 50, 100, 30, 2175, 5000, 20
0, 12000, 106, 206, 193, 13602454, 11613328, 0.4, 50, 100, 30, 1611, 5000, 20
0, 12000, 113, 223, 188, 13533806, 11313948, 0.4, 50, 100, 30, 1823, 5000, 20
0, 12000, 97, 211, 201, 13721742, 11859283, 0.4, 50, 100, 30, 2045, 5000, 20
0, 12000, 90, 208, 163, 13848923, 11589999, 0.4, 50, 100, 30, 1662, 5000, 20
0, 12000, 114, 231, 191, 13957756, 11949143, 0.4, 50, 100, 30, 1688, 5000, 20
0, 12000, 110, 220, 183, 13827261, 11744672, 0.4, 50, 100, 30, 2092, 5000, 20
0, 12000, 102, 205, 175, 13982532, 12159918, 0.4, 50, 100, 30, 1978, 5000, 20
0, 12000, 104, 227, 206, 13531705, 11456196, 0.4, 50, 100, 30, 1876, 5000, 20
0, 12000, 101, 209, 184, 13810918, 11420411, 0.4, 50, 100, 30, 1561, 5000, 20
0, 12000, 107, 227, 210, 13871658, 11716956, 0.4, 50, 100, 30, 1929, 5000, 20
0, 12000, 99, 204, 170, 13745301, 11512176, 0.4, 50, 100, 30, 2177, 5000, 20
0, 12000, 104, 239, 196, 13788505, 11747305, 0.4, 50, 100, 30, 1443, 5000, 20
0, 12000, 109, 219, 197, 13738550, 11721062, 0.4, 50, 100, 30, 2016, 5000, 20
0, 12000, 102, 223, 205, 13807903, 11629112, 0.4, 50, 100, 30, 2062, 5000, 20
0, 12000, 114, 228, 185, 13545887, 11466165, 0.4, 50, 100, 30, 2042, 5000, 20
0, 12000, 96, 204, 177, 13672255, 11526131, 0.4, 50, 100, 30, 1356, 5000, 20
0, 12000, 105, 222, 183, 13724042, 11616362, 0.4, 50, 100, 30, 1257, 5000, 20
0, 12000, 115, 218, 192, 13834761, 11809724, 0.4, 50, 100, 30, 1323, 5000, 20
0, 12000, 106, 221, 193, 13863422, 11883227, 0.4, 50, 100, 30, 1686, 5000, 20
0, 12000, 98, 207, 182, 13194041, 11398172, 0.4, 50, 100, 30, 1402, 5000, 20
0, 12000, 98, 218, 182, 13860497, 11609774, 0.4, 50, 100, 30, 1681, 5000, 20
0, 12000, 104, 195, 179, 13620431, 11542566, 0.4, 50, 100, 30, 1409, 5000, 20
0, 12000, 106, 198, 181, 13476696, 11389120, 0.4, 50, 100, 30, 1619, 5000, 20
0, 12000, 118, 214, 191, 13760028, 11569408, 0.4, 50, 100, 30, 1666, 5000, 20
0, 12000, 105, 219, 173, 13679004, 11487929, 0.4, 50, 100, 30, 1971, 5000, 20
0, 12000, 101, 215, 189, 13594441, 11556819, 0.4, 50, 100, 30, 1877, 5000, 20
1, 6998, 98, 118, 122, 267979, 273981, 0.4, 50, 100, 1, 3, 5000, 20
1, 6810, 104, 124, 125, 309699, 311790, 0.4, 50, 100, 1, 5, 5000, 20
1, 7607, 107, 140, 141, 298668, 300028, 0.4, 50, 100, 1, 6, 5000, 20
1, 6974, 85, 105, 105, 322796, 323167, 0.4, 50, 100, 1, 5, 5000, 20
0, 12000, 97, 213, 168, 445757, 343742, 0.4, 50, 100, 1, 13, 5000, 20
1, 6695, 94, 114, 121, 300018, 315870, 0.4, 50, 100, 1, 5, 5000, 20
0, 12000, 107, 205, 162, 511227, 395640, 0.4, 50, 100, 1, 14, 5000, 20
0, 12000, 112, 226, 193, 491621, 395645, 0.4, 50, 100, 1, 14, 5000, 20
0, 12000, 104, 212, 180, 427377, 347048, 0.4, 50, 100, 1, 14, 5000, 20
0, 12000, 135, 237, 189, 538442, 393607, 0.4, 50, 100, 1, 13, 5000, 20
0, 12000, 110, 231, 176, 509972, 356719, 0.4, 50, 100, 1, 14, 5000, 20
0, 12000, 115, 225, 198, 457767, 382421, 0.4, 50, 100, 1, 13, 5000, 20
0, 12000, 94, 201, 171, 425908, 351573, 0.4, 50, 100, 1, 13, 5000, 20
0, 12000, 109, 196, 188, 471070, 438152, 0.4, 50, 100, 1, 13, 5000, 20
0, 12000, 100, 216, 199, 464761, 402173, 0.4, 50, 100, 1, 13, 5000, 20
0, 12000, 98, 203, 173, 490997, 419071, 0.4, 50, 100, 1, 15, 5000, 20
0, 12000, 95, 219, 167, 464022, 328622, 0.4, 50, 100, 1, 14, 5000, 20
0, 12000, 105, 211, 194, 459300, 396492, 0.4, 50, 100, 1, 14, 5000, 20
1, 6984, 102, 122, 127, 260782, 272862, 0.4, 50, 100, 1, 7, 5000, 20
1, 6885, 108, 128, 128, 318916, 319875, 0.4, 50, 100, 1, 6, 5000, 20
0, 12000, 101, 231, 183, 457498, 343029, 0.4, 50, 100, 1, 14, 5000, 20
0, 12000, 107, 205, 192, 418733, 390711, 0.4, 50, 100, 1, 15, 5000, 20
0, 12000, 87, 205, 167, 472507, 384354, 0.4, 50, 100, 1, 14, 5000, 20
0, 12000, 111, 209, 164, 526410, 398487, 0.4, 50, 100, 1, 13, 5000, 20
0, 12000, 101, 225, 186, 484069, 384171, 0.4, 50, 100, 1, 14, 5000, 20
0, 12000, 92, 199, 181, 427467, 382280, 0.4, 50, 100, 1, 14, 5000, 20
0, 12000, 109, 228, 200, 422426, 354199, 0.4, 50, 100, 1, 15, 5000, 20
0, 12000, 97, 197, 187, 457315, 430242, 0.4, 50, 100, 1, 14, 5000, 20
0, 12000, 115, 221, 196, 393859, 319138, 0.4, 50, 100, 1, 14, 5000, 20
0, 12000, 115, 234, 207, 401123, 330179, 0.4, 50, 100, 1, 16, 5000, 20
1, 7619, 87, 109, 109, 351080, 351245, 0.4, 50, 100, 1, 7, 5000, 20
1, 7332, 97, 123, 125, 260850, 261629, 0.4, 50, 100, 1, 7, 5000, 20
0, 12000, 101, 197, 179, 490520, 451945, 0.4, 50, 100, 1, 14, 5000, 20
0, 12000, 102, 216, 193, 437557, 371495, 0.4, 50, 100, 1, 15, 5000, 20
0, 12000, 107, 201, 182, 468778, 420393, 0.4, 50, 100, 1, 14, 5000, 20
1, 6604, 85, 105, 105, 258279, 259029, 0.4, 50, 100, 1, 5, 5000, 20
0, 12000, 101, 219, 192, 420393, 349280, 0.4, 50, 100, 1, 15, 5000, 20
0, 12000, 122, 227, 195, 480101, 389385, 0.4, 50, 100, 1, 15, 5000, 20
0, 12000, 113, 226, 188, 459336, 368836, 0.4, 50, 100, 1, 16, 5000, 20
0, 12000, 94, 198, 176, 461858, 397026, 0.4, 50, 100, 1, 14, 5000, 20
0, 12000, 79, 212, 180, 403961, 326768, 0.4, 50, 100, 1, 14, 5000, 20
1, 9248, 103, 152, 156, 313235, 313572, 0.4, 50, 100, 1, 10, 5000, 20
0, 12000, 99, 218, 178, 448617, 361990, 0.4, 50, 100, 1, 15, 5000, 20
0, 12000, 107, 213, 193, 404893, 345447, 0.4, 50, 100, 1, 15, 5000, 20
0, 12000, 94, 208, 168, 469553, 351342, 0.4, 50, 100, 1, 14, 5000, 20
0, 12000, 97, 208, 181, 433976, 361367, 0.4, 50, 100, 1, 15, 5000, 20
0, 12000, 91, 221, 177, 427618, 332778, 0.4, 50, 100, 1, 14, 5000, 20
0, 12000, 108, 223, 196, 403915, 334411, 0.4, 50, 100, 1, 15, 5000, 20
0, 12000, 115, 228, 197, 470865, 400493, 0.4, 50, 100, 1, 15, 5000, 20
0, 12000, 105, 206, 181, 469544, 412632, 0.4, 50, 100, 1, 15, 5000, 20
0, 12000, 94, 193, 154, 488997, 404970, 0.4, 50, 100, 1, 14, 5000, 20
0, 12000, 107, 230, 192, 433671, 336221, 0.4, 50, 100, 1, 14, 5000, 20
0, 12000, 93, 190, 160, 498166, 411984, 0.4, 50, 100, 1, 14, 5000, 20
0, 12000, 112, 229, 198, 419433, 335606, 0.4, 50, 100, 1, 14, 5000, 20
0, 12000, 97, 226, 187, 451237, 337475, 0.4, 50, 100, 1, 14, 5000, 20
0, 12000, 117, 243, 212, 479005, 376661, 0.4, 50, 100, 1, 15, 5000, 20
0, 12000, 113, 225, 200, 473580, 411792, 0.4, 50, 100, 1, 14, 5000, 20
1, 7111, 108, 128, 128, 278182, 278322, 0.4, 50, 100, 1, 6, 5000, 20
0, 12000, 113, 232, 205, 422117, 357669, 0.4, 50, 100, 1, 14, 5000, 20
0, 12000, 104, 218, 187, 421850, 340004, 0.4, 50, 100, 1, 14, 5000, 20
0, 12000, 109, 208, 196, 467650, 413764, 0.4, 50, 100, 1, 14, 5000, 20
0, 12000, 103, 208, 194, 467272, 420060, 0.4, 50, 100, 1, 14, 5000, 20
0, 12000, 100, 225, 180, 530306, 406422, 0.4, 50, 100, 1, 15, 5000, 20
0, 12000, 90, 201, 179, 480976, 428666, 0.4, 50, 100, 1, 15, 5000, 20
0, 12000, 94, 198, 174, 488959, 401015, 0.4, 50, 100, 1, 14, 5000, 20
0, 12000, 96, 203, 190, 432445, 383631, 0.4, 50, 100, 1, 15, 5000, 20
0, 12000, 103, 207, 179, 499720, 416351, 0.4, 50, 100, 1, 14, 5000, 20
0, 12000, 103, 201, 174, 459899, 389978, 0.4, 50, 100, 1, 15, 5000, 20
0, 12000, 113, 218, 193, 427692, 368494, 0.4, 50, 100, 1, 14, 5000, 20
0, 12000, 89, 211, 173, 419911, 344780, 0.4, 50, 100, 1, 15, 5000, 20
0, 12000, 94, 210, 188, 401863, 352981, 0.4, 50, 100, 1, 14, 5000, 20
1, 8979, 116, 162, 163, 375549, 375575, 0.4, 50, 100, 1, 9, 5000, 20
0, 12000, 84, 181, 154, 490676, 418146, 0.4, 50, 100, 1, 15, 5000, 20
0, 12000, 102, 212, 169, 478781, 388839, 0.4, 50, 100, 1, 14, 5000, 20
0, 12000, 105, 193, 190, 485988, 457770, 0.4, 50, 100, 1, 14, 5000, 20
1, 7397, 110, 135, 137, 311194, 311589, 0.4, 50, 100, 1, 6, 5000, 20
0, 12000, 101, 207, 188, 471014, 418262, 0.4, 50, 100, 1, 14, 5000, 20
1, 6799, 99, 119, 120, 274339, 275448, 0.4, 50, 100, 1, 5, 5000, 20
0, 12000, 103, 210, 191, 438759, 391299, 0.4, 50, 100, 1, 14, 5000, 20
0, 12000, 85, 208, 165, 472155, 365601, 0.4, 50, 100, 1, 14, 5000, 20
0, 12000, 99, 225, 194, 453866, 353432, 0.4, 50, 100, 1, 13, 5000, 20
0, 12000, 123, 209, 181, 476442, 400100, 0.4, 50, 100, 1, 13, 5000, 20
0, 12000, 105, 208, 197, 421427, 381366, 0.4, 50, 100, 1, 14, 5000, 20
0, 12000, 103, 228, 199, 457386, 377430, 0.4, 50, 100, 1, 13, 5000, 20
0, 12000, 84, 187, 148, 496023, 411695, 0.4, 50, 100, 1, 14, 5000, 20
0, 12000, 95, 229, 196, 415358, 322357, 0.4, 50, 100, 1, 14, 5000, 20
0, 12000, 97, 212, 186, 411042, 357777, 0.4, 50, 100, 1, 13, 5000, 20
0, 12000, 121, 242, 202, 451558, 339240, 0.4, 50, 100, 1, 13, 5000, 20
0, 12000, 74, 194, 164, 468517, 387144, 0.4, 50, 100, 1, 13, 5000, 20
0, 12000, 98, 206, 181, 480004, 411976, 0.4, 50, 100, 1, 13, 5000, 20
0, 12000, 103, 219, 201, 454727, 401555, 0.4, 50, 100, 1, 13, 5000, 20
0, 12000, 106, 221, 208, 418892, 352503, 0.4, 50, 100, 1, 13, 5000, 20
0, 12000, 111, 226, 212, 419345, 373210, 0.4, 50, 100, 1, 14, 5000, 20
0, 12000, 109, 221, 197, 445937, 370305, 0.4, 50, 100, 1, 11, 5000, 20
0, 12000, 97, 196, 175, 480191, 411730, 0.4, 50, 100, 1, 13, 5000, 20
0, 12000, 108, 207, 176, 451619, 377694, 0.4, 50, 100, 1, 14, 5000, 20
0, 12000, 83, 181, 171, 498336, 457503, 0.4, 50, 100, 1, 11, 5000, 20
0, 12000, 109, 217, 189, 436474, 384978, 0.4, 50, 100, 1, 13, 5000, 20
0, 12000, 90, 208, 169, 413091, 324186, 0.4, 50, 100, 1, 11, 5000, 20
0, 12000, 99, 218, 179, 485709, 371260, 0.4, 50, 100, 1, 13, 5000, 20
1, 6553, 105, 127, 126, 624160, 624621, 0.4, 50, 100, 2, 7, 5000, 20
0, 12000, 107, 229, 196, 857575, 731577, 0.4, 50, 100, 2, 20, 5000, 20
0, 12000, 104, 229, 208, 896365, 761258, 0.4, 50, 100, 2, 20, 5000, 20
0, 12000, 95, 209, 171, 889869, 757941, 0.4, 50, 100, 2, 20, 5000, 20
0, 12000, 100, 208, 182, 975675, 827183, 0.4, 50, 100, 2, 20, 5000, 20
0, 12000, 103, 217, 182, 980980, 794598, 0.4, 50, 100, 2, 23, 5000, 20
0, 12000, 112, 202, 190, 904104, 775891, 0.4, 50, 100, 2, 22, 5000, 20
0, 12000, 101, 194, 182, 941381, 845597, 0.4, 50, 100, 2, 23, 5000, 20
0, 12000, 99, 212, 186, 890843, 772588, 0.4, 50, 100, 2, 24, 5000, 20
0, 12000, 102, 216, 196, 879472, 759572, 0.4, 50, 100, 2, 24, 5000, 20
0, 12000, 102, 219, 194, 909228, 787133, 0.4, 50, 100, 2, 24, 5000, 20
0, 12000, 105, 214, 199, 933764, 806661, 0.4, 50, 100, 2, 26, 5000, 20
0, 12000, 94, 204, 183, 924109, 772250, 0.4, 50, 100, 2, 25, 5000, 20
0, 12000, 103, 230, 179, 922211, 750958, 0.4, 50, 100, 2, 27, 5000, 20
1, 6976, 101, 121, 121, 572458, 573618, 0.4, 50, 100, 2, 12, 5000, 20
0, 12000, 96, 199, 163, 988292, 820448, 0.4, 50, 100, 2, 23, 5000, 20
0, 12000, 99, 196, 195, 861869, 820915, 0.4, 50, 100, 2, 25, 5000, 20
0, 12000, 103, 218, 194, 978035, 805633, 0.4, 50, 100, 2, 25, 5000, 20
0, 12000, 98, 212, 175, 861743, 699785, 0.4, 50, 100, 2, 26, 5000, 20
1, 6341, 112, 132, 126, 554599, 563767, 0.4, 50, 100, 2, 9, 5000, 20
0, 12000, 108, 224, 197, 839157, 719093, 0.4, 50, 100, 2, 25, 5000, 20
0, 12000, 111, 239, 196, 883564, 728994, 0.4, 50, 100, 2, 25, 5000, 20
0, 12000, 116, 220, 200, 880358, 711391, 0.4, 50, 100, 2, 26, 5000, 20
0, 12000, 75, 189, 164, 897443, 795675, 0.4, 50, 100, 2, 25, 5000, 20
0, 12000, 102, 217, 193, 966132, 819296, 0.4, 50, 100, 2, 26, 5000, 20
0, 12000, 104, 225, 198, 910561, 754568, 0.4, 50, 100, 2, 24, 5000, 20
0, 12000, 100, 210, 171, 985149, 854788, 0.4, 50, 100, 2, 28, 5000, 20
0, 12000, 96, 205, 177, 828342, 691981, 0.4, 50, 100, 2, 28, 5000, 20
0, 12000, 106, 213, 185, 994090, 816668, 0.4, 50, 100, 2, 26, 5000, 20
0, 12000, 89, 192, 172, 910314, 779977, 0.4, 50, 100, 2, 25, 5000, 20
0, 12000, 92, 209, 176, 906627, 750047, 0.4, 50, 100, 2, 27, 5000, 20
0, 12000, 99, 222, 191, 938563, 741732, 0.4, 50, 100, 2, 29, 5000, 20
0, 12000, 94, 206, 178, 924607, 739313, 0.4, 50, 100, 2, 25, 5000, 20
0, 12000, 112, 215, 191, 863704, 767972, 0.4, 50, 100, 2, 26, 5000, 20
0, 12000, 96, 216, 194, 919211, 748497, 0.4, 50, 100, 2, 26, 5000, 20
0, 12000, 99, 209, 161, 966165, 767222, 0.4, 50, 100, 2, 26, 5000, 20
1, 6699, 89, 109, 108, 602702, 602721, 0.4, 50, 100, 2, 10, 5000, 20
0, 12000, 101, 205, 176, 895740, 742869, 0.4, 50, 100, 2, 27, 5000, 20
0, 12000, 114, 226, 185, 918487, 780715, 0.4, 50, 100, 2, 25, 5000, 20
0, 12000, 106, 209, 199, 872782, 718445, 0.4, 50, 100, 2, 25, 5000, 20
0, 12000, 106, 211, 172, 917604, 771364, 0.4, 50, 100, 2, 25, 5000, 20
0, 12000, 124, 225, 185, 961166, 771519, 0.4, 50, 100, 2, 28, 5000, 20
0, 12000, 101, 226, 189, 902816, 779522, 0.4, 50, 100, 2, 26, 5000, 20
0, 12000, 90, 199, 174, 950277, 808036, 0.4, 50, 100, 2, 25, 5000, 20
0, 12000, 104, 207, 179, 905691, 729457, 0.4, 50, 100, 2, 30, 5000, 20
0, 12000, 100, 223, 195, 915758, 758567, 0.4, 50, 100, 2, 25, 5000, 20
1, 6804, 102, 122, 125, 685167, 689056, 0.4, 50, 100, 2, 10, 5000, 20
0, 12000, 113, 215, 199, 906345, 822952, 0.4, 50, 100, 2, 25, 5000, 20
0, 12000, 95, 187, 157, 932834, 815748, 0.4, 50, 100, 2, 25, 5000, 20
0, 12000, 103, 228, 201, 895740, 740973, 0.4, 50, 100, 2, 25, 5000, 20
0, 12000, 96, 194, 191, 880093, 800032, 0.4, 50, 100, 2, 31, 5000, 20
0, 12000, 100, 205, 173, 877588, 740361, 0.4, 50, 100, 2, 29, 5000, 20
0, 12000, 115, 196, 187, 995644, 874914, 0.4, 50, 100, 2, 25, 5000, 20
0, 12000, 115, 211, 181, 922199, 756490, 0.4, 50, 100, 2, 28, 5000, 20
0, 12000, 99, 218, 196, 806508, 704242, 0.4, 50, 100, 2, 26, 5000, 20
0, 12000, 98, 197, 171, 916419, 786212, 0.4, 50, 100, 2, 26, 5000, 20
0, 12000, 108, 223, 185, 925879, 769658, 0.4, 50, 100, 2, 29, 5000, 20
0, 12000, 109, 206, 169, 986033, 825507, 0.4, 50, 100, 2, 26, 5000, 20
0, 12000, 91, 196, 168, 890502, 792613, 0.4, 50, 100, 2, 26, 5000, 20
0, 12000, 91, 204, 155, 968026, 805516, 0.4, 50, 100, 2, 29, 5000, 20
0, 12000, 104, 219, 195, 907053, 774943, 0.4, 50, 100, 2, 37, 5000, 20
0, 12000, 106, 208, 193, 906703, 793183, 0.4, 50, 100, 2, 29, 5000, 20
0, 12000, 111, 212, 183, 888449, 745469, 0.4, 50, 100, 2, 26, 5000, 20
0, 12000, 99, 204, 191, 916745, 831548, 0.4, 50, 100, 2, 28, 5000, 20
0, 12000, 113, 225, 207, 955052, 796401, 0.4, 50, 100, 2, 25, 5000, 20
0, 12000, 95, 192, 171, 960146, 852656, 0.4, 50, 100, 2, 24, 5000, 20
0, 12000, 99, 205, 172, 980574, 850935, 0.4, 50, 100, 2, 26, 5000, 20
0, 12000, 93, 205, 167, 957256, 807422, 0.4, 50, 100, 2, 24, 5000, 20
0, 12000, 112, 228, 203, 883629, 734873, 0.4, 50, 100, 2, 28, 5000, 20
0, 12000, 115, 226, 211, 951038, 803387, 0.4, 50, 100, 2, 28, 5000, 20
0, 12000, 109, 215, 201, 952851, 808062, 0.4, 50, 100, 2, 24, 5000, 20
0, 12000, 98, 210, 188, 933468, 861202, 0.4, 50, 100, 2, 28, 5000, 20
0, 12000, 91, 202, 164, 889474, 745272, 0.4, 50, 100, 2, 27, 5000, 20
0, 12000, 103, 227, 193, 851736, 721880, 0.4, 50, 100, 2, 26, 5000, 20
0, 12000, 101, 195, 188, 888645, 761513, 0.4, 50, 100, 2, 25, 5000, 20
0, 12000, 106, 230, 198, 962442, 750507, 0.4, 50, 100, 2, 28, 5000, 20
0, 12000, 106, 209, 184, 853482, 779174, 0.4, 50, 100, 2, 26, 5000, 20
0, 12000, 89, 182, 162, 962405, 820482, 0.4, 50, 100, 2, 29, 5000, 20
0, 12000, 92, 196, 175, 956035, 789871, 0.4, 50, 100, 2, 27, 5000, 20
0, 12000, 94, 196, 179, 896630, 767207, 0.4, 50, 100, 2, 25, 5000, 20
0, 12000, 91, 214, 191, 902315, 826165, 0.4, 50, 100, 2, 24, 5000, 20
0, 12000, 111, 206, 194, 927546, 793377, 0.4, 50, 100, 2, 27, 5000, 20
1, 7273, 107, 129, 130, 589210, 594557, 0.4, 50, 100, 2, 14, 5000, 20
0, 12000, 101, 222, 197, 896378, 769859, 0.4, 50, 100, 2, 27, 5000, 20
0, 12000, 110, 206, 175, 993510, 835378, 0.4, 50, 100, 2, 26, 5000, 20
0, 12000, 105, 231, 194, 918351, 749515, 0.4, 50, 100, 2, 28, 5000, 20
0, 12000, 97, 205, 182, 902483, 826363, 0.4, 50, 100, 2, 25, 5000, 20
0, 12000, 109, 227, 195, 928020, 712200, 0.4, 50, 100, 2, 27, 5000, 20
0, 12000, 98, 205, 193, 889396, 784576, 0.4, 50, 100, 2, 28, 5000, 20
0, 12000, 100, 202, 178, 978313, 803195, 0.4, 50, 100, 2, 26, 5000, 20
0, 12000, 101, 187, 184, 987284, 880090, 0.4, 50, 100, 2, 25, 5000, 20
0, 12000, 116, 223, 199, 980021, 829704, 0.4, 50, 100, 2, 26, 5000, 20
0, 12000, 98, 201, 156, 953766, 778554, 0.4, 50, 100, 2, 29, 5000, 20
0, 12000, 94, 212, 182, 896508, 713882, 0.4, 50, 100, 2, 29, 5000, 20
0, 12000, 111, 222, 198, 951604, 797612, 0.4, 50, 100, 2, 26, 5000, 20
0, 12000, 93, 200, 184, 885907, 773166, 0.4, 50, 100, 2, 26, 5000, 20
0, 12000, 107, 213, 206, 934534, 848198, 0.4, 50, 100, 2, 29, 5000, 20
0, 12000, 119, 228, 207, 1034116, 846211, 0.4, 50, 100, 2, 27, 5000, 20
0, 12000, 96, 205, 186, 916172, 809119, 0.4, 50, 100, 2, 27, 5000, 20
0, 12000, 113, 221, 204, 877510, 777204, 0.4, 50, 100, 2, 28, 5000, 20
0, 12000, 108, 218, 192, 1356975, 1192168, 0.4, 50, 100, 3, 36, 5000, 20
0, 12000, 108, 214, 177, 1341637, 1110251, 0.4, 50, 100, 3, 39, 5000, 20
0, 12000, 109, 222, 193, 1395832, 1195214, 0.4, 50, 100, 3, 39, 5000, 20
0, 12000, 122, 221, 191, 1332710, 1200767, 0.4, 50, 100, 3, 40, 5000, 20
0, 12000, 106, 213, 186, 1422532, 1213378, 0.4, 50, 100, 3, 39, 5000, 20
0, 12000, 111, 210, 184, 1401676, 1152873, 0.4, 50, 100, 3, 39, 5000, 20
0, 12000, 108, 212, 197, 1325760, 1143809, 0.4, 50, 100, 3, 39, 5000, 20
0, 12000, 110, 207, 199, 1277354, 1129759, 0.4, 50, 100, 3, 40, 5000, 20
0, 12000, 95, 206, 170, 1300003, 1164053, 0.4, 50, 100, 3, 40, 5000, 20
0, 12000, 111, 211, 181, 1419550, 1154301, 0.4, 50, 100, 3, 37, 5000, 20
0, 12000, 109, 240, 205, 1399462, 1217153, 0.4, 50, 100, 3, 40, 5000, 20
0, 12000, 110, 223, 191, 1236261, 1027167, 0.4, 50, 100, 3, 38, 5000, 20
0, 12000, 101, 211, 181, 1282196, 1097506, 0.4, 50, 100, 3, 40, 5000, 20
0, 12000, 93, 195, 160, 1397172, 1203411, 0.4, 50, 100, 3, 39, 5000, 20
0, 12000, 95, 206, 172, 1361840, 1083692, 0.4, 50, 100, 3, 38, 5000, 20
0, 12000, 108, 228, 191, 1366826, 1103029, 0.4, 50, 100, 3, 37, 5000, 20
0, 12000, 116, 208, 185, 1474959, 1244848, 0.4, 50, 100, 3, 48, 5000, 20
0, 12000, 107, 181, 187, 1342405, 1236682, 0.4, 50, 100, 3, 42, 5000, 20
0, 12000, 116, 210, 198, 1398428, 1180273, 0.4, 50, 100, 3, 41, 5000, 20
0, 12000, 97, 212, 180, 1433094, 1179276, 0.4, 50, 100, 3, 39, 5000, 20
0, 12000, 111, 212, 186, 1448057, 1290585, 0.4, 50, 100, 3, 38, 5000, 20
0, 12000, 122, 224, 187, 1450817, 1216299, 0.4, 50, 100, 3, 37, 5000, 20
0, 12000, 104, 218, 184, 1368599, 1148692, 0.4, 50, 100, 3, 38, 5000, 20
0, 12000, 97, 209, 197, 1401657, 1211322, 0.4, 50, 100, 3, 39, 5000, 20
0, 12000, 104, 207, 177, 1425507, 1154011, 0.4, 50, 100, 3, 43, 5000, 20
1, 6874, 86, 106, 103, 865890, 878039, 0.4, 50, 100, 3, 15, 5000, 20
0, 12000, 99, 214, 193, 1314482, 1081497, 0.4, 50, 100, 3, 37, 5000, 20
0, 12000, 84, 192, 171, 1343881, 1133340, 0.4, 50, 100, 3, 38, 5000, 20
0, 12000, 101, 220, 168, 1403162, 1146065, 0.4, 50, 100, 3, 55, 5000, 20
0, 12000, 104, 216, 183, 1303287, 1135900, 0.4, 50, 100, 3, 41, 5000, 20
0, 12000, 95, 197, 171, 1362038, 1171841, 0.4, 50, 100, 3, 36, 5000, 20
0, 12000, 99, 216, 186, 1434601, 1232066, 0.4, 50, 100, 3, 42, 5000, 20
0, 12000, 100, 206, 203, 1366149, 1124483, 0.4, 50, 100, 3, 38, 5000, 20
0, 12000, 95, 206, 164, 1286824, 1096912, 0.4, 50, 100, 3, 41, 5000, 20
0, 12000, 98, 223, 178, 1317946, 1162820, 0.4, 50, 100, 3, 36, 5000, 20
0, 12000, 104, 214, 196, 1442788, 1200633, 0.4, 50, 100, 3, 39, 5000, 20
0, 12000, 106, 208, 184, 1434077, 1206286, 0.4, 50, 100, 3, 38, 5000, 20
0, 12000, 96, 193, 173, 1361617, 1204547, 0.4, 50, 100, 3, 34, 5000, 20
0, 12000, 85, 193, 168, 1298625, 1140105, 0.4, 50, 100, 3, 37, 5000, 20
0, 12000, 108, 224, 178, 1362719, 1044124, 0.4, 50, 100, 3, 39, 5000, 20
1, 6550, 101, 121, 116, 834365, 837991, 0.4, 50, 100, 3, 17, 5000, 20
0, 12000, 106, 213, 183, 1371445, 1193627, 0.4, 50, 100, 3, 37, 5000, 20
0, 12000, 79, 189, 148, 1473350, 1149784, 0.4, 50, 100, 3, 37, 5000, 20
0, 12000, 96, 197, 178, 1337318, 1188645, 0.4, 50, 100, 3, 40, 5000, 20
0, 12000, 104, 219, 188, 1347432, 1158868, 0.4, 50, 100, 3, 37, 5000, 20
0, 12000, 86, 193, 161, 1285377, 1125566, 0.4, 50, 100, 3, 36, 5000, 20
0, 12000, 112, 211, 189, 1376789, 1117289, 0.4, 50, 100, 3, 42, 5000, 20
0, 12000, 83, 194, 153, 1306624, 1107259, 0.4, 50, 100, 3, 39, 5000, 20
0, 12000, 104, 216, 197, 1300608, 1155439, 0.4, 50, 100, 3, 37, 5000, 20
0, 12000, 95, 229, 186, 1351098, 1195718, 0.4, 50, 100, 3, 40, 5000, 20
0, 12000, 118, 221, 182, 1447623, 1255751, 0.4, 50, 100, 3, 46, 5000, 20
0, 12000, 90, 199, 175, 1331436, 1090486, 0.4, 50, 100, 3, 37, 5000, 20
0, 12000, 103, 222, 190, 1297877, 1140979, 0.4, 50, 100, 3, 37, 5000, 20
0, 12000, 89, 209, 183, 1327799, 1139439, 0.4, 50, 100, 3, 42, 5000, 20
0, 12000, 116, 225, 210, 1327204, 1151413, 0.4, 50, 100, 3, 39, 5000, 20
0, 12000, 109, 230, 193, 1372755, 1163572, 0.4, 50, 100, 3, 39, 5000, 20
0, 12000, 94, 216, 178, 1383158, 1082589, 0.4, 50, 100, 3, 41, 5000, 20
0, 12000, 103, 228, 185, 1359788, 1110522, 0.4, 50, 100, 3, 37, 5000, 20
0, 12000, 102, 218, 182, 1418668, 1223247, 0.4, 50, 100, 3, 47, 5000, 20
0, 12000, 118, 230, 186, 1377763, 1192455, 0.4, 50, 100, 3, 41, 5000, 20
0, 12000, 104, 205, 177, 1397479, 1222323, 0.4, 50, 100, 3, 43, 5000, 20
0, 12000, 105, 221, 211, 1323511, 1158827, 0.4, 50, 100, 3, 37, 5000, 20
0, 12000, 115, 225, 181, 1364213, 1109509, 0.4, 50, 100, 3, 39, 5000, 20
0, 12000, 90, 204, 194, 1408200, 1312158, 0.4, 50, 100, 3, 43, 5000, 20
0, 12000, 106, 229, 178, 1387353, 1143152, 0.4, 50, 100, 3, 39, 5000, 20
0, 12000, 96, 210, 164, 1481362, 1220777, 0.4, 50, 100, 3, 36, 5000, 20
0, 12000, 104, 181, 182, 1446675, 1242691, 0.4, 50, 100, 3, 41, 5000, 20
0, 12000, 108, 208, 180, 1376070, 1160482, 0.4, 50, 100, 3, 39, 5000, 20
0, 12000, 115, 220, 194, 1385307, 1141425, 0.4, 50, 100, 3, 37, 5000, 20
0, 12000, 94, 190, 169, 1333565, 1089695, 0.4, 50, 100, 3, 37, 5000, 20
0, 12000, 86, 191, 157, 1510326, 1283062, 0.4, 50, 100, 3, 43, 5000, 20
0, 12000, 96, 200, 178, 1385873, 1245494, 0.4, 50, 100, 3, 38, 5000, 20
0, 12000, 87, 194, 184, 1321897, 1127065, 0.4, 50, 100, 3, 41, 5000, 20
0, 12000, 97, 209, 174, 1410300, 1143190, 0.4, 50, 100, 3, 39, 5000, 20
0, 12000, 102, 218, 201, 1418117, 1209329, 0.4, 50, 100, 3, 37, 5000, 20
0, 12000, 120, 213, 196, 1386030, 1157915, 0.4, 50, 100, 3, 40, 5000, 20
0, 12000, 97, 211, 180, 1307227, 1127036, 0.4, 50, 100, 3, 42, 5000, 20
0, 12000, 103, 214, 178, 1435837, 1187556, 0.4, 50, 100, 3, 37, 5000, 20
0, 12000, 112, 201, 183, 1349228, 1202859, 0.4, 50, 100, 3, 39, 5000, 20
0, 12000, 111, 213, 195, 1372227, 1136449, 0.4, 50, 100, 3, 42, 5000, 20
0, 12000, 104, 204, 183, 1428973, 1239695, 0.4, 50, 100, 3, 34, 5000, 20
0, 12000, 103, 206, 180, 1426342, 1158362, 0.4, 50, 100, 3, 38, 5000, 20
0, 12000, 101, 210, 173, 1392785, 1142484, 0.4, 50, 100, 3, 45, 5000, 20
0, 12000, 109, 210, 194, 1371043, 1224299, 0.4, 50, 100, 3, 36, 5000, 20
0, 12000, 114, 212, 191, 1378481, 1159257, 0.4, 50, 100, 3, 39, 5000, 20
0, 12000, 112, 220, 199, 1358612, 1162020, 0.4, 50, 100, 3, 41, 5000, 20
0, 12000, 113, 218, 183, 1250529, 1079668, 0.4, 50, 100, 3, 42, 5000, 20
0, 12000, 111, 218, 177, 1310611, 1069954, 0.4, 50, 100, 3, 39, 5000, 20
0, 12000, 108, 223, 194, 1395410, 1193416, 0.4, 50, 100, 3, 47, 5000, 20
0, 12000, 99, 207, 180, 1367908, 1157409, 0.4, 50, 100, 3, 38, 5000, 20
0, 12000, 100, 212, 176, 1353360, 1125565, 0.4, 50, 100, 3, 36, 5000, 20
0, 12000, 88, 192, 180, 1397988, 1199662, 0.4, 50, 100, 3, 41, 5000, 20
0, 12000, 115, 212, 199, 1460358, 1230904, 0.4, 50, 100, 3, 38, 5000, 20
0, 12000, 107, 197, 180, 1317438, 1172022, 0.4, 50, 100, 3, 37, 5000, 20
0, 12000, 105, 199, 180, 1426197, 1200821, 0.4, 50, 100, 3, 36, 5000, 20
0, 12000, 94, 197, 175, 1328303, 1153156, 0.4, 50, 100, 3, 39, 5000, 20
0, 12000, 102, 212, 185, 1415329, 1228281, 0.4, 50, 100, 3, 38, 5000, 20
0, 12000, 109, 225, 210, 1312957, 1162722, 0.4, 50, 100, 3, 42, 5000, 20
0, 12000, 118, 233, 189, 1380711, 1152903, 0.4, 50, 100, 3, 40, 5000, 20
0, 12000, 98, 223, 205, 1364871, 1198035, 0.4, 50, 100, 3, 40, 5000, 20
0, 12000, 109, 205, 194, 1868788, 1595551, 0.4, 50, 100, 4, 55, 5000, 20
0, 12000, 93, 189, 167, 1925201, 1619006, 0.4, 50, 100, 4, 55, 5000, 20
0, 12000, 69, 184, 159, 1828307, 1564292, 0.4, 50, 100, 4, 53, 5000, 20
0, 12000, 114, 220, 197, 1760799, 1540675, 0.4, 50, 100, 4, 57, 5000, 20
0, 12000, 92, 201, 188, 1851282, 1637844, 0.4, 50, 100, 4, 48, 5000, 20
0, 12000, 105, 214, 205, 1760662, 1498133, 0.4, 50, 100, 4, 55, 5000, 20
0, 12000, 96, 217, 183, 1976351, 1608707, 0.4, 50, 100, 4, 61, 5000, 20
0, 12000, 103, 213, 183, 1752004, 1532840, 0.4, 50, 100, 4, 51, 5000, 20
0, 12000, 116, 209, 189, 1800951, 1540523, 0.4, 50, 100, 4, 58, 5000, 20
0, 12000, 100, 192, 175, 1763265, 1522894, 0.4, 50, 100, 4, 59, 5000, 20
0, 12000, 104, 221, 199, 1829867, 1608149, 0.4, 50, 100, 4, 58, 5000, 20
0, 12000, 109, 223, 198, 1809762, 1545053, 0.4, 50, 100, 4, 51, 5000, 20
0, 12000, 107, 216, 205, 1789238, 1591194, 0.4, 50, 100, 4, 50, 5000, 20
0, 12000, 86, 191, 177, 1859941, 1562875, 0.4, 50, 100, 4, 61, 5000, 20
0, 12000, 109, 214, 189, 1870377, 1529422, 0.4, 50, 100, 4, 49, 5000, 20
0, 12000, 104, 210, 198, 1669528, 1426127, 0.4, 50, 100, 4, 55, 5000, 20
0, 12000, 101, 215, 185, 1734705, 1463578, 0.4, 50, 100, 4, 53, 5000, 20
0, 12000, 101, 216, 190, 1893725, 1533158, 0.4, 50, 100, 4, 57, 5000, 20
0, 12000, 93, 213, 183, 1852167, 1526782, 0.4, 50, 100, 4, 51, 5000, 20
0, 12000, 99, 217, 194, 1809989, 1578680, 0.4, 50, 100, 4, 58, 5000, 20
0, 12000, 110, 219, 191, 1852321, 1544229, 0.4, 50, 100, 4, 57, 5000, 20
0, 12000, 98, 217, 181, 1802285, 1491520, 0.4, 50, 100, 4, 51, 5000, 20
0, 12000, 96, 206, 181, 1837148, 1508593, 0.4, 50, 100, 4, 51, 5000, 20
0, 12000, 93, 203, 168, 1891795, 1539247, 0.4, 50, 100, 4, 57, 5000, 20
0, 12000, 98, 196, 196, 1767512, 1531068, 0.4, 50, 100, 4, 60, 5000, 20
0, 12000, 105, 216, 193, 1947789, 1667494, 0.4, 50, 100, 4, 54, 5000, 20
0, 12000, 83, 186, 166, 1940483, 1631836, 0.4, 50, 100, 4, 54, 5000, 20
0, 12000, 94, 205, 171, 1823873, 1626130, 0.4, 50, 100, 4, 73, 5000, 20
0, 12000, 106, 196, 170, 1848620, 1548209, 0.4, 50, 100, 4, 52, 5000, 20
0, 12000, 117, 205, 184, 1835317, 1558248, 0.4, 50, 100, 4, 53, 5000, 20
0, 12000, 118, 227, 190, 1831889, 1526181, 0.4, 50, 100, 4, 62, 5000, 20
0, 12000, 108, 212, 188, 1839893, 1616506, 0.4, 50, 100, 4, 56, 5000, 20
0, 12000, 111, 220, 201, 1732062, 1496034, 0.4, 50, 100, 4, 49, 5000, 20
0, 12000, 113, 214, 184, 1875743, 1546938, 0.4, 50, 100, 4, 57, 5000, 20
0, 12000, 124, 229, 181, 1838837, 1570912, 0.4, 50, 100, 4, 50, 5000, 20
0, 12000, 115, 224, 191, 1805315, 1573197, 0.4, 50, 100, 4, 51, 5000, 20
0, 12000, 95, 226, 185, 1684258, 1364633, 0.4, 50, 100, 4, 51, 5000, 20
0, 12000, 94, 178, 187, 1752774, 1580455, 0.4, 50, 100, 4, 62, 5000, 20
0, 12000, 99, 207, 182, 1746994, 1521390, 0.4, 50, 100, 4, 53, 5000, 20
0, 12000, 99, 201, 170, 1945228, 1640379, 0.4, 50, 100, 4, 52, 5000, 20
0, 12000, 103, 207, 184, 1744387, 1571004, 0.4, 50, 100, 4, 63, 5000, 20
0, 12000, 72, 185, 170, 1793729, 1647839, 0.4, 50, 100, 4, 50, 5000, 20
0, 12000, 101, 219, 182, 1733644, 1435371, 0.4, 50, 100, 4, 56, 5000, 20
0, 12000, 94, 197, 187, 1787015, 1540008, 0.4, 50, 100, 4, 55, 5000, 20
0, 12000, 93, 214, 180, 1674690, 1439958, 0.4, 50, 100, 4, 58, 5000, 20
0, 12000, 123, 229, 191, 1839264, 1560751, 0.4, 50, 100, 4, 52, 5000, 20
0, 12000, 94, 222, 195, 1775569, 1540074, 0.4, 50, 100, 4, 51, 5000, 20
0, 12000, 111, 227, 181, 1867732, 1506107, 0.4, 50, 100, 4, 57, 5000, 20
0, 12000, 59, 171, 113, 1971526, 1602469, 0.4, 50, 100, 4, 51, 5000, 20
0, 12000, 101, 207, 187, 1755150, 1429328, 0.4, 50, 100, 4, 51, 5000, 20
0, 12000, 100, 216, 182, 1911598, 1634161, 0.4, 50, 100, 4, 51, 5000, 20
0, 12000, 110, 213, 183, 1836948, 1489944, 0.4, 50, 100, 4, 62, 5000, 20
0, 12000, 103, 203, 182, 1893624, 1564847, 0.4, 50, 100, 4, 52, 5000, 20
0, 12000, 116, 227, 202, 1684537, 1498127, 0.4, 50, 100, 4, 59, 5000, 20
0, 12000, 89, 201, 170, 1677069, 1464851, 0.4, 50, 100, 4, 63, 5000, 20
0, 12000, 94, 202, 171, 1915819, 1725943, 0.4, 50, 100, 4, 59, 5000, 20
0, 12000, 100, 202, 172, 1888772, 1653292, 0.4, 50, 100, 4, 49, 5000, 20
0, 12000, 100, 200, 189, 1808264, 1550560, 0.4, 50, 100, 4, 51, 5000, 20
0, 12000, 90, 210, 184, 1841886, 1552407, 0.4, 50, 100, 4, 59, 5000, 20
0, 12000, 110, 225, 188, 1801980, 1474000, 0.4, 50, 100, 4, 64, 5000, 20
0, 12000, 118, 226, 191, 1799014, 1415971, 0.4, 50, 100, 4, 58, 5000, 20
0, 12000, 96, 208, 164, 1903151, 1599379, 0.4, 50, 100, 4, 57, 5000, 20
0, 12000, 91, 196, 176, 1873231, 1557691, 0.4, 50, 100, 4, 52, 5000, 20
0, 12000, 92, 207, 178, 1816842, 1516775, 0.4, 50, 100, 4, 52, 5000, 20
0, 12000, 115, 234, 193, 1810332, 1467282, 0.4, 50, 100, 4, 55, 5000, 20
0, 12000, 114, 231, 190, 1809266, 1489259, 0.4, 50, 100, 4, 54, 5000, 20
0, 12000, 110, 219, 188, 1677079, 1515124, 0.4, 50, 100, 4, 57, 5000, 20
0, 12000, 87, 200, 176, 1877263, 1661223, 0.4, 50, 100, 4, 52, 5000, 20
0, 12000, 99, 208, 186, 1833437, 1616473, 0.4, 50, 100, 4, 53, 5000, 20
0, 12000, 88, 197, 192, 1837446, 1588111, 0.4, 50, 100, 4, 57, 5000, 20
0, 12000, 94, 208, 189, 1740304, 1447633, 0.4, 50, 100, 4, 54, 5000, 20
0, 12000, 101, 217, 193, 1776369, 1527559, 0.4, 50, 100, 4, 50, 5000, 20
0, 12000, 93, 210, 200, 1805849, 1561497, 0.4, 50, 100, 4, 55, 5000, 20
0, 12000, 90, 204, 168, 1819809, 1501896, 0.4, 50, 100, 4, 67, 5000, 20
0, 12000, 103, 194, 178, 1759879, 1542890, 0.4, 50, 100, 4, 64, 5000, 20
0, 12000, 118, 229, 207, 1872813, 1585372, 0.4, 50, 100, 4, 70, 5000, 20
0, 12000, 99, 215, 176, 1878111, 1578521, 0.4, 50, 100, 4, 62, 5000, 20
0, 12000, 112, 215, 199, 1780552, 1498422, 0.4, 50, 100, 4, 55, 5000, 20
0, 12000, 97, 208, 197, 1821148, 1533647, 0.4, 50, 100, 4, 56, 5000, 20
0, 12000, 112, 220, 193, 1821485, 1531690, 0.4, 50, 100, 4, 64, 5000, 20
0, 12000, 91, 193, 164, 1773850, 1474543, 0.4, 50, 100, 4, 56, 5000, 20
0, 12000, 109, 196, 195, 1801032, 1559895, 0.4, 50, 100, 4, 55, 5000, 20
0, 12000, 113, 222, 190, 1809952, 1465876, 0.4, 50, 100, 4, 62, 5000, 20
0, 12000, 113, 200, 199, 1879572, 1698933, 0.4, 50, 100, 4, 58, 5000, 20
0, 12000, 109, 215, 200, 1805006, 1539846, 0.4, 50, 100, 4, 53, 5000, 20
0, 12000, 106, 212, 177, 1864721, 1560784, 0.4, 50, 100, 4, 57, 5000, 20
0, 12000, 96, 229, 190, 1784589, 1450572, 0.4, 50, 100, 4, 55, 5000, 20
0, 12000, 105, 216, 193, 1893042, 1525910, 0.4, 50, 100, 4, 52, 5000, 20
0, 12000, 100, 198, 173, 1848772, 1608647, 0.4, 50, 100, 4, 52, 5000, 20
0, 12000, 109, 199, 185, 1834489, 1518908, 0.4, 50, 100, 4, 60, 5000, 20
0, 12000, 97, 201, 179, 1822647, 1623612, 0.4, 50, 100, 4, 50, 5000, 20
0, 12000, 111, 222, 183, 1791397, 1492046, 0.4, 50, 100, 4, 52, 5000, 20
0, 12000, 107, 213, 177, 1896863, 1591501, 0.4, 50, 100, 4, 59, 5000, 20
0, 12000, 78, 181, 147, 1788145, 1575375, 0.4, 50, 100, 4, 54, 5000, 20
0, 12000, 107, 209, 197, 1849682, 1550701, 0.4, 50, 100, 4, 49, 5000, 20
0, 12000, 120, 213, 189, 1713317, 1453551, 0.4, 50, 100, 4, 60, 5000, 20
0, 12000, 110, 217, 179, 1949235, 1567349, 0.4, 50, 100, 4, 53, 5000, 20
0, 12000, 79, 187, 147, 1776613, 1569848, 0.4, 50, 100, 4, 65, 5000, 20
0, 12000, 97, 214, 176, 1725729, 1426666, 0.4, 50, 100, 4, 78, 5000, 20
0, 12000, 111, 214, 205, 1736931, 1508967, 0.4, 50, 100, 4, 71, 5000, 20
0, 12000, 88, 216, 196, 2194884, 1930679, 0.4, 50, 100, 5, 73, 5000, 20
0, 12000, 104, 218, 168, 2170610, 1890595, 0.4, 50, 100, 5, 68, 5000, 20
0, 12000, 105, 218, 187, 2363684, 2060938, 0.4, 50, 100, 5, 70, 5000, 20
0, 12000, 113, 204, 173, 2499367, 2100159, 0.4, 50, 100, 5, 77, 5000, 20
0, 12000, 92, 221, 185, 2375428, 1951707, 0.4, 50, 100, 5, 67, 5000, 20
0, 12000, 113, 228, 200, 2296506, 1780758, 0.4, 50, 100, 5, 75, 5000, 20
0, 12000, 100, 217, 184, 2407117, 1935833, 0.4, 50, 100, 5, 70, 5000, 20
0, 12000, 102, 198, 188, 2296552, 2019609, 0.4, 50, 100, 5, 74, 5000, 20
0, 12000, 103, 214, 191, 2231518, 1892184, 0.4, 50, 100, 5, 66, 5000, 20
1, 6480, 110, 133, 127, 1379081, 1394985, 0.4, 50, 100, 5, 30, 5000, 20
0, 12000, 119, 223, 191, 2244971, 1905404, 0.4, 50, 100, 5, 72, 5000, 20
0, 12000, 109, 224, 204, 2222445, 1847280, 0.4, 50, 100, 5, 71, 5000, 20
0, 12000, 101, 214, 195, 2198708, 1878501, 0.4, 50, 100, 5, 67, 5000, 20
0, 12000, 109, 207, 196, 2206152, 1910061, 0.4, 50, 100, 5, 76, 5000, 20
0, 12000, 103, 209, 182, 2255275, 1812848, 0.4, 50, 100, 5, 76, 5000, 20
0, 12000, 113, 232, 195, 2285646, 1969407, 0.4, 50, 100, 5, 73, 5000, 20
0, 12000, 110, 213, 183, 2299242, 1950846, 0.4, 50, 100, 5, 75, 5000, 20
0, 12000, 105, 202, 193, 2263260, 1982465, 0.4, 50, 100, 5, 73, 5000, 20
0, 12000, 103, 203, 171, 2201793, 1892719, 0.4, 50, 100, 5, 73, 5000, 20
0, 12000, 114, 211, 187, 2288982, 1885547, 0.4, 50, 100, 5, 69, 5000, 20
0, 12000, 106, 220, 181, 2284995, 1944339, 0.4, 50, 100, 5, 75, 5000, 20
0, 12000, 106, 196, 168, 2380124, 2063904, 0.4, 50, 100, 5, 71, 5000, 20
0, 12000, 99, 212, 181, 2342647, 2037113, 0.4, 50, 100, 5, 67, 5000, 20
0, 12000, 100, 202, 176, 2384248, 2040504, 0.4, 50, 100, 5, 83, 5000, 20
0, 12000, 111, 217, 175, 2352059, 1976599, 0.4, 50, 100, 5, 70, 5000, 20
0, 12000, 97, 203, 189, 2218645, 1896868, 0.4, 50, 100, 5, 68, 5000, 20
0, 12000, 106, 210, 193, 2254305, 1865435, 0.4, 50, 100, 5, 78, 5000, 20
0, 12000, 102, 212, 206, 2310285, 1879136, 0.4, 50, 100, 5, 77, 5000, 20
0, 12000, 99, 211, 176, 2153553, 1838513, 0.4, 50, 100, 5, 74, 5000, 20
0, 12000, 94, 216, 171, 2341482, 1898238, 0.4, 50, 100, 5, 70, 5000, 20
0, 12000, 96, 222, 180, 2362655, 2047496, 0.4, 50, 100, 5, 68, 5000, 20
0, 12000, 98, 234, 192, 2338688, 1961842, 0.4, 50, 100, 5, 64, 5000, 20
0, 12000, 97, 191, 177, 2232825, 1961904, 0.4, 50, 100, 5, 73, 5000, 20
0, 12000, 113, 220, 185, 2309419, 1888160, 0.4, 50, 100, 5, 75, 5000, 20
0, 12000, 107, 222, 201, 2177950, 1912167, 0.4, 50, 100, 5, 76, 5000, 20
0, 12000, 91, 205, 185, 2248032, 1880803, 0.4, 50, 100, 5, 89, 5000, 20
0, 12000, 97, 213, 183, 2311165, 1923931, 0.4, 50, 100, 5, 74, 5000, 20
0, 12000, 108, 216, 183, 2260730, 1847584, 0.4, 50, 100, 5, 69, 5000, 20
0, 12000, 105, 199, 191, 2123428, 1850418, 0.4, 50, 100, 5, 73, 5000, 20
0, 12000, 107, 224, 187, 2307629, 2000129, 0.4, 50, 100, 5, 64, 5000, 20
0, 12000, 105, 183, 159, 2427827, 2027960, 0.4, 50, 100, 5, 77, 5000, 20
0, 12000, 105, 206, 178, 2322363, 1999257, 0.4, 50, 100, 5, 77, 5000, 20
0, 12000, 108, 213, 174, 2469730, 2109523, 0.4, 50, 100, 5, 74, 5000, 20
0, 12000, 89, 209, 174, 2241688, 1936339, 0.4, 50, 100, 5, 79, 5000, 20
0, 12000, 102, 221, 206, 2265351, 1886295, 0.4, 50, 100, 5, 73, 5000, 20
0, 12000, 101, 199, 187, 2198432, 1931205, 0.4, 50, 100, 5, 71, 5000, 20
0, 12000, 90, 190, 156, 2407886, 1983852, 0.4, 50, 100, 5, 73, 5000, 20
0, 12000, 104, 211, 189, 2189632, 1864011, 0.4, 50, 100, 5, 66, 5000, 20
0, 12000, 107, 205, 192, 2150107, 1938840, 0.4, 50, 100, 5, 71, 5000, 20
0, 12000, 94, 196, 176, 2250080, 1915237, 0.4, 50, 100, 5, 72, 5000, 20
0, 12000, 96, 194, 201, 2268692, 1964650, 0.4, 50, 100, 5, 71, 5000, 20
0, 12000, 104, 218, 188, 2232872, 1911640, 0.4, 50, 100, 5, 74, 5000, 20
0, 12000, 103, 223, 180, 2186698, 1839480, 0.4, 50, 100, 5, 72, 5000, 20
0, 12000, 122, 217, 200, 2273372, 2003450, 0.4, 50, 100, 5, 78, 5000, 20
0, 12000, 119, 250, 208, 2127485, 1788277, 0.4, 50, 100, 5, 70, 5000, 20
0, 12000, 108, 227, 194, 2436128, 1980275, 0.4, 50, 100, 5, 63, 5000, 20
0, 12000, 98, 206, 184, 2216533, 1849053, 0.4, 50, 100, 5, 75, 5000, 20
0, 12000, 97, 217, 182, 2300775, 1884246, 0.4, 50, 100, 5, 85, 5000, 20
0, 12000, 114, 208, 186, 2285579, 1988156, 0.4, 50, 100, 5, 74, 5000, 20
0, 12000, 107, 220, 198, 2088835, 1835355, 0.4, 50, 100, 5, 71, 5000, 20
0, 12000, 96, 223, 196, 2370763, 1962483, 0.4, 50, 100, 5, 63, 5000, 20
0, 12000, 111, 209, 176, 2298666, 1889134, 0.4, 50, 100, 5, 65, 5000, 20
0, 12000, 97, 226, 188, 2368967, 1997461, 0.4, 50, 100, 5, 73, 5000, 20
0, 12000, 106, 225, 193, 2327565, 1962929, 0.4, 50, 100, 5, 71, 5000, 20
0, 12000, 91, 205, 163, 2300607, 1890922, 0.4, 50, 100, 5, 74, 5000, 20
0, 12000, 92, 205, 166, 2206503, 1817731, 0.4, 50, 100, 5, 77, 5000, 20
0, 12000, 94, 209, 199, 2198894, 1888328, 0.4, 50, 100, 5, 91, 5000, 20
0, 12000, 111, 205, 189, 2288220, 1921321, 0.4, 50, 100, 5, 72, 5000, 20
0, 12000, 95, 209, 180, 2193958, 1780173, 0.4, 50, 100, 5, 83, 5000, 20
0, 12000, 101, 218, 176, 2332585, 1854044, 0.4, 50, 100, 5, 68, 5000, 20
0, 12000, 96, 205, 167, 2286215, 1896039, 0.4, 50, 100, 5, 72, 5000, 20
0, 12000, 96, 206, 179, 2211761, 1831830, 0.4, 50, 100, 5, 71, 5000, 20
0, 12000, 119, 227, 208, 2149754, 1941096, 0.4, 50, 100, 5, 77, 5000, 20
0, 12000, 95, 209, 189, 2276847, 1964216, 0.4, 50, 100, 5, 72, 5000, 20
0, 12000, 97, 221, 195, 2262036, 1880858, 0.4, 50, 100, 5, 70, 5000, 20
0, 12000, 92, 197, 161, 2116223, 1835430, 0.4, 50, 100, 5, 65, 5000, 20
0, 12000, 100, 202, 180, 2378116, 1940714, 0.4, 50, 100, 5, 72, 5000, 20
0, 12000, 74, 177, 139, 2314956, 1950716, 0.4, 50, 100, 5, 73, 5000, 20
0, 12000, 101, 211, 191, 2220487, 1928082, 0.4, 50, 100, 5, 72, 5000, 20
0, 12000, 121, 220, 200, 2154738, 1873383, 0.4, 50, 100, 5, 77, 5000, 20
0, 12000, 93, 214, 180, 2346235, 1937218, 0.4, 50, 100, 5, 67, 5000, 20
0, 12000, 105, 223, 184, 2305619, 1936744, 0.4, 50, 100, 5, 74, 5000, 20
0, 12000, 102, 223, 191, 2343343, 1992388, 0.4, 50, 100, 5, 73, 5000, 20
0, 12000, 94, 216, 176, 2268790, 1933450, 0.4, 50, 100, 5, 73, 5000, 20
0, 12000, 97, 191, 174, 2279324, 1959175, 0.4, 50, 100, 5, 82, 5000, 20
0, 12000, 104, 215, 180, 2451604, 1993781, 0.4, 50, 100, 5, 71, 5000, 20
0, 12000, 108, 220, 201, 2230138, 1880656, 0.4, 50, 100, 5, 69, 5000, 20
0, 12000, 105, 214, 187, 2238969, 1927324, 0.4, 50, 100, 5, 73, 5000, 20
0, 12000, 92, 206, 174, 2365504, 1888858, 0.4, 50, 100, 5, 69, 5000, 20
0, 12000, 94, 197, 154, 2394453, 1951129, 0.4, 50, 100, 5, 73, 5000, 20
0, 12000, 100, 217, 202, 2118537, 1829088, 0.4, 50, 100, 5, 75, 5000, 20
0, 12000, 104, 214, 191, 2259517, 1946947, 0.4, 50, 100, 5, 79, 5000, 20
0, 12000, 98, 215, 179, 2260374, 1931720, 0.4, 50, 100, 5, 77, 5000, 20
0, 12000, 99, 218, 194, 2124050, 1843139, 0.4, 50, 100, 5, 70, 5000, 20
0, 12000, 95, 201, 185, 2372918, 2012138, 0.4, 50, 100, 5, 72, 5000, 20
0, 12000, 95, 198, 189, 2360496, 2042215, 0.4, 50, 100, 5, 70, 5000, 20
0, 12000, 100, 207, 175, 2274524, 1881392, 0.4, 50, 100, 5, 77, 5000, 20
0, 12000, 110, 235, 199, 2306672, 1893807, 0.4, 50, 100, 5, 75, 5000, 20
0, 12000, 121, 236, 214, 2227600, 1900290, 0.4, 50, 100, 5, 82, 5000, 20
0, 12000, 90, 201, 153, 2230311, 1831488, 0.4, 50, 100, 5, 100, 5000, 20
0, 12000, 102, 220, 208, 2795993, 2263816, 0.4, 50, 100, 6, 87, 5000, 20
0, 12000, 102, 209, 206, 2626870, 2304262, 0.4, 50, 100, 6, 91, 5000, 20
0, 12000, 79, 197, 146, 2727269, 2226476, 0.4, 50, 100, 6, 92, 5000, 20
0, 12000, 88, 189, 159, 2718575, 2488905, 0.4, 50, 100, 6, 104, 5000, 20
0, 12000, 90, 197, 177, 2658358, 2369855, 0.4, 50, 100, 6, 98, 5000, 20
0, 12000, 95, 197, 155, 2870705, 2368688, 0.4, 50, 100, 6, 90, 5000, 20
0, 12000, 104, 219, 186, 2800576, 2482361, 0.4, 50, 100, 6, 91, 5000, 20
0, 12000, 111, 213, 185, 2782136, 2453026, 0.4, 50, 100, 6, 101, 5000, 20
0, 12000, 113, 216, 182, 2737459, 2318268, 0.4, 50, 100, 6, 102, 5000, 20
0, 12000, 117, 222, 191, 2796648, 2316848, 0.4, 50, 100, 6, 91, 5000, 20
0, 12000, 112, 224, 183, 2711857, 2250281, 0.4, 50, 100, 6, 111, 5000, 20
0, 12000, 93, 198, 165, 2815240, 2366421, 0.4, 50, 100, 6, 98, 5000, 20
0, 12000, 108, 220, 202, 2649986, 2333447, 0.4, 50, 100, 6, 108, 5000, 20
0, 12000, 118, 227, 207, 2718007, 2247637, 0.4, 50, 100, 6, 101, 5000, 20
0, 12000, 120, 222, 193, 2657026, 2233358, 0.4, 50, 100, 6, 87, 5000, 20
0, 12000, 85, 200, 187, 2725025, 2329533, 0.4, 50, 100, 6, 114, 5000, 20
0, 12000, 114, 224, 187, 2774987, 2308096, 0.4, 50, 100, 6, 107, 5000, 20
0, 12000, 99, 212, 180, 2587841, 2197644, 0.4, 50, 100, 6, 107, 5000, 20
0, 12000, 103, 220, 179, 2890951, 2349308, 0.4, 50, 100, 6, 100, 5000, 20
0, 12000, 84, 185, 147, 2666599, 2154115, 0.4, 50, 100, 6, 101, 5000, 20
0, 12000, 101, 202, 186, 2736146, 2341720, 0.4, 50, 100, 6, 90, 5000, 20
0, 12000, 110, 229, 207, 2850460, 2407763, 0.4, 50, 100, 6, 92, 5000, 20
0, 12000, 93, 187, 190, 2637577, 2280273, 0.4, 50, 100, 6, 105, 5000, 20
0, 12000, 111, 217, 194, 2779710, 2385253, 0.4, 50, 100, 6, 86, 5000, 20
0, 12000, 105, 212, 177, 2817049, 2301927, 0.4, 50, 100, 6, 114, 5000, 20
0, 12000, 102, 210, 185, 2877750, 2466728, 0.4, 50, 100, 6, 93, 5000, 20
0, 12000, 117, 232, 206, 2796251, 2324782, 0.4, 50, 100, 6, 92, 5000, 20
0, 12000, 81, 187, 146, 2652652, 2218866, 0.4, 50, 100, 6, 87, 5000, 20
0, 12000, 101, 200, 186, 2652525, 2212606, 0.4, 50, 100, 6, 88, 5000, 20
0, 12000, 108, 226, 200, 2678251, 2280402, 0.4, 50, 100, 6, 88, 5000, 20
0, 12000, 97, 215, 182, 2646486, 2230585, 0.4, 50, 100, 6, 104, 5000, 20
0, 12000, 90, 207, 161, 2680593, 2179293, 0.4, 50, 100, 6, 127, 5000, 20
0, 12000, 71, 173, 137, 2916360, 2527422, 0.4, 50, 100, 6, 90, 5000, 20
0, 12000, 105, 223, 200, 2676696, 2366846, 0.4, 50, 100, 6, 131, 5000, 20
0, 12000, 119, 212, 193, 2743813, 2420873, 0.4, 50, 100, 6, 127, 5000, 20
0, 12000, 101, 213, 206, 2751450, 2350844, 0.4, 50, 100, 6, 114, 5000, 20
0, 12000, 103, 219, 179, 2574791, 2187618, 0.4, 50, 100, 6, 92, 5000, 20
0, 12000, 91, 204, 184, 2701522, 2300116, 0.4, 50, 100, 6, 90, 5000, 20
0, 12000, 109, 240, 196, 2802836, 2430979, 0.4, 50, 100, 6, 87, 5000, 20
0, 12000, 91, 219, 177, 2709676, 2319251, 0.4, 50, 100, 6, 88, 5000, 20
0, 12000, 89, 205, 177, 2770601, 2377411, 0.4, 50, 100, 6, 104, 5000, 20
0, 12000, 119, 229, 197, 2762630, 2301121, 0.4, 50, 100, 6, 97, 5000, 20
0, 12000, 108, 196, 176, 2777203, 2380742, 0.4, 50, 100, 6, 94, 5000, 20
0, 12000, 85, 203, 165, 2693597, 2215173, 0.4, 50, 100, 6, 91, 5000, 20
0, 12000, 116, 223, 189, 2752360, 2299254, 0.4, 50, 100, 6, 85, 5000, 20
0, 12000, 113, 218, 185, 2724114, 2270571, 0.4, 50, 100, 6, 89, 5000, 20
0, 12000, 85, 202, 171, 2705278, 2257148, 0.4, 50, 100, 6, 89, 5000, 20
0, 12000, 90, 201, 178, 2811040, 2413493, 0.4, 50, 100, 6, 100, 5000, 20
0, 12000, 90, 211, 180, 2906232, 2452345, 0.4, 50, 100, 6, 93, 5000, 20
0, 12000, 96, 206, 174, 2828862, 2411482, 0.4, 50, 100, 6, 91, 5000, 20
0, 12000, 112, 214, 181, 2900225, 2376911, 0.4, 50, 100, 6, 95, 5000, 20
0, 12000, 104, 219, 202, 2805144, 2355935, 0.4, 50, 100, 6, 88, 5000, 20
0, 12000, 111, 205, 194, 2712149, 2239117, 0.4, 50, 100, 6, 99, 5000, 20
0, 12000, 81, 176, 161, 2649892, 2258381, 0.4, 50, 100, 6, 99, 5000, 20
0, 12000, 115, 225, 186, 2772629, 2393678, 0.4, 50, 100, 6, 91, 5000, 20
0, 12000, 98, 212, 185, 2726955, 2266876, 0.4, 50, 100, 6, 89, 5000, 20
0, 12000, 105, 207, 195, 2791504, 2413831, 0.4, 50, 100, 6, 85, 5000, 20
0, 12000, 102, 195, 175, 2811556, 2378192, 0.4, 50, 100, 6, 93, 5000, 20
0, 12000, 111, 230, 196, 2758436, 2333783, 0.4, 50, 100, 6, 83, 5000, 20
0, 12000, 106, 204, 172, 2815013, 2389854, 0.4, 50, 100, 6, 106, 5000, 20
0, 12000, 101, 209, 177, 2813437, 2434845, 0.4, 50, 100, 6, 94, 5000, 20
0, 12000, 108, 222, 187, 2748192, 2337655, 0.4, 50, 100, 6, 99, 5000, 20
0, 12000, 89, 178, 164, 2662436, 2360679, 0.4, 50, 100, 6, 89, 5000, 20
0, 12000, 96, 210, 175, 2598078, 2308452, 0.4, 50, 100, 6, 102, 5000, 20
0, 12000, 111, 204, 175, 2816953, 2431024, 0.4, 50, 100, 6, 95, 5000, 20
0, 12000, 85, 189, 151, 2780953, 2285177, 0.4, 50, 100, 6, 100, 5000, 20
0, 12000, 94, 209, 192, 2810010, 2231221, 0.4, 50, 100, 6, 91, 5000, 20
0, 12000, 101, 203, 208, 2747773, 2250370, 0.4, 50, 100, 6, 88, 5000, 20
0, 12000, 87, 210, 185, 2814919, 2297341, 0.4, 50, 100, 6, 88, 5000, 20
0, 12000, 98, 184, 176, 2571527, 2236868, 0.4, 50, 100, 6, 106, 5000, 20
0, 12000, 94, 186, 156, 2883834, 2431219, 0.4, 50, 100, 6, 88, 5000, 20
0, 12000, 102, 204, 180, 2629814, 2252188, 0.4, 50, 100, 6, 96, 5000, 20
0, 12000, 115, 231, 183, 2815504, 2413972, 0.4, 50, 100, 6, 108, 5000, 20
0, 12000, 105, 218, 191, 2774921, 2423993, 0.4, 50, 100, 6, 89, 5000, 20
0, 12000, 97, 205, 182, 2656848, 2272535, 0.4, 50, 100, 6, 90, 5000, 20
0, 12000, 100, 216, 186, 2730750, 2322747, 0.4, 50, 100, 6, 89, 5000, 20
0, 12000, 79, 182, 163, 2703804, 2330488, 0.4, 50, 100, 6, 100, 5000, 20
0, 12000, 111, 211, 192, 2815139, 2429672, 0.4, 50, 100, 6, 86, 5000, 20
0, 12000, 106, 217, 201, 2720510, 2375436, 0.4, 50, 100, 6, 97, 5000, 20
0, 12000, 96, 209, 170, 2747694, 2248957, 0.4, 50, 100, 6, 90, 5000, 20
0, 12000, 106, 215, 188, 2680893, 2284981, 0.4, 50, 100, 6, 102, 5000, 20
0, 12000, 93, 208, 176, 2758057, 2335267, 0.4, 50, 100, 6, 85, 5000, 20
0, 12000, 106, 199, 186, 2796744, 2415560, 0.4, 50, 100, 6, 104, 5000, 20
0, 12000, 99, 207, 181, 2779159, 2366325, 0.4, 50, 100, 6, 85, 5000, 20
0, 12000, 101, 216, 181, 2705376, 2412825, 0.4, 50, 100, 6, 91, 5000, 20
0, 12000, 99, 196, 184, 2768226, 2435114, 0.4, 50, 100, 6, 86, 5000, 20
0, 12000, 111, 208, 196, 2794592, 2507802, 0.4, 50, 100, 6, 85, 5000, 20
0, 12000, 107, 230, 194, 2793831, 2231463, 0.4, 50, 100, 6, 93, 5000, 20
0, 12000, 115, 220, 199, 2676014, 2260361, 0.4, 50, 100, 6, 91, 5000, 20
0, 12000, 95, 220, 176, 2715930, 2364931, 0.4, 50, 100, 6, 86, 5000, 20
0, 12000, 100, 219, 189, 2774212, 2396903, 0.4, 50, 100, 6, 90, 5000, 20
0, 12000, 99, 235, 172, 2886416, 2446295, 0.4, 50, 100, 6, 89, 5000, 20
0, 12000, 87, 191, 161, 2878373, 2379832, 0.4, 50, 100, 6, 94, 5000, 20
0, 12000, 77, 204, 168, 2801177, 2320490, 0.4, 50, 100, 6, 84, 5000, 20
0, 12000, 114, 239, 213, 2749064, 2396063, 0.4, 50, 100, 6, 86, 5000, 20
0, 12000, 103, 215, 197, 2667252, 2376986, 0.4, 50, 100, 6, 89, 5000, 20
0, 12000, 81, 186, 150, 2822082, 2261260, 0.4, 50, 100, 6, 90, 5000, 20
0, 12000, 104, 216, 185, 2830667, 2316126, 0.4, 50, 100, 6, 88, 5000, 20
0, 12000, 107, 217, 187, 2775360, 2401289, 0.4, 50, 100, 6, 90, 5000, 20
0, 12000, 98, 215, 192, 2582091, 2095958, 0.4, 50, 100, 6, 104, 5000, 20
0, 12000, 105, 202, 192, 3373732, 2788722, 0.4, 50, 100, 7, 114, 5000, 20
0, 12000, 96, 220, 178, 3240002, 2779022, 0.4, 50, 100, 7, 103, 5000, 20
0, 12000, 103, 212, 196, 3347363, 2893616, 0.4, 50, 100, 7, 108, 5000, 20
0, 12000, 102, 215, 191, 3165734, 2683701, 0.4, 50, 100, 7, 113, 5000, 20
0, 12000, 97, 196, 168, 3118599, 2657056, 0.4, 50, 100, 7, 101, 5000, 20
0, 12000, 94, 217, 183, 3210100, 2705216, 0.4, 50, 100, 7, 116, 5000, 20
0, 12000, 82, 171, 155, 3223958, 2858137, 0.4, 50, 100, 7, 128, 5000, 20
0, 12000, 101, 211, 189, 3299027, 2710102, 0.4, 50, 100, 7, 119, 5000, 20
0, 12000, 108, 218, 211, 3112864, 2709987, 0.4, 50, 100, 7, 113, 5000, 20
0, 12000, 114, 205, 168, 3149607, 2720626, 0.4, 50, 100, 7, 145, 5000, 20
0, 12000, 105, 218, 197, 3113215, 2601081, 0.4, 50, 100, 7, 111, 5000, 20
0, 12000, 104, 209, 180, 3252645, 2764250, 0.4, 50, 100, 7, 108, 5000, 20
0, 12000, 105, 217, 195, 3170585, 2778591, 0.4, 50, 100, 7, 109, 5000, 20
0, 12000, 90, 215, 179, 3046257, 2609391, 0.4, 50, 100, 7, 101, 5000, 20
0, 12000, 115, 218, 186, 3256207, 2701339, 0.4, 50, 100, 7, 112, 5000, 20
0, 12000, 112, 225, 200, 3270489, 2730717, 0.4, 50, 100, 7, 109, 5000, 20
0, 12000, 91, 207, 185, 3182033, 2725160, 0.4, 50, 100, 7, 130, 5000, 20
0, 12000, 91, 210, 182, 3258823, 2780061, 0.4, 50, 100, 7, 109, 5000, 20
0, 12000, 115, 229, 191, 3230701, 2742237, 0.4, 50, 100, 7, 106, 5000, 20
0, 12000, 98, 200, 181, 3083766, 2714744, 0.4, 50, 100, 7, 113, 5000, 20
0, 12000, 111, 215, 188, 3106051, 2727999, 0.4, 50, 100, 7, 127, 5000, 20
0, 12000, 100, 201, 169, 3280235, 2753026, 0.4, 50, 100, 7, 107, 5000, 20
0, 12000, 105, 207, 172, 3122308, 2563354, 0.4, 50, 100, 7, 117, 5000, 20
0, 12000, 100, 204, 184, 3164090, 2728628, 0.4, 50, 100, 7, 109, 5000, 20
0, 12000, 102, 202, 176, 3256561, 2779496, 0.4, 50, 100, 7, 107, 5000, 20
0, 12000, 91, 212, 185, 3091344, 2658268, 0.4, 50, 100, 7, 109, 5000, 20
0, 12000, 96, 189, 177, 3211252, 2800704, 0.4, 50, 100, 7, 112, 5000, 20
0, 12000, 112, 232, 203, 3157785, 2752273, 0.4, 50, 100, 7, 110, 5000, 20
0, 12000, 92, 220, 183, 3123229, 2621137, 0.4, 50, 100, 7, 125, 5000, 20
0, 12000, 75, 185, 140, 3177600, 2644075, 0.4, 50, 100, 7, 122, 5000, 20
0, 12000, 109, 234, 183, 3222162, 2662901, 0.4, 50, 100, 7, 109, 5000, 20
0, 12000, 107, 210, 182, 3319636, 2743638, 0.4, 50, 100, 7, 98, 5000, 20
0, 12000, 91, 208, 170, 3345178, 2731977, 0.4, 50, 100, 7, 113, 5000, 20
0, 12000, 122, 225, 195, 3236991, 2753062, 0.4, 50, 100, 7, 111, 5000, 20
0, 12000, 109, 207, 195, 3189474, 2794383, 0.4, 50, 100, 7, 124, 5000, 20
0, 12000, 100, 216, 195, 3245361, 2763362, 0.4, 50, 100, 7, 104, 5000, 20
0, 12000, 88, 213, 186, 3014356, 2658961, 0.4, 50, 100, 7, 109, 5000, 20
0, 12000, 107, 220, 190, 3128804, 2680233, 0.4, 50, 100, 7, 121, 5000, 20
0, 12000, 85, 205, 174, 3102013, 2534502, 0.4, 50, 100, 7, 133, 5000, 20
0, 12000, 99, 195, 182, 3262008, 2808173, 0.4, 50, 100, 7, 107, 5000, 20
0, 12000, 104, 215, 171, 3153241, 2714092, 0.4, 50, 100, 7, 110, 5000, 20
0, 12000, 109, 221, 190, 3175404, 2711130, 0.4, 50, 100, 7, 116, 5000, 20
0, 12000, 112, 230, 186, 3527720, 2827263, 0.4, 50, 100, 7, 110, 5000, 20
0, 12000, 109, 200, 187, 3340663, 2729290, 0.4, 50, 100, 7, 118, 5000, 20
0, 12000, 100, 203, 183, 3102847, 2739468, 0.4, 50, 100, 7, 128, 5000, 20
0, 12000, 90, 196, 172, 3303769, 2827990, 0.4, 50, 100, 7, 118, 5000, 20
0, 12000, 121, 208, 197, 3071842, 2739927, 0.4, 50, 100, 7, 134, 5000, 20
0, 12000, 99, 208, 195, 3118264, 2663141, 0.4, 50, 100, 7, 124, 5000, 20
0, 12000, 111, 200, 193, 3222163, 2808717, 0.4, 50, 100, 7, 120, 5000, 20
0, 12000, 99, 208, 181, 3257254, 2691602, 0.4, 50, 100, 7, 108, 5000, 20
0, 12000, 101, 190, 171, 3292537, 2830130, 0.4, 50, 100, 7, 133, 5000, 20
0, 12000, 117, 227, 198, 3101610, 2743805, 0.4, 50, 100, 7, 116, 5000, 20
0, 12000, 104, 191, 187, 3220630, 2795754, 0.4, 50, 100, 7, 130, 5000, 20
0, 12000, 112, 211, 175, 3403158, 2908796, 0.4, 50, 100, 7, 109, 5000, 20
0, 12000, 98, 219, 158, 3203363, 2736708, 0.4, 50, 100, 7, 114, 5000, 20
0, 12000, 96, 206, 175, 3045506, 2548490, 0.4, 50, 100, 7, 111, 5000, 20
0, 12000, 110, 226, 198, 3087466, 2701228, 0.4, 50, 100, 7, 113, 5000, 20
0, 12000, 89, 217, 195, 3144591, 2600011, 0.4, 50, 100, 7, 104, 5000, 20
0, 12000, 105, 219, 190, 3201845, 2731021, 0.4, 50, 100, 7, 112, 5000, 20
0, 12000, 99, 212, 178, 3203768, 2743495, 0.4, 50, 100, 7, 140, 5000, 20
0, 12000, 120, 220, 206, 3204028, 2693275, 0.4, 50, 100, 7, 123, 5000, 20
0, 12000, 92, 189, 162, 3147458, 2759856, 0.4, 50, 100, 7, 114, 5000, 20
0, 12000, 105, 213, 187, 3262731, 2890219, 0.4, 50, 100, 7, 106, 5000, 20
0, 12000, 91, 212, 192, 3321270, 2888829, 0.4, 50, 100, 7, 105, 5000, 20
0, 12000, 100, 217, 184, 3378688, 2804463, 0.4, 50, 100, 7, 115, 5000, 20
0, 12000, 105, 225, 194, 3122088, 2654889, 0.4, 50, 100, 7, 100, 5000, 20
0, 12000, 99, 207, 194, 3160843, 2700840, 0.4, 50, 100, 7, 114, 5000, 20
0, 12000, 95, 195, 169, 3313351, 2692671, 0.4, 50, 100, 7, 109, 5000, 20
0, 12000, 113, 211, 191, 3164599, 2680720, 0.4, 50, 100, 7, 111, 5000, 20
0, 12000, 96, 211, 176, 3298416, 2767986, 0.4, 50, 100, 7, 104, 5000, 20
0, 12000, 112, 233, 207, 3079265, 2563590, 0.4, 50, 100, 7, 106, 5000, 20
0, 12000, 97, 185, 157, 3274697, 2803831, 0.4, 50, 100, 7, 117, 5000, 20
0, 12000, 100, 213, 185, 3153566, 2675658, 0.4, 50, 100, 7, 117, 5000, 20
0, 12000, 101, 216, 183, 3202237, 2660118, 0.4, 50, 100, 7, 105, 5000, 20
0, 12000, 105, 224, 195, 3202052, 2652581, 0.4, 50, 100, 7, 96, 5000, 20
0, 12000, 106, 215, 189, 3120856, 2622720, 0.4, 50, 100, 7, 117, 5000, 20
0, 12000, 87, 194, 157, 3059885, 2609342, 0.4, 50, 100, 7, 102, 5000, 20
0, 12000, 118, 225, 191, 3299084, 2673635, 0.4, 50, 100, 7, 110, 5000, 20
0, 12000, 96, 187, 178, 3030229, 2622444, 0.4, 50, 100, 7, 112, 5000, 20
0, 12000, 109, 212, 200, 3219459, 2759760, 0.4, 50, 100, 7, 126, 5000, 20
0, 12000, 99, 221, 199, 3103027, 2637001, 0.4, 50, 100, 7, 116, 5000, 20
0, 12000, 86, 179, 152, 3247398, 2610131, 0.4, 50, 100, 7, 107, 5000, 20
0, 12000, 101, 215, 183, 3121476, 2621037, 0.4, 50, 100, 7, 111, 5000, 20
0, 12000, 99, 202, 189, 3233790, 2705887, 0.4, 50, 100, 7, 127, 5000, 20
0, 12000, 110, 209, 181, 3171226, 2815548, 0.4, 50, 100, 7, 106, 5000, 20
0, 12000, 100, 215, 181, 2998129, 2477773, 0.4, 50, 100, 7, 127, 5000, 20
0, 12000, 106, 205, 189, 3201357, 2790307, 0.4, 50, 100, 7, 111, 5000, 20
0, 12000, 113, 223, 192, 3051405, 2613870, 0.4, 50, 100, 7, 116, 5000, 20
0, 12000, 88, 222, 169, 3267794, 2708005, 0.4, 50, 100, 7, 129, 5000, 20
0, 12000, 112, 182, 174, 3183589, 2685222, 0.4, 50, 100, 7, 114, 5000, 20
0, 12000, 104, 210, 192, 3090493, 2523544, 0.4, 50, 100, 7, 110, 5000, 20
0, 12000, 98, 199, 164, 3217621, 2662381, 0.4, 50, 100, 7, 108, 5000, 20
0, 12000, 95, 203, 170, 3229461, 2754301, 0.4, 50, 100, 7, 113, 5000, 20
0, 12000, 88, 216, 186, 3172965, 2630579, 0.4, 50, 100, 7, 105, 5000, 20
0, 12000, 122, 234, 188, 3272038, 2606576, 0.4, 50, 100, 7, 114, 5000, 20
0, 12000, 87, 201, 167, 3278305, 2904441, 0.4, 50, 100, 7, 101, 5000, 20
0, 12000, 96, 212, 200, 3238412, 2757021, 0.4, 50, 100, 7, 121, 5000, 20
0, 12000, 100, 220, 167, 3153190, 2625599, 0.4, 50, 100, 7, 113, 5000, 20
0, 12000, 102, 221, 191, 3092781, 2682340, 0.4, 50, 100, 7, 114, 5000, 20
0, 12000, 98, 201, 166, 3175105, 2666686, 0.4, 50, 100, 7, 138, 5000, 20
0, 12000, 112, 232, 201, 4123577, 3674284, 0.4, 50, 100, 9, 158, 5000, 20
0, 12000, 110, 215, 175, 4046841, 3343365, 0.4, 50, 100, 9, 164, 5000, 20
0, 12000, 108, 229, 202, 3952131, 3513037, 0.4, 50, 100, 9, 153, 5000, 20
0, 12000, 108, 220, 179, 4151591, 3532468, 0.4, 50, 100, 9, 161, 5000, 20
0, 12000, 113, 231, 197, 4044291, 3403577, 0.4, 50, 100, 9, 169, 5000, 20
0, 12000, 110, 221, 212, 4338513, 3461143, 0.4, 50, 100, 9, 154, 5000, 20
0, 12000, 100, 208, 180, 4219617, 3509906, 0.4, 50, 100, 9, 183, 5000, 20
0, 12000, 104, 202, 179, 4119489, 3473151, 0.4, 50, 100, 9, 162, 5000, 20
0, 12000, 121, 233, 196, 4017668, 3428107, 0.4, 50, 100, 9, 162, 5000, 20
0, 12000, 105, 199, 192, 4129201, 3513519, 0.4, 50, 100, 9, 182, 5000, 20
0, 12000, 117, 237, 198, 4302453, 3605008, 0.4, 50, 100, 9, 194, 5000, 20
0, 12000, 92, 196, 182, 4133236, 3452076, 0.4, 50, 100, 9, 154, 5000, 20
0, 12000, 103, 213, 179, 4060337, 3362243, 0.4, 50, 100, 9, 176, 5000, 20
0, 12000, 96, 189, 178, 4256730, 3630139, 0.4, 50, 100, 9, 146, 5000, 20
0, 12000, 102, 206, 164, 4218815, 3597303, 0.4, 50, 100, 9, 175, 5000, 20
0, 12000, 93, 201, 159, 4223753, 3669777, 0.4, 50, 100, 9, 162, 5000, 20
0, 12000, 108, 227, 199, 4239417, 3586569, 0.4, 50, 100, 9, 196, 5000, 20
0, 12000, 107, 223, 209, 4141740, 3454631, 0.4, 50, 100, 9, 173, 5000, 20
0, 12000, 102, 219, 196, 4005926, 3474005, 0.4, 50, 100, 9, 193, 5000, 20
0, 12000, 112, 222, 202, 4079568, 3513897, 0.4, 50, 100, 9, 180, 5000, 20
0, 12000, 111, 212, 191, 3922335, 3443167, 0.4, 50, 100, 9, 241, 5000, 20
0, 12000, 91, 211, 187, 4279289, 3628984, 0.4, 50, 100, 9, 179, 5000, 20
0, 12000, 109, 211, 183, 4100098, 3568088, 0.4, 50, 100, 9, 164, 5000, 20
0, 12000, 96, 210, 182, 4154133, 3587784, 0.4, 50, 100, 9, 173, 5000, 20
0, 12000, 95, 220, 194, 4026763, 3370637, 0.4, 50, 100, 9, 192, 5000, 20
0, 12000, 80, 184, 163, 4039736, 3538523, 0.4, 50, 100, 9, 198, 5000, 20
0, 12000, 98, 206, 189, 4202399, 3623214, 0.4, 50, 100, 9, 161, 5000, 20
0, 12000, 104, 214, 193, 4135358, 3468711, 0.4, 50, 100, 9, 186, 5000, 20
0, 12000, 97, 195, 183, 3989273, 3419795, 0.4, 50, 100, 9, 195, 5000, 20
0, 12000, 101, 219, 206, 4073733, 3407312, 0.4, 50, 100, 9, 181, 5000, 20
0, 12000, 95, 195, 187, 4224489, 3547243, 0.4, 50, 100, 9, 200, 5000, 20
0, 12000, 93, 192, 167, 4217061, 3534562, 0.4, 50, 100, 9, 162, 5000, 20
0, 12000, 99, 214, 180, 4110562, 3305787, 0.4, 50, 100, 9, 172, 5000, 20
0, 12000, 97, 196, 188, 4019916, 3495327, 0.4, 50, 100, 9, 150, 5000, 20
0, 12000, 108, 218, 194, 4157004, 3449890, 0.4, 50, 100, 9, 191, 5000, 20
0, 12000, 94, 214, 193, 4082689, 3512578, 0.4, 50, 100, 9, 158, 5000, 20
0, 12000, 113, 214, 188, 3948969, 3414421, 0.4, 50, 100, 9, 159, 5000, 20
0, 12000, 97, 203, 186, 4089156, 3460338, 0.4, 50, 100, 9, 156, 5000, 20
0, 12000, 97, 213, 191, 4090549, 3637450, 0.4, 50, 100, 9, 162, 5000, 20
0, 12000, 109, 216, 179, 4140516, 3404246, 0.4, 50, 100, 9, 171, 5000, 20
0, 12000, 88, 206, 179, 3919513, 3325819, 0.4, 50, 100, 9, 154, 5000, 20
0, 12000, 106, 217, 203, 4065184, 3550781, 0.4, 50, 100, 9, 151, 5000, 20
0, 12000, 93, 196, 178, 4026317, 3425208, 0.4, 50, 100, 9, 149, 5000, 20
0, 12000, 105, 212, 188, 4085839, 3523288, 0.4, 50, 100, 9, 157, 5000, 20
0, 12000, 97, 206, 180, 4073527, 3565303, 0.4, 50, 100, 9, 175, 5000, 20
0, 12000, 92, 207, 171, 4186904, 3665854, 0.4, 50, 100, 9, 149, 5000, 20
0, 12000, 99, 222, 170, 4191649, 3479798, 0.4, 50, 100, 9, 188, 5000, 20
0, 12000, 109, 216, 189, 4029293, 3441900, 0.4, 50, 100, 9, 180, 5000, 20
0, 12000, 93, 212, 184, 4005664, 3319150, 0.4, 50, 100, 9, 177, 5000, 20
0, 12000, 104, 196, 182, 4100116, 3507963, 0.4, 50, 100, 9, 160, 5000, 20
0, 12000, 101, 208, 185, 3953114, 3488927, 0.4, 50, 100, 9, 189, 5000, 20
0, 12000, 102, 222, 204, 3975328, 3294875, 0.4, 50, 100, 9, 181, 5000, 20
0, 12000, 94, 201, 181, 4209204, 3574773, 0.4, 50, 100, 9, 190, 5000, 20
0, 12000, 109, 205, 188, 4004530, 3494492, 0.4, 50, 100, 9, 177, 5000, 20
0, 12000, 102, 220, 175, 4198067, 3415544, 0.4, 50, 100, 9, 163, 5000, 20
0, 12000, 93, 219, 195, 4324872, 3650297, 0.4, 50, 100, 9, 158, 5000, 20
0, 12000, 101, 214, 171, 4052306, 3402098, 0.4, 50, 100, 9, 161, 5000, 20
0, 12000, 108, 231, 194, 4118907, 3409423, 0.4, 50, 100, 9, 173, 5000, 20
0, 12000, 109, 215, 203, 4027830, 3412874, 0.4, 50, 100, 9, 172, 5000, 20
0, 12000, 109, 209, 184, 4125918, 3718847, 0.4, 50, 100, 9, 211, 5000, 20
0, 12000, 88, 212, 178, 4180747, 3498640, 0.4, 50, 100, 9, 147, 5000, 20
0, 12000, 98, 222, 181, 4038697, 3366201, 0.4, 50, 100, 9, 144, 5000, 20
0, 12000, 104, 216, 188, 4084145, 3428348, 0.4, 50, 100, 9, 189, 5000, 20
0, 12000, 104, 205, 172, 4189426, 3403842, 0.4, 50, 100, 9, 156, 5000, 20
0, 12000, 89, 221, 179, 4337755, 3579066, 0.4, 50, 100, 9, 161, 5000, 20
0, 12000, 100, 213, 188, 4201004, 3677028, 0.4, 50, 100, 9, 155, 5000, 20
0, 12000, 103, 215, 178, 4066296, 3409219, 0.4, 50, 100, 9, 166, 5000, 20
0, 12000, 97, 177, 161, 4037405, 3530924, 0.4, 50, 100, 9, 163, 5000, 20
0, 12000, 101, 200, 182, 4062937, 3524976, 0.4, 50, 100, 9, 150, 5000, 20
0, 12000, 109, 214, 188, 4276685, 3537806, 0.4, 50, 100, 9, 168, 5000, 20
0, 12000, 95, 214, 181, 3917874, 3273026, 0.4, 50, 100, 9, 166, 5000, 20
0, 12000, 105, 201, 187, 4269646, 3580337, 0.4, 50, 100, 9, 178, 5000, 20
0, 12000, 114, 228, 191, 4309779, 3701007, 0.4, 50, 100, 9, 147, 5000, 20
0, 12000, 113, 230, 192, 4107384, 3496174, 0.4, 50, 100, 9, 159, 5000, 20
0, 12000, 103, 207, 189, 4064869, 3419249, 0.4, 50, 100, 9, 160, 5000, 20
0, 12000, 98, 199, 178, 4282451, 3541557, 0.4, 50, 100, 9, 173, 5000, 20
0, 12000, 102, 215, 179, 4048024, 3371403, 0.4, 50, 100, 9, 178, 5000, 20
0, 12000, 102, 206, 171, 4082586, 3483801, 0.4, 50, 100, 9, 151, 5000, 20
0, 12000, 110, 228, 187, 4021007, 3427517, 0.4, 50, 100, 9, 155, 5000, 20
0, 12000, 107, 227, 177, 3994584, 3442975, 0.4, 50, 100, 9, 163, 5000, 20
0, 12000, 97, 204, 158, 4170502, 3596170, 0.4, 50, 100, 9, 165, 5000, 20
0, 12000, 95, 217, 184, 4076305, 3474382, 0.4, 50, 100, 9, 153, 5000, 20
0, 12000, 100, 212, 190, 4129498, 3471174, 0.4, 50, 100, 9, 195, 5000, 20
0, 12000, 97, 203, 186, 4169726, 3506552, 0.4, 50, 100, 9, 170, 5000, 20
0, 12000, 109, 215, 188, 3993140, 3423545, 0.4, 50, 100, 9, 180, 5000, 20
0, 12000, 105, 215, 193, 4322146, 3695034, 0.4, 50, 100, 9, 178, 5000, 20
0, 12000, 87, 192, 187, 4251381, 3531557, 0.4, 50, 100, 9, 159, 5000, 20
0, 12000, 93, 224, 209, 3926919, 3391242, 0.4, 50, 100, 9, 193, 5000, 20
0, 12000, 107, 221, 189, 4298158, 3667715, 0.4, 50, 100, 9, 165, 5000, 20
0, 12000, 113, 228, 181, 4031782, 3512554, 0.4, 50, 100, 9, 153, 5000, 20
0, 12000, 112, 215, 199, 4003857, 3438627, 0.4, 50, 100, 9, 173, 5000, 20
0, 12000, 110, 211, 195, 3955890, 3439282, 0.4, 50, 100, 9, 155, 5000, 20
0, 12000, 103, 208, 183, 4149670, 3507703, 0.4, 50, 100, 9, 160, 5000, 20
0, 12000, 100, 216, 196, 4045097, 3358632, 0.4, 50, 100, 9, 154, 5000, 20
0, 12000, 121, 212, 185, 4236364, 3613267, 0.4, 50, 100, 9, 161, 5000, 20
0, 12000, 97, 219, 187, 4165379, 3536320, 0.4, 50, 100, 9, 203, 5000, 20
0, 12000, 110, 212, 187, 4273896, 3731577, 0.4, 50, 100, 9, 157, 5000, 20
0, 12000, 105, 207, 183, 4264369, 3545279, 0.4, 50, 100, 9, 201, 5000, 20
0, 12000, 95, 204, 168, 4084949, 3508377, 0.4, 50, 100, 9, 183, 5000, 20
0, 12000, 93, 215, 190, 4093048, 3501281, 0.4, 50, 100, 9, 195, 5000, 20
0, 12000, 86, 196, 169, 4955358, 4189268, 0.4, 50, 100, 11, 212, 5000, 20
0, 12000, 95, 222, 187, 5085981, 4346238, 0.4, 50, 100, 11, 214, 5000, 20
0, 12000, 87, 199, 174, 4936200, 4170263, 0.4, 50, 100, 11, 221, 5000, 20
0, 12000, 104, 232, 205, 5051443, 4188095, 0.4, 50, 100, 11, 222, 5000, 20
0, 12000, 107, 209, 194, 4952268, 4241589, 0.4, 50, 100, 11, 215, 5000, 20
0, 12000, 105, 218, 185, 5231020, 4508594, 0.4, 50, 100, 11, 215, 5000, 20
0, 12000, 112, 207, 195, 4974976, 4198765, 0.4, 50, 100, 11, 225, 5000, 20
0, 12000, 106, 223, 207, 4978603, 4156344, 0.4, 50, 100, 11, 233, 5000, 20
0, 12000, 92, 200, 164, 5168391, 4415807, 0.4, 50, 100, 11, 230, 5000, 20
0, 12000, 127, 226, 214, 5173801, 4415866, 0.4, 50, 100, 11, 214, 5000, 20
0, 12000, 105, 208, 189, 5278096, 4479576, 0.4, 50, 100, 11, 218, 5000, 20
0, 12000, 105, 230, 194, 4892683, 4205116, 0.4, 50, 100, 11, 217, 5000, 20
0, 12000, 100, 223, 193, 4940559, 4204141, 0.4, 50, 100, 11, 243, 5000, 20
0, 12000, 110, 205, 186, 5025407, 4336271, 0.4, 50, 100, 11, 258, 5000, 20
0, 12000, 110, 208, 187, 4962610, 4145694, 0.4, 50, 100, 11, 215, 5000, 20
0, 12000, 110, 223, 201, 5087913, 4364671, 0.4, 50, 100, 11, 219, 5000, 20
0, 12000, 101, 221, 164, 4977610, 4252770, 0.4, 50, 100, 11, 203, 5000, 20
0, 12000, 92, 214, 183, 5026980, 4316665, 0.4, 50, 100, 11, 211, 5000, 20
0, 12000, 114, 219, 201, 4982423, 4240429, 0.4, 50, 100, 11, 240, 5000, 20
0, 12000, 100, 222, 177, 5017499, 4206895, 0.4, 50, 100, 11, 221, 5000, 20
0, 12000, 110, 224, 188, 5007024, 4324552, 0.4, 50, 100, 11, 194, 5000, 20
0, 12000, 93, 206, 164, 5037178, 4268717, 0.4, 50, 100, 11, 235, 5000, 20
0, 12000, 123, 225, 212, 5103388, 4199630, 0.4, 50, 100, 11, 220, 5000, 20
0, 12000, 93, 198, 159, 5188872, 4301223, 0.4, 50, 100, 11, 218, 5000, 20
0, 12000, 101, 210, 196, 4915989, 4208262, 0.4, 50, 100, 11, 216, 5000, 20
0, 12000, 124, 226, 209, 5224458, 4365778, 0.4, 50, 100, 11, 227, 5000, 20
0, 12000, 105, 208, 170, 5199753, 4401543, 0.4, 50, 100, 11, 326, 5000, 20
0, 12000, 97, 218, 169, 5155919, 4321342, 0.4, 50, 100, 11, 223, 5000, 20
0, 12000, 94, 208, 189, 5240701, 4351396, 0.4, 50, 100, 11, 268, 5000, 20
0, 12000, 113, 209, 183, 5140339, 4347992, 0.4, 50, 100, 11, 225, 5000, 20
0, 12000, 104, 209, 194, 5008340, 4320960, 0.4, 50, 100, 11, 226, 5000, 20
0, 12000, 108, 216, 183, 4909287, 4163364, 0.4, 50, 100, 11, 209, 5000, 20
0, 12000, 109, 228, 201, 5054943, 4315875, 0.4, 50, 100, 11, 209, 5000, 20
0, 12000, 76, 200, 172, 5177225, 4457597, 0.4, 50, 100, 11, 205, 5000, 20
0, 12000, 107, 208, 175, 5185485, 4398979, 0.4, 50, 100, 11, 217, 5000, 20
0, 12000, 107, 218, 180, 5107344, 4378124, 0.4, 50, 100, 11, 222, 5000, 20
0, 12000, 83, 197, 176, 5085260, 4390756, 0.4, 50, 100, 11, 218, 5000, 20
0, 12000, 109, 227, 196, 5016894, 4191730, 0.4, 50, 100, 11, 221, 5000, 20
0, 12000, 104, 211, 187, 4957857, 4255152, 0.4, 50, 100, 11, 216, 5000, 20
0, 12000, 94, 214, 170, 5053037, 4171434, 0.4, 50, 100, 11, 234, 5000, 20
0, 12000, 88, 195, 169, 4964070, 4130425, 0.4, 50, 100, 11, 225, 5000, 20
0, 12000, 108, 216, 198, 5096733, 4311291, 0.4, 50, 100, 11, 213, 5000, 20
0, 12000, 94, 192, 171, 4828486, 4212622, 0.4, 50, 100, 11, 214, 5000, 20
0, 12000, 90, 212, 184, 4868809, 4073357, 0.4, 50, 100, 11, 263, 5000, 20
0, 12000, 115, 214, 184, 5105599, 4238092, 0.4, 50, 100, 11, 293, 5000, 20
0, 12000, 99, 226, 199, 4778955, 3937905, 0.4, 50, 100, 11, 243, 5000, 20
0, 12000, 99, 221, 201, 4828595, 4180516, 0.4, 50, 100, 11, 210, 5000, 20
0, 12000, 116, 224, 192, 4962099, 4169854, 0.4, 50, 100, 11, 228, 5000, 20
0, 12000, 104, 208, 171, 5236943, 4276278, 0.4, 50, 100, 11, 261, 5000, 20
0, 12000, 100, 218, 198, 4750909, 4033239, 0.4, 50, 100, 11, 311, 5000, 20
0, 12000, 101, 202, 191, 5192844, 4326541, 0.4, 50, 100, 11, 199, 5000, 20
0, 12000, 79, 163, 159, 4854901, 4253903, 0.4, 50, 100, 11, 262, 5000, 20
0, 12000, 98, 191, 168, 5104765, 4438364, 0.4, 50, 100, 11, 238, 5000, 20
0, 12000, 101, 216, 180, 4934956, 4207344, 0.4, 50, 100, 11, 234, 5000, 20
0, 12000, 100, 207, 182, 5050006, 4324821, 0.4, 50, 100, 11, 282, 5000, 20
0, 12000, 111, 226, 189, 5208026, 4398506, 0.4, 50, 100, 11, 215, 5000, 20
0, 12000, 105, 221, 193, 4972807, 4149394, 0.4, 50, 100, 11, 311, 5000, 20
0, 12000, 103, 218, 186, 4767017, 4247210, 0.4, 50, 100, 11, 208, 5000, 20
0, 12000, 112, 225, 189, 5187465, 4329519, 0.4, 50, 100, 11, 207, 5000, 20
0, 12000, 102, 226, 198, 5228333, 4430240, 0.4, 50, 100, 11, 294, 5000, 20
0, 12000, 90, 203, 157, 4952413, 4213649, 0.4, 50, 100, 11, 299, 5000, 20
0, 12000, 100, 213, 191, 4829703, 4196743, 0.4, 50, 100, 11, 221, 5000, 20
0, 12000, 101, 209, 183, 5112850, 4342687, 0.4, 50, 100, 11, 218, 5000, 20
0, 12000, 110, 216, 193, 5130261, 4378617, 0.4, 50, 100, 11, 254, 5000, 20
0, 12000, 93, 201, 178, 5123429, 4260079, 0.4, 50, 100, 11, 222, 5000, 20
0, 12000, 103, 223, 202, 5079216, 4294012, 0.4, 50, 100, 11, 207, 5000, 20
0, 12000, 97, 206, 163, 5167402, 4418093, 0.4, 50, 100, 11, 221, 5000, 20
0, 12000, 88, 196, 170, 4906344, 4094941, 0.4, 50, 100, 11, 228, 5000, 20
0, 12000, 114, 209, 184, 5103524, 4401045, 0.4, 50, 100, 11, 270, 5000, 20
0, 12000, 113, 217, 188, 4880129, 3985632, 0.4, 50, 100, 11, 238, 5000, 20
0, 12000, 100, 206, 196, 5169843, 4328711, 0.4, 50, 100, 11, 262, 5000, 20
0, 12000, 106, 205, 182, 5019166, 4262708, 0.4, 50, 100, 11, 250, 5000, 20
0, 12000, 96, 214, 177, 4869732, 4148898, 0.4, 50, 100, 11, 238, 5000, 20
0, 12000, 107, 221, 200, 5051455, 4214140, 0.4, 50, 100, 11, 219, 5000, 20
0, 12000, 96, 206, 186, 4867578, 4231290, 0.4, 50, 100, 11, 235, 5000, 20
0, 12000, 106, 216, 189, 5025997, 4337372, 0.4, 50, 100, 11, 236, 5000, 20
0, 12000, 111, 226, 203, 4943414, 4205880, 0.4, 50, 100, 11, 277, 5000, 20
0, 12000, 105, 206, 198, 4845440, 4129055, 0.4, 50, 100, 11, 220, 5000, 20
0, 12000, 90, 202, 176, 5130153, 4310654, 0.4, 50, 100, 11, 273, 5000, 20
0, 12000, 110, 210, 185, 4964680, 4205909, 0.4, 50, 100, 11, 269, 5000, 20
0, 12000, 94, 221, 187, 5037740, 4155527, 0.4, 50, 100, 11, 274, 5000, 20
0, 12000, 114, 224, 197, 5127435, 4205158, 0.4, 50, 100, 11, 312, 5000, 20
0, 12000, 103, 219, 192, 4921417, 4130646, 0.4, 50, 100, 11, 248, 5000, 20
0, 12000, 111, 217, 212, 5203137, 4421543, 0.4, 50, 100, 11, 262, 5000, 20
0, 12000, 96, 191, 177, 4965603, 4202546, 0.4, 50, 100, 11, 252, 5000, 20
0, 12000, 92, 216, 177, 5090493, 4265352, 0.4, 50, 100, 11, 283, 5000, 20
0, 12000, 104, 220, 187, 5059329, 4355796, 0.4, 50, 100, 11, 221, 5000, 20
0, 12000, 110, 225, 199, 4814892, 4259759, 0.4, 50, 100, 11, 281, 5000, 20
0, 12000, 86, 207, 183, 5086796, 4181880, 0.4, 50, 100, 11, 221, 5000, 20
0, 12000, 109, 214, 190, 5077366, 4355546, 0.4, 50, 100, 11, 256, 5000, 20
0, 12000, 106, 207, 179, 5282893, 4358352, 0.4, 50, 100, 11, 257, 5000, 20
0, 12000, 76, 196, 180, 5109925, 4242043, 0.4, 50, 100, 11, 208, 5000, 20
0, 12000, 120, 234, 199, 4861051, 4073839, 0.4, 50, 100, 11, 235, 5000, 20
0, 12000, 106, 231, 182, 5241635, 4460325, 0.4, 50, 100, 11, 266, 5000, 20
0, 12000, 112, 216, 197, 5038058, 4204222, 0.4, 50, 100, 11, 239, 5000, 20
0, 12000, 103, 225, 191, 5142167, 4240250, 0.4, 50, 100, 11, 279, 5000, 20
0, 12000, 98, 216, 187, 5064160, 4275420, 0.4, 50, 100, 11, 227, 5000, 20
0, 12000, 100, 210, 189, 5020164, 4304965, 0.4, 50, 100, 11, 229, 5000, 20
0, 12000, 101, 215, 190, 5056314, 4370589, 0.4, 50, 100, 11, 260, 5000, 20
0, 12000, 95, 213, 188, 5007471, 4284536, 0.4, 50, 100, 11, 255, 5000, 20
0, 12000, 122, 232, 194, 6155096, 5173997, 0.4, 50, 100, 13, 301, 5000, 20
0, 12000, 90, 199, 166, 5891245, 4919573, 0.4, 50, 100, 13, 339, 5000, 20
0, 12000, 106, 215, 184, 5815668, 4921121, 0.4, 50, 100, 13, 318, 5000, 20
0, 12000, 119, 231, 196, 5976187, 5057591, 0.4, 50, 100, 13, 282, 5000, 20
0, 12000, 110, 213, 196, 5990565, 5219339, 0.4, 50, 100, 13, 296, 5000, 20
0, 12000, 86, 202, 170, 5987474, 5053760, 0.4, 50, 100, 13, 262, 5000, 20
0, 12000, 94, 220, 186, 5859254, 4913936, 0.4, 50, 100, 13, 263, 5000, 20
0, 12000, 103, 194, 168, 6139478, 5161812, 0.4, 50, 100, 13, 322, 5000, 20
0, 12000, 116, 237, 196, 5841590, 5009523, 0.4, 50, 100, 13, 300, 5000, 20
0, 12000, 111, 236, 216, 6010371, 5062260, 0.4, 50, 100, 13, 367, 5000, 20
0, 12000, 87, 199, 179, 5653507, 4890943, 0.4, 50, 100, 13, 393, 5000, 20
0, 12000, 109, 225, 204, 5866434, 4929343, 0.4, 50, 100, 13, 321, 5000, 20
0, 12000, 102, 188, 178, 5722604, 4871833, 0.4, 50, 100, 13, 315, 5000, 20
0, 12000, 86, 189, 170, 5825844, 4908160, 0.4, 50, 100, 13, 325, 5000, 20
0, 12000, 108, 223, 202, 6109330, 5118593, 0.4, 50, 100, 13, 335, 5000, 20
0, 12000, 111, 225, 190, 5946172, 5085725, 0.4, 50, 100, 13, 313, 5000, 20
0, 12000, 104, 216, 196, 5915708, 4986612, 0.4, 50, 100, 13, 273, 5000, 20
0, 12000, 93, 224, 183, 6040579, 4983163, 0.4, 50, 100, 13, 275, 5000, 20
0, 12000, 105, 205, 191, 5766699, 4872583, 0.4, 50, 100, 13, 331, 5000, 20
0, 12000, 112, 218, 187, 5846392, 5042693, 0.4, 50, 100, 13, 283, 5000, 20
0, 12000, 93, 209, 187, 6068074, 5046630, 0.4, 50, 100, 13, 311, 5000, 20
0, 12000, 94, 214, 174, 5834143, 4908697, 0.4, 50, 100, 13, 337, 5000, 20
0, 12000, 122, 220, 187, 6070085, 5120522, 0.4, 50, 100, 13, 308, 5000, 20
0, 12000, 93, 199, 174, 5917169, 4969307, 0.4, 50, 100, 13, 389, 5000, 20
0, 12000, 101, 210, 189, 5971346, 5132968, 0.4, 50, 100, 13, 391, 5000, 20
0, 12000, 99, 203, 157, 6122905, 4956966, 0.4, 50, 100, 13, 281, 5000, 20
0, 12000, 93, 196, 178, 5916993, 5074344, 0.4, 50, 100, 13, 318, 5000, 20
0, 12000, 103, 189, 146, 6325777, 5269169, 0.4, 50, 100, 13, 348, 5000, 20
0, 12000, 103, 210, 191, 5833684, 4819855, 0.4, 50, 100, 13, 398, 5000, 20
0, 12000, 105, 223, 210, 5835389, 4992167, 0.4, 50, 100, 13, 404, 5000, 20
0, 12000, 116, 215, 197, 5946842, 4959499, 0.4, 50, 100, 13, 353, 5000, 20
0, 12000, 96, 203, 179, 5936076, 5127030, 0.4, 50, 100, 13, 277, 5000, 20
0, 12000, 83, 183, 151, 6154040, 5297080, 0.4, 50, 100, 13, 293, 5000, 20
0, 12000, 95, 216, 179, 5689481, 4807744, 0.4, 50, 100, 13, 309, 5000, 20
0, 12000, 114, 193, 169, 5932215, 4902334, 0.4, 50, 100, 13, 318, 5000, 20
0, 12000, 102, 212, 192, 5968223, 5009722, 0.4, 50, 100, 13, 308, 5000, 20
0, 12000, 86, 210, 164, 5967760, 4937571, 0.4, 50, 100, 13, 309, 5000, 20
0, 12000, 102, 211, 178, 6226877, 5216962, 0.4, 50, 100, 13, 257, 5000, 20
0, 12000, 109, 206, 183, 5906562, 5203277, 0.4, 50, 100, 13, 304, 5000, 20
0, 12000, 108, 219, 200, 5840671, 5002050, 0.4, 50, 100, 13, 341, 5000, 20
0, 12000, 82, 180, 149, 6065875, 5292890, 0.4, 50, 100, 13, 296, 5000, 20
0, 12000, 102, 222, 185, 5889237, 5150184, 0.4, 50, 100, 13, 258, 5000, 20
0, 12000, 104, 231, 195, 5939615, 4969825, 0.4, 50, 100, 13, 322, 5000, 20
0, 12000, 105, 195, 165, 5970855, 4981736, 0.4, 50, 100, 13, 326, 5000, 20
0, 12000, 105, 224, 199, 6210519, 5119367, 0.4, 50, 100, 13, 283, 5000, 20
0, 12000, 118, 213, 194, 5777321, 4965285, 0.4, 50, 100, 13, 375, 5000, 20
0, 12000, 110, 206, 195, 5737273, 5021090, 0.4, 50, 100, 13, 334, 5000, 20
0, 12000, 112, 214, 198, 6019072, 5136374, 0.4, 50, 100, 13, 355, 5000, 20
0, 12000, 102, 203, 179, 5721208, 5078202, 0.4, 50, 100, 13, 274, 5000, 20
0, 12000, 101, 219, 193, 6073504, 5197107, 0.4, 50, 100, 13, 312, 5000, 20
0, 12000, 107, 224, 211, 5931966, 5174150, 0.4, 50, 100, 13, 307, 5000, 20
0, 12000, 93, 203, 176, 5844222, 5069320, 0.4, 50, 100, 13, 287, 5000, 20
0, 12000, 96, 205, 153, 6220959, 5283673, 0.4, 50, 100, 13, 322, 5000, 20
0, 12000, 108, 222, 183, 6066468, 5042135, 0.4, 50, 100, 13, 311, 5000, 20
0, 12000, 104, 206, 175, 5868420, 5062832, 0.4, 50, 100, 13, 367, 5000, 20
0, 12000, 104, 212, 175, 6020512, 5107200, 0.4, 50, 100, 13, 362, 5000, 20
0, 12000, 110, 219, 193, 5802360, 4795039, 0.4, 50, 100, 13, 341, 5000, 20
0, 12000, 99, 203, 185, 5831206, 4956519, 0.4, 50, 100, 13, 455, 5000, 20
0, 12000, 76, 204, 178, 5756388, 4985655, 0.4, 50, 100, 13, 310, 5000, 20
0, 12000, 113, 223, 202, 5941534, 4977545, 0.4, 50, 100, 13, 333, 5000, 20
0, 12000, 93, 210, 193, 5746698, 4823483, 0.4, 50, 100, 13, 370, 5000, 20
0, 12000, 104, 192, 184, 5715419, 4968248, 0.4, 50, 100, 13, 397, 5000, 20
0, 12000, 107, 203, 189, 5953435, 5258808, 0.4, 50, 100, 13, 286, 5000, 20
0, 12000, 105, 209, 177, 6107225, 5231837, 0.4, 50, 100, 13, 299, 5000, 20
0, 12000, 109, 221, 195, 5866966, 4842902, 0.4, 50, 100, 13, 350, 5000, 20
0, 12000, 99, 222, 184, 5969197, 5054661, 0.4, 50, 100, 13, 288, 5000, 20
0, 12000, 105, 219, 184, 5927599, 4965807, 0.4, 50, 100, 13, 379, 5000, 20
0, 12000, 105, 206, 192, 6098836, 5007039, 0.4, 50, 100, 13, 298, 5000, 20
0, 12000, 102, 228, 211, 5870578, 4991108, 0.4, 50, 100, 13, 310, 5000, 20
0, 12000, 114, 217, 204, 6023445, 5213802, 0.4, 50, 100, 13, 363, 5000, 20
0, 12000, 112, 208, 199, 6118146, 5315080, 0.4, 50, 100, 13, 329, 5000, 20
0, 12000, 110, 204, 188, 6205210, 5348816, 0.4, 50, 100, 13, 309, 5000, 20
0, 12000, 104, 212, 192, 5882754, 5024677, 0.4, 50, 100, 13, 326, 5000, 20
0, 12000, 87, 215, 175, 5765897, 4806703, 0.4, 50, 100, 13, 290, 5000, 20
0, 12000, 105, 223, 190, 5899300, 5030760, 0.4, 50, 100, 13, 372, 5000, 20
0, 12000, 99, 228, 205, 5645023, 4975049, 0.4, 50, 100, 13, 288, 5000, 20
0, 12000, 104, 220, 194, 5813940, 4921516, 0.4, 50, 100, 13, 286, 5000, 20
0, 12000, 111, 213, 182, 5890182, 4996378, 0.4, 50, 100, 13, 284, 5000, 20
0, 12000, 96, 198, 159, 6228785, 5201866, 0.4, 50, 100, 13, 319, 5000, 20
0, 12000, 87, 178, 156, 6096937, 5084506, 0.4, 50, 100, 13, 454, 5000, 20
0, 12000, 112, 216, 181, 6059208, 4999761, 0.4, 50, 100, 13, 389, 5000, 20
0, 12000, 94, 191, 172, 6008602, 5174327, 0.4, 50, 100, 13, 347, 5000, 20
0, 12000, 112, 216, 186, 6057992, 5246588, 0.4, 50, 100, 13, 401, 5000, 20
0, 12000, 110, 225, 206, 5770776, 4826493, 0.4, 50, 100, 13, 273, 5000, 20
0, 12000, 110, 217, 199, 5828642, 5016106, 0.4, 50, 100, 13, 341, 5000, 20
0, 12000, 100, 210, 186, 5827859, 4927536, 0.4, 50, 100, 13, 268, 5000, 20
0, 12000, 105, 211, 179, 5877322, 4855435, 0.4, 50, 100, 13, 359, 5000, 20
0, 12000, 96, 192, 172, 5933112, 5085743, 0.4, 50, 100, 13, 392, 5000, 20
0, 12000, 105, 225, 186, 5985324, 5210486, 0.4, 50, 100, 13, 288, 5000, 20
0, 12000, 105, 229, 200, 5829956, 4889074, 0.4, 50, 100, 13, 343, 5000, 20
0, 12000, 95, 195, 172, 5928507, 5337238, 0.4, 50, 100, 13, 465, 5000, 20
0, 12000, 97, 210, 177, 5887315, 4951749, 0.4, 50, 100, 13, 327, 5000, 20
0, 12000, 115, 219, 201, 5907375, 5089573, 0.4, 50, 100, 13, 290, 5000, 20
0, 12000, 100, 199, 176, 6038548, 4972726, 0.4, 50, 100, 13, 289, 5000, 20
0, 12000, 105, 202, 177, 6045231, 5145646, 0.4, 50, 100, 13, 369, 5000, 20
0, 12000, 109, 207, 204, 6016455, 5050606, 0.4, 50, 100, 13, 295, 5000, 20
0, 12000, 96, 207, 187, 6134869, 5202253, 0.4, 50, 100, 13, 362, 5000, 20
0, 12000, 82, 211, 174, 7114063, 5998243, 0.4, 50, 100, 15, 350, 5000, 20
0, 12000, 100, 212, 175, 6145397, 5171912, 0.4, 50, 100, 13, 508, 5000, 20
0, 12000, 118, 205, 189, 5791645, 4932680, 0.4, 50, 100, 13, 581, 5000, 20
0, 12000, 85, 191, 154, 7005100, 6002969, 0.4, 50, 100, 15, 365, 5000, 20
0, 12000, 94, 217, 192, 5633100, 4846237, 0.4, 50, 100, 13, 464, 5000, 20
0, 12000, 109, 219, 191, 6834752, 5796316, 0.4, 50, 100, 15, 438, 5000, 20
0, 12000, 111, 204, 208, 6816421, 5780908, 0.4, 50, 100, 15, 406, 5000, 20
0, 12000, 104, 212, 191, 6788771, 5923660, 0.4, 50, 100, 15, 367, 5000, 20
0, 12000, 92, 208, 193, 6976528, 6201163, 0.4, 50, 100, 15, 445, 5000, 20
0, 12000, 103, 223, 195, 6823919, 5816798, 0.4, 50, 100, 15, 363, 5000, 20
0, 12000, 100, 209, 165, 6721328, 5757800, 0.4, 50, 100, 15, 358, 5000, 20
0, 12000, 93, 198, 184, 6535169, 5635499, 0.4, 50, 100, 15, 508, 5000, 20
0, 12000, 104, 218, 195, 6900766, 5922162, 0.4, 50, 100, 15, 491, 5000, 20
0, 12000, 106, 231, 187, 6673076, 5676235, 0.4, 50, 100, 15, 447, 5000, 20
0, 12000, 94, 212, 177, 6798477, 5806122, 0.4, 50, 100, 15, 403, 5000, 20
0, 12000, 96, 213, 176, 6870077, 5698427, 0.4, 50, 100, 15, 511, 5000, 20
0, 12000, 108, 209, 187, 6820040, 5803357, 0.4, 50, 100, 15, 345, 5000, 20
0, 12000, 113, 212, 186, 6788525, 5818480, 0.4, 50, 100, 15, 489, 5000, 20
0, 12000, 112, 228, 197, 7024231, 5737412, 0.4, 50, 100, 15, 506, 5000, 20
0, 12000, 100, 214, 185, 7091190, 5999681, 0.4, 50, 100, 15, 472, 5000, 20
0, 12000, 110, 213, 182, 6635902, 5594146, 0.4, 50, 100, 15, 415, 5000, 20
0, 12000, 98, 224, 190, 6777837, 5739634, 0.4, 50, 100, 15, 445, 5000, 20
0, 12000, 98, 210, 193, 6581439, 5618337, 0.4, 50, 100, 15, 511, 5000, 20
0, 12000, 108, 215, 187, 7100629, 5937188, 0.4, 50, 100, 15, 376, 5000, 20
0, 12000, 105, 207, 182, 6783866, 5794824, 0.4, 50, 100, 15, 701, 5000, 20
0, 12000, 109, 223, 194, 6973019, 5742053, 0.4, 50, 100, 15, 546, 5000, 20
0, 12000, 107, 209, 195, 6958053, 5785616, 0.4, 50, 100, 15, 378, 5000, 20
0, 12000, 96, 220, 183, 6930327, 5802827, 0.4, 50, 100, 15, 556, 5000, 20
0, 12000, 100, 202, 177, 6875181, 5874154, 0.4, 50, 100, 15, 488, 5000, 20
0, 12000, 109, 200, 175, 7152874, 5833180, 0.4, 50, 100, 15, 672, 5000, 20
0, 12000, 94, 185, 173, 6947403, 5874709, 0.4, 50, 100, 15, 422, 5000, 20
0, 12000, 95, 198, 182, 7045556, 5999796, 0.4, 50, 100, 15, 420, 5000, 20
0, 12000, 88, 214, 179, 7103997, 5803328, 0.4, 50, 100, 15, 387, 5000, 20
0, 12000, 123, 227, 183, 6950852, 5815157, 0.4, 50, 100, 15, 546, 5000, 20
0, 12000, 122, 224, 197, 7072056, 6021927, 0.4, 50, 100, 15, 385, 5000, 20
0, 12000, 104, 217, 174, 6890847, 5775587, 0.4, 50, 100, 15, 380, 5000, 20
0, 12000, 109, 223, 182, 6876512, 5882607, 0.4, 50, 100, 15, 449, 5000, 20
0, 12000, 84, 195, 168, 7000942, 5906474, 0.4, 50, 100, 15, 691, 5000, 20
0, 12000, 94, 203, 174, 6885781, 5939924, 0.4, 50, 100, 15, 348, 5000, 20
0, 12000, 95, 211, 174, 6826524, 5760260, 0.4, 50, 100, 15, 398, 5000, 20
0, 12000, 96, 205, 163, 7021047, 6074834, 0.4, 50, 100, 15, 353, 5000, 20
0, 12000, 90, 214, 176, 6991525, 5689963, 0.4, 50, 100, 15, 400, 5000, 20
0, 12000, 100, 211, 180, 7090859, 5812389, 0.4, 50, 100, 15, 411, 5000, 20
0, 12000, 86, 191, 169, 6903905, 5936540, 0.4, 50, 100, 15, 419, 5000, 20
0, 12000, 116, 227, 198, 7161906, 6037527, 0.4, 50, 100, 15, 513, 5000, 20
0, 12000, 107, 229, 196, 6874673, 5913981, 0.4, 50, 100, 15, 372, 5000, 20
0, 12000, 106, 206, 188, 6772482, 5795329, 0.4, 50, 100, 15, 502, 5000, 20
0, 12000, 110, 216, 183, 6880653, 5663313, 0.4, 50, 100, 15, 483, 5000, 20
0, 12000, 108, 231, 195, 6944431, 5810828, 0.4, 50, 100, 15, 377, 5000, 20
0, 12000, 111, 220, 187, 7032020, 5892352, 0.4, 50, 100, 15, 390, 5000, 20
0, 12000, 107, 214, 191, 6743432, 5881248, 0.4, 50, 100, 15, 388, 5000, 20
0, 12000, 108, 196, 172, 6923767, 5696329, 0.4, 50, 100, 15, 416, 5000, 20
0, 12000, 99, 215, 180, 6740238, 5756496, 0.4, 50, 100, 15, 351, 5000, 20
0, 12000, 98, 209, 178, 6809453, 5615032, 0.4, 50, 100, 15, 464, 5000, 20
0, 12000, 105, 218, 200, 6734904, 5747827, 0.4, 50, 100, 15, 419, 5000, 20
0, 12000, 108, 223, 185, 6936435, 5866846, 0.4, 50, 100, 15, 357, 5000, 20
0, 12000, 90, 205, 177, 6899633, 5870862, 0.4, 50, 100, 15, 515, 5000, 20
0, 12000, 100, 227, 210, 6798687, 5807560, 0.4, 50, 100, 15, 412, 5000, 20
0, 12000, 107, 227, 217, 6730230, 5900931, 0.4, 50, 100, 15, 362, 5000, 20
0, 12000, 102, 219, 188, 6817561, 5674783, 0.4, 50, 100, 15, 462, 5000, 20
0, 12000, 101, 215, 174, 7133731, 5857585, 0.4, 50, 100, 15, 466, 5000, 20
0, 12000, 87, 208, 172, 6953680, 5686900, 0.4, 50, 100, 15, 342, 5000, 20
0, 12000, 104, 197, 183, 6989833, 5749606, 0.4, 50, 100, 15, 471, 5000, 20
0, 12000, 104, 207, 184, 6920604, 6002022, 0.4, 50, 100, 15, 361, 5000, 20
0, 12000, 110, 223, 187, 6751509, 5573657, 0.4, 50, 100, 15, 345, 5000, 20
0, 12000, 107, 210, 179, 6810080, 5835506, 0.4, 50, 100, 15, 495, 5000, 20
0, 12000, 101, 228, 193, 6821313, 5779862, 0.4, 50, 100, 15, 393, 5000, 20
0, 12000, 109, 224, 195, 6801655, 5958274, 0.4, 50, 100, 15, 470, 5000, 20
0, 12000, 100, 223, 195, 6768776, 5857709, 0.4, 50, 100, 15, 523, 5000, 20
0, 12000, 119, 232, 205, 7096114, 5815840, 0.4, 50, 100, 15, 385, 5000, 20
0, 12000, 94, 210, 178, 7048903, 5840656, 0.4, 50, 100, 15, 656, 5000, 20
0, 12000, 110, 222, 200, 7065494, 5810556, 0.4, 50, 100, 15, 376, 5000, 20
0, 12000, 99, 201, 167, 7023899, 5754114, 0.4, 50, 100, 15, 479, 5000, 20
0, 12000, 104, 221, 196, 6915498, 5832186, 0.4, 50, 100, 15, 357, 5000, 20
0, 12000, 119, 219, 189, 6890302, 5884561, 0.4, 50, 100, 15, 361, 5000, 20
0, 12000, 95, 198, 165, 6880795, 5839678, 0.4, 50, 100, 15, 541, 5000, 20
0, 12000, 91, 212, 198, 6741829, 5744773, 0.4, 50, 100, 15, 416, 5000, 20
0, 12000, 106, 212, 192, 6904530, 5804264, 0.4, 50, 100, 15, 547, 5000, 20
0, 12000, 109, 221, 181, 6781865, 5797755, 0.4, 50, 100, 15, 379, 5000, 20
0, 12000, 107, 224, 185, 6880809, 5866290, 0.4, 50, 100, 15, 454, 5000, 20
0, 12000, 89, 191, 146, 6836433, 5775112, 0.4, 50, 100, 15, 379, 5000, 20
0, 12000, 107, 227, 204, 6688407, 5609601, 0.4, 50, 100, 15, 519, 5000, 20
0, 12000, 103, 233, 190, 6628973, 5514806, 0.4, 50, 100, 15, 379, 5000, 20
0, 12000, 85, 218, 182, 6806776, 5820906, 0.4, 50, 100, 15, 368, 5000, 20
0, 12000, 110, 216, 179, 6977938, 5844076, 0.4, 50, 100, 15, 369, 5000, 20
0, 12000, 96, 214, 188, 7003763, 5999258, 0.4, 50, 100, 15, 455, 5000, 20
0, 12000, 99, 238, 214, 6972715, 6043681, 0.4, 50, 100, 15, 410, 5000, 20
0, 12000, 118, 222, 199, 6897758, 6006440, 0.4, 50, 100, 15, 368, 5000, 20
0, 12000, 114, 233, 195, 6819405, 5850999, 0.4, 50, 100, 15, 365, 5000, 20
0, 12000, 107, 220, 203, 6830358, 5762340, 0.4, 50, 100, 15, 344, 5000, 20
0, 12000, 88, 199, 166, 6928019, 5889240, 0.4, 50, 100, 15, 348, 5000, 20
0, 12000, 117, 234, 210, 6960272, 6146953, 0.4, 50, 100, 15, 407, 5000, 20
0, 12000, 89, 202, 186, 6934493, 5877707, 0.4, 50, 100, 15, 362, 5000, 20
0, 12000, 104, 215, 200, 6751711, 5738242, 0.4, 50, 100, 15, 384, 5000, 20
0, 12000, 102, 216, 177, 6881143, 5903205, 0.4, 50, 100, 15, 417, 5000, 20
0, 12000, 98, 203, 184, 6867959, 5653332, 0.4, 50, 100, 15, 352, 5000, 20
0, 12000, 108, 208, 187, 6759726, 5969804, 0.4, 50, 100, 15, 388, 5000, 20
0, 12000, 109, 230, 175, 7061642, 5902303, 0.4, 50, 100, 15, 406, 5000, 20
0, 12000, 109, 206, 188, 6598767, 5535331, 0.4, 50, 100, 15, 449, 5000, 20
0, 12000, 93, 206, 176, 6911784, 5780665, 0.4, 50, 100, 15, 477, 5000, 20
0, 12000, 92, 205, 175, 7873990, 6572757, 0.4, 50, 100, 17, 454, 5000, 20
0, 12000, 104, 235, 190, 6803895, 5522711, 0.4, 50, 100, 15, 541, 5000, 20
0, 12000, 104, 223, 182, 7748985, 6406078, 0.4, 50, 100, 17, 443, 5000, 20
0, 12000, 97, 205, 197, 6749138, 5882950, 0.4, 50, 100, 15, 527, 5000, 20
0, 12000, 100, 215, 196, 7631315, 6579848, 0.4, 50, 100, 17, 493, 5000, 20
0, 12000, 110, 186, 169, 7736834, 6396502, 0.4, 50, 100, 17, 482, 5000, 20
0, 12000, 95, 206, 178, 7599064, 6524276, 0.4, 50, 100, 17, 446, 5000, 20
0, 12000, 109, 226, 204, 7026596, 5758134, 0.4, 50, 100, 15, 547, 5000, 20
0, 12000, 107, 220, 175, 7922574, 6698786, 0.4, 50, 100, 17, 564, 5000, 20
0, 12000, 101, 195, 180, 7570514, 6529596, 0.4, 50, 100, 17, 425, 5000, 20
0, 12000, 96, 196, 174, 7626266, 6460194, 0.4, 50, 100, 17, 458, 5000, 20
0, 12000, 106, 227, 191, 8127319, 6880740, 0.4, 50, 100, 17, 593, 5000, 20
0, 12000, 81, 177, 148, 7814550, 6710040, 0.4, 50, 100, 17, 591, 5000, 20
0, 12000, 76, 177, 145, 7909230, 6677694, 0.4, 50, 100, 17, 474, 5000, 20
0, 12000, 99, 200, 176, 7801558, 6617911, 0.4, 50, 100, 17, 453, 5000, 20
0, 12000, 86, 214, 182, 7945276, 6496215, 0.4, 50, 100, 17, 444, 5000, 20
0, 12000, 101, 223, 194, 7775504, 6617201, 0.4, 50, 100, 17, 431, 5000, 20
0, 12000, 96, 199, 165, 7562839, 6402818, 0.4, 50, 100, 17, 586, 5000, 20
0, 12000, 111, 202, 185, 7724606, 6707490, 0.4, 50, 100, 17, 556, 5000, 20
0, 12000, 116, 203, 191, 7766033, 6785900, 0.4, 50, 100, 17, 494, 5000, 20
0, 12000, 108, 224, 198, 7926151, 6876398, 0.4, 50, 100, 17, 463, 5000, 20
0, 12000, 97, 190, 166, 7785661, 6652730, 0.4, 50, 100, 17, 573, 5000, 20
0, 12000, 97, 202, 180, 7548983, 6421614, 0.4, 50, 100, 17, 442, 5000, 20
0, 12000, 117, 229, 187, 7570035, 6416503, 0.4, 50, 100, 17, 604, 5000, 20
0, 12000, 100, 230, 203, 7787382, 6470749, 0.4, 50, 100, 17, 503, 5000, 20
0, 12000, 99, 218, 178, 7692557, 6627747, 0.4, 50, 100, 17, 550, 5000, 20
0, 12000, 91, 191, 161, 7859555, 6642633, 0.4, 50, 100, 17, 516, 5000, 20
0, 12000, 91, 207, 174, 7905398, 6578521, 0.4, 50, 100, 17, 520, 5000, 20
0, 12000, 112, 219, 198, 7639004, 6603339, 0.4, 50, 100, 17, 452, 5000, 20
0, 12000, 103, 211, 184, 7814764, 6632003, 0.4, 50, 100, 17, 496, 5000, 20
0, 12000, 108, 228, 204, 7631049, 6457008, 0.4, 50, 100, 17, 524, 5000, 20
0, 12000, 106, 225, 183, 7644206, 6612340, 0.4, 50, 100, 17, 501, 5000, 20
0, 12000, 85, 203, 149, 7891365, 6537025, 0.4, 50, 100, 17, 521, 5000, 20
0, 12000, 105, 218, 188, 7838720, 6488195, 0.4, 50, 100, 17, 469, 5000, 20
0, 12000, 103, 203, 184, 7885118, 6509995, 0.4, 50, 100, 17, 470, 5000, 20
0, 12000, 91, 217, 169, 7972622, 6687917, 0.4, 50, 100, 17, 544, 5000, 20
0, 12000, 94, 198, 179, 7831438, 6512987, 0.4, 50, 100, 17, 446, 5000, 20
0, 12000, 118, 234, 196, 7798389, 6428388, 0.4, 50, 100, 17, 502, 5000, 20
0, 12000, 95, 200, 169, 8099287, 6859624, 0.4, 50, 100, 17, 527, 5000, 20
0, 12000, 111, 235, 194, 7658127, 6390049, 0.4, 50, 100, 17, 480, 5000, 20
0, 12000, 101, 208, 174, 7533026, 6322249, 0.4, 50, 100, 17, 488, 5000, 20
0, 12000, 101, 205, 171, 7735541, 6608130, 0.4, 50, 100, 17, 486, 5000, 20
0, 12000, 102, 215, 188, 7651758, 6569628, 0.4, 50, 100, 17, 480, 5000, 20
0, 12000, 102, 205, 173, 7920546, 6857365, 0.4, 50, 100, 17, 583, 5000, 20
0, 12000, 79, 206, 170, 7807428, 6677974, 0.4, 50, 100, 17, 430, 5000, 20
0, 12000, 103, 216, 193, 7783282, 6773219, 0.4, 50, 100, 17, 567, 5000, 20
0, 12000, 88, 184, 178, 7761321, 6567448, 0.4, 50, 100, 17, 566, 5000, 20
0, 12000, 101, 222, 183, 7897116, 6537266, 0.4, 50, 100, 17, 505, 5000, 20
0, 12000, 98, 203, 183, 7839952, 6507383, 0.4, 50, 100, 17, 529, 5000, 20
0, 12000, 112, 228, 198, 7898451, 6602904, 0.4, 50, 100, 17, 547, 5000, 20
0, 12000, 108, 206, 187, 7821538, 6563308, 0.4, 50, 100, 17, 483, 5000, 20
0, 12000, 109, 226, 213, 7853497, 6671372, 0.4, 50, 100, 17, 541, 5000, 20
0, 12000, 110, 225, 216, 7711629, 6579338, 0.4, 50, 100, 17, 460, 5000, 20
0, 12000, 110, 212, 188, 7915776, 6713505, 0.4, 50, 100, 17, 513, 5000, 20
0, 12000, 96, 214, 194, 7657366, 6719292, 0.4, 50, 100, 17, 566, 5000, 20
0, 12000, 103, 221, 179, 7623415, 6382732, 0.4, 50, 100, 17, 848, 5000, 20
0, 12000, 101, 211, 182, 7758717, 6655020, 0.4, 50, 100, 17, 542, 5000, 20
0, 12000, 109, 217, 178, 7934418, 6704859, 0.4, 50, 100, 17, 502, 5000, 20
0, 12000, 101, 211, 195, 7465911, 6444109, 0.4, 50, 100, 17, 749, 5000, 20
0, 12000, 109, 223, 191, 7926166, 6633969, 0.4, 50, 100, 17, 586, 5000, 20
0, 12000, 92, 193, 159, 7709041, 6431636, 0.4, 50, 100, 17, 486, 5000, 20
0, 12000, 113, 222, 190, 7749497, 6571628, 0.4, 50, 100, 17, 477, 5000, 20
0, 12000, 98, 209, 180, 7851489, 6774248, 0.4, 50, 100, 17, 649, 5000, 20
0, 12000, 107, 219, 211, 7733381, 6598822, 0.4, 50, 100, 17, 515, 5000, 20
0, 12000, 108, 199, 186, 7746194, 6464149, 0.4, 50, 100, 17, 585, 5000, 20
0, 12000, 108, 207, 186, 7730248, 6489696, 0.4, 50, 100, 17, 477, 5000, 20
0, 12000, 114, 214, 196, 7744006, 6572220, 0.4, 50, 100, 17, 519, 5000, 20
0, 12000, 106, 214, 191, 7803857, 6770087, 0.4, 50, 100, 17, 450, 5000, 20
0, 12000, 121, 209, 194, 7649937, 6404099, 0.4, 50, 100, 17, 610, 5000, 20
0, 12000, 108, 213, 184, 7635790, 6607447, 0.4, 50, 100, 17, 558, 5000, 20
0, 12000, 100, 204, 173, 7868117, 6523130, 0.4, 50, 100, 17, 455, 5000, 20
0, 12000, 108, 216, 194, 7827439, 6321721, 0.4, 50, 100, 17, 561, 5000, 20
0, 12000, 112, 228, 192, 7667898, 6428913, 0.4, 50, 100, 17, 485, 5000, 20
0, 12000, 94, 200, 170, 7864174, 6600009, 0.4, 50, 100, 17, 525, 5000, 20
0, 12000, 100, 219, 180, 7847225, 6721996, 0.4, 50, 100, 17, 516, 5000, 20
0, 12000, 88, 206, 169, 7901321, 6679628, 0.4, 50, 100, 17, 560, 5000, 20
0, 12000, 114, 227, 203, 7662155, 6445853, 0.4, 50, 100, 17, 469, 5000, 20
0, 12000, 93, 229, 176, 7737375, 6311803, 0.4, 50, 100, 17, 536, 5000, 20
0, 12000, 106, 194, 171, 7783482, 6667778, 0.4, 50, 100, 17, 438, 5000, 20
0, 12000, 115, 232, 206, 7734103, 6590123, 0.4, 50, 100, 17, 570, 5000, 20
0, 12000, 92, 210, 177, 7864550, 6579680, 0.4, 50, 100, 17, 488, 5000, 20
0, 12000, 103, 191, 175, 7519930, 6541209, 0.4, 50, 100, 17, 477, 5000, 20
0, 12000, 109, 210, 200, 7584191, 6400940, 0.4, 50, 100, 17, 743, 5000, 20
0, 12000, 106, 195, 164, 7851044, 6718103, 0.4, 50, 100, 17, 834, 5000, 20
0, 12000, 101, 205, 170, 7759111, 6548128, 0.4, 50, 100, 17, 551, 5000, 20
0, 12000, 104, 216, 190, 7917475, 6742409, 0.4, 50, 100, 17, 566, 5000, 20
0, 12000, 100, 208, 188, 7935695, 6852393, 0.4, 50, 100, 17, 528, 5000, 20
0, 12000, 94, 184, 169, 7899807, 6765273, 0.4, 50, 100, 17, 459, 5000, 20
0, 12000, 105, 221, 194, 7717247, 6461757, 0.4, 50, 100, 17, 559, 5000, 20
0, 12000, 101, 212, 179, 7765507, 6550546, 0.4, 50, 100, 17, 465, 5000, 20
0, 12000, 102, 203, 170, 7841261, 6648085, 0.4, 50, 100, 17, 477, 5000, 20
0, 12000, 112, 236, 181, 7867413, 6502999, 0.4, 50, 100, 17, 573, 5000, 20
0, 12000, 107, 195, 184, 7717742, 6704678, 0.4, 50, 100, 17, 591, 5000, 20
0, 12000, 100, 226, 191, 7783920, 6488546, 0.4, 50, 100, 17, 438, 5000, 20
0, 12000, 88, 193, 165, 7622369, 6438912, 0.4, 50, 100, 17, 459, 5000, 20
0, 12000, 90, 203, 170, 7906110, 6504129, 0.4, 50, 100, 17, 458, 5000, 20
0, 12000, 95, 216, 181, 7678300, 6442793, 0.4, 50, 100, 17, 481, 5000, 20
0, 12000, 98, 219, 203, 7678015, 6461563, 0.4, 50, 100, 17, 438, 5000, 20
0, 12000, 109, 220, 198, 7889501, 6678948, 0.4, 50, 100, 17, 580, 5000, 20
0, 12000, 105, 207, 179, 7549103, 6508989, 0.4, 50, 100, 17, 558, 5000, 20
0, 12000, 104, 203, 169, 7757961, 6601889, 0.4, 50, 100, 17, 543, 5000, 20
0, 12000, 95, 188, 167, 7743941, 6556889, 0.4, 50, 100, 17, 633, 5000, 20
0, 12000, 86, 189, 168, 8642992, 7487833, 0.4, 50, 100, 19, 577, 5000, 20
0, 12000, 101, 205, 180, 8676481, 7439319, 0.4, 50, 100, 19, 548, 5000, 20
0, 12000, 93, 205, 186, 7717667, 6591398, 0.4, 50, 100, 17, 807, 5000, 20
0, 12000, 106, 218, 200, 8760907, 7475411, 0.4, 50, 100, 19, 629, 5000, 20
0, 12000, 87, 198, 174, 8603071, 7355943, 0.4, 50, 100, 19, 657, 5000, 20
0, 12000, 89, 225, 201, 8876725, 7500075, 0.4, 50, 100, 19, 651, 5000, 20
0, 12000, 93, 202, 185, 8462851, 7366886, 0.4, 50, 100, 19, 729, 5000, 20
0, 12000, 102, 228, 202, 8662632, 7300986, 0.4, 50, 100, 19, 719, 5000, 20
0, 12000, 103, 216, 180, 8897779, 7403552, 0.4, 50, 100, 19, 574, 5000, 20
0, 12000, 107, 214, 185, 8702380, 7290179, 0.4, 50, 100, 19, 604, 5000, 20
0, 12000, 108, 216, 193, 8603025, 7389441, 0.4, 50, 100, 19, 612, 5000, 20
0, 12000, 90, 190, 161, 8639410, 7439499, 0.4, 50, 100, 19, 571, 5000, 20
0, 12000, 110, 216, 181, 8779401, 7589907, 0.4, 50, 100, 19, 765, 5000, 20
0, 12000, 103, 213, 193, 8446348, 7099148, 0.4, 50, 100, 19, 575, 5000, 20
0, 12000, 117, 222, 201, 8537214, 7313709, 0.4, 50, 100, 19, 569, 5000, 20
0, 12000, 113, 205, 184, 8810632, 7514380, 0.4, 50, 100, 19, 567, 5000, 20
0, 12000, 98, 214, 192, 8525000, 7324154, 0.4, 50, 100, 19, 741, 5000, 20
0, 12000, 102, 202, 170, 8826723, 7470690, 0.4, 50, 100, 19, 600, 5000, 20
0, 12000, 106, 211, 191, 8680660, 7225206, 0.4, 50, 100, 19, 639, 5000, 20
0, 12000, 91, 199, 183, 8857752, 7758559, 0.4, 50, 100, 19, 668, 5000, 20
0, 12000, 108, 223, 179, 8819385, 7328663, 0.4, 50, 100, 19, 672, 5000, 20
0, 12000, 109, 215, 199, 8699543, 7377770, 0.4, 50, 100, 19, 578, 5000, 20
0, 12000, 102, 222, 194, 8553847, 7261522, 0.4, 50, 100, 19, 541, 5000, 20
0, 12000, 105, 202, 183, 9040021, 7504461, 0.4, 50, 100, 19, 577, 5000, 20
0, 12000, 91, 206, 186, 8659440, 7641737, 0.4, 50, 100, 19, 943, 5000, 20
0, 12000, 86, 207, 165, 8524932, 7153025, 0.4, 50, 100, 19, 744, 5000, 20
0, 12000, 109, 223, 209, 8672347, 7352676, 0.4, 50, 100, 19, 613, 5000, 20
0, 12000, 116, 213, 191, 8770206, 7457067, 0.4, 50, 100, 19, 678, 5000, 20
0, 12000, 108, 212, 197, 8732062, 7517089, 0.4, 50, 100, 19, 560, 5000, 20
0, 12000, 95, 207, 178, 8521775, 7091097, 0.4, 50, 100, 19, 554, 5000, 20
0, 12000, 98, 202, 186, 8622607, 7408480, 0.4, 50, 100, 19, 746, 5000, 20
0, 12000, 104, 219, 187, 8766464, 7435163, 0.4, 50, 100, 19, 685, 5000, 20
0, 12000, 104, 208, 176, 8425635, 7480448, 0.4, 50, 100, 19, 656, 5000, 20
0, 12000, 107, 220, 182, 8745120, 7328002, 0.4, 50, 100, 19, 650, 5000, 20
0, 12000, 91, 206, 162, 8704300, 7411304, 0.4, 50, 100, 19, 537, 5000, 20
0, 12000, 89, 197, 177, 8660091, 7720537, 0.4, 50, 100, 19, 530, 5000, 20
0, 12000, 126, 223, 190, 8647488, 7257044, 0.4, 50, 100, 19, 551, 5000, 20
0, 12000, 74, 148, 130, 8559211, 7749616, 0.4, 50, 100, 19, 556, 5000, 20
0, 12000, 105, 208, 195, 8700694, 7219746, 0.4, 50, 100, 19, 694, 5000, 20
0, 12000, 99, 203, 179, 8815967, 7212994, 0.4, 50, 100, 19, 705, 5000, 20
0, 12000, 118, 229, 194, 8585444, 7326846, 0.4, 50, 100, 19, 571, 5000, 20
0, 12000, 77, 194, 153, 8793008, 7377501, 0.4, 50, 100, 19, 559, 5000, 20
0, 12000, 101, 192, 162, 8933058, 7446278, 0.4, 50, 100, 19, 563, 5000, 20
0, 12000, 105, 221, 194, 8511700, 7226318, 0.4, 50, 100, 19, 570, 5000, 20
0, 12000, 97, 202, 185, 8405077, 7251471, 0.4, 50, 100, 19, 545, 5000, 20
0, 12000, 98, 204, 181, 8552131, 7179974, 0.4, 50, 100, 19, 642, 5000, 20
0, 12000, 113, 224, 195, 8614354, 7266117, 0.4, 50, 100, 19, 550, 5000, 20
0, 12000, 96, 209, 188, 8563189, 7360141, 0.4, 50, 100, 19, 545, 5000, 20
0, 12000, 102, 228, 176, 8596758, 7388715, 0.4, 50, 100, 19, 641, 5000, 20
0, 12000, 116, 235, 215, 8844121, 7378565, 0.4, 50, 100, 19, 591, 5000, 20
0, 12000, 97, 204, 180, 8977254, 7519279, 0.4, 50, 100, 19, 539, 5000, 20
0, 12000, 115, 244, 199, 8579625, 7182254, 0.4, 50, 100, 19, 565, 5000, 20
0, 12000, 99, 216, 173, 8910266, 7485864, 0.4, 50, 100, 19, 550, 5000, 20
0, 12000, 103, 220, 176, 8754926, 7183399, 0.4, 50, 100, 19, 621, 5000, 20
0, 12000, 96, 206, 165, 8984615, 7320375, 0.4, 50, 100, 19, 525, 5000, 20
0, 12000, 88, 218, 174, 8976622, 7532697, 0.4, 50, 100, 19, 546, 5000, 20
0, 12000, 110, 209, 174, 8767689, 7307548, 0.4, 50, 100, 19, 792, 5000, 20
0, 12000, 82, 192, 158, 8838247, 7441098, 0.4, 50, 100, 19, 547, 5000, 20
0, 12000, 92, 225, 181, 8942602, 7400778, 0.4, 50, 100, 19, 669, 5000, 20
0, 12000, 106, 215, 196, 8560752, 7465762, 0.4, 50, 100, 19, 665, 5000, 20
0, 12000, 98, 209, 185, 8541519, 7348476, 0.4, 50, 100, 19, 538, 5000, 20
0, 12000, 93, 190, 170, 8459601, 7374789, 0.4, 50, 100, 19, 572, 5000, 20
0, 12000, 87, 208, 175, 8821487, 7385637, 0.4, 50, 100, 19, 568, 5000, 20
0, 12000, 98, 225, 189, 8772344, 7371013, 0.4, 50, 100, 19, 544, 5000, 20
0, 12000, 107, 218, 193, 8702709, 7358711, 0.4, 50, 100, 19, 699, 5000, 20
0, 12000, 98, 217, 176, 8725859, 7399455, 0.4, 50, 100, 19, 544, 5000, 20
0, 12000, 100, 217, 185, 8904653, 7617439, 0.4, 50, 100, 19, 535, 5000, 20
0, 12000, 100, 207, 187, 8599341, 7384398, 0.4, 50, 100, 19, 562, 5000, 20
0, 12000, 106, 211, 180, 8770597, 7626659, 0.4, 50, 100, 19, 601, 5000, 20
0, 12000, 102, 215, 196, 8616477, 7285949, 0.4, 50, 100, 19, 669, 5000, 20
0, 12000, 116, 217, 183, 8545061, 7128586, 0.4, 50, 100, 19, 800, 5000, 20
0, 12000, 117, 223, 197, 8709441, 7273945, 0.4, 50, 100, 19, 602, 5000, 20
0, 12000, 111, 199, 202, 8717554, 7538207, 0.4, 50, 100, 19, 555, 5000, 20
0, 12000, 97, 206, 171, 8689740, 7458036, 0.4, 50, 100, 19, 527, 5000, 20
0, 12000, 103, 225, 196, 8773862, 7405997, 0.4, 50, 100, 19, 663, 5000, 20
0, 12000, 100, 205, 199, 8731392, 7355941, 0.4, 50, 100, 19, 719, 5000, 20
0, 12000, 94, 207, 188, 8603929, 7313389, 0.4, 50, 100, 19, 551, 5000, 20
0, 12000, 115, 218, 195, 8587281, 7405854, 0.4, 50, 100, 19, 725, 5000, 20
0, 12000, 100, 209, 179, 8409824, 7225827, 0.4, 50, 100, 19, 549, 5000, 20
0, 12000, 108, 226, 204, 8575035, 7303744, 0.4, 50, 100, 19, 707, 5000, 20
0, 12000, 113, 208, 187, 8710916, 7344867, 0.4, 50, 100, 19, 540, 5000, 20
0, 12000, 105, 207, 175, 8756426, 7367725, 0.4, 50, 100, 19, 560, 5000, 20
0, 12000, 124, 225, 210, 8553019, 7196446, 0.4, 50, 100, 19, 622, 5000, 20
0, 12000, 97, 216, 188, 8608648, 7296585, 0.4, 50, 100, 19, 647, 5000, 20
0, 12000, 112, 224, 206, 8602078, 7292466, 0.4, 50, 100, 19, 708, 5000, 20
0, 12000, 103, 221, 196, 8748097, 7444854, 0.4, 50, 100, 19, 779, 5000, 20
0, 12000, 105, 220, 190, 8632602, 7287398, 0.4, 50, 100, 19, 583, 5000, 20
0, 12000, 107, 215, 186, 8728401, 7347403, 0.4, 50, 100, 19, 554, 5000, 20
0, 12000, 105, 208, 187, 8771130, 7580146, 0.4, 50, 100, 19, 584, 5000, 20
0, 12000, 106, 218, 177, 8702380, 7338910, 0.4, 50, 100, 19, 539, 5000, 20
0, 12000, 100, 199, 166, 8655032, 7285883, 0.4, 50, 100, 19, 585, 5000, 20
0, 12000, 91, 185, 185, 8548266, 7503087, 0.4, 50, 100, 19, 769, 5000, 20
0, 12000, 94, 211, 185, 8925475, 7519702, 0.4, 50, 100, 19, 589, 5000, 20
0, 12000, 110, 225, 195, 8658711, 7487713, 0.4, 50, 100, 19, 547, 5000, 20
0, 12000, 118, 224, 194, 8553943, 7336223, 0.4, 50, 100, 19, 589, 5000, 20
0, 12000, 107, 216, 186, 8697716, 7451623, 0.4, 50, 100, 19, 584, 5000, 20
0, 12000, 116, 226, 199, 8575925, 7434345, 0.4, 50, 100, 19, 552, 5000, 20
0, 12000, 111, 206, 187, 8675523, 7279357, 0.4, 50, 100, 19, 690, 5000, 20
0, 12000, 106, 216, 190, 8614572, 7366163, 0.4, 50, 100, 19, 713, 5000, 20
0, 12000, 92, 209, 160, 9846136, 8284013, 0.4, 50, 100, 21, 701, 5000, 20
0, 12000, 92, 211, 175, 8584005, 7570517, 0.4, 50, 100, 19, 745, 5000, 20
0, 12000, 104, 213, 189, 9758507, 8152415, 0.4, 50, 100, 21, 730, 5000, 20
0, 12000, 80, 177, 164, 9395026, 8023182, 0.4, 50, 100, 21, 707, 5000, 20
0, 12000, 88, 197, 171, 9582213, 7952559, 0.4, 50, 100, 21, 677, 5000, 20
0, 12000, 98, 223, 165, 9724312, 8239006, 0.4, 50, 100, 21, 692, 5000, 20
0, 12000, 103, 220, 191, 8818824, 7398654, 0.4, 50, 100, 19, 1391, 5000, 20
0, 12000, 102, 211, 196, 9499953, 8092619, 0.4, 50, 100, 21, 711, 5000, 20
0, 12000, 107, 198, 175, 9753302, 8241970, 0.4, 50, 100, 21, 852, 5000, 20
0, 12000, 87, 190, 149, 9489774, 8006913, 0.4, 50, 100, 21, 768, 5000, 20
0, 12000, 89, 213, 170, 9752012, 8031951, 0.4, 50, 100, 21, 727, 5000, 20
0, 12000, 109, 217, 183, 9662507, 8219901, 0.4, 50, 100, 21, 897, 5000, 20
0, 12000, 119, 230, 191, 9421392, 8114449, 0.4, 50, 100, 21, 899, 5000, 20
0, 12000, 105, 227, 199, 9626452, 8111746, 0.4, 50, 100, 21, 756, 5000, 20
0, 12000, 114, 194, 172, 9713450, 8225728, 0.4, 50, 100, 21, 730, 5000, 20
0, 12000, 115, 240, 201, 9495234, 8071815, 0.4, 50, 100, 21, 864, 5000, 20
0, 12000, 94, 213, 172, 9520117, 7954899, 0.4, 50, 100, 21, 961, 5000, 20
0, 12000, 106, 217, 204, 9878482, 8240244, 0.4, 50, 100, 21, 705, 5000, 20
0, 12000, 111, 218, 187, 9394436, 8200193, 0.4, 50, 100, 21, 694, 5000, 20
0, 12000, 94, 193, 180, 9700713, 8051777, 0.4, 50, 100, 21, 746, 5000, 20
0, 12000, 106, 215, 202, 9507065, 8177370, 0.4, 50, 100, 21, 814, 5000, 20
0, 12000, 119, 222, 201, 9355786, 7936660, 0.4, 50, 100, 21, 698, 5000, 20
0, 12000, 91, 195, 180, 9488025, 8071590, 0.4, 50, 100, 21, 1167, 5000, 20
0, 12000, 117, 211, 192, 9411297, 8365960, 0.4, 50, 100, 21, 977, 5000, 20
0, 12000, 106, 214, 188, 9967721, 8411708, 0.4, 50, 100, 21, 676, 5000, 20
0, 12000, 73, 179, 148, 9490189, 8094978, 0.4, 50, 100, 21, 687, 5000, 20
0, 12000, 116, 212, 186, 9693697, 8225646, 0.4, 50, 100, 21, 982, 5000, 20
0, 12000, 104, 216, 186, 9484680, 8007350, 0.4, 50, 100, 21, 839, 5000, 20
0, 12000, 105, 222, 187, 9417845, 8058602, 0.4, 50, 100, 21, 725, 5000, 20
0, 12000, 81, 208, 171, 9988922, 8216901, 0.4, 50, 100, 21, 968, 5000, 20
0, 12000, 118, 246, 211, 9529715, 7922861, 0.4, 50, 100, 21, 731, 5000, 20
0, 12000, 91, 212, 177, 9709938, 8396190, 0.4, 50, 100, 21, 689, 5000, 20
0, 12000, 105, 236, 205, 9724726, 8118131, 0.4, 50, 100, 21, 687, 5000, 20
0, 12000, 104, 224, 197, 9543507, 8156527, 0.4, 50, 100, 21, 673, 5000, 20
0, 12000, 109, 215, 176, 9609539, 8283688, 0.4, 50, 100, 21, 781, 5000, 20
0, 12000, 105, 188, 188, 9674818, 8279258, 0.4, 50, 100, 21, 786, 5000, 20
0, 12000, 117, 238, 210, 9697473, 8062129, 0.4, 50, 100, 21, 921, 5000, 20
0, 12000, 103, 229, 197, 9462568, 8326783, 0.4, 50, 100, 21, 711, 5000, 20
0, 12000, 84, 186, 159, 9437862, 8011788, 0.4, 50, 100, 21, 747, 5000, 20
0, 12000, 107, 213, 206, 9603204, 8346579, 0.4, 50, 100, 21, 753, 5000, 20
0, 12000, 112, 225, 197, 9705870, 8053611, 0.4, 50, 100, 21, 1032, 5000, 20
0, 12000, 97, 202, 175, 9620386, 8197653, 0.4, 50, 100, 21, 1100, 5000, 20
0, 12000, 93, 216, 186, 9666267, 8079834, 0.4, 50, 100, 21, 939, 5000, 20
0, 12000, 92, 209, 180, 9623843, 8237024, 0.4, 50, 100, 21, 760, 5000, 20
0, 12000, 116, 220, 187, 9634623, 8260812, 0.4, 50, 100, 21, 906, 5000, 20
0, 12000, 101, 226, 197, 9654616, 8258055, 0.4, 50, 100, 21, 948, 5000, 20
0, 12000, 104, 223, 184, 9506552, 8161263, 0.4, 50, 100, 21, 882, 5000, 20
0, 12000, 103, 201, 170, 9628534, 8057733, 0.4, 50, 100, 21, 741, 5000, 20
0, 12000, 117, 210, 185, 9539327, 8173472, 0.4, 50, 100, 21, 697, 5000, 20
0, 12000, 106, 238, 200, 9567545, 8165840, 0.4, 50, 100, 21, 724, 5000, 20
0, 12000, 93, 207, 170, 9519252, 8167033, 0.4, 50, 100, 21, 701, 5000, 20
0, 12000, 84, 196, 173, 9551449, 8249059, 0.4, 50, 100, 21, 912, 5000, 20
0, 12000, 105, 211, 182, 9489959, 8080584, 0.4, 50, 100, 21, 916, 5000, 20
0, 12000, 98, 211, 191, 9705358, 8207886, 0.4, 50, 100, 21, 800, 5000, 20
0, 12000, 113, 193, 180, 9441497, 8158111, 0.4, 50, 100, 21, 821, 5000, 20
0, 12000, 104, 216, 204, 9920537, 8397939, 0.4, 50, 100, 21, 827, 5000, 20
0, 12000, 90, 210, 180, 9494572, 7929091, 0.4, 50, 100, 21, 1064, 5000, 20
0, 12000, 84, 190, 165, 9566073, 8180488, 0.4, 50, 100, 21, 1030, 5000, 20
0, 12000, 85, 194, 193, 9629261, 8087777, 0.4, 50, 100, 21, 753, 5000, 20
0, 12000, 89, 188, 168, 9601481, 8070251, 0.4, 50, 100, 21, 898, 5000, 20
0, 12000, 94, 203, 156, 9659732, 8052255, 0.4, 50, 100, 21, 768, 5000, 20
0, 12000, 82, 196, 160, 9701768, 8280578, 0.4, 50, 100, 21, 801, 5000, 20
0, 12000, 116, 224, 199, 9671925, 8260048, 0.4, 50, 100, 21, 719, 5000, 20
0, 12000, 109, 211, 189, 9416874, 7849429, 0.4, 50, 100, 21, 700, 5000, 20
0, 12000, 108, 212, 212, 9314557, 8076441, 0.4, 50, 100, 21, 719, 5000, 20
0, 12000, 105, 215, 186, 9523764, 7974747, 0.4, 50, 100, 21, 1068, 5000, 20
0, 12000, 109, 218, 204, 9550332, 8085486, 0.4, 50, 100, 21, 701, 5000, 20
0, 12000, 103, 219, 186, 9601305, 8239756, 0.4, 50, 100, 21, 711, 5000, 20
0, 12000, 101, 208, 170, 9536910, 8139550, 0.4, 50, 100, 21, 718, 5000, 20
0, 12000, 116, 234, 201, 9508679, 8058510, 0.4, 50, 100, 21, 1134, 5000, 20
0, 12000, 97, 215, 195, 9422240, 7936235, 0.4, 50, 100, 21, 818, 5000, 20
0, 12000, 99, 199, 192, 9378361, 7934689, 0.4, 50, 100, 21, 803, 5000, 20
0, 12000, 98, 208, 186, 9364095, 7999982, 0.4, 50, 100, 21, 889, 5000, 20
0, 12000, 111, 218, 187, 9534228, 8154903, 0.4, 50, 100, 21, 841, 5000, 20
0, 12000, 97, 211, 201, 9401994, 8189151, 0.4, 50, 100, 21, 750, 5000, 20
0, 12000, 102, 201, 188, 9685131, 8372030, 0.4, 50, 100, 21, 1002, 5000, 20
0, 12000, 93, 198, 154, 9493901, 8088801, 0.4, 50, 100, 21, 716, 5000, 20
0, 12000, 114, 227, 194, 9304858, 7862565, 0.4, 50, 100, 21, 799, 5000, 20
0, 12000, 108, 210, 192, 9645729, 8254961, 0.4, 50, 100, 21, 880, 5000, 20
0, 12000, 112, 209, 189, 9605969, 8224655, 0.4, 50, 100, 21, 785, 5000, 20
0, 12000, 107, 218, 192, 10021300, 8323273, 0.4, 50, 100, 21, 913, 5000, 20
0, 12000, 94, 221, 183, 9607762, 8011002, 0.4, 50, 100, 21, 691, 5000, 20
0, 12000, 102, 220, 195, 9614521, 8324241, 0.4, 50, 100, 21, 856, 5000, 20
0, 12000, 100, 215, 183, 9788434, 8090951, 0.4, 50, 100, 21, 878, 5000, 20
0, 12000, 97, 214, 185, 9825166, 8166307, 0.4, 50, 100, 21, 1197, 5000, 20
0, 12000, 101, 223, 185, 9575981, 8054933, 0.4, 50, 100, 21, 760, 5000, 20
0, 12000, 96, 219, 198, 9506317, 8191121, 0.4, 50, 100, 21, 1069, 5000, 20
0, 12000, 90, 189, 150, 9782812, 8263225, 0.4, 50, 100, 21, 761, 5000, 20
0, 12000, 121, 232, 208, 9811214, 8362444, 0.4, 50, 100, 21, 782, 5000, 20
0, 12000, 81, 203, 168, 9517343, 7942342, 0.4, 50, 100, 21, 1154, 5000, 20
0, 12000, 98, 213, 180, 9712682, 8276978, 0.4, 50, 100, 21, 828, 5000, 20
0, 12000, 95, 225, 195, 9418881, 8156727, 0.4, 50, 100, 21, 742, 5000, 20
0, 12000, 95, 211, 194, 9617993, 8067084, 0.4, 50, 100, 21, 704, 5000, 20
0, 12000, 107, 219, 189, 9626492, 8083630, 0.4, 50, 100, 21, 764, 5000, 20
0, 12000, 115, 227, 202, 9632848, 7938876, 0.4, 50, 100, 21, 954, 5000, 20
0, 12000, 103, 218, 188, 9597376, 8174182, 0.4, 50, 100, 21, 1089, 5000, 20
0, 12000, 90, 184, 158, 9834863, 8364660, 0.4, 50, 100, 21, 1053, 5000, 20
0, 12000, 113, 212, 194, 9520776, 8169325, 0.4, 50, 100, 21, 782, 5000, 20
0, 12000, 106, 218, 177, 9634061, 8132147, 0.4, 50, 100, 21, 955, 5000, 20
0, 12000, 90, 205, 199, 9526161, 8237538, 0.4, 50, 100, 21, 1133, 5000, 20
0, 12000, 108, 222, 184, 9493627, 8086495, 0.4, 50, 100, 21, 965, 5000, 20
0, 12000, 104, 219, 188, 9712534, 8237718, 0.4, 50, 100, 21, 1069, 5000, 20
0, 12000, 96, 234, 189, 13823376, 11784023, 0.4, 50, 100, 30, 1620, 5000, 20
0, 12000, 115, 217, 195, 13681112, 11512028, 0.4, 50, 100, 30, 1629, 5000, 20
0, 12000, 97, 198, 178, 13948433, 11695432, 0.4, 50, 100, 30, 1678, 5000, 20
0, 12000, 107, 227, 188, 14198450, 11929646, 0.4, 50, 100, 30, 1544, 5000, 20
0, 12000, 103, 210, 173, 13878136, 12007967, 0.4, 50, 100, 30, 1717, 5000, 20
0, 12000, 97, 204, 180, 13327813, 11391590, 0.4, 50, 100, 30, 1510, 5000, 20
0, 12000, 113, 221, 185, 13821404, 11685879, 0.4, 50, 100, 30, 1558, 5000, 20
0, 12000, 91, 199, 173, 13676530, 11470266, 0.4, 50, 100, 30, 1849, 5000, 20
0, 12000, 102, 218, 184, 13871075, 11719289, 0.4, 50, 100, 30, 1989, 5000, 20
0, 12000, 90, 210, 190, 13794908, 11770314, 0.4, 50, 100, 30, 1433, 5000, 20
0, 12000, 100, 212, 176, 13976342, 11970420, 0.4, 50, 100, 30, 1640, 5000, 20
0, 12000, 107, 226, 187, 13582357, 11489023, 0.4, 50, 100, 30, 1531, 5000, 20
0, 12000, 94, 213, 183, 13750486, 11498964, 0.4, 50, 100, 30, 2221, 5000, 20
0, 12000, 105, 217, 183, 13684042, 11499023, 0.4, 50, 100, 30, 1953, 5000, 20
0, 12000, 94, 206, 178, 13565206, 11872345, 0.4, 50, 100, 30, 2084, 5000, 20
0, 12000, 102, 204, 176, 13954441, 11691345, 0.4, 50, 100, 30, 2092, 5000, 20
0, 12000, 85, 187, 160, 13997430, 11956050, 0.4, 50, 100, 30, 2000, 5000, 20
0, 12000, 106, 227, 195, 13513304, 11444338, 0.4, 50, 100, 30, 2198, 5000, 20
0, 12000, 98, 202, 164, 13834630, 11566916, 0.4, 50, 100, 30, 2264, 5000, 20
0, 12000, 99, 201, 164, 13593682, 11351972, 0.4, 50, 100, 30, 2393, 5000, 20
0, 12000, 94, 205, 183, 13932371, 11850989, 0.4, 50, 100, 30, 2121, 5000, 20
0, 12000, 84, 195, 174, 14081009, 11704190, 0.4, 50, 100, 30, 2337, 5000, 20
0, 12000, 96, 215, 185, 14143594, 11906842, 0.4, 50, 100, 30, 2218, 5000, 20
0, 12000, 90, 196, 161, 14151160, 11769815, 0.4, 50, 100, 30, 2278, 5000, 20
0, 12000, 97, 226, 201, 13511470, 11720556, 0.4, 50, 100, 30, 1859, 5000, 20
0, 12000, 102, 213, 188, 13930820, 11595323, 0.4, 50, 100, 30, 2009, 5000, 20
0, 12000, 107, 219, 193, 13596154, 11546037, 0.4, 50, 100, 30, 1815, 5000, 20
0, 12000, 98, 204, 196, 13631063, 11639625, 0.4, 50, 100, 30, 1902, 5000, 20
0, 12000, 103, 223, 192, 13830476, 11764737, 0.4, 50, 100, 30, 1950, 5000, 20
0, 12000, 103, 228, 207, 13390530, 11378519, 0.4, 50, 100, 30, 2224, 5000, 20
0, 12000, 104, 210, 189, 13474056, 11227204, 0.4, 50, 100, 30, 2112, 5000, 20
0, 12000, 105, 214, 181, 13417148, 11379055, 0.4, 50, 100, 30, 1586, 5000, 20
0, 12000, 83, 193, 158, 13493728, 11514271, 0.4, 50, 100, 30, 1503, 5000, 20
0, 12000, 100, 211, 185, 13483551, 11477766, 0.4, 50, 100, 30, 1702, 5000, 20
0, 12000, 84, 190, 173, 13763526, 11619147, 0.4, 50, 100, 30, 1762, 5000, 20
0, 12000, 104, 204, 178, 13800872, 11710383, 0.4, 50, 100, 30, 1581, 5000, 20
0, 12000, 109, 222, 184, 13791731, 11563758, 0.4, 50, 100, 30, 1536, 5000, 20
0, 12000, 110, 231, 200, 14150882, 12007144, 0.4, 50, 100, 30, 1501, 5000, 20
0, 12000, 112, 228, 184, 13485282, 11526196, 0.4, 50, 100, 30, 2169, 5000, 20
0, 12000, 104, 212, 190, 13584676, 11818136, 0.4, 50, 100, 30, 1859, 5000, 20
0, 12000, 101, 230, 193, 13855986, 11541450, 0.4, 50, 100, 30, 1481, 5000, 20
0, 12000, 101, 205, 195, 13581051, 11606670, 0.4, 50, 100, 30, 2020, 5000, 20
0, 12000, 97, 208, 182, 13701032, 11784995, 0.4, 50, 100, 30, 1609, 5000, 20
0, 12000, 105, 209, 181, 13504251, 11643881, 0.4, 50, 100, 30, 1912, 5000, 20
0, 12000, 95, 214, 175, 13759590, 11569907, 0.4, 50, 100, 30, 1661, 5000, 20
0, 12000, 90, 186, 166, 13782111, 11681593, 0.4, 50, 100, 30, 2013, 5000, 20
0, 12000, 113, 235, 201, 13716515, 11673780, 0.4, 50, 100, 30, 1619, 5000, 20
0, 12000, 102, 203, 197, 13874352, 11887529, 0.4, 50, 100, 30, 2276, 5000, 20
0, 12000, 98, 221, 182, 13441467, 11572475, 0.4, 50, 100, 30, 1874, 5000, 20
0, 12000, 115, 227, 191, 13611366, 11418329, 0.4, 50, 100, 30, 1860, 5000, 20
0, 12000, 108, 210, 189, 14066491, 11790733, 0.4, 50, 100, 30, 1913, 5000, 20
0, 12000, 103, 225, 213, 13597998, 11453324, 0.4, 50, 100, 30, 2043, 5000, 20
0, 12000, 107, 198, 169, 13498975, 11483200, 0.4, 50, 100, 30, 1874, 5000, 20
0, 12000, 113, 224, 193, 13714064, 11724145, 0.4, 50, 100, 30, 2186, 5000, 20
0, 12000, 101, 226, 186, 13362589, 11393352, 0.4, 50, 100, 30, 2075, 5000, 20
0, 12000, 107, 222, 194, 13914734, 11559363, 0.4, 50, 100, 30, 1781, 5000, 20
0, 12000, 105, 218, 200, 13588552, 11759877, 0.4, 50, 100, 30, 2373, 5000, 20
0, 12000, 107, 218, 194, 13899607, 11897919, 0.4, 50, 100, 30, 2345, 5000, 20
0, 12000, 90, 215, 194, 13955546, 11667647, 0.4, 50, 100, 30, 2476, 5000, 20
0, 12000, 99, 219, 195, 13751074, 11669547, 0.4, 50, 100, 30, 1554, 5000, 20
0, 12000, 97, 198, 171, 13655845, 11876603, 0.4, 50, 100, 30, 1548, 5000, 20
0, 12000, 97, 198, 177, 13744452, 11513256, 0.4, 50, 100, 30, 2254, 5000, 20
0, 12000, 84, 202, 163, 13838243, 11837834, 0.4, 50, 100, 30, 1623, 5000, 20
0, 12000, 105, 217, 196, 13585943, 11591162, 0.4, 50, 100, 30, 2293, 5000, 20
0, 12000, 99, 221, 194, 13703912, 11834901, 0.4, 50, 100, 30, 1999, 5000, 20
0, 12000, 92, 201, 177, 13847855, 11850868, 0.4, 50, 100, 30, 1628, 5000, 20
0, 12000, 97, 224, 194, 13734331, 11556644, 0.4, 50, 100, 30, 1637, 5000, 20
0, 12000, 107, 211, 181, 13551101, 11540610, 0.4, 50, 100, 30, 1651, 5000, 20
0, 12000, 109, 226, 183, 13927226, 11651417, 0.4, 50, 100, 30, 1608, 5000, 20
0, 12000, 98, 210, 177, 14209688, 11894624, 0.4, 50, 100, 30, 2333, 5000, 20
0, 12000, 71, 162, 150, 13857498, 11742831, 0.4, 50, 100, 30, 1667, 5000, 20
0, 12000, 111, 205, 188, 13679449, 11556947, 0.4, 50, 100, 30, 2059, 5000, 20
0, 12000, 87, 202, 168, 13525762, 11431309, 0.4, 50, 100, 30, 2071, 5000, 20
0, 12000, 99, 217, 177, 13349000, 11411911, 0.4, 50, 100, 30, 1868, 5000, 20
0, 12000, 104, 196, 180, 13762730, 11763229, 0.4, 50, 100, 30, 1737, 5000, 20
0, 12000, 119, 221, 205, 13478995, 11514303, 0.4, 50, 100, 30, 1734, 5000, 20
0, 12000, 115, 220, 205, 13509297, 11529766, 0.4, 50, 100, 30, 1915, 5000, 20
0, 12000, 106, 220, 203, 13611915, 11576851, 0.4, 50, 100, 30, 1547, 5000, 20
0, 12000, 98, 202, 190, 13692212, 11833101, 0.4, 50, 100, 30, 2009, 5000, 20
0, 12000, 94, 216, 175, 13634751, 11591355, 0.4, 50, 100, 30, 1794, 5000, 20
0, 12000, 94, 213, 175, 14035891, 11734389, 0.4, 50, 100, 30, 1951, 5000, 20
0, 12000, 97, 219, 174, 13732146, 11602186, 0.4, 50, 100, 30, 2194, 5000, 20
0, 12000, 87, 205, 168, 13363792, 11232740, 0.4, 50, 100, 30, 1613, 5000, 20
0, 12000, 101, 222, 184, 13644494, 11463253, 0.4, 50, 100, 30, 1922, 5000, 20
0, 12000, 102, 199, 170, 13848206, 11625743, 0.4, 50, 100, 30, 2148, 5000, 20
0, 12000, 102, 206, 175, 13623356, 11533135, 0.4, 50, 100, 30, 1646, 5000, 20
0, 12000, 109, 222, 201, 13674816, 11575343, 0.4, 50, 100, 30, 2093, 5000, 20
0, 12000, 100, 210, 167, 13838829, 11628214, 0.4, 50, 100, 30, 2108, 5000, 20
0, 12000, 105, 228, 187, 13967931, 11804799, 0.4, 50, 100, 30, 3175, 5000, 20
0, 12000, 103, 206, 184, 13447728, 11477961, 0.4, 50, 100, 30, 1667, 5000, 20
0, 12000, 90, 206, 178, 14003308, 11828969, 0.4, 50, 100, 30, 1356, 5000, 20
0, 12000, 102, 221, 179, 13917367, 11703353, 0.4, 50, 100, 30, 1644, 5000, 20
0, 12000, 104, 214, 187, 13864242, 11849640, 0.4, 50, 100, 30, 1296, 5000, 20
0, 12000, 99, 193, 159, 14247344, 11744893, 0.4, 50, 100, 30, 4087, 5000, 20
0, 12000, 104, 219, 186, 13594132, 11456782, 0.4, 50, 100, 30, 1340, 5000, 20
0, 12000, 106, 208, 184, 13754981, 11401195, 0.4, 50, 100, 30, 2089, 5000, 20
0, 12000, 102, 206, 194, 13601476, 11388056, 0.4, 50, 100, 30, 1480, 5000, 20
0, 12000, 97, 215, 174, 14175119, 12062199, 0.4, 50, 100, 30, 1746, 5000, 20
0, 12000, 107, 219, 196, 14062817, 11838081, 0.4, 50, 100, 30, 1481, 5000, 20
0, 12000, 111, 210, 193, 13520447, 11457078, 0.4, 50, 100, 30, 1702, 5000, 20
1, 6965, 94, 114, 114, 281888, 283568, 0.4, 50, 100, 1, 5, 5000, 20
1, 7190, 100, 120, 121, 328080, 331206, 0.4, 50, 100, 1, 5, 5000, 20
0, 12000, 94, 212, 202, 421872, 366101, 0.4, 50, 100, 1, 11, 5000, 20
1, 7171, 115, 136, 136, 343380, 343563, 0.4, 50, 100, 1, 6, 5000, 20
0, 12000, 107, 224, 185, 506691, 405085, 0.4, 50, 100, 1, 12, 5000, 20
0, 12000, 112, 217, 190, 491264, 390203, 0.4, 50, 100, 1, 14, 5000, 20
0, 12000, 100, 223, 183, 478899, 384257, 0.4, 50, 100, 1, 14, 5000, 20
1, 6882, 94, 114, 116, 243657, 248931, 0.4, 50, 100, 1, 5, 5000, 20
0, 12000, 87, 187, 166, 429971, 391805, 0.4, 50, 100, 1, 14, 5000, 20
0, 12000, 110, 224, 177, 528806, 419975, 0.4, 50, 100, 1, 13, 5000, 20
0, 12000, 97, 221, 185, 427080, 343890, 0.4, 50, 100, 1, 15, 5000, 20
0, 12000, 110, 225, 187, 509037, 400456, 0.4, 50, 100, 1, 14, 5000, 20
0, 12000, 105, 208, 183, 462095, 396582, 0.4, 50, 100, 1, 15, 5000, 20
0, 12000, 98, 202, 189, 484178, 444861, 0.4, 50, 100, 1, 14, 5000, 20
0, 12000, 90, 206, 171, 499560, 404332, 0.4, 50, 100, 1, 14, 5000, 20
0, 12000, 110, 221, 208, 429026, 383995, 0.4, 50, 100, 1, 15, 5000, 20
1, 7349, 105, 133, 133, 302172, 302737, 0.4, 50, 100, 1, 6, 5000, 20
0, 12000, 88, 216, 177, 426885, 322758, 0.4, 50, 100, 1, 14, 5000, 20
0, 12000, 93, 197, 164, 478007, 397900, 0.4, 50, 100, 1, 14, 5000, 20
0, 12000, 99, 217, 200, 418177, 356295, 0.4, 50, 100, 1, 14, 5000, 20
0, 12000, 103, 210, 191, 487935, 427722, 0.4, 50, 100, 1, 14, 5000, 20
0, 12000, 94, 222, 179, 445369, 334487, 0.4, 50, 100, 1, 15, 5000, 20
0, 12000, 109, 206, 192, 446267, 391807, 0.4, 50, 100, 1, 15, 5000, 20
0, 12000, 96, 222, 188, 443528, 358606, 0.4, 50, 100, 1, 15, 5000, 20
0, 12000, 104, 224, 180, 460637, 367299, 0.4, 50, 100, 1, 14, 5000, 20
0, 12000, 90, 191, 167, 453961, 398551, 0.4, 50, 100, 1, 14, 5000, 20
0, 12000, 97, 192, 170, 452667, 399571, 0.4, 50, 100, 1, 16, 5000, 20
0, 12000, 105, 214, 171, 476957, 364402, 0.4, 50, 100, 1, 15, 5000, 20
0, 12000, 104, 220, 203, 443292, 389758, 0.4, 50, 100, 1, 15, 5000, 20
1, 6933, 108, 128, 129, 334265, 339797, 0.4, 50, 100, 1, 5, 5000, 20
0, 12000, 71, 183, 156, 443448, 386118, 0.4, 50, 100, 1, 15, 5000, 20
1, 6920, 101, 121, 125, 235938, 241676, 0.4, 50, 100, 1, 6, 5000, 20
0, 12000, 108, 202, 178, 455822, 408252, 0.4, 50, 100, 1, 14, 5000, 20
1, 8388, 119, 150, 152, 347400, 348304, 0.4, 50, 100, 1, 8, 5000, 20
0, 12000, 102, 203, 181, 436034, 393172, 0.4, 50, 100, 1, 15, 5000, 20
0, 12000, 96, 202, 170, 450862, 359715, 0.4, 50, 100, 1, 14, 5000, 20
0, 12000, 106, 210, 189, 438164, 370810, 0.4, 50, 100, 1, 14, 5000, 20
0, 12000, 91, 187, 156, 526575, 433952, 0.4, 50, 100, 1, 14, 5000, 20
1, 7523, 117, 137, 138, 321368, 323431, 0.4, 50, 100, 1, 6, 5000, 20
0, 12000, 113, 220, 198, 447926, 392933, 0.4, 50, 100, 1, 14, 5000, 20
0, 12000, 109, 203, 192, 404409, 360620, 0.4, 50, 100, 1, 14, 5000, 20
0, 12000, 102, 217, 175, 481671, 378968, 0.4, 50, 100, 1, 14, 5000, 20
0, 12000, 107, 225, 195, 458311, 354718, 0.4, 50, 100, 1, 17, 5000, 20
0, 12000, 111, 222, 188, 470111, 380687, 0.4, 50, 100, 1, 14, 5000, 20
0, 12000, 120, 222, 198, 432994, 366943, 0.4, 50, 100, 1, 14, 5000, 20
0, 12000, 106, 220, 178, 496682, 383359, 0.4, 50, 100, 1, 13, 5000, 20
0, 12000, 109, 222, 190, 451366, 364575, 0.4, 50, 100, 1, 14, 5000, 20
0, 12000, 110, 215, 202, 413239, 370802, 0.4, 50, 100, 1, 13, 5000, 20
1, 6567, 108, 128, 128, 324144, 325112, 0.4, 50, 100, 1, 5, 5000, 20
0, 12000, 101, 211, 186, 416193, 353006, 0.4, 50, 100, 1, 14, 5000, 20
1, 7067, 91, 111, 112, 303734, 304292, 0.4, 50, 100, 1, 5, 5000, 20
1, 7136, 105, 125, 126, 306448, 310179, 0.4, 50, 100, 1, 6, 5000, 20
1, 7713, 101, 133, 134, 286931, 287193, 0.4, 50, 100, 1, 7, 5000, 20
0, 12000, 94, 218, 185, 420282, 342879, 0.4, 50, 100, 1, 14, 5000, 20
0, 12000, 102, 211, 168, 514695, 411465, 0.4, 50, 100, 1, 13, 5000, 20
0, 12000, 114, 224, 194, 468031, 382912, 0.4, 50, 100, 1, 14, 5000, 20
0, 12000, 89, 203, 173, 438393, 360570, 0.4, 50, 100, 1, 13, 5000, 20
0, 12000, 90, 218, 174, 448992, 355860, 0.4, 50, 100, 1, 13, 5000, 20
1, 7720, 101, 133, 135, 294463, 294498, 0.4, 50, 100, 1, 7, 5000, 20
1, 7201, 102, 125, 125, 373270, 374922, 0.4, 50, 100, 1, 5, 5000, 20
0, 12000, 117, 206, 185, 496726, 453824, 0.4, 50, 100, 1, 14, 5000, 20
0, 12000, 101, 202, 175, 440563, 375085, 0.4, 50, 100, 1, 13, 5000, 20
0, 12000, 105, 203, 167, 433745, 350351, 0.4, 50, 100, 1, 13, 5000, 20
0, 12000, 91, 207, 163, 461377, 371040, 0.4, 50, 100, 1, 14, 5000, 20
1, 6646, 98, 118, 118, 248971, 249644, 0.4, 50, 100, 1, 5, 5000, 20
0, 12000, 103, 210, 191, 420627, 352451, 0.4, 50, 100, 1, 14, 5000, 20
0, 12000, 108, 214, 194, 476293, 414602, 0.4, 50, 100, 1, 14, 5000, 20
1, 7227, 121, 146, 149, 275122, 276068, 0.4, 50, 100, 1, 6, 5000, 20
0, 12000, 100, 209, 181, 458251, 374539, 0.4, 50, 100, 1, 14, 5000, 20
0, 12000, 89, 202, 180, 470757, 421541, 0.4, 50, 100, 1, 12, 5000, 20
1, 8419, 119, 152, 154, 370478, 371678, 0.4, 50, 100, 1, 8, 5000, 20
0, 12000, 107, 225, 180, 487260, 364408, 0.4, 50, 100, 1, 14, 5000, 20
0, 12000, 103, 215, 193, 399320, 346954, 0.4, 50, 100, 1, 13, 5000, 20
1, 7768, 110, 133, 135, 340484, 342253, 0.4, 50, 100, 1, 7, 5000, 20
0, 12000, 92, 199, 174, 464722, 402342, 0.4, 50, 100, 1, 13, 5000, 20
0, 12000, 90, 193, 171, 470563, 398420, 0.4, 50, 100, 1, 15, 5000, 20
1, 10773, 102, 174, 181, 418182, 418421, 0.4, 50, 100, 1, 12, 5000, 20
0, 12000, 103, 226, 202, 430937, 358347, 0.4, 50, 100, 1, 14, 5000, 20
0, 12000, 93, 195, 178, 426815, 382636, 0.4, 50, 100, 1, 13, 5000, 20
0, 12000, 94, 207, 172, 453496, 361275, 0.4, 50, 100, 1, 15, 5000, 20
0, 12000, 100, 219, 189, 393161, 328828, 0.4, 50, 100, 1, 13, 5000, 20
0, 12000, 101, 203, 182, 416068, 369148, 0.4, 50, 100, 1, 13, 5000, 20
0, 12000, 101, 213, 166, 503606, 396502, 0.4, 50, 100, 1, 13, 5000, 20
0, 12000, 95, 215, 190, 442882, 368103, 0.4, 50, 100, 1, 13, 5000, 20
0, 12000, 116, 221, 198, 405733, 365041, 0.4, 50, 100, 1, 13, 5000, 20
0, 12000, 118, 231, 215, 414928, 374490, 0.4, 50, 100, 1, 13, 5000, 20
0, 12000, 106, 184, 171, 488725, 449981, 0.4, 50, 100, 1, 13, 5000, 20
0, 12000, 126, 235, 206, 453283, 367944, 0.4, 50, 100, 1, 14, 5000, 20
0, 12000, 111, 230, 199, 416792, 348417, 0.4, 50, 100, 1, 13, 5000, 20
0, 12000, 108, 228, 197, 496343, 390597, 0.4, 50, 100, 1, 14, 5000, 20
0, 12000, 105, 207, 166, 473459, 374771, 0.4, 50, 100, 1, 14, 5000, 20
0, 12000, 97, 209, 179, 418944, 347431, 0.4, 50, 100, 1, 14, 5000, 20
0, 12000, 100, 203, 184, 466139, 408505, 0.4, 50, 100, 1, 14, 5000, 20
0, 12000, 96, 203, 176, 461926, 376385, 0.4, 50, 100, 1, 14, 5000, 20
0, 12000, 102, 207, 194, 407291, 368781, 0.4, 50, 100, 1, 13, 5000, 20
0, 12000, 102, 211, 188, 457205, 385627, 0.4, 50, 100, 1, 13, 5000, 20
0, 12000, 119, 221, 211, 428986, 400111, 0.4, 50, 100, 1, 14, 5000, 20
0, 12000, 96, 217, 179, 483333, 389188, 0.4, 50, 100, 1, 14, 5000, 20
0, 12000, 104, 198, 187, 471384, 417873, 0.4, 50, 100, 1, 15, 5000, 20
0, 12000, 102, 208, 193, 406591, 368702, 0.4, 50, 100, 1, 14, 5000, 20
0, 12000, 106, 203, 179, 974645, 843761, 0.4, 50, 100, 2, 23, 5000, 20
0, 12000, 105, 214, 178, 961625, 772394, 0.4, 50, 100, 2, 23, 5000, 20
1, 7365, 94, 114, 118, 659311, 663457, 0.4, 50, 100, 2, 12, 5000, 20
0, 12000, 102, 220, 176, 962451, 792984, 0.4, 50, 100, 2, 24, 5000, 20
0, 12000, 110, 227, 195, 868641, 731823, 0.4, 50, 100, 2, 24, 5000, 20
0, 12000, 119, 206, 201, 889916, 758269, 0.4, 50, 100, 2, 26, 5000, 20
0, 12000, 107, 212, 188, 938030, 811796, 0.4, 50, 100, 2, 22, 5000, 20
0, 12000, 98, 194, 179, 848033, 743665, 0.4, 50, 100, 2, 26, 5000, 20
0, 12000, 97, 203, 195, 911271, 745234, 0.4, 50, 100, 2, 26, 5000, 20
0, 12000, 97, 222, 206, 899996, 775081, 0.4, 50, 100, 2, 26, 5000, 20
0, 12000, 94, 200, 169, 906149, 759618, 0.4, 50, 100, 2, 24, 5000, 20
0, 12000, 122, 236, 211, 858544, 736589, 0.4, 50, 100, 2, 26, 5000, 20
0, 12000, 100, 206, 190, 764807, 671134, 0.4, 50, 100, 2, 24, 5000, 20
0, 12000, 111, 219, 177, 973637, 805131, 0.4, 50, 100, 2, 24, 5000, 20
0, 12000, 80, 195, 174, 917876, 796015, 0.4, 50, 100, 2, 24, 5000, 20
0, 12000, 110, 224, 196, 995211, 789951, 0.4, 50, 100, 2, 26, 5000, 20
0, 12000, 108, 220, 170, 961077, 738484, 0.4, 50, 100, 2, 26, 5000, 20
0, 12000, 105, 214, 173, 876305, 669884, 0.4, 50, 100, 2, 25, 5000, 20
0, 12000, 103, 195, 164, 978878, 819406, 0.4, 50, 100, 2, 26, 5000, 20
0, 12000, 96, 223, 203, 892095, 761751, 0.4, 50, 100, 2, 25, 5000, 20
0, 12000, 103, 215, 179, 927789, 747286, 0.4, 50, 100, 2, 26, 5000, 20
0, 12000, 103, 218, 196, 889640, 732090, 0.4, 50, 100, 2, 27, 5000, 20
0, 12000, 104, 232, 206, 837378, 697021, 0.4, 50, 100, 2, 26, 5000, 20
0, 12000, 103, 224, 183, 872899, 679862, 0.4, 50, 100, 2, 27, 5000, 20
0, 12000, 96, 195, 166, 905422, 772870, 0.4, 50, 100, 2, 26, 5000, 20
0, 12000, 116, 215, 191, 939386, 790988, 0.4, 50, 100, 2, 24, 5000, 20
1, 6856, 109, 135, 135, 613547, 629260, 0.4, 50, 100, 2, 10, 5000, 20
0, 12000, 102, 217, 183, 913589, 775688, 0.4, 50, 100, 2, 26, 5000, 20
1, 6954, 92, 112, 124, 593080, 631835, 0.4, 50, 100, 2, 10, 5000, 20
0, 12000, 104, 241, 200, 883223, 686130, 0.4, 50, 100, 2, 25, 5000, 20
0, 12000, 108, 216, 183, 994313, 818616, 0.4, 50, 100, 2, 26, 5000, 20
1, 7209, 97, 120, 121, 660218, 668926, 0.4, 50, 100, 2, 11, 5000, 20
0, 12000, 93, 203, 182, 908955, 790117, 0.4, 50, 100, 2, 27, 5000, 20
0, 12000, 103, 209, 182, 895445, 765830, 0.4, 50, 100, 2, 25, 5000, 20
0, 12000, 103, 224, 201, 847134, 759374, 0.4, 50, 100, 2, 26, 5000, 20
0, 12000, 104, 212, 204, 886400, 774162, 0.4, 50, 100, 2, 24, 5000, 20
0, 12000, 101, 205, 179, 923056, 769581, 0.4, 50, 100, 2, 24, 5000, 20
0, 12000, 105, 215, 187, 925153, 781174, 0.4, 50, 100, 2, 25, 5000, 20
0, 12000, 104, 222, 178, 930182, 756411, 0.4, 50, 100, 2, 26, 5000, 20
0, 12000, 88, 184, 153, 935146, 789620, 0.4, 50, 100, 2, 25, 5000, 20
0, 12000, 109, 208, 170, 1028815, 800020, 0.4, 50, 100, 2, 29, 5000, 20
0, 12000, 104, 221, 177, 860352, 737653, 0.4, 50, 100, 2, 25, 5000, 20
0, 12000, 104, 204, 176, 929958, 822778, 0.4, 50, 100, 2, 22, 5000, 20
0, 12000, 103, 228, 207, 864503, 780434, 0.4, 50, 100, 2, 24, 5000, 20
0, 12000, 104, 238, 205, 895205, 766322, 0.4, 50, 100, 2, 25, 5000, 20
0, 12000, 106, 198, 166, 952472, 799256, 0.4, 50, 100, 2, 28, 5000, 20
0, 12000, 95, 211, 174, 955392, 770562, 0.4, 50, 100, 2, 26, 5000, 20
0, 12000, 111, 212, 211, 866857, 785955, 0.4, 50, 100, 2, 26, 5000, 20
0, 12000, 110, 228, 189, 945095, 762562, 0.4, 50, 100, 2, 25, 5000, 20
0, 12000, 87, 211, 187, 833155, 711472, 0.4, 50, 100, 2, 24, 5000, 20
0, 12000, 109, 222, 187, 956647, 758046, 0.4, 50, 100, 2, 24, 5000, 20
0, 12000, 107, 229, 175, 921511, 777107, 0.4, 50, 100, 2, 25, 5000, 20
0, 12000, 107, 218, 189, 902481, 777018, 0.4, 50, 100, 2, 25, 5000, 20
0, 12000, 106, 211, 190, 952646, 824529, 0.4, 50, 100, 2, 25, 5000, 20
0, 12000, 101, 217, 184, 956605, 787611, 0.4, 50, 100, 2, 25, 5000, 20
0, 12000, 92, 208, 190, 880899, 765880, 0.4, 50, 100, 2, 24, 5000, 20
0, 12000, 96, 213, 182, 966113, 818530, 0.4, 50, 100, 2, 24, 5000, 20
0, 12000, 92, 211, 181, 964881, 799951, 0.4, 50, 100, 2, 24, 5000, 20
0, 12000, 91, 199, 161, 877232, 761962, 0.4, 50, 100, 2, 25, 5000, 20
0, 12000, 101, 212, 195, 878698, 769257, 0.4, 50, 100, 2, 24, 5000, 20
0, 12000, 104, 226, 189, 806216, 665139, 0.4, 50, 100, 2, 26, 5000, 20
0, 12000, 111, 205, 185, 950780, 856664, 0.4, 50, 100, 2, 25, 5000, 20
0, 12000, 107, 220, 189, 958977, 819302, 0.4, 50, 100, 2, 27, 5000, 20
0, 12000, 101, 206, 185, 971753, 858801, 0.4, 50, 100, 2, 24, 5000, 20
0, 12000, 87, 188, 173, 805786, 703061, 0.4, 50, 100, 2, 26, 5000, 20
0, 12000, 89, 210, 181, 964845, 786496, 0.4, 50, 100, 2, 25, 5000, 20
0, 12000, 100, 205, 182, 927414, 799769, 0.4, 50, 100, 2, 27, 5000, 20
0, 12000, 77, 185, 149, 929032, 766940, 0.4, 50, 100, 2, 26, 5000, 20
0, 12000, 111, 223, 186, 1011502, 859157, 0.4, 50, 100, 2, 26, 5000, 20
0, 12000, 106, 224, 186, 886734, 751007, 0.4, 50, 100, 2, 27, 5000, 20
0, 12000, 96, 210, 189, 949405, 807130, 0.4, 50, 100, 2, 26, 5000, 20
0, 12000, 84, 212, 175, 876647, 710764, 0.4, 50, 100, 2, 28, 5000, 20
0, 12000, 99, 212, 190, 877544, 805623, 0.4, 50, 100, 2, 24, 5000, 20
0, 12000, 99, 213, 193, 861236, 789550, 0.4, 50, 100, 2, 25, 5000, 20
0, 12000, 113, 212, 197, 971910, 880112, 0.4, 50, 100, 2, 28, 5000, 20
0, 12000, 112, 210, 181, 914338, 740451, 0.4, 50, 100, 2, 26, 5000, 20
0, 12000, 105, 216, 175, 972587, 814968, 0.4, 50, 100, 2, 25, 5000, 20
0, 12000, 94, 223, 192, 1004420, 826052, 0.4, 50, 100, 2, 24, 5000, 20
0, 12000, 102, 225, 176, 948801, 759606, 0.4, 50, 100, 2, 26, 5000, 20
0, 12000, 98, 203, 169, 952828, 810032, 0.4, 50, 100, 2, 25, 5000, 20
0, 12000, 95, 213, 177, 895744, 733760, 0.4, 50, 100, 2, 25, 5000, 20
0, 12000, 119, 209, 179, 909909, 768481, 0.4, 50, 100, 2, 27, 5000, 20
0, 12000, 97, 190, 182, 902743, 815253, 0.4, 50, 100, 2, 26, 5000, 20
0, 12000, 93, 211, 179, 918373, 760587, 0.4, 50, 100, 2, 26, 5000, 20
0, 12000, 106, 226, 180, 954027, 758369, 0.4, 50, 100, 2, 26, 5000, 20
0, 12000, 102, 219, 179, 906331, 733809, 0.4, 50, 100, 2, 25, 5000, 20
0, 12000, 93, 212, 169, 955856, 802542, 0.4, 50, 100, 2, 24, 5000, 20
0, 12000, 103, 208, 189, 931253, 832617, 0.4, 50, 100, 2, 26, 5000, 20
0, 12000, 100, 213, 184, 899010, 782488, 0.4, 50, 100, 2, 31, 5000, 20
0, 12000, 98, 216, 203, 909150, 793193, 0.4, 50, 100, 2, 25, 5000, 20
0, 12000, 108, 237, 207, 851170, 734913, 0.4, 50, 100, 2, 26, 5000, 20
0, 12000, 101, 215, 179, 913572, 768212, 0.4, 50, 100, 2, 26, 5000, 20
0, 12000, 104, 215, 191, 969840, 809641, 0.4, 50, 100, 2, 25, 5000, 20
0, 12000, 99, 218, 183, 882602, 716026, 0.4, 50, 100, 2, 25, 5000, 20
0, 12000, 97, 223, 171, 911758, 747160, 0.4, 50, 100, 2, 26, 5000, 20
0, 12000, 94, 204, 165, 887020, 768378, 0.4, 50, 100, 2, 25, 5000, 20
0, 12000, 106, 221, 179, 902697, 688641, 0.4, 50, 100, 2, 27, 5000, 20
0, 12000, 90, 212, 173, 933661, 756641, 0.4, 50, 100, 2, 25, 5000, 20
0, 12000, 108, 202, 192, 948304, 833668, 0.4, 50, 100, 2, 25, 5000, 20
0, 12000, 90, 190, 161, 987379, 859497, 0.4, 50, 100, 2, 26, 5000, 20
0, 12000, 99, 211, 189, 1289079, 1214355, 0.4, 50, 100, 3, 35, 5000, 20
0, 12000, 103, 202, 176, 1458409, 1236089, 0.4, 50, 100, 3, 39, 5000, 20
0, 12000, 110, 216, 186, 1343058, 1138425, 0.4, 50, 100, 3, 35, 5000, 20
0, 12000, 97, 212, 168, 1353874, 1108039, 0.4, 50, 100, 3, 37, 5000, 20
0, 12000, 97, 193, 182, 1412815, 1225612, 0.4, 50, 100, 3, 37, 5000, 20
0, 12000, 100, 210, 196, 1329143, 1125945, 0.4, 50, 100, 3, 34, 5000, 20
0, 12000, 106, 193, 181, 1400125, 1236109, 0.4, 50, 100, 3, 37, 5000, 20
0, 12000, 100, 194, 182, 1288645, 1124817, 0.4, 50, 100, 3, 39, 5000, 20
0, 12000, 110, 228, 199, 1424380, 1242683, 0.4, 50, 100, 3, 37, 5000, 20
0, 12000, 96, 225, 184, 1350949, 1139645, 0.4, 50, 100, 3, 36, 5000, 20
0, 12000, 101, 216, 176, 1531451, 1251741, 0.4, 50, 100, 3, 37, 5000, 20
0, 12000, 85, 196, 163, 1284577, 1118324, 0.4, 50, 100, 3, 41, 5000, 20
0, 12000, 95, 217, 202, 1311509, 1187561, 0.4, 50, 100, 3, 39, 5000, 20
0, 12000, 110, 221, 187, 1282022, 1096415, 0.4, 50, 100, 3, 36, 5000, 20
0, 12000, 96, 210, 191, 1362472, 1161992, 0.4, 50, 100, 3, 38, 5000, 20
0, 12000, 107, 210, 195, 1354937, 1059706, 0.4, 50, 100, 3, 38, 5000, 20
0, 12000, 96, 202, 184, 1359881, 1184102, 0.4, 50, 100, 3, 35, 5000, 20
0, 12000, 99, 204, 186, 1394739, 1267630, 0.4, 50, 100, 3, 38, 5000, 20
0, 12000, 98, 214, 181, 1377599, 1138848, 0.4, 50, 100, 3, 38, 5000, 20
0, 12000, 102, 210, 180, 1297519, 1144553, 0.4, 50, 100, 3, 37, 5000, 20
0, 12000, 113, 212, 186, 1482643, 1257050, 0.4, 50, 100, 3, 39, 5000, 20
0, 12000, 105, 216, 195, 1353150, 1190305, 0.4, 50, 100, 3, 38, 5000, 20
0, 12000, 98, 201, 187, 1361389, 1183378, 0.4, 50, 100, 3, 38, 5000, 20
0, 12000, 114, 206, 187, 1361248, 1201387, 0.4, 50, 100, 3, 39, 5000, 20
0, 12000, 109, 229, 203, 1397510, 1181680, 0.4, 50, 100, 3, 38, 5000, 20
0, 12000, 96, 198, 187, 1397389, 1168763, 0.4, 50, 100, 3, 40, 5000, 20
0, 12000, 93, 197, 190, 1368548, 1254095, 0.4, 50, 100, 3, 42, 5000, 20
0, 12000, 106, 217, 190, 1278846, 1101064, 0.4, 50, 100, 3, 40, 5000, 20
0, 12000, 118, 226, 189, 1358958, 1107293, 0.4, 50, 100, 3, 39, 5000, 20
0, 12000, 97, 201, 176, 1308693, 1161705, 0.4, 50, 100, 3, 39, 5000, 20
0, 12000, 107, 232, 192, 1463925, 1171960, 0.4, 50, 100, 3, 41, 5000, 20
0, 12000, 114, 214, 197, 1490229, 1259786, 0.4, 50, 100, 3, 36, 5000, 20
0, 12000, 108, 208, 180, 1401612, 1184432, 0.4, 50, 100, 3, 38, 5000, 20
0, 12000, 100, 200, 186, 1353341, 1174202, 0.4, 50, 100, 3, 38, 5000, 20
0, 12000, 110, 213, 203, 1334876, 1139382, 0.4, 50, 100, 3, 41, 5000, 20
0, 12000, 102, 202, 171, 1434068, 1162083, 0.4, 50, 100, 3, 38, 5000, 20
0, 12000, 97, 223, 191, 1285039, 1074043, 0.4, 50, 100, 3, 41, 5000, 20
0, 12000, 104, 224, 212, 1239101, 1072371, 0.4, 50, 100, 3, 40, 5000, 20
0, 12000, 95, 222, 183, 1395494, 1117485, 0.4, 50, 100, 3, 38, 5000, 20
0, 12000, 109, 202, 180, 1429065, 1273139, 0.4, 50, 100, 3, 36, 5000, 20
0, 12000, 117, 215, 185, 1492196, 1201301, 0.4, 50, 100, 3, 36, 5000, 20
0, 12000, 92, 206, 179, 1330248, 1111210, 0.4, 50, 100, 3, 37, 5000, 20
0, 12000, 89, 187, 159, 1456829, 1256833, 0.4, 50, 100, 3, 38, 5000, 20
0, 12000, 110, 223, 190, 1349333, 1100753, 0.4, 50, 100, 3, 36, 5000, 20
0, 12000, 92, 202, 183, 1441263, 1250848, 0.4, 50, 100, 3, 40, 5000, 20
0, 12000, 90, 201, 177, 1434212, 1200880, 0.4, 50, 100, 3, 34, 5000, 20
0, 12000, 77, 202, 195, 1293013, 1159301, 0.4, 50, 100, 3, 37, 5000, 20
0, 12000, 89, 208, 173, 1468550, 1154073, 0.4, 50, 100, 3, 40, 5000, 20
0, 12000, 117, 217, 211, 1356406, 1134387, 0.4, 50, 100, 3, 37, 5000, 20
0, 12000, 113, 216, 202, 1301806, 1113367, 0.4, 50, 100, 3, 41, 5000, 20
0, 12000, 105, 235, 188, 1306105, 1041797, 0.4, 50, 100, 3, 39, 5000, 20
0, 12000, 98, 208, 179, 1331640, 1200066, 0.4, 50, 100, 3, 37, 5000, 20
0, 12000, 91, 213, 184, 1371121, 1156549, 0.4, 50, 100, 3, 36, 5000, 20
0, 12000, 97, 218, 176, 1378217, 1184198, 0.4, 50, 100, 3, 36, 5000, 20
0, 12000, 92, 181, 157, 1419133, 1194510, 0.4, 50, 100, 3, 41, 5000, 20
0, 12000, 89, 209, 163, 1387362, 1119336, 0.4, 50, 100, 3, 36, 5000, 20
0, 12000, 85, 181, 161, 1400167, 1165195, 0.4, 50, 100, 3, 38, 5000, 20
1, 7411, 99, 120, 120, 900542, 904643, 0.4, 50, 100, 3, 19, 5000, 20
0, 12000, 101, 226, 182, 1391624, 1173708, 0.4, 50, 100, 3, 35, 5000, 20
0, 12000, 114, 220, 178, 1456873, 1153702, 0.4, 50, 100, 3, 37, 5000, 20
0, 12000, 100, 207, 183, 1390587, 1249782, 0.4, 50, 100, 3, 39, 5000, 20
0, 12000, 91, 206, 179, 1329399, 1130184, 0.4, 50, 100, 3, 39, 5000, 20
0, 12000, 97, 209, 195, 1277813, 1127929, 0.4, 50, 100, 3, 39, 5000, 20
0, 12000, 105, 223, 183, 1335713, 1110120, 0.4, 50, 100, 3, 37, 5000, 20
0, 12000, 110, 225, 187, 1436846, 1124274, 0.4, 50, 100, 3, 38, 5000, 20
0, 12000, 104, 205, 182, 1337569, 1130602, 0.4, 50, 100, 3, 36, 5000, 20
0, 12000, 101, 221, 204, 1361356, 1199437, 0.4, 50, 100, 3, 36, 5000, 20
0, 12000, 97, 194, 177, 1439085, 1211643, 0.4, 50, 100, 3, 37, 5000, 20
0, 12000, 100, 204, 189, 1360891, 1179813, 0.4, 50, 100, 3, 38, 5000, 20
0, 12000, 100, 220, 190, 1292129, 1097232, 0.4, 50, 100, 3, 38, 5000, 20
0, 12000, 110, 228, 199, 1372199, 1231505, 0.4, 50, 100, 3, 36, 5000, 20
0, 12000, 114, 222, 200, 1363151, 1129961, 0.4, 50, 100, 3, 40, 5000, 20
0, 12000, 106, 217, 183, 1438754, 1217338, 0.4, 50, 100, 3, 37, 5000, 20
0, 12000, 101, 198, 170, 1419411, 1179681, 0.4, 50, 100, 3, 38, 5000, 20
0, 12000, 95, 201, 184, 1320563, 1150129, 0.4, 50, 100, 3, 38, 5000, 20
0, 12000, 118, 231, 198, 1387251, 1197959, 0.4, 50, 100, 3, 38, 5000, 20
0, 12000, 99, 216, 177, 1480772, 1195067, 0.4, 50, 100, 3, 39, 5000, 20
0, 12000, 96, 191, 175, 1340893, 1146151, 0.4, 50, 100, 3, 37, 5000, 20
0, 12000, 120, 223, 217, 1310050, 1166835, 0.4, 50, 100, 3, 38, 5000, 20
0, 12000, 102, 220, 191, 1429999, 1221533, 0.4, 50, 100, 3, 37, 5000, 20
0, 12000, 101, 223, 195, 1380950, 1102226, 0.4, 50, 100, 3, 35, 5000, 20
0, 12000, 100, 211, 176, 1258571, 1079806, 0.4, 50, 100, 3, 36, 5000, 20
0, 12000, 93, 205, 176, 1339961, 1120861, 0.4, 50, 100, 3, 39, 5000, 20
0, 12000, 97, 198, 176, 1429810, 1268127, 0.4, 50, 100, 3, 33, 5000, 20
0, 12000, 103, 217, 186, 1304664, 1075401, 0.4, 50, 100, 3, 38, 5000, 20
0, 12000, 123, 204, 198, 1346952, 1216793, 0.4, 50, 100, 3, 38, 5000, 20
0, 12000, 88, 197, 167, 1368894, 1164776, 0.4, 50, 100, 3, 35, 5000, 20
0, 12000, 93, 201, 161, 1299625, 1038637, 0.4, 50, 100, 3, 38, 5000, 20
0, 12000, 81, 170, 132, 1435670, 1168695, 0.4, 50, 100, 3, 37, 5000, 20
0, 12000, 96, 213, 204, 1442403, 1235259, 0.4, 50, 100, 3, 38, 5000, 20
0, 12000, 89, 198, 161, 1375521, 1181148, 0.4, 50, 100, 3, 38, 5000, 20
0, 12000, 100, 212, 188, 1285302, 1083413, 0.4, 50, 100, 3, 35, 5000, 20
0, 12000, 86, 180, 169, 1301369, 1182849, 0.4, 50, 100, 3, 39, 5000, 20
0, 12000, 97, 213, 174, 1423882, 1167833, 0.4, 50, 100, 3, 39, 5000, 20
0, 12000, 98, 223, 184, 1305693, 1088627, 0.4, 50, 100, 3, 37, 5000, 20
0, 12000, 100, 205, 161, 1427932, 1147305, 0.4, 50, 100, 3, 38, 5000, 20
0, 12000, 111, 218, 197, 1404635, 1229848, 0.4, 50, 100, 3, 38, 5000, 20
1, 6747, 99, 119, 124, 1215729, 1233528, 0.4, 50, 100, 4, 23, 5000, 20
0, 12000, 104, 214, 192, 1370785, 1183364, 0.4, 50, 100, 3, 38, 5000, 20
0, 12000, 99, 206, 168, 1375307, 1074225, 0.4, 50, 100, 3, 40, 5000, 20
0, 12000, 102, 210, 178, 1318531, 1130079, 0.4, 50, 100, 3, 43, 5000, 20
0, 12000, 91, 214, 170, 1917758, 1542710, 0.4, 50, 100, 4, 49, 5000, 20
0, 12000, 98, 224, 181, 1875855, 1497106, 0.4, 50, 100, 4, 50, 5000, 20
0, 12000, 98, 204, 189, 1776364, 1542260, 0.4, 50, 100, 4, 48, 5000, 20
0, 12000, 96, 212, 181, 1780559, 1436028, 0.4, 50, 100, 4, 53, 5000, 20
0, 12000, 112, 212, 191, 1840494, 1687888, 0.4, 50, 100, 4, 48, 5000, 20
0, 12000, 85, 202, 175, 1755853, 1504598, 0.4, 50, 100, 4, 50, 5000, 20
0, 12000, 113, 226, 188, 1832235, 1485440, 0.4, 50, 100, 4, 51, 5000, 20
0, 12000, 92, 199, 184, 1774960, 1543702, 0.4, 50, 100, 4, 51, 5000, 20
0, 12000, 93, 203, 160, 1835234, 1505470, 0.4, 50, 100, 4, 53, 5000, 20
0, 12000, 107, 210, 186, 1851686, 1624237, 0.4, 50, 100, 4, 50, 5000, 20
0, 12000, 109, 235, 189, 1758246, 1498447, 0.4, 50, 100, 4, 50, 5000, 20
0, 12000, 89, 196, 169, 1763939, 1529277, 0.4, 50, 100, 4, 50, 5000, 20
0, 12000, 99, 228, 213, 1796358, 1516208, 0.4, 50, 100, 4, 49, 5000, 20
0, 12000, 105, 226, 199, 1920351, 1573811, 0.4, 50, 100, 4, 53, 5000, 20
0, 12000, 92, 201, 169, 1837042, 1547227, 0.4, 50, 100, 4, 57, 5000, 20
0, 12000, 98, 222, 193, 1884174, 1539638, 0.4, 50, 100, 4, 49, 5000, 20
0, 12000, 90, 219, 185, 1785683, 1460525, 0.4, 50, 100, 4, 53, 5000, 20
0, 12000, 100, 224, 188, 1867538, 1504683, 0.4, 50, 100, 4, 50, 5000, 20
0, 12000, 108, 218, 180, 1815402, 1484905, 0.4, 50, 100, 4, 49, 5000, 20
0, 12000, 95, 187, 188, 1912242, 1628193, 0.4, 50, 100, 4, 52, 5000, 20
0, 12000, 102, 203, 178, 1906310, 1630979, 0.4, 50, 100, 4, 48, 5000, 20
0, 12000, 98, 213, 198, 1794269, 1523885, 0.4, 50, 100, 4, 53, 5000, 20
0, 12000, 92, 194, 177, 1879280, 1600732, 0.4, 50, 100, 4, 50, 5000, 20
0, 12000, 105, 223, 175, 1837507, 1461917, 0.4, 50, 100, 4, 56, 5000, 20
0, 12000, 90, 206, 192, 1701949, 1507104, 0.4, 50, 100, 4, 53, 5000, 20
0, 12000, 95, 216, 181, 1739463, 1509599, 0.4, 50, 100, 4, 52, 5000, 20
0, 12000, 94, 219, 179, 1887014, 1517395, 0.4, 50, 100, 4, 51, 5000, 20
0, 12000, 96, 208, 190, 1866003, 1617155, 0.4, 50, 100, 4, 53, 5000, 20
0, 12000, 93, 218, 184, 1780866, 1539466, 0.4, 50, 100, 4, 50, 5000, 20
0, 12000, 99, 210, 170, 1865855, 1528051, 0.4, 50, 100, 4, 52, 5000, 20
0, 12000, 102, 219, 196, 1853866, 1622997, 0.4, 50, 100, 4, 49, 5000, 20
0, 12000, 96, 200, 183, 1880446, 1667518, 0.4, 50, 100, 4, 57, 5000, 20
0, 12000, 99, 207, 187, 1858655, 1590332, 0.4, 50, 100, 4, 51, 5000, 20
0, 12000, 89, 190, 157, 1962504, 1679226, 0.4, 50, 100, 4, 49, 5000, 20
0, 12000, 106, 216, 185, 1783291, 1493967, 0.4, 50, 100, 4, 49, 5000, 20
0, 12000, 102, 216, 190, 1855102, 1505812, 0.4, 50, 100, 4, 55, 5000, 20
0, 12000, 94, 210, 177, 1739075, 1474329, 0.4, 50, 100, 4, 50, 5000, 20
0, 12000, 102, 212, 178, 1778921, 1510156, 0.4, 50, 100, 4, 53, 5000, 20
0, 12000, 105, 219, 194, 1757105, 1492872, 0.4, 50, 100, 4, 51, 5000, 20
0, 12000, 91, 190, 174, 1800828, 1565190, 0.4, 50, 100, 4, 55, 5000, 20
0, 12000, 78, 183, 143, 1833334, 1484155, 0.4, 50, 100, 4, 57, 5000, 20
0, 12000, 93, 199, 169, 1779887, 1516060, 0.4, 50, 100, 4, 51, 5000, 20
0, 12000, 94, 185, 167, 1795609, 1521594, 0.4, 50, 100, 4, 53, 5000, 20
0, 12000, 106, 207, 204, 1931350, 1587587, 0.4, 50, 100, 4, 53, 5000, 20
0, 12000, 101, 229, 186, 1911415, 1508761, 0.4, 50, 100, 4, 51, 5000, 20
0, 12000, 105, 231, 202, 1688929, 1494662, 0.4, 50, 100, 4, 51, 5000, 20
0, 12000, 105, 219, 186, 1829868, 1466667, 0.4, 50, 100, 4, 60, 5000, 20
0, 12000, 106, 206, 188, 1769702, 1579526, 0.4, 50, 100, 4, 54, 5000, 20
0, 12000, 92, 192, 178, 1777781, 1516426, 0.4, 50, 100, 4, 53, 5000, 20
0, 12000, 111, 214, 183, 1727952, 1535668, 0.4, 50, 100, 4, 47, 5000, 20
0, 12000, 104, 223, 180, 1834306, 1439685, 0.4, 50, 100, 4, 53, 5000, 20
0, 12000, 108, 208, 185, 1750535, 1432408, 0.4, 50, 100, 4, 58, 5000, 20
0, 12000, 107, 195, 177, 1731348, 1515201, 0.4, 50, 100, 4, 51, 5000, 20
0, 12000, 102, 211, 179, 1868499, 1634508, 0.4, 50, 100, 4, 52, 5000, 20
0, 12000, 109, 226, 204, 1851604, 1526619, 0.4, 50, 100, 4, 50, 5000, 20
0, 12000, 83, 210, 178, 1893008, 1578889, 0.4, 50, 100, 4, 49, 5000, 20
0, 12000, 115, 214, 192, 1920930, 1580572, 0.4, 50, 100, 4, 53, 5000, 20
0, 12000, 107, 225, 196, 1811585, 1560320, 0.4, 50, 100, 4, 51, 5000, 20
1, 6376, 110, 130, 121, 1032435, 1040938, 0.4, 50, 100, 4, 21, 5000, 20
0, 12000, 99, 206, 178, 1951121, 1585590, 0.4, 50, 100, 4, 53, 5000, 20
0, 12000, 104, 213, 184, 1852695, 1559049, 0.4, 50, 100, 4, 54, 5000, 20
0, 12000, 103, 208, 190, 1850704, 1497178, 0.4, 50, 100, 4, 50, 5000, 20
0, 12000, 99, 218, 194, 1860322, 1584813, 0.4, 50, 100, 4, 49, 5000, 20
0, 12000, 101, 222, 199, 1839512, 1516067, 0.4, 50, 100, 4, 51, 5000, 20
0, 12000, 104, 224, 203, 1859510, 1575808, 0.4, 50, 100, 4, 60, 5000, 20
0, 12000, 112, 214, 194, 1751141, 1562595, 0.4, 50, 100, 4, 53, 5000, 20
0, 12000, 105, 214, 185, 1751049, 1563372, 0.4, 50, 100, 4, 59, 5000, 20
0, 12000, 99, 223, 206, 1787562, 1479601, 0.4, 50, 100, 4, 57, 5000, 20
0, 12000, 94, 208, 184, 1790314, 1547300, 0.4, 50, 100, 4, 53, 5000, 20
0, 12000, 91, 216, 188, 1864465, 1551632, 0.4, 50, 100, 4, 54, 5000, 20
0, 12000, 101, 237, 199, 1816212, 1518516, 0.4, 50, 100, 4, 53, 5000, 20
0, 12000, 89, 210, 182, 1867800, 1562965, 0.4, 50, 100, 4, 51, 5000, 20
0, 12000, 89, 209, 183, 1837844, 1566006, 0.4, 50, 100, 4, 52, 5000, 20
0, 12000, 117, 238, 203, 1831111, 1511408, 0.4, 50, 100, 4, 49, 5000, 20
0, 12000, 107, 232, 211, 1813938, 1571793, 0.4, 50, 100, 4, 55, 5000, 20
0, 12000, 108, 220, 174, 1888176, 1498975, 0.4, 50, 100, 4, 53, 5000, 20
0, 12000, 101, 202, 174, 1831468, 1474966, 0.4, 50, 100, 4, 56, 5000, 20
0, 12000, 97, 201, 178, 1850752, 1594696, 0.4, 50, 100, 4, 59, 5000, 20
0, 12000, 104, 206, 168, 1842721, 1522598, 0.4, 50, 100, 4, 53, 5000, 20
0, 12000, 118, 222, 195, 1835951, 1496683, 0.4, 50, 100, 4, 55, 5000, 20
0, 12000, 96, 200, 165, 1842462, 1462578, 0.4, 50, 100, 4, 51, 5000, 20
0, 12000, 108, 224, 182, 1822781, 1499710, 0.4, 50, 100, 4, 51, 5000, 20
0, 12000, 116, 208, 197, 1811753, 1615871, 0.4, 50, 100, 4, 52, 5000, 20
0, 12000, 115, 209, 193, 1787611, 1539477, 0.4, 50, 100, 4, 60, 5000, 20
0, 12000, 99, 209, 185, 1745853, 1470843, 0.4, 50, 100, 4, 57, 5000, 20
0, 12000, 91, 192, 155, 1721311, 1437042, 0.4, 50, 100, 4, 57, 5000, 20
0, 12000, 84, 196, 161, 1896991, 1559786, 0.4, 50, 100, 4, 52, 5000, 20
0, 12000, 110, 226, 194, 1817850, 1464358, 0.4, 50, 100, 4, 49, 5000, 20
0, 12000, 100, 213, 186, 1838851, 1618634, 0.4, 50, 100, 4, 52, 5000, 20
0, 12000, 113, 209, 181, 1927514, 1533191, 0.4, 50, 100, 4, 51, 5000, 20
0, 12000, 101, 224, 204, 1797542, 1598538, 0.4, 50, 100, 4, 60, 5000, 20
0, 12000, 105, 217, 191, 1777746, 1492233, 0.4, 50, 100, 4, 54, 5000, 20
0, 12000, 119, 230, 190, 1793952, 1499162, 0.4, 50, 100, 4, 57, 5000, 20
0, 12000, 107, 218, 191, 1946818, 1547965, 0.4, 50, 100, 4, 54, 5000, 20
0, 12000, 116, 212, 174, 1908072, 1502580, 0.4, 50, 100, 4, 50, 5000, 20
0, 12000, 93, 214, 198, 1880574, 1610770, 0.4, 50, 100, 4, 50, 5000, 20
0, 12000, 97, 205, 182, 1738234, 1527054, 0.4, 50, 100, 4, 50, 5000, 20
0, 12000, 102, 191, 173, 1847012, 1569622, 0.4, 50, 100, 4, 55, 5000, 20
0, 12000, 101, 207, 185, 1881341, 1575622, 0.4, 50, 100, 4, 53, 5000, 20
0, 12000, 78, 197, 163, 2188298, 1872728, 0.4, 50, 100, 5, 67, 5000, 20
0, 12000, 104, 222, 190, 2319806, 1958294, 0.4, 50, 100, 5, 70, 5000, 20
0, 12000, 97, 211, 195, 2289218, 1961172, 0.4, 50, 100, 5, 67, 5000, 20
0, 12000, 114, 226, 207, 2175983, 1880871, 0.4, 50, 100, 5, 76, 5000, 20
0, 12000, 108, 211, 199, 2221326, 1933660, 0.4, 50, 100, 5, 68, 5000, 20
0, 12000, 97, 204, 154, 2371319, 2008781, 0.4, 50, 100, 5, 70, 5000, 20
0, 12000, 104, 217, 201, 2301261, 2022190, 0.4, 50, 100, 5, 76, 5000, 20
0, 12000, 89, 216, 179, 2248048, 1836822, 0.4, 50, 100, 5, 73, 5000, 20
0, 12000, 101, 214, 171, 2400228, 1958048, 0.4, 50, 100, 5, 69, 5000, 20
0, 12000, 66, 177, 125, 2288552, 1927245, 0.4, 50, 100, 5, 70, 5000, 20
0, 12000, 108, 220, 186, 2262710, 1884206, 0.4, 50, 100, 5, 69, 5000, 20
0, 12000, 111, 209, 181, 2266322, 1909816, 0.4, 50, 100, 5, 71, 5000, 20
0, 12000, 101, 211, 175, 2315710, 1924888, 0.4, 50, 100, 5, 79, 5000, 20
0, 12000, 100, 223, 200, 2208772, 1852386, 0.4, 50, 100, 5, 72, 5000, 20
0, 12000, 96, 210, 172, 2230499, 1823785, 0.4, 50, 100, 5, 79, 5000, 20
0, 12000, 107, 212, 177, 2317910, 1971184, 0.4, 50, 100, 5, 72, 5000, 20
0, 12000, 112, 213, 195, 2223493, 1882287, 0.4, 50, 100, 5, 71, 5000, 20
0, 12000, 96, 214, 185, 2199378, 1928923, 0.4, 50, 100, 5, 72, 5000, 20
0, 12000, 98, 212, 179, 2380297, 1990850, 0.4, 50, 100, 5, 72, 5000, 20
0, 12000, 116, 211, 185, 2118526, 1860514, 0.4, 50, 100, 5, 75, 5000, 20
0, 12000, 89, 204, 169, 2249351, 2002469, 0.4, 50, 100, 5, 70, 5000, 20
0, 12000, 91, 199, 174, 2297098, 1961746, 0.4, 50, 100, 5, 67, 5000, 20
0, 12000, 105, 204, 179, 2294655, 1960528, 0.4, 50, 100, 5, 79, 5000, 20
0, 12000, 114, 214, 191, 2335268, 1994216, 0.4, 50, 100, 5, 74, 5000, 20
0, 12000, 102, 228, 193, 2382898, 1962052, 0.4, 50, 100, 5, 66, 5000, 20
0, 12000, 117, 211, 182, 2375468, 2017504, 0.4, 50, 100, 5, 73, 5000, 20
0, 12000, 99, 215, 195, 2284658, 1920817, 0.4, 50, 100, 5, 76, 5000, 20
0, 12000, 107, 205, 173, 2459824, 1989902, 0.4, 50, 100, 5, 80, 5000, 20
0, 12000, 108, 201, 190, 2063707, 1865150, 0.4, 50, 100, 5, 70, 5000, 20
0, 12000, 94, 205, 177, 2294848, 1881596, 0.4, 50, 100, 5, 74, 5000, 20
0, 12000, 89, 217, 174, 2336912, 1851575, 0.4, 50, 100, 5, 63, 5000, 20
0, 12000, 105, 213, 192, 2295241, 2012218, 0.4, 50, 100, 5, 88, 5000, 20
0, 12000, 106, 209, 200, 2300276, 1959930, 0.4, 50, 100, 5, 65, 5000, 20
0, 12000, 91, 199, 185, 2301702, 1947921, 0.4, 50, 100, 5, 64, 5000, 20
0, 12000, 97, 196, 157, 2391765, 1957178, 0.4, 50, 100, 5, 75, 5000, 20
0, 12000, 111, 213, 192, 2246099, 1980345, 0.4, 50, 100, 5, 66, 5000, 20
0, 12000, 111, 215, 172, 2318276, 1915541, 0.4, 50, 100, 5, 81, 5000, 20
0, 12000, 94, 213, 177, 2232909, 1922209, 0.4, 50, 100, 5, 73, 5000, 20
0, 12000, 112, 221, 188, 2422471, 1934437, 0.4, 50, 100, 5, 74, 5000, 20
0, 12000, 96, 220, 183, 2274691, 1951916, 0.4, 50, 100, 5, 66, 5000, 20
0, 12000, 98, 203, 170, 2330903, 1966708, 0.4, 50, 100, 5, 75, 5000, 20
0, 12000, 103, 229, 197, 2186692, 1946598, 0.4, 50, 100, 5, 74, 5000, 20
0, 12000, 101, 215, 188, 2434449, 2089756, 0.4, 50, 100, 5, 70, 5000, 20
0, 12000, 118, 219, 194, 2275754, 1927651, 0.4, 50, 100, 5, 73, 5000, 20
0, 12000, 94, 214, 183, 2228583, 1911228, 0.4, 50, 100, 5, 73, 5000, 20
0, 12000, 107, 215, 193, 2307027, 1966967, 0.4, 50, 100, 5, 72, 5000, 20
0, 12000, 92, 199, 187, 2471173, 2079446, 0.4, 50, 100, 5, 68, 5000, 20
0, 12000, 97, 204, 174, 2353468, 1944535, 0.4, 50, 100, 5, 69, 5000, 20
0, 12000, 98, 213, 187, 2174998, 1872619, 0.4, 50, 100, 5, 77, 5000, 20
0, 12000, 117, 208, 182, 2395465, 1920599, 0.4, 50, 100, 5, 66, 5000, 20
0, 12000, 94, 204, 185, 2376061, 2018160, 0.4, 50, 100, 5, 75, 5000, 20
0, 12000, 110, 216, 186, 2357584, 1946004, 0.4, 50, 100, 5, 65, 5000, 20
0, 12000, 111, 230, 201, 2358794, 2024853, 0.4, 50, 100, 5, 69, 5000, 20
0, 12000, 90, 200, 186, 2372276, 1989616, 0.4, 50, 100, 5, 75, 5000, 20
0, 12000, 92, 208, 198, 2405777, 2036107, 0.4, 50, 100, 5, 65, 5000, 20
0, 12000, 116, 233, 199, 2390389, 2010948, 0.4, 50, 100, 5, 68, 5000, 20
0, 12000, 107, 212, 186, 2391517, 1994129, 0.4, 50, 100, 5, 77, 5000, 20
0, 12000, 83, 196, 168, 2178647, 1927639, 0.4, 50, 100, 5, 79, 5000, 20
0, 12000, 95, 208, 185, 2250028, 1858073, 0.4, 50, 100, 5, 73, 5000, 20
0, 12000, 105, 193, 195, 2248627, 1929445, 0.4, 50, 100, 5, 72, 5000, 20
0, 12000, 101, 210, 181, 2268578, 1887743, 0.4, 50, 100, 5, 80, 5000, 20
0, 12000, 101, 214, 186, 2263410, 1913454, 0.4, 50, 100, 5, 66, 5000, 20
0, 12000, 110, 213, 178, 2293642, 1913708, 0.4, 50, 100, 5, 72, 5000, 20
0, 12000, 105, 230, 208, 2340669, 2067006, 0.4, 50, 100, 5, 66, 5000, 20
0, 12000, 104, 214, 179, 2233454, 1846824, 0.4, 50, 100, 5, 78, 5000, 20
0, 12000, 104, 215, 195, 2188823, 1939004, 0.4, 50, 100, 5, 77, 5000, 20
0, 12000, 97, 206, 179, 2340255, 1962663, 0.4, 50, 100, 5, 70, 5000, 20
0, 12000, 97, 208, 186, 2435368, 2056811, 0.4, 50, 100, 5, 69, 5000, 20
0, 12000, 114, 225, 185, 2437830, 1953099, 0.4, 50, 100, 5, 81, 5000, 20
0, 12000, 111, 206, 196, 2228319, 1929912, 0.4, 50, 100, 5, 76, 5000, 20
0, 12000, 104, 224, 184, 2313395, 1953955, 0.4, 50, 100, 5, 74, 5000, 20
0, 12000, 104, 213, 189, 2350216, 1964058, 0.4, 50, 100, 5, 70, 5000, 20
0, 12000, 89, 197, 164, 2201835, 1821261, 0.4, 50, 100, 5, 81, 5000, 20
0, 12000, 105, 208, 193, 2155211, 1857549, 0.4, 50, 100, 5, 63, 5000, 20
0, 12000, 113, 223, 193, 2256080, 2022223, 0.4, 50, 100, 5, 66, 5000, 20
0, 12000, 113, 214, 183, 2376750, 2023586, 0.4, 50, 100, 5, 68, 5000, 20
0, 12000, 94, 207, 170, 2316581, 1946114, 0.4, 50, 100, 5, 69, 5000, 20
0, 12000, 96, 210, 158, 2310298, 1927606, 0.4, 50, 100, 5, 71, 5000, 20
0, 12000, 100, 215, 170, 2240845, 1858241, 0.4, 50, 100, 5, 70, 5000, 20
0, 12000, 96, 195, 180, 2362255, 1974578, 0.4, 50, 100, 5, 75, 5000, 20
0, 12000, 111, 216, 184, 2322672, 1990149, 0.4, 50, 100, 5, 72, 5000, 20
0, 12000, 96, 216, 189, 2288446, 1904460, 0.4, 50, 100, 5, 78, 5000, 20
0, 12000, 93, 219, 188, 2147835, 1842795, 0.4, 50, 100, 5, 71, 5000, 20
0, 12000, 111, 230, 192, 2185963, 1842043, 0.4, 50, 100, 5, 77, 5000, 20
0, 12000, 116, 229, 202, 2408027, 1924776, 0.4, 50, 100, 5, 79, 5000, 20
0, 12000, 96, 207, 176, 2301000, 2025115, 0.4, 50, 100, 5, 67, 5000, 20
0, 12000, 96, 200, 156, 2252048, 1845530, 0.4, 50, 100, 5, 71, 5000, 20
0, 12000, 101, 217, 189, 2192202, 1866346, 0.4, 50, 100, 5, 84, 5000, 20
0, 12000, 98, 200, 178, 2308154, 2041611, 0.4, 50, 100, 5, 68, 5000, 20
0, 12000, 90, 202, 173, 2203457, 1881326, 0.4, 50, 100, 5, 92, 5000, 20
0, 12000, 95, 202, 176, 2224941, 1911497, 0.4, 50, 100, 5, 81, 5000, 20
0, 12000, 93, 200, 172, 2206472, 1845755, 0.4, 50, 100, 5, 67, 5000, 20
0, 12000, 108, 198, 185, 2423588, 2072966, 0.4, 50, 100, 5, 65, 5000, 20
0, 12000, 92, 207, 182, 2283411, 1914691, 0.4, 50, 100, 5, 82, 5000, 20
0, 12000, 89, 203, 162, 2244810, 1900681, 0.4, 50, 100, 5, 76, 5000, 20
0, 12000, 104, 199, 168, 2288187, 1939370, 0.4, 50, 100, 5, 76, 5000, 20
0, 12000, 98, 204, 188, 2318430, 2003123, 0.4, 50, 100, 5, 79, 5000, 20
0, 12000, 106, 222, 186, 2366157, 1945379, 0.4, 50, 100, 5, 83, 5000, 20
0, 12000, 94, 220, 192, 2352248, 1984975, 0.4, 50, 100, 5, 88, 5000, 20
0, 12000, 93, 204, 180, 2545015, 2271550, 0.4, 50, 100, 6, 90, 5000, 20
0, 12000, 110, 227, 221, 2819690, 2445359, 0.4, 50, 100, 6, 83, 5000, 20
0, 12000, 110, 222, 195, 2361509, 1931051, 0.4, 50, 100, 5, 96, 5000, 20
0, 12000, 102, 216, 167, 2795987, 2241733, 0.4, 50, 100, 6, 88, 5000, 20
0, 12000, 104, 213, 191, 2794832, 2332495, 0.4, 50, 100, 6, 97, 5000, 20
0, 12000, 104, 208, 191, 2880445, 2480911, 0.4, 50, 100, 6, 93, 5000, 20
0, 12000, 108, 213, 179, 2756979, 2326488, 0.4, 50, 100, 6, 83, 5000, 20
0, 12000, 89, 199, 182, 2808370, 2464040, 0.4, 50, 100, 6, 102, 5000, 20
0, 12000, 104, 221, 189, 2693822, 2278573, 0.4, 50, 100, 6, 103, 5000, 20
0, 12000, 105, 221, 216, 2858521, 2515445, 0.4, 50, 100, 6, 81, 5000, 20
0, 12000, 98, 192, 170, 2621249, 2335047, 0.4, 50, 100, 6, 90, 5000, 20
0, 12000, 94, 194, 156, 2615139, 2238432, 0.4, 50, 100, 6, 104, 5000, 20
0, 12000, 90, 188, 154, 2753026, 2308257, 0.4, 50, 100, 6, 121, 5000, 20
0, 12000, 111, 227, 195, 2850673, 2354761, 0.4, 50, 100, 6, 89, 5000, 20
0, 12000, 111, 214, 195, 2724804, 2351355, 0.4, 50, 100, 6, 87, 5000, 20
0, 12000, 94, 210, 190, 2723898, 2303104, 0.4, 50, 100, 6, 104, 5000, 20
0, 12000, 106, 206, 189, 2694006, 2298727, 0.4, 50, 100, 6, 88, 5000, 20
0, 12000, 95, 202, 157, 2779239, 2228325, 0.4, 50, 100, 6, 103, 5000, 20
0, 12000, 94, 201, 170, 2846253, 2518978, 0.4, 50, 100, 6, 101, 5000, 20
0, 12000, 87, 206, 172, 2845493, 2369079, 0.4, 50, 100, 6, 85, 5000, 20
0, 12000, 107, 210, 193, 2735468, 2289762, 0.4, 50, 100, 6, 109, 5000, 20
0, 12000, 97, 208, 171, 2778054, 2369013, 0.4, 50, 100, 6, 80, 5000, 20
0, 12000, 113, 220, 176, 2731134, 2259343, 0.4, 50, 100, 6, 99, 5000, 20
0, 12000, 97, 198, 171, 2768851, 2389659, 0.4, 50, 100, 6, 110, 5000, 20
0, 12000, 99, 203, 189, 2796439, 2424149, 0.4, 50, 100, 6, 92, 5000, 20
0, 12000, 98, 212, 190, 2708799, 2324408, 0.4, 50, 100, 6, 108, 5000, 20
0, 12000, 87, 202, 158, 2785399, 2248214, 0.4, 50, 100, 6, 98, 5000, 20
0, 12000, 109, 238, 195, 2863499, 2297089, 0.4, 50, 100, 6, 95, 5000, 20
0, 12000, 97, 217, 201, 2720739, 2368481, 0.4, 50, 100, 6, 102, 5000, 20
0, 12000, 102, 215, 194, 2780456, 2419363, 0.4, 50, 100, 6, 86, 5000, 20
0, 12000, 109, 197, 180, 2754518, 2363660, 0.4, 50, 100, 6, 106, 5000, 20
0, 12000, 98, 201, 179, 2798581, 2352829, 0.4, 50, 100, 6, 95, 5000, 20
0, 12000, 112, 231, 196, 2633589, 2238317, 0.4, 50, 100, 6, 90, 5000, 20
0, 12000, 107, 228, 184, 2842468, 2373253, 0.4, 50, 100, 6, 92, 5000, 20
0, 12000, 111, 217, 195, 2868055, 2427166, 0.4, 50, 100, 6, 87, 5000, 20
0, 12000, 120, 226, 200, 2711094, 2226966, 0.4, 50, 100, 6, 87, 5000, 20
0, 12000, 99, 214, 189, 2608543, 2121493, 0.4, 50, 100, 6, 84, 5000, 20
0, 12000, 112, 213, 184, 2755558, 2193507, 0.4, 50, 100, 6, 96, 5000, 20
0, 12000, 104, 224, 200, 2701097, 2229977, 0.4, 50, 100, 6, 96, 5000, 20
0, 12000, 94, 192, 180, 2799889, 2370154, 0.4, 50, 100, 6, 89, 5000, 20
0, 12000, 96, 196, 155, 2785685, 2384369, 0.4, 50, 100, 6, 93, 5000, 20
0, 12000, 110, 221, 201, 2764553, 2343827, 0.4, 50, 100, 6, 94, 5000, 20
0, 12000, 93, 207, 176, 2856459, 2326801, 0.4, 50, 100, 6, 92, 5000, 20
0, 12000, 111, 224, 181, 2822282, 2366144, 0.4, 50, 100, 6, 86, 5000, 20
0, 12000, 103, 214, 178, 2798059, 2290300, 0.4, 50, 100, 6, 87, 5000, 20
0, 12000, 103, 219, 187, 2775731, 2459673, 0.4, 50, 100, 6, 91, 5000, 20
0, 12000, 109, 211, 188, 2854498, 2360849, 0.4, 50, 100, 6, 87, 5000, 20
0, 12000, 95, 197, 192, 2730669, 2333397, 0.4, 50, 100, 6, 90, 5000, 20
0, 12000, 102, 220, 185, 2655597, 2300312, 0.4, 50, 100, 6, 94, 5000, 20
0, 12000, 117, 220, 182, 2797488, 2404668, 0.4, 50, 100, 6, 94, 5000, 20
0, 12000, 93, 220, 180, 2707558, 2257931, 0.4, 50, 100, 6, 86, 5000, 20
0, 12000, 105, 205, 171, 2792258, 2290408, 0.4, 50, 100, 6, 108, 5000, 20
0, 12000, 97, 205, 181, 2628973, 2286832, 0.4, 50, 100, 6, 94, 5000, 20
0, 12000, 98, 203, 197, 2915793, 2509882, 0.4, 50, 100, 6, 88, 5000, 20
0, 12000, 107, 213, 184, 2839051, 2463944, 0.4, 50, 100, 6, 95, 5000, 20
0, 12000, 94, 199, 171, 2755961, 2337497, 0.4, 50, 100, 6, 94, 5000, 20
0, 12000, 111, 227, 196, 2668084, 2208248, 0.4, 50, 100, 6, 98, 5000, 20
0, 12000, 108, 234, 207, 2637531, 2324593, 0.4, 50, 100, 6, 89, 5000, 20
0, 12000, 99, 220, 180, 2942951, 2349458, 0.4, 50, 100, 6, 82, 5000, 20
0, 12000, 88, 199, 185, 2720444, 2385459, 0.4, 50, 100, 6, 121, 5000, 20
0, 12000, 99, 204, 182, 2798793, 2333517, 0.4, 50, 100, 6, 91, 5000, 20
1, 6816, 91, 113, 109, 1816145, 1832723, 0.4, 50, 100, 6, 42, 5000, 20
0, 12000, 105, 212, 184, 2846741, 2403687, 0.4, 50, 100, 6, 88, 5000, 20
0, 12000, 111, 224, 190, 2744621, 2218414, 0.4, 50, 100, 6, 88, 5000, 20
0, 12000, 106, 210, 189, 2719745, 2361826, 0.4, 50, 100, 6, 90, 5000, 20
0, 12000, 110, 225, 197, 2829898, 2284760, 0.4, 50, 100, 6, 101, 5000, 20
0, 12000, 103, 202, 178, 2702143, 2302765, 0.4, 50, 100, 6, 95, 5000, 20
0, 12000, 109, 233, 203, 2818846, 2305865, 0.4, 50, 100, 6, 89, 5000, 20
0, 12000, 98, 206, 182, 2802737, 2400374, 0.4, 50, 100, 6, 88, 5000, 20
0, 12000, 101, 218, 194, 2702198, 2317975, 0.4, 50, 100, 6, 85, 5000, 20
0, 12000, 89, 207, 171, 2785184, 2340056, 0.4, 50, 100, 6, 90, 5000, 20
0, 12000, 113, 193, 178, 2727004, 2437103, 0.4, 50, 100, 6, 91, 5000, 20
0, 12000, 100, 202, 163, 2790482, 2336724, 0.4, 50, 100, 6, 103, 5000, 20
0, 12000, 90, 207, 157, 2779671, 2300073, 0.4, 50, 100, 6, 95, 5000, 20
0, 12000, 105, 220, 204, 2674439, 2308191, 0.4, 50, 100, 6, 100, 5000, 20
0, 12000, 113, 227, 194, 2701792, 2430847, 0.4, 50, 100, 6, 83, 5000, 20
0, 12000, 114, 221, 191, 2736176, 2271742, 0.4, 50, 100, 6, 88, 5000, 20
0, 12000, 113, 202, 178, 2738180, 2373595, 0.4, 50, 100, 6, 92, 5000, 20
0, 12000, 108, 218, 215, 2695033, 2366874, 0.4, 50, 100, 6, 87, 5000, 20
0, 12000, 110, 217, 182, 2705326, 2274911, 0.4, 50, 100, 6, 85, 5000, 20
0, 12000, 107, 201, 192, 2751870, 2432430, 0.4, 50, 100, 6, 101, 5000, 20
0, 12000, 96, 217, 183, 2805718, 2296666, 0.4, 50, 100, 6, 89, 5000, 20
0, 12000, 105, 222, 197, 2716737, 2387934, 0.4, 50, 100, 6, 84, 5000, 20
0, 12000, 101, 202, 181, 2874134, 2426537, 0.4, 50, 100, 6, 85, 5000, 20
0, 12000, 110, 226, 184, 2708424, 2265965, 0.4, 50, 100, 6, 95, 5000, 20
0, 12000, 98, 206, 171, 2912126, 2384631, 0.4, 50, 100, 6, 91, 5000, 20
0, 12000, 95, 226, 193, 2634236, 2242897, 0.4, 50, 100, 6, 89, 5000, 20
0, 12000, 100, 209, 174, 2721337, 2349910, 0.4, 50, 100, 6, 82, 5000, 20
0, 12000, 112, 224, 191, 2804544, 2319956, 0.4, 50, 100, 6, 84, 5000, 20
0, 12000, 108, 234, 187, 2758770, 2176740, 0.4, 50, 100, 6, 108, 5000, 20
0, 12000, 83, 176, 165, 2898789, 2515090, 0.4, 50, 100, 6, 91, 5000, 20
0, 12000, 96, 197, 170, 2716041, 2313340, 0.4, 50, 100, 6, 84, 5000, 20
0, 12000, 95, 201, 176, 2874795, 2352925, 0.4, 50, 100, 6, 84, 5000, 20
0, 12000, 99, 215, 183, 2729959, 2175865, 0.4, 50, 100, 6, 92, 5000, 20
0, 12000, 95, 219, 199, 2752417, 2429662, 0.4, 50, 100, 6, 87, 5000, 20
0, 12000, 95, 214, 190, 2630527, 2302146, 0.4, 50, 100, 6, 88, 5000, 20
0, 12000, 104, 203, 173, 2818474, 2478224, 0.4, 50, 100, 6, 84, 5000, 20
0, 12000, 119, 235, 196, 2812096, 2489114, 0.4, 50, 100, 6, 86, 5000, 20
0, 12000, 99, 215, 181, 2611077, 2223773, 0.4, 50, 100, 6, 105, 5000, 20
0, 12000, 96, 226, 194, 2699611, 2208777, 0.4, 50, 100, 6, 88, 5000, 20
0, 12000, 112, 205, 184, 2770988, 2321489, 0.4, 50, 100, 6, 87, 5000, 20
0, 12000, 90, 198, 178, 3123334, 2701893, 0.4, 50, 100, 7, 103, 5000, 20
0, 12000, 101, 218, 171, 3078548, 2614521, 0.4, 50, 100, 7, 101, 5000, 20
0, 12000, 95, 199, 165, 3317301, 2791708, 0.4, 50, 100, 7, 105, 5000, 20
0, 12000, 92, 204, 169, 3195454, 2737330, 0.4, 50, 100, 7, 97, 5000, 20
0, 12000, 106, 207, 183, 3232857, 2710228, 0.4, 50, 100, 7, 113, 5000, 20
0, 12000, 97, 201, 171, 3393730, 2812025, 0.4, 50, 100, 7, 100, 5000, 20
0, 12000, 104, 215, 181, 3243753, 2693528, 0.4, 50, 100, 7, 108, 5000, 20
0, 12000, 96, 201, 173, 3265413, 2635807, 0.4, 50, 100, 7, 99, 5000, 20
0, 12000, 113, 221, 211, 3190106, 2711907, 0.4, 50, 100, 7, 108, 5000, 20
0, 12000, 87, 174, 146, 3242691, 2675827, 0.4, 50, 100, 7, 134, 5000, 20
0, 12000, 83, 203, 174, 3150690, 2490296, 0.4, 50, 100, 7, 104, 5000, 20
0, 12000, 95, 200, 179, 3276731, 2748146, 0.4, 50, 100, 7, 99, 5000, 20
0, 12000, 95, 214, 180, 3342170, 2825812, 0.4, 50, 100, 7, 105, 5000, 20
0, 12000, 103, 204, 186, 3077410, 2723338, 0.4, 50, 100, 7, 102, 5000, 20
0, 12000, 104, 209, 184, 3162171, 2605234, 0.4, 50, 100, 7, 108, 5000, 20
0, 12000, 103, 212, 196, 3219453, 2694426, 0.4, 50, 100, 7, 105, 5000, 20
0, 12000, 107, 221, 196, 3126064, 2710974, 0.4, 50, 100, 7, 117, 5000, 20
0, 12000, 111, 232, 189, 3051071, 2521947, 0.4, 50, 100, 7, 98, 5000, 20
0, 12000, 116, 222, 203, 3162797, 2684626, 0.4, 50, 100, 7, 108, 5000, 20
0, 12000, 105, 224, 188, 3391848, 2783938, 0.4, 50, 100, 7, 101, 5000, 20
0, 12000, 101, 220, 192, 3188874, 2580126, 0.4, 50, 100, 7, 100, 5000, 20
0, 12000, 89, 194, 169, 3132503, 2644847, 0.4, 50, 100, 7, 113, 5000, 20
0, 12000, 97, 204, 179, 3028669, 2744803, 0.4, 50, 100, 7, 120, 5000, 20
0, 12000, 107, 218, 195, 3206830, 2710657, 0.4, 50, 100, 7, 104, 5000, 20
0, 12000, 94, 237, 201, 3276819, 2668111, 0.4, 50, 100, 7, 104, 5000, 20
0, 12000, 106, 201, 181, 3127179, 2682412, 0.4, 50, 100, 7, 105, 5000, 20
0, 12000, 89, 190, 169, 3127288, 2653532, 0.4, 50, 100, 7, 103, 5000, 20
0, 12000, 110, 240, 210, 3155699, 2612479, 0.4, 50, 100, 7, 106, 5000, 20
0, 12000, 86, 207, 186, 3181756, 2643441, 0.4, 50, 100, 7, 112, 5000, 20
0, 12000, 94, 221, 164, 3430626, 2827927, 0.4, 50, 100, 7, 113, 5000, 20
0, 12000, 108, 213, 185, 3155453, 2608602, 0.4, 50, 100, 7, 127, 5000, 20
0, 12000, 84, 193, 169, 3303385, 2843138, 0.4, 50, 100, 7, 99, 5000, 20
0, 12000, 102, 214, 188, 3310917, 2680459, 0.4, 50, 100, 7, 99, 5000, 20
0, 12000, 97, 222, 189, 3311290, 2792061, 0.4, 50, 100, 7, 97, 5000, 20
0, 12000, 92, 207, 185, 3375723, 2851924, 0.4, 50, 100, 7, 113, 5000, 20
0, 12000, 110, 223, 200, 3410301, 2830251, 0.4, 50, 100, 7, 116, 5000, 20
0, 12000, 98, 223, 187, 3355501, 2742026, 0.4, 50, 100, 7, 106, 5000, 20
0, 12000, 91, 196, 163, 3277585, 2811704, 0.4, 50, 100, 7, 102, 5000, 20
0, 12000, 124, 237, 195, 3264053, 2730049, 0.4, 50, 100, 7, 106, 5000, 20
0, 12000, 98, 207, 180, 3357034, 2760354, 0.4, 50, 100, 7, 110, 5000, 20
0, 12000, 89, 199, 181, 3187802, 2684900, 0.4, 50, 100, 7, 112, 5000, 20
0, 12000, 91, 202, 181, 3198973, 2809116, 0.4, 50, 100, 7, 99, 5000, 20
0, 12000, 92, 194, 183, 3025203, 2632398, 0.4, 50, 100, 7, 110, 5000, 20
0, 12000, 92, 212, 180, 3331497, 2662241, 0.4, 50, 100, 7, 107, 5000, 20
0, 12000, 107, 202, 176, 3239544, 2786256, 0.4, 50, 100, 7, 105, 5000, 20
0, 12000, 95, 198, 169, 2994879, 2571039, 0.4, 50, 100, 7, 97, 5000, 20
0, 12000, 109, 218, 185, 3071200, 2583563, 0.4, 50, 100, 7, 116, 5000, 20
0, 12000, 123, 234, 192, 3315721, 2620080, 0.4, 50, 100, 7, 119, 5000, 20
0, 12000, 104, 194, 171, 3223717, 2754503, 0.4, 50, 100, 7, 101, 5000, 20
0, 12000, 102, 210, 178, 3340921, 2864288, 0.4, 50, 100, 7, 101, 5000, 20
0, 12000, 91, 190, 169, 3068171, 2632051, 0.4, 50, 100, 7, 102, 5000, 20
0, 12000, 104, 208, 169, 3294431, 2745226, 0.4, 50, 100, 7, 107, 5000, 20
0, 12000, 112, 203, 184, 3244048, 2879480, 0.4, 50, 100, 7, 103, 5000, 20
0, 12000, 108, 204, 189, 3163226, 2731836, 0.4, 50, 100, 7, 112, 5000, 20
0, 12000, 95, 200, 189, 3282662, 2747358, 0.4, 50, 100, 7, 110, 5000, 20
0, 12000, 113, 225, 195, 3231669, 2648951, 0.4, 50, 100, 7, 106, 5000, 20
0, 12000, 123, 231, 198, 3210014, 2777522, 0.4, 50, 100, 7, 127, 5000, 20
0, 12000, 105, 208, 174, 3183131, 2679731, 0.4, 50, 100, 7, 107, 5000, 20
0, 12000, 101, 221, 182, 3050288, 2706670, 0.4, 50, 100, 7, 104, 5000, 20
0, 12000, 108, 207, 179, 3298533, 2824923, 0.4, 50, 100, 7, 106, 5000, 20
0, 12000, 96, 217, 180, 3044218, 2645178, 0.4, 50, 100, 7, 101, 5000, 20
0, 12000, 99, 200, 166, 3304766, 2825927, 0.4, 50, 100, 7, 108, 5000, 20
0, 12000, 92, 208, 184, 3216823, 2609510, 0.4, 50, 100, 7, 103, 5000, 20
0, 12000, 93, 205, 169, 3127954, 2643971, 0.4, 50, 100, 7, 105, 5000, 20
0, 12000, 95, 207, 164, 3214813, 2721380, 0.4, 50, 100, 7, 108, 5000, 20
0, 12000, 105, 207, 180, 3246341, 2781925, 0.4, 50, 100, 7, 110, 5000, 20
0, 12000, 95, 211, 181, 3267683, 2770316, 0.4, 50, 100, 7, 105, 5000, 20
0, 12000, 101, 210, 173, 3228980, 2787817, 0.4, 50, 100, 7, 113, 5000, 20
0, 12000, 110, 210, 191, 3339873, 2762385, 0.4, 50, 100, 7, 108, 5000, 20
0, 12000, 112, 209, 190, 3333530, 2791925, 0.4, 50, 100, 7, 103, 5000, 20
0, 12000, 111, 200, 195, 3045811, 2594860, 0.4, 50, 100, 7, 109, 5000, 20
0, 12000, 99, 199, 188, 3364624, 2961530, 0.4, 50, 100, 7, 116, 5000, 20
0, 12000, 102, 216, 210, 3191260, 2671413, 0.4, 50, 100, 7, 117, 5000, 20
0, 12000, 106, 217, 182, 3261884, 2671820, 0.4, 50, 100, 7, 112, 5000, 20
0, 12000, 83, 194, 164, 3230566, 2821767, 0.4, 50, 100, 7, 100, 5000, 20
0, 12000, 114, 221, 188, 3116769, 2622327, 0.4, 50, 100, 7, 111, 5000, 20
0, 12000, 117, 216, 203, 3336654, 2865103, 0.4, 50, 100, 7, 109, 5000, 20
0, 12000, 114, 214, 197, 3112158, 2801635, 0.4, 50, 100, 7, 113, 5000, 20
0, 12000, 116, 231, 207, 3274313, 2743620, 0.4, 50, 100, 7, 102, 5000, 20
0, 12000, 112, 234, 197, 3380942, 2819272, 0.4, 50, 100, 7, 115, 5000, 20
0, 12000, 110, 207, 186, 3040598, 2655146, 0.4, 50, 100, 7, 117, 5000, 20
0, 12000, 114, 223, 196, 3195141, 2765211, 0.4, 50, 100, 7, 106, 5000, 20
0, 12000, 102, 217, 200, 3215401, 2764864, 0.4, 50, 100, 7, 120, 5000, 20
0, 12000, 110, 218, 181, 3223880, 2741944, 0.4, 50, 100, 7, 109, 5000, 20
0, 12000, 93, 218, 169, 3160371, 2579997, 0.4, 50, 100, 7, 108, 5000, 20
0, 12000, 88, 200, 173, 3211247, 2708811, 0.4, 50, 100, 7, 121, 5000, 20
0, 12000, 106, 231, 201, 3222521, 2704921, 0.4, 50, 100, 7, 118, 5000, 20
0, 12000, 88, 212, 191, 3098385, 2581704, 0.4, 50, 100, 7, 121, 5000, 20
0, 12000, 114, 227, 197, 3296604, 2773625, 0.4, 50, 100, 7, 126, 5000, 20
0, 12000, 115, 226, 200, 3266398, 2705972, 0.4, 50, 100, 7, 138, 5000, 20
0, 12000, 102, 208, 192, 3093402, 2663990, 0.4, 50, 100, 7, 108, 5000, 20
0, 12000, 87, 199, 157, 3306231, 2780258, 0.4, 50, 100, 7, 128, 5000, 20
0, 12000, 91, 224, 193, 3125152, 2627519, 0.4, 50, 100, 7, 129, 5000, 20
0, 12000, 105, 213, 198, 3291643, 2802822, 0.4, 50, 100, 7, 116, 5000, 20
0, 12000, 106, 224, 189, 3222826, 2719413, 0.4, 50, 100, 7, 133, 5000, 20
0, 12000, 108, 213, 195, 3218203, 2815650, 0.4, 50, 100, 7, 122, 5000, 20
0, 12000, 95, 210, 174, 3188274, 2634548, 0.4, 50, 100, 7, 110, 5000, 20
0, 12000, 97, 195, 179, 3145738, 2644766, 0.4, 50, 100, 7, 132, 5000, 20
0, 12000, 104, 232, 203, 3171281, 2632261, 0.4, 50, 100, 7, 132, 5000, 20
0, 12000, 99, 213, 187, 3214339, 2685482, 0.4, 50, 100, 7, 133, 5000, 20
0, 12000, 118, 240, 210, 4107235, 3465352, 0.4, 50, 100, 9, 159, 5000, 20
0, 12000, 102, 214, 180, 4051883, 3564810, 0.4, 50, 100, 9, 143, 5000, 20
0, 12000, 103, 223, 195, 3890620, 3321981, 0.4, 50, 100, 9, 161, 5000, 20
0, 12000, 107, 195, 186, 4040594, 3478216, 0.4, 50, 100, 9, 165, 5000, 20
0, 12000, 99, 219, 202, 4342076, 3659135, 0.4, 50, 100, 9, 174, 5000, 20
0, 12000, 110, 197, 187, 4122008, 3548394, 0.4, 50, 100, 9, 172, 5000, 20
0, 12000, 110, 225, 187, 4006386, 3443340, 0.4, 50, 100, 9, 180, 5000, 20
0, 12000, 102, 222, 179, 4203712, 3531753, 0.4, 50, 100, 9, 170, 5000, 20
0, 12000, 86, 184, 181, 4036191, 3444925, 0.4, 50, 100, 9, 158, 5000, 20
0, 12000, 93, 202, 187, 4184459, 3431677, 0.4, 50, 100, 9, 156, 5000, 20
0, 12000, 113, 221, 204, 4122088, 3498909, 0.4, 50, 100, 9, 166, 5000, 20
0, 12000, 96, 210, 187, 4003295, 3407513, 0.4, 50, 100, 9, 166, 5000, 20
0, 12000, 112, 203, 190, 4063637, 3560542, 0.4, 50, 100, 9, 171, 5000, 20
0, 12000, 96, 222, 181, 4014793, 3469124, 0.4, 50, 100, 9, 173, 5000, 20
0, 12000, 105, 221, 180, 4151371, 3582380, 0.4, 50, 100, 9, 183, 5000, 20
0, 12000, 100, 212, 185, 4167024, 3439388, 0.4, 50, 100, 9, 164, 5000, 20
0, 12000, 67, 185, 141, 4153729, 3480202, 0.4, 50, 100, 9, 181, 5000, 20
0, 12000, 104, 214, 193, 4113513, 3463794, 0.4, 50, 100, 9, 191, 5000, 20
0, 12000, 90, 202, 175, 4236783, 3645544, 0.4, 50, 100, 9, 169, 5000, 20
0, 12000, 104, 216, 172, 3952428, 3304209, 0.4, 50, 100, 9, 155, 5000, 20
0, 12000, 95, 209, 203, 3901537, 3408786, 0.4, 50, 100, 9, 158, 5000, 20
0, 12000, 95, 199, 155, 4224423, 3399027, 0.4, 50, 100, 9, 172, 5000, 20
0, 12000, 99, 212, 176, 4064891, 3453338, 0.4, 50, 100, 9, 190, 5000, 20
0, 12000, 104, 201, 183, 4052541, 3496880, 0.4, 50, 100, 9, 166, 5000, 20
0, 12000, 101, 209, 177, 4146989, 3415752, 0.4, 50, 100, 9, 191, 5000, 20
0, 12000, 103, 217, 188, 4190744, 3534694, 0.4, 50, 100, 9, 168, 5000, 20
0, 12000, 101, 218, 185, 3966030, 3200434, 0.4, 50, 100, 9, 200, 5000, 20
0, 12000, 106, 229, 210, 4013648, 3429603, 0.4, 50, 100, 9, 178, 5000, 20
0, 12000, 106, 215, 190, 4130707, 3561609, 0.4, 50, 100, 9, 182, 5000, 20
0, 12000, 113, 227, 203, 4021596, 3389745, 0.4, 50, 100, 9, 208, 5000, 20
0, 12000, 97, 195, 175, 4053746, 3466697, 0.4, 50, 100, 9, 177, 5000, 20
0, 12000, 108, 236, 195, 4109374, 3419516, 0.4, 50, 100, 9, 165, 5000, 20
0, 12000, 120, 220, 197, 4157479, 3475960, 0.4, 50, 100, 9, 167, 5000, 20
0, 12000, 102, 216, 169, 4020447, 3332830, 0.4, 50, 100, 9, 166, 5000, 20
0, 12000, 108, 214, 209, 4264830, 3688339, 0.4, 50, 100, 9, 159, 5000, 20
0, 12000, 91, 217, 193, 4069554, 3472213, 0.4, 50, 100, 9, 181, 5000, 20
0, 12000, 103, 195, 176, 4267041, 3796311, 0.4, 50, 100, 9, 152, 5000, 20
0, 12000, 112, 212, 184, 4073072, 3507784, 0.4, 50, 100, 9, 172, 5000, 20
0, 12000, 106, 221, 190, 4116303, 3447687, 0.4, 50, 100, 9, 165, 5000, 20
0, 12000, 103, 209, 181, 4082884, 3639196, 0.4, 50, 100, 9, 148, 5000, 20
0, 12000, 107, 207, 192, 4049648, 3551824, 0.4, 50, 100, 9, 185, 5000, 20
0, 12000, 107, 215, 180, 4057776, 3478569, 0.4, 50, 100, 9, 170, 5000, 20
0, 12000, 86, 187, 152, 4232889, 3566026, 0.4, 50, 100, 9, 165, 5000, 20
0, 12000, 80, 182, 144, 4279328, 3565085, 0.4, 50, 100, 9, 171, 5000, 20
0, 12000, 94, 202, 195, 4021584, 3509083, 0.4, 50, 100, 9, 164, 5000, 20
0, 12000, 100, 209, 178, 4112530, 3421478, 0.4, 50, 100, 9, 179, 5000, 20
0, 12000, 102, 209, 174, 4224580, 3555208, 0.4, 50, 100, 9, 194, 5000, 20
0, 12000, 108, 232, 191, 4014338, 3402839, 0.4, 50, 100, 9, 157, 5000, 20
0, 12000, 98, 204, 168, 4042476, 3422941, 0.4, 50, 100, 9, 159, 5000, 20
0, 12000, 83, 198, 170, 4266936, 3580372, 0.4, 50, 100, 9, 175, 5000, 20
0, 12000, 103, 219, 173, 3909039, 3416735, 0.4, 50, 100, 9, 165, 5000, 20
0, 12000, 107, 213, 181, 4120635, 3443157, 0.4, 50, 100, 9, 154, 5000, 20
0, 12000, 100, 210, 187, 4485661, 3563999, 0.4, 50, 100, 9, 173, 5000, 20
0, 12000, 101, 219, 189, 4185889, 3478790, 0.4, 50, 100, 9, 181, 5000, 20
0, 12000, 101, 223, 186, 4335557, 3522243, 0.4, 50, 100, 9, 183, 5000, 20
0, 12000, 94, 219, 199, 4039472, 3386265, 0.4, 50, 100, 9, 185, 5000, 20
0, 12000, 108, 217, 192, 4062907, 3515003, 0.4, 50, 100, 9, 159, 5000, 20
0, 12000, 105, 231, 199, 4044417, 3391867, 0.4, 50, 100, 9, 180, 5000, 20
0, 12000, 98, 190, 174, 4251011, 3606586, 0.4, 50, 100, 9, 175, 5000, 20
0, 12000, 92, 206, 163, 4131698, 3466749, 0.4, 50, 100, 9, 174, 5000, 20
0, 12000, 104, 200, 182, 4017314, 3410828, 0.4, 50, 100, 9, 186, 5000, 20
0, 12000, 116, 239, 197, 4085935, 3421708, 0.4, 50, 100, 9, 149, 5000, 20
0, 12000, 117, 210, 192, 4186170, 3565981, 0.4, 50, 100, 9, 157, 5000, 20
0, 12000, 108, 211, 185, 4054498, 3534279, 0.4, 50, 100, 9, 174, 5000, 20
0, 12000, 105, 224, 184, 3958708, 3320096, 0.4, 50, 100, 9, 187, 5000, 20
0, 12000, 111, 216, 193, 4147958, 3428849, 0.4, 50, 100, 9, 250, 5000, 20
0, 12000, 97, 215, 191, 4156438, 3583100, 0.4, 50, 100, 9, 184, 5000, 20
0, 12000, 106, 204, 176, 4223655, 3607690, 0.4, 50, 100, 9, 186, 5000, 20
0, 12000, 89, 198, 167, 4088979, 3396524, 0.4, 50, 100, 9, 181, 5000, 20
0, 12000, 99, 218, 194, 4221913, 3568691, 0.4, 50, 100, 9, 166, 5000, 20
0, 12000, 88, 202, 178, 4098820, 3470174, 0.4, 50, 100, 9, 160, 5000, 20
0, 12000, 98, 211, 179, 4243004, 3583331, 0.4, 50, 100, 9, 152, 5000, 20
0, 12000, 97, 203, 165, 4393300, 3615100, 0.4, 50, 100, 9, 159, 5000, 20
0, 12000, 102, 212, 190, 4119711, 3588271, 0.4, 50, 100, 9, 155, 5000, 20
0, 12000, 90, 196, 170, 4020277, 3356077, 0.4, 50, 100, 9, 153, 5000, 20
0, 12000, 114, 228, 183, 4201363, 3602293, 0.4, 50, 100, 9, 197, 5000, 20
0, 12000, 102, 223, 174, 4229343, 3494839, 0.4, 50, 100, 9, 158, 5000, 20
0, 12000, 105, 219, 183, 4056339, 3426490, 0.4, 50, 100, 9, 220, 5000, 20
0, 12000, 100, 204, 166, 4232787, 3536398, 0.4, 50, 100, 9, 214, 5000, 20
0, 12000, 82, 179, 160, 4133193, 3508411, 0.4, 50, 100, 9, 170, 5000, 20
0, 12000, 95, 215, 184, 4207817, 3671689, 0.4, 50, 100, 9, 164, 5000, 20
0, 12000, 91, 201, 168, 4031829, 3358625, 0.4, 50, 100, 9, 159, 5000, 20
0, 12000, 98, 194, 184, 3897056, 3501934, 0.4, 50, 100, 9, 178, 5000, 20
0, 12000, 101, 224, 185, 3912523, 3419444, 0.4, 50, 100, 9, 197, 5000, 20
0, 12000, 95, 203, 163, 4144856, 3549128, 0.4, 50, 100, 9, 150, 5000, 20
0, 12000, 112, 210, 192, 4028171, 3413744, 0.4, 50, 100, 9, 153, 5000, 20
0, 12000, 103, 212, 188, 3971821, 3455632, 0.4, 50, 100, 9, 155, 5000, 20
0, 12000, 88, 206, 164, 4115296, 3547721, 0.4, 50, 100, 9, 183, 5000, 20
0, 12000, 87, 216, 171, 4080422, 3418603, 0.4, 50, 100, 9, 183, 5000, 20
0, 12000, 108, 199, 173, 4153582, 3527538, 0.4, 50, 100, 9, 213, 5000, 20
0, 12000, 110, 233, 206, 4259679, 3650123, 0.4, 50, 100, 9, 166, 5000, 20
0, 12000, 108, 220, 173, 4128624, 3393183, 0.4, 50, 100, 9, 162, 5000, 20
0, 12000, 104, 207, 184, 4228053, 3530299, 0.4, 50, 100, 9, 205, 5000, 20
0, 12000, 103, 211, 195, 4081873, 3447501, 0.4, 50, 100, 9, 181, 5000, 20
0, 12000, 87, 208, 161, 4121756, 3507362, 0.4, 50, 100, 9, 165, 5000, 20
0, 12000, 102, 212, 185, 4084749, 3556243, 0.4, 50, 100, 9, 156, 5000, 20
0, 12000, 113, 215, 198, 4064049, 3381234, 0.4, 50, 100, 9, 168, 5000, 20
0, 12000, 104, 225, 191, 4186604, 3537283, 0.4, 50, 100, 9, 158, 5000, 20
0, 12000, 105, 214, 186, 4217807, 3642563, 0.4, 50, 100, 9, 157, 5000, 20
0, 12000, 94, 227, 191, 4057648, 3446989, 0.4, 50, 100, 9, 163, 5000, 20
0, 12000, 114, 224, 215, 4940740, 4235722, 0.4, 50, 100, 11, 204, 5000, 20
0, 12000, 105, 201, 179, 5105078, 4233283, 0.4, 50, 100, 11, 214, 5000, 20
0, 12000, 99, 211, 193, 5056323, 4391842, 0.4, 50, 100, 11, 197, 5000, 20
0, 12000, 107, 219, 203, 4860985, 4096729, 0.4, 50, 100, 11, 211, 5000, 20
0, 12000, 104, 198, 159, 5030434, 4280973, 0.4, 50, 100, 11, 221, 5000, 20
0, 12000, 90, 203, 181, 4983615, 4323439, 0.4, 50, 100, 11, 230, 5000, 20
0, 12000, 105, 218, 198, 4978639, 4345264, 0.4, 50, 100, 11, 213, 5000, 20
0, 12000, 112, 227, 197, 5006687, 4330858, 0.4, 50, 100, 11, 217, 5000, 20
0, 12000, 93, 206, 186, 4973018, 4278056, 0.4, 50, 100, 11, 208, 5000, 20
0, 12000, 90, 198, 178, 5110095, 4324197, 0.4, 50, 100, 11, 203, 5000, 20
0, 12000, 109, 221, 173, 5074572, 4376735, 0.4, 50, 100, 11, 196, 5000, 20
0, 12000, 83, 195, 158, 5047902, 4269594, 0.4, 50, 100, 11, 212, 5000, 20
0, 12000, 112, 232, 176, 5135881, 4423580, 0.4, 50, 100, 11, 202, 5000, 20
0, 12000, 97, 203, 185, 5100175, 4316946, 0.4, 50, 100, 11, 219, 5000, 20
0, 12000, 111, 217, 195, 4890701, 4118618, 0.4, 50, 100, 11, 206, 5000, 20
0, 12000, 113, 209, 178, 5190175, 4295786, 0.4, 50, 100, 11, 226, 5000, 20
0, 12000, 97, 194, 176, 5428150, 4518550, 0.4, 50, 100, 11, 199, 5000, 20
0, 12000, 105, 198, 172, 5091057, 4298448, 0.4, 50, 100, 11, 207, 5000, 20
0, 12000, 95, 220, 179, 4884842, 4280598, 0.4, 50, 100, 11, 208, 5000, 20
0, 12000, 109, 218, 187, 4856081, 4129921, 0.4, 50, 100, 11, 207, 5000, 20
0, 12000, 90, 209, 185, 5004444, 4177641, 0.4, 50, 100, 11, 207, 5000, 20
0, 12000, 116, 217, 184, 5062892, 4331618, 0.4, 50, 100, 11, 212, 5000, 20
0, 12000, 104, 210, 178, 4910741, 4133030, 0.4, 50, 100, 11, 222, 5000, 20
0, 12000, 101, 221, 187, 4869145, 4084008, 0.4, 50, 100, 11, 208, 5000, 20
0, 12000, 98, 217, 188, 4926640, 4350247, 0.4, 50, 100, 11, 238, 5000, 20
0, 12000, 98, 211, 198, 4823376, 4237819, 0.4, 50, 100, 11, 224, 5000, 20
0, 12000, 98, 221, 188, 5033597, 4343459, 0.4, 50, 100, 11, 210, 5000, 20
0, 12000, 113, 221, 196, 5099067, 4339111, 0.4, 50, 100, 11, 218, 5000, 20
0, 12000, 82, 200, 163, 5079567, 4240850, 0.4, 50, 100, 11, 210, 5000, 20
0, 12000, 99, 229, 189, 5166228, 4324966, 0.4, 50, 100, 11, 204, 5000, 20
0, 12000, 111, 245, 200, 4901993, 4164698, 0.4, 50, 100, 11, 212, 5000, 20
0, 12000, 90, 205, 161, 4832289, 4156165, 0.4, 50, 100, 11, 218, 5000, 20
0, 12000, 104, 221, 186, 4975925, 4279133, 0.4, 50, 100, 11, 222, 5000, 20
0, 12000, 98, 204, 185, 5066562, 4324486, 0.4, 50, 100, 11, 222, 5000, 20
0, 12000, 113, 219, 180, 5201205, 4433519, 0.4, 50, 100, 11, 225, 5000, 20
0, 12000, 107, 222, 199, 4921167, 4229817, 0.4, 50, 100, 11, 219, 5000, 20
0, 12000, 108, 214, 186, 4961924, 4072924, 0.4, 50, 100, 11, 213, 5000, 20
0, 12000, 114, 206, 179, 5020839, 4233727, 0.4, 50, 100, 11, 217, 5000, 20
0, 12000, 98, 214, 176, 5184823, 4428785, 0.4, 50, 100, 11, 231, 5000, 20
0, 12000, 119, 215, 196, 4905337, 4157395, 0.4, 50, 100, 11, 223, 5000, 20
0, 12000, 102, 211, 182, 5044495, 4164156, 0.4, 50, 100, 11, 223, 5000, 20
0, 12000, 109, 212, 201, 5004020, 4314761, 0.4, 50, 100, 11, 240, 5000, 20
0, 12000, 89, 176, 168, 4989034, 4301514, 0.4, 50, 100, 11, 264, 5000, 20
0, 12000, 86, 215, 172, 5084127, 4454977, 0.4, 50, 100, 11, 226, 5000, 20
0, 12000, 108, 213, 176, 5091305, 4224917, 0.4, 50, 100, 11, 234, 5000, 20
0, 12000, 110, 208, 173, 5087834, 4226159, 0.4, 50, 100, 11, 218, 5000, 20
0, 12000, 97, 183, 152, 4969190, 4120510, 0.4, 50, 100, 11, 261, 5000, 20
0, 12000, 93, 182, 171, 5031913, 4340674, 0.4, 50, 100, 11, 284, 5000, 20
0, 12000, 113, 218, 195, 5182095, 4385916, 0.4, 50, 100, 11, 223, 5000, 20
0, 12000, 98, 230, 192, 5178325, 4346609, 0.4, 50, 100, 11, 219, 5000, 20
0, 12000, 97, 203, 198, 5029711, 4235701, 0.4, 50, 100, 11, 215, 5000, 20
0, 12000, 94, 214, 182, 5002220, 4282550, 0.4, 50, 100, 11, 229, 5000, 20
0, 12000, 97, 212, 177, 5125781, 4332423, 0.4, 50, 100, 11, 268, 5000, 20
0, 12000, 97, 194, 187, 5101907, 4394971, 0.4, 50, 100, 11, 230, 5000, 20
0, 12000, 98, 196, 166, 4902794, 4273567, 0.4, 50, 100, 11, 239, 5000, 20
0, 12000, 99, 209, 176, 5068154, 4277427, 0.4, 50, 100, 11, 229, 5000, 20
0, 12000, 112, 210, 195, 4939117, 4289931, 0.4, 50, 100, 11, 220, 5000, 20
0, 12000, 115, 236, 193, 4915060, 4096122, 0.4, 50, 100, 11, 246, 5000, 20
0, 12000, 97, 208, 192, 4863706, 4217295, 0.4, 50, 100, 11, 228, 5000, 20
0, 12000, 96, 209, 184, 5088194, 4339478, 0.4, 50, 100, 11, 223, 5000, 20
0, 12000, 85, 197, 175, 4914153, 4201104, 0.4, 50, 100, 11, 252, 5000, 20
0, 12000, 101, 211, 186, 5025711, 4211551, 0.4, 50, 100, 11, 275, 5000, 20
0, 12000, 93, 204, 163, 5071088, 4357241, 0.4, 50, 100, 11, 243, 5000, 20
0, 12000, 97, 214, 180, 4972552, 4316397, 0.4, 50, 100, 11, 217, 5000, 20
0, 12000, 93, 210, 178, 5162441, 4367021, 0.4, 50, 100, 11, 255, 5000, 20
0, 12000, 102, 215, 185, 4916440, 4073025, 0.4, 50, 100, 11, 198, 5000, 20
0, 12000, 100, 210, 178, 4876037, 4172121, 0.4, 50, 100, 11, 210, 5000, 20
0, 12000, 112, 233, 204, 5111019, 4388430, 0.4, 50, 100, 11, 280, 5000, 20
0, 12000, 108, 214, 211, 4983498, 4320720, 0.4, 50, 100, 11, 240, 5000, 20
0, 12000, 96, 222, 179, 4874001, 4307103, 0.4, 50, 100, 11, 223, 5000, 20
0, 12000, 109, 202, 184, 4969116, 4228902, 0.4, 50, 100, 11, 260, 5000, 20
0, 12000, 110, 227, 204, 5076156, 4376147, 0.4, 50, 100, 11, 223, 5000, 20
0, 12000, 116, 219, 199, 4963695, 4368179, 0.4, 50, 100, 11, 229, 5000, 20
0, 12000, 101, 206, 183, 4915443, 4220723, 0.4, 50, 100, 11, 260, 5000, 20
0, 12000, 103, 211, 191, 5061384, 4258313, 0.4, 50, 100, 11, 280, 5000, 20
0, 12000, 105, 203, 183, 5231096, 4523963, 0.4, 50, 100, 11, 212, 5000, 20
0, 12000, 105, 218, 181, 5154842, 4402035, 0.4, 50, 100, 11, 274, 5000, 20
0, 12000, 114, 228, 202, 5202026, 4350235, 0.4, 50, 100, 11, 237, 5000, 20
0, 12000, 96, 205, 171, 4857435, 3952679, 0.4, 50, 100, 11, 263, 5000, 20
0, 12000, 103, 225, 187, 4948995, 4261116, 0.4, 50, 100, 11, 244, 5000, 20
0, 12000, 90, 197, 186, 5070040, 4423386, 0.4, 50, 100, 11, 245, 5000, 20
0, 12000, 105, 201, 170, 5178399, 4462819, 0.4, 50, 100, 11, 232, 5000, 20
0, 12000, 112, 210, 201, 5149290, 4326300, 0.4, 50, 100, 11, 233, 5000, 20
0, 12000, 108, 192, 182, 5108981, 4294365, 0.4, 50, 100, 11, 223, 5000, 20
0, 12000, 112, 231, 195, 4960412, 4307372, 0.4, 50, 100, 11, 225, 5000, 20
0, 12000, 104, 223, 211, 5106335, 4349814, 0.4, 50, 100, 11, 229, 5000, 20
0, 12000, 103, 202, 170, 5103450, 4492751, 0.4, 50, 100, 11, 255, 5000, 20
0, 12000, 108, 227, 194, 4846128, 4135436, 0.4, 50, 100, 11, 238, 5000, 20
0, 12000, 102, 198, 175, 5015478, 4332319, 0.4, 50, 100, 11, 256, 5000, 20
0, 12000, 103, 209, 176, 4855949, 4117417, 0.4, 50, 100, 11, 261, 5000, 20
0, 12000, 106, 204, 185, 5077688, 4330322, 0.4, 50, 100, 11, 276, 5000, 20
0, 12000, 100, 218, 168, 5118805, 4327924, 0.4, 50, 100, 11, 277, 5000, 20
0, 12000, 121, 223, 185, 5218030, 4454450, 0.4, 50, 100, 11, 260, 5000, 20
0, 12000, 107, 206, 186, 5029344, 4366576, 0.4, 50, 100, 11, 213, 5000, 20
0, 12000, 97, 216, 195, 5031866, 4271229, 0.4, 50, 100, 11, 237, 5000, 20
0, 12000, 103, 209, 190, 5125857, 4301519, 0.4, 50, 100, 11, 228, 5000, 20
0, 12000, 96, 186, 166, 5105381, 4312029, 0.4, 50, 100, 11, 219, 5000, 20
0, 12000, 104, 219, 194, 5245568, 4338170, 0.4, 50, 100, 11, 252, 5000, 20
0, 12000, 107, 219, 201, 5109551, 4390535, 0.4, 50, 100, 11, 235, 5000, 20
0, 12000, 108, 213, 189, 4936814, 4283830, 0.4, 50, 100, 11, 255, 5000, 20
0, 12000, 100, 217, 185, 5837896, 5052051, 0.4, 50, 100, 13, 284, 5000, 20
0, 12000, 100, 211, 179, 6152692, 5178575, 0.4, 50, 100, 13, 290, 5000, 20
0, 12000, 93, 209, 189, 6041919, 5143336, 0.4, 50, 100, 13, 297, 5000, 20
0, 12000, 111, 211, 180, 5945904, 5182410, 0.4, 50, 100, 13, 276, 5000, 20
0, 12000, 116, 237, 205, 6134010, 5034188, 0.4, 50, 100, 13, 312, 5000, 20
0, 12000, 114, 232, 205, 5912640, 5003081, 0.4, 50, 100, 13, 295, 5000, 20
0, 12000, 102, 213, 189, 5916402, 5124358, 0.4, 50, 100, 13, 292, 5000, 20
0, 12000, 109, 226, 200, 5928623, 5082562, 0.4, 50, 100, 13, 331, 5000, 20
0, 12000, 100, 214, 206, 5917464, 4950537, 0.4, 50, 100, 13, 285, 5000, 20
0, 12000, 92, 201, 184, 5998631, 5112051, 0.4, 50, 100, 13, 284, 5000, 20
0, 12000, 89, 208, 192, 5917331, 4896448, 0.4, 50, 100, 13, 263, 5000, 20
0, 12000, 107, 223, 183, 6105004, 5267197, 0.4, 50, 100, 13, 273, 5000, 20
0, 12000, 108, 230, 209, 5886026, 5123735, 0.4, 50, 100, 13, 270, 5000, 20
0, 12000, 97, 206, 170, 6010299, 5227484, 0.4, 50, 100, 13, 304, 5000, 20
0, 12000, 114, 217, 188, 5990501, 4941139, 0.4, 50, 100, 13, 345, 5000, 20
0, 12000, 100, 209, 180, 5901425, 4976037, 0.4, 50, 100, 13, 304, 5000, 20
0, 12000, 85, 203, 172, 5856346, 5005434, 0.4, 50, 100, 13, 321, 5000, 20
0, 12000, 96, 212, 177, 5871043, 4982581, 0.4, 50, 100, 13, 291, 5000, 20
0, 12000, 114, 222, 195, 5706846, 4915663, 0.4, 50, 100, 13, 376, 5000, 20
0, 12000, 113, 220, 199, 6004955, 4987710, 0.4, 50, 100, 13, 328, 5000, 20
0, 12000, 107, 215, 192, 5992914, 5072874, 0.4, 50, 100, 13, 295, 5000, 20
0, 12000, 103, 224, 199, 6007131, 5076449, 0.4, 50, 100, 13, 401, 5000, 20
0, 12000, 94, 219, 172, 5871290, 4980443, 0.4, 50, 100, 13, 312, 5000, 20
0, 12000, 109, 219, 189, 5962011, 5036582, 0.4, 50, 100, 13, 298, 5000, 20
0, 12000, 99, 211, 195, 6072656, 5115459, 0.4, 50, 100, 13, 283, 5000, 20
0, 12000, 100, 218, 192, 6072877, 5200481, 0.4, 50, 100, 13, 280, 5000, 20
0, 12000, 103, 199, 172, 5784548, 5034881, 0.4, 50, 100, 13, 294, 5000, 20
0, 12000, 110, 243, 200, 5912519, 4990249, 0.4, 50, 100, 13, 286, 5000, 20
0, 12000, 102, 217, 190, 5920310, 4982697, 0.4, 50, 100, 13, 314, 5000, 20
0, 12000, 92, 222, 199, 6063172, 5043856, 0.4, 50, 100, 13, 374, 5000, 20
0, 12000, 108, 203, 181, 6095043, 5010768, 0.4, 50, 100, 13, 365, 5000, 20
0, 12000, 88, 203, 154, 5948136, 4935798, 0.4, 50, 100, 13, 280, 5000, 20
0, 12000, 78, 200, 184, 5492550, 4751384, 0.4, 50, 100, 13, 309, 5000, 20
0, 12000, 87, 201, 159, 5891589, 4963625, 0.4, 50, 100, 13, 326, 5000, 20
0, 12000, 110, 213, 170, 5998151, 5033126, 0.4, 50, 100, 13, 282, 5000, 20
0, 12000, 95, 205, 178, 5862857, 4922198, 0.4, 50, 100, 13, 351, 5000, 20
0, 12000, 92, 188, 169, 5835050, 4996083, 0.4, 50, 100, 13, 320, 5000, 20
0, 12000, 97, 213, 171, 6064167, 5124491, 0.4, 50, 100, 13, 307, 5000, 20
0, 12000, 108, 210, 198, 5870731, 5030729, 0.4, 50, 100, 13, 347, 5000, 20
0, 12000, 109, 225, 207, 5811416, 4989421, 0.4, 50, 100, 13, 289, 5000, 20
0, 12000, 115, 221, 198, 5872250, 5109120, 0.4, 50, 100, 13, 312, 5000, 20
0, 12000, 99, 204, 193, 5836807, 5111034, 0.4, 50, 100, 13, 372, 5000, 20
0, 12000, 83, 186, 149, 5971069, 5050873, 0.4, 50, 100, 13, 317, 5000, 20
0, 12000, 112, 221, 188, 5957054, 5124889, 0.4, 50, 100, 13, 344, 5000, 20
0, 12000, 112, 228, 198, 5741205, 4888112, 0.4, 50, 100, 13, 343, 5000, 20
0, 12000, 110, 225, 186, 5788503, 5003599, 0.4, 50, 100, 13, 336, 5000, 20
0, 12000, 101, 198, 157, 5814569, 4945197, 0.4, 50, 100, 13, 330, 5000, 20
0, 12000, 107, 213, 186, 5895349, 4938938, 0.4, 50, 100, 13, 344, 5000, 20
0, 12000, 90, 202, 195, 5912982, 4940612, 0.4, 50, 100, 13, 354, 5000, 20
0, 12000, 109, 214, 197, 5962057, 5054250, 0.4, 50, 100, 13, 303, 5000, 20
0, 12000, 114, 229, 195, 5769216, 4858830, 0.4, 50, 100, 13, 301, 5000, 20
0, 12000, 100, 214, 195, 5865791, 4939959, 0.4, 50, 100, 13, 339, 5000, 20
0, 12000, 102, 191, 185, 5909579, 5008335, 0.4, 50, 100, 13, 289, 5000, 20
0, 12000, 103, 201, 181, 5926832, 5210276, 0.4, 50, 100, 13, 277, 5000, 20
0, 12000, 108, 209, 182, 5994618, 5102252, 0.4, 50, 100, 13, 419, 5000, 20
0, 12000, 100, 210, 182, 6121879, 5303846, 0.4, 50, 100, 13, 349, 5000, 20
0, 12000, 94, 196, 187, 6021203, 5175174, 0.4, 50, 100, 13, 397, 5000, 20
0, 12000, 93, 188, 157, 6027165, 5158891, 0.4, 50, 100, 13, 324, 5000, 20
0, 12000, 94, 194, 187, 5985138, 5111820, 0.4, 50, 100, 13, 336, 5000, 20
0, 12000, 104, 208, 186, 6017492, 5106292, 0.4, 50, 100, 13, 353, 5000, 20
0, 12000, 105, 212, 199, 5706230, 4929150, 0.4, 50, 100, 13, 300, 5000, 20
0, 12000, 105, 208, 174, 6022767, 5109897, 0.4, 50, 100, 13, 296, 5000, 20
0, 12000, 93, 201, 182, 6088317, 5154934, 0.4, 50, 100, 13, 515, 5000, 20
0, 12000, 99, 213, 185, 5923505, 5044783, 0.4, 50, 100, 13, 288, 5000, 20
0, 12000, 116, 232, 196, 5880002, 5108446, 0.4, 50, 100, 13, 363, 5000, 20
0, 12000, 97, 219, 197, 5704561, 4845352, 0.4, 50, 100, 13, 279, 5000, 20
0, 12000, 95, 220, 188, 5980298, 4996113, 0.4, 50, 100, 13, 345, 5000, 20
0, 12000, 96, 205, 183, 5946065, 5106130, 0.4, 50, 100, 13, 382, 5000, 20
0, 12000, 111, 215, 193, 6024380, 5124709, 0.4, 50, 100, 13, 321, 5000, 20
0, 12000, 106, 221, 168, 6010860, 4983060, 0.4, 50, 100, 13, 325, 5000, 20
0, 12000, 113, 231, 192, 5914097, 5001258, 0.4, 50, 100, 13, 320, 5000, 20
0, 12000, 97, 227, 195, 5996988, 5111635, 0.4, 50, 100, 13, 333, 5000, 20
0, 12000, 117, 228, 209, 5788284, 4985141, 0.4, 50, 100, 13, 309, 5000, 20
0, 12000, 104, 219, 178, 5940679, 4985856, 0.4, 50, 100, 13, 329, 5000, 20
0, 12000, 93, 192, 159, 6078599, 5125076, 0.4, 50, 100, 13, 307, 5000, 20
0, 12000, 108, 221, 198, 5963640, 5024009, 0.4, 50, 100, 13, 303, 5000, 20
0, 12000, 114, 225, 201, 6228005, 5219393, 0.4, 50, 100, 13, 330, 5000, 20
0, 12000, 87, 211, 198, 5837838, 5040731, 0.4, 50, 100, 13, 394, 5000, 20
0, 12000, 100, 204, 180, 6015370, 5129976, 0.4, 50, 100, 13, 319, 5000, 20
0, 12000, 106, 218, 196, 6129226, 5144472, 0.4, 50, 100, 13, 365, 5000, 20
0, 12000, 95, 211, 172, 5997953, 4993078, 0.4, 50, 100, 13, 371, 5000, 20
0, 12000, 96, 197, 172, 5966662, 5017383, 0.4, 50, 100, 13, 403, 5000, 20
0, 12000, 83, 167, 164, 5943878, 5112955, 0.4, 50, 100, 13, 307, 5000, 20
0, 12000, 112, 227, 215, 5830536, 4905656, 0.4, 50, 100, 13, 294, 5000, 20
0, 12000, 104, 208, 206, 5708300, 5108067, 0.4, 50, 100, 13, 374, 5000, 20
0, 12000, 113, 222, 187, 5935668, 5202799, 0.4, 50, 100, 13, 290, 5000, 20
0, 12000, 111, 230, 199, 5704190, 4906922, 0.4, 50, 100, 13, 328, 5000, 20
0, 12000, 112, 240, 190, 6005221, 4943320, 0.4, 50, 100, 13, 342, 5000, 20
0, 12000, 98, 216, 183, 5832906, 4944101, 0.4, 50, 100, 13, 284, 5000, 20
0, 12000, 105, 224, 187, 6035104, 5054112, 0.4, 50, 100, 13, 295, 5000, 20
0, 12000, 97, 203, 175, 6341782, 5200180, 0.4, 50, 100, 13, 364, 5000, 20
0, 12000, 112, 214, 185, 6212735, 5228450, 0.4, 50, 100, 13, 401, 5000, 20
0, 12000, 83, 188, 169, 5992578, 5152398, 0.4, 50, 100, 13, 313, 5000, 20
0, 12000, 95, 201, 173, 5801727, 4951047, 0.4, 50, 100, 13, 304, 5000, 20
0, 12000, 111, 221, 192, 5981428, 5207546, 0.4, 50, 100, 13, 357, 5000, 20
0, 12000, 110, 210, 186, 5822788, 5212476, 0.4, 50, 100, 13, 324, 5000, 20
0, 12000, 87, 197, 173, 6044660, 5255454, 0.4, 50, 100, 13, 340, 5000, 20
0, 12000, 100, 214, 171, 6029090, 5159629, 0.4, 50, 100, 13, 345, 5000, 20
0, 12000, 103, 223, 201, 5900707, 5148422, 0.4, 50, 100, 13, 317, 5000, 20
0, 12000, 111, 210, 181, 6982781, 5965571, 0.4, 50, 100, 15, 379, 5000, 20
0, 12000, 109, 216, 187, 6792007, 5708372, 0.4, 50, 100, 15, 373, 5000, 20
0, 12000, 101, 212, 183, 6753078, 5679735, 0.4, 50, 100, 15, 382, 5000, 20
0, 12000, 101, 218, 183, 5811185, 4843372, 0.4, 50, 100, 13, 433, 5000, 20
0, 12000, 110, 234, 185, 6780780, 5687001, 0.4, 50, 100, 15, 364, 5000, 20
0, 12000, 85, 200, 174, 6725146, 5649631, 0.4, 50, 100, 15, 379, 5000, 20
0, 12000, 95, 210, 191, 6795144, 5898184, 0.4, 50, 100, 15, 375, 5000, 20
0, 12000, 91, 203, 184, 6760020, 5735041, 0.4, 50, 100, 15, 412, 5000, 20
0, 12000, 105, 204, 179, 7103135, 5965308, 0.4, 50, 100, 15, 390, 5000, 20
0, 12000, 115, 228, 204, 6946200, 5788054, 0.4, 50, 100, 15, 374, 5000, 20
0, 12000, 103, 214, 184, 6994428, 5769143, 0.4, 50, 100, 15, 372, 5000, 20
0, 12000, 121, 234, 201, 6964539, 5716201, 0.4, 50, 100, 15, 385, 5000, 20
0, 12000, 94, 192, 181, 6641092, 5834658, 0.4, 50, 100, 15, 380, 5000, 20
0, 12000, 107, 225, 205, 6792812, 5525575, 0.4, 50, 100, 15, 411, 5000, 20
0, 12000, 81, 202, 176, 6820149, 5837165, 0.4, 50, 100, 15, 410, 5000, 20
0, 12000, 104, 230, 183, 7031864, 5811390, 0.4, 50, 100, 15, 367, 5000, 20
0, 12000, 112, 231, 192, 6746994, 5518005, 0.4, 50, 100, 15, 362, 5000, 20
0, 12000, 96, 213, 185, 6742768, 5791310, 0.4, 50, 100, 15, 377, 5000, 20
0, 12000, 100, 216, 188, 6710690, 5728515, 0.4, 50, 100, 15, 357, 5000, 20
0, 12000, 85, 169, 167, 6852519, 6010758, 0.4, 50, 100, 15, 419, 5000, 20
0, 12000, 107, 229, 184, 6948938, 5720951, 0.4, 50, 100, 15, 380, 5000, 20
0, 12000, 112, 217, 205, 7033697, 6013138, 0.4, 50, 100, 15, 441, 5000, 20
0, 12000, 88, 214, 167, 7013504, 5850421, 0.4, 50, 100, 15, 392, 5000, 20
0, 12000, 110, 218, 194, 7102269, 5979012, 0.4, 50, 100, 15, 461, 5000, 20
0, 12000, 99, 218, 194, 7130846, 5979446, 0.4, 50, 100, 15, 383, 5000, 20
0, 12000, 105, 205, 181, 6807372, 5685390, 0.4, 50, 100, 15, 488, 5000, 20
0, 12000, 103, 201, 184, 7013223, 5916007, 0.4, 50, 100, 15, 374, 5000, 20
0, 12000, 95, 214, 180, 6945649, 5895664, 0.4, 50, 100, 15, 433, 5000, 20
0, 12000, 83, 215, 181, 6776981, 5660751, 0.4, 50, 100, 15, 490, 5000, 20
0, 12000, 102, 218, 188, 7084083, 5999866, 0.4, 50, 100, 15, 358, 5000, 20
0, 12000, 85, 214, 192, 6694210, 5669750, 0.4, 50, 100, 15, 488, 5000, 20
0, 12000, 114, 211, 194, 6882551, 6082589, 0.4, 50, 100, 15, 498, 5000, 20
0, 12000, 87, 200, 167, 6985261, 5931308, 0.4, 50, 100, 15, 361, 5000, 20
0, 12000, 95, 219, 188, 6659171, 5792176, 0.4, 50, 100, 15, 369, 5000, 20
0, 12000, 95, 209, 186, 6791482, 5938833, 0.4, 50, 100, 15, 366, 5000, 20
0, 12000, 94, 201, 188, 6614683, 5916990, 0.4, 50, 100, 15, 375, 5000, 20
0, 12000, 105, 220, 192, 6611646, 5728729, 0.4, 50, 100, 15, 393, 5000, 20
0, 12000, 108, 218, 185, 6567170, 5503344, 0.4, 50, 100, 15, 367, 5000, 20
0, 12000, 107, 220, 187, 7167661, 6050895, 0.4, 50, 100, 15, 429, 5000, 20
0, 12000, 95, 200, 166, 6973236, 5770615, 0.4, 50, 100, 15, 358, 5000, 20
0, 12000, 114, 214, 205, 6951114, 6074703, 0.4, 50, 100, 15, 365, 5000, 20
0, 12000, 112, 212, 190, 6917602, 6076020, 0.4, 50, 100, 15, 391, 5000, 20
0, 12000, 92, 218, 187, 6874211, 5644276, 0.4, 50, 100, 15, 350, 5000, 20
0, 12000, 101, 214, 193, 6966633, 5904806, 0.4, 50, 100, 15, 380, 5000, 20
0, 12000, 102, 216, 180, 7036093, 5862667, 0.4, 50, 100, 15, 398, 5000, 20
0, 12000, 92, 210, 175, 6926051, 5768977, 0.4, 50, 100, 15, 359, 5000, 20
0, 12000, 113, 207, 194, 6927747, 5819423, 0.4, 50, 100, 15, 504, 5000, 20
0, 12000, 112, 225, 197, 7086653, 6032568, 0.4, 50, 100, 15, 413, 5000, 20
0, 12000, 110, 223, 190, 6857771, 5895286, 0.4, 50, 100, 15, 393, 5000, 20
0, 12000, 102, 210, 179, 6828888, 5828926, 0.4, 50, 100, 15, 381, 5000, 20
0, 12000, 111, 220, 197, 6936477, 5899746, 0.4, 50, 100, 15, 396, 5000, 20
0, 12000, 92, 216, 197, 6544150, 5682822, 0.4, 50, 100, 15, 522, 5000, 20
0, 12000, 80, 194, 141, 6959949, 5796232, 0.4, 50, 100, 15, 382, 5000, 20
0, 12000, 108, 201, 182, 6964062, 6058943, 0.4, 50, 100, 15, 366, 5000, 20
0, 12000, 94, 223, 190, 6821865, 5840389, 0.4, 50, 100, 15, 386, 5000, 20
0, 12000, 109, 186, 177, 6743547, 5833955, 0.4, 50, 100, 15, 418, 5000, 20
0, 12000, 92, 205, 189, 6903658, 5816327, 0.4, 50, 100, 15, 595, 5000, 20
0, 12000, 93, 207, 175, 6699133, 5893161, 0.4, 50, 100, 15, 477, 5000, 20
0, 12000, 103, 200, 187, 6847143, 5839569, 0.4, 50, 100, 15, 388, 5000, 20
0, 12000, 97, 212, 184, 6707743, 5709142, 0.4, 50, 100, 15, 369, 5000, 20
0, 12000, 106, 201, 190, 6990160, 5922405, 0.4, 50, 100, 15, 387, 5000, 20
0, 12000, 97, 218, 177, 6941966, 5767549, 0.4, 50, 100, 15, 390, 5000, 20
0, 12000, 107, 201, 186, 6857812, 5942926, 0.4, 50, 100, 15, 424, 5000, 20
0, 12000, 97, 198, 178, 6612844, 5678389, 0.4, 50, 100, 15, 370, 5000, 20
0, 12000, 114, 222, 190, 6972346, 5901077, 0.4, 50, 100, 15, 381, 5000, 20
0, 12000, 109, 232, 202, 6891170, 5911543, 0.4, 50, 100, 15, 373, 5000, 20
0, 12000, 118, 216, 193, 6923133, 5734572, 0.4, 50, 100, 15, 446, 5000, 20
0, 12000, 89, 207, 168, 6653416, 5628610, 0.4, 50, 100, 15, 525, 5000, 20
0, 12000, 108, 222, 185, 7039203, 5877580, 0.4, 50, 100, 15, 388, 5000, 20
0, 12000, 98, 219, 178, 6799338, 5894474, 0.4, 50, 100, 15, 408, 5000, 20
0, 12000, 93, 199, 186, 6770941, 5729133, 0.4, 50, 100, 15, 375, 5000, 20
0, 12000, 100, 208, 168, 6669751, 5648894, 0.4, 50, 100, 15, 466, 5000, 20
0, 12000, 84, 206, 184, 6865004, 5655616, 0.4, 50, 100, 15, 532, 5000, 20
0, 12000, 116, 231, 210, 6701785, 5890359, 0.4, 50, 100, 15, 385, 5000, 20
0, 12000, 102, 205, 180, 6787358, 5885549, 0.4, 50, 100, 15, 369, 5000, 20
0, 12000, 108, 224, 189, 6686916, 5728792, 0.4, 50, 100, 15, 450, 5000, 20
0, 12000, 100, 228, 186, 6657753, 5718456, 0.4, 50, 100, 15, 410, 5000, 20
0, 12000, 97, 204, 193, 6960573, 5914246, 0.4, 50, 100, 15, 375, 5000, 20
0, 12000, 93, 205, 205, 6703692, 5668023, 0.4, 50, 100, 15, 419, 5000, 20
0, 12000, 112, 218, 200, 6815035, 5771211, 0.4, 50, 100, 15, 431, 5000, 20
0, 12000, 99, 203, 173, 6914750, 5876354, 0.4, 50, 100, 15, 530, 5000, 20
0, 12000, 97, 216, 166, 6904735, 5832238, 0.4, 50, 100, 15, 352, 5000, 20
0, 12000, 100, 216, 185, 6961399, 5794561, 0.4, 50, 100, 15, 370, 5000, 20
0, 12000, 97, 195, 195, 6655463, 5790390, 0.4, 50, 100, 15, 373, 5000, 20
0, 12000, 114, 230, 183, 6952561, 5731661, 0.4, 50, 100, 15, 418, 5000, 20
0, 12000, 91, 198, 163, 6705860, 5548787, 0.4, 50, 100, 15, 568, 5000, 20
0, 12000, 99, 215, 170, 6621952, 5722497, 0.4, 50, 100, 15, 376, 5000, 20
0, 12000, 97, 186, 165, 6863587, 5779869, 0.4, 50, 100, 15, 378, 5000, 20
0, 12000, 106, 220, 212, 7007722, 5950036, 0.4, 50, 100, 15, 349, 5000, 20
0, 12000, 99, 232, 197, 6827299, 5829017, 0.4, 50, 100, 15, 374, 5000, 20
0, 12000, 101, 196, 160, 6928395, 6019734, 0.4, 50, 100, 15, 407, 5000, 20
0, 12000, 98, 194, 170, 6812387, 5746313, 0.4, 50, 100, 15, 556, 5000, 20
0, 12000, 101, 195, 182, 7094543, 5797310, 0.4, 50, 100, 15, 428, 5000, 20
0, 12000, 97, 222, 192, 6832180, 5794110, 0.4, 50, 100, 15, 370, 5000, 20
0, 12000, 107, 218, 180, 6935169, 5906637, 0.4, 50, 100, 15, 384, 5000, 20
0, 12000, 101, 208, 193, 6691830, 5787093, 0.4, 50, 100, 15, 467, 5000, 20
0, 12000, 110, 223, 191, 6711798, 5733856, 0.4, 50, 100, 15, 405, 5000, 20
0, 12000, 111, 214, 178, 7070856, 5871691, 0.4, 50, 100, 15, 379, 5000, 20
0, 12000, 93, 203, 175, 6718845, 5665012, 0.4, 50, 100, 15, 548, 5000, 20
0, 12000, 103, 218, 177, 6827553, 5796892, 0.4, 50, 100, 15, 413, 5000, 20
0, 12000, 101, 213, 171, 6855774, 5817016, 0.4, 50, 100, 15, 421, 5000, 20
0, 12000, 97, 214, 177, 7644108, 6480494, 0.4, 50, 100, 17, 461, 5000, 20
0, 12000, 102, 195, 187, 7926781, 6783570, 0.4, 50, 100, 17, 467, 5000, 20
0, 12000, 104, 204, 198, 7641531, 6661896, 0.4, 50, 100, 17, 492, 5000, 20
0, 12000, 99, 201, 179, 7908022, 6614424, 0.4, 50, 100, 17, 465, 5000, 20
0, 12000, 97, 207, 194, 8055689, 6775029, 0.4, 50, 100, 17, 454, 5000, 20
0, 12000, 77, 192, 178, 7920233, 6694482, 0.4, 50, 100, 17, 471, 5000, 20
0, 12000, 113, 230, 214, 7752226, 6359622, 0.4, 50, 100, 17, 544, 5000, 20
0, 12000, 103, 194, 173, 7744162, 6461311, 0.4, 50, 100, 17, 516, 5000, 20
0, 12000, 115, 209, 188, 7703188, 6585212, 0.4, 50, 100, 17, 497, 5000, 20
0, 12000, 90, 191, 150, 8187758, 7042387, 0.4, 50, 100, 17, 487, 5000, 20
0, 12000, 103, 217, 188, 7945354, 6584168, 0.4, 50, 100, 17, 432, 5000, 20
0, 12000, 98, 207, 184, 7892063, 6744412, 0.4, 50, 100, 17, 470, 5000, 20
0, 12000, 88, 216, 180, 7540180, 6497185, 0.4, 50, 100, 17, 499, 5000, 20
0, 12000, 103, 205, 180, 7913362, 6612274, 0.4, 50, 100, 17, 597, 5000, 20
0, 12000, 118, 209, 187, 7662441, 6550980, 0.4, 50, 100, 17, 576, 5000, 20
0, 12000, 109, 204, 193, 7520742, 6419453, 0.4, 50, 100, 17, 664, 5000, 20
0, 12000, 113, 224, 204, 7923367, 6643903, 0.4, 50, 100, 17, 444, 5000, 20
0, 12000, 93, 208, 184, 7740193, 6765800, 0.4, 50, 100, 17, 504, 5000, 20
0, 12000, 95, 210, 195, 7808167, 6609302, 0.4, 50, 100, 17, 481, 5000, 20
0, 12000, 82, 189, 157, 7843100, 6562482, 0.4, 50, 100, 17, 480, 5000, 20
0, 12000, 106, 225, 185, 7649202, 6651599, 0.4, 50, 100, 17, 460, 5000, 20
0, 12000, 108, 218, 187, 7706070, 6445554, 0.4, 50, 100, 17, 458, 5000, 20
0, 12000, 103, 208, 158, 7815582, 6472580, 0.4, 50, 100, 17, 591, 5000, 20
0, 12000, 111, 219, 195, 7665593, 6509294, 0.4, 50, 100, 17, 452, 5000, 20
0, 12000, 98, 205, 172, 7782059, 6650335, 0.4, 50, 100, 17, 457, 5000, 20
0, 12000, 124, 220, 198, 7944379, 6772256, 0.4, 50, 100, 17, 449, 5000, 20
0, 12000, 98, 198, 185, 7898389, 6734701, 0.4, 50, 100, 17, 501, 5000, 20
0, 12000, 98, 210, 185, 7870404, 6643137, 0.4, 50, 100, 17, 468, 5000, 20
0, 12000, 94, 201, 171, 7790322, 6636833, 0.4, 50, 100, 17, 587, 5000, 20
0, 12000, 92, 208, 169, 7654824, 6461159, 0.4, 50, 100, 17, 455, 5000, 20
0, 12000, 99, 213, 198, 7600301, 6512233, 0.4, 50, 100, 17, 439, 5000, 20
0, 12000, 105, 213, 184, 7829886, 6480399, 0.4, 50, 100, 17, 468, 5000, 20
0, 12000, 112, 220, 197, 7602448, 6689085, 0.4, 50, 100, 17, 606, 5000, 20
0, 12000, 102, 200, 182, 7765468, 6600093, 0.4, 50, 100, 17, 547, 5000, 20
0, 12000, 123, 242, 227, 7705039, 6337599, 0.4, 50, 100, 17, 436, 5000, 20
0, 12000, 103, 223, 185, 7685643, 6607473, 0.4, 50, 100, 17, 673, 5000, 20
0, 12000, 91, 202, 172, 7892902, 6667750, 0.4, 50, 100, 17, 481, 5000, 20
0, 12000, 104, 213, 201, 7514651, 6581190, 0.4, 50, 100, 17, 574, 5000, 20
0, 12000, 106, 221, 187, 7848532, 6706606, 0.4, 50, 100, 17, 475, 5000, 20
0, 12000, 110, 219, 196, 7792456, 6677401, 0.4, 50, 100, 17, 490, 5000, 20
0, 12000, 90, 219, 182, 7699605, 6528052, 0.4, 50, 100, 17, 471, 5000, 20
0, 12000, 101, 213, 194, 7734888, 6762234, 0.4, 50, 100, 17, 461, 5000, 20
0, 12000, 107, 198, 181, 7725403, 6931962, 0.4, 50, 100, 17, 602, 5000, 20
0, 12000, 96, 219, 165, 7586270, 6219413, 0.4, 50, 100, 17, 492, 5000, 20
0, 12000, 100, 199, 173, 7649707, 6590728, 0.4, 50, 100, 17, 472, 5000, 20
0, 12000, 95, 214, 192, 7592986, 6475393, 0.4, 50, 100, 17, 496, 5000, 20
0, 12000, 108, 230, 189, 7827440, 6464087, 0.4, 50, 100, 17, 524, 5000, 20
0, 12000, 116, 231, 192, 7867061, 6636496, 0.4, 50, 100, 17, 675, 5000, 20
0, 12000, 113, 202, 182, 7733597, 6567381, 0.4, 50, 100, 17, 617, 5000, 20
0, 12000, 91, 195, 168, 7828079, 6735925, 0.4, 50, 100, 17, 465, 5000, 20
0, 12000, 74, 192, 167, 7780714, 6647122, 0.4, 50, 100, 17, 530, 5000, 20
0, 12000, 103, 225, 206, 7667078, 6521356, 0.4, 50, 100, 17, 552, 5000, 20
0, 12000, 103, 212, 179, 7816217, 6541774, 0.4, 50, 100, 17, 547, 5000, 20
0, 12000, 84, 192, 155, 7474497, 6500128, 0.4, 50, 100, 17, 565, 5000, 20
0, 12000, 113, 216, 181, 7782909, 6396804, 0.4, 50, 100, 17, 575, 5000, 20
0, 12000, 105, 226, 197, 7819533, 6496455, 0.4, 50, 100, 17, 595, 5000, 20
0, 12000, 89, 194, 169, 7891974, 6488611, 0.4, 50, 100, 17, 453, 5000, 20
0, 12000, 102, 218, 179, 7653092, 6447951, 0.4, 50, 100, 17, 483, 5000, 20
0, 12000, 118, 235, 209, 7540262, 6615626, 0.4, 50, 100, 17, 434, 5000, 20
0, 12000, 106, 215, 189, 7804959, 6495954, 0.4, 50, 100, 17, 704, 5000, 20
0, 12000, 89, 206, 172, 7973851, 6707590, 0.4, 50, 100, 17, 695, 5000, 20
0, 12000, 104, 221, 194, 7699400, 6567041, 0.4, 50, 100, 17, 475, 5000, 20
0, 12000, 117, 210, 186, 7729144, 6644570, 0.4, 50, 100, 17, 768, 5000, 20
0, 12000, 98, 205, 168, 7912327, 6670865, 0.4, 50, 100, 17, 513, 5000, 20
0, 12000, 100, 221, 181, 7857608, 6725525, 0.4, 50, 100, 17, 578, 5000, 20
0, 12000, 94, 202, 180, 7571666, 6321381, 0.4, 50, 100, 17, 529, 5000, 20
0, 12000, 96, 193, 161, 7889447, 6575211, 0.4, 50, 100, 17, 493, 5000, 20
0, 12000, 107, 208, 190, 7508249, 6582094, 0.4, 50, 100, 17, 815, 5000, 20
0, 12000, 105, 213, 179, 7635494, 6513036, 0.4, 50, 100, 17, 471, 5000, 20
0, 12000, 99, 206, 193, 7718959, 6547998, 0.4, 50, 100, 17, 572, 5000, 20
0, 12000, 101, 211, 188, 7824330, 6638151, 0.4, 50, 100, 17, 734, 5000, 20
0, 12000, 83, 196, 177, 7818433, 6778907, 0.4, 50, 100, 17, 485, 5000, 20
0, 12000, 102, 218, 187, 7731466, 6537310, 0.4, 50, 100, 17, 505, 5000, 20
0, 12000, 83, 209, 171, 7767167, 6572019, 0.4, 50, 100, 17, 475, 5000, 20
0, 12000, 118, 218, 182, 7672705, 6534663, 0.4, 50, 100, 17, 619, 5000, 20
0, 12000, 114, 219, 184, 8063321, 6713373, 0.4, 50, 100, 17, 699, 5000, 20
0, 12000, 84, 202, 183, 7589617, 6458326, 0.4, 50, 100, 17, 587, 5000, 20
0, 12000, 108, 222, 201, 7428796, 6394240, 0.4, 50, 100, 17, 451, 5000, 20
0, 12000, 99, 229, 196, 7525629, 6263872, 0.4, 50, 100, 17, 500, 5000, 20
0, 12000, 100, 211, 188, 7661284, 6502194, 0.4, 50, 100, 17, 541, 5000, 20
0, 12000, 110, 208, 174, 7728549, 6585203, 0.4, 50, 100, 17, 680, 5000, 20
0, 12000, 93, 206, 175, 7862746, 6513865, 0.4, 50, 100, 17, 450, 5000, 20
0, 12000, 90, 207, 180, 7834630, 6655484, 0.4, 50, 100, 17, 453, 5000, 20
0, 12000, 96, 216, 181, 7666935, 6546019, 0.4, 50, 100, 17, 480, 5000, 20
0, 12000, 95, 217, 180, 7840334, 6740481, 0.4, 50, 100, 17, 548, 5000, 20
0, 12000, 108, 213, 183, 7874623, 6723574, 0.4, 50, 100, 17, 485, 5000, 20
0, 12000, 106, 197, 186, 7815243, 6514552, 0.4, 50, 100, 17, 451, 5000, 20
0, 12000, 114, 214, 198, 7696408, 6662618, 0.4, 50, 100, 17, 429, 5000, 20
0, 12000, 103, 202, 193, 7677488, 6550307, 0.4, 50, 100, 17, 470, 5000, 20
0, 12000, 105, 226, 199, 7965242, 6710131, 0.4, 50, 100, 17, 458, 5000, 20
0, 12000, 109, 208, 192, 7906599, 6585789, 0.4, 50, 100, 17, 577, 5000, 20
0, 12000, 99, 212, 181, 7838843, 6512913, 0.4, 50, 100, 17, 461, 5000, 20
0, 12000, 102, 205, 188, 7976988, 6805661, 0.4, 50, 100, 17, 536, 5000, 20
0, 12000, 102, 229, 207, 7632745, 6620808, 0.4, 50, 100, 17, 605, 5000, 20
0, 12000, 97, 203, 177, 7795348, 6576395, 0.4, 50, 100, 17, 481, 5000, 20
0, 12000, 97, 212, 177, 7777061, 6745161, 0.4, 50, 100, 17, 570, 5000, 20
0, 12000, 97, 212, 190, 7665046, 6320214, 0.4, 50, 100, 17, 625, 5000, 20
0, 12000, 106, 213, 197, 7779472, 6553571, 0.4, 50, 100, 17, 501, 5000, 20
0, 12000, 95, 210, 175, 7718557, 6551430, 0.4, 50, 100, 17, 615, 5000, 20
0, 12000, 113, 216, 204, 7739999, 6720219, 0.4, 50, 100, 17, 603, 5000, 20
0, 12000, 102, 207, 183, 8612391, 7409248, 0.4, 50, 100, 19, 599, 5000, 20
0, 12000, 82, 209, 142, 8509679, 7269968, 0.4, 50, 100, 19, 630, 5000, 20
0, 12000, 105, 209, 198, 8616460, 7310201, 0.4, 50, 100, 19, 626, 5000, 20
0, 12000, 105, 196, 181, 8985791, 7431851, 0.4, 50, 100, 19, 682, 5000, 20
0, 12000, 95, 195, 163, 8646382, 7204744, 0.4, 50, 100, 19, 572, 5000, 20
0, 12000, 100, 213, 182, 8638834, 7321214, 0.4, 50, 100, 19, 603, 5000, 20
0, 12000, 103, 234, 189, 8797406, 7397770, 0.4, 50, 100, 19, 613, 5000, 20
0, 12000, 93, 201, 164, 8732865, 7304329, 0.4, 50, 100, 19, 582, 5000, 20
0, 12000, 94, 212, 198, 8810128, 7431805, 0.4, 50, 100, 19, 578, 5000, 20
0, 12000, 113, 228, 196, 8677754, 7223637, 0.4, 50, 100, 19, 572, 5000, 20
0, 12000, 103, 212, 183, 8720444, 7324466, 0.4, 50, 100, 19, 625, 5000, 20
0, 12000, 87, 204, 178, 8637472, 7239844, 0.4, 50, 100, 19, 605, 5000, 20
0, 12000, 117, 209, 193, 8870657, 7418008, 0.4, 50, 100, 19, 714, 5000, 20
0, 12000, 82, 194, 166, 8795447, 7006824, 0.4, 50, 100, 19, 630, 5000, 20
0, 12000, 92, 204, 185, 8650948, 7388008, 0.4, 50, 100, 19, 712, 5000, 20
0, 12000, 93, 186, 158, 8826813, 7496319, 0.4, 50, 100, 19, 664, 5000, 20
0, 12000, 94, 222, 184, 8633968, 7343645, 0.4, 50, 100, 19, 611, 5000, 20
0, 12000, 91, 200, 172, 8889694, 7498057, 0.4, 50, 100, 19, 700, 5000, 20
0, 12000, 115, 223, 198, 8770847, 7298443, 0.4, 50, 100, 19, 775, 5000, 20
0, 12000, 98, 223, 195, 8547146, 7254719, 0.4, 50, 100, 19, 765, 5000, 20
0, 12000, 91, 208, 172, 9187026, 7634461, 0.4, 50, 100, 19, 774, 5000, 20
0, 12000, 104, 211, 193, 8776209, 7397969, 0.4, 50, 100, 19, 623, 5000, 20
0, 12000, 94, 198, 186, 8664234, 7393046, 0.4, 50, 100, 19, 684, 5000, 20
0, 12000, 108, 217, 194, 8616951, 7207528, 0.4, 50, 100, 19, 689, 5000, 20
0, 12000, 106, 210, 183, 8951078, 7576524, 0.4, 50, 100, 19, 616, 5000, 20
0, 12000, 98, 201, 185, 8501010, 7124534, 0.4, 50, 100, 19, 823, 5000, 20
0, 12000, 103, 201, 170, 8532155, 7233345, 0.4, 50, 100, 19, 739, 5000, 20
0, 12000, 92, 212, 181, 8737054, 7379879, 0.4, 50, 100, 19, 754, 5000, 20
0, 12000, 93, 189, 151, 8784490, 7269097, 0.4, 50, 100, 19, 576, 5000, 20
0, 12000, 108, 223, 180, 8535659, 7328002, 0.4, 50, 100, 19, 580, 5000, 20
0, 12000, 87, 202, 173, 8700204, 7241851, 0.4, 50, 100, 19, 796, 5000, 20
0, 12000, 91, 200, 156, 8682429, 7522637, 0.4, 50, 100, 19, 607, 5000, 20
0, 12000, 101, 216, 188, 8719019, 7294032, 0.4, 50, 100, 19, 849, 5000, 20
0, 12000, 78, 195, 153, 8416774, 7238995, 0.4, 50, 100, 19, 793, 5000, 20
0, 12000, 91, 216, 189, 8826796, 7301158, 0.4, 50, 100, 19, 608, 5000, 20
0, 12000, 92, 214, 183, 8400062, 7267557, 0.4, 50, 100, 19, 565, 5000, 20
0, 12000, 105, 223, 194, 8549313, 7185110, 0.4, 50, 100, 19, 597, 5000, 20
0, 12000, 116, 214, 204, 8706284, 7374151, 0.4, 50, 100, 19, 644, 5000, 20
0, 12000, 119, 228, 208, 8848629, 7482782, 0.4, 50, 100, 19, 606, 5000, 20
0, 12000, 97, 209, 187, 8984569, 7467654, 0.4, 50, 100, 19, 643, 5000, 20
0, 12000, 91, 201, 170, 8576619, 7421157, 0.4, 50, 100, 19, 612, 5000, 20
0, 12000, 78, 199, 151, 8811418, 7256133, 0.4, 50, 100, 19, 635, 5000, 20
0, 12000, 103, 204, 193, 8473881, 7236762, 0.4, 50, 100, 19, 636, 5000, 20
0, 12000, 102, 217, 195, 8948476, 7353893, 0.4, 50, 100, 19, 642, 5000, 20
0, 12000, 93, 198, 173, 8574543, 7471344, 0.4, 50, 100, 19, 756, 5000, 20
0, 12000, 103, 213, 178, 8795387, 7593560, 0.4, 50, 100, 19, 738, 5000, 20
0, 12000, 93, 205, 179, 8668348, 7194969, 0.4, 50, 100, 19, 565, 5000, 20
0, 12000, 122, 233, 191, 8669118, 7265629, 0.4, 50, 100, 19, 631, 5000, 20
0, 12000, 98, 197, 168, 8508609, 7239425, 0.4, 50, 100, 19, 692, 5000, 20
0, 12000, 105, 224, 195, 8965612, 7369305, 0.4, 50, 100, 19, 651, 5000, 20
0, 12000, 112, 211, 193, 8773679, 7444650, 0.4, 50, 100, 19, 763, 5000, 20
0, 12000, 107, 208, 178, 8751047, 7411357, 0.4, 50, 100, 19, 644, 5000, 20
0, 12000, 102, 224, 189, 8658169, 7214556, 0.4, 50, 100, 19, 721, 5000, 20
0, 12000, 113, 226, 209, 9014389, 7688953, 0.4, 50, 100, 19, 1048, 5000, 20
0, 12000, 105, 226, 213, 8662899, 7341875, 0.4, 50, 100, 19, 687, 5000, 20
0, 12000, 96, 218, 178, 8543790, 7134753, 0.4, 50, 100, 19, 645, 5000, 20
0, 12000, 118, 228, 196, 8599893, 7255507, 0.4, 50, 100, 19, 820, 5000, 20
0, 12000, 104, 208, 186, 8756490, 7337260, 0.4, 50, 100, 19, 747, 5000, 20
0, 12000, 117, 213, 193, 8619291, 7239625, 0.4, 50, 100, 19, 602, 5000, 20
0, 12000, 99, 202, 175, 8735095, 7363616, 0.4, 50, 100, 19, 771, 5000, 20
0, 12000, 112, 201, 177, 8644650, 7299496, 0.4, 50, 100, 19, 607, 5000, 20
0, 12000, 99, 182, 186, 8760575, 7420906, 0.4, 50, 100, 19, 698, 5000, 20
0, 12000, 97, 203, 184, 8746496, 7450323, 0.4, 50, 100, 19, 594, 5000, 20
0, 12000, 101, 219, 176, 8486866, 7186046, 0.4, 50, 100, 19, 658, 5000, 20
0, 12000, 111, 228, 193, 8602201, 7162316, 0.4, 50, 100, 19, 584, 5000, 20
0, 12000, 102, 219, 175, 8586152, 7261196, 0.4, 50, 100, 19, 596, 5000, 20
0, 12000, 98, 216, 194, 8739302, 7412514, 0.4, 50, 100, 19, 653, 5000, 20
0, 12000, 94, 215, 203, 8871824, 7498387, 0.4, 50, 100, 19, 678, 5000, 20
0, 12000, 111, 235, 204, 8411116, 7040054, 0.4, 50, 100, 19, 660, 5000, 20
0, 12000, 103, 228, 194, 8632596, 7370916, 0.4, 50, 100, 19, 701, 5000, 20
0, 12000, 110, 222, 198, 8926592, 7527675, 0.4, 50, 100, 19, 726, 5000, 20
0, 12000, 96, 213, 182, 8560554, 7053765, 0.4, 50, 100, 19, 698, 5000, 20
0, 12000, 116, 232, 206, 8457347, 7400889, 0.4, 50, 100, 19, 648, 5000, 20
0, 12000, 98, 210, 194, 8469208, 7233197, 0.4, 50, 100, 19, 592, 5000, 20
0, 12000, 107, 209, 199, 8589733, 7166790, 0.4, 50, 100, 19, 951, 5000, 20
0, 12000, 114, 222, 181, 8505828, 7374289, 0.4, 50, 100, 19, 638, 5000, 20
0, 12000, 99, 224, 204, 8729875, 7293824, 0.4, 50, 100, 19, 911, 5000, 20
0, 12000, 91, 221, 172, 8773107, 7506193, 0.4, 50, 100, 19, 558, 5000, 20
0, 12000, 110, 239, 209, 8868913, 7409663, 0.4, 50, 100, 19, 655, 5000, 20
0, 12000, 105, 234, 202, 8664527, 7448475, 0.4, 50, 100, 19, 754, 5000, 20
0, 12000, 90, 205, 174, 8635034, 7220176, 0.4, 50, 100, 19, 539, 5000, 20
0, 12000, 109, 220, 205, 8472075, 7231686, 0.4, 50, 100, 19, 676, 5000, 20
0, 12000, 97, 188, 170, 8712595, 7389069, 0.4, 50, 100, 19, 690, 5000, 20
0, 12000, 91, 221, 179, 8675796, 7378400, 0.4, 50, 100, 19, 876, 5000, 20
0, 12000, 90, 208, 184, 8742805, 7408693, 0.4, 50, 100, 19, 554, 5000, 20
0, 12000, 110, 224, 193, 8208826, 7448835, 0.4, 50, 100, 19, 706, 5000, 20
0, 12000, 106, 203, 176, 8630688, 7380129, 0.4, 50, 100, 19, 688, 5000, 20
0, 12000, 107, 214, 175, 8714244, 7316268, 0.4, 50, 100, 19, 553, 5000, 20
0, 12000, 90, 204, 189, 8581323, 7158278, 0.4, 50, 100, 19, 691, 5000, 20
0, 12000, 96, 231, 197, 8458119, 6981848, 0.4, 50, 100, 19, 660, 5000, 20
0, 12000, 103, 211, 198, 8818782, 7246844, 0.4, 50, 100, 19, 625, 5000, 20
0, 12000, 107, 229, 189, 8478691, 7155389, 0.4, 50, 100, 19, 581, 5000, 20
0, 12000, 112, 234, 205, 8640175, 7187656, 0.4, 50, 100, 19, 699, 5000, 20
0, 12000, 112, 223, 177, 8779279, 7193411, 0.4, 50, 100, 19, 834, 5000, 20
0, 12000, 100, 213, 198, 8602967, 7321961, 0.4, 50, 100, 19, 689, 5000, 20
0, 12000, 102, 213, 183, 8652511, 7486841, 0.4, 50, 100, 19, 699, 5000, 20
0, 12000, 96, 216, 189, 8472967, 7277622, 0.4, 50, 100, 19, 688, 5000, 20
0, 12000, 102, 217, 188, 8755689, 7460755, 0.4, 50, 100, 19, 660, 5000, 20
0, 12000, 117, 228, 201, 9444063, 7975402, 0.4, 50, 100, 21, 684, 5000, 20
0, 12000, 105, 221, 195, 9659949, 8239338, 0.4, 50, 100, 21, 745, 5000, 20
0, 12000, 106, 212, 196, 9619511, 8165504, 0.4, 50, 100, 21, 757, 5000, 20
0, 12000, 93, 209, 164, 8726025, 7481027, 0.4, 50, 100, 19, 841, 5000, 20
0, 12000, 113, 207, 194, 9586360, 8211099, 0.4, 50, 100, 21, 728, 5000, 20
0, 12000, 93, 216, 183, 8531128, 7258977, 0.4, 50, 100, 19, 849, 5000, 20
0, 12000, 115, 211, 190, 9559666, 8229448, 0.4, 50, 100, 21, 830, 5000, 20
0, 12000, 94, 192, 181, 9533409, 8214492, 0.4, 50, 100, 21, 745, 5000, 20
0, 12000, 118, 227, 198, 9599201, 8199243, 0.4, 50, 100, 21, 794, 5000, 20
0, 12000, 104, 221, 194, 9301477, 7886188, 0.4, 50, 100, 21, 706, 5000, 20
0, 12000, 99, 209, 177, 9811484, 8217709, 0.4, 50, 100, 21, 833, 5000, 20
0, 12000, 86, 190, 163, 9480807, 7899858, 0.4, 50, 100, 21, 751, 5000, 20
0, 12000, 92, 206, 171, 9998371, 8326272, 0.4, 50, 100, 21, 943, 5000, 20
0, 12000, 108, 216, 196, 9535448, 7999658, 0.4, 50, 100, 21, 922, 5000, 20
0, 12000, 98, 198, 169, 9477483, 7986785, 0.4, 50, 100, 21, 809, 5000, 20
0, 12000, 99, 203, 175, 9626955, 8206352, 0.4, 50, 100, 21, 1013, 5000, 20
0, 12000, 94, 217, 176, 9401646, 8153440, 0.4, 50, 100, 21, 725, 5000, 20
0, 12000, 95, 203, 197, 9414916, 8170334, 0.4, 50, 100, 21, 689, 5000, 20
0, 12000, 109, 221, 200, 9631579, 8118767, 0.4, 50, 100, 21, 794, 5000, 20
0, 12000, 104, 206, 188, 9430573, 8070224, 0.4, 50, 100, 21, 805, 5000, 20
0, 12000, 94, 207, 185, 9490137, 7869163, 0.4, 50, 100, 21, 796, 5000, 20
0, 12000, 92, 196, 164, 9969016, 8424503, 0.4, 50, 100, 21, 727, 5000, 20
0, 12000, 103, 220, 181, 9842199, 8186800, 0.4, 50, 100, 21, 700, 5000, 20
0, 12000, 96, 195, 191, 9512085, 8367804, 0.4, 50, 100, 21, 699, 5000, 20
0, 12000, 103, 206, 185, 9710099, 8291594, 0.4, 50, 100, 21, 686, 5000, 20
0, 12000, 99, 221, 189, 9591891, 8119961, 0.4, 50, 100, 21, 693, 5000, 20
0, 12000, 99, 215, 184, 9603950, 8352541, 0.4, 50, 100, 21, 681, 5000, 20
0, 12000, 113, 215, 197, 9595871, 8216122, 0.4, 50, 100, 21, 829, 5000, 20
0, 12000, 109, 225, 216, 9289729, 7938238, 0.4, 50, 100, 21, 677, 5000, 20
0, 12000, 93, 209, 192, 9902328, 8281018, 0.4, 50, 100, 21, 660, 5000, 20
0, 12000, 115, 221, 184, 9502102, 8171389, 0.4, 50, 100, 21, 1058, 5000, 20
0, 12000, 93, 202, 171, 9639557, 8213982, 0.4, 50, 100, 21, 689, 5000, 20
0, 12000, 103, 207, 175, 9390074, 7899172, 0.4, 50, 100, 21, 889, 5000, 20
0, 12000, 93, 208, 166, 9457806, 8293598, 0.4, 50, 100, 21, 899, 5000, 20
0, 12000, 93, 214, 188, 9565339, 8195974, 0.4, 50, 100, 21, 708, 5000, 20
0, 12000, 111, 205, 192, 9417068, 8010106, 0.4, 50, 100, 21, 721, 5000, 20
0, 12000, 93, 199, 169, 9579853, 8050262, 0.4, 50, 100, 21, 688, 5000, 20
0, 12000, 88, 184, 175, 9681056, 8298321, 0.4, 50, 100, 21, 861, 5000, 20
0, 12000, 117, 235, 196, 9232494, 7680834, 0.4, 50, 100, 21, 789, 5000, 20
0, 12000, 94, 199, 188, 9425263, 8094034, 0.4, 50, 100, 21, 808, 5000, 20
0, 12000, 99, 202, 172, 9739849, 8180318, 0.4, 50, 100, 21, 875, 5000, 20
0, 12000, 94, 207, 168, 9564553, 8104205, 0.4, 50, 100, 21, 739, 5000, 20
0, 12000, 103, 220, 180, 9388431, 7866906, 0.4, 50, 100, 21, 685, 5000, 20
0, 12000, 107, 214, 187, 9348873, 7868504, 0.4, 50, 100, 21, 852, 5000, 20
0, 12000, 101, 223, 197, 9669377, 8201965, 0.4, 50, 100, 21, 836, 5000, 20
0, 12000, 107, 228, 199, 9192585, 7875672, 0.4, 50, 100, 21, 1160, 5000, 20
0, 12000, 101, 218, 195, 9197765, 8053818, 0.4, 50, 100, 21, 1057, 5000, 20
0, 12000, 123, 215, 185, 9445953, 8184515, 0.4, 50, 100, 21, 676, 5000, 20
0, 12000, 91, 218, 173, 9482869, 7912288, 0.4, 50, 100, 21, 668, 5000, 20
0, 12000, 117, 222, 195, 9267304, 8147402, 0.4, 50, 100, 21, 695, 5000, 20
0, 12000, 101, 212, 172, 9452094, 8064751, 0.4, 50, 100, 21, 756, 5000, 20
0, 12000, 111, 229, 190, 9841293, 8196948, 0.4, 50, 100, 21, 768, 5000, 20
0, 12000, 100, 220, 174, 9808209, 8290069, 0.4, 50, 100, 21, 676, 5000, 20
0, 12000, 107, 206, 185, 9664394, 8216264, 0.4, 50, 100, 21, 722, 5000, 20
0, 12000, 101, 206, 166, 9605687, 8269818, 0.4, 50, 100, 21, 799, 5000, 20
0, 12000, 102, 215, 177, 9663074, 8072481, 0.4, 50, 100, 21, 775, 5000, 20
0, 12000, 109, 218, 182, 9801635, 8150502, 0.4, 50, 100, 21, 828, 5000, 20
0, 12000, 112, 220, 192, 9482889, 8192019, 0.4, 50, 100, 21, 701, 5000, 20
0, 12000, 102, 199, 177, 9428960, 8107929, 0.4, 50, 100, 21, 990, 5000, 20
0, 12000, 114, 229, 190, 9715755, 8263580, 0.4, 50, 100, 21, 713, 5000, 20
0, 12000, 100, 218, 205, 9581297, 8219447, 0.4, 50, 100, 21, 943, 5000, 20
0, 12000, 99, 201, 176, 9642435, 8298762, 0.4, 50, 100, 21, 667, 5000, 20
0, 12000, 96, 184, 171, 9907836, 8445291, 0.4, 50, 100, 21, 663, 5000, 20
0, 12000, 103, 207, 198, 9653517, 8266943, 0.4, 50, 100, 21, 829, 5000, 20
0, 12000, 93, 189, 162, 9625175, 8142731, 0.4, 50, 100, 21, 801, 5000, 20
0, 12000, 96, 213, 194, 9607305, 8017347, 0.4, 50, 100, 21, 843, 5000, 20
0, 12000, 107, 230, 181, 9514849, 7903158, 0.4, 50, 100, 21, 860, 5000, 20
0, 12000, 120, 226, 190, 9535905, 8070251, 0.4, 50, 100, 21, 917, 5000, 20
0, 12000, 95, 214, 183, 9544062, 8145236, 0.4, 50, 100, 21, 677, 5000, 20
0, 12000, 108, 207, 180, 9528978, 8068769, 0.4, 50, 100, 21, 745, 5000, 20
0, 12000, 93, 206, 173, 9630035, 8139025, 0.4, 50, 100, 21, 838, 5000, 20
0, 12000, 92, 222, 182, 9989756, 8283276, 0.4, 50, 100, 21, 707, 5000, 20
0, 12000, 115, 228, 191, 9659880, 8213151, 0.4, 50, 100, 21, 733, 5000, 20
0, 12000, 107, 221, 186, 9512799, 8242510, 0.4, 50, 100, 21, 748, 5000, 20
0, 12000, 99, 209, 182, 9534635, 8365385, 0.4, 50, 100, 21, 872, 5000, 20
0, 12000, 82, 204, 181, 9767960, 8042332, 0.4, 50, 100, 21, 689, 5000, 20
0, 12000, 104, 193, 196, 9489768, 8232258, 0.4, 50, 100, 21, 674, 5000, 20
0, 12000, 107, 238, 201, 9416813, 7950109, 0.4, 50, 100, 21, 759, 5000, 20
0, 12000, 108, 228, 190, 9843303, 7984477, 0.4, 50, 100, 21, 740, 5000, 20
0, 12000, 106, 219, 189, 9654961, 8107076, 0.4, 50, 100, 21, 765, 5000, 20
0, 12000, 91, 213, 176, 9516260, 8068747, 0.4, 50, 100, 21, 734, 5000, 20
0, 12000, 95, 217, 184, 9578549, 8221501, 0.4, 50, 100, 21, 701, 5000, 20
0, 12000, 100, 197, 168, 9586284, 8247598, 0.4, 50, 100, 21, 710, 5000, 20
0, 12000, 106, 215, 202, 9649336, 8307835, 0.4, 50, 100, 21, 1018, 5000, 20
0, 12000, 92, 221, 167, 9778093, 8319791, 0.4, 50, 100, 21, 728, 5000, 20
0, 12000, 91, 191, 176, 9888691, 8336824, 0.4, 50, 100, 21, 867, 5000, 20
0, 12000, 93, 199, 184, 9505624, 8059627, 0.4, 50, 100, 21, 719, 5000, 20
0, 12000, 119, 230, 208, 9436107, 8098040, 0.4, 50, 100, 21, 706, 5000, 20
0, 12000, 118, 217, 191, 9779067, 8268101, 0.4, 50, 100, 21, 785, 5000, 20
0, 12000, 110, 216, 181, 9658428, 8193777, 0.4, 50, 100, 21, 788, 5000, 20
0, 12000, 104, 193, 170, 9709297, 8140237, 0.4, 50, 100, 21, 678, 5000, 20
0, 12000, 97, 204, 193, 9283827, 7991547, 0.4, 50, 100, 21, 837, 5000, 20
0, 12000, 105, 221, 186, 9830866, 8230859, 0.4, 50, 100, 21, 980, 5000, 20
0, 12000, 115, 217, 182, 9530440, 8331498, 0.4, 50, 100, 21, 887, 5000, 20
0, 12000, 102, 201, 170, 9601784, 8053415, 0.4, 50, 100, 21, 996, 5000, 20
0, 12000, 102, 219, 203, 9643860, 8199921, 0.4, 50, 100, 21, 709, 5000, 20
0, 12000, 84, 193, 155, 9764086, 8032219, 0.4, 50, 100, 21, 712, 5000, 20
0, 12000, 108, 197, 188, 9457525, 8234931, 0.4, 50, 100, 21, 844, 5000, 20
0, 12000, 105, 211, 172, 9355409, 8153424, 0.4, 50, 100, 21, 888, 5000, 20
0, 12000, 93, 217, 190, 9411665, 8072296, 0.4, 50, 100, 21, 844, 5000, 20
0, 12000, 105, 216, 189, 9685012, 8142256, 0.4, 50, 100, 21, 952, 5000, 20
0, 12000, 100, 202, 185, 9845581, 8546940, 0.4, 50, 100, 21, 864, 5000, 20
0, 12000, 100, 226, 184, 13977658, 11704496, 0.4, 50, 100, 30, 1522, 5000, 20
0, 12000, 104, 198, 173, 13757644, 11472037, 0.4, 50, 100, 30, 1465, 5000, 20
0, 12000, 106, 209, 183, 13610310, 11521046, 0.4, 50, 100, 30, 1740, 5000, 20
0, 12000, 104, 204, 180, 13771980, 11609317, 0.4, 50, 100, 30, 1493, 5000, 20
0, 12000, 112, 227, 196, 13808285, 11664425, 0.4, 50, 100, 30, 1555, 5000, 20
0, 12000, 95, 194, 183, 13881785, 11675783, 0.4, 50, 100, 30, 1866, 5000, 20
0, 12000, 98, 200, 164, 13682945, 11575329, 0.4, 50, 100, 30, 1456, 5000, 20
0, 12000, 117, 217, 209, 13241030, 11306596, 0.4, 50, 100, 30, 1809, 5000, 20
0, 12000, 101, 197, 194, 13504120, 11506186, 0.4, 50, 100, 30, 1497, 5000, 20
0, 12000, 103, 235, 195, 13631310, 11575101, 0.4, 50, 100, 30, 1644, 5000, 20
0, 12000, 90, 206, 175, 13554102, 11465866, 0.4, 50, 100, 30, 1519, 5000, 20
0, 12000, 75, 172, 144, 13838928, 11727744, 0.4, 50, 100, 30, 1770, 5000, 20
0, 12000, 101, 189, 179, 13738317, 11830153, 0.4, 50, 100, 30, 1796, 5000, 20
0, 12000, 96, 219, 183, 13855317, 11751622, 0.4, 50, 100, 30, 1470, 5000, 20
0, 12000, 107, 208, 182, 13853655, 11850772, 0.4, 50, 100, 30, 1602, 5000, 20
0, 12000, 90, 199, 157, 14042190, 11796430, 0.4, 50, 100, 30, 1567, 5000, 20
0, 12000, 118, 224, 194, 13834124, 11689017, 0.4, 50, 100, 30, 1761, 5000, 20
0, 12000, 97, 188, 172, 13660467, 11821286, 0.4, 50, 100, 30, 1764, 5000, 20
0, 12000, 103, 209, 196, 13667519, 11772988, 0.4, 50, 100, 30, 1474, 5000, 20
0, 12000, 99, 208, 170, 13794829, 11539228, 0.4, 50, 100, 30, 2228, 5000, 20
0, 12000, 96, 221, 188, 13864193, 11746670, 0.4, 50, 100, 30, 1864, 5000, 20
0, 12000, 76, 180, 138, 13737112, 11738576, 0.4, 50, 100, 30, 1878, 5000, 20
0, 12000, 105, 226, 181, 13637285, 11625837, 0.4, 50, 100, 30, 2087, 5000, 20
0, 12000, 99, 224, 189, 13863982, 11656652, 0.4, 50, 100, 30, 1695, 5000, 20
0, 12000, 101, 214, 181, 13839053, 11584394, 0.4, 50, 100, 30, 2032, 5000, 20
0, 12000, 91, 202, 170, 13892973, 11961546, 0.4, 50, 100, 30, 2024, 5000, 20
0, 12000, 103, 203, 194, 13717684, 11693986, 0.4, 50, 100, 30, 1863, 5000, 20
0, 12000, 105, 227, 174, 13575507, 11292521, 0.4, 50, 100, 30, 2218, 5000, 20
0, 12000, 106, 223, 204, 13692251, 11631508, 0.4, 50, 100, 30, 1890, 5000, 20
0, 12000, 96, 203, 166, 13739762, 11728651, 0.4, 50, 100, 30, 2603, 5000, 20
0, 12000, 125, 221, 206, 13883689, 11652774, 0.4, 50, 100, 30, 2866, 5000, 20
0, 12000, 92, 185, 178, 13730286, 11925991, 0.4, 50, 100, 30, 1748, 5000, 20
0, 12000, 92, 201, 186, 13777845, 11861677, 0.4, 50, 100, 30, 1495, 5000, 20
0, 12000, 102, 222, 203, 13915118, 11970116, 0.4, 50, 100, 30, 1557, 5000, 20
0, 12000, 88, 197, 182, 13972879, 11846632, 0.4, 50, 100, 30, 1566, 5000, 20
0, 12000, 98, 207, 179, 14139705, 12085105, 0.4, 50, 100, 30, 1941, 5000, 20
0, 12000, 110, 214, 189, 13572960, 11396194, 0.4, 50, 100, 30, 1766, 5000, 20
0, 12000, 117, 225, 194, 13829382, 11855131, 0.4, 50, 100, 30, 1626, 5000, 20
0, 12000, 97, 209, 183, 13828699, 11754380, 0.4, 50, 100, 30, 1622, 5000, 20
0, 12000, 105, 199, 174, 13823556, 11726693, 0.4, 50, 100, 30, 1969, 5000, 20
0, 12000, 91, 200, 168, 13709164, 11753004, 0.4, 50, 100, 30, 1870, 5000, 20
0, 12000, 101, 214, 182, 13863275, 11605629, 0.4, 50, 100, 30, 1592, 5000, 20
0, 12000, 113, 232, 202, 14040574, 12017547, 0.4, 50, 100, 30, 1715, 5000, 20
0, 12000, 93, 195, 166, 13734354, 11492507, 0.4, 50, 100, 30, 1845, 5000, 20
0, 12000, 98, 191, 176, 13783639, 11837163, 0.4, 50, 100, 30, 2057, 5000, 20
0, 12000, 96, 220, 170, 13870954, 11759578, 0.4, 50, 100, 30, 1538, 5000, 20
0, 12000, 80, 181, 174, 13741530, 11637186, 0.4, 50, 100, 30, 1632, 5000, 20
0, 12000, 101, 194, 172, 13775713, 12106184, 0.4, 50, 100, 30, 1979, 5000, 20
0, 12000, 99, 213, 197, 13555225, 11446858, 0.4, 50, 100, 30, 2267, 5000, 20
0, 12000, 102, 200, 189, 13714535, 11523838, 0.4, 50, 100, 30, 1867, 5000, 20
0, 12000, 103, 228, 190, 13803130, 11689631, 0.4, 50, 100, 30, 1821, 5000, 20
0, 12000, 99, 221, 180, 13456261, 11467347, 0.4, 50, 100, 30, 1498, 5000, 20
0, 12000, 109, 205, 193, 13740413, 11481559, 0.4, 50, 100, 30, 1510, 5000, 20
0, 12000, 110, 214, 184, 13851806, 12060655, 0.4, 50, 100, 30, 1954, 5000, 20
0, 12000, 93, 198, 150, 14057653, 11810092, 0.4, 50, 100, 30, 1583, 5000, 20
0, 12000, 72, 165, 153, 13484985, 11551637, 0.4, 50, 100, 30, 2162, 5000, 20
0, 12000, 107, 208, 183, 13681643, 11558964, 0.4, 50, 100, 30, 2053, 5000, 20
0, 12000, 102, 229, 194, 13945896, 12007146, 0.4, 50, 100, 30, 1924, 5000, 20
0, 12000, 109, 225, 186, 13242398, 11512079, 0.4, 50, 100, 30, 2132, 5000, 20
0, 12000, 94, 219, 175, 13931240, 11877820, 0.4, 50, 100, 30, 2313, 5000, 20
0, 12000, 95, 201, 174, 14259138, 11947414, 0.4, 50, 100, 30, 1551, 5000, 20
0, 12000, 107, 229, 184, 13508299, 11718808, 0.4, 50, 100, 30, 1569, 5000, 20
0, 12000, 107, 212, 180, 13476435, 11650103, 0.4, 50, 100, 30, 1828, 5000, 20
0, 12000, 96, 211, 179, 13659545, 11504160, 0.4, 50, 100, 30, 2974, 5000, 20
0, 12000, 105, 228, 178, 13791754, 11543123, 0.4, 50, 100, 30, 2017, 5000, 20
0, 12000, 105, 208, 180, 13999708, 12019803, 0.4, 50, 100, 30, 1491, 5000, 20
0, 12000, 109, 211, 203, 13749281, 11678601, 0.4, 50, 100, 30, 1906, 5000, 20
0, 12000, 104, 230, 195, 13831306, 11755900, 0.4, 50, 100, 30, 2488, 5000, 20
0, 12000, 102, 223, 183, 13924958, 11897092, 0.4, 50, 100, 30, 1921, 5000, 20
0, 12000, 100, 216, 184, 13976078, 11592483, 0.4, 50, 100, 30, 1443, 5000, 20
0, 12000, 111, 212, 198, 13914721, 11753573, 0.4, 50, 100, 30, 2266, 5000, 20
0, 12000, 115, 234, 195, 13483665, 11481479, 0.4, 50, 100, 30, 1588, 5000, 20
0, 12000, 99, 219, 187, 13614398, 11621490, 0.4, 50, 100, 30, 1590, 5000, 20
0, 12000, 114, 233, 211, 13755218, 11566482, 0.4, 50, 100, 30, 1648, 5000, 20
0, 12000, 107, 211, 186, 13589543, 11488320, 0.4, 50, 100, 30, 2414, 5000, 20
0, 12000, 102, 221, 186, 13815809, 11317973, 0.4, 50, 100, 30, 1740, 5000, 20
0, 12000, 88, 198, 154, 13775474, 11491227, 0.4, 50, 100, 30, 2063, 5000, 20
0, 12000, 103, 215, 176, 13655987, 11869531, 0.4, 50, 100, 30, 1498, 5000, 20
0, 12000, 98, 221, 177, 13744712, 11561101, 0.4, 50, 100, 30, 1899, 5000, 20
0, 12000, 97, 215, 176, 13734490, 11355709, 0.4, 50, 100, 30, 1806, 5000, 20
0, 12000, 94, 214, 181, 13488593, 11287351, 0.4, 50, 100, 30, 2083, 5000, 20
0, 12000, 112, 224, 185, 13751850, 11471428, 0.4, 50, 100, 30, 1670, 5000, 20
0, 12000, 92, 182, 164, 13526790, 11500294, 0.4, 50, 100, 30, 2042, 5000, 20
0, 12000, 102, 209, 194, 13822545, 11889399, 0.4, 50, 100, 30, 1722, 5000, 20
0, 12000, 95, 197, 188, 13650047, 11899458, 0.4, 50, 100, 30, 1963, 5000, 20
0, 12000, 105, 204, 181, 13913687, 11599847, 0.4, 50, 100, 30, 2668, 5000, 20
0, 12000, 87, 205, 171, 13714729, 11657561, 0.4, 50, 100, 30, 2500, 5000, 20
0, 12000, 106, 208, 191, 13680610, 11810558, 0.4, 50, 100, 30, 2062, 5000, 20
0, 12000, 103, 226, 200, 13416047, 11348575, 0.4, 50, 100, 30, 1895, 5000, 20
0, 12000, 117, 216, 197, 14018098, 11501111, 0.4, 50, 100, 30, 1651, 5000, 20
0, 12000, 101, 205, 179, 13689409, 11767039, 0.4, 50, 100, 30, 1320, 5000, 20
0, 12000, 110, 215, 182, 13877089, 11331252, 0.4, 50, 100, 30, 1745, 5000, 20
0, 12000, 103, 210, 189, 13631559, 11674552, 0.4, 50, 100, 30, 1424, 5000, 20
0, 12000, 100, 222, 191, 14005375, 11788953, 0.4, 50, 100, 30, 1136, 5000, 20
0, 12000, 107, 214, 196, 13400114, 11184438, 0.4, 50, 100, 30, 1142, 5000, 20
0, 12000, 97, 206, 186, 13549629, 11531345, 0.4, 50, 100, 30, 1258, 5000, 20
0, 12000, 100, 208, 171, 13907529, 11847778, 0.4, 50, 100, 30, 1314, 5000, 20
0, 12000, 102, 198, 184, 13773504, 11777790, 0.4, 50, 100, 30, 1470, 5000, 20
0, 12000, 115, 227, 197, 14253836, 11992425, 0.4, 50, 100, 30, 1097, 5000, 20
0, 12000, 104, 217, 194, 13809476, 11531296, 0.4, 50, 100, 30, 1420, 5000, 20
