win,ticks_elapsed,atk_start_h,pub_h,priv_h,pub_cw,priv_cw,atk_q,block_target,daa2_n_blocks,n_chains,ms_elapsed,atk_start_t,doublespend_after_n_confs
1, 10955, 93, 98, 99, 944910, 953453, 0.48, 100, 100, 1, 8, 10000, 5
1, 10577, 90, 95, 95, 890174, 890399, 0.48, 100, 100, 1, 7, 10000, 5
1, 11252, 95, 100, 103, 931340, 957579, 0.48, 100, 100, 1, 8, 10000, 5
1, 10829, 88, 93, 93, 898161, 898549, 0.48, 100, 100, 1, 8, 10000, 5
1, 11178, 91, 97, 98, 1331163, 1342525, 0.48, 100, 100, 1, 9, 10000, 5
1, 11368, 108, 113, 114, 1089755, 1098611, 0.48, 100, 100, 1, 9, 10000, 5
1, 11136, 88, 93, 96, 1023736, 1054569, 0.48, 100, 100, 1, 8, 10000, 5
1, 12036, 107, 118, 119, 1318746, 1328566, 0.48, 100, 100, 1, 10, 10000, 5
1, 11256, 92, 97, 99, 995857, 1016256, 0.48, 100, 100, 1, 9, 10000, 5
1, 10683, 104, 109, 110, 1138322, 1150808, 0.48, 100, 100, 1, 8, 10000, 5
1, 11086, 102, 107, 108, 986262, 995207, 0.48, 100, 100, 1, 9, 10000, 5
0, 13500, 91, 125, 111, 1089385, 970525, 0.48, 100, 100, 1, 14, 10000, 5
1, 10589, 106, 111, 111, 1002555, 1003183, 0.48, 100, 100, 1, 8, 10000, 5
1, 10998, 105, 111, 112, 1000698, 1009041, 0.48, 100, 100, 1, 9, 10000, 5
0, 13500, 97, 117, 110, 1179842, 1113281, 0.48, 100, 100, 1, 13, 10000, 5
0, 13500, 88, 120, 114, 1064236, 1012107, 0.48, 100, 100, 1, 14, 10000, 5
1, 11274, 102, 107, 108, 947865, 957036, 0.48, 100, 100, 1, 9, 10000, 5
1, 11372, 121, 126, 128, 1116294, 1138304, 0.48, 100, 100, 1, 10, 10000, 5
1, 11136, 98, 103, 104, 980622, 987887, 0.48, 100, 100, 1, 9, 10000, 5
1, 10664, 100, 105, 106, 858556, 866621, 0.48, 100, 100, 1, 8, 10000, 5
1, 10854, 105, 111, 112, 1048629, 1057863, 0.48, 100, 100, 1, 9, 10000, 5
1, 11989, 104, 114, 115, 966639, 974159, 0.48, 100, 100, 1, 11, 10000, 5
1, 10803, 113, 118, 118, 1030096, 1031051, 0.48, 100, 100, 1, 9, 10000, 5
0, 13500, 116, 136, 134, 1152355, 1118462, 0.48, 100, 100, 1, 15, 10000, 5
0, 13500, 91, 107, 99, 1138993, 1065190, 0.48, 100, 100, 1, 14, 10000, 5
1, 12086, 90, 104, 105, 930629, 936756, 0.48, 100, 100, 1, 11, 10000, 5
0, 13500, 95, 121, 112, 1277703, 1182196, 0.48, 100, 100, 1, 14, 10000, 5
1, 11477, 96, 101, 103, 1135201, 1157355, 0.48, 100, 100, 1, 9, 10000, 5
1, 10513, 116, 121, 122, 915942, 926750, 0.48, 100, 100, 1, 9, 10000, 5
1, 11041, 100, 105, 106, 1116508, 1127723, 0.48, 100, 100, 1, 9, 10000, 5
1, 12327, 103, 116, 117, 1077515, 1082763, 0.48, 100, 100, 1, 11, 10000, 5
0, 13500, 122, 142, 132, 1396049, 1258076, 0.48, 100, 100, 1, 14, 10000, 5
1, 11277, 116, 121, 121, 1147464, 1148564, 0.48, 100, 100, 1, 9, 10000, 5
0, 13500, 97, 116, 108, 1367364, 1272968, 0.48, 100, 100, 1, 16, 10000, 5
1, 11363, 103, 108, 109, 1232326, 1241941, 0.48, 100, 100, 1, 10, 10000, 5
0, 13500, 113, 132, 125, 1247579, 1175603, 0.48, 100, 100, 1, 14, 10000, 5
1, 12242, 109, 114, 119, 1169593, 1224753, 0.48, 100, 100, 1, 12, 10000, 5
1, 11681, 97, 102, 109, 922056, 984636, 0.48, 100, 100, 1, 11, 10000, 5
1, 11727, 100, 105, 112, 1073809, 1144560, 0.48, 100, 100, 1, 10, 10000, 5
1, 11019, 109, 115, 116, 953505, 962126, 0.48, 100, 100, 1, 9, 10000, 5
1, 10936, 97, 102, 103, 1121986, 1131776, 0.48, 100, 100, 1, 9, 10000, 5
1, 11273, 115, 120, 121, 1066805, 1077025, 0.48, 100, 100, 1, 9, 10000, 5
0, 13500, 86, 98, 95, 1533311, 1477071, 0.48, 100, 100, 1, 13, 10000, 5
0, 13500, 101, 126, 120, 1142255, 1071033, 0.48, 100, 100, 1, 14, 10000, 5
1, 11287, 89, 94, 95, 1062205, 1071146, 0.48, 100, 100, 1, 10, 10000, 5
0, 13500, 88, 102, 99, 1385974, 1350253, 0.48, 100, 100, 1, 13, 10000, 5
1, 12211, 104, 112, 113, 980121, 985905, 0.48, 100, 100, 1, 12, 10000, 5
0, 13500, 108, 137, 120, 1156634, 1000998, 0.48, 100, 100, 1, 14, 10000, 5
1, 12913, 108, 124, 126, 1148751, 1156356, 0.48, 100, 100, 1, 13, 10000, 5
1, 10923, 94, 99, 105, 892637, 945400, 0.48, 100, 100, 1, 9, 10000, 5
1, 12160, 112, 117, 125, 1029084, 1113302, 0.48, 100, 100, 1, 12, 10000, 5
1, 11588, 109, 115, 116, 1138684, 1147070, 0.48, 100, 100, 1, 12, 10000, 5
1, 11394, 114, 122, 123, 1119999, 1128033, 0.48, 100, 100, 1, 11, 10000, 5
1, 11036, 107, 112, 113, 1087427, 1099353, 0.48, 100, 100, 1, 10, 10000, 5
1, 11486, 112, 117, 119, 1291644, 1319703, 0.48, 100, 100, 1, 10, 10000, 5
0, 13500, 100, 118, 114, 1269201, 1207306, 0.48, 100, 100, 1, 14, 10000, 5
1, 11536, 114, 119, 119, 957637, 959314, 0.48, 100, 100, 1, 11, 10000, 5
1, 12880, 120, 125, 134, 1200354, 1303771, 0.48, 100, 100, 1, 13, 10000, 5
1, 11235, 114, 120, 121, 1305616, 1317135, 0.48, 100, 100, 1, 10, 10000, 5
1, 10529, 125, 130, 131, 948154, 958467, 0.48, 100, 100, 1, 9, 10000, 5
1, 11717, 80, 85, 87, 1161500, 1182081, 0.48, 100, 100, 1, 11, 10000, 5
1, 11796, 97, 106, 107, 1132647, 1139192, 0.48, 100, 100, 1, 11, 10000, 5
1, 11307, 102, 107, 111, 949400, 986302, 0.48, 100, 100, 1, 10, 10000, 5
1, 11120, 88, 93, 93, 1117624, 1118018, 0.48, 100, 100, 1, 10, 10000, 5
1, 10932, 100, 105, 108, 1153160, 1187015, 0.48, 100, 100, 1, 9, 10000, 5
1, 10875, 105, 111, 112, 991309, 999730, 0.48, 100, 100, 1, 9, 10000, 5
1, 11146, 99, 104, 105, 938372, 946583, 0.48, 100, 100, 1, 10, 10000, 5
0, 13500, 95, 116, 109, 1131780, 1066375, 0.48, 100, 100, 1, 16, 10000, 5
1, 11064, 94, 99, 99, 874113, 874543, 0.48, 100, 100, 1, 10, 10000, 5
0, 13500, 117, 139, 131, 1234234, 1140196, 0.48, 100, 100, 1, 15, 10000, 5
1, 10939, 76, 83, 84, 1057850, 1067085, 0.48, 100, 100, 1, 10, 10000, 5
1, 10546, 104, 109, 110, 1114089, 1125822, 0.48, 100, 100, 1, 10, 10000, 5
0, 13500, 110, 134, 121, 1355982, 1206183, 0.48, 100, 100, 1, 15, 10000, 5
1, 10851, 83, 88, 88, 1110102, 1110945, 0.48, 100, 100, 1, 9, 10000, 5
1, 11403, 91, 96, 99, 980765, 1008641, 0.48, 100, 100, 1, 11, 10000, 5
1, 10997, 112, 118, 118, 1022329, 1022518, 0.48, 100, 100, 1, 10, 10000, 5
1, 11707, 84, 89, 90, 1130176, 1139559, 0.48, 100, 100, 1, 11, 10000, 5
1, 11644, 100, 110, 111, 1166366, 1172134, 0.48, 100, 100, 1, 11, 10000, 5
1, 10802, 85, 90, 91, 1086393, 1096767, 0.48, 100, 100, 1, 9, 10000, 5
1, 11605, 103, 108, 108, 1059386, 1059614, 0.48, 100, 100, 1, 11, 10000, 5
1, 11318, 111, 116, 118, 1008885, 1028876, 0.48, 100, 100, 1, 10, 10000, 5
1, 11900, 83, 88, 96, 871167, 936252, 0.48, 100, 100, 1, 11, 10000, 5
1, 12142, 108, 113, 114, 1212837, 1225810, 0.48, 100, 100, 1, 11, 10000, 5
1, 11163, 106, 111, 119, 944325, 1018336, 0.48, 100, 100, 1, 10, 10000, 5
0, 13500, 112, 127, 116, 1342893, 1217297, 0.48, 100, 100, 1, 15, 10000, 5
1, 10737, 87, 92, 92, 947612, 948161, 0.48, 100, 100, 1, 9, 10000, 5
0, 13500, 92, 108, 101, 1433046, 1367789, 0.48, 100, 100, 1, 14, 10000, 5
1, 10668, 85, 90, 91, 844318, 852272, 0.48, 100, 100, 1, 8, 10000, 5
1, 10839, 104, 110, 111, 835187, 842337, 0.48, 100, 100, 1, 8, 10000, 5
1, 10916, 101, 107, 106, 1116655, 1116901, 0.48, 100, 100, 1, 9, 10000, 5
1, 13113, 94, 107, 108, 1254037, 1259157, 0.48, 100, 100, 1, 13, 10000, 5
1, 11012, 92, 97, 99, 864825, 882819, 0.48, 100, 100, 1, 9, 10000, 5
1, 10982, 118, 123, 123, 974780, 975378, 0.48, 100, 100, 1, 9, 10000, 5
1, 11235, 108, 113, 115, 972258, 991555, 0.48, 100, 100, 1, 10, 10000, 5
1, 11721, 101, 106, 112, 1051103, 1108924, 0.48, 100, 100, 1, 10, 10000, 5
0, 13500, 94, 114, 109, 1193603, 1145081, 0.48, 100, 100, 1, 13, 10000, 5
0, 13500, 105, 131, 120, 1129773, 1028541, 0.48, 100, 100, 1, 14, 10000, 5
1, 11050, 104, 109, 111, 967975, 987716, 0.48, 100, 100, 1, 10, 10000, 5
1, 11381, 117, 122, 123, 1218449, 1228965, 0.48, 100, 100, 1, 10, 10000, 5
0, 13500, 102, 129, 120, 1139814, 1068484, 0.48, 100, 100, 1, 14, 10000, 5
1, 12196, 81, 91, 92, 1164308, 1173452, 0.48, 100, 100, 1, 11, 10000, 10
1, 13063, 94, 109, 110, 1175537, 1183878, 0.48, 100, 100, 1, 13, 10000, 10
1, 12445, 115, 125, 128, 951492, 981429, 0.48, 100, 100, 1, 12, 10000, 10
1, 12109, 114, 125, 126, 1126082, 1132597, 0.48, 100, 100, 1, 11, 10000, 10
1, 11928, 107, 117, 117, 1019950, 1020810, 0.48, 100, 100, 1, 11, 10000, 10
1, 11674, 93, 103, 104, 982353, 992414, 0.48, 100, 100, 1, 10, 10000, 10
1, 12938, 102, 112, 117, 1105103, 1152019, 0.48, 100, 100, 1, 15, 10000, 10
1, 13383, 103, 113, 118, 1125805, 1174965, 0.48, 100, 100, 1, 14, 10000, 10
1, 12360, 102, 112, 113, 1019556, 1025206, 0.48, 100, 100, 1, 12, 10000, 10
1, 11450, 104, 114, 115, 1042292, 1054460, 0.48, 100, 100, 1, 10, 10000, 10
1, 14562, 105, 128, 129, 1173508, 1174640, 0.48, 100, 100, 1, 15, 10000, 10
1, 12163, 93, 103, 104, 1178145, 1191750, 0.48, 100, 100, 1, 12, 10000, 10
1, 14522, 102, 131, 133, 1166858, 1172046, 0.48, 100, 100, 1, 16, 10000, 10
0, 17000, 93, 134, 134, 1350736, 1330126, 0.48, 100, 100, 1, 20, 10000, 10
1, 12441, 108, 118, 129, 1011213, 1120392, 0.48, 100, 100, 1, 12, 10000, 10
1, 11885, 95, 110, 111, 1113100, 1118686, 0.48, 100, 100, 1, 11, 10000, 10
1, 13110, 91, 107, 108, 1220168, 1227606, 0.48, 100, 100, 1, 13, 10000, 10
0, 17000, 108, 143, 136, 1449695, 1373571, 0.48, 100, 100, 1, 20, 10000, 10
0, 17000, 98, 144, 138, 1186840, 1124803, 0.48, 100, 100, 1, 21, 10000, 10
1, 12232, 96, 106, 106, 888373, 889323, 0.48, 100, 100, 1, 14, 10000, 10
1, 12149, 106, 116, 123, 1130130, 1211980, 0.48, 100, 100, 1, 12, 10000, 10
1, 12757, 105, 115, 125, 1046874, 1160904, 0.48, 100, 100, 1, 13, 10000, 10
1, 12399, 105, 115, 120, 1050538, 1102033, 0.48, 100, 100, 1, 12, 10000, 10
0, 17000, 96, 142, 138, 1370606, 1320791, 0.48, 100, 100, 1, 21, 10000, 10
1, 11531, 106, 116, 119, 968213, 993760, 0.48, 100, 100, 1, 11, 10000, 10
1, 13207, 107, 118, 118, 1245404, 1245546, 0.48, 100, 100, 1, 14, 10000, 10
1, 11961, 99, 109, 109, 1122926, 1124469, 0.48, 100, 100, 1, 12, 10000, 10
1, 11775, 110, 120, 120, 1086861, 1096189, 0.48, 100, 100, 1, 11, 10000, 10
0, 17000, 93, 148, 140, 1194084, 1115820, 0.48, 100, 100, 1, 22, 10000, 10
0, 17000, 106, 153, 145, 1274335, 1181784, 0.48, 100, 100, 1, 22, 10000, 10
1, 11666, 111, 121, 127, 965469, 1021977, 0.48, 100, 100, 1, 11, 10000, 10
0, 17000, 111, 160, 141, 1398224, 1205655, 0.48, 100, 100, 1, 21, 10000, 10
1, 12124, 113, 126, 128, 1032630, 1040639, 0.48, 100, 100, 1, 12, 10000, 10
0, 17000, 108, 140, 140, 1374243, 1351265, 0.48, 100, 100, 1, 23, 10000, 10
0, 17000, 86, 127, 113, 1388930, 1271444, 0.48, 100, 100, 1, 21, 10000, 10
1, 13319, 103, 122, 123, 1139102, 1141564, 0.48, 100, 100, 1, 12, 10000, 10
1, 11787, 85, 95, 96, 998608, 1007735, 0.48, 100, 100, 1, 11, 10000, 10
1, 11746, 104, 117, 118, 952663, 959607, 0.48, 100, 100, 1, 11, 10000, 10
1, 11878, 98, 108, 110, 1181846, 1202555, 0.48, 100, 100, 1, 11, 10000, 10
1, 12751, 103, 113, 116, 1296089, 1335672, 0.48, 100, 100, 1, 12, 10000, 10
1, 11848, 101, 111, 115, 955714, 990010, 0.48, 100, 100, 1, 11, 10000, 10
0, 17000, 106, 154, 146, 1494510, 1374574, 0.48, 100, 100, 1, 21, 10000, 10
1, 15521, 98, 127, 131, 1210641, 1212436, 0.48, 100, 100, 1, 18, 10000, 10
1, 12399, 97, 107, 108, 1005070, 1013128, 0.48, 100, 100, 1, 12, 10000, 10
1, 12162, 108, 120, 121, 1151809, 1154819, 0.48, 100, 100, 1, 11, 10000, 10
1, 12375, 113, 123, 123, 1096250, 1098776, 0.48, 100, 100, 1, 11, 10000, 10
1, 12263, 107, 117, 121, 1136755, 1180195, 0.48, 100, 100, 1, 12, 10000, 10
0, 17000, 91, 126, 115, 1366175, 1250758, 0.48, 100, 100, 1, 22, 10000, 10
1, 12966, 105, 118, 119, 1150361, 1155635, 0.48, 100, 100, 1, 12, 10000, 10
0, 17000, 109, 154, 147, 1353683, 1287835, 0.48, 100, 100, 1, 20, 10000, 10
1, 12525, 105, 115, 120, 1029614, 1077088, 0.48, 100, 100, 1, 12, 10000, 10
1, 12211, 111, 121, 123, 993211, 1012910, 0.48, 100, 100, 1, 11, 10000, 10
1, 11496, 88, 98, 99, 848504, 854480, 0.48, 100, 100, 1, 10, 10000, 10
1, 12855, 102, 112, 117, 1145577, 1212707, 0.48, 100, 100, 1, 12, 10000, 10
1, 11632, 108, 118, 118, 1047622, 1049889, 0.48, 100, 100, 1, 10, 10000, 10
1, 12506, 100, 110, 116, 1077641, 1133306, 0.48, 100, 100, 1, 11, 10000, 10
1, 12867, 94, 104, 111, 1047382, 1109872, 0.48, 100, 100, 1, 10, 10000, 10
1, 11774, 97, 107, 111, 1030699, 1067202, 0.48, 100, 100, 1, 10, 10000, 10
1, 13869, 90, 100, 111, 1035549, 1138501, 0.48, 100, 100, 1, 14, 10000, 10
1, 11834, 103, 113, 113, 1263238, 1269199, 0.48, 100, 100, 1, 11, 10000, 10
1, 12113, 92, 102, 104, 1090320, 1104068, 0.48, 100, 100, 1, 10, 10000, 10
1, 11808, 95, 105, 105, 1141372, 1141461, 0.48, 100, 100, 1, 10, 10000, 10
1, 11615, 105, 115, 116, 1115079, 1124264, 0.48, 100, 100, 1, 9, 10000, 10
1, 11430, 119, 129, 130, 868251, 875195, 0.48, 100, 100, 1, 10, 10000, 10
1, 12289, 109, 119, 125, 1200156, 1270183, 0.48, 100, 100, 1, 10, 10000, 10
1, 15250, 107, 139, 142, 1364985, 1371569, 0.48, 100, 100, 1, 15, 10000, 10
1, 12563, 114, 124, 126, 984275, 1007603, 0.48, 100, 100, 1, 11, 10000, 10
1, 12895, 104, 114, 115, 1032465, 1036664, 0.48, 100, 100, 1, 12, 10000, 10
0, 17000, 102, 157, 149, 1253561, 1168532, 0.48, 100, 100, 1, 19, 10000, 10
1, 15026, 128, 156, 159, 1297454, 1302032, 0.48, 100, 100, 1, 16, 10000, 10
1, 12539, 93, 103, 105, 1047495, 1066193, 0.48, 100, 100, 1, 11, 10000, 10
0, 17000, 103, 156, 134, 1570234, 1325644, 0.48, 100, 100, 1, 20, 10000, 10
1, 12038, 111, 121, 122, 1163584, 1173609, 0.48, 100, 100, 1, 11, 10000, 10
1, 13064, 101, 118, 119, 1243002, 1247662, 0.48, 100, 100, 1, 13, 10000, 10
1, 12883, 109, 119, 125, 974329, 1024124, 0.48, 100, 100, 1, 13, 10000, 10
0, 17000, 99, 139, 127, 1515722, 1403075, 0.48, 100, 100, 1, 22, 10000, 10
0, 17000, 106, 153, 147, 1351466, 1277157, 0.48, 100, 100, 1, 25, 10000, 10
1, 13261, 89, 106, 107, 1047113, 1052320, 0.48, 100, 100, 1, 14, 10000, 10
1, 12155, 91, 101, 104, 998093, 1024863, 0.48, 100, 100, 1, 11, 10000, 10
1, 12078, 111, 122, 122, 961404, 962631, 0.48, 100, 100, 1, 11, 10000, 10
1, 12217, 96, 108, 109, 1011898, 1016240, 0.48, 100, 100, 1, 11, 10000, 10
1, 13809, 83, 108, 109, 1231859, 1235213, 0.48, 100, 100, 1, 15, 10000, 10
1, 12465, 101, 111, 117, 1038942, 1095847, 0.48, 100, 100, 1, 12, 10000, 10
1, 12505, 108, 119, 120, 1079682, 1085999, 0.48, 100, 100, 1, 12, 10000, 10
0, 17000, 116, 159, 147, 1684117, 1481050, 0.48, 100, 100, 1, 22, 10000, 10
1, 12181, 98, 108, 109, 986067, 990913, 0.48, 100, 100, 1, 11, 10000, 10
0, 17000, 93, 131, 130, 1288799, 1259001, 0.48, 100, 100, 1, 21, 10000, 10
1, 12220, 111, 121, 125, 853484, 889470, 0.48, 100, 100, 1, 13, 10000, 10
1, 12354, 118, 128, 129, 1103067, 1118975, 0.48, 100, 100, 1, 12, 10000, 10
1, 11897, 111, 121, 121, 1047054, 1052467, 0.48, 100, 100, 1, 13, 10000, 10
1, 12413, 107, 117, 118, 1083507, 1098955, 0.48, 100, 100, 1, 12, 10000, 10
0, 17000, 91, 142, 132, 1407339, 1305269, 0.48, 100, 100, 1, 21, 10000, 10
1, 12948, 104, 114, 116, 1193922, 1217013, 0.48, 100, 100, 1, 14, 10000, 10
0, 17000, 94, 138, 132, 1370769, 1297891, 0.48, 100, 100, 1, 21, 10000, 10
0, 17000, 111, 165, 155, 1419211, 1268890, 0.48, 100, 100, 1, 22, 10000, 10
0, 17000, 99, 156, 145, 1246115, 1132316, 0.48, 100, 100, 1, 22, 10000, 10
0, 17000, 94, 147, 128, 1455997, 1230321, 0.48, 100, 100, 1, 22, 10000, 10
1, 12443, 111, 126, 129, 1344566, 1382990, 0.48, 100, 100, 1, 12, 10000, 15
1, 13253, 108, 123, 124, 1120735, 1128377, 0.48, 100, 100, 1, 14, 10000, 15
1, 14428, 117, 132, 134, 1350690, 1380767, 0.48, 100, 100, 1, 16, 10000, 15
0, 17000, 108, 161, 152, 1301361, 1181950, 0.48, 100, 100, 1, 22, 10000, 10
0, 17000, 102, 145, 133, 1425462, 1301468, 0.48, 100, 100, 1, 22, 10000, 10
0, 17000, 94, 135, 118, 1596792, 1416342, 0.48, 100, 100, 1, 21, 10000, 10
1, 12893, 111, 126, 129, 954672, 979312, 0.48, 100, 100, 1, 14, 10000, 15
1, 14979, 106, 136, 138, 1355194, 1362736, 0.48, 100, 100, 1, 18, 10000, 15
1, 12342, 103, 118, 120, 1050412, 1072720, 0.48, 100, 100, 1, 13, 10000, 15
1, 13305, 107, 122, 127, 1264883, 1317395, 0.48, 100, 100, 1, 14, 10000, 15
1, 13424, 109, 124, 135, 1161095, 1274635, 0.48, 100, 100, 1, 15, 10000, 15
1, 13127, 93, 108, 108, 1155197, 1157224, 0.48, 100, 100, 1, 14, 10000, 15
1, 13486, 105, 120, 120, 1125039, 1126689, 0.48, 100, 100, 1, 15, 10000, 15
1, 16638, 110, 144, 147, 1206068, 1209924, 0.48, 100, 100, 1, 21, 10000, 15
0, 20500, 86, 155, 135, 1855194, 1658995, 0.48, 100, 100, 1, 27, 10000, 15
1, 13088, 106, 121, 122, 1254289, 1259254, 0.48, 100, 100, 1, 15, 10000, 15
1, 13035, 105, 120, 121, 1185617, 1198701, 0.48, 100, 100, 1, 13, 10000, 15
1, 14394, 93, 112, 113, 1401414, 1406094, 0.48, 100, 100, 1, 16, 10000, 15
1, 13791, 93, 117, 120, 1220956, 1226016, 0.48, 100, 100, 1, 15, 10000, 15
1, 13073, 107, 122, 127, 1147640, 1209947, 0.48, 100, 100, 1, 14, 10000, 15
1, 16061, 98, 132, 134, 1262123, 1262995, 0.48, 100, 100, 1, 20, 10000, 15
1, 13623, 107, 122, 140, 986147, 1154933, 0.48, 100, 100, 1, 16, 10000, 15
1, 12350, 96, 112, 113, 996594, 1003176, 0.48, 100, 100, 1, 12, 10000, 15
1, 13333, 107, 122, 125, 1196561, 1231166, 0.48, 100, 100, 1, 14, 10000, 15
1, 13799, 85, 101, 101, 1140140, 1142362, 0.48, 100, 100, 1, 15, 10000, 15
1, 14383, 110, 125, 129, 1153928, 1202471, 0.48, 100, 100, 1, 19, 10000, 15
1, 14754, 103, 135, 136, 1137521, 1138200, 0.48, 100, 100, 1, 19, 10000, 15
1, 11726, 107, 122, 123, 1006688, 1017700, 0.48, 100, 100, 1, 10, 10000, 15
1, 12934, 102, 117, 117, 963530, 968070, 0.48, 100, 100, 1, 13, 10000, 15
1, 12915, 111, 126, 132, 1033006, 1087826, 0.48, 100, 100, 1, 14, 10000, 15
1, 12533, 110, 125, 126, 1096874, 1104260, 0.48, 100, 100, 1, 12, 10000, 15
1, 14519, 112, 129, 130, 1198433, 1203698, 0.48, 100, 100, 1, 16, 10000, 15
1, 12741, 103, 119, 120, 1036907, 1041314, 0.48, 100, 100, 1, 13, 10000, 15
0, 20500, 106, 185, 169, 1555036, 1383231, 0.48, 100, 100, 1, 29, 10000, 15
1, 16641, 102, 140, 141, 1490052, 1492847, 0.48, 100, 100, 1, 21, 10000, 15
1, 12862, 108, 123, 124, 1047646, 1050938, 0.48, 100, 100, 1, 13, 10000, 15
1, 13706, 101, 116, 121, 1015043, 1064583, 0.48, 100, 100, 1, 16, 10000, 15
0, 20500, 100, 170, 158, 1437165, 1329005, 0.48, 100, 100, 1, 29, 10000, 15
1, 12679, 86, 101, 105, 1022920, 1055568, 0.48, 100, 100, 1, 13, 10000, 15
1, 13612, 107, 122, 135, 1022871, 1141918, 0.48, 100, 100, 1, 15, 10000, 15
1, 12565, 101, 116, 117, 1049525, 1068060, 0.48, 100, 100, 1, 13, 10000, 15
1, 15104, 94, 120, 122, 1187586, 1189726, 0.48, 100, 100, 1, 18, 10000, 15
1, 12657, 89, 104, 105, 1106420, 1121761, 0.48, 100, 100, 1, 13, 10000, 15
1, 14106, 95, 110, 118, 1041021, 1116870, 0.48, 100, 100, 1, 17, 10000, 15
0, 20500, 114, 171, 176, 1765305, 1730624, 0.48, 100, 100, 1, 29, 10000, 15
1, 12170, 117, 132, 132, 961475, 964520, 0.48, 100, 100, 1, 13, 10000, 15
0, 20500, 104, 186, 174, 1559293, 1429787, 0.48, 100, 100, 1, 30, 10000, 15
1, 12753, 85, 100, 104, 1068846, 1111892, 0.48, 100, 100, 1, 13, 10000, 15
1, 13106, 106, 121, 127, 949584, 1006559, 0.48, 100, 100, 1, 15, 10000, 15
1, 15631, 103, 135, 139, 1352413, 1357176, 0.48, 100, 100, 1, 19, 10000, 15
0, 20500, 108, 173, 165, 1546424, 1445187, 0.48, 100, 100, 1, 29, 10000, 15
1, 11941, 96, 111, 114, 1111989, 1143814, 0.48, 100, 100, 1, 12, 10000, 15
1, 12874, 81, 100, 101, 1073287, 1078366, 0.48, 100, 100, 1, 14, 10000, 15
1, 13476, 112, 134, 136, 1023989, 1030890, 0.48, 100, 100, 1, 15, 10000, 15
0, 20500, 109, 184, 174, 1615328, 1495088, 0.48, 100, 100, 1, 28, 10000, 15
1, 13101, 101, 116, 118, 1263102, 1293876, 0.48, 100, 100, 1, 13, 10000, 15
0, 20500, 116, 187, 172, 1942036, 1746531, 0.48, 100, 100, 1, 28, 10000, 15
1, 14371, 118, 142, 144, 1033271, 1038290, 0.48, 100, 100, 1, 17, 10000, 15
1, 13337, 117, 132, 137, 1117215, 1174686, 0.48, 100, 100, 1, 15, 10000, 15
1, 13941, 87, 102, 110, 1270570, 1360711, 0.48, 100, 100, 1, 16, 10000, 15
1, 13133, 97, 112, 111, 1107772, 1108625, 0.48, 100, 100, 1, 16, 10000, 15
1, 13635, 101, 117, 117, 1264905, 1266400, 0.48, 100, 100, 1, 16, 10000, 15
1, 16317, 100, 123, 124, 1670438, 1676956, 0.48, 100, 100, 1, 21, 10000, 15
1, 13034, 90, 105, 106, 1492269, 1519816, 0.48, 100, 100, 1, 14, 10000, 15
1, 14161, 97, 112, 119, 1259098, 1336883, 0.48, 100, 100, 1, 17, 10000, 15
1, 13585, 78, 101, 102, 1118901, 1120458, 0.48, 100, 100, 1, 15, 10000, 15
1, 14275, 112, 136, 137, 1211013, 1216216, 0.48, 100, 100, 1, 17, 10000, 15
1, 12788, 94, 109, 109, 1177242, 1181676, 0.48, 100, 100, 1, 13, 10000, 15
1, 12619, 119, 134, 136, 1165786, 1179743, 0.48, 100, 100, 1, 13, 10000, 15
1, 12978, 109, 124, 132, 1227145, 1323312, 0.48, 100, 100, 1, 14, 10000, 15
1, 12523, 113, 128, 129, 1228315, 1237209, 0.48, 100, 100, 1, 13, 10000, 15
1, 17012, 106, 147, 152, 1337639, 1342850, 0.48, 100, 100, 1, 22, 10000, 15
1, 14361, 102, 120, 122, 1124938, 1125724, 0.48, 100, 100, 1, 18, 10000, 15
1, 12801, 104, 119, 127, 978468, 1064020, 0.48, 100, 100, 1, 13, 10000, 15
1, 12778, 107, 123, 124, 1357928, 1367145, 0.48, 100, 100, 1, 13, 10000, 15
1, 12964, 93, 108, 109, 1163839, 1175921, 0.48, 100, 100, 1, 13, 10000, 15
1, 13136, 107, 128, 129, 1102886, 1109193, 0.48, 100, 100, 1, 13, 10000, 15
1, 14689, 95, 124, 125, 1107244, 1109788, 0.48, 100, 100, 1, 17, 10000, 15
1, 12556, 100, 115, 117, 1011029, 1025536, 0.48, 100, 100, 1, 13, 10000, 15
0, 20500, 118, 202, 182, 1552311, 1335523, 0.48, 100, 100, 1, 29, 10000, 15
1, 12975, 94, 109, 115, 1073150, 1128343, 0.48, 100, 100, 1, 14, 10000, 15
1, 14116, 115, 130, 136, 1077773, 1149789, 0.48, 100, 100, 1, 15, 10000, 15
1, 14022, 96, 111, 122, 1158145, 1259470, 0.48, 100, 100, 1, 15, 10000, 15
1, 13755, 110, 125, 128, 1063399, 1100573, 0.48, 100, 100, 1, 15, 10000, 15
0, 20500, 110, 181, 175, 1620822, 1531570, 0.48, 100, 100, 1, 30, 10000, 15
0, 20500, 89, 157, 143, 1645913, 1502318, 0.48, 100, 100, 1, 30, 10000, 15
0, 20500, 98, 164, 159, 1472487, 1395863, 0.48, 100, 100, 1, 30, 10000, 15
1, 12542, 109, 124, 127, 898973, 931188, 0.48, 100, 100, 1, 13, 10000, 15
1, 12997, 132, 147, 147, 1175028, 1175441, 0.48, 100, 100, 1, 18, 10000, 15
0, 20500, 105, 177, 183, 1305155, 1302415, 0.48, 100, 100, 1, 32, 10000, 15
1, 13956, 87, 112, 114, 1340477, 1344281, 0.48, 100, 100, 1, 17, 10000, 15
0, 20500, 107, 173, 168, 1806512, 1709321, 0.48, 100, 100, 1, 30, 10000, 15
1, 12958, 85, 100, 103, 1105411, 1134422, 0.48, 100, 100, 1, 15, 10000, 15
1, 13210, 106, 121, 129, 1021141, 1101901, 0.48, 100, 100, 1, 14, 10000, 15
1, 16538, 97, 137, 139, 1462799, 1468291, 0.48, 100, 100, 1, 25, 10000, 15
0, 20500, 104, 178, 181, 1577282, 1544949, 0.48, 100, 100, 1, 31, 10000, 15
1, 13692, 115, 135, 142, 1166439, 1247011, 0.48, 100, 100, 1, 16, 10000, 20
0, 20500, 99, 164, 145, 1861424, 1627313, 0.48, 100, 100, 1, 29, 10000, 15
1, 13461, 88, 108, 113, 1059889, 1107739, 0.48, 100, 100, 1, 16, 10000, 20
1, 13735, 96, 116, 117, 1084344, 1087426, 0.48, 100, 100, 1, 15, 10000, 20
1, 14212, 117, 137, 138, 1219788, 1224389, 0.48, 100, 100, 1, 17, 10000, 20
0, 20500, 80, 156, 141, 1707989, 1548825, 0.48, 100, 100, 1, 30, 10000, 15
0, 20500, 120, 177, 172, 1603197, 1489921, 0.48, 100, 100, 1, 31, 10000, 15
1, 14042, 114, 135, 135, 1140130, 1146813, 0.48, 100, 100, 1, 18, 10000, 20
1, 14021, 79, 100, 101, 1491123, 1498973, 0.48, 100, 100, 1, 16, 10000, 20
1, 12878, 102, 122, 123, 966747, 973088, 0.48, 100, 100, 1, 16, 10000, 20
1, 14272, 105, 125, 131, 1151161, 1205989, 0.48, 100, 100, 1, 17, 10000, 20
0, 20500, 103, 187, 184, 1386088, 1326877, 0.48, 100, 100, 1, 32, 10000, 15
1, 13677, 99, 119, 121, 1093764, 1104298, 0.48, 100, 100, 1, 17, 10000, 20
0, 20500, 87, 155, 149, 1628310, 1536372, 0.48, 100, 100, 1, 32, 10000, 15
1, 12901, 108, 128, 128, 1058340, 1061107, 0.48, 100, 100, 1, 17, 10000, 20
0, 20500, 101, 177, 169, 1344251, 1251354, 0.48, 100, 100, 1, 33, 10000, 15
1, 16654, 108, 141, 142, 1633954, 1636484, 0.48, 100, 100, 1, 24, 10000, 15
1, 14246, 103, 123, 124, 1284058, 1289100, 0.48, 100, 100, 1, 15, 10000, 20
1, 14790, 109, 129, 141, 1076013, 1202731, 0.48, 100, 100, 1, 18, 10000, 20
1, 16451, 105, 141, 145, 1307295, 1312130, 0.48, 100, 100, 1, 23, 10000, 20
1, 15497, 112, 137, 139, 1452636, 1459159, 0.48, 100, 100, 1, 22, 10000, 20
1, 14765, 99, 130, 132, 1153671, 1158952, 0.48, 100, 100, 1, 17, 10000, 20
1, 14441, 93, 113, 114, 1306480, 1312498, 0.48, 100, 100, 1, 18, 10000, 20
1, 15124, 102, 122, 127, 1293243, 1356224, 0.48, 100, 100, 1, 21, 10000, 20
1, 20441, 110, 170, 177, 1607417, 1611043, 0.48, 100, 100, 1, 29, 10000, 20
0, 24000, 117, 213, 201, 1981791, 1722093, 0.48, 100, 100, 1, 40, 10000, 20
0, 24000, 116, 230, 218, 1869347, 1603658, 0.48, 100, 100, 1, 41, 10000, 20
1, 14133, 100, 121, 121, 1019307, 1024824, 0.48, 100, 100, 1, 17, 10000, 20
1, 14277, 114, 134, 138, 1163110, 1209637, 0.48, 100, 100, 1, 17, 10000, 20
1, 13947, 109, 132, 134, 1277389, 1279512, 0.48, 100, 100, 1, 16, 10000, 20
1, 15028, 109, 129, 133, 1146054, 1184396, 0.48, 100, 100, 1, 18, 10000, 20
1, 14953, 106, 126, 133, 1259425, 1329790, 0.48, 100, 100, 1, 20, 10000, 20
0, 24000, 104, 199, 190, 1944977, 1811366, 0.48, 100, 100, 1, 40, 10000, 20
1, 13379, 106, 126, 128, 1047900, 1066833, 0.48, 100, 100, 1, 16, 10000, 20
1, 16734, 124, 166, 170, 1333297, 1339420, 0.48, 100, 100, 1, 23, 10000, 20
0, 24000, 91, 189, 185, 1723608, 1651927, 0.48, 100, 100, 1, 39, 10000, 20
1, 13444, 93, 113, 115, 1004852, 1017234, 0.48, 100, 100, 1, 15, 10000, 20
1, 14261, 69, 89, 90, 1251029, 1255512, 0.48, 100, 100, 1, 16, 10000, 20
1, 13665, 93, 113, 114, 1164485, 1179730, 0.48, 100, 100, 1, 16, 10000, 20
1, 13101, 97, 118, 119, 911522, 916153, 0.48, 100, 100, 1, 14, 10000, 20
1, 14803, 108, 128, 134, 1462112, 1522774, 0.48, 100, 100, 1, 19, 10000, 20
0, 24000, 101, 207, 195, 1844883, 1702513, 0.48, 100, 100, 1, 37, 10000, 20
0, 24000, 104, 200, 189, 1668257, 1565182, 0.48, 100, 100, 1, 39, 10000, 20
0, 24000, 105, 206, 190, 1803790, 1564262, 0.48, 100, 100, 1, 41, 10000, 20
1, 14416, 87, 107, 111, 1317279, 1360075, 0.48, 100, 100, 1, 17, 10000, 20
1, 13703, 101, 122, 123, 1072145, 1074958, 0.48, 100, 100, 1, 16, 10000, 20
1, 14220, 110, 130, 133, 1283251, 1319829, 0.48, 100, 100, 1, 16, 10000, 20
1, 23943, 101, 182, 192, 1570525, 1572032, 0.48, 100, 100, 1, 38, 10000, 20
1, 14378, 91, 111, 111, 1290513, 1303777, 0.48, 100, 100, 1, 17, 10000, 20
1, 15153, 128, 148, 157, 1281973, 1395724, 0.48, 100, 100, 1, 18, 10000, 20
1, 14125, 110, 130, 132, 1162383, 1181120, 0.48, 100, 100, 1, 18, 10000, 20
1, 14430, 104, 124, 132, 1075405, 1161310, 0.48, 100, 100, 1, 16, 10000, 20
1, 13792, 92, 112, 126, 922153, 1040916, 0.48, 100, 100, 1, 15, 10000, 20
0, 24000, 98, 191, 186, 1634235, 1512798, 0.48, 100, 100, 1, 39, 10000, 20
0, 24000, 99, 196, 181, 1751723, 1625774, 0.48, 100, 100, 1, 38, 10000, 20
0, 24000, 96, 214, 196, 1809353, 1597635, 0.48, 100, 100, 1, 42, 10000, 20
1, 13786, 117, 137, 137, 1197601, 1209753, 0.48, 100, 100, 1, 15, 10000, 20
1, 13439, 119, 140, 142, 1126054, 1130490, 0.48, 100, 100, 1, 15, 10000, 20
1, 12974, 112, 132, 132, 1212955, 1225880, 0.48, 100, 100, 1, 15, 10000, 20
1, 17997, 108, 154, 157, 1234733, 1240302, 0.48, 100, 100, 1, 25, 10000, 20
1, 14194, 99, 119, 123, 1265456, 1292364, 0.48, 100, 100, 1, 16, 10000, 20
1, 13768, 118, 142, 143, 1117647, 1122089, 0.48, 100, 100, 1, 16, 10000, 20
1, 16384, 100, 137, 140, 1361112, 1362767, 0.48, 100, 100, 1, 20, 10000, 20
1, 13324, 100, 120, 121, 1343456, 1356011, 0.48, 100, 100, 1, 15, 10000, 20
1, 12881, 94, 114, 116, 1006579, 1021350, 0.48, 100, 100, 1, 13, 10000, 20
0, 24000, 104, 198, 185, 1678661, 1562960, 0.48, 100, 100, 1, 38, 10000, 20
0, 24000, 98, 208, 199, 1758789, 1607140, 0.48, 100, 100, 1, 38, 10000, 20
1, 14633, 97, 121, 121, 1250987, 1258185, 0.48, 100, 100, 1, 17, 10000, 20
0, 24000, 90, 203, 188, 1722256, 1585584, 0.48, 100, 100, 1, 38, 10000, 20
1, 14700, 103, 123, 126, 1378351, 1408633, 0.48, 100, 100, 1, 17, 10000, 20
0, 24000, 94, 224, 205, 1666562, 1477999, 0.48, 100, 100, 1, 38, 10000, 20
0, 24000, 115, 219, 201, 1849129, 1646128, 0.48, 100, 100, 1, 37, 10000, 20
1, 13246, 94, 114, 114, 1141240, 1151084, 0.48, 100, 100, 1, 14, 10000, 20
0, 24000, 113, 210, 200, 1829582, 1672241, 0.48, 100, 100, 1, 37, 10000, 20
0, 24000, 90, 198, 177, 1813768, 1603634, 0.48, 100, 100, 1, 36, 10000, 20
1, 13898, 98, 118, 121, 1199531, 1234141, 0.48, 100, 100, 1, 17, 10000, 20
1, 14102, 111, 131, 132, 1202289, 1216381, 0.48, 100, 100, 1, 15, 10000, 20
1, 15972, 67, 87, 89, 1487565, 1515697, 0.48, 100, 100, 1, 18, 10000, 20
1, 15098, 107, 127, 131, 1120875, 1155130, 0.48, 100, 100, 1, 17, 10000, 20
0, 24000, 100, 205, 201, 1767063, 1658504, 0.48, 100, 100, 1, 36, 10000, 20
1, 13220, 105, 125, 125, 1110034, 1113899, 0.48, 100, 100, 1, 13, 10000, 20
1, 17026, 97, 133, 135, 1297414, 1299104, 0.48, 100, 100, 1, 21, 10000, 20
1, 13590, 74, 94, 96, 1180155, 1197892, 0.48, 100, 100, 1, 14, 10000, 20
1, 15315, 120, 140, 148, 1123807, 1209658, 0.48, 100, 100, 1, 18, 10000, 20
1, 14380, 100, 122, 123, 1300606, 1305422, 0.48, 100, 100, 1, 16, 10000, 20
1, 14649, 102, 122, 134, 1034851, 1148295, 0.48, 100, 100, 1, 16, 10000, 20
1, 13459, 104, 124, 124, 1160416, 1163601, 0.48, 100, 100, 1, 15, 10000, 20
0, 24000, 96, 206, 188, 1767557, 1589358, 0.48, 100, 100, 1, 35, 10000, 20
1, 13121, 105, 125, 126, 1279114, 1291491, 0.48, 100, 100, 1, 15, 10000, 20
0, 24000, 95, 203, 195, 1759486, 1668733, 0.48, 100, 100, 1, 36, 10000, 20
1, 13627, 124, 144, 144, 1242018, 1252431, 0.48, 100, 100, 1, 15, 10000, 20
1, 14510, 110, 130, 133, 1245196, 1288678, 0.48, 100, 100, 1, 16, 10000, 20
1, 14912, 102, 131, 132, 1245867, 1253812, 0.48, 100, 100, 1, 17, 10000, 20
1, 13366, 105, 125, 125, 1184676, 1185914, 0.48, 100, 100, 1, 15, 10000, 20
0, 24000, 110, 219, 196, 1843719, 1624386, 0.48, 100, 100, 1, 36, 10000, 20
1, 14263, 100, 124, 124, 1214690, 1217636, 0.48, 100, 100, 1, 18, 10000, 20
0, 24000, 102, 207, 195, 1741193, 1603047, 0.48, 100, 100, 1, 36, 10000, 20
0, 24000, 93, 202, 195, 1821168, 1710547, 0.48, 100, 100, 1, 36, 10000, 20
1, 14146, 109, 130, 131, 1309004, 1317109, 0.48, 100, 100, 1, 16, 10000, 20
1, 16192, 108, 134, 137, 1383093, 1388818, 0.48, 100, 100, 1, 19, 10000, 20
0, 24000, 103, 213, 188, 1711046, 1501345, 0.48, 100, 100, 1, 37, 10000, 20
1, 15109, 103, 128, 139, 1126658, 1233280, 0.48, 100, 100, 1, 18, 10000, 25
1, 14268, 117, 142, 146, 1135959, 1181581, 0.48, 100, 100, 1, 16, 10000, 25
1, 14589, 92, 112, 118, 1256072, 1320287, 0.48, 100, 100, 1, 23, 10000, 20
0, 24000, 82, 196, 175, 1868349, 1645735, 0.48, 100, 100, 1, 37, 10000, 20
0, 24000, 102, 202, 200, 1794501, 1672724, 0.48, 100, 100, 1, 47, 10000, 20
1, 14549, 105, 130, 132, 1182100, 1187099, 0.48, 100, 100, 1, 18, 10000, 25
0, 24000, 102, 197, 198, 1659034, 1606392, 0.48, 100, 100, 1, 36, 10000, 20
1, 16059, 104, 129, 142, 1280497, 1411434, 0.48, 100, 100, 1, 21, 10000, 25
1, 15030, 107, 132, 135, 1347675, 1372769, 0.48, 100, 100, 1, 17, 10000, 25
1, 15111, 101, 128, 130, 1502600, 1503647, 0.48, 100, 100, 1, 16, 10000, 25
0, 24000, 100, 197, 182, 1772490, 1611813, 0.48, 100, 100, 1, 35, 10000, 20
1, 15330, 101, 126, 132, 1256261, 1314994, 0.48, 100, 100, 1, 18, 10000, 25
1, 15196, 108, 133, 134, 1161239, 1193041, 0.48, 100, 100, 1, 17, 10000, 25
1, 15427, 112, 137, 140, 1385098, 1454127, 0.48, 100, 100, 1, 32, 10000, 25
1, 14601, 88, 113, 126, 1062518, 1186621, 0.48, 100, 100, 1, 18, 10000, 25
0, 24000, 107, 199, 181, 2071716, 1887303, 0.48, 100, 100, 1, 35, 10000, 20
1, 14883, 101, 126, 139, 1150264, 1276636, 0.48, 100, 100, 1, 17, 10000, 25
1, 19194, 79, 136, 139, 1569402, 1573731, 0.48, 100, 100, 1, 25, 10000, 25
1, 14861, 95, 120, 123, 1066015, 1085680, 0.48, 100, 100, 1, 17, 10000, 25
0, 27500, 91, 237, 220, 1919446, 1624801, 0.48, 100, 100, 1, 45, 10000, 25
0, 27500, 103, 235, 240, 1771339, 1703666, 0.48, 100, 100, 1, 41, 10000, 25
0, 27500, 103, 234, 239, 1839248, 1752132, 0.48, 100, 100, 1, 42, 10000, 25
0, 27500, 83, 214, 203, 1983532, 1832729, 0.48, 100, 100, 1, 46, 10000, 25
1, 24320, 90, 176, 185, 1814536, 1814574, 0.48, 100, 100, 1, 35, 10000, 25
1, 14972, 99, 124, 126, 1230128, 1237516, 0.48, 100, 100, 1, 17, 10000, 25
0, 27500, 112, 250, 241, 1846053, 1717289, 0.48, 100, 100, 1, 44, 10000, 25
1, 22620, 89, 170, 176, 1575288, 1577964, 0.48, 100, 100, 1, 32, 10000, 25
1, 15454, 109, 138, 141, 1206718, 1213551, 0.48, 100, 100, 1, 19, 10000, 25
0, 27500, 106, 229, 227, 1900034, 1816540, 0.48, 100, 100, 1, 42, 10000, 25
0, 27500, 69, 198, 189, 1966921, 1840348, 0.48, 100, 100, 1, 41, 10000, 25
1, 14472, 89, 114, 114, 1200812, 1207711, 0.48, 100, 100, 1, 16, 10000, 25
1, 14463, 90, 115, 119, 1128643, 1166307, 0.48, 100, 100, 1, 18, 10000, 25
1, 16098, 103, 129, 130, 1334542, 1339745, 0.48, 100, 100, 1, 19, 10000, 25
1, 13938, 96, 121, 123, 1117882, 1134278, 0.48, 100, 100, 1, 17, 10000, 25
1, 15029, 108, 133, 140, 1284730, 1372725, 0.48, 100, 100, 1, 25, 10000, 25
1, 16193, 101, 133, 133, 1404397, 1407659, 0.48, 100, 100, 1, 20, 10000, 25
1, 14740, 113, 138, 138, 1159528, 1161219, 0.48, 100, 100, 1, 17, 10000, 25
0, 27500, 101, 234, 226, 1882337, 1788490, 0.48, 100, 100, 1, 44, 10000, 25
0, 27500, 95, 231, 220, 1888632, 1752348, 0.48, 100, 100, 1, 43, 10000, 25
1, 19136, 117, 165, 165, 1604701, 1604713, 0.48, 100, 100, 1, 26, 10000, 25
1, 14557, 110, 135, 138, 1232301, 1245410, 0.48, 100, 100, 1, 18, 10000, 25
1, 15136, 118, 143, 148, 1048226, 1114897, 0.48, 100, 100, 1, 17, 10000, 25
1, 13774, 118, 143, 142, 1152329, 1156646, 0.48, 100, 100, 1, 15, 10000, 25
1, 15363, 117, 142, 158, 1256969, 1421893, 0.48, 100, 100, 1, 20, 10000, 25
0, 27500, 110, 233, 223, 1905988, 1766844, 0.48, 100, 100, 1, 42, 10000, 25
1, 16187, 105, 131, 132, 1338933, 1339105, 0.48, 100, 100, 1, 24, 10000, 25
1, 16591, 116, 141, 150, 1240680, 1363094, 0.48, 100, 100, 1, 22, 10000, 25
0, 27500, 102, 239, 211, 1928491, 1718134, 0.48, 100, 100, 1, 44, 10000, 25
0, 27500, 101, 226, 211, 2022051, 1862694, 0.48, 100, 100, 1, 45, 10000, 25
0, 27500, 119, 244, 247, 1838185, 1789697, 0.48, 100, 100, 1, 44, 10000, 25
0, 27500, 83, 230, 228, 1945896, 1793229, 0.48, 100, 100, 1, 43, 10000, 25
1, 16152, 112, 137, 148, 1296791, 1394174, 0.48, 100, 100, 1, 19, 10000, 25
0, 27500, 101, 241, 232, 1757939, 1598678, 0.48, 100, 100, 1, 45, 10000, 25
1, 14552, 94, 119, 123, 1183057, 1229534, 0.48, 100, 100, 1, 17, 10000, 25
1, 14246, 96, 121, 125, 1147454, 1190059, 0.48, 100, 100, 1, 17, 10000, 25
1, 16194, 100, 131, 133, 1360271, 1366381, 0.48, 100, 100, 1, 20, 10000, 25
1, 14139, 117, 142, 144, 1151825, 1179405, 0.48, 100, 100, 1, 17, 10000, 25
0, 27500, 107, 230, 222, 1962474, 1822921, 0.48, 100, 100, 1, 46, 10000, 25
1, 13491, 98, 123, 127, 985698, 1020422, 0.48, 100, 100, 1, 16, 10000, 25
1, 25488, 111, 199, 218, 1744960, 1745061, 0.48, 100, 100, 1, 44, 10000, 25
1, 20127, 102, 160, 169, 1560538, 1565363, 0.48, 100, 100, 1, 33, 10000, 25
0, 27500, 100, 242, 239, 1728445, 1641716, 0.48, 100, 100, 1, 44, 10000, 25
1, 14160, 106, 131, 131, 1275738, 1277440, 0.48, 100, 100, 1, 16, 10000, 25
1, 15266, 79, 104, 108, 1101854, 1138461, 0.48, 100, 100, 1, 19, 10000, 25
0, 27500, 108, 252, 236, 1952368, 1751859, 0.48, 100, 100, 1, 43, 10000, 25
1, 14385, 95, 120, 125, 1026763, 1071376, 0.48, 100, 100, 1, 17, 10000, 25
0, 27500, 101, 253, 237, 1933179, 1662810, 0.48, 100, 100, 1, 44, 10000, 25
0, 27500, 94, 238, 230, 1937533, 1717293, 0.48, 100, 100, 1, 44, 10000, 25
0, 27500, 96, 209, 210, 2009589, 1923272, 0.48, 100, 100, 1, 46, 10000, 25
0, 27500, 103, 243, 227, 2179715, 2013608, 0.48, 100, 100, 1, 47, 10000, 25
0, 27500, 116, 259, 260, 1704983, 1673721, 0.48, 100, 100, 1, 45, 10000, 25
0, 27500, 99, 226, 219, 1876370, 1701066, 0.48, 100, 100, 1, 45, 10000, 25
1, 14540, 100, 125, 124, 1248443, 1251907, 0.48, 100, 100, 1, 18, 10000, 25
1, 14757, 97, 122, 129, 1176898, 1250088, 0.48, 100, 100, 1, 17, 10000, 25
1, 15590, 99, 124, 125, 1187221, 1189453, 0.48, 100, 100, 1, 19, 10000, 25
1, 21076, 84, 150, 155, 1725007, 1727998, 0.48, 100, 100, 1, 30, 10000, 25
1, 14924, 93, 122, 124, 1144123, 1144604, 0.48, 100, 100, 1, 19, 10000, 25
1, 15467, 99, 124, 126, 1207332, 1210212, 0.48, 100, 100, 1, 19, 10000, 25
1, 15684, 97, 127, 128, 1291883, 1292969, 0.48, 100, 100, 1, 20, 10000, 25
0, 27500, 97, 228, 226, 2026531, 1862241, 0.48, 100, 100, 1, 45, 10000, 25
1, 14844, 94, 119, 134, 1111863, 1237286, 0.48, 100, 100, 1, 18, 10000, 25
1, 14484, 102, 127, 128, 1180768, 1187445, 0.48, 100, 100, 1, 20, 10000, 25
0, 27500, 118, 270, 249, 1802173, 1561635, 0.48, 100, 100, 1, 47, 10000, 25
1, 14733, 115, 140, 139, 1379616, 1382770, 0.48, 100, 100, 1, 20, 10000, 25
1, 13630, 100, 125, 126, 1088793, 1102451, 0.48, 100, 100, 1, 14, 10000, 25
1, 16564, 91, 121, 121, 1420996, 1421045, 0.48, 100, 100, 1, 21, 10000, 25
1, 14965, 96, 121, 123, 1304085, 1323028, 0.48, 100, 100, 1, 17, 10000, 25
1, 15831, 109, 134, 136, 1248849, 1256036, 0.48, 100, 100, 1, 19, 10000, 25
1, 14774, 108, 133, 139, 1106126, 1162497, 0.48, 100, 100, 1, 18, 10000, 25
1, 25268, 122, 219, 230, 1714250, 1718486, 0.48, 100, 100, 1, 42, 10000, 25
0, 27500, 111, 252, 234, 1841800, 1659505, 0.48, 100, 100, 1, 53, 10000, 25
0, 27500, 89, 243, 216, 1943121, 1653837, 0.48, 100, 100, 1, 46, 10000, 25
1, 15117, 115, 140, 141, 1153469, 1165246, 0.48, 100, 100, 1, 18, 10000, 25
1, 17112, 109, 143, 146, 1434645, 1442284, 0.48, 100, 100, 1, 23, 10000, 25
1, 15902, 95, 120, 121, 1199878, 1213945, 0.48, 100, 100, 1, 22, 10000, 25
0, 27500, 115, 249, 232, 1985901, 1817489, 0.48, 100, 100, 1, 46, 10000, 25
0, 27500, 84, 230, 224, 2030123, 1908274, 0.48, 100, 100, 1, 43, 10000, 25
0, 27500, 107, 242, 234, 1819259, 1697895, 0.48, 100, 100, 1, 47, 10000, 25
0, 27500, 109, 240, 239, 1731431, 1657558, 0.48, 100, 100, 1, 47, 10000, 25
1, 15503, 100, 130, 134, 1300898, 1327651, 0.48, 100, 100, 1, 19, 10000, 30
0, 27500, 111, 256, 243, 1917606, 1694531, 0.48, 100, 100, 1, 43, 10000, 25
0, 27500, 98, 212, 210, 1987434, 1888501, 0.48, 100, 100, 1, 46, 10000, 25
1, 16301, 110, 149, 152, 1629836, 1634233, 0.48, 100, 100, 1, 22, 10000, 30
1, 15813, 96, 126, 128, 1375554, 1383138, 0.48, 100, 100, 1, 19, 10000, 30
0, 27500, 106, 230, 233, 1807794, 1718996, 0.48, 100, 100, 1, 44, 10000, 25
1, 14905, 101, 133, 134, 1215958, 1223535, 0.48, 100, 100, 1, 18, 10000, 30
1, 15362, 103, 134, 134, 1312006, 1312222, 0.48, 100, 100, 1, 19, 10000, 30
1, 20408, 103, 164, 166, 1371568, 1376315, 0.48, 100, 100, 1, 30, 10000, 30
0, 27500, 104, 224, 224, 2045101, 1974189, 0.48, 100, 100, 1, 46, 10000, 25
0, 27500, 102, 249, 239, 1845448, 1705365, 0.48, 100, 100, 1, 43, 10000, 25
1, 15357, 100, 130, 133, 1281751, 1284864, 0.48, 100, 100, 1, 19, 10000, 30
1, 15140, 93, 123, 125, 850102, 873159, 0.48, 100, 100, 1, 18, 10000, 30
1, 15126, 114, 144, 147, 1283788, 1331117, 0.48, 100, 100, 1, 22, 10000, 30
0, 27500, 89, 242, 225, 1981412, 1683165, 0.48, 100, 100, 1, 45, 10000, 25
0, 27500, 100, 232, 223, 2003810, 1781768, 0.48, 100, 100, 1, 44, 10000, 25
1, 15745, 90, 129, 130, 1397700, 1399380, 0.48, 100, 100, 1, 19, 10000, 30
1, 18870, 103, 162, 168, 1417009, 1422384, 0.48, 100, 100, 1, 26, 10000, 30
1, 16391, 100, 130, 135, 1110029, 1162086, 0.48, 100, 100, 1, 21, 10000, 30
1, 16021, 113, 143, 145, 1271226, 1285089, 0.48, 100, 100, 1, 20, 10000, 30
1, 15965, 111, 141, 147, 1323226, 1370843, 0.48, 100, 100, 1, 20, 10000, 30
0, 31000, 96, 269, 269, 2197141, 2106884, 0.48, 100, 100, 1, 52, 10000, 30
1, 18279, 109, 152, 155, 1339614, 1341249, 0.48, 100, 100, 1, 25, 10000, 30
1, 17570, 102, 132, 149, 1206218, 1376738, 0.48, 100, 100, 1, 25, 10000, 30
0, 31000, 105, 277, 253, 2274365, 1963415, 0.48, 100, 100, 1, 53, 10000, 30
1, 14834, 106, 136, 138, 1227709, 1238609, 0.48, 100, 100, 1, 18, 10000, 30
0, 31000, 108, 273, 260, 2048321, 1919637, 0.48, 100, 100, 1, 53, 10000, 30
1, 15843, 104, 134, 142, 1119393, 1183402, 0.48, 100, 100, 1, 21, 10000, 30
1, 17130, 112, 142, 150, 1310030, 1384767, 0.48, 100, 100, 1, 24, 10000, 30
1, 15308, 91, 121, 124, 1321173, 1366773, 0.48, 100, 100, 1, 19, 10000, 30
0, 31000, 119, 292, 260, 2177649, 1837689, 0.48, 100, 100, 1, 53, 10000, 30
0, 31000, 103, 269, 271, 2056506, 2017992, 0.48, 100, 100, 1, 51, 10000, 30
0, 31000, 93, 266, 258, 2188977, 2033673, 0.48, 100, 100, 1, 52, 10000, 30
1, 15206, 76, 106, 112, 1336119, 1397710, 0.48, 100, 100, 1, 17, 10000, 30
0, 31000, 122, 275, 291, 2105706, 2089666, 0.48, 100, 100, 1, 56, 10000, 30
0, 31000, 107, 276, 274, 2084192, 1845694, 0.48, 100, 100, 1, 53, 10000, 30
1, 17090, 118, 148, 161, 1355291, 1518180, 0.48, 100, 100, 1, 23, 10000, 30
1, 18640, 93, 139, 142, 1482289, 1487157, 0.48, 100, 100, 1, 25, 10000, 30
1, 15077, 98, 128, 129, 1303002, 1328315, 0.48, 100, 100, 1, 18, 10000, 30
1, 20053, 107, 167, 170, 1296553, 1300809, 0.48, 100, 100, 1, 29, 10000, 30
1, 15381, 95, 126, 127, 1364177, 1365700, 0.48, 100, 100, 1, 19, 10000, 30
0, 31000, 83, 260, 231, 2316761, 2075476, 0.48, 100, 100, 1, 55, 10000, 30
1, 24527, 101, 206, 218, 1656374, 1661628, 0.48, 100, 100, 1, 38, 10000, 30
1, 14945, 107, 137, 140, 1096262, 1132772, 0.48, 100, 100, 1, 18, 10000, 30
1, 17570, 103, 146, 148, 1342073, 1343761, 0.48, 100, 100, 1, 26, 10000, 30
1, 16523, 115, 145, 148, 1155301, 1197372, 0.48, 100, 100, 1, 22, 10000, 30
1, 22213, 93, 168, 172, 1423850, 1427531, 0.48, 100, 100, 1, 32, 10000, 30
0, 31000, 107, 291, 264, 2403974, 2012222, 0.48, 100, 100, 1, 56, 10000, 30
0, 31000, 85, 246, 248, 2287117, 2271258, 0.48, 100, 100, 1, 53, 10000, 30
0, 31000, 100, 275, 274, 1890202, 1763522, 0.48, 100, 100, 1, 54, 10000, 30
1, 19663, 106, 164, 170, 1427109, 1428970, 0.48, 100, 100, 1, 30, 10000, 30
1, 20042, 107, 160, 165, 1426865, 1430977, 0.48, 100, 100, 1, 28, 10000, 30
1, 15183, 106, 136, 139, 1270288, 1341580, 0.48, 100, 100, 1, 19, 10000, 30
0, 31000, 92, 273, 264, 1796041, 1711309, 0.48, 100, 100, 1, 54, 10000, 30
0, 31000, 113, 284, 274, 2185062, 1992958, 0.48, 100, 100, 1, 53, 10000, 30
0, 31000, 100, 267, 259, 2225897, 2078039, 0.48, 100, 100, 1, 52, 10000, 30
1, 16115, 103, 133, 135, 1255796, 1273377, 0.48, 100, 100, 1, 21, 10000, 30
1, 15796, 97, 127, 129, 1188148, 1213623, 0.48, 100, 100, 1, 22, 10000, 30
1, 15330, 109, 139, 139, 1244014, 1245230, 0.48, 100, 100, 1, 18, 10000, 30
1, 15269, 108, 138, 143, 1249863, 1297348, 0.48, 100, 100, 1, 21, 10000, 30
0, 31000, 91, 283, 273, 2075099, 1844030, 0.48, 100, 100, 1, 51, 10000, 30
1, 16197, 103, 133, 133, 1467623, 1470240, 0.48, 100, 100, 1, 20, 10000, 30
0, 31000, 97, 271, 265, 1952640, 1831512, 0.48, 100, 100, 1, 52, 10000, 30
0, 31000, 109, 292, 277, 2193037, 1967754, 0.48, 100, 100, 1, 52, 10000, 30
1, 16588, 117, 147, 156, 1345064, 1458329, 0.48, 100, 100, 1, 22, 10000, 30
0, 31000, 103, 269, 261, 2176632, 2059776, 0.48, 100, 100, 1, 52, 10000, 30
1, 15106, 115, 145, 146, 1075120, 1087680, 0.48, 100, 100, 1, 19, 10000, 30
1, 15434, 88, 118, 121, 1270803, 1298369, 0.48, 100, 100, 1, 27, 10000, 30
1, 15551, 101, 131, 138, 1119479, 1182592, 0.48, 100, 100, 1, 20, 10000, 30
1, 16419, 91, 135, 136, 1251872, 1253672, 0.48, 100, 100, 1, 22, 10000, 30
0, 31000, 89, 254, 251, 2183220, 1970797, 0.48, 100, 100, 1, 52, 10000, 30
1, 15330, 122, 152, 153, 1177620, 1178830, 0.48, 100, 100, 1, 20, 10000, 30
1, 15046, 103, 133, 139, 1180521, 1239221, 0.48, 100, 100, 1, 19, 10000, 30
1, 15323, 98, 129, 128, 1410352, 1415761, 0.48, 100, 100, 1, 20, 10000, 30
0, 31000, 101, 265, 258, 2145803, 1974608, 0.48, 100, 100, 1, 55, 10000, 30
1, 15590, 115, 145, 146, 1341307, 1347466, 0.48, 100, 100, 1, 21, 10000, 30
1, 23369, 108, 199, 207, 1601373, 1602193, 0.48, 100, 100, 1, 40, 10000, 30
1, 16106, 124, 154, 156, 1217542, 1268412, 0.48, 100, 100, 1, 22, 10000, 30
1, 16272, 86, 121, 123, 1352947, 1354803, 0.48, 100, 100, 1, 21, 10000, 30
1, 16247, 104, 134, 134, 1345275, 1350554, 0.48, 100, 100, 1, 21, 10000, 30
1, 17008, 96, 126, 136, 1354087, 1460610, 0.48, 100, 100, 1, 22, 10000, 30
0, 31000, 103, 268, 259, 2169350, 1873870, 0.48, 100, 100, 1, 51, 10000, 30
0, 31000, 114, 274, 277, 2040466, 1974658, 0.48, 100, 100, 1, 52, 10000, 30
1, 16160, 107, 137, 144, 1004442, 1073678, 0.48, 100, 100, 1, 21, 10000, 30
1, 23927, 115, 189, 195, 1869625, 1870674, 0.48, 100, 100, 1, 37, 10000, 30
1, 14359, 118, 148, 151, 1108076, 1137890, 0.48, 100, 100, 1, 19, 10000, 30
0, 31000, 98, 264, 253, 2239920, 2037950, 0.48, 100, 100, 1, 53, 10000, 30
0, 31000, 90, 248, 236, 2261526, 2097608, 0.48, 100, 100, 1, 53, 10000, 30
1, 15860, 87, 117, 128, 1352212, 1477003, 0.48, 100, 100, 1, 21, 10000, 30
1, 15763, 101, 131, 135, 1187584, 1214366, 0.48, 100, 100, 1, 21, 10000, 30
1, 16475, 93, 128, 131, 1159108, 1159616, 0.48, 100, 100, 1, 22, 10000, 30
1, 15681, 92, 122, 128, 1288952, 1344743, 0.48, 100, 100, 1, 19, 10000, 30
0, 31000, 116, 276, 280, 1902154, 1783012, 0.48, 100, 100, 1, 54, 10000, 30
1, 15110, 106, 136, 138, 1348912, 1369534, 0.48, 100, 100, 1, 18, 10000, 30
1, 15403, 109, 139, 145, 1178616, 1241713, 0.48, 100, 100, 1, 22, 10000, 30
1, 15534, 93, 123, 123, 1185578, 1185962, 0.48, 100, 100, 1, 20, 10000, 30
1, 16354, 101, 146, 149, 1017054, 1021413, 0.48, 100, 100, 1, 21, 10000, 30
1, 15270, 89, 121, 122, 1019190, 1022228, 0.48, 100, 100, 1, 18, 10000, 30
0, 31000, 104, 259, 256, 2281025, 2093566, 0.48, 100, 100, 1, 51, 10000, 30
0, 31000, 110, 270, 278, 2009005, 1882193, 0.48, 100, 100, 1, 54, 10000, 30
1, 24872, 102, 206, 222, 1547892, 1548951, 0.48, 100, 100, 1, 41, 10000, 30
0, 31000, 86, 255, 251, 2371867, 2089342, 0.48, 100, 100, 1, 50, 10000, 30
1, 16026, 100, 135, 135, 1262526, 1277258, 0.48, 100, 100, 1, 22, 10000, 35
1, 16180, 115, 150, 150, 1189806, 1193139, 0.48, 100, 100, 1, 22, 10000, 35
1, 16946, 107, 142, 148, 1348479, 1432374, 0.48, 100, 100, 1, 24, 10000, 35
1, 16862, 94, 129, 134, 1599854, 1628798, 0.48, 100, 100, 1, 24, 10000, 35
1, 16993, 99, 134, 152, 1202848, 1342502, 0.48, 100, 100, 1, 21, 10000, 35
0, 31000, 113, 290, 271, 2056560, 1825587, 0.48, 100, 100, 1, 52, 10000, 30
1, 16667, 107, 142, 140, 1164277, 1175991, 0.48, 100, 100, 1, 21, 10000, 35
1, 15730, 111, 147, 146, 1328908, 1331294, 0.48, 100, 100, 1, 20, 10000, 35
0, 31000, 108, 279, 279, 2023626, 1889229, 0.48, 100, 100, 1, 54, 10000, 30
1, 15047, 90, 125, 125, 1121859, 1140324, 0.48, 100, 100, 1, 18, 10000, 35
1, 18056, 86, 121, 129, 1786543, 1877219, 0.48, 100, 100, 1, 24, 10000, 35
1, 21891, 118, 196, 201, 1631342, 1634033, 0.48, 100, 100, 1, 31, 10000, 35
1, 17943, 95, 130, 133, 1627356, 1691333, 0.48, 100, 100, 1, 25, 10000, 35
1, 19787, 104, 149, 150, 1636692, 1639794, 0.48, 100, 100, 1, 29, 10000, 35
1, 15437, 97, 133, 135, 1109594, 1112741, 0.48, 100, 100, 1, 19, 10000, 35
0, 31000, 94, 265, 263, 2070821, 1900072, 0.48, 100, 100, 1, 60, 10000, 30
0, 31000, 118, 268, 259, 2415167, 2195263, 0.48, 100, 100, 1, 51, 10000, 30
1, 17689, 98, 133, 142, 1298202, 1403491, 0.48, 100, 100, 1, 25, 10000, 35
1, 16226, 115, 151, 151, 1376153, 1382579, 0.48, 100, 100, 1, 19, 10000, 35
0, 31000, 112, 254, 256, 2399272, 2276588, 0.48, 100, 100, 1, 53, 10000, 30
1, 17316, 77, 116, 117, 1402634, 1407719, 0.48, 100, 100, 1, 23, 10000, 35
1, 16475, 115, 150, 153, 1257856, 1318292, 0.48, 100, 100, 1, 23, 10000, 35
1, 17973, 115, 150, 151, 1437596, 1464695, 0.48, 100, 100, 1, 23, 10000, 35
1, 16213, 102, 137, 140, 1221747, 1249651, 0.48, 100, 100, 1, 22, 10000, 35
0, 34500, 119, 318, 320, 2237511, 2075635, 0.48, 100, 100, 1, 60, 10000, 35
0, 34500, 96, 307, 305, 2224751, 2047518, 0.48, 100, 100, 1, 61, 10000, 35
0, 34500, 114, 319, 314, 2081230, 1863872, 0.48, 100, 100, 1, 62, 10000, 35
1, 18073, 121, 160, 164, 1433301, 1438034, 0.48, 100, 100, 1, 30, 10000, 35
0, 34500, 96, 303, 290, 2403559, 2158145, 0.48, 100, 100, 1, 63, 10000, 35
1, 15338, 105, 140, 141, 1321881, 1343477, 0.48, 100, 100, 1, 24, 10000, 35
0, 34500, 97, 295, 300, 2215377, 2116925, 0.48, 100, 100, 1, 63, 10000, 35
0, 34500, 88, 284, 286, 2256457, 2135686, 0.48, 100, 100, 1, 62, 10000, 35
1, 16473, 114, 149, 155, 1237352, 1298490, 0.48, 100, 100, 1, 26, 10000, 35
1, 15406, 104, 139, 140, 1199681, 1209974, 0.48, 100, 100, 1, 21, 10000, 35
1, 18739, 104, 161, 163, 1304418, 1306666, 0.48, 100, 100, 1, 34, 10000, 35
0, 34500, 109, 311, 316, 2267252, 2112318, 0.48, 100, 100, 1, 70, 10000, 35
0, 34500, 113, 311, 303, 2259649, 2081924, 0.48, 100, 100, 1, 68, 10000, 35
0, 34500, 114, 316, 310, 2340630, 2187942, 0.48, 100, 100, 1, 66, 10000, 35
0, 34500, 102, 312, 295, 2157725, 1940296, 0.48, 100, 100, 1, 68, 10000, 35
0, 34500, 101, 305, 301, 2273663, 2208386, 0.48, 100, 100, 1, 69, 10000, 35
0, 34500, 104, 299, 307, 2127594, 2087413, 0.48, 100, 100, 1, 70, 10000, 35
1, 27898, 115, 250, 260, 1760968, 1766306, 0.48, 100, 100, 1, 52, 10000, 35
0, 34500, 96, 293, 270, 2598626, 2220117, 0.48, 100, 100, 1, 80, 10000, 35
1, 16669, 95, 135, 139, 1318761, 1322545, 0.48, 100, 100, 1, 29, 10000, 35
1, 16136, 112, 147, 154, 1259012, 1321793, 0.48, 100, 100, 1, 24, 10000, 35
0, 34500, 102, 326, 303, 2454837, 2152272, 0.48, 100, 100, 1, 69, 10000, 35
0, 34500, 83, 292, 285, 2253173, 2097489, 0.48, 100, 100, 1, 68, 10000, 35
0, 34500, 106, 315, 308, 2225332, 1990490, 0.48, 100, 100, 1, 86, 10000, 35
1, 23420, 105, 189, 195, 1648116, 1649429, 0.48, 100, 100, 1, 56, 10000, 35
1, 16213, 107, 142, 142, 1346854, 1375774, 0.48, 100, 100, 1, 33, 10000, 35
1, 16662, 92, 127, 137, 1467081, 1571241, 0.48, 100, 100, 1, 25, 10000, 35
1, 15807, 107, 142, 147, 1161359, 1191880, 0.48, 100, 100, 1, 21, 10000, 35
0, 34500, 103, 315, 305, 2373749, 2166029, 0.48, 100, 100, 1, 86, 10000, 35
0, 34500, 98, 293, 297, 2303794, 2162600, 0.48, 100, 100, 1, 75, 10000, 35
1, 17473, 93, 128, 138, 1335466, 1439312, 0.48, 100, 100, 1, 57, 10000, 35
1, 17597, 111, 162, 164, 1216688, 1218354, 0.48, 100, 100, 1, 38, 10000, 35
1, 16118, 100, 135, 141, 1263125, 1309482, 0.48, 100, 100, 1, 23, 10000, 35
0, 34500, 107, 329, 320, 2129750, 1968187, 0.48, 100, 100, 1, 74, 10000, 35
0, 34500, 107, 301, 292, 2261341, 2165101, 0.48, 100, 100, 1, 68, 10000, 35
0, 34500, 84, 293, 278, 2173862, 1975037, 0.48, 100, 100, 1, 82, 10000, 35
1, 16076, 96, 133, 134, 1224196, 1229102, 0.48, 100, 100, 1, 23, 10000, 35
1, 19164, 88, 140, 143, 1654003, 1655111, 0.48, 100, 100, 1, 28, 10000, 35
0, 34500, 109, 303, 300, 2377321, 2089451, 0.48, 100, 100, 1, 73, 10000, 35
1, 18564, 113, 150, 153, 1576098, 1576299, 0.48, 100, 100, 1, 29, 10000, 35
0, 34500, 98, 306, 297, 2193443, 2033282, 0.48, 100, 100, 1, 63, 10000, 35
1, 14077, 91, 126, 127, 1270522, 1277940, 0.48, 100, 100, 1, 18, 10000, 35
1, 17214, 105, 140, 139, 1531296, 1531634, 0.48, 100, 100, 1, 28, 10000, 35
0, 34500, 92, 309, 299, 2298200, 2152922, 0.48, 100, 100, 1, 82, 10000, 35
1, 17076, 115, 150, 158, 1325839, 1397832, 0.48, 100, 100, 1, 22, 10000, 35
1, 16408, 95, 130, 129, 1380143, 1382646, 0.48, 100, 100, 1, 21, 10000, 35
0, 34500, 93, 310, 298, 2207672, 2064066, 0.48, 100, 100, 1, 67, 10000, 35
0, 34500, 99, 309, 302, 2283950, 2021205, 0.48, 100, 100, 1, 76, 10000, 35
1, 16809, 81, 116, 126, 1472144, 1545822, 0.48, 100, 100, 1, 22, 10000, 35
0, 34500, 110, 316, 296, 2525837, 2184244, 0.48, 100, 100, 1, 71, 10000, 35
0, 34500, 100, 309, 293, 2512426, 2327939, 0.48, 100, 100, 1, 66, 10000, 35
1, 16900, 83, 118, 121, 1301007, 1341901, 0.48, 100, 100, 1, 22, 10000, 35
1, 15577, 108, 145, 144, 1284370, 1288840, 0.48, 100, 100, 1, 25, 10000, 35
1, 15944, 109, 144, 148, 1220788, 1249456, 0.48, 100, 100, 1, 20, 10000, 35
1, 24728, 109, 209, 218, 1910676, 1916141, 0.48, 100, 100, 1, 44, 10000, 35
1, 17145, 115, 150, 166, 1257988, 1485308, 0.48, 100, 100, 1, 24, 10000, 35
1, 19339, 110, 151, 155, 1377826, 1379742, 0.48, 100, 100, 1, 33, 10000, 35
0, 34500, 94, 304, 299, 2155409, 2000746, 0.48, 100, 100, 1, 62, 10000, 35
0, 34500, 94, 284, 295, 2274061, 2236931, 0.48, 100, 100, 1, 69, 10000, 35
1, 16413, 119, 154, 155, 1203269, 1209007, 0.48, 100, 100, 1, 21, 10000, 35
1, 16395, 105, 141, 143, 1278014, 1278914, 0.48, 100, 100, 1, 21, 10000, 35
1, 19143, 98, 146, 150, 1379469, 1380707, 0.48, 100, 100, 1, 30, 10000, 35
0, 34500, 84, 288, 290, 2283964, 2221530, 0.48, 100, 100, 1, 67, 10000, 35
0, 34500, 110, 319, 312, 2345044, 2169252, 0.48, 100, 100, 1, 87, 10000, 35
1, 16922, 77, 112, 118, 1402381, 1487065, 0.48, 100, 100, 1, 26, 10000, 35
0, 34500, 81, 301, 295, 2140031, 2032508, 0.48, 100, 100, 1, 66, 10000, 35
1, 17276, 112, 154, 155, 1351805, 1356341, 0.48, 100, 100, 1, 27, 10000, 35
1, 15997, 110, 145, 145, 1278304, 1282930, 0.48, 100, 100, 1, 23, 10000, 35
0, 34500, 83, 300, 292, 2053678, 1981094, 0.48, 100, 100, 1, 69, 10000, 35
1, 19248, 101, 150, 155, 1340729, 1343363, 0.48, 100, 100, 1, 27, 10000, 35
0, 34500, 116, 294, 292, 2521834, 2272313, 0.48, 100, 100, 1, 60, 10000, 35
1, 15818, 108, 143, 148, 1104726, 1161356, 0.48, 100, 100, 1, 20, 10000, 35
0, 34500, 102, 298, 292, 2432405, 2318821, 0.48, 100, 100, 1, 62, 10000, 35
0, 34500, 109, 312, 301, 2352392, 2182396, 0.48, 100, 100, 1, 66, 10000, 35
1, 18858, 100, 150, 152, 1399118, 1400396, 0.48, 100, 100, 1, 30, 10000, 45
0, 34500, 104, 313, 281, 2468060, 2116008, 0.48, 100, 100, 1, 67, 10000, 35
1, 18201, 101, 146, 145, 1383307, 1396264, 0.48, 100, 100, 1, 27, 10000, 45
0, 34500, 107, 310, 290, 2641222, 2346698, 0.48, 100, 100, 1, 58, 10000, 35
1, 17146, 102, 147, 156, 1338121, 1413937, 0.48, 100, 100, 1, 22, 10000, 45
1, 16499, 105, 150, 153, 1256933, 1262898, 0.48, 100, 100, 1, 21, 10000, 45
1, 18412, 102, 147, 151, 1403469, 1459552, 0.48, 100, 100, 1, 25, 10000, 45
0, 34500, 94, 305, 279, 2328198, 2126599, 0.48, 100, 100, 1, 65, 10000, 35
1, 18127, 97, 142, 146, 1447075, 1480190, 0.48, 100, 100, 1, 25, 10000, 45
0, 34500, 111, 318, 306, 2194159, 2009591, 0.48, 100, 100, 1, 71, 10000, 35
1, 16284, 107, 152, 153, 1182523, 1208180, 0.48, 100, 100, 1, 22, 10000, 45
1, 18553, 116, 168, 172, 1396200, 1401856, 0.48, 100, 100, 1, 28, 10000, 45
1, 16825, 94, 139, 141, 1511613, 1551198, 0.48, 100, 100, 1, 22, 10000, 45
1, 17196, 122, 167, 168, 1406873, 1411223, 0.48, 100, 100, 1, 24, 10000, 45
0, 34500, 100, 309, 304, 2359166, 2170251, 0.48, 100, 100, 1, 69, 10000, 35
1, 17873, 104, 149, 157, 1200569, 1285193, 0.48, 100, 100, 1, 25, 10000, 45
1, 22491, 97, 187, 190, 1543822, 1545296, 0.48, 100, 100, 1, 35, 10000, 45
1, 19297, 104, 149, 165, 1418213, 1604965, 0.48, 100, 100, 1, 28, 10000, 45
1, 19006, 110, 155, 157, 1417255, 1433858, 0.48, 100, 100, 1, 27, 10000, 45
1, 18374, 106, 151, 155, 1542081, 1566724, 0.48, 100, 100, 1, 27, 10000, 45
1, 18378, 90, 138, 139, 1644471, 1646277, 0.48, 100, 100, 1, 25, 10000, 45
0, 34500, 95, 282, 277, 2404956, 2118351, 0.48, 100, 100, 1, 61, 10000, 35
0, 34500, 90, 302, 289, 2308461, 2152071, 0.48, 100, 100, 1, 65, 10000, 35
1, 16499, 93, 138, 138, 1272688, 1297299, 0.48, 100, 100, 1, 22, 10000, 45
1, 18228, 111, 156, 167, 1591518, 1684974, 0.48, 100, 100, 1, 26, 10000, 45
1, 16477, 101, 146, 148, 1263882, 1270327, 0.48, 100, 100, 1, 21, 10000, 45
1, 18392, 112, 157, 159, 1436256, 1481153, 0.48, 100, 100, 1, 26, 10000, 45
1, 20758, 111, 162, 164, 1782502, 1787544, 0.48, 100, 100, 1, 29, 10000, 45
1, 19217, 97, 143, 143, 1433730, 1434522, 0.48, 100, 100, 1, 28, 10000, 45
1, 19451, 99, 144, 147, 1627756, 1666551, 0.48, 100, 100, 1, 27, 10000, 45
1, 16446, 106, 152, 153, 1242706, 1249296, 0.48, 100, 100, 1, 20, 10000, 45
1, 18620, 101, 146, 153, 1450814, 1518469, 0.48, 100, 100, 1, 27, 10000, 45
1, 22118, 108, 173, 179, 1658860, 1661494, 0.48, 100, 100, 1, 32, 10000, 45
0, 41500, 115, 366, 363, 2929834, 2687844, 0.48, 100, 100, 1, 77, 10000, 45
0, 41500, 111, 390, 370, 2928557, 2418412, 0.48, 100, 100, 1, 84, 10000, 45
1, 18896, 95, 140, 151, 1486985, 1585993, 0.48, 100, 100, 1, 26, 10000, 45
1, 19589, 103, 148, 155, 1447836, 1517531, 0.48, 100, 100, 1, 31, 10000, 45
1, 17539, 115, 160, 162, 1345239, 1382563, 0.48, 100, 100, 1, 28, 10000, 45
0, 41500, 98, 373, 358, 2691614, 2476318, 0.48, 100, 100, 1, 79, 10000, 45
0, 41500, 106, 388, 376, 2633577, 2476912, 0.48, 100, 100, 1, 76, 10000, 45
0, 41500, 114, 384, 383, 2665642, 2413439, 0.48, 100, 100, 1, 81, 10000, 45
1, 17906, 87, 132, 133, 1510353, 1514533, 0.48, 100, 100, 1, 27, 10000, 45
1, 20614, 112, 169, 175, 1742993, 1745892, 0.48, 100, 100, 1, 29, 10000, 45
0, 41500, 69, 317, 300, 3123351, 2917893, 0.48, 100, 100, 1, 79, 10000, 45
1, 16989, 101, 146, 154, 1319749, 1359414, 0.48, 100, 100, 1, 29, 10000, 45
1, 19089, 105, 150, 163, 1321542, 1472875, 0.48, 100, 100, 1, 28, 10000, 45
1, 18990, 81, 126, 131, 1549516, 1561607, 0.48, 100, 100, 1, 27, 10000, 45
0, 41500, 107, 381, 372, 2644994, 2325500, 0.48, 100, 100, 1, 75, 10000, 45
1, 29606, 107, 241, 249, 1955424, 1955487, 0.48, 100, 100, 1, 49, 10000, 45
1, 17751, 102, 147, 154, 1199586, 1270105, 0.48, 100, 100, 1, 26, 10000, 45
0, 41500, 111, 380, 373, 2658482, 2388378, 0.48, 100, 100, 1, 76, 10000, 45
0, 41500, 110, 362, 355, 2651974, 2498474, 0.48, 100, 100, 1, 78, 10000, 45
1, 18914, 89, 134, 137, 1908177, 1909421, 0.48, 100, 100, 1, 30, 10000, 45
1, 17288, 103, 148, 151, 1332332, 1345463, 0.48, 100, 100, 1, 26, 10000, 45
0, 41500, 100, 369, 376, 2658095, 2453642, 0.48, 100, 100, 1, 86, 10000, 45
0, 41500, 95, 361, 353, 2685507, 2506326, 0.48, 100, 100, 1, 89, 10000, 45
1, 19482, 107, 153, 152, 1580666, 1583875, 0.48, 100, 100, 1, 36, 10000, 45
1, 16100, 103, 148, 146, 1198420, 1198926, 0.48, 100, 100, 1, 21, 10000, 45
1, 17118, 112, 157, 158, 1226643, 1237321, 0.48, 100, 100, 1, 27, 10000, 45
1, 19649, 101, 146, 153, 1871987, 1910823, 0.48, 100, 100, 1, 27, 10000, 45
1, 17393, 108, 153, 155, 1444968, 1448175, 0.48, 100, 100, 1, 35, 10000, 45
1, 18409, 112, 157, 158, 1471619, 1517050, 0.48, 100, 100, 1, 25, 10000, 45
0, 41500, 86, 348, 341, 2626462, 2342984, 0.48, 100, 100, 1, 85, 10000, 45
0, 41500, 117, 380, 364, 2903555, 2621347, 0.48, 100, 100, 1, 88, 10000, 45
0, 41500, 101, 365, 369, 2760378, 2599391, 0.48, 100, 100, 1, 84, 10000, 45
0, 41500, 99, 365, 358, 2659420, 2528635, 0.48, 100, 100, 1, 83, 10000, 45
0, 41500, 102, 360, 364, 2451503, 2354128, 0.48, 100, 100, 1, 83, 10000, 45
0, 41500, 114, 386, 382, 2673551, 2479088, 0.48, 100, 100, 1, 84, 10000, 45
1, 18686, 114, 159, 157, 1430954, 1459947, 0.48, 100, 100, 1, 30, 10000, 45
1, 18722, 103, 148, 160, 1399071, 1490299, 0.48, 100, 100, 1, 29, 10000, 45
1, 18969, 89, 134, 149, 1550210, 1716177, 0.48, 100, 100, 1, 31, 10000, 45
0, 41500, 111, 391, 390, 2554368, 2370139, 0.48, 100, 100, 1, 73, 10000, 45
0, 41500, 95, 379, 365, 2819335, 2554125, 0.48, 100, 100, 1, 80, 10000, 45
0, 41500, 112, 396, 369, 2879489, 2439276, 0.48, 100, 100, 1, 84, 10000, 45
1, 17077, 103, 148, 145, 1314576, 1315740, 0.48, 100, 100, 1, 32, 10000, 45
0, 41500, 103, 374, 368, 2601051, 2411054, 0.48, 100, 100, 1, 93, 10000, 45
1, 18472, 106, 151, 153, 1487167, 1508189, 0.48, 100, 100, 1, 31, 10000, 45
0, 41500, 91, 366, 362, 2618877, 2334328, 0.48, 100, 100, 1, 76, 10000, 45
0, 41500, 96, 381, 368, 2444454, 2259255, 0.48, 100, 100, 1, 85, 10000, 45
1, 16719, 93, 138, 137, 1138136, 1140939, 0.48, 100, 100, 1, 28, 10000, 45
0, 41500, 104, 372, 373, 2784177, 2697336, 0.48, 100, 100, 1, 77, 10000, 45
1, 21372, 111, 181, 188, 1633287, 1637460, 0.48, 100, 100, 1, 40, 10000, 45
1, 17814, 109, 154, 153, 1442589, 1450843, 0.48, 100, 100, 1, 29, 10000, 45
0, 41500, 116, 394, 386, 2480644, 2268516, 0.48, 100, 100, 1, 89, 10000, 45
0, 41500, 109, 389, 379, 2578858, 2389970, 0.48, 100, 100, 1, 75, 10000, 45
1, 17160, 107, 152, 156, 1247111, 1270211, 0.48, 100, 100, 1, 25, 10000, 45
1, 33859, 102, 296, 303, 2157025, 2160906, 0.48, 100, 100, 1, 63, 10000, 45
1, 17927, 108, 153, 155, 1288094, 1324069, 0.48, 100, 100, 1, 27, 10000, 45
1, 18395, 109, 154, 158, 1454518, 1492976, 0.48, 100, 100, 1, 30, 10000, 45
0, 41500, 109, 395, 363, 2574616, 2220767, 0.48, 100, 100, 1, 81, 10000, 45
0, 41500, 98, 363, 363, 2516389, 2423196, 0.48, 100, 100, 1, 79, 10000, 45
0, 41500, 99, 359, 345, 2813900, 2515655, 0.48, 100, 100, 1, 79, 10000, 45
0, 41500, 96, 369, 364, 2739400, 2514686, 0.48, 100, 100, 1, 81, 10000, 45
0, 41500, 117, 381, 381, 2815426, 2735073, 0.48, 100, 100, 1, 90, 10000, 45
1, 18473, 99, 156, 160, 1448236, 1454463, 0.48, 100, 100, 1, 27, 10000, 55
1, 18021, 107, 152, 159, 1317040, 1357780, 0.48, 100, 100, 1, 30, 10000, 45
0, 41500, 95, 357, 365, 2677253, 2592853, 0.48, 100, 100, 1, 85, 10000, 45
0, 41500, 113, 372, 370, 2681385, 2327960, 0.48, 100, 100, 1, 90, 10000, 45
1, 20163, 93, 148, 154, 1354945, 1417961, 0.48, 100, 100, 1, 31, 10000, 55
1, 18588, 110, 165, 170, 1391726, 1479774, 0.48, 100, 100, 1, 30, 10000, 55
1, 18385, 115, 170, 179, 1302579, 1397971, 0.48, 100, 100, 1, 31, 10000, 55
0, 41500, 100, 388, 381, 2775838, 2567320, 0.48, 100, 100, 1, 93, 10000, 45
1, 18272, 110, 165, 161, 1348066, 1353667, 0.48, 100, 100, 1, 31, 10000, 55
1, 20267, 101, 156, 167, 1476420, 1539233, 0.48, 100, 100, 1, 35, 10000, 55
1, 19588, 105, 160, 163, 1564936, 1574276, 0.48, 100, 100, 1, 30, 10000, 55
1, 17058, 91, 146, 146, 1271225, 1312295, 0.48, 100, 100, 1, 35, 10000, 55
0, 41500, 99, 380, 372, 2638611, 2426519, 0.48, 100, 100, 1, 90, 10000, 45
1, 19585, 94, 149, 152, 1624471, 1625070, 0.48, 100, 100, 1, 28, 10000, 55
1, 19173, 94, 149, 158, 1368987, 1448747, 0.48, 100, 100, 1, 28, 10000, 55
0, 41500, 96, 382, 378, 2553204, 2470917, 0.48, 100, 100, 1, 82, 10000, 45
0, 41500, 102, 365, 349, 2907008, 2549912, 0.48, 100, 100, 1, 103, 10000, 45
0, 41500, 103, 372, 369, 2773105, 2483393, 0.48, 100, 100, 1, 90, 10000, 45
1, 20009, 112, 167, 175, 1385581, 1427706, 0.48, 100, 100, 1, 31, 10000, 55
1, 23895, 91, 200, 201, 1631110, 1633538, 0.48, 100, 100, 1, 48, 10000, 55
0, 41500, 65, 334, 320, 2824343, 2602314, 0.48, 100, 100, 1, 84, 10000, 45
0, 41500, 106, 366, 373, 2523939, 2470943, 0.48, 100, 100, 1, 79, 10000, 45
1, 18514, 97, 152, 155, 1413431, 1437820, 0.48, 100, 100, 1, 28, 10000, 55
1, 18603, 99, 154, 155, 1309680, 1333538, 0.48, 100, 100, 1, 30, 10000, 55
1, 20254, 105, 160, 175, 1481007, 1600859, 0.48, 100, 100, 1, 50, 10000, 55
0, 41500, 102, 383, 378, 2607125, 2446226, 0.48, 100, 100, 1, 110, 10000, 45
0, 41500, 87, 367, 349, 2518320, 2210940, 0.48, 100, 100, 1, 94, 10000, 45
0, 41500, 94, 358, 361, 2692245, 2522546, 0.48, 100, 100, 1, 97, 10000, 45
1, 19619, 92, 147, 152, 1522092, 1582442, 0.48, 100, 100, 1, 30, 10000, 55
1, 19060, 106, 167, 168, 1468510, 1470065, 0.48, 100, 100, 1, 27, 10000, 55
1, 18387, 99, 157, 162, 1233242, 1237792, 0.48, 100, 100, 1, 35, 10000, 55
1, 19658, 112, 167, 171, 1505154, 1563274, 0.48, 100, 100, 1, 34, 10000, 55
0, 48500, 91, 429, 421, 3411116, 3082758, 0.48, 100, 100, 1, 111, 10000, 55
1, 37400, 111, 333, 344, 2369008, 2373431, 0.48, 100, 100, 1, 97, 10000, 55
1, 17875, 106, 161, 160, 1502518, 1514165, 0.48, 100, 100, 1, 29, 10000, 55
1, 19145, 113, 168, 171, 1452735, 1457656, 0.48, 100, 100, 1, 33, 10000, 55
0, 48500, 110, 465, 457, 3011346, 2852211, 0.48, 100, 100, 1, 104, 10000, 55
0, 48500, 122, 463, 440, 3099072, 2548402, 0.48, 100, 100, 1, 109, 10000, 55
1, 40983, 109, 378, 388, 2388456, 2394089, 0.48, 100, 100, 1, 86, 10000, 55
0, 48500, 76, 431, 413, 2865170, 2713937, 0.48, 100, 100, 1, 99, 10000, 55
0, 48500, 92, 448, 450, 2812159, 2698750, 0.48, 100, 100, 1, 114, 10000, 55
0, 48500, 107, 436, 442, 3094556, 3032702, 0.48, 100, 100, 1, 124, 10000, 55
1, 21622, 116, 171, 179, 1726773, 1792253, 0.48, 100, 100, 1, 36, 10000, 55
1, 19969, 110, 165, 166, 1298046, 1314999, 0.48, 100, 100, 1, 34, 10000, 55
0, 48500, 106, 447, 435, 2919396, 2712735, 0.48, 100, 100, 1, 113, 10000, 55
1, 19764, 107, 162, 162, 1555854, 1590958, 0.48, 100, 100, 1, 31, 10000, 55
1, 34698, 126, 317, 324, 2003206, 2004438, 0.48, 100, 100, 1, 73, 10000, 55
0, 48500, 85, 417, 417, 2848556, 2739902, 0.48, 100, 100, 1, 99, 10000, 55
0, 48500, 103, 436, 421, 3024316, 2735992, 0.48, 100, 100, 1, 110, 10000, 55
1, 18964, 96, 151, 153, 1420862, 1436949, 0.48, 100, 100, 1, 29, 10000, 55
0, 48500, 110, 455, 448, 3138001, 2890574, 0.48, 100, 100, 1, 101, 10000, 55
0, 48500, 108, 462, 453, 2981064, 2613680, 0.48, 100, 100, 1, 99, 10000, 55
0, 48500, 109, 440, 435, 3313042, 3041379, 0.48, 100, 100, 1, 100, 10000, 55
0, 48500, 98, 441, 429, 3329349, 2843558, 0.48, 100, 100, 1, 95, 10000, 55
1, 17999, 73, 128, 134, 1311567, 1364317, 0.48, 100, 100, 1, 27, 10000, 55
1, 20787, 113, 168, 171, 1594244, 1616850, 0.48, 100, 100, 1, 31, 10000, 55
1, 18434, 96, 151, 160, 1420850, 1498087, 0.48, 100, 100, 1, 26, 10000, 55
1, 19106, 105, 165, 165, 1332225, 1334146, 0.48, 100, 100, 1, 29, 10000, 55
0, 48500, 83, 428, 405, 3287095, 2785961, 0.48, 100, 100, 1, 95, 10000, 55
1, 19715, 107, 162, 165, 1414731, 1504916, 0.48, 100, 100, 1, 35, 10000, 55
1, 18985, 129, 184, 179, 1614234, 1629117, 0.48, 100, 100, 1, 30, 10000, 55
1, 19683, 108, 163, 158, 1533151, 1542989, 0.48, 100, 100, 1, 30, 10000, 55
1, 27864, 96, 236, 241, 1725850, 1726077, 0.48, 100, 100, 1, 54, 10000, 55
0, 48500, 93, 430, 417, 3263499, 2880467, 0.48, 100, 100, 1, 100, 10000, 55
1, 19582, 102, 157, 165, 1405353, 1464314, 0.48, 100, 100, 1, 32, 10000, 55
0, 48500, 100, 443, 430, 3048164, 2905479, 0.48, 100, 100, 1, 97, 10000, 55
1, 20389, 104, 164, 163, 1634614, 1640513, 0.48, 100, 100, 1, 40, 10000, 55
1, 18298, 75, 130, 130, 1504842, 1538466, 0.48, 100, 100, 1, 27, 10000, 55
1, 19854, 103, 180, 190, 1346105, 1350492, 0.48, 100, 100, 1, 28, 10000, 55
1, 22637, 117, 172, 178, 1840645, 1909253, 0.48, 100, 100, 1, 36, 10000, 55
0, 48500, 115, 463, 444, 3102500, 2704737, 0.48, 100, 100, 1, 105, 10000, 55
0, 48500, 108, 439, 435, 3001765, 2766998, 0.48, 100, 100, 1, 98, 10000, 55
0, 48500, 132, 463, 445, 3136268, 2778335, 0.48, 100, 100, 1, 96, 10000, 55
1, 19682, 89, 144, 150, 1509791, 1514709, 0.48, 100, 100, 1, 33, 10000, 55
1, 19197, 108, 163, 170, 1611437, 1671092, 0.48, 100, 100, 1, 29, 10000, 55
1, 19819, 112, 167, 168, 1731786, 1753154, 0.48, 100, 100, 1, 27, 10000, 55
1, 21263, 90, 152, 155, 1573876, 1578762, 0.48, 100, 100, 1, 33, 10000, 55
0, 48500, 107, 462, 435, 3201758, 2828046, 0.48, 100, 100, 1, 96, 10000, 55
1, 19113, 114, 169, 172, 1492631, 1529127, 0.48, 100, 100, 1, 29, 10000, 55
1, 18638, 97, 152, 152, 1495513, 1513616, 0.48, 100, 100, 1, 34, 10000, 55
0, 48500, 115, 452, 442, 2852650, 2722406, 0.48, 100, 100, 1, 91, 10000, 55
0, 48500, 104, 442, 447, 2865579, 2671332, 0.48, 100, 100, 1, 101, 10000, 55
1, 20478, 104, 159, 165, 1432253, 1494738, 0.48, 100, 100, 1, 38, 10000, 55
1, 18018, 75, 130, 130, 1491627, 1506959, 0.48, 100, 100, 1, 24, 10000, 55
0, 48500, 110, 459, 445, 2845547, 2486833, 0.48, 100, 100, 1, 100, 10000, 55
1, 18311, 95, 150, 151, 1372333, 1412477, 0.48, 100, 100, 1, 28, 10000, 55
1, 18333, 89, 145, 146, 1265184, 1267852, 0.48, 100, 100, 1, 33, 10000, 55
0, 48500, 97, 427, 422, 3174893, 3007945, 0.48, 100, 100, 1, 106, 10000, 55
0, 48500, 110, 455, 451, 3157223, 2877480, 0.48, 100, 100, 1, 93, 10000, 55
0, 48500, 89, 424, 414, 3007941, 2962833, 0.48, 100, 100, 1, 110, 10000, 55
1, 18759, 97, 152, 158, 1343798, 1415894, 0.48, 100, 100, 1, 58, 10000, 55
1, 19797, 114, 169, 181, 1384458, 1484612, 0.48, 100, 100, 1, 29, 10000, 55
0, 48500, 104, 447, 445, 2899906, 2758227, 0.48, 100, 100, 1, 94, 10000, 55
0, 48500, 98, 445, 439, 2974804, 2757960, 0.48, 100, 100, 1, 97, 10000, 55
0, 48500, 99, 457, 448, 2841525, 2646617, 0.48, 100, 100, 1, 97, 10000, 55
1, 18820, 92, 147, 158, 1314540, 1474479, 0.48, 100, 100, 1, 26, 10000, 55
0, 48500, 105, 453, 446, 3191959, 2967752, 0.48, 100, 100, 1, 95, 10000, 55
0, 48500, 110, 445, 431, 3116100, 2758477, 0.48, 100, 100, 1, 92, 10000, 55
0, 48500, 113, 452, 439, 2959536, 2653471, 0.48, 100, 100, 1, 91, 10000, 55
1, 20796, 110, 175, 174, 1547138, 1552523, 0.48, 100, 100, 1, 34, 10000, 65
1, 21440, 88, 162, 163, 1430412, 1434268, 0.48, 100, 100, 1, 39, 10000, 65
1, 24563, 103, 188, 192, 1687547, 1689986, 0.48, 100, 100, 1, 52, 10000, 55
0, 48500, 102, 450, 446, 2856122, 2562151, 0.48, 100, 100, 1, 89, 10000, 55
0, 48500, 116, 451, 455, 3109597, 2714423, 0.48, 100, 100, 1, 95, 10000, 55
1, 21637, 116, 187, 191, 1982158, 1988819, 0.48, 100, 100, 1, 43, 10000, 55
0, 48500, 117, 458, 442, 3202630, 2813415, 0.48, 100, 100, 1, 92, 10000, 55
0, 48500, 114, 452, 440, 3144522, 2757917, 0.48, 100, 100, 1, 96, 10000, 55
1, 19011, 89, 154, 160, 1223424, 1315178, 0.48, 100, 100, 1, 39, 10000, 65
0, 48500, 82, 428, 417, 3097763, 2766311, 0.48, 100, 100, 1, 97, 10000, 55
1, 20794, 114, 179, 193, 1649063, 1858915, 0.48, 100, 100, 1, 31, 10000, 65
0, 48500, 100, 436, 435, 3039647, 2918075, 0.48, 100, 100, 1, 100, 10000, 55
1, 20663, 112, 177, 185, 1505575, 1581392, 0.48, 100, 100, 1, 43, 10000, 65
0, 48500, 101, 447, 433, 3075960, 2835449, 0.48, 100, 100, 1, 110, 10000, 55
1, 30731, 109, 257, 276, 2114749, 2116387, 0.48, 100, 100, 1, 63, 10000, 65
1, 22686, 99, 184, 189, 1516793, 1520236, 0.48, 100, 100, 1, 38, 10000, 65
1, 19663, 113, 179, 177, 1405351, 1406746, 0.48, 100, 100, 1, 40, 10000, 65
0, 48500, 109, 457, 440, 3207070, 2825887, 0.48, 100, 100, 1, 108, 10000, 55
0, 48500, 99, 438, 421, 3163972, 2700672, 0.48, 100, 100, 1, 111, 10000, 55
0, 48500, 98, 459, 444, 3180588, 2897620, 0.48, 100, 100, 1, 90, 10000, 55
1, 20314, 104, 169, 175, 1409898, 1439844, 0.48, 100, 100, 1, 34, 10000, 65
1, 21254, 94, 159, 171, 1525804, 1667921, 0.48, 100, 100, 1, 34, 10000, 65
1, 22942, 96, 191, 191, 1522875, 1526516, 0.48, 100, 100, 1, 37, 10000, 65
1, 20048, 97, 162, 165, 1433625, 1487068, 0.48, 100, 100, 1, 32, 10000, 65
1, 19830, 120, 185, 183, 1436827, 1460456, 0.48, 100, 100, 1, 31, 10000, 65
0, 48500, 106, 451, 433, 2869506, 2691063, 0.48, 100, 100, 1, 111, 10000, 55
1, 19928, 101, 166, 167, 1456611, 1497922, 0.48, 100, 100, 1, 27, 10000, 65
0, 48500, 95, 442, 438, 2827357, 2702502, 0.48, 100, 100, 1, 120, 10000, 55
1, 21705, 118, 183, 183, 1520939, 1522294, 0.48, 100, 100, 1, 35, 10000, 65
1, 19831, 113, 178, 178, 1452357, 1500132, 0.48, 100, 100, 1, 30, 10000, 65
0, 55500, 104, 540, 526, 2987025, 2701370, 0.48, 100, 100, 1, 111, 10000, 65
1, 27163, 105, 225, 231, 1802631, 1806326, 0.48, 100, 100, 1, 44, 10000, 65
1, 21106, 89, 154, 168, 1499272, 1620121, 0.48, 100, 100, 1, 32, 10000, 65
0, 55500, 107, 527, 525, 3265578, 3032994, 0.48, 100, 100, 1, 116, 10000, 65
1, 21595, 102, 167, 176, 1712218, 1821699, 0.48, 100, 100, 1, 46, 10000, 65
0, 55500, 82, 478, 466, 3435873, 3267672, 0.48, 100, 100, 1, 122, 10000, 65
0, 55500, 84, 498, 499, 3360932, 3190794, 0.48, 100, 100, 1, 110, 10000, 65
0, 55500, 94, 498, 490, 3397378, 3279658, 0.48, 100, 100, 1, 136, 10000, 65
1, 20458, 88, 153, 158, 1725302, 1790001, 0.48, 100, 100, 1, 36, 10000, 65
0, 55500, 113, 536, 529, 3149645, 2866014, 0.48, 100, 100, 1, 110, 10000, 65
1, 22289, 92, 157, 168, 1542587, 1628261, 0.48, 100, 100, 1, 34, 10000, 65
0, 55500, 98, 504, 494, 3427702, 2978816, 0.48, 100, 100, 1, 121, 10000, 65
0, 55500, 122, 521, 522, 3258254, 3173847, 0.48, 100, 100, 1, 123, 10000, 65
1, 23745, 124, 218, 230, 1724004, 1724900, 0.48, 100, 100, 1, 42, 10000, 65
0, 55500, 110, 518, 505, 3487205, 3185307, 0.48, 100, 100, 1, 120, 10000, 65
0, 55500, 109, 517, 495, 3621151, 3242774, 0.48, 100, 100, 1, 115, 10000, 65
1, 22172, 110, 181, 184, 1699486, 1701786, 0.48, 100, 100, 1, 37, 10000, 65
0, 55500, 99, 515, 516, 3316617, 3190846, 0.48, 100, 100, 1, 118, 10000, 65
0, 55500, 99, 510, 500, 3412792, 3093294, 0.48, 100, 100, 1, 108, 10000, 65
0, 55500, 93, 516, 508, 3338389, 3040622, 0.48, 100, 100, 1, 116, 10000, 65
1, 20463, 106, 171, 179, 1280209, 1345746, 0.48, 100, 100, 1, 32, 10000, 65
0, 55500, 90, 506, 508, 3556724, 3262075, 0.48, 100, 100, 1, 112, 10000, 65
1, 21352, 93, 163, 167, 1767047, 1770324, 0.48, 100, 100, 1, 35, 10000, 65
0, 55500, 116, 532, 529, 3498104, 3301905, 0.48, 100, 100, 1, 113, 10000, 65
1, 20869, 111, 176, 172, 1524612, 1531312, 0.48, 100, 100, 1, 34, 10000, 65
1, 21702, 106, 171, 171, 1531783, 1559606, 0.48, 100, 100, 1, 32, 10000, 65
1, 19294, 99, 164, 162, 1616758, 1619535, 0.48, 100, 100, 1, 29, 10000, 65
1, 28619, 113, 235, 246, 1955306, 1959360, 0.48, 100, 100, 1, 50, 10000, 65
0, 55500, 94, 493, 494, 3577248, 3449918, 0.48, 100, 100, 1, 109, 10000, 65
0, 55500, 103, 514, 504, 3294909, 2987528, 0.48, 100, 100, 1, 110, 10000, 65
1, 20410, 92, 157, 171, 1432567, 1563903, 0.48, 100, 100, 1, 41, 10000, 65
0, 55500, 90, 493, 490, 3351439, 3289260, 0.48, 100, 100, 1, 106, 10000, 65
1, 21493, 101, 166, 167, 1484839, 1505781, 0.48, 100, 100, 1, 32, 10000, 65
0, 55500, 96, 521, 509, 3187745, 2944944, 0.48, 100, 100, 1, 107, 10000, 65
0, 55500, 118, 514, 506, 3568631, 3309504, 0.48, 100, 100, 1, 112, 10000, 65
1, 25284, 109, 218, 226, 1685911, 1689770, 0.48, 100, 100, 1, 63, 10000, 65
0, 55500, 116, 522, 524, 3169771, 3102477, 0.48, 100, 100, 1, 120, 10000, 65
1, 19575, 97, 162, 162, 1588726, 1600902, 0.48, 100, 100, 1, 29, 10000, 65
0, 55500, 106, 518, 524, 3350552, 3245511, 0.48, 100, 100, 1, 104, 10000, 65
1, 20631, 94, 159, 175, 1589768, 1737550, 0.48, 100, 100, 1, 35, 10000, 65
0, 55500, 109, 509, 501, 3561861, 3345403, 0.48, 100, 100, 1, 122, 10000, 65
1, 22056, 99, 172, 175, 1519948, 1520941, 0.48, 100, 100, 1, 42, 10000, 65
1, 21073, 96, 161, 172, 1515994, 1628487, 0.48, 100, 100, 1, 33, 10000, 65
1, 53467, 114, 481, 497, 3050751, 3052273, 0.48, 100, 100, 1, 107, 10000, 65
1, 20955, 102, 167, 169, 1583694, 1606474, 0.48, 100, 100, 1, 32, 10000, 65
0, 55500, 92, 499, 505, 3361193, 3299300, 0.48, 100, 100, 1, 107, 10000, 65
1, 23841, 111, 212, 211, 1628016, 1631418, 0.48, 100, 100, 1, 40, 10000, 65
1, 23127, 68, 133, 137, 1960409, 2022083, 0.48, 100, 100, 1, 37, 10000, 65
1, 18705, 106, 171, 173, 1232534, 1252263, 0.48, 100, 100, 1, 34, 10000, 65
1, 21784, 87, 167, 169, 1671490, 1675998, 0.48, 100, 100, 1, 37, 10000, 65
0, 55500, 91, 517, 498, 3432182, 3148899, 0.48, 100, 100, 1, 112, 10000, 65
1, 19389, 107, 172, 168, 1523546, 1546935, 0.48, 100, 100, 1, 30, 10000, 65
1, 20025, 116, 183, 187, 1371596, 1376542, 0.48, 100, 100, 1, 30, 10000, 65
1, 21811, 112, 177, 178, 1712051, 1745855, 0.48, 100, 100, 1, 32, 10000, 65
0, 55500, 106, 512, 519, 3473669, 3240490, 0.48, 100, 100, 1, 113, 10000, 65
0, 55500, 99, 513, 505, 3442738, 3160363, 0.48, 100, 100, 1, 105, 10000, 65
1, 20803, 125, 190, 189, 1582865, 1603179, 0.48, 100, 100, 1, 34, 10000, 65
1, 22119, 112, 177, 181, 1704296, 1756270, 0.48, 100, 100, 1, 38, 10000, 65
1, 37289, 108, 342, 351, 2319593, 2320376, 0.48, 100, 100, 1, 69, 10000, 65
0, 55500, 105, 513, 507, 3475193, 3287612, 0.48, 100, 100, 1, 118, 10000, 65
1, 23435, 78, 143, 149, 2026909, 2042501, 0.48, 100, 100, 1, 53, 10000, 65
0, 55500, 97, 514, 504, 3720362, 3287171, 0.48, 100, 100, 1, 116, 10000, 65
1, 25892, 94, 204, 206, 1837314, 1838051, 0.48, 100, 100, 1, 51, 10000, 65
1, 22169, 101, 166, 166, 1747247, 1752056, 0.48, 100, 100, 1, 42, 10000, 65
0, 55500, 85, 511, 486, 3771286, 3190563, 0.48, 100, 100, 1, 107, 10000, 65
0, 55500, 95, 508, 502, 3348967, 3244686, 0.48, 100, 100, 1, 119, 10000, 65
1, 21460, 104, 169, 173, 1622454, 1634803, 0.48, 100, 100, 1, 36, 10000, 65
0, 55500, 110, 512, 515, 3378019, 3234854, 0.48, 100, 100, 1, 116, 10000, 65
1, 21188, 116, 181, 182, 1668049, 1703499, 0.48, 100, 100, 1, 34, 10000, 65
1, 21162, 118, 193, 190, 1585214, 1590794, 0.48, 100, 100, 1, 31, 10000, 75
1, 21267, 79, 154, 156, 1714473, 1723973, 0.48, 100, 100, 1, 31, 10000, 75
1, 22534, 101, 176, 181, 1570683, 1575489, 0.48, 100, 100, 1, 33, 10000, 75
0, 55500, 112, 516, 507, 3259002, 3116726, 0.48, 100, 100, 1, 111, 10000, 65
1, 22580, 107, 182, 199, 1493510, 1599893, 0.48, 100, 100, 1, 41, 10000, 75
0, 55500, 122, 531, 523, 3305288, 3074178, 0.48, 100, 100, 1, 118, 10000, 65
1, 21795, 107, 182, 182, 1554551, 1566664, 0.48, 100, 100, 1, 38, 10000, 75
1, 52373, 112, 475, 494, 3135067, 3138590, 0.48, 100, 100, 1, 99, 10000, 65
0, 55500, 98, 516, 511, 3567826, 3124807, 0.48, 100, 100, 1, 115, 10000, 65
0, 55500, 122, 518, 501, 3496192, 3230150, 0.48, 100, 100, 1, 112, 10000, 65
0, 55500, 95, 514, 522, 3230972, 3028513, 0.48, 100, 100, 1, 103, 10000, 65
1, 25414, 96, 219, 219, 2043726, 2046863, 0.48, 100, 100, 1, 47, 10000, 75
0, 55500, 91, 519, 501, 3461918, 2957221, 0.48, 100, 100, 1, 107, 10000, 65
1, 20458, 117, 192, 190, 1596519, 1625111, 0.48, 100, 100, 1, 35, 10000, 75
0, 55500, 102, 522, 528, 3479830, 3369349, 0.48, 100, 100, 1, 109, 10000, 65
1, 22606, 86, 168, 165, 1866668, 1872645, 0.48, 100, 100, 1, 35, 10000, 75
0, 55500, 115, 530, 521, 3487868, 3131897, 0.48, 100, 100, 1, 114, 10000, 65
1, 23374, 74, 157, 162, 1881177, 1885750, 0.48, 100, 100, 1, 45, 10000, 75
1, 21606, 101, 177, 170, 1529127, 1531428, 0.48, 100, 100, 1, 34, 10000, 75
0, 55500, 81, 486, 473, 3666516, 3280288, 0.48, 100, 100, 1, 109, 10000, 65
0, 55500, 119, 532, 526, 3377655, 2942360, 0.48, 100, 100, 1, 115, 10000, 65
0, 55500, 89, 527, 501, 3479458, 3171192, 0.48, 100, 100, 1, 114, 10000, 65
0, 55500, 82, 485, 475, 3590889, 3312072, 0.48, 100, 100, 1, 112, 10000, 65
0, 55500, 106, 527, 516, 3209325, 3022397, 0.48, 100, 100, 1, 111, 10000, 65
0, 55500, 94, 505, 504, 3276585, 3100894, 0.48, 100, 100, 1, 113, 10000, 65
1, 24268, 79, 156, 155, 1902091, 1902534, 0.48, 100, 100, 1, 39, 10000, 75
1, 23327, 104, 179, 184, 1825611, 1837563, 0.48, 100, 100, 1, 41, 10000, 75
0, 62500, 101, 580, 570, 3761000, 3301274, 0.48, 100, 100, 1, 120, 10000, 75
1, 22145, 115, 190, 204, 1465919, 1633399, 0.48, 100, 100, 1, 40, 10000, 75
1, 21584, 85, 161, 164, 1689790, 1691915, 0.48, 100, 100, 1, 32, 10000, 75
0, 62500, 109, 560, 567, 4142297, 3771133, 0.48, 100, 100, 1, 126, 10000, 75
1, 23534, 87, 162, 172, 1765051, 1849842, 0.48, 100, 100, 1, 42, 10000, 75
1, 22640, 85, 160, 168, 1695210, 1814337, 0.48, 100, 100, 1, 40, 10000, 75
1, 21189, 107, 188, 192, 1374188, 1374952, 0.48, 100, 100, 1, 31, 10000, 75
1, 22943, 104, 186, 187, 1539452, 1540642, 0.48, 100, 100, 1, 39, 10000, 75
0, 62500, 114, 604, 585, 3733125, 3258086, 0.48, 100, 100, 1, 139, 10000, 75
0, 62500, 96, 591, 573, 3646903, 3436313, 0.48, 100, 100, 1, 141, 10000, 75
0, 62500, 97, 555, 548, 3884690, 3608948, 0.48, 100, 100, 1, 123, 10000, 75
0, 62500, 106, 591, 584, 3902291, 3532951, 0.48, 100, 100, 1, 137, 10000, 75
0, 62500, 85, 572, 555, 4061345, 3438944, 0.48, 100, 100, 1, 141, 10000, 75
0, 62500, 106, 582, 585, 3684192, 3485363, 0.48, 100, 100, 1, 134, 10000, 75
1, 20449, 95, 170, 182, 1311990, 1434617, 0.48, 100, 100, 1, 32, 10000, 75
1, 25029, 102, 205, 210, 1720558, 1724500, 0.48, 100, 100, 1, 50, 10000, 75
1, 21340, 107, 182, 195, 1400468, 1514392, 0.48, 100, 100, 1, 43, 10000, 75
1, 20656, 103, 181, 183, 1398027, 1400194, 0.48, 100, 100, 1, 36, 10000, 75
1, 22202, 103, 179, 182, 1614148, 1617943, 0.48, 100, 100, 1, 33, 10000, 75
0, 62500, 107, 587, 576, 3877109, 3442515, 0.48, 100, 100, 1, 132, 10000, 75
0, 62500, 98, 580, 590, 3562992, 3354507, 0.48, 100, 100, 1, 127, 10000, 75
0, 62500, 68, 521, 524, 3939004, 3876452, 0.48, 100, 100, 1, 162, 10000, 75
0, 62500, 99, 588, 575, 3846459, 3406725, 0.48, 100, 100, 1, 146, 10000, 75
1, 22969, 104, 179, 179, 1729024, 1730919, 0.48, 100, 100, 1, 58, 10000, 75
0, 62500, 116, 605, 580, 4044233, 3667576, 0.48, 100, 100, 1, 125, 10000, 75
0, 62500, 106, 583, 569, 3719153, 3333029, 0.48, 100, 100, 1, 147, 10000, 75
1, 22616, 121, 196, 196, 1558691, 1597772, 0.48, 100, 100, 1, 40, 10000, 75
1, 40124, 105, 354, 385, 2320958, 2323700, 0.48, 100, 100, 1, 76, 10000, 75
1, 21901, 106, 181, 187, 1534025, 1597671, 0.48, 100, 100, 1, 35, 10000, 75
0, 62500, 112, 601, 608, 3633422, 3443966, 0.48, 100, 100, 1, 131, 10000, 75
1, 21960, 111, 186, 189, 1526876, 1576253, 0.48, 100, 100, 1, 33, 10000, 75
0, 62500, 109, 584, 549, 4251854, 3527383, 0.48, 100, 100, 1, 127, 10000, 75
1, 23061, 105, 180, 185, 1706148, 1749230, 0.48, 100, 100, 1, 41, 10000, 75
1, 31464, 116, 282, 289, 1899442, 1899524, 0.48, 100, 100, 1, 62, 10000, 75
1, 20968, 99, 174, 176, 1511231, 1526654, 0.48, 100, 100, 1, 31, 10000, 75
1, 21488, 92, 167, 197, 1427242, 1597100, 0.48, 100, 100, 1, 35, 10000, 75
1, 53460, 119, 489, 499, 3185229, 3189555, 0.48, 100, 100, 1, 136, 10000, 75
1, 27159, 98, 220, 227, 1907230, 1909077, 0.48, 100, 100, 1, 44, 10000, 75
1, 21865, 93, 168, 180, 1703286, 1803224, 0.48, 100, 100, 1, 39, 10000, 75
1, 23541, 92, 168, 166, 1747579, 1749260, 0.48, 100, 100, 1, 39, 10000, 75
0, 62500, 118, 601, 595, 3899702, 3533328, 0.48, 100, 100, 1, 143, 10000, 75
1, 20886, 106, 181, 183, 1457292, 1485538, 0.48, 100, 100, 1, 39, 10000, 75
0, 62500, 110, 592, 584, 3842598, 3553889, 0.48, 100, 100, 1, 137, 10000, 75
0, 62500, 110, 576, 582, 3814942, 3707046, 0.48, 100, 100, 1, 139, 10000, 75
1, 21185, 110, 185, 184, 1399604, 1432378, 0.48, 100, 100, 1, 33, 10000, 75
1, 20879, 76, 151, 152, 1633159, 1709904, 0.48, 100, 100, 1, 37, 10000, 75
0, 62500, 86, 577, 559, 3678224, 3199474, 0.48, 100, 100, 1, 144, 10000, 75
1, 20395, 92, 167, 172, 1342554, 1381910, 0.48, 100, 100, 1, 37, 10000, 75
0, 62500, 102, 578, 570, 3928858, 3752788, 0.48, 100, 100, 1, 138, 10000, 75
0, 62500, 98, 584, 572, 3860443, 3497965, 0.48, 100, 100, 1, 119, 10000, 75
0, 62500, 117, 593, 594, 3715163, 3488571, 0.48, 100, 100, 1, 141, 10000, 75
1, 42540, 118, 395, 408, 2677372, 2678285, 0.48, 100, 100, 1, 79, 10000, 75
0, 62500, 95, 582, 565, 3677028, 3243869, 0.48, 100, 100, 1, 132, 10000, 75
0, 62500, 102, 587, 568, 3980680, 3369739, 0.48, 100, 100, 1, 121, 10000, 75
1, 22360, 87, 162, 162, 1628629, 1647798, 0.48, 100, 100, 1, 34, 10000, 75
0, 62500, 98, 567, 550, 4090538, 3669052, 0.48, 100, 100, 1, 140, 10000, 75
1, 20966, 103, 178, 178, 1499918, 1537996, 0.48, 100, 100, 1, 35, 10000, 75
1, 25475, 94, 169, 202, 1726687, 2002216, 0.48, 100, 100, 1, 42, 10000, 75
1, 22301, 111, 186, 190, 1662282, 1695037, 0.48, 100, 100, 1, 55, 10000, 75
1, 22150, 103, 178, 178, 1678755, 1710994, 0.48, 100, 100, 1, 34, 10000, 75
1, 22158, 121, 196, 201, 1708516, 1730898, 0.48, 100, 100, 1, 41, 10000, 75
1, 33854, 77, 264, 280, 2039075, 2041005, 0.48, 100, 100, 1, 59, 10000, 75
0, 62500, 108, 582, 574, 3989814, 3686106, 0.48, 100, 100, 1, 130, 10000, 75
0, 62500, 94, 579, 580, 3703855, 3422455, 0.48, 100, 100, 1, 127, 10000, 75
0, 62500, 89, 570, 571, 3792782, 3604569, 0.48, 100, 100, 1, 144, 10000, 75
0, 62500, 106, 574, 566, 4126201, 3600547, 0.48, 100, 100, 1, 150, 10000, 75
1, 23042, 105, 180, 181, 1767084, 1820921, 0.48, 100, 100, 1, 38, 10000, 75
0, 62500, 99, 580, 572, 3966329, 3403760, 0.48, 100, 100, 1, 137, 10000, 75
0, 62500, 98, 572, 568, 3972958, 3750882, 0.48, 100, 100, 1, 127, 10000, 75
1, 24447, 115, 200, 196, 1781322, 1782870, 0.48, 100, 100, 1, 42, 10000, 85
0, 62500, 103, 571, 562, 3896620, 3388240, 0.48, 100, 100, 1, 141, 10000, 75
0, 62500, 90, 574, 576, 3592137, 3328094, 0.48, 100, 100, 1, 124, 10000, 75
0, 62500, 95, 596, 580, 3839637, 3569221, 0.48, 100, 100, 1, 133, 10000, 75
0, 62500, 95, 578, 566, 4054242, 3665688, 0.48, 100, 100, 1, 130, 10000, 75
1, 25105, 78, 165, 170, 1797837, 1798009, 0.48, 100, 100, 1, 39, 10000, 85
0, 62500, 100, 570, 565, 3819999, 3609103, 0.48, 100, 100, 1, 140, 10000, 75
1, 49069, 92, 434, 445, 2858143, 2858417, 0.48, 100, 100, 1, 91, 10000, 75
1, 61265, 98, 532, 544, 3583486, 3584728, 0.48, 100, 100, 1, 137, 10000, 75
0, 62500, 101, 577, 567, 3703226, 3510498, 0.48, 100, 100, 1, 142, 10000, 75
0, 62500, 89, 564, 568, 3647207, 3494404, 0.48, 100, 100, 1, 144, 10000, 75
0, 62500, 100, 575, 579, 3888010, 3673202, 0.48, 100, 100, 1, 122, 10000, 75
0, 62500, 106, 588, 581, 3776049, 3514329, 0.48, 100, 100, 1, 131, 10000, 75
0, 62500, 97, 567, 565, 3687827, 3533196, 0.48, 100, 100, 1, 146, 10000, 75
0, 62500, 101, 576, 578, 3529041, 3404040, 0.48, 100, 100, 1, 128, 10000, 75
0, 62500, 107, 590, 571, 3839510, 3666060, 0.48, 100, 100, 1, 120, 10000, 75
0, 62500, 107, 581, 590, 3710352, 3531685, 0.48, 100, 100, 1, 126, 10000, 75
0, 62500, 90, 578, 579, 3714751, 3465465, 0.48, 100, 100, 1, 132, 10000, 75
1, 28461, 113, 234, 228, 2119521, 2119822, 0.48, 100, 100, 1, 45, 10000, 85
0, 62500, 100, 579, 568, 3681496, 3412801, 0.48, 100, 100, 1, 126, 10000, 75
1, 24535, 114, 205, 204, 1756378, 1759051, 0.48, 100, 100, 1, 44, 10000, 85
1, 23460, 102, 197, 199, 1598229, 1602080, 0.48, 100, 100, 1, 40, 10000, 85
1, 23655, 104, 189, 199, 1542928, 1694393, 0.48, 100, 100, 1, 36, 10000, 85
1, 38878, 111, 360, 372, 2397329, 2399156, 0.48, 100, 100, 1, 70, 10000, 85
0, 62500, 107, 584, 584, 3605312, 3341854, 0.48, 100, 100, 1, 129, 10000, 75
1, 23209, 113, 198, 205, 1542058, 1668881, 0.48, 100, 100, 1, 42, 10000, 85
1, 23753, 103, 188, 192, 1598841, 1687434, 0.48, 100, 100, 1, 38, 10000, 85
0, 62500, 98, 592, 596, 3625220, 3336358, 0.48, 100, 100, 1, 128, 10000, 75
0, 69500, 87, 652, 639, 4215635, 3778273, 0.48, 100, 100, 1, 137, 10000, 85
0, 69500, 87, 643, 634, 4038169, 3869171, 0.48, 100, 100, 1, 146, 10000, 85
1, 22931, 103, 188, 195, 1481272, 1575929, 0.48, 100, 100, 1, 38, 10000, 85
0, 69500, 98, 652, 642, 4230745, 3846638, 0.48, 100, 100, 1, 144, 10000, 85
1, 22598, 93, 178, 185, 1582246, 1661812, 0.48, 100, 100, 1, 38, 10000, 85
1, 21231, 117, 202, 210, 1535981, 1618763, 0.48, 100, 100, 1, 34, 10000, 85
0, 69500, 104, 645, 633, 4239880, 3883447, 0.48, 100, 100, 1, 145, 10000, 85
0, 69500, 97, 660, 646, 4418118, 3593195, 0.48, 100, 100, 1, 140, 10000, 85
1, 37147, 77, 314, 329, 2322218, 2323591, 0.48, 100, 100, 1, 89, 10000, 85
0, 69500, 106, 661, 636, 4113287, 3817928, 0.48, 100, 100, 1, 141, 10000, 85
0, 69500, 103, 648, 640, 4311095, 4012413, 0.48, 100, 100, 1, 149, 10000, 85
1, 22643, 106, 191, 193, 1656049, 1712140, 0.48, 100, 100, 1, 57, 10000, 85
0, 69500, 92, 634, 607, 4377292, 4013238, 0.48, 100, 100, 1, 145, 10000, 85
1, 24133, 102, 187, 197, 1690054, 1767553, 0.48, 100, 100, 1, 39, 10000, 85
0, 69500, 122, 667, 657, 4292612, 3775662, 0.48, 100, 100, 1, 139, 10000, 85
0, 69500, 98, 641, 642, 3947465, 3855422, 0.48, 100, 100, 1, 141, 10000, 85
1, 22585, 108, 193, 197, 1510494, 1590325, 0.48, 100, 100, 1, 37, 10000, 85
0, 69500, 106, 651, 645, 4597087, 4031929, 0.48, 100, 100, 1, 147, 10000, 85
1, 32808, 112, 285, 289, 2165916, 2168061, 0.48, 100, 100, 1, 65, 10000, 85
0, 69500, 111, 661, 640, 4405266, 4017110, 0.48, 100, 100, 1, 143, 10000, 85
1, 23013, 94, 179, 191, 1558295, 1694320, 0.48, 100, 100, 1, 38, 10000, 85
0, 69500, 92, 640, 626, 4118993, 3894689, 0.48, 100, 100, 1, 142, 10000, 85
0, 69500, 93, 652, 648, 3929180, 3582979, 0.48, 100, 100, 1, 143, 10000, 85
1, 23735, 107, 192, 189, 1878688, 1893115, 0.48, 100, 100, 1, 39, 10000, 85
0, 69500, 99, 657, 661, 3928283, 3697012, 0.48, 100, 100, 1, 142, 10000, 85
1, 23416, 111, 208, 206, 1555160, 1558485, 0.48, 100, 100, 1, 45, 10000, 85
1, 23577, 91, 196, 202, 1631540, 1634188, 0.48, 100, 100, 1, 43, 10000, 85
1, 22105, 106, 191, 188, 1436116, 1474303, 0.48, 100, 100, 1, 34, 10000, 85
0, 69500, 116, 673, 657, 3824396, 3520449, 0.48, 100, 100, 1, 152, 10000, 85
1, 23611, 113, 210, 213, 1706138, 1706696, 0.48, 100, 100, 1, 38, 10000, 85
0, 69500, 116, 683, 665, 3941173, 3557765, 0.48, 100, 100, 1, 147, 10000, 85
0, 69500, 102, 649, 645, 3997693, 3729185, 0.48, 100, 100, 1, 151, 10000, 85
1, 25641, 86, 200, 206, 1759938, 1762571, 0.48, 100, 100, 1, 42, 10000, 85
0, 69500, 116, 671, 648, 4343418, 3974790, 0.48, 100, 100, 1, 146, 10000, 85
0, 69500, 108, 664, 652, 4229573, 3926173, 0.48, 100, 100, 1, 140, 10000, 85
1, 23323, 104, 189, 210, 1643410, 1878427, 0.48, 100, 100, 1, 37, 10000, 85
0, 69500, 110, 649, 635, 4258550, 4043487, 0.48, 100, 100, 1, 186, 10000, 85
0, 69500, 96, 655, 637, 4203568, 3688730, 0.48, 100, 100, 1, 145, 10000, 85
1, 22679, 104, 189, 189, 1628032, 1628231, 0.48, 100, 100, 1, 38, 10000, 85
1, 22341, 101, 186, 199, 1640054, 1779585, 0.48, 100, 100, 1, 41, 10000, 85
0, 69500, 81, 605, 602, 4414086, 4022977, 0.48, 100, 100, 1, 153, 10000, 85
1, 23554, 111, 196, 207, 1615397, 1753861, 0.48, 100, 100, 1, 39, 10000, 85
0, 69500, 106, 657, 643, 4089421, 3889795, 0.48, 100, 100, 1, 148, 10000, 85
0, 69500, 82, 637, 625, 4364707, 4055441, 0.48, 100, 100, 1, 147, 10000, 85
1, 21630, 98, 183, 183, 1525070, 1532739, 0.48, 100, 100, 1, 33, 10000, 85
1, 22221, 85, 171, 173, 1616050, 1617882, 0.48, 100, 100, 1, 41, 10000, 85
1, 28914, 93, 242, 251, 1837277, 1838914, 0.48, 100, 100, 1, 52, 10000, 85
0, 69500, 116, 675, 655, 3941828, 3571873, 0.48, 100, 100, 1, 141, 10000, 85
1, 22855, 114, 199, 193, 1788384, 1877830, 0.48, 100, 100, 1, 40, 10000, 85
1, 23278, 105, 190, 199, 1742084, 1845767, 0.48, 100, 100, 1, 47, 10000, 85
0, 69500, 100, 644, 640, 4250698, 3976286, 0.48, 100, 100, 1, 139, 10000, 85
1, 31160, 86, 249, 259, 2072223, 2076959, 0.48, 100, 100, 1, 57, 10000, 85
1, 22576, 81, 166, 174, 1565390, 1614496, 0.48, 100, 100, 1, 39, 10000, 85
0, 69500, 112, 650, 646, 4111362, 3754727, 0.48, 100, 100, 1, 144, 10000, 85
0, 69500, 109, 656, 646, 4129950, 3846920, 0.48, 100, 100, 1, 140, 10000, 85
1, 21038, 97, 182, 184, 1474107, 1475015, 0.48, 100, 100, 1, 37, 10000, 85
1, 22280, 97, 182, 192, 1460986, 1515782, 0.48, 100, 100, 1, 41, 10000, 85
1, 25297, 125, 210, 219, 1874410, 1928032, 0.48, 100, 100, 1, 42, 10000, 85
0, 69500, 91, 651, 636, 4195606, 3653611, 0.48, 100, 100, 1, 141, 10000, 85
1, 23089, 102, 187, 193, 1661872, 1717609, 0.48, 100, 100, 1, 36, 10000, 85
0, 69500, 105, 664, 658, 4140624, 3697402, 0.48, 100, 100, 1, 146, 10000, 85
0, 69500, 102, 637, 621, 4426146, 4023068, 0.48, 100, 100, 1, 142, 10000, 85
1, 22636, 104, 193, 196, 1402550, 1402983, 0.48, 100, 100, 1, 36, 10000, 85
0, 69500, 106, 659, 641, 4152285, 3998945, 0.48, 100, 100, 1, 148, 10000, 85
0, 69500, 108, 647, 640, 4247638, 3783967, 0.48, 100, 100, 1, 142, 10000, 85
0, 69500, 103, 652, 646, 4053049, 3900871, 0.48, 100, 100, 1, 141, 10000, 85
1, 43259, 95, 377, 393, 2575554, 2577521, 0.48, 100, 100, 1, 84, 10000, 85
0, 69500, 122, 663, 653, 4414641, 4111193, 0.48, 100, 100, 1, 134, 10000, 85
0, 69500, 89, 633, 627, 4232843, 4103566, 0.48, 100, 100, 1, 143, 10000, 85
1, 24018, 90, 175, 196, 1707067, 1837225, 0.48, 100, 100, 1, 38, 10000, 85
0, 69500, 83, 653, 631, 3869100, 3542714, 0.48, 100, 100, 1, 141, 10000, 85
0, 69500, 111, 669, 668, 4103672, 3769750, 0.48, 100, 100, 1, 139, 10000, 85
1, 24313, 109, 209, 210, 1444573, 1448382, 0.48, 100, 100, 1, 38, 10000, 95
0, 69500, 110, 657, 651, 4250185, 3647570, 0.48, 100, 100, 1, 142, 10000, 85
0, 69500, 110, 650, 638, 4312156, 3877922, 0.48, 100, 100, 1, 152, 10000, 85
0, 69500, 112, 660, 665, 4059961, 3853910, 0.48, 100, 100, 1, 143, 10000, 85
0, 69500, 95, 639, 634, 4060028, 3937517, 0.48, 100, 100, 1, 142, 10000, 85
1, 21690, 101, 196, 199, 1484788, 1523840, 0.48, 100, 100, 1, 35, 10000, 95
1, 35385, 102, 308, 316, 2218609, 2219353, 0.48, 100, 100, 1, 61, 10000, 95
1, 23746, 110, 205, 209, 1700651, 1732557, 0.48, 100, 100, 1, 39, 10000, 95
0, 69500, 110, 651, 642, 4198302, 3777176, 0.48, 100, 100, 1, 143, 10000, 85
1, 23883, 108, 203, 203, 1912687, 1958615, 0.48, 100, 100, 1, 39, 10000, 95
0, 69500, 93, 652, 650, 4091181, 3852569, 0.48, 100, 100, 1, 137, 10000, 85
1, 24226, 94, 190, 193, 1704579, 1707229, 0.48, 100, 100, 1, 40, 10000, 95
0, 69500, 125, 643, 634, 4159018, 3772225, 0.48, 100, 100, 1, 142, 10000, 85
1, 21919, 102, 197, 189, 1357941, 1359611, 0.48, 100, 100, 1, 32, 10000, 95
0, 69500, 85, 643, 634, 4119101, 3864517, 0.48, 100, 100, 1, 149, 10000, 85
0, 69500, 68, 601, 589, 4270390, 3904030, 0.48, 100, 100, 1, 152, 10000, 85
0, 69500, 113, 665, 664, 4314670, 3966800, 0.48, 100, 100, 1, 148, 10000, 85
0, 69500, 113, 654, 650, 4193880, 3800915, 0.48, 100, 100, 1, 136, 10000, 85
1, 26061, 101, 196, 215, 1939577, 2049904, 0.48, 100, 100, 1, 49, 10000, 95
1, 28900, 82, 223, 226, 1890208, 1894379, 0.48, 100, 100, 1, 54, 10000, 95
0, 69500, 116, 665, 650, 4233134, 3825411, 0.48, 100, 100, 1, 139, 10000, 85
1, 22925, 93, 188, 189, 1577261, 1605387, 0.48, 100, 100, 1, 35, 10000, 95
1, 22519, 108, 203, 205, 1605095, 1612818, 0.48, 100, 100, 1, 45, 10000, 95
1, 22357, 99, 194, 198, 1493857, 1540210, 0.48, 100, 100, 1, 47, 10000, 95
0, 69500, 106, 659, 656, 4579860, 3929646, 0.48, 100, 100, 1, 150, 10000, 85
1, 25956, 118, 221, 227, 1964690, 1964840, 0.48, 100, 100, 1, 46, 10000, 95
0, 69500, 125, 666, 653, 4205642, 3865110, 0.48, 100, 100, 1, 141, 10000, 85
1, 22873, 122, 218, 217, 1733276, 1733448, 0.48, 100, 100, 1, 42, 10000, 95
0, 69500, 110, 662, 649, 4217673, 3991500, 0.48, 100, 100, 1, 146, 10000, 85
1, 24697, 93, 188, 195, 1662751, 1781957, 0.48, 100, 100, 1, 42, 10000, 95
1, 24967, 99, 194, 204, 1694376, 1742215, 0.48, 100, 100, 1, 39, 10000, 95
0, 69500, 87, 645, 645, 4202088, 3872643, 0.48, 100, 100, 1, 151, 10000, 85
1, 22579, 110, 205, 204, 1431315, 1528124, 0.48, 100, 100, 1, 35, 10000, 95
0, 69500, 87, 626, 629, 3825767, 3656870, 0.48, 100, 100, 1, 151, 10000, 85
0, 69500, 84, 615, 612, 4137582, 3807997, 0.48, 100, 100, 1, 160, 10000, 85
1, 24517, 99, 210, 216, 1825422, 1829459, 0.48, 100, 100, 1, 50, 10000, 95
0, 76500, 103, 723, 708, 4470243, 4171818, 0.48, 100, 100, 1, 165, 10000, 95
1, 23082, 96, 191, 188, 1477625, 1509572, 0.48, 100, 100, 1, 45, 10000, 95
0, 69500, 102, 640, 624, 4383270, 4210658, 0.48, 100, 100, 1, 179, 10000, 85
0, 76500, 90, 720, 707, 4641901, 4134680, 0.48, 100, 100, 1, 160, 10000, 95
0, 76500, 95, 708, 689, 4528322, 4337871, 0.48, 100, 100, 1, 161, 10000, 95
0, 76500, 102, 730, 710, 4270293, 3998234, 0.48, 100, 100, 1, 161, 10000, 95
1, 23325, 95, 190, 187, 1516773, 1566923, 0.48, 100, 100, 1, 35, 10000, 95
1, 25865, 95, 202, 201, 1762378, 1766344, 0.48, 100, 100, 1, 43, 10000, 95
1, 29436, 107, 250, 255, 2033008, 2036992, 0.48, 100, 100, 1, 56, 10000, 95
1, 23924, 94, 189, 198, 1683952, 1698383, 0.48, 100, 100, 1, 40, 10000, 95
1, 26898, 98, 220, 226, 1814349, 1816114, 0.48, 100, 100, 1, 56, 10000, 95
1, 35337, 118, 318, 327, 2254321, 2258637, 0.48, 100, 100, 1, 70, 10000, 95
0, 76500, 97, 725, 715, 4491792, 4149336, 0.48, 100, 100, 1, 184, 10000, 95
0, 76500, 114, 733, 730, 4617860, 4201694, 0.48, 100, 100, 1, 176, 10000, 95
1, 24630, 115, 213, 209, 1672914, 1674315, 0.48, 100, 100, 1, 46, 10000, 95
0, 76500, 101, 730, 725, 4094849, 3912611, 0.48, 100, 100, 1, 165, 10000, 95
0, 76500, 97, 715, 717, 4716368, 4293662, 0.48, 100, 100, 1, 178, 10000, 95
0, 76500, 98, 716, 706, 4475855, 4223674, 0.48, 100, 100, 1, 189, 10000, 95
1, 24769, 93, 188, 188, 1651076, 1703581, 0.48, 100, 100, 1, 39, 10000, 95
0, 76500, 115, 736, 724, 4884712, 4261745, 0.48, 100, 100, 1, 191, 10000, 95
1, 40783, 104, 361, 373, 2467321, 2471354, 0.48, 100, 100, 1, 113, 10000, 95
1, 23550, 76, 171, 172, 1507105, 1535308, 0.48, 100, 100, 1, 56, 10000, 95
1, 22872, 96, 191, 193, 1599878, 1617147, 0.48, 100, 100, 1, 34, 10000, 95
0, 76500, 111, 726, 719, 4633461, 4301729, 0.48, 100, 100, 1, 180, 10000, 95
1, 24379, 94, 189, 187, 1682927, 1738042, 0.48, 100, 100, 1, 44, 10000, 95
0, 76500, 122, 756, 738, 4356493, 4013130, 0.48, 100, 100, 1, 155, 10000, 95
0, 76500, 117, 736, 721, 4854824, 4142089, 0.48, 100, 100, 1, 160, 10000, 95
1, 22810, 110, 205, 213, 1592766, 1606566, 0.48, 100, 100, 1, 41, 10000, 95
1, 24013, 123, 218, 226, 1689828, 1701387, 0.48, 100, 100, 1, 37, 10000, 95
0, 76500, 104, 723, 726, 4353069, 3910008, 0.48, 100, 100, 1, 184, 10000, 95
0, 76500, 98, 733, 717, 4615664, 4260190, 0.48, 100, 100, 1, 175, 10000, 95
0, 76500, 93, 722, 718, 4402617, 4082240, 0.48, 100, 100, 1, 167, 10000, 95
0, 76500, 122, 734, 739, 4459554, 4195733, 0.48, 100, 100, 1, 159, 10000, 95
1, 25506, 81, 176, 188, 1890421, 1964028, 0.48, 100, 100, 1, 42, 10000, 95
1, 25523, 109, 219, 218, 1582797, 1585841, 0.48, 100, 100, 1, 42, 10000, 95
0, 76500, 112, 727, 707, 4535478, 4213103, 0.48, 100, 100, 1, 165, 10000, 95
0, 76500, 96, 712, 715, 4848016, 4416129, 0.48, 100, 100, 1, 181, 10000, 95
1, 31754, 112, 292, 307, 2055525, 2059526, 0.48, 100, 100, 1, 66, 10000, 95
1, 33659, 112, 306, 316, 2064921, 2065477, 0.48, 100, 100, 1, 60, 10000, 95
1, 52935, 93, 495, 501, 2990359, 2996154, 0.48, 100, 100, 1, 100, 10000, 95
0, 76500, 85, 709, 701, 4650175, 4158469, 0.48, 100, 100, 1, 190, 10000, 95
0, 76500, 100, 730, 713, 4346910, 4107559, 0.48, 100, 100, 1, 172, 10000, 95
0, 76500, 109, 739, 729, 4253664, 4057404, 0.48, 100, 100, 1, 178, 10000, 95
1, 26798, 105, 216, 228, 1940888, 1942751, 0.48, 100, 100, 1, 46, 10000, 95
0, 76500, 105, 726, 719, 4088431, 3860993, 0.48, 100, 100, 1, 160, 10000, 95
0, 76500, 105, 730, 721, 4248919, 3813889, 0.48, 100, 100, 1, 171, 10000, 95
0, 76500, 94, 719, 700, 4506982, 4186613, 0.48, 100, 100, 1, 167, 10000, 95
0, 76500, 94, 720, 723, 4263957, 4082795, 0.48, 100, 100, 1, 162, 10000, 95
0, 76500, 97, 726, 708, 4519148, 3912862, 0.48, 100, 100, 1, 158, 10000, 95
0, 76500, 96, 721, 728, 4235290, 4149230, 0.48, 100, 100, 1, 155, 10000, 95
1, 24262, 98, 193, 203, 1572268, 1690225, 0.48, 100, 100, 1, 39, 10000, 95
1, 24507, 108, 203, 206, 1646002, 1737528, 0.48, 100, 100, 1, 39, 10000, 95
1, 23836, 95, 190, 202, 1621376, 1797301, 0.48, 100, 100, 1, 43, 10000, 95
0, 76500, 104, 722, 730, 4255791, 4073770, 0.48, 100, 100, 1, 174, 10000, 95
0, 76500, 93, 722, 722, 4007466, 3915026, 0.48, 100, 100, 1, 176, 10000, 95
1, 22677, 102, 198, 200, 1480804, 1486048, 0.48, 100, 100, 1, 36, 10000, 95
0, 76500, 80, 699, 684, 4700191, 4405100, 0.48, 100, 100, 1, 157, 10000, 95
0, 76500, 90, 705, 714, 4404148, 4208620, 0.48, 100, 100, 1, 190, 10000, 95
1, 23435, 112, 207, 208, 1637830, 1640040, 0.48, 100, 100, 1, 38, 10000, 95
1, 25286, 102, 197, 207, 1847153, 1997586, 0.48, 100, 100, 1, 43, 10000, 95
1, 24326, 84, 190, 197, 1562571, 1562941, 0.48, 100, 100, 1, 40, 10000, 105
0, 76500, 102, 727, 740, 4426612, 4260449, 0.48, 100, 100, 1, 160, 10000, 95
1, 27248, 112, 228, 239, 2089476, 2090348, 0.48, 100, 100, 1, 46, 10000, 105
1, 27511, 97, 214, 224, 1976760, 1977734, 0.48, 100, 100, 1, 46, 10000, 105
1, 24491, 104, 199, 203, 1866708, 1934380, 0.48, 100, 100, 1, 38, 10000, 95
1, 34992, 87, 295, 308, 2104932, 2109520, 0.48, 100, 100, 1, 63, 10000, 105
1, 30890, 97, 257, 265, 2169428, 2174264, 0.48, 100, 100, 1, 68, 10000, 95
1, 27215, 96, 231, 242, 1689631, 1691185, 0.48, 100, 100, 1, 80, 10000, 95
0, 76500, 95, 721, 704, 4366662, 4115757, 0.48, 100, 100, 1, 149, 10000, 95
0, 76500, 99, 724, 719, 4687018, 4209805, 0.48, 100, 100, 1, 163, 10000, 95
0, 76500, 87, 705, 703, 4528555, 3980978, 0.48, 100, 100, 1, 153, 10000, 95
1, 24529, 113, 218, 222, 1776692, 1904480, 0.48, 100, 100, 1, 53, 10000, 105
0, 76500, 98, 722, 719, 4462726, 4164776, 0.48, 100, 100, 1, 154, 10000, 95
0, 76500, 96, 738, 739, 4381500, 4289877, 0.48, 100, 100, 1, 165, 10000, 95
0, 76500, 101, 720, 729, 4407906, 4301326, 0.48, 100, 100, 1, 155, 10000, 95
0, 76500, 96, 717, 706, 4373236, 4160228, 0.48, 100, 100, 1, 159, 10000, 95
1, 24775, 113, 219, 223, 1644799, 1646985, 0.48, 100, 100, 1, 50, 10000, 105
0, 76500, 77, 691, 684, 4575854, 4187908, 0.48, 100, 100, 1, 158, 10000, 95
0, 76500, 103, 722, 720, 4230820, 4107271, 0.48, 100, 100, 1, 157, 10000, 95
0, 76500, 99, 719, 706, 4385591, 4232581, 0.48, 100, 100, 1, 155, 10000, 95
0, 76500, 108, 730, 724, 4551560, 4223915, 0.48, 100, 100, 1, 164, 10000, 95
0, 76500, 87, 704, 700, 4461709, 4036119, 0.48, 100, 100, 1, 163, 10000, 95
1, 23992, 93, 198, 201, 1562641, 1648949, 0.48, 100, 100, 1, 40, 10000, 105
1, 41035, 113, 366, 382, 2626351, 2628462, 0.48, 100, 100, 1, 104, 10000, 105
0, 76500, 111, 728, 733, 4408678, 4025113, 0.48, 100, 100, 1, 160, 10000, 95
0, 76500, 109, 726, 701, 4797841, 4395761, 0.48, 100, 100, 1, 160, 10000, 95
0, 76500, 98, 719, 724, 4738088, 4188588, 0.48, 100, 100, 1, 153, 10000, 95
0, 76500, 109, 716, 713, 4519973, 4118982, 0.48, 100, 100, 1, 159, 10000, 95
1, 28525, 112, 252, 258, 1852544, 1855541, 0.48, 100, 100, 1, 52, 10000, 105
1, 25512, 89, 194, 203, 1894992, 1921770, 0.48, 100, 100, 1, 42, 10000, 105
0, 76500, 91, 706, 722, 4174433, 4039062, 0.48, 100, 100, 1, 166, 10000, 95
1, 35407, 91, 289, 300, 2585629, 2587537, 0.48, 100, 100, 1, 65, 10000, 105
1, 25962, 97, 218, 218, 1696761, 1699005, 0.48, 100, 100, 1, 45, 10000, 105
1, 42462, 84, 366, 371, 2671626, 2672741, 0.48, 100, 100, 1, 86, 10000, 105
0, 76500, 88, 721, 706, 4327517, 3995234, 0.48, 100, 100, 1, 154, 10000, 95
1, 24293, 89, 194, 200, 1930025, 1931140, 0.48, 100, 100, 1, 42, 10000, 105
0, 76500, 120, 719, 724, 4427267, 4301525, 0.48, 100, 100, 1, 185, 10000, 95
1, 31915, 109, 274, 287, 2002564, 2003027, 0.48, 100, 100, 1, 57, 10000, 105
1, 25231, 87, 192, 185, 1889433, 1902392, 0.48, 100, 100, 1, 42, 10000, 105
1, 25109, 104, 210, 212, 1544386, 1544819, 0.48, 100, 100, 1, 45, 10000, 105
0, 83500, 107, 808, 801, 4757033, 4303226, 0.48, 100, 100, 1, 180, 10000, 105
1, 25255, 109, 214, 219, 1768577, 1773538, 0.48, 100, 100, 1, 39, 10000, 105
0, 83500, 110, 791, 790, 4922730, 4234631, 0.48, 100, 100, 1, 165, 10000, 105
1, 30248, 114, 266, 273, 1992830, 1992904, 0.48, 100, 100, 1, 51, 10000, 105
1, 32977, 96, 257, 272, 2372336, 2376197, 0.48, 100, 100, 1, 57, 10000, 105
1, 26007, 97, 202, 218, 1870075, 2131373, 0.48, 100, 100, 1, 42, 10000, 105
0, 83500, 119, 811, 799, 4844979, 4453564, 0.48, 100, 100, 1, 171, 10000, 105
1, 25216, 109, 217, 218, 1643646, 1644696, 0.48, 100, 100, 1, 42, 10000, 105
0, 83500, 104, 795, 773, 5161670, 4646916, 0.48, 100, 100, 1, 190, 10000, 105
1, 28242, 84, 220, 231, 2048927, 2049538, 0.48, 100, 100, 1, 48, 10000, 105
1, 26234, 122, 227, 243, 1785758, 1940026, 0.48, 100, 100, 1, 44, 10000, 105
1, 25580, 77, 182, 185, 1789936, 1803222, 0.48, 100, 100, 1, 45, 10000, 105
0, 83500, 104, 795, 777, 4848606, 4587143, 0.48, 100, 100, 1, 179, 10000, 105
0, 83500, 100, 766, 763, 4967222, 4407348, 0.48, 100, 100, 1, 172, 10000, 105
0, 83500, 120, 798, 790, 5259238, 4386074, 0.48, 100, 100, 1, 178, 10000, 105
0, 83500, 106, 802, 801, 4675855, 4236224, 0.48, 100, 100, 1, 164, 10000, 105
0, 83500, 101, 775, 769, 5145015, 4503384, 0.48, 100, 100, 1, 174, 10000, 105
1, 24946, 95, 200, 197, 1716193, 1718373, 0.48, 100, 100, 1, 42, 10000, 105
1, 25226, 103, 208, 212, 1718366, 1775026, 0.48, 100, 100, 1, 41, 10000, 105
0, 83500, 113, 807, 805, 4786460, 4530212, 0.48, 100, 100, 1, 178, 10000, 105
0, 83500, 117, 803, 800, 4745014, 4610996, 0.48, 100, 100, 1, 176, 10000, 105
1, 40417, 92, 346, 350, 2411510, 2414738, 0.48, 100, 100, 1, 76, 10000, 105
1, 26775, 93, 198, 201, 1964976, 1994089, 0.48, 100, 100, 1, 42, 10000, 105
1, 30948, 113, 277, 283, 2107093, 2110449, 0.48, 100, 100, 1, 54, 10000, 105
1, 38892, 102, 338, 350, 2460356, 2460710, 0.48, 100, 100, 1, 70, 10000, 105
0, 83500, 106, 807, 781, 5001330, 4600117, 0.48, 100, 100, 1, 170, 10000, 105
1, 43441, 123, 412, 425, 2551070, 2552305, 0.48, 100, 100, 1, 96, 10000, 105
1, 27727, 115, 220, 235, 2072637, 2138646, 0.48, 100, 100, 1, 48, 10000, 105
0, 83500, 105, 808, 790, 5044148, 4471849, 0.48, 100, 100, 1, 180, 10000, 105
0, 83500, 103, 804, 788, 4861111, 4544916, 0.48, 100, 100, 1, 174, 10000, 105
1, 25821, 113, 218, 222, 1774359, 1843074, 0.48, 100, 100, 1, 44, 10000, 105
0, 83500, 104, 784, 784, 5148004, 4774488, 0.48, 100, 100, 1, 172, 10000, 105
0, 83500, 66, 769, 758, 4742153, 4387270, 0.48, 100, 100, 1, 177, 10000, 105
0, 83500, 91, 790, 777, 5216693, 4625284, 0.48, 100, 100, 1, 170, 10000, 105
0, 83500, 103, 804, 803, 4839655, 4179228, 0.48, 100, 100, 1, 178, 10000, 105
1, 26243, 116, 221, 236, 1639526, 1738479, 0.48, 100, 100, 1, 40, 10000, 105
1, 24418, 94, 203, 211, 1626632, 1629208, 0.48, 100, 100, 1, 45, 10000, 105
0, 83500, 111, 807, 789, 5220607, 4496039, 0.48, 100, 100, 1, 186, 10000, 105
1, 29141, 107, 253, 255, 1873672, 1874116, 0.48, 100, 100, 1, 50, 10000, 105
0, 83500, 113, 803, 785, 4946319, 4412745, 0.48, 100, 100, 1, 185, 10000, 105
1, 23493, 100, 205, 194, 1591902, 1600269, 0.48, 100, 100, 1, 35, 10000, 105
1, 23933, 111, 216, 217, 1542923, 1572378, 0.48, 100, 100, 1, 39, 10000, 105
1, 27601, 97, 229, 233, 1788614, 1790368, 0.48, 100, 100, 1, 49, 10000, 105
1, 60112, 109, 559, 578, 3632538, 3637833, 0.48, 100, 100, 1, 131, 10000, 105
1, 26899, 118, 244, 240, 1869526, 1870044, 0.48, 100, 100, 1, 44, 10000, 105
0, 83500, 101, 792, 783, 4818129, 4347081, 0.48, 100, 100, 1, 176, 10000, 105
1, 25882, 103, 208, 211, 1718193, 1768903, 0.48, 100, 100, 1, 43, 10000, 105
1, 31104, 104, 269, 278, 1984158, 1985347, 0.48, 100, 100, 1, 62, 10000, 105
1, 27913, 115, 220, 222, 1983769, 2078033, 0.48, 100, 100, 1, 47, 10000, 105
0, 83500, 101, 802, 791, 5218183, 4526155, 0.48, 100, 100, 1, 171, 10000, 105
1, 25005, 118, 223, 223, 1755245, 1825884, 0.48, 100, 100, 1, 44, 10000, 105
1, 29325, 104, 257, 263, 1862606, 1863455, 0.48, 100, 100, 1, 64, 10000, 105
1, 24016, 110, 215, 203, 1628723, 1629242, 0.48, 100, 100, 1, 42, 10000, 105
0, 83500, 100, 789, 776, 4705095, 4424462, 0.48, 100, 100, 1, 177, 10000, 105
0, 83500, 114, 799, 797, 5137143, 4454939, 0.48, 100, 100, 1, 200, 10000, 105
1, 42044, 104, 379, 386, 2400314, 2400379, 0.48, 100, 100, 1, 83, 10000, 105
1, 26807, 96, 216, 214, 2050848, 2053970, 0.48, 100, 100, 1, 50, 10000, 105
0, 83500, 85, 769, 769, 4947182, 4598236, 0.48, 100, 100, 1, 181, 10000, 105
0, 83500, 117, 800, 787, 4767876, 4446782, 0.48, 100, 100, 1, 171, 10000, 105
0, 83500, 95, 802, 786, 4925674, 4484399, 0.48, 100, 100, 1, 181, 10000, 105
0, 83500, 115, 806, 792, 4865241, 4470043, 0.48, 100, 100, 1, 183, 10000, 105
0, 83500, 93, 799, 788, 4851061, 4383676, 0.48, 100, 100, 1, 177, 10000, 105
0, 83500, 91, 784, 780, 4988406, 4667239, 0.48, 100, 100, 1, 175, 10000, 105
0, 83500, 113, 803, 784, 4870428, 4526399, 0.48, 100, 100, 1, 176, 10000, 105
0, 83500, 105, 807, 799, 5009448, 4227831, 0.48, 100, 100, 1, 182, 10000, 105
0, 83500, 99, 767, 759, 5079631, 4717317, 0.48, 100, 100, 1, 169, 10000, 105
0, 83500, 104, 792, 784, 4871704, 4476400, 0.48, 100, 100, 1, 192, 10000, 105
0, 83500, 112, 808, 800, 4830172, 4664157, 0.48, 100, 100, 1, 171, 10000, 105
0, 83500, 109, 797, 779, 5005898, 4296895, 0.48, 100, 100, 1, 181, 10000, 105
0, 83500, 95, 794, 783, 5041339, 4401570, 0.48, 100, 100, 1, 180, 10000, 105
0, 83500, 121, 814, 811, 4751803, 4392520, 0.48, 100, 100, 1, 184, 10000, 105
1, 29654, 112, 275, 272, 2057088, 2058895, 0.48, 100, 100, 1, 53, 10000, 150
0, 83500, 92, 784, 773, 4803947, 4229691, 0.48, 100, 100, 1, 180, 10000, 105
1, 30059, 110, 260, 260, 1850865, 1995450, 0.48, 100, 100, 1, 51, 10000, 150
0, 83500, 92, 783, 771, 4816116, 4391996, 0.48, 100, 100, 1, 195, 10000, 105
0, 83500, 98, 793, 786, 4782514, 4364187, 0.48, 100, 100, 1, 194, 10000, 105
1, 38785, 93, 335, 348, 2316957, 2317116, 0.48, 100, 100, 1, 76, 10000, 150
1, 29445, 94, 247, 258, 1836105, 1838383, 0.48, 100, 100, 1, 50, 10000, 150
1, 32487, 113, 282, 291, 2137167, 2139598, 0.48, 100, 100, 1, 60, 10000, 150
1, 29518, 119, 269, 273, 1924772, 2061087, 0.48, 100, 100, 1, 67, 10000, 150
0, 83500, 108, 813, 800, 4811421, 4362631, 0.48, 100, 100, 1, 203, 10000, 105
1, 40528, 97, 338, 352, 2742524, 2744285, 0.48, 100, 100, 1, 162, 10000, 105
0, 83500, 96, 800, 791, 4685668, 4502731, 0.48, 100, 100, 1, 183, 10000, 105
0, 83500, 98, 784, 763, 5106269, 4336377, 0.48, 100, 100, 1, 190, 10000, 105
1, 31120, 115, 265, 276, 2259582, 2310682, 0.48, 100, 100, 1, 55, 10000, 150
0, 83500, 109, 808, 795, 5231855, 4772774, 0.48, 100, 100, 1, 184, 10000, 105
0, 83500, 97, 798, 787, 4928575, 4336704, 0.48, 100, 100, 1, 180, 10000, 105
0, 83500, 108, 804, 794, 4728653, 4593273, 0.48, 100, 100, 1, 186, 10000, 105
0, 83500, 99, 796, 787, 4604110, 4464237, 0.48, 100, 100, 1, 180, 10000, 105
1, 39435, 119, 347, 364, 2554200, 2558102, 0.48, 100, 100, 1, 153, 10000, 150
1, 29725, 101, 251, 258, 1931196, 2090169, 0.48, 100, 100, 1, 53, 10000, 150
0, 83500, 104, 796, 797, 4887500, 4185437, 0.48, 100, 100, 1, 226, 10000, 105
1, 29579, 105, 255, 261, 1880991, 1918297, 0.48, 100, 100, 1, 52, 10000, 150
1, 29050, 67, 217, 216, 1854760, 1898029, 0.48, 100, 100, 1, 50, 10000, 150
1, 31171, 113, 263, 264, 2249274, 2315952, 0.48, 100, 100, 1, 65, 10000, 150
0, 115000, 94, 1096, 1090, 6519485, 6155013, 0.48, 100, 100, 1, 240, 10000, 150
1, 29769, 93, 243, 249, 1885369, 1940418, 0.48, 100, 100, 1, 52, 10000, 150
1, 29788, 111, 261, 269, 2004616, 2108586, 0.48, 100, 100, 1, 77, 10000, 150
1, 29964, 117, 267, 273, 2019252, 2022620, 0.48, 100, 100, 1, 111, 10000, 150
0, 115000, 108, 1111, 1096, 6500057, 5992100, 0.48, 100, 100, 1, 247, 10000, 150
0, 115000, 112, 1100, 1098, 6543114, 5856992, 0.48, 100, 100, 1, 247, 10000, 150
0, 115000, 96, 1106, 1089, 6534049, 5831380, 0.48, 100, 100, 1, 240, 10000, 150
1, 71243, 117, 665, 679, 4336951, 4341197, 0.48, 100, 100, 1, 147, 10000, 150
0, 115000, 93, 1082, 1089, 6462300, 6088372, 0.48, 100, 100, 1, 246, 10000, 150
0, 115000, 73, 1069, 1063, 6806155, 6369794, 0.48, 100, 100, 1, 235, 10000, 150
0, 115000, 106, 1118, 1119, 6676489, 5988860, 0.48, 100, 100, 1, 248, 10000, 150
0, 115000, 102, 1107, 1088, 6253749, 5949301, 0.48, 100, 100, 1, 278, 10000, 150
1, 48650, 89, 416, 423, 2955373, 2959073, 0.48, 100, 100, 1, 115, 10000, 150
0, 115000, 105, 1130, 1112, 6450642, 5806716, 0.48, 100, 100, 1, 262, 10000, 150
1, 28249, 93, 246, 249, 1645631, 1649008, 0.48, 100, 100, 1, 51, 10000, 150
0, 115000, 100, 1107, 1099, 6646790, 6221366, 0.48, 100, 100, 1, 249, 10000, 150
1, 29054, 113, 263, 255, 1914391, 1935799, 0.48, 100, 100, 1, 56, 10000, 150
0, 115000, 95, 1102, 1092, 6522182, 5852171, 0.48, 100, 100, 1, 271, 10000, 150
0, 115000, 81, 1061, 1054, 6361273, 6045051, 0.48, 100, 100, 1, 318, 10000, 150
0, 115000, 104, 1107, 1103, 6218348, 6142808, 0.48, 100, 100, 1, 265, 10000, 150
0, 115000, 93, 1102, 1084, 6480865, 6001326, 0.48, 100, 100, 1, 255, 10000, 150
0, 115000, 105, 1119, 1103, 6631962, 5862814, 0.48, 100, 100, 1, 252, 10000, 150
0, 115000, 97, 1112, 1077, 6587469, 5635150, 0.48, 100, 100, 1, 325, 10000, 150
0, 115000, 105, 1127, 1113, 6384809, 5989895, 0.48, 100, 100, 1, 253, 10000, 150
0, 115000, 89, 1074, 1076, 6918088, 6175248, 0.48, 100, 100, 1, 253, 10000, 150
0, 115000, 107, 1084, 1090, 6697033, 6266212, 0.48, 100, 100, 1, 273, 10000, 150
1, 28958, 110, 260, 276, 1732810, 1805420, 0.48, 100, 100, 1, 60, 10000, 150
0, 115000, 110, 1116, 1115, 6721922, 6103876, 0.48, 100, 100, 1, 259, 10000, 150
1, 28877, 110, 260, 260, 1911375, 1951339, 0.48, 100, 100, 1, 54, 10000, 150
0, 115000, 105, 1108, 1100, 6448373, 6182861, 0.48, 100, 100, 1, 281, 10000, 150
0, 115000, 108, 1121, 1109, 6466115, 6013733, 0.48, 100, 100, 1, 328, 10000, 150
1, 29566, 114, 264, 263, 1995335, 2010079, 0.48, 100, 100, 1, 59, 10000, 150
1, 30674, 109, 259, 269, 2026113, 2164961, 0.48, 100, 100, 1, 57, 10000, 150
1, 29691, 108, 258, 268, 1833680, 1858528, 0.48, 100, 100, 1, 55, 10000, 150
1, 31167, 99, 249, 260, 1954679, 2098080, 0.48, 100, 100, 1, 52, 10000, 150
1, 28576, 91, 241, 245, 1942906, 2020644, 0.48, 100, 100, 1, 53, 10000, 150
1, 29854, 97, 247, 247, 2170171, 2173496, 0.48, 100, 100, 1, 55, 10000, 150
1, 31068, 101, 251, 250, 2139445, 2176935, 0.48, 100, 100, 1, 70, 10000, 150
1, 33634, 103, 290, 299, 2194542, 2198998, 0.48, 100, 100, 1, 68, 10000, 150
1, 30258, 102, 252, 247, 2201363, 2213676, 0.48, 100, 100, 1, 60, 10000, 150
0, 115000, 106, 1115, 1098, 6523306, 5964974, 0.48, 100, 100, 1, 259, 10000, 150
1, 29243, 105, 255, 251, 2017339, 2044125, 0.48, 100, 100, 1, 53, 10000, 150
0, 115000, 97, 1089, 1090, 6451395, 6335326, 0.48, 100, 100, 1, 294, 10000, 150
0, 115000, 105, 1109, 1112, 6234422, 6003797, 0.48, 100, 100, 1, 255, 10000, 150
0, 115000, 93, 1087, 1093, 6509010, 6175981, 0.48, 100, 100, 1, 249, 10000, 150
1, 29001, 84, 235, 238, 1977756, 1981385, 0.48, 100, 100, 1, 53, 10000, 150
1, 29487, 95, 246, 237, 2099590, 2103826, 0.48, 100, 100, 1, 56, 10000, 150
1, 30594, 96, 246, 249, 1998912, 2042131, 0.48, 100, 100, 1, 56, 10000, 150
1, 28517, 110, 260, 257, 1883356, 2034238, 0.48, 100, 100, 1, 55, 10000, 150
1, 28917, 109, 259, 267, 1974246, 2114842, 0.48, 100, 100, 1, 51, 10000, 150
1, 29429, 117, 267, 267, 1992916, 2078973, 0.48, 100, 100, 1, 53, 10000, 150
0, 115000, 113, 1114, 1104, 6378285, 5934317, 0.48, 100, 100, 1, 282, 10000, 150
0, 115000, 108, 1104, 1101, 6624464, 6299137, 0.48, 100, 100, 1, 272, 10000, 150
0, 115000, 118, 1113, 1118, 6240913, 5856838, 0.48, 100, 100, 1, 276, 10000, 150
0, 115000, 86, 1091, 1087, 6681055, 6111715, 0.48, 100, 100, 1, 271, 10000, 150
1, 28010, 92, 242, 240, 1721097, 1775013, 0.48, 100, 100, 1, 47, 10000, 150
1, 29235, 105, 257, 253, 2006360, 2010890, 0.48, 100, 100, 1, 55, 10000, 150
0, 115000, 105, 1094, 1111, 6308493, 6112001, 0.48, 100, 100, 1, 252, 10000, 150
0, 115000, 96, 1085, 1091, 6365890, 6028656, 0.48, 100, 100, 1, 251, 10000, 150
0, 115000, 95, 1110, 1093, 6893097, 5995997, 0.48, 100, 100, 1, 280, 10000, 150
1, 30927, 99, 249, 259, 2168354, 2246986, 0.48, 100, 100, 1, 75, 10000, 150
0, 115000, 93, 1100, 1073, 6597737, 6344624, 0.48, 100, 100, 1, 258, 10000, 150
1, 33989, 83, 253, 263, 2412502, 2416605, 0.48, 100, 100, 1, 61, 10000, 150
0, 115000, 110, 1110, 1102, 6376702, 6023031, 0.48, 100, 100, 1, 248, 10000, 150
1, 32550, 95, 278, 281, 2015848, 2016864, 0.48, 100, 100, 1, 60, 10000, 150
0, 115000, 94, 1108, 1108, 5925019, 5812220, 0.48, 100, 100, 1, 260, 10000, 150
0, 115000, 101, 1102, 1105, 6639819, 6183163, 0.48, 100, 100, 1, 242, 10000, 150
1, 33270, 107, 293, 307, 1993567, 1998126, 0.48, 100, 100, 1, 59, 10000, 150
0, 115000, 118, 1122, 1118, 6460113, 5765019, 0.48, 100, 100, 1, 272, 10000, 150
0, 115000, 93, 1097, 1097, 6512922, 5817882, 0.48, 100, 100, 1, 268, 10000, 150
0, 115000, 98, 1097, 1097, 6641144, 6111785, 0.48, 100, 100, 1, 245, 10000, 150
0, 115000, 98, 1097, 1081, 6589189, 6229527, 0.48, 100, 100, 1, 246, 10000, 150
0, 115000, 109, 1100, 1089, 6715354, 6341930, 0.48, 100, 100, 1, 254, 10000, 150
0, 115000, 107, 1122, 1084, 6723351, 5915544, 0.48, 100, 100, 1, 259, 10000, 150
0, 115000, 110, 1108, 1112, 6186778, 5845383, 0.48, 100, 100, 1, 233, 10000, 150
0, 115000, 93, 1086, 1086, 6791475, 6331319, 0.48, 100, 100, 1, 229, 10000, 150
0, 115000, 102, 1104, 1096, 6683977, 6272271, 0.48, 100, 100, 1, 231, 10000, 150
0, 115000, 113, 1121, 1114, 6137481, 5560614, 0.48, 100, 100, 1, 237, 10000, 150
1, 96223, 89, 881, 890, 5280794, 5281063, 0.48, 100, 100, 1, 145, 10000, 150
0, 115000, 103, 1094, 1088, 6341285, 5822086, 0.48, 100, 100, 1, 247, 10000, 150
0, 115000, 109, 1098, 1093, 6860468, 6272996, 0.48, 100, 100, 1, 195, 10000, 150
0, 115000, 93, 1090, 1091, 6621803, 6066989, 0.48, 100, 100, 1, 226, 10000, 150
0, 115000, 115, 1120, 1099, 6653073, 5931275, 0.48, 100, 100, 1, 212, 10000, 150
0, 115000, 108, 1123, 1104, 6322974, 5706021, 0.48, 100, 100, 1, 191, 10000, 150
0, 115000, 91, 1102, 1101, 6132589, 5672535, 0.48, 100, 100, 1, 205, 10000, 150
0, 115000, 90, 1101, 1089, 6546697, 5865620, 0.48, 100, 100, 1, 192, 10000, 150
0, 115000, 106, 1101, 1099, 6675498, 6232676, 0.48, 100, 100, 1, 194, 10000, 150
0, 115000, 113, 1117, 1108, 6413321, 5747729, 0.48, 100, 100, 1, 189, 10000, 150
1, 11564, 108, 114, 115, 1192740, 1201689, 0.48, 100, 100, 1, 10, 10000, 5
1, 11172, 105, 110, 111, 976439, 984113, 0.48, 100, 100, 1, 9, 10000, 5
1, 10979, 113, 118, 120, 1067037, 1089505, 0.48, 100, 100, 1, 9, 10000, 5
1, 11183, 114, 119, 119, 1053887, 1054079, 0.48, 100, 100, 1, 11, 10000, 5
1, 11941, 84, 89, 94, 1169470, 1224217, 0.48, 100, 100, 1, 12, 10000, 5
1, 11287, 102, 110, 111, 1067090, 1074938, 0.48, 100, 100, 1, 10, 10000, 5
1, 11739, 102, 110, 111, 1273603, 1280743, 0.48, 100, 100, 1, 11, 10000, 5
0, 13500, 98, 126, 114, 1140748, 1025849, 0.48, 100, 100, 1, 14, 10000, 5
0, 13500, 94, 116, 109, 1205373, 1135863, 0.48, 100, 100, 1, 14, 10000, 5
1, 10898, 104, 109, 112, 1157353, 1194176, 0.48, 100, 100, 1, 10, 10000, 5
1, 11366, 96, 103, 104, 1120212, 1128686, 0.48, 100, 100, 1, 10, 10000, 5
0, 13500, 98, 118, 115, 1232575, 1187311, 0.48, 100, 100, 1, 15, 10000, 5
1, 11249, 101, 106, 106, 1043789, 1044093, 0.48, 100, 100, 1, 10, 10000, 5
1, 11331, 116, 121, 122, 1039814, 1049540, 0.48, 100, 100, 1, 12, 10000, 5
1, 10987, 104, 109, 112, 930777, 956558, 0.48, 100, 100, 1, 9, 10000, 5
1, 12891, 110, 125, 126, 1173608, 1178083, 0.48, 100, 100, 1, 13, 10000, 5
1, 11102, 93, 99, 100, 1090111, 1098469, 0.48, 100, 100, 1, 10, 10000, 5
0, 13500, 102, 124, 119, 1165184, 1115498, 0.48, 100, 100, 1, 15, 10000, 5
1, 12086, 122, 127, 134, 1040515, 1110510, 0.48, 100, 100, 1, 14, 10000, 5
0, 13500, 93, 117, 114, 1096353, 1060425, 0.48, 100, 100, 1, 14, 10000, 5
1, 13139, 103, 114, 115, 1129261, 1134649, 0.48, 100, 100, 1, 13, 10000, 5
1, 11362, 111, 116, 117, 960682, 971374, 0.48, 100, 100, 1, 10, 10000, 5
1, 11570, 94, 101, 102, 1002930, 1009210, 0.48, 100, 100, 1, 12, 10000, 5
0, 13500, 113, 139, 127, 1273368, 1146532, 0.48, 100, 100, 1, 14, 10000, 5
1, 10681, 99, 104, 105, 850134, 857518, 0.48, 100, 100, 1, 10, 10000, 5
1, 11106, 106, 111, 113, 917824, 935611, 0.48, 100, 100, 1, 11, 10000, 5
1, 11615, 92, 97, 100, 1385863, 1423639, 0.48, 100, 100, 1, 11, 10000, 5
1, 11407, 90, 99, 100, 939628, 946403, 0.48, 100, 100, 1, 10, 10000, 5
0, 13500, 78, 95, 91, 1157468, 1117189, 0.48, 100, 100, 1, 14, 10000, 5
1, 12081, 110, 115, 118, 1237342, 1270556, 0.48, 100, 100, 1, 11, 10000, 5
1, 11101, 94, 99, 101, 1160142, 1181839, 0.48, 100, 100, 1, 9, 10000, 5
1, 10686, 110, 115, 116, 871441, 879666, 0.48, 100, 100, 1, 8, 10000, 5
1, 10903, 99, 104, 106, 902332, 920142, 0.48, 100, 100, 1, 9, 10000, 5
0, 13500, 105, 126, 117, 1161604, 1067488, 0.48, 100, 100, 1, 14, 10000, 5
1, 10881, 106, 111, 112, 1154698, 1166804, 0.48, 100, 100, 1, 9, 10000, 5
0, 13500, 111, 127, 125, 1195795, 1177420, 0.48, 100, 100, 1, 14, 10000, 5
1, 11134, 99, 104, 107, 1029893, 1060511, 0.48, 100, 100, 1, 10, 10000, 5
0, 13500, 108, 127, 124, 1164981, 1129246, 0.48, 100, 100, 1, 14, 10000, 5
1, 11350, 103, 109, 110, 1088530, 1096033, 0.48, 100, 100, 1, 10, 10000, 5
1, 10882, 104, 109, 110, 1029976, 1039065, 0.48, 100, 100, 1, 9, 10000, 5
0, 13500, 110, 134, 127, 1180098, 1103279, 0.48, 100, 100, 1, 15, 10000, 5
0, 13500, 109, 130, 129, 1130218, 1115533, 0.48, 100, 100, 1, 14, 10000, 5
1, 11673, 100, 105, 105, 1051808, 1053503, 0.48, 100, 100, 1, 10, 10000, 5
0, 13500, 110, 127, 120, 1221080, 1146678, 0.48, 100, 100, 1, 14, 10000, 5
1, 11682, 105, 110, 112, 1021677, 1042376, 0.48, 100, 100, 1, 11, 10000, 5
1, 10410, 110, 115, 116, 901439, 909975, 0.48, 100, 100, 1, 8, 10000, 5
0, 13500, 113, 141, 128, 1097480, 960186, 0.48, 100, 100, 1, 17, 10000, 5
1, 11056, 95, 101, 101, 1124692, 1124984, 0.48, 100, 100, 1, 9, 10000, 5
0, 13500, 108, 131, 125, 1269454, 1207295, 0.48, 100, 100, 1, 15, 10000, 5
0, 13500, 87, 103, 101, 1246285, 1220423, 0.48, 100, 100, 1, 16, 10000, 5
1, 11594, 85, 91, 92, 1292357, 1301735, 0.48, 100, 100, 1, 10, 10000, 5
1, 10816, 98, 103, 106, 823600, 847429, 0.48, 100, 100, 1, 9, 10000, 5
1, 12340, 98, 109, 110, 1081587, 1086282, 0.48, 100, 100, 1, 13, 10000, 5
1, 11263, 99, 106, 107, 1215497, 1224979, 0.48, 100, 100, 1, 10, 10000, 5
0, 13500, 107, 130, 120, 1193082, 1092598, 0.48, 100, 100, 1, 15, 10000, 5
0, 13500, 115, 137, 131, 1224701, 1150709, 0.48, 100, 100, 1, 15, 10000, 5
1, 10888, 104, 109, 110, 1074688, 1094436, 0.48, 100, 100, 1, 10, 10000, 5
0, 13500, 108, 133, 124, 1236493, 1148067, 0.48, 100, 100, 1, 14, 10000, 5
1, 11335, 108, 115, 115, 959277, 967362, 0.48, 100, 100, 1, 10, 10000, 5
1, 10933, 101, 106, 106, 999860, 1009252, 0.48, 100, 100, 1, 10, 10000, 5
1, 11094, 118, 124, 125, 1169838, 1178837, 0.48, 100, 100, 1, 10, 10000, 5
1, 10777, 88, 93, 93, 988794, 990040, 0.48, 100, 100, 1, 9, 10000, 5
1, 10930, 129, 134, 135, 1071946, 1083564, 0.48, 100, 100, 1, 10, 10000, 5
1, 11664, 85, 90, 92, 1037336, 1055022, 0.48, 100, 100, 1, 12, 10000, 5
1, 11029, 101, 106, 107, 891676, 899003, 0.48, 100, 100, 1, 9, 10000, 5
0, 13500, 114, 144, 131, 1443417, 1264627, 0.48, 100, 100, 1, 14, 10000, 5
1, 11322, 96, 101, 107, 917719, 971815, 0.48, 100, 100, 1, 10, 10000, 5
1, 10966, 116, 121, 123, 1016931, 1037026, 0.48, 100, 100, 1, 10, 10000, 5
1, 10872, 99, 104, 105, 1152610, 1162934, 0.48, 100, 100, 1, 9, 10000, 5
1, 11319, 105, 110, 111, 1020455, 1027998, 0.48, 100, 100, 1, 10, 10000, 5
1, 11563, 99, 104, 110, 1202014, 1271584, 0.48, 100, 100, 1, 10, 10000, 5
1, 10878, 97, 102, 103, 976272, 986617, 0.48, 100, 100, 1, 10, 10000, 5
1, 11080, 104, 109, 111, 1054138, 1075363, 0.48, 100, 100, 1, 9, 10000, 5
1, 11346, 105, 110, 111, 1114525, 1124704, 0.48, 100, 100, 1, 13, 10000, 5
1, 10564, 97, 102, 102, 892282, 892501, 0.48, 100, 100, 1, 9, 10000, 5
1, 10857, 100, 105, 105, 1026151, 1026655, 0.48, 100, 100, 1, 9, 10000, 5
1, 11809, 79, 89, 90, 1289792, 1299108, 0.48, 100, 100, 1, 11, 10000, 5
1, 11730, 92, 97, 99, 900430, 918163, 0.48, 100, 100, 1, 11, 10000, 5
1, 10982, 107, 112, 113, 993410, 1005078, 0.48, 100, 100, 1, 9, 10000, 5
1, 11061, 114, 119, 120, 1176302, 1188832, 0.48, 100, 100, 1, 10, 10000, 5
1, 12322, 106, 115, 116, 1069109, 1074481, 0.48, 100, 100, 1, 13, 10000, 5
1, 11656, 86, 93, 94, 1081835, 1087310, 0.48, 100, 100, 1, 11, 10000, 5
0, 13500, 117, 136, 129, 1164700, 1091954, 0.48, 100, 100, 1, 14, 10000, 5
1, 11148, 100, 105, 107, 1081743, 1103369, 0.48, 100, 100, 1, 11, 10000, 5
1, 11596, 111, 116, 119, 1109358, 1144300, 0.48, 100, 100, 1, 10, 10000, 5
0, 13500, 106, 125, 120, 1156861, 1105342, 0.48, 100, 100, 1, 14, 10000, 5
1, 11242, 113, 118, 121, 1009541, 1037532, 0.48, 100, 100, 1, 10, 10000, 5
1, 11663, 79, 86, 87, 1159965, 1168847, 0.48, 100, 100, 1, 10, 10000, 5
0, 13500, 94, 120, 107, 1288942, 1157369, 0.48, 100, 100, 1, 15, 10000, 5
1, 11214, 97, 102, 104, 1089102, 1110614, 0.48, 100, 100, 1, 10, 10000, 5
1, 11399, 92, 97, 102, 950683, 997276, 0.48, 100, 100, 1, 10, 10000, 5
1, 11200, 92, 97, 97, 1163405, 1165379, 0.48, 100, 100, 1, 10, 10000, 5
1, 11193, 107, 112, 114, 1131529, 1152711, 0.48, 100, 100, 1, 9, 10000, 5
1, 11797, 112, 117, 118, 1065236, 1075472, 0.48, 100, 100, 1, 11, 10000, 5
1, 12807, 119, 135, 136, 935244, 935741, 0.48, 100, 100, 1, 12, 10000, 5
0, 13500, 98, 127, 115, 1238483, 1116272, 0.48, 100, 100, 1, 15, 10000, 5
1, 11692, 106, 111, 115, 1060118, 1099246, 0.48, 100, 100, 1, 10, 10000, 5
1, 11083, 113, 118, 120, 1109656, 1132022, 0.48, 100, 100, 1, 10, 10000, 5
0, 13500, 119, 142, 136, 1226077, 1151567, 0.48, 100, 100, 1, 14, 10000, 5
0, 13500, 106, 121, 116, 1064267, 1014947, 0.48, 100, 100, 1, 14, 10000, 5
1, 12097, 114, 124, 125, 1044571, 1051499, 0.48, 100, 100, 1, 11, 10000, 10
1, 12990, 91, 101, 105, 1298228, 1347178, 0.48, 100, 100, 1, 13, 10000, 10
1, 11882, 101, 114, 114, 989655, 990148, 0.48, 100, 100, 1, 11, 10000, 10
1, 11947, 100, 110, 113, 1007219, 1035078, 0.48, 100, 100, 1, 12, 10000, 10
1, 13094, 100, 110, 111, 1306282, 1321727, 0.48, 100, 100, 1, 13, 10000, 10
1, 14892, 98, 131, 133, 1194461, 1195049, 0.48, 100, 100, 1, 18, 10000, 10
1, 13305, 95, 105, 105, 1182212, 1182967, 0.48, 100, 100, 1, 14, 10000, 10
1, 12449, 108, 118, 122, 998079, 1034053, 0.48, 100, 100, 1, 12, 10000, 10
1, 11646, 116, 126, 127, 942548, 948964, 0.48, 100, 100, 1, 11, 10000, 10
1, 11967, 95, 106, 107, 996397, 1003885, 0.48, 100, 100, 1, 11, 10000, 10
1, 12762, 115, 125, 133, 1101489, 1187402, 0.48, 100, 100, 1, 13, 10000, 10
1, 12061, 96, 106, 108, 1140368, 1161312, 0.48, 100, 100, 1, 13, 10000, 10
1, 12116, 120, 130, 130, 1121218, 1134058, 0.48, 100, 100, 1, 13, 10000, 10
1, 12015, 86, 96, 97, 1109039, 1121085, 0.48, 100, 100, 1, 12, 10000, 10
1, 11970, 109, 119, 119, 1011927, 1011943, 0.48, 100, 100, 1, 11, 10000, 10
0, 17000, 123, 171, 159, 1336688, 1180915, 0.48, 100, 100, 1, 21, 10000, 10
1, 11925, 112, 122, 124, 1102713, 1125577, 0.48, 100, 100, 1, 11, 10000, 10
1, 12142, 103, 113, 115, 1005154, 1034550, 0.48, 100, 100, 1, 11, 10000, 10
0, 17000, 105, 141, 138, 1377583, 1338578, 0.48, 100, 100, 1, 21, 10000, 10
1, 12171, 102, 112, 113, 1095410, 1105941, 0.48, 100, 100, 1, 12, 10000, 10
1, 12742, 100, 110, 114, 1045310, 1081018, 0.48, 100, 100, 1, 12, 10000, 10
0, 17000, 104, 147, 146, 1486254, 1453408, 0.48, 100, 100, 1, 21, 10000, 10
1, 12294, 111, 121, 129, 1019683, 1099771, 0.48, 100, 100, 1, 12, 10000, 10
0, 17000, 104, 149, 137, 1486874, 1363622, 0.48, 100, 100, 1, 21, 10000, 10
1, 12074, 111, 122, 123, 924278, 930196, 0.48, 100, 100, 1, 12, 10000, 10
1, 11258, 95, 105, 107, 957319, 975994, 0.48, 100, 100, 1, 10, 10000, 10
0, 17000, 95, 142, 129, 1334927, 1227153, 0.48, 100, 100, 1, 21, 10000, 10
1, 12203, 107, 117, 117, 926701, 937482, 0.48, 100, 100, 1, 12, 10000, 10
0, 17000, 81, 141, 135, 1228209, 1175350, 0.48, 100, 100, 1, 22, 10000, 10
1, 13329, 120, 137, 138, 1109857, 1110180, 0.48, 100, 100, 1, 14, 10000, 10
1, 11606, 93, 103, 108, 1028339, 1077131, 0.48, 100, 100, 1, 13, 10000, 10
1, 14811, 97, 120, 122, 1230614, 1234393, 0.48, 100, 100, 1, 17, 10000, 10
0, 17000, 106, 150, 138, 1616178, 1481057, 0.48, 100, 100, 1, 21, 10000, 10
1, 12134, 97, 107, 109, 974266, 991610, 0.48, 100, 100, 1, 11, 10000, 10
0, 17000, 87, 137, 129, 1365586, 1293506, 0.48, 100, 100, 1, 21, 10000, 10
1, 12319, 87, 97, 99, 1273497, 1300572, 0.48, 100, 100, 1, 14, 10000, 10
0, 17000, 95, 134, 130, 1374084, 1333804, 0.48, 100, 100, 1, 22, 10000, 10
1, 12419, 109, 120, 121, 989855, 995093, 0.48, 100, 100, 1, 12, 10000, 10
1, 12614, 117, 127, 134, 1069306, 1161674, 0.48, 100, 100, 1, 13, 10000, 10
0, 17000, 101, 148, 144, 1285766, 1222865, 0.48, 100, 100, 1, 20, 10000, 10
1, 11362, 97, 107, 107, 1034511, 1035601, 0.48, 100, 100, 1, 11, 10000, 10
1, 11844, 99, 109, 113, 1091716, 1134807, 0.48, 100, 100, 1, 12, 10000, 10
1, 12318, 93, 103, 104, 1111939, 1120598, 0.48, 100, 100, 1, 12, 10000, 10
1, 12239, 105, 116, 116, 1049449, 1049497, 0.48, 100, 100, 1, 14, 10000, 10
1, 12114, 102, 114, 115, 1036160, 1040565, 0.48, 100, 100, 1, 12, 10000, 10
1, 12713, 93, 103, 103, 1157315, 1159235, 0.48, 100, 100, 1, 14, 10000, 10
1, 13080, 103, 121, 122, 1192706, 1198025, 0.48, 100, 100, 1, 14, 10000, 10
0, 17000, 98, 151, 130, 1357610, 1166595, 0.48, 100, 100, 1, 22, 10000, 10
1, 12221, 120, 130, 131, 1068212, 1073785, 0.48, 100, 100, 1, 13, 10000, 10
0, 17000, 97, 141, 126, 1474645, 1294363, 0.48, 100, 100, 1, 23, 10000, 10
1, 11453, 98, 108, 108, 1085525, 1088098, 0.48, 100, 100, 1, 11, 10000, 10
1, 11752, 103, 114, 114, 984152, 986033, 0.48, 100, 100, 1, 13, 10000, 10
1, 12432, 109, 119, 120, 1057064, 1064191, 0.48, 100, 100, 1, 12, 10000, 10
1, 12918, 106, 116, 118, 1093365, 1118060, 0.48, 100, 100, 1, 13, 10000, 10
0, 17000, 109, 156, 150, 1427308, 1334072, 0.48, 100, 100, 1, 24, 10000, 10
1, 11746, 104, 114, 115, 1094665, 1110028, 0.48, 100, 100, 1, 11, 10000, 10
0, 17000, 100, 144, 140, 1306416, 1258137, 0.48, 100, 100, 1, 24, 10000, 10
1, 12254, 101, 111, 111, 1030877, 1031043, 0.48, 100, 100, 1, 15, 10000, 10
0, 17000, 124, 169, 159, 1340453, 1191078, 0.48, 100, 100, 1, 22, 10000, 10
0, 17000, 106, 153, 143, 1365039, 1266495, 0.48, 100, 100, 1, 24, 10000, 10
0, 17000, 102, 151, 144, 1344526, 1233834, 0.48, 100, 100, 1, 22, 10000, 10
0, 17000, 115, 165, 156, 1350177, 1252306, 0.48, 100, 100, 1, 24, 10000, 10
0, 17000, 117, 157, 147, 1280946, 1180360, 0.48, 100, 100, 1, 22, 10000, 10
1, 15059, 106, 133, 135, 1108048, 1108943, 0.48, 100, 100, 1, 19, 10000, 10
0, 17000, 107, 144, 137, 1367102, 1272016, 0.48, 100, 100, 1, 23, 10000, 10
1, 12723, 95, 105, 107, 1120901, 1140207, 0.48, 100, 100, 1, 14, 10000, 10
1, 13197, 109, 122, 123, 1241282, 1244293, 0.48, 100, 100, 1, 16, 10000, 10
0, 17000, 96, 136, 132, 1235903, 1196550, 0.48, 100, 100, 1, 22, 10000, 10
1, 13529, 110, 127, 128, 1134319, 1135489, 0.48, 100, 100, 1, 17, 10000, 10
1, 14007, 97, 120, 121, 1156238, 1158831, 0.48, 100, 100, 1, 16, 10000, 10
0, 17000, 107, 146, 133, 1309940, 1199731, 0.48, 100, 100, 1, 22, 10000, 10
1, 12435, 90, 100, 103, 1146269, 1180238, 0.48, 100, 100, 1, 14, 10000, 10
0, 17000, 101, 149, 139, 1431643, 1306805, 0.48, 100, 100, 1, 23, 10000, 10
1, 12462, 110, 120, 122, 1023930, 1055205, 0.48, 100, 100, 1, 13, 10000, 10
1, 16142, 79, 110, 110, 1596687, 1599712, 0.48, 100, 100, 1, 19, 10000, 10
1, 14670, 114, 136, 138, 1176926, 1184246, 0.48, 100, 100, 1, 19, 10000, 10
0, 17000, 106, 152, 139, 1315528, 1176707, 0.48, 100, 100, 1, 22, 10000, 10
1, 13703, 102, 117, 118, 1429774, 1437084, 0.48, 100, 100, 1, 14, 10000, 10
1, 12599, 95, 105, 105, 1206590, 1208024, 0.48, 100, 100, 1, 14, 10000, 10
0, 17000, 100, 138, 135, 1393625, 1343168, 0.48, 100, 100, 1, 23, 10000, 10
1, 11385, 119, 129, 129, 1133744, 1138775, 0.48, 100, 100, 1, 10, 10000, 10
0, 17000, 101, 152, 139, 1362344, 1238885, 0.48, 100, 100, 1, 22, 10000, 10
0, 17000, 105, 149, 138, 1436192, 1333266, 0.48, 100, 100, 1, 22, 10000, 10
1, 13462, 100, 110, 112, 1133510, 1151403, 0.48, 100, 100, 1, 17, 10000, 10
1, 12462, 112, 122, 124, 1166153, 1178754, 0.48, 100, 100, 1, 15, 10000, 10
1, 13180, 102, 119, 120, 1200184, 1201462, 0.48, 100, 100, 1, 13, 10000, 10
1, 14267, 94, 111, 112, 1335246, 1337290, 0.48, 100, 100, 1, 19, 10000, 10
1, 11685, 89, 99, 100, 1139919, 1148215, 0.48, 100, 100, 1, 14, 10000, 10
1, 15822, 108, 137, 139, 1257938, 1259218, 0.48, 100, 100, 1, 19, 10000, 10
1, 12435, 109, 119, 128, 1093568, 1189255, 0.48, 100, 100, 1, 14, 10000, 10
1, 12540, 86, 101, 102, 1197359, 1202692, 0.48, 100, 100, 1, 13, 10000, 15
0, 17000, 94, 136, 130, 1254501, 1196778, 0.48, 100, 100, 1, 23, 10000, 10
1, 13472, 113, 129, 131, 1250404, 1258343, 0.48, 100, 100, 1, 15, 10000, 15
0, 17000, 100, 141, 142, 1266902, 1259564, 0.48, 100, 100, 1, 24, 10000, 10
1, 13122, 107, 126, 127, 1024878, 1025339, 0.48, 100, 100, 1, 19, 10000, 10
1, 12624, 101, 111, 113, 1060060, 1082038, 0.48, 100, 100, 1, 17, 10000, 10
1, 13699, 102, 121, 123, 1283082, 1291813, 0.48, 100, 100, 1, 17, 10000, 10
0, 17000, 86, 139, 128, 1335712, 1205150, 0.48, 100, 100, 1, 25, 10000, 10
0, 17000, 119, 160, 152, 1404307, 1312883, 0.48, 100, 100, 1, 21, 10000, 10
1, 13093, 89, 104, 106, 1193576, 1212290, 0.48, 100, 100, 1, 16, 10000, 15
1, 14959, 110, 127, 128, 1485964, 1486299, 0.48, 100, 100, 1, 19, 10000, 15
1, 16689, 95, 126, 129, 1459646, 1464064, 0.48, 100, 100, 1, 23, 10000, 10
1, 12274, 90, 105, 109, 1120005, 1165202, 0.48, 100, 100, 1, 13, 10000, 15
1, 13290, 89, 104, 104, 1013197, 1013455, 0.48, 100, 100, 1, 17, 10000, 15
1, 13854, 88, 108, 109, 1357503, 1364553, 0.48, 100, 100, 1, 16, 10000, 15
0, 17000, 91, 137, 133, 1179795, 1135158, 0.48, 100, 100, 1, 27, 10000, 10
1, 12577, 88, 103, 104, 1078681, 1100130, 0.48, 100, 100, 1, 16, 10000, 15
0, 17000, 106, 155, 139, 1367436, 1234468, 0.48, 100, 100, 1, 28, 10000, 10
1, 12231, 101, 116, 117, 1094831, 1101315, 0.48, 100, 100, 1, 13, 10000, 15
1, 13331, 92, 107, 109, 1089493, 1110088, 0.48, 100, 100, 1, 16, 10000, 15
1, 12696, 90, 109, 110, 1018593, 1022777, 0.48, 100, 100, 1, 14, 10000, 15
1, 13985, 100, 115, 122, 1158166, 1233460, 0.48, 100, 100, 1, 16, 10000, 15
1, 12803, 113, 128, 132, 1153080, 1202640, 0.48, 100, 100, 1, 14, 10000, 15
1, 14102, 96, 123, 124, 1179993, 1182443, 0.48, 100, 100, 1, 16, 10000, 15
1, 17981, 100, 142, 145, 1333914, 1337323, 0.48, 100, 100, 1, 25, 10000, 15
0, 20500, 114, 176, 158, 1793344, 1603499, 0.48, 100, 100, 1, 32, 10000, 15
1, 15939, 87, 117, 120, 1400541, 1405515, 0.48, 100, 100, 1, 19, 10000, 15
0, 20500, 100, 177, 163, 1610718, 1499100, 0.48, 100, 100, 1, 29, 10000, 15
1, 13171, 110, 125, 128, 1109493, 1138022, 0.48, 100, 100, 1, 14, 10000, 15
1, 13736, 98, 113, 113, 1223637, 1232083, 0.48, 100, 100, 1, 17, 10000, 15
0, 20500, 107, 173, 169, 1453178, 1399149, 0.48, 100, 100, 1, 33, 10000, 15
1, 12474, 92, 107, 108, 1083651, 1094520, 0.48, 100, 100, 1, 14, 10000, 15
0, 20500, 109, 177, 162, 1654715, 1484527, 0.48, 100, 100, 1, 31, 10000, 15
1, 17343, 100, 133, 135, 1447833, 1449546, 0.48, 100, 100, 1, 23, 10000, 15
1, 13324, 98, 113, 122, 1047074, 1134605, 0.48, 100, 100, 1, 16, 10000, 15
0, 20500, 90, 161, 150, 1770842, 1645243, 0.48, 100, 100, 1, 29, 10000, 15
0, 20500, 107, 171, 159, 1475526, 1359095, 0.48, 100, 100, 1, 31, 10000, 15
1, 12995, 96, 111, 112, 1321078, 1329798, 0.48, 100, 100, 1, 16, 10000, 15
1, 13592, 107, 127, 128, 1043239, 1049544, 0.48, 100, 100, 1, 18, 10000, 15
0, 20500, 94, 160, 155, 1573388, 1507970, 0.48, 100, 100, 1, 33, 10000, 15
1, 14227, 103, 118, 124, 1307835, 1373078, 0.48, 100, 100, 1, 16, 10000, 15
0, 20500, 99, 172, 169, 1665098, 1616824, 0.48, 100, 100, 1, 32, 10000, 15
0, 20500, 104, 177, 172, 1397336, 1264888, 0.48, 100, 100, 1, 32, 10000, 15
1, 14008, 102, 117, 127, 1173579, 1282620, 0.48, 100, 100, 1, 20, 10000, 15
1, 16767, 98, 137, 139, 1220811, 1224538, 0.48, 100, 100, 1, 24, 10000, 15
0, 20500, 103, 180, 171, 1535533, 1425153, 0.48, 100, 100, 1, 34, 10000, 15
0, 20500, 102, 188, 175, 1394454, 1291850, 0.48, 100, 100, 1, 31, 10000, 15
1, 13046, 97, 113, 114, 1217578, 1224197, 0.48, 100, 100, 1, 13, 10000, 15
1, 14998, 103, 125, 126, 1342480, 1343191, 0.48, 100, 100, 1, 18, 10000, 15
1, 12605, 109, 124, 130, 1151244, 1222668, 0.48, 100, 100, 1, 16, 10000, 15
0, 20500, 102, 171, 159, 1526450, 1409929, 0.48, 100, 100, 1, 34, 10000, 15
1, 14357, 111, 135, 137, 1298384, 1305057, 0.48, 100, 100, 1, 23, 10000, 15
0, 20500, 110, 177, 173, 1511707, 1452695, 0.48, 100, 100, 1, 34, 10000, 15
1, 13241, 111, 126, 126, 1079596, 1083468, 0.48, 100, 100, 1, 17, 10000, 15
1, 12877, 103, 118, 118, 937438, 940456, 0.48, 100, 100, 1, 17, 10000, 15
0, 20500, 98, 167, 164, 1515379, 1469697, 0.48, 100, 100, 1, 33, 10000, 15
0, 20500, 110, 186, 169, 1614310, 1435944, 0.48, 100, 100, 1, 33, 10000, 15
1, 13413, 99, 114, 123, 1016110, 1098498, 0.48, 100, 100, 1, 16, 10000, 15
1, 13247, 111, 126, 125, 1116255, 1117029, 0.48, 100, 100, 1, 15, 10000, 15
1, 13452, 109, 124, 127, 1229902, 1283282, 0.48, 100, 100, 1, 15, 10000, 15
0, 20500, 113, 179, 178, 1395822, 1354098, 0.48, 100, 100, 1, 32, 10000, 15
1, 13329, 103, 123, 124, 1236144, 1238321, 0.48, 100, 100, 1, 16, 10000, 15
0, 20500, 117, 178, 176, 1468342, 1389137, 0.48, 100, 100, 1, 31, 10000, 15
1, 14097, 96, 117, 119, 1173213, 1175547, 0.48, 100, 100, 1, 17, 10000, 15
0, 20500, 80, 162, 134, 1710768, 1471059, 0.48, 100, 100, 1, 30, 10000, 15
1, 14708, 109, 124, 126, 1369856, 1397627, 0.48, 100, 100, 1, 22, 10000, 15
1, 12537, 111, 126, 130, 909089, 945804, 0.48, 100, 100, 1, 13, 10000, 15
0, 20500, 112, 175, 176, 1589285, 1524382, 0.48, 100, 100, 1, 33, 10000, 15
1, 13775, 112, 127, 129, 1178130, 1213587, 0.48, 100, 100, 1, 18, 10000, 15
0, 20500, 88, 167, 159, 1514747, 1425252, 0.48, 100, 100, 1, 31, 10000, 15
1, 14748, 103, 125, 127, 1285010, 1289580, 0.48, 100, 100, 1, 17, 10000, 15
1, 13305, 95, 110, 113, 1275754, 1310949, 0.48, 100, 100, 1, 16, 10000, 15
1, 13739, 112, 127, 132, 1157699, 1207475, 0.48, 100, 100, 1, 16, 10000, 15
0, 20500, 110, 188, 181, 1335168, 1261632, 0.48, 100, 100, 1, 31, 10000, 15
1, 14738, 103, 123, 124, 1265885, 1271581, 0.48, 100, 100, 1, 17, 10000, 15
1, 12901, 95, 110, 113, 1134551, 1161384, 0.48, 100, 100, 1, 18, 10000, 15
1, 12540, 116, 131, 131, 1023735, 1024507, 0.48, 100, 100, 1, 16, 10000, 15
1, 13396, 104, 119, 124, 1226203, 1280935, 0.48, 100, 100, 1, 15, 10000, 15
1, 12562, 93, 108, 108, 1175395, 1177146, 0.48, 100, 100, 1, 13, 10000, 15
0, 20500, 93, 155, 148, 1644431, 1558689, 0.48, 100, 100, 1, 30, 10000, 15
1, 16751, 106, 149, 151, 1204796, 1206610, 0.48, 100, 100, 1, 26, 10000, 15
0, 20500, 100, 159, 166, 1615371, 1583631, 0.48, 100, 100, 1, 32, 10000, 15
1, 12696, 98, 113, 114, 1171190, 1180165, 0.48, 100, 100, 1, 13, 10000, 15
0, 20500, 101, 165, 150, 1555766, 1406494, 0.48, 100, 100, 1, 30, 10000, 15
1, 12937, 94, 109, 119, 1085769, 1184238, 0.48, 100, 100, 1, 17, 10000, 15
0, 20500, 106, 182, 165, 1508261, 1330790, 0.48, 100, 100, 1, 32, 10000, 15
1, 13068, 114, 129, 131, 1112679, 1132480, 0.48, 100, 100, 1, 17, 10000, 15
1, 13577, 96, 111, 123, 1004284, 1104511, 0.48, 100, 100, 1, 17, 10000, 15
0, 20500, 115, 175, 178, 1606634, 1594814, 0.48, 100, 100, 1, 33, 10000, 15
1, 13393, 103, 118, 120, 1033773, 1047213, 0.48, 100, 100, 1, 16, 10000, 15
1, 13285, 95, 110, 113, 1247988, 1269315, 0.48, 100, 100, 1, 15, 10000, 15
1, 14147, 108, 130, 131, 1246595, 1247947, 0.48, 100, 100, 1, 20, 10000, 15
0, 20500, 105, 171, 164, 1602565, 1499335, 0.48, 100, 100, 1, 31, 10000, 15
0, 20500, 106, 185, 180, 1555955, 1442851, 0.48, 100, 100, 1, 37, 10000, 15
1, 15815, 100, 135, 138, 1192744, 1193595, 0.48, 100, 100, 1, 24, 10000, 15
1, 14887, 98, 113, 123, 1262213, 1375437, 0.48, 100, 100, 1, 19, 10000, 15
1, 13407, 113, 128, 130, 1063686, 1081627, 0.48, 100, 100, 1, 17, 10000, 15
0, 20500, 102, 188, 145, 1757248, 1403293, 0.48, 100, 100, 1, 32, 10000, 15
1, 13282, 105, 120, 123, 941340, 963508, 0.48, 100, 100, 1, 14, 10000, 15
1, 13562, 117, 132, 146, 1078275, 1232251, 0.48, 100, 100, 1, 20, 10000, 15
0, 20500, 118, 181, 180, 1556054, 1505771, 0.48, 100, 100, 1, 32, 10000, 15
1, 11958, 105, 121, 122, 1040942, 1048525, 0.48, 100, 100, 1, 15, 10000, 15
1, 12489, 111, 126, 129, 1082827, 1115462, 0.48, 100, 100, 1, 16, 10000, 15
0, 20500, 117, 179, 169, 1681883, 1533862, 0.48, 100, 100, 1, 33, 10000, 15
1, 13051, 105, 120, 124, 1149014, 1185563, 0.48, 100, 100, 1, 17, 10000, 15
1, 13757, 108, 125, 125, 1115839, 1116907, 0.48, 100, 100, 1, 17, 10000, 15
1, 15165, 112, 141, 142, 1322583, 1329341, 0.48, 100, 100, 1, 19, 10000, 15
1, 13961, 102, 130, 132, 985634, 985829, 0.48, 100, 100, 1, 15, 10000, 20
1, 15516, 96, 116, 128, 1379015, 1535732, 0.48, 100, 100, 1, 20, 10000, 20
1, 13893, 112, 132, 135, 1135034, 1182485, 0.48, 100, 100, 1, 19, 10000, 20
1, 13083, 102, 122, 124, 1138490, 1161289, 0.48, 100, 100, 1, 17, 10000, 20
0, 20500, 105, 167, 162, 1565556, 1489337, 0.48, 100, 100, 1, 34, 10000, 15
1, 14333, 103, 123, 134, 1231132, 1345439, 0.48, 100, 100, 1, 16, 10000, 20
1, 14880, 103, 123, 130, 1156411, 1217553, 0.48, 100, 100, 1, 19, 10000, 20
0, 20500, 106, 178, 165, 1526450, 1412229, 0.48, 100, 100, 1, 34, 10000, 15
1, 14348, 107, 127, 127, 1344024, 1352561, 0.48, 100, 100, 1, 21, 10000, 20
1, 13522, 93, 113, 123, 1386921, 1515088, 0.48, 100, 100, 1, 15, 10000, 20
1, 13930, 94, 115, 115, 1412904, 1413009, 0.48, 100, 100, 1, 19, 10000, 20
1, 13575, 83, 103, 104, 1298295, 1321188, 0.48, 100, 100, 1, 17, 10000, 20
0, 20500, 112, 184, 172, 1457524, 1314268, 0.48, 100, 100, 1, 37, 10000, 15
1, 14093, 106, 126, 133, 1226654, 1293109, 0.48, 100, 100, 1, 18, 10000, 20
1, 15709, 118, 142, 144, 1306330, 1309096, 0.48, 100, 100, 1, 24, 10000, 20
1, 14425, 89, 116, 117, 1066104, 1069353, 0.48, 100, 100, 1, 20, 10000, 20
1, 14702, 100, 127, 128, 1442906, 1449271, 0.48, 100, 100, 1, 20, 10000, 20
1, 13217, 104, 124, 126, 1001381, 1024824, 0.48, 100, 100, 1, 16, 10000, 20
1, 14007, 92, 112, 113, 1409782, 1413888, 0.48, 100, 100, 1, 17, 10000, 20
1, 14912, 113, 133, 133, 1370171, 1379023, 0.48, 100, 100, 1, 20, 10000, 20
0, 24000, 102, 210, 194, 1860913, 1693841, 0.48, 100, 100, 1, 43, 10000, 20
1, 13786, 96, 116, 120, 1080786, 1100323, 0.48, 100, 100, 1, 19, 10000, 20
1, 13796, 97, 120, 121, 1049906, 1051160, 0.48, 100, 100, 1, 18, 10000, 20
0, 24000, 103, 216, 195, 1809876, 1593212, 0.48, 100, 100, 1, 41, 10000, 20
1, 13921, 113, 133, 136, 1191773, 1252501, 0.48, 100, 100, 1, 19, 10000, 20
0, 24000, 81, 194, 175, 1860775, 1626039, 0.48, 100, 100, 1, 46, 10000, 20
0, 24000, 104, 201, 203, 1579023, 1520979, 0.48, 100, 100, 1, 42, 10000, 20
1, 14538, 103, 123, 130, 1348967, 1442022, 0.48, 100, 100, 1, 20, 10000, 20
0, 24000, 112, 214, 209, 1709659, 1530898, 0.48, 100, 100, 1, 41, 10000, 20
1, 16134, 103, 140, 142, 1208361, 1213801, 0.48, 100, 100, 1, 23, 10000, 20
1, 16843, 105, 149, 152, 1240951, 1242657, 0.48, 100, 100, 1, 23, 10000, 20
0, 24000, 104, 197, 198, 1687142, 1628136, 0.48, 100, 100, 1, 46, 10000, 20
1, 14411, 95, 115, 116, 1215438, 1221251, 0.48, 100, 100, 1, 18, 10000, 20
1, 13953, 112, 132, 136, 1086769, 1126787, 0.48, 100, 100, 1, 16, 10000, 20
1, 23918, 104, 189, 203, 1677831, 1682544, 0.48, 100, 100, 1, 40, 10000, 20
1, 14851, 113, 133, 136, 1191857, 1218883, 0.48, 100, 100, 1, 23, 10000, 20
0, 24000, 96, 195, 196, 1603670, 1549027, 0.48, 100, 100, 1, 41, 10000, 20
1, 22832, 108, 186, 193, 1601474, 1604467, 0.48, 100, 100, 1, 40, 10000, 20
1, 15074, 97, 122, 124, 1194593, 1201338, 0.48, 100, 100, 1, 21, 10000, 20
0, 24000, 101, 176, 181, 1957067, 1931018, 0.48, 100, 100, 1, 41, 10000, 20
1, 15713, 110, 130, 135, 1125145, 1164520, 0.48, 100, 100, 1, 20, 10000, 20
1, 16519, 94, 128, 130, 1240368, 1246156, 0.48, 100, 100, 1, 21, 10000, 20
1, 14045, 96, 116, 118, 1560857, 1600470, 0.48, 100, 100, 1, 16, 10000, 20
1, 20045, 107, 167, 172, 1411925, 1414639, 0.48, 100, 100, 1, 28, 10000, 20
1, 16287, 92, 130, 132, 1565832, 1568280, 0.48, 100, 100, 1, 24, 10000, 20
1, 13612, 104, 124, 127, 1101945, 1134789, 0.48, 100, 100, 1, 20, 10000, 20
0, 24000, 95, 187, 177, 2124246, 1998505, 0.48, 100, 100, 1, 43, 10000, 20
1, 15488, 114, 147, 149, 1252560, 1258660, 0.48, 100, 100, 1, 21, 10000, 20
1, 16094, 116, 150, 153, 1374765, 1375514, 0.48, 100, 100, 1, 22, 10000, 20
1, 13998, 85, 105, 105, 1468701, 1475504, 0.48, 100, 100, 1, 21, 10000, 20
1, 14611, 112, 132, 137, 1165185, 1232760, 0.48, 100, 100, 1, 17, 10000, 20
0, 24000, 96, 189, 171, 1727926, 1517100, 0.48, 100, 100, 1, 44, 10000, 20
1, 15985, 90, 124, 126, 1221625, 1222231, 0.48, 100, 100, 1, 22, 10000, 20
1, 14031, 101, 121, 128, 1192241, 1267207, 0.48, 100, 100, 1, 17, 10000, 20
1, 15430, 90, 110, 114, 1632011, 1697371, 0.48, 100, 100, 1, 21, 10000, 20
1, 13834, 100, 120, 120, 1085087, 1087246, 0.48, 100, 100, 1, 17, 10000, 20
0, 24000, 89, 177, 162, 1798584, 1657666, 0.48, 100, 100, 1, 38, 10000, 20
1, 15064, 85, 105, 110, 1209049, 1255475, 0.48, 100, 100, 1, 19, 10000, 20
1, 18001, 88, 138, 141, 1434589, 1439433, 0.48, 100, 100, 1, 24, 10000, 20
0, 24000, 82, 189, 173, 1809105, 1572605, 0.48, 100, 100, 1, 45, 10000, 20
1, 14517, 85, 108, 108, 1458747, 1462771, 0.48, 100, 100, 1, 17, 10000, 20
1, 15044, 101, 121, 121, 1446718, 1460131, 0.48, 100, 100, 1, 20, 10000, 20
0, 24000, 111, 213, 197, 1711813, 1515988, 0.48, 100, 100, 1, 45, 10000, 20
1, 14839, 119, 139, 140, 1243038, 1269931, 0.48, 100, 100, 1, 19, 10000, 20
1, 20435, 106, 174, 183, 1438641, 1439745, 0.48, 100, 100, 1, 35, 10000, 20
0, 24000, 102, 200, 191, 1780159, 1675698, 0.48, 100, 100, 1, 38, 10000, 20
0, 24000, 94, 182, 178, 1673710, 1554414, 0.48, 100, 100, 1, 38, 10000, 20
1, 15884, 83, 106, 107, 1488932, 1490829, 0.48, 100, 100, 1, 23, 10000, 20
0, 24000, 105, 221, 210, 1690891, 1514017, 0.48, 100, 100, 1, 41, 10000, 20
0, 24000, 99, 193, 189, 1937704, 1870515, 0.48, 100, 100, 1, 39, 10000, 20
1, 13123, 102, 122, 129, 982692, 1036488, 0.48, 100, 100, 1, 15, 10000, 20
0, 24000, 106, 208, 194, 1796044, 1569608, 0.48, 100, 100, 1, 39, 10000, 20
1, 14073, 103, 123, 126, 1191588, 1211767, 0.48, 100, 100, 1, 17, 10000, 20
1, 13951, 92, 117, 117, 1077054, 1078977, 0.48, 100, 100, 1, 17, 10000, 20
1, 13966, 115, 135, 138, 1138323, 1159700, 0.48, 100, 100, 1, 22, 10000, 20
0, 24000, 109, 204, 191, 1795193, 1696802, 0.48, 100, 100, 1, 43, 10000, 20
1, 13912, 109, 129, 133, 1252306, 1279664, 0.48, 100, 100, 1, 19, 10000, 20
0, 24000, 112, 218, 200, 1692655, 1503354, 0.48, 100, 100, 1, 46, 10000, 20
1, 13286, 92, 112, 113, 995954, 1005280, 0.48, 100, 100, 1, 18, 10000, 20
0, 24000, 108, 205, 191, 1746443, 1604054, 0.48, 100, 100, 1, 37, 10000, 20
1, 15800, 105, 140, 143, 1189955, 1195971, 0.48, 100, 100, 1, 19, 10000, 20
1, 15601, 97, 133, 134, 1185539, 1189160, 0.48, 100, 100, 1, 21, 10000, 20
0, 24000, 109, 208, 197, 1705413, 1585678, 0.48, 100, 100, 1, 43, 10000, 20
1, 14947, 89, 109, 115, 1289050, 1350185, 0.48, 100, 100, 1, 18, 10000, 20
1, 18223, 102, 154, 158, 1420627, 1424813, 0.48, 100, 100, 1, 28, 10000, 20
1, 13416, 96, 116, 119, 1149661, 1188788, 0.48, 100, 100, 1, 16, 10000, 20
0, 24000, 107, 202, 191, 1705629, 1558577, 0.48, 100, 100, 1, 38, 10000, 20
0, 24000, 107, 185, 191, 1677780, 1641820, 0.48, 100, 100, 1, 41, 10000, 20
0, 24000, 86, 180, 168, 1986485, 1741918, 0.48, 100, 100, 1, 40, 10000, 20
1, 17214, 109, 151, 156, 1258416, 1259449, 0.48, 100, 100, 1, 27, 10000, 20
1, 13384, 104, 124, 126, 1363006, 1372400, 0.48, 100, 100, 1, 15, 10000, 20
1, 14414, 121, 141, 142, 1097841, 1114914, 0.48, 100, 100, 1, 22, 10000, 20
1, 13236, 85, 105, 110, 1143905, 1191925, 0.48, 100, 100, 1, 16, 10000, 20
0, 24000, 107, 199, 188, 1959838, 1764091, 0.48, 100, 100, 1, 37, 10000, 20
1, 14867, 94, 114, 113, 1407630, 1415464, 0.48, 100, 100, 1, 24, 10000, 20
1, 14619, 105, 130, 134, 1065408, 1104770, 0.48, 100, 100, 1, 18, 10000, 25
0, 24000, 94, 188, 183, 1821725, 1705330, 0.48, 100, 100, 1, 36, 10000, 20
0, 24000, 102, 200, 193, 1860051, 1765427, 0.48, 100, 100, 1, 47, 10000, 20
1, 15875, 99, 124, 131, 1307279, 1384509, 0.48, 100, 100, 1, 21, 10000, 25
1, 14393, 111, 136, 139, 1171553, 1208774, 0.48, 100, 100, 1, 23, 10000, 25
0, 24000, 113, 213, 201, 1734286, 1552234, 0.48, 100, 100, 1, 39, 10000, 20
0, 24000, 106, 209, 192, 1811891, 1623185, 0.48, 100, 100, 1, 44, 10000, 20
0, 24000, 99, 199, 181, 1877410, 1671756, 0.48, 100, 100, 1, 39, 10000, 20
0, 24000, 102, 204, 183, 1882316, 1698661, 0.48, 100, 100, 1, 38, 10000, 20
1, 13889, 104, 129, 130, 1076614, 1089250, 0.48, 100, 100, 1, 17, 10000, 25
1, 14986, 102, 127, 127, 1252951, 1265478, 0.48, 100, 100, 1, 18, 10000, 25
1, 14458, 106, 131, 136, 1104777, 1152580, 0.48, 100, 100, 1, 20, 10000, 25
1, 16128, 83, 108, 110, 1290004, 1291282, 0.48, 100, 100, 1, 24, 10000, 25
0, 24000, 105, 208, 195, 1896149, 1676100, 0.48, 100, 100, 1, 43, 10000, 20
1, 14612, 99, 124, 125, 1298444, 1306850, 0.48, 100, 100, 1, 18, 10000, 25
1, 14434, 95, 125, 126, 1228551, 1229583, 0.48, 100, 100, 1, 20, 10000, 25
0, 24000, 105, 197, 198, 1737147, 1685577, 0.48, 100, 100, 1, 41, 10000, 20
1, 16225, 119, 144, 148, 1255326, 1276706, 0.48, 100, 100, 1, 20, 10000, 25
1, 14978, 116, 141, 148, 1085833, 1147438, 0.48, 100, 100, 1, 19, 10000, 25
1, 16278, 96, 121, 140, 1176218, 1372991, 0.48, 100, 100, 1, 23, 10000, 25
1, 15427, 100, 125, 125, 1429157, 1429435, 0.48, 100, 100, 1, 20, 10000, 25
1, 14742, 110, 135, 135, 1330126, 1339182, 0.48, 100, 100, 1, 18, 10000, 25
0, 27500, 90, 226, 217, 1961013, 1777796, 0.48, 100, 100, 1, 47, 10000, 25
1, 16096, 113, 138, 153, 1319260, 1470968, 0.48, 100, 100, 1, 23, 10000, 25
1, 15553, 101, 126, 136, 1246193, 1370082, 0.48, 100, 100, 1, 19, 10000, 25
1, 16182, 103, 135, 135, 1378806, 1382934, 0.48, 100, 100, 1, 21, 10000, 25
1, 23062, 107, 197, 203, 1579743, 1582277, 0.48, 100, 100, 1, 38, 10000, 25
1, 18006, 98, 144, 146, 1339081, 1343779, 0.48, 100, 100, 1, 25, 10000, 25
1, 15153, 121, 146, 152, 1223844, 1278302, 0.48, 100, 100, 1, 19, 10000, 25
1, 13847, 76, 101, 101, 1293827, 1296350, 0.48, 100, 100, 1, 16, 10000, 25
0, 27500, 104, 239, 232, 1913917, 1755503, 0.48, 100, 100, 1, 50, 10000, 25
1, 15285, 113, 140, 140, 1178574, 1183656, 0.48, 100, 100, 1, 21, 10000, 25
1, 16057, 97, 122, 128, 1269774, 1329369, 0.48, 100, 100, 1, 23, 10000, 25
0, 27500, 109, 251, 238, 1907320, 1721788, 0.48, 100, 100, 1, 51, 10000, 25
1, 14078, 105, 130, 132, 1201071, 1234532, 0.48, 100, 100, 1, 18, 10000, 25
1, 15763, 111, 137, 138, 1252895, 1255802, 0.48, 100, 100, 1, 20, 10000, 25
1, 14618, 111, 136, 138, 1088816, 1090604, 0.48, 100, 100, 1, 20, 10000, 25
1, 15120, 85, 110, 113, 1281790, 1323373, 0.48, 100, 100, 1, 20, 10000, 25
0, 27500, 104, 243, 239, 1891011, 1733937, 0.48, 100, 100, 1, 49, 10000, 25
1, 15076, 99, 129, 131, 1402218, 1409635, 0.48, 100, 100, 1, 18, 10000, 25
0, 27500, 115, 242, 223, 1941266, 1738048, 0.48, 100, 100, 1, 54, 10000, 25
0, 27500, 85, 221, 216, 1849855, 1767268, 0.48, 100, 100, 1, 52, 10000, 25
1, 15304, 104, 129, 133, 1137805, 1191094, 0.48, 100, 100, 1, 18, 10000, 25
1, 17534, 95, 134, 135, 1352504, 1355728, 0.48, 100, 100, 1, 27, 10000, 25
1, 13609, 96, 121, 122, 1234903, 1240865, 0.48, 100, 100, 1, 15, 10000, 25
1, 17022, 97, 137, 141, 1248412, 1255051, 0.48, 100, 100, 1, 33, 10000, 25
0, 27500, 119, 249, 221, 2137403, 1862941, 0.48, 100, 100, 1, 47, 10000, 25
1, 15787, 97, 122, 129, 1370594, 1462145, 0.48, 100, 100, 1, 21, 10000, 25
1, 17074, 84, 120, 122, 1591736, 1596944, 0.48, 100, 100, 1, 22, 10000, 25
0, 27500, 107, 246, 240, 2017225, 1845792, 0.48, 100, 100, 1, 52, 10000, 25
1, 14297, 95, 124, 126, 1023604, 1026878, 0.48, 100, 100, 1, 21, 10000, 25
1, 13500, 111, 136, 136, 1056740, 1057902, 0.48, 100, 100, 1, 16, 10000, 25
0, 27500, 113, 248, 225, 1892304, 1713729, 0.48, 100, 100, 1, 52, 10000, 25
0, 27500, 97, 245, 242, 1856594, 1762043, 0.48, 100, 100, 1, 52, 10000, 25
1, 15500, 100, 125, 129, 1156396, 1206288, 0.48, 100, 100, 1, 23, 10000, 25
1, 14288, 109, 134, 134, 1269873, 1283018, 0.48, 100, 100, 1, 18, 10000, 25
1, 14346, 110, 135, 136, 1012811, 1033782, 0.48, 100, 100, 1, 22, 10000, 25
0, 27500, 92, 231, 218, 1840195, 1573312, 0.48, 100, 100, 1, 50, 10000, 25
0, 27500, 91, 235, 239, 2056547, 2007871, 0.48, 100, 100, 1, 50, 10000, 25
0, 27500, 94, 231, 229, 2164931, 1998485, 0.48, 100, 100, 1, 49, 10000, 25
1, 13557, 109, 134, 134, 1173129, 1176229, 0.48, 100, 100, 1, 18, 10000, 25
1, 16034, 94, 119, 131, 1281208, 1404072, 0.48, 100, 100, 1, 20, 10000, 25
1, 14038, 92, 117, 118, 1313220, 1320527, 0.48, 100, 100, 1, 16, 10000, 25
1, 17165, 90, 122, 123, 1467513, 1470231, 0.48, 100, 100, 1, 24, 10000, 25
0, 27500, 107, 230, 216, 2219146, 2082392, 0.48, 100, 100, 1, 49, 10000, 25
0, 27500, 102, 236, 228, 1849394, 1663210, 0.48, 100, 100, 1, 49, 10000, 25
1, 14522, 99, 124, 125, 1308596, 1314538, 0.48, 100, 100, 1, 18, 10000, 25
0, 27500, 114, 265, 269, 1718442, 1641713, 0.48, 100, 100, 1, 49, 10000, 25
1, 14150, 109, 134, 135, 1223977, 1234869, 0.48, 100, 100, 1, 17, 10000, 25
1, 16080, 105, 130, 133, 1355665, 1401576, 0.48, 100, 100, 1, 22, 10000, 25
1, 13978, 93, 118, 120, 1437910, 1477977, 0.48, 100, 100, 1, 17, 10000, 25
1, 16397, 93, 125, 126, 1511258, 1512562, 0.48, 100, 100, 1, 22, 10000, 25
1, 15376, 112, 137, 140, 1086574, 1139386, 0.48, 100, 100, 1, 18, 10000, 25
0, 27500, 97, 250, 221, 1951702, 1615221, 0.48, 100, 100, 1, 49, 10000, 25
1, 15052, 85, 110, 112, 1255188, 1284618, 0.48, 100, 100, 1, 22, 10000, 25
1, 16700, 89, 130, 132, 1510268, 1511099, 0.48, 100, 100, 1, 21, 10000, 25
1, 14847, 110, 136, 139, 1300989, 1306907, 0.48, 100, 100, 1, 23, 10000, 25
0, 27500, 113, 256, 243, 2040244, 1843574, 0.48, 100, 100, 1, 51, 10000, 25
1, 15281, 86, 111, 113, 1401075, 1431230, 0.48, 100, 100, 1, 19, 10000, 25
1, 14151, 89, 114, 113, 1496623, 1500511, 0.48, 100, 100, 1, 17, 10000, 25
1, 25427, 114, 211, 224, 1720483, 1720884, 0.48, 100, 100, 1, 42, 10000, 25
1, 15544, 104, 143, 147, 1068497, 1071617, 0.48, 100, 100, 1, 21, 10000, 25
1, 14419, 97, 122, 127, 1164124, 1221377, 0.48, 100, 100, 1, 17, 10000, 25
1, 15164, 109, 134, 142, 1079551, 1162906, 0.48, 100, 100, 1, 20, 10000, 25
0, 27500, 101, 250, 240, 1862096, 1669468, 0.48, 100, 100, 1, 48, 10000, 25
0, 27500, 104, 240, 237, 1853850, 1771898, 0.48, 100, 100, 1, 48, 10000, 25
1, 15663, 103, 128, 130, 1225603, 1234436, 0.48, 100, 100, 1, 20, 10000, 25
1, 16024, 95, 120, 127, 1415965, 1496352, 0.48, 100, 100, 1, 22, 10000, 25
0, 27500, 115, 253, 250, 1802586, 1720588, 0.48, 100, 100, 1, 46, 10000, 25
0, 27500, 89, 229, 230, 1776541, 1738470, 0.48, 100, 100, 1, 53, 10000, 25
1, 15411, 95, 120, 126, 1188566, 1246174, 0.48, 100, 100, 1, 19, 10000, 25
1, 14806, 94, 119, 128, 1436339, 1561818, 0.48, 100, 100, 1, 25, 10000, 25
1, 16248, 107, 132, 137, 1337670, 1374980, 0.48, 100, 100, 1, 21, 10000, 25
0, 27500, 93, 233, 230, 1951438, 1861309, 0.48, 100, 100, 1, 53, 10000, 25
1, 16943, 91, 138, 141, 1444145, 1449860, 0.48, 100, 100, 1, 22, 10000, 25
1, 15872, 100, 125, 143, 1305656, 1485498, 0.48, 100, 100, 1, 21, 10000, 25
0, 27500, 99, 241, 234, 1875935, 1779073, 0.48, 100, 100, 1, 49, 10000, 25
1, 15113, 111, 141, 141, 1124387, 1128332, 0.48, 100, 100, 1, 20, 10000, 30
0, 27500, 97, 245, 248, 1715920, 1658193, 0.48, 100, 100, 1, 48, 10000, 25
0, 27500, 83, 217, 199, 1978313, 1800540, 0.48, 100, 100, 1, 45, 10000, 25
1, 17318, 96, 130, 132, 1304379, 1313554, 0.48, 100, 100, 1, 22, 10000, 30
1, 15476, 101, 126, 131, 1360942, 1433215, 0.48, 100, 100, 1, 22, 10000, 25
0, 27500, 106, 219, 232, 2103766, 2000374, 0.48, 100, 100, 1, 48, 10000, 25
1, 14852, 109, 134, 133, 1155949, 1160984, 0.48, 100, 100, 1, 22, 10000, 25
1, 14515, 105, 135, 137, 1294818, 1318194, 0.48, 100, 100, 1, 20, 10000, 30
0, 27500, 98, 236, 228, 1866101, 1736436, 0.48, 100, 100, 1, 47, 10000, 25
1, 16930, 116, 146, 151, 1615507, 1697148, 0.48, 100, 100, 1, 23, 10000, 30
1, 16599, 106, 136, 150, 1443884, 1638281, 0.48, 100, 100, 1, 23, 10000, 30
1, 14955, 90, 125, 127, 1190407, 1196511, 0.48, 100, 100, 1, 18, 10000, 30
1, 21379, 106, 177, 181, 1675844, 1676528, 0.48, 100, 100, 1, 32, 10000, 25
1, 16246, 119, 151, 152, 1219433, 1223375, 0.48, 100, 100, 1, 20, 10000, 30
1, 16873, 116, 146, 146, 1358638, 1363823, 0.48, 100, 100, 1, 22, 10000, 30
0, 27500, 106, 243, 235, 2011891, 1792675, 0.48, 100, 100, 1, 46, 10000, 25
0, 27500, 101, 243, 230, 1965040, 1803057, 0.48, 100, 100, 1, 50, 10000, 25
0, 27500, 101, 225, 230, 1879290, 1822258, 0.48, 100, 100, 1, 46, 10000, 25
1, 16453, 123, 153, 165, 1443264, 1583042, 0.48, 100, 100, 1, 21, 10000, 30
1, 15674, 93, 123, 124, 1396142, 1431999, 0.48, 100, 100, 1, 20, 10000, 30
0, 27500, 113, 248, 233, 1983552, 1848449, 0.48, 100, 100, 1, 51, 10000, 25
1, 15171, 112, 142, 146, 1286544, 1321091, 0.48, 100, 100, 1, 20, 10000, 30
1, 17274, 94, 124, 139, 1366797, 1495954, 0.48, 100, 100, 1, 26, 10000, 30
0, 31000, 116, 285, 283, 2092549, 1869510, 0.48, 100, 100, 1, 53, 10000, 30
0, 31000, 104, 267, 258, 2109974, 1896226, 0.48, 100, 100, 1, 56, 10000, 30
1, 17566, 91, 121, 124, 1470512, 1488368, 0.48, 100, 100, 1, 25, 10000, 30
1, 16296, 101, 131, 131, 1301904, 1308569, 0.48, 100, 100, 1, 22, 10000, 30
1, 21214, 106, 182, 187, 1566138, 1566890, 0.48, 100, 100, 1, 33, 10000, 30
1, 15134, 101, 131, 135, 1261096, 1325675, 0.48, 100, 100, 1, 19, 10000, 30
1, 14622, 114, 144, 144, 1255752, 1260963, 0.48, 100, 100, 1, 18, 10000, 30
1, 15307, 104, 134, 139, 1168619, 1205600, 0.48, 100, 100, 1, 26, 10000, 30
1, 17214, 108, 138, 147, 1381809, 1437936, 0.48, 100, 100, 1, 24, 10000, 30
0, 31000, 100, 284, 280, 1927388, 1803759, 0.48, 100, 100, 1, 55, 10000, 30
1, 15784, 107, 137, 140, 1422328, 1455130, 0.48, 100, 100, 1, 27, 10000, 30
1, 15667, 107, 137, 136, 1347817, 1351241, 0.48, 100, 100, 1, 24, 10000, 30
0, 31000, 100, 268, 258, 2034771, 1918810, 0.48, 100, 100, 1, 52, 10000, 30
1, 19537, 93, 149, 152, 1674946, 1681124, 0.48, 100, 100, 1, 29, 10000, 30
0, 31000, 116, 267, 266, 2119353, 1968988, 0.48, 100, 100, 1, 53, 10000, 30
0, 31000, 111, 285, 265, 2234394, 1970740, 0.48, 100, 100, 1, 55, 10000, 30
1, 16054, 101, 134, 136, 1356176, 1357853, 0.48, 100, 100, 1, 22, 10000, 30
1, 16869, 113, 155, 157, 1380795, 1384411, 0.48, 100, 100, 1, 22, 10000, 30
1, 15237, 112, 142, 145, 1371999, 1426952, 0.48, 100, 100, 1, 23, 10000, 30
0, 31000, 92, 269, 272, 2157855, 2067161, 0.48, 100, 100, 1, 56, 10000, 30
0, 31000, 76, 251, 232, 2374262, 2069656, 0.48, 100, 100, 1, 53, 10000, 30
1, 15794, 94, 128, 127, 1196489, 1197406, 0.48, 100, 100, 1, 22, 10000, 30
0, 31000, 111, 276, 261, 2237751, 1966725, 0.48, 100, 100, 1, 54, 10000, 30
1, 19634, 122, 177, 178, 1389139, 1390046, 0.48, 100, 100, 1, 29, 10000, 30
0, 31000, 94, 256, 249, 2119028, 2033022, 0.48, 100, 100, 1, 55, 10000, 30
0, 31000, 107, 260, 272, 2211236, 2106183, 0.48, 100, 100, 1, 54, 10000, 30
1, 25207, 93, 210, 219, 1791114, 1793189, 0.48, 100, 100, 1, 41, 10000, 30
1, 16109, 113, 143, 146, 1387164, 1411355, 0.48, 100, 100, 1, 22, 10000, 30
1, 16418, 107, 137, 143, 1475540, 1559409, 0.48, 100, 100, 1, 22, 10000, 30
1, 15740, 106, 136, 141, 1147193, 1190737, 0.48, 100, 100, 1, 27, 10000, 30
0, 31000, 121, 275, 283, 2104923, 2049526, 0.48, 100, 100, 1, 55, 10000, 30
1, 14532, 104, 134, 134, 1137327, 1144230, 0.48, 100, 100, 1, 18, 10000, 30
1, 16053, 102, 132, 135, 1122982, 1165920, 0.48, 100, 100, 1, 21, 10000, 30
1, 16032, 80, 116, 117, 1599864, 1601875, 0.48, 100, 100, 1, 20, 10000, 30
1, 15658, 108, 138, 139, 1401782, 1408686, 0.48, 100, 100, 1, 19, 10000, 30
1, 16590, 107, 137, 136, 1396239, 1396905, 0.48, 100, 100, 1, 23, 10000, 30
0, 31000, 92, 260, 257, 1945933, 1860582, 0.48, 100, 100, 1, 66, 10000, 30
1, 15979, 112, 142, 148, 1399882, 1425952, 0.48, 100, 100, 1, 22, 10000, 30
1, 16082, 96, 126, 130, 1368901, 1428412, 0.48, 100, 100, 1, 21, 10000, 30
1, 15924, 103, 133, 131, 1326372, 1332749, 0.48, 100, 100, 1, 23, 10000, 30
1, 15543, 118, 148, 146, 1278410, 1285988, 0.48, 100, 100, 1, 20, 10000, 30
1, 15910, 120, 150, 151, 1323792, 1337021, 0.48, 100, 100, 1, 24, 10000, 30
1, 14992, 95, 125, 128, 1267586, 1289667, 0.48, 100, 100, 1, 18, 10000, 30
1, 15970, 120, 150, 153, 1346275, 1372733, 0.48, 100, 100, 1, 23, 10000, 30
1, 16177, 94, 124, 130, 1324248, 1385414, 0.48, 100, 100, 1, 21, 10000, 30
0, 31000, 120, 286, 278, 2111627, 1997900, 0.48, 100, 100, 1, 53, 10000, 30
1, 14960, 103, 133, 133, 1135150, 1135467, 0.48, 100, 100, 1, 22, 10000, 30
0, 31000, 94, 278, 267, 2119409, 1894798, 0.48, 100, 100, 1, 54, 10000, 30
0, 31000, 96, 256, 234, 2124429, 1909941, 0.48, 100, 100, 1, 51, 10000, 30
0, 31000, 98, 267, 260, 1966560, 1822500, 0.48, 100, 100, 1, 54, 10000, 30
1, 15059, 96, 126, 138, 1045366, 1144230, 0.48, 100, 100, 1, 19, 10000, 30
1, 16229, 101, 131, 135, 1123038, 1134933, 0.48, 100, 100, 1, 22, 10000, 30
0, 31000, 96, 285, 264, 2270261, 1955613, 0.48, 100, 100, 1, 58, 10000, 30
1, 14621, 102, 132, 133, 1338575, 1342107, 0.48, 100, 100, 1, 18, 10000, 30
1, 16754, 101, 141, 143, 1349195, 1353730, 0.48, 100, 100, 1, 23, 10000, 30
1, 26945, 103, 211, 220, 1953279, 1955166, 0.48, 100, 100, 1, 50, 10000, 30
0, 31000, 95, 275, 270, 2039139, 1903332, 0.48, 100, 100, 1, 54, 10000, 30
1, 24436, 110, 202, 211, 1652433, 1653019, 0.48, 100, 100, 1, 38, 10000, 30
1, 15060, 100, 130, 128, 1229538, 1238073, 0.48, 100, 100, 1, 21, 10000, 30
1, 16226, 114, 144, 148, 1095082, 1138478, 0.48, 100, 100, 1, 26, 10000, 30
0, 31000, 85, 248, 231, 2446782, 2108300, 0.48, 100, 100, 1, 53, 10000, 30
1, 16183, 109, 139, 140, 1266150, 1296658, 0.48, 100, 100, 1, 22, 10000, 30
1, 15677, 96, 126, 137, 1036846, 1136882, 0.48, 100, 100, 1, 20, 10000, 30
1, 17966, 125, 169, 174, 1135845, 1136815, 0.48, 100, 100, 1, 24, 10000, 30
1, 15332, 102, 132, 132, 1194834, 1210586, 0.48, 100, 100, 1, 18, 10000, 30
1, 17393, 87, 117, 121, 1454629, 1497363, 0.48, 100, 100, 1, 23, 10000, 30
1, 17122, 108, 138, 141, 1434361, 1459814, 0.48, 100, 100, 1, 24, 10000, 30
1, 22690, 101, 178, 184, 1587275, 1588034, 0.48, 100, 100, 1, 37, 10000, 30
0, 31000, 101, 268, 258, 2212409, 2000520, 0.48, 100, 100, 1, 56, 10000, 30
1, 27478, 111, 217, 229, 1910131, 1910693, 0.48, 100, 100, 1, 45, 10000, 30
1, 17504, 108, 138, 150, 1317174, 1439282, 0.48, 100, 100, 1, 24, 10000, 30
0, 31000, 117, 263, 250, 2305429, 2093585, 0.48, 100, 100, 1, 56, 10000, 30
0, 31000, 101, 274, 268, 2056062, 1887563, 0.48, 100, 100, 1, 54, 10000, 30
0, 31000, 108, 279, 270, 2103328, 1931905, 0.48, 100, 100, 1, 54, 10000, 30
1, 15195, 110, 144, 145, 1110402, 1115123, 0.48, 100, 100, 1, 19, 10000, 30
1, 14732, 109, 139, 142, 1120409, 1148743, 0.48, 100, 100, 1, 18, 10000, 30
0, 31000, 94, 275, 261, 2177701, 1952813, 0.48, 100, 100, 1, 52, 10000, 30
1, 16521, 98, 128, 131, 1336359, 1375947, 0.48, 100, 100, 1, 22, 10000, 30
1, 19496, 97, 156, 160, 1514830, 1518122, 0.48, 100, 100, 1, 30, 10000, 30
0, 31000, 93, 259, 236, 2413421, 2071209, 0.48, 100, 100, 1, 53, 10000, 30
0, 31000, 114, 288, 265, 1851425, 1619002, 0.48, 100, 100, 1, 56, 10000, 30
1, 16753, 98, 133, 144, 1347748, 1459538, 0.48, 100, 100, 1, 21, 10000, 35
0, 31000, 98, 284, 279, 2058252, 1954115, 0.48, 100, 100, 1, 57, 10000, 30
1, 15403, 116, 151, 153, 1157876, 1157998, 0.48, 100, 100, 1, 20, 10000, 35
1, 15845, 88, 123, 130, 1182947, 1247828, 0.48, 100, 100, 1, 19, 10000, 35
1, 16773, 107, 142, 143, 1436682, 1459935, 0.48, 100, 100, 1, 22, 10000, 35
1, 16206, 110, 145, 147, 1453865, 1461982, 0.48, 100, 100, 1, 21, 10000, 35
1, 16678, 110, 145, 144, 1325104, 1326960, 0.48, 100, 100, 1, 23, 10000, 35
0, 31000, 103, 280, 268, 2187708, 2026951, 0.48, 100, 100, 1, 55, 10000, 30
1, 17701, 85, 120, 123, 1541659, 1547138, 0.48, 100, 100, 1, 23, 10000, 35
1, 23581, 100, 178, 186, 1893533, 1894462, 0.48, 100, 100, 1, 36, 10000, 35
1, 23383, 102, 174, 180, 1842351, 1847936, 0.48, 100, 100, 1, 36, 10000, 35
0, 31000, 108, 264, 264, 2389342, 2347994, 0.48, 100, 100, 1, 56, 10000, 30
1, 15806, 103, 138, 140, 1214568, 1234748, 0.48, 100, 100, 1, 22, 10000, 35
1, 16820, 109, 150, 152, 1466496, 1467468, 0.48, 100, 100, 1, 26, 10000, 35
1, 15170, 100, 135, 135, 1238852, 1245469, 0.48, 100, 100, 1, 24, 10000, 35
1, 16002, 110, 145, 149, 1149214, 1189645, 0.48, 100, 100, 1, 24, 10000, 35
1, 17166, 113, 148, 151, 1295474, 1362507, 0.48, 100, 100, 1, 27, 10000, 35
0, 31000, 101, 270, 266, 2241322, 2037129, 0.48, 100, 100, 1, 56, 10000, 30
1, 16742, 113, 148, 156, 1271558, 1339249, 0.48, 100, 100, 1, 24, 10000, 35
1, 15853, 83, 119, 121, 1345058, 1350824, 0.48, 100, 100, 1, 20, 10000, 35
0, 31000, 118, 279, 282, 1830138, 1788974, 0.48, 100, 100, 1, 58, 10000, 30
1, 19064, 99, 148, 153, 1609027, 1616098, 0.48, 100, 100, 1, 31, 10000, 35
0, 31000, 111, 291, 283, 2108973, 1913444, 0.48, 100, 100, 1, 57, 10000, 30
1, 16584, 83, 127, 130, 1315353, 1317834, 0.48, 100, 100, 1, 26, 10000, 35
0, 31000, 111, 265, 258, 2076775, 1962893, 0.48, 100, 100, 1, 60, 10000, 30
1, 16649, 94, 129, 134, 1147272, 1195780, 0.48, 100, 100, 1, 22, 10000, 35
1, 16915, 106, 141, 140, 1338663, 1355012, 0.48, 100, 100, 1, 24, 10000, 35
0, 34500, 92, 294, 296, 2120330, 2040198, 0.48, 100, 100, 1, 61, 10000, 35
1, 19149, 114, 164, 164, 1304034, 1304545, 0.48, 100, 100, 1, 31, 10000, 35
1, 31059, 104, 260, 275, 2161101, 2164774, 0.48, 100, 100, 1, 56, 10000, 35
0, 34500, 91, 297, 283, 2237280, 2010839, 0.48, 100, 100, 1, 64, 10000, 35
1, 17380, 120, 155, 157, 1227679, 1279797, 0.48, 100, 100, 1, 25, 10000, 35
1, 16758, 102, 137, 148, 1368416, 1476574, 0.48, 100, 100, 1, 22, 10000, 35
1, 17910, 117, 165, 167, 1310511, 1313913, 0.48, 100, 100, 1, 24, 10000, 35
1, 16438, 98, 139, 139, 1166034, 1171628, 0.48, 100, 100, 1, 22, 10000, 35
0, 34500, 112, 307, 301, 2335769, 2158786, 0.48, 100, 100, 1, 67, 10000, 35
0, 34500, 95, 291, 293, 2426671, 2315382, 0.48, 100, 100, 1, 63, 10000, 35
0, 34500, 102, 296, 292, 2447027, 2139053, 0.48, 100, 100, 1, 66, 10000, 35
1, 21486, 98, 169, 176, 1620255, 1621293, 0.48, 100, 100, 1, 35, 10000, 35
1, 18142, 115, 150, 160, 1449179, 1543914, 0.48, 100, 100, 1, 28, 10000, 35
0, 34500, 113, 312, 313, 2568026, 2410351, 0.48, 100, 100, 1, 66, 10000, 35
1, 16947, 107, 142, 143, 1390919, 1428795, 0.48, 100, 100, 1, 23, 10000, 35
0, 34500, 97, 302, 293, 2322849, 2160573, 0.48, 100, 100, 1, 73, 10000, 35
0, 34500, 104, 310, 298, 2275938, 2036527, 0.48, 100, 100, 1, 65, 10000, 35
1, 16077, 101, 136, 144, 1432720, 1549670, 0.48, 100, 100, 1, 24, 10000, 35
1, 15831, 107, 142, 145, 950417, 962529, 0.48, 100, 100, 1, 25, 10000, 35
1, 16889, 96, 138, 140, 1208249, 1210158, 0.48, 100, 100, 1, 23, 10000, 35
0, 34500, 100, 318, 296, 2308283, 1998076, 0.48, 100, 100, 1, 69, 10000, 35
1, 16100, 97, 132, 135, 1202883, 1235932, 0.48, 100, 100, 1, 21, 10000, 35
0, 34500, 104, 301, 312, 2105358, 2081629, 0.48, 100, 100, 1, 67, 10000, 35
1, 28009, 103, 229, 247, 2106880, 2107042, 0.48, 100, 100, 1, 46, 10000, 35
1, 14896, 88, 123, 130, 1084577, 1132079, 0.48, 100, 100, 1, 18, 10000, 35
1, 16107, 100, 135, 136, 1372668, 1394547, 0.48, 100, 100, 1, 22, 10000, 35
1, 17061, 106, 141, 142, 1424509, 1460410, 0.48, 100, 100, 1, 28, 10000, 35
0, 34500, 82, 294, 276, 2413121, 2005490, 0.48, 100, 100, 1, 62, 10000, 35
1, 21939, 97, 162, 168, 1770389, 1771545, 0.48, 100, 100, 1, 41, 10000, 35
1, 17248, 79, 116, 115, 1430252, 1433088, 0.48, 100, 100, 1, 25, 10000, 35
0, 34500, 106, 323, 311, 2077025, 1840194, 0.48, 100, 100, 1, 71, 10000, 35
1, 16246, 112, 147, 148, 1407431, 1408657, 0.48, 100, 100, 1, 21, 10000, 35
1, 17481, 115, 151, 150, 1446860, 1448486, 0.48, 100, 100, 1, 24, 10000, 35
1, 31316, 87, 248, 257, 2400458, 2401551, 0.48, 100, 100, 1, 62, 10000, 35
0, 34500, 92, 308, 302, 2258590, 2145406, 0.48, 100, 100, 1, 66, 10000, 35
0, 34500, 93, 305, 305, 2181162, 2042387, 0.48, 100, 100, 1, 63, 10000, 35
0, 34500, 104, 306, 302, 2254931, 2152318, 0.48, 100, 100, 1, 67, 10000, 35
1, 31160, 112, 280, 289, 2162735, 2163758, 0.48, 100, 100, 1, 54, 10000, 35
0, 34500, 107, 316, 305, 2151141, 2041607, 0.48, 100, 100, 1, 61, 10000, 35
1, 20869, 115, 178, 184, 1681106, 1685291, 0.48, 100, 100, 1, 34, 10000, 35
1, 16760, 91, 126, 130, 1278722, 1316449, 0.48, 100, 100, 1, 23, 10000, 35
1, 16012, 88, 125, 126, 1221807, 1226274, 0.48, 100, 100, 1, 21, 10000, 35
1, 17398, 88, 123, 136, 1227344, 1348790, 0.48, 100, 100, 1, 23, 10000, 35
1, 26753, 80, 203, 216, 1704101, 1708010, 0.48, 100, 100, 1, 49, 10000, 35
0, 34500, 116, 310, 313, 2256099, 2078641, 0.48, 100, 100, 1, 67, 10000, 35
0, 34500, 105, 312, 295, 2339192, 2133088, 0.48, 100, 100, 1, 64, 10000, 35
0, 34500, 85, 303, 288, 2224923, 2011737, 0.48, 100, 100, 1, 67, 10000, 35
1, 19140, 101, 164, 167, 1402669, 1403552, 0.48, 100, 100, 1, 28, 10000, 35
0, 34500, 104, 302, 304, 2379797, 2200814, 0.48, 100, 100, 1, 62, 10000, 35
0, 34500, 92, 294, 291, 2451847, 2357282, 0.48, 100, 100, 1, 66, 10000, 35
1, 18229, 76, 121, 120, 1512061, 1515907, 0.48, 100, 100, 1, 26, 10000, 35
1, 18639, 102, 155, 155, 1471282, 1472332, 0.48, 100, 100, 1, 32, 10000, 35
0, 34500, 100, 304, 311, 1928657, 1895923, 0.48, 100, 100, 1, 64, 10000, 35
1, 15594, 103, 138, 137, 1297668, 1299462, 0.48, 100, 100, 1, 21, 10000, 35
1, 16819, 98, 133, 147, 1176369, 1315272, 0.48, 100, 100, 1, 25, 10000, 35
1, 16643, 98, 133, 137, 1187164, 1237902, 0.48, 100, 100, 1, 25, 10000, 35
1, 15887, 101, 136, 137, 1193082, 1200255, 0.48, 100, 100, 1, 24, 10000, 35
0, 34500, 116, 326, 324, 2125592, 1889056, 0.48, 100, 100, 1, 69, 10000, 35
0, 34500, 94, 306, 296, 2257345, 2034383, 0.48, 100, 100, 1, 65, 10000, 35
1, 15875, 110, 145, 148, 1317564, 1341441, 0.48, 100, 100, 1, 23, 10000, 35
0, 34500, 108, 314, 313, 2265715, 2169619, 0.48, 100, 100, 1, 77, 10000, 35
1, 15709, 108, 144, 144, 989265, 996330, 0.48, 100, 100, 1, 21, 10000, 35
1, 14788, 112, 147, 147, 1295423, 1316360, 0.48, 100, 100, 1, 29, 10000, 35
0, 34500, 101, 307, 305, 2247900, 2017092, 0.48, 100, 100, 1, 69, 10000, 35
0, 34500, 108, 322, 308, 2332151, 2124288, 0.48, 100, 100, 1, 66, 10000, 35
0, 34500, 102, 314, 299, 2525717, 2204456, 0.48, 100, 100, 1, 70, 10000, 35
1, 17274, 108, 143, 149, 1467064, 1550366, 0.48, 100, 100, 1, 29, 10000, 35
1, 16029, 113, 148, 151, 1411573, 1434661, 0.48, 100, 100, 1, 37, 10000, 35
1, 16957, 119, 164, 163, 1277980, 1278469, 0.48, 100, 100, 1, 25, 10000, 45
1, 17829, 105, 150, 154, 1213001, 1213441, 0.48, 100, 100, 1, 33, 10000, 45
0, 34500, 110, 307, 309, 2314458, 2215506, 0.48, 100, 100, 1, 64, 10000, 35
1, 16611, 90, 125, 126, 1261888, 1276033, 0.48, 100, 100, 1, 31, 10000, 35
1, 18562, 99, 153, 157, 1374832, 1380496, 0.48, 100, 100, 1, 26, 10000, 45
0, 34500, 113, 309, 312, 2207809, 2061944, 0.48, 100, 100, 1, 73, 10000, 35
1, 16370, 88, 126, 126, 1252635, 1255289, 0.48, 100, 100, 1, 22, 10000, 35
1, 17628, 105, 163, 163, 1240805, 1245076, 0.48, 100, 100, 1, 25, 10000, 45
0, 34500, 117, 310, 307, 2204239, 2095113, 0.48, 100, 100, 1, 73, 10000, 35
0, 34500, 94, 290, 263, 2746088, 2273576, 0.48, 100, 100, 1, 71, 10000, 35
1, 18590, 93, 138, 146, 1435754, 1498660, 0.48, 100, 100, 1, 32, 10000, 45
0, 34500, 110, 303, 293, 2274526, 2061904, 0.48, 100, 100, 1, 83, 10000, 35
1, 17640, 103, 151, 151, 1356475, 1356826, 0.48, 100, 100, 1, 28, 10000, 45
1, 17387, 98, 143, 146, 1179812, 1188746, 0.48, 100, 100, 1, 23, 10000, 45
1, 17676, 84, 129, 135, 1284184, 1345891, 0.48, 100, 100, 1, 29, 10000, 45
1, 31524, 102, 261, 271, 2038957, 2040404, 0.48, 100, 100, 1, 57, 10000, 35
1, 18702, 84, 129, 138, 1388711, 1481140, 0.48, 100, 100, 1, 28, 10000, 45
0, 34500, 106, 304, 296, 2346911, 2142460, 0.48, 100, 100, 1, 76, 10000, 35
1, 17835, 119, 164, 169, 1318715, 1328872, 0.48, 100, 100, 1, 29, 10000, 45
1, 17842, 96, 141, 156, 1302715, 1516991, 0.48, 100, 100, 1, 24, 10000, 45
0, 34500, 101, 323, 317, 2224272, 2024988, 0.48, 100, 100, 1, 74, 10000, 35
0, 34500, 107, 322, 314, 2041418, 1925317, 0.48, 100, 100, 1, 74, 10000, 35
1, 18053, 102, 147, 149, 1307133, 1327761, 0.48, 100, 100, 1, 35, 10000, 45
1, 19190, 95, 147, 148, 1627734, 1634262, 0.48, 100, 100, 1, 30, 10000, 45
1, 20926, 109, 174, 177, 1520722, 1523111, 0.48, 100, 100, 1, 43, 10000, 45
1, 25481, 102, 205, 212, 1948922, 1951943, 0.48, 100, 100, 1, 44, 10000, 45
0, 34500, 126, 316, 309, 2401493, 2204512, 0.48, 100, 100, 1, 96, 10000, 35
1, 18284, 88, 133, 147, 1220646, 1324094, 0.48, 100, 100, 1, 27, 10000, 45
1, 17678, 108, 153, 165, 1169882, 1258877, 0.48, 100, 100, 1, 32, 10000, 45
1, 31321, 112, 279, 291, 2112555, 2114076, 0.48, 100, 100, 1, 67, 10000, 45
1, 20750, 87, 161, 162, 1457292, 1462435, 0.48, 100, 100, 1, 29, 10000, 45
1, 18785, 93, 138, 141, 1447184, 1476668, 0.48, 100, 100, 1, 32, 10000, 45
1, 18011, 100, 145, 162, 1105634, 1258838, 0.48, 100, 100, 1, 24, 10000, 45
0, 41500, 99, 381, 365, 2779792, 2522920, 0.48, 100, 100, 1, 84, 10000, 45
1, 18733, 92, 137, 149, 1288728, 1395894, 0.48, 100, 100, 1, 29, 10000, 45
1, 17287, 92, 137, 143, 1276557, 1313686, 0.48, 100, 100, 1, 29, 10000, 45
0, 41500, 99, 372, 358, 3025209, 2558285, 0.48, 100, 100, 1, 96, 10000, 45
1, 19340, 99, 144, 150, 1396725, 1447790, 0.48, 100, 100, 1, 28, 10000, 45
0, 41500, 102, 371, 370, 2745983, 2656793, 0.48, 100, 100, 1, 104, 10000, 45
1, 17022, 92, 137, 136, 1304476, 1309848, 0.48, 100, 100, 1, 28, 10000, 45
0, 41500, 112, 385, 376, 2752155, 2398264, 0.48, 100, 100, 1, 101, 10000, 45
1, 18675, 110, 155, 161, 1340136, 1383568, 0.48, 100, 100, 1, 33, 10000, 45
1, 17052, 104, 149, 153, 1159456, 1197762, 0.48, 100, 100, 1, 30, 10000, 45
1, 31833, 112, 267, 278, 2029518, 2029775, 0.48, 100, 100, 1, 63, 10000, 45
1, 17500, 96, 141, 147, 1371832, 1422861, 0.48, 100, 100, 1, 32, 10000, 45
1, 18601, 120, 165, 169, 1489239, 1518020, 0.48, 100, 100, 1, 39, 10000, 45
1, 17093, 94, 140, 139, 1247095, 1248590, 0.48, 100, 100, 1, 35, 10000, 45
0, 41500, 101, 384, 380, 2582594, 2465430, 0.48, 100, 100, 1, 84, 10000, 45
0, 41500, 109, 379, 383, 2618310, 2444689, 0.48, 100, 100, 1, 100, 10000, 45
1, 26313, 106, 215, 233, 1776203, 1778045, 0.48, 100, 100, 1, 63, 10000, 45
0, 41500, 101, 361, 353, 2668629, 2589396, 0.48, 100, 100, 1, 99, 10000, 45
0, 41500, 72, 330, 326, 2838176, 2686111, 0.48, 100, 100, 1, 83, 10000, 45
0, 41500, 106, 381, 378, 2546389, 2313661, 0.48, 100, 100, 1, 99, 10000, 45
0, 41500, 96, 371, 362, 2755334, 2591853, 0.48, 100, 100, 1, 78, 10000, 45
1, 26690, 91, 219, 221, 1701059, 1701653, 0.48, 100, 100, 1, 47, 10000, 45
0, 41500, 97, 362, 355, 2728769, 2473244, 0.48, 100, 100, 1, 89, 10000, 45
0, 41500, 114, 381, 374, 2629709, 2435839, 0.48, 100, 100, 1, 124, 10000, 45
1, 15631, 109, 154, 161, 1136930, 1226611, 0.48, 100, 100, 1, 27, 10000, 45
0, 41500, 98, 372, 358, 3026409, 2698005, 0.48, 100, 100, 1, 98, 10000, 45
1, 17939, 94, 139, 140, 1517426, 1522534, 0.48, 100, 100, 1, 24, 10000, 45
1, 18163, 102, 147, 156, 1346031, 1422830, 0.48, 100, 100, 1, 29, 10000, 45
1, 17928, 97, 143, 145, 1512847, 1519828, 0.48, 100, 100, 1, 24, 10000, 45
0, 41500, 112, 385, 379, 2691383, 2416008, 0.48, 100, 100, 1, 96, 10000, 45
0, 41500, 83, 353, 351, 2587380, 2521533, 0.48, 100, 100, 1, 91, 10000, 45
0, 41500, 113, 370, 354, 2877912, 2512414, 0.48, 100, 100, 1, 88, 10000, 45
1, 18339, 113, 158, 160, 1493794, 1522960, 0.48, 100, 100, 1, 26, 10000, 45
1, 19125, 96, 159, 164, 1338732, 1340109, 0.48, 100, 100, 1, 35, 10000, 45
1, 16971, 101, 146, 150, 1258635, 1316538, 0.48, 100, 100, 1, 34, 10000, 45
1, 16972, 107, 152, 152, 1246058, 1248700, 0.48, 100, 100, 1, 23, 10000, 45
1, 17033, 112, 157, 161, 1187258, 1230049, 0.48, 100, 100, 1, 35, 10000, 45
1, 18160, 117, 162, 167, 1363693, 1383242, 0.48, 100, 100, 1, 29, 10000, 45
1, 20454, 103, 153, 158, 1606154, 1608324, 0.48, 100, 100, 1, 29, 10000, 45
0, 41500, 87, 370, 360, 2576831, 2386440, 0.48, 100, 100, 1, 93, 10000, 45
1, 17657, 110, 155, 155, 1361269, 1367456, 0.48, 100, 100, 1, 28, 10000, 45
1, 17976, 118, 163, 165, 1570348, 1572623, 0.48, 100, 100, 1, 26, 10000, 45
1, 18329, 98, 143, 145, 1743098, 1781376, 0.48, 100, 100, 1, 31, 10000, 45
1, 18086, 82, 133, 135, 1376108, 1380620, 0.48, 100, 100, 1, 25, 10000, 45
0, 41500, 86, 352, 335, 3098450, 2654544, 0.48, 100, 100, 1, 122, 10000, 45
1, 17127, 98, 143, 144, 1352056, 1388807, 0.48, 100, 100, 1, 28, 10000, 45
0, 41500, 105, 379, 387, 2356956, 2339899, 0.48, 100, 100, 1, 86, 10000, 45
1, 19132, 88, 133, 132, 1505362, 1525137, 0.48, 100, 100, 1, 27, 10000, 45
1, 35826, 103, 317, 323, 2390832, 2392892, 0.48, 100, 100, 1, 80, 10000, 45
1, 18014, 111, 156, 162, 1416921, 1459695, 0.48, 100, 100, 1, 25, 10000, 45
0, 41500, 94, 385, 379, 2623404, 2474564, 0.48, 100, 100, 1, 107, 10000, 45
0, 41500, 86, 367, 369, 2540628, 2404732, 0.48, 100, 100, 1, 79, 10000, 45
1, 16953, 87, 132, 141, 1171226, 1260108, 0.48, 100, 100, 1, 25, 10000, 45
1, 21142, 107, 171, 176, 1410637, 1413879, 0.48, 100, 100, 1, 46, 10000, 45
0, 41500, 103, 367, 362, 2646172, 2513127, 0.48, 100, 100, 1, 91, 10000, 45
0, 41500, 101, 380, 367, 2820779, 2603310, 0.48, 100, 100, 1, 86, 10000, 45
0, 41500, 103, 386, 374, 2664415, 2325302, 0.48, 100, 100, 1, 98, 10000, 45
1, 17997, 99, 144, 141, 1394966, 1403603, 0.48, 100, 100, 1, 25, 10000, 45
0, 41500, 94, 373, 374, 2458871, 2332743, 0.48, 100, 100, 1, 109, 10000, 45
1, 17190, 109, 154, 157, 1229966, 1253830, 0.48, 100, 100, 1, 22, 10000, 45
0, 41500, 98, 376, 371, 2562486, 2425129, 0.48, 100, 100, 1, 99, 10000, 45
1, 19201, 77, 122, 125, 1626552, 1650047, 0.48, 100, 100, 1, 27, 10000, 45
0, 41500, 102, 376, 374, 2529255, 2417649, 0.48, 100, 100, 1, 84, 10000, 45
1, 17908, 106, 151, 153, 1281711, 1305907, 0.48, 100, 100, 1, 26, 10000, 45
1, 18019, 118, 163, 165, 1357123, 1389061, 0.48, 100, 100, 1, 27, 10000, 45
0, 41500, 92, 378, 363, 2587354, 2202758, 0.48, 100, 100, 1, 76, 10000, 45
0, 41500, 106, 382, 384, 2655238, 2433032, 0.48, 100, 100, 1, 86, 10000, 45
1, 19001, 105, 150, 152, 1369331, 1407778, 0.48, 100, 100, 1, 34, 10000, 45
0, 41500, 98, 366, 354, 2637386, 2511087, 0.48, 100, 100, 1, 78, 10000, 45
1, 18309, 102, 147, 152, 1456897, 1487718, 0.48, 100, 100, 1, 25, 10000, 45
1, 19156, 112, 157, 174, 1433056, 1613839, 0.48, 100, 100, 1, 29, 10000, 45
1, 18406, 111, 167, 170, 1298118, 1298377, 0.48, 100, 100, 1, 28, 10000, 55
1, 18694, 121, 166, 172, 1464198, 1545656, 0.48, 100, 100, 1, 33, 10000, 45
1, 19817, 125, 172, 174, 1499364, 1505334, 0.48, 100, 100, 1, 37, 10000, 45
0, 41500, 116, 375, 374, 2872004, 2642187, 0.48, 100, 100, 1, 85, 10000, 45
1, 18967, 97, 152, 161, 1395179, 1447042, 0.48, 100, 100, 1, 26, 10000, 55
0, 41500, 110, 391, 377, 2758732, 2386894, 0.48, 100, 100, 1, 96, 10000, 45
1, 21767, 93, 148, 152, 1910753, 1995809, 0.48, 100, 100, 1, 34, 10000, 55
1, 19225, 108, 163, 165, 1516484, 1538543, 0.48, 100, 100, 1, 33, 10000, 55
1, 19539, 94, 149, 156, 1866153, 1983023, 0.48, 100, 100, 1, 33, 10000, 55
1, 19850, 95, 150, 154, 1421566, 1514526, 0.48, 100, 100, 1, 32, 10000, 55
1, 16622, 84, 139, 141, 1158983, 1164324, 0.48, 100, 100, 1, 23, 10000, 55
1, 18305, 90, 145, 142, 1315767, 1317465, 0.48, 100, 100, 1, 26, 10000, 55
1, 29745, 114, 273, 286, 1924565, 1926277, 0.48, 100, 100, 1, 51, 10000, 55
0, 41500, 105, 391, 367, 2750337, 2357381, 0.48, 100, 100, 1, 78, 10000, 45
1, 18881, 107, 162, 171, 1251013, 1322691, 0.48, 100, 100, 1, 34, 10000, 55
0, 41500, 130, 386, 381, 2943792, 2584991, 0.48, 100, 100, 1, 79, 10000, 45
1, 29472, 111, 250, 261, 2007935, 2013345, 0.48, 100, 100, 1, 55, 10000, 55
0, 41500, 104, 385, 373, 2740151, 2495887, 0.48, 100, 100, 1, 90, 10000, 45
1, 17990, 110, 167, 171, 1343486, 1347593, 0.48, 100, 100, 1, 29, 10000, 55
0, 41500, 110, 394, 383, 2550286, 2301946, 0.48, 100, 100, 1, 91, 10000, 45
1, 18902, 112, 167, 180, 1349736, 1487825, 0.48, 100, 100, 1, 46, 10000, 55
1, 29740, 80, 235, 242, 2106014, 2106557, 0.48, 100, 100, 1, 61, 10000, 55
1, 41303, 93, 348, 362, 2725379, 2725881, 0.48, 100, 100, 1, 77, 10000, 55
0, 48500, 95, 430, 433, 2954221, 2792868, 0.48, 100, 100, 1, 98, 10000, 55
0, 48500, 94, 446, 428, 3042649, 2743585, 0.48, 100, 100, 1, 100, 10000, 55
0, 48500, 103, 452, 431, 2911272, 2621729, 0.48, 100, 100, 1, 95, 10000, 55
0, 48500, 103, 442, 428, 2976952, 2830164, 0.48, 100, 100, 1, 95, 10000, 55
0, 48500, 91, 434, 434, 3146353, 3082492, 0.48, 100, 100, 1, 104, 10000, 55
0, 48500, 104, 458, 446, 2907156, 2744474, 0.48, 100, 100, 1, 109, 10000, 55
0, 48500, 95, 443, 434, 2974309, 2631961, 0.48, 100, 100, 1, 90, 10000, 55
0, 48500, 88, 421, 417, 3210671, 2946200, 0.48, 100, 100, 1, 106, 10000, 55
0, 48500, 98, 446, 437, 3128401, 2780389, 0.48, 100, 100, 1, 116, 10000, 55
0, 48500, 113, 460, 443, 3134560, 2775149, 0.48, 100, 100, 1, 113, 10000, 55
0, 48500, 126, 462, 458, 3127965, 2923974, 0.48, 100, 100, 1, 112, 10000, 55
0, 48500, 108, 444, 440, 2852509, 2678671, 0.48, 100, 100, 1, 97, 10000, 55
1, 47999, 103, 427, 442, 2908488, 2910036, 0.48, 100, 100, 1, 114, 10000, 55
0, 48500, 99, 451, 434, 3133094, 2819732, 0.48, 100, 100, 1, 115, 10000, 55
0, 48500, 101, 445, 429, 2837536, 2655499, 0.48, 100, 100, 1, 118, 10000, 55
0, 48500, 102, 439, 450, 2897576, 2745519, 0.48, 100, 100, 1, 104, 10000, 55
1, 19092, 88, 143, 149, 1301664, 1399865, 0.48, 100, 100, 1, 35, 10000, 55
0, 48500, 100, 454, 447, 3058067, 2630271, 0.48, 100, 100, 1, 123, 10000, 55
1, 19016, 100, 155, 157, 1455554, 1455745, 0.48, 100, 100, 1, 31, 10000, 55
1, 19179, 101, 156, 161, 1367763, 1406190, 0.48, 100, 100, 1, 30, 10000, 55
0, 48500, 106, 450, 428, 3378467, 2877068, 0.48, 100, 100, 1, 98, 10000, 55
1, 18525, 98, 155, 155, 1359095, 1359752, 0.48, 100, 100, 1, 27, 10000, 55
0, 48500, 82, 431, 433, 2827793, 2718754, 0.48, 100, 100, 1, 129, 10000, 55
1, 20245, 95, 150, 150, 1441224, 1457883, 0.48, 100, 100, 1, 31, 10000, 55
1, 19138, 106, 161, 165, 1558522, 1564752, 0.48, 100, 100, 1, 26, 10000, 55
0, 48500, 103, 443, 448, 2886959, 2719220, 0.48, 100, 100, 1, 103, 10000, 55
1, 19448, 87, 142, 146, 1396222, 1424250, 0.48, 100, 100, 1, 38, 10000, 55
0, 48500, 94, 430, 423, 2980464, 2813136, 0.48, 100, 100, 1, 94, 10000, 55
0, 48500, 114, 452, 451, 3094999, 2914365, 0.48, 100, 100, 1, 112, 10000, 55
0, 48500, 96, 436, 416, 2990518, 2837437, 0.48, 100, 100, 1, 108, 10000, 55
0, 48500, 137, 471, 460, 3049498, 2846992, 0.48, 100, 100, 1, 104, 10000, 55
0, 48500, 82, 407, 414, 3318939, 3292433, 0.48, 100, 100, 1, 106, 10000, 55
0, 48500, 110, 441, 439, 3007280, 2820866, 0.48, 100, 100, 1, 96, 10000, 55
0, 48500, 89, 423, 426, 3107909, 2841597, 0.48, 100, 100, 1, 99, 10000, 55
1, 18641, 88, 143, 143, 1502743, 1525598, 0.48, 100, 100, 1, 25, 10000, 55
0, 48500, 97, 449, 437, 2946241, 2722119, 0.48, 100, 100, 1, 109, 10000, 55
1, 20016, 92, 147, 152, 1550171, 1559637, 0.48, 100, 100, 1, 28, 10000, 55
1, 25588, 95, 182, 190, 1978460, 1982147, 0.48, 100, 100, 1, 42, 10000, 55
1, 19778, 100, 155, 156, 1517827, 1559642, 0.48, 100, 100, 1, 38, 10000, 55
1, 19399, 97, 152, 152, 1587081, 1590224, 0.48, 100, 100, 1, 30, 10000, 55
0, 48500, 108, 451, 436, 2952099, 2730978, 0.48, 100, 100, 1, 101, 10000, 55
1, 20438, 107, 162, 167, 1560482, 1644393, 0.48, 100, 100, 1, 33, 10000, 55
1, 20021, 99, 154, 161, 1751475, 1829617, 0.48, 100, 100, 1, 38, 10000, 55
0, 48500, 98, 452, 447, 2958800, 2783979, 0.48, 100, 100, 1, 96, 10000, 55
1, 20128, 83, 145, 147, 1563199, 1565059, 0.48, 100, 100, 1, 43, 10000, 55
1, 19325, 102, 157, 169, 1429357, 1552307, 0.48, 100, 100, 1, 39, 10000, 55
1, 19593, 97, 170, 171, 1438053, 1443042, 0.48, 100, 100, 1, 31, 10000, 55
0, 48500, 104, 434, 450, 2967672, 2845026, 0.48, 100, 100, 1, 112, 10000, 55
0, 48500, 96, 447, 426, 2882654, 2646131, 0.48, 100, 100, 1, 101, 10000, 55
1, 19149, 106, 165, 163, 1470264, 1472482, 0.48, 100, 100, 1, 34, 10000, 55
0, 48500, 110, 465, 460, 2933844, 2670029, 0.48, 100, 100, 1, 98, 10000, 55
0, 48500, 128, 470, 462, 2946034, 2657643, 0.48, 100, 100, 1, 103, 10000, 55
1, 18394, 99, 154, 156, 1350539, 1354446, 0.48, 100, 100, 1, 28, 10000, 55
1, 18289, 99, 154, 156, 1346761, 1383331, 0.48, 100, 100, 1, 25, 10000, 55
0, 48500, 99, 449, 446, 3022616, 2927891, 0.48, 100, 100, 1, 111, 10000, 55
1, 27384, 100, 234, 242, 1909360, 1910189, 0.48, 100, 100, 1, 45, 10000, 55
1, 20313, 111, 166, 165, 1463393, 1477270, 0.48, 100, 100, 1, 37, 10000, 55
0, 48500, 108, 451, 450, 2828575, 2697708, 0.48, 100, 100, 1, 108, 10000, 55
1, 19893, 111, 166, 167, 1416709, 1466771, 0.48, 100, 100, 1, 34, 10000, 55
1, 19526, 113, 168, 165, 1803905, 1805001, 0.48, 100, 100, 1, 31, 10000, 55
0, 48500, 108, 446, 448, 2937714, 2862816, 0.48, 100, 100, 1, 90, 10000, 55
0, 48500, 114, 453, 455, 2711905, 2555394, 0.48, 100, 100, 1, 92, 10000, 55
1, 20264, 113, 168, 172, 1388417, 1393176, 0.48, 100, 100, 1, 30, 10000, 55
1, 20148, 104, 159, 165, 1455039, 1544152, 0.48, 100, 100, 1, 27, 10000, 55
1, 25973, 94, 200, 213, 1751559, 1755003, 0.48, 100, 100, 1, 61, 10000, 55
0, 48500, 121, 458, 445, 2968222, 2668992, 0.48, 100, 100, 1, 106, 10000, 55
0, 48500, 84, 426, 418, 3030605, 2791910, 0.48, 100, 100, 1, 108, 10000, 55
0, 48500, 104, 446, 439, 2983281, 2590441, 0.48, 100, 100, 1, 91, 10000, 55
1, 20276, 95, 160, 170, 1601502, 1661331, 0.48, 100, 100, 1, 27, 10000, 65
1, 20447, 99, 154, 154, 1617882, 1684520, 0.48, 100, 100, 1, 36, 10000, 55
1, 21371, 105, 170, 185, 1508896, 1654391, 0.48, 100, 100, 1, 36, 10000, 65
1, 20280, 90, 155, 163, 1371924, 1445530, 0.48, 100, 100, 1, 33, 10000, 65
0, 48500, 123, 457, 457, 3017318, 2893208, 0.48, 100, 100, 1, 97, 10000, 55
1, 22044, 113, 178, 192, 1478390, 1629485, 0.48, 100, 100, 1, 38, 10000, 65
0, 48500, 104, 466, 447, 3019699, 2686727, 0.48, 100, 100, 1, 92, 10000, 55
1, 22112, 108, 173, 179, 1485184, 1565633, 0.48, 100, 100, 1, 38, 10000, 65
0, 48500, 120, 449, 460, 2938582, 2929852, 0.48, 100, 100, 1, 97, 10000, 55
0, 48500, 92, 429, 422, 3278299, 2995999, 0.48, 100, 100, 1, 112, 10000, 55
0, 48500, 92, 451, 441, 2882555, 2705925, 0.48, 100, 100, 1, 101, 10000, 55
0, 48500, 114, 447, 450, 3002269, 2743348, 0.48, 100, 100, 1, 113, 10000, 55
1, 21292, 97, 162, 166, 1507639, 1598716, 0.48, 100, 100, 1, 49, 10000, 65
0, 48500, 93, 436, 422, 3118751, 2757770, 0.48, 100, 100, 1, 102, 10000, 55
1, 20737, 107, 172, 185, 1441673, 1596670, 0.48, 100, 100, 1, 36, 10000, 65
1, 21085, 119, 190, 191, 1462413, 1467137, 0.48, 100, 100, 1, 31, 10000, 65
1, 22403, 90, 170, 175, 1518192, 1522838, 0.48, 100, 100, 1, 45, 10000, 65
0, 48500, 113, 460, 440, 2916570, 2657883, 0.48, 100, 100, 1, 102, 10000, 55
1, 20037, 105, 170, 174, 1314789, 1346544, 0.48, 100, 100, 1, 30, 10000, 65
0, 48500, 100, 437, 433, 3077756, 2841396, 0.48, 100, 100, 1, 101, 10000, 55
0, 48500, 101, 448, 448, 2993483, 2952951, 0.48, 100, 100, 1, 106, 10000, 55
1, 19792, 92, 158, 153, 1468353, 1471196, 0.48, 100, 100, 1, 28, 10000, 65
1, 21338, 111, 176, 184, 1461502, 1561441, 0.48, 100, 100, 1, 51, 10000, 65
1, 26160, 93, 211, 227, 1759058, 1763471, 0.48, 100, 100, 1, 42, 10000, 65
1, 33088, 100, 283, 288, 2158000, 2159213, 0.48, 100, 100, 1, 56, 10000, 65
0, 48500, 90, 446, 432, 2818608, 2520518, 0.48, 100, 100, 1, 101, 10000, 55
0, 48500, 110, 462, 455, 2735355, 2440139, 0.48, 100, 100, 1, 112, 10000, 55
0, 48500, 101, 442, 447, 3158580, 2916380, 0.48, 100, 100, 1, 115, 10000, 55
1, 19919, 93, 159, 156, 1350745, 1354845, 0.48, 100, 100, 1, 35, 10000, 65
1, 20369, 108, 173, 183, 1373056, 1437711, 0.48, 100, 100, 1, 40, 10000, 65
1, 29374, 112, 253, 259, 2053508, 2057338, 0.48, 100, 100, 1, 73, 10000, 65
1, 22041, 104, 169, 171, 1660313, 1673070, 0.48, 100, 100, 1, 37, 10000, 65
0, 48500, 95, 431, 422, 3088211, 2632312, 0.48, 100, 100, 1, 114, 10000, 55
0, 48500, 99, 431, 432, 2996396, 2926608, 0.48, 100, 100, 1, 112, 10000, 55
1, 20412, 103, 168, 177, 1528603, 1616616, 0.48, 100, 100, 1, 33, 10000, 65
0, 48500, 119, 469, 454, 2976478, 2596547, 0.48, 100, 100, 1, 121, 10000, 55
1, 19264, 104, 169, 180, 1239288, 1345248, 0.48, 100, 100, 1, 32, 10000, 65
1, 20689, 105, 170, 179, 1320672, 1390107, 0.48, 100, 100, 1, 32, 10000, 65
1, 51595, 101, 461, 471, 3086831, 3089073, 0.48, 100, 100, 1, 130, 10000, 65
1, 22913, 88, 153, 172, 1585490, 1746164, 0.48, 100, 100, 1, 35, 10000, 65
0, 55500, 106, 498, 505, 3587035, 3430525, 0.48, 100, 100, 1, 111, 10000, 65
1, 20427, 118, 183, 179, 1489390, 1490521, 0.48, 100, 100, 1, 37, 10000, 65
1, 20679, 113, 179, 177, 1525481, 1528489, 0.48, 100, 100, 1, 33, 10000, 65
1, 21346, 99, 164, 170, 1703575, 1781991, 0.48, 100, 100, 1, 47, 10000, 65
1, 20562, 113, 178, 182, 1377883, 1514595, 0.48, 100, 100, 1, 30, 10000, 65
1, 19888, 91, 156, 157, 1610991, 1612209, 0.48, 100, 100, 1, 37, 10000, 65
1, 20895, 112, 177, 183, 1414660, 1415471, 0.48, 100, 100, 1, 31, 10000, 65
1, 20678, 111, 176, 180, 1597707, 1634551, 0.48, 100, 100, 1, 30, 10000, 65
1, 20294, 87, 152, 154, 1437692, 1456146, 0.48, 100, 100, 1, 36, 10000, 65
1, 20027, 100, 165, 166, 1363843, 1388569, 0.48, 100, 100, 1, 31, 10000, 65
0, 55500, 110, 515, 511, 3503023, 3196643, 0.48, 100, 100, 1, 121, 10000, 65
1, 21027, 107, 172, 170, 1541490, 1560407, 0.48, 100, 100, 1, 35, 10000, 65
0, 55500, 98, 503, 500, 3606199, 3282413, 0.48, 100, 100, 1, 115, 10000, 65
0, 55500, 108, 509, 511, 3279588, 3040411, 0.48, 100, 100, 1, 108, 10000, 65
0, 55500, 103, 519, 515, 3360992, 3051053, 0.48, 100, 100, 1, 114, 10000, 65
1, 20583, 105, 170, 179, 1429277, 1529278, 0.48, 100, 100, 1, 30, 10000, 65
0, 55500, 106, 537, 528, 3409260, 2995781, 0.48, 100, 100, 1, 117, 10000, 65
0, 55500, 76, 485, 481, 3491050, 3305452, 0.48, 100, 100, 1, 140, 10000, 65
1, 21042, 91, 156, 167, 1558805, 1614582, 0.48, 100, 100, 1, 45, 10000, 65
1, 19891, 110, 175, 183, 1578400, 1635044, 0.48, 100, 100, 1, 35, 10000, 65
1, 21619, 114, 180, 178, 1619173, 1621059, 0.48, 100, 100, 1, 40, 10000, 65
0, 55500, 72, 499, 483, 3658578, 3063404, 0.48, 100, 100, 1, 141, 10000, 65
0, 55500, 92, 501, 493, 3158712, 3074513, 0.48, 100, 100, 1, 126, 10000, 65
1, 22354, 102, 169, 170, 1655386, 1659171, 0.48, 100, 100, 1, 40, 10000, 65
1, 24398, 109, 186, 193, 1795029, 1796497, 0.48, 100, 100, 1, 48, 10000, 65
0, 55500, 110, 522, 507, 3698840, 3311141, 0.48, 100, 100, 1, 129, 10000, 65
0, 55500, 81, 494, 482, 3572946, 3104123, 0.48, 100, 100, 1, 124, 10000, 65
0, 55500, 113, 508, 503, 3519446, 3201466, 0.48, 100, 100, 1, 122, 10000, 65
0, 55500, 94, 521, 500, 3312620, 3006069, 0.48, 100, 100, 1, 115, 10000, 65
0, 55500, 111, 524, 518, 3381206, 3054023, 0.48, 100, 100, 1, 130, 10000, 65
1, 21380, 107, 173, 176, 1607977, 1609291, 0.48, 100, 100, 1, 31, 10000, 65
1, 21872, 88, 153, 167, 1666189, 1750266, 0.48, 100, 100, 1, 39, 10000, 65
1, 23102, 119, 200, 197, 1539288, 1543917, 0.48, 100, 100, 1, 52, 10000, 65
1, 20914, 89, 162, 165, 1431570, 1435868, 0.48, 100, 100, 1, 49, 10000, 65
1, 22443, 100, 180, 187, 1585857, 1590708, 0.48, 100, 100, 1, 49, 10000, 65
1, 21616, 89, 166, 175, 1481785, 1486370, 0.48, 100, 100, 1, 32, 10000, 65
1, 37975, 105, 341, 354, 2319790, 2319902, 0.48, 100, 100, 1, 85, 10000, 65
1, 21103, 91, 160, 159, 1543557, 1548669, 0.48, 100, 100, 1, 40, 10000, 65
0, 55500, 104, 521, 522, 3185615, 2845489, 0.48, 100, 100, 1, 128, 10000, 65
1, 29589, 107, 259, 262, 1800679, 1804282, 0.48, 100, 100, 1, 71, 10000, 65
1, 35606, 95, 319, 330, 2126166, 2128681, 0.48, 100, 100, 1, 66, 10000, 65
0, 55500, 103, 524, 508, 3497486, 2955293, 0.48, 100, 100, 1, 114, 10000, 65
0, 55500, 110, 528, 525, 3443111, 3084173, 0.48, 100, 100, 1, 130, 10000, 65
1, 21744, 119, 184, 196, 1677494, 1764952, 0.48, 100, 100, 1, 48, 10000, 65
0, 55500, 107, 517, 511, 3343712, 3116874, 0.48, 100, 100, 1, 114, 10000, 65
1, 21179, 86, 151, 159, 1524977, 1622589, 0.48, 100, 100, 1, 35, 10000, 65
1, 19575, 87, 152, 150, 1470565, 1473232, 0.48, 100, 100, 1, 55, 10000, 65
1, 20619, 101, 166, 170, 1570719, 1640871, 0.48, 100, 100, 1, 36, 10000, 65
0, 55500, 102, 509, 515, 3712634, 3578762, 0.48, 100, 100, 1, 112, 10000, 65
0, 55500, 63, 470, 475, 3353585, 3203908, 0.48, 100, 100, 1, 114, 10000, 65
1, 25159, 107, 200, 207, 1824120, 1828124, 0.48, 100, 100, 1, 64, 10000, 65
0, 55500, 92, 508, 504, 3472907, 3096446, 0.48, 100, 100, 1, 162, 10000, 65
0, 55500, 109, 527, 517, 3364686, 3168052, 0.48, 100, 100, 1, 115, 10000, 65
1, 21004, 111, 176, 188, 1461292, 1647461, 0.48, 100, 100, 1, 32, 10000, 65
0, 55500, 86, 490, 481, 3329991, 3129220, 0.48, 100, 100, 1, 134, 10000, 65
1, 19208, 92, 157, 165, 1288804, 1360388, 0.48, 100, 100, 1, 27, 10000, 65
1, 22120, 122, 187, 208, 1511794, 1733760, 0.48, 100, 100, 1, 45, 10000, 65
1, 22167, 99, 164, 176, 1724438, 1848846, 0.48, 100, 100, 1, 49, 10000, 65
1, 20663, 100, 165, 167, 1354013, 1395286, 0.48, 100, 100, 1, 35, 10000, 65
1, 19880, 84, 149, 149, 1558306, 1583326, 0.48, 100, 100, 1, 42, 10000, 65
0, 55500, 118, 519, 508, 3571836, 3182508, 0.48, 100, 100, 1, 132, 10000, 65
1, 38145, 84, 310, 321, 2561357, 2562316, 0.48, 100, 100, 1, 71, 10000, 65
0, 55500, 108, 521, 527, 3472124, 3241749, 0.48, 100, 100, 1, 131, 10000, 65
1, 21774, 121, 196, 196, 1559685, 1570922, 0.48, 100, 100, 1, 36, 10000, 75
1, 21936, 94, 169, 177, 1462313, 1524200, 0.48, 100, 100, 1, 36, 10000, 75
0, 55500, 110, 514, 514, 3339321, 3207169, 0.48, 100, 100, 1, 127, 10000, 65
0, 55500, 102, 517, 510, 3391723, 3164693, 0.48, 100, 100, 1, 122, 10000, 65
1, 21608, 84, 159, 159, 1729168, 1770667, 0.48, 100, 100, 1, 47, 10000, 75
0, 55500, 99, 526, 508, 3110663, 2813782, 0.48, 100, 100, 1, 159, 10000, 65
1, 21619, 109, 184, 189, 1743307, 1772305, 0.48, 100, 100, 1, 43, 10000, 75
1, 28536, 101, 236, 245, 1831200, 1834456, 0.48, 100, 100, 1, 51, 10000, 75
0, 55500, 101, 506, 504, 3483454, 3252676, 0.48, 100, 100, 1, 129, 10000, 65
0, 55500, 93, 504, 501, 3391454, 3192910, 0.48, 100, 100, 1, 119, 10000, 65
1, 22214, 106, 181, 184, 1663632, 1733551, 0.48, 100, 100, 1, 38, 10000, 75
0, 55500, 118, 536, 525, 3221524, 2919661, 0.48, 100, 100, 1, 110, 10000, 65
1, 21717, 109, 184, 179, 1531345, 1540825, 0.48, 100, 100, 1, 39, 10000, 75
1, 22448, 103, 178, 183, 1618063, 1645066, 0.48, 100, 100, 1, 52, 10000, 75
0, 55500, 108, 526, 514, 3577636, 3323020, 0.48, 100, 100, 1, 153, 10000, 65
0, 55500, 109, 531, 508, 3453839, 2969093, 0.48, 100, 100, 1, 163, 10000, 65
0, 55500, 95, 514, 514, 3370145, 3080880, 0.48, 100, 100, 1, 124, 10000, 65
1, 22060, 100, 190, 190, 1433068, 1433961, 0.48, 100, 100, 1, 54, 10000, 75
1, 30294, 92, 263, 268, 1799845, 1801681, 0.48, 100, 100, 1, 61, 10000, 75
1, 29631, 107, 253, 260, 1834231, 1838682, 0.48, 100, 100, 1, 77, 10000, 75
0, 55500, 106, 512, 518, 3485575, 3251835, 0.48, 100, 100, 1, 121, 10000, 65
0, 55500, 88, 490, 488, 3547622, 3221539, 0.48, 100, 100, 1, 117, 10000, 65
0, 55500, 109, 514, 508, 3307780, 3024943, 0.48, 100, 100, 1, 126, 10000, 65
0, 55500, 88, 494, 487, 3319558, 3139972, 0.48, 100, 100, 1, 132, 10000, 65
1, 34823, 111, 297, 311, 2512893, 2514226, 0.48, 100, 100, 1, 71, 10000, 75
0, 55500, 102, 524, 530, 3226271, 2811539, 0.48, 100, 100, 1, 114, 10000, 65
1, 22177, 103, 178, 179, 1578765, 1581736, 0.48, 100, 100, 1, 36, 10000, 75
1, 22328, 111, 195, 196, 1450309, 1454700, 0.48, 100, 100, 1, 36, 10000, 75
1, 29831, 106, 258, 269, 1828130, 1829832, 0.48, 100, 100, 1, 56, 10000, 75
1, 24522, 106, 203, 211, 1700288, 1701669, 0.48, 100, 100, 1, 38, 10000, 75
1, 22405, 114, 189, 186, 1665615, 1672095, 0.48, 100, 100, 1, 47, 10000, 75
1, 23203, 111, 186, 184, 1929647, 1944351, 0.48, 100, 100, 1, 37, 10000, 75
1, 21593, 90, 165, 167, 1756064, 1775642, 0.48, 100, 100, 1, 38, 10000, 75
0, 62500, 112, 607, 587, 3856950, 3492750, 0.48, 100, 100, 1, 124, 10000, 75
0, 62500, 107, 575, 572, 4039175, 3671040, 0.48, 100, 100, 1, 140, 10000, 75
0, 62500, 115, 594, 587, 3724667, 3415132, 0.48, 100, 100, 1, 160, 10000, 75
0, 62500, 82, 563, 540, 3727218, 3533111, 0.48, 100, 100, 1, 135, 10000, 75
1, 22694, 100, 175, 173, 1763118, 1764310, 0.48, 100, 100, 1, 37, 10000, 75
0, 62500, 101, 600, 573, 3991954, 3369441, 0.48, 100, 100, 1, 146, 10000, 75
1, 21653, 81, 156, 160, 1646999, 1688787, 0.48, 100, 100, 1, 45, 10000, 75
1, 21219, 103, 178, 184, 1530958, 1645035, 0.48, 100, 100, 1, 34, 10000, 75
1, 20222, 118, 193, 185, 1426969, 1428966, 0.48, 100, 100, 1, 30, 10000, 75
0, 62500, 93, 550, 552, 3953713, 3740830, 0.48, 100, 100, 1, 123, 10000, 75
0, 62500, 86, 575, 565, 3869309, 3519954, 0.48, 100, 100, 1, 131, 10000, 75
0, 62500, 96, 594, 581, 3683014, 3503936, 0.48, 100, 100, 1, 136, 10000, 75
1, 22843, 113, 191, 190, 1509656, 1512332, 0.48, 100, 100, 1, 60, 10000, 75
1, 20946, 93, 168, 166, 1402777, 1403314, 0.48, 100, 100, 1, 63, 10000, 75
1, 41373, 97, 352, 357, 2584004, 2586785, 0.48, 100, 100, 1, 77, 10000, 75
0, 62500, 109, 591, 598, 3619228, 3477706, 0.48, 100, 100, 1, 121, 10000, 75
1, 20525, 107, 182, 188, 1506283, 1541586, 0.48, 100, 100, 1, 48, 10000, 75
1, 23312, 116, 191, 202, 1640927, 1650218, 0.48, 100, 100, 1, 38, 10000, 75
0, 62500, 99, 599, 585, 3866257, 3476110, 0.48, 100, 100, 1, 125, 10000, 75
0, 62500, 91, 582, 567, 3749382, 3419199, 0.48, 100, 100, 1, 125, 10000, 75
0, 62500, 99, 579, 578, 3865355, 3524523, 0.48, 100, 100, 1, 136, 10000, 75
1, 50021, 90, 399, 410, 3327524, 3329002, 0.48, 100, 100, 1, 107, 10000, 75
1, 22257, 109, 184, 190, 1563358, 1671215, 0.48, 100, 100, 1, 36, 10000, 75
1, 22188, 100, 186, 186, 1773581, 1778989, 0.48, 100, 100, 1, 36, 10000, 75
0, 62500, 92, 582, 568, 3925957, 3723835, 0.48, 100, 100, 1, 128, 10000, 75
1, 22667, 116, 191, 198, 1670275, 1724871, 0.48, 100, 100, 1, 35, 10000, 75
0, 62500, 100, 600, 594, 3829811, 3506642, 0.48, 100, 100, 1, 163, 10000, 75
1, 23614, 117, 192, 206, 1705240, 1869773, 0.48, 100, 100, 1, 40, 10000, 75
0, 62500, 101, 583, 582, 3630953, 3556024, 0.48, 100, 100, 1, 169, 10000, 75
1, 21595, 119, 194, 197, 1462874, 1464644, 0.48, 100, 100, 1, 35, 10000, 75
0, 62500, 98, 564, 564, 3834146, 3742746, 0.48, 100, 100, 1, 127, 10000, 75
0, 62500, 103, 600, 588, 3524753, 3341085, 0.48, 100, 100, 1, 150, 10000, 75
0, 62500, 73, 551, 542, 4037139, 3634837, 0.48, 100, 100, 1, 145, 10000, 75
1, 21357, 118, 193, 202, 1500216, 1600719, 0.48, 100, 100, 1, 37, 10000, 75
0, 62500, 79, 570, 566, 3783133, 3520026, 0.48, 100, 100, 1, 127, 10000, 75
1, 21893, 114, 189, 197, 1562223, 1610115, 0.48, 100, 100, 1, 34, 10000, 75
0, 62500, 129, 599, 585, 3785637, 3595254, 0.48, 100, 100, 1, 160, 10000, 75
1, 23960, 110, 199, 198, 1720451, 1720971, 0.48, 100, 100, 1, 43, 10000, 75
0, 62500, 99, 560, 555, 3880591, 3525811, 0.48, 100, 100, 1, 164, 10000, 75
0, 62500, 115, 598, 601, 3657957, 3416575, 0.48, 100, 100, 1, 137, 10000, 75
1, 22662, 105, 180, 187, 1669382, 1840486, 0.48, 100, 100, 1, 37, 10000, 75
0, 62500, 96, 583, 571, 3890824, 3569622, 0.48, 100, 100, 1, 158, 10000, 75
1, 32393, 109, 292, 298, 2081436, 2085102, 0.48, 100, 100, 1, 59, 10000, 75
1, 21155, 99, 179, 178, 1474097, 1475030, 0.48, 100, 100, 1, 33, 10000, 75
1, 21863, 97, 172, 175, 1540433, 1551080, 0.48, 100, 100, 1, 35, 10000, 75
0, 62500, 109, 575, 566, 3961153, 3548861, 0.48, 100, 100, 1, 153, 10000, 75
1, 32478, 111, 293, 311, 2153844, 2159565, 0.48, 100, 100, 1, 57, 10000, 75
0, 62500, 106, 585, 585, 3507536, 3338405, 0.48, 100, 100, 1, 181, 10000, 75
1, 21814, 108, 194, 197, 1439432, 1439564, 0.48, 100, 100, 1, 35, 10000, 75
0, 62500, 113, 594, 583, 3693135, 3375712, 0.48, 100, 100, 1, 169, 10000, 75
1, 40893, 122, 369, 379, 2641069, 2646742, 0.48, 100, 100, 1, 83, 10000, 75
0, 62500, 118, 584, 575, 3945072, 3662154, 0.48, 100, 100, 1, 202, 10000, 75
1, 20829, 85, 160, 162, 1421970, 1497611, 0.48, 100, 100, 1, 34, 10000, 75
0, 62500, 95, 582, 577, 3696843, 3216779, 0.48, 100, 100, 1, 183, 10000, 75
0, 62500, 109, 593, 577, 3858973, 3565175, 0.48, 100, 100, 1, 182, 10000, 75
0, 62500, 123, 585, 572, 4256027, 3855407, 0.48, 100, 100, 1, 125, 10000, 75
1, 21884, 101, 176, 182, 1561115, 1624563, 0.48, 100, 100, 1, 34, 10000, 75
1, 31881, 109, 271, 287, 2059815, 2062579, 0.48, 100, 100, 1, 64, 10000, 75
0, 62500, 128, 616, 612, 3657240, 3263263, 0.48, 100, 100, 1, 128, 10000, 75
0, 62500, 95, 589, 568, 3815520, 3579704, 0.48, 100, 100, 1, 137, 10000, 75
1, 22053, 111, 186, 188, 1637505, 1652545, 0.48, 100, 100, 1, 36, 10000, 75
0, 62500, 104, 604, 579, 3859055, 3267570, 0.48, 100, 100, 1, 185, 10000, 75
1, 24528, 110, 195, 200, 1654941, 1714740, 0.48, 100, 100, 1, 41, 10000, 85
1, 26240, 94, 213, 218, 1806268, 1806743, 0.48, 100, 100, 1, 47, 10000, 75
0, 62500, 108, 587, 566, 3799781, 3418958, 0.48, 100, 100, 1, 131, 10000, 75
1, 21755, 101, 186, 192, 1541106, 1654062, 0.48, 100, 100, 1, 34, 10000, 85
0, 62500, 105, 573, 569, 3943416, 3698948, 0.48, 100, 100, 1, 162, 10000, 75
1, 23822, 104, 189, 191, 1827933, 1833262, 0.48, 100, 100, 1, 42, 10000, 85
0, 62500, 100, 595, 582, 3901219, 3482408, 0.48, 100, 100, 1, 127, 10000, 75
0, 62500, 121, 605, 597, 3715161, 3588757, 0.48, 100, 100, 1, 135, 10000, 75
0, 62500, 92, 570, 572, 3644211, 3557557, 0.48, 100, 100, 1, 136, 10000, 75
1, 22687, 101, 186, 186, 1574874, 1623506, 0.48, 100, 100, 1, 37, 10000, 85
1, 35312, 112, 305, 318, 2291131, 2294381, 0.48, 100, 100, 1, 62, 10000, 85
1, 23759, 121, 206, 216, 1648451, 1783958, 0.48, 100, 100, 1, 48, 10000, 85
1, 21687, 90, 176, 188, 1471541, 1476171, 0.48, 100, 100, 1, 38, 10000, 85
0, 62500, 99, 562, 577, 3609345, 3574267, 0.48, 100, 100, 1, 133, 10000, 75
0, 62500, 96, 574, 564, 3880751, 3415347, 0.48, 100, 100, 1, 145, 10000, 75
1, 22948, 96, 185, 181, 1646056, 1649203, 0.48, 100, 100, 1, 37, 10000, 85
0, 62500, 117, 586, 578, 3944810, 3514907, 0.48, 100, 100, 1, 138, 10000, 75
0, 62500, 109, 585, 572, 3895939, 3582941, 0.48, 100, 100, 1, 130, 10000, 75
1, 23712, 87, 172, 178, 1766691, 1875095, 0.48, 100, 100, 1, 36, 10000, 85
1, 32549, 106, 286, 298, 1958807, 1963293, 0.48, 100, 100, 1, 54, 10000, 85
0, 62500, 89, 579, 562, 3723943, 3310336, 0.48, 100, 100, 1, 139, 10000, 75
0, 62500, 107, 603, 591, 3678393, 3400492, 0.48, 100, 100, 1, 130, 10000, 75
0, 62500, 94, 578, 568, 3762935, 3326502, 0.48, 100, 100, 1, 135, 10000, 75
1, 24441, 100, 198, 207, 1695496, 1697883, 0.48, 100, 100, 1, 44, 10000, 85
0, 62500, 102, 588, 581, 3591769, 3492126, 0.48, 100, 100, 1, 126, 10000, 75
0, 62500, 108, 572, 564, 3847333, 3659892, 0.48, 100, 100, 1, 141, 10000, 75
0, 62500, 111, 582, 573, 3781998, 3558486, 0.48, 100, 100, 1, 133, 10000, 75
1, 29870, 109, 266, 274, 1938366, 1941021, 0.48, 100, 100, 1, 50, 10000, 85
0, 69500, 133, 672, 670, 4268853, 3867220, 0.48, 100, 100, 1, 133, 10000, 85
0, 62500, 107, 584, 574, 3991319, 3385966, 0.48, 100, 100, 1, 140, 10000, 75
0, 62500, 104, 588, 580, 3757149, 3425484, 0.48, 100, 100, 1, 140, 10000, 75
0, 62500, 101, 598, 583, 3834080, 3451329, 0.48, 100, 100, 1, 157, 10000, 75
1, 31916, 104, 271, 282, 2159067, 2159829, 0.48, 100, 100, 1, 55, 10000, 85
0, 69500, 99, 644, 642, 3777261, 3622889, 0.48, 100, 100, 1, 140, 10000, 85
1, 20914, 98, 184, 184, 1312339, 1315071, 0.48, 100, 100, 1, 31, 10000, 85
0, 69500, 110, 670, 658, 3836273, 3689689, 0.48, 100, 100, 1, 143, 10000, 85
1, 22000, 98, 183, 182, 1438041, 1438779, 0.48, 100, 100, 1, 33, 10000, 85
1, 44166, 105, 398, 406, 2734838, 2735112, 0.48, 100, 100, 1, 88, 10000, 85
1, 27671, 103, 240, 232, 1750825, 1751273, 0.48, 100, 100, 1, 46, 10000, 85
1, 24593, 86, 199, 215, 1711436, 1712011, 0.48, 100, 100, 1, 43, 10000, 85
0, 69500, 113, 672, 652, 4201425, 3970008, 0.48, 100, 100, 1, 135, 10000, 85
1, 24583, 91, 176, 184, 1595790, 1694676, 0.48, 100, 100, 1, 40, 10000, 85
1, 22138, 83, 168, 164, 1504823, 1523704, 0.48, 100, 100, 1, 36, 10000, 85
1, 25831, 96, 200, 201, 1984203, 1988105, 0.48, 100, 100, 1, 41, 10000, 85
1, 21805, 96, 181, 182, 1662594, 1700956, 0.48, 100, 100, 1, 32, 10000, 85
0, 69500, 114, 652, 646, 4177552, 3905678, 0.48, 100, 100, 1, 146, 10000, 85
0, 69500, 99, 657, 649, 4082761, 3891146, 0.48, 100, 100, 1, 141, 10000, 85
1, 23268, 108, 193, 202, 1650332, 1807113, 0.48, 100, 100, 1, 47, 10000, 85
1, 22901, 99, 184, 192, 1529166, 1614620, 0.48, 100, 100, 1, 34, 10000, 85
1, 49673, 102, 438, 447, 2993592, 2995916, 0.48, 100, 100, 1, 98, 10000, 85
1, 24164, 103, 188, 193, 1845126, 1900779, 0.48, 100, 100, 1, 37, 10000, 85
1, 24803, 101, 207, 210, 1545769, 1549494, 0.48, 100, 100, 1, 39, 10000, 85
0, 69500, 105, 662, 654, 4198872, 3680747, 0.48, 100, 100, 1, 140, 10000, 85
0, 69500, 102, 657, 650, 4151009, 3900153, 0.48, 100, 100, 1, 156, 10000, 85
1, 22103, 109, 194, 205, 1499739, 1501358, 0.48, 100, 100, 1, 35, 10000, 85
0, 69500, 94, 650, 641, 4126057, 3546913, 0.48, 100, 100, 1, 134, 10000, 85
1, 22567, 92, 177, 180, 1589918, 1658071, 0.48, 100, 100, 1, 36, 10000, 85
1, 23145, 104, 189, 199, 1555147, 1667574, 0.48, 100, 100, 1, 44, 10000, 85
1, 21202, 116, 201, 197, 1324794, 1336683, 0.48, 100, 100, 1, 35, 10000, 85
1, 23156, 91, 176, 183, 1622976, 1691458, 0.48, 100, 100, 1, 55, 10000, 85
0, 69500, 99, 641, 636, 4202661, 3721539, 0.48, 100, 100, 1, 145, 10000, 85
1, 21586, 105, 190, 188, 1614869, 1615428, 0.48, 100, 100, 1, 32, 10000, 85
1, 44089, 114, 411, 425, 2650134, 2650202, 0.48, 100, 100, 1, 119, 10000, 85
1, 33570, 118, 321, 331, 1992206, 1992444, 0.48, 100, 100, 1, 61, 10000, 85
1, 21690, 103, 188, 188, 1534456, 1545594, 0.48, 100, 100, 1, 34, 10000, 85
1, 23068, 104, 189, 193, 1774425, 1881647, 0.48, 100, 100, 1, 37, 10000, 85
0, 69500, 108, 656, 656, 4535076, 4156043, 0.48, 100, 100, 1, 149, 10000, 85
1, 23259, 115, 203, 210, 1711561, 1712763, 0.48, 100, 100, 1, 39, 10000, 85
1, 21074, 86, 171, 174, 1426801, 1498554, 0.48, 100, 100, 1, 36, 10000, 85
1, 22789, 93, 178, 188, 1586957, 1589809, 0.48, 100, 100, 1, 40, 10000, 85
0, 69500, 97, 646, 640, 4263059, 3766359, 0.48, 100, 100, 1, 140, 10000, 85
1, 21751, 117, 202, 199, 1451239, 1482189, 0.48, 100, 100, 1, 39, 10000, 85
0, 69500, 96, 634, 632, 4000874, 3809361, 0.48, 100, 100, 1, 139, 10000, 85
0, 69500, 114, 648, 649, 4064763, 4048168, 0.48, 100, 100, 1, 142, 10000, 85
0, 69500, 100, 648, 640, 4444487, 3761757, 0.48, 100, 100, 1, 145, 10000, 85
0, 69500, 103, 647, 651, 4300986, 3891793, 0.48, 100, 100, 1, 140, 10000, 85
0, 69500, 88, 631, 615, 4239129, 3930174, 0.48, 100, 100, 1, 143, 10000, 85
1, 23147, 109, 194, 207, 1672654, 1706004, 0.48, 100, 100, 1, 36, 10000, 85
1, 23099, 93, 178, 180, 1687653, 1739999, 0.48, 100, 100, 1, 41, 10000, 85
1, 23441, 111, 196, 203, 1808169, 1878328, 0.48, 100, 100, 1, 38, 10000, 85
1, 57934, 99, 532, 551, 3233398, 3234056, 0.48, 100, 100, 1, 136, 10000, 85
0, 69500, 110, 670, 667, 4080410, 3615653, 0.48, 100, 100, 1, 137, 10000, 85
1, 23927, 116, 201, 211, 1506387, 1626661, 0.48, 100, 100, 1, 45, 10000, 85
1, 26449, 68, 153, 179, 1758139, 1967585, 0.48, 100, 100, 1, 48, 10000, 85
1, 24850, 101, 186, 206, 1801757, 1864472, 0.48, 100, 100, 1, 50, 10000, 85
0, 69500, 112, 674, 670, 4202309, 3910636, 0.48, 100, 100, 1, 135, 10000, 85
0, 69500, 92, 651, 634, 4072502, 3717556, 0.48, 100, 100, 1, 150, 10000, 85
0, 69500, 106, 658, 654, 4231901, 3908625, 0.48, 100, 100, 1, 136, 10000, 85
0, 69500, 114, 662, 653, 3977148, 3673271, 0.48, 100, 100, 1, 146, 10000, 85
1, 43926, 102, 384, 390, 2725856, 2728709, 0.48, 100, 100, 1, 125, 10000, 85
0, 69500, 93, 627, 613, 4357665, 4033498, 0.48, 100, 100, 1, 144, 10000, 85
0, 69500, 98, 655, 650, 3909208, 3795074, 0.48, 100, 100, 1, 144, 10000, 85
1, 21822, 87, 172, 181, 1348989, 1467417, 0.48, 100, 100, 1, 47, 10000, 85
0, 69500, 91, 641, 628, 4094005, 3806672, 0.48, 100, 100, 1, 147, 10000, 85
1, 24148, 98, 183, 186, 1602660, 1666926, 0.48, 100, 100, 1, 44, 10000, 85
0, 69500, 85, 641, 642, 4095684, 3979047, 0.48, 100, 100, 1, 156, 10000, 85
0, 69500, 116, 661, 646, 4268932, 3645446, 0.48, 100, 100, 1, 146, 10000, 85
0, 69500, 112, 657, 640, 4213722, 3676650, 0.48, 100, 100, 1, 143, 10000, 85
0, 69500, 99, 658, 632, 3917946, 3400707, 0.48, 100, 100, 1, 152, 10000, 85
0, 69500, 103, 646, 636, 4230460, 4002572, 0.48, 100, 100, 1, 156, 10000, 85
1, 25673, 83, 178, 199, 1772242, 1930960, 0.48, 100, 100, 1, 48, 10000, 95
0, 69500, 90, 646, 642, 4257450, 3981312, 0.48, 100, 100, 1, 150, 10000, 85
1, 24092, 83, 168, 164, 1707849, 1726161, 0.48, 100, 100, 1, 48, 10000, 85
0, 69500, 100, 640, 640, 4205282, 3725561, 0.48, 100, 100, 1, 205, 10000, 85
0, 69500, 110, 661, 659, 4238802, 3959321, 0.48, 100, 100, 1, 153, 10000, 85
0, 69500, 100, 649, 635, 4468754, 4053817, 0.48, 100, 100, 1, 145, 10000, 85
1, 24056, 89, 184, 188, 1958027, 1980177, 0.48, 100, 100, 1, 54, 10000, 95
1, 23051, 101, 196, 192, 1628463, 1652971, 0.48, 100, 100, 1, 42, 10000, 95
0, 69500, 105, 652, 630, 4382111, 3756942, 0.48, 100, 100, 1, 138, 10000, 85
0, 69500, 115, 674, 662, 4274835, 3844531, 0.48, 100, 100, 1, 180, 10000, 85
0, 69500, 117, 655, 653, 4443468, 3888290, 0.48, 100, 100, 1, 139, 10000, 85
0, 69500, 116, 663, 653, 4178251, 3795835, 0.48, 100, 100, 1, 160, 10000, 85
1, 24824, 97, 192, 211, 1579562, 1711649, 0.48, 100, 100, 1, 50, 10000, 95
0, 69500, 86, 645, 623, 4150221, 3726289, 0.48, 100, 100, 1, 148, 10000, 85
1, 24860, 103, 212, 216, 1772593, 1773856, 0.48, 100, 100, 1, 45, 10000, 95
0, 69500, 108, 657, 633, 4440312, 4029462, 0.48, 100, 100, 1, 189, 10000, 85
0, 69500, 87, 645, 651, 3968517, 3779859, 0.48, 100, 100, 1, 174, 10000, 85
0, 69500, 110, 659, 644, 3932199, 3771514, 0.48, 100, 100, 1, 148, 10000, 85
1, 24077, 108, 203, 205, 1801277, 1802911, 0.48, 100, 100, 1, 57, 10000, 95
1, 27613, 114, 236, 242, 1801700, 1803569, 0.48, 100, 100, 1, 54, 10000, 95
1, 22197, 96, 191, 191, 1432250, 1459939, 0.48, 100, 100, 1, 34, 10000, 95
0, 69500, 97, 645, 650, 3870277, 3742744, 0.48, 100, 100, 1, 136, 10000, 85
1, 24467, 112, 207, 215, 1749811, 1823995, 0.48, 100, 100, 1, 42, 10000, 95
0, 69500, 100, 654, 653, 4115475, 3584165, 0.48, 100, 100, 1, 151, 10000, 85
1, 26775, 113, 225, 233, 1764140, 1766220, 0.48, 100, 100, 1, 44, 10000, 95
1, 23481, 101, 196, 197, 1558268, 1593900, 0.48, 100, 100, 1, 40, 10000, 95
1, 24505, 114, 209, 213, 1833020, 1936780, 0.48, 100, 100, 1, 38, 10000, 95
0, 76500, 107, 731, 713, 4767397, 4270049, 0.48, 100, 100, 1, 156, 10000, 95
0, 69500, 120, 670, 660, 4105157, 3538664, 0.48, 100, 100, 1, 155, 10000, 85
1, 26199, 118, 245, 241, 1810929, 1813913, 0.48, 100, 100, 1, 49, 10000, 95
0, 69500, 103, 670, 656, 4224792, 3642534, 0.48, 100, 100, 1, 159, 10000, 85
1, 49941, 101, 452, 457, 2992985, 2996504, 0.48, 100, 100, 1, 98, 10000, 95
1, 21572, 113, 208, 213, 1498493, 1589051, 0.48, 100, 100, 1, 38, 10000, 95
0, 76500, 107, 730, 719, 4564728, 4086898, 0.48, 100, 100, 1, 175, 10000, 95
1, 23464, 105, 200, 202, 1566488, 1707963, 0.48, 100, 100, 1, 41, 10000, 95
0, 76500, 103, 733, 722, 4630713, 4169849, 0.48, 100, 100, 1, 178, 10000, 95
0, 76500, 116, 731, 719, 4399556, 3944071, 0.48, 100, 100, 1, 177, 10000, 95
0, 76500, 102, 721, 724, 4558941, 4080014, 0.48, 100, 100, 1, 178, 10000, 95
0, 76500, 87, 724, 702, 4678500, 4059628, 0.48, 100, 100, 1, 178, 10000, 95
0, 69500, 111, 665, 658, 4008907, 3727573, 0.48, 100, 100, 1, 214, 10000, 85
1, 22809, 99, 194, 213, 1451441, 1682680, 0.48, 100, 100, 1, 43, 10000, 95
1, 22784, 101, 196, 206, 1519677, 1609904, 0.48, 100, 100, 1, 60, 10000, 95
0, 76500, 97, 711, 713, 4585647, 4356037, 0.48, 100, 100, 1, 178, 10000, 95
0, 76500, 98, 720, 724, 4258627, 3973359, 0.48, 100, 100, 1, 212, 10000, 95
0, 76500, 112, 724, 715, 4545136, 4177610, 0.48, 100, 100, 1, 174, 10000, 95
1, 25929, 95, 206, 212, 1773858, 1776499, 0.48, 100, 100, 1, 52, 10000, 95
0, 69500, 108, 656, 635, 4430553, 4063771, 0.48, 100, 100, 1, 226, 10000, 85
0, 76500, 96, 714, 701, 4534036, 4269798, 0.48, 100, 100, 1, 181, 10000, 95
0, 76500, 122, 729, 732, 4608260, 4230722, 0.48, 100, 100, 1, 173, 10000, 95
0, 76500, 105, 719, 723, 4135962, 3993099, 0.48, 100, 100, 1, 170, 10000, 95
1, 46077, 105, 414, 423, 2938143, 2938699, 0.48, 100, 100, 1, 99, 10000, 95
1, 24593, 107, 202, 207, 1724269, 1854475, 0.48, 100, 100, 1, 42, 10000, 95
1, 64392, 101, 612, 632, 3609679, 3614236, 0.48, 100, 100, 1, 137, 10000, 95
1, 25317, 108, 216, 222, 1910592, 1915329, 0.48, 100, 100, 1, 41, 10000, 95
1, 23252, 112, 207, 213, 1537673, 1578630, 0.48, 100, 100, 1, 42, 10000, 95
1, 60542, 107, 569, 584, 3507629, 3508112, 0.48, 100, 100, 1, 131, 10000, 95
0, 76500, 106, 730, 724, 4509765, 4002172, 0.48, 100, 100, 1, 186, 10000, 95
0, 76500, 87, 705, 697, 4563378, 4298084, 0.48, 100, 100, 1, 165, 10000, 95
1, 24186, 110, 205, 210, 1643665, 1750284, 0.48, 100, 100, 1, 44, 10000, 95
1, 25750, 100, 198, 196, 1935809, 1940013, 0.48, 100, 100, 1, 45, 10000, 95
0, 76500, 100, 722, 704, 4381412, 3882869, 0.48, 100, 100, 1, 158, 10000, 95
0, 76500, 88, 728, 710, 4195164, 4003876, 0.48, 100, 100, 1, 248, 10000, 95
1, 49645, 93, 430, 440, 3160726, 3163967, 0.48, 100, 100, 1, 109, 10000, 95
1, 24167, 108, 203, 216, 1498792, 1651168, 0.48, 100, 100, 1, 39, 10000, 95
1, 22950, 119, 214, 209, 1529759, 1607172, 0.48, 100, 100, 1, 35, 10000, 95
1, 21747, 99, 194, 198, 1693108, 1712305, 0.48, 100, 100, 1, 34, 10000, 95
1, 24466, 109, 210, 217, 1621928, 1626662, 0.48, 100, 100, 1, 46, 10000, 95
0, 76500, 99, 721, 719, 4682329, 4031560, 0.48, 100, 100, 1, 174, 10000, 95
1, 37357, 109, 329, 343, 2404741, 2409652, 0.48, 100, 100, 1, 93, 10000, 95
0, 76500, 103, 723, 722, 4628919, 4236148, 0.48, 100, 100, 1, 199, 10000, 95
0, 76500, 99, 717, 704, 4454137, 4056494, 0.48, 100, 100, 1, 211, 10000, 95
0, 76500, 96, 717, 687, 4714901, 4321074, 0.48, 100, 100, 1, 152, 10000, 95
0, 76500, 94, 708, 714, 4445414, 4208261, 0.48, 100, 100, 1, 163, 10000, 95
0, 76500, 112, 732, 732, 4449417, 4133639, 0.48, 100, 100, 1, 157, 10000, 95
0, 76500, 106, 735, 718, 4745034, 4144906, 0.48, 100, 100, 1, 165, 10000, 95
1, 30776, 97, 264, 272, 2037586, 2039663, 0.48, 100, 100, 1, 62, 10000, 95
0, 76500, 108, 720, 721, 4513459, 4108719, 0.48, 100, 100, 1, 186, 10000, 95
0, 76500, 101, 726, 725, 4344356, 4101492, 0.48, 100, 100, 1, 178, 10000, 95
1, 40179, 91, 336, 345, 2633927, 2636659, 0.48, 100, 100, 1, 72, 10000, 95
1, 22813, 89, 184, 184, 1602328, 1635054, 0.48, 100, 100, 1, 35, 10000, 95
1, 24851, 109, 204, 214, 1596017, 1648745, 0.48, 100, 100, 1, 50, 10000, 95
0, 76500, 78, 706, 685, 4512944, 4025475, 0.48, 100, 100, 1, 173, 10000, 95
1, 23348, 96, 191, 196, 1616068, 1630437, 0.48, 100, 100, 1, 37, 10000, 95
0, 76500, 95, 718, 719, 4530533, 3926350, 0.48, 100, 100, 1, 176, 10000, 95
0, 76500, 105, 727, 723, 4561692, 4286082, 0.48, 100, 100, 1, 158, 10000, 95
1, 23082, 80, 175, 170, 1449677, 1459346, 0.48, 100, 100, 1, 34, 10000, 95
1, 36897, 103, 323, 331, 2438108, 2442809, 0.48, 100, 100, 1, 103, 10000, 95
1, 25501, 110, 205, 223, 1592395, 1718334, 0.48, 100, 100, 1, 42, 10000, 95
1, 25495, 108, 213, 228, 1894703, 1899058, 0.48, 100, 100, 1, 45, 10000, 95
0, 76500, 112, 748, 725, 4636721, 4039781, 0.48, 100, 100, 1, 181, 10000, 95
1, 28457, 100, 247, 255, 1987746, 1991974, 0.48, 100, 100, 1, 51, 10000, 95
1, 24469, 95, 191, 199, 1727725, 1727848, 0.48, 100, 100, 1, 38, 10000, 95
0, 76500, 101, 726, 716, 4485715, 4088770, 0.48, 100, 100, 1, 191, 10000, 95
1, 23667, 101, 196, 211, 1616172, 1738940, 0.48, 100, 100, 1, 37, 10000, 95
0, 76500, 109, 715, 709, 4573441, 4303982, 0.48, 100, 100, 1, 205, 10000, 95
0, 76500, 89, 719, 705, 4549818, 4082176, 0.48, 100, 100, 1, 166, 10000, 95
1, 24959, 99, 204, 206, 1712670, 1848278, 0.48, 100, 100, 1, 39, 10000, 105
0, 76500, 103, 720, 705, 4604906, 4088725, 0.48, 100, 100, 1, 176, 10000, 95
0, 76500, 104, 742, 741, 4052964, 3906515, 0.48, 100, 100, 1, 171, 10000, 95
0, 76500, 115, 739, 723, 4778900, 4251950, 0.48, 100, 100, 1, 171, 10000, 95
1, 23492, 105, 210, 209, 1579475, 1613697, 0.48, 100, 100, 1, 38, 10000, 105
0, 76500, 107, 730, 729, 4396469, 4281886, 0.48, 100, 100, 1, 213, 10000, 95
1, 38475, 105, 337, 361, 2185235, 2185759, 0.48, 100, 100, 1, 70, 10000, 95
0, 76500, 90, 735, 727, 4374725, 3771783, 0.48, 100, 100, 1, 242, 10000, 95
0, 76500, 103, 728, 725, 4670853, 4188336, 0.48, 100, 100, 1, 151, 10000, 95
0, 76500, 108, 732, 714, 4378116, 3887789, 0.48, 100, 100, 1, 152, 10000, 95
1, 37759, 113, 344, 350, 2472655, 2473350, 0.48, 100, 100, 1, 118, 10000, 95
0, 76500, 97, 719, 713, 4145518, 3950934, 0.48, 100, 100, 1, 183, 10000, 95
1, 23623, 99, 204, 198, 1666366, 1670167, 0.48, 100, 100, 1, 44, 10000, 105
1, 35120, 87, 293, 315, 2093064, 2093737, 0.48, 100, 100, 1, 78, 10000, 105
0, 76500, 109, 713, 720, 4369150, 3943021, 0.48, 100, 100, 1, 167, 10000, 95
0, 76500, 104, 743, 738, 4442685, 4112372, 0.48, 100, 100, 1, 249, 10000, 95
1, 36097, 99, 316, 326, 2380467, 2380898, 0.48, 100, 100, 1, 78, 10000, 105
1, 22426, 104, 209, 204, 1353190, 1398150, 0.48, 100, 100, 1, 35, 10000, 105
1, 24917, 109, 214, 212, 1670451, 1675960, 0.48, 100, 100, 1, 42, 10000, 105
1, 29739, 100, 246, 251, 1974521, 1977635, 0.48, 100, 100, 1, 49, 10000, 105
0, 76500, 91, 711, 716, 4372240, 4042996, 0.48, 100, 100, 1, 195, 10000, 95
0, 76500, 85, 703, 700, 4172665, 3978544, 0.48, 100, 100, 1, 159, 10000, 95
0, 76500, 79, 697, 697, 4454990, 3987645, 0.48, 100, 100, 1, 153, 10000, 95
0, 76500, 100, 710, 720, 4411460, 4044767, 0.48, 100, 100, 1, 157, 10000, 95
1, 27239, 108, 213, 224, 1946701, 2014017, 0.48, 100, 100, 1, 45, 10000, 105
0, 76500, 110, 739, 739, 4486766, 4091294, 0.48, 100, 100, 1, 160, 10000, 95
0, 76500, 99, 726, 703, 4466145, 4124441, 0.48, 100, 100, 1, 195, 10000, 95
1, 25414, 96, 201, 210, 1668329, 1672261, 0.48, 100, 100, 1, 40, 10000, 105
0, 76500, 103, 718, 705, 4612214, 4262255, 0.48, 100, 100, 1, 168, 10000, 95
1, 24543, 101, 206, 202, 1736813, 1761130, 0.48, 100, 100, 1, 50, 10000, 105
0, 83500, 106, 787, 792, 4729321, 4135163, 0.48, 100, 100, 1, 171, 10000, 105
0, 76500, 100, 722, 705, 4763627, 4106919, 0.48, 100, 100, 1, 203, 10000, 95
1, 25407, 102, 207, 205, 1931039, 1966552, 0.48, 100, 100, 1, 43, 10000, 105
1, 24836, 90, 195, 200, 1742364, 1867874, 0.48, 100, 100, 1, 72, 10000, 105
0, 76500, 94, 712, 712, 4293165, 4122877, 0.48, 100, 100, 1, 249, 10000, 95
0, 83500, 101, 787, 781, 5092234, 4390554, 0.48, 100, 100, 1, 175, 10000, 105
0, 76500, 75, 684, 676, 4524670, 4319646, 0.48, 100, 100, 1, 215, 10000, 95
1, 43994, 93, 385, 399, 2730797, 2736156, 0.48, 100, 100, 1, 129, 10000, 105
0, 83500, 106, 791, 785, 4969706, 4497207, 0.48, 100, 100, 1, 179, 10000, 105
1, 23084, 103, 208, 212, 1457597, 1462719, 0.48, 100, 100, 1, 43, 10000, 105
1, 25710, 107, 212, 208, 1917217, 1924081, 0.48, 100, 100, 1, 59, 10000, 105
1, 26601, 90, 215, 219, 1641088, 1642561, 0.48, 100, 100, 1, 107, 10000, 105
1, 24662, 99, 204, 211, 1552213, 1679099, 0.48, 100, 100, 1, 43, 10000, 105
1, 26364, 125, 230, 235, 1796334, 1908457, 0.48, 100, 100, 1, 45, 10000, 105
0, 76500, 89, 717, 712, 4476563, 4230938, 0.48, 100, 100, 1, 224, 10000, 95
1, 27212, 73, 178, 185, 2059862, 2206366, 0.48, 100, 100, 1, 50, 10000, 105
1, 25681, 109, 214, 213, 1959388, 1988523, 0.48, 100, 100, 1, 47, 10000, 105
1, 23774, 100, 212, 210, 1834762, 1836359, 0.48, 100, 100, 1, 74, 10000, 105
0, 83500, 110, 807, 794, 4684937, 4531210, 0.48, 100, 100, 1, 215, 10000, 105
0, 83500, 92, 786, 769, 4972032, 4466063, 0.48, 100, 100, 1, 170, 10000, 105
1, 33207, 103, 299, 306, 2203736, 2205445, 0.48, 100, 100, 1, 68, 10000, 105
1, 36315, 102, 313, 317, 2338427, 2340757, 0.48, 100, 100, 1, 73, 10000, 105
1, 25215, 100, 205, 200, 1875353, 1936294, 0.48, 100, 100, 1, 46, 10000, 105
1, 23466, 114, 219, 218, 1620152, 1624746, 0.48, 100, 100, 1, 50, 10000, 105
1, 25269, 98, 203, 191, 1744723, 1749611, 0.48, 100, 100, 1, 43, 10000, 105
1, 28960, 110, 251, 258, 1990985, 1994483, 0.48, 100, 100, 1, 64, 10000, 105
1, 24956, 105, 210, 210, 1704268, 1706589, 0.48, 100, 100, 1, 45, 10000, 105
0, 83500, 86, 778, 775, 4837983, 4491011, 0.48, 100, 100, 1, 193, 10000, 105
0, 83500, 99, 792, 778, 4699165, 4466382, 0.48, 100, 100, 1, 195, 10000, 105
0, 83500, 112, 812, 810, 4649320, 4476841, 0.48, 100, 100, 1, 206, 10000, 105
0, 83500, 108, 807, 795, 4625133, 4199425, 0.48, 100, 100, 1, 221, 10000, 105
0, 83500, 101, 796, 785, 4808127, 4509767, 0.48, 100, 100, 1, 218, 10000, 105
1, 25323, 96, 201, 201, 1768185, 1781324, 0.48, 100, 100, 1, 44, 10000, 105
1, 27012, 81, 186, 201, 2010029, 2163904, 0.48, 100, 100, 1, 47, 10000, 105
0, 83500, 102, 808, 795, 4836408, 4278690, 0.48, 100, 100, 1, 301, 10000, 105
0, 83500, 109, 798, 783, 5050042, 4768430, 0.48, 100, 100, 1, 183, 10000, 105
0, 83500, 96, 778, 779, 4921270, 4678313, 0.48, 100, 100, 1, 185, 10000, 105
1, 24309, 103, 208, 221, 1406612, 1530219, 0.48, 100, 100, 1, 46, 10000, 105
1, 25372, 93, 200, 200, 1808928, 1813623, 0.48, 100, 100, 1, 46, 10000, 105
0, 83500, 111, 796, 777, 4803765, 4429752, 0.48, 100, 100, 1, 187, 10000, 105
0, 83500, 96, 795, 795, 4622324, 4288307, 0.48, 100, 100, 1, 187, 10000, 105
1, 28245, 120, 257, 259, 1859486, 1862636, 0.48, 100, 100, 1, 54, 10000, 105
0, 83500, 110, 794, 801, 4841726, 4488735, 0.48, 100, 100, 1, 237, 10000, 105
1, 25022, 111, 221, 219, 1602360, 1605810, 0.48, 100, 100, 1, 67, 10000, 105
0, 83500, 108, 814, 823, 4518689, 4296517, 0.48, 100, 100, 1, 215, 10000, 105
0, 83500, 114, 797, 784, 5064635, 4574838, 0.48, 100, 100, 1, 208, 10000, 105
0, 83500, 105, 797, 776, 4778295, 4472250, 0.48, 100, 100, 1, 199, 10000, 105
0, 83500, 107, 803, 792, 5171909, 4515803, 0.48, 100, 100, 1, 185, 10000, 105
1, 26637, 107, 212, 209, 1872092, 1938467, 0.48, 100, 100, 1, 48, 10000, 105
1, 24205, 120, 225, 232, 1513531, 1537697, 0.48, 100, 100, 1, 61, 10000, 105
1, 25955, 109, 214, 228, 1649910, 1807124, 0.48, 100, 100, 1, 52, 10000, 105
0, 83500, 95, 792, 783, 5094745, 4322019, 0.48, 100, 100, 1, 304, 10000, 105
1, 34525, 104, 300, 312, 2431603, 2434947, 0.48, 100, 100, 1, 95, 10000, 105
0, 83500, 89, 787, 790, 4630441, 4411619, 0.48, 100, 100, 1, 184, 10000, 105
0, 83500, 74, 766, 757, 4976628, 4680199, 0.48, 100, 100, 1, 214, 10000, 105
0, 83500, 93, 766, 755, 4858774, 4595315, 0.48, 100, 100, 1, 209, 10000, 105
1, 24770, 115, 220, 217, 1544605, 1566690, 0.48, 100, 100, 1, 39, 10000, 105
0, 83500, 111, 811, 798, 4967333, 4210811, 0.48, 100, 100, 1, 185, 10000, 105
1, 26038, 109, 214, 226, 1827443, 1968958, 0.48, 100, 100, 1, 51, 10000, 105
1, 25236, 98, 203, 208, 2038525, 2153474, 0.48, 100, 100, 1, 47, 10000, 105
0, 83500, 111, 806, 807, 4726352, 4472402, 0.48, 100, 100, 1, 205, 10000, 105
1, 24637, 116, 221, 220, 1589104, 1666952, 0.48, 100, 100, 1, 45, 10000, 105
0, 83500, 101, 793, 781, 4898553, 4435662, 0.48, 100, 100, 1, 208, 10000, 105
1, 24721, 93, 198, 196, 1844485, 1871094, 0.48, 100, 100, 1, 48, 10000, 105
0, 83500, 98, 796, 785, 4860846, 4528557, 0.48, 100, 100, 1, 188, 10000, 105
0, 83500, 110, 797, 795, 4893206, 4445176, 0.48, 100, 100, 1, 220, 10000, 105
1, 24593, 107, 212, 209, 1713843, 1771700, 0.48, 100, 100, 1, 40, 10000, 105
0, 83500, 94, 762, 752, 4944521, 4434999, 0.48, 100, 100, 1, 182, 10000, 105
1, 25068, 74, 179, 183, 1595931, 1652641, 0.48, 100, 100, 1, 45, 10000, 105
0, 83500, 94, 780, 777, 5055764, 4678544, 0.48, 100, 100, 1, 181, 10000, 105
0, 83500, 100, 783, 767, 5229384, 4426152, 0.48, 100, 100, 1, 225, 10000, 105
0, 83500, 102, 802, 798, 4818275, 4588396, 0.48, 100, 100, 1, 225, 10000, 105
1, 27053, 102, 207, 210, 1987881, 1990925, 0.48, 100, 100, 1, 47, 10000, 105
1, 29904, 99, 254, 263, 1948846, 1953618, 0.48, 100, 100, 1, 65, 10000, 150
0, 83500, 114, 809, 803, 4607804, 4227369, 0.48, 100, 100, 1, 205, 10000, 105
0, 83500, 99, 785, 781, 4704727, 4384944, 0.48, 100, 100, 1, 178, 10000, 105
0, 83500, 92, 786, 775, 5186323, 4465278, 0.48, 100, 100, 1, 180, 10000, 105
0, 83500, 105, 801, 805, 4717906, 4456018, 0.48, 100, 100, 1, 211, 10000, 105
0, 83500, 109, 812, 817, 4559284, 4241890, 0.48, 100, 100, 1, 221, 10000, 105
0, 83500, 93, 794, 788, 4908297, 4255457, 0.48, 100, 100, 1, 195, 10000, 105
0, 83500, 101, 799, 795, 4883342, 4630570, 0.48, 100, 100, 1, 270, 10000, 105
0, 83500, 99, 787, 785, 5021481, 4741937, 0.48, 100, 100, 1, 207, 10000, 105
0, 83500, 99, 774, 776, 4807532, 4704137, 0.48, 100, 100, 1, 201, 10000, 105
0, 83500, 94, 782, 775, 4800969, 4612781, 0.48, 100, 100, 1, 173, 10000, 105
0, 83500, 107, 791, 774, 4841094, 4183009, 0.48, 100, 100, 1, 191, 10000, 105
1, 27849, 109, 259, 261, 1641864, 1644920, 0.48, 100, 100, 1, 106, 10000, 150
0, 83500, 97, 784, 787, 4794469, 4622414, 0.48, 100, 100, 1, 235, 10000, 105
0, 83500, 111, 789, 775, 4786714, 4689320, 0.48, 100, 100, 1, 169, 10000, 105
1, 30082, 96, 246, 241, 2020236, 2091688, 0.48, 100, 100, 1, 65, 10000, 150
0, 83500, 78, 781, 775, 4679263, 4077542, 0.48, 100, 100, 1, 188, 10000, 105
1, 28650, 103, 253, 241, 1939013, 1981371, 0.48, 100, 100, 1, 57, 10000, 150
1, 30999, 104, 261, 262, 2028384, 2030768, 0.48, 100, 100, 1, 71, 10000, 150
1, 30341, 112, 262, 267, 1828975, 1856307, 0.48, 100, 100, 1, 59, 10000, 150
1, 28416, 97, 249, 251, 1773228, 1776973, 0.48, 100, 100, 1, 65, 10000, 150
0, 83500, 100, 794, 784, 4669905, 4461437, 0.48, 100, 100, 1, 204, 10000, 105
0, 83500, 111, 788, 783, 4859487, 4467965, 0.48, 100, 100, 1, 205, 10000, 105
0, 83500, 104, 809, 802, 5029408, 4527583, 0.48, 100, 100, 1, 184, 10000, 105
0, 83500, 106, 805, 778, 4800107, 4277897, 0.48, 100, 100, 1, 198, 10000, 105
1, 30807, 114, 264, 276, 1844819, 2024427, 0.48, 100, 100, 1, 55, 10000, 150
1, 30374, 85, 235, 235, 1972788, 2033591, 0.48, 100, 100, 1, 66, 10000, 150
1, 29999, 110, 260, 262, 2270664, 2287542, 0.48, 100, 100, 1, 76, 10000, 150
0, 83500, 102, 803, 807, 4929859, 4400328, 0.48, 100, 100, 1, 194, 10000, 105
1, 29111, 98, 248, 255, 1788650, 1908689, 0.48, 100, 100, 1, 54, 10000, 150
0, 83500, 98, 786, 771, 4907013, 4516902, 0.48, 100, 100, 1, 259, 10000, 105
1, 29882, 103, 253, 267, 1923809, 1988571, 0.48, 100, 100, 1, 70, 10000, 150
1, 74984, 99, 703, 717, 4097121, 4102099, 0.48, 100, 100, 1, 195, 10000, 150
0, 115000, 90, 1079, 1064, 6598796, 6000912, 0.48, 100, 100, 1, 247, 10000, 150
1, 29378, 106, 256, 251, 1928036, 2066853, 0.48, 100, 100, 1, 53, 10000, 150
1, 30958, 86, 236, 249, 2128917, 2212343, 0.48, 100, 100, 1, 62, 10000, 150
0, 115000, 96, 1119, 1096, 6379990, 5734315, 0.48, 100, 100, 1, 240, 10000, 150
0, 115000, 122, 1133, 1113, 6270016, 5911243, 0.48, 100, 100, 1, 277, 10000, 150
1, 29424, 92, 248, 254, 1988873, 1992471, 0.48, 100, 100, 1, 51, 10000, 150
0, 115000, 98, 1083, 1088, 6629184, 6236631, 0.48, 100, 100, 1, 291, 10000, 150
0, 115000, 113, 1103, 1114, 6452581, 6189960, 0.48, 100, 100, 1, 292, 10000, 150
0, 115000, 100, 1101, 1100, 6390845, 5918171, 0.48, 100, 100, 1, 275, 10000, 150
0, 115000, 99, 1123, 1110, 6265005, 5938349, 0.48, 100, 100, 1, 299, 10000, 150
0, 115000, 108, 1114, 1113, 6365128, 6051406, 0.48, 100, 100, 1, 241, 10000, 150
1, 31153, 108, 264, 271, 2102168, 2103138, 0.48, 100, 100, 1, 98, 10000, 150
0, 115000, 96, 1096, 1092, 6218419, 5792534, 0.48, 100, 100, 1, 371, 10000, 150
0, 115000, 99, 1101, 1092, 6360952, 6256808, 0.48, 100, 100, 1, 309, 10000, 150
1, 28848, 101, 251, 254, 1894249, 1913693, 0.48, 100, 100, 1, 93, 10000, 150
0, 115000, 101, 1107, 1103, 6619644, 6060800, 0.48, 100, 100, 1, 238, 10000, 150
1, 31365, 97, 247, 248, 2156915, 2250550, 0.48, 100, 100, 1, 165, 10000, 150
0, 115000, 95, 1103, 1109, 6286022, 5811409, 0.48, 100, 100, 1, 243, 10000, 150
0, 115000, 89, 1100, 1089, 6420418, 6111357, 0.48, 100, 100, 1, 250, 10000, 150
1, 28335, 114, 264, 265, 1790637, 1792247, 0.48, 100, 100, 1, 49, 10000, 150
1, 31380, 102, 252, 248, 2310493, 2366017, 0.48, 100, 100, 1, 64, 10000, 150
0, 115000, 108, 1115, 1098, 6464547, 5357186, 0.48, 100, 100, 1, 287, 10000, 150
0, 115000, 88, 1100, 1095, 6707110, 6124663, 0.48, 100, 100, 1, 375, 10000, 150
0, 115000, 95, 1083, 1080, 6712104, 5875345, 0.48, 100, 100, 1, 271, 10000, 150
0, 115000, 106, 1120, 1115, 6381335, 5791203, 0.48, 100, 100, 1, 405, 10000, 150
1, 29860, 97, 247, 248, 2087076, 2090090, 0.48, 100, 100, 1, 73, 10000, 150
0, 115000, 110, 1095, 1105, 6300674, 6062520, 0.48, 100, 100, 1, 256, 10000, 150
0, 115000, 105, 1102, 1108, 6509540, 5722622, 0.48, 100, 100, 1, 261, 10000, 150
0, 115000, 101, 1112, 1102, 6409257, 6200532, 0.48, 100, 100, 1, 252, 10000, 150
0, 115000, 109, 1119, 1127, 6234393, 5907801, 0.48, 100, 100, 1, 274, 10000, 150
0, 115000, 87, 1091, 1083, 6425225, 6111814, 0.48, 100, 100, 1, 292, 10000, 150
1, 28362, 92, 242, 249, 1715291, 1855005, 0.48, 100, 100, 1, 78, 10000, 150
0, 115000, 96, 1099, 1102, 6976671, 6346875, 0.48, 100, 100, 1, 361, 10000, 150
0, 115000, 94, 1098, 1098, 6549513, 6154315, 0.48, 100, 100, 1, 287, 10000, 150
1, 36323, 106, 331, 342, 2179840, 2181806, 0.48, 100, 100, 1, 77, 10000, 150
0, 115000, 118, 1117, 1097, 6735263, 6072159, 0.48, 100, 100, 1, 233, 10000, 150
1, 27710, 94, 244, 235, 1694739, 1734882, 0.48, 100, 100, 1, 48, 10000, 150
0, 115000, 109, 1101, 1088, 6452176, 5749614, 0.48, 100, 100, 1, 352, 10000, 150
1, 30488, 75, 225, 231, 2207543, 2331241, 0.48, 100, 100, 1, 54, 10000, 150
0, 115000, 82, 1071, 1089, 6529942, 5841399, 0.48, 100, 100, 1, 255, 10000, 150
1, 31351, 101, 259, 272, 2058037, 2061393, 0.48, 100, 100, 1, 126, 10000, 150
0, 115000, 98, 1099, 1102, 6457495, 6163638, 0.48, 100, 100, 1, 281, 10000, 150
1, 29507, 110, 260, 263, 2004912, 2083651, 0.48, 100, 100, 1, 49, 10000, 150
1, 29877, 94, 244, 243, 2023968, 2026177, 0.48, 100, 100, 1, 88, 10000, 150
1, 28043, 114, 264, 268, 1691274, 1785700, 0.48, 100, 100, 1, 54, 10000, 150
1, 39271, 100, 349, 356, 2311092, 2313918, 0.48, 100, 100, 1, 78, 10000, 150
0, 115000, 91, 1089, 1096, 6567846, 6429302, 0.48, 100, 100, 1, 269, 10000, 150
0, 115000, 100, 1118, 1098, 6449066, 5690131, 0.48, 100, 100, 1, 283, 10000, 150
1, 38369, 96, 349, 366, 2232545, 2234480, 0.48, 100, 100, 1, 109, 10000, 150
1, 28579, 107, 257, 255, 2015116, 2043475, 0.48, 100, 100, 1, 51, 10000, 150
0, 115000, 114, 1112, 1130, 6179219, 6142173, 0.48, 100, 100, 1, 384, 10000, 150
1, 28518, 101, 251, 248, 1963112, 1964932, 0.48, 100, 100, 1, 58, 10000, 150
0, 115000, 114, 1109, 1093, 6397661, 5782669, 0.48, 100, 100, 1, 411, 10000, 150
1, 30304, 85, 238, 238, 2025293, 2029517, 0.48, 100, 100, 1, 54, 10000, 150
1, 33166, 111, 296, 306, 2139406, 2142063, 0.48, 100, 100, 1, 72, 10000, 150
0, 115000, 98, 1103, 1088, 6085326, 5791620, 0.48, 100, 100, 1, 249, 10000, 150
0, 115000, 98, 1086, 1088, 6841830, 6342678, 0.48, 100, 100, 1, 251, 10000, 150
1, 29798, 108, 258, 254, 1911331, 1929741, 0.48, 100, 100, 1, 71, 10000, 150
0, 115000, 104, 1111, 1092, 6525241, 6179400, 0.48, 100, 100, 1, 323, 10000, 150
1, 35801, 87, 288, 291, 2456333, 2461560, 0.48, 100, 100, 1, 67, 10000, 150
1, 32549, 131, 281, 285, 2251097, 2335815, 0.48, 100, 100, 1, 80, 10000, 150
1, 51953, 111, 475, 487, 2955696, 2956777, 0.48, 100, 100, 1, 116, 10000, 150
1, 29490, 97, 247, 252, 1908550, 2016134, 0.48, 100, 100, 1, 69, 10000, 150
1, 27798, 98, 248, 240, 1670685, 1688806, 0.48, 100, 100, 1, 63, 10000, 150
0, 115000, 71, 1067, 1057, 6719384, 6084873, 0.48, 100, 100, 1, 284, 10000, 150
0, 115000, 104, 1096, 1093, 6662512, 6096377, 0.48, 100, 100, 1, 409, 10000, 150
0, 115000, 117, 1107, 1100, 6585934, 6006515, 0.48, 100, 100, 1, 267, 10000, 150
0, 115000, 84, 1083, 1070, 6544815, 5725069, 0.48, 100, 100, 1, 324, 10000, 150
0, 115000, 97, 1090, 1074, 7034987, 6005360, 0.48, 100, 100, 1, 263, 10000, 150
0, 115000, 117, 1122, 1115, 6305385, 5764583, 0.48, 100, 100, 1, 258, 10000, 150
1, 58472, 115, 555, 575, 3377331, 3377552, 0.48, 100, 100, 1, 111, 10000, 150
0, 115000, 92, 1099, 1083, 6273265, 5960791, 0.48, 100, 100, 1, 248, 10000, 150
0, 115000, 106, 1096, 1085, 6706726, 5893336, 0.48, 100, 100, 1, 255, 10000, 150
0, 115000, 109, 1109, 1103, 6515156, 6247353, 0.48, 100, 100, 1, 343, 10000, 150
0, 115000, 79, 1077, 1072, 6314948, 5994834, 0.48, 100, 100, 1, 258, 10000, 150
0, 115000, 84, 1090, 1081, 6711883, 5753604, 0.48, 100, 100, 1, 296, 10000, 150
1, 103838, 108, 998, 1005, 5639246, 5642282, 0.48, 100, 100, 1, 318, 10000, 150
0, 115000, 99, 1092, 1089, 6353166, 6089953, 0.48, 100, 100, 1, 254, 10000, 150
0, 115000, 96, 1099, 1089, 6398993, 5993486, 0.48, 100, 100, 1, 263, 10000, 150
0, 115000, 108, 1098, 1092, 6601406, 5931029, 0.48, 100, 100, 1, 285, 10000, 150
0, 115000, 99, 1113, 1096, 6687772, 5811211, 0.48, 100, 100, 1, 278, 10000, 150
0, 115000, 112, 1102, 1096, 6463657, 6009677, 0.48, 100, 100, 1, 218, 10000, 150
0, 115000, 102, 1098, 1097, 6399744, 6322105, 0.48, 100, 100, 1, 233, 10000, 150
0, 115000, 97, 1105, 1093, 6629236, 6112625, 0.48, 100, 100, 1, 240, 10000, 150
0, 115000, 104, 1090, 1092, 7061505, 6086656, 0.48, 100, 100, 1, 245, 10000, 150
0, 115000, 120, 1110, 1099, 6358024, 6066505, 0.48, 100, 100, 1, 197, 10000, 150
0, 115000, 98, 1094, 1085, 6877255, 6244077, 0.48, 100, 100, 1, 208, 10000, 150
1, 10902, 97, 102, 105, 1108762, 1139512, 0.48, 100, 100, 1, 8, 10000, 5
1, 11078, 94, 99, 99, 1057429, 1059096, 0.48, 100, 100, 1, 8, 10000, 5
1, 10688, 96, 101, 103, 990326, 1010000, 0.48, 100, 100, 1, 10, 10000, 5
1, 10772, 102, 107, 107, 1057696, 1059369, 0.48, 100, 100, 1, 9, 10000, 5
1, 12087, 100, 105, 114, 985477, 1067957, 0.48, 100, 100, 1, 12, 10000, 5
1, 10939, 106, 111, 112, 1027730, 1036218, 0.48, 100, 100, 1, 10, 10000, 5
1, 10792, 109, 114, 115, 964578, 974236, 0.48, 100, 100, 1, 9, 10000, 5
1, 10886, 99, 104, 105, 998737, 1007868, 0.48, 100, 100, 1, 10, 10000, 5
0, 13500, 101, 123, 118, 1241071, 1188519, 0.48, 100, 100, 1, 14, 10000, 5
1, 11331, 97, 102, 103, 1117914, 1129148, 0.48, 100, 100, 1, 10, 10000, 5
1, 11141, 118, 123, 124, 867769, 877707, 0.48, 100, 100, 1, 10, 10000, 5
1, 11820, 106, 111, 112, 1113219, 1119690, 0.48, 100, 100, 1, 12, 10000, 5
1, 11097, 108, 113, 118, 1099281, 1153090, 0.48, 100, 100, 1, 11, 10000, 5
1, 10760, 108, 113, 113, 1074791, 1075947, 0.48, 100, 100, 1, 11, 10000, 5
1, 10766, 83, 88, 95, 874343, 935063, 0.48, 100, 100, 1, 10, 10000, 5
0, 13500, 80, 97, 97, 1098239, 1094953, 0.48, 100, 100, 1, 16, 10000, 5
0, 13500, 100, 123, 115, 1311436, 1227923, 0.48, 100, 100, 1, 14, 10000, 5
1, 10524, 102, 107, 107, 1065162, 1065799, 0.48, 100, 100, 1, 10, 10000, 5
1, 11849, 108, 115, 116, 965579, 972656, 0.48, 100, 100, 1, 11, 10000, 5
1, 12098, 124, 129, 138, 970912, 1065161, 0.48, 100, 100, 1, 14, 10000, 5
0, 13500, 97, 120, 115, 1235688, 1185335, 0.48, 100, 100, 1, 14, 10000, 5
0, 13500, 93, 113, 102, 1299134, 1179935, 0.48, 100, 100, 1, 14, 10000, 5
1, 12016, 94, 103, 104, 995119, 1002543, 0.48, 100, 100, 1, 12, 10000, 5
1, 11309, 92, 97, 100, 1207351, 1241894, 0.48, 100, 100, 1, 10, 10000, 5
1, 10635, 99, 104, 105, 1075724, 1085124, 0.48, 100, 100, 1, 10, 10000, 5
0, 13500, 115, 129, 128, 1241190, 1225487, 0.48, 100, 100, 1, 16, 10000, 5
1, 11096, 90, 95, 98, 1144013, 1175942, 0.48, 100, 100, 1, 10, 10000, 5
0, 13500, 103, 121, 119, 1255856, 1231131, 0.48, 100, 100, 1, 17, 10000, 5
0, 13500, 90, 109, 106, 1185231, 1152174, 0.48, 100, 100, 1, 15, 10000, 5
1, 11165, 110, 115, 117, 1239411, 1278276, 0.48, 100, 100, 1, 11, 10000, 5
1, 11538, 104, 109, 110, 1086522, 1099634, 0.48, 100, 100, 1, 10, 10000, 5
1, 10879, 105, 110, 113, 1142309, 1175205, 0.48, 100, 100, 1, 10, 10000, 5
1, 10599, 108, 113, 113, 981195, 981298, 0.48, 100, 100, 1, 9, 10000, 5
1, 11365, 104, 109, 112, 913415, 938220, 0.48, 100, 100, 1, 10, 10000, 5
0, 13500, 99, 118, 111, 1185483, 1116667, 0.48, 100, 100, 1, 15, 10000, 5
1, 11637, 89, 94, 103, 1014901, 1103357, 0.48, 100, 100, 1, 10, 10000, 5
0, 13500, 103, 128, 123, 1138219, 1086183, 0.48, 100, 100, 1, 16, 10000, 5
1, 10964, 103, 108, 109, 1108318, 1119349, 0.48, 100, 100, 1, 9, 10000, 5
0, 13500, 109, 135, 122, 1141743, 1021661, 0.48, 100, 100, 1, 15, 10000, 5
1, 11868, 99, 110, 111, 1052416, 1059035, 0.48, 100, 100, 1, 12, 10000, 5
0, 13500, 110, 124, 120, 1172814, 1135095, 0.48, 100, 100, 1, 15, 10000, 5
1, 13447, 92, 105, 106, 1195549, 1196879, 0.48, 100, 100, 1, 14, 10000, 5
1, 12160, 102, 111, 112, 1220182, 1227932, 0.48, 100, 100, 1, 12, 10000, 5
0, 13500, 97, 122, 110, 1164446, 1054706, 0.48, 100, 100, 1, 15, 10000, 5
1, 11103, 113, 118, 120, 1121524, 1144778, 0.48, 100, 100, 1, 9, 10000, 5
0, 13500, 91, 110, 104, 1315071, 1248188, 0.48, 100, 100, 1, 15, 10000, 5
1, 12402, 102, 115, 116, 1089802, 1097100, 0.48, 100, 100, 1, 13, 10000, 5
0, 13500, 116, 139, 131, 1116182, 1036698, 0.48, 100, 100, 1, 14, 10000, 5
0, 13500, 106, 122, 121, 1350481, 1334015, 0.48, 100, 100, 1, 14, 10000, 5
1, 10654, 104, 109, 110, 1048653, 1059022, 0.48, 100, 100, 1, 9, 10000, 5
0, 13500, 115, 137, 129, 1079868, 996961, 0.48, 100, 100, 1, 14, 10000, 5
1, 11772, 113, 118, 119, 1036964, 1044704, 0.48, 100, 100, 1, 11, 10000, 5
1, 11589, 100, 105, 110, 953366, 995220, 0.48, 100, 100, 1, 10, 10000, 5
1, 12441, 116, 125, 126, 1128577, 1134660, 0.48, 100, 100, 1, 12, 10000, 5
1, 11008, 102, 107, 107, 1046040, 1046588, 0.48, 100, 100, 1, 9, 10000, 5
0, 13500, 108, 140, 127, 1191209, 1053656, 0.48, 100, 100, 1, 16, 10000, 5
1, 11992, 115, 124, 125, 1157979, 1166427, 0.48, 100, 100, 1, 12, 10000, 5
1, 12950, 106, 116, 118, 1339452, 1345023, 0.48, 100, 100, 1, 14, 10000, 5
1, 12417, 90, 102, 103, 1275811, 1278579, 0.48, 100, 100, 1, 12, 10000, 5
1, 11536, 117, 125, 126, 980473, 986649, 0.48, 100, 100, 1, 11, 10000, 5
0, 13500, 83, 105, 101, 1263307, 1220602, 0.48, 100, 100, 1, 14, 10000, 5
1, 10706, 95, 100, 102, 1126782, 1149504, 0.48, 100, 100, 1, 9, 10000, 5
0, 13500, 123, 138, 132, 1210545, 1134583, 0.48, 100, 100, 1, 16, 10000, 5
1, 10750, 124, 129, 130, 1097556, 1110395, 0.48, 100, 100, 1, 9, 10000, 5
0, 13500, 95, 117, 114, 1018800, 991178, 0.48, 100, 100, 1, 14, 10000, 5
1, 11396, 107, 112, 112, 1090056, 1090537, 0.48, 100, 100, 1, 11, 10000, 5
1, 12066, 117, 124, 125, 1002620, 1006275, 0.48, 100, 100, 1, 12, 10000, 5
0, 13500, 89, 115, 105, 1211798, 1108554, 0.48, 100, 100, 1, 14, 10000, 5
0, 13500, 91, 113, 105, 1252508, 1172261, 0.48, 100, 100, 1, 14, 10000, 5
1, 11500, 110, 115, 115, 1090462, 1090708, 0.48, 100, 100, 1, 10, 10000, 5
1, 11606, 80, 85, 86, 1376680, 1388132, 0.48, 100, 100, 1, 11, 10000, 5
0, 13500, 100, 124, 116, 1175616, 1099368, 0.48, 100, 100, 1, 15, 10000, 5
1, 11729, 95, 107, 108, 1241421, 1249667, 0.48, 100, 100, 1, 12, 10000, 5
1, 11771, 89, 96, 97, 995460, 1003074, 0.48, 100, 100, 1, 11, 10000, 5
1, 11011, 111, 116, 116, 967589, 969434, 0.48, 100, 100, 1, 11, 10000, 5
1, 11596, 101, 108, 109, 1086477, 1094156, 0.48, 100, 100, 1, 12, 10000, 5
1, 11544, 115, 120, 121, 1061032, 1069371, 0.48, 100, 100, 1, 11, 10000, 5
1, 12211, 115, 120, 123, 1173363, 1205151, 0.48, 100, 100, 1, 12, 10000, 5
0, 13500, 92, 113, 105, 1356087, 1267896, 0.48, 100, 100, 1, 15, 10000, 5
1, 11495, 101, 106, 113, 1147000, 1228931, 0.48, 100, 100, 1, 11, 10000, 5
1, 11226, 110, 115, 116, 1156053, 1167949, 0.48, 100, 100, 1, 11, 10000, 5
0, 13500, 87, 104, 102, 1150228, 1126816, 0.48, 100, 100, 1, 17, 10000, 5
0, 13500, 110, 132, 124, 1222741, 1139268, 0.48, 100, 100, 1, 16, 10000, 5
1, 12561, 103, 121, 122, 1216623, 1224292, 0.48, 100, 100, 1, 14, 10000, 5
1, 11133, 111, 116, 117, 1030118, 1042039, 0.48, 100, 100, 1, 10, 10000, 5
1, 11113, 126, 132, 133, 1246696, 1256771, 0.48, 100, 100, 1, 10, 10000, 5
1, 11302, 114, 119, 121, 1067138, 1089685, 0.48, 100, 100, 1, 11, 10000, 5
1, 12037, 104, 109, 112, 1325430, 1365226, 0.48, 100, 100, 1, 12, 10000, 5
0, 13500, 86, 112, 105, 1080794, 1015437, 0.48, 100, 100, 1, 15, 10000, 5
1, 11988, 106, 111, 119, 1065761, 1146447, 0.48, 100, 100, 1, 12, 10000, 5
1, 13263, 116, 134, 135, 1366321, 1367820, 0.48, 100, 100, 1, 14, 10000, 5
1, 10621, 99, 104, 105, 984786, 994519, 0.48, 100, 100, 1, 9, 10000, 5
0, 13500, 96, 126, 115, 1207999, 1096029, 0.48, 100, 100, 1, 16, 10000, 5
0, 13500, 95, 118, 118, 1194569, 1187170, 0.48, 100, 100, 1, 16, 10000, 5
1, 11169, 109, 115, 116, 1017727, 1025760, 0.48, 100, 100, 1, 10, 10000, 5
0, 13500, 96, 128, 121, 1107581, 1043422, 0.48, 100, 100, 1, 14, 10000, 5
0, 13500, 121, 137, 134, 1271694, 1224169, 0.48, 100, 100, 1, 15, 10000, 5
1, 12647, 109, 122, 123, 1214090, 1220723, 0.48, 100, 100, 1, 13, 10000, 5
0, 13500, 89, 104, 99, 1191242, 1142937, 0.48, 100, 100, 1, 15, 10000, 5
1, 11407, 91, 101, 102, 973512, 979913, 0.48, 100, 100, 1, 11, 10000, 10
1, 13108, 104, 118, 119, 1091157, 1097441, 0.48, 100, 100, 1, 14, 10000, 10
1, 12906, 105, 122, 123, 1168448, 1171308, 0.48, 100, 100, 1, 13, 10000, 10
1, 11580, 90, 101, 101, 1103711, 1104000, 0.48, 100, 100, 1, 11, 10000, 10
1, 13287, 105, 115, 120, 1082373, 1133083, 0.48, 100, 100, 1, 14, 10000, 10
0, 13500, 105, 127, 117, 1151283, 1046715, 0.48, 100, 100, 1, 15, 10000, 5
1, 11861, 113, 123, 123, 874128, 874899, 0.48, 100, 100, 1, 11, 10000, 10
1, 12414, 108, 118, 118, 1100785, 1100802, 0.48, 100, 100, 1, 13, 10000, 10
1, 12409, 122, 138, 139, 1053867, 1061749, 0.48, 100, 100, 1, 13, 10000, 10
1, 12560, 89, 99, 101, 1302658, 1320277, 0.48, 100, 100, 1, 12, 10000, 10
1, 11707, 102, 112, 115, 1127396, 1160439, 0.48, 100, 100, 1, 11, 10000, 10
1, 13243, 116, 137, 138, 1251562, 1253635, 0.48, 100, 100, 1, 14, 10000, 10
1, 12635, 102, 114, 115, 1144116, 1149055, 0.48, 100, 100, 1, 12, 10000, 10
0, 17000, 108, 154, 144, 1349454, 1241592, 0.48, 100, 100, 1, 21, 10000, 10
0, 17000, 100, 156, 141, 1270430, 1108723, 0.48, 100, 100, 1, 22, 10000, 10
1, 12177, 109, 119, 121, 1043150, 1066795, 0.48, 100, 100, 1, 12, 10000, 10
1, 12844, 87, 97, 102, 1013751, 1052766, 0.48, 100, 100, 1, 13, 10000, 10
1, 13374, 105, 124, 125, 1362656, 1370031, 0.48, 100, 100, 1, 15, 10000, 10
1, 12124, 91, 101, 107, 1159103, 1217800, 0.48, 100, 100, 1, 11, 10000, 10
1, 12078, 102, 115, 116, 1052501, 1060082, 0.48, 100, 100, 1, 12, 10000, 10
1, 12417, 87, 103, 104, 1149387, 1152522, 0.48, 100, 100, 1, 12, 10000, 10
1, 11831, 108, 118, 120, 952497, 971091, 0.48, 100, 100, 1, 11, 10000, 10
1, 11496, 96, 106, 112, 1141624, 1209473, 0.48, 100, 100, 1, 12, 10000, 10
0, 17000, 111, 151, 150, 1370964, 1335893, 0.48, 100, 100, 1, 22, 10000, 10
1, 12773, 118, 128, 133, 1034967, 1092184, 0.48, 100, 100, 1, 13, 10000, 10
0, 17000, 107, 157, 142, 1475424, 1298562, 0.48, 100, 100, 1, 21, 10000, 10
0, 17000, 116, 157, 149, 1400527, 1283957, 0.48, 100, 100, 1, 21, 10000, 10
1, 13397, 110, 126, 128, 1207862, 1212996, 0.48, 100, 100, 1, 13, 10000, 10
0, 17000, 96, 150, 148, 1238787, 1184258, 0.48, 100, 100, 1, 20, 10000, 10
1, 11740, 100, 110, 112, 953982, 972416, 0.48, 100, 100, 1, 10, 10000, 10
0, 17000, 103, 147, 134, 1392220, 1247732, 0.48, 100, 100, 1, 20, 10000, 10
1, 11953, 91, 101, 101, 1034245, 1038387, 0.48, 100, 100, 1, 11, 10000, 10
1, 12484, 109, 119, 120, 1110111, 1118995, 0.48, 100, 100, 1, 13, 10000, 10
0, 17000, 102, 152, 134, 1440821, 1265813, 0.48, 100, 100, 1, 21, 10000, 10
1, 13390, 114, 124, 132, 1243050, 1340534, 0.48, 100, 100, 1, 14, 10000, 10
1, 13998, 105, 115, 116, 1422001, 1434249, 0.48, 100, 100, 1, 14, 10000, 10
0, 17000, 100, 152, 139, 1502562, 1361175, 0.48, 100, 100, 1, 21, 10000, 10
1, 11664, 96, 106, 107, 1103456, 1109838, 0.48, 100, 100, 1, 10, 10000, 10
1, 11746, 114, 124, 125, 1103724, 1117599, 0.48, 100, 100, 1, 11, 10000, 10
1, 12447, 95, 105, 112, 1090991, 1162190, 0.48, 100, 100, 1, 12, 10000, 10
0, 17000, 89, 132, 122, 1454397, 1339672, 0.48, 100, 100, 1, 22, 10000, 10
0, 17000, 104, 153, 131, 1542092, 1311654, 0.48, 100, 100, 1, 23, 10000, 10
0, 17000, 99, 145, 136, 1307007, 1209155, 0.48, 100, 100, 1, 21, 10000, 10
1, 12575, 106, 116, 122, 1066108, 1132389, 0.48, 100, 100, 1, 13, 10000, 10
1, 12881, 108, 118, 123, 1169095, 1223870, 0.48, 100, 100, 1, 14, 10000, 10
1, 13861, 116, 137, 139, 1505292, 1513521, 0.48, 100, 100, 1, 17, 10000, 10
1, 12083, 99, 109, 115, 921147, 969706, 0.48, 100, 100, 1, 13, 10000, 10
1, 12938, 105, 115, 119, 1204294, 1235106, 0.48, 100, 100, 1, 13, 10000, 10
1, 11748, 99, 110, 111, 1030687, 1036763, 0.48, 100, 100, 1, 11, 10000, 10
1, 14061, 87, 104, 105, 1140989, 1145233, 0.48, 100, 100, 1, 15, 10000, 10
1, 11983, 82, 92, 96, 1021569, 1063608, 0.48, 100, 100, 1, 11, 10000, 10
1, 15264, 93, 130, 133, 1274356, 1278116, 0.48, 100, 100, 1, 18, 10000, 10
1, 11780, 95, 105, 108, 905970, 931282, 0.48, 100, 100, 1, 11, 10000, 10
1, 15434, 119, 146, 147, 1137626, 1140722, 0.48, 100, 100, 1, 18, 10000, 10
1, 14468, 90, 115, 116, 1094220, 1095463, 0.48, 100, 100, 1, 17, 10000, 10
0, 17000, 104, 156, 149, 1238548, 1155823, 0.48, 100, 100, 1, 24, 10000, 10
0, 17000, 96, 148, 127, 1550123, 1344477, 0.48, 100, 100, 1, 23, 10000, 10
0, 17000, 113, 157, 144, 1525274, 1364268, 0.48, 100, 100, 1, 23, 10000, 10
1, 12890, 115, 125, 128, 961047, 985836, 0.48, 100, 100, 1, 13, 10000, 10
1, 12719, 108, 118, 122, 1228464, 1274676, 0.48, 100, 100, 1, 13, 10000, 10
1, 14575, 94, 113, 114, 1298644, 1299765, 0.48, 100, 100, 1, 17, 10000, 10
1, 12781, 102, 112, 114, 1283233, 1308268, 0.48, 100, 100, 1, 13, 10000, 10
0, 17000, 79, 130, 118, 1289406, 1180283, 0.48, 100, 100, 1, 23, 10000, 10
1, 12327, 100, 112, 113, 1069549, 1074674, 0.48, 100, 100, 1, 13, 10000, 10
0, 17000, 100, 142, 138, 1364165, 1295037, 0.48, 100, 100, 1, 21, 10000, 10
1, 12144, 96, 106, 107, 1091098, 1101483, 0.48, 100, 100, 1, 12, 10000, 10
1, 14978, 97, 123, 125, 1134159, 1139115, 0.48, 100, 100, 1, 17, 10000, 10
1, 12099, 94, 104, 104, 1072931, 1073602, 0.48, 100, 100, 1, 11, 10000, 10
0, 17000, 102, 152, 150, 1327688, 1287675, 0.48, 100, 100, 1, 21, 10000, 10
1, 12220, 98, 108, 114, 1244780, 1318385, 0.48, 100, 100, 1, 12, 10000, 10
1, 11694, 87, 97, 99, 1164763, 1187729, 0.48, 100, 100, 1, 10, 10000, 10
0, 17000, 81, 120, 118, 1316223, 1292127, 0.48, 100, 100, 1, 22, 10000, 10
1, 12435, 95, 105, 106, 1222332, 1237795, 0.48, 100, 100, 1, 12, 10000, 10
1, 11938, 111, 121, 121, 1217716, 1219055, 0.48, 100, 100, 1, 11, 10000, 10
1, 12614, 121, 131, 131, 1104592, 1113275, 0.48, 100, 100, 1, 13, 10000, 10
0, 17000, 106, 145, 139, 1295675, 1228682, 0.48, 100, 100, 1, 22, 10000, 10
1, 15860, 114, 147, 149, 1557921, 1558233, 0.48, 100, 100, 1, 19, 10000, 10
1, 11771, 83, 93, 93, 1048629, 1052121, 0.48, 100, 100, 1, 11, 10000, 10
0, 17000, 113, 149, 138, 1482546, 1367530, 0.48, 100, 100, 1, 21, 10000, 10
0, 17000, 103, 146, 135, 1425079, 1277247, 0.48, 100, 100, 1, 20, 10000, 10
1, 12329, 97, 107, 110, 1138468, 1173099, 0.48, 100, 100, 1, 12, 10000, 10
1, 13507, 103, 125, 128, 1104578, 1109325, 0.48, 100, 100, 1, 15, 10000, 10
0, 17000, 114, 153, 149, 1323765, 1265159, 0.48, 100, 100, 1, 21, 10000, 10
1, 12191, 93, 104, 105, 1175075, 1183776, 0.48, 100, 100, 1, 12, 10000, 10
0, 17000, 97, 145, 141, 1292368, 1234903, 0.48, 100, 100, 1, 21, 10000, 10
1, 12402, 105, 116, 115, 935824, 936722, 0.48, 100, 100, 1, 14, 10000, 10
1, 16844, 106, 151, 154, 1275715, 1282395, 0.48, 100, 100, 1, 21, 10000, 10
1, 11550, 106, 116, 119, 1077410, 1112592, 0.48, 100, 100, 1, 11, 10000, 10
1, 11597, 104, 114, 115, 1134807, 1142533, 0.48, 100, 100, 1, 12, 10000, 10
0, 17000, 82, 124, 121, 1433557, 1388558, 0.48, 100, 100, 1, 22, 10000, 10
1, 12314, 112, 122, 123, 1169465, 1183594, 0.48, 100, 100, 1, 11, 10000, 10
0, 17000, 97, 148, 127, 1493736, 1284729, 0.48, 100, 100, 1, 23, 10000, 10
0, 17000, 105, 150, 143, 1283567, 1214924, 0.48, 100, 100, 1, 22, 10000, 10
1, 12725, 108, 118, 126, 1011425, 1100079, 0.48, 100, 100, 1, 12, 10000, 10
1, 13281, 111, 121, 126, 1048446, 1099947, 0.48, 100, 100, 1, 14, 10000, 10
1, 12955, 108, 123, 123, 1117426, 1121633, 0.48, 100, 100, 1, 13, 10000, 15
1, 12477, 110, 120, 123, 1007161, 1040352, 0.48, 100, 100, 1, 13, 10000, 10
0, 17000, 97, 150, 139, 1514557, 1388913, 0.48, 100, 100, 1, 22, 10000, 10
1, 12443, 91, 106, 115, 966315, 1050149, 0.48, 100, 100, 1, 12, 10000, 15
0, 17000, 96, 140, 123, 1509200, 1331820, 0.48, 100, 100, 1, 21, 10000, 10
1, 13376, 110, 125, 137, 1114102, 1233457, 0.48, 100, 100, 1, 14, 10000, 15
0, 17000, 114, 148, 148, 1413598, 1378276, 0.48, 100, 100, 1, 21, 10000, 10
1, 14360, 108, 129, 130, 1090168, 1095069, 0.48, 100, 100, 1, 15, 10000, 15
1, 13734, 99, 114, 115, 1206514, 1226155, 0.48, 100, 100, 1, 16, 10000, 15
1, 12600, 107, 122, 123, 1110075, 1118450, 0.48, 100, 100, 1, 13, 10000, 15
0, 17000, 89, 134, 120, 1285736, 1161937, 0.48, 100, 100, 1, 21, 10000, 10
1, 14511, 91, 107, 108, 1079923, 1081068, 0.48, 100, 100, 1, 16, 10000, 15
1, 13772, 115, 130, 133, 1203793, 1243034, 0.48, 100, 100, 1, 15, 10000, 15
0, 17000, 93, 138, 130, 1278281, 1188547, 0.48, 100, 100, 1, 22, 10000, 10
1, 15748, 94, 135, 137, 1216366, 1220465, 0.48, 100, 100, 1, 19, 10000, 15
1, 14627, 104, 119, 131, 1097451, 1210923, 0.48, 100, 100, 1, 17, 10000, 15
1, 12314, 103, 118, 121, 1110369, 1140211, 0.48, 100, 100, 1, 12, 10000, 15
1, 14268, 92, 108, 109, 1258805, 1265240, 0.48, 100, 100, 1, 15, 10000, 15
0, 20500, 68, 131, 126, 1618995, 1531754, 0.48, 100, 100, 1, 27, 10000, 15
1, 13148, 98, 113, 114, 993589, 1001049, 0.48, 100, 100, 1, 14, 10000, 15
1, 12585, 77, 92, 96, 1127677, 1166265, 0.48, 100, 100, 1, 12, 10000, 15
1, 12817, 112, 127, 128, 984847, 995865, 0.48, 100, 100, 1, 14, 10000, 15
1, 12655, 97, 112, 115, 924384, 952437, 0.48, 100, 100, 1, 13, 10000, 15
1, 12958, 89, 104, 107, 1089075, 1120129, 0.48, 100, 100, 1, 12, 10000, 15
1, 12826, 87, 103, 103, 1208668, 1213744, 0.48, 100, 100, 1, 13, 10000, 15
0, 20500, 100, 176, 170, 1616138, 1510923, 0.48, 100, 100, 1, 29, 10000, 15
1, 13397, 104, 119, 125, 1093505, 1148538, 0.48, 100, 100, 1, 14, 10000, 15
1, 14886, 105, 133, 134, 1252395, 1253997, 0.48, 100, 100, 1, 18, 10000, 15
1, 13711, 109, 124, 134, 1075703, 1165563, 0.48, 100, 100, 1, 15, 10000, 15
0, 20500, 109, 169, 155, 1824538, 1651324, 0.48, 100, 100, 1, 29, 10000, 15
1, 12876, 109, 124, 125, 1201024, 1210593, 0.48, 100, 100, 1, 14, 10000, 15
1, 12558, 92, 107, 108, 1040291, 1053365, 0.48, 100, 100, 1, 15, 10000, 15
1, 13166, 112, 127, 127, 997953, 998595, 0.48, 100, 100, 1, 14, 10000, 15
1, 14374, 96, 121, 122, 1291187, 1292199, 0.48, 100, 100, 1, 16, 10000, 15
0, 20500, 109, 183, 174, 1712629, 1520387, 0.48, 100, 100, 1, 29, 10000, 15
1, 13328, 99, 117, 119, 1065039, 1065516, 0.48, 100, 100, 1, 14, 10000, 15
1, 14731, 88, 103, 122, 1307468, 1520236, 0.48, 100, 100, 1, 17, 10000, 15
0, 20500, 96, 169, 159, 1523081, 1417285, 0.48, 100, 100, 1, 31, 10000, 15
1, 12873, 117, 132, 135, 987445, 1017346, 0.48, 100, 100, 1, 15, 10000, 15
0, 20500, 109, 170, 167, 1483592, 1416745, 0.48, 100, 100, 1, 30, 10000, 15
0, 20500, 103, 172, 161, 1748068, 1544453, 0.48, 100, 100, 1, 29, 10000, 15
0, 20500, 120, 189, 174, 1494576, 1369207, 0.48, 100, 100, 1, 29, 10000, 15
1, 12639, 87, 102, 104, 1265669, 1287184, 0.48, 100, 100, 1, 13, 10000, 15
1, 12495, 87, 102, 103, 999807, 1007461, 0.48, 100, 100, 1, 13, 10000, 15
1, 14167, 83, 98, 101, 1638286, 1689598, 0.48, 100, 100, 1, 16, 10000, 15
1, 12322, 102, 117, 118, 973728, 979943, 0.48, 100, 100, 1, 13, 10000, 15
0, 20500, 99, 161, 150, 1491804, 1378872, 0.48, 100, 100, 1, 29, 10000, 15
1, 13300, 103, 122, 123, 1066051, 1073808, 0.48, 100, 100, 1, 14, 10000, 15
1, 14494, 108, 134, 135, 1166345, 1170401, 0.48, 100, 100, 1, 17, 10000, 15
0, 20500, 101, 174, 163, 1715770, 1569953, 0.48, 100, 100, 1, 29, 10000, 15
1, 13221, 122, 138, 139, 1103016, 1103859, 0.48, 100, 100, 1, 14, 10000, 15
0, 20500, 98, 159, 156, 1518914, 1481714, 0.48, 100, 100, 1, 28, 10000, 15
1, 12841, 101, 116, 117, 1144591, 1150839, 0.48, 100, 100, 1, 14, 10000, 15
0, 20500, 109, 180, 168, 1517978, 1410310, 0.48, 100, 100, 1, 30, 10000, 15
1, 15411, 99, 127, 129, 1372331, 1379615, 0.48, 100, 100, 1, 18, 10000, 15
1, 12546, 109, 124, 124, 998710, 1001606, 0.48, 100, 100, 1, 12, 10000, 15
1, 13818, 105, 127, 129, 1223239, 1228263, 0.48, 100, 100, 1, 15, 10000, 15
0, 20500, 98, 176, 167, 1390667, 1270605, 0.48, 100, 100, 1, 30, 10000, 15
0, 20500, 108, 178, 169, 1606668, 1510383, 0.48, 100, 100, 1, 29, 10000, 15
1, 14037, 99, 114, 119, 1266307, 1312524, 0.48, 100, 100, 1, 15, 10000, 15
1, 14729, 115, 132, 133, 1237769, 1243334, 0.48, 100, 100, 1, 16, 10000, 15
1, 12933, 99, 114, 114, 1116100, 1117185, 0.48, 100, 100, 1, 14, 10000, 15
0, 20500, 124, 192, 188, 1491564, 1405471, 0.48, 100, 100, 1, 30, 10000, 15
1, 11992, 104, 119, 119, 1170899, 1173332, 0.48, 100, 100, 1, 12, 10000, 15
1, 18495, 101, 152, 157, 1384158, 1385823, 0.48, 100, 100, 1, 25, 10000, 15
1, 13607, 94, 109, 110, 1250125, 1253132, 0.48, 100, 100, 1, 15, 10000, 15
1, 13797, 106, 121, 122, 1122140, 1129134, 0.48, 100, 100, 1, 16, 10000, 15
0, 20500, 99, 167, 166, 1612921, 1579701, 0.48, 100, 100, 1, 30, 10000, 15
1, 12712, 112, 128, 129, 1052705, 1059630, 0.48, 100, 100, 1, 14, 10000, 15
0, 20500, 101, 173, 155, 1759439, 1563792, 0.48, 100, 100, 1, 28, 10000, 15
1, 14668, 85, 100, 102, 1200484, 1219760, 0.48, 100, 100, 1, 16, 10000, 15
1, 13628, 88, 103, 112, 1168257, 1262696, 0.48, 100, 100, 1, 15, 10000, 15
1, 18775, 90, 139, 144, 1534547, 1536741, 0.48, 100, 100, 1, 26, 10000, 15
1, 13821, 107, 122, 122, 1196777, 1203147, 0.48, 100, 100, 1, 15, 10000, 15
1, 12762, 99, 114, 115, 1094214, 1105554, 0.48, 100, 100, 1, 13, 10000, 15
1, 12274, 101, 116, 117, 954462, 956083, 0.48, 100, 100, 1, 12, 10000, 15
1, 12498, 98, 113, 117, 1051020, 1084336, 0.48, 100, 100, 1, 13, 10000, 15
0, 20500, 105, 181, 172, 1348837, 1269246, 0.48, 100, 100, 1, 29, 10000, 15
1, 12421, 91, 106, 106, 1052802, 1055255, 0.48, 100, 100, 1, 12, 10000, 15
0, 20500, 78, 152, 140, 1605153, 1495605, 0.48, 100, 100, 1, 28, 10000, 15
1, 15205, 106, 136, 139, 1144003, 1149249, 0.48, 100, 100, 1, 19, 10000, 15
1, 14874, 88, 103, 117, 1431776, 1600194, 0.48, 100, 100, 1, 17, 10000, 15
1, 12951, 111, 126, 126, 1083515, 1092191, 0.48, 100, 100, 1, 13, 10000, 15
0, 20500, 88, 159, 147, 1626029, 1523828, 0.48, 100, 100, 1, 29, 10000, 15
1, 14715, 128, 150, 150, 1298074, 1302442, 0.48, 100, 100, 1, 18, 10000, 15
0, 20500, 107, 176, 170, 1534463, 1454545, 0.48, 100, 100, 1, 27, 10000, 15
1, 14579, 104, 133, 135, 1222408, 1227470, 0.48, 100, 100, 1, 18, 10000, 15
1, 13742, 120, 135, 141, 1173147, 1243411, 0.48, 100, 100, 1, 15, 10000, 15
1, 14297, 108, 123, 126, 1180395, 1205111, 0.48, 100, 100, 1, 17, 10000, 15
1, 13255, 91, 106, 109, 1283116, 1311057, 0.48, 100, 100, 1, 14, 10000, 15
0, 20500, 103, 177, 174, 1377233, 1323596, 0.48, 100, 100, 1, 28, 10000, 15
1, 12793, 114, 129, 130, 1082879, 1086752, 0.48, 100, 100, 1, 14, 10000, 15
0, 20500, 109, 176, 174, 1422783, 1359437, 0.48, 100, 100, 1, 30, 10000, 15
0, 20500, 110, 191, 181, 1558534, 1430560, 0.48, 100, 100, 1, 28, 10000, 15
1, 13348, 104, 119, 125, 1230360, 1296615, 0.48, 100, 100, 1, 14, 10000, 15
1, 13356, 98, 113, 116, 1169006, 1201381, 0.48, 100, 100, 1, 14, 10000, 15
1, 13237, 100, 115, 124, 1078612, 1170457, 0.48, 100, 100, 1, 14, 10000, 15
0, 20500, 105, 172, 166, 1437991, 1322175, 0.48, 100, 100, 1, 28, 10000, 15
1, 14358, 120, 135, 142, 1148051, 1238795, 0.48, 100, 100, 1, 18, 10000, 15
1, 13119, 105, 120, 121, 1088408, 1098578, 0.48, 100, 100, 1, 13, 10000, 15
1, 17992, 108, 161, 169, 1328644, 1332642, 0.48, 100, 100, 1, 24, 10000, 15
0, 20500, 101, 185, 173, 1480416, 1351642, 0.48, 100, 100, 1, 28, 10000, 15
1, 12898, 106, 126, 128, 1316400, 1340407, 0.48, 100, 100, 1, 14, 10000, 20
1, 13537, 92, 112, 115, 1318501, 1349818, 0.48, 100, 100, 1, 15, 10000, 20
0, 20500, 97, 171, 152, 1484816, 1313198, 0.48, 100, 100, 1, 28, 10000, 15
1, 18442, 102, 153, 157, 1350728, 1351350, 0.48, 100, 100, 1, 25, 10000, 15
1, 14211, 86, 108, 109, 1047365, 1053346, 0.48, 100, 100, 1, 15, 10000, 20
1, 14607, 98, 121, 122, 1235955, 1240272, 0.48, 100, 100, 1, 16, 10000, 20
0, 20500, 110, 169, 169, 1767849, 1710538, 0.48, 100, 100, 1, 27, 10000, 15
1, 17205, 83, 121, 122, 1274254, 1275050, 0.48, 100, 100, 1, 21, 10000, 20
1, 12784, 104, 124, 125, 1051611, 1063330, 0.48, 100, 100, 1, 13, 10000, 20
1, 13366, 110, 130, 134, 1055900, 1096584, 0.48, 100, 100, 1, 15, 10000, 20
0, 20500, 115, 191, 170, 1594167, 1420683, 0.48, 100, 100, 1, 30, 10000, 15
1, 13994, 112, 132, 134, 1116671, 1132599, 0.48, 100, 100, 1, 16, 10000, 20
1, 15086, 112, 132, 131, 1192225, 1192912, 0.48, 100, 100, 1, 18, 10000, 20
1, 13339, 89, 109, 109, 1056690, 1058976, 0.48, 100, 100, 1, 15, 10000, 20
1, 14742, 112, 133, 134, 1218168, 1225723, 0.48, 100, 100, 1, 17, 10000, 20
1, 12931, 108, 131, 133, 975679, 982075, 0.48, 100, 100, 1, 14, 10000, 20
1, 14004, 99, 119, 123, 1104784, 1130172, 0.48, 100, 100, 1, 16, 10000, 20
1, 14669, 106, 126, 140, 1406748, 1560224, 0.48, 100, 100, 1, 19, 10000, 20
1, 14510, 111, 131, 131, 1227057, 1237323, 0.48, 100, 100, 1, 16, 10000, 20
1, 13517, 105, 125, 129, 1189368, 1220949, 0.48, 100, 100, 1, 15, 10000, 20
0, 24000, 81, 191, 166, 1820822, 1579742, 0.48, 100, 100, 1, 35, 10000, 20
1, 13796, 106, 126, 127, 1309930, 1334963, 0.48, 100, 100, 1, 15, 10000, 20
0, 24000, 103, 201, 178, 1791888, 1547036, 0.48, 100, 100, 1, 36, 10000, 20
0, 24000, 107, 212, 198, 1795200, 1616228, 0.48, 100, 100, 1, 36, 10000, 20
1, 14576, 88, 108, 123, 1047185, 1188422, 0.48, 100, 100, 1, 16, 10000, 20
0, 24000, 107, 222, 194, 1855252, 1613891, 0.48, 100, 100, 1, 35, 10000, 20
1, 14124, 101, 121, 123, 1309276, 1325462, 0.48, 100, 100, 1, 16, 10000, 20
1, 13711, 97, 117, 117, 1328688, 1338156, 0.48, 100, 100, 1, 16, 10000, 20
1, 14367, 109, 129, 138, 1177595, 1286251, 0.48, 100, 100, 1, 16, 10000, 20
1, 14385, 100, 120, 122, 1369519, 1396180, 0.48, 100, 100, 1, 17, 10000, 20
0, 24000, 100, 198, 191, 1611608, 1485884, 0.48, 100, 100, 1, 35, 10000, 20
1, 14045, 96, 116, 120, 1258424, 1293538, 0.48, 100, 100, 1, 15, 10000, 20
0, 24000, 87, 203, 187, 1857562, 1676961, 0.48, 100, 100, 1, 36, 10000, 20
1, 14562, 92, 112, 115, 1406991, 1446162, 0.48, 100, 100, 1, 17, 10000, 20
0, 24000, 111, 217, 195, 1807915, 1625917, 0.48, 100, 100, 1, 36, 10000, 20
1, 14333, 107, 127, 127, 1264924, 1281938, 0.48, 100, 100, 1, 16, 10000, 20
1, 14015, 108, 128, 127, 1100193, 1100934, 0.48, 100, 100, 1, 15, 10000, 20
1, 13959, 99, 119, 121, 1271789, 1285209, 0.48, 100, 100, 1, 15, 10000, 20
1, 14135, 94, 114, 118, 1192777, 1227414, 0.48, 100, 100, 1, 15, 10000, 20
1, 14491, 117, 140, 141, 1410664, 1419797, 0.48, 100, 100, 1, 16, 10000, 20
1, 13276, 110, 130, 131, 981950, 987810, 0.48, 100, 100, 1, 14, 10000, 20
1, 15818, 125, 145, 146, 1369942, 1378859, 0.48, 100, 100, 1, 19, 10000, 20
1, 13812, 98, 122, 124, 1198700, 1202552, 0.48, 100, 100, 1, 15, 10000, 20
0, 24000, 85, 184, 174, 1915496, 1774419, 0.48, 100, 100, 1, 35, 10000, 20
0, 24000, 108, 202, 188, 1744637, 1603823, 0.48, 100, 100, 1, 37, 10000, 20
1, 19456, 104, 165, 173, 1381602, 1383146, 0.48, 100, 100, 1, 27, 10000, 20
1, 14274, 84, 104, 106, 1266960, 1289134, 0.48, 100, 100, 1, 17, 10000, 20
0, 24000, 100, 197, 197, 1654884, 1613743, 0.48, 100, 100, 1, 35, 10000, 20
1, 11932, 90, 111, 110, 870252, 871493, 0.48, 100, 100, 1, 11, 10000, 20
1, 15135, 84, 104, 105, 1462160, 1480033, 0.48, 100, 100, 1, 19, 10000, 20
0, 24000, 113, 218, 204, 1636087, 1510837, 0.48, 100, 100, 1, 36, 10000, 20
0, 24000, 105, 202, 197, 1811938, 1755910, 0.48, 100, 100, 1, 37, 10000, 20
1, 14889, 116, 136, 135, 1391568, 1397312, 0.48, 100, 100, 1, 17, 10000, 20
1, 14160, 96, 117, 119, 1202540, 1210058, 0.48, 100, 100, 1, 16, 10000, 20
1, 14842, 95, 115, 126, 1265787, 1383730, 0.48, 100, 100, 1, 18, 10000, 20
0, 24000, 107, 208, 180, 1955364, 1697196, 0.48, 100, 100, 1, 36, 10000, 20
1, 13667, 109, 129, 134, 1126553, 1169491, 0.48, 100, 100, 1, 16, 10000, 20
0, 24000, 77, 189, 170, 1852495, 1663487, 0.48, 100, 100, 1, 38, 10000, 20
1, 14406, 95, 115, 118, 1431564, 1477794, 0.48, 100, 100, 1, 18, 10000, 20
0, 24000, 93, 200, 167, 1832912, 1489877, 0.48, 100, 100, 1, 38, 10000, 20
1, 14345, 108, 128, 129, 1152417, 1157456, 0.48, 100, 100, 1, 16, 10000, 20
1, 13730, 107, 127, 131, 980472, 1019433, 0.48, 100, 100, 1, 15, 10000, 20
0, 24000, 117, 222, 217, 1724003, 1615747, 0.48, 100, 100, 1, 37, 10000, 20
0, 24000, 110, 213, 210, 1717798, 1627199, 0.48, 100, 100, 1, 37, 10000, 20
1, 14172, 104, 124, 125, 1251684, 1276542, 0.48, 100, 100, 1, 15, 10000, 20
1, 16720, 98, 130, 133, 1417006, 1423459, 0.48, 100, 100, 1, 23, 10000, 20
1, 13764, 111, 131, 139, 1224919, 1319051, 0.48, 100, 100, 1, 15, 10000, 20
0, 24000, 79, 170, 161, 1981437, 1875572, 0.48, 100, 100, 1, 39, 10000, 20
1, 14026, 118, 138, 139, 1040526, 1054675, 0.48, 100, 100, 1, 16, 10000, 20
1, 14876, 96, 124, 126, 1249189, 1251502, 0.48, 100, 100, 1, 17, 10000, 20
0, 24000, 107, 215, 216, 1714208, 1677720, 0.48, 100, 100, 1, 38, 10000, 20
1, 15168, 111, 137, 140, 1324415, 1330678, 0.48, 100, 100, 1, 21, 10000, 20
0, 24000, 107, 197, 184, 1832450, 1727670, 0.48, 100, 100, 1, 36, 10000, 20
1, 13323, 101, 121, 122, 1056037, 1067380, 0.48, 100, 100, 1, 14, 10000, 20
0, 24000, 111, 229, 211, 1767455, 1575411, 0.48, 100, 100, 1, 37, 10000, 20
1, 13783, 106, 126, 131, 1140700, 1189060, 0.48, 100, 100, 1, 16, 10000, 20
1, 13390, 95, 115, 117, 1057214, 1079519, 0.48, 100, 100, 1, 15, 10000, 20
1, 13982, 102, 122, 121, 1266762, 1271275, 0.48, 100, 100, 1, 16, 10000, 20
0, 24000, 109, 216, 202, 1596894, 1422409, 0.48, 100, 100, 1, 39, 10000, 20
0, 24000, 110, 200, 208, 1676252, 1658123, 0.48, 100, 100, 1, 40, 10000, 20
0, 24000, 101, 189, 190, 1788084, 1736644, 0.48, 100, 100, 1, 37, 10000, 20
0, 24000, 95, 211, 179, 1901722, 1575432, 0.48, 100, 100, 1, 39, 10000, 20
1, 14260, 112, 133, 134, 1160522, 1168617, 0.48, 100, 100, 1, 17, 10000, 20
1, 13714, 113, 133, 134, 1041419, 1044565, 0.48, 100, 100, 1, 15, 10000, 20
1, 14215, 96, 116, 119, 1086332, 1118787, 0.48, 100, 100, 1, 18, 10000, 20
0, 24000, 122, 205, 206, 1552214, 1521061, 0.48, 100, 100, 1, 38, 10000, 20
1, 14075, 104, 124, 124, 987258, 992959, 0.48, 100, 100, 1, 16, 10000, 20
0, 24000, 103, 213, 200, 1518929, 1390684, 0.48, 100, 100, 1, 41, 10000, 20
1, 16116, 85, 120, 123, 1273587, 1278719, 0.48, 100, 100, 1, 20, 10000, 20
0, 24000, 114, 202, 202, 1750628, 1689331, 0.48, 100, 100, 1, 38, 10000, 20
0, 24000, 103, 198, 192, 1746419, 1617619, 0.48, 100, 100, 1, 38, 10000, 20
1, 15449, 93, 124, 125, 1154131, 1159352, 0.48, 100, 100, 1, 19, 10000, 20
1, 13785, 91, 111, 115, 1175916, 1226879, 0.48, 100, 100, 1, 16, 10000, 20
1, 16988, 103, 143, 144, 1308129, 1309201, 0.48, 100, 100, 1, 23, 10000, 20
1, 21557, 98, 169, 176, 1711995, 1714710, 0.48, 100, 100, 1, 32, 10000, 20
1, 17064, 94, 130, 134, 1370477, 1376761, 0.48, 100, 100, 1, 24, 10000, 20
1, 15572, 98, 128, 129, 1298790, 1300684, 0.48, 100, 100, 1, 18, 10000, 20
0, 24000, 124, 223, 198, 1904480, 1577345, 0.48, 100, 100, 1, 38, 10000, 20
0, 24000, 103, 217, 209, 1703256, 1538666, 0.48, 100, 100, 1, 38, 10000, 20
1, 14994, 108, 133, 138, 1252850, 1317264, 0.48, 100, 100, 1, 20, 10000, 25
0, 24000, 122, 217, 204, 1978412, 1774521, 0.48, 100, 100, 1, 37, 10000, 20
1, 15200, 102, 127, 127, 1283851, 1288610, 0.48, 100, 100, 1, 18, 10000, 25
1, 14934, 111, 136, 138, 1115889, 1139391, 0.48, 100, 100, 1, 18, 10000, 25
1, 17073, 101, 136, 139, 1311192, 1317773, 0.48, 100, 100, 1, 21, 10000, 25
1, 14909, 113, 138, 144, 1189435, 1248182, 0.48, 100, 100, 1, 17, 10000, 25
0, 24000, 94, 211, 217, 1539665, 1469441, 0.48, 100, 100, 1, 36, 10000, 20
1, 15913, 110, 135, 141, 1469086, 1566852, 0.48, 100, 100, 1, 20, 10000, 25
1, 15259, 92, 117, 121, 1218571, 1256697, 0.48, 100, 100, 1, 18, 10000, 25
0, 24000, 109, 199, 194, 1672606, 1568750, 0.48, 100, 100, 1, 36, 10000, 20
1, 23897, 125, 197, 206, 1890169, 1891615, 0.48, 100, 100, 1, 36, 10000, 20
1, 14705, 104, 129, 130, 1337528, 1358581, 0.48, 100, 100, 1, 18, 10000, 25
0, 24000, 87, 200, 184, 1656250, 1470433, 0.48, 100, 100, 1, 36, 10000, 20
1, 15121, 108, 133, 137, 1221077, 1247449, 0.48, 100, 100, 1, 18, 10000, 25
1, 15428, 101, 126, 130, 1182748, 1239722, 0.48, 100, 100, 1, 22, 10000, 25
1, 15472, 101, 126, 131, 1398831, 1458929, 0.48, 100, 100, 1, 19, 10000, 25
1, 14669, 108, 133, 140, 1097368, 1173337, 0.48, 100, 100, 1, 16, 10000, 25
1, 14200, 73, 98, 99, 1063364, 1077978, 0.48, 100, 100, 1, 15, 10000, 25
1, 17130, 101, 134, 136, 1386137, 1389367, 0.48, 100, 100, 1, 22, 10000, 25
1, 14780, 108, 133, 137, 1133549, 1177157, 0.48, 100, 100, 1, 17, 10000, 25
0, 27500, 108, 265, 247, 1911172, 1678218, 0.48, 100, 100, 1, 44, 10000, 25
1, 18731, 98, 152, 155, 1501432, 1505878, 0.48, 100, 100, 1, 27, 10000, 25
0, 27500, 94, 250, 218, 1925483, 1553359, 0.48, 100, 100, 1, 42, 10000, 25
1, 14293, 101, 126, 133, 1118734, 1172485, 0.48, 100, 100, 1, 16, 10000, 25
1, 22226, 105, 177, 179, 1543831, 1548034, 0.48, 100, 100, 1, 34, 10000, 25
1, 16326, 106, 131, 142, 1192976, 1331349, 0.48, 100, 100, 1, 21, 10000, 25
1, 14540, 96, 121, 127, 1156187, 1199395, 0.48, 100, 100, 1, 23, 10000, 25
1, 15617, 93, 118, 135, 1114413, 1273349, 0.48, 100, 100, 1, 20, 10000, 25
1, 16657, 100, 125, 138, 1285090, 1426401, 0.48, 100, 100, 1, 21, 10000, 25
1, 15660, 100, 125, 140, 1189475, 1334716, 0.48, 100, 100, 1, 20, 10000, 25
0, 27500, 109, 232, 208, 1970792, 1804436, 0.48, 100, 100, 1, 46, 10000, 25
1, 21344, 100, 161, 165, 1513671, 1515759, 0.48, 100, 100, 1, 31, 10000, 25
1, 14320, 108, 133, 137, 1238542, 1277797, 0.48, 100, 100, 1, 17, 10000, 25
1, 15438, 110, 137, 138, 1182451, 1187058, 0.48, 100, 100, 1, 18, 10000, 25
1, 20890, 92, 149, 153, 1614430, 1618040, 0.48, 100, 100, 1, 29, 10000, 25
1, 15020, 95, 120, 133, 1050424, 1160723, 0.48, 100, 100, 1, 18, 10000, 25
0, 27500, 114, 248, 230, 2126300, 1917742, 0.48, 100, 100, 1, 43, 10000, 25
0, 27500, 87, 218, 207, 2031013, 1850126, 0.48, 100, 100, 1, 44, 10000, 25
0, 27500, 108, 242, 232, 1822212, 1672706, 0.48, 100, 100, 1, 44, 10000, 25
1, 14717, 98, 123, 124, 1117820, 1137589, 0.48, 100, 100, 1, 17, 10000, 25
1, 20132, 113, 173, 178, 1408469, 1414023, 0.48, 100, 100, 1, 31, 10000, 25
1, 23430, 101, 176, 184, 1923082, 1923240, 0.48, 100, 100, 1, 36, 10000, 25
0, 27500, 95, 231, 219, 1793707, 1628220, 0.48, 100, 100, 1, 43, 10000, 25
1, 15506, 114, 139, 145, 1250144, 1330252, 0.48, 100, 100, 1, 20, 10000, 25
1, 14901, 107, 132, 131, 1322084, 1326191, 0.48, 100, 100, 1, 18, 10000, 25
1, 15839, 118, 143, 150, 1351763, 1434204, 0.48, 100, 100, 1, 21, 10000, 25
0, 27500, 104, 226, 216, 1972246, 1826328, 0.48, 100, 100, 1, 46, 10000, 25
1, 15179, 105, 130, 135, 1286134, 1328934, 0.48, 100, 100, 1, 18, 10000, 25
1, 13570, 109, 134, 134, 1103848, 1122072, 0.48, 100, 100, 1, 15, 10000, 25
1, 15711, 100, 128, 129, 1518648, 1519427, 0.48, 100, 100, 1, 19, 10000, 25
0, 27500, 82, 225, 212, 1985341, 1837378, 0.48, 100, 100, 1, 45, 10000, 25
1, 14165, 97, 123, 124, 1140765, 1142479, 0.48, 100, 100, 1, 16, 10000, 25
1, 19173, 77, 130, 131, 1325062, 1330758, 0.48, 100, 100, 1, 26, 10000, 25
0, 27500, 99, 235, 220, 2179037, 1886199, 0.48, 100, 100, 1, 43, 10000, 25
0, 27500, 110, 247, 237, 1720409, 1608075, 0.48, 100, 100, 1, 44, 10000, 25
1, 15792, 118, 143, 143, 1503796, 1515428, 0.48, 100, 100, 1, 19, 10000, 25
1, 15884, 92, 122, 125, 1267603, 1272356, 0.48, 100, 100, 1, 21, 10000, 25
1, 14002, 95, 120, 124, 1061756, 1095507, 0.48, 100, 100, 1, 16, 10000, 25
0, 27500, 115, 230, 234, 1845212, 1795098, 0.48, 100, 100, 1, 45, 10000, 25
1, 20325, 104, 161, 166, 1521113, 1522418, 0.48, 100, 100, 1, 31, 10000, 25
0, 27500, 115, 268, 242, 2001602, 1632573, 0.48, 100, 100, 1, 44, 10000, 25
0, 27500, 82, 217, 211, 2046478, 1958368, 0.48, 100, 100, 1, 44, 10000, 25
1, 15214, 89, 114, 114, 1367212, 1385595, 0.48, 100, 100, 1, 20, 10000, 25
1, 26223, 105, 216, 233, 1806155, 1806428, 0.48, 100, 100, 1, 45, 10000, 25
0, 27500, 118, 266, 254, 1906573, 1726041, 0.48, 100, 100, 1, 44, 10000, 25
1, 14700, 80, 105, 115, 1113963, 1204312, 0.48, 100, 100, 1, 17, 10000, 25
0, 27500, 114, 241, 233, 1994800, 1871070, 0.48, 100, 100, 1, 46, 10000, 25
1, 15111, 112, 137, 141, 1236789, 1282503, 0.48, 100, 100, 1, 18, 10000, 25
1, 14591, 96, 121, 122, 1228003, 1238950, 0.48, 100, 100, 1, 17, 10000, 25
0, 27500, 117, 237, 246, 1914276, 1834314, 0.48, 100, 100, 1, 45, 10000, 25
1, 17902, 93, 135, 139, 1459546, 1461416, 0.48, 100, 100, 1, 23, 10000, 25
1, 15483, 119, 144, 149, 1421598, 1499793, 0.48, 100, 100, 1, 19, 10000, 25
0, 27500, 82, 223, 199, 2232511, 1962958, 0.48, 100, 100, 1, 43, 10000, 25
1, 14218, 106, 138, 138, 1153056, 1155273, 0.48, 100, 100, 1, 18, 10000, 25
1, 14671, 119, 144, 145, 1252081, 1280566, 0.48, 100, 100, 1, 19, 10000, 25
1, 13737, 111, 136, 139, 1269652, 1312040, 0.48, 100, 100, 1, 15, 10000, 25
1, 14087, 90, 115, 118, 1236835, 1259468, 0.48, 100, 100, 1, 16, 10000, 25
1, 18850, 84, 139, 143, 1466656, 1470436, 0.48, 100, 100, 1, 26, 10000, 25
0, 27500, 96, 236, 226, 1996107, 1860382, 0.48, 100, 100, 1, 47, 10000, 25
0, 27500, 100, 221, 215, 1971381, 1862811, 0.48, 100, 100, 1, 48, 10000, 25
0, 27500, 117, 239, 244, 2083898, 1984622, 0.48, 100, 100, 1, 45, 10000, 25
1, 16243, 103, 136, 140, 1266604, 1269408, 0.48, 100, 100, 1, 21, 10000, 25
0, 27500, 115, 250, 250, 1835288, 1664881, 0.48, 100, 100, 1, 44, 10000, 25
0, 27500, 112, 260, 248, 1913118, 1691041, 0.48, 100, 100, 1, 46, 10000, 25
1, 14638, 96, 121, 122, 1353501, 1378562, 0.48, 100, 100, 1, 18, 10000, 25
1, 14614, 105, 130, 135, 1231418, 1318537, 0.48, 100, 100, 1, 20, 10000, 25
0, 27500, 102, 246, 231, 2041001, 1777468, 0.48, 100, 100, 1, 48, 10000, 25
1, 17147, 112, 137, 147, 1424291, 1527289, 0.48, 100, 100, 1, 23, 10000, 25
1, 22515, 98, 176, 182, 1680255, 1682982, 0.48, 100, 100, 1, 37, 10000, 25
1, 15035, 113, 138, 139, 1257731, 1273238, 0.48, 100, 100, 1, 19, 10000, 25
1, 15894, 100, 125, 131, 1347577, 1391354, 0.48, 100, 100, 1, 19, 10000, 25
1, 16224, 112, 141, 141, 1231799, 1232330, 0.48, 100, 100, 1, 20, 10000, 25
1, 14102, 103, 128, 131, 1114939, 1134451, 0.48, 100, 100, 1, 17, 10000, 25
1, 14648, 99, 124, 125, 1111941, 1115516, 0.48, 100, 100, 1, 18, 10000, 25
0, 27500, 101, 239, 242, 1821171, 1746810, 0.48, 100, 100, 1, 47, 10000, 25
1, 16990, 113, 149, 149, 1298234, 1299302, 0.48, 100, 100, 1, 22, 10000, 25
0, 27500, 99, 228, 243, 1681743, 1634807, 0.48, 100, 100, 1, 44, 10000, 25
1, 16061, 99, 124, 136, 1193308, 1300080, 0.48, 100, 100, 1, 20, 10000, 25
1, 15498, 83, 113, 115, 1364841, 1367976, 0.48, 100, 100, 1, 19, 10000, 30
0, 27500, 96, 239, 236, 1952605, 1839503, 0.48, 100, 100, 1, 48, 10000, 25
0, 27500, 94, 237, 239, 1789064, 1670267, 0.48, 100, 100, 1, 46, 10000, 25
0, 27500, 97, 235, 215, 2157217, 1958622, 0.48, 100, 100, 1, 49, 10000, 25
1, 16213, 98, 128, 132, 1231381, 1264898, 0.48, 100, 100, 1, 22, 10000, 30
1, 16934, 94, 135, 134, 1221212, 1222112, 0.48, 100, 100, 1, 22, 10000, 30
1, 14572, 105, 135, 139, 1273256, 1311452, 0.48, 100, 100, 1, 19, 10000, 30
0, 27500, 91, 204, 205, 2020342, 1921683, 0.48, 100, 100, 1, 45, 10000, 25
1, 16276, 91, 121, 129, 1301582, 1382344, 0.48, 100, 100, 1, 21, 10000, 30
1, 15955, 110, 140, 139, 1442350, 1458151, 0.48, 100, 100, 1, 22, 10000, 30
1, 15097, 109, 140, 141, 1191655, 1194678, 0.48, 100, 100, 1, 18, 10000, 30
0, 27500, 120, 230, 230, 2054027, 1930286, 0.48, 100, 100, 1, 46, 10000, 25
1, 14760, 98, 128, 126, 1148730, 1150015, 0.48, 100, 100, 1, 18, 10000, 30
1, 16947, 118, 148, 152, 1534287, 1577062, 0.48, 100, 100, 1, 26, 10000, 30
0, 27500, 103, 251, 242, 1926001, 1830629, 0.48, 100, 100, 1, 51, 10000, 25
1, 16086, 119, 149, 157, 1281869, 1384418, 0.48, 100, 100, 1, 22, 10000, 30
0, 27500, 103, 243, 236, 2175454, 1947580, 0.48, 100, 100, 1, 45, 10000, 25
1, 15677, 104, 134, 138, 1335638, 1387414, 0.48, 100, 100, 1, 20, 10000, 30
1, 19271, 105, 135, 134, 1594799, 1599383, 0.48, 100, 100, 1, 28, 10000, 30
1, 15733, 106, 136, 139, 1167491, 1200133, 0.48, 100, 100, 1, 22, 10000, 30
1, 16081, 89, 121, 123, 1426025, 1431752, 0.48, 100, 100, 1, 22, 10000, 30
0, 31000, 107, 276, 282, 1991722, 1903580, 0.48, 100, 100, 1, 53, 10000, 30
1, 15037, 108, 138, 143, 1199668, 1241426, 0.48, 100, 100, 1, 21, 10000, 30
1, 17537, 95, 125, 131, 1472517, 1539639, 0.48, 100, 100, 1, 22, 10000, 30
0, 31000, 94, 266, 265, 2182298, 1976892, 0.48, 100, 100, 1, 52, 10000, 30
0, 31000, 100, 273, 267, 2127987, 2021224, 0.48, 100, 100, 1, 59, 10000, 30
1, 14772, 76, 106, 107, 1143623, 1148179, 0.48, 100, 100, 1, 18, 10000, 30
1, 16285, 105, 135, 144, 1158015, 1231686, 0.48, 100, 100, 1, 22, 10000, 30
1, 14914, 104, 134, 135, 1069696, 1092436, 0.48, 100, 100, 1, 19, 10000, 30
0, 31000, 100, 268, 258, 2362473, 2205784, 0.48, 100, 100, 1, 55, 10000, 30
0, 31000, 102, 280, 263, 2083173, 1720095, 0.48, 100, 100, 1, 55, 10000, 30
1, 16109, 90, 120, 124, 1262096, 1287025, 0.48, 100, 100, 1, 24, 10000, 30
1, 16236, 93, 132, 136, 1164487, 1170440, 0.48, 100, 100, 1, 22, 10000, 30
0, 31000, 100, 270, 272, 2031247, 1983749, 0.48, 100, 100, 1, 54, 10000, 30
1, 15289, 103, 133, 140, 1063263, 1114715, 0.48, 100, 100, 1, 24, 10000, 30
0, 31000, 97, 280, 268, 2054372, 1829043, 0.48, 100, 100, 1, 64, 10000, 30
1, 29415, 92, 246, 256, 1927589, 1928667, 0.48, 100, 100, 1, 62, 10000, 30
0, 31000, 102, 277, 282, 1979281, 1905137, 0.48, 100, 100, 1, 53, 10000, 30
0, 31000, 102, 276, 275, 1929369, 1856863, 0.48, 100, 100, 1, 60, 10000, 30
0, 31000, 92, 284, 254, 2099999, 1749210, 0.48, 100, 100, 1, 58, 10000, 30
1, 15940, 103, 133, 143, 1037998, 1170739, 0.48, 100, 100, 1, 29, 10000, 30
1, 15890, 102, 132, 132, 1298662, 1305435, 0.48, 100, 100, 1, 21, 10000, 30
0, 31000, 115, 270, 260, 2382546, 2125050, 0.48, 100, 100, 1, 52, 10000, 30
1, 14530, 117, 147, 148, 1153097, 1161222, 0.48, 100, 100, 1, 17, 10000, 30
1, 16505, 105, 135, 149, 1286221, 1427496, 0.48, 100, 100, 1, 22, 10000, 30
0, 31000, 113, 278, 271, 2151647, 1950818, 0.48, 100, 100, 1, 53, 10000, 30
1, 14771, 92, 122, 123, 1237725, 1244802, 0.48, 100, 100, 1, 17, 10000, 30
1, 15586, 116, 146, 149, 1254513, 1299127, 0.48, 100, 100, 1, 29, 10000, 30
0, 31000, 97, 267, 260, 2122706, 1878857, 0.48, 100, 100, 1, 53, 10000, 30
1, 15330, 104, 134, 136, 1197096, 1210462, 0.48, 100, 100, 1, 19, 10000, 30
1, 15647, 105, 135, 140, 1324445, 1368676, 0.48, 100, 100, 1, 20, 10000, 30
1, 16221, 100, 134, 137, 1270467, 1275174, 0.48, 100, 100, 1, 23, 10000, 30
0, 31000, 110, 282, 256, 2257302, 1862712, 0.48, 100, 100, 1, 62, 10000, 30
1, 14890, 93, 123, 126, 1234428, 1268853, 0.48, 100, 100, 1, 18, 10000, 30
0, 31000, 86, 246, 247, 2176228, 2061872, 0.48, 100, 100, 1, 52, 10000, 30
0, 31000, 112, 283, 262, 2127300, 1893783, 0.48, 100, 100, 1, 57, 10000, 30
1, 15013, 108, 138, 140, 1423712, 1457451, 0.48, 100, 100, 1, 21, 10000, 30
1, 14577, 120, 150, 148, 1135678, 1148490, 0.48, 100, 100, 1, 17, 10000, 30
0, 31000, 115, 276, 267, 2297915, 2062436, 0.48, 100, 100, 1, 54, 10000, 30
0, 31000, 119, 281, 279, 2086832, 1850590, 0.48, 100, 100, 1, 59, 10000, 30
1, 15288, 94, 124, 129, 1239893, 1287184, 0.48, 100, 100, 1, 20, 10000, 30
0, 31000, 112, 281, 282, 2161036, 2045829, 0.48, 100, 100, 1, 59, 10000, 30
1, 27141, 102, 240, 252, 1719300, 1719357, 0.48, 100, 100, 1, 47, 10000, 30
0, 31000, 107, 254, 245, 2199829, 1959252, 0.48, 100, 100, 1, 54, 10000, 30
1, 15983, 83, 114, 115, 1239192, 1245502, 0.48, 100, 100, 1, 21, 10000, 30
0, 31000, 70, 222, 215, 2509275, 2365216, 0.48, 100, 100, 1, 54, 10000, 30
1, 17373, 97, 143, 145, 1270136, 1270896, 0.48, 100, 100, 1, 24, 10000, 30
1, 16494, 102, 141, 143, 1245514, 1252270, 0.48, 100, 100, 1, 23, 10000, 30
1, 16504, 112, 142, 144, 1263431, 1278287, 0.48, 100, 100, 1, 21, 10000, 30
1, 15094, 100, 130, 135, 1206316, 1256339, 0.48, 100, 100, 1, 19, 10000, 30
1, 16735, 111, 141, 146, 1340494, 1409198, 0.48, 100, 100, 1, 25, 10000, 30
1, 14299, 99, 129, 135, 1032908, 1074864, 0.48, 100, 100, 1, 22, 10000, 30
0, 31000, 96, 288, 270, 2112469, 1893284, 0.48, 100, 100, 1, 54, 10000, 30
1, 15980, 116, 146, 146, 1191464, 1209605, 0.48, 100, 100, 1, 19, 10000, 30
0, 31000, 97, 272, 263, 2245726, 1819614, 0.48, 100, 100, 1, 56, 10000, 30
1, 17625, 88, 129, 130, 1328927, 1330745, 0.48, 100, 100, 1, 25, 10000, 30
1, 15748, 109, 139, 145, 1168127, 1224283, 0.48, 100, 100, 1, 19, 10000, 30
0, 31000, 111, 282, 263, 2000767, 1800752, 0.48, 100, 100, 1, 60, 10000, 30
0, 31000, 97, 275, 263, 2021469, 1879332, 0.48, 100, 100, 1, 58, 10000, 30
1, 15215, 92, 122, 125, 1196271, 1244168, 0.48, 100, 100, 1, 21, 10000, 30
1, 15906, 101, 131, 150, 1169063, 1386425, 0.48, 100, 100, 1, 20, 10000, 30
0, 31000, 105, 280, 276, 2092140, 2007628, 0.48, 100, 100, 1, 57, 10000, 30
0, 31000, 114, 293, 264, 2145390, 1790896, 0.48, 100, 100, 1, 52, 10000, 30
1, 19204, 109, 166, 167, 1365588, 1365780, 0.48, 100, 100, 1, 30, 10000, 30
1, 16548, 98, 128, 136, 1302277, 1388141, 0.48, 100, 100, 1, 21, 10000, 30
1, 14435, 90, 120, 119, 1214963, 1219647, 0.48, 100, 100, 1, 17, 10000, 30
1, 16269, 105, 135, 151, 1345324, 1492625, 0.48, 100, 100, 1, 26, 10000, 30
1, 15003, 108, 138, 138, 1195587, 1195863, 0.48, 100, 100, 1, 21, 10000, 30
1, 14230, 104, 134, 139, 1017985, 1075793, 0.48, 100, 100, 1, 20, 10000, 30
1, 18436, 116, 166, 169, 1385332, 1385458, 0.48, 100, 100, 1, 28, 10000, 30
1, 16525, 106, 136, 142, 1223514, 1293023, 0.48, 100, 100, 1, 22, 10000, 30
0, 31000, 108, 282, 281, 1941261, 1870514, 0.48, 100, 100, 1, 58, 10000, 30
1, 24017, 101, 189, 194, 1696835, 1700336, 0.48, 100, 100, 1, 38, 10000, 30
1, 16206, 104, 139, 141, 1187279, 1193444, 0.48, 100, 100, 1, 23, 10000, 35
1, 23519, 108, 193, 197, 1784030, 1787420, 0.48, 100, 100, 1, 42, 10000, 30
0, 31000, 98, 270, 271, 1959345, 1928486, 0.48, 100, 100, 1, 50, 10000, 30
0, 31000, 101, 282, 269, 2261146, 2111470, 0.48, 100, 100, 1, 57, 10000, 30
1, 29742, 99, 256, 269, 1772919, 1777726, 0.48, 100, 100, 1, 56, 10000, 30
1, 16172, 113, 148, 153, 1322870, 1397913, 0.48, 100, 100, 1, 22, 10000, 35
1, 15483, 92, 127, 134, 1251761, 1322158, 0.48, 100, 100, 1, 24, 10000, 35
1, 17066, 116, 151, 149, 1342612, 1353579, 0.48, 100, 100, 1, 25, 10000, 35
1, 17296, 106, 141, 155, 1255438, 1393662, 0.48, 100, 100, 1, 23, 10000, 35
0, 31000, 103, 287, 265, 2183391, 1952447, 0.48, 100, 100, 1, 59, 10000, 30
1, 16766, 110, 145, 149, 1409694, 1457124, 0.48, 100, 100, 1, 22, 10000, 35
0, 31000, 103, 270, 267, 2123273, 2072146, 0.48, 100, 100, 1, 56, 10000, 30
0, 31000, 111, 281, 272, 2113811, 1969093, 0.48, 100, 100, 1, 60, 10000, 30
0, 31000, 91, 268, 255, 2068993, 1929638, 0.48, 100, 100, 1, 59, 10000, 30
0, 31000, 105, 283, 282, 2086824, 1921384, 0.48, 100, 100, 1, 54, 10000, 30
1, 15694, 115, 150, 149, 1114857, 1115333, 0.48, 100, 100, 1, 20, 10000, 35
1, 16262, 111, 146, 149, 1304656, 1347040, 0.48, 100, 100, 1, 21, 10000, 35
0, 31000, 86, 260, 258, 2178907, 1996719, 0.48, 100, 100, 1, 65, 10000, 30
0, 31000, 112, 287, 275, 2231280, 2000273, 0.48, 100, 100, 1, 61, 10000, 30
0, 31000, 91, 258, 254, 2049905, 1957518, 0.48, 100, 100, 1, 61, 10000, 30
0, 31000, 78, 248, 250, 2257995, 2141724, 0.48, 100, 100, 1, 59, 10000, 30
1, 16301, 95, 130, 136, 1392427, 1484312, 0.48, 100, 100, 1, 23, 10000, 35
1, 15557, 102, 137, 139, 1274842, 1288960, 0.48, 100, 100, 1, 22, 10000, 35
1, 18262, 110, 148, 152, 1497268, 1499927, 0.48, 100, 100, 1, 25, 10000, 35
0, 31000, 101, 282, 271, 2006517, 1797193, 0.48, 100, 100, 1, 58, 10000, 30
1, 23523, 109, 188, 199, 1838889, 1840660, 0.48, 100, 100, 1, 38, 10000, 35
1, 17008, 107, 142, 143, 1417029, 1428841, 0.48, 100, 100, 1, 25, 10000, 35
1, 16232, 111, 146, 149, 1140637, 1178676, 0.48, 100, 100, 1, 22, 10000, 35
1, 17647, 104, 139, 158, 1258218, 1491279, 0.48, 100, 100, 1, 23, 10000, 35
1, 19010, 101, 157, 160, 1489078, 1490554, 0.48, 100, 100, 1, 34, 10000, 35
1, 16248, 82, 117, 120, 1598069, 1647671, 0.48, 100, 100, 1, 20, 10000, 35
1, 18263, 107, 151, 151, 1494662, 1502059, 0.48, 100, 100, 1, 32, 10000, 35
1, 16551, 95, 130, 131, 1202835, 1207220, 0.48, 100, 100, 1, 22, 10000, 35
1, 15545, 98, 133, 139, 1164797, 1216110, 0.48, 100, 100, 1, 24, 10000, 35
1, 17828, 102, 140, 141, 1664955, 1667788, 0.48, 100, 100, 1, 25, 10000, 35
0, 34500, 100, 302, 306, 2197357, 2034001, 0.48, 100, 100, 1, 60, 10000, 35
1, 16718, 117, 154, 154, 1326923, 1327365, 0.48, 100, 100, 1, 22, 10000, 35
1, 17240, 112, 147, 153, 1549054, 1658925, 0.48, 100, 100, 1, 24, 10000, 35
1, 16709, 106, 141, 151, 1438042, 1536406, 0.48, 100, 100, 1, 22, 10000, 35
1, 16929, 100, 135, 142, 1405103, 1496616, 0.48, 100, 100, 1, 22, 10000, 35
0, 34500, 113, 309, 307, 2332205, 2124525, 0.48, 100, 100, 1, 66, 10000, 35
1, 15383, 101, 136, 140, 1115546, 1161980, 0.48, 100, 100, 1, 20, 10000, 35
1, 19319, 101, 162, 167, 1245377, 1245476, 0.48, 100, 100, 1, 29, 10000, 35
0, 34500, 98, 295, 292, 2339407, 2213822, 0.48, 100, 100, 1, 67, 10000, 35
1, 20592, 114, 182, 187, 1424612, 1427724, 0.48, 100, 100, 1, 36, 10000, 35
1, 16005, 112, 147, 148, 1504862, 1532304, 0.48, 100, 100, 1, 23, 10000, 35
1, 17524, 101, 136, 135, 1490224, 1504676, 0.48, 100, 100, 1, 26, 10000, 35
0, 34500, 99, 316, 299, 2170251, 1970334, 0.48, 100, 100, 1, 58, 10000, 35
0, 34500, 112, 307, 304, 2276031, 2144231, 0.48, 100, 100, 1, 61, 10000, 35
1, 16284, 115, 150, 154, 1267814, 1319858, 0.48, 100, 100, 1, 21, 10000, 35
1, 15383, 96, 131, 138, 1119329, 1180750, 0.48, 100, 100, 1, 19, 10000, 35
0, 34500, 98, 312, 305, 2158941, 1990719, 0.48, 100, 100, 1, 70, 10000, 35
1, 15484, 95, 130, 132, 1076104, 1081263, 0.48, 100, 100, 1, 24, 10000, 35
0, 34500, 96, 294, 295, 2274580, 2213664, 0.48, 100, 100, 1, 68, 10000, 35
1, 17652, 102, 137, 147, 1314633, 1414019, 0.48, 100, 100, 1, 24, 10000, 35
1, 18603, 106, 141, 143, 1610409, 1628623, 0.48, 100, 100, 1, 28, 10000, 35
0, 34500, 105, 283, 285, 2474202, 2383710, 0.48, 100, 100, 1, 60, 10000, 35
1, 19074, 96, 148, 151, 1601677, 1603226, 0.48, 100, 100, 1, 31, 10000, 35
1, 17033, 96, 131, 130, 1491573, 1492213, 0.48, 100, 100, 1, 23, 10000, 35
1, 15697, 91, 126, 132, 1278513, 1341233, 0.48, 100, 100, 1, 20, 10000, 35
1, 16341, 116, 151, 153, 1185130, 1198244, 0.48, 100, 100, 1, 22, 10000, 35
1, 17618, 111, 146, 151, 1215390, 1269524, 0.48, 100, 100, 1, 30, 10000, 35
1, 18754, 112, 147, 165, 1530979, 1749805, 0.48, 100, 100, 1, 34, 10000, 35
0, 34500, 94, 310, 296, 2348638, 2081870, 0.48, 100, 100, 1, 70, 10000, 35
1, 16767, 105, 141, 141, 1351631, 1356133, 0.48, 100, 100, 1, 28, 10000, 35
1, 17872, 92, 139, 141, 1325451, 1330338, 0.48, 100, 100, 1, 27, 10000, 35
1, 17106, 101, 136, 138, 1234609, 1286265, 0.48, 100, 100, 1, 23, 10000, 35
1, 16859, 103, 138, 140, 1214724, 1237613, 0.48, 100, 100, 1, 29, 10000, 35
1, 15839, 116, 151, 151, 1211015, 1215840, 0.48, 100, 100, 1, 24, 10000, 35
1, 18128, 115, 150, 149, 1544909, 1551053, 0.48, 100, 100, 1, 32, 10000, 35
1, 16299, 101, 136, 138, 1357266, 1385302, 0.48, 100, 100, 1, 21, 10000, 35
0, 34500, 106, 288, 288, 2451225, 2248203, 0.48, 100, 100, 1, 71, 10000, 35
0, 34500, 103, 311, 293, 2489627, 2138139, 0.48, 100, 100, 1, 79, 10000, 35
0, 34500, 95, 298, 286, 2206388, 2004151, 0.48, 100, 100, 1, 63, 10000, 35
0, 34500, 112, 329, 306, 2337382, 2037921, 0.48, 100, 100, 1, 79, 10000, 35
1, 16817, 89, 124, 132, 1223942, 1294712, 0.48, 100, 100, 1, 23, 10000, 35
0, 34500, 80, 294, 271, 2532462, 2083908, 0.48, 100, 100, 1, 68, 10000, 35
1, 20673, 85, 151, 152, 1544127, 1545667, 0.48, 100, 100, 1, 30, 10000, 35
0, 34500, 99, 303, 288, 2332195, 2012957, 0.48, 100, 100, 1, 65, 10000, 35
0, 34500, 101, 300, 287, 2509828, 2248127, 0.48, 100, 100, 1, 69, 10000, 35
1, 18675, 102, 155, 158, 1300552, 1301606, 0.48, 100, 100, 1, 28, 10000, 35
1, 16116, 114, 149, 149, 1361915, 1374634, 0.48, 100, 100, 1, 22, 10000, 35
1, 18559, 105, 146, 149, 1736511, 1738305, 0.48, 100, 100, 1, 26, 10000, 35
1, 16887, 109, 144, 143, 1289639, 1291738, 0.48, 100, 100, 1, 22, 10000, 35
1, 25605, 103, 236, 248, 1664470, 1668118, 0.48, 100, 100, 1, 45, 10000, 35
1, 16765, 96, 137, 136, 1207080, 1210336, 0.48, 100, 100, 1, 22, 10000, 35
1, 17163, 92, 127, 127, 1362247, 1369469, 0.48, 100, 100, 1, 24, 10000, 35
1, 16536, 104, 139, 149, 1197631, 1262771, 0.48, 100, 100, 1, 22, 10000, 35
0, 34500, 105, 306, 302, 2285987, 2126083, 0.48, 100, 100, 1, 68, 10000, 35
0, 34500, 111, 306, 303, 2168244, 1994931, 0.48, 100, 100, 1, 74, 10000, 35
1, 15971, 121, 156, 158, 1119392, 1123862, 0.48, 100, 100, 1, 20, 10000, 35
0, 34500, 111, 312, 304, 2192445, 1997562, 0.48, 100, 100, 1, 65, 10000, 35
1, 15390, 101, 137, 139, 1152548, 1155461, 0.48, 100, 100, 1, 22, 10000, 35
1, 19603, 98, 160, 163, 1456820, 1459800, 0.48, 100, 100, 1, 31, 10000, 35
1, 16875, 112, 147, 152, 1382331, 1432474, 0.48, 100, 100, 1, 26, 10000, 35
0, 34500, 98, 300, 288, 2269115, 2156861, 0.48, 100, 100, 1, 69, 10000, 35
1, 16759, 116, 151, 156, 1286857, 1329407, 0.48, 100, 100, 1, 21, 10000, 35
1, 16950, 103, 143, 143, 1359838, 1365960, 0.48, 100, 100, 1, 24, 10000, 35
1, 23771, 84, 178, 186, 1568820, 1571111, 0.48, 100, 100, 1, 41, 10000, 35
1, 16496, 99, 134, 136, 1289209, 1294300, 0.48, 100, 100, 1, 23, 10000, 35
1, 17387, 101, 136, 143, 1261937, 1334464, 0.48, 100, 100, 1, 25, 10000, 35
0, 34500, 114, 323, 310, 2556952, 2268425, 0.48, 100, 100, 1, 61, 10000, 35
1, 22450, 111, 183, 189, 1663067, 1667893, 0.48, 100, 100, 1, 34, 10000, 35
0, 34500, 121, 318, 315, 2219427, 2034519, 0.48, 100, 100, 1, 69, 10000, 35
1, 18784, 96, 140, 140, 1551877, 1552655, 0.48, 100, 100, 1, 33, 10000, 35
1, 16801, 106, 151, 152, 1068567, 1080221, 0.48, 100, 100, 1, 25, 10000, 45
0, 34500, 94, 308, 286, 2462663, 2128187, 0.48, 100, 100, 1, 71, 10000, 35
0, 34500, 100, 313, 299, 2303467, 2073773, 0.48, 100, 100, 1, 63, 10000, 35
0, 34500, 103, 312, 301, 2238637, 1995983, 0.48, 100, 100, 1, 66, 10000, 35
1, 16898, 92, 137, 140, 1290613, 1317602, 0.48, 100, 100, 1, 21, 10000, 45
1, 23576, 106, 202, 212, 1473848, 1476483, 0.48, 100, 100, 1, 36, 10000, 35
0, 34500, 101, 330, 309, 2224995, 1971803, 0.48, 100, 100, 1, 63, 10000, 35
0, 34500, 97, 302, 304, 2282402, 2115668, 0.48, 100, 100, 1, 64, 10000, 35
1, 20694, 56, 101, 104, 1935884, 1980730, 0.48, 100, 100, 1, 35, 10000, 45
1, 18456, 94, 139, 142, 1450330, 1459462, 0.48, 100, 100, 1, 26, 10000, 45
1, 20133, 99, 160, 164, 1409289, 1410385, 0.48, 100, 100, 1, 34, 10000, 45
0, 34500, 92, 301, 294, 2267424, 2096862, 0.48, 100, 100, 1, 65, 10000, 35
1, 18760, 87, 133, 133, 1372480, 1378620, 0.48, 100, 100, 1, 25, 10000, 45
1, 16959, 122, 167, 167, 1208839, 1210779, 0.48, 100, 100, 1, 24, 10000, 45
1, 19435, 107, 156, 160, 1464314, 1468012, 0.48, 100, 100, 1, 29, 10000, 45
1, 17942, 80, 125, 127, 1304539, 1347327, 0.48, 100, 100, 1, 24, 10000, 45
1, 23219, 103, 185, 185, 1684999, 1687076, 0.48, 100, 100, 1, 36, 10000, 45
0, 34500, 106, 306, 306, 2353196, 2211142, 0.48, 100, 100, 1, 60, 10000, 35
1, 17541, 95, 149, 150, 1286354, 1287848, 0.48, 100, 100, 1, 24, 10000, 45
1, 18597, 107, 153, 155, 1429067, 1429681, 0.48, 100, 100, 1, 29, 10000, 45
0, 34500, 110, 310, 295, 2357765, 2037681, 0.48, 100, 100, 1, 63, 10000, 35
1, 21798, 92, 173, 178, 1632961, 1635205, 0.48, 100, 100, 1, 35, 10000, 45
1, 16868, 92, 137, 137, 1284950, 1294266, 0.48, 100, 100, 1, 23, 10000, 45
1, 17257, 99, 145, 145, 1476220, 1482647, 0.48, 100, 100, 1, 24, 10000, 45
1, 20559, 118, 182, 187, 1550334, 1556548, 0.48, 100, 100, 1, 28, 10000, 45
1, 23664, 94, 182, 193, 1647099, 1647359, 0.48, 100, 100, 1, 37, 10000, 45
1, 17220, 93, 148, 149, 1325021, 1326602, 0.48, 100, 100, 1, 23, 10000, 45
1, 19608, 95, 165, 171, 1328454, 1330921, 0.48, 100, 100, 1, 29, 10000, 45
1, 29532, 111, 260, 272, 2009340, 2011352, 0.48, 100, 100, 1, 53, 10000, 45
1, 19379, 98, 143, 150, 1492103, 1528927, 0.48, 100, 100, 1, 27, 10000, 45
1, 18227, 113, 159, 158, 1350441, 1355603, 0.48, 100, 100, 1, 28, 10000, 45
0, 41500, 100, 386, 357, 2732493, 2339329, 0.48, 100, 100, 1, 76, 10000, 45
0, 41500, 119, 402, 387, 2780343, 2383434, 0.48, 100, 100, 1, 78, 10000, 45
0, 41500, 100, 368, 363, 2728528, 2516539, 0.48, 100, 100, 1, 75, 10000, 45
1, 17640, 107, 152, 155, 1368615, 1389309, 0.48, 100, 100, 1, 25, 10000, 45
1, 16408, 94, 139, 140, 1299687, 1305355, 0.48, 100, 100, 1, 22, 10000, 45
1, 18897, 94, 151, 149, 1554405, 1559773, 0.48, 100, 100, 1, 31, 10000, 45
1, 16891, 122, 167, 173, 1260831, 1334625, 0.48, 100, 100, 1, 22, 10000, 45
1, 18035, 101, 146, 146, 1345991, 1352427, 0.48, 100, 100, 1, 27, 10000, 45
1, 41323, 94, 366, 383, 2336082, 2338703, 0.48, 100, 100, 1, 75, 10000, 45
0, 41500, 88, 364, 359, 2630059, 2506795, 0.48, 100, 100, 1, 81, 10000, 45
0, 41500, 86, 345, 322, 3135757, 2725362, 0.48, 100, 100, 1, 73, 10000, 45
0, 41500, 99, 362, 362, 2805920, 2667679, 0.48, 100, 100, 1, 76, 10000, 45
1, 16470, 100, 145, 146, 1344190, 1366926, 0.48, 100, 100, 1, 24, 10000, 45
1, 16455, 110, 155, 154, 1217709, 1236590, 0.48, 100, 100, 1, 24, 10000, 45
1, 21659, 87, 166, 171, 1425755, 1428220, 0.48, 100, 100, 1, 34, 10000, 45
1, 16435, 97, 142, 145, 1201750, 1230849, 0.48, 100, 100, 1, 22, 10000, 45
0, 41500, 106, 376, 368, 2726889, 2583477, 0.48, 100, 100, 1, 78, 10000, 45
0, 41500, 115, 393, 374, 2889137, 2414629, 0.48, 100, 100, 1, 84, 10000, 45
1, 19229, 101, 146, 154, 1392281, 1454703, 0.48, 100, 100, 1, 31, 10000, 45
1, 20814, 97, 162, 170, 1547495, 1550951, 0.48, 100, 100, 1, 33, 10000, 45
1, 33619, 119, 311, 322, 2127763, 2129077, 0.48, 100, 100, 1, 59, 10000, 45
1, 18053, 95, 145, 144, 1471264, 1471941, 0.48, 100, 100, 1, 27, 10000, 45
1, 38071, 88, 323, 331, 2413763, 2417209, 0.48, 100, 100, 1, 74, 10000, 45
1, 17382, 92, 137, 142, 1349037, 1387133, 0.48, 100, 100, 1, 23, 10000, 45
0, 41500, 91, 369, 376, 2579141, 2516400, 0.48, 100, 100, 1, 80, 10000, 45
0, 41500, 109, 381, 359, 2667664, 2434877, 0.48, 100, 100, 1, 79, 10000, 45
0, 41500, 117, 386, 373, 2874392, 2479624, 0.48, 100, 100, 1, 77, 10000, 45
1, 22425, 90, 167, 175, 1643336, 1647172, 0.48, 100, 100, 1, 39, 10000, 45
1, 23622, 91, 196, 207, 1445144, 1445565, 0.48, 100, 100, 1, 44, 10000, 45
0, 41500, 82, 352, 336, 2611497, 2433532, 0.48, 100, 100, 1, 77, 10000, 45
0, 41500, 106, 378, 364, 2672281, 2456353, 0.48, 100, 100, 1, 85, 10000, 45
0, 41500, 87, 369, 359, 2572355, 2313787, 0.48, 100, 100, 1, 78, 10000, 45
0, 41500, 98, 377, 372, 2596084, 2301081, 0.48, 100, 100, 1, 82, 10000, 45
1, 18692, 120, 165, 165, 1534805, 1558711, 0.48, 100, 100, 1, 27, 10000, 45
0, 41500, 110, 364, 360, 2972349, 2832534, 0.48, 100, 100, 1, 77, 10000, 45
0, 41500, 107, 390, 371, 2671074, 2367330, 0.48, 100, 100, 1, 79, 10000, 45
1, 17950, 99, 144, 143, 1550410, 1551184, 0.48, 100, 100, 1, 27, 10000, 45
0, 41500, 93, 378, 364, 2670230, 2439559, 0.48, 100, 100, 1, 78, 10000, 45
1, 18381, 107, 152, 152, 1370099, 1376786, 0.48, 100, 100, 1, 26, 10000, 45
1, 19024, 97, 142, 150, 1591830, 1671326, 0.48, 100, 100, 1, 31, 10000, 45
1, 17272, 94, 139, 140, 1266724, 1270715, 0.48, 100, 100, 1, 23, 10000, 45
0, 41500, 94, 370, 358, 2681515, 2414116, 0.48, 100, 100, 1, 79, 10000, 45
1, 17913, 92, 137, 137, 1420597, 1440853, 0.48, 100, 100, 1, 26, 10000, 45
1, 18732, 106, 151, 150, 1514041, 1554061, 0.48, 100, 100, 1, 31, 10000, 45
1, 18240, 76, 121, 124, 1229550, 1249383, 0.48, 100, 100, 1, 26, 10000, 45
1, 19813, 101, 158, 163, 1443850, 1445126, 0.48, 100, 100, 1, 30, 10000, 45
0, 41500, 111, 379, 371, 2693299, 2460546, 0.48, 100, 100, 1, 84, 10000, 45
1, 18444, 92, 144, 147, 1429708, 1429752, 0.48, 100, 100, 1, 28, 10000, 45
1, 16801, 96, 141, 146, 1256988, 1303703, 0.48, 100, 100, 1, 27, 10000, 45
0, 41500, 104, 389, 386, 2528750, 2348668, 0.48, 100, 100, 1, 81, 10000, 45
0, 41500, 117, 390, 387, 2654862, 2417846, 0.48, 100, 100, 1, 80, 10000, 45
0, 41500, 104, 393, 380, 2694927, 2404882, 0.48, 100, 100, 1, 79, 10000, 45
1, 31378, 126, 268, 289, 1935890, 1938294, 0.48, 100, 100, 1, 59, 10000, 45
1, 19211, 111, 156, 159, 1570103, 1628730, 0.48, 100, 100, 1, 36, 10000, 45
1, 16470, 107, 152, 156, 1100099, 1133441, 0.48, 100, 100, 1, 22, 10000, 45
1, 18841, 102, 163, 165, 1322714, 1325231, 0.48, 100, 100, 1, 26, 10000, 45
0, 41500, 82, 374, 357, 2751890, 2353261, 0.48, 100, 100, 1, 85, 10000, 45
0, 41500, 118, 400, 382, 2793143, 2417042, 0.48, 100, 100, 1, 74, 10000, 45
1, 18490, 100, 153, 157, 1453418, 1459338, 0.48, 100, 100, 1, 30, 10000, 45
0, 41500, 100, 374, 364, 2857702, 2667829, 0.48, 100, 100, 1, 81, 10000, 45
1, 34267, 96, 287, 296, 2367712, 2368065, 0.48, 100, 100, 1, 61, 10000, 45
1, 17668, 116, 161, 163, 1488761, 1509097, 0.48, 100, 100, 1, 25, 10000, 45
0, 41500, 102, 377, 381, 2592419, 2316789, 0.48, 100, 100, 1, 79, 10000, 45
0, 41500, 104, 377, 373, 2616976, 2495884, 0.48, 100, 100, 1, 80, 10000, 45
1, 21604, 93, 166, 168, 1460766, 1462623, 0.48, 100, 100, 1, 37, 10000, 45
1, 17985, 107, 152, 155, 1173776, 1177601, 0.48, 100, 100, 1, 23, 10000, 45
0, 41500, 100, 388, 377, 2907181, 2474538, 0.48, 100, 100, 1, 80, 10000, 45
1, 16937, 106, 151, 157, 1048413, 1109359, 0.48, 100, 100, 1, 26, 10000, 45
0, 41500, 100, 374, 379, 2600955, 2427726, 0.48, 100, 100, 1, 73, 10000, 45
0, 41500, 104, 371, 383, 2412831, 2285985, 0.48, 100, 100, 1, 89, 10000, 45
0, 41500, 98, 362, 354, 2773060, 2505957, 0.48, 100, 100, 1, 81, 10000, 45
0, 41500, 117, 376, 381, 2686968, 2428078, 0.48, 100, 100, 1, 78, 10000, 45
1, 20369, 108, 163, 171, 1591560, 1674797, 0.48, 100, 100, 1, 29, 10000, 55
0, 41500, 107, 390, 386, 2524604, 2408152, 0.48, 100, 100, 1, 78, 10000, 45
1, 19744, 98, 153, 151, 1498835, 1516224, 0.48, 100, 100, 1, 28, 10000, 55
1, 19523, 124, 179, 180, 1576174, 1635355, 0.48, 100, 100, 1, 26, 10000, 55
1, 18940, 94, 149, 150, 1420833, 1430510, 0.48, 100, 100, 1, 26, 10000, 55
1, 20279, 104, 159, 167, 1457898, 1566051, 0.48, 100, 100, 1, 29, 10000, 55
1, 18881, 105, 160, 169, 1279251, 1364953, 0.48, 100, 100, 1, 27, 10000, 55
1, 18595, 115, 170, 173, 1342157, 1346944, 0.48, 100, 100, 1, 27, 10000, 55
0, 41500, 102, 374, 366, 2820833, 2395722, 0.48, 100, 100, 1, 76, 10000, 45
1, 19097, 97, 155, 157, 1389196, 1392529, 0.48, 100, 100, 1, 30, 10000, 55
1, 18564, 91, 147, 149, 1377025, 1378040, 0.48, 100, 100, 1, 30, 10000, 55
1, 21213, 83, 145, 148, 1679204, 1685067, 0.48, 100, 100, 1, 30, 10000, 55
1, 19987, 107, 175, 182, 1431975, 1432068, 0.48, 100, 100, 1, 32, 10000, 55
1, 18256, 104, 159, 166, 1443835, 1500120, 0.48, 100, 100, 1, 25, 10000, 55
0, 41500, 119, 399, 389, 2815700, 2602494, 0.48, 100, 100, 1, 75, 10000, 45
1, 23608, 92, 188, 195, 1674694, 1679184, 0.48, 100, 100, 1, 37, 10000, 55
1, 18893, 109, 164, 167, 1234441, 1262508, 0.48, 100, 100, 1, 29, 10000, 55
0, 41500, 110, 382, 387, 2567513, 2474760, 0.48, 100, 100, 1, 76, 10000, 45
0, 41500, 94, 363, 360, 2735796, 2489714, 0.48, 100, 100, 1, 82, 10000, 45
1, 19682, 111, 166, 175, 1294017, 1388402, 0.48, 100, 100, 1, 28, 10000, 55
1, 19530, 84, 139, 140, 1386176, 1403415, 0.48, 100, 100, 1, 30, 10000, 55
1, 16811, 101, 156, 159, 1252603, 1298847, 0.48, 100, 100, 1, 22, 10000, 55
0, 41500, 112, 385, 386, 2523574, 2463398, 0.48, 100, 100, 1, 76, 10000, 45
1, 19858, 70, 125, 126, 1562689, 1609799, 0.48, 100, 100, 1, 27, 10000, 55
1, 20074, 100, 167, 173, 1538411, 1541177, 0.48, 100, 100, 1, 30, 10000, 55
1, 18327, 102, 157, 161, 1379934, 1426512, 0.48, 100, 100, 1, 26, 10000, 55
1, 44182, 93, 390, 405, 2665103, 2667305, 0.48, 100, 100, 1, 86, 10000, 55
1, 19767, 106, 161, 167, 1465207, 1533008, 0.48, 100, 100, 1, 30, 10000, 55
1, 20470, 112, 167, 172, 1523939, 1578911, 0.48, 100, 100, 1, 32, 10000, 55
1, 19541, 106, 161, 163, 1392395, 1396477, 0.48, 100, 100, 1, 29, 10000, 55
1, 19642, 107, 162, 161, 1420167, 1460748, 0.48, 100, 100, 1, 40, 10000, 55
1, 19726, 110, 165, 172, 1313918, 1365371, 0.48, 100, 100, 1, 32, 10000, 55
1, 19558, 108, 165, 168, 1684882, 1686651, 0.48, 100, 100, 1, 28, 10000, 55
0, 48500, 118, 456, 455, 3072926, 2773249, 0.48, 100, 100, 1, 102, 10000, 55
0, 48500, 112, 443, 441, 2991961, 2768414, 0.48, 100, 100, 1, 96, 10000, 55
0, 48500, 97, 443, 429, 3074161, 2673980, 0.48, 100, 100, 1, 88, 10000, 55
0, 48500, 97, 436, 431, 3121199, 2975114, 0.48, 100, 100, 1, 97, 10000, 55
0, 48500, 105, 455, 450, 3043465, 2825893, 0.48, 100, 100, 1, 95, 10000, 55
1, 21738, 82, 161, 161, 1587207, 1588325, 0.48, 100, 100, 1, 39, 10000, 55
1, 36226, 92, 321, 325, 2147791, 2148240, 0.48, 100, 100, 1, 67, 10000, 55
1, 18554, 109, 164, 163, 1398166, 1402626, 0.48, 100, 100, 1, 27, 10000, 55
1, 19563, 118, 173, 174, 1489096, 1526684, 0.48, 100, 100, 1, 32, 10000, 55
0, 48500, 95, 448, 442, 3133341, 2939585, 0.48, 100, 100, 1, 95, 10000, 55
0, 48500, 121, 449, 440, 3165369, 2870814, 0.48, 100, 100, 1, 104, 10000, 55
0, 48500, 99, 449, 426, 3072679, 2791601, 0.48, 100, 100, 1, 97, 10000, 55
1, 22079, 109, 191, 194, 1665672, 1670653, 0.48, 100, 100, 1, 33, 10000, 55
0, 48500, 94, 438, 428, 3062110, 2886468, 0.48, 100, 100, 1, 95, 10000, 55
1, 38409, 115, 337, 351, 2466469, 2468897, 0.48, 100, 100, 1, 82, 10000, 55
0, 48500, 111, 447, 431, 3059983, 2839003, 0.48, 100, 100, 1, 100, 10000, 55
0, 48500, 98, 449, 442, 3046960, 2632327, 0.48, 100, 100, 1, 90, 10000, 55
1, 18024, 92, 147, 160, 1211486, 1307089, 0.48, 100, 100, 1, 27, 10000, 55
0, 48500, 94, 452, 451, 2842501, 2708637, 0.48, 100, 100, 1, 94, 10000, 55
1, 19004, 95, 150, 147, 1439259, 1446212, 0.48, 100, 100, 1, 26, 10000, 55
1, 18815, 99, 154, 155, 1370767, 1379364, 0.48, 100, 100, 1, 30, 10000, 55
1, 19346, 101, 156, 155, 1455157, 1458583, 0.48, 100, 100, 1, 28, 10000, 55
0, 48500, 114, 437, 440, 3086910, 2860699, 0.48, 100, 100, 1, 106, 10000, 55
1, 18701, 85, 140, 139, 1535379, 1535659, 0.48, 100, 100, 1, 27, 10000, 55
1, 47238, 104, 434, 441, 2833082, 2835490, 0.48, 100, 100, 1, 91, 10000, 55
0, 48500, 97, 443, 434, 2847423, 2715282, 0.48, 100, 100, 1, 93, 10000, 55
0, 48500, 101, 445, 443, 2940682, 2564333, 0.48, 100, 100, 1, 91, 10000, 55
1, 24056, 97, 208, 212, 1747622, 1747807, 0.48, 100, 100, 1, 40, 10000, 55
0, 48500, 97, 431, 421, 3123063, 2751258, 0.48, 100, 100, 1, 94, 10000, 55
1, 19604, 100, 155, 159, 1290077, 1356897, 0.48, 100, 100, 1, 28, 10000, 55
1, 20642, 99, 154, 151, 1602546, 1618310, 0.48, 100, 100, 1, 29, 10000, 55
1, 18692, 99, 154, 159, 1200908, 1255634, 0.48, 100, 100, 1, 26, 10000, 55
1, 19863, 97, 152, 156, 1723984, 1724902, 0.48, 100, 100, 1, 48, 10000, 55
0, 48500, 90, 435, 431, 2892898, 2539657, 0.48, 100, 100, 1, 92, 10000, 55
1, 26191, 109, 226, 241, 1819294, 1819740, 0.48, 100, 100, 1, 43, 10000, 55
0, 48500, 104, 446, 441, 3048801, 2791926, 0.48, 100, 100, 1, 90, 10000, 55
1, 20658, 107, 162, 170, 1518240, 1625996, 0.48, 100, 100, 1, 45, 10000, 55
1, 18971, 105, 160, 165, 1472943, 1479714, 0.48, 100, 100, 1, 28, 10000, 55
0, 48500, 111, 441, 436, 2920135, 2801691, 0.48, 100, 100, 1, 95, 10000, 55
1, 19859, 89, 144, 150, 1445507, 1517564, 0.48, 100, 100, 1, 39, 10000, 55
1, 43036, 109, 363, 385, 2873144, 2873993, 0.48, 100, 100, 1, 77, 10000, 55
0, 48500, 114, 455, 444, 3150734, 2831050, 0.48, 100, 100, 1, 93, 10000, 55
1, 18849, 111, 166, 165, 1643815, 1648942, 0.48, 100, 100, 1, 27, 10000, 55
0, 48500, 89, 421, 419, 2954693, 2917608, 0.48, 100, 100, 1, 96, 10000, 55
0, 48500, 101, 439, 428, 3151347, 2769212, 0.48, 100, 100, 1, 93, 10000, 55
1, 19349, 79, 134, 136, 1391293, 1391892, 0.48, 100, 100, 1, 27, 10000, 55
0, 48500, 115, 452, 448, 3117959, 2868227, 0.48, 100, 100, 1, 95, 10000, 55
0, 48500, 115, 466, 454, 3077834, 2819199, 0.48, 100, 100, 1, 93, 10000, 55
0, 48500, 99, 439, 424, 3161357, 2872579, 0.48, 100, 100, 1, 91, 10000, 55
0, 48500, 85, 430, 430, 2933274, 2767511, 0.48, 100, 100, 1, 91, 10000, 55
1, 19786, 94, 149, 156, 1593238, 1653703, 0.48, 100, 100, 1, 35, 10000, 55
0, 48500, 103, 453, 448, 2857912, 2756372, 0.48, 100, 100, 1, 100, 10000, 55
1, 33396, 93, 284, 292, 2065321, 2066529, 0.48, 100, 100, 1, 66, 10000, 55
1, 17966, 104, 159, 159, 1121350, 1122047, 0.48, 100, 100, 1, 26, 10000, 55
1, 30593, 97, 268, 279, 1916793, 1918606, 0.48, 100, 100, 1, 55, 10000, 55
0, 48500, 106, 434, 422, 3079752, 2843628, 0.48, 100, 100, 1, 94, 10000, 55
1, 20305, 97, 162, 163, 1580571, 1628399, 0.48, 100, 100, 1, 30, 10000, 65
0, 48500, 90, 444, 436, 2967489, 2761805, 0.48, 100, 100, 1, 95, 10000, 55
0, 48500, 108, 445, 452, 2918264, 2693844, 0.48, 100, 100, 1, 107, 10000, 55
1, 23105, 111, 207, 207, 1663438, 1664001, 0.48, 100, 100, 1, 39, 10000, 55
1, 19727, 117, 182, 195, 1216963, 1347372, 0.48, 100, 100, 1, 32, 10000, 65
0, 48500, 97, 456, 442, 3006660, 2774332, 0.48, 100, 100, 1, 91, 10000, 55
1, 20332, 84, 149, 150, 1438680, 1462458, 0.48, 100, 100, 1, 29, 10000, 65
1, 19187, 104, 169, 169, 1561692, 1588011, 0.48, 100, 100, 1, 27, 10000, 65
0, 48500, 113, 435, 434, 3241863, 2971172, 0.48, 100, 100, 1, 101, 10000, 55
0, 48500, 109, 427, 423, 3199400, 3061773, 0.48, 100, 100, 1, 99, 10000, 55
0, 48500, 103, 443, 450, 2972115, 2841096, 0.48, 100, 100, 1, 91, 10000, 55
0, 48500, 118, 454, 438, 2923736, 2741806, 0.48, 100, 100, 1, 105, 10000, 55
1, 38580, 98, 341, 351, 2509573, 2512884, 0.48, 100, 100, 1, 77, 10000, 55
0, 48500, 95, 436, 434, 3338487, 2977496, 0.48, 100, 100, 1, 91, 10000, 55
1, 21274, 116, 181, 191, 1469995, 1585143, 0.48, 100, 100, 1, 35, 10000, 65
0, 48500, 92, 428, 427, 2866157, 2755799, 0.48, 100, 100, 1, 95, 10000, 55
1, 23142, 111, 176, 195, 1610629, 1802992, 0.48, 100, 100, 1, 42, 10000, 65
1, 22147, 77, 149, 149, 1677089, 1682817, 0.48, 100, 100, 1, 39, 10000, 65
1, 21422, 82, 147, 146, 1557761, 1566922, 0.48, 100, 100, 1, 35, 10000, 65
0, 48500, 98, 442, 443, 2741248, 2526543, 0.48, 100, 100, 1, 93, 10000, 55
1, 19729, 110, 175, 178, 1462151, 1501220, 0.48, 100, 100, 1, 31, 10000, 65
0, 48500, 116, 468, 439, 2871104, 2491933, 0.48, 100, 100, 1, 92, 10000, 55
1, 21365, 97, 162, 170, 1675212, 1798206, 0.48, 100, 100, 1, 33, 10000, 65
1, 20388, 91, 156, 161, 1524720, 1545071, 0.48, 100, 100, 1, 30, 10000, 65
1, 20357, 92, 157, 161, 1576033, 1576169, 0.48, 100, 100, 1, 32, 10000, 65
0, 48500, 97, 439, 423, 3273726, 3069241, 0.48, 100, 100, 1, 91, 10000, 55
1, 21877, 102, 178, 174, 1724968, 1730031, 0.48, 100, 100, 1, 34, 10000, 65
1, 21583, 118, 183, 193, 1667494, 1782471, 0.48, 100, 100, 1, 32, 10000, 65
1, 20231, 106, 171, 173, 1318463, 1376203, 0.48, 100, 100, 1, 30, 10000, 65
0, 48500, 102, 457, 459, 2756854, 2559592, 0.48, 100, 100, 1, 91, 10000, 55
1, 18108, 107, 172, 168, 1196528, 1198286, 0.48, 100, 100, 1, 26, 10000, 65
1, 22122, 104, 169, 170, 1746977, 1762663, 0.48, 100, 100, 1, 34, 10000, 65
0, 48500, 84, 422, 400, 3115790, 2824128, 0.48, 100, 100, 1, 99, 10000, 55
1, 20874, 108, 173, 174, 1472789, 1486176, 0.48, 100, 100, 1, 32, 10000, 65
0, 48500, 106, 452, 435, 3146321, 2754598, 0.48, 100, 100, 1, 98, 10000, 55
1, 20026, 115, 180, 184, 1367048, 1462630, 0.48, 100, 100, 1, 35, 10000, 65
1, 19489, 101, 166, 172, 1548476, 1561578, 0.48, 100, 100, 1, 33, 10000, 65
1, 21222, 104, 169, 169, 1565906, 1600093, 0.48, 100, 100, 1, 34, 10000, 65
0, 55500, 101, 508, 498, 3383027, 3079607, 0.48, 100, 100, 1, 109, 10000, 65
0, 55500, 110, 520, 508, 3459407, 3309214, 0.48, 100, 100, 1, 106, 10000, 65
1, 21114, 91, 156, 153, 1538470, 1556574, 0.48, 100, 100, 1, 31, 10000, 65
1, 27720, 117, 232, 241, 1971272, 1973248, 0.48, 100, 100, 1, 51, 10000, 65
0, 55500, 72, 494, 477, 3368464, 2953933, 0.48, 100, 100, 1, 121, 10000, 65
0, 55500, 97, 497, 502, 3402901, 3260893, 0.48, 100, 100, 1, 111, 10000, 65
1, 19978, 94, 159, 159, 1403428, 1416083, 0.48, 100, 100, 1, 29, 10000, 65
0, 55500, 131, 518, 521, 3595582, 3360838, 0.48, 100, 100, 1, 111, 10000, 65
1, 21151, 94, 169, 174, 1586349, 1591939, 0.48, 100, 100, 1, 30, 10000, 65
1, 21402, 90, 155, 164, 1541216, 1584711, 0.48, 100, 100, 1, 31, 10000, 65
1, 19334, 103, 168, 168, 1304728, 1307874, 0.48, 100, 100, 1, 30, 10000, 65
1, 20716, 118, 183, 182, 1678402, 1685866, 0.48, 100, 100, 1, 43, 10000, 65
1, 41512, 98, 361, 375, 2714662, 2715613, 0.48, 100, 100, 1, 76, 10000, 65
0, 55500, 106, 516, 509, 3412173, 3029701, 0.48, 100, 100, 1, 108, 10000, 65
1, 22260, 105, 170, 179, 1647318, 1785517, 0.48, 100, 100, 1, 33, 10000, 65
0, 55500, 106, 516, 525, 3255840, 3116716, 0.48, 100, 100, 1, 105, 10000, 65
0, 55500, 77, 490, 490, 3299197, 3006007, 0.48, 100, 100, 1, 109, 10000, 65
0, 55500, 102, 511, 488, 3472503, 3161511, 0.48, 100, 100, 1, 104, 10000, 65
1, 21477, 115, 180, 192, 1472998, 1510662, 0.48, 100, 100, 1, 33, 10000, 65
1, 20224, 115, 180, 179, 1622499, 1669676, 0.48, 100, 100, 1, 31, 10000, 65
1, 18912, 107, 172, 174, 1379115, 1426848, 0.48, 100, 100, 1, 28, 10000, 65
1, 24088, 96, 216, 221, 1697975, 1700881, 0.48, 100, 100, 1, 45, 10000, 65
0, 55500, 117, 515, 516, 3254083, 3152980, 0.48, 100, 100, 1, 107, 10000, 65
0, 55500, 101, 519, 512, 3272090, 2883988, 0.48, 100, 100, 1, 116, 10000, 65
1, 21528, 102, 183, 193, 1531867, 1532203, 0.48, 100, 100, 1, 33, 10000, 65
0, 55500, 111, 496, 499, 3537266, 3180719, 0.48, 100, 100, 1, 112, 10000, 65
0, 55500, 109, 530, 521, 3361274, 2974050, 0.48, 100, 100, 1, 108, 10000, 65
0, 55500, 116, 529, 522, 3459563, 3213215, 0.48, 100, 100, 1, 104, 10000, 65
0, 55500, 94, 506, 508, 3387409, 3073816, 0.48, 100, 100, 1, 116, 10000, 65
1, 20661, 95, 160, 161, 1577013, 1602498, 0.48, 100, 100, 1, 32, 10000, 65
0, 55500, 118, 522, 514, 3332300, 3141079, 0.48, 100, 100, 1, 107, 10000, 65
1, 20031, 103, 168, 166, 1448590, 1463258, 0.48, 100, 100, 1, 33, 10000, 65
0, 55500, 108, 542, 530, 3423848, 3059262, 0.48, 100, 100, 1, 106, 10000, 65
1, 30104, 112, 260, 270, 2049584, 2051281, 0.48, 100, 100, 1, 52, 10000, 65
1, 20347, 115, 180, 202, 1407239, 1667238, 0.48, 100, 100, 1, 30, 10000, 65
1, 20925, 83, 148, 159, 1457556, 1582721, 0.48, 100, 100, 1, 31, 10000, 65
1, 24663, 109, 206, 208, 1820894, 1821579, 0.48, 100, 100, 1, 38, 10000, 65
0, 55500, 110, 535, 514, 3417577, 3058934, 0.48, 100, 100, 1, 106, 10000, 65
1, 20141, 103, 168, 172, 1328579, 1383689, 0.48, 100, 100, 1, 30, 10000, 65
1, 21222, 92, 164, 164, 1457774, 1458034, 0.48, 100, 100, 1, 33, 10000, 65
0, 55500, 130, 526, 525, 3644639, 3357785, 0.48, 100, 100, 1, 112, 10000, 65
0, 55500, 75, 491, 485, 3617935, 3317572, 0.48, 100, 100, 1, 104, 10000, 65
1, 22710, 116, 181, 183, 1981051, 2020734, 0.48, 100, 100, 1, 35, 10000, 65
1, 19738, 103, 168, 171, 1324816, 1373646, 0.48, 100, 100, 1, 30, 10000, 65
1, 19949, 108, 173, 170, 1357765, 1366331, 0.48, 100, 100, 1, 31, 10000, 65
1, 22486, 95, 164, 166, 1675094, 1677994, 0.48, 100, 100, 1, 36, 10000, 65
0, 55500, 99, 525, 500, 3561328, 3039539, 0.48, 100, 100, 1, 124, 10000, 65
1, 24650, 88, 203, 207, 1772418, 1774455, 0.48, 100, 100, 1, 40, 10000, 65
1, 20136, 99, 164, 165, 1423184, 1440598, 0.48, 100, 100, 1, 28, 10000, 65
1, 31923, 116, 287, 300, 2145855, 2146581, 0.48, 100, 100, 1, 53, 10000, 65
1, 21302, 110, 175, 179, 1522592, 1606039, 0.48, 100, 100, 1, 32, 10000, 65
0, 55500, 104, 520, 506, 3095348, 2885986, 0.48, 100, 100, 1, 110, 10000, 65
0, 55500, 94, 510, 490, 3486212, 3085531, 0.48, 100, 100, 1, 113, 10000, 65
1, 21761, 97, 162, 175, 1637418, 1784323, 0.48, 100, 100, 1, 32, 10000, 65
0, 55500, 109, 528, 524, 3383698, 3225396, 0.48, 100, 100, 1, 106, 10000, 65
0, 55500, 85, 499, 492, 3426292, 3122123, 0.48, 100, 100, 1, 107, 10000, 65
0, 55500, 103, 521, 505, 3491784, 3123503, 0.48, 100, 100, 1, 111, 10000, 65
1, 20978, 95, 160, 166, 1520301, 1585507, 0.48, 100, 100, 1, 32, 10000, 65
0, 55500, 95, 498, 482, 3349546, 2993051, 0.48, 100, 100, 1, 112, 10000, 65
1, 19229, 111, 176, 186, 1315440, 1385165, 0.48, 100, 100, 1, 28, 10000, 65
0, 55500, 110, 527, 498, 3479229, 2930243, 0.48, 100, 100, 1, 110, 10000, 65
1, 20588, 98, 173, 172, 1535760, 1561436, 0.48, 100, 100, 1, 30, 10000, 75
1, 21354, 106, 181, 176, 1496669, 1499619, 0.48, 100, 100, 1, 35, 10000, 75
0, 55500, 113, 514, 510, 3392072, 3228348, 0.48, 100, 100, 1, 111, 10000, 65
0, 55500, 75, 487, 457, 3618903, 3079273, 0.48, 100, 100, 1, 106, 10000, 65
0, 55500, 108, 518, 511, 3253203, 2811594, 0.48, 100, 100, 1, 110, 10000, 65
0, 55500, 78, 488, 478, 3569813, 3201226, 0.48, 100, 100, 1, 106, 10000, 65
0, 55500, 112, 518, 514, 3516959, 3298509, 0.48, 100, 100, 1, 107, 10000, 65
0, 55500, 101, 517, 512, 3313955, 3077424, 0.48, 100, 100, 1, 108, 10000, 65
0, 55500, 104, 540, 517, 3327306, 2944627, 0.48, 100, 100, 1, 112, 10000, 65
1, 21001, 95, 170, 169, 1448119, 1483133, 0.48, 100, 100, 1, 31, 10000, 75
1, 36073, 110, 310, 327, 2225142, 2226028, 0.48, 100, 100, 1, 71, 10000, 65
1, 32036, 110, 267, 282, 2120806, 2121527, 0.48, 100, 100, 1, 57, 10000, 75
0, 55500, 109, 507, 500, 3528953, 3189442, 0.48, 100, 100, 1, 109, 10000, 65
0, 55500, 94, 499, 492, 3307000, 3141329, 0.48, 100, 100, 1, 113, 10000, 65
0, 55500, 100, 505, 516, 3359095, 3188539, 0.48, 100, 100, 1, 113, 10000, 65
1, 20962, 113, 188, 196, 1302522, 1354518, 0.48, 100, 100, 1, 30, 10000, 75
0, 55500, 108, 516, 505, 3590055, 3419635, 0.48, 100, 100, 1, 108, 10000, 65
0, 55500, 113, 525, 521, 3407329, 3071132, 0.48, 100, 100, 1, 114, 10000, 65
0, 55500, 114, 524, 508, 3296477, 2940265, 0.48, 100, 100, 1, 108, 10000, 65
0, 55500, 112, 524, 522, 3229438, 2979490, 0.48, 100, 100, 1, 114, 10000, 65
0, 55500, 101, 523, 507, 3597926, 3222823, 0.48, 100, 100, 1, 114, 10000, 65
1, 21229, 84, 159, 166, 1563219, 1633284, 0.48, 100, 100, 1, 31, 10000, 75
1, 23085, 100, 175, 175, 1748187, 1770917, 0.48, 100, 100, 1, 38, 10000, 75
1, 22981, 112, 187, 190, 1531188, 1532775, 0.48, 100, 100, 1, 34, 10000, 75
1, 21342, 85, 160, 167, 1505810, 1607853, 0.48, 100, 100, 1, 32, 10000, 75
0, 55500, 119, 529, 507, 3353710, 3183771, 0.48, 100, 100, 1, 108, 10000, 65
1, 22496, 112, 187, 198, 1591841, 1673461, 0.48, 100, 100, 1, 33, 10000, 75
0, 55500, 101, 522, 510, 3306511, 2983463, 0.48, 100, 100, 1, 115, 10000, 65
1, 23771, 112, 197, 201, 1624456, 1627494, 0.48, 100, 100, 1, 45, 10000, 75
1, 21164, 89, 164, 166, 1440117, 1473386, 0.48, 100, 100, 1, 38, 10000, 75
1, 21718, 94, 170, 177, 1780531, 1785712, 0.48, 100, 100, 1, 31, 10000, 75
0, 62500, 94, 556, 532, 4012320, 3719856, 0.48, 100, 100, 1, 117, 10000, 75
1, 20206, 111, 186, 191, 1459740, 1476159, 0.48, 100, 100, 1, 30, 10000, 75
1, 20929, 107, 182, 183, 1315815, 1320696, 0.48, 100, 100, 1, 36, 10000, 75
1, 23025, 86, 179, 185, 1716710, 1719604, 0.48, 100, 100, 1, 43, 10000, 75
0, 62500, 93, 580, 562, 3861334, 3467144, 0.48, 100, 100, 1, 133, 10000, 75
0, 62500, 106, 600, 601, 3418732, 3329431, 0.48, 100, 100, 1, 121, 10000, 75
1, 21811, 108, 183, 189, 1455512, 1599133, 0.48, 100, 100, 1, 34, 10000, 75
0, 62500, 103, 594, 581, 3540114, 3253900, 0.48, 100, 100, 1, 139, 10000, 75
0, 62500, 99, 581, 583, 3582615, 3440950, 0.48, 100, 100, 1, 122, 10000, 75
0, 62500, 103, 596, 583, 3722306, 3384647, 0.48, 100, 100, 1, 125, 10000, 75
0, 62500, 89, 568, 559, 3818639, 3583195, 0.48, 100, 100, 1, 143, 10000, 75
1, 22010, 109, 184, 190, 1591653, 1660714, 0.48, 100, 100, 1, 43, 10000, 75
0, 62500, 110, 580, 573, 3793552, 3496526, 0.48, 100, 100, 1, 122, 10000, 75
1, 21161, 98, 173, 174, 1560348, 1602640, 0.48, 100, 100, 1, 34, 10000, 75
1, 22406, 98, 173, 171, 1743436, 1751010, 0.48, 100, 100, 1, 36, 10000, 75
1, 23055, 108, 183, 191, 1633443, 1710442, 0.48, 100, 100, 1, 35, 10000, 75
0, 62500, 89, 588, 565, 3943432, 3437319, 0.48, 100, 100, 1, 132, 10000, 75
1, 25547, 97, 212, 216, 1760096, 1761332, 0.48, 100, 100, 1, 41, 10000, 75
1, 21736, 105, 180, 180, 1438927, 1544896, 0.48, 100, 100, 1, 32, 10000, 75
0, 62500, 109, 572, 566, 3989112, 3595076, 0.48, 100, 100, 1, 131, 10000, 75
0, 62500, 104, 584, 580, 3905315, 3405900, 0.48, 100, 100, 1, 130, 10000, 75
1, 22965, 116, 191, 195, 1489406, 1604872, 0.48, 100, 100, 1, 34, 10000, 75
0, 62500, 106, 593, 588, 3771432, 3340908, 0.48, 100, 100, 1, 131, 10000, 75
0, 62500, 104, 581, 568, 3628664, 3467795, 0.48, 100, 100, 1, 122, 10000, 75
0, 62500, 85, 544, 531, 4224381, 3823486, 0.48, 100, 100, 1, 124, 10000, 75
1, 24082, 102, 191, 187, 1812105, 1815588, 0.48, 100, 100, 1, 43, 10000, 75
1, 42894, 115, 396, 411, 2564482, 2564828, 0.48, 100, 100, 1, 81, 10000, 75
0, 62500, 95, 578, 564, 3755998, 3525793, 0.48, 100, 100, 1, 134, 10000, 75
1, 21244, 86, 161, 163, 1450149, 1496135, 0.48, 100, 100, 1, 40, 10000, 75
0, 62500, 110, 588, 585, 3753618, 3509059, 0.48, 100, 100, 1, 127, 10000, 75
1, 20222, 96, 171, 170, 1497220, 1528989, 0.48, 100, 100, 1, 29, 10000, 75
1, 22602, 117, 192, 193, 1726841, 1760136, 0.48, 100, 100, 1, 37, 10000, 75
1, 22871, 87, 162, 176, 1759029, 1832518, 0.48, 100, 100, 1, 33, 10000, 75
0, 62500, 97, 577, 575, 4112991, 3717135, 0.48, 100, 100, 1, 128, 10000, 75
1, 25214, 107, 206, 221, 1751882, 1752737, 0.48, 100, 100, 1, 43, 10000, 75
1, 24276, 105, 180, 186, 1846261, 1876378, 0.48, 100, 100, 1, 38, 10000, 75
0, 62500, 101, 568, 566, 3934383, 3657215, 0.48, 100, 100, 1, 133, 10000, 75
0, 62500, 103, 593, 581, 3972307, 3557455, 0.48, 100, 100, 1, 139, 10000, 75
1, 23007, 95, 189, 188, 1777239, 1779399, 0.48, 100, 100, 1, 34, 10000, 75
0, 62500, 95, 568, 558, 3758849, 3522764, 0.48, 100, 100, 1, 138, 10000, 75
0, 62500, 105, 571, 563, 3922140, 3523910, 0.48, 100, 100, 1, 123, 10000, 75
1, 23471, 100, 175, 180, 1875380, 1957797, 0.48, 100, 100, 1, 36, 10000, 75
1, 25466, 89, 204, 210, 1614479, 1618365, 0.48, 100, 100, 1, 44, 10000, 75
0, 62500, 112, 589, 583, 3510464, 3229135, 0.48, 100, 100, 1, 121, 10000, 75
1, 22184, 115, 204, 207, 1506114, 1507419, 0.48, 100, 100, 1, 35, 10000, 75
1, 22087, 88, 163, 165, 1585692, 1627682, 0.48, 100, 100, 1, 33, 10000, 75
1, 22742, 100, 175, 182, 1764020, 1814613, 0.48, 100, 100, 1, 47, 10000, 75
1, 22858, 106, 196, 198, 1597519, 1598216, 0.48, 100, 100, 1, 37, 10000, 75
0, 62500, 92, 577, 545, 3830431, 3360742, 0.48, 100, 100, 1, 121, 10000, 75
0, 62500, 118, 608, 608, 3794429, 3439485, 0.48, 100, 100, 1, 131, 10000, 75
1, 20247, 101, 176, 177, 1707738, 1712372, 0.48, 100, 100, 1, 30, 10000, 75
0, 62500, 69, 523, 509, 4173187, 3764336, 0.48, 100, 100, 1, 145, 10000, 75
1, 55784, 108, 515, 524, 3453800, 3454455, 0.48, 100, 100, 1, 111, 10000, 75
0, 62500, 115, 598, 591, 3687899, 3514459, 0.48, 100, 100, 1, 122, 10000, 75
0, 62500, 120, 594, 591, 3768036, 3467839, 0.48, 100, 100, 1, 139, 10000, 75
1, 23123, 86, 161, 180, 1821862, 1955448, 0.48, 100, 100, 1, 39, 10000, 75
0, 62500, 89, 592, 571, 3743936, 3281955, 0.48, 100, 100, 1, 140, 10000, 75
1, 52990, 114, 506, 518, 3082572, 3082785, 0.48, 100, 100, 1, 108, 10000, 75
0, 62500, 104, 602, 577, 3915018, 3371202, 0.48, 100, 100, 1, 140, 10000, 75
1, 22645, 96, 171, 167, 1738408, 1746739, 0.48, 100, 100, 1, 70, 10000, 75
0, 62500, 105, 594, 585, 3698296, 3304842, 0.48, 100, 100, 1, 128, 10000, 75
0, 62500, 102, 588, 588, 3495390, 3339797, 0.48, 100, 100, 1, 146, 10000, 75
1, 23309, 65, 140, 151, 1752849, 1868478, 0.48, 100, 100, 1, 54, 10000, 75
0, 62500, 99, 596, 599, 3490795, 3345315, 0.48, 100, 100, 1, 123, 10000, 75
1, 47599, 103, 435, 440, 3025862, 3027080, 0.48, 100, 100, 1, 103, 10000, 75
0, 62500, 80, 550, 534, 3875194, 3491042, 0.48, 100, 100, 1, 130, 10000, 75
0, 62500, 106, 580, 586, 3825898, 3457663, 0.48, 100, 100, 1, 118, 10000, 75
1, 23052, 102, 200, 205, 1584611, 1585701, 0.48, 100, 100, 1, 37, 10000, 75
0, 62500, 122, 606, 590, 4040173, 3576459, 0.48, 100, 100, 1, 169, 10000, 75
1, 22456, 100, 182, 185, 1679090, 1681973, 0.48, 100, 100, 1, 37, 10000, 75
0, 62500, 96, 575, 571, 3927813, 3514716, 0.48, 100, 100, 1, 131, 10000, 75
1, 25115, 112, 229, 238, 1771526, 1780159, 0.48, 100, 100, 1, 40, 10000, 75
1, 22724, 122, 207, 202, 1678856, 1687459, 0.48, 100, 100, 1, 37, 10000, 85
0, 62500, 94, 577, 580, 3778760, 3674954, 0.48, 100, 100, 1, 193, 10000, 75
1, 21447, 102, 187, 182, 1450101, 1455869, 0.48, 100, 100, 1, 33, 10000, 85
1, 22909, 116, 201, 192, 1682297, 1692662, 0.48, 100, 100, 1, 41, 10000, 85
0, 62500, 99, 579, 568, 3920841, 3618038, 0.48, 100, 100, 1, 121, 10000, 75
0, 62500, 92, 582, 567, 3655748, 3407576, 0.48, 100, 100, 1, 153, 10000, 75
0, 62500, 99, 578, 581, 3712753, 3529153, 0.48, 100, 100, 1, 127, 10000, 75
1, 21155, 102, 187, 188, 1584160, 1634145, 0.48, 100, 100, 1, 32, 10000, 85
1, 21831, 94, 179, 185, 1414750, 1503312, 0.48, 100, 100, 1, 37, 10000, 85
1, 24091, 86, 171, 183, 1789414, 1889039, 0.48, 100, 100, 1, 46, 10000, 85
1, 24938, 108, 203, 214, 1788182, 1792187, 0.48, 100, 100, 1, 47, 10000, 85
0, 62500, 113, 582, 578, 3759102, 3517164, 0.48, 100, 100, 1, 125, 10000, 75
1, 25433, 105, 215, 219, 1733672, 1736791, 0.48, 100, 100, 1, 41, 10000, 85
0, 62500, 72, 553, 548, 3836275, 3558416, 0.48, 100, 100, 1, 139, 10000, 75
1, 24142, 103, 188, 190, 1868060, 1879371, 0.48, 100, 100, 1, 41, 10000, 85
0, 62500, 97, 591, 578, 3575406, 3336058, 0.48, 100, 100, 1, 142, 10000, 75
0, 62500, 104, 589, 569, 3787611, 3338977, 0.48, 100, 100, 1, 125, 10000, 75
1, 25218, 111, 220, 231, 1834619, 1836596, 0.48, 100, 100, 1, 61, 10000, 85
0, 62500, 99, 561, 560, 3954880, 3662798, 0.48, 100, 100, 1, 128, 10000, 75
1, 22468, 92, 177, 182, 1508004, 1511389, 0.48, 100, 100, 1, 43, 10000, 85
0, 62500, 110, 597, 593, 3712251, 3564864, 0.48, 100, 100, 1, 145, 10000, 75
0, 62500, 100, 592, 580, 3849528, 3447958, 0.48, 100, 100, 1, 150, 10000, 75
1, 25232, 107, 192, 211, 1876398, 2058725, 0.48, 100, 100, 1, 43, 10000, 85
1, 38967, 88, 340, 353, 2357791, 2358094, 0.48, 100, 100, 1, 73, 10000, 85
0, 62500, 105, 575, 558, 3793429, 3569015, 0.48, 100, 100, 1, 140, 10000, 75
0, 62500, 91, 568, 565, 3751192, 3511899, 0.48, 100, 100, 1, 199, 10000, 75
1, 21791, 103, 188, 185, 1504043, 1583232, 0.48, 100, 100, 1, 33, 10000, 85
1, 50208, 111, 442, 451, 3061740, 3065716, 0.48, 100, 100, 1, 102, 10000, 85
1, 21667, 104, 189, 192, 1535295, 1601003, 0.48, 100, 100, 1, 33, 10000, 85
1, 32645, 101, 274, 285, 2055239, 2055826, 0.48, 100, 100, 1, 62, 10000, 85
1, 56163, 113, 499, 511, 3418433, 3419413, 0.48, 100, 100, 1, 105, 10000, 75
1, 21970, 110, 195, 194, 1532893, 1600291, 0.48, 100, 100, 1, 39, 10000, 85
1, 55150, 89, 488, 494, 3309381, 3312728, 0.48, 100, 100, 1, 109, 10000, 85
1, 38332, 107, 343, 353, 2398644, 2401592, 0.48, 100, 100, 1, 76, 10000, 85
1, 46092, 92, 387, 405, 3035872, 3039660, 0.48, 100, 100, 1, 105, 10000, 85
1, 22770, 104, 189, 193, 1699115, 1728762, 0.48, 100, 100, 1, 36, 10000, 85
1, 20703, 112, 197, 195, 1412236, 1414343, 0.48, 100, 100, 1, 36, 10000, 85
0, 69500, 116, 675, 661, 4169889, 3755976, 0.48, 100, 100, 1, 136, 10000, 85
1, 22619, 96, 181, 188, 1759165, 1778595, 0.48, 100, 100, 1, 39, 10000, 85
0, 62500, 116, 575, 577, 3964516, 3798102, 0.48, 100, 100, 1, 153, 10000, 75
1, 23975, 78, 178, 185, 1771071, 1772185, 0.48, 100, 100, 1, 38, 10000, 85
1, 31065, 124, 287, 297, 2138867, 2141702, 0.48, 100, 100, 1, 54, 10000, 85
0, 69500, 99, 650, 652, 4056612, 3855389, 0.48, 100, 100, 1, 136, 10000, 85
0, 69500, 92, 638, 640, 4281467, 3962863, 0.48, 100, 100, 1, 152, 10000, 85
1, 21371, 89, 174, 175, 1447199, 1460687, 0.48, 100, 100, 1, 40, 10000, 85
0, 69500, 97, 651, 630, 4157364, 3553164, 0.48, 100, 100, 1, 137, 10000, 85
1, 21985, 104, 189, 184, 1499819, 1552508, 0.48, 100, 100, 1, 33, 10000, 85
1, 21491, 85, 170, 170, 1587797, 1610461, 0.48, 100, 100, 1, 32, 10000, 85
0, 69500, 89, 636, 625, 4265624, 3779782, 0.48, 100, 100, 1, 143, 10000, 85
1, 21063, 109, 194, 198, 1538302, 1552232, 0.48, 100, 100, 1, 37, 10000, 85
0, 69500, 113, 663, 665, 4200095, 3856046, 0.48, 100, 100, 1, 144, 10000, 85
1, 30291, 91, 241, 246, 2253146, 2256618, 0.48, 100, 100, 1, 55, 10000, 85
0, 69500, 93, 648, 640, 4211341, 3919067, 0.48, 100, 100, 1, 148, 10000, 85
0, 69500, 102, 657, 659, 4129444, 3857589, 0.48, 100, 100, 1, 138, 10000, 85
1, 25330, 79, 164, 166, 2166779, 2234913, 0.48, 100, 100, 1, 42, 10000, 85
0, 69500, 96, 663, 657, 3917076, 3429621, 0.48, 100, 100, 1, 185, 10000, 85
0, 69500, 114, 657, 642, 4294203, 3760535, 0.48, 100, 100, 1, 135, 10000, 85
0, 69500, 101, 657, 642, 4219447, 3874692, 0.48, 100, 100, 1, 176, 10000, 85
0, 69500, 90, 649, 638, 4387464, 3850530, 0.48, 100, 100, 1, 139, 10000, 85
0, 69500, 93, 639, 636, 4341288, 3938080, 0.48, 100, 100, 1, 141, 10000, 85
0, 69500, 93, 645, 641, 4000026, 3725438, 0.48, 100, 100, 1, 135, 10000, 85
1, 22200, 81, 166, 172, 1528696, 1579691, 0.48, 100, 100, 1, 34, 10000, 85
1, 21819, 94, 179, 181, 1480644, 1524636, 0.48, 100, 100, 1, 42, 10000, 85
1, 37093, 87, 317, 333, 2300784, 2303802, 0.48, 100, 100, 1, 66, 10000, 85
0, 69500, 93, 656, 653, 4247195, 3821440, 0.48, 100, 100, 1, 169, 10000, 85
0, 69500, 111, 645, 650, 3873383, 3754040, 0.48, 100, 100, 1, 136, 10000, 85
0, 69500, 107, 652, 649, 3902777, 3649431, 0.48, 100, 100, 1, 141, 10000, 85
1, 22577, 111, 196, 196, 1484421, 1551088, 0.48, 100, 100, 1, 54, 10000, 85
1, 23377, 114, 199, 212, 1619094, 1722728, 0.48, 100, 100, 1, 39, 10000, 85
0, 69500, 104, 649, 653, 3991058, 3845672, 0.48, 100, 100, 1, 183, 10000, 85
1, 22429, 103, 188, 196, 1604672, 1672115, 0.48, 100, 100, 1, 36, 10000, 85
1, 22553, 117, 202, 214, 1326118, 1438220, 0.48, 100, 100, 1, 44, 10000, 85
0, 69500, 96, 646, 633, 4330386, 3821419, 0.48, 100, 100, 1, 139, 10000, 85
1, 21408, 96, 181, 194, 1432237, 1479288, 0.48, 100, 100, 1, 35, 10000, 85
1, 32761, 106, 298, 305, 2048196, 2048222, 0.48, 100, 100, 1, 63, 10000, 85
0, 69500, 104, 666, 642, 4278226, 3781255, 0.48, 100, 100, 1, 145, 10000, 85
0, 69500, 108, 646, 650, 4125700, 3711696, 0.48, 100, 100, 1, 176, 10000, 85
1, 22919, 112, 197, 209, 1579009, 1604382, 0.48, 100, 100, 1, 35, 10000, 85
1, 23614, 104, 189, 188, 1788619, 1830323, 0.48, 100, 100, 1, 38, 10000, 85
1, 22480, 91, 176, 178, 1695641, 1701337, 0.48, 100, 100, 1, 35, 10000, 85
0, 69500, 98, 647, 628, 4273546, 3688650, 0.48, 100, 100, 1, 148, 10000, 85
0, 69500, 106, 664, 647, 4114418, 3772601, 0.48, 100, 100, 1, 143, 10000, 85
0, 69500, 106, 662, 644, 4183958, 3844053, 0.48, 100, 100, 1, 168, 10000, 85
1, 24915, 110, 210, 209, 1870684, 1875108, 0.48, 100, 100, 1, 41, 10000, 85
0, 69500, 113, 662, 651, 4128448, 3939930, 0.48, 100, 100, 1, 147, 10000, 85
1, 22336, 84, 169, 172, 1570102, 1638262, 0.48, 100, 100, 1, 49, 10000, 85
0, 69500, 93, 659, 654, 3977023, 3767453, 0.48, 100, 100, 1, 150, 10000, 85
1, 23703, 112, 197, 206, 1810431, 1918082, 0.48, 100, 100, 1, 39, 10000, 85
1, 24530, 100, 185, 196, 1934037, 2001790, 0.48, 100, 100, 1, 39, 10000, 85
1, 34052, 105, 296, 302, 2178154, 2178720, 0.48, 100, 100, 1, 62, 10000, 85
1, 22585, 107, 192, 193, 1378931, 1437474, 0.48, 100, 100, 1, 35, 10000, 85
1, 24164, 102, 188, 187, 1511646, 1514691, 0.48, 100, 100, 1, 45, 10000, 85
0, 69500, 104, 657, 646, 3978150, 3512675, 0.48, 100, 100, 1, 146, 10000, 85
0, 69500, 115, 647, 639, 4432510, 4102210, 0.48, 100, 100, 1, 134, 10000, 85
0, 69500, 86, 625, 619, 4121264, 3809881, 0.48, 100, 100, 1, 147, 10000, 85
1, 24115, 87, 182, 177, 1726669, 1734105, 0.48, 100, 100, 1, 45, 10000, 95
1, 23920, 84, 179, 185, 1521883, 1539686, 0.48, 100, 100, 1, 35, 10000, 95
1, 25721, 107, 202, 196, 1943310, 1974727, 0.48, 100, 100, 1, 40, 10000, 95
1, 54766, 101, 480, 491, 3700867, 3701541, 0.48, 100, 100, 1, 110, 10000, 85
1, 23383, 103, 188, 189, 1719975, 1735686, 0.48, 100, 100, 1, 52, 10000, 85
0, 69500, 110, 664, 654, 4167051, 3790745, 0.48, 100, 100, 1, 153, 10000, 85
1, 30090, 104, 256, 267, 2030054, 2034340, 0.48, 100, 100, 1, 58, 10000, 95
0, 69500, 106, 671, 663, 3911491, 3695914, 0.48, 100, 100, 1, 143, 10000, 85
0, 69500, 105, 655, 636, 4527846, 3990558, 0.48, 100, 100, 1, 150, 10000, 85
1, 52988, 94, 476, 484, 3029535, 3030022, 0.48, 100, 100, 1, 110, 10000, 85
0, 69500, 79, 647, 637, 4148155, 3787426, 0.48, 100, 100, 1, 149, 10000, 85
1, 24103, 123, 218, 221, 1703270, 1721199, 0.48, 100, 100, 1, 50, 10000, 95
0, 69500, 100, 657, 649, 4180934, 4043857, 0.48, 100, 100, 1, 153, 10000, 85
0, 69500, 114, 654, 665, 3862791, 3663462, 0.48, 100, 100, 1, 142, 10000, 85
0, 69500, 110, 665, 657, 4096085, 3804753, 0.48, 100, 100, 1, 157, 10000, 85
1, 24954, 111, 206, 208, 1796447, 1813808, 0.48, 100, 100, 1, 41, 10000, 95
1, 23887, 105, 200, 207, 1540030, 1688171, 0.48, 100, 100, 1, 43, 10000, 95
1, 23939, 100, 197, 187, 1788751, 1790275, 0.48, 100, 100, 1, 39, 10000, 95
0, 69500, 104, 663, 653, 3957690, 3594115, 0.48, 100, 100, 1, 142, 10000, 85
1, 25237, 95, 190, 198, 1809095, 1860718, 0.48, 100, 100, 1, 43, 10000, 95
0, 69500, 90, 644, 637, 4171177, 4010753, 0.48, 100, 100, 1, 147, 10000, 85
1, 24581, 103, 198, 198, 1874972, 1875393, 0.48, 100, 100, 1, 53, 10000, 95
1, 38337, 91, 322, 323, 2414068, 2417161, 0.48, 100, 100, 1, 77, 10000, 95
0, 69500, 105, 649, 657, 4219937, 4000697, 0.48, 100, 100, 1, 151, 10000, 85
0, 69500, 104, 650, 638, 4566521, 3974940, 0.48, 100, 100, 1, 152, 10000, 85
0, 69500, 96, 641, 635, 3991864, 3822399, 0.48, 100, 100, 1, 161, 10000, 85
0, 69500, 112, 665, 655, 3984636, 3698809, 0.48, 100, 100, 1, 160, 10000, 85
0, 69500, 101, 651, 644, 3967177, 3541716, 0.48, 100, 100, 1, 166, 10000, 85
0, 76500, 105, 724, 719, 4195379, 3981691, 0.48, 100, 100, 1, 150, 10000, 95
0, 69500, 111, 669, 656, 3878876, 3499153, 0.48, 100, 100, 1, 159, 10000, 85
0, 69500, 98, 653, 654, 4209402, 4138739, 0.48, 100, 100, 1, 170, 10000, 85
1, 29929, 103, 255, 267, 1816741, 1819024, 0.48, 100, 100, 1, 56, 10000, 95
1, 23929, 92, 187, 194, 1613920, 1754252, 0.48, 100, 100, 1, 37, 10000, 95
0, 69500, 109, 651, 641, 4136749, 3584259, 0.48, 100, 100, 1, 164, 10000, 85
1, 41769, 88, 356, 367, 2421171, 2421539, 0.48, 100, 100, 1, 104, 10000, 95
1, 24413, 107, 202, 213, 1743359, 1867664, 0.48, 100, 100, 1, 39, 10000, 95
0, 76500, 106, 720, 702, 4624355, 4353095, 0.48, 100, 100, 1, 155, 10000, 95
0, 76500, 102, 720, 713, 4758646, 4091418, 0.48, 100, 100, 1, 154, 10000, 95
1, 30657, 84, 251, 265, 1891067, 1891505, 0.48, 100, 100, 1, 53, 10000, 95
1, 24676, 121, 216, 216, 1667913, 1711622, 0.48, 100, 100, 1, 52, 10000, 95
0, 76500, 101, 725, 711, 4471741, 4033541, 0.48, 100, 100, 1, 151, 10000, 95
0, 76500, 111, 720, 712, 4426826, 4163101, 0.48, 100, 100, 1, 154, 10000, 95
1, 23003, 90, 185, 187, 1481662, 1628561, 0.48, 100, 100, 1, 42, 10000, 95
0, 76500, 91, 711, 701, 4653375, 4030510, 0.48, 100, 100, 1, 150, 10000, 95
1, 23307, 112, 207, 210, 1673781, 1707545, 0.48, 100, 100, 1, 44, 10000, 95
1, 23019, 97, 192, 201, 1580935, 1705518, 0.48, 100, 100, 1, 43, 10000, 95
0, 76500, 116, 748, 723, 4513815, 4052323, 0.48, 100, 100, 1, 193, 10000, 95
0, 76500, 98, 733, 730, 4502803, 4176254, 0.48, 100, 100, 1, 156, 10000, 95
1, 23752, 89, 184, 189, 1653386, 1663436, 0.48, 100, 100, 1, 49, 10000, 95
0, 76500, 89, 706, 692, 4918545, 4329683, 0.48, 100, 100, 1, 160, 10000, 95
1, 23012, 102, 197, 202, 1443628, 1472564, 0.48, 100, 100, 1, 40, 10000, 95
0, 76500, 102, 723, 723, 4333343, 3983867, 0.48, 100, 100, 1, 168, 10000, 95
0, 76500, 93, 719, 713, 4625390, 4199169, 0.48, 100, 100, 1, 169, 10000, 95
1, 26165, 97, 194, 199, 2189295, 2191153, 0.48, 100, 100, 1, 44, 10000, 95
0, 76500, 87, 700, 684, 4716751, 4429735, 0.48, 100, 100, 1, 169, 10000, 95
1, 25266, 112, 207, 214, 1577701, 1647920, 0.48, 100, 100, 1, 43, 10000, 95
0, 76500, 97, 724, 724, 4323419, 4017648, 0.48, 100, 100, 1, 159, 10000, 95
0, 76500, 108, 739, 726, 4414239, 3983113, 0.48, 100, 100, 1, 168, 10000, 95
1, 27994, 104, 242, 243, 1817502, 1818939, 0.48, 100, 100, 1, 51, 10000, 95
1, 22871, 88, 183, 181, 1521170, 1543315, 0.48, 100, 100, 1, 37, 10000, 95
0, 76500, 98, 714, 708, 4474564, 4196028, 0.48, 100, 100, 1, 157, 10000, 95
0, 76500, 88, 715, 702, 4555825, 4091092, 0.48, 100, 100, 1, 158, 10000, 95
0, 76500, 90, 699, 701, 4534304, 4315035, 0.48, 100, 100, 1, 175, 10000, 95
0, 76500, 91, 716, 703, 4298566, 3891998, 0.48, 100, 100, 1, 154, 10000, 95
0, 76500, 105, 727, 716, 4570367, 4329610, 0.48, 100, 100, 1, 170, 10000, 95
0, 76500, 100, 734, 744, 4214842, 3920080, 0.48, 100, 100, 1, 159, 10000, 95
0, 76500, 106, 724, 715, 5005089, 4395797, 0.48, 100, 100, 1, 152, 10000, 95
0, 76500, 104, 717, 722, 4383543, 3986151, 0.48, 100, 100, 1, 164, 10000, 95
0, 76500, 116, 710, 716, 4777967, 4383461, 0.48, 100, 100, 1, 156, 10000, 95
1, 23877, 117, 212, 215, 1516956, 1555256, 0.48, 100, 100, 1, 40, 10000, 95
1, 26903, 101, 196, 197, 1953936, 2012208, 0.48, 100, 100, 1, 48, 10000, 95
1, 28921, 104, 259, 272, 1909880, 1915698, 0.48, 100, 100, 1, 49, 10000, 95
0, 76500, 112, 732, 724, 4478979, 3993733, 0.48, 100, 100, 1, 158, 10000, 95
0, 76500, 109, 729, 718, 4370036, 4067248, 0.48, 100, 100, 1, 195, 10000, 95
0, 76500, 93, 716, 715, 4123985, 3965653, 0.48, 100, 100, 1, 158, 10000, 95
0, 76500, 98, 706, 698, 4872706, 4564963, 0.48, 100, 100, 1, 173, 10000, 95
0, 76500, 84, 700, 701, 4625411, 4520642, 0.48, 100, 100, 1, 188, 10000, 95
1, 23881, 107, 202, 206, 1734495, 1800021, 0.48, 100, 100, 1, 37, 10000, 95
0, 76500, 109, 725, 733, 4351319, 4085998, 0.48, 100, 100, 1, 159, 10000, 95
0, 76500, 98, 719, 715, 4385235, 4008152, 0.48, 100, 100, 1, 174, 10000, 95
1, 22955, 95, 190, 195, 1429261, 1519349, 0.48, 100, 100, 1, 36, 10000, 95
0, 76500, 77, 707, 680, 4549840, 4146599, 0.48, 100, 100, 1, 161, 10000, 95
1, 27945, 114, 247, 256, 1805533, 1810287, 0.48, 100, 100, 1, 47, 10000, 95
1, 23375, 104, 199, 193, 1731837, 1744924, 0.48, 100, 100, 1, 40, 10000, 95
1, 23849, 107, 202, 195, 1753185, 1757550, 0.48, 100, 100, 1, 39, 10000, 95
1, 29150, 97, 249, 264, 1898374, 1898711, 0.48, 100, 100, 1, 48, 10000, 95
0, 76500, 121, 739, 725, 4400736, 4136134, 0.48, 100, 100, 1, 159, 10000, 95
0, 76500, 102, 706, 693, 4611772, 4382560, 0.48, 100, 100, 1, 157, 10000, 95
1, 23699, 83, 178, 185, 1545410, 1616365, 0.48, 100, 100, 1, 48, 10000, 95
1, 23133, 106, 201, 195, 1494517, 1525405, 0.48, 100, 100, 1, 48, 10000, 95
1, 25236, 94, 189, 194, 1721974, 1875308, 0.48, 100, 100, 1, 44, 10000, 95
1, 24318, 90, 185, 183, 1816287, 1831499, 0.48, 100, 100, 1, 41, 10000, 95
1, 24698, 102, 197, 198, 2029298, 2080634, 0.48, 100, 100, 1, 43, 10000, 95
1, 23364, 86, 181, 183, 1774689, 1796028, 0.48, 100, 100, 1, 40, 10000, 95
0, 76500, 110, 743, 726, 4554799, 4058529, 0.48, 100, 100, 1, 155, 10000, 95
0, 76500, 103, 711, 698, 4621888, 4176476, 0.48, 100, 100, 1, 164, 10000, 95
1, 70125, 103, 642, 649, 4178112, 4182933, 0.48, 100, 100, 1, 139, 10000, 95
1, 22851, 106, 201, 199, 1501464, 1540515, 0.48, 100, 100, 1, 36, 10000, 95
1, 23373, 100, 195, 191, 1498742, 1540605, 0.48, 100, 100, 1, 38, 10000, 95
1, 23192, 104, 199, 206, 1619412, 1660297, 0.48, 100, 100, 1, 47, 10000, 95
0, 76500, 102, 725, 728, 4295360, 4050705, 0.48, 100, 100, 1, 162, 10000, 95
1, 54500, 116, 512, 527, 3250337, 3251783, 0.48, 100, 100, 1, 104, 10000, 95
1, 24160, 89, 196, 187, 1606637, 1609940, 0.48, 100, 100, 1, 38, 10000, 105
0, 76500, 104, 739, 725, 4367339, 4062204, 0.48, 100, 100, 1, 158, 10000, 95
0, 76500, 85, 698, 692, 4610710, 3980409, 0.48, 100, 100, 1, 171, 10000, 95
1, 23123, 100, 205, 206, 1427695, 1456243, 0.48, 100, 100, 1, 41, 10000, 105
0, 76500, 109, 730, 717, 4486399, 4179012, 0.48, 100, 100, 1, 177, 10000, 95
1, 33944, 115, 305, 317, 1970319, 1974251, 0.48, 100, 100, 1, 65, 10000, 95
0, 76500, 84, 707, 694, 4377688, 3844078, 0.48, 100, 100, 1, 171, 10000, 95
0, 76500, 114, 741, 735, 4697070, 4037012, 0.48, 100, 100, 1, 164, 10000, 95
1, 23911, 96, 201, 193, 1494590, 1609239, 0.48, 100, 100, 1, 40, 10000, 105
1, 25686, 108, 213, 209, 1927262, 1954640, 0.48, 100, 100, 1, 44, 10000, 105
1, 26595, 98, 215, 210, 1948521, 1950000, 0.48, 100, 100, 1, 48, 10000, 105
1, 36711, 96, 316, 325, 2477898, 2478006, 0.48, 100, 100, 1, 70, 10000, 105
1, 24927, 123, 228, 223, 1541111, 1583881, 0.48, 100, 100, 1, 42, 10000, 105
0, 76500, 92, 723, 711, 4358186, 4044238, 0.48, 100, 100, 1, 169, 10000, 95
0, 76500, 115, 715, 708, 4536489, 4479205, 0.48, 100, 100, 1, 160, 10000, 95
0, 76500, 60, 675, 649, 4490823, 4214833, 0.48, 100, 100, 1, 169, 10000, 95
0, 76500, 96, 720, 700, 4827630, 4197292, 0.48, 100, 100, 1, 172, 10000, 95
0, 76500, 120, 738, 725, 4276899, 4022652, 0.48, 100, 100, 1, 182, 10000, 95
1, 25015, 103, 217, 210, 1759045, 1761098, 0.48, 100, 100, 1, 75, 10000, 105
0, 76500, 95, 713, 707, 4274520, 4056451, 0.48, 100, 100, 1, 167, 10000, 95
0, 76500, 125, 741, 744, 4055545, 3982968, 0.48, 100, 100, 1, 195, 10000, 95
1, 25367, 90, 195, 204, 1627674, 1738485, 0.48, 100, 100, 1, 61, 10000, 105
1, 25121, 122, 227, 236, 1596305, 1619285, 0.48, 100, 100, 1, 45, 10000, 105
1, 36306, 114, 314, 328, 2259377, 2262234, 0.48, 100, 100, 1, 83, 10000, 105
0, 76500, 108, 729, 717, 4385278, 4130971, 0.48, 100, 100, 1, 159, 10000, 95
0, 76500, 95, 710, 712, 4236420, 4143668, 0.48, 100, 100, 1, 168, 10000, 95
1, 24781, 117, 232, 217, 1780991, 1785517, 0.48, 100, 100, 1, 62, 10000, 105
1, 26109, 105, 210, 225, 1737633, 1831006, 0.48, 100, 100, 1, 42, 10000, 105
0, 76500, 101, 735, 716, 4502885, 3949727, 0.48, 100, 100, 1, 176, 10000, 95
0, 76500, 114, 741, 743, 4255200, 3917532, 0.48, 100, 100, 1, 167, 10000, 95
1, 26093, 124, 229, 224, 1937041, 1937249, 0.48, 100, 100, 1, 63, 10000, 105
1, 25732, 133, 247, 245, 1748600, 1753637, 0.48, 100, 100, 1, 46, 10000, 105
1, 27903, 99, 204, 220, 2097536, 2241055, 0.48, 100, 100, 1, 61, 10000, 105
0, 83500, 119, 805, 794, 4740413, 4469950, 0.48, 100, 100, 1, 181, 10000, 105
0, 76500, 108, 717, 716, 4576993, 4195411, 0.48, 100, 100, 1, 193, 10000, 95
1, 24503, 96, 215, 214, 1477430, 1481125, 0.48, 100, 100, 1, 54, 10000, 105
0, 83500, 95, 769, 775, 4799507, 4597437, 0.48, 100, 100, 1, 191, 10000, 105
0, 83500, 110, 807, 797, 4831391, 4390564, 0.48, 100, 100, 1, 191, 10000, 105
1, 24584, 101, 206, 215, 1861227, 1907969, 0.48, 100, 100, 1, 60, 10000, 105
0, 83500, 117, 794, 801, 4840211, 4148450, 0.48, 100, 100, 1, 177, 10000, 105
1, 24384, 84, 189, 186, 1685396, 1707713, 0.48, 100, 100, 1, 55, 10000, 105
1, 55419, 101, 501, 508, 3377682, 3381221, 0.48, 100, 100, 1, 115, 10000, 105
1, 32373, 106, 300, 305, 2109617, 2112790, 0.48, 100, 100, 1, 57, 10000, 105
0, 83500, 109, 801, 794, 4819176, 4389099, 0.48, 100, 100, 1, 190, 10000, 105
1, 28174, 109, 239, 241, 2000891, 2004902, 0.48, 100, 100, 1, 57, 10000, 105
0, 83500, 103, 804, 795, 4708338, 4375136, 0.48, 100, 100, 1, 208, 10000, 105
0, 83500, 112, 803, 795, 4581657, 4464340, 0.48, 100, 100, 1, 181, 10000, 105
0, 83500, 103, 789, 779, 4881168, 4240666, 0.48, 100, 100, 1, 186, 10000, 105
0, 83500, 102, 799, 794, 4604629, 4282911, 0.48, 100, 100, 1, 192, 10000, 105
1, 28352, 108, 237, 249, 2108565, 2111108, 0.48, 100, 100, 1, 61, 10000, 105
1, 25402, 86, 191, 194, 1716965, 1759841, 0.48, 100, 100, 1, 46, 10000, 105
0, 83500, 105, 813, 793, 4659651, 4175797, 0.48, 100, 100, 1, 207, 10000, 105
1, 29882, 102, 255, 263, 2200440, 2204692, 0.48, 100, 100, 1, 57, 10000, 105
1, 25655, 112, 217, 224, 1651307, 1657361, 0.48, 100, 100, 1, 40, 10000, 105
1, 25113, 114, 219, 222, 1734960, 1762612, 0.48, 100, 100, 1, 39, 10000, 105
0, 83500, 109, 816, 806, 4870522, 4453653, 0.48, 100, 100, 1, 206, 10000, 105
1, 26128, 117, 222, 221, 1828763, 1893493, 0.48, 100, 100, 1, 53, 10000, 105
0, 83500, 114, 810, 799, 4661942, 4421759, 0.48, 100, 100, 1, 188, 10000, 105
0, 83500, 96, 794, 790, 4896764, 4390048, 0.48, 100, 100, 1, 200, 10000, 105
1, 27741, 112, 229, 239, 2048959, 2050798, 0.48, 100, 100, 1, 50, 10000, 105
0, 83500, 108, 795, 796, 5029826, 4325283, 0.48, 100, 100, 1, 200, 10000, 105
0, 83500, 91, 771, 765, 4843307, 4569059, 0.48, 100, 100, 1, 209, 10000, 105
1, 24532, 99, 207, 210, 1658088, 1659350, 0.48, 100, 100, 1, 42, 10000, 105
0, 83500, 108, 791, 791, 4785121, 4521152, 0.48, 100, 100, 1, 189, 10000, 105
1, 25101, 91, 196, 214, 1655978, 1814456, 0.48, 100, 100, 1, 55, 10000, 105
1, 25223, 111, 229, 225, 1736467, 1738291, 0.48, 100, 100, 1, 54, 10000, 105
1, 23623, 114, 219, 218, 1439238, 1443634, 0.48, 100, 100, 1, 45, 10000, 105
1, 27252, 101, 206, 212, 1745544, 1746419, 0.48, 100, 100, 1, 48, 10000, 105
0, 83500, 96, 799, 775, 4858914, 4493426, 0.48, 100, 100, 1, 195, 10000, 105
1, 26434, 94, 199, 212, 1702898, 1895768, 0.48, 100, 100, 1, 45, 10000, 105
1, 25742, 105, 210, 215, 1788324, 1826268, 0.48, 100, 100, 1, 45, 10000, 105
0, 83500, 88, 785, 780, 5026007, 4618672, 0.48, 100, 100, 1, 173, 10000, 105
1, 26141, 121, 233, 231, 1720970, 1721294, 0.48, 100, 100, 1, 52, 10000, 105
1, 24265, 87, 192, 191, 1801768, 1817041, 0.48, 100, 100, 1, 40, 10000, 105
1, 46378, 95, 416, 432, 2753685, 2756319, 0.48, 100, 100, 1, 103, 10000, 105
0, 83500, 92, 787, 762, 5234927, 4848837, 0.48, 100, 100, 1, 187, 10000, 105
0, 83500, 84, 776, 776, 4808100, 4423745, 0.48, 100, 100, 1, 215, 10000, 105
1, 25574, 98, 203, 215, 1969231, 2015670, 0.48, 100, 100, 1, 48, 10000, 105
0, 83500, 124, 823, 813, 5015743, 4445909, 0.48, 100, 100, 1, 169, 10000, 105
0, 83500, 63, 753, 737, 4907458, 4428956, 0.48, 100, 100, 1, 204, 10000, 105
0, 83500, 100, 801, 804, 4601677, 4341776, 0.48, 100, 100, 1, 190, 10000, 105
1, 46557, 104, 416, 432, 2742562, 2747334, 0.48, 100, 100, 1, 96, 10000, 105
1, 25637, 89, 203, 198, 1754788, 1756435, 0.48, 100, 100, 1, 50, 10000, 105
0, 83500, 105, 776, 778, 4992114, 4745779, 0.48, 100, 100, 1, 207, 10000, 105
1, 31646, 96, 267, 274, 2015113, 2016827, 0.48, 100, 100, 1, 71, 10000, 105
0, 83500, 92, 809, 786, 4814449, 4001685, 0.48, 100, 100, 1, 188, 10000, 105
0, 83500, 113, 806, 804, 4826120, 4550884, 0.48, 100, 100, 1, 211, 10000, 105
1, 23794, 111, 216, 227, 1458760, 1532114, 0.48, 100, 100, 1, 39, 10000, 105
1, 26681, 105, 210, 226, 1807340, 1899875, 0.48, 100, 100, 1, 50, 10000, 105
1, 24861, 142, 247, 234, 1798075, 1820313, 0.48, 100, 100, 1, 43, 10000, 105
1, 24623, 110, 215, 221, 1645297, 1655628, 0.48, 100, 100, 1, 55, 10000, 105
0, 83500, 101, 796, 787, 4489310, 4232607, 0.48, 100, 100, 1, 174, 10000, 105
0, 83500, 112, 790, 782, 4950167, 4442465, 0.48, 100, 100, 1, 179, 10000, 105
1, 24363, 90, 195, 198, 1636373, 1689686, 0.48, 100, 100, 1, 45, 10000, 105
0, 83500, 88, 792, 772, 4846952, 4242177, 0.48, 100, 100, 1, 166, 10000, 105
0, 83500, 91, 787, 787, 4777199, 4688887, 0.48, 100, 100, 1, 207, 10000, 105
0, 83500, 111, 794, 792, 4782581, 4498879, 0.48, 100, 100, 1, 175, 10000, 105
0, 83500, 104, 801, 785, 5027491, 4511844, 0.48, 100, 100, 1, 182, 10000, 105
1, 57241, 108, 527, 546, 3226924, 3226941, 0.48, 100, 100, 1, 113, 10000, 105
1, 66680, 105, 625, 637, 3794188, 3794697, 0.48, 100, 100, 1, 132, 10000, 105
1, 42774, 116, 376, 385, 2848586, 2853052, 0.48, 100, 100, 1, 86, 10000, 105
0, 83500, 112, 793, 786, 4822248, 4488052, 0.48, 100, 100, 1, 194, 10000, 105
0, 83500, 100, 787, 805, 4727690, 4486249, 0.48, 100, 100, 1, 189, 10000, 105
0, 83500, 111, 792, 770, 5091979, 4794054, 0.48, 100, 100, 1, 208, 10000, 105
0, 83500, 113, 803, 789, 4624242, 4373242, 0.48, 100, 100, 1, 174, 10000, 105
0, 83500, 105, 798, 793, 4531806, 4278972, 0.48, 100, 100, 1, 177, 10000, 105
0, 83500, 106, 800, 797, 5041729, 4460845, 0.48, 100, 100, 1, 207, 10000, 105
0, 83500, 98, 774, 770, 5381673, 4811621, 0.48, 100, 100, 1, 166, 10000, 105
1, 68810, 121, 649, 657, 4123469, 4125502, 0.48, 100, 100, 1, 139, 10000, 105
1, 35772, 103, 314, 319, 2311999, 2316413, 0.48, 100, 100, 1, 64, 10000, 150
0, 83500, 104, 788, 784, 4882492, 4511560, 0.48, 100, 100, 1, 188, 10000, 105
1, 30923, 103, 253, 254, 2097040, 2145643, 0.48, 100, 100, 1, 57, 10000, 150
0, 83500, 96, 771, 772, 4675886, 4562891, 0.48, 100, 100, 1, 175, 10000, 105
1, 29630, 109, 259, 272, 2023789, 2106117, 0.48, 100, 100, 1, 52, 10000, 150
0, 83500, 95, 777, 770, 4712620, 4372165, 0.48, 100, 100, 1, 170, 10000, 105
1, 30104, 100, 250, 256, 2014641, 2088755, 0.48, 100, 100, 1, 51, 10000, 150
1, 41437, 90, 357, 371, 2631319, 2633931, 0.48, 100, 100, 1, 76, 10000, 150
0, 83500, 104, 794, 793, 4524433, 4399469, 0.48, 100, 100, 1, 166, 10000, 105
0, 83500, 98, 785, 777, 4859224, 4368048, 0.48, 100, 100, 1, 183, 10000, 105
1, 33435, 88, 273, 278, 2498803, 2499817, 0.48, 100, 100, 1, 57, 10000, 150
1, 29724, 97, 247, 239, 2173016, 2183954, 0.48, 100, 100, 1, 49, 10000, 150
0, 83500, 87, 765, 752, 4939846, 4575090, 0.48, 100, 100, 1, 207, 10000, 105
0, 83500, 98, 792, 790, 4993048, 4442048, 0.48, 100, 100, 1, 200, 10000, 105
1, 27639, 95, 245, 238, 1668785, 1710463, 0.48, 100, 100, 1, 47, 10000, 150
1, 29384, 79, 229, 226, 2199083, 2199575, 0.48, 100, 100, 1, 54, 10000, 150
1, 30975, 114, 264, 273, 1986745, 2075254, 0.48, 100, 100, 1, 52, 10000, 150
0, 83500, 115, 813, 798, 5066390, 4449704, 0.48, 100, 100, 1, 183, 10000, 105
1, 29843, 108, 258, 259, 2114764, 2139908, 0.48, 100, 100, 1, 49, 10000, 150
0, 83500, 72, 776, 766, 5041156, 4639196, 0.48, 100, 100, 1, 201, 10000, 105
1, 87234, 115, 838, 847, 4808386, 4809263, 0.48, 100, 100, 1, 191, 10000, 150
1, 28984, 108, 258, 251, 1836219, 1842943, 0.48, 100, 100, 1, 55, 10000, 150
1, 28053, 99, 250, 245, 1800292, 1801772, 0.48, 100, 100, 1, 46, 10000, 150
1, 30751, 106, 256, 245, 2165369, 2191767, 0.48, 100, 100, 1, 55, 10000, 150
0, 115000, 117, 1099, 1098, 6641463, 6137280, 0.48, 100, 100, 1, 258, 10000, 150
0, 115000, 96, 1106, 1091, 6472119, 5905912, 0.48, 100, 100, 1, 253, 10000, 150
0, 115000, 103, 1104, 1102, 6844533, 6244200, 0.48, 100, 100, 1, 262, 10000, 150
0, 115000, 95, 1083, 1098, 6472995, 5941648, 0.48, 100, 100, 1, 252, 10000, 150
0, 115000, 91, 1085, 1080, 6750027, 6023656, 0.48, 100, 100, 1, 240, 10000, 150
0, 115000, 122, 1118, 1109, 6573529, 6147650, 0.48, 100, 100, 1, 245, 10000, 150
0, 115000, 105, 1097, 1094, 6628700, 6433417, 0.48, 100, 100, 1, 251, 10000, 150
1, 82512, 97, 778, 785, 4529456, 4529514, 0.48, 100, 100, 1, 166, 10000, 150
0, 115000, 111, 1106, 1092, 6680482, 6040428, 0.48, 100, 100, 1, 258, 10000, 150
0, 115000, 116, 1122, 1121, 6568800, 5821619, 0.48, 100, 100, 1, 290, 10000, 150
0, 115000, 118, 1121, 1117, 6306436, 5867986, 0.48, 100, 100, 1, 262, 10000, 150
0, 115000, 97, 1106, 1088, 6576054, 6004866, 0.48, 100, 100, 1, 244, 10000, 150
0, 115000, 108, 1105, 1101, 6586283, 5836305, 0.48, 100, 100, 1, 264, 10000, 150
0, 115000, 87, 1083, 1077, 6511708, 6111122, 0.48, 100, 100, 1, 255, 10000, 150
0, 115000, 89, 1085, 1065, 6557615, 6042519, 0.48, 100, 100, 1, 258, 10000, 150
1, 29731, 110, 260, 266, 1857440, 1930272, 0.48, 100, 100, 1, 52, 10000, 150
0, 115000, 103, 1106, 1105, 6527559, 6176490, 0.48, 100, 100, 1, 293, 10000, 150
0, 115000, 113, 1119, 1109, 6784651, 5677143, 0.48, 100, 100, 1, 246, 10000, 150
0, 115000, 92, 1089, 1088, 6437160, 5843918, 0.48, 100, 100, 1, 278, 10000, 150
1, 41849, 112, 381, 393, 2543606, 2544167, 0.48, 100, 100, 1, 90, 10000, 150
1, 31093, 110, 269, 275, 2091436, 2092263, 0.48, 100, 100, 1, 69, 10000, 150
0, 115000, 101, 1088, 1078, 6810518, 6215515, 0.48, 100, 100, 1, 243, 10000, 150
0, 115000, 101, 1101, 1092, 6896464, 6272582, 0.48, 100, 100, 1, 251, 10000, 150
1, 45375, 101, 404, 412, 2873451, 2875087, 0.48, 100, 100, 1, 86, 10000, 150
1, 29711, 99, 249, 252, 2079992, 2099131, 0.48, 100, 100, 1, 76, 10000, 150
0, 115000, 102, 1121, 1096, 6248927, 5855402, 0.48, 100, 100, 1, 278, 10000, 150
0, 115000, 106, 1103, 1110, 6476514, 6169964, 0.48, 100, 100, 1, 288, 10000, 150
1, 28746, 91, 241, 235, 1752068, 1752993, 0.48, 100, 100, 1, 50, 10000, 150
0, 115000, 92, 1103, 1104, 6511594, 6109004, 0.48, 100, 100, 1, 289, 10000, 150
0, 115000, 101, 1117, 1095, 6714996, 6161841, 0.48, 100, 100, 1, 284, 10000, 150
0, 115000, 91, 1099, 1077, 6624477, 5869044, 0.48, 100, 100, 1, 258, 10000, 150
0, 115000, 101, 1101, 1090, 6527851, 5807957, 0.48, 100, 100, 1, 246, 10000, 150
1, 38529, 111, 351, 357, 2219770, 2223263, 0.48, 100, 100, 1, 89, 10000, 150
1, 30415, 131, 281, 295, 1945943, 2048034, 0.48, 100, 100, 1, 52, 10000, 150
1, 31107, 109, 259, 259, 2082026, 2164960, 0.48, 100, 100, 1, 58, 10000, 150
1, 30061, 119, 278, 284, 1921235, 1924472, 0.48, 100, 100, 1, 51, 10000, 150
1, 28608, 116, 266, 266, 1691583, 1784196, 0.48, 100, 100, 1, 50, 10000, 150
0, 115000, 95, 1106, 1091, 6828916, 6138908, 0.48, 100, 100, 1, 243, 10000, 150
0, 115000, 100, 1104, 1100, 6458103, 5794227, 0.48, 100, 100, 1, 250, 10000, 150
1, 29174, 99, 249, 247, 1958724, 2002860, 0.48, 100, 100, 1, 50, 10000, 150
1, 31430, 105, 274, 276, 2218672, 2223281, 0.48, 100, 100, 1, 69, 10000, 150
1, 29868, 88, 238, 236, 2113697, 2136549, 0.48, 100, 100, 1, 52, 10000, 150
1, 29224, 113, 263, 260, 1829085, 1871625, 0.48, 100, 100, 1, 92, 10000, 150
1, 30392, 100, 250, 259, 1955907, 2062740, 0.48, 100, 100, 1, 97, 10000, 150
1, 31423, 121, 271, 274, 2140129, 2181910, 0.48, 100, 100, 1, 70, 10000, 150
0, 115000, 115, 1122, 1111, 6636398, 5756285, 0.48, 100, 100, 1, 251, 10000, 150
0, 115000, 83, 1083, 1076, 6304772, 5839982, 0.48, 100, 100, 1, 268, 10000, 150
1, 32854, 95, 272, 285, 2132993, 2137028, 0.48, 100, 100, 1, 78, 10000, 150
1, 30073, 87, 237, 252, 2039552, 2186515, 0.48, 100, 100, 1, 79, 10000, 150
1, 29287, 104, 254, 255, 1861819, 1968883, 0.48, 100, 100, 1, 58, 10000, 150
0, 115000, 102, 1112, 1100, 6453411, 5844581, 0.48, 100, 100, 1, 276, 10000, 150
0, 115000, 95, 1091, 1087, 6884902, 6242099, 0.48, 100, 100, 1, 265, 10000, 150
1, 29987, 100, 250, 264, 1882256, 1945836, 0.48, 100, 100, 1, 95, 10000, 150
0, 115000, 109, 1106, 1095, 6490883, 6034172, 0.48, 100, 100, 1, 235, 10000, 150
0, 115000, 97, 1099, 1102, 6508571, 5939551, 0.48, 100, 100, 1, 256, 10000, 150
1, 29126, 101, 251, 249, 1926138, 1946528, 0.48, 100, 100, 1, 64, 10000, 150
1, 31389, 90, 240, 236, 2414840, 2508289, 0.48, 100, 100, 1, 53, 10000, 150
0, 115000, 112, 1113, 1101, 6335806, 5778296, 0.48, 100, 100, 1, 236, 10000, 150
0, 115000, 95, 1080, 1082, 6660647, 6106075, 0.48, 100, 100, 1, 263, 10000, 150
0, 115000, 113, 1104, 1107, 6695971, 6029273, 0.48, 100, 100, 1, 256, 10000, 150
0, 115000, 117, 1113, 1104, 6604094, 6143133, 0.48, 100, 100, 1, 238, 10000, 150
0, 115000, 107, 1118, 1088, 6450961, 5988154, 0.48, 100, 100, 1, 249, 10000, 150
0, 115000, 114, 1111, 1120, 6489143, 6135965, 0.48, 100, 100, 1, 255, 10000, 150
1, 69011, 111, 633, 650, 4026887, 4030000, 0.48, 100, 100, 1, 160, 10000, 150
1, 40965, 90, 349, 360, 2735123, 2737059, 0.48, 100, 100, 1, 74, 10000, 150
0, 115000, 95, 1122, 1095, 6207332, 5871314, 0.48, 100, 100, 1, 239, 10000, 150
0, 115000, 110, 1117, 1107, 6767362, 6078182, 0.48, 100, 100, 1, 293, 10000, 150
0, 115000, 96, 1086, 1083, 6647817, 6229175, 0.48, 100, 100, 1, 238, 10000, 150
0, 115000, 84, 1100, 1082, 6543633, 5861644, 0.48, 100, 100, 1, 261, 10000, 150
0, 115000, 101, 1110, 1097, 6559547, 5775920, 0.48, 100, 100, 1, 226, 10000, 150
0, 115000, 119, 1116, 1113, 6661447, 6066292, 0.48, 100, 100, 1, 255, 10000, 150
0, 115000, 109, 1111, 1085, 6958328, 6253707, 0.48, 100, 100, 1, 305, 10000, 150
0, 115000, 113, 1121, 1105, 6277321, 5906399, 0.48, 100, 100, 1, 234, 10000, 150
1, 74127, 104, 716, 724, 3988585, 3988955, 0.48, 100, 100, 1, 129, 10000, 150
0, 115000, 115, 1116, 1106, 6905129, 6228131, 0.48, 100, 100, 1, 230, 10000, 150
0, 115000, 101, 1100, 1102, 6113043, 5883409, 0.48, 100, 100, 1, 217, 10000, 150
0, 115000, 98, 1083, 1095, 6151070, 5963646, 0.48, 100, 100, 1, 223, 10000, 150
0, 115000, 101, 1099, 1080, 6699760, 5947256, 0.48, 100, 100, 1, 239, 10000, 150
0, 115000, 115, 1095, 1085, 6612453, 5692894, 0.48, 100, 100, 1, 222, 10000, 150
0, 115000, 97, 1109, 1109, 6357887, 6034961, 0.48, 100, 100, 1, 238, 10000, 150
0, 115000, 105, 1122, 1097, 6302844, 6075554, 0.48, 100, 100, 1, 212, 10000, 150
0, 115000, 115, 1127, 1112, 6527792, 6104073, 0.48, 100, 100, 1, 215, 10000, 150
0, 115000, 111, 1099, 1096, 6547572, 6155878, 0.48, 100, 100, 1, 192, 10000, 150
0, 115000, 94, 1096, 1086, 6431033, 5752160, 0.48, 100, 100, 1, 190, 10000, 150
0, 115000, 111, 1113, 1106, 6254457, 5829887, 0.48, 100, 100, 1, 194, 10000, 150
