win,ticks_elapsed,atk_start_h,pub_h,priv_h,pub_cw,priv_cw,atk_q,block_target,daa2_n_blocks,n_chains,ms_elapsed,atk_start_t,doublespend_after_n_confs
1, 5674, 97, 102, 103, 245789, 247973, 0.4, 50, 100, 1, 2, 5000, 5
1, 5436, 93, 98, 100, 262786, 267894, 0.4, 50, 100, 1, 3, 5000, 5
1, 5664, 107, 115, 116, 293526, 295641, 0.4, 50, 100, 1, 3, 5000, 5
1, 5682, 116, 121, 121, 337311, 337466, 0.4, 50, 100, 1, 3, 5000, 5
1, 5779, 84, 90, 91, 276139, 278508, 0.4, 50, 100, 1, 3, 5000, 5
1, 5818, 105, 113, 114, 251195, 253162, 0.4, 50, 100, 1, 3, 5000, 5
0, 6750, 104, 118, 112, 366694, 349074, 0.4, 50, 100, 1, 5, 5000, 5
1, 5420, 91, 96, 96, 236376, 236488, 0.4, 50, 100, 1, 3, 5000, 5
0, 6750, 97, 121, 111, 265474, 245236, 0.4, 50, 100, 1, 6, 5000, 5
0, 6750, 101, 129, 112, 305250, 265120, 0.4, 50, 100, 1, 5, 5000, 5
1, 6008, 106, 111, 116, 281448, 295804, 0.4, 50, 100, 1, 4, 5000, 5
0, 6750, 101, 126, 115, 312275, 281438, 0.4, 50, 100, 1, 6, 5000, 5
0, 6750, 101, 120, 115, 284361, 272208, 0.4, 50, 100, 1, 5, 5000, 5
0, 6750, 104, 122, 117, 296979, 280489, 0.4, 50, 100, 1, 5, 5000, 5
0, 6750, 96, 112, 104, 302725, 283198, 0.4, 50, 100, 1, 5, 5000, 5
0, 6750, 93, 118, 112, 282489, 263131, 0.4, 50, 100, 1, 4, 5000, 5
1, 5418, 87, 92, 93, 273839, 276351, 0.4, 50, 100, 1, 3, 5000, 5
1, 5629, 109, 114, 116, 227605, 232024, 0.4, 50, 100, 1, 3, 5000, 5
0, 6750, 99, 121, 111, 289887, 264771, 0.4, 50, 100, 1, 5, 5000, 5
1, 5876, 88, 101, 102, 255722, 257615, 0.4, 50, 100, 1, 3, 5000, 5
0, 6750, 119, 142, 129, 328703, 293477, 0.4, 50, 100, 1, 5, 5000, 5
0, 6750, 92, 117, 109, 401349, 374397, 0.4, 50, 100, 1, 5, 5000, 5
1, 5358, 109, 114, 114, 237834, 237867, 0.4, 50, 100, 1, 3, 5000, 5
1, 5980, 100, 105, 106, 252788, 255126, 0.4, 50, 100, 1, 4, 5000, 5
1, 5598, 105, 110, 111, 329306, 332616, 0.4, 50, 100, 1, 2, 5000, 5
1, 5649, 98, 104, 105, 325083, 327754, 0.4, 50, 100, 1, 3, 5000, 5
1, 5490, 88, 93, 95, 247129, 251651, 0.4, 50, 100, 1, 3, 5000, 5
0, 6750, 102, 127, 119, 309214, 290848, 0.4, 50, 100, 1, 4, 5000, 5
0, 6750, 92, 111, 105, 297397, 283178, 0.4, 50, 100, 1, 4, 5000, 5
1, 6080, 109, 121, 122, 250120, 251402, 0.4, 50, 100, 1, 4, 5000, 5
0, 6750, 109, 131, 119, 368367, 330135, 0.4, 50, 100, 1, 5, 5000, 5
1, 5644, 108, 114, 115, 262281, 264563, 0.4, 50, 100, 1, 3, 5000, 5
0, 6750, 110, 135, 128, 301394, 282231, 0.4, 50, 100, 1, 6, 5000, 5
0, 6750, 97, 119, 112, 308564, 290561, 0.4, 50, 100, 1, 5, 5000, 5
1, 5630, 100, 107, 108, 286287, 288649, 0.4, 50, 100, 1, 3, 5000, 5
0, 6750, 105, 126, 116, 307408, 280385, 0.4, 50, 100, 1, 6, 5000, 5
1, 5721, 96, 105, 106, 279801, 281845, 0.4, 50, 100, 1, 3, 5000, 5
0, 6750, 103, 124, 121, 282589, 274082, 0.4, 50, 100, 1, 5, 5000, 5
1, 5641, 112, 117, 119, 255742, 260511, 0.4, 50, 100, 1, 3, 5000, 5
1, 5649, 100, 107, 106, 235833, 236243, 0.4, 50, 100, 1, 3, 5000, 5
0, 6750, 113, 137, 130, 291941, 272922, 0.4, 50, 100, 1, 6, 5000, 5
0, 6750, 107, 128, 122, 268774, 255043, 0.4, 50, 100, 1, 5, 5000, 5
1, 5543, 101, 106, 112, 235795, 247332, 0.4, 50, 100, 1, 3, 5000, 5
0, 6750, 96, 120, 102, 300799, 258327, 0.4, 50, 100, 1, 5, 5000, 5
1, 5620, 84, 89, 89, 254923, 254969, 0.4, 50, 100, 1, 3, 5000, 5
0, 6750, 101, 124, 120, 297517, 286116, 0.4, 50, 100, 1, 5, 5000, 5
0, 6750, 109, 128, 125, 334328, 321824, 0.4, 50, 100, 1, 5, 5000, 5
0, 6750, 106, 125, 114, 300533, 274928, 0.4, 50, 100, 1, 5, 5000, 5
0, 6750, 96, 118, 114, 321141, 310247, 0.4, 50, 100, 1, 5, 5000, 5
0, 6750, 98, 122, 118, 282442, 270996, 0.4, 50, 100, 1, 5, 5000, 5
1, 5400, 102, 107, 107, 254528, 254592, 0.4, 50, 100, 1, 3, 5000, 5
0, 6750, 75, 90, 84, 341313, 323880, 0.4, 50, 100, 1, 5, 5000, 5
0, 6750, 110, 130, 121, 328291, 304343, 0.4, 50, 100, 1, 5, 5000, 5
0, 6750, 96, 121, 107, 300087, 266803, 0.4, 50, 100, 1, 5, 5000, 5
1, 6255, 86, 100, 101, 258903, 258988, 0.4, 50, 100, 1, 5, 5000, 5
1, 5822, 105, 110, 113, 286059, 294070, 0.4, 50, 100, 1, 3, 5000, 5
1, 5591, 96, 102, 103, 255004, 257100, 0.4, 50, 100, 1, 3, 5000, 5
0, 6750, 85, 109, 106, 292559, 283830, 0.4, 50, 100, 1, 5, 5000, 5
0, 6750, 110, 129, 120, 282750, 260775, 0.4, 50, 100, 1, 5, 5000, 5
1, 5816, 105, 110, 113, 267584, 275583, 0.4, 50, 100, 1, 4, 5000, 5
0, 6750, 88, 107, 100, 313483, 295896, 0.4, 50, 100, 1, 5, 5000, 5
1, 5621, 93, 99, 100, 234877, 236954, 0.4, 50, 100, 1, 3, 5000, 5
0, 6750, 107, 133, 122, 283233, 255941, 0.4, 50, 100, 1, 5, 5000, 5
1, 5395, 91, 96, 96, 228743, 228748, 0.4, 50, 100, 1, 3, 5000, 5
1, 5513, 99, 104, 104, 279230, 279231, 0.4, 50, 100, 1, 3, 5000, 5
0, 6750, 102, 126, 116, 336509, 309251, 0.4, 50, 100, 1, 5, 5000, 5
1, 5807, 90, 95, 97, 273538, 281237, 0.4, 50, 100, 1, 4, 5000, 5
0, 6750, 100, 126, 116, 299060, 273612, 0.4, 50, 100, 1, 5, 5000, 5
0, 6750, 100, 124, 118, 265161, 253079, 0.4, 50, 100, 1, 4, 5000, 5
1, 5477, 95, 100, 102, 284935, 290559, 0.4, 50, 100, 1, 2, 5000, 5
0, 6750, 92, 111, 103, 300359, 280650, 0.4, 50, 100, 1, 5, 5000, 5
0, 6750, 93, 121, 110, 315081, 287098, 0.4, 50, 100, 1, 5, 5000, 5
0, 6750, 92, 115, 113, 269769, 264157, 0.4, 50, 100, 1, 4, 5000, 5
0, 6750, 106, 125, 120, 299395, 284336, 0.4, 50, 100, 1, 4, 5000, 5
1, 5626, 110, 117, 118, 234675, 236532, 0.4, 50, 100, 1, 2, 5000, 5
0, 6750, 98, 120, 114, 292830, 274519, 0.4, 50, 100, 1, 5, 5000, 5
1, 5407, 84, 89, 89, 322365, 322527, 0.4, 50, 100, 1, 3, 5000, 5
0, 6750, 101, 126, 117, 276116, 256193, 0.4, 50, 100, 1, 4, 5000, 5
1, 5874, 96, 101, 105, 303835, 315393, 0.4, 50, 100, 1, 3, 5000, 5
1, 5464, 103, 108, 109, 231942, 233863, 0.4, 50, 100, 1, 3, 5000, 5
1, 5440, 95, 100, 101, 259089, 261949, 0.4, 50, 100, 1, 3, 5000, 5
1, 5752, 99, 105, 105, 286230, 286360, 0.4, 50, 100, 1, 4, 5000, 5
1, 5559, 114, 119, 121, 259108, 265002, 0.4, 50, 100, 1, 3, 5000, 5
0, 6750, 113, 132, 127, 299437, 284794, 0.4, 50, 100, 1, 5, 5000, 5
1, 5567, 101, 106, 106, 244554, 244922, 0.4, 50, 100, 1, 3, 5000, 5
1, 6029, 91, 98, 99, 270377, 272485, 0.4, 50, 100, 1, 4, 5000, 5
0, 6750, 105, 130, 120, 332735, 304013, 0.4, 50, 100, 1, 5, 5000, 5
0, 6750, 91, 116, 107, 307138, 285260, 0.4, 50, 100, 1, 4, 5000, 5
0, 6750, 105, 130, 120, 289756, 265313, 0.4, 50, 100, 1, 4, 5000, 5
0, 6750, 86, 107, 99, 318660, 296786, 0.4, 50, 100, 1, 5, 5000, 5
1, 6205, 101, 114, 115, 233177, 234186, 0.4, 50, 100, 1, 4, 5000, 5
0, 6750, 114, 125, 124, 315821, 311432, 0.4, 50, 100, 1, 7, 5000, 5
1, 6221, 110, 122, 123, 273266, 274651, 0.4, 50, 100, 1, 4, 5000, 5
1, 5299, 97, 102, 102, 270987, 271053, 0.4, 50, 100, 1, 3, 5000, 5
1, 5219, 92, 97, 97, 265652, 265676, 0.4, 50, 100, 1, 2, 5000, 5
1, 5567, 96, 101, 100, 264372, 264604, 0.4, 50, 100, 1, 3, 5000, 5
0, 6750, 92, 112, 104, 302392, 283575, 0.4, 50, 100, 1, 4, 5000, 5
0, 6750, 111, 129, 126, 264581, 254435, 0.4, 50, 100, 1, 6, 5000, 5
0, 6750, 100, 129, 116, 331348, 294122, 0.4, 50, 100, 1, 5, 5000, 5
0, 6750, 99, 124, 110, 302919, 269788, 0.4, 50, 100, 1, 4, 5000, 5
1, 5680, 112, 118, 117, 587667, 592246, 0.4, 50, 100, 2, 7, 5000, 5
0, 6750, 108, 128, 128, 620067, 606857, 0.4, 50, 100, 2, 8, 5000, 5
0, 6750, 110, 136, 125, 587724, 532236, 0.4, 50, 100, 2, 8, 5000, 5
0, 6750, 95, 112, 111, 621257, 598103, 0.4, 50, 100, 2, 10, 5000, 5
0, 6750, 122, 140, 133, 611191, 566789, 0.4, 50, 100, 2, 10, 5000, 5
1, 6224, 107, 118, 113, 549115, 558203, 0.4, 50, 100, 2, 8, 5000, 5
0, 6750, 104, 124, 110, 654993, 589777, 0.4, 50, 100, 2, 10, 5000, 5
0, 6750, 92, 116, 113, 591510, 563414, 0.4, 50, 100, 2, 9, 5000, 5
1, 5482, 91, 96, 98, 489112, 496138, 0.4, 50, 100, 2, 6, 5000, 5
0, 6750, 99, 121, 116, 651757, 597949, 0.4, 50, 100, 2, 9, 5000, 5
0, 6750, 83, 103, 95, 597566, 538210, 0.4, 50, 100, 2, 10, 5000, 5
0, 6750, 97, 114, 108, 602215, 583250, 0.4, 50, 100, 2, 10, 5000, 5
0, 6750, 109, 138, 129, 611093, 589487, 0.4, 50, 100, 2, 10, 5000, 5
0, 6750, 103, 131, 121, 570699, 528133, 0.4, 50, 100, 2, 9, 5000, 5
0, 6750, 102, 122, 114, 628738, 590020, 0.4, 50, 100, 2, 10, 5000, 5
1, 5381, 94, 100, 102, 575795, 578754, 0.4, 50, 100, 2, 6, 5000, 5
0, 6750, 100, 124, 116, 634890, 601086, 0.4, 50, 100, 2, 10, 5000, 5
0, 6750, 80, 102, 94, 529133, 489171, 0.4, 50, 100, 2, 10, 5000, 5
1, 6331, 80, 87, 88, 590961, 595294, 0.4, 50, 100, 2, 9, 5000, 5
0, 6750, 92, 116, 104, 633283, 576807, 0.4, 50, 100, 2, 10, 5000, 5
0, 6750, 115, 136, 130, 600593, 559918, 0.4, 50, 100, 2, 10, 5000, 5
1, 5542, 98, 104, 106, 564814, 567546, 0.4, 50, 100, 2, 7, 5000, 5
0, 6750, 98, 117, 111, 601782, 554739, 0.4, 50, 100, 2, 10, 5000, 5
0, 6750, 98, 128, 118, 620654, 600858, 0.4, 50, 100, 2, 10, 5000, 5
0, 6750, 77, 100, 82, 610723, 533957, 0.4, 50, 100, 2, 11, 5000, 5
0, 6750, 112, 131, 129, 588771, 588671, 0.4, 50, 100, 2, 10, 5000, 5
1, 5864, 104, 111, 116, 515391, 519870, 0.4, 50, 100, 2, 9, 5000, 5
0, 6750, 112, 131, 130, 640833, 613012, 0.4, 50, 100, 2, 10, 5000, 5
0, 6750, 108, 130, 124, 534928, 506089, 0.4, 50, 100, 2, 11, 5000, 5
0, 6750, 89, 108, 100, 604031, 551411, 0.4, 50, 100, 2, 10, 5000, 5
0, 6750, 95, 124, 111, 597140, 567946, 0.4, 50, 100, 2, 11, 5000, 5
1, 5526, 97, 102, 100, 527720, 535188, 0.4, 50, 100, 2, 7, 5000, 5
0, 6750, 97, 125, 115, 655042, 601941, 0.4, 50, 100, 2, 11, 5000, 5
0, 6750, 84, 100, 98, 551665, 537608, 0.4, 50, 100, 2, 11, 5000, 5
0, 6750, 110, 134, 121, 605365, 548900, 0.4, 50, 100, 2, 11, 5000, 5
1, 5429, 91, 96, 99, 485757, 488096, 0.4, 50, 100, 2, 7, 5000, 5
0, 6750, 103, 129, 114, 639038, 584911, 0.4, 50, 100, 2, 11, 5000, 5
0, 6750, 96, 113, 111, 596287, 561854, 0.4, 50, 100, 2, 9, 5000, 5
1, 5619, 95, 102, 101, 488819, 491057, 0.4, 50, 100, 2, 7, 5000, 5
1, 5640, 113, 118, 122, 584194, 588169, 0.4, 50, 100, 2, 7, 5000, 5
1, 5379, 98, 103, 102, 482003, 487652, 0.4, 50, 100, 2, 6, 5000, 5
0, 6750, 98, 118, 108, 676503, 613920, 0.4, 50, 100, 2, 10, 5000, 5
1, 5083, 97, 102, 100, 477778, 478562, 0.4, 50, 100, 2, 5, 5000, 5
0, 6750, 106, 135, 122, 580441, 533874, 0.4, 50, 100, 2, 10, 5000, 5
0, 6750, 98, 125, 112, 619959, 589035, 0.4, 50, 100, 2, 10, 5000, 5
1, 5811, 110, 118, 115, 546766, 549474, 0.4, 50, 100, 2, 8, 5000, 5
0, 6750, 104, 125, 121, 672138, 636490, 0.4, 50, 100, 2, 11, 5000, 5
0, 6750, 116, 136, 128, 637245, 578829, 0.4, 50, 100, 2, 10, 5000, 5
0, 6750, 93, 115, 106, 560881, 518676, 0.4, 50, 100, 2, 9, 5000, 5
0, 6750, 106, 128, 128, 592449, 570717, 0.4, 50, 100, 2, 11, 5000, 5
0, 6750, 113, 134, 126, 565062, 504620, 0.4, 50, 100, 2, 10, 5000, 5
0, 6750, 95, 120, 117, 609636, 597714, 0.4, 50, 100, 2, 12, 5000, 5
1, 5498, 93, 98, 96, 487798, 493171, 0.4, 50, 100, 2, 7, 5000, 5
0, 6750, 94, 120, 119, 610847, 557023, 0.4, 50, 100, 2, 10, 5000, 5
0, 6750, 103, 131, 122, 587114, 543212, 0.4, 50, 100, 2, 11, 5000, 5
0, 6750, 98, 128, 115, 576513, 528693, 0.4, 50, 100, 2, 10, 5000, 5
1, 6281, 90, 95, 99, 575913, 578406, 0.4, 50, 100, 2, 9, 5000, 5
0, 6750, 81, 104, 99, 612441, 574327, 0.4, 50, 100, 2, 11, 5000, 5
0, 6750, 104, 125, 120, 591063, 574957, 0.4, 50, 100, 2, 11, 5000, 5
0, 6750, 99, 121, 112, 640772, 606056, 0.4, 50, 100, 2, 11, 5000, 5
1, 5799, 112, 120, 119, 503584, 506030, 0.4, 50, 100, 2, 8, 5000, 5
0, 6750, 89, 121, 108, 575705, 531249, 0.4, 50, 100, 2, 11, 5000, 5
1, 5327, 93, 98, 96, 525141, 527131, 0.4, 50, 100, 2, 6, 5000, 5
0, 6750, 90, 109, 105, 650755, 616336, 0.4, 50, 100, 2, 10, 5000, 5
0, 6750, 121, 140, 129, 631127, 585708, 0.4, 50, 100, 2, 11, 5000, 5
1, 5748, 92, 99, 103, 494541, 503080, 0.4, 50, 100, 2, 7, 5000, 5
0, 6750, 116, 133, 125, 612502, 578281, 0.4, 50, 100, 2, 11, 5000, 5
0, 6750, 103, 119, 115, 581143, 573712, 0.4, 50, 100, 2, 11, 5000, 5
1, 5510, 101, 106, 107, 547685, 558531, 0.4, 50, 100, 2, 8, 5000, 5
0, 6750, 112, 125, 126, 620512, 612349, 0.4, 50, 100, 2, 12, 5000, 5
1, 5298, 108, 113, 112, 513645, 518707, 0.4, 50, 100, 2, 7, 5000, 5
0, 6750, 110, 127, 125, 564724, 522718, 0.4, 50, 100, 2, 11, 5000, 5
0, 6750, 102, 120, 114, 628002, 576550, 0.4, 50, 100, 2, 11, 5000, 5
0, 6750, 112, 132, 127, 551824, 522778, 0.4, 50, 100, 2, 12, 5000, 5
0, 6750, 104, 121, 114, 575411, 544053, 0.4, 50, 100, 2, 10, 5000, 5
0, 6750, 106, 129, 127, 609252, 581274, 0.4, 50, 100, 2, 12, 5000, 5
1, 5436, 84, 89, 89, 476591, 478823, 0.4, 50, 100, 2, 7, 5000, 5
0, 6750, 85, 109, 105, 615488, 567963, 0.4, 50, 100, 2, 11, 5000, 5
0, 6750, 113, 136, 130, 606820, 574578, 0.4, 50, 100, 2, 11, 5000, 5
0, 6750, 113, 133, 129, 571137, 543723, 0.4, 50, 100, 2, 12, 5000, 5
1, 5698, 111, 118, 119, 514104, 518036, 0.4, 50, 100, 2, 8, 5000, 5
1, 5801, 113, 121, 125, 509513, 510056, 0.4, 50, 100, 2, 9, 5000, 5
0, 6750, 76, 91, 84, 645664, 615015, 0.4, 50, 100, 2, 10, 5000, 5
1, 5464, 92, 97, 98, 437982, 442188, 0.4, 50, 100, 2, 7, 5000, 5
0, 6750, 89, 106, 107, 637373, 615926, 0.4, 50, 100, 2, 11, 5000, 5
0, 6750, 84, 109, 98, 587376, 554863, 0.4, 50, 100, 2, 10, 5000, 5
1, 5545, 101, 106, 108, 550966, 553683, 0.4, 50, 100, 2, 7, 5000, 5
0, 6750, 95, 126, 111, 652483, 615331, 0.4, 50, 100, 2, 10, 5000, 5
0, 6750, 91, 112, 103, 623182, 569378, 0.4, 50, 100, 2, 12, 5000, 5
0, 6750, 104, 121, 115, 580955, 552969, 0.4, 50, 100, 2, 12, 5000, 5
0, 6750, 101, 125, 127, 576260, 555956, 0.4, 50, 100, 2, 11, 5000, 5
0, 6750, 95, 120, 107, 679216, 602091, 0.4, 50, 100, 2, 11, 5000, 5
0, 6750, 105, 127, 122, 585909, 566764, 0.4, 50, 100, 2, 11, 5000, 5
0, 6750, 78, 98, 100, 590312, 593698, 0.4, 50, 100, 2, 11, 5000, 5
0, 6750, 112, 135, 122, 621795, 564655, 0.4, 50, 100, 2, 11, 5000, 5
1, 5508, 114, 119, 121, 576068, 576476, 0.4, 50, 100, 2, 7, 5000, 5
0, 6750, 110, 133, 123, 522456, 492569, 0.4, 50, 100, 2, 10, 5000, 5
0, 6750, 119, 146, 139, 579177, 552559, 0.4, 50, 100, 2, 11, 5000, 5
0, 6750, 91, 122, 107, 605074, 560507, 0.4, 50, 100, 2, 11, 5000, 5
0, 6750, 111, 126, 127, 548041, 544683, 0.4, 50, 100, 2, 12, 5000, 5
1, 5452, 115, 121, 124, 795078, 799546, 0.4, 50, 100, 3, 11, 5000, 5
1, 5747, 106, 111, 114, 841696, 853581, 0.4, 50, 100, 3, 12, 5000, 5
1, 5499, 95, 102, 98, 856689, 861442, 0.4, 50, 100, 3, 10, 5000, 5
0, 6750, 107, 122, 116, 1028963, 987946, 0.4, 50, 100, 3, 15, 5000, 5
0, 6750, 98, 132, 114, 902538, 826500, 0.4, 50, 100, 3, 15, 5000, 5
0, 6750, 105, 134, 129, 855754, 824072, 0.4, 50, 100, 3, 16, 5000, 5
0, 6750, 89, 109, 105, 916664, 861880, 0.4, 50, 100, 3, 15, 5000, 5
0, 6750, 109, 127, 121, 899860, 866280, 0.4, 50, 100, 3, 16, 5000, 5
0, 6750, 103, 126, 110, 886643, 814144, 0.4, 50, 100, 3, 15, 5000, 5
1, 5329, 91, 96, 95, 809504, 819331, 0.4, 50, 100, 3, 10, 5000, 5
0, 6750, 97, 115, 109, 862284, 805445, 0.4, 50, 100, 3, 15, 5000, 5
0, 6750, 99, 117, 116, 867878, 833180, 0.4, 50, 100, 3, 15, 5000, 5
0, 6750, 93, 115, 111, 909068, 876649, 0.4, 50, 100, 3, 17, 5000, 5
0, 6750, 99, 120, 116, 960394, 910920, 0.4, 50, 100, 3, 15, 5000, 5
0, 6750, 93, 111, 111, 799552, 749552, 0.4, 50, 100, 3, 14, 5000, 5
0, 6750, 103, 130, 123, 912683, 888059, 0.4, 50, 100, 3, 16, 5000, 5
0, 6750, 96, 120, 112, 951516, 883443, 0.4, 50, 100, 3, 16, 5000, 5
1, 5661, 99, 107, 108, 745930, 750764, 0.4, 50, 100, 3, 11, 5000, 5
0, 6750, 102, 126, 115, 969454, 846564, 0.4, 50, 100, 3, 17, 5000, 5
0, 6750, 86, 106, 99, 853958, 773047, 0.4, 50, 100, 3, 15, 5000, 5
0, 6750, 94, 116, 104, 876342, 830923, 0.4, 50, 100, 3, 16, 5000, 5
0, 6750, 100, 118, 118, 829286, 782494, 0.4, 50, 100, 3, 16, 5000, 5
0, 6750, 88, 110, 104, 911579, 846993, 0.4, 50, 100, 3, 16, 5000, 5
0, 6750, 105, 130, 114, 909794, 840590, 0.4, 50, 100, 3, 16, 5000, 5
0, 6750, 121, 136, 128, 1013389, 948500, 0.4, 50, 100, 3, 17, 5000, 5
1, 5811, 90, 97, 104, 797601, 806046, 0.4, 50, 100, 3, 12, 5000, 5
0, 6750, 119, 133, 138, 874208, 863884, 0.4, 50, 100, 3, 16, 5000, 5
1, 6065, 72, 80, 86, 767359, 768058, 0.4, 50, 100, 3, 16, 5000, 5
0, 6750, 104, 125, 117, 994441, 913845, 0.4, 50, 100, 3, 16, 5000, 5
0, 6750, 93, 116, 103, 951276, 867891, 0.4, 50, 100, 3, 15, 5000, 5
0, 6750, 83, 103, 92, 975803, 915089, 0.4, 50, 100, 3, 17, 5000, 5
0, 6750, 94, 120, 115, 879480, 822202, 0.4, 50, 100, 3, 16, 5000, 5
0, 6750, 103, 122, 119, 929998, 884715, 0.4, 50, 100, 3, 15, 5000, 5
1, 5630, 96, 101, 100, 779503, 797493, 0.4, 50, 100, 3, 12, 5000, 5
0, 6750, 102, 130, 119, 1011345, 913909, 0.4, 50, 100, 3, 16, 5000, 5
0, 6750, 99, 123, 119, 898858, 849578, 0.4, 50, 100, 3, 17, 5000, 5
1, 6496, 117, 135, 130, 910808, 914647, 0.4, 50, 100, 3, 16, 5000, 5
0, 6750, 97, 124, 117, 901108, 849212, 0.4, 50, 100, 3, 16, 5000, 5
0, 6750, 101, 123, 120, 968401, 898047, 0.4, 50, 100, 3, 16, 5000, 5
1, 5615, 101, 106, 111, 765392, 773907, 0.4, 50, 100, 3, 11, 5000, 5
0, 6750, 93, 110, 111, 907705, 861780, 0.4, 50, 100, 3, 16, 5000, 5
1, 5316, 105, 111, 110, 729146, 733980, 0.4, 50, 100, 3, 11, 5000, 5
0, 6750, 91, 111, 101, 922630, 821224, 0.4, 50, 100, 3, 17, 5000, 5
0, 6750, 105, 130, 116, 984849, 873717, 0.4, 50, 100, 3, 17, 5000, 5
0, 6750, 95, 116, 111, 896845, 822937, 0.4, 50, 100, 3, 17, 5000, 5
1, 5690, 92, 97, 97, 876353, 890797, 0.4, 50, 100, 3, 12, 5000, 5
0, 6750, 92, 111, 104, 849395, 816653, 0.4, 50, 100, 3, 17, 5000, 5
0, 6750, 97, 117, 117, 918235, 844075, 0.4, 50, 100, 3, 17, 5000, 5
0, 6750, 112, 124, 123, 983992, 973969, 0.4, 50, 100, 3, 15, 5000, 5
1, 6544, 98, 117, 119, 868825, 875651, 0.4, 50, 100, 3, 19, 5000, 5
1, 5654, 115, 120, 123, 845722, 861242, 0.4, 50, 100, 3, 13, 5000, 5
0, 6750, 91, 111, 112, 893590, 852780, 0.4, 50, 100, 3, 18, 5000, 5
0, 6750, 105, 134, 118, 986183, 873930, 0.4, 50, 100, 3, 18, 5000, 5
0, 6750, 111, 126, 121, 1011845, 968129, 0.4, 50, 100, 3, 16, 5000, 5
0, 6750, 106, 132, 122, 954369, 865559, 0.4, 50, 100, 3, 17, 5000, 5
0, 6750, 107, 120, 122, 965805, 930417, 0.4, 50, 100, 3, 17, 5000, 5
0, 6750, 97, 119, 115, 790753, 763253, 0.4, 50, 100, 3, 16, 5000, 5
0, 6750, 96, 123, 112, 935857, 911224, 0.4, 50, 100, 3, 16, 5000, 5
1, 5525, 109, 114, 113, 871944, 876786, 0.4, 50, 100, 3, 11, 5000, 5
0, 6750, 86, 108, 103, 884781, 841705, 0.4, 50, 100, 3, 16, 5000, 5
0, 6750, 96, 119, 113, 984805, 937249, 0.4, 50, 100, 3, 16, 5000, 5
0, 6750, 98, 117, 112, 831558, 792669, 0.4, 50, 100, 3, 17, 5000, 5
0, 6750, 98, 114, 113, 901605, 859834, 0.4, 50, 100, 3, 16, 5000, 5
0, 6750, 100, 127, 114, 853438, 819587, 0.4, 50, 100, 3, 15, 5000, 5
0, 6750, 95, 114, 109, 837819, 801302, 0.4, 50, 100, 3, 18, 5000, 5
0, 6750, 117, 148, 129, 923292, 844601, 0.4, 50, 100, 3, 16, 5000, 5
1, 5543, 105, 111, 113, 777896, 785736, 0.4, 50, 100, 3, 12, 5000, 5
0, 6750, 90, 107, 102, 830211, 793464, 0.4, 50, 100, 3, 15, 5000, 5
0, 6750, 91, 110, 106, 925624, 872328, 0.4, 50, 100, 3, 16, 5000, 5
0, 6750, 92, 122, 114, 888809, 838626, 0.4, 50, 100, 3, 19, 5000, 5
0, 6750, 105, 124, 123, 938702, 906621, 0.4, 50, 100, 3, 16, 5000, 5
0, 6750, 109, 133, 126, 837923, 763449, 0.4, 50, 100, 3, 19, 5000, 5
0, 6750, 88, 111, 102, 857598, 778918, 0.4, 50, 100, 3, 16, 5000, 5
1, 5470, 101, 106, 106, 799295, 806993, 0.4, 50, 100, 3, 11, 5000, 5
0, 6750, 107, 117, 123, 896484, 889360, 0.4, 50, 100, 3, 17, 5000, 5
0, 6750, 111, 135, 127, 939911, 881424, 0.4, 50, 100, 3, 18, 5000, 5
0, 6750, 112, 131, 123, 863405, 802338, 0.4, 50, 100, 3, 18, 5000, 5
0, 6750, 105, 132, 119, 866088, 776271, 0.4, 50, 100, 3, 15, 5000, 5
0, 6750, 98, 123, 109, 932390, 842026, 0.4, 50, 100, 3, 18, 5000, 5
0, 6750, 120, 145, 134, 922509, 850573, 0.4, 50, 100, 3, 16, 5000, 5
1, 5511, 93, 99, 96, 799762, 803225, 0.4, 50, 100, 3, 11, 5000, 5
0, 6750, 107, 128, 121, 943549, 855223, 0.4, 50, 100, 3, 17, 5000, 5
0, 6750, 113, 130, 124, 811251, 738239, 0.4, 50, 100, 3, 17, 5000, 5
0, 6750, 96, 121, 107, 848950, 766678, 0.4, 50, 100, 3, 18, 5000, 5
0, 6750, 94, 114, 109, 846400, 819702, 0.4, 50, 100, 3, 18, 5000, 5
0, 6750, 97, 120, 107, 856632, 813109, 0.4, 50, 100, 3, 17, 5000, 5
1, 5277, 102, 107, 107, 834788, 835515, 0.4, 50, 100, 3, 13, 5000, 5
0, 6750, 102, 120, 119, 875590, 835476, 0.4, 50, 100, 3, 20, 5000, 5
0, 6750, 86, 102, 99, 994804, 958086, 0.4, 50, 100, 3, 18, 5000, 5
0, 6750, 103, 132, 116, 983627, 937861, 0.4, 50, 100, 3, 17, 5000, 5
0, 6750, 102, 120, 117, 1062757, 950930, 0.4, 50, 100, 3, 17, 5000, 5
0, 6750, 87, 103, 107, 911084, 887854, 0.4, 50, 100, 3, 18, 5000, 5
0, 6750, 109, 125, 124, 856662, 825449, 0.4, 50, 100, 3, 20, 5000, 5
0, 6750, 96, 120, 109, 925137, 902651, 0.4, 50, 100, 3, 19, 5000, 5
0, 6750, 108, 126, 119, 909123, 829281, 0.4, 50, 100, 3, 19, 5000, 5
0, 6750, 102, 119, 115, 858983, 784283, 0.4, 50, 100, 3, 20, 5000, 5
0, 6750, 102, 129, 123, 881308, 825761, 0.4, 50, 100, 3, 20, 5000, 5
0, 6750, 88, 109, 105, 807802, 775986, 0.4, 50, 100, 3, 22, 5000, 5
0, 6750, 106, 132, 120, 909062, 870597, 0.4, 50, 100, 3, 20, 5000, 5
0, 6750, 105, 130, 124, 853955, 818410, 0.4, 50, 100, 3, 24, 5000, 5
1, 5549, 92, 98, 96, 1077352, 1087388, 0.4, 50, 100, 4, 22, 5000, 5
0, 6750, 113, 134, 133, 1099808, 1070066, 0.4, 50, 100, 4, 30, 5000, 5
0, 6750, 92, 115, 107, 1284406, 1233532, 0.4, 50, 100, 4, 25, 5000, 5
0, 6750, 91, 114, 105, 1265901, 1174450, 0.4, 50, 100, 4, 28, 5000, 5
0, 6750, 108, 132, 125, 1225836, 1148369, 0.4, 50, 100, 4, 28, 5000, 5
0, 6750, 105, 129, 121, 1108497, 1042586, 0.4, 50, 100, 4, 27, 5000, 5
0, 6750, 105, 124, 118, 1175228, 1115346, 0.4, 50, 100, 4, 27, 5000, 5
0, 6750, 104, 136, 122, 1100010, 1025918, 0.4, 50, 100, 4, 29, 5000, 5
0, 6750, 107, 127, 125, 1110585, 1081381, 0.4, 50, 100, 4, 29, 5000, 5
0, 6750, 97, 124, 107, 1266015, 1180947, 0.4, 50, 100, 4, 30, 5000, 5
0, 6750, 94, 117, 108, 1259768, 1167228, 0.4, 50, 100, 4, 28, 5000, 5
0, 6750, 119, 134, 140, 1077747, 1054968, 0.4, 50, 100, 4, 30, 5000, 5
1, 5424, 109, 115, 113, 1005659, 1020419, 0.4, 50, 100, 4, 22, 5000, 5
0, 6750, 112, 128, 125, 1240869, 1181764, 0.4, 50, 100, 4, 31, 5000, 5
0, 6750, 103, 123, 114, 1276571, 1228661, 0.4, 50, 100, 4, 31, 5000, 5
0, 6750, 99, 123, 119, 1159160, 1084159, 0.4, 50, 100, 4, 28, 5000, 5
0, 6750, 112, 128, 129, 1143296, 1077403, 0.4, 50, 100, 4, 29, 5000, 5
0, 6750, 117, 141, 129, 1190807, 1080371, 0.4, 50, 100, 4, 31, 5000, 5
0, 6750, 94, 118, 109, 1147178, 1103202, 0.4, 50, 100, 4, 27, 5000, 5
0, 6750, 100, 124, 119, 1113928, 1066428, 0.4, 50, 100, 4, 28, 5000, 5
0, 6750, 77, 101, 82, 1289079, 1209305, 0.4, 50, 100, 4, 30, 5000, 5
0, 6750, 102, 128, 123, 1199606, 1131503, 0.4, 50, 100, 4, 28, 5000, 5
0, 6750, 95, 109, 106, 1251484, 1193716, 0.4, 50, 100, 4, 28, 5000, 5
0, 6750, 113, 128, 127, 1122754, 1067778, 0.4, 50, 100, 4, 28, 5000, 5
0, 6750, 123, 145, 137, 1194251, 1142520, 0.4, 50, 100, 4, 30, 5000, 5
0, 6750, 65, 88, 77, 1296489, 1203198, 0.4, 50, 100, 4, 29, 5000, 5
0, 6750, 99, 120, 116, 1188670, 1148066, 0.4, 50, 100, 4, 23, 5000, 5
0, 6750, 109, 126, 122, 1264827, 1202902, 0.4, 50, 100, 4, 25, 5000, 5
0, 6750, 93, 117, 107, 1183974, 1107035, 0.4, 50, 100, 4, 26, 5000, 5
0, 6750, 105, 128, 118, 1243156, 1170703, 0.4, 50, 100, 4, 25, 5000, 5
0, 6750, 98, 121, 115, 1244616, 1157414, 0.4, 50, 100, 4, 24, 5000, 5
0, 6750, 104, 119, 119, 1196075, 1120705, 0.4, 50, 100, 4, 25, 5000, 5
0, 6750, 106, 119, 118, 1112705, 1104422, 0.4, 50, 100, 4, 24, 5000, 5
0, 6750, 102, 124, 116, 1232022, 1161549, 0.4, 50, 100, 4, 24, 5000, 5
0, 6750, 105, 124, 117, 1215110, 1128853, 0.4, 50, 100, 4, 24, 5000, 5
1, 6037, 96, 101, 104, 1171658, 1179949, 0.4, 50, 100, 4, 20, 5000, 5
0, 6750, 112, 137, 128, 1200420, 1147401, 0.4, 50, 100, 4, 26, 5000, 5
0, 6750, 102, 123, 120, 1199728, 1071333, 0.4, 50, 100, 4, 26, 5000, 5
0, 6750, 100, 128, 125, 1239877, 1132551, 0.4, 50, 100, 4, 29, 5000, 5
0, 6750, 96, 120, 119, 1228690, 1172739, 0.4, 50, 100, 4, 25, 5000, 5
0, 6750, 79, 100, 87, 1263903, 1196161, 0.4, 50, 100, 4, 25, 5000, 5
0, 6750, 99, 132, 119, 1113307, 989673, 0.4, 50, 100, 4, 25, 5000, 5
0, 6750, 101, 119, 118, 1246926, 1180790, 0.4, 50, 100, 4, 28, 5000, 5
0, 6750, 104, 123, 123, 1337304, 1250561, 0.4, 50, 100, 4, 28, 5000, 5
0, 6750, 112, 142, 125, 1305583, 1176813, 0.4, 50, 100, 4, 27, 5000, 5
0, 6750, 118, 136, 128, 1321759, 1290260, 0.4, 50, 100, 4, 25, 5000, 5
0, 6750, 93, 124, 111, 1185310, 1108575, 0.4, 50, 100, 4, 25, 5000, 5
1, 5316, 103, 109, 106, 1018232, 1028349, 0.4, 50, 100, 4, 17, 5000, 5
0, 6750, 104, 129, 124, 1171976, 1112950, 0.4, 50, 100, 4, 33, 5000, 5
0, 6750, 118, 136, 139, 1246412, 1202048, 0.4, 50, 100, 4, 29, 5000, 5
0, 6750, 100, 128, 120, 1147357, 1042743, 0.4, 50, 100, 4, 26, 5000, 5
0, 6750, 103, 125, 121, 1265290, 1166772, 0.4, 50, 100, 4, 27, 5000, 5
0, 6750, 94, 115, 101, 1345069, 1275726, 0.4, 50, 100, 4, 24, 5000, 5
0, 6750, 108, 134, 121, 1338300, 1240078, 0.4, 50, 100, 4, 26, 5000, 5
0, 6750, 109, 128, 128, 1193724, 1082976, 0.4, 50, 100, 4, 23, 5000, 5
0, 6750, 98, 125, 119, 1225037, 1117840, 0.4, 50, 100, 4, 26, 5000, 5
0, 6750, 96, 119, 110, 1211888, 1140670, 0.4, 50, 100, 4, 24, 5000, 5
1, 5979, 92, 97, 99, 1043289, 1048463, 0.4, 50, 100, 4, 19, 5000, 5
1, 5462, 101, 106, 103, 1039366, 1045825, 0.4, 50, 100, 4, 18, 5000, 5
0, 6750, 100, 125, 111, 1203719, 1162615, 0.4, 50, 100, 4, 22, 5000, 5
0, 6750, 115, 129, 131, 1221144, 1136912, 0.4, 50, 100, 4, 28, 5000, 5
0, 6750, 99, 118, 112, 1251130, 1194793, 0.4, 50, 100, 4, 24, 5000, 5
0, 6750, 92, 116, 107, 1105674, 1014579, 0.4, 50, 100, 4, 24, 5000, 5
0, 6750, 100, 125, 116, 1183254, 1080559, 0.4, 50, 100, 4, 32, 5000, 5
0, 6750, 85, 103, 104, 1191661, 1108755, 0.4, 50, 100, 4, 24, 5000, 5
0, 6750, 111, 125, 126, 1315381, 1259820, 0.4, 50, 100, 4, 26, 5000, 5
0, 6750, 110, 132, 126, 1153505, 1085935, 0.4, 50, 100, 4, 26, 5000, 5
1, 5414, 104, 109, 110, 967713, 969915, 0.4, 50, 100, 4, 16, 5000, 5
0, 6750, 110, 132, 122, 1040438, 990528, 0.4, 50, 100, 4, 24, 5000, 5
0, 6750, 108, 132, 120, 1278071, 1200577, 0.4, 50, 100, 4, 25, 5000, 5
0, 6750, 110, 140, 126, 1219274, 1147877, 0.4, 50, 100, 4, 27, 5000, 5
0, 6750, 91, 123, 107, 1214537, 1121309, 0.4, 50, 100, 4, 21, 5000, 5
0, 6750, 94, 121, 109, 1205332, 1104913, 0.4, 50, 100, 4, 27, 5000, 5
0, 6750, 102, 125, 113, 1126143, 1037044, 0.4, 50, 100, 4, 28, 5000, 5
0, 6750, 79, 103, 92, 1214162, 1109485, 0.4, 50, 100, 4, 26, 5000, 5
0, 6750, 107, 128, 120, 1212059, 1152676, 0.4, 50, 100, 4, 23, 5000, 5
0, 6750, 101, 123, 119, 1193954, 1125350, 0.4, 50, 100, 4, 26, 5000, 5
0, 6750, 107, 132, 123, 1151779, 1093866, 0.4, 50, 100, 4, 25, 5000, 5
0, 6750, 99, 134, 119, 1258418, 1112798, 0.4, 50, 100, 4, 25, 5000, 5
0, 6750, 101, 120, 115, 1219260, 1136563, 0.4, 50, 100, 4, 23, 5000, 5
0, 6750, 103, 129, 118, 1189490, 1104279, 0.4, 50, 100, 4, 25, 5000, 5
0, 6750, 97, 132, 114, 1127526, 1061165, 0.4, 50, 100, 4, 24, 5000, 5
0, 6750, 103, 123, 119, 1313439, 1219180, 0.4, 50, 100, 4, 31, 5000, 5
0, 6750, 109, 130, 125, 1292505, 1210958, 0.4, 50, 100, 4, 27, 5000, 5
0, 6750, 116, 142, 125, 1300814, 1173479, 0.4, 50, 100, 4, 25, 5000, 5
0, 6750, 95, 120, 116, 1355787, 1302386, 0.4, 50, 100, 4, 26, 5000, 5
0, 6750, 102, 123, 122, 1185137, 1105942, 0.4, 50, 100, 4, 23, 5000, 5
1, 5392, 99, 104, 102, 1025880, 1030261, 0.4, 50, 100, 4, 17, 5000, 5
0, 6750, 118, 138, 130, 1233621, 1108259, 0.4, 50, 100, 4, 28, 5000, 5
0, 6750, 89, 107, 102, 1184622, 1121502, 0.4, 50, 100, 4, 25, 5000, 5
0, 6750, 111, 133, 128, 1256827, 1180972, 0.4, 50, 100, 4, 30, 5000, 5
0, 6750, 100, 128, 117, 1253723, 1189751, 0.4, 50, 100, 4, 24, 5000, 5
1, 5754, 103, 109, 110, 1037336, 1046854, 0.4, 50, 100, 4, 19, 5000, 5
0, 6750, 95, 118, 111, 1312298, 1234100, 0.4, 50, 100, 4, 28, 5000, 5
0, 6750, 102, 125, 117, 1149908, 1107680, 0.4, 50, 100, 4, 23, 5000, 5
0, 6750, 96, 115, 113, 1153649, 1128918, 0.4, 50, 100, 4, 24, 5000, 5
0, 6750, 103, 128, 120, 1193963, 1106004, 0.4, 50, 100, 4, 30, 5000, 5
0, 6750, 104, 124, 119, 1094400, 1036380, 0.4, 50, 100, 4, 25, 5000, 5
0, 6750, 100, 120, 118, 1237726, 1176195, 0.4, 50, 100, 4, 24, 5000, 5
0, 6750, 100, 115, 114, 1184918, 1076270, 0.4, 50, 100, 4, 26, 5000, 5
0, 6750, 107, 130, 125, 1578984, 1504505, 0.4, 50, 100, 5, 28, 5000, 5
0, 6750, 112, 138, 131, 1587738, 1476690, 0.4, 50, 100, 5, 32, 5000, 5
0, 6750, 101, 129, 115, 1541861, 1434157, 0.4, 50, 100, 5, 33, 5000, 5
0, 6750, 86, 116, 104, 1420660, 1362888, 0.4, 50, 100, 5, 34, 5000, 5
0, 6750, 106, 122, 116, 1578450, 1518470, 0.4, 50, 100, 5, 31, 5000, 5
0, 6750, 98, 114, 108, 1557163, 1470303, 0.4, 50, 100, 5, 30, 5000, 5
0, 6750, 93, 123, 108, 1499441, 1402749, 0.4, 50, 100, 5, 30, 5000, 5
0, 6750, 95, 112, 108, 1562298, 1477991, 0.4, 50, 100, 5, 38, 5000, 5
0, 6750, 106, 129, 125, 1448742, 1379366, 0.4, 50, 100, 5, 33, 5000, 5
0, 6750, 98, 116, 115, 1497617, 1394420, 0.4, 50, 100, 5, 36, 5000, 5
0, 6750, 113, 140, 130, 1401619, 1278982, 0.4, 50, 100, 5, 30, 5000, 5
0, 6750, 98, 124, 107, 1551777, 1489260, 0.4, 50, 100, 5, 31, 5000, 5
0, 6750, 104, 130, 122, 1571678, 1495275, 0.4, 50, 100, 5, 35, 5000, 5
1, 5427, 101, 106, 108, 1349200, 1362541, 0.4, 50, 100, 5, 22, 5000, 5
0, 6750, 97, 129, 117, 1550019, 1445991, 0.4, 50, 100, 5, 34, 5000, 5
0, 6750, 71, 98, 84, 1502744, 1417356, 0.4, 50, 100, 5, 28, 5000, 5
0, 6750, 95, 118, 112, 1574640, 1528982, 0.4, 50, 100, 5, 30, 5000, 5
0, 6750, 108, 136, 117, 1645645, 1509310, 0.4, 50, 100, 5, 30, 5000, 5
0, 6750, 99, 125, 111, 1496719, 1357107, 0.4, 50, 100, 5, 32, 5000, 5
0, 6750, 103, 127, 111, 1576369, 1448666, 0.4, 50, 100, 5, 34, 5000, 5
1, 5563, 98, 103, 102, 1427677, 1455283, 0.4, 50, 100, 5, 24, 5000, 5
0, 6750, 102, 131, 113, 1417637, 1321575, 0.4, 50, 100, 5, 34, 5000, 5
0, 6750, 104, 121, 120, 1441794, 1379588, 0.4, 50, 100, 5, 30, 5000, 5
0, 6750, 95, 115, 115, 1552505, 1458351, 0.4, 50, 100, 5, 33, 5000, 5
0, 6750, 107, 131, 124, 1448566, 1332068, 0.4, 50, 100, 5, 45, 5000, 5
0, 6750, 93, 113, 109, 1611740, 1498992, 0.4, 50, 100, 5, 30, 5000, 5
0, 6750, 97, 126, 111, 1490738, 1348010, 0.4, 50, 100, 5, 31, 5000, 5
0, 6750, 106, 131, 113, 1520399, 1421549, 0.4, 50, 100, 5, 36, 5000, 5
0, 6750, 86, 102, 101, 1603072, 1549024, 0.4, 50, 100, 5, 31, 5000, 5
0, 6750, 102, 132, 122, 1573658, 1457064, 0.4, 50, 100, 5, 35, 5000, 5
0, 6750, 105, 129, 115, 1518046, 1354385, 0.4, 50, 100, 5, 29, 5000, 5
0, 6750, 91, 107, 104, 1491664, 1394964, 0.4, 50, 100, 5, 28, 5000, 5
0, 6750, 94, 130, 116, 1571472, 1471424, 0.4, 50, 100, 5, 30, 5000, 5
0, 6750, 122, 148, 134, 1556619, 1436668, 0.4, 50, 100, 5, 34, 5000, 5
0, 6750, 82, 103, 93, 1555671, 1402357, 0.4, 50, 100, 5, 32, 5000, 5
0, 6750, 102, 117, 121, 1544689, 1501855, 0.4, 50, 100, 5, 31, 5000, 5
0, 6750, 111, 139, 134, 1647073, 1584404, 0.4, 50, 100, 5, 30, 5000, 5
0, 6750, 103, 129, 117, 1574389, 1506631, 0.4, 50, 100, 5, 29, 5000, 5
0, 6750, 96, 120, 113, 1407800, 1345409, 0.4, 50, 100, 5, 30, 5000, 5
0, 6750, 104, 121, 124, 1454887, 1372915, 0.4, 50, 100, 5, 32, 5000, 5
0, 6750, 96, 115, 118, 1367395, 1312086, 0.4, 50, 100, 5, 31, 5000, 5
0, 6750, 76, 94, 97, 1581732, 1538737, 0.4, 50, 100, 5, 32, 5000, 5
0, 6750, 102, 128, 127, 1415879, 1288291, 0.4, 50, 100, 5, 31, 5000, 5
0, 6750, 88, 110, 99, 1584637, 1481546, 0.4, 50, 100, 5, 30, 5000, 5
0, 6750, 107, 129, 119, 1609087, 1516703, 0.4, 50, 100, 5, 34, 5000, 5
0, 6750, 116, 138, 133, 1553018, 1447831, 0.4, 50, 100, 5, 33, 5000, 5
1, 5294, 87, 93, 88, 1246529, 1255355, 0.4, 50, 100, 5, 23, 5000, 5
0, 6750, 119, 138, 134, 1475438, 1421200, 0.4, 50, 100, 5, 32, 5000, 5
0, 6750, 104, 131, 127, 1490312, 1464335, 0.4, 50, 100, 5, 32, 5000, 5
0, 6750, 97, 115, 106, 1367435, 1333095, 0.4, 50, 100, 5, 32, 5000, 5
0, 6750, 108, 127, 119, 1504919, 1379853, 0.4, 50, 100, 5, 31, 5000, 5
0, 6750, 97, 117, 113, 1526431, 1385897, 0.4, 50, 100, 5, 30, 5000, 5
0, 6750, 114, 129, 132, 1548094, 1497192, 0.4, 50, 100, 5, 33, 5000, 5
1, 5670, 89, 94, 98, 1442040, 1452545, 0.4, 50, 100, 5, 24, 5000, 5
0, 6750, 106, 129, 120, 1490257, 1377521, 0.4, 50, 100, 5, 32, 5000, 5
0, 6750, 117, 136, 135, 1522279, 1412458, 0.4, 50, 100, 5, 30, 5000, 5
0, 6750, 97, 123, 115, 1531979, 1368050, 0.4, 50, 100, 5, 30, 5000, 5
0, 6750, 90, 116, 108, 1601121, 1482037, 0.4, 50, 100, 5, 31, 5000, 5
0, 6750, 94, 118, 107, 1413557, 1315428, 0.4, 50, 100, 5, 30, 5000, 5
0, 6750, 97, 113, 116, 1619960, 1567897, 0.4, 50, 100, 5, 33, 5000, 5
0, 6750, 86, 105, 97, 1464951, 1357332, 0.4, 50, 100, 5, 30, 5000, 5
0, 6750, 104, 122, 115, 1406079, 1343822, 0.4, 50, 100, 5, 30, 5000, 5
0, 6750, 103, 125, 122, 1461747, 1390855, 0.4, 50, 100, 5, 31, 5000, 5
0, 6750, 86, 107, 97, 1531582, 1468598, 0.4, 50, 100, 5, 36, 5000, 5
0, 6750, 89, 113, 102, 1500216, 1405360, 0.4, 50, 100, 5, 31, 5000, 5
0, 6750, 116, 128, 124, 1618688, 1500724, 0.4, 50, 100, 5, 33, 5000, 5
1, 5507, 103, 108, 105, 1297835, 1306319, 0.4, 50, 100, 5, 25, 5000, 5
0, 6750, 124, 141, 143, 1456888, 1452656, 0.4, 50, 100, 5, 34, 5000, 5
0, 6750, 108, 121, 127, 1387959, 1342313, 0.4, 50, 100, 5, 33, 5000, 5
0, 6750, 88, 116, 96, 1515974, 1425528, 0.4, 50, 100, 5, 31, 5000, 5
0, 6750, 91, 111, 111, 1564250, 1439324, 0.4, 50, 100, 5, 32, 5000, 5
0, 6750, 100, 123, 112, 1461611, 1359962, 0.4, 50, 100, 5, 46, 5000, 5
0, 6750, 102, 125, 124, 1473604, 1433730, 0.4, 50, 100, 5, 32, 5000, 5
0, 6750, 93, 117, 107, 1608044, 1471639, 0.4, 50, 100, 5, 30, 5000, 5
0, 6750, 108, 137, 128, 1530503, 1404978, 0.4, 50, 100, 5, 38, 5000, 5
0, 6750, 115, 145, 136, 1597246, 1500585, 0.4, 50, 100, 5, 32, 5000, 5
0, 6750, 96, 115, 104, 1651141, 1559518, 0.4, 50, 100, 5, 34, 5000, 5
0, 6750, 90, 119, 107, 1601290, 1493864, 0.4, 50, 100, 5, 30, 5000, 5
0, 6750, 86, 104, 101, 1601323, 1546349, 0.4, 50, 100, 5, 32, 5000, 5
0, 6750, 99, 123, 115, 1576925, 1465375, 0.4, 50, 100, 5, 35, 5000, 5
0, 6750, 114, 133, 128, 1494785, 1471855, 0.4, 50, 100, 5, 32, 5000, 5
1, 5554, 107, 113, 112, 1306684, 1316827, 0.4, 50, 100, 5, 24, 5000, 5
0, 6750, 101, 125, 114, 1499359, 1402441, 0.4, 50, 100, 5, 31, 5000, 5
0, 6750, 95, 124, 113, 1411167, 1369854, 0.4, 50, 100, 5, 32, 5000, 5
0, 6750, 98, 116, 103, 1469578, 1402902, 0.4, 50, 100, 5, 37, 5000, 5
0, 6750, 103, 129, 126, 1593951, 1497148, 0.4, 50, 100, 5, 34, 5000, 5
0, 6750, 99, 122, 116, 1451140, 1372036, 0.4, 50, 100, 5, 32, 5000, 5
0, 6750, 91, 114, 100, 1548125, 1469834, 0.4, 50, 100, 5, 36, 5000, 5
0, 6750, 101, 129, 114, 1509265, 1355591, 0.4, 50, 100, 5, 31, 5000, 5
1, 5347, 103, 108, 110, 1281942, 1284345, 0.4, 50, 100, 5, 20, 5000, 5
0, 6750, 96, 120, 110, 1544767, 1445868, 0.4, 50, 100, 5, 34, 5000, 5
0, 6750, 82, 112, 97, 1459089, 1286489, 0.4, 50, 100, 5, 32, 5000, 5
0, 6750, 96, 112, 109, 1579202, 1482422, 0.4, 50, 100, 5, 32, 5000, 5
0, 6750, 96, 110, 107, 1486623, 1335855, 0.4, 50, 100, 5, 34, 5000, 5
0, 6750, 101, 124, 119, 1593677, 1484105, 0.4, 50, 100, 5, 32, 5000, 5
0, 6750, 102, 124, 115, 1486831, 1431551, 0.4, 50, 100, 5, 31, 5000, 5
0, 6750, 108, 133, 123, 1664384, 1487764, 0.4, 50, 100, 5, 31, 5000, 5
0, 6750, 99, 122, 116, 1669729, 1592226, 0.4, 50, 100, 5, 33, 5000, 5
0, 6750, 90, 106, 98, 1531264, 1487803, 0.4, 50, 100, 5, 29, 5000, 5
0, 6750, 88, 112, 109, 1508798, 1414738, 0.4, 50, 100, 5, 43, 5000, 5
0, 6750, 98, 121, 107, 1786922, 1595296, 0.4, 50, 100, 6, 40, 5000, 5
0, 6750, 109, 131, 128, 1750808, 1605763, 0.4, 50, 100, 6, 39, 5000, 5
0, 6750, 108, 127, 128, 1649607, 1539190, 0.4, 50, 100, 6, 41, 5000, 5
0, 6750, 84, 104, 94, 1899827, 1831269, 0.4, 50, 100, 6, 38, 5000, 5
0, 6750, 95, 121, 113, 1737646, 1650339, 0.4, 50, 100, 6, 39, 5000, 5
0, 6750, 111, 127, 121, 1874574, 1810600, 0.4, 50, 100, 6, 44, 5000, 5
0, 6750, 110, 135, 126, 1813220, 1658026, 0.4, 50, 100, 6, 46, 5000, 5
0, 6750, 110, 127, 132, 1807854, 1712983, 0.4, 50, 100, 6, 40, 5000, 5
0, 6750, 103, 133, 125, 1910438, 1841557, 0.4, 50, 100, 6, 44, 5000, 5
1, 5100, 111, 116, 114, 1439289, 1440012, 0.4, 50, 100, 6, 29, 5000, 5
0, 6750, 110, 131, 124, 1878085, 1797691, 0.4, 50, 100, 6, 37, 5000, 5
0, 6750, 104, 133, 120, 1767441, 1656305, 0.4, 50, 100, 6, 43, 5000, 5
0, 6750, 101, 120, 121, 1802364, 1755614, 0.4, 50, 100, 6, 38, 5000, 5
0, 6750, 115, 130, 130, 1793551, 1683690, 0.4, 50, 100, 6, 47, 5000, 5
0, 6750, 112, 140, 129, 1889493, 1771178, 0.4, 50, 100, 6, 40, 5000, 5
0, 6750, 94, 114, 117, 1754620, 1659025, 0.4, 50, 100, 6, 43, 5000, 5
0, 6750, 92, 102, 102, 1742154, 1713191, 0.4, 50, 100, 6, 42, 5000, 5
0, 6750, 100, 124, 109, 1784392, 1612094, 0.4, 50, 100, 6, 43, 5000, 5
0, 6750, 98, 124, 114, 1730726, 1649537, 0.4, 50, 100, 6, 42, 5000, 5
0, 6750, 93, 117, 113, 1776897, 1687256, 0.4, 50, 100, 6, 38, 5000, 5
0, 6750, 97, 120, 109, 1940223, 1755848, 0.4, 50, 100, 6, 40, 5000, 5
0, 6750, 106, 122, 123, 1796922, 1718517, 0.4, 50, 100, 6, 43, 5000, 5
0, 6750, 121, 147, 136, 1806423, 1672441, 0.4, 50, 100, 6, 42, 5000, 5
0, 6750, 113, 133, 130, 1771359, 1676254, 0.4, 50, 100, 6, 47, 5000, 5
0, 6750, 102, 121, 115, 1742746, 1649713, 0.4, 50, 100, 6, 43, 5000, 5
0, 6750, 97, 121, 116, 1822361, 1714892, 0.4, 50, 100, 6, 38, 5000, 5
0, 6750, 106, 121, 122, 1772071, 1744307, 0.4, 50, 100, 6, 38, 5000, 5
0, 6750, 97, 126, 113, 1966306, 1783732, 0.4, 50, 100, 6, 40, 5000, 5
0, 6750, 83, 104, 97, 1900883, 1745818, 0.4, 50, 100, 6, 41, 5000, 5
0, 6750, 100, 129, 117, 1850729, 1716728, 0.4, 50, 100, 6, 36, 5000, 5
0, 6750, 101, 129, 117, 1838580, 1783170, 0.4, 50, 100, 6, 40, 5000, 5
0, 6750, 107, 125, 114, 1786491, 1666821, 0.4, 50, 100, 6, 52, 5000, 5
0, 6750, 81, 98, 100, 1748798, 1730369, 0.4, 50, 100, 6, 40, 5000, 5
0, 6750, 90, 110, 100, 1892682, 1750776, 0.4, 50, 100, 6, 45, 5000, 5
0, 6750, 95, 120, 104, 1799332, 1596075, 0.4, 50, 100, 6, 40, 5000, 5
0, 6750, 97, 128, 104, 1872048, 1703705, 0.4, 50, 100, 6, 43, 5000, 5
0, 6750, 113, 140, 125, 1816970, 1673251, 0.4, 50, 100, 6, 37, 5000, 5
0, 6750, 109, 137, 125, 1866093, 1684934, 0.4, 50, 100, 6, 42, 5000, 5
0, 6750, 93, 116, 105, 1711714, 1567785, 0.4, 50, 100, 6, 42, 5000, 5
0, 6750, 105, 131, 125, 1872711, 1732455, 0.4, 50, 100, 6, 43, 5000, 5
0, 6750, 115, 135, 130, 1819686, 1657876, 0.4, 50, 100, 6, 40, 5000, 5
0, 6750, 88, 104, 104, 1803865, 1711856, 0.4, 50, 100, 6, 43, 5000, 5
0, 6750, 101, 120, 120, 1871487, 1771815, 0.4, 50, 100, 6, 42, 5000, 5
0, 6750, 92, 115, 108, 1793665, 1724885, 0.4, 50, 100, 6, 42, 5000, 5
0, 6750, 116, 130, 128, 1792209, 1715709, 0.4, 50, 100, 6, 39, 5000, 5
0, 6750, 97, 127, 114, 1822897, 1662692, 0.4, 50, 100, 6, 40, 5000, 5
0, 6750, 78, 98, 87, 1918808, 1773177, 0.4, 50, 100, 6, 39, 5000, 5
0, 6750, 105, 130, 124, 1945781, 1862868, 0.4, 50, 100, 6, 38, 5000, 5
0, 6750, 97, 120, 114, 1765593, 1688665, 0.4, 50, 100, 6, 39, 5000, 5
0, 6750, 103, 132, 115, 1793949, 1716982, 0.4, 50, 100, 6, 44, 5000, 5
0, 6750, 92, 113, 107, 1738720, 1596617, 0.4, 50, 100, 6, 44, 5000, 5
0, 6750, 91, 120, 105, 1729690, 1656739, 0.4, 50, 100, 6, 40, 5000, 5
0, 6750, 115, 130, 123, 1757290, 1641726, 0.4, 50, 100, 6, 46, 5000, 5
0, 6750, 67, 87, 76, 1950537, 1815438, 0.4, 50, 100, 6, 39, 5000, 5
0, 6750, 99, 117, 113, 1792806, 1718627, 0.4, 50, 100, 6, 42, 5000, 5
0, 6750, 108, 132, 125, 1889540, 1778353, 0.4, 50, 100, 6, 41, 5000, 5
0, 6750, 84, 101, 104, 1854941, 1698293, 0.4, 50, 100, 6, 39, 5000, 5
1, 5341, 100, 106, 102, 1342918, 1344416, 0.4, 50, 100, 6, 27, 5000, 5
0, 6750, 99, 120, 108, 1805159, 1681631, 0.4, 50, 100, 6, 41, 5000, 5
0, 6750, 108, 131, 125, 1765724, 1625385, 0.4, 50, 100, 6, 41, 5000, 5
0, 6750, 93, 117, 104, 1907909, 1811774, 0.4, 50, 100, 6, 39, 5000, 5
0, 6750, 100, 117, 117, 1769739, 1668667, 0.4, 50, 100, 6, 41, 5000, 5
0, 6750, 104, 136, 117, 1847643, 1745629, 0.4, 50, 100, 6, 41, 5000, 5
0, 6750, 109, 123, 123, 1879600, 1776578, 0.4, 50, 100, 6, 42, 5000, 5
0, 6750, 102, 131, 117, 1913545, 1723446, 0.4, 50, 100, 6, 47, 5000, 5
0, 6750, 111, 133, 129, 1713064, 1652902, 0.4, 50, 100, 6, 37, 5000, 5
0, 6750, 94, 117, 114, 1753787, 1661587, 0.4, 50, 100, 6, 42, 5000, 5
0, 6750, 106, 126, 120, 1827618, 1730905, 0.4, 50, 100, 6, 41, 5000, 5
0, 6750, 82, 104, 96, 1723948, 1630134, 0.4, 50, 100, 6, 39, 5000, 5
0, 6750, 111, 134, 124, 1755728, 1603235, 0.4, 50, 100, 6, 41, 5000, 5
0, 6750, 109, 131, 126, 1720598, 1605750, 0.4, 50, 100, 6, 45, 5000, 5
0, 6750, 89, 109, 104, 1761410, 1638145, 0.4, 50, 100, 6, 41, 5000, 5
0, 6750, 96, 124, 114, 1788084, 1722510, 0.4, 50, 100, 6, 39, 5000, 5
0, 6750, 98, 115, 116, 1742659, 1681887, 0.4, 50, 100, 6, 40, 5000, 5
0, 6750, 109, 126, 126, 1816487, 1707954, 0.4, 50, 100, 6, 48, 5000, 5
0, 6750, 107, 120, 120, 1775213, 1734022, 0.4, 50, 100, 6, 43, 5000, 5
0, 6750, 106, 124, 124, 1772436, 1640056, 0.4, 50, 100, 6, 46, 5000, 5
1, 5951, 116, 124, 124, 1662043, 1664275, 0.4, 50, 100, 6, 32, 5000, 5
0, 6750, 96, 120, 111, 1670838, 1587889, 0.4, 50, 100, 6, 40, 5000, 5
1, 5915, 93, 98, 102, 1629873, 1652504, 0.4, 50, 100, 6, 33, 5000, 5
0, 6750, 103, 122, 116, 1998186, 1867486, 0.4, 50, 100, 6, 37, 5000, 5
0, 6750, 101, 130, 122, 1854396, 1740121, 0.4, 50, 100, 6, 37, 5000, 5
0, 6750, 101, 118, 112, 1830473, 1741954, 0.4, 50, 100, 6, 41, 5000, 5
0, 6750, 95, 117, 109, 1698244, 1642573, 0.4, 50, 100, 6, 48, 5000, 5
0, 6750, 103, 126, 113, 1810080, 1673013, 0.4, 50, 100, 6, 37, 5000, 5
0, 6750, 107, 121, 118, 1892464, 1751254, 0.4, 50, 100, 6, 41, 5000, 5
0, 6750, 87, 109, 97, 1846663, 1761502, 0.4, 50, 100, 6, 41, 5000, 5
0, 6750, 117, 132, 135, 1728910, 1679731, 0.4, 50, 100, 6, 44, 5000, 5
0, 6750, 99, 116, 114, 1799251, 1685113, 0.4, 50, 100, 6, 52, 5000, 5
0, 6750, 112, 130, 122, 1778935, 1777553, 0.4, 50, 100, 6, 46, 5000, 5
0, 6750, 96, 125, 111, 1762933, 1683233, 0.4, 50, 100, 6, 39, 5000, 5
0, 6750, 106, 124, 120, 1889395, 1821664, 0.4, 50, 100, 6, 39, 5000, 5
0, 6750, 104, 122, 123, 1747865, 1637005, 0.4, 50, 100, 6, 43, 5000, 5
0, 6750, 90, 118, 107, 1971868, 1830581, 0.4, 50, 100, 6, 41, 5000, 5
0, 6750, 100, 124, 115, 1662010, 1607201, 0.4, 50, 100, 6, 41, 5000, 5
0, 6750, 109, 127, 123, 1845508, 1771293, 0.4, 50, 100, 6, 41, 5000, 5
0, 6750, 93, 110, 110, 2079535, 1980673, 0.4, 50, 100, 6, 42, 5000, 5
0, 6750, 97, 119, 104, 1781540, 1623001, 0.4, 50, 100, 6, 41, 5000, 5
0, 6750, 109, 129, 119, 1773355, 1633436, 0.4, 50, 100, 6, 43, 5000, 5
0, 6750, 100, 120, 110, 1952413, 1747458, 0.4, 50, 100, 6, 44, 5000, 5
1, 5939, 106, 111, 116, 1925419, 1983775, 0.4, 50, 100, 7, 45, 5000, 5
0, 6750, 99, 123, 115, 2004929, 1864240, 0.4, 50, 100, 7, 50, 5000, 5
0, 6750, 106, 136, 122, 2132157, 2012188, 0.4, 50, 100, 7, 52, 5000, 5
0, 6750, 107, 136, 129, 2047748, 1982451, 0.4, 50, 100, 7, 49, 5000, 5
0, 6750, 99, 124, 111, 2188230, 1969189, 0.4, 50, 100, 7, 56, 5000, 5
0, 6750, 93, 114, 103, 2116676, 1964933, 0.4, 50, 100, 7, 54, 5000, 5
0, 6750, 95, 118, 109, 2044206, 1958004, 0.4, 50, 100, 7, 52, 5000, 5
0, 6750, 94, 123, 111, 2175106, 2013802, 0.4, 50, 100, 7, 52, 5000, 5
0, 6750, 96, 122, 117, 2085724, 2019383, 0.4, 50, 100, 7, 49, 5000, 5
0, 6750, 95, 122, 113, 2099621, 1951762, 0.4, 50, 100, 7, 61, 5000, 5
0, 6750, 87, 113, 100, 1966040, 1957113, 0.4, 50, 100, 7, 55, 5000, 5
0, 6750, 109, 133, 125, 2111271, 2032344, 0.4, 50, 100, 7, 54, 5000, 5
1, 5323, 109, 115, 111, 1777583, 1803795, 0.4, 50, 100, 7, 37, 5000, 5
0, 6750, 112, 129, 127, 2281704, 2231956, 0.4, 50, 100, 7, 52, 5000, 5
0, 6750, 93, 115, 103, 2099792, 2056684, 0.4, 50, 100, 7, 58, 5000, 5
0, 6750, 92, 112, 107, 2145171, 2009308, 0.4, 50, 100, 7, 54, 5000, 5
0, 6750, 108, 133, 121, 2187883, 2072355, 0.4, 50, 100, 7, 58, 5000, 5
0, 6750, 119, 143, 133, 2000210, 1843095, 0.4, 50, 100, 7, 51, 5000, 5
0, 6750, 96, 116, 105, 2173665, 1975103, 0.4, 50, 100, 7, 52, 5000, 5
0, 6750, 109, 134, 116, 2107161, 1888683, 0.4, 50, 100, 7, 52, 5000, 5
0, 6750, 103, 122, 117, 2261646, 2091759, 0.4, 50, 100, 7, 48, 5000, 5
0, 6750, 99, 125, 123, 2048651, 1902576, 0.4, 50, 100, 7, 51, 5000, 5
0, 6750, 110, 128, 127, 2196337, 2027086, 0.4, 50, 100, 7, 60, 5000, 5
0, 6750, 98, 120, 114, 2095196, 2011623, 0.4, 50, 100, 7, 61, 5000, 5
0, 6750, 87, 107, 99, 2170011, 1963468, 0.4, 50, 100, 7, 60, 5000, 5
1, 6006, 112, 129, 119, 1914007, 1917490, 0.4, 50, 100, 7, 55, 5000, 5
0, 6750, 104, 117, 115, 2085198, 1915015, 0.4, 50, 100, 7, 66, 5000, 5
0, 6750, 105, 120, 120, 2158996, 2105135, 0.4, 50, 100, 7, 56, 5000, 5
0, 6750, 102, 116, 117, 1998085, 1896099, 0.4, 50, 100, 7, 52, 5000, 5
0, 6750, 108, 128, 122, 2172627, 2047259, 0.4, 50, 100, 7, 67, 5000, 5
0, 6750, 102, 131, 122, 2076870, 1915121, 0.4, 50, 100, 7, 57, 5000, 5
0, 6750, 96, 118, 111, 2212875, 2160686, 0.4, 50, 100, 7, 52, 5000, 5
0, 6750, 85, 111, 107, 2178015, 2041121, 0.4, 50, 100, 7, 58, 5000, 5
0, 6750, 105, 138, 116, 2106220, 1989977, 0.4, 50, 100, 7, 54, 5000, 5
0, 6750, 116, 138, 127, 2025382, 1887197, 0.4, 50, 100, 7, 56, 5000, 5
1, 5714, 92, 99, 102, 1836723, 1842310, 0.4, 50, 100, 7, 40, 5000, 5
0, 6750, 92, 111, 107, 2036038, 1993788, 0.4, 50, 100, 7, 59, 5000, 5
0, 6750, 81, 98, 99, 2255484, 2143918, 0.4, 50, 100, 7, 61, 5000, 5
0, 6750, 100, 134, 121, 2215946, 2106850, 0.4, 50, 100, 7, 47, 5000, 5
0, 6750, 94, 117, 106, 2051849, 1893597, 0.4, 50, 100, 7, 56, 5000, 5
0, 6750, 110, 126, 124, 2185670, 2099898, 0.4, 50, 100, 7, 61, 5000, 5
0, 6750, 98, 112, 110, 2126480, 1988726, 0.4, 50, 100, 7, 60, 5000, 5
0, 6750, 94, 126, 114, 2120911, 1931660, 0.4, 50, 100, 7, 51, 5000, 5
0, 6750, 106, 129, 118, 2124556, 1908370, 0.4, 50, 100, 7, 55, 5000, 5
0, 6750, 94, 111, 110, 2012204, 1929263, 0.4, 50, 100, 7, 49, 5000, 5
0, 6750, 94, 119, 102, 2010461, 1889860, 0.4, 50, 100, 7, 52, 5000, 5
0, 6750, 110, 135, 123, 2115889, 1945722, 0.4, 50, 100, 7, 55, 5000, 5
0, 6750, 120, 143, 134, 2069690, 1944231, 0.4, 50, 100, 7, 52, 5000, 5
0, 6750, 109, 129, 124, 2033857, 1967613, 0.4, 50, 100, 7, 56, 5000, 5
0, 6750, 90, 103, 104, 2172022, 2108324, 0.4, 50, 100, 7, 64, 5000, 5
1, 5909, 91, 110, 106, 1956794, 1963951, 0.4, 50, 100, 7, 49, 5000, 5
0, 6750, 102, 125, 112, 2200281, 2066548, 0.4, 50, 100, 7, 53, 5000, 5
0, 6750, 102, 123, 110, 2293511, 2128589, 0.4, 50, 100, 7, 50, 5000, 5
0, 6750, 101, 122, 114, 2036841, 1879266, 0.4, 50, 100, 7, 52, 5000, 5
0, 6750, 100, 113, 115, 2145410, 2033588, 0.4, 50, 100, 7, 50, 5000, 5
0, 6750, 89, 110, 109, 2164651, 2066326, 0.4, 50, 100, 7, 60, 5000, 5
0, 6750, 111, 137, 119, 2189448, 2029901, 0.4, 50, 100, 7, 54, 5000, 5
0, 6750, 107, 127, 123, 2173848, 2020429, 0.4, 50, 100, 7, 53, 5000, 5
1, 5229, 104, 109, 108, 1799246, 1813994, 0.4, 50, 100, 7, 34, 5000, 5
0, 6750, 108, 128, 118, 2170232, 1932761, 0.4, 50, 100, 7, 56, 5000, 5
0, 6750, 109, 127, 120, 2053276, 1879412, 0.4, 50, 100, 7, 52, 5000, 5
0, 6750, 85, 104, 94, 2137260, 1890165, 0.4, 50, 100, 7, 50, 5000, 5
0, 6750, 110, 128, 125, 2051746, 1928245, 0.4, 50, 100, 7, 52, 5000, 5
0, 6750, 92, 115, 101, 2094674, 1982270, 0.4, 50, 100, 7, 57, 5000, 5
0, 6750, 107, 123, 131, 2071141, 1953101, 0.4, 50, 100, 7, 63, 5000, 5
0, 6750, 97, 114, 116, 2016853, 1957372, 0.4, 50, 100, 7, 53, 5000, 5
0, 6750, 98, 116, 110, 1939069, 1868997, 0.4, 50, 100, 7, 55, 5000, 5
0, 6750, 106, 130, 121, 2049517, 1889610, 0.4, 50, 100, 7, 53, 5000, 5
0, 6750, 96, 116, 110, 2221001, 2108812, 0.4, 50, 100, 7, 53, 5000, 5
0, 6750, 90, 112, 105, 1922619, 1869422, 0.4, 50, 100, 7, 51, 5000, 5
0, 6750, 91, 113, 104, 2213728, 2085900, 0.4, 50, 100, 7, 53, 5000, 5
0, 6750, 91, 119, 113, 2133816, 1983522, 0.4, 50, 100, 7, 50, 5000, 5
0, 6750, 93, 120, 114, 2136487, 1959939, 0.4, 50, 100, 7, 55, 5000, 5
0, 6750, 99, 130, 114, 2062705, 1924269, 0.4, 50, 100, 7, 58, 5000, 5
0, 6750, 105, 128, 121, 2133582, 2107221, 0.4, 50, 100, 7, 59, 5000, 5
0, 6750, 100, 120, 113, 2103451, 1943256, 0.4, 50, 100, 7, 49, 5000, 5
0, 6750, 106, 127, 115, 2020610, 1983688, 0.4, 50, 100, 7, 56, 5000, 5
0, 6750, 101, 130, 120, 2221940, 2137467, 0.4, 50, 100, 7, 51, 5000, 5
0, 6750, 94, 111, 106, 2111130, 2017646, 0.4, 50, 100, 7, 57, 5000, 5
0, 6750, 99, 123, 116, 1998139, 1824452, 0.4, 50, 100, 7, 56, 5000, 5
0, 6750, 107, 132, 131, 2139261, 1981274, 0.4, 50, 100, 7, 60, 5000, 5
0, 6750, 90, 113, 102, 2061419, 1942980, 0.4, 50, 100, 7, 60, 5000, 5
0, 6750, 105, 125, 113, 2059987, 1981348, 0.4, 50, 100, 7, 49, 5000, 5
0, 6750, 94, 119, 105, 2070033, 1959847, 0.4, 50, 100, 7, 51, 5000, 5
0, 6750, 102, 117, 116, 2199867, 1997316, 0.4, 50, 100, 7, 52, 5000, 5
0, 6750, 90, 114, 99, 2080983, 1882281, 0.4, 50, 100, 7, 53, 5000, 5
0, 6750, 94, 126, 110, 2201076, 2034631, 0.4, 50, 100, 7, 58, 5000, 5
0, 6750, 102, 122, 118, 2041653, 1952780, 0.4, 50, 100, 7, 65, 5000, 5
0, 6750, 97, 122, 119, 2131444, 1982174, 0.4, 50, 100, 7, 52, 5000, 5
0, 6750, 91, 111, 112, 2070727, 1990103, 0.4, 50, 100, 7, 47, 5000, 5
0, 6750, 97, 117, 117, 2037728, 1920964, 0.4, 50, 100, 7, 50, 5000, 5
0, 6750, 102, 120, 122, 2186911, 2048165, 0.4, 50, 100, 7, 54, 5000, 5
0, 6750, 90, 111, 124, 2090578, 1971253, 0.4, 50, 100, 7, 51, 5000, 5
0, 6750, 104, 124, 117, 2138618, 2022610, 0.4, 50, 100, 7, 52, 5000, 5
0, 6750, 110, 127, 124, 2110814, 1992433, 0.4, 50, 100, 7, 57, 5000, 5
1, 5538, 121, 127, 125, 1987879, 1996510, 0.4, 50, 100, 7, 53, 5000, 5
0, 6750, 100, 123, 113, 2078302, 1982813, 0.4, 50, 100, 7, 61, 5000, 5
0, 6750, 98, 112, 109, 2114608, 1970525, 0.4, 50, 100, 7, 55, 5000, 5
0, 6750, 113, 131, 132, 2108679, 2002311, 0.4, 50, 100, 7, 57, 5000, 5
0, 6750, 104, 123, 121, 2104978, 1996850, 0.4, 50, 100, 7, 62, 5000, 5
0, 6750, 101, 117, 119, 2537341, 2494242, 0.4, 50, 100, 9, 70, 5000, 5
0, 6750, 101, 127, 114, 2714437, 2538044, 0.4, 50, 100, 9, 69, 5000, 5
0, 6750, 106, 126, 119, 2691633, 2473658, 0.4, 50, 100, 9, 78, 5000, 5
0, 6750, 108, 139, 123, 2707531, 2515818, 0.4, 50, 100, 9, 82, 5000, 5
0, 6750, 91, 114, 105, 2722414, 2556574, 0.4, 50, 100, 9, 77, 5000, 5
0, 6750, 99, 120, 118, 2673482, 2539821, 0.4, 50, 100, 9, 73, 5000, 5
0, 6750, 90, 108, 101, 2680952, 2483712, 0.4, 50, 100, 9, 86, 5000, 5
0, 6750, 84, 114, 100, 2771199, 2608726, 0.4, 50, 100, 9, 71, 5000, 5
0, 6750, 100, 116, 111, 2801160, 2622234, 0.4, 50, 100, 9, 85, 5000, 5
0, 6750, 82, 104, 100, 2611035, 2579219, 0.4, 50, 100, 9, 81, 5000, 5
0, 6750, 97, 125, 109, 2648619, 2462895, 0.4, 50, 100, 9, 80, 5000, 5
0, 6750, 108, 126, 122, 2806150, 2646045, 0.4, 50, 100, 9, 76, 5000, 5
0, 6750, 104, 129, 118, 2528843, 2439517, 0.4, 50, 100, 9, 82, 5000, 5
0, 6750, 114, 135, 130, 2666805, 2546658, 0.4, 50, 100, 9, 83, 5000, 5
0, 6750, 111, 135, 123, 2844187, 2613240, 0.4, 50, 100, 9, 79, 5000, 5
0, 6750, 103, 126, 119, 2802894, 2654090, 0.4, 50, 100, 9, 76, 5000, 5
0, 6750, 103, 129, 121, 2813709, 2673844, 0.4, 50, 100, 9, 73, 5000, 5
0, 6750, 111, 126, 129, 2647896, 2534298, 0.4, 50, 100, 9, 77, 5000, 5
0, 6750, 104, 140, 123, 2736251, 2467528, 0.4, 50, 100, 9, 84, 5000, 5
0, 6750, 98, 123, 114, 2961164, 2781575, 0.4, 50, 100, 9, 88, 5000, 5
0, 6750, 107, 135, 123, 2720037, 2593149, 0.4, 50, 100, 9, 72, 5000, 5
0, 6750, 101, 127, 121, 2645925, 2508022, 0.4, 50, 100, 9, 84, 5000, 5
0, 6750, 89, 114, 102, 2722764, 2540452, 0.4, 50, 100, 9, 77, 5000, 5
0, 6750, 81, 103, 92, 2682065, 2514060, 0.4, 50, 100, 9, 74, 5000, 5
0, 6750, 101, 119, 114, 2673167, 2511350, 0.4, 50, 100, 9, 74, 5000, 5
0, 6750, 111, 136, 123, 2707765, 2526575, 0.4, 50, 100, 9, 86, 5000, 5
0, 6750, 100, 131, 121, 2752302, 2595230, 0.4, 50, 100, 9, 94, 5000, 5
0, 6750, 114, 135, 132, 2609023, 2580538, 0.4, 50, 100, 9, 73, 5000, 5
0, 6750, 99, 112, 112, 2783893, 2676688, 0.4, 50, 100, 9, 85, 5000, 5
0, 6750, 86, 107, 104, 2749807, 2623755, 0.4, 50, 100, 9, 88, 5000, 5
0, 6750, 111, 140, 124, 2753828, 2622087, 0.4, 50, 100, 9, 70, 5000, 5
0, 6750, 101, 122, 113, 2681880, 2473946, 0.4, 50, 100, 9, 77, 5000, 5
1, 5730, 119, 127, 126, 2408418, 2409247, 0.4, 50, 100, 9, 55, 5000, 5
0, 6750, 83, 97, 97, 2602776, 2513307, 0.4, 50, 100, 9, 71, 5000, 5
0, 6750, 100, 131, 112, 2778173, 2586172, 0.4, 50, 100, 9, 73, 5000, 5
0, 6750, 105, 128, 126, 2881691, 2723206, 0.4, 50, 100, 9, 79, 5000, 5
0, 6750, 88, 106, 106, 2869517, 2787602, 0.4, 50, 100, 9, 71, 5000, 5
0, 6750, 96, 120, 105, 2625038, 2474787, 0.4, 50, 100, 9, 79, 5000, 5
0, 6750, 88, 107, 105, 2903253, 2839327, 0.4, 50, 100, 9, 70, 5000, 5
0, 6750, 100, 120, 115, 2673687, 2538913, 0.4, 50, 100, 9, 71, 5000, 5
0, 6750, 104, 130, 120, 2621674, 2483947, 0.4, 50, 100, 9, 77, 5000, 5
0, 6750, 88, 109, 107, 2900004, 2869345, 0.4, 50, 100, 9, 68, 5000, 5
1, 5667, 103, 110, 108, 2281464, 2299794, 0.4, 50, 100, 9, 61, 5000, 5
0, 6750, 98, 121, 111, 2784156, 2585180, 0.4, 50, 100, 9, 71, 5000, 5
0, 6750, 94, 111, 110, 2895329, 2772747, 0.4, 50, 100, 9, 72, 5000, 5
0, 6750, 95, 115, 107, 2485669, 2398181, 0.4, 50, 100, 9, 74, 5000, 5
0, 6750, 97, 123, 115, 2696968, 2532507, 0.4, 50, 100, 9, 70, 5000, 5
0, 6750, 111, 130, 123, 2664506, 2536114, 0.4, 50, 100, 9, 81, 5000, 5
0, 6750, 114, 132, 129, 2737226, 2523779, 0.4, 50, 100, 9, 68, 5000, 5
0, 6750, 88, 106, 106, 2767386, 2615632, 0.4, 50, 100, 9, 79, 5000, 5
0, 6750, 114, 142, 131, 2789154, 2554748, 0.4, 50, 100, 9, 67, 5000, 5
0, 6750, 109, 126, 121, 2749130, 2688058, 0.4, 50, 100, 9, 74, 5000, 5
0, 6750, 101, 122, 122, 2543251, 2409195, 0.4, 50, 100, 9, 71, 5000, 5
0, 6750, 93, 120, 106, 2757454, 2573097, 0.4, 50, 100, 9, 72, 5000, 5
0, 6750, 94, 121, 107, 2722083, 2601703, 0.4, 50, 100, 9, 72, 5000, 5
0, 6750, 90, 110, 105, 2762060, 2632785, 0.4, 50, 100, 9, 70, 5000, 5
0, 6750, 100, 124, 115, 2671764, 2478951, 0.4, 50, 100, 9, 89, 5000, 5
0, 6750, 101, 128, 122, 2611155, 2466777, 0.4, 50, 100, 9, 71, 5000, 5
0, 6750, 108, 128, 118, 2798884, 2625946, 0.4, 50, 100, 9, 73, 5000, 5
0, 6750, 92, 119, 112, 2600605, 2502825, 0.4, 50, 100, 9, 69, 5000, 5
0, 6750, 104, 130, 122, 2680533, 2545233, 0.4, 50, 100, 9, 90, 5000, 5
0, 6750, 101, 123, 112, 2696326, 2552326, 0.4, 50, 100, 9, 80, 5000, 5
0, 6750, 99, 123, 119, 2821240, 2664400, 0.4, 50, 100, 9, 75, 5000, 5
0, 6750, 107, 131, 126, 2813705, 2615569, 0.4, 50, 100, 9, 74, 5000, 5
0, 6750, 92, 111, 107, 2759177, 2667028, 0.4, 50, 100, 9, 70, 5000, 5
0, 6750, 85, 98, 97, 2851886, 2686989, 0.4, 50, 100, 9, 75, 5000, 5
0, 6750, 87, 109, 106, 2688340, 2599247, 0.4, 50, 100, 9, 74, 5000, 5
0, 6750, 119, 146, 125, 2714273, 2513029, 0.4, 50, 100, 9, 73, 5000, 5
0, 6750, 86, 103, 96, 2970835, 2699699, 0.4, 50, 100, 9, 69, 5000, 5
0, 6750, 104, 131, 119, 2775925, 2629353, 0.4, 50, 100, 9, 72, 5000, 5
0, 6750, 108, 129, 123, 2752616, 2633873, 0.4, 50, 100, 9, 76, 5000, 5
0, 6750, 84, 111, 105, 2945439, 2683030, 0.4, 50, 100, 9, 74, 5000, 5
1, 5524, 100, 105, 105, 2264696, 2281488, 0.4, 50, 100, 9, 58, 5000, 5
0, 6750, 101, 121, 114, 2801943, 2645358, 0.4, 50, 100, 9, 81, 5000, 5
0, 6750, 100, 127, 118, 2780975, 2641319, 0.4, 50, 100, 9, 72, 5000, 5
0, 6750, 93, 122, 109, 2703567, 2553345, 0.4, 50, 100, 9, 80, 5000, 5
0, 6750, 114, 133, 129, 2838936, 2644820, 0.4, 50, 100, 9, 80, 5000, 5
0, 6750, 95, 126, 118, 2779096, 2634708, 0.4, 50, 100, 9, 80, 5000, 5
0, 6750, 101, 120, 115, 2706193, 2524882, 0.4, 50, 100, 9, 79, 5000, 5
0, 6750, 113, 134, 129, 2699861, 2523729, 0.4, 50, 100, 9, 87, 5000, 5
0, 6750, 93, 116, 110, 2939363, 2747211, 0.4, 50, 100, 9, 77, 5000, 5
0, 6750, 101, 129, 113, 2829257, 2581983, 0.4, 50, 100, 9, 77, 5000, 5
0, 6750, 107, 121, 120, 2803792, 2609800, 0.4, 50, 100, 9, 86, 5000, 5
0, 6750, 89, 130, 109, 2790680, 2589372, 0.4, 50, 100, 9, 81, 5000, 5
0, 6750, 113, 132, 126, 2773268, 2603437, 0.4, 50, 100, 9, 78, 5000, 5
0, 6750, 114, 144, 134, 2649491, 2523404, 0.4, 50, 100, 9, 81, 5000, 5
0, 6750, 100, 126, 120, 2836092, 2675338, 0.4, 50, 100, 9, 87, 5000, 5
0, 6750, 102, 129, 120, 2805035, 2675295, 0.4, 50, 100, 9, 81, 5000, 5
0, 6750, 89, 106, 99, 2950054, 2750890, 0.4, 50, 100, 9, 79, 5000, 5
0, 6750, 98, 119, 121, 2731896, 2552437, 0.4, 50, 100, 9, 102, 5000, 5
0, 6750, 98, 115, 110, 2750191, 2572233, 0.4, 50, 100, 9, 86, 5000, 5
0, 6750, 115, 136, 132, 2864714, 2755934, 0.4, 50, 100, 9, 80, 5000, 5
0, 6750, 105, 129, 117, 2718308, 2591291, 0.4, 50, 100, 9, 82, 5000, 5
0, 6750, 96, 122, 114, 2677823, 2488239, 0.4, 50, 100, 9, 72, 5000, 5
0, 6750, 93, 122, 105, 2811398, 2628000, 0.4, 50, 100, 9, 76, 5000, 5
0, 6750, 110, 132, 130, 2681059, 2490673, 0.4, 50, 100, 9, 80, 5000, 5
0, 6750, 98, 123, 116, 2605085, 2532879, 0.4, 50, 100, 9, 76, 5000, 5
0, 6750, 108, 123, 122, 2804857, 2658284, 0.4, 50, 100, 9, 95, 5000, 5
0, 6750, 91, 121, 110, 2830325, 2679648, 0.4, 50, 100, 9, 75, 5000, 5
0, 6750, 114, 141, 128, 2653975, 2493709, 0.4, 50, 100, 9, 88, 5000, 5
1, 5471, 94, 100, 98, 3010774, 3032266, 0.4, 50, 100, 11, 80, 5000, 5
0, 6750, 94, 118, 106, 3301355, 3176783, 0.4, 50, 100, 11, 100, 5000, 5
1, 5282, 100, 107, 105, 2797823, 2827681, 0.4, 50, 100, 11, 88, 5000, 5
0, 6750, 100, 120, 121, 3265380, 3116177, 0.4, 50, 100, 11, 116, 5000, 5
0, 6750, 101, 126, 118, 3330241, 3295116, 0.4, 50, 100, 11, 130, 5000, 5
0, 6750, 95, 114, 111, 3361374, 3163282, 0.4, 50, 100, 11, 111, 5000, 5
0, 6750, 100, 116, 116, 3236416, 3114399, 0.4, 50, 100, 11, 113, 5000, 5
0, 6750, 106, 126, 118, 3396999, 3222518, 0.4, 50, 100, 11, 115, 5000, 5
0, 6750, 94, 114, 106, 3413620, 3143635, 0.4, 50, 100, 11, 118, 5000, 5
0, 6750, 77, 103, 93, 3324846, 3144165, 0.4, 50, 100, 11, 126, 5000, 5
0, 6750, 105, 123, 117, 3262823, 3020345, 0.4, 50, 100, 11, 134, 5000, 5
0, 6750, 100, 123, 112, 3163308, 2919834, 0.4, 50, 100, 11, 108, 5000, 5
0, 6750, 110, 134, 134, 3491798, 3321754, 0.4, 50, 100, 11, 132, 5000, 5
0, 6750, 108, 128, 123, 3244547, 3042441, 0.4, 50, 100, 11, 106, 5000, 5
0, 6750, 109, 130, 124, 3302868, 3112945, 0.4, 50, 100, 11, 136, 5000, 5
0, 6750, 102, 119, 121, 3279912, 3011537, 0.4, 50, 100, 11, 121, 5000, 5
0, 6750, 92, 115, 103, 3281502, 3117075, 0.4, 50, 100, 11, 139, 5000, 5
0, 6750, 99, 122, 114, 3548892, 3360796, 0.4, 50, 100, 11, 111, 5000, 5
0, 6750, 87, 102, 97, 3142035, 2931777, 0.4, 50, 100, 11, 121, 5000, 5
1, 5580, 109, 114, 113, 3096492, 3118831, 0.4, 50, 100, 11, 83, 5000, 5
0, 6750, 104, 124, 121, 3287600, 3129324, 0.4, 50, 100, 11, 129, 5000, 5
0, 6750, 104, 131, 121, 3293520, 3178018, 0.4, 50, 100, 11, 98, 5000, 5
0, 6750, 100, 121, 115, 3216076, 2994869, 0.4, 50, 100, 11, 115, 5000, 5
0, 6750, 86, 102, 99, 3342427, 3284122, 0.4, 50, 100, 11, 122, 5000, 5
0, 6750, 97, 120, 115, 3327302, 3235061, 0.4, 50, 100, 11, 117, 5000, 5
0, 6750, 86, 115, 94, 3406003, 3170786, 0.4, 50, 100, 11, 108, 5000, 5
0, 6750, 111, 124, 120, 3206910, 3023949, 0.4, 50, 100, 11, 116, 5000, 5
0, 6750, 109, 131, 126, 3456707, 3290215, 0.4, 50, 100, 11, 132, 5000, 5
0, 6750, 110, 135, 123, 3179497, 2998505, 0.4, 50, 100, 11, 139, 5000, 5
0, 6750, 106, 121, 117, 3244734, 2961552, 0.4, 50, 100, 11, 101, 5000, 5
0, 6750, 103, 125, 122, 3239997, 3130694, 0.4, 50, 100, 11, 140, 5000, 5
0, 6750, 72, 87, 83, 3305621, 3225230, 0.4, 50, 100, 11, 116, 5000, 5
0, 6750, 93, 110, 114, 3388266, 3238560, 0.4, 50, 100, 11, 126, 5000, 5
0, 6750, 108, 130, 121, 3280231, 2979861, 0.4, 50, 100, 11, 110, 5000, 5
0, 6750, 96, 118, 107, 3263774, 3050321, 0.4, 50, 100, 11, 125, 5000, 5
0, 6750, 96, 116, 113, 3191246, 3046133, 0.4, 50, 100, 11, 128, 5000, 5
0, 6750, 115, 135, 131, 3320219, 3171444, 0.4, 50, 100, 11, 113, 5000, 5
0, 6750, 85, 108, 95, 3271276, 3073481, 0.4, 50, 100, 11, 108, 5000, 5
0, 6750, 116, 135, 129, 3319743, 3048194, 0.4, 50, 100, 11, 122, 5000, 5
0, 6750, 82, 104, 102, 3209583, 3077587, 0.4, 50, 100, 11, 125, 5000, 5
0, 6750, 90, 120, 111, 3281432, 3100281, 0.4, 50, 100, 11, 128, 5000, 5
0, 6750, 81, 103, 92, 3256951, 2927039, 0.4, 50, 100, 11, 105, 5000, 5
0, 6750, 99, 113, 115, 3163669, 3053151, 0.4, 50, 100, 11, 130, 5000, 5
0, 6750, 94, 123, 120, 3287337, 3108645, 0.4, 50, 100, 11, 119, 5000, 5
0, 6750, 99, 121, 122, 3372704, 3151190, 0.4, 50, 100, 11, 117, 5000, 5
0, 6750, 89, 113, 103, 3168701, 3040724, 0.4, 50, 100, 11, 147, 5000, 5
0, 6750, 106, 134, 123, 3230539, 3040251, 0.4, 50, 100, 11, 107, 5000, 5
1, 5466, 88, 94, 94, 2894999, 2916085, 0.4, 50, 100, 11, 98, 5000, 5
0, 6750, 91, 116, 108, 3326005, 3132856, 0.4, 50, 100, 11, 117, 5000, 5
0, 6750, 111, 130, 117, 3256086, 3048598, 0.4, 50, 100, 11, 136, 5000, 5
0, 6750, 117, 141, 129, 3265832, 3079478, 0.4, 50, 100, 11, 107, 5000, 5
0, 6750, 84, 101, 96, 3288774, 3087446, 0.4, 50, 100, 11, 124, 5000, 5
0, 6750, 107, 117, 126, 3128910, 2965709, 0.4, 50, 100, 11, 129, 5000, 5
0, 6750, 99, 120, 113, 3396974, 3115132, 0.4, 50, 100, 11, 116, 5000, 5
0, 6750, 108, 129, 122, 3197055, 3032438, 0.4, 50, 100, 11, 108, 5000, 5
0, 6750, 109, 127, 121, 3123353, 2996284, 0.4, 50, 100, 11, 139, 5000, 5
0, 6750, 116, 139, 130, 3331443, 3077924, 0.4, 50, 100, 11, 141, 5000, 5
0, 6750, 97, 120, 113, 3360231, 3169329, 0.4, 50, 100, 11, 136, 5000, 5
0, 6750, 113, 136, 124, 3334977, 3040575, 0.4, 50, 100, 11, 139, 5000, 5
0, 6750, 98, 127, 118, 3399330, 3224155, 0.4, 50, 100, 11, 118, 5000, 5
0, 6750, 94, 108, 107, 3360840, 3253591, 0.4, 50, 100, 11, 103, 5000, 5
0, 6750, 101, 129, 130, 3336122, 3125426, 0.4, 50, 100, 11, 139, 5000, 5
0, 6750, 107, 124, 116, 3306002, 3075647, 0.4, 50, 100, 11, 111, 5000, 5
0, 6750, 95, 106, 110, 3363691, 3188688, 0.4, 50, 100, 11, 109, 5000, 5
0, 6750, 110, 133, 125, 3159815, 2931278, 0.4, 50, 100, 11, 160, 5000, 5
0, 6750, 120, 146, 134, 3305757, 3054482, 0.4, 50, 100, 11, 105, 5000, 5
0, 6750, 111, 141, 128, 3295712, 3057753, 0.4, 50, 100, 11, 113, 5000, 5
0, 6750, 109, 124, 119, 3339429, 3170450, 0.4, 50, 100, 11, 109, 5000, 5
0, 6750, 78, 103, 98, 3526460, 3249353, 0.4, 50, 100, 11, 110, 5000, 5
0, 6750, 103, 122, 119, 3251137, 3116495, 0.4, 50, 100, 11, 105, 5000, 5
0, 6750, 92, 112, 102, 3325157, 3150617, 0.4, 50, 100, 11, 98, 5000, 5
0, 6750, 73, 93, 90, 3646580, 3402332, 0.4, 50, 100, 11, 126, 5000, 5
0, 6750, 108, 131, 124, 3152469, 3018337, 0.4, 50, 100, 11, 109, 5000, 5
0, 6750, 91, 117, 105, 3264416, 3067046, 0.4, 50, 100, 11, 101, 5000, 5
0, 6750, 80, 103, 98, 3410004, 3227450, 0.4, 50, 100, 11, 106, 5000, 5
0, 6750, 118, 136, 135, 3234227, 3127713, 0.4, 50, 100, 11, 113, 5000, 5
0, 6750, 115, 134, 135, 3517930, 3286009, 0.4, 50, 100, 11, 112, 5000, 5
0, 6750, 115, 143, 130, 3366467, 3217786, 0.4, 50, 100, 11, 126, 5000, 5
0, 6750, 79, 100, 87, 3556038, 3376948, 0.4, 50, 100, 11, 125, 5000, 5
0, 6750, 94, 120, 107, 3400994, 3113939, 0.4, 50, 100, 11, 117, 5000, 5
0, 6750, 108, 127, 124, 3358724, 3236300, 0.4, 50, 100, 11, 123, 5000, 5
0, 6750, 108, 126, 117, 3259806, 3040029, 0.4, 50, 100, 11, 102, 5000, 5
0, 6750, 99, 119, 112, 3188562, 3042425, 0.4, 50, 100, 11, 108, 5000, 5
0, 6750, 102, 121, 118, 3389307, 3175590, 0.4, 50, 100, 11, 140, 5000, 5
0, 6750, 104, 131, 121, 3195222, 2951198, 0.4, 50, 100, 11, 108, 5000, 5
0, 6750, 101, 120, 120, 3379901, 3219580, 0.4, 50, 100, 11, 107, 5000, 5
0, 6750, 99, 136, 117, 3264357, 3036327, 0.4, 50, 100, 11, 126, 5000, 5
0, 6750, 116, 142, 131, 3327366, 3108799, 0.4, 50, 100, 11, 121, 5000, 5
0, 6750, 96, 117, 110, 3148307, 3027697, 0.4, 50, 100, 11, 140, 5000, 5
0, 6750, 113, 134, 130, 3267358, 2989058, 0.4, 50, 100, 11, 93, 5000, 5
0, 6750, 102, 114, 116, 3362824, 3137611, 0.4, 50, 100, 11, 111, 5000, 5
0, 6750, 106, 122, 115, 3472595, 3117359, 0.4, 50, 100, 11, 121, 5000, 5
0, 6750, 107, 136, 127, 3553358, 3343198, 0.4, 50, 100, 11, 127, 5000, 5
0, 6750, 106, 133, 125, 3216855, 3112867, 0.4, 50, 100, 11, 112, 5000, 5
0, 6750, 99, 132, 115, 3305685, 3098553, 0.4, 50, 100, 11, 110, 5000, 5
0, 6750, 119, 139, 143, 3186766, 3004911, 0.4, 50, 100, 11, 113, 5000, 5
0, 6750, 104, 131, 126, 3375586, 3119962, 0.4, 50, 100, 11, 111, 5000, 5
0, 6750, 96, 118, 113, 3268703, 3053908, 0.4, 50, 100, 11, 113, 5000, 5
0, 6750, 120, 146, 136, 3344085, 3119432, 0.4, 50, 100, 11, 111, 5000, 5
0, 6750, 102, 124, 114, 3258443, 3049742, 0.4, 50, 100, 11, 110, 5000, 5
1, 5492, 107, 116, 110, 3436307, 3570314, 0.4, 50, 100, 13, 114, 5000, 5
0, 6750, 94, 117, 108, 3805476, 3597517, 0.4, 50, 100, 13, 133, 5000, 5
0, 6750, 111, 146, 135, 3950792, 3746723, 0.4, 50, 100, 13, 129, 5000, 5
0, 6750, 117, 139, 130, 3795854, 3581851, 0.4, 50, 100, 13, 160, 5000, 5
0, 6750, 111, 134, 124, 3904838, 3676694, 0.4, 50, 100, 13, 146, 5000, 5
0, 6750, 112, 128, 130, 3824144, 3772989, 0.4, 50, 100, 13, 149, 5000, 5
0, 6750, 91, 111, 108, 3894551, 3605870, 0.4, 50, 100, 13, 146, 5000, 5
0, 6750, 111, 143, 134, 3898671, 3615081, 0.4, 50, 100, 13, 127, 5000, 5
0, 6750, 109, 125, 125, 4166271, 3955590, 0.4, 50, 100, 13, 141, 5000, 5
0, 6750, 90, 109, 107, 4048675, 3695431, 0.4, 50, 100, 13, 140, 5000, 5
0, 6750, 106, 134, 117, 3966221, 3837419, 0.4, 50, 100, 13, 137, 5000, 5
0, 6750, 99, 123, 117, 3987587, 3851601, 0.4, 50, 100, 13, 144, 5000, 5
0, 6750, 97, 112, 112, 3943964, 3700589, 0.4, 50, 100, 13, 156, 5000, 5
0, 6750, 88, 114, 101, 3769351, 3547512, 0.4, 50, 100, 13, 171, 5000, 5
0, 6750, 113, 144, 123, 3978457, 3740809, 0.4, 50, 100, 13, 148, 5000, 5
0, 6750, 103, 128, 120, 3845730, 3667386, 0.4, 50, 100, 13, 144, 5000, 5
0, 6750, 106, 135, 129, 3891018, 3745820, 0.4, 50, 100, 13, 162, 5000, 5
0, 6750, 99, 129, 115, 3862622, 3684011, 0.4, 50, 100, 13, 142, 5000, 5
0, 6750, 113, 138, 122, 4041455, 3652436, 0.4, 50, 100, 13, 129, 5000, 5
0, 6750, 98, 118, 110, 4156179, 3941022, 0.4, 50, 100, 13, 153, 5000, 5
0, 6750, 117, 136, 122, 4161829, 3856661, 0.4, 50, 100, 13, 149, 5000, 5
0, 6750, 93, 107, 104, 3886694, 3620507, 0.4, 50, 100, 13, 189, 5000, 5
0, 6750, 107, 122, 127, 3926592, 3725336, 0.4, 50, 100, 13, 185, 5000, 5
0, 6750, 116, 138, 136, 3640986, 3530633, 0.4, 50, 100, 13, 146, 5000, 5
0, 6750, 95, 116, 110, 3828524, 3552074, 0.4, 50, 100, 13, 156, 5000, 5
0, 6750, 111, 136, 121, 3881664, 3646224, 0.4, 50, 100, 13, 202, 5000, 5
0, 6750, 110, 131, 119, 3974088, 3703823, 0.4, 50, 100, 13, 194, 5000, 5
0, 6750, 117, 129, 135, 3796827, 3716019, 0.4, 50, 100, 13, 132, 5000, 5
0, 6750, 100, 118, 118, 3681796, 3425369, 0.4, 50, 100, 13, 177, 5000, 5
0, 6750, 99, 125, 108, 3920520, 3754655, 0.4, 50, 100, 13, 162, 5000, 5
0, 6750, 91, 116, 112, 3840837, 3672053, 0.4, 50, 100, 13, 134, 5000, 5
0, 6750, 93, 109, 106, 3859630, 3623990, 0.4, 50, 100, 13, 143, 5000, 5
0, 6750, 93, 122, 110, 3846634, 3698101, 0.4, 50, 100, 13, 194, 5000, 5
0, 6750, 99, 115, 116, 3979049, 3767598, 0.4, 50, 100, 13, 215, 5000, 5
0, 6750, 114, 135, 131, 3888390, 3713121, 0.4, 50, 100, 13, 122, 5000, 5
0, 6750, 110, 128, 124, 3688201, 3462676, 0.4, 50, 100, 13, 141, 5000, 5
0, 6750, 103, 122, 119, 3992121, 3814909, 0.4, 50, 100, 13, 138, 5000, 5
0, 6750, 103, 123, 116, 3875473, 3637932, 0.4, 50, 100, 13, 156, 5000, 5
0, 6750, 98, 124, 112, 3905852, 3629382, 0.4, 50, 100, 13, 141, 5000, 5
0, 6750, 93, 116, 101, 3869353, 3595714, 0.4, 50, 100, 13, 146, 5000, 5
0, 6750, 107, 127, 122, 3989094, 3611782, 0.4, 50, 100, 13, 152, 5000, 5
0, 6750, 111, 135, 128, 3904845, 3642466, 0.4, 50, 100, 13, 146, 5000, 5
0, 6750, 102, 121, 123, 3891339, 3803810, 0.4, 50, 100, 13, 144, 5000, 5
0, 6750, 89, 108, 110, 3785419, 3588662, 0.4, 50, 100, 13, 146, 5000, 5
0, 6750, 110, 130, 119, 4049212, 3809167, 0.4, 50, 100, 13, 153, 5000, 5
0, 6750, 97, 113, 113, 3949852, 3696073, 0.4, 50, 100, 13, 141, 5000, 5
0, 6750, 113, 136, 128, 4002992, 3753415, 0.4, 50, 100, 13, 129, 5000, 5
0, 6750, 77, 99, 89, 3879072, 3482448, 0.4, 50, 100, 13, 150, 5000, 5
0, 6750, 95, 118, 109, 3811442, 3693018, 0.4, 50, 100, 13, 135, 5000, 5
0, 6750, 96, 119, 111, 3972565, 3746357, 0.4, 50, 100, 13, 139, 5000, 5
0, 6750, 108, 134, 121, 3890860, 3705818, 0.4, 50, 100, 13, 134, 5000, 5
0, 6750, 99, 121, 114, 3932854, 3712814, 0.4, 50, 100, 13, 142, 5000, 5
0, 6750, 87, 108, 98, 4015794, 3720025, 0.4, 50, 100, 13, 137, 5000, 5
0, 6750, 114, 140, 130, 4057781, 3780502, 0.4, 50, 100, 13, 143, 5000, 5
0, 6750, 97, 114, 116, 3665942, 3533587, 0.4, 50, 100, 13, 132, 5000, 5
0, 6750, 101, 123, 112, 3817167, 3635634, 0.4, 50, 100, 13, 154, 5000, 5
0, 6750, 99, 129, 111, 3980337, 3696767, 0.4, 50, 100, 13, 118, 5000, 5
0, 6750, 105, 128, 121, 3923425, 3746458, 0.4, 50, 100, 13, 134, 5000, 5
0, 6750, 90, 120, 108, 4149787, 3864906, 0.4, 50, 100, 13, 160, 5000, 5
0, 6750, 88, 106, 107, 3938219, 3658187, 0.4, 50, 100, 13, 157, 5000, 5
0, 6750, 102, 124, 124, 3786022, 3663844, 0.4, 50, 100, 13, 143, 5000, 5
0, 6750, 91, 112, 107, 3946204, 3758532, 0.4, 50, 100, 13, 129, 5000, 5
0, 6750, 92, 112, 116, 3934964, 3743806, 0.4, 50, 100, 13, 116, 5000, 5
0, 6750, 102, 124, 115, 3900335, 3750495, 0.4, 50, 100, 13, 130, 5000, 5
0, 6750, 106, 127, 135, 3730056, 3527465, 0.4, 50, 100, 13, 131, 5000, 5
0, 6750, 95, 107, 104, 3822245, 3531579, 0.4, 50, 100, 13, 174, 5000, 5
0, 6750, 104, 117, 115, 4016315, 3671815, 0.4, 50, 100, 13, 146, 5000, 5
0, 6750, 104, 122, 121, 3927257, 3742738, 0.4, 50, 100, 13, 146, 5000, 5
0, 6750, 102, 119, 114, 3946748, 3666051, 0.4, 50, 100, 13, 129, 5000, 5
0, 6750, 104, 117, 117, 3795004, 3635162, 0.4, 50, 100, 13, 142, 5000, 5
0, 6750, 97, 116, 104, 4075078, 3820506, 0.4, 50, 100, 13, 136, 5000, 5
0, 6750, 108, 124, 126, 3934540, 3754457, 0.4, 50, 100, 13, 134, 5000, 5
0, 6750, 103, 126, 112, 3984943, 3598879, 0.4, 50, 100, 13, 139, 5000, 5
0, 6750, 107, 138, 116, 3849678, 3578316, 0.4, 50, 100, 13, 136, 5000, 5
0, 6750, 103, 125, 118, 3933478, 3759108, 0.4, 50, 100, 13, 133, 5000, 5
0, 6750, 97, 126, 114, 3804212, 3512974, 0.4, 50, 100, 13, 130, 5000, 5
0, 6750, 98, 117, 117, 3835116, 3597880, 0.4, 50, 100, 13, 132, 5000, 5
0, 6750, 79, 98, 93, 3904806, 3608187, 0.4, 50, 100, 13, 142, 5000, 5
0, 6750, 117, 136, 128, 3910322, 3755893, 0.4, 50, 100, 13, 130, 5000, 5
0, 6750, 103, 122, 111, 4228021, 3870503, 0.4, 50, 100, 13, 132, 5000, 5
0, 6750, 115, 138, 130, 3996662, 3712854, 0.4, 50, 100, 13, 154, 5000, 5
0, 6750, 109, 133, 124, 3964735, 3738370, 0.4, 50, 100, 13, 135, 5000, 5
0, 6750, 87, 110, 107, 4047376, 3859940, 0.4, 50, 100, 13, 138, 5000, 5
0, 6750, 116, 136, 130, 3897170, 3648271, 0.4, 50, 100, 13, 135, 5000, 5
0, 6750, 98, 121, 113, 4083927, 3966388, 0.4, 50, 100, 13, 138, 5000, 5
0, 6750, 93, 113, 110, 3762980, 3591714, 0.4, 50, 100, 13, 166, 5000, 5
0, 6750, 97, 123, 113, 3855878, 3614578, 0.4, 50, 100, 13, 150, 5000, 5
0, 6750, 99, 130, 112, 3871350, 3639961, 0.4, 50, 100, 13, 137, 5000, 5
0, 6750, 91, 114, 107, 4012843, 3868585, 0.4, 50, 100, 13, 125, 5000, 5
0, 6750, 104, 124, 117, 3937898, 3613945, 0.4, 50, 100, 13, 147, 5000, 5
0, 6750, 92, 115, 103, 3821986, 3423442, 0.4, 50, 100, 13, 125, 5000, 5
0, 6750, 92, 120, 110, 3908079, 3679488, 0.4, 50, 100, 13, 152, 5000, 5
0, 6750, 100, 119, 116, 4021197, 3829270, 0.4, 50, 100, 13, 138, 5000, 5
0, 6750, 94, 117, 110, 3763186, 3568806, 0.4, 50, 100, 13, 165, 5000, 5
0, 6750, 97, 122, 114, 3787030, 3559084, 0.4, 50, 100, 13, 121, 5000, 5
0, 6750, 106, 127, 124, 3965448, 3749219, 0.4, 50, 100, 13, 140, 5000, 5
0, 6750, 90, 118, 107, 3677385, 3497186, 0.4, 50, 100, 13, 121, 5000, 5
0, 6750, 106, 128, 123, 3981551, 3726425, 0.4, 50, 100, 13, 127, 5000, 5
0, 6750, 96, 116, 112, 3930484, 3689003, 0.4, 50, 100, 13, 183, 5000, 5
0, 6750, 98, 119, 114, 4343583, 4131747, 0.4, 50, 100, 15, 155, 5000, 5
0, 6750, 97, 124, 116, 4851789, 4471393, 0.4, 50, 100, 15, 158, 5000, 5
0, 6750, 107, 131, 118, 4829149, 4354538, 0.4, 50, 100, 15, 165, 5000, 5
0, 6750, 105, 128, 124, 3952496, 3650681, 0.4, 50, 100, 13, 175, 5000, 5
0, 6750, 94, 116, 113, 4513383, 4336752, 0.4, 50, 100, 15, 166, 5000, 5
0, 6750, 116, 139, 130, 4617346, 4127464, 0.4, 50, 100, 15, 186, 5000, 5
0, 6750, 100, 120, 120, 4635885, 4446566, 0.4, 50, 100, 15, 185, 5000, 5
0, 6750, 86, 106, 103, 4492278, 4201146, 0.4, 50, 100, 15, 165, 5000, 5
0, 6750, 92, 121, 110, 4425108, 4106050, 0.4, 50, 100, 15, 174, 5000, 5
0, 6750, 116, 134, 129, 4593490, 4336643, 0.4, 50, 100, 15, 167, 5000, 5
0, 6750, 96, 123, 115, 4667018, 4342489, 0.4, 50, 100, 15, 187, 5000, 5
0, 6750, 107, 131, 126, 4622540, 4286137, 0.4, 50, 100, 15, 162, 5000, 5
0, 6750, 108, 134, 124, 4517048, 4254722, 0.4, 50, 100, 15, 170, 5000, 5
0, 6750, 99, 121, 113, 4464212, 4038055, 0.4, 50, 100, 15, 183, 5000, 5
0, 6750, 110, 130, 120, 4624326, 4420190, 0.4, 50, 100, 15, 173, 5000, 5
0, 6750, 85, 106, 99, 4629451, 4305737, 0.4, 50, 100, 15, 178, 5000, 5
0, 6750, 124, 143, 135, 4613945, 4243353, 0.4, 50, 100, 15, 193, 5000, 5
0, 6750, 101, 124, 121, 4462729, 4243523, 0.4, 50, 100, 15, 173, 5000, 5
0, 6750, 96, 116, 113, 4715993, 4489535, 0.4, 50, 100, 15, 176, 5000, 5
0, 6750, 98, 123, 113, 4533399, 4208882, 0.4, 50, 100, 15, 184, 5000, 5
0, 6750, 84, 104, 98, 4303140, 4048025, 0.4, 50, 100, 15, 198, 5000, 5
0, 6750, 98, 117, 114, 4488794, 4301193, 0.4, 50, 100, 15, 181, 5000, 5
0, 6750, 103, 131, 121, 4797564, 4443703, 0.4, 50, 100, 15, 183, 5000, 5
0, 6750, 105, 128, 118, 4452604, 4189643, 0.4, 50, 100, 15, 159, 5000, 5
0, 6750, 100, 123, 114, 4463203, 4147634, 0.4, 50, 100, 15, 162, 5000, 5
0, 6750, 99, 121, 111, 4724595, 4394669, 0.4, 50, 100, 15, 182, 5000, 5
0, 6750, 114, 137, 127, 4516101, 4204621, 0.4, 50, 100, 15, 178, 5000, 5
0, 6750, 97, 123, 112, 4541244, 4256726, 0.4, 50, 100, 15, 191, 5000, 5
0, 6750, 84, 106, 98, 4713419, 4338657, 0.4, 50, 100, 15, 183, 5000, 5
0, 6750, 94, 116, 111, 4489947, 4222511, 0.4, 50, 100, 15, 214, 5000, 5
0, 6750, 99, 119, 109, 4402464, 4217140, 0.4, 50, 100, 15, 206, 5000, 5
0, 6750, 83, 102, 93, 4332788, 4119454, 0.4, 50, 100, 15, 194, 5000, 5
0, 6750, 103, 128, 119, 4584415, 4309216, 0.4, 50, 100, 15, 195, 5000, 5
0, 6750, 109, 130, 129, 4529592, 4346705, 0.4, 50, 100, 15, 177, 5000, 5
0, 6750, 75, 98, 91, 4406179, 4135975, 0.4, 50, 100, 15, 215, 5000, 5
0, 6750, 65, 84, 76, 4654013, 4334794, 0.4, 50, 100, 15, 234, 5000, 5
0, 6750, 101, 122, 112, 4842621, 4572271, 0.4, 50, 100, 15, 192, 5000, 5
0, 6750, 117, 132, 131, 4547810, 4270758, 0.4, 50, 100, 15, 207, 5000, 5
0, 6750, 96, 123, 108, 4615656, 4312106, 0.4, 50, 100, 15, 198, 5000, 5
0, 6750, 109, 131, 123, 4535732, 4277274, 0.4, 50, 100, 15, 250, 5000, 5
0, 6750, 110, 135, 122, 4562961, 4230110, 0.4, 50, 100, 15, 209, 5000, 5
0, 6750, 90, 114, 105, 4546447, 4318886, 0.4, 50, 100, 15, 208, 5000, 5
0, 6750, 94, 118, 111, 4560906, 4283674, 0.4, 50, 100, 15, 172, 5000, 5
0, 6750, 100, 120, 124, 4776327, 4503075, 0.4, 50, 100, 15, 255, 5000, 5
0, 6750, 102, 121, 117, 4742781, 4535078, 0.4, 50, 100, 15, 199, 5000, 5
0, 6750, 104, 132, 122, 4592721, 4314791, 0.4, 50, 100, 15, 169, 5000, 5
0, 6750, 86, 109, 98, 4591417, 4202384, 0.4, 50, 100, 15, 182, 5000, 5
0, 6750, 108, 135, 118, 4409296, 4052934, 0.4, 50, 100, 15, 208, 5000, 5
0, 6750, 95, 116, 109, 4404977, 4216542, 0.4, 50, 100, 15, 212, 5000, 5
0, 6750, 92, 122, 107, 4645301, 4303744, 0.4, 50, 100, 15, 199, 5000, 5
0, 6750, 119, 139, 129, 4697607, 4418320, 0.4, 50, 100, 15, 190, 5000, 5
0, 6750, 110, 131, 124, 4498709, 4290040, 0.4, 50, 100, 15, 193, 5000, 5
0, 6750, 100, 130, 118, 4456964, 4238180, 0.4, 50, 100, 15, 231, 5000, 5
0, 6750, 98, 108, 111, 4480461, 4336969, 0.4, 50, 100, 15, 195, 5000, 5
0, 6750, 106, 130, 115, 4614034, 4439602, 0.4, 50, 100, 15, 201, 5000, 5
0, 6750, 82, 100, 98, 4740004, 4426435, 0.4, 50, 100, 15, 179, 5000, 5
0, 6750, 97, 120, 112, 4511949, 4238929, 0.4, 50, 100, 15, 188, 5000, 5
0, 6750, 95, 125, 115, 4585521, 4233041, 0.4, 50, 100, 15, 218, 5000, 5
0, 6750, 101, 128, 116, 4453499, 4259516, 0.4, 50, 100, 15, 226, 5000, 5
0, 6750, 94, 118, 113, 4370171, 4001505, 0.4, 50, 100, 15, 213, 5000, 5
0, 6750, 94, 116, 113, 4572616, 4282824, 0.4, 50, 100, 15, 177, 5000, 5
1, 5393, 110, 117, 115, 4064443, 4081710, 0.4, 50, 100, 15, 174, 5000, 5
0, 6750, 106, 129, 120, 4581282, 4251329, 0.4, 50, 100, 15, 197, 5000, 5
0, 6750, 110, 129, 117, 4289758, 3995486, 0.4, 50, 100, 15, 183, 5000, 5
0, 6750, 95, 118, 109, 4335548, 4119577, 0.4, 50, 100, 15, 168, 5000, 5
0, 6750, 85, 104, 94, 4611281, 4362924, 0.4, 50, 100, 15, 198, 5000, 5
0, 6750, 108, 129, 128, 4748919, 4502908, 0.4, 50, 100, 15, 178, 5000, 5
0, 6750, 113, 143, 132, 4581367, 4254215, 0.4, 50, 100, 15, 176, 5000, 5
0, 6750, 102, 130, 126, 4564205, 4289335, 0.4, 50, 100, 15, 182, 5000, 5
0, 6750, 110, 126, 124, 4447013, 4263443, 0.4, 50, 100, 15, 183, 5000, 5
0, 6750, 110, 127, 126, 4413789, 4074681, 0.4, 50, 100, 15, 178, 5000, 5
0, 6750, 106, 122, 119, 4854232, 4544139, 0.4, 50, 100, 15, 163, 5000, 5
0, 6750, 104, 124, 118, 4519153, 4298228, 0.4, 50, 100, 15, 186, 5000, 5
0, 6750, 95, 114, 104, 4379717, 4025202, 0.4, 50, 100, 15, 196, 5000, 5
0, 6750, 98, 115, 113, 4330359, 4182041, 0.4, 50, 100, 15, 181, 5000, 5
0, 6750, 90, 113, 106, 4520269, 4281632, 0.4, 50, 100, 15, 176, 5000, 5
0, 6750, 79, 103, 86, 4635443, 4249408, 0.4, 50, 100, 15, 169, 5000, 5
0, 6750, 103, 125, 116, 4378233, 4074996, 0.4, 50, 100, 15, 187, 5000, 5
0, 6750, 112, 130, 122, 4451779, 4075977, 0.4, 50, 100, 15, 179, 5000, 5
0, 6750, 103, 124, 124, 4566447, 4377118, 0.4, 50, 100, 15, 226, 5000, 5
0, 6750, 109, 139, 124, 4188849, 3970805, 0.4, 50, 100, 15, 209, 5000, 5
0, 6750, 108, 128, 130, 4529536, 4163385, 0.4, 50, 100, 15, 180, 5000, 5
0, 6750, 105, 127, 118, 4599374, 4402565, 0.4, 50, 100, 15, 191, 5000, 5
0, 6750, 97, 123, 119, 4545467, 4305928, 0.4, 50, 100, 15, 179, 5000, 5
0, 6750, 94, 113, 109, 4518992, 4327627, 0.4, 50, 100, 15, 165, 5000, 5
0, 6750, 95, 113, 115, 4437831, 4225970, 0.4, 50, 100, 15, 161, 5000, 5
0, 6750, 116, 136, 130, 4622456, 4311678, 0.4, 50, 100, 15, 183, 5000, 5
0, 6750, 76, 90, 90, 4377307, 4151975, 0.4, 50, 100, 15, 221, 5000, 5
0, 6750, 107, 120, 117, 4394879, 4113132, 0.4, 50, 100, 15, 200, 5000, 5
0, 6750, 115, 131, 129, 4387724, 4257385, 0.4, 50, 100, 15, 174, 5000, 5
0, 6750, 112, 129, 119, 4348568, 4275030, 0.4, 50, 100, 15, 167, 5000, 5
0, 6750, 98, 126, 111, 4212124, 4054131, 0.4, 50, 100, 15, 157, 5000, 5
0, 6750, 97, 125, 114, 4504683, 4335567, 0.4, 50, 100, 15, 189, 5000, 5
0, 6750, 93, 140, 108, 4646164, 4280804, 0.4, 50, 100, 15, 174, 5000, 5
0, 6750, 89, 114, 102, 4558034, 4179880, 0.4, 50, 100, 15, 167, 5000, 5
0, 6750, 96, 117, 108, 4330701, 4131609, 0.4, 50, 100, 15, 174, 5000, 5
0, 6750, 85, 101, 103, 4513394, 4312792, 0.4, 50, 100, 15, 180, 5000, 5
0, 6750, 114, 138, 127, 4489426, 4240804, 0.4, 50, 100, 15, 173, 5000, 5
0, 6750, 111, 132, 127, 4299886, 4039718, 0.4, 50, 100, 15, 183, 5000, 5
0, 6750, 100, 130, 117, 4593129, 4337153, 0.4, 50, 100, 15, 185, 5000, 5
0, 6750, 101, 125, 123, 4608978, 4451232, 0.4, 50, 100, 15, 186, 5000, 5
0, 6750, 106, 132, 118, 5059912, 4743995, 0.4, 50, 100, 17, 221, 5000, 5
0, 6750, 110, 135, 125, 4999442, 4641539, 0.4, 50, 100, 17, 228, 5000, 5
0, 6750, 114, 129, 124, 5153692, 4895773, 0.4, 50, 100, 17, 213, 5000, 5
0, 6750, 93, 121, 120, 4864081, 4489068, 0.4, 50, 100, 17, 210, 5000, 5
0, 6750, 90, 104, 102, 5267154, 5075564, 0.4, 50, 100, 17, 216, 5000, 5
0, 6750, 90, 113, 102, 5042656, 4786446, 0.4, 50, 100, 17, 219, 5000, 5
0, 6750, 102, 120, 117, 4961494, 4706746, 0.4, 50, 100, 17, 240, 5000, 5
0, 6750, 108, 127, 127, 5396515, 5204870, 0.4, 50, 100, 17, 221, 5000, 5
0, 6750, 106, 124, 125, 4856836, 4682813, 0.4, 50, 100, 17, 255, 5000, 5
0, 6750, 90, 111, 107, 5078560, 4731376, 0.4, 50, 100, 17, 232, 5000, 5
0, 6750, 71, 104, 88, 4932703, 4687660, 0.4, 50, 100, 17, 230, 5000, 5
0, 6750, 94, 110, 118, 5290342, 5076487, 0.4, 50, 100, 17, 268, 5000, 5
0, 6750, 109, 126, 115, 5187766, 4884191, 0.4, 50, 100, 17, 240, 5000, 5
0, 6750, 99, 115, 113, 5079367, 4678224, 0.4, 50, 100, 17, 257, 5000, 5
0, 6750, 101, 118, 112, 5305016, 4970551, 0.4, 50, 100, 17, 227, 5000, 5
0, 6750, 95, 120, 110, 5263905, 5018008, 0.4, 50, 100, 17, 213, 5000, 5
0, 6750, 121, 135, 133, 4855310, 4775938, 0.4, 50, 100, 17, 238, 5000, 5
0, 6750, 111, 129, 128, 4996661, 4874617, 0.4, 50, 100, 17, 216, 5000, 5
0, 6750, 83, 104, 98, 4998147, 4720613, 0.4, 50, 100, 17, 229, 5000, 5
0, 6750, 112, 128, 130, 5001442, 4762333, 0.4, 50, 100, 17, 222, 5000, 5
0, 6750, 99, 116, 112, 5159986, 4803752, 0.4, 50, 100, 17, 248, 5000, 5
0, 6750, 107, 131, 120, 5228216, 4900069, 0.4, 50, 100, 17, 205, 5000, 5
0, 6750, 91, 107, 99, 4884118, 4631035, 0.4, 50, 100, 17, 254, 5000, 5
0, 6750, 108, 128, 123, 5100851, 4804781, 0.4, 50, 100, 17, 272, 5000, 5
0, 6750, 106, 123, 121, 4747665, 4488345, 0.4, 50, 100, 17, 235, 5000, 5
0, 6750, 101, 131, 115, 5184959, 4846853, 0.4, 50, 100, 17, 214, 5000, 5
0, 6750, 94, 118, 107, 5198792, 4979758, 0.4, 50, 100, 17, 221, 5000, 5
0, 6750, 109, 125, 120, 4983482, 4806450, 0.4, 50, 100, 17, 222, 5000, 5
0, 6750, 104, 126, 116, 5051233, 4749718, 0.4, 50, 100, 17, 223, 5000, 5
0, 6750, 114, 131, 120, 4937296, 4810158, 0.4, 50, 100, 17, 238, 5000, 5
0, 6750, 93, 116, 103, 4874846, 4504252, 0.4, 50, 100, 17, 243, 5000, 5
0, 6750, 98, 123, 115, 5139712, 4789542, 0.4, 50, 100, 17, 212, 5000, 5
0, 6750, 105, 129, 124, 5260879, 4984856, 0.4, 50, 100, 17, 199, 5000, 5
0, 6750, 110, 134, 128, 5247086, 5012252, 0.4, 50, 100, 17, 208, 5000, 5
0, 6750, 97, 120, 115, 5130781, 4770253, 0.4, 50, 100, 17, 222, 5000, 5
0, 6750, 99, 120, 116, 5086843, 4805654, 0.4, 50, 100, 17, 212, 5000, 5
0, 6750, 101, 118, 119, 5102343, 4667783, 0.4, 50, 100, 17, 223, 5000, 5
0, 6750, 85, 111, 106, 5340017, 5044575, 0.4, 50, 100, 17, 212, 5000, 5
0, 6750, 111, 128, 126, 5397256, 5078861, 0.4, 50, 100, 17, 219, 5000, 5
0, 6750, 107, 129, 120, 5027591, 4720653, 0.4, 50, 100, 17, 226, 5000, 5
0, 6750, 100, 115, 112, 4954854, 4687731, 0.4, 50, 100, 17, 229, 5000, 5
0, 6750, 99, 114, 113, 5321016, 4972185, 0.4, 50, 100, 17, 226, 5000, 5
0, 6750, 99, 117, 118, 5058775, 4697417, 0.4, 50, 100, 17, 217, 5000, 5
0, 6750, 103, 133, 118, 5013518, 4658878, 0.4, 50, 100, 17, 222, 5000, 5
0, 6750, 82, 103, 94, 4840478, 4551920, 0.4, 50, 100, 17, 216, 5000, 5
0, 6750, 102, 122, 120, 5154568, 4925054, 0.4, 50, 100, 17, 234, 5000, 5
0, 6750, 83, 107, 94, 4993617, 4794042, 0.4, 50, 100, 17, 244, 5000, 5
0, 6750, 93, 111, 107, 5229547, 5148331, 0.4, 50, 100, 17, 225, 5000, 5
0, 6750, 101, 123, 114, 5126704, 4821926, 0.4, 50, 100, 17, 229, 5000, 5
0, 6750, 116, 131, 126, 5269889, 4925273, 0.4, 50, 100, 17, 259, 5000, 5
0, 6750, 92, 107, 108, 5009821, 4758723, 0.4, 50, 100, 17, 226, 5000, 5
0, 6750, 91, 114, 105, 5446236, 5087231, 0.4, 50, 100, 17, 232, 5000, 5
0, 6750, 96, 123, 109, 5276638, 4892340, 0.4, 50, 100, 17, 223, 5000, 5
0, 6750, 97, 132, 121, 5153873, 4747326, 0.4, 50, 100, 17, 206, 5000, 5
0, 6750, 103, 124, 120, 5175698, 4981179, 0.4, 50, 100, 17, 223, 5000, 5
0, 6750, 110, 136, 130, 5307100, 4961645, 0.4, 50, 100, 17, 206, 5000, 5
0, 6750, 98, 117, 115, 5312747, 4976215, 0.4, 50, 100, 17, 241, 5000, 5
0, 6750, 98, 119, 112, 5163992, 4652641, 0.4, 50, 100, 17, 217, 5000, 5
0, 6750, 94, 121, 109, 5374541, 5185446, 0.4, 50, 100, 17, 226, 5000, 5
0, 6750, 118, 135, 132, 5121001, 4763999, 0.4, 50, 100, 17, 218, 5000, 5
0, 6750, 85, 111, 97, 5021597, 4693925, 0.4, 50, 100, 17, 214, 5000, 5
0, 6750, 89, 105, 101, 5119866, 4849168, 0.4, 50, 100, 17, 208, 5000, 5
0, 6750, 91, 118, 109, 5023054, 4691323, 0.4, 50, 100, 17, 217, 5000, 5
0, 6750, 108, 126, 118, 5176026, 4776250, 0.4, 50, 100, 17, 220, 5000, 5
0, 6750, 109, 122, 128, 5034251, 4729423, 0.4, 50, 100, 17, 234, 5000, 5
0, 6750, 113, 132, 126, 5286156, 4937573, 0.4, 50, 100, 17, 221, 5000, 5
0, 6750, 105, 129, 120, 5120278, 4761519, 0.4, 50, 100, 17, 223, 5000, 5
0, 6750, 100, 120, 115, 4958965, 4600104, 0.4, 50, 100, 17, 255, 5000, 5
0, 6750, 102, 127, 117, 5198140, 4808133, 0.4, 50, 100, 17, 211, 5000, 5
0, 6750, 96, 124, 107, 5003088, 4772289, 0.4, 50, 100, 17, 225, 5000, 5
0, 6750, 116, 134, 137, 4974523, 4710746, 0.4, 50, 100, 17, 226, 5000, 5
0, 6750, 99, 127, 115, 5395284, 5031471, 0.4, 50, 100, 17, 233, 5000, 5
0, 6750, 115, 134, 128, 4983195, 4753525, 0.4, 50, 100, 17, 236, 5000, 5
0, 6750, 88, 113, 104, 5031183, 4742419, 0.4, 50, 100, 17, 220, 5000, 5
0, 6750, 112, 126, 129, 5256963, 4983844, 0.4, 50, 100, 17, 250, 5000, 5
0, 6750, 98, 114, 119, 4975568, 4818599, 0.4, 50, 100, 17, 239, 5000, 5
0, 6750, 111, 132, 120, 5124676, 4783947, 0.4, 50, 100, 17, 255, 5000, 5
0, 6750, 100, 122, 114, 5640171, 5321114, 0.4, 50, 100, 17, 245, 5000, 5
0, 6750, 108, 131, 122, 5128769, 4762774, 0.4, 50, 100, 17, 228, 5000, 5
0, 6750, 99, 122, 114, 5164250, 4872569, 0.4, 50, 100, 17, 236, 5000, 5
0, 6750, 91, 115, 107, 5125556, 4824423, 0.4, 50, 100, 17, 227, 5000, 5
0, 6750, 112, 127, 125, 5326554, 5112373, 0.4, 50, 100, 17, 251, 5000, 5
0, 6750, 107, 126, 127, 4991438, 4633005, 0.4, 50, 100, 17, 251, 5000, 5
0, 6750, 82, 105, 99, 5232257, 5003391, 0.4, 50, 100, 17, 238, 5000, 5
0, 6750, 108, 133, 124, 5228112, 4780756, 0.4, 50, 100, 17, 228, 5000, 5
0, 6750, 87, 107, 97, 5381376, 5045384, 0.4, 50, 100, 17, 210, 5000, 5
0, 6750, 112, 135, 130, 5223517, 4970478, 0.4, 50, 100, 17, 236, 5000, 5
0, 6750, 88, 104, 94, 5228011, 4980322, 0.4, 50, 100, 17, 281, 5000, 5
0, 6750, 99, 117, 111, 5011920, 4760783, 0.4, 50, 100, 17, 245, 5000, 5
0, 6750, 111, 129, 117, 5364480, 4985667, 0.4, 50, 100, 17, 310, 5000, 5
0, 6750, 105, 122, 119, 5201524, 4877707, 0.4, 50, 100, 17, 243, 5000, 5
0, 6750, 107, 130, 124, 4970143, 4753156, 0.4, 50, 100, 17, 251, 5000, 5
0, 6750, 121, 141, 138, 5319249, 5053847, 0.4, 50, 100, 17, 233, 5000, 5
0, 6750, 100, 118, 109, 5141074, 4767415, 0.4, 50, 100, 17, 242, 5000, 5
0, 6750, 98, 114, 119, 4926394, 4797102, 0.4, 50, 100, 17, 236, 5000, 5
0, 6750, 102, 120, 118, 5026504, 4864721, 0.4, 50, 100, 17, 218, 5000, 5
0, 6750, 112, 129, 121, 5127400, 4971387, 0.4, 50, 100, 17, 251, 5000, 5
0, 6750, 101, 119, 118, 5298159, 5079235, 0.4, 50, 100, 17, 240, 5000, 5
0, 6750, 107, 136, 123, 5283595, 4953657, 0.4, 50, 100, 17, 242, 5000, 5
0, 6750, 90, 109, 102, 5307973, 4940886, 0.4, 50, 100, 17, 255, 5000, 5
0, 6750, 84, 107, 99, 5912665, 5574338, 0.4, 50, 100, 19, 248, 5000, 5
0, 6750, 104, 133, 117, 5550110, 5298350, 0.4, 50, 100, 19, 305, 5000, 5
0, 6750, 99, 121, 120, 5525330, 5334588, 0.4, 50, 100, 19, 323, 5000, 5
0, 6750, 108, 130, 113, 5976178, 5473480, 0.4, 50, 100, 19, 305, 5000, 5
0, 6750, 124, 146, 137, 5560219, 5357123, 0.4, 50, 100, 19, 306, 5000, 5
0, 6750, 98, 109, 117, 5542854, 5400095, 0.4, 50, 100, 19, 322, 5000, 5
0, 6750, 91, 108, 108, 5788837, 5500176, 0.4, 50, 100, 19, 293, 5000, 5
0, 6750, 104, 129, 118, 5540338, 5180291, 0.4, 50, 100, 19, 293, 5000, 5
0, 6750, 110, 138, 127, 5945258, 5677196, 0.4, 50, 100, 19, 275, 5000, 5
0, 6750, 108, 131, 119, 5811642, 5403245, 0.4, 50, 100, 19, 312, 5000, 5
0, 6750, 90, 110, 112, 5806163, 5481885, 0.4, 50, 100, 19, 297, 5000, 5
0, 6750, 83, 97, 95, 5825858, 5573922, 0.4, 50, 100, 19, 308, 5000, 5
0, 6750, 95, 115, 110, 5732906, 5553950, 0.4, 50, 100, 19, 350, 5000, 5
0, 6750, 97, 128, 116, 5962348, 5589302, 0.4, 50, 100, 19, 270, 5000, 5
0, 6750, 97, 114, 110, 5778636, 5496869, 0.4, 50, 100, 19, 340, 5000, 5
0, 6750, 102, 129, 114, 5860103, 5447462, 0.4, 50, 100, 19, 317, 5000, 5
0, 6750, 102, 120, 117, 5804663, 5488959, 0.4, 50, 100, 19, 358, 5000, 5
0, 6750, 107, 144, 128, 5688351, 5455675, 0.4, 50, 100, 19, 299, 5000, 5
0, 6750, 85, 102, 93, 6064091, 5708424, 0.4, 50, 100, 19, 339, 5000, 5
0, 6750, 104, 118, 122, 5623099, 5356303, 0.4, 50, 100, 19, 306, 5000, 5
0, 6750, 102, 120, 113, 5643385, 5371331, 0.4, 50, 100, 19, 430, 5000, 5
0, 6750, 98, 119, 113, 5722876, 5470575, 0.4, 50, 100, 19, 335, 5000, 5
0, 6750, 103, 128, 120, 5944403, 5483871, 0.4, 50, 100, 19, 275, 5000, 5
0, 6750, 100, 125, 111, 5726263, 5452384, 0.4, 50, 100, 19, 375, 5000, 5
0, 6750, 106, 128, 116, 5536805, 5113908, 0.4, 50, 100, 19, 284, 5000, 5
0, 6750, 100, 122, 113, 5805979, 5625694, 0.4, 50, 100, 19, 424, 5000, 5
0, 6750, 104, 128, 119, 5823955, 5433626, 0.4, 50, 100, 19, 319, 5000, 5
0, 6750, 109, 137, 118, 5986729, 5694002, 0.4, 50, 100, 19, 308, 5000, 5
0, 6750, 104, 121, 115, 5779533, 5191125, 0.4, 50, 100, 19, 350, 5000, 5
0, 6750, 96, 117, 107, 6070406, 5741886, 0.4, 50, 100, 19, 312, 5000, 5
0, 6750, 103, 123, 115, 5475044, 5198764, 0.4, 50, 100, 19, 333, 5000, 5
0, 6750, 115, 132, 123, 5585168, 5357076, 0.4, 50, 100, 19, 398, 5000, 5
0, 6750, 91, 121, 102, 5906189, 5565144, 0.4, 50, 100, 19, 287, 5000, 5
0, 6750, 105, 128, 123, 5683924, 5464782, 0.4, 50, 100, 19, 300, 5000, 5
0, 6750, 85, 100, 102, 5821509, 5560317, 0.4, 50, 100, 19, 308, 5000, 5
0, 6750, 95, 117, 109, 5681132, 5415360, 0.4, 50, 100, 19, 328, 5000, 5
0, 6750, 114, 147, 133, 5766174, 5451660, 0.4, 50, 100, 19, 335, 5000, 5
0, 6750, 107, 125, 120, 5637632, 5500607, 0.4, 50, 100, 19, 383, 5000, 5
0, 6750, 88, 109, 103, 5621083, 5325828, 0.4, 50, 100, 19, 297, 5000, 5
0, 6750, 95, 117, 114, 5742307, 5416359, 0.4, 50, 100, 19, 312, 5000, 5
0, 6750, 110, 130, 127, 5546083, 5238681, 0.4, 50, 100, 19, 294, 5000, 5
0, 6750, 102, 125, 122, 5588063, 5369273, 0.4, 50, 100, 19, 288, 5000, 5
0, 6750, 119, 137, 132, 5713445, 5483263, 0.4, 50, 100, 19, 300, 5000, 5
0, 6750, 97, 117, 108, 5579257, 5336474, 0.4, 50, 100, 19, 447, 5000, 5
0, 6750, 105, 129, 118, 5608563, 5227886, 0.4, 50, 100, 19, 326, 5000, 5
0, 6750, 95, 112, 113, 5601316, 5242021, 0.4, 50, 100, 19, 386, 5000, 5
0, 6750, 98, 114, 118, 5574430, 5302730, 0.4, 50, 100, 19, 299, 5000, 5
0, 6750, 113, 135, 131, 5787066, 5514041, 0.4, 50, 100, 19, 397, 5000, 5
0, 6750, 103, 124, 115, 5808714, 5307965, 0.4, 50, 100, 19, 433, 5000, 5
0, 6750, 111, 141, 120, 5940025, 5526608, 0.4, 50, 100, 19, 335, 5000, 5
0, 6750, 95, 121, 109, 5937360, 5612285, 0.4, 50, 100, 19, 444, 5000, 5
0, 6750, 104, 123, 121, 5828991, 5449966, 0.4, 50, 100, 19, 280, 5000, 5
0, 6750, 100, 125, 120, 5746657, 5415517, 0.4, 50, 100, 19, 253, 5000, 5
0, 6750, 90, 112, 102, 5722450, 5486294, 0.4, 50, 100, 19, 349, 5000, 5
0, 6750, 76, 102, 95, 5452542, 5270756, 0.4, 50, 100, 19, 480, 5000, 5
0, 6750, 99, 121, 113, 6030941, 5584044, 0.4, 50, 100, 19, 262, 5000, 5
0, 6750, 121, 146, 135, 5814130, 5513836, 0.4, 50, 100, 19, 453, 5000, 5
0, 6750, 101, 122, 113, 5768994, 5378539, 0.4, 50, 100, 19, 447, 5000, 5
0, 6750, 97, 122, 115, 5864735, 5612359, 0.4, 50, 100, 19, 313, 5000, 5
0, 6750, 99, 127, 116, 5751515, 5382741, 0.4, 50, 100, 19, 430, 5000, 5
0, 6750, 96, 115, 107, 5684639, 5370941, 0.4, 50, 100, 19, 251, 5000, 5
0, 6750, 91, 116, 109, 5714613, 5365196, 0.4, 50, 100, 19, 252, 5000, 5
0, 6750, 93, 121, 104, 5532636, 5231597, 0.4, 50, 100, 19, 491, 5000, 5
0, 6750, 92, 105, 106, 5702569, 5431473, 0.4, 50, 100, 19, 257, 5000, 5
0, 6750, 106, 127, 124, 5510456, 5262777, 0.4, 50, 100, 19, 265, 5000, 5
0, 6750, 105, 125, 114, 5977513, 5473942, 0.4, 50, 100, 19, 410, 5000, 5
0, 6750, 104, 131, 116, 5602619, 5223822, 0.4, 50, 100, 19, 291, 5000, 5
0, 6750, 89, 116, 103, 5858448, 5708913, 0.4, 50, 100, 19, 283, 5000, 5
0, 6750, 103, 121, 121, 5742160, 5438900, 0.4, 50, 100, 19, 268, 5000, 5
0, 6750, 98, 125, 110, 5922409, 5471125, 0.4, 50, 100, 19, 292, 5000, 5
0, 6750, 104, 122, 120, 5952051, 5656861, 0.4, 50, 100, 19, 291, 5000, 5
0, 6750, 95, 109, 116, 5653725, 5521909, 0.4, 50, 100, 19, 248, 5000, 5
0, 6750, 100, 115, 116, 5674550, 5429358, 0.4, 50, 100, 19, 284, 5000, 5
0, 6750, 109, 130, 124, 5451202, 5241393, 0.4, 50, 100, 19, 300, 5000, 5
0, 6750, 91, 125, 109, 5694107, 5462919, 0.4, 50, 100, 19, 310, 5000, 5
0, 6750, 103, 121, 113, 5818224, 5508661, 0.4, 50, 100, 19, 272, 5000, 5
0, 6750, 94, 121, 107, 5538394, 5308206, 0.4, 50, 100, 19, 296, 5000, 5
0, 6750, 105, 120, 123, 5977746, 5672521, 0.4, 50, 100, 19, 282, 5000, 5
0, 6750, 95, 115, 113, 5560170, 5460476, 0.4, 50, 100, 19, 329, 5000, 5
0, 6750, 99, 122, 108, 5750770, 5152512, 0.4, 50, 100, 19, 289, 5000, 5
0, 6750, 94, 121, 106, 5783843, 5342517, 0.4, 50, 100, 19, 378, 5000, 5
0, 6750, 92, 115, 107, 5876222, 5627634, 0.4, 50, 100, 19, 361, 5000, 5
0, 6750, 96, 118, 105, 5816698, 5340553, 0.4, 50, 100, 19, 356, 5000, 5
0, 6750, 96, 114, 117, 5768690, 5475415, 0.4, 50, 100, 19, 368, 5000, 5
0, 6750, 108, 127, 123, 5748784, 5350269, 0.4, 50, 100, 19, 307, 5000, 5
0, 6750, 119, 140, 138, 5689238, 5284989, 0.4, 50, 100, 19, 280, 5000, 5
0, 6750, 104, 127, 117, 5760813, 5418914, 0.4, 50, 100, 19, 348, 5000, 5
0, 6750, 90, 114, 100, 5825804, 5417376, 0.4, 50, 100, 19, 323, 5000, 5
0, 6750, 111, 131, 123, 5455670, 5082594, 0.4, 50, 100, 19, 339, 5000, 5
0, 6750, 83, 114, 98, 5625769, 5292476, 0.4, 50, 100, 19, 367, 5000, 5
0, 6750, 113, 132, 132, 5622212, 5283773, 0.4, 50, 100, 19, 323, 5000, 5
0, 6750, 101, 124, 120, 5660322, 5412967, 0.4, 50, 100, 19, 322, 5000, 5
0, 6750, 99, 116, 113, 5539900, 5234950, 0.4, 50, 100, 19, 257, 5000, 5
0, 6750, 102, 123, 117, 5595507, 5319378, 0.4, 50, 100, 19, 281, 5000, 5
0, 6750, 94, 118, 110, 5445808, 5227606, 0.4, 50, 100, 19, 278, 5000, 5
0, 6750, 115, 129, 132, 5821438, 5478281, 0.4, 50, 100, 19, 273, 5000, 5
0, 6750, 121, 139, 132, 5613604, 5318636, 0.4, 50, 100, 19, 286, 5000, 5
0, 6750, 119, 143, 136, 5664921, 5413522, 0.4, 50, 100, 19, 275, 5000, 5
0, 6750, 89, 114, 95, 5831437, 5495880, 0.4, 50, 100, 19, 271, 5000, 5
0, 6750, 115, 139, 126, 6158749, 5794927, 0.4, 50, 100, 19, 308, 5000, 5
0, 6750, 93, 125, 109, 6396864, 5973898, 0.4, 50, 100, 21, 323, 5000, 5
0, 6750, 94, 114, 106, 6005725, 5635250, 0.4, 50, 100, 21, 363, 5000, 5
0, 6750, 91, 112, 109, 6359973, 6044946, 0.4, 50, 100, 21, 348, 5000, 5
0, 6750, 105, 123, 127, 6327797, 6162232, 0.4, 50, 100, 21, 372, 5000, 5
0, 6750, 90, 111, 108, 6366446, 6005073, 0.4, 50, 100, 21, 345, 5000, 5
0, 6750, 88, 102, 96, 6433805, 6004130, 0.4, 50, 100, 21, 367, 5000, 5
0, 6750, 98, 121, 116, 6165404, 5736519, 0.4, 50, 100, 21, 356, 5000, 5
0, 6750, 99, 129, 115, 6613456, 6177411, 0.4, 50, 100, 21, 329, 5000, 5
0, 6750, 93, 124, 109, 6666833, 6171830, 0.4, 50, 100, 21, 335, 5000, 5
0, 6750, 96, 124, 107, 6353965, 5984494, 0.4, 50, 100, 21, 336, 5000, 5
0, 6750, 108, 138, 122, 6521098, 5917146, 0.4, 50, 100, 21, 334, 5000, 5
0, 6750, 102, 123, 115, 6114937, 5820867, 0.4, 50, 100, 21, 322, 5000, 5
0, 6750, 95, 121, 113, 6204831, 5801520, 0.4, 50, 100, 21, 339, 5000, 5
0, 6750, 114, 130, 131, 6139077, 5808332, 0.4, 50, 100, 21, 395, 5000, 5
0, 6750, 79, 99, 92, 6279119, 5878359, 0.4, 50, 100, 21, 330, 5000, 5
0, 6750, 92, 113, 110, 6525508, 6307935, 0.4, 50, 100, 21, 354, 5000, 5
0, 6750, 89, 105, 104, 6190529, 5970004, 0.4, 50, 100, 21, 342, 5000, 5
0, 6750, 102, 125, 117, 6344110, 5973281, 0.4, 50, 100, 21, 346, 5000, 5
0, 6750, 97, 121, 116, 6324318, 5988410, 0.4, 50, 100, 21, 352, 5000, 5
0, 6750, 104, 124, 119, 6285586, 6076953, 0.4, 50, 100, 21, 371, 5000, 5
0, 6750, 88, 109, 102, 6280003, 5945379, 0.4, 50, 100, 21, 331, 5000, 5
0, 6750, 101, 125, 108, 6433248, 6056590, 0.4, 50, 100, 21, 365, 5000, 5
0, 6750, 93, 114, 110, 6721269, 6439477, 0.4, 50, 100, 21, 361, 5000, 5
0, 6750, 93, 114, 104, 6325763, 5952602, 0.4, 50, 100, 21, 458, 5000, 5
0, 6750, 95, 122, 110, 6539624, 6020858, 0.4, 50, 100, 21, 349, 5000, 5
0, 6750, 107, 133, 117, 6438915, 5928678, 0.4, 50, 100, 21, 338, 5000, 5
0, 6750, 107, 131, 117, 6460095, 5992193, 0.4, 50, 100, 21, 435, 5000, 5
0, 6750, 103, 119, 122, 6023746, 5801249, 0.4, 50, 100, 21, 469, 5000, 5
0, 6750, 109, 125, 125, 6310696, 6000573, 0.4, 50, 100, 21, 389, 5000, 5
0, 6750, 105, 133, 120, 6340404, 5861017, 0.4, 50, 100, 21, 388, 5000, 5
0, 6750, 109, 130, 123, 5962885, 5578396, 0.4, 50, 100, 21, 420, 5000, 5
0, 6750, 75, 94, 87, 6155659, 5934223, 0.4, 50, 100, 21, 360, 5000, 5
0, 6750, 111, 127, 123, 6084685, 5750975, 0.4, 50, 100, 21, 347, 5000, 5
0, 6750, 101, 127, 114, 6625093, 6253959, 0.4, 50, 100, 21, 395, 5000, 5
0, 6750, 105, 131, 115, 6426882, 5775913, 0.4, 50, 100, 21, 341, 5000, 5
0, 6750, 97, 122, 114, 6199587, 5886542, 0.4, 50, 100, 21, 320, 5000, 5
0, 6750, 99, 119, 107, 6338228, 5926945, 0.4, 50, 100, 21, 318, 5000, 5
0, 6750, 113, 135, 127, 6247214, 5902030, 0.4, 50, 100, 21, 388, 5000, 5
0, 6750, 99, 119, 118, 6393213, 6044602, 0.4, 50, 100, 21, 325, 5000, 5
0, 6750, 101, 115, 119, 6329690, 5996147, 0.4, 50, 100, 21, 342, 5000, 5
0, 6750, 113, 133, 125, 6505105, 5837694, 0.4, 50, 100, 21, 368, 5000, 5
0, 6750, 98, 120, 112, 6104249, 5875835, 0.4, 50, 100, 21, 319, 5000, 5
0, 6750, 94, 120, 103, 6215252, 5717280, 0.4, 50, 100, 21, 375, 5000, 5
0, 6750, 85, 100, 95, 6285405, 5837106, 0.4, 50, 100, 21, 354, 5000, 5
0, 6750, 92, 124, 104, 6358187, 6068034, 0.4, 50, 100, 21, 342, 5000, 5
0, 6750, 118, 142, 131, 6165153, 5909788, 0.4, 50, 100, 21, 336, 5000, 5
0, 6750, 94, 120, 107, 6509143, 6186834, 0.4, 50, 100, 21, 324, 5000, 5
0, 6750, 100, 113, 117, 6309105, 5886107, 0.4, 50, 100, 21, 328, 5000, 5
0, 6750, 94, 106, 111, 6129184, 6042243, 0.4, 50, 100, 21, 330, 5000, 5
0, 6750, 101, 126, 120, 6188571, 5996651, 0.4, 50, 100, 21, 319, 5000, 5
0, 6750, 114, 140, 128, 6368545, 6176142, 0.4, 50, 100, 21, 348, 5000, 5
0, 6750, 98, 121, 115, 6426019, 6097882, 0.4, 50, 100, 21, 353, 5000, 5
0, 6750, 96, 122, 114, 6479172, 6108199, 0.4, 50, 100, 21, 330, 5000, 5
0, 6750, 83, 115, 105, 6118260, 5666131, 0.4, 50, 100, 21, 356, 5000, 5
0, 6750, 105, 118, 118, 6518294, 6128389, 0.4, 50, 100, 21, 420, 5000, 5
0, 6750, 107, 125, 121, 6212986, 5819348, 0.4, 50, 100, 21, 391, 5000, 5
0, 6750, 101, 111, 111, 6149982, 5981495, 0.4, 50, 100, 21, 363, 5000, 5
0, 6750, 94, 115, 101, 6444767, 6163005, 0.4, 50, 100, 21, 351, 5000, 5
0, 6750, 104, 132, 119, 6742085, 6273026, 0.4, 50, 100, 21, 441, 5000, 5
0, 6750, 109, 132, 117, 6281720, 5713197, 0.4, 50, 100, 21, 387, 5000, 5
0, 6750, 114, 145, 131, 6373738, 5877134, 0.4, 50, 100, 21, 434, 5000, 5
0, 6750, 105, 127, 120, 6469960, 5950519, 0.4, 50, 100, 21, 342, 5000, 5
0, 6750, 93, 111, 109, 6173080, 5884964, 0.4, 50, 100, 21, 331, 5000, 5
0, 6750, 112, 130, 127, 6298194, 5994511, 0.4, 50, 100, 21, 352, 5000, 5
0, 6750, 91, 117, 105, 6485761, 6147905, 0.4, 50, 100, 21, 334, 5000, 5
0, 6750, 121, 139, 137, 6508935, 6163601, 0.4, 50, 100, 21, 361, 5000, 5
0, 6750, 108, 131, 121, 6176304, 5826440, 0.4, 50, 100, 21, 401, 5000, 5
0, 6750, 85, 96, 98, 6134973, 5851084, 0.4, 50, 100, 21, 480, 5000, 5
0, 6750, 86, 103, 102, 6350040, 5905553, 0.4, 50, 100, 21, 352, 5000, 5
0, 6750, 96, 115, 116, 6103743, 5972765, 0.4, 50, 100, 21, 354, 5000, 5
0, 6750, 103, 117, 115, 6172281, 5679947, 0.4, 50, 100, 21, 389, 5000, 5
0, 6750, 105, 120, 120, 6611063, 6131611, 0.4, 50, 100, 21, 350, 5000, 5
0, 6750, 87, 105, 95, 6253165, 6070205, 0.4, 50, 100, 21, 354, 5000, 5
0, 6750, 94, 114, 100, 6429100, 5975736, 0.4, 50, 100, 21, 340, 5000, 5
0, 6750, 98, 124, 112, 6177281, 5941628, 0.4, 50, 100, 21, 340, 5000, 5
0, 6750, 99, 120, 120, 6451233, 6037429, 0.4, 50, 100, 21, 408, 5000, 5
0, 6750, 107, 126, 121, 6407596, 6037153, 0.4, 50, 100, 21, 345, 5000, 5
0, 6750, 114, 134, 129, 6191850, 5691467, 0.4, 50, 100, 21, 392, 5000, 5
0, 6750, 101, 128, 114, 6084706, 5707886, 0.4, 50, 100, 21, 384, 5000, 5
0, 6750, 96, 114, 109, 6245376, 5955117, 0.4, 50, 100, 21, 312, 5000, 5
0, 6750, 101, 125, 115, 6236981, 6076451, 0.4, 50, 100, 21, 400, 5000, 5
0, 6750, 115, 148, 129, 6299860, 5967568, 0.4, 50, 100, 21, 393, 5000, 5
0, 6750, 110, 135, 128, 6465696, 6145473, 0.4, 50, 100, 21, 354, 5000, 5
0, 6750, 85, 106, 90, 6527812, 6059608, 0.4, 50, 100, 21, 397, 5000, 5
0, 6750, 98, 123, 108, 6399756, 5971829, 0.4, 50, 100, 21, 431, 5000, 5
0, 6750, 108, 133, 125, 6510070, 6051647, 0.4, 50, 100, 21, 381, 5000, 5
0, 6750, 91, 112, 103, 6136805, 5960052, 0.4, 50, 100, 21, 373, 5000, 5
0, 6750, 94, 111, 107, 6030524, 5690619, 0.4, 50, 100, 21, 381, 5000, 5
0, 6750, 106, 134, 124, 6413718, 6002340, 0.4, 50, 100, 21, 349, 5000, 5
0, 6750, 93, 121, 109, 6143557, 5994635, 0.4, 50, 100, 21, 344, 5000, 5
0, 6750, 111, 140, 127, 6065968, 5721462, 0.4, 50, 100, 21, 333, 5000, 5
0, 6750, 102, 123, 116, 6226830, 5855216, 0.4, 50, 100, 21, 329, 5000, 5
0, 6750, 108, 126, 123, 6193961, 5973093, 0.4, 50, 100, 21, 335, 5000, 5
0, 6750, 89, 111, 111, 6523687, 6268299, 0.4, 50, 100, 21, 305, 5000, 5
0, 6750, 102, 127, 121, 6401480, 6110459, 0.4, 50, 100, 21, 342, 5000, 5
0, 6750, 108, 135, 118, 6199034, 5916596, 0.4, 50, 100, 21, 469, 5000, 5
0, 6750, 104, 130, 121, 6634735, 6423313, 0.4, 50, 100, 21, 500, 5000, 5
0, 6750, 104, 127, 122, 6810044, 6254945, 0.4, 50, 100, 21, 339, 5000, 5
0, 6750, 102, 116, 124, 5940802, 5795506, 0.4, 50, 100, 21, 362, 5000, 5
0, 6750, 97, 127, 111, 6299922, 5833478, 0.4, 50, 100, 21, 469, 5000, 5
0, 6750, 91, 124, 105, 9180059, 8568180, 0.4, 50, 100, 30, 727, 5000, 5
0, 6750, 100, 111, 113, 8674122, 8296067, 0.4, 50, 100, 30, 743, 5000, 5
0, 6750, 99, 117, 116, 9240830, 8542706, 0.4, 50, 100, 30, 752, 5000, 5
0, 6750, 88, 111, 103, 9575559, 9170015, 0.4, 50, 100, 30, 669, 5000, 5
0, 6750, 95, 115, 108, 9021096, 8568485, 0.4, 50, 100, 30, 747, 5000, 5
0, 6750, 89, 109, 108, 8998806, 8606473, 0.4, 50, 100, 30, 791, 5000, 5
0, 6750, 98, 126, 114, 9181863, 8514748, 0.4, 50, 100, 30, 762, 5000, 5
0, 6750, 115, 138, 129, 9404259, 8588647, 0.4, 50, 100, 30, 781, 5000, 5
0, 6750, 105, 123, 124, 8778441, 8288297, 0.4, 50, 100, 30, 762, 5000, 5
0, 6750, 122, 140, 134, 8974385, 8200206, 0.4, 50, 100, 30, 776, 5000, 5
0, 6750, 84, 103, 94, 8918719, 8397371, 0.4, 50, 100, 30, 801, 5000, 5
0, 6750, 90, 117, 111, 8597445, 7936524, 0.4, 50, 100, 30, 785, 5000, 5
0, 6750, 97, 123, 114, 9048378, 8435233, 0.4, 50, 100, 30, 752, 5000, 5
0, 6750, 114, 131, 124, 8993783, 8719427, 0.4, 50, 100, 30, 822, 5000, 5
0, 6750, 88, 103, 98, 9140534, 8764154, 0.4, 50, 100, 30, 832, 5000, 5
0, 6750, 101, 121, 119, 8724635, 8179447, 0.4, 50, 100, 30, 804, 5000, 5
0, 6750, 105, 130, 115, 8583602, 8355918, 0.4, 50, 100, 30, 667, 5000, 5
0, 6750, 109, 132, 127, 9286199, 8564949, 0.4, 50, 100, 30, 757, 5000, 5
0, 6750, 102, 124, 124, 9311175, 8750095, 0.4, 50, 100, 30, 808, 5000, 5
0, 6750, 105, 124, 125, 9194106, 8676701, 0.4, 50, 100, 30, 772, 5000, 5
0, 6750, 82, 105, 91, 8842557, 8332312, 0.4, 50, 100, 30, 793, 5000, 5
0, 6750, 101, 124, 123, 8905149, 8635585, 0.4, 50, 100, 30, 760, 5000, 5
0, 6750, 104, 124, 117, 8972731, 8486326, 0.4, 50, 100, 30, 826, 5000, 5
0, 6750, 99, 127, 116, 9245393, 8625843, 0.4, 50, 100, 30, 791, 5000, 5
0, 6750, 118, 133, 138, 9057675, 8568255, 0.4, 50, 100, 30, 872, 5000, 5
0, 6750, 110, 130, 123, 9013882, 8386763, 0.4, 50, 100, 30, 1153, 5000, 5
0, 6750, 98, 118, 121, 9259594, 8779763, 0.4, 50, 100, 30, 910, 5000, 5
0, 6750, 89, 115, 115, 9014090, 8561706, 0.4, 50, 100, 30, 866, 5000, 5
0, 6750, 96, 117, 116, 8984855, 8605940, 0.4, 50, 100, 30, 627, 5000, 5
0, 6750, 92, 113, 100, 9146967, 8415992, 0.4, 50, 100, 30, 658, 5000, 5
0, 6750, 102, 119, 111, 8986978, 8230884, 0.4, 50, 100, 30, 1083, 5000, 5
0, 6750, 90, 111, 99, 9137829, 8796506, 0.4, 50, 100, 30, 643, 5000, 5
0, 6750, 104, 121, 122, 9185396, 8686416, 0.4, 50, 100, 30, 1196, 5000, 5
0, 6750, 109, 136, 125, 8702988, 8427905, 0.4, 50, 100, 30, 756, 5000, 5
0, 6750, 95, 118, 107, 9013070, 8364887, 0.4, 50, 100, 30, 729, 5000, 5
0, 6750, 118, 142, 131, 9107969, 8573459, 0.4, 50, 100, 30, 750, 5000, 5
0, 6750, 99, 118, 116, 9142847, 8628473, 0.4, 50, 100, 30, 746, 5000, 5
0, 6750, 98, 119, 108, 9167700, 8632543, 0.4, 50, 100, 30, 759, 5000, 5
0, 6750, 103, 128, 120, 9204011, 8679674, 0.4, 50, 100, 30, 713, 5000, 5
0, 6750, 96, 111, 109, 8918203, 8489244, 0.4, 50, 100, 30, 670, 5000, 5
0, 6750, 109, 145, 124, 8956780, 8212861, 0.4, 50, 100, 30, 859, 5000, 5
0, 6750, 120, 137, 136, 9159322, 8580758, 0.4, 50, 100, 30, 780, 5000, 5
0, 6750, 96, 125, 111, 9107384, 8711044, 0.4, 50, 100, 30, 1252, 5000, 5
0, 6750, 95, 121, 112, 8802873, 8484869, 0.4, 50, 100, 30, 720, 5000, 5
0, 6750, 113, 136, 130, 8817759, 8218762, 0.4, 50, 100, 30, 762, 5000, 5
0, 6750, 113, 131, 122, 9301606, 8855835, 0.4, 50, 100, 30, 825, 5000, 5
0, 6750, 104, 122, 113, 9299918, 8617162, 0.4, 50, 100, 30, 831, 5000, 5
0, 6750, 99, 114, 116, 8753855, 8496852, 0.4, 50, 100, 30, 725, 5000, 5
0, 6750, 104, 131, 123, 9098987, 8538189, 0.4, 50, 100, 30, 777, 5000, 5
0, 6750, 80, 106, 93, 9537613, 8995754, 0.4, 50, 100, 30, 759, 5000, 5
0, 6750, 112, 130, 120, 9693130, 9143331, 0.4, 50, 100, 30, 738, 5000, 5
0, 6750, 113, 137, 118, 8893468, 8479339, 0.4, 50, 100, 30, 829, 5000, 5
0, 6750, 99, 127, 123, 8905078, 8295557, 0.4, 50, 100, 30, 767, 5000, 5
0, 6750, 105, 129, 121, 8926977, 8423624, 0.4, 50, 100, 30, 946, 5000, 5
0, 6750, 107, 143, 131, 8782877, 8435991, 0.4, 50, 100, 30, 1017, 5000, 5
0, 6750, 92, 112, 107, 8854019, 8394946, 0.4, 50, 100, 30, 693, 5000, 5
0, 6750, 103, 122, 118, 8837976, 8395284, 0.4, 50, 100, 30, 952, 5000, 5
0, 6750, 114, 132, 131, 9534253, 9148974, 0.4, 50, 100, 30, 702, 5000, 5
0, 6750, 100, 120, 110, 9112685, 8489412, 0.4, 50, 100, 30, 725, 5000, 5
0, 6750, 104, 130, 121, 8989093, 8676112, 0.4, 50, 100, 30, 709, 5000, 5
0, 6750, 81, 98, 93, 8907912, 8487213, 0.4, 50, 100, 30, 708, 5000, 5
0, 6750, 94, 109, 109, 8671706, 8303113, 0.4, 50, 100, 30, 735, 5000, 5
0, 6750, 103, 135, 115, 9282981, 8667530, 0.4, 50, 100, 30, 1051, 5000, 5
0, 6750, 111, 138, 129, 9267248, 8627780, 0.4, 50, 100, 30, 905, 5000, 5
0, 6750, 97, 114, 108, 8935217, 8707573, 0.4, 50, 100, 30, 747, 5000, 5
0, 6750, 105, 120, 121, 9225754, 8753160, 0.4, 50, 100, 30, 1159, 5000, 5
0, 6750, 87, 113, 104, 8842607, 8350416, 0.4, 50, 100, 30, 1136, 5000, 5
0, 6750, 107, 127, 124, 8981662, 8418482, 0.4, 50, 100, 30, 818, 5000, 5
0, 6750, 99, 123, 116, 9039975, 8532734, 0.4, 50, 100, 30, 768, 5000, 5
0, 6750, 98, 124, 111, 9191620, 8542719, 0.4, 50, 100, 30, 711, 5000, 5
0, 6750, 113, 136, 137, 8681107, 8273518, 0.4, 50, 100, 30, 671, 5000, 5
0, 6750, 98, 117, 112, 8859338, 8357843, 0.4, 50, 100, 30, 809, 5000, 5
0, 6750, 102, 126, 123, 8857601, 8463681, 0.4, 50, 100, 30, 791, 5000, 5
0, 6750, 105, 120, 116, 9308220, 8704572, 0.4, 50, 100, 30, 840, 5000, 5
0, 6750, 105, 125, 119, 9076756, 8712504, 0.4, 50, 100, 30, 781, 5000, 5
0, 6750, 105, 124, 117, 8880872, 8457091, 0.4, 50, 100, 30, 784, 5000, 5
0, 6750, 87, 111, 97, 9075083, 8229911, 0.4, 50, 100, 30, 776, 5000, 5
0, 6750, 95, 120, 109, 8945032, 8370063, 0.4, 50, 100, 30, 679, 5000, 5
0, 6750, 105, 127, 117, 8846451, 8246201, 0.4, 50, 100, 30, 1082, 5000, 5
0, 6750, 85, 109, 98, 9093225, 8498925, 0.4, 50, 100, 30, 818, 5000, 5
0, 6750, 102, 131, 123, 9011467, 8502847, 0.4, 50, 100, 30, 819, 5000, 5
0, 6750, 87, 111, 97, 8779110, 8272695, 0.4, 50, 100, 30, 835, 5000, 5
0, 6750, 101, 115, 111, 8746956, 8451513, 0.4, 50, 100, 30, 961, 5000, 5
0, 6750, 112, 133, 123, 9063869, 8608214, 0.4, 50, 100, 30, 824, 5000, 5
0, 6750, 96, 114, 105, 8874363, 8376477, 0.4, 50, 100, 30, 666, 5000, 5
0, 6750, 115, 137, 126, 9319781, 8612099, 0.4, 50, 100, 30, 673, 5000, 5
0, 6750, 103, 123, 122, 9107634, 8688479, 0.4, 50, 100, 30, 683, 5000, 5
0, 6750, 108, 133, 126, 9110122, 8591411, 0.4, 50, 100, 30, 816, 5000, 5
0, 6750, 111, 128, 119, 9347804, 8314411, 0.4, 50, 100, 30, 799, 5000, 5
0, 6750, 102, 123, 124, 9425453, 8943213, 0.4, 50, 100, 30, 759, 5000, 5
0, 6750, 94, 113, 105, 9048000, 8321001, 0.4, 50, 100, 30, 669, 5000, 5
0, 6750, 97, 121, 123, 8852787, 8536100, 0.4, 50, 100, 30, 638, 5000, 5
0, 6750, 108, 126, 127, 9271348, 8585208, 0.4, 50, 100, 30, 695, 5000, 5
0, 6750, 112, 136, 129, 9108971, 8703392, 0.4, 50, 100, 30, 644, 5000, 5
0, 6750, 90, 107, 102, 8919175, 8498832, 0.4, 50, 100, 30, 618, 5000, 5
0, 6750, 92, 113, 105, 9074322, 8532409, 0.4, 50, 100, 30, 626, 5000, 5
0, 6750, 96, 122, 109, 8854875, 8280969, 0.4, 50, 100, 30, 642, 5000, 5
0, 6750, 106, 124, 121, 8857338, 8542178, 0.4, 50, 100, 30, 603, 5000, 5
0, 6750, 112, 131, 129, 8854903, 8416051, 0.4, 50, 100, 30, 602, 5000, 5
0, 6750, 104, 129, 119, 9184903, 8586137, 0.4, 50, 100, 30, 660, 5000, 5
1, 5408, 95, 100, 101, 245925, 248359, 0.4, 50, 100, 1, 3, 5000, 5
1, 5397, 106, 111, 111, 236543, 236751, 0.4, 50, 100, 1, 3, 5000, 5
0, 6750, 110, 133, 127, 292919, 275473, 0.4, 50, 100, 1, 5, 5000, 5
0, 6750, 97, 120, 117, 308120, 297546, 0.4, 50, 100, 1, 5, 5000, 5
0, 6750, 87, 110, 105, 358491, 339940, 0.4, 50, 100, 1, 5, 5000, 5
1, 5332, 108, 113, 113, 250086, 250240, 0.4, 50, 100, 1, 3, 5000, 5
0, 6750, 103, 121, 110, 297831, 270208, 0.4, 50, 100, 1, 5, 5000, 5
0, 6750, 100, 128, 113, 297596, 261893, 0.4, 50, 100, 1, 6, 5000, 5
0, 6750, 117, 136, 132, 311939, 298976, 0.4, 50, 100, 1, 5, 5000, 5
0, 6750, 102, 131, 118, 335363, 295345, 0.4, 50, 100, 1, 5, 5000, 5
0, 6750, 106, 124, 118, 331232, 312887, 0.4, 50, 100, 1, 5, 5000, 5
0, 6750, 109, 133, 120, 339689, 301327, 0.4, 50, 100, 1, 7, 5000, 5
1, 5394, 105, 110, 111, 273075, 275673, 0.4, 50, 100, 1, 3, 5000, 5
0, 6750, 94, 130, 114, 309200, 269192, 0.4, 50, 100, 1, 5, 5000, 5
1, 5544, 77, 82, 83, 256644, 258777, 0.4, 50, 100, 1, 3, 5000, 5
1, 5662, 96, 101, 103, 260104, 265327, 0.4, 50, 100, 1, 4, 5000, 5
1, 6353, 118, 130, 131, 268722, 269498, 0.4, 50, 100, 1, 5, 5000, 5
0, 6750, 109, 133, 120, 294292, 261768, 0.4, 50, 100, 1, 5, 5000, 5
0, 6750, 112, 133, 127, 363444, 341345, 0.4, 50, 100, 1, 5, 5000, 5
0, 6750, 88, 117, 101, 287350, 249050, 0.4, 50, 100, 1, 5, 5000, 5
1, 5446, 100, 105, 106, 218147, 220139, 0.4, 50, 100, 1, 3, 5000, 5
1, 5441, 87, 92, 93, 243461, 246021, 0.4, 50, 100, 1, 3, 5000, 5
0, 6750, 81, 104, 100, 301633, 290741, 0.4, 50, 100, 1, 6, 5000, 5
0, 6750, 102, 127, 112, 346237, 305521, 0.4, 50, 100, 1, 5, 5000, 5
0, 6750, 97, 121, 106, 328950, 288875, 0.4, 50, 100, 1, 6, 5000, 5
1, 5678, 118, 123, 126, 303459, 312746, 0.4, 50, 100, 1, 4, 5000, 5
1, 5509, 93, 98, 99, 271841, 274294, 0.4, 50, 100, 1, 3, 5000, 5
1, 5543, 103, 108, 110, 230372, 234871, 0.4, 50, 100, 1, 3, 5000, 5
1, 5806, 106, 112, 113, 248798, 250268, 0.4, 50, 100, 1, 4, 5000, 5
1, 5468, 102, 108, 108, 245173, 245218, 0.4, 50, 100, 1, 3, 5000, 5
1, 5541, 94, 99, 103, 256620, 266775, 0.4, 50, 100, 1, 3, 5000, 5
0, 6750, 107, 134, 120, 291271, 255875, 0.4, 50, 100, 1, 6, 5000, 5
0, 6750, 107, 125, 120, 342085, 328115, 0.4, 50, 100, 1, 4, 5000, 5
0, 6750, 116, 140, 126, 312049, 275041, 0.4, 50, 100, 1, 6, 5000, 5
1, 5576, 88, 94, 94, 284904, 285043, 0.4, 50, 100, 1, 3, 5000, 5
0, 6750, 93, 124, 115, 246274, 229057, 0.4, 50, 100, 1, 6, 5000, 5
1, 5593, 95, 100, 101, 212043, 214369, 0.4, 50, 100, 1, 3, 5000, 5
0, 6750, 93, 109, 106, 341308, 332190, 0.4, 50, 100, 1, 5, 5000, 5
0, 6750, 98, 124, 111, 324147, 292329, 0.4, 50, 100, 1, 5, 5000, 5
1, 5634, 107, 112, 112, 241873, 242222, 0.4, 50, 100, 1, 4, 5000, 5
0, 6750, 100, 133, 117, 248127, 218518, 0.4, 50, 100, 1, 5, 5000, 5
1, 5549, 96, 101, 102, 288660, 291162, 0.4, 50, 100, 1, 3, 5000, 5
1, 5920, 101, 110, 111, 250560, 251722, 0.4, 50, 100, 1, 4, 5000, 5
1, 6334, 103, 114, 115, 278652, 280607, 0.4, 50, 100, 1, 5, 5000, 5
0, 6750, 100, 119, 113, 290810, 275952, 0.4, 50, 100, 1, 5, 5000, 5
1, 5574, 97, 102, 105, 209617, 215868, 0.4, 50, 100, 1, 3, 5000, 5
0, 6750, 99, 122, 114, 279116, 256423, 0.4, 50, 100, 1, 5, 5000, 5
0, 6750, 102, 124, 117, 324483, 305240, 0.4, 50, 100, 1, 5, 5000, 5
1, 5861, 97, 102, 105, 307920, 317056, 0.4, 50, 100, 1, 4, 5000, 5
1, 5357, 91, 96, 98, 239305, 244132, 0.4, 50, 100, 1, 3, 5000, 5
1, 5529, 112, 117, 117, 272797, 272924, 0.4, 50, 100, 1, 3, 5000, 5
0, 6750, 94, 110, 105, 291854, 281466, 0.4, 50, 100, 1, 5, 5000, 5
0, 6750, 116, 137, 126, 330735, 298172, 0.4, 50, 100, 1, 5, 5000, 5
1, 5579, 103, 108, 113, 259393, 272152, 0.4, 50, 100, 1, 3, 5000, 5
0, 6750, 115, 138, 130, 304388, 284387, 0.4, 50, 100, 1, 5, 5000, 5
1, 5569, 78, 83, 84, 258754, 261340, 0.4, 50, 100, 1, 3, 5000, 5
0, 6750, 115, 136, 126, 325486, 298135, 0.4, 50, 100, 1, 5, 5000, 5
0, 6750, 110, 131, 118, 322499, 287792, 0.4, 50, 100, 1, 5, 5000, 5
1, 5564, 104, 109, 109, 235630, 235780, 0.4, 50, 100, 1, 3, 5000, 5
1, 5500, 115, 120, 121, 270716, 273775, 0.4, 50, 100, 1, 3, 5000, 5
1, 6056, 80, 93, 94, 233111, 234720, 0.4, 50, 100, 1, 4, 5000, 5
0, 6750, 115, 140, 129, 308644, 278808, 0.4, 50, 100, 1, 4, 5000, 5
1, 5517, 105, 110, 111, 270110, 272646, 0.4, 50, 100, 1, 3, 5000, 5
1, 5553, 111, 116, 117, 265581, 268162, 0.4, 50, 100, 1, 3, 5000, 5
1, 5383, 97, 102, 102, 235140, 235240, 0.4, 50, 100, 1, 3, 5000, 5
1, 5608, 102, 109, 110, 277558, 279801, 0.4, 50, 100, 1, 3, 5000, 5
0, 6750, 106, 133, 123, 336831, 308116, 0.4, 50, 100, 1, 4, 5000, 5
1, 5802, 93, 98, 106, 243534, 261987, 0.4, 50, 100, 1, 3, 5000, 5
1, 5294, 114, 119, 119, 272524, 272785, 0.4, 50, 100, 1, 3, 5000, 5
1, 5438, 111, 117, 117, 228395, 228478, 0.4, 50, 100, 1, 3, 5000, 5
1, 5729, 105, 110, 112, 260277, 265935, 0.4, 50, 100, 1, 4, 5000, 5
0, 6750, 106, 129, 122, 257531, 241995, 0.4, 50, 100, 1, 7, 5000, 5
1, 5345, 99, 104, 104, 252817, 252847, 0.4, 50, 100, 1, 3, 5000, 5
1, 5812, 107, 112, 115, 238583, 245368, 0.4, 50, 100, 1, 4, 5000, 5
0, 6750, 116, 134, 129, 275286, 263084, 0.4, 50, 100, 1, 6, 5000, 5
0, 6750, 107, 137, 119, 345551, 292380, 0.4, 50, 100, 1, 6, 5000, 5
0, 6750, 120, 140, 134, 255196, 239145, 0.4, 50, 100, 1, 6, 5000, 5
1, 5553, 92, 97, 98, 309149, 311625, 0.4, 50, 100, 1, 3, 5000, 5
0, 6750, 93, 116, 103, 315743, 280701, 0.4, 50, 100, 1, 5, 5000, 5
0, 6750, 116, 137, 132, 320998, 304959, 0.4, 50, 100, 1, 5, 5000, 5
1, 5509, 114, 119, 119, 225471, 225720, 0.4, 50, 100, 1, 3, 5000, 5
0, 6750, 110, 137, 123, 366307, 319684, 0.4, 50, 100, 1, 6, 5000, 5
0, 6750, 117, 142, 130, 301591, 270440, 0.4, 50, 100, 1, 5, 5000, 5
0, 6750, 103, 126, 116, 308537, 280993, 0.4, 50, 100, 1, 6, 5000, 5
0, 6750, 104, 129, 114, 298321, 261204, 0.4, 50, 100, 1, 5, 5000, 5
1, 5426, 104, 109, 109, 271481, 271595, 0.4, 50, 100, 1, 4, 5000, 5
0, 6750, 89, 113, 102, 399350, 365496, 0.4, 50, 100, 1, 5, 5000, 5
0, 6750, 110, 135, 124, 261385, 235759, 0.4, 50, 100, 1, 5, 5000, 5
0, 6750, 101, 127, 113, 298438, 265277, 0.4, 50, 100, 1, 5, 5000, 5
1, 5794, 95, 101, 101, 262109, 262645, 0.4, 50, 100, 1, 4, 5000, 5
1, 5547, 97, 102, 104, 277703, 282884, 0.4, 50, 100, 1, 3, 5000, 5
0, 6750, 103, 122, 113, 318948, 293613, 0.4, 50, 100, 1, 5, 5000, 5
0, 6750, 82, 112, 102, 289815, 266437, 0.4, 50, 100, 1, 5, 5000, 5
1, 5176, 100, 105, 105, 235983, 236041, 0.4, 50, 100, 1, 2, 5000, 5
0, 6750, 101, 124, 116, 311042, 289408, 0.4, 50, 100, 1, 6, 5000, 5
0, 6750, 97, 124, 111, 314864, 284476, 0.4, 50, 100, 1, 5, 5000, 5
0, 6750, 94, 118, 116, 295627, 290514, 0.4, 50, 100, 1, 6, 5000, 5
0, 6750, 90, 114, 106, 315171, 294359, 0.4, 50, 100, 1, 5, 5000, 5
0, 6750, 118, 151, 136, 294474, 255986, 0.4, 50, 100, 1, 6, 5000, 5
0, 6750, 100, 127, 119, 252816, 234962, 0.4, 50, 100, 1, 6, 5000, 5
1, 5786, 100, 108, 111, 505080, 513514, 0.4, 50, 100, 2, 7, 5000, 5
0, 6750, 94, 114, 102, 688398, 637180, 0.4, 50, 100, 2, 9, 5000, 5
0, 6750, 79, 98, 89, 637175, 596996, 0.4, 50, 100, 2, 11, 5000, 5
0, 6750, 96, 121, 111, 708421, 683140, 0.4, 50, 100, 2, 10, 5000, 5
0, 6750, 101, 137, 118, 648749, 570076, 0.4, 50, 100, 2, 10, 5000, 5
1, 5705, 94, 99, 99, 449699, 449834, 0.4, 50, 100, 2, 7, 5000, 5
0, 6750, 97, 124, 112, 577066, 528353, 0.4, 50, 100, 2, 10, 5000, 5
0, 6750, 98, 119, 112, 581867, 549639, 0.4, 50, 100, 2, 10, 5000, 5
0, 6750, 105, 124, 121, 688056, 629202, 0.4, 50, 100, 2, 10, 5000, 5
0, 6750, 99, 125, 113, 664333, 593822, 0.4, 50, 100, 2, 9, 5000, 5
0, 6750, 95, 124, 113, 569900, 524802, 0.4, 50, 100, 2, 10, 5000, 5
0, 6750, 102, 125, 117, 657663, 607995, 0.4, 50, 100, 2, 9, 5000, 5
0, 6750, 103, 115, 111, 668212, 610339, 0.4, 50, 100, 2, 10, 5000, 5
1, 5490, 91, 96, 97, 513097, 522887, 0.4, 50, 100, 2, 7, 5000, 5
0, 6750, 104, 121, 119, 577724, 557879, 0.4, 50, 100, 2, 11, 5000, 5
0, 6750, 101, 121, 106, 628392, 574096, 0.4, 50, 100, 2, 10, 5000, 5
0, 6750, 97, 122, 115, 593900, 565147, 0.4, 50, 100, 2, 10, 5000, 5
1, 5327, 105, 110, 109, 488147, 491072, 0.4, 50, 100, 2, 6, 5000, 5
1, 5830, 85, 90, 90, 595220, 598011, 0.4, 50, 100, 2, 7, 5000, 5
0, 6750, 106, 136, 119, 609943, 555493, 0.4, 50, 100, 2, 11, 5000, 5
0, 6750, 106, 129, 119, 679068, 606117, 0.4, 50, 100, 2, 11, 5000, 5
0, 6750, 110, 132, 116, 647821, 577562, 0.4, 50, 100, 2, 12, 5000, 5
0, 6750, 99, 121, 118, 640800, 618628, 0.4, 50, 100, 2, 11, 5000, 5
0, 6750, 99, 129, 111, 626691, 553435, 0.4, 50, 100, 2, 11, 5000, 5
0, 6750, 116, 131, 134, 583238, 555884, 0.4, 50, 100, 2, 11, 5000, 5
0, 6750, 87, 105, 106, 564356, 540318, 0.4, 50, 100, 2, 11, 5000, 5
1, 5528, 106, 111, 112, 550669, 553077, 0.4, 50, 100, 2, 7, 5000, 5
0, 6750, 98, 113, 109, 553661, 531669, 0.4, 50, 100, 2, 10, 5000, 5
0, 6750, 102, 131, 121, 548852, 524260, 0.4, 50, 100, 2, 10, 5000, 5
0, 6750, 103, 124, 118, 564271, 516903, 0.4, 50, 100, 2, 11, 5000, 5
0, 6750, 108, 128, 117, 629390, 571992, 0.4, 50, 100, 2, 10, 5000, 5
0, 6750, 110, 126, 119, 619199, 570561, 0.4, 50, 100, 2, 12, 5000, 5
0, 6750, 105, 122, 116, 579146, 548154, 0.4, 50, 100, 2, 10, 5000, 5
0, 6750, 103, 126, 113, 639259, 596187, 0.4, 50, 100, 2, 11, 5000, 5
0, 6750, 101, 114, 115, 624321, 607644, 0.4, 50, 100, 2, 11, 5000, 5
1, 6140, 99, 109, 108, 588261, 596083, 0.4, 50, 100, 2, 9, 5000, 5
0, 6750, 120, 134, 134, 563308, 536904, 0.4, 50, 100, 2, 11, 5000, 5
0, 6750, 95, 127, 109, 573493, 521847, 0.4, 50, 100, 2, 11, 5000, 5
0, 6750, 107, 128, 120, 539742, 507586, 0.4, 50, 100, 2, 11, 5000, 5
0, 6750, 114, 135, 125, 618534, 545840, 0.4, 50, 100, 2, 11, 5000, 5
1, 5620, 94, 101, 101, 593444, 593503, 0.4, 50, 100, 2, 7, 5000, 5
0, 6750, 110, 121, 120, 657461, 628904, 0.4, 50, 100, 2, 10, 5000, 5
0, 6750, 102, 119, 116, 564515, 546678, 0.4, 50, 100, 2, 11, 5000, 5
0, 6750, 101, 121, 117, 546269, 535804, 0.4, 50, 100, 2, 10, 5000, 5
1, 5378, 96, 101, 100, 590387, 593259, 0.4, 50, 100, 2, 6, 5000, 5
1, 5513, 109, 114, 117, 449949, 459542, 0.4, 50, 100, 2, 7, 5000, 5
0, 6750, 97, 117, 112, 624252, 601733, 0.4, 50, 100, 2, 12, 5000, 5
1, 5613, 93, 98, 100, 532908, 535435, 0.4, 50, 100, 2, 7, 5000, 5
0, 6750, 102, 120, 111, 683895, 656247, 0.4, 50, 100, 2, 10, 5000, 5
0, 6750, 103, 121, 118, 619781, 593115, 0.4, 50, 100, 2, 10, 5000, 5
0, 6750, 106, 122, 119, 590646, 565399, 0.4, 50, 100, 2, 9, 5000, 5
0, 6750, 100, 118, 112, 554483, 515632, 0.4, 50, 100, 2, 12, 5000, 5
0, 6750, 90, 111, 103, 627653, 593518, 0.4, 50, 100, 2, 12, 5000, 5
1, 5670, 99, 104, 104, 561157, 564658, 0.4, 50, 100, 2, 9, 5000, 5
0, 6750, 112, 140, 124, 674226, 610133, 0.4, 50, 100, 2, 12, 5000, 5
0, 6750, 105, 131, 120, 573939, 516265, 0.4, 50, 100, 2, 11, 5000, 5
0, 6750, 82, 112, 98, 608398, 544676, 0.4, 50, 100, 2, 10, 5000, 5
0, 6750, 96, 122, 109, 631694, 583393, 0.4, 50, 100, 2, 10, 5000, 5
0, 6750, 81, 107, 98, 664691, 625814, 0.4, 50, 100, 2, 10, 5000, 5
1, 5486, 83, 88, 90, 458096, 467925, 0.4, 50, 100, 2, 5, 5000, 5
0, 6750, 119, 139, 138, 571829, 556264, 0.4, 50, 100, 2, 10, 5000, 5
0, 6750, 103, 127, 118, 578217, 528873, 0.4, 50, 100, 2, 10, 5000, 5
0, 6750, 93, 123, 106, 589387, 551313, 0.4, 50, 100, 2, 10, 5000, 5
0, 6750, 115, 132, 126, 569016, 533200, 0.4, 50, 100, 2, 11, 5000, 5
0, 6750, 96, 112, 109, 545485, 522308, 0.4, 50, 100, 2, 10, 5000, 5
1, 5681, 111, 116, 118, 514221, 519428, 0.4, 50, 100, 2, 7, 5000, 5
0, 6750, 108, 130, 123, 594565, 565668, 0.4, 50, 100, 2, 10, 5000, 5
0, 6750, 107, 127, 121, 579257, 541785, 0.4, 50, 100, 2, 10, 5000, 5
0, 6750, 91, 105, 108, 607512, 602169, 0.4, 50, 100, 2, 10, 5000, 5
1, 5425, 98, 103, 104, 474925, 482289, 0.4, 50, 100, 2, 6, 5000, 5
0, 6750, 100, 116, 111, 657020, 619165, 0.4, 50, 100, 2, 10, 5000, 5
0, 6750, 106, 126, 118, 585764, 541223, 0.4, 50, 100, 2, 11, 5000, 5
0, 6750, 86, 110, 97, 699128, 610950, 0.4, 50, 100, 2, 10, 5000, 5
0, 6750, 88, 107, 103, 604812, 583954, 0.4, 50, 100, 2, 10, 5000, 5
1, 5581, 105, 110, 109, 528662, 539502, 0.4, 50, 100, 2, 7, 5000, 5
0, 6750, 109, 133, 129, 591582, 581684, 0.4, 50, 100, 2, 11, 5000, 5
0, 6750, 120, 139, 140, 575748, 567127, 0.4, 50, 100, 2, 11, 5000, 5
0, 6750, 84, 109, 101, 598532, 540858, 0.4, 50, 100, 2, 11, 5000, 5
1, 5186, 99, 104, 101, 541011, 542833, 0.4, 50, 100, 2, 7, 5000, 5
0, 6750, 109, 131, 121, 583424, 550544, 0.4, 50, 100, 2, 10, 5000, 5
0, 6750, 94, 119, 105, 643641, 580614, 0.4, 50, 100, 2, 10, 5000, 5
0, 6750, 116, 137, 131, 636219, 598863, 0.4, 50, 100, 2, 10, 5000, 5
0, 6750, 109, 124, 121, 617978, 587370, 0.4, 50, 100, 2, 13, 5000, 5
0, 6750, 98, 124, 116, 546567, 506691, 0.4, 50, 100, 2, 10, 5000, 5
0, 6750, 112, 126, 129, 588971, 581655, 0.4, 50, 100, 2, 10, 5000, 5
0, 6750, 120, 134, 128, 582447, 543136, 0.4, 50, 100, 2, 11, 5000, 5
0, 6750, 94, 115, 108, 654132, 607841, 0.4, 50, 100, 2, 11, 5000, 5
0, 6750, 98, 113, 108, 572376, 546419, 0.4, 50, 100, 2, 11, 5000, 5
0, 6750, 93, 113, 101, 586812, 542298, 0.4, 50, 100, 2, 10, 5000, 5
0, 6750, 106, 129, 124, 589961, 569805, 0.4, 50, 100, 2, 11, 5000, 5
0, 6750, 94, 119, 107, 590657, 540412, 0.4, 50, 100, 2, 10, 5000, 5
0, 6750, 94, 124, 108, 652222, 594738, 0.4, 50, 100, 2, 10, 5000, 5
1, 5687, 103, 108, 110, 574768, 577723, 0.4, 50, 100, 2, 8, 5000, 5
0, 6750, 116, 142, 132, 569205, 513375, 0.4, 50, 100, 2, 10, 5000, 5
0, 6750, 104, 125, 117, 580136, 532212, 0.4, 50, 100, 2, 12, 5000, 5
0, 6750, 100, 125, 124, 568034, 525393, 0.4, 50, 100, 2, 11, 5000, 5
1, 5756, 105, 113, 112, 555063, 561302, 0.4, 50, 100, 2, 9, 5000, 5
0, 6750, 109, 126, 120, 614339, 585992, 0.4, 50, 100, 2, 11, 5000, 5
0, 6750, 96, 114, 110, 618002, 569465, 0.4, 50, 100, 2, 12, 5000, 5
0, 6750, 101, 117, 117, 611556, 597581, 0.4, 50, 100, 2, 11, 5000, 5
0, 6750, 96, 121, 105, 939400, 867091, 0.4, 50, 100, 3, 16, 5000, 5
1, 5933, 97, 104, 108, 772117, 779000, 0.4, 50, 100, 3, 13, 5000, 5
0, 6750, 100, 126, 115, 961327, 889335, 0.4, 50, 100, 3, 17, 5000, 5
0, 6750, 110, 128, 118, 938440, 862651, 0.4, 50, 100, 3, 16, 5000, 5
0, 6750, 94, 126, 107, 884733, 828289, 0.4, 50, 100, 3, 15, 5000, 5
1, 5178, 102, 107, 103, 751313, 759116, 0.4, 50, 100, 3, 11, 5000, 5
0, 6750, 91, 115, 108, 906335, 837863, 0.4, 50, 100, 3, 17, 5000, 5
1, 5670, 106, 111, 111, 786785, 789806, 0.4, 50, 100, 3, 11, 5000, 5
1, 5572, 92, 97, 99, 742063, 752339, 0.4, 50, 100, 3, 12, 5000, 5
1, 5338, 99, 104, 105, 770327, 776263, 0.4, 50, 100, 3, 10, 5000, 5
1, 5823, 102, 107, 112, 826945, 843582, 0.4, 50, 100, 3, 11, 5000, 5
0, 6750, 108, 129, 116, 903431, 859286, 0.4, 50, 100, 3, 17, 5000, 5
0, 6750, 106, 129, 123, 894884, 855252, 0.4, 50, 100, 3, 17, 5000, 5
0, 6750, 95, 123, 113, 962201, 898807, 0.4, 50, 100, 3, 16, 5000, 5
0, 6750, 88, 111, 103, 905856, 834362, 0.4, 50, 100, 3, 15, 5000, 5
1, 5371, 93, 99, 99, 807337, 812941, 0.4, 50, 100, 3, 11, 5000, 5
0, 6750, 98, 121, 111, 948294, 867887, 0.4, 50, 100, 3, 17, 5000, 5
0, 6750, 111, 135, 126, 851143, 815102, 0.4, 50, 100, 3, 15, 5000, 5
0, 6750, 91, 113, 103, 969446, 930296, 0.4, 50, 100, 3, 15, 5000, 5
0, 6750, 112, 136, 123, 903794, 824961, 0.4, 50, 100, 3, 17, 5000, 5
0, 6750, 98, 118, 108, 957398, 906952, 0.4, 50, 100, 3, 16, 5000, 5
0, 6750, 110, 131, 125, 930713, 840535, 0.4, 50, 100, 3, 17, 5000, 5
0, 6750, 90, 119, 104, 949118, 851539, 0.4, 50, 100, 3, 15, 5000, 5
0, 6750, 108, 133, 125, 954719, 910450, 0.4, 50, 100, 3, 15, 5000, 5
0, 6750, 107, 134, 129, 923286, 853684, 0.4, 50, 100, 3, 16, 5000, 5
1, 6213, 99, 108, 111, 852972, 860403, 0.4, 50, 100, 3, 14, 5000, 5
1, 5368, 103, 108, 107, 810577, 825504, 0.4, 50, 100, 3, 10, 5000, 5
0, 6750, 90, 113, 104, 936227, 869956, 0.4, 50, 100, 3, 15, 5000, 5
0, 6750, 85, 113, 108, 926641, 871973, 0.4, 50, 100, 3, 18, 5000, 5
0, 6750, 108, 131, 120, 869314, 764708, 0.4, 50, 100, 3, 16, 5000, 5
0, 6750, 87, 106, 98, 944632, 862299, 0.4, 50, 100, 3, 16, 5000, 5
0, 6750, 98, 127, 111, 1027310, 944142, 0.4, 50, 100, 3, 15, 5000, 5
0, 6750, 116, 136, 126, 955752, 891250, 0.4, 50, 100, 3, 16, 5000, 5
1, 5610, 97, 106, 106, 757542, 767921, 0.4, 50, 100, 3, 11, 5000, 5
0, 6750, 95, 116, 107, 889269, 829959, 0.4, 50, 100, 3, 18, 5000, 5
0, 6750, 98, 122, 110, 904079, 852986, 0.4, 50, 100, 3, 14, 5000, 5
0, 6750, 104, 137, 110, 879747, 776445, 0.4, 50, 100, 3, 16, 5000, 5
0, 6750, 105, 128, 122, 945827, 859703, 0.4, 50, 100, 3, 16, 5000, 5
0, 6750, 86, 106, 104, 859579, 816282, 0.4, 50, 100, 3, 17, 5000, 5
0, 6750, 112, 132, 123, 927017, 866371, 0.4, 50, 100, 3, 16, 5000, 5
0, 6750, 95, 109, 105, 887894, 883720, 0.4, 50, 100, 3, 16, 5000, 5
1, 5396, 93, 98, 97, 812505, 817532, 0.4, 50, 100, 3, 12, 5000, 5
1, 5675, 110, 115, 120, 824269, 841782, 0.4, 50, 100, 3, 12, 5000, 5
0, 6750, 91, 104, 106, 993736, 938549, 0.4, 50, 100, 3, 16, 5000, 5
1, 5518, 88, 94, 92, 680884, 683737, 0.4, 50, 100, 3, 11, 5000, 5
0, 6750, 103, 126, 118, 869362, 820797, 0.4, 50, 100, 3, 15, 5000, 5
1, 6082, 102, 108, 114, 838246, 846017, 0.4, 50, 100, 3, 14, 5000, 5
0, 6750, 106, 135, 119, 815055, 768444, 0.4, 50, 100, 3, 16, 5000, 5
0, 6750, 109, 127, 123, 909942, 880646, 0.4, 50, 100, 3, 16, 5000, 5
1, 5844, 93, 101, 102, 932723, 947941, 0.4, 50, 100, 3, 12, 5000, 5
0, 6750, 103, 131, 117, 914640, 859270, 0.4, 50, 100, 3, 16, 5000, 5
0, 6750, 87, 108, 99, 902242, 825618, 0.4, 50, 100, 3, 15, 5000, 5
0, 6750, 87, 110, 104, 879566, 812593, 0.4, 50, 100, 3, 21, 5000, 5
0, 6750, 111, 136, 123, 898749, 820136, 0.4, 50, 100, 3, 15, 5000, 5
1, 5544, 90, 95, 97, 878322, 884825, 0.4, 50, 100, 3, 11, 5000, 5
0, 6750, 96, 118, 112, 896309, 840702, 0.4, 50, 100, 3, 15, 5000, 5
0, 6750, 103, 127, 122, 952303, 904873, 0.4, 50, 100, 3, 16, 5000, 5
0, 6750, 104, 125, 123, 922047, 866082, 0.4, 50, 100, 3, 15, 5000, 5
0, 6750, 103, 127, 122, 956870, 888068, 0.4, 50, 100, 3, 18, 5000, 5
0, 6750, 103, 129, 120, 868120, 795982, 0.4, 50, 100, 3, 16, 5000, 5
0, 6750, 109, 135, 123, 918575, 885491, 0.4, 50, 100, 3, 15, 5000, 5
0, 6750, 105, 127, 120, 941193, 908351, 0.4, 50, 100, 3, 16, 5000, 5
1, 5597, 95, 100, 101, 834686, 844777, 0.4, 50, 100, 3, 11, 5000, 5
0, 6750, 105, 129, 118, 914567, 840817, 0.4, 50, 100, 3, 16, 5000, 5
0, 6750, 81, 99, 95, 940380, 921794, 0.4, 50, 100, 3, 16, 5000, 5
0, 6750, 102, 121, 113, 975995, 928004, 0.4, 50, 100, 3, 16, 5000, 5
0, 6750, 98, 117, 110, 855347, 814650, 0.4, 50, 100, 3, 15, 5000, 5
0, 6750, 87, 111, 106, 970566, 924675, 0.4, 50, 100, 3, 16, 5000, 5
0, 6750, 119, 145, 132, 858241, 790871, 0.4, 50, 100, 3, 16, 5000, 5
0, 6750, 103, 119, 113, 944837, 876371, 0.4, 50, 100, 3, 16, 5000, 5
0, 6750, 89, 107, 101, 940988, 876005, 0.4, 50, 100, 3, 15, 5000, 5
1, 5895, 102, 118, 108, 757138, 760885, 0.4, 50, 100, 3, 13, 5000, 5
0, 6750, 107, 126, 121, 872066, 827907, 0.4, 50, 100, 3, 16, 5000, 5
0, 6750, 115, 135, 123, 989891, 922723, 0.4, 50, 100, 3, 16, 5000, 5
1, 6431, 118, 126, 130, 877037, 887535, 0.4, 50, 100, 3, 15, 5000, 5
0, 6750, 108, 127, 119, 992531, 918202, 0.4, 50, 100, 3, 15, 5000, 5
0, 6750, 91, 112, 103, 881189, 795592, 0.4, 50, 100, 3, 17, 5000, 5
0, 6750, 105, 126, 122, 876761, 824902, 0.4, 50, 100, 3, 15, 5000, 5
1, 5463, 96, 102, 100, 783921, 793358, 0.4, 50, 100, 3, 9, 5000, 5
0, 6750, 106, 130, 111, 938044, 826810, 0.4, 50, 100, 3, 18, 5000, 5
0, 6750, 95, 107, 105, 920709, 880341, 0.4, 50, 100, 3, 18, 5000, 5
0, 6750, 73, 93, 85, 951634, 894332, 0.4, 50, 100, 3, 16, 5000, 5
0, 6750, 103, 135, 119, 903607, 832892, 0.4, 50, 100, 3, 16, 5000, 5
0, 6750, 102, 124, 116, 956502, 919487, 0.4, 50, 100, 3, 17, 5000, 5
0, 6750, 111, 133, 126, 896733, 824673, 0.4, 50, 100, 3, 15, 5000, 5
0, 6750, 109, 127, 125, 928529, 873760, 0.4, 50, 100, 3, 16, 5000, 5
0, 6750, 96, 125, 109, 986028, 904447, 0.4, 50, 100, 3, 16, 5000, 5
0, 6750, 112, 140, 131, 944955, 884717, 0.4, 50, 100, 3, 16, 5000, 5
0, 6750, 101, 125, 114, 929053, 871952, 0.4, 50, 100, 3, 16, 5000, 5
0, 6750, 106, 123, 122, 959086, 908493, 0.4, 50, 100, 3, 16, 5000, 5
1, 5571, 93, 100, 100, 793749, 794385, 0.4, 50, 100, 3, 12, 5000, 5
0, 6750, 80, 101, 97, 975736, 929895, 0.4, 50, 100, 3, 17, 5000, 5
0, 6750, 99, 121, 112, 957725, 859997, 0.4, 50, 100, 3, 16, 5000, 5
0, 6750, 101, 129, 122, 918924, 881632, 0.4, 50, 100, 3, 16, 5000, 5
0, 6750, 90, 110, 104, 966423, 930298, 0.4, 50, 100, 3, 17, 5000, 5
0, 6750, 87, 110, 102, 939777, 871299, 0.4, 50, 100, 3, 16, 5000, 5
0, 6750, 86, 106, 98, 851474, 804160, 0.4, 50, 100, 3, 18, 5000, 5
0, 6750, 81, 109, 98, 857042, 815035, 0.4, 50, 100, 3, 16, 5000, 5
0, 6750, 104, 127, 122, 975017, 933889, 0.4, 50, 100, 3, 18, 5000, 5
1, 5234, 95, 100, 96, 1060201, 1072675, 0.4, 50, 100, 4, 15, 5000, 5
0, 6750, 80, 102, 93, 843533, 749281, 0.4, 50, 100, 3, 16, 5000, 5
1, 6361, 97, 113, 107, 1150529, 1153739, 0.4, 50, 100, 4, 20, 5000, 5
0, 6750, 102, 124, 117, 1208016, 1097902, 0.4, 50, 100, 4, 23, 5000, 5
0, 6750, 110, 143, 127, 1271186, 1197755, 0.4, 50, 100, 4, 22, 5000, 5
0, 6750, 84, 99, 93, 1399381, 1330768, 0.4, 50, 100, 4, 24, 5000, 5
0, 6750, 90, 112, 104, 1165961, 1104191, 0.4, 50, 100, 4, 22, 5000, 5
0, 6750, 88, 101, 105, 1196872, 1151399, 0.4, 50, 100, 4, 22, 5000, 5
0, 6750, 110, 132, 121, 1117999, 1048663, 0.4, 50, 100, 4, 23, 5000, 5
0, 6750, 122, 140, 130, 1167199, 1101378, 0.4, 50, 100, 4, 23, 5000, 5
0, 6750, 105, 128, 115, 1205140, 1109106, 0.4, 50, 100, 4, 22, 5000, 5
0, 6750, 92, 114, 111, 1216511, 1158025, 0.4, 50, 100, 4, 23, 5000, 5
0, 6750, 99, 116, 113, 1282605, 1281356, 0.4, 50, 100, 4, 22, 5000, 5
0, 6750, 88, 108, 95, 1296470, 1240412, 0.4, 50, 100, 4, 22, 5000, 5
1, 5382, 111, 116, 115, 1048653, 1051141, 0.4, 50, 100, 4, 16, 5000, 5
0, 6750, 99, 122, 117, 1125429, 1078445, 0.4, 50, 100, 4, 21, 5000, 5
0, 6750, 96, 119, 112, 1128252, 1101390, 0.4, 50, 100, 4, 21, 5000, 5
0, 6750, 106, 124, 123, 1129629, 1095700, 0.4, 50, 100, 4, 23, 5000, 5
0, 6750, 104, 132, 122, 1230811, 1130560, 0.4, 50, 100, 4, 24, 5000, 5
0, 6750, 97, 121, 110, 1252031, 1166901, 0.4, 50, 100, 4, 23, 5000, 5
1, 5889, 98, 106, 107, 1045956, 1058000, 0.4, 50, 100, 4, 17, 5000, 5
0, 6750, 88, 106, 100, 1256491, 1164467, 0.4, 50, 100, 4, 23, 5000, 5
0, 6750, 113, 126, 121, 1203437, 1137531, 0.4, 50, 100, 4, 24, 5000, 5
0, 6750, 100, 128, 113, 1271383, 1211248, 0.4, 50, 100, 4, 21, 5000, 5
0, 6750, 102, 121, 114, 1176834, 1066384, 0.4, 50, 100, 4, 23, 5000, 5
1, 5272, 106, 111, 109, 1000009, 1028400, 0.4, 50, 100, 4, 15, 5000, 5
1, 5648, 99, 109, 104, 1029846, 1037268, 0.4, 50, 100, 4, 18, 5000, 5
0, 6750, 84, 111, 97, 1344435, 1245667, 0.4, 50, 100, 4, 24, 5000, 5
0, 6750, 107, 125, 134, 1122291, 1073526, 0.4, 50, 100, 4, 23, 5000, 5
0, 6750, 90, 109, 102, 1323816, 1231667, 0.4, 50, 100, 4, 21, 5000, 5
0, 6750, 104, 127, 119, 1161121, 1097432, 0.4, 50, 100, 4, 22, 5000, 5
0, 6750, 107, 118, 122, 1274888, 1220113, 0.4, 50, 100, 4, 22, 5000, 5
0, 6750, 91, 117, 107, 1246588, 1174252, 0.4, 50, 100, 4, 23, 5000, 5
0, 6750, 91, 113, 110, 1153122, 1106266, 0.4, 50, 100, 4, 23, 5000, 5
0, 6750, 111, 136, 128, 1374450, 1283255, 0.4, 50, 100, 4, 21, 5000, 5
0, 6750, 101, 131, 117, 1268476, 1127063, 0.4, 50, 100, 4, 22, 5000, 5
0, 6750, 98, 119, 112, 1198410, 1154692, 0.4, 50, 100, 4, 22, 5000, 5
1, 6136, 102, 114, 109, 1058218, 1069117, 0.4, 50, 100, 4, 19, 5000, 5
0, 6750, 90, 111, 107, 1260240, 1132888, 0.4, 50, 100, 4, 26, 5000, 5
1, 5365, 112, 118, 116, 995784, 999277, 0.4, 50, 100, 4, 16, 5000, 5
1, 5914, 81, 86, 90, 999973, 1006235, 0.4, 50, 100, 4, 19, 5000, 5
0, 6750, 101, 118, 110, 1309638, 1183496, 0.4, 50, 100, 4, 23, 5000, 5
0, 6750, 113, 133, 129, 1184073, 1111057, 0.4, 50, 100, 4, 22, 5000, 5
0, 6750, 108, 134, 127, 1170700, 1092800, 0.4, 50, 100, 4, 21, 5000, 5
0, 6750, 107, 127, 126, 1321198, 1242233, 0.4, 50, 100, 4, 26, 5000, 5
0, 6750, 107, 137, 121, 1180846, 1102795, 0.4, 50, 100, 4, 24, 5000, 5
0, 6750, 118, 134, 122, 1268402, 1117331, 0.4, 50, 100, 4, 23, 5000, 5
0, 6750, 111, 134, 123, 1176222, 1121227, 0.4, 50, 100, 4, 24, 5000, 5
0, 6750, 97, 130, 116, 1105252, 1070507, 0.4, 50, 100, 4, 23, 5000, 5
0, 6750, 101, 130, 120, 1279346, 1239506, 0.4, 50, 100, 4, 22, 5000, 5
0, 6750, 95, 123, 111, 1247130, 1143413, 0.4, 50, 100, 4, 22, 5000, 5
0, 6750, 107, 132, 125, 1301782, 1214612, 0.4, 50, 100, 4, 25, 5000, 5
0, 6750, 107, 138, 122, 1166065, 1061418, 0.4, 50, 100, 4, 23, 5000, 5
0, 6750, 90, 113, 100, 1248984, 1180281, 0.4, 50, 100, 4, 24, 5000, 5
0, 6750, 106, 125, 116, 1131275, 1077683, 0.4, 50, 100, 4, 23, 5000, 5
0, 6750, 100, 124, 118, 1249239, 1123830, 0.4, 50, 100, 4, 23, 5000, 5
0, 6750, 100, 122, 114, 1140705, 1117373, 0.4, 50, 100, 4, 23, 5000, 5
0, 6750, 114, 140, 128, 1069476, 991434, 0.4, 50, 100, 4, 24, 5000, 5
1, 5486, 84, 89, 93, 1110644, 1120698, 0.4, 50, 100, 4, 15, 5000, 5
0, 6750, 96, 118, 111, 1184773, 1084108, 0.4, 50, 100, 4, 23, 5000, 5
0, 6750, 87, 106, 99, 1141919, 1086162, 0.4, 50, 100, 4, 24, 5000, 5
0, 6750, 100, 126, 115, 1241093, 1119681, 0.4, 50, 100, 4, 23, 5000, 5
0, 6750, 100, 121, 110, 1229874, 1116861, 0.4, 50, 100, 4, 22, 5000, 5
0, 6750, 118, 133, 138, 1192980, 1131060, 0.4, 50, 100, 4, 23, 5000, 5
0, 6750, 108, 127, 119, 1187657, 1147995, 0.4, 50, 100, 4, 22, 5000, 5
0, 6750, 96, 122, 110, 1209476, 1150739, 0.4, 50, 100, 4, 24, 5000, 5
0, 6750, 97, 123, 117, 1182059, 1140070, 0.4, 50, 100, 4, 23, 5000, 5
0, 6750, 106, 132, 115, 1169696, 1097233, 0.4, 50, 100, 4, 25, 5000, 5
0, 6750, 106, 123, 124, 1069528, 1062572, 0.4, 50, 100, 4, 23, 5000, 5
0, 6750, 115, 132, 129, 1183843, 1138769, 0.4, 50, 100, 4, 26, 5000, 5
0, 6750, 94, 114, 107, 1105077, 1056581, 0.4, 50, 100, 4, 24, 5000, 5
0, 6750, 107, 129, 122, 1109810, 1058386, 0.4, 50, 100, 4, 22, 5000, 5
0, 6750, 97, 120, 117, 1080566, 1058265, 0.4, 50, 100, 4, 22, 5000, 5
0, 6750, 119, 144, 136, 1147740, 1100702, 0.4, 50, 100, 4, 23, 5000, 5
0, 6750, 106, 126, 125, 1159910, 1116101, 0.4, 50, 100, 4, 27, 5000, 5
0, 6750, 100, 120, 115, 1157873, 1084507, 0.4, 50, 100, 4, 25, 5000, 5
1, 5248, 90, 95, 96, 1047142, 1053085, 0.4, 50, 100, 4, 17, 5000, 5
0, 6750, 110, 127, 127, 1177544, 1119586, 0.4, 50, 100, 4, 24, 5000, 5
0, 6750, 99, 121, 115, 1182672, 1147433, 0.4, 50, 100, 4, 21, 5000, 5
0, 6750, 100, 124, 114, 1267796, 1152343, 0.4, 50, 100, 4, 23, 5000, 5
0, 6750, 101, 122, 111, 1183631, 1122652, 0.4, 50, 100, 4, 24, 5000, 5
0, 6750, 105, 132, 118, 1205475, 1122022, 0.4, 50, 100, 4, 22, 5000, 5
0, 6750, 99, 120, 111, 1206975, 1124737, 0.4, 50, 100, 4, 25, 5000, 5
0, 6750, 97, 121, 110, 1192635, 1117691, 0.4, 50, 100, 4, 23, 5000, 5
0, 6750, 100, 125, 115, 1307678, 1201878, 0.4, 50, 100, 4, 21, 5000, 5
0, 6750, 71, 83, 82, 1195144, 1094240, 0.4, 50, 100, 4, 23, 5000, 5
1, 5500, 109, 114, 112, 1028777, 1032897, 0.4, 50, 100, 4, 16, 5000, 5
0, 6750, 101, 117, 117, 1298163, 1292702, 0.4, 50, 100, 4, 21, 5000, 5
0, 6750, 98, 118, 108, 1200728, 1128338, 0.4, 50, 100, 4, 23, 5000, 5
0, 6750, 97, 115, 116, 1157008, 1099258, 0.4, 50, 100, 4, 23, 5000, 5
0, 6750, 104, 123, 116, 1080875, 1018884, 0.4, 50, 100, 4, 23, 5000, 5
1, 5443, 107, 112, 110, 980224, 983931, 0.4, 50, 100, 4, 18, 5000, 5
0, 6750, 91, 103, 108, 1166178, 1162778, 0.4, 50, 100, 4, 23, 5000, 5
0, 6750, 90, 116, 106, 1192826, 1122760, 0.4, 50, 100, 4, 21, 5000, 5
0, 6750, 116, 142, 132, 1182480, 1052567, 0.4, 50, 100, 4, 23, 5000, 5
0, 6750, 103, 123, 119, 1237983, 1199757, 0.4, 50, 100, 4, 22, 5000, 5
0, 6750, 95, 120, 114, 1207685, 1174884, 0.4, 50, 100, 4, 22, 5000, 5
0, 6750, 99, 114, 112, 1212072, 1169798, 0.4, 50, 100, 4, 23, 5000, 5
0, 6750, 113, 135, 125, 1092410, 1040147, 0.4, 50, 100, 4, 24, 5000, 5
0, 6750, 102, 127, 117, 1221054, 1152339, 0.4, 50, 100, 4, 24, 5000, 5
1, 5653, 106, 111, 116, 1410572, 1421524, 0.4, 50, 100, 5, 23, 5000, 5
1, 5498, 101, 106, 105, 1340396, 1345840, 0.4, 50, 100, 5, 21, 5000, 5
0, 6750, 96, 111, 112, 1328056, 1252605, 0.4, 50, 100, 4, 23, 5000, 5
1, 5298, 84, 89, 89, 1231568, 1232090, 0.4, 50, 100, 5, 20, 5000, 5
0, 6750, 96, 115, 108, 1461287, 1372603, 0.4, 50, 100, 5, 27, 5000, 5
0, 6750, 97, 113, 108, 1545240, 1490093, 0.4, 50, 100, 5, 29, 5000, 5
0, 6750, 113, 129, 127, 1566272, 1467705, 0.4, 50, 100, 5, 28, 5000, 5
0, 6750, 108, 126, 122, 1424361, 1358560, 0.4, 50, 100, 5, 27, 5000, 5
0, 6750, 93, 119, 106, 1493161, 1441571, 0.4, 50, 100, 5, 27, 5000, 5
0, 6750, 95, 118, 106, 1551744, 1423574, 0.4, 50, 100, 5, 28, 5000, 5
0, 6750, 104, 122, 124, 1445210, 1377014, 0.4, 50, 100, 5, 29, 5000, 5
0, 6750, 110, 125, 127, 1708999, 1594157, 0.4, 50, 100, 5, 29, 5000, 5
0, 6750, 99, 120, 112, 1473773, 1357414, 0.4, 50, 100, 5, 28, 5000, 5
0, 6750, 109, 125, 126, 1498675, 1418268, 0.4, 50, 100, 5, 29, 5000, 5
0, 6750, 106, 133, 114, 1516483, 1347817, 0.4, 50, 100, 5, 29, 5000, 5
0, 6750, 96, 117, 110, 1426615, 1353479, 0.4, 50, 100, 5, 32, 5000, 5
0, 6750, 96, 118, 109, 1491945, 1380024, 0.4, 50, 100, 5, 29, 5000, 5
0, 6750, 104, 127, 119, 1532163, 1442089, 0.4, 50, 100, 5, 31, 5000, 5
0, 6750, 104, 122, 114, 1470103, 1404207, 0.4, 50, 100, 5, 30, 5000, 5
0, 6750, 100, 119, 118, 1497928, 1370098, 0.4, 50, 100, 5, 32, 5000, 5
0, 6750, 103, 119, 124, 1509735, 1433436, 0.4, 50, 100, 5, 30, 5000, 5
0, 6750, 89, 114, 101, 1496484, 1408274, 0.4, 50, 100, 5, 32, 5000, 5
0, 6750, 102, 129, 118, 1638797, 1524661, 0.4, 50, 100, 5, 31, 5000, 5
0, 6750, 96, 117, 112, 1477112, 1393866, 0.4, 50, 100, 5, 27, 5000, 5
0, 6750, 95, 116, 108, 1563457, 1485361, 0.4, 50, 100, 5, 29, 5000, 5
0, 6750, 106, 127, 126, 1515966, 1426999, 0.4, 50, 100, 5, 36, 5000, 5
0, 6750, 80, 98, 92, 1406371, 1378468, 0.4, 50, 100, 5, 30, 5000, 5
1, 5197, 99, 104, 103, 1327178, 1331705, 0.4, 50, 100, 5, 20, 5000, 5
0, 6750, 110, 130, 124, 1329942, 1272728, 0.4, 50, 100, 5, 31, 5000, 5
0, 6750, 91, 113, 107, 1455646, 1413166, 0.4, 50, 100, 5, 28, 5000, 5
0, 6750, 86, 106, 100, 1511925, 1410095, 0.4, 50, 100, 5, 29, 5000, 5
0, 6750, 93, 111, 108, 1495282, 1412410, 0.4, 50, 100, 5, 30, 5000, 5
0, 6750, 107, 126, 118, 1427563, 1335523, 0.4, 50, 100, 5, 31, 5000, 5
0, 6750, 106, 127, 121, 1465713, 1416008, 0.4, 50, 100, 5, 31, 5000, 5
0, 6750, 104, 126, 121, 1517814, 1494252, 0.4, 50, 100, 5, 29, 5000, 5
0, 6750, 104, 120, 123, 1523003, 1454708, 0.4, 50, 100, 5, 30, 5000, 5
0, 6750, 112, 131, 131, 1438174, 1369140, 0.4, 50, 100, 5, 29, 5000, 5
0, 6750, 113, 131, 126, 1447498, 1370961, 0.4, 50, 100, 5, 31, 5000, 5
0, 6750, 77, 96, 91, 1604849, 1556020, 0.4, 50, 100, 5, 29, 5000, 5
0, 6750, 97, 129, 116, 1422140, 1311824, 0.4, 50, 100, 5, 29, 5000, 5
0, 6750, 106, 129, 118, 1595658, 1484869, 0.4, 50, 100, 5, 31, 5000, 5
0, 6750, 102, 131, 121, 1506081, 1430729, 0.4, 50, 100, 5, 30, 5000, 5
0, 6750, 101, 120, 128, 1484286, 1459251, 0.4, 50, 100, 5, 31, 5000, 5
0, 6750, 110, 134, 125, 1514562, 1422402, 0.4, 50, 100, 5, 30, 5000, 5
0, 6750, 115, 135, 124, 1441521, 1352110, 0.4, 50, 100, 5, 29, 5000, 5
0, 6750, 99, 128, 124, 1498693, 1470531, 0.4, 50, 100, 5, 31, 5000, 5
0, 6750, 97, 125, 111, 1444888, 1382031, 0.4, 50, 100, 5, 28, 5000, 5
0, 6750, 108, 129, 118, 1426019, 1369114, 0.4, 50, 100, 5, 30, 5000, 5
0, 6750, 99, 119, 116, 1580077, 1491491, 0.4, 50, 100, 5, 28, 5000, 5
0, 6750, 97, 123, 118, 1491625, 1393773, 0.4, 50, 100, 5, 30, 5000, 5
0, 6750, 97, 131, 122, 1493246, 1413271, 0.4, 50, 100, 5, 29, 5000, 5
0, 6750, 99, 120, 113, 1515269, 1442334, 0.4, 50, 100, 5, 30, 5000, 5
0, 6750, 102, 132, 121, 1447653, 1348988, 0.4, 50, 100, 5, 31, 5000, 5
0, 6750, 96, 123, 125, 1418287, 1303417, 0.4, 50, 100, 5, 29, 5000, 5
0, 6750, 108, 125, 126, 1439871, 1380439, 0.4, 50, 100, 5, 29, 5000, 5
0, 6750, 93, 116, 102, 1486350, 1281428, 0.4, 50, 100, 5, 32, 5000, 5
1, 5764, 89, 97, 95, 1342341, 1343843, 0.4, 50, 100, 5, 23, 5000, 5
0, 6750, 84, 104, 104, 1482313, 1416303, 0.4, 50, 100, 5, 34, 5000, 5
0, 6750, 107, 133, 127, 1564532, 1455889, 0.4, 50, 100, 5, 30, 5000, 5
0, 6750, 96, 110, 120, 1601596, 1528426, 0.4, 50, 100, 5, 33, 5000, 5
0, 6750, 107, 128, 126, 1412116, 1375862, 0.4, 50, 100, 5, 34, 5000, 5
0, 6750, 103, 118, 119, 1597033, 1506625, 0.4, 50, 100, 5, 33, 5000, 5
1, 5247, 93, 98, 97, 1191645, 1193138, 0.4, 50, 100, 5, 20, 5000, 5
0, 6750, 105, 125, 120, 1420459, 1349357, 0.4, 50, 100, 5, 30, 5000, 5
0, 6750, 89, 118, 111, 1456607, 1341872, 0.4, 50, 100, 5, 31, 5000, 5
0, 6750, 122, 145, 136, 1483082, 1392306, 0.4, 50, 100, 5, 32, 5000, 5
0, 6750, 115, 135, 128, 1500005, 1470462, 0.4, 50, 100, 5, 31, 5000, 5
0, 6750, 93, 110, 105, 1476254, 1404393, 0.4, 50, 100, 5, 35, 5000, 5
0, 6750, 111, 131, 125, 1490642, 1411308, 0.4, 50, 100, 5, 30, 5000, 5
1, 5561, 103, 111, 104, 1270363, 1271163, 0.4, 50, 100, 5, 24, 5000, 5
0, 6750, 99, 121, 112, 1407231, 1334693, 0.4, 50, 100, 5, 30, 5000, 5
0, 6750, 69, 93, 82, 1612150, 1464962, 0.4, 50, 100, 5, 29, 5000, 5
0, 6750, 101, 117, 116, 1485435, 1465048, 0.4, 50, 100, 5, 32, 5000, 5
0, 6750, 92, 118, 104, 1461503, 1367014, 0.4, 50, 100, 5, 36, 5000, 5
0, 6750, 100, 115, 117, 1489151, 1433998, 0.4, 50, 100, 5, 33, 5000, 5
0, 6750, 115, 145, 129, 1476072, 1396217, 0.4, 50, 100, 5, 31, 5000, 5
0, 6750, 100, 124, 112, 1568783, 1435406, 0.4, 50, 100, 5, 30, 5000, 5
0, 6750, 87, 103, 102, 1634479, 1517029, 0.4, 50, 100, 5, 29, 5000, 5
0, 6750, 111, 128, 133, 1470013, 1372961, 0.4, 50, 100, 5, 32, 5000, 5
0, 6750, 94, 115, 110, 1531061, 1402982, 0.4, 50, 100, 5, 30, 5000, 5
1, 5519, 99, 105, 105, 1414941, 1426270, 0.4, 50, 100, 5, 24, 5000, 5
0, 6750, 80, 102, 96, 1453212, 1396224, 0.4, 50, 100, 5, 30, 5000, 5
0, 6750, 105, 124, 122, 1425856, 1352598, 0.4, 50, 100, 5, 30, 5000, 5
1, 5633, 86, 92, 89, 1390146, 1406805, 0.4, 50, 100, 5, 24, 5000, 5
0, 6750, 121, 148, 137, 1635676, 1546013, 0.4, 50, 100, 5, 30, 5000, 5
0, 6750, 105, 134, 123, 1403249, 1318114, 0.4, 50, 100, 5, 29, 5000, 5
0, 6750, 107, 121, 121, 1569030, 1451528, 0.4, 50, 100, 5, 31, 5000, 5
0, 6750, 103, 130, 118, 1668813, 1526390, 0.4, 50, 100, 5, 30, 5000, 5
0, 6750, 100, 124, 119, 1594382, 1455962, 0.4, 50, 100, 5, 29, 5000, 5
1, 5670, 99, 106, 114, 1330422, 1341987, 0.4, 50, 100, 5, 22, 5000, 5
0, 6750, 99, 114, 110, 1470022, 1339966, 0.4, 50, 100, 5, 33, 5000, 5
0, 6750, 92, 112, 104, 1543391, 1469108, 0.4, 50, 100, 5, 30, 5000, 5
0, 6750, 104, 121, 130, 1327836, 1299189, 0.4, 50, 100, 5, 29, 5000, 5
0, 6750, 97, 122, 111, 1508295, 1402711, 0.4, 50, 100, 5, 31, 5000, 5
0, 6750, 104, 128, 116, 1559755, 1447892, 0.4, 50, 100, 5, 30, 5000, 5
0, 6750, 84, 110, 100, 1494933, 1417826, 0.4, 50, 100, 5, 30, 5000, 5
0, 6750, 87, 108, 103, 1510689, 1435115, 0.4, 50, 100, 5, 29, 5000, 5
0, 6750, 98, 121, 116, 1446199, 1380057, 0.4, 50, 100, 5, 31, 5000, 5
0, 6750, 92, 113, 103, 1614826, 1523388, 0.4, 50, 100, 5, 30, 5000, 5
0, 6750, 96, 122, 105, 1788579, 1617868, 0.4, 50, 100, 5, 31, 5000, 5
0, 6750, 90, 113, 114, 1531643, 1514572, 0.4, 50, 100, 5, 30, 5000, 5
1, 5478, 86, 91, 90, 1595573, 1602063, 0.4, 50, 100, 6, 29, 5000, 5
0, 6750, 92, 109, 108, 1753253, 1738548, 0.4, 50, 100, 6, 36, 5000, 5
0, 6750, 93, 112, 111, 1798764, 1702799, 0.4, 50, 100, 6, 39, 5000, 5
0, 6750, 108, 128, 120, 1853854, 1772069, 0.4, 50, 100, 6, 41, 5000, 5
1, 5468, 114, 119, 120, 1560559, 1590927, 0.4, 50, 100, 6, 32, 5000, 5
0, 6750, 96, 121, 110, 1902102, 1735757, 0.4, 50, 100, 6, 37, 5000, 5
1, 5633, 103, 108, 107, 1585435, 1612102, 0.4, 50, 100, 6, 34, 5000, 5
0, 6750, 98, 116, 110, 1762621, 1672774, 0.4, 50, 100, 6, 38, 5000, 5
0, 6750, 103, 119, 115, 1809176, 1706648, 0.4, 50, 100, 6, 41, 5000, 5
0, 6750, 102, 132, 118, 1729592, 1577255, 0.4, 50, 100, 6, 43, 5000, 5
0, 6750, 102, 130, 122, 1814055, 1668896, 0.4, 50, 100, 6, 40, 5000, 5
0, 6750, 110, 136, 124, 1878132, 1752374, 0.4, 50, 100, 6, 39, 5000, 5
0, 6750, 105, 129, 118, 1840609, 1726827, 0.4, 50, 100, 6, 38, 5000, 5
0, 6750, 112, 129, 131, 1958251, 1845449, 0.4, 50, 100, 6, 40, 5000, 5
0, 6750, 100, 119, 116, 1748250, 1603960, 0.4, 50, 100, 6, 40, 5000, 5
0, 6750, 92, 121, 110, 1756332, 1689971, 0.4, 50, 100, 6, 39, 5000, 5
0, 6750, 93, 116, 114, 1746360, 1657788, 0.4, 50, 100, 6, 40, 5000, 5
0, 6750, 101, 116, 117, 1854297, 1795438, 0.4, 50, 100, 6, 38, 5000, 5
0, 6750, 120, 142, 132, 1843447, 1741398, 0.4, 50, 100, 6, 42, 5000, 5
0, 6750, 106, 123, 119, 1903060, 1877687, 0.4, 50, 100, 6, 40, 5000, 5
0, 6750, 93, 116, 110, 1800415, 1720587, 0.4, 50, 100, 6, 39, 5000, 5
0, 6750, 114, 141, 124, 1852444, 1721409, 0.4, 50, 100, 6, 41, 5000, 5
0, 6750, 116, 138, 127, 1861218, 1780215, 0.4, 50, 100, 6, 37, 5000, 5
0, 6750, 109, 129, 122, 1857465, 1717177, 0.4, 50, 100, 6, 43, 5000, 5
0, 6750, 110, 127, 124, 1626297, 1520723, 0.4, 50, 100, 6, 40, 5000, 5
0, 6750, 112, 137, 128, 1788458, 1637635, 0.4, 50, 100, 6, 40, 5000, 5
0, 6750, 102, 128, 121, 1880307, 1714747, 0.4, 50, 100, 6, 39, 5000, 5
0, 6750, 89, 110, 100, 1757766, 1650910, 0.4, 50, 100, 6, 39, 5000, 5
1, 5350, 96, 101, 101, 1420843, 1450801, 0.4, 50, 100, 6, 27, 5000, 5
0, 6750, 96, 118, 110, 1945440, 1854179, 0.4, 50, 100, 6, 54, 5000, 5
1, 6022, 113, 119, 124, 1650958, 1657635, 0.4, 50, 100, 6, 37, 5000, 5
0, 6750, 89, 110, 102, 1780839, 1637370, 0.4, 50, 100, 6, 43, 5000, 5
0, 6750, 118, 136, 128, 1841432, 1784428, 0.4, 50, 100, 6, 37, 5000, 5
0, 6750, 107, 118, 125, 1751760, 1735445, 0.4, 50, 100, 6, 43, 5000, 5
0, 6750, 105, 123, 113, 1758439, 1703059, 0.4, 50, 100, 6, 38, 5000, 5
0, 6750, 90, 107, 103, 1772510, 1668108, 0.4, 50, 100, 6, 41, 5000, 5
0, 6750, 103, 133, 123, 1794992, 1630865, 0.4, 50, 100, 6, 45, 5000, 5
0, 6750, 102, 124, 125, 1749103, 1710510, 0.4, 50, 100, 6, 37, 5000, 5
0, 6750, 97, 116, 107, 1764554, 1691653, 0.4, 50, 100, 6, 38, 5000, 5
1, 5486, 98, 103, 104, 1633162, 1643273, 0.4, 50, 100, 6, 29, 5000, 5
0, 6750, 100, 115, 117, 1767680, 1780856, 0.4, 50, 100, 6, 44, 5000, 5
0, 6750, 100, 122, 116, 1904433, 1712397, 0.4, 50, 100, 6, 45, 5000, 5
0, 6750, 116, 140, 132, 1827933, 1696386, 0.4, 50, 100, 6, 41, 5000, 5
0, 6750, 115, 142, 128, 1754915, 1613114, 0.4, 50, 100, 6, 39, 5000, 5
0, 6750, 104, 122, 117, 1778857, 1696926, 0.4, 50, 100, 6, 39, 5000, 5
1, 5530, 92, 97, 97, 1670409, 1683929, 0.4, 50, 100, 6, 29, 5000, 5
0, 6750, 94, 110, 106, 1878452, 1813787, 0.4, 50, 100, 6, 40, 5000, 5
0, 6750, 85, 104, 107, 1839037, 1666087, 0.4, 50, 100, 6, 43, 5000, 5
0, 6750, 106, 126, 118, 1775282, 1700243, 0.4, 50, 100, 6, 38, 5000, 5
0, 6750, 108, 127, 120, 1761583, 1684162, 0.4, 50, 100, 6, 40, 5000, 5
0, 6750, 89, 111, 102, 1827102, 1642741, 0.4, 50, 100, 6, 41, 5000, 5
0, 6750, 104, 126, 117, 1829067, 1697456, 0.4, 50, 100, 6, 43, 5000, 5
0, 6750, 91, 113, 106, 1828205, 1732892, 0.4, 50, 100, 6, 39, 5000, 5
0, 6750, 105, 121, 115, 1856659, 1700846, 0.4, 50, 100, 6, 43, 5000, 5
0, 6750, 85, 111, 106, 1967932, 1815210, 0.4, 50, 100, 6, 37, 5000, 5
0, 6750, 93, 117, 105, 1833770, 1700118, 0.4, 50, 100, 6, 37, 5000, 5
1, 5687, 99, 106, 105, 1559179, 1576593, 0.4, 50, 100, 6, 35, 5000, 5
0, 6750, 95, 112, 105, 1843964, 1680323, 0.4, 50, 100, 6, 41, 5000, 5
0, 6750, 101, 120, 115, 1860186, 1703647, 0.4, 50, 100, 6, 39, 5000, 5
1, 5232, 93, 98, 97, 1573818, 1582645, 0.4, 50, 100, 6, 28, 5000, 5
0, 6750, 99, 122, 111, 1822908, 1701320, 0.4, 50, 100, 6, 39, 5000, 5
0, 6750, 96, 111, 110, 1921838, 1769476, 0.4, 50, 100, 6, 40, 5000, 5
0, 6750, 86, 98, 103, 1868029, 1780691, 0.4, 50, 100, 6, 37, 5000, 5
0, 6750, 109, 124, 124, 1810500, 1741370, 0.4, 50, 100, 6, 39, 5000, 5
0, 6750, 95, 122, 116, 1698288, 1593345, 0.4, 50, 100, 6, 37, 5000, 5
0, 6750, 100, 130, 116, 1788658, 1584708, 0.4, 50, 100, 6, 39, 5000, 5
0, 6750, 78, 103, 91, 1800711, 1622859, 0.4, 50, 100, 6, 38, 5000, 5
0, 6750, 91, 111, 103, 1907580, 1766153, 0.4, 50, 100, 6, 37, 5000, 5
1, 5627, 113, 118, 117, 1619044, 1629900, 0.4, 50, 100, 6, 28, 5000, 5
0, 6750, 98, 117, 109, 1828833, 1716641, 0.4, 50, 100, 6, 30, 5000, 5
0, 6750, 94, 120, 111, 1915217, 1756194, 0.4, 50, 100, 6, 36, 5000, 5
0, 6750, 87, 100, 101, 1726945, 1672149, 0.4, 50, 100, 6, 36, 5000, 5
0, 6750, 104, 126, 114, 1801137, 1712992, 0.4, 50, 100, 6, 34, 5000, 5
0, 6750, 113, 134, 128, 1728253, 1609471, 0.4, 50, 100, 6, 35, 5000, 5
0, 6750, 96, 121, 115, 1832695, 1725297, 0.4, 50, 100, 6, 35, 5000, 5
0, 6750, 107, 125, 119, 1828893, 1765048, 0.4, 50, 100, 6, 37, 5000, 5
0, 6750, 120, 129, 135, 1728827, 1698072, 0.4, 50, 100, 6, 38, 5000, 5
0, 6750, 125, 140, 136, 1804715, 1701242, 0.4, 50, 100, 6, 40, 5000, 5
0, 6750, 95, 115, 108, 1934643, 1885224, 0.4, 50, 100, 6, 38, 5000, 5
0, 6750, 109, 133, 126, 1673220, 1632911, 0.4, 50, 100, 6, 39, 5000, 5
0, 6750, 113, 133, 125, 1816939, 1664849, 0.4, 50, 100, 6, 39, 5000, 5
0, 6750, 98, 120, 116, 1732454, 1656274, 0.4, 50, 100, 6, 38, 5000, 5
0, 6750, 112, 126, 127, 1736713, 1667784, 0.4, 50, 100, 6, 39, 5000, 5
0, 6750, 94, 105, 110, 1851952, 1847984, 0.4, 50, 100, 6, 39, 5000, 5
0, 6750, 110, 130, 127, 1703217, 1624670, 0.4, 50, 100, 6, 40, 5000, 5
0, 6750, 103, 123, 109, 1777958, 1671062, 0.4, 50, 100, 6, 39, 5000, 5
0, 6750, 94, 123, 108, 1801896, 1657094, 0.4, 50, 100, 6, 36, 5000, 5
0, 6750, 81, 111, 96, 1803840, 1660730, 0.4, 50, 100, 6, 38, 5000, 5
0, 6750, 104, 124, 116, 1772930, 1759225, 0.4, 50, 100, 6, 38, 5000, 5
0, 6750, 102, 130, 114, 1939966, 1780618, 0.4, 50, 100, 6, 41, 5000, 5
0, 6750, 124, 146, 133, 1940925, 1743278, 0.4, 50, 100, 6, 40, 5000, 5
0, 6750, 97, 121, 115, 1792826, 1735655, 0.4, 50, 100, 6, 41, 5000, 5
1, 5383, 87, 94, 91, 1514893, 1519273, 0.4, 50, 100, 6, 30, 5000, 5
0, 6750, 98, 125, 115, 1668406, 1575819, 0.4, 50, 100, 6, 40, 5000, 5
0, 6750, 100, 130, 118, 1820741, 1745391, 0.4, 50, 100, 6, 40, 5000, 5
0, 6750, 112, 136, 125, 1916522, 1749141, 0.4, 50, 100, 6, 40, 5000, 5
0, 6750, 94, 113, 107, 1871939, 1808251, 0.4, 50, 100, 6, 41, 5000, 5
0, 6750, 106, 121, 122, 1779697, 1648858, 0.4, 50, 100, 6, 54, 5000, 5
0, 6750, 105, 116, 121, 1822615, 1759070, 0.4, 50, 100, 6, 52, 5000, 5
0, 6750, 98, 121, 107, 1929814, 1831493, 0.4, 50, 100, 6, 39, 5000, 5
0, 6750, 99, 122, 119, 2023793, 1919799, 0.4, 50, 100, 7, 49, 5000, 5
0, 6750, 114, 133, 134, 2091069, 2008095, 0.4, 50, 100, 7, 56, 5000, 5
0, 6750, 97, 120, 114, 2139726, 2005890, 0.4, 50, 100, 7, 49, 5000, 5
0, 6750, 99, 115, 115, 2094151, 1980701, 0.4, 50, 100, 7, 53, 5000, 5
0, 6750, 103, 127, 119, 2148265, 2042599, 0.4, 50, 100, 7, 48, 5000, 5
0, 6750, 112, 132, 125, 2220910, 2047277, 0.4, 50, 100, 7, 51, 5000, 5
0, 6750, 99, 124, 110, 2126062, 1995269, 0.4, 50, 100, 7, 55, 5000, 5
0, 6750, 98, 113, 110, 2008650, 1886890, 0.4, 50, 100, 7, 52, 5000, 5
1, 5592, 101, 108, 103, 1721897, 1740603, 0.4, 50, 100, 7, 41, 5000, 5
0, 6750, 101, 124, 115, 2042882, 1905575, 0.4, 50, 100, 7, 49, 5000, 5
0, 6750, 99, 122, 119, 2046746, 1937389, 0.4, 50, 100, 7, 53, 5000, 5
0, 6750, 82, 104, 100, 2103569, 1964707, 0.4, 50, 100, 7, 55, 5000, 5
0, 6750, 94, 118, 108, 2019347, 1916112, 0.4, 50, 100, 7, 54, 5000, 5
0, 6750, 97, 113, 117, 2126097, 2042569, 0.4, 50, 100, 7, 49, 5000, 5
0, 6750, 98, 122, 111, 2282416, 2108691, 0.4, 50, 100, 7, 46, 5000, 5
0, 6750, 107, 129, 125, 2059634, 1957305, 0.4, 50, 100, 7, 52, 5000, 5
0, 6750, 107, 127, 121, 2322688, 2175936, 0.4, 50, 100, 7, 49, 5000, 5
0, 6750, 89, 110, 98, 2137853, 1975457, 0.4, 50, 100, 7, 50, 5000, 5
0, 6750, 92, 108, 108, 2195292, 2091013, 0.4, 50, 100, 7, 56, 5000, 5
0, 6750, 106, 133, 120, 2127489, 1894116, 0.4, 50, 100, 7, 52, 5000, 5
0, 6750, 104, 121, 119, 1974990, 1896586, 0.4, 50, 100, 7, 56, 5000, 5
0, 6750, 117, 133, 135, 2055947, 1947474, 0.4, 50, 100, 7, 50, 5000, 5
0, 6750, 94, 122, 111, 2081975, 1920813, 0.4, 50, 100, 7, 51, 5000, 5
0, 6750, 104, 121, 115, 2174872, 2017764, 0.4, 50, 100, 7, 55, 5000, 5
0, 6750, 101, 128, 119, 2135176, 1996052, 0.4, 50, 100, 7, 50, 5000, 5
0, 6750, 97, 120, 115, 2196781, 2036335, 0.4, 50, 100, 7, 54, 5000, 5
1, 6549, 111, 118, 123, 2063256, 2107619, 0.4, 50, 100, 7, 53, 5000, 5
0, 6750, 102, 124, 116, 2116607, 1955745, 0.4, 50, 100, 7, 55, 5000, 5
0, 6750, 104, 128, 114, 2132881, 1987760, 0.4, 50, 100, 7, 58, 5000, 5
0, 6750, 100, 119, 117, 2217048, 2088318, 0.4, 50, 100, 7, 51, 5000, 5
0, 6750, 77, 95, 91, 2171090, 2047650, 0.4, 50, 100, 7, 56, 5000, 5
0, 6750, 115, 135, 126, 2261707, 2128839, 0.4, 50, 100, 7, 51, 5000, 5
0, 6750, 105, 128, 124, 2118006, 2010193, 0.4, 50, 100, 7, 46, 5000, 5
0, 6750, 91, 112, 112, 2219352, 2115232, 0.4, 50, 100, 7, 49, 5000, 5
0, 6750, 103, 131, 116, 2081381, 1878973, 0.4, 50, 100, 7, 48, 5000, 5
0, 6750, 113, 129, 131, 2067540, 1980474, 0.4, 50, 100, 7, 52, 5000, 5
0, 6750, 103, 125, 127, 2065140, 1943950, 0.4, 50, 100, 7, 48, 5000, 5
0, 6750, 111, 136, 130, 1979236, 1904651, 0.4, 50, 100, 7, 54, 5000, 5
0, 6750, 92, 111, 105, 2182773, 2097096, 0.4, 50, 100, 7, 50, 5000, 5
0, 6750, 98, 122, 117, 2097608, 1898729, 0.4, 50, 100, 7, 52, 5000, 5
0, 6750, 102, 122, 115, 1979351, 1888231, 0.4, 50, 100, 7, 51, 5000, 5
0, 6750, 97, 121, 116, 2361363, 2150664, 0.4, 50, 100, 7, 49, 5000, 5
0, 6750, 89, 107, 106, 1986707, 1935447, 0.4, 50, 100, 7, 49, 5000, 5
0, 6750, 86, 115, 103, 2000663, 1914599, 0.4, 50, 100, 7, 51, 5000, 5
0, 6750, 107, 125, 118, 2106806, 1913875, 0.4, 50, 100, 7, 53, 5000, 5
0, 6750, 113, 129, 121, 2237018, 2084850, 0.4, 50, 100, 7, 50, 5000, 5
0, 6750, 102, 122, 119, 2041344, 1939801, 0.4, 50, 100, 7, 56, 5000, 5
0, 6750, 108, 129, 122, 2121695, 2063345, 0.4, 50, 100, 7, 50, 5000, 5
0, 6750, 84, 108, 103, 1922823, 1811960, 0.4, 50, 100, 7, 47, 5000, 5
0, 6750, 98, 124, 118, 2122844, 2030375, 0.4, 50, 100, 7, 49, 5000, 5
0, 6750, 100, 116, 112, 2249500, 2086383, 0.4, 50, 100, 7, 50, 5000, 5
0, 6750, 106, 130, 120, 2033582, 1961261, 0.4, 50, 100, 7, 55, 5000, 5
0, 6750, 98, 119, 117, 2352931, 2180050, 0.4, 50, 100, 7, 48, 5000, 5
0, 6750, 92, 120, 107, 2242633, 2155770, 0.4, 50, 100, 7, 48, 5000, 5
0, 6750, 114, 136, 126, 2183423, 2050825, 0.4, 50, 100, 7, 48, 5000, 5
0, 6750, 92, 114, 113, 2133320, 2036082, 0.4, 50, 100, 7, 54, 5000, 5
0, 6750, 106, 128, 124, 2028004, 1907797, 0.4, 50, 100, 7, 53, 5000, 5
0, 6750, 90, 109, 104, 2092413, 1882997, 0.4, 50, 100, 7, 50, 5000, 5
0, 6750, 108, 135, 125, 2185837, 2098375, 0.4, 50, 100, 7, 51, 5000, 5
0, 6750, 121, 143, 138, 2270280, 2098031, 0.4, 50, 100, 7, 50, 5000, 5
0, 6750, 110, 128, 119, 2156562, 2050154, 0.4, 50, 100, 7, 52, 5000, 5
1, 5247, 111, 116, 117, 1751191, 1758169, 0.4, 50, 100, 7, 33, 5000, 5
0, 6750, 95, 111, 108, 2212387, 2131226, 0.4, 50, 100, 7, 55, 5000, 5
0, 6750, 106, 128, 121, 2255514, 2064226, 0.4, 50, 100, 7, 46, 5000, 5
0, 6750, 114, 136, 133, 2219207, 2128854, 0.4, 50, 100, 7, 50, 5000, 5
0, 6750, 112, 133, 125, 2140989, 2013671, 0.4, 50, 100, 7, 49, 5000, 5
0, 6750, 96, 119, 117, 2028247, 1862727, 0.4, 50, 100, 7, 49, 5000, 5
0, 6750, 87, 105, 99, 2146252, 2011767, 0.4, 50, 100, 7, 47, 5000, 5
0, 6750, 109, 126, 119, 1980938, 1937659, 0.4, 50, 100, 7, 48, 5000, 5
0, 6750, 104, 132, 123, 2090816, 1941365, 0.4, 50, 100, 7, 53, 5000, 5
0, 6750, 124, 156, 134, 1989230, 1875699, 0.4, 50, 100, 7, 51, 5000, 5
0, 6750, 91, 110, 109, 2182391, 2050180, 0.4, 50, 100, 7, 46, 5000, 5
0, 6750, 104, 118, 116, 2014977, 1966601, 0.4, 50, 100, 7, 50, 5000, 5
0, 6750, 91, 117, 106, 2098390, 2021771, 0.4, 50, 100, 7, 48, 5000, 5
0, 6750, 102, 126, 119, 2230007, 2106712, 0.4, 50, 100, 7, 50, 5000, 5
0, 6750, 106, 123, 118, 2135572, 2066900, 0.4, 50, 100, 7, 55, 5000, 5
0, 6750, 97, 112, 109, 2116318, 2056011, 0.4, 50, 100, 7, 53, 5000, 5
0, 6750, 104, 126, 119, 2053078, 1889494, 0.4, 50, 100, 7, 52, 5000, 5
0, 6750, 121, 141, 134, 2059635, 1960914, 0.4, 50, 100, 7, 55, 5000, 5
0, 6750, 106, 131, 118, 2328885, 2150799, 0.4, 50, 100, 7, 48, 5000, 5
0, 6750, 101, 130, 115, 2266200, 2115292, 0.4, 50, 100, 7, 49, 5000, 5
0, 6750, 99, 118, 114, 2200071, 2091964, 0.4, 50, 100, 7, 47, 5000, 5
0, 6750, 100, 127, 118, 2134165, 2039657, 0.4, 50, 100, 7, 68, 5000, 5
1, 5944, 114, 121, 123, 1835531, 1841956, 0.4, 50, 100, 7, 42, 5000, 5
0, 6750, 94, 115, 119, 2076445, 1992882, 0.4, 50, 100, 7, 48, 5000, 5
0, 6750, 92, 119, 107, 2192255, 2004454, 0.4, 50, 100, 7, 49, 5000, 5
0, 6750, 95, 124, 106, 1907207, 1765707, 0.4, 50, 100, 7, 48, 5000, 5
0, 6750, 98, 112, 118, 2072680, 2029925, 0.4, 50, 100, 7, 50, 5000, 5
0, 6750, 103, 127, 122, 2041889, 1926470, 0.4, 50, 100, 7, 53, 5000, 5
0, 6750, 104, 126, 126, 2055478, 1897123, 0.4, 50, 100, 7, 51, 5000, 5
0, 6750, 101, 127, 120, 2342931, 2256469, 0.4, 50, 100, 7, 54, 5000, 5
0, 6750, 114, 134, 127, 2094038, 1995378, 0.4, 50, 100, 7, 54, 5000, 5
0, 6750, 107, 121, 121, 2130952, 2000388, 0.4, 50, 100, 7, 54, 5000, 5
0, 6750, 108, 123, 123, 2097445, 2001259, 0.4, 50, 100, 7, 57, 5000, 5
0, 6750, 97, 120, 107, 2213305, 2069667, 0.4, 50, 100, 7, 52, 5000, 5
0, 6750, 102, 133, 121, 2090741, 1985722, 0.4, 50, 100, 7, 53, 5000, 5
0, 6750, 105, 130, 127, 2107795, 1954465, 0.4, 50, 100, 7, 49, 5000, 5
0, 6750, 118, 141, 135, 2064444, 1910287, 0.4, 50, 100, 7, 59, 5000, 5
0, 6750, 98, 116, 111, 2141043, 1972515, 0.4, 50, 100, 7, 62, 5000, 5
0, 6750, 100, 120, 119, 2103082, 1934544, 0.4, 50, 100, 7, 60, 5000, 5
0, 6750, 102, 130, 117, 2571171, 2418844, 0.4, 50, 100, 9, 71, 5000, 5
0, 6750, 95, 114, 111, 2679518, 2454090, 0.4, 50, 100, 9, 74, 5000, 5
0, 6750, 109, 129, 121, 2751029, 2568669, 0.4, 50, 100, 9, 71, 5000, 5
0, 6750, 95, 116, 111, 2690217, 2505432, 0.4, 50, 100, 9, 82, 5000, 5
1, 5420, 85, 90, 91, 2308485, 2334859, 0.4, 50, 100, 9, 60, 5000, 5
0, 6750, 99, 117, 112, 2788722, 2613705, 0.4, 50, 100, 9, 70, 5000, 5
0, 6750, 93, 111, 108, 2692841, 2460138, 0.4, 50, 100, 9, 78, 5000, 5
0, 6750, 91, 108, 103, 2698457, 2516572, 0.4, 50, 100, 9, 67, 5000, 5
0, 6750, 82, 109, 95, 2641548, 2437683, 0.4, 50, 100, 9, 80, 5000, 5
0, 6750, 107, 142, 123, 2763627, 2590039, 0.4, 50, 100, 9, 85, 5000, 5
0, 6750, 107, 120, 118, 2722772, 2598752, 0.4, 50, 100, 9, 74, 5000, 5
0, 6750, 85, 103, 96, 2630428, 2427646, 0.4, 50, 100, 9, 83, 5000, 5
0, 6750, 101, 123, 118, 2636350, 2591265, 0.4, 50, 100, 9, 78, 5000, 5
0, 6750, 102, 125, 112, 2731247, 2580116, 0.4, 50, 100, 9, 76, 5000, 5
0, 6750, 97, 117, 107, 2591795, 2416249, 0.4, 50, 100, 9, 86, 5000, 5
0, 6750, 108, 124, 121, 2644847, 2542699, 0.4, 50, 100, 9, 82, 5000, 5
0, 6750, 103, 122, 112, 2847726, 2691341, 0.4, 50, 100, 9, 80, 5000, 5
0, 6750, 105, 131, 111, 2926057, 2645183, 0.4, 50, 100, 9, 70, 5000, 5
1, 5507, 85, 90, 95, 2206401, 2231696, 0.4, 50, 100, 9, 55, 5000, 5
0, 6750, 98, 120, 114, 2731377, 2616196, 0.4, 50, 100, 9, 77, 5000, 5
0, 6750, 103, 125, 117, 2746544, 2525130, 0.4, 50, 100, 9, 79, 5000, 5
0, 6750, 102, 129, 124, 2675982, 2524252, 0.4, 50, 100, 9, 77, 5000, 5
0, 6750, 92, 106, 104, 2756329, 2587634, 0.4, 50, 100, 9, 76, 5000, 5
0, 6750, 102, 124, 112, 2705647, 2606463, 0.4, 50, 100, 9, 74, 5000, 5
0, 6750, 107, 131, 129, 2684608, 2486934, 0.4, 50, 100, 9, 73, 5000, 5
0, 6750, 89, 117, 108, 2679587, 2551814, 0.4, 50, 100, 9, 87, 5000, 5
0, 6750, 94, 114, 110, 2867587, 2724235, 0.4, 50, 100, 9, 74, 5000, 5
0, 6750, 106, 123, 118, 2730470, 2606017, 0.4, 50, 100, 9, 74, 5000, 5
0, 6750, 106, 122, 121, 2612604, 2513206, 0.4, 50, 100, 9, 73, 5000, 5
0, 6750, 130, 148, 149, 2805032, 2765024, 0.4, 50, 100, 9, 83, 5000, 5
1, 5214, 106, 111, 109, 2464279, 2469109, 0.4, 50, 100, 9, 55, 5000, 5
0, 6750, 85, 114, 100, 2776079, 2618395, 0.4, 50, 100, 9, 87, 5000, 5
0, 6750, 95, 117, 115, 2568637, 2488719, 0.4, 50, 100, 9, 69, 5000, 5
0, 6750, 83, 104, 99, 2685953, 2511815, 0.4, 50, 100, 9, 77, 5000, 5
0, 6750, 105, 128, 119, 2762044, 2649955, 0.4, 50, 100, 9, 72, 5000, 5
0, 6750, 93, 111, 108, 2924456, 2779162, 0.4, 50, 100, 9, 74, 5000, 5
0, 6750, 98, 119, 114, 2648695, 2504171, 0.4, 50, 100, 9, 76, 5000, 5
0, 6750, 107, 133, 129, 2716773, 2558803, 0.4, 50, 100, 9, 75, 5000, 5
0, 6750, 116, 134, 138, 2550654, 2455853, 0.4, 50, 100, 9, 81, 5000, 5
0, 6750, 108, 131, 122, 2744780, 2556567, 0.4, 50, 100, 9, 78, 5000, 5
0, 6750, 117, 142, 140, 2653061, 2572672, 0.4, 50, 100, 9, 77, 5000, 5
0, 6750, 90, 119, 110, 2692291, 2580892, 0.4, 50, 100, 9, 74, 5000, 5
0, 6750, 110, 125, 129, 2714295, 2628143, 0.4, 50, 100, 9, 75, 5000, 5
0, 6750, 105, 123, 118, 2868179, 2638465, 0.4, 50, 100, 9, 80, 5000, 5
0, 6750, 109, 124, 121, 2656169, 2530907, 0.4, 50, 100, 9, 83, 5000, 5
0, 6750, 99, 124, 111, 2800113, 2632185, 0.4, 50, 100, 9, 81, 5000, 5
0, 6750, 95, 120, 115, 2678575, 2482615, 0.4, 50, 100, 9, 71, 5000, 5
0, 6750, 103, 129, 120, 2863801, 2626901, 0.4, 50, 100, 9, 80, 5000, 5
0, 6750, 101, 123, 119, 2670384, 2532617, 0.4, 50, 100, 9, 77, 5000, 5
0, 6750, 110, 125, 118, 2664737, 2466838, 0.4, 50, 100, 9, 82, 5000, 5
0, 6750, 101, 129, 114, 2658527, 2435385, 0.4, 50, 100, 9, 70, 5000, 5
0, 6750, 104, 127, 116, 2862590, 2675058, 0.4, 50, 100, 9, 77, 5000, 5
0, 6750, 99, 122, 115, 2912628, 2667213, 0.4, 50, 100, 9, 88, 5000, 5
0, 6750, 107, 127, 122, 2704951, 2527602, 0.4, 50, 100, 9, 78, 5000, 5
0, 6750, 110, 126, 121, 2795716, 2521940, 0.4, 50, 100, 9, 85, 5000, 5
0, 6750, 108, 130, 126, 2758014, 2628351, 0.4, 50, 100, 9, 73, 5000, 5
0, 6750, 98, 127, 112, 2709066, 2530552, 0.4, 50, 100, 9, 72, 5000, 5
0, 6750, 93, 124, 108, 2768681, 2520776, 0.4, 50, 100, 9, 73, 5000, 5
0, 6750, 119, 141, 141, 2570884, 2411684, 0.4, 50, 100, 9, 70, 5000, 5
0, 6750, 102, 123, 122, 2938357, 2819388, 0.4, 50, 100, 9, 86, 5000, 5
0, 6750, 106, 130, 124, 2729103, 2585680, 0.4, 50, 100, 9, 80, 5000, 5
0, 6750, 97, 127, 122, 2774549, 2622772, 0.4, 50, 100, 9, 74, 5000, 5
1, 5249, 97, 102, 100, 2301958, 2310050, 0.4, 50, 100, 9, 51, 5000, 5
0, 6750, 112, 129, 120, 2583368, 2483476, 0.4, 50, 100, 9, 90, 5000, 5
0, 6750, 103, 128, 117, 2746747, 2578639, 0.4, 50, 100, 9, 70, 5000, 5
0, 6750, 107, 133, 120, 2662278, 2443566, 0.4, 50, 100, 9, 75, 5000, 5
0, 6750, 93, 113, 110, 2656257, 2475763, 0.4, 50, 100, 9, 89, 5000, 5
0, 6750, 98, 123, 108, 2847308, 2653195, 0.4, 50, 100, 9, 79, 5000, 5
0, 6750, 112, 138, 126, 2751910, 2509721, 0.4, 50, 100, 9, 75, 5000, 5
0, 6750, 108, 130, 124, 2688043, 2533038, 0.4, 50, 100, 9, 68, 5000, 5
0, 6750, 92, 123, 113, 2739702, 2585235, 0.4, 50, 100, 9, 71, 5000, 5
0, 6750, 80, 95, 93, 2609230, 2464615, 0.4, 50, 100, 9, 77, 5000, 5
0, 6750, 101, 120, 112, 2778026, 2604307, 0.4, 50, 100, 9, 71, 5000, 5
0, 6750, 99, 118, 113, 2672530, 2434534, 0.4, 50, 100, 9, 80, 5000, 5
0, 6750, 88, 114, 100, 2702060, 2541703, 0.4, 50, 100, 9, 69, 5000, 5
0, 6750, 110, 130, 123, 2603661, 2511072, 0.4, 50, 100, 9, 77, 5000, 5
0, 6750, 105, 128, 123, 2759011, 2502282, 0.4, 50, 100, 9, 73, 5000, 5
0, 6750, 92, 122, 103, 2783706, 2564515, 0.4, 50, 100, 9, 71, 5000, 5
0, 6750, 108, 125, 121, 2709289, 2512902, 0.4, 50, 100, 9, 67, 5000, 5
0, 6750, 100, 124, 114, 2600674, 2445614, 0.4, 50, 100, 9, 71, 5000, 5
0, 6750, 93, 121, 108, 2933644, 2714427, 0.4, 50, 100, 9, 66, 5000, 5
0, 6750, 98, 128, 115, 2919078, 2718314, 0.4, 50, 100, 9, 67, 5000, 5
0, 6750, 94, 116, 109, 2814571, 2576767, 0.4, 50, 100, 9, 77, 5000, 5
0, 6750, 110, 136, 124, 2786628, 2603104, 0.4, 50, 100, 9, 69, 5000, 5
1, 5306, 106, 111, 109, 2326548, 2344800, 0.4, 50, 100, 9, 52, 5000, 5
0, 6750, 92, 120, 103, 2772883, 2521612, 0.4, 50, 100, 9, 80, 5000, 5
0, 6750, 91, 120, 107, 2804179, 2621661, 0.4, 50, 100, 9, 67, 5000, 5
0, 6750, 115, 130, 126, 2756249, 2626607, 0.4, 50, 100, 9, 79, 5000, 5
0, 6750, 104, 127, 116, 2591459, 2453076, 0.4, 50, 100, 9, 79, 5000, 5
0, 6750, 99, 121, 116, 2761936, 2594794, 0.4, 50, 100, 9, 68, 5000, 5
0, 6750, 99, 113, 109, 2716301, 2565950, 0.4, 50, 100, 9, 76, 5000, 5
0, 6750, 117, 136, 129, 2712173, 2487341, 0.4, 50, 100, 9, 77, 5000, 5
0, 6750, 118, 145, 136, 2634054, 2491451, 0.4, 50, 100, 9, 81, 5000, 5
0, 6750, 103, 131, 123, 2655139, 2559703, 0.4, 50, 100, 9, 77, 5000, 5
0, 6750, 98, 116, 116, 2761325, 2613457, 0.4, 50, 100, 9, 74, 5000, 5
0, 6750, 92, 115, 110, 2597716, 2535540, 0.4, 50, 100, 9, 74, 5000, 5
0, 6750, 101, 114, 122, 2629421, 2543490, 0.4, 50, 100, 9, 74, 5000, 5
0, 6750, 111, 136, 128, 2751554, 2643583, 0.4, 50, 100, 9, 79, 5000, 5
0, 6750, 96, 112, 114, 2586027, 2481509, 0.4, 50, 100, 9, 84, 5000, 5
0, 6750, 109, 126, 117, 2787630, 2650076, 0.4, 50, 100, 9, 81, 5000, 5
0, 6750, 87, 105, 100, 3468359, 3250632, 0.4, 50, 100, 11, 96, 5000, 5
0, 6750, 107, 130, 124, 3360235, 3086311, 0.4, 50, 100, 11, 101, 5000, 5
0, 6750, 117, 141, 134, 3192360, 2970661, 0.4, 50, 100, 11, 102, 5000, 5
1, 5315, 94, 99, 98, 3056423, 3086527, 0.4, 50, 100, 11, 79, 5000, 5
0, 6750, 97, 121, 114, 3287103, 3147893, 0.4, 50, 100, 11, 105, 5000, 5
0, 6750, 100, 123, 110, 3462586, 3147463, 0.4, 50, 100, 11, 111, 5000, 5
0, 6750, 112, 134, 129, 3330831, 3113466, 0.4, 50, 100, 11, 100, 5000, 5
0, 6750, 90, 113, 102, 3258005, 3021901, 0.4, 50, 100, 11, 99, 5000, 5
0, 6750, 83, 98, 103, 3108114, 3061514, 0.4, 50, 100, 11, 108, 5000, 5
0, 6750, 105, 129, 128, 3144783, 2960637, 0.4, 50, 100, 11, 106, 5000, 5
0, 6750, 110, 145, 129, 3388715, 3231092, 0.4, 50, 100, 11, 106, 5000, 5
0, 6750, 105, 133, 125, 3468682, 3238068, 0.4, 50, 100, 11, 108, 5000, 5
0, 6750, 108, 128, 124, 3583734, 3351930, 0.4, 50, 100, 11, 116, 5000, 5
0, 6750, 98, 120, 114, 3499684, 3333498, 0.4, 50, 100, 11, 108, 5000, 5
0, 6750, 105, 127, 124, 3491578, 3236289, 0.4, 50, 100, 11, 99, 5000, 5
0, 6750, 86, 110, 109, 3305278, 3164952, 0.4, 50, 100, 11, 102, 5000, 5
0, 6750, 99, 133, 125, 3212257, 3024434, 0.4, 50, 100, 11, 101, 5000, 5
0, 6750, 103, 120, 117, 3410657, 3156852, 0.4, 50, 100, 11, 96, 5000, 5
0, 6750, 103, 126, 118, 3304838, 3072528, 0.4, 50, 100, 11, 108, 5000, 5
0, 6750, 100, 125, 116, 3224582, 3004592, 0.4, 50, 100, 11, 117, 5000, 5
0, 6750, 112, 132, 125, 3115065, 3047003, 0.4, 50, 100, 11, 100, 5000, 5
0, 6750, 105, 132, 118, 3345510, 3053314, 0.4, 50, 100, 11, 112, 5000, 5
0, 6750, 90, 111, 106, 3256637, 3057516, 0.4, 50, 100, 11, 94, 5000, 5
0, 6750, 102, 129, 121, 3376907, 3186716, 0.4, 50, 100, 11, 113, 5000, 5
0, 6750, 110, 128, 127, 3367038, 3107708, 0.4, 50, 100, 11, 130, 5000, 5
0, 6750, 101, 120, 116, 3464936, 3202412, 0.4, 50, 100, 11, 106, 5000, 5
0, 6750, 105, 123, 123, 3388135, 3168198, 0.4, 50, 100, 11, 116, 5000, 5
0, 6750, 106, 129, 119, 3246153, 3030706, 0.4, 50, 100, 11, 107, 5000, 5
0, 6750, 89, 115, 103, 3290336, 3049562, 0.4, 50, 100, 11, 97, 5000, 5
0, 6750, 117, 141, 128, 3414326, 3209115, 0.4, 50, 100, 11, 108, 5000, 5
0, 6750, 111, 130, 132, 3333776, 3098202, 0.4, 50, 100, 11, 122, 5000, 5
0, 6750, 96, 125, 114, 3423762, 3238719, 0.4, 50, 100, 11, 129, 5000, 5
0, 6750, 104, 130, 118, 3354480, 3123741, 0.4, 50, 100, 11, 99, 5000, 5
0, 6750, 103, 127, 121, 3230887, 3057708, 0.4, 50, 100, 11, 111, 5000, 5
0, 6750, 103, 129, 122, 3274456, 3050618, 0.4, 50, 100, 11, 104, 5000, 5
0, 6750, 87, 111, 100, 3381515, 3074004, 0.4, 50, 100, 11, 114, 5000, 5
0, 6750, 104, 119, 123, 3247287, 3031501, 0.4, 50, 100, 11, 102, 5000, 5
0, 6750, 79, 96, 91, 3359993, 3156052, 0.4, 50, 100, 11, 107, 5000, 5
0, 6750, 104, 131, 118, 3261131, 2981943, 0.4, 50, 100, 11, 101, 5000, 5
0, 6750, 108, 126, 127, 3366932, 3097896, 0.4, 50, 100, 11, 102, 5000, 5
0, 6750, 103, 124, 121, 3238951, 3037476, 0.4, 50, 100, 11, 119, 5000, 5
0, 6750, 105, 120, 122, 3185777, 2986072, 0.4, 50, 100, 11, 127, 5000, 5
0, 6750, 102, 126, 116, 3325864, 3183753, 0.4, 50, 100, 11, 108, 5000, 5
0, 6750, 98, 115, 109, 3150833, 2926098, 0.4, 50, 100, 11, 127, 5000, 5
0, 6750, 111, 124, 121, 3240760, 3105733, 0.4, 50, 100, 11, 107, 5000, 5
0, 6750, 101, 119, 121, 3316666, 3240232, 0.4, 50, 100, 11, 111, 5000, 5
0, 6750, 97, 122, 109, 3380502, 3166815, 0.4, 50, 100, 11, 107, 5000, 5
0, 6750, 94, 112, 111, 3458977, 3300186, 0.4, 50, 100, 11, 110, 5000, 5
0, 6750, 98, 121, 111, 3361203, 3113478, 0.4, 50, 100, 11, 126, 5000, 5
0, 6750, 95, 120, 116, 3200050, 2982912, 0.4, 50, 100, 11, 103, 5000, 5
0, 6750, 107, 124, 123, 3489935, 3210123, 0.4, 50, 100, 11, 124, 5000, 5
0, 6750, 104, 122, 120, 3343491, 3131378, 0.4, 50, 100, 11, 109, 5000, 5
0, 6750, 89, 112, 100, 3335550, 3121537, 0.4, 50, 100, 11, 95, 5000, 5
1, 5193, 84, 89, 86, 2806346, 2812718, 0.4, 50, 100, 11, 70, 5000, 5
1, 5620, 97, 102, 99, 3062583, 3119010, 0.4, 50, 100, 11, 78, 5000, 5
0, 6750, 123, 138, 136, 3328420, 3199304, 0.4, 50, 100, 11, 100, 5000, 5
0, 6750, 89, 110, 107, 3091941, 2988623, 0.4, 50, 100, 11, 116, 5000, 5
0, 6750, 96, 117, 110, 3185826, 2966893, 0.4, 50, 100, 11, 112, 5000, 5
0, 6750, 103, 124, 113, 3385567, 3117472, 0.4, 50, 100, 11, 117, 5000, 5
0, 6750, 104, 127, 124, 3310194, 3243025, 0.4, 50, 100, 11, 131, 5000, 5
0, 6750, 119, 140, 126, 3215083, 2934404, 0.4, 50, 100, 11, 115, 5000, 5
0, 6750, 106, 131, 117, 3312369, 3079423, 0.4, 50, 100, 11, 125, 5000, 5
0, 6750, 100, 124, 112, 3344894, 3136186, 0.4, 50, 100, 11, 105, 5000, 5
0, 6750, 107, 142, 120, 3336411, 3039812, 0.4, 50, 100, 11, 100, 5000, 5
0, 6750, 112, 134, 134, 3338663, 3083547, 0.4, 50, 100, 11, 98, 5000, 5
0, 6750, 87, 117, 99, 3319007, 3200340, 0.4, 50, 100, 11, 119, 5000, 5
0, 6750, 76, 104, 96, 3327649, 3123283, 0.4, 50, 100, 11, 115, 5000, 5
0, 6750, 79, 102, 95, 3480602, 3254298, 0.4, 50, 100, 11, 93, 5000, 5
0, 6750, 89, 110, 104, 3319320, 3157231, 0.4, 50, 100, 11, 104, 5000, 5
0, 6750, 102, 120, 111, 3280829, 3155049, 0.4, 50, 100, 11, 105, 5000, 5
0, 6750, 113, 135, 125, 3603435, 3345878, 0.4, 50, 100, 11, 98, 5000, 5
0, 6750, 109, 126, 119, 3360130, 3128441, 0.4, 50, 100, 11, 103, 5000, 5
0, 6750, 115, 136, 122, 3272741, 3012588, 0.4, 50, 100, 11, 96, 5000, 5
0, 6750, 115, 140, 131, 3192261, 3063884, 0.4, 50, 100, 11, 106, 5000, 5
0, 6750, 103, 126, 120, 3372560, 3217805, 0.4, 50, 100, 11, 94, 5000, 5
0, 6750, 93, 119, 107, 3276564, 3077207, 0.4, 50, 100, 11, 92, 5000, 5
0, 6750, 101, 126, 113, 3193086, 3021326, 0.4, 50, 100, 11, 95, 5000, 5
0, 6750, 96, 127, 111, 3307005, 3091101, 0.4, 50, 100, 11, 99, 5000, 5
0, 6750, 97, 119, 110, 3332315, 3142019, 0.4, 50, 100, 11, 97, 5000, 5
0, 6750, 98, 120, 114, 3365542, 3135688, 0.4, 50, 100, 11, 102, 5000, 5
0, 6750, 94, 124, 107, 3363341, 3157375, 0.4, 50, 100, 11, 104, 5000, 5
0, 6750, 101, 125, 120, 3209943, 2954620, 0.4, 50, 100, 11, 105, 5000, 5
1, 5582, 102, 107, 111, 3012678, 3045189, 0.4, 50, 100, 11, 88, 5000, 5
0, 6750, 83, 104, 99, 3273530, 3125975, 0.4, 50, 100, 11, 92, 5000, 5
0, 6750, 108, 134, 123, 3229189, 2978565, 0.4, 50, 100, 11, 108, 5000, 5
0, 6750, 115, 137, 127, 3389235, 3137289, 0.4, 50, 100, 11, 91, 5000, 5
0, 6750, 105, 129, 123, 3235009, 3109908, 0.4, 50, 100, 11, 106, 5000, 5
0, 6750, 100, 124, 123, 3291659, 3041211, 0.4, 50, 100, 11, 106, 5000, 5
0, 6750, 116, 135, 124, 3187304, 2973993, 0.4, 50, 100, 11, 102, 5000, 5
0, 6750, 92, 117, 108, 3188443, 3082951, 0.4, 50, 100, 11, 100, 5000, 5
0, 6750, 110, 130, 121, 3380021, 3099071, 0.4, 50, 100, 11, 97, 5000, 5
0, 6750, 96, 111, 100, 3258919, 3077351, 0.4, 50, 100, 11, 106, 5000, 5
0, 6750, 97, 113, 114, 3213866, 3062782, 0.4, 50, 100, 11, 97, 5000, 5
0, 6750, 96, 121, 107, 3411333, 3244827, 0.4, 50, 100, 11, 97, 5000, 5
0, 6750, 110, 132, 126, 3434379, 3207629, 0.4, 50, 100, 11, 109, 5000, 5
0, 6750, 92, 110, 107, 3338861, 3101247, 0.4, 50, 100, 11, 97, 5000, 5
0, 6750, 114, 136, 127, 3375610, 3172792, 0.4, 50, 100, 11, 109, 5000, 5
0, 6750, 109, 126, 126, 3355554, 3120718, 0.4, 50, 100, 11, 101, 5000, 5
0, 6750, 102, 129, 126, 3518793, 3294173, 0.4, 50, 100, 11, 115, 5000, 5
0, 6750, 78, 99, 87, 3242094, 3042747, 0.4, 50, 100, 11, 111, 5000, 5
1, 5549, 101, 109, 103, 3368761, 3562019, 0.4, 50, 100, 13, 102, 5000, 5
0, 6750, 97, 116, 111, 3916446, 3742132, 0.4, 50, 100, 13, 136, 5000, 5
0, 6750, 100, 121, 117, 3819454, 3549372, 0.4, 50, 100, 13, 139, 5000, 5
0, 6750, 94, 110, 108, 3960175, 3718484, 0.4, 50, 100, 13, 141, 5000, 5
0, 6750, 97, 117, 112, 3917557, 3629827, 0.4, 50, 100, 13, 139, 5000, 5
0, 6750, 96, 113, 108, 3878672, 3725446, 0.4, 50, 100, 13, 132, 5000, 5
0, 6750, 106, 127, 121, 3960779, 3808235, 0.4, 50, 100, 13, 143, 5000, 5
0, 6750, 84, 115, 100, 3995719, 3818080, 0.4, 50, 100, 13, 131, 5000, 5
0, 6750, 107, 127, 118, 3945271, 3635574, 0.4, 50, 100, 13, 130, 5000, 5
0, 6750, 98, 121, 116, 3882546, 3699288, 0.4, 50, 100, 13, 143, 5000, 5
0, 6750, 103, 125, 116, 3822220, 3550933, 0.4, 50, 100, 13, 141, 5000, 5
0, 6750, 119, 136, 131, 3641686, 3423173, 0.4, 50, 100, 13, 139, 5000, 5
0, 6750, 102, 128, 114, 3928624, 3733501, 0.4, 50, 100, 13, 126, 5000, 5
0, 6750, 106, 125, 119, 3837604, 3575957, 0.4, 50, 100, 13, 133, 5000, 5
0, 6750, 102, 124, 115, 3628602, 3414259, 0.4, 50, 100, 13, 158, 5000, 5
0, 6750, 106, 131, 123, 3826381, 3700847, 0.4, 50, 100, 13, 144, 5000, 5
0, 6750, 109, 126, 122, 4077078, 3763431, 0.4, 50, 100, 13, 146, 5000, 5
0, 6750, 95, 121, 110, 3905111, 3628650, 0.4, 50, 100, 13, 134, 5000, 5
0, 6750, 110, 133, 134, 4042318, 3817005, 0.4, 50, 100, 13, 122, 5000, 5
0, 6750, 101, 121, 112, 3847750, 3735111, 0.4, 50, 100, 13, 129, 5000, 5
0, 6750, 92, 111, 110, 3905364, 3649862, 0.4, 50, 100, 13, 135, 5000, 5
0, 6750, 100, 125, 112, 3877781, 3582224, 0.4, 50, 100, 13, 137, 5000, 5
0, 6750, 99, 131, 113, 3889009, 3653594, 0.4, 50, 100, 13, 134, 5000, 5
0, 6750, 105, 144, 123, 3920573, 3602407, 0.4, 50, 100, 13, 131, 5000, 5
0, 6750, 106, 124, 119, 3900594, 3613268, 0.4, 50, 100, 13, 133, 5000, 5
0, 6750, 98, 115, 114, 4079922, 3905553, 0.4, 50, 100, 13, 125, 5000, 5
0, 6750, 95, 118, 109, 3822075, 3629159, 0.4, 50, 100, 13, 137, 5000, 5
0, 6750, 101, 121, 111, 3864415, 3623908, 0.4, 50, 100, 13, 150, 5000, 5
0, 6750, 113, 132, 124, 3910357, 3646527, 0.4, 50, 100, 13, 141, 5000, 5
0, 6750, 108, 140, 117, 4053079, 3730194, 0.4, 50, 100, 13, 138, 5000, 5
0, 6750, 101, 123, 119, 3740321, 3588783, 0.4, 50, 100, 13, 135, 5000, 5
0, 6750, 100, 114, 112, 4203242, 4078163, 0.4, 50, 100, 13, 150, 5000, 5
0, 6750, 109, 127, 124, 4189306, 4006394, 0.4, 50, 100, 13, 136, 5000, 5
0, 6750, 113, 131, 132, 3767142, 3570919, 0.4, 50, 100, 13, 127, 5000, 5
0, 6750, 104, 124, 126, 4106035, 3923473, 0.4, 50, 100, 13, 130, 5000, 5
0, 6750, 93, 122, 104, 3865732, 3615744, 0.4, 50, 100, 13, 137, 5000, 5
0, 6750, 85, 95, 97, 4043823, 3800811, 0.4, 50, 100, 13, 137, 5000, 5
0, 6750, 97, 123, 114, 4095233, 3955482, 0.4, 50, 100, 13, 138, 5000, 5
0, 6750, 83, 102, 107, 3864369, 3609802, 0.4, 50, 100, 13, 126, 5000, 5
0, 6750, 112, 136, 124, 3947645, 3712205, 0.4, 50, 100, 13, 131, 5000, 5
0, 6750, 109, 131, 124, 3952826, 3723112, 0.4, 50, 100, 13, 155, 5000, 5
0, 6750, 91, 105, 98, 3870305, 3502772, 0.4, 50, 100, 13, 147, 5000, 5
0, 6750, 86, 108, 101, 3922172, 3763698, 0.4, 50, 100, 13, 144, 5000, 5
0, 6750, 117, 141, 141, 4063231, 3762090, 0.4, 50, 100, 13, 147, 5000, 5
0, 6750, 100, 116, 110, 3693374, 3530769, 0.4, 50, 100, 13, 141, 5000, 5
0, 6750, 85, 107, 105, 3982515, 3795312, 0.4, 50, 100, 13, 126, 5000, 5
0, 6750, 86, 106, 98, 3926837, 3703090, 0.4, 50, 100, 13, 151, 5000, 5
0, 6750, 83, 102, 103, 3872851, 3719829, 0.4, 50, 100, 13, 133, 5000, 5
0, 6750, 92, 112, 100, 3886222, 3655409, 0.4, 50, 100, 13, 136, 5000, 5
0, 6750, 102, 124, 114, 3887904, 3650591, 0.4, 50, 100, 13, 128, 5000, 5
0, 6750, 106, 133, 114, 3861553, 3714391, 0.4, 50, 100, 13, 126, 5000, 5
0, 6750, 118, 145, 139, 4033618, 3792772, 0.4, 50, 100, 13, 126, 5000, 5
0, 6750, 100, 124, 116, 3974550, 3780862, 0.4, 50, 100, 13, 146, 5000, 5
0, 6750, 107, 125, 130, 3838709, 3663651, 0.4, 50, 100, 13, 125, 5000, 5
0, 6750, 91, 114, 104, 4147502, 3802586, 0.4, 50, 100, 13, 128, 5000, 5
0, 6750, 105, 125, 119, 4000268, 3752911, 0.4, 50, 100, 13, 146, 5000, 5
0, 6750, 89, 111, 116, 3741903, 3615960, 0.4, 50, 100, 13, 126, 5000, 5
0, 6750, 101, 124, 122, 3855422, 3667259, 0.4, 50, 100, 13, 134, 5000, 5
0, 6750, 92, 110, 107, 4031874, 3831492, 0.4, 50, 100, 13, 127, 5000, 5
0, 6750, 116, 143, 132, 4054096, 3896373, 0.4, 50, 100, 13, 128, 5000, 5
0, 6750, 101, 133, 122, 3739528, 3521519, 0.4, 50, 100, 13, 131, 5000, 5
0, 6750, 107, 119, 122, 4124121, 3993208, 0.4, 50, 100, 13, 132, 5000, 5
0, 6750, 102, 126, 111, 4140753, 3801268, 0.4, 50, 100, 13, 124, 5000, 5
0, 6750, 105, 134, 115, 4079674, 3851445, 0.4, 50, 100, 13, 120, 5000, 5
0, 6750, 98, 120, 110, 3971959, 3768598, 0.4, 50, 100, 13, 129, 5000, 5
0, 6750, 95, 120, 111, 3841641, 3587805, 0.4, 50, 100, 13, 139, 5000, 5
0, 6750, 102, 126, 131, 4265643, 4003094, 0.4, 50, 100, 13, 128, 5000, 5
0, 6750, 97, 124, 110, 3988574, 3774630, 0.4, 50, 100, 13, 127, 5000, 5
0, 6750, 109, 131, 122, 3937624, 3756955, 0.4, 50, 100, 13, 123, 5000, 5
0, 6750, 112, 131, 130, 3917202, 3684224, 0.4, 50, 100, 13, 131, 5000, 5
0, 6750, 107, 133, 122, 4173499, 3791893, 0.4, 50, 100, 13, 139, 5000, 5
0, 6750, 96, 115, 111, 4067602, 3826081, 0.4, 50, 100, 13, 135, 5000, 5
0, 6750, 86, 115, 100, 3886820, 3566748, 0.4, 50, 100, 13, 139, 5000, 5
0, 6750, 99, 122, 113, 4062096, 3768037, 0.4, 50, 100, 13, 136, 5000, 5
0, 6750, 107, 128, 112, 4071867, 3735977, 0.4, 50, 100, 13, 137, 5000, 5
0, 6750, 107, 127, 125, 3837011, 3598650, 0.4, 50, 100, 13, 143, 5000, 5
0, 6750, 93, 102, 107, 3913954, 3677537, 0.4, 50, 100, 13, 134, 5000, 5
0, 6750, 97, 116, 116, 3806774, 3675299, 0.4, 50, 100, 13, 142, 5000, 5
0, 6750, 99, 122, 119, 3862998, 3455555, 0.4, 50, 100, 13, 142, 5000, 5
0, 6750, 105, 138, 119, 3878610, 3651926, 0.4, 50, 100, 13, 133, 5000, 5
0, 6750, 101, 124, 121, 3902853, 3790603, 0.4, 50, 100, 13, 152, 5000, 5
0, 6750, 107, 131, 122, 3838302, 3636917, 0.4, 50, 100, 13, 144, 5000, 5
0, 6750, 111, 133, 127, 4011982, 3740284, 0.4, 50, 100, 13, 144, 5000, 5
0, 6750, 102, 133, 111, 4029151, 3775006, 0.4, 50, 100, 13, 147, 5000, 5
0, 6750, 92, 118, 107, 3784092, 3483571, 0.4, 50, 100, 13, 151, 5000, 5
0, 6750, 97, 116, 111, 3778784, 3601416, 0.4, 50, 100, 13, 138, 5000, 5
0, 6750, 102, 125, 122, 4035150, 3802209, 0.4, 50, 100, 13, 132, 5000, 5
0, 6750, 101, 126, 112, 3881483, 3665570, 0.4, 50, 100, 13, 151, 5000, 5
0, 6750, 79, 90, 96, 4157280, 3971263, 0.4, 50, 100, 13, 168, 5000, 5
0, 6750, 106, 126, 126, 3751996, 3611608, 0.4, 50, 100, 13, 139, 5000, 5
0, 6750, 101, 127, 113, 3822130, 3585862, 0.4, 50, 100, 13, 138, 5000, 5
0, 6750, 102, 117, 110, 3837039, 3568391, 0.4, 50, 100, 13, 185, 5000, 5
0, 6750, 88, 99, 96, 3732227, 3465882, 0.4, 50, 100, 13, 151, 5000, 5
0, 6750, 110, 132, 115, 3842601, 3513386, 0.4, 50, 100, 13, 137, 5000, 5
0, 6750, 111, 137, 128, 4218298, 3971693, 0.4, 50, 100, 13, 170, 5000, 5
0, 6750, 102, 126, 115, 4021144, 3844563, 0.4, 50, 100, 13, 131, 5000, 5
0, 6750, 107, 128, 122, 4064390, 3830409, 0.4, 50, 100, 13, 151, 5000, 5
0, 6750, 90, 108, 105, 3908518, 3785992, 0.4, 50, 100, 13, 142, 5000, 5
0, 6750, 115, 132, 127, 4123428, 3829893, 0.4, 50, 100, 13, 141, 5000, 5
0, 6750, 101, 113, 114, 4043655, 3859168, 0.4, 50, 100, 13, 147, 5000, 5
0, 6750, 114, 136, 131, 4627974, 4327070, 0.4, 50, 100, 15, 159, 5000, 5
1, 5617, 105, 111, 113, 3957516, 3992644, 0.4, 50, 100, 15, 154, 5000, 5
0, 6750, 81, 98, 91, 4604615, 4274592, 0.4, 50, 100, 15, 168, 5000, 5
0, 6750, 104, 127, 125, 4533767, 4246021, 0.4, 50, 100, 15, 176, 5000, 5
0, 6750, 102, 127, 118, 4560398, 4197017, 0.4, 50, 100, 15, 179, 5000, 5
0, 6750, 106, 128, 123, 4423054, 4145277, 0.4, 50, 100, 15, 174, 5000, 5
0, 6750, 97, 120, 113, 4587188, 4268181, 0.4, 50, 100, 15, 162, 5000, 5
0, 6750, 112, 133, 126, 4595841, 4265262, 0.4, 50, 100, 15, 176, 5000, 5
0, 6750, 96, 122, 111, 4808679, 4556396, 0.4, 50, 100, 15, 169, 5000, 5
0, 6750, 108, 135, 125, 4584927, 4377483, 0.4, 50, 100, 15, 163, 5000, 5
0, 6750, 91, 111, 99, 4534843, 4247579, 0.4, 50, 100, 15, 182, 5000, 5
0, 6750, 106, 128, 125, 4365254, 4217286, 0.4, 50, 100, 15, 194, 5000, 5
0, 6750, 112, 136, 137, 4403888, 4210578, 0.4, 50, 100, 15, 178, 5000, 5
0, 6750, 96, 125, 112, 4635680, 4399589, 0.4, 50, 100, 15, 179, 5000, 5
0, 6750, 111, 124, 129, 4893106, 4591127, 0.4, 50, 100, 15, 185, 5000, 5
0, 6750, 111, 134, 136, 4217617, 4114778, 0.4, 50, 100, 15, 188, 5000, 5
0, 6750, 101, 118, 119, 4615464, 4379653, 0.4, 50, 100, 15, 175, 5000, 5
0, 6750, 112, 129, 121, 4386826, 4133804, 0.4, 50, 100, 15, 181, 5000, 5
0, 6750, 109, 131, 121, 4455899, 4263474, 0.4, 50, 100, 15, 179, 5000, 5
0, 6750, 105, 130, 126, 4677948, 4495122, 0.4, 50, 100, 15, 182, 5000, 5
0, 6750, 99, 129, 117, 4646579, 4417276, 0.4, 50, 100, 15, 175, 5000, 5
0, 6750, 99, 114, 113, 4528950, 4210853, 0.4, 50, 100, 15, 180, 5000, 5
0, 6750, 94, 115, 111, 4558196, 4296706, 0.4, 50, 100, 15, 174, 5000, 5
0, 6750, 112, 126, 132, 4538479, 4337754, 0.4, 50, 100, 15, 171, 5000, 5
0, 6750, 97, 125, 113, 4462236, 4296670, 0.4, 50, 100, 15, 177, 5000, 5
0, 6750, 91, 112, 104, 4477082, 4066711, 0.4, 50, 100, 15, 181, 5000, 5
0, 6750, 83, 112, 99, 4625910, 4312304, 0.4, 50, 100, 15, 172, 5000, 5
0, 6750, 95, 108, 114, 4538079, 4273526, 0.4, 50, 100, 15, 211, 5000, 5
0, 6750, 96, 118, 113, 4712669, 4514179, 0.4, 50, 100, 15, 179, 5000, 5
1, 5388, 108, 113, 113, 3905075, 3918529, 0.4, 50, 100, 15, 142, 5000, 5
0, 6750, 109, 133, 119, 4266865, 3927380, 0.4, 50, 100, 15, 186, 5000, 5
0, 6750, 103, 129, 119, 4509962, 4269698, 0.4, 50, 100, 15, 189, 5000, 5
0, 6750, 95, 116, 114, 4721699, 4560595, 0.4, 50, 100, 15, 174, 5000, 5
0, 6750, 104, 129, 118, 4739354, 4403952, 0.4, 50, 100, 15, 160, 5000, 5
0, 6750, 99, 134, 115, 4613840, 4401296, 0.4, 50, 100, 15, 163, 5000, 5
0, 6750, 105, 125, 128, 4429771, 4178951, 0.4, 50, 100, 15, 179, 5000, 5
0, 6750, 108, 125, 114, 4307895, 4092210, 0.4, 50, 100, 15, 188, 5000, 5
0, 6750, 102, 128, 127, 4426982, 4217454, 0.4, 50, 100, 15, 175, 5000, 5
0, 6750, 100, 122, 116, 4503903, 4326060, 0.4, 50, 100, 15, 168, 5000, 5
0, 6750, 103, 122, 107, 4557130, 4260276, 0.4, 50, 100, 15, 182, 5000, 5
0, 6750, 89, 120, 105, 4684545, 4394878, 0.4, 50, 100, 15, 177, 5000, 5
0, 6750, 114, 131, 126, 4606533, 4440265, 0.4, 50, 100, 15, 181, 5000, 5
0, 6750, 100, 126, 111, 4765605, 4366673, 0.4, 50, 100, 15, 183, 5000, 5
0, 6750, 113, 135, 127, 4471642, 4052463, 0.4, 50, 100, 15, 184, 5000, 5
0, 6750, 88, 116, 99, 4578267, 4267512, 0.4, 50, 100, 15, 180, 5000, 5
0, 6750, 115, 131, 123, 4522296, 4323353, 0.4, 50, 100, 15, 181, 5000, 5
0, 6750, 107, 126, 121, 4441976, 4255034, 0.4, 50, 100, 15, 200, 5000, 5
0, 6750, 100, 122, 121, 4402668, 4241814, 0.4, 50, 100, 15, 237, 5000, 5
0, 6750, 89, 108, 111, 4470134, 4176203, 0.4, 50, 100, 15, 167, 5000, 5
0, 6750, 101, 130, 115, 4680307, 4242805, 0.4, 50, 100, 15, 176, 5000, 5
0, 6750, 104, 125, 125, 4550764, 4449617, 0.4, 50, 100, 15, 169, 5000, 5
0, 6750, 95, 118, 110, 4723847, 4452663, 0.4, 50, 100, 15, 215, 5000, 5
0, 6750, 104, 123, 121, 4497658, 4161733, 0.4, 50, 100, 15, 179, 5000, 5
0, 6750, 102, 124, 116, 4723048, 4412055, 0.4, 50, 100, 15, 183, 5000, 5
0, 6750, 100, 112, 116, 4543238, 4333788, 0.4, 50, 100, 15, 208, 5000, 5
0, 6750, 112, 126, 127, 4296497, 4171939, 0.4, 50, 100, 15, 178, 5000, 5
0, 6750, 97, 117, 110, 4385724, 4209205, 0.4, 50, 100, 15, 172, 5000, 5
0, 6750, 87, 106, 103, 4488357, 4358727, 0.4, 50, 100, 15, 185, 5000, 5
0, 6750, 106, 133, 118, 4408863, 4221142, 0.4, 50, 100, 15, 196, 5000, 5
0, 6750, 95, 109, 117, 4531748, 4276708, 0.4, 50, 100, 15, 180, 5000, 5
0, 6750, 79, 104, 87, 4571223, 4178564, 0.4, 50, 100, 15, 172, 5000, 5
0, 6750, 107, 129, 122, 4269531, 4010373, 0.4, 50, 100, 15, 192, 5000, 5
0, 6750, 95, 113, 118, 4472521, 4178759, 0.4, 50, 100, 15, 179, 5000, 5
0, 6750, 94, 114, 106, 4455038, 4312340, 0.4, 50, 100, 15, 170, 5000, 5
0, 6750, 79, 103, 90, 4611741, 4138351, 0.4, 50, 100, 15, 170, 5000, 5
0, 6750, 112, 128, 130, 4479551, 4262347, 0.4, 50, 100, 15, 175, 5000, 5
0, 6750, 97, 120, 106, 4398471, 4113434, 0.4, 50, 100, 15, 157, 5000, 5
0, 6750, 113, 135, 127, 4313298, 4162190, 0.4, 50, 100, 15, 204, 5000, 5
0, 6750, 108, 126, 127, 4484588, 4246962, 0.4, 50, 100, 15, 171, 5000, 5
0, 6750, 108, 130, 126, 4532717, 4180008, 0.4, 50, 100, 15, 170, 5000, 5
0, 6750, 103, 126, 120, 4518452, 4260777, 0.4, 50, 100, 15, 164, 5000, 5
0, 6750, 109, 124, 118, 4464439, 4199393, 0.4, 50, 100, 15, 178, 5000, 5
0, 6750, 89, 119, 114, 4553880, 4330920, 0.4, 50, 100, 15, 169, 5000, 5
0, 6750, 108, 128, 123, 4466932, 4179156, 0.4, 50, 100, 15, 181, 5000, 5
0, 6750, 101, 118, 122, 4340401, 4287840, 0.4, 50, 100, 15, 194, 5000, 5
0, 6750, 105, 124, 122, 4372119, 4128897, 0.4, 50, 100, 15, 167, 5000, 5
0, 6750, 93, 114, 104, 4555409, 4301329, 0.4, 50, 100, 15, 164, 5000, 5
0, 6750, 86, 105, 96, 4309879, 4179307, 0.4, 50, 100, 15, 174, 5000, 5
0, 6750, 97, 113, 109, 4517533, 4326845, 0.4, 50, 100, 15, 186, 5000, 5
0, 6750, 93, 111, 103, 4691675, 4418512, 0.4, 50, 100, 15, 162, 5000, 5
0, 6750, 112, 134, 128, 4288253, 4111507, 0.4, 50, 100, 15, 168, 5000, 5
0, 6750, 113, 143, 131, 4493936, 4207391, 0.4, 50, 100, 15, 173, 5000, 5
0, 6750, 111, 131, 123, 4870848, 4520785, 0.4, 50, 100, 15, 165, 5000, 5
0, 6750, 89, 115, 106, 4547708, 4201362, 0.4, 50, 100, 15, 181, 5000, 5
0, 6750, 110, 144, 124, 4624661, 4281596, 0.4, 50, 100, 15, 172, 5000, 5
0, 6750, 105, 124, 118, 4356383, 4113918, 0.4, 50, 100, 15, 177, 5000, 5
0, 6750, 108, 129, 122, 4418933, 4278547, 0.4, 50, 100, 15, 171, 5000, 5
0, 6750, 120, 146, 133, 4489846, 4185082, 0.4, 50, 100, 15, 191, 5000, 5
0, 6750, 108, 124, 127, 4463234, 4342969, 0.4, 50, 100, 15, 212, 5000, 5
0, 6750, 87, 110, 105, 4544886, 4225097, 0.4, 50, 100, 15, 193, 5000, 5
0, 6750, 107, 132, 128, 4300141, 4089790, 0.4, 50, 100, 15, 177, 5000, 5
0, 6750, 101, 131, 116, 4719045, 4348386, 0.4, 50, 100, 15, 178, 5000, 5
0, 6750, 91, 105, 110, 4435963, 4181144, 0.4, 50, 100, 15, 182, 5000, 5
0, 6750, 109, 132, 131, 4464376, 4256679, 0.4, 50, 100, 15, 171, 5000, 5
0, 6750, 98, 125, 114, 4496175, 4257455, 0.4, 50, 100, 15, 169, 5000, 5
0, 6750, 120, 131, 130, 4554145, 4384603, 0.4, 50, 100, 15, 185, 5000, 5
0, 6750, 92, 117, 105, 4486097, 4205954, 0.4, 50, 100, 15, 174, 5000, 5
0, 6750, 110, 129, 126, 4435370, 4364699, 0.4, 50, 100, 15, 177, 5000, 5
0, 6750, 93, 116, 109, 4492340, 4228061, 0.4, 50, 100, 15, 184, 5000, 5
1, 5234, 108, 113, 111, 4263274, 4288047, 0.4, 50, 100, 17, 172, 5000, 5
0, 6750, 98, 122, 112, 4532619, 4395049, 0.4, 50, 100, 15, 184, 5000, 5
0, 6750, 103, 126, 116, 5403239, 4913924, 0.4, 50, 100, 17, 215, 5000, 5
0, 6750, 101, 128, 120, 5085544, 4750142, 0.4, 50, 100, 17, 219, 5000, 5
0, 6750, 102, 130, 113, 5120612, 4759381, 0.4, 50, 100, 17, 216, 5000, 5
0, 6750, 100, 130, 113, 5191267, 4769661, 0.4, 50, 100, 17, 217, 5000, 5
0, 6750, 91, 115, 108, 5153351, 4826043, 0.4, 50, 100, 17, 224, 5000, 5
0, 6750, 102, 126, 116, 5189363, 4918617, 0.4, 50, 100, 17, 216, 5000, 5
0, 6750, 95, 135, 114, 4975770, 4661743, 0.4, 50, 100, 17, 226, 5000, 5
0, 6750, 97, 111, 108, 5048449, 4825709, 0.4, 50, 100, 17, 222, 5000, 5
0, 6750, 75, 99, 85, 4876346, 4528363, 0.4, 50, 100, 17, 236, 5000, 5
0, 6750, 109, 133, 122, 5327752, 5087278, 0.4, 50, 100, 17, 223, 5000, 5
0, 6750, 105, 123, 116, 5161002, 4861916, 0.4, 50, 100, 17, 225, 5000, 5
0, 6750, 96, 122, 114, 5004370, 4738458, 0.4, 50, 100, 17, 234, 5000, 5
0, 6750, 95, 112, 104, 5451535, 5130933, 0.4, 50, 100, 17, 229, 5000, 5
0, 6750, 108, 127, 123, 5021928, 4698221, 0.4, 50, 100, 17, 229, 5000, 5
0, 6750, 91, 114, 99, 4982576, 4519160, 0.4, 50, 100, 17, 224, 5000, 5
0, 6750, 111, 133, 130, 5159264, 4705130, 0.4, 50, 100, 17, 215, 5000, 5
0, 6750, 64, 85, 78, 5230880, 5046281, 0.4, 50, 100, 17, 219, 5000, 5
0, 6750, 106, 128, 126, 5013943, 4731874, 0.4, 50, 100, 17, 239, 5000, 5
0, 6750, 95, 118, 107, 5103283, 4713173, 0.4, 50, 100, 17, 261, 5000, 5
0, 6750, 120, 136, 141, 5012000, 4821922, 0.4, 50, 100, 17, 245, 5000, 5
0, 6750, 97, 116, 113, 5226604, 5099170, 0.4, 50, 100, 17, 236, 5000, 5
0, 6750, 100, 123, 123, 5060362, 4820731, 0.4, 50, 100, 17, 209, 5000, 5
0, 6750, 80, 102, 95, 4996633, 4687969, 0.4, 50, 100, 17, 212, 5000, 5
0, 6750, 115, 143, 134, 5161770, 4746880, 0.4, 50, 100, 17, 205, 5000, 5
0, 6750, 88, 103, 96, 5069134, 4810187, 0.4, 50, 100, 17, 219, 5000, 5
0, 6750, 100, 123, 112, 5185933, 4848369, 0.4, 50, 100, 17, 216, 5000, 5
0, 6750, 88, 107, 111, 5231278, 4897904, 0.4, 50, 100, 17, 227, 5000, 5
0, 6750, 109, 126, 124, 4937473, 4803675, 0.4, 50, 100, 17, 229, 5000, 5
0, 6750, 116, 135, 136, 4994260, 4813232, 0.4, 50, 100, 17, 234, 5000, 5
0, 6750, 88, 114, 100, 5139747, 4885297, 0.4, 50, 100, 17, 251, 5000, 5
0, 6750, 101, 123, 116, 5363466, 5033085, 0.4, 50, 100, 17, 277, 5000, 5
1, 5430, 103, 109, 106, 4311817, 4332016, 0.4, 50, 100, 17, 202, 5000, 5
0, 6750, 84, 104, 97, 5363629, 5142198, 0.4, 50, 100, 17, 214, 5000, 5
0, 6750, 102, 122, 120, 5018822, 4785244, 0.4, 50, 100, 17, 226, 5000, 5
0, 6750, 105, 132, 121, 5285675, 5037187, 0.4, 50, 100, 17, 223, 5000, 5
0, 6750, 106, 120, 114, 5195461, 4786540, 0.4, 50, 100, 17, 230, 5000, 5
0, 6750, 99, 117, 110, 4907199, 4584099, 0.4, 50, 100, 17, 226, 5000, 5
0, 6750, 100, 121, 113, 5201709, 4898251, 0.4, 50, 100, 17, 232, 5000, 5
0, 6750, 106, 132, 114, 5176951, 4811100, 0.4, 50, 100, 17, 227, 5000, 5
0, 6750, 98, 119, 111, 5317496, 4918898, 0.4, 50, 100, 17, 213, 5000, 5
0, 6750, 107, 131, 124, 5391944, 5134965, 0.4, 50, 100, 17, 229, 5000, 5
0, 6750, 84, 111, 102, 5200190, 4923937, 0.4, 50, 100, 17, 213, 5000, 5
0, 6750, 95, 114, 107, 5191696, 4883966, 0.4, 50, 100, 17, 238, 5000, 5
0, 6750, 114, 129, 123, 4889123, 4693827, 0.4, 50, 100, 17, 245, 5000, 5
0, 6750, 100, 123, 117, 5535809, 5145073, 0.4, 50, 100, 17, 221, 5000, 5
0, 6750, 103, 127, 116, 4821885, 4612879, 0.4, 50, 100, 17, 222, 5000, 5
0, 6750, 108, 127, 124, 4917513, 4708139, 0.4, 50, 100, 17, 228, 5000, 5
0, 6750, 102, 121, 109, 5019686, 4718879, 0.4, 50, 100, 17, 249, 5000, 5
0, 6750, 96, 122, 120, 5089991, 4682368, 0.4, 50, 100, 17, 239, 5000, 5
0, 6750, 107, 132, 128, 5294000, 5071310, 0.4, 50, 100, 17, 237, 5000, 5
0, 6750, 108, 130, 121, 5189174, 4893805, 0.4, 50, 100, 17, 205, 5000, 5
0, 6750, 105, 136, 121, 5462178, 5055560, 0.4, 50, 100, 17, 219, 5000, 5
0, 6750, 101, 128, 116, 5141738, 4882454, 0.4, 50, 100, 17, 218, 5000, 5
0, 6750, 95, 120, 104, 5250060, 4905146, 0.4, 50, 100, 17, 232, 5000, 5
0, 6750, 95, 105, 110, 5167752, 4949057, 0.4, 50, 100, 17, 236, 5000, 5
0, 6750, 98, 111, 120, 4879366, 4620081, 0.4, 50, 100, 17, 207, 5000, 5
0, 6750, 80, 102, 93, 5415883, 4961744, 0.4, 50, 100, 17, 226, 5000, 5
0, 6750, 102, 120, 118, 5199480, 4822441, 0.4, 50, 100, 17, 221, 5000, 5
0, 6750, 93, 110, 115, 5167208, 4867823, 0.4, 50, 100, 17, 215, 5000, 5
0, 6750, 99, 124, 120, 5037056, 4754827, 0.4, 50, 100, 17, 218, 5000, 5
0, 6750, 104, 123, 117, 5205986, 5004210, 0.4, 50, 100, 17, 211, 5000, 5
0, 6750, 97, 115, 114, 4838494, 4615525, 0.4, 50, 100, 17, 221, 5000, 5
0, 6750, 117, 134, 129, 4914715, 4746365, 0.4, 50, 100, 17, 219, 5000, 5
0, 6750, 101, 125, 123, 5040211, 4758484, 0.4, 50, 100, 17, 241, 5000, 5
0, 6750, 110, 133, 130, 4914341, 4551430, 0.4, 50, 100, 17, 221, 5000, 5
0, 6750, 111, 130, 127, 5059957, 4735601, 0.4, 50, 100, 17, 250, 5000, 5
0, 6750, 105, 126, 118, 5121691, 4715071, 0.4, 50, 100, 17, 234, 5000, 5
0, 6750, 93, 113, 108, 5224154, 4957848, 0.4, 50, 100, 17, 216, 5000, 5
0, 6750, 98, 120, 110, 5038966, 4788616, 0.4, 50, 100, 17, 219, 5000, 5
0, 6750, 93, 107, 115, 4911668, 5013161, 0.4, 50, 100, 17, 225, 5000, 5
0, 6750, 104, 128, 117, 4915117, 4667842, 0.4, 50, 100, 17, 219, 5000, 5
0, 6750, 102, 121, 122, 5072133, 4796572, 0.4, 50, 100, 17, 213, 5000, 5
0, 6750, 102, 125, 117, 5282979, 5051495, 0.4, 50, 100, 17, 211, 5000, 5
0, 6750, 90, 108, 110, 5373569, 5147234, 0.4, 50, 100, 17, 215, 5000, 5
0, 6750, 84, 106, 101, 4827684, 4600894, 0.4, 50, 100, 17, 213, 5000, 5
0, 6750, 97, 121, 113, 5426523, 5121993, 0.4, 50, 100, 17, 216, 5000, 5
0, 6750, 101, 114, 118, 4984550, 4734136, 0.4, 50, 100, 17, 225, 5000, 5
0, 6750, 106, 133, 123, 5017486, 4799264, 0.4, 50, 100, 17, 231, 5000, 5
0, 6750, 91, 108, 104, 5093539, 4752994, 0.4, 50, 100, 17, 218, 5000, 5
0, 6750, 101, 129, 120, 5074415, 4883680, 0.4, 50, 100, 17, 209, 5000, 5
0, 6750, 88, 112, 98, 5229647, 4978899, 0.4, 50, 100, 17, 212, 5000, 5
0, 6750, 103, 125, 116, 5190994, 4835033, 0.4, 50, 100, 17, 241, 5000, 5
0, 6750, 107, 139, 136, 4829910, 4690263, 0.4, 50, 100, 17, 220, 5000, 5
0, 6750, 89, 114, 103, 5139365, 4733820, 0.4, 50, 100, 17, 209, 5000, 5
0, 6750, 98, 120, 123, 5050087, 4776573, 0.4, 50, 100, 17, 216, 5000, 5
0, 6750, 87, 112, 104, 5124600, 4842285, 0.4, 50, 100, 17, 225, 5000, 5
0, 6750, 103, 120, 117, 5088776, 4902095, 0.4, 50, 100, 17, 224, 5000, 5
0, 6750, 121, 139, 130, 5031191, 4829089, 0.4, 50, 100, 17, 237, 5000, 5
0, 6750, 91, 110, 108, 5349077, 4957078, 0.4, 50, 100, 17, 220, 5000, 5
0, 6750, 85, 101, 98, 5335672, 5135922, 0.4, 50, 100, 17, 243, 5000, 5
0, 6750, 87, 109, 97, 5119570, 4800335, 0.4, 50, 100, 17, 231, 5000, 5
0, 6750, 103, 117, 117, 5179391, 4872351, 0.4, 50, 100, 17, 224, 5000, 5
0, 6750, 105, 127, 116, 5128218, 4914751, 0.4, 50, 100, 17, 213, 5000, 5
0, 6750, 107, 118, 116, 4994878, 4789116, 0.4, 50, 100, 17, 224, 5000, 5
0, 6750, 95, 119, 105, 5332250, 5065006, 0.4, 50, 100, 17, 212, 5000, 5
0, 6750, 105, 130, 119, 5456983, 5214135, 0.4, 50, 100, 17, 212, 5000, 5
0, 6750, 96, 111, 118, 5261178, 5179695, 0.4, 50, 100, 17, 212, 5000, 5
0, 6750, 108, 131, 125, 4999354, 4765010, 0.4, 50, 100, 17, 216, 5000, 5
0, 6750, 111, 126, 125, 5317921, 5038238, 0.4, 50, 100, 17, 230, 5000, 5
0, 6750, 101, 120, 125, 5634266, 5421222, 0.4, 50, 100, 19, 258, 5000, 5
0, 6750, 95, 126, 114, 5919373, 5603738, 0.4, 50, 100, 19, 258, 5000, 5
0, 6750, 105, 130, 117, 5941632, 5537961, 0.4, 50, 100, 19, 252, 5000, 5
0, 6750, 97, 119, 108, 5555157, 5285129, 0.4, 50, 100, 19, 269, 5000, 5
0, 6750, 95, 117, 110, 5503366, 5307425, 0.4, 50, 100, 19, 274, 5000, 5
0, 6750, 85, 109, 99, 5567446, 5185769, 0.4, 50, 100, 19, 294, 5000, 5
0, 6750, 98, 122, 108, 5907789, 5446750, 0.4, 50, 100, 19, 261, 5000, 5
0, 6750, 83, 102, 96, 5849925, 5466296, 0.4, 50, 100, 19, 283, 5000, 5
0, 6750, 102, 120, 118, 5822442, 5472491, 0.4, 50, 100, 19, 290, 5000, 5
0, 6750, 102, 117, 121, 5547493, 5235291, 0.4, 50, 100, 19, 267, 5000, 5
0, 6750, 109, 133, 123, 5507589, 5179242, 0.4, 50, 100, 19, 293, 5000, 5
0, 6750, 108, 125, 124, 5601251, 5253335, 0.4, 50, 100, 19, 290, 5000, 5
0, 6750, 102, 123, 119, 6026855, 5709729, 0.4, 50, 100, 19, 253, 5000, 5
0, 6750, 104, 136, 119, 5702722, 5267834, 0.4, 50, 100, 19, 254, 5000, 5
0, 6750, 103, 124, 118, 5720086, 5410647, 0.4, 50, 100, 19, 285, 5000, 5
0, 6750, 89, 109, 100, 5738093, 5533086, 0.4, 50, 100, 19, 321, 5000, 5
0, 6750, 107, 132, 125, 5759210, 5537414, 0.4, 50, 100, 19, 304, 5000, 5
0, 6750, 101, 126, 119, 5745753, 5417230, 0.4, 50, 100, 19, 262, 5000, 5
0, 6750, 109, 132, 129, 5701200, 5196275, 0.4, 50, 100, 19, 283, 5000, 5
0, 6750, 101, 125, 119, 5936426, 5571068, 0.4, 50, 100, 19, 281, 5000, 5
0, 6750, 104, 120, 122, 5628634, 5369800, 0.4, 50, 100, 19, 241, 5000, 5
0, 6750, 94, 111, 108, 5962359, 5726260, 0.4, 50, 100, 19, 277, 5000, 5
0, 6750, 102, 128, 118, 5494825, 5168047, 0.4, 50, 100, 19, 259, 5000, 5
0, 6750, 96, 121, 113, 5910417, 5495319, 0.4, 50, 100, 19, 256, 5000, 5
0, 6750, 105, 129, 123, 5608253, 5257055, 0.4, 50, 100, 19, 260, 5000, 5
0, 6750, 93, 109, 109, 5791641, 5523920, 0.4, 50, 100, 19, 327, 5000, 5
0, 6750, 97, 117, 114, 5702232, 5499642, 0.4, 50, 100, 19, 283, 5000, 5
0, 6750, 97, 119, 105, 5908212, 5553291, 0.4, 50, 100, 19, 261, 5000, 5
0, 6750, 120, 142, 135, 5644796, 5384875, 0.4, 50, 100, 19, 271, 5000, 5
0, 6750, 100, 119, 111, 5758174, 5486039, 0.4, 50, 100, 19, 300, 5000, 5
0, 6750, 111, 135, 125, 5832760, 5598930, 0.4, 50, 100, 19, 296, 5000, 5
0, 6750, 101, 116, 118, 5516902, 5317247, 0.4, 50, 100, 19, 273, 5000, 5
0, 6750, 111, 133, 125, 5479022, 5293126, 0.4, 50, 100, 19, 261, 5000, 5
0, 6750, 84, 102, 103, 5909770, 5682808, 0.4, 50, 100, 19, 267, 5000, 5
0, 6750, 111, 133, 125, 5762647, 5490562, 0.4, 50, 100, 19, 267, 5000, 5
0, 6750, 101, 125, 116, 5619408, 5247881, 0.4, 50, 100, 19, 274, 5000, 5
0, 6750, 99, 116, 117, 5478711, 5363811, 0.4, 50, 100, 19, 283, 5000, 5
0, 6750, 96, 123, 118, 5695454, 5377840, 0.4, 50, 100, 19, 261, 5000, 5
0, 6750, 128, 151, 142, 5474300, 5326680, 0.4, 50, 100, 19, 288, 5000, 5
0, 6750, 103, 120, 118, 5722206, 5539039, 0.4, 50, 100, 19, 284, 5000, 5
0, 6750, 106, 123, 123, 5698318, 5389928, 0.4, 50, 100, 19, 292, 5000, 5
0, 6750, 110, 131, 120, 5775009, 5517592, 0.4, 50, 100, 19, 264, 5000, 5
0, 6750, 109, 129, 126, 5850151, 5433946, 0.4, 50, 100, 19, 293, 5000, 5
0, 6750, 84, 106, 100, 5877298, 5442847, 0.4, 50, 100, 19, 295, 5000, 5
0, 6750, 89, 111, 102, 6077735, 5739355, 0.4, 50, 100, 19, 290, 5000, 5
0, 6750, 95, 118, 110, 5667870, 5355951, 0.4, 50, 100, 19, 256, 5000, 5
0, 6750, 90, 117, 105, 5815310, 5674914, 0.4, 50, 100, 19, 287, 5000, 5
0, 6750, 112, 128, 123, 5728624, 5385738, 0.4, 50, 100, 19, 273, 5000, 5
0, 6750, 102, 129, 123, 5728851, 5291405, 0.4, 50, 100, 19, 258, 5000, 5
0, 6750, 104, 126, 118, 5979483, 5632713, 0.4, 50, 100, 19, 316, 5000, 5
0, 6750, 99, 121, 115, 5340828, 5325024, 0.4, 50, 100, 19, 317, 5000, 5
0, 6750, 93, 115, 102, 5739308, 5442954, 0.4, 50, 100, 19, 279, 5000, 5
0, 6750, 99, 121, 108, 5666424, 5446836, 0.4, 50, 100, 19, 274, 5000, 5
0, 6750, 98, 118, 115, 5518998, 5268633, 0.4, 50, 100, 19, 276, 5000, 5
0, 6750, 96, 115, 113, 6035535, 5586467, 0.4, 50, 100, 19, 351, 5000, 5
0, 6750, 94, 114, 111, 5664958, 5279872, 0.4, 50, 100, 19, 276, 5000, 5
0, 6750, 103, 125, 112, 5934485, 5408972, 0.4, 50, 100, 19, 282, 5000, 5
0, 6750, 105, 135, 120, 5828422, 5391515, 0.4, 50, 100, 19, 277, 5000, 5
0, 6750, 101, 128, 109, 5730890, 5303156, 0.4, 50, 100, 19, 281, 5000, 5
0, 6750, 111, 130, 123, 5594181, 5444530, 0.4, 50, 100, 19, 262, 5000, 5
1, 5796, 113, 121, 115, 5192611, 5429865, 0.4, 50, 100, 19, 230, 5000, 5
0, 6750, 104, 129, 117, 5920138, 5540544, 0.4, 50, 100, 19, 246, 5000, 5
0, 6750, 91, 121, 107, 5471870, 5226008, 0.4, 50, 100, 19, 263, 5000, 5
0, 6750, 102, 125, 115, 6010138, 5666855, 0.4, 50, 100, 19, 314, 5000, 5
0, 6750, 101, 125, 128, 5829681, 5409936, 0.4, 50, 100, 19, 277, 5000, 5
0, 6750, 110, 123, 122, 5679580, 5402813, 0.4, 50, 100, 19, 280, 5000, 5
0, 6750, 95, 121, 114, 5583027, 5231000, 0.4, 50, 100, 19, 262, 5000, 5
0, 6750, 96, 114, 118, 5447487, 5250139, 0.4, 50, 100, 19, 359, 5000, 5
0, 6750, 100, 124, 122, 5661195, 5377309, 0.4, 50, 100, 19, 276, 5000, 5
0, 6750, 100, 121, 111, 5715048, 5574233, 0.4, 50, 100, 19, 261, 5000, 5
0, 6750, 105, 129, 120, 5388675, 5258474, 0.4, 50, 100, 19, 293, 5000, 5
0, 6750, 81, 102, 95, 5701768, 5441001, 0.4, 50, 100, 19, 256, 5000, 5
0, 6750, 100, 115, 108, 5902818, 5586210, 0.4, 50, 100, 19, 293, 5000, 5
0, 6750, 109, 131, 129, 5702020, 5318326, 0.4, 50, 100, 19, 274, 5000, 5
0, 6750, 114, 133, 128, 5870764, 5485316, 0.4, 50, 100, 19, 262, 5000, 5
0, 6750, 117, 135, 134, 5810183, 5504901, 0.4, 50, 100, 19, 279, 5000, 5
0, 6750, 105, 124, 121, 5806817, 5413581, 0.4, 50, 100, 19, 323, 5000, 5
0, 6750, 112, 132, 129, 5768286, 5462737, 0.4, 50, 100, 19, 265, 5000, 5
0, 6750, 102, 124, 122, 5527286, 5249703, 0.4, 50, 100, 19, 253, 5000, 5
0, 6750, 107, 122, 119, 5655622, 5220355, 0.4, 50, 100, 19, 306, 5000, 5
0, 6750, 95, 118, 110, 5947809, 5529076, 0.4, 50, 100, 19, 257, 5000, 5
0, 6750, 106, 119, 116, 5968593, 5666119, 0.4, 50, 100, 19, 261, 5000, 5
0, 6750, 112, 138, 119, 5449316, 5113710, 0.4, 50, 100, 19, 295, 5000, 5
0, 6750, 103, 128, 116, 5511364, 5236225, 0.4, 50, 100, 19, 279, 5000, 5
0, 6750, 93, 127, 107, 5890268, 5567933, 0.4, 50, 100, 19, 302, 5000, 5
0, 6750, 103, 123, 121, 5449919, 5250957, 0.4, 50, 100, 19, 266, 5000, 5
0, 6750, 96, 114, 102, 5812666, 5388393, 0.4, 50, 100, 19, 270, 5000, 5
0, 6750, 88, 107, 100, 5737064, 5439518, 0.4, 50, 100, 19, 300, 5000, 5
0, 6750, 107, 125, 124, 5711054, 5335565, 0.4, 50, 100, 19, 269, 5000, 5
0, 6750, 99, 120, 119, 5550360, 5340551, 0.4, 50, 100, 19, 284, 5000, 5
0, 6750, 93, 115, 108, 5580093, 5112971, 0.4, 50, 100, 19, 297, 5000, 5
0, 6750, 115, 135, 128, 5774193, 5408856, 0.4, 50, 100, 19, 277, 5000, 5
0, 6750, 92, 114, 104, 5909047, 5548857, 0.4, 50, 100, 19, 263, 5000, 5
0, 6750, 106, 134, 115, 6033032, 5660854, 0.4, 50, 100, 19, 254, 5000, 5
0, 6750, 86, 116, 105, 5713691, 5416003, 0.4, 50, 100, 19, 275, 5000, 5
0, 6750, 99, 123, 118, 5676391, 5402916, 0.4, 50, 100, 19, 281, 5000, 5
0, 6750, 91, 118, 106, 5666833, 5363330, 0.4, 50, 100, 19, 265, 5000, 5
0, 6750, 91, 118, 102, 5841581, 5418844, 0.4, 50, 100, 19, 267, 5000, 5
0, 6750, 88, 115, 105, 5390750, 5270511, 0.4, 50, 100, 19, 261, 5000, 5
0, 6750, 86, 104, 98, 5584571, 5210305, 0.4, 50, 100, 19, 286, 5000, 5
0, 6750, 97, 117, 113, 6466775, 5957933, 0.4, 50, 100, 21, 332, 5000, 5
0, 6750, 98, 122, 109, 6004867, 5621784, 0.4, 50, 100, 21, 320, 5000, 5
0, 6750, 91, 113, 109, 6178695, 5711614, 0.4, 50, 100, 21, 320, 5000, 5
0, 6750, 95, 105, 111, 6183098, 5923996, 0.4, 50, 100, 21, 326, 5000, 5
0, 6750, 110, 138, 125, 5971153, 5665975, 0.4, 50, 100, 21, 324, 5000, 5
0, 6750, 104, 131, 120, 6502300, 6052234, 0.4, 50, 100, 21, 335, 5000, 5
0, 6750, 100, 121, 111, 6522948, 6192530, 0.4, 50, 100, 21, 333, 5000, 5
0, 6750, 87, 113, 97, 6459571, 5975730, 0.4, 50, 100, 21, 373, 5000, 5
0, 6750, 96, 119, 116, 6379896, 6021505, 0.4, 50, 100, 21, 316, 5000, 5
0, 6750, 95, 114, 110, 6424388, 6006629, 0.4, 50, 100, 21, 332, 5000, 5
0, 6750, 94, 127, 108, 6162580, 5698046, 0.4, 50, 100, 21, 339, 5000, 5
0, 6750, 95, 117, 110, 6478705, 5987995, 0.4, 50, 100, 21, 333, 5000, 5
0, 6750, 101, 121, 115, 6801739, 6099508, 0.4, 50, 100, 21, 345, 5000, 5
0, 6750, 97, 113, 108, 6436355, 6019486, 0.4, 50, 100, 21, 350, 5000, 5
0, 6750, 93, 119, 105, 6426070, 6142571, 0.4, 50, 100, 21, 307, 5000, 5
0, 6750, 111, 123, 118, 6207027, 6013332, 0.4, 50, 100, 21, 361, 5000, 5
0, 6750, 109, 132, 120, 6578875, 6281989, 0.4, 50, 100, 21, 331, 5000, 5
0, 6750, 92, 123, 109, 6383792, 5970845, 0.4, 50, 100, 21, 312, 5000, 5
0, 6750, 105, 120, 118, 6221309, 5929159, 0.4, 50, 100, 21, 346, 5000, 5
0, 6750, 102, 119, 113, 6271475, 5821545, 0.4, 50, 100, 21, 321, 5000, 5
0, 6750, 101, 124, 111, 6361649, 5909787, 0.4, 50, 100, 21, 371, 5000, 5
0, 6750, 95, 117, 114, 6462186, 6069086, 0.4, 50, 100, 21, 320, 5000, 5
0, 6750, 104, 128, 121, 6347348, 5927858, 0.4, 50, 100, 21, 368, 5000, 5
0, 6750, 91, 106, 105, 6530759, 6016819, 0.4, 50, 100, 21, 334, 5000, 5
0, 6750, 94, 116, 110, 6187933, 5677576, 0.4, 50, 100, 21, 346, 5000, 5
0, 6750, 90, 111, 106, 6262738, 6077210, 0.4, 50, 100, 21, 362, 5000, 5
0, 6750, 107, 130, 114, 6639728, 6034317, 0.4, 50, 100, 21, 364, 5000, 5
0, 6750, 97, 115, 112, 6097528, 5823308, 0.4, 50, 100, 21, 397, 5000, 5
0, 6750, 90, 111, 108, 6509900, 6002584, 0.4, 50, 100, 21, 329, 5000, 5
0, 6750, 104, 127, 116, 6391662, 6150513, 0.4, 50, 100, 21, 357, 5000, 5
0, 6750, 106, 131, 123, 6443690, 5974559, 0.4, 50, 100, 21, 338, 5000, 5
0, 6750, 111, 132, 128, 6234104, 5893797, 0.4, 50, 100, 21, 336, 5000, 5
0, 6750, 106, 128, 114, 6318187, 5889690, 0.4, 50, 100, 21, 324, 5000, 5
0, 6750, 120, 137, 136, 6377436, 6087436, 0.4, 50, 100, 21, 332, 5000, 5
0, 6750, 96, 115, 111, 6530271, 6105066, 0.4, 50, 100, 21, 335, 5000, 5
0, 6750, 114, 138, 139, 6251644, 5940667, 0.4, 50, 100, 21, 354, 5000, 5
0, 6750, 99, 111, 112, 5857000, 5755054, 0.4, 50, 100, 21, 330, 5000, 5
0, 6750, 91, 117, 104, 6123636, 5846011, 0.4, 50, 100, 21, 323, 5000, 5
0, 6750, 105, 117, 114, 6139267, 5800912, 0.4, 50, 100, 21, 340, 5000, 5
0, 6750, 102, 126, 120, 6541522, 6151751, 0.4, 50, 100, 21, 368, 5000, 5
0, 6750, 122, 142, 140, 6519223, 6014672, 0.4, 50, 100, 21, 324, 5000, 5
0, 6750, 109, 134, 125, 6311057, 5965590, 0.4, 50, 100, 21, 355, 5000, 5
0, 6750, 107, 129, 122, 6373112, 5774925, 0.4, 50, 100, 21, 357, 5000, 5
0, 6750, 92, 117, 106, 6412056, 5987657, 0.4, 50, 100, 21, 315, 5000, 5
0, 6750, 94, 113, 112, 6367245, 6016359, 0.4, 50, 100, 21, 316, 5000, 5
0, 6750, 89, 111, 105, 6447417, 6032871, 0.4, 50, 100, 21, 343, 5000, 5
0, 6750, 90, 106, 106, 5862780, 5653803, 0.4, 50, 100, 21, 343, 5000, 5
0, 6750, 109, 122, 120, 6325148, 6107989, 0.4, 50, 100, 21, 330, 5000, 5
0, 6750, 100, 115, 113, 6240632, 5899115, 0.4, 50, 100, 21, 336, 5000, 5
0, 6750, 98, 126, 114, 6696250, 6196615, 0.4, 50, 100, 21, 341, 5000, 5
0, 6750, 105, 116, 120, 6588546, 6401627, 0.4, 50, 100, 21, 404, 5000, 5
0, 6750, 95, 125, 116, 6276671, 5783037, 0.4, 50, 100, 21, 369, 5000, 5
0, 6750, 102, 122, 113, 6161206, 5765269, 0.4, 50, 100, 21, 389, 5000, 5
0, 6750, 120, 140, 143, 6231309, 6030311, 0.4, 50, 100, 21, 332, 5000, 5
0, 6750, 108, 121, 124, 6279085, 5888263, 0.4, 50, 100, 21, 362, 5000, 5
0, 6750, 103, 127, 110, 6128140, 5817294, 0.4, 50, 100, 21, 342, 5000, 5
0, 6750, 100, 127, 116, 6549637, 5910076, 0.4, 50, 100, 21, 342, 5000, 5
0, 6750, 106, 129, 125, 6286245, 5957898, 0.4, 50, 100, 21, 380, 5000, 5
0, 6750, 103, 128, 117, 6206163, 6010650, 0.4, 50, 100, 21, 347, 5000, 5
0, 6750, 100, 118, 115, 6192277, 5875357, 0.4, 50, 100, 21, 364, 5000, 5
0, 6750, 93, 118, 110, 6711709, 6159685, 0.4, 50, 100, 21, 350, 5000, 5
0, 6750, 113, 130, 136, 6185942, 5826325, 0.4, 50, 100, 21, 333, 5000, 5
0, 6750, 95, 127, 106, 5990443, 5702185, 0.4, 50, 100, 21, 309, 5000, 5
0, 6750, 95, 120, 105, 6456097, 5955399, 0.4, 50, 100, 21, 334, 5000, 5
0, 6750, 108, 128, 126, 6395265, 6019893, 0.4, 50, 100, 21, 326, 5000, 5
0, 6750, 107, 134, 127, 6586783, 6307675, 0.4, 50, 100, 21, 319, 5000, 5
0, 6750, 88, 105, 105, 6534288, 6259714, 0.4, 50, 100, 21, 349, 5000, 5
0, 6750, 108, 134, 122, 6074174, 5827866, 0.4, 50, 100, 21, 330, 5000, 5
0, 6750, 96, 125, 117, 6192661, 5760021, 0.4, 50, 100, 21, 352, 5000, 5
0, 6750, 93, 113, 107, 6137222, 5798496, 0.4, 50, 100, 21, 321, 5000, 5
0, 6750, 100, 122, 124, 6091339, 5768409, 0.4, 50, 100, 21, 348, 5000, 5
0, 6750, 88, 117, 104, 6335789, 6005694, 0.4, 50, 100, 21, 318, 5000, 5
0, 6750, 100, 125, 119, 6369538, 5815736, 0.4, 50, 100, 21, 341, 5000, 5
0, 6750, 98, 109, 108, 6532132, 6059131, 0.4, 50, 100, 21, 342, 5000, 5
0, 6750, 99, 119, 113, 6371932, 6158106, 0.4, 50, 100, 21, 327, 5000, 5
0, 6750, 90, 109, 104, 6445016, 6116502, 0.4, 50, 100, 21, 320, 5000, 5
0, 6750, 104, 129, 123, 6413049, 6052578, 0.4, 50, 100, 21, 317, 5000, 5
0, 6750, 102, 119, 115, 6155791, 5825791, 0.4, 50, 100, 21, 372, 5000, 5
0, 6750, 86, 110, 96, 6302312, 5806969, 0.4, 50, 100, 21, 338, 5000, 5
0, 6750, 101, 124, 113, 6549767, 6067852, 0.4, 50, 100, 21, 346, 5000, 5
0, 6750, 94, 114, 106, 6093003, 5697987, 0.4, 50, 100, 21, 359, 5000, 5
0, 6750, 106, 131, 120, 6382637, 5944984, 0.4, 50, 100, 21, 353, 5000, 5
0, 6750, 99, 125, 115, 6427502, 5898360, 0.4, 50, 100, 21, 337, 5000, 5
0, 6750, 109, 125, 129, 5955199, 5850551, 0.4, 50, 100, 21, 344, 5000, 5
0, 6750, 110, 139, 126, 6476727, 6036870, 0.4, 50, 100, 21, 342, 5000, 5
0, 6750, 104, 132, 127, 6260616, 6015418, 0.4, 50, 100, 21, 313, 5000, 5
0, 6750, 110, 133, 128, 6468703, 6017470, 0.4, 50, 100, 21, 316, 5000, 5
0, 6750, 93, 114, 108, 6371445, 6075174, 0.4, 50, 100, 21, 315, 5000, 5
0, 6750, 99, 121, 123, 6511310, 6138793, 0.4, 50, 100, 21, 354, 5000, 5
0, 6750, 108, 128, 120, 6385242, 6077829, 0.4, 50, 100, 21, 336, 5000, 5
0, 6750, 90, 115, 106, 6471680, 6094599, 0.4, 50, 100, 21, 346, 5000, 5
0, 6750, 100, 125, 110, 6289919, 5973495, 0.4, 50, 100, 21, 329, 5000, 5
0, 6750, 85, 102, 96, 6293341, 5928875, 0.4, 50, 100, 21, 325, 5000, 5
0, 6750, 97, 120, 110, 6262040, 5957289, 0.4, 50, 100, 21, 295, 5000, 5
0, 6750, 93, 116, 100, 6416520, 6072736, 0.4, 50, 100, 21, 392, 5000, 5
0, 6750, 99, 129, 113, 6571551, 6028226, 0.4, 50, 100, 21, 347, 5000, 5
0, 6750, 108, 126, 123, 6303344, 6064344, 0.4, 50, 100, 21, 344, 5000, 5
0, 6750, 104, 129, 118, 6363981, 6012042, 0.4, 50, 100, 21, 334, 5000, 5
0, 6750, 112, 128, 126, 5944003, 5735566, 0.4, 50, 100, 21, 338, 5000, 5
0, 6750, 96, 125, 109, 6490392, 6094947, 0.4, 50, 100, 21, 318, 5000, 5
0, 6750, 101, 122, 118, 9175852, 8615491, 0.4, 50, 100, 30, 684, 5000, 5
0, 6750, 100, 120, 115, 9630085, 9212780, 0.4, 50, 100, 30, 679, 5000, 5
0, 6750, 92, 120, 101, 9808541, 8988518, 0.4, 50, 100, 30, 712, 5000, 5
0, 6750, 95, 116, 101, 8967956, 8467877, 0.4, 50, 100, 30, 691, 5000, 5
0, 6750, 93, 119, 108, 9140217, 8580599, 0.4, 50, 100, 30, 686, 5000, 5
0, 6750, 94, 118, 106, 9029804, 8457382, 0.4, 50, 100, 30, 742, 5000, 5
0, 6750, 109, 125, 124, 8513052, 8284367, 0.4, 50, 100, 30, 734, 5000, 5
0, 6750, 99, 125, 108, 9569096, 8886102, 0.4, 50, 100, 30, 663, 5000, 5
0, 6750, 99, 120, 108, 9471806, 8893347, 0.4, 50, 100, 30, 718, 5000, 5
0, 6750, 103, 126, 114, 9135181, 8491013, 0.4, 50, 100, 30, 732, 5000, 5
0, 6750, 94, 117, 111, 8661202, 8225456, 0.4, 50, 100, 30, 765, 5000, 5
0, 6750, 100, 131, 116, 9091960, 8506303, 0.4, 50, 100, 30, 719, 5000, 5
0, 6750, 117, 139, 136, 8995098, 8550276, 0.4, 50, 100, 30, 717, 5000, 5
0, 6750, 113, 127, 132, 9284768, 8721562, 0.4, 50, 100, 30, 864, 5000, 5
0, 6750, 104, 127, 115, 8978238, 8490586, 0.4, 50, 100, 30, 671, 5000, 5
0, 6750, 106, 128, 117, 9003980, 8444747, 0.4, 50, 100, 30, 724, 5000, 5
0, 6750, 97, 123, 118, 8747292, 8449280, 0.4, 50, 100, 30, 723, 5000, 5
0, 6750, 90, 128, 107, 8999254, 8310592, 0.4, 50, 100, 30, 880, 5000, 5
0, 6750, 101, 123, 114, 9293826, 8474659, 0.4, 50, 100, 30, 710, 5000, 5
0, 6750, 109, 122, 127, 9165660, 8697363, 0.4, 50, 100, 30, 726, 5000, 5
0, 6750, 92, 112, 108, 9064687, 8545932, 0.4, 50, 100, 30, 909, 5000, 5
0, 6750, 86, 114, 99, 9378534, 8684752, 0.4, 50, 100, 30, 714, 5000, 5
0, 6750, 101, 113, 114, 9200806, 8651542, 0.4, 50, 100, 30, 906, 5000, 5
0, 6750, 109, 124, 121, 8690971, 8181885, 0.4, 50, 100, 30, 859, 5000, 5
0, 6750, 100, 127, 114, 9143226, 8490520, 0.4, 50, 100, 30, 703, 5000, 5
0, 6750, 100, 126, 115, 8870579, 8388490, 0.4, 50, 100, 30, 796, 5000, 5
0, 6750, 93, 117, 107, 9239084, 8565363, 0.4, 50, 100, 30, 721, 5000, 5
0, 6750, 78, 101, 91, 9440234, 8620521, 0.4, 50, 100, 30, 708, 5000, 5
0, 6750, 94, 120, 119, 9141611, 8642247, 0.4, 50, 100, 30, 739, 5000, 5
0, 6750, 106, 130, 118, 9149704, 8601471, 0.4, 50, 100, 30, 849, 5000, 5
0, 6750, 109, 128, 127, 8760588, 8363791, 0.4, 50, 100, 30, 899, 5000, 5
1, 5294, 101, 106, 104, 7803554, 7850505, 0.4, 50, 100, 30, 529, 5000, 5
0, 6750, 97, 116, 105, 9081775, 8660775, 0.4, 50, 100, 30, 670, 5000, 5
0, 6750, 97, 120, 105, 9526895, 8949244, 0.4, 50, 100, 30, 678, 5000, 5
0, 6750, 96, 135, 120, 8937878, 8390847, 0.4, 50, 100, 30, 723, 5000, 5
0, 6750, 94, 120, 108, 8908657, 8420890, 0.4, 50, 100, 30, 707, 5000, 5
0, 6750, 103, 120, 125, 8777975, 8289976, 0.4, 50, 100, 30, 692, 5000, 5
0, 6750, 98, 121, 112, 9192001, 8739343, 0.4, 50, 100, 30, 683, 5000, 5
0, 6750, 91, 109, 104, 8949105, 8659142, 0.4, 50, 100, 30, 831, 5000, 5
0, 6750, 101, 120, 121, 9001528, 8602028, 0.4, 50, 100, 30, 671, 5000, 5
0, 6750, 92, 123, 112, 9238370, 8723643, 0.4, 50, 100, 30, 729, 5000, 5
0, 6750, 105, 124, 122, 8994563, 8586711, 0.4, 50, 100, 30, 686, 5000, 5
0, 6750, 96, 129, 115, 9013069, 8483187, 0.4, 50, 100, 30, 670, 5000, 5
0, 6750, 96, 116, 114, 9732183, 8854591, 0.4, 50, 100, 30, 689, 5000, 5
0, 6750, 121, 143, 134, 9314098, 8750385, 0.4, 50, 100, 30, 774, 5000, 5
0, 6750, 110, 126, 121, 9540862, 9054822, 0.4, 50, 100, 30, 879, 5000, 5
0, 6750, 99, 119, 105, 8920079, 8324422, 0.4, 50, 100, 30, 728, 5000, 5
0, 6750, 105, 129, 117, 9132461, 8435551, 0.4, 50, 100, 30, 806, 5000, 5
0, 6750, 83, 104, 93, 9138988, 8634175, 0.4, 50, 100, 30, 760, 5000, 5
0, 6750, 97, 119, 113, 9260900, 8572002, 0.4, 50, 100, 30, 737, 5000, 5
0, 6750, 111, 129, 125, 9401694, 8805438, 0.4, 50, 100, 30, 704, 5000, 5
0, 6750, 92, 120, 117, 9080092, 8534130, 0.4, 50, 100, 30, 723, 5000, 5
0, 6750, 114, 133, 120, 8977030, 8544371, 0.4, 50, 100, 30, 725, 5000, 5
0, 6750, 103, 121, 111, 9257130, 8694905, 0.4, 50, 100, 30, 757, 5000, 5
0, 6750, 103, 122, 122, 9046447, 8560395, 0.4, 50, 100, 30, 798, 5000, 5
0, 6750, 104, 127, 124, 9338123, 8809614, 0.4, 50, 100, 30, 786, 5000, 5
0, 6750, 106, 133, 118, 9026958, 8469671, 0.4, 50, 100, 30, 840, 5000, 5
0, 6750, 101, 126, 118, 8856120, 8516532, 0.4, 50, 100, 30, 847, 5000, 5
0, 6750, 109, 136, 117, 8952855, 8251171, 0.4, 50, 100, 30, 895, 5000, 5
0, 6750, 83, 106, 100, 9163613, 8693611, 0.4, 50, 100, 30, 891, 5000, 5
0, 6750, 104, 128, 121, 9059031, 8712950, 0.4, 50, 100, 30, 945, 5000, 5
0, 6750, 92, 115, 110, 9078312, 8639818, 0.4, 50, 100, 30, 793, 5000, 5
0, 6750, 111, 138, 126, 9211757, 8744267, 0.4, 50, 100, 30, 691, 5000, 5
0, 6750, 92, 112, 107, 9700005, 8767811, 0.4, 50, 100, 30, 689, 5000, 5
0, 6750, 91, 108, 107, 9059067, 8596708, 0.4, 50, 100, 30, 719, 5000, 5
0, 6750, 97, 124, 109, 9044676, 8542534, 0.4, 50, 100, 30, 694, 5000, 5
0, 6750, 97, 114, 109, 9016535, 8297860, 0.4, 50, 100, 30, 1022, 5000, 5
0, 6750, 101, 117, 121, 9537832, 8898683, 0.4, 50, 100, 30, 704, 5000, 5
0, 6750, 100, 119, 116, 8791535, 8455441, 0.4, 50, 100, 30, 698, 5000, 5
0, 6750, 103, 126, 118, 8991597, 8455394, 0.4, 50, 100, 30, 730, 5000, 5
0, 6750, 106, 121, 120, 9283107, 8680633, 0.4, 50, 100, 30, 741, 5000, 5
0, 6750, 82, 99, 105, 8771299, 8305804, 0.4, 50, 100, 30, 682, 5000, 5
0, 6750, 100, 124, 116, 9133255, 8491865, 0.4, 50, 100, 30, 733, 5000, 5
0, 6750, 94, 118, 111, 9219016, 8689900, 0.4, 50, 100, 30, 722, 5000, 5
0, 6750, 116, 134, 132, 9263911, 8769561, 0.4, 50, 100, 30, 685, 5000, 5
0, 6750, 118, 141, 133, 8910718, 8274644, 0.4, 50, 100, 30, 688, 5000, 5
0, 6750, 99, 126, 105, 9183082, 8481925, 0.4, 50, 100, 30, 668, 5000, 5
0, 6750, 76, 92, 91, 8878732, 8369849, 0.4, 50, 100, 30, 682, 5000, 5
0, 6750, 73, 91, 83, 9110444, 8554286, 0.4, 50, 100, 30, 674, 5000, 5
0, 6750, 113, 139, 126, 8917691, 8480816, 0.4, 50, 100, 30, 802, 5000, 5
0, 6750, 95, 118, 106, 9172017, 8407866, 0.4, 50, 100, 30, 740, 5000, 5
0, 6750, 96, 116, 109, 9082986, 8496591, 0.4, 50, 100, 30, 769, 5000, 5
0, 6750, 108, 133, 124, 8951127, 8472394, 0.4, 50, 100, 30, 726, 5000, 5
0, 6750, 95, 114, 111, 9050711, 8430918, 0.4, 50, 100, 30, 676, 5000, 5
0, 6750, 120, 140, 132, 8463928, 8156695, 0.4, 50, 100, 30, 710, 5000, 5
0, 6750, 100, 122, 111, 9131333, 8494253, 0.4, 50, 100, 30, 672, 5000, 5
0, 6750, 100, 129, 115, 9217069, 8651715, 0.4, 50, 100, 30, 697, 5000, 5
0, 6750, 103, 122, 119, 9231653, 8614928, 0.4, 50, 100, 30, 763, 5000, 5
0, 6750, 99, 115, 123, 9166496, 8734106, 0.4, 50, 100, 30, 710, 5000, 5
0, 6750, 122, 144, 131, 9024937, 8507264, 0.4, 50, 100, 30, 700, 5000, 5
0, 6750, 85, 119, 102, 8974382, 8559247, 0.4, 50, 100, 30, 765, 5000, 5
0, 6750, 100, 119, 114, 9799625, 9348423, 0.4, 50, 100, 30, 694, 5000, 5
0, 6750, 93, 111, 104, 9090352, 8645966, 0.4, 50, 100, 30, 603, 5000, 5
0, 6750, 111, 128, 126, 8926474, 8382478, 0.4, 50, 100, 30, 592, 5000, 5
0, 6750, 106, 121, 118, 8855038, 8468681, 0.4, 50, 100, 30, 614, 5000, 5
0, 6750, 109, 134, 119, 9328707, 8809884, 0.4, 50, 100, 30, 548, 5000, 5
0, 6750, 101, 132, 121, 9118361, 8630934, 0.4, 50, 100, 30, 625, 5000, 5
0, 6750, 85, 108, 102, 8865283, 8410125, 0.4, 50, 100, 30, 622, 5000, 5
0, 6750, 98, 109, 110, 8943664, 8295324, 0.4, 50, 100, 30, 630, 5000, 5
0, 6750, 117, 138, 129, 9331200, 8758554, 0.4, 50, 100, 30, 598, 5000, 5
1, 5419, 104, 109, 109, 212286, 212436, 0.4, 50, 100, 1, 3, 5000, 5
1, 5740, 105, 110, 111, 278581, 281352, 0.4, 50, 100, 1, 3, 5000, 5
1, 5547, 121, 127, 128, 305142, 307835, 0.4, 50, 100, 1, 3, 5000, 5
1, 5708, 95, 100, 101, 272417, 275454, 0.4, 50, 100, 1, 3, 5000, 5
1, 5422, 91, 96, 96, 256978, 257225, 0.4, 50, 100, 1, 3, 5000, 5
0, 6750, 116, 136, 132, 326522, 315104, 0.4, 50, 100, 1, 5, 5000, 5
0, 6750, 104, 134, 121, 287909, 257413, 0.4, 50, 100, 1, 5, 5000, 5
1, 5665, 92, 97, 97, 219672, 219721, 0.4, 50, 100, 1, 3, 5000, 5
0, 6750, 103, 121, 120, 301011, 297335, 0.4, 50, 100, 1, 5, 5000, 5
1, 5396, 93, 98, 99, 266740, 269239, 0.4, 50, 100, 1, 3, 5000, 5
0, 6750, 110, 133, 125, 288198, 267400, 0.4, 50, 100, 1, 5, 5000, 5
0, 6750, 107, 127, 116, 276959, 251737, 0.4, 50, 100, 1, 6, 5000, 5
0, 6750, 102, 119, 111, 282543, 263078, 0.4, 50, 100, 1, 5, 5000, 5
1, 5764, 109, 114, 115, 301275, 304491, 0.4, 50, 100, 1, 4, 5000, 5
0, 6750, 89, 105, 96, 319255, 295693, 0.4, 50, 100, 1, 6, 5000, 5
0, 6750, 104, 123, 115, 340090, 317612, 0.4, 50, 100, 1, 5, 5000, 5
1, 5696, 100, 105, 106, 264022, 266909, 0.4, 50, 100, 1, 4, 5000, 5
0, 6750, 116, 143, 129, 353816, 311346, 0.4, 50, 100, 1, 6, 5000, 5
0, 6750, 100, 119, 115, 299103, 287214, 0.4, 50, 100, 1, 6, 5000, 5
0, 6750, 98, 126, 106, 351340, 296466, 0.4, 50, 100, 1, 5, 5000, 5
0, 6750, 101, 125, 114, 293540, 264951, 0.4, 50, 100, 1, 5, 5000, 5
0, 6750, 120, 135, 132, 302697, 294408, 0.4, 50, 100, 1, 6, 5000, 5
0, 6750, 106, 130, 122, 322883, 301520, 0.4, 50, 100, 1, 6, 5000, 5
0, 6750, 80, 112, 91, 332528, 280148, 0.4, 50, 100, 1, 6, 5000, 5
1, 5987, 99, 104, 105, 247120, 249197, 0.4, 50, 100, 1, 4, 5000, 5
0, 6750, 108, 126, 119, 271335, 255404, 0.4, 50, 100, 1, 6, 5000, 5
0, 6750, 99, 125, 112, 231961, 206070, 0.4, 50, 100, 1, 6, 5000, 5
0, 6750, 101, 128, 122, 283199, 268316, 0.4, 50, 100, 1, 6, 5000, 5
0, 6750, 96, 119, 112, 289881, 271590, 0.4, 50, 100, 1, 6, 5000, 5
0, 6750, 109, 129, 118, 342648, 311043, 0.4, 50, 100, 1, 8, 5000, 5
0, 6750, 97, 126, 107, 259844, 219258, 0.4, 50, 100, 1, 5, 5000, 5
1, 5745, 106, 111, 112, 272200, 275177, 0.4, 50, 100, 1, 4, 5000, 5
1, 5555, 100, 106, 107, 242208, 243965, 0.4, 50, 100, 1, 3, 5000, 5
0, 6750, 94, 115, 108, 274730, 258369, 0.4, 50, 100, 1, 5, 5000, 5
1, 5733, 99, 107, 108, 254051, 255818, 0.4, 50, 100, 1, 3, 5000, 5
1, 5787, 90, 99, 100, 245789, 247523, 0.4, 50, 100, 1, 4, 5000, 5
1, 5465, 95, 100, 102, 237635, 242231, 0.4, 50, 100, 1, 3, 5000, 5
1, 5567, 109, 114, 115, 242514, 245127, 0.4, 50, 100, 1, 3, 5000, 5
0, 6750, 119, 140, 129, 315947, 283774, 0.4, 50, 100, 1, 6, 5000, 5
1, 5610, 102, 107, 108, 277202, 279404, 0.4, 50, 100, 1, 3, 5000, 5
0, 6750, 116, 128, 126, 345402, 336226, 0.4, 50, 100, 1, 5, 5000, 5
0, 6750, 117, 137, 125, 289708, 260136, 0.4, 50, 100, 1, 6, 5000, 5
1, 5693, 102, 107, 107, 274971, 275353, 0.4, 50, 100, 1, 3, 5000, 5
0, 6750, 92, 119, 114, 291013, 277853, 0.4, 50, 100, 1, 6, 5000, 5
0, 6750, 74, 92, 86, 350189, 335138, 0.4, 50, 100, 1, 4, 5000, 5
1, 5697, 99, 107, 108, 288980, 291193, 0.4, 50, 100, 1, 4, 5000, 5
1, 6020, 103, 115, 116, 302154, 304244, 0.4, 50, 100, 1, 4, 5000, 5
0, 6750, 106, 127, 121, 307443, 291469, 0.4, 50, 100, 1, 4, 5000, 5
1, 5475, 106, 111, 111, 265997, 266135, 0.4, 50, 100, 1, 3, 5000, 5
0, 6750, 111, 132, 124, 334228, 308445, 0.4, 50, 100, 1, 5, 5000, 5
1, 6090, 106, 111, 119, 264864, 285941, 0.4, 50, 100, 1, 4, 5000, 5
1, 5427, 103, 108, 108, 305907, 306003, 0.4, 50, 100, 1, 3, 5000, 5
0, 6750, 107, 124, 121, 259900, 252089, 0.4, 50, 100, 1, 7, 5000, 5
0, 6750, 106, 121, 119, 275345, 269585, 0.4, 50, 100, 1, 5, 5000, 5
0, 6750, 113, 150, 131, 337943, 280309, 0.4, 50, 100, 1, 6, 5000, 5
0, 6750, 81, 108, 97, 367517, 332576, 0.4, 50, 100, 1, 5, 5000, 5
0, 6750, 85, 115, 101, 305692, 268441, 0.4, 50, 100, 1, 5, 5000, 5
1, 5436, 105, 110, 110, 264788, 264950, 0.4, 50, 100, 1, 3, 5000, 5
0, 6750, 95, 112, 107, 296889, 283969, 0.4, 50, 100, 1, 6, 5000, 5
1, 6047, 106, 113, 114, 281304, 283579, 0.4, 50, 100, 1, 4, 5000, 5
0, 6750, 106, 128, 117, 302691, 273844, 0.4, 50, 100, 1, 6, 5000, 5
0, 6750, 90, 115, 107, 281804, 262114, 0.4, 50, 100, 1, 6, 5000, 5
1, 5547, 96, 102, 103, 273359, 275815, 0.4, 50, 100, 1, 3, 5000, 5
0, 6750, 104, 123, 118, 323114, 307273, 0.4, 50, 100, 1, 5, 5000, 5
0, 6750, 94, 118, 108, 291937, 267987, 0.4, 50, 100, 1, 5, 5000, 5
1, 5302, 110, 116, 116, 231436, 233423, 0.4, 50, 100, 1, 3, 5000, 5
0, 6750, 120, 141, 132, 353551, 321196, 0.4, 50, 100, 1, 5, 5000, 5
0, 6750, 104, 132, 114, 318449, 270033, 0.4, 50, 100, 1, 5, 5000, 5
1, 5388, 90, 95, 96, 234479, 236622, 0.4, 50, 100, 1, 3, 5000, 5
0, 6750, 110, 125, 124, 255585, 251712, 0.4, 50, 100, 1, 6, 5000, 5
0, 6750, 93, 115, 102, 290083, 260403, 0.4, 50, 100, 1, 5, 5000, 5
0, 6750, 105, 130, 120, 277824, 256225, 0.4, 50, 100, 1, 6, 5000, 5
1, 5620, 100, 105, 106, 250070, 252623, 0.4, 50, 100, 1, 3, 5000, 5
0, 6750, 98, 130, 106, 334685, 270912, 0.4, 50, 100, 1, 5, 5000, 5
0, 6750, 107, 131, 126, 321661, 307334, 0.4, 50, 100, 1, 5, 5000, 5
1, 5415, 106, 111, 111, 258538, 258821, 0.4, 50, 100, 1, 3, 5000, 5
1, 5676, 97, 102, 105, 285073, 292980, 0.4, 50, 100, 1, 4, 5000, 5
0, 6750, 109, 136, 124, 327015, 294377, 0.4, 50, 100, 1, 6, 5000, 5
0, 6750, 106, 139, 121, 286528, 246332, 0.4, 50, 100, 1, 5, 5000, 5
0, 6750, 109, 126, 119, 292389, 275237, 0.4, 50, 100, 1, 5, 5000, 5
1, 5644, 112, 117, 117, 250221, 250476, 0.4, 50, 100, 1, 4, 5000, 5
1, 5507, 105, 110, 110, 279417, 279570, 0.4, 50, 100, 1, 3, 5000, 5
1, 5714, 97, 102, 102, 292813, 293277, 0.4, 50, 100, 1, 3, 5000, 5
1, 5697, 100, 107, 107, 273361, 273423, 0.4, 50, 100, 1, 4, 5000, 5
0, 6750, 100, 118, 113, 288887, 276759, 0.4, 50, 100, 1, 6, 5000, 5
0, 6750, 105, 130, 117, 292643, 261112, 0.4, 50, 100, 1, 6, 5000, 5
1, 5849, 106, 111, 111, 303413, 303600, 0.4, 50, 100, 1, 4, 5000, 5
0, 6750, 104, 121, 119, 302271, 296759, 0.4, 50, 100, 1, 6, 5000, 5
1, 5279, 89, 94, 94, 249711, 249935, 0.4, 50, 100, 1, 3, 5000, 5
0, 6750, 87, 115, 98, 315101, 272378, 0.4, 50, 100, 1, 6, 5000, 5
0, 6750, 94, 114, 104, 316617, 289664, 0.4, 50, 100, 1, 5, 5000, 5
1, 5609, 93, 98, 98, 325158, 325236, 0.4, 50, 100, 1, 3, 5000, 5
1, 5697, 87, 92, 93, 273848, 276740, 0.4, 50, 100, 1, 3, 5000, 5
0, 6750, 108, 130, 121, 309934, 284731, 0.4, 50, 100, 1, 5, 5000, 5
0, 6750, 99, 123, 114, 331063, 306197, 0.4, 50, 100, 1, 6, 5000, 5
1, 5782, 112, 117, 120, 237848, 244373, 0.4, 50, 100, 1, 4, 5000, 5
0, 6750, 86, 105, 101, 318972, 306487, 0.4, 50, 100, 1, 5, 5000, 5
1, 6077, 92, 100, 101, 241667, 243340, 0.4, 50, 100, 1, 3, 5000, 5
0, 6750, 88, 106, 98, 303603, 284092, 0.4, 50, 100, 1, 5, 5000, 5
0, 6750, 92, 114, 105, 305159, 282522, 0.4, 50, 100, 1, 5, 5000, 5
0, 6750, 100, 133, 117, 587950, 516613, 0.4, 50, 100, 2, 9, 5000, 5
0, 6750, 110, 131, 126, 602343, 558021, 0.4, 50, 100, 2, 8, 5000, 5
0, 6750, 117, 132, 131, 542259, 531932, 0.4, 50, 100, 2, 10, 5000, 5
1, 5769, 105, 111, 114, 503818, 512704, 0.4, 50, 100, 2, 10, 5000, 5
0, 6750, 99, 121, 113, 650078, 610115, 0.4, 50, 100, 2, 11, 5000, 5
0, 6750, 105, 129, 115, 650016, 590014, 0.4, 50, 100, 2, 9, 5000, 5
0, 6750, 96, 122, 102, 678393, 603211, 0.4, 50, 100, 2, 11, 5000, 5
0, 6750, 92, 127, 106, 603303, 536946, 0.4, 50, 100, 2, 9, 5000, 5
1, 6463, 94, 116, 108, 553834, 555045, 0.4, 50, 100, 2, 9, 5000, 5
0, 6750, 94, 112, 109, 608163, 560594, 0.4, 50, 100, 2, 10, 5000, 5
1, 6060, 112, 128, 124, 532423, 532670, 0.4, 50, 100, 2, 9, 5000, 5
0, 6750, 96, 123, 113, 641661, 590225, 0.4, 50, 100, 2, 11, 5000, 5
0, 6750, 109, 135, 122, 636204, 579975, 0.4, 50, 100, 2, 10, 5000, 5
0, 6750, 78, 98, 92, 639748, 593555, 0.4, 50, 100, 2, 10, 5000, 5
1, 5341, 97, 102, 105, 445024, 449778, 0.4, 50, 100, 2, 7, 5000, 5
0, 6750, 106, 126, 125, 613006, 588645, 0.4, 50, 100, 2, 10, 5000, 5
1, 5553, 115, 120, 119, 499135, 502093, 0.4, 50, 100, 2, 8, 5000, 5
1, 5703, 98, 111, 109, 548528, 554443, 0.4, 50, 100, 2, 8, 5000, 5
0, 6750, 88, 111, 103, 622118, 587270, 0.4, 50, 100, 2, 10, 5000, 5
0, 6750, 87, 115, 106, 571769, 506799, 0.4, 50, 100, 2, 10, 5000, 5
0, 6750, 106, 124, 123, 630888, 608937, 0.4, 50, 100, 2, 11, 5000, 5
0, 6750, 77, 104, 84, 602575, 519730, 0.4, 50, 100, 2, 10, 5000, 5
1, 5586, 83, 88, 92, 522158, 531152, 0.4, 50, 100, 2, 7, 5000, 5
0, 6750, 119, 141, 133, 595114, 569363, 0.4, 50, 100, 2, 11, 5000, 5
0, 6750, 97, 123, 110, 691465, 623265, 0.4, 50, 100, 2, 10, 5000, 5
0, 6750, 92, 114, 105, 600674, 568773, 0.4, 50, 100, 2, 10, 5000, 5
1, 5699, 98, 103, 105, 519118, 524207, 0.4, 50, 100, 2, 8, 5000, 5
0, 6750, 93, 120, 116, 606991, 556125, 0.4, 50, 100, 2, 11, 5000, 5
0, 6750, 103, 128, 114, 631168, 586915, 0.4, 50, 100, 2, 10, 5000, 5
1, 5508, 92, 98, 98, 523929, 526767, 0.4, 50, 100, 2, 7, 5000, 5
0, 6750, 102, 127, 120, 609693, 562085, 0.4, 50, 100, 2, 11, 5000, 5
0, 6750, 100, 115, 112, 607590, 591388, 0.4, 50, 100, 2, 11, 5000, 5
0, 6750, 96, 118, 112, 620727, 601886, 0.4, 50, 100, 2, 11, 5000, 5
1, 5613, 107, 113, 117, 482511, 486872, 0.4, 50, 100, 2, 7, 5000, 5
0, 6750, 103, 123, 118, 535137, 508675, 0.4, 50, 100, 2, 11, 5000, 5
0, 6750, 98, 127, 111, 612742, 564298, 0.4, 50, 100, 2, 10, 5000, 5
0, 6750, 104, 122, 114, 650194, 611861, 0.4, 50, 100, 2, 11, 5000, 5
0, 6750, 113, 137, 127, 638042, 582141, 0.4, 50, 100, 2, 9, 5000, 5
1, 5720, 93, 98, 103, 491477, 500031, 0.4, 50, 100, 2, 8, 5000, 5
0, 6750, 95, 116, 105, 557951, 515829, 0.4, 50, 100, 2, 10, 5000, 5
0, 6750, 103, 127, 116, 598440, 535669, 0.4, 50, 100, 2, 10, 5000, 5
0, 6750, 108, 121, 117, 653047, 621368, 0.4, 50, 100, 2, 11, 5000, 5
1, 5532, 92, 97, 102, 518267, 520387, 0.4, 50, 100, 2, 7, 5000, 5
0, 6750, 101, 118, 110, 614289, 571501, 0.4, 50, 100, 2, 10, 5000, 5
1, 6000, 82, 91, 93, 506442, 509033, 0.4, 50, 100, 2, 8, 5000, 5
1, 5388, 111, 116, 118, 465470, 466419, 0.4, 50, 100, 2, 7, 5000, 5
0, 6750, 108, 129, 119, 601614, 529399, 0.4, 50, 100, 2, 12, 5000, 5
0, 6750, 95, 121, 110, 607483, 559333, 0.4, 50, 100, 2, 11, 5000, 5
0, 6750, 92, 111, 109, 651811, 622242, 0.4, 50, 100, 2, 11, 5000, 5
0, 6750, 99, 126, 123, 565386, 505439, 0.4, 50, 100, 2, 12, 5000, 5
0, 6750, 99, 125, 110, 597119, 537910, 0.4, 50, 100, 2, 11, 5000, 5
1, 5363, 103, 108, 110, 464610, 471162, 0.4, 50, 100, 2, 7, 5000, 5
0, 6750, 95, 117, 108, 613559, 563566, 0.4, 50, 100, 2, 10, 5000, 5
1, 5680, 113, 118, 119, 514159, 518793, 0.4, 50, 100, 2, 8, 5000, 5
0, 6750, 110, 132, 118, 645561, 583260, 0.4, 50, 100, 2, 12, 5000, 5
0, 6750, 107, 130, 119, 622042, 574457, 0.4, 50, 100, 2, 11, 5000, 5
0, 6750, 92, 125, 108, 608462, 523012, 0.4, 50, 100, 2, 10, 5000, 5
0, 6750, 89, 113, 104, 595192, 559876, 0.4, 50, 100, 2, 12, 5000, 5
0, 6750, 115, 133, 129, 615152, 577254, 0.4, 50, 100, 2, 11, 5000, 5
0, 6750, 110, 131, 120, 602689, 543524, 0.4, 50, 100, 2, 12, 5000, 5
0, 6750, 111, 122, 119, 640118, 589930, 0.4, 50, 100, 2, 11, 5000, 5
0, 6750, 105, 126, 120, 604605, 578757, 0.4, 50, 100, 2, 11, 5000, 5
0, 6750, 108, 129, 118, 630957, 599318, 0.4, 50, 100, 2, 10, 5000, 5
0, 6750, 108, 122, 121, 600006, 570283, 0.4, 50, 100, 2, 10, 5000, 5
0, 6750, 87, 118, 108, 561979, 516648, 0.4, 50, 100, 2, 11, 5000, 5
0, 6750, 105, 127, 120, 609211, 574026, 0.4, 50, 100, 2, 12, 5000, 5
0, 6750, 100, 127, 114, 595236, 565531, 0.4, 50, 100, 2, 11, 5000, 5
0, 6750, 97, 112, 112, 566519, 537718, 0.4, 50, 100, 2, 11, 5000, 5
0, 6750, 95, 121, 113, 548944, 537197, 0.4, 50, 100, 2, 10, 5000, 5
0, 6750, 94, 113, 111, 599383, 591570, 0.4, 50, 100, 2, 10, 5000, 5
1, 5453, 101, 106, 111, 448062, 456057, 0.4, 50, 100, 2, 7, 5000, 5
0, 6750, 99, 122, 114, 620447, 577746, 0.4, 50, 100, 2, 11, 5000, 5
0, 6750, 72, 91, 93, 578132, 563730, 0.4, 50, 100, 2, 10, 5000, 5
0, 6750, 108, 136, 127, 611324, 576425, 0.4, 50, 100, 2, 9, 5000, 5
1, 5399, 107, 112, 112, 534539, 534549, 0.4, 50, 100, 2, 6, 5000, 5
1, 5524, 87, 94, 92, 511816, 524850, 0.4, 50, 100, 2, 7, 5000, 5
0, 6750, 92, 116, 110, 577001, 538351, 0.4, 50, 100, 2, 10, 5000, 5
0, 6750, 121, 141, 137, 622758, 598343, 0.4, 50, 100, 2, 12, 5000, 5
0, 6750, 81, 102, 95, 589913, 556019, 0.4, 50, 100, 2, 10, 5000, 5
0, 6750, 111, 129, 130, 627161, 586338, 0.4, 50, 100, 2, 10, 5000, 5
0, 6750, 95, 123, 109, 533974, 488178, 0.4, 50, 100, 2, 10, 5000, 5
0, 6750, 101, 125, 114, 557098, 514237, 0.4, 50, 100, 2, 11, 5000, 5
1, 5390, 94, 99, 101, 529630, 540233, 0.4, 50, 100, 2, 6, 5000, 5
0, 6750, 106, 129, 124, 597579, 557531, 0.4, 50, 100, 2, 10, 5000, 5
0, 6750, 101, 129, 108, 634533, 561456, 0.4, 50, 100, 2, 10, 5000, 5
0, 6750, 95, 121, 102, 585124, 527780, 0.4, 50, 100, 2, 10, 5000, 5
0, 6750, 91, 116, 108, 571810, 520430, 0.4, 50, 100, 2, 10, 5000, 5
0, 6750, 85, 103, 96, 666021, 630082, 0.4, 50, 100, 2, 12, 5000, 5
0, 6750, 100, 120, 114, 515835, 499736, 0.4, 50, 100, 2, 11, 5000, 5
0, 6750, 104, 123, 124, 542835, 494023, 0.4, 50, 100, 2, 11, 5000, 5
0, 6750, 95, 104, 109, 568648, 563437, 0.4, 50, 100, 2, 11, 5000, 5
0, 6750, 94, 121, 119, 599256, 560235, 0.4, 50, 100, 2, 11, 5000, 5
0, 6750, 121, 138, 134, 649366, 625077, 0.4, 50, 100, 2, 11, 5000, 5
0, 6750, 92, 122, 102, 615712, 528858, 0.4, 50, 100, 2, 10, 5000, 5
1, 5493, 89, 94, 93, 551737, 558364, 0.4, 50, 100, 2, 8, 5000, 5
0, 6750, 105, 123, 125, 543260, 534944, 0.4, 50, 100, 2, 10, 5000, 5
0, 6750, 85, 101, 94, 626174, 598980, 0.4, 50, 100, 2, 10, 5000, 5
1, 5561, 95, 100, 100, 501050, 505836, 0.4, 50, 100, 2, 8, 5000, 5
0, 6750, 114, 126, 121, 605886, 566093, 0.4, 50, 100, 2, 11, 5000, 5
0, 6750, 120, 140, 133, 632392, 581508, 0.4, 50, 100, 2, 10, 5000, 5
1, 5393, 96, 101, 100, 863203, 872947, 0.4, 50, 100, 3, 9, 5000, 5
0, 6750, 100, 133, 111, 886658, 783246, 0.4, 50, 100, 3, 17, 5000, 5
1, 5717, 114, 119, 122, 786934, 788223, 0.4, 50, 100, 3, 14, 5000, 5
0, 6750, 102, 123, 106, 978695, 831263, 0.4, 50, 100, 3, 15, 5000, 5
0, 6750, 103, 123, 119, 895113, 823586, 0.4, 50, 100, 3, 15, 5000, 5
0, 6750, 114, 132, 122, 884770, 824009, 0.4, 50, 100, 3, 17, 5000, 5
0, 6750, 102, 116, 112, 889603, 833830, 0.4, 50, 100, 3, 17, 5000, 5
1, 5909, 103, 113, 114, 755300, 772579, 0.4, 50, 100, 3, 13, 5000, 5
0, 6750, 105, 129, 122, 959654, 891212, 0.4, 50, 100, 3, 16, 5000, 5
0, 6750, 108, 125, 126, 869336, 822762, 0.4, 50, 100, 3, 17, 5000, 5
0, 6750, 85, 104, 102, 930358, 878127, 0.4, 50, 100, 3, 14, 5000, 5
0, 6750, 118, 136, 132, 911006, 866498, 0.4, 50, 100, 3, 16, 5000, 5
0, 6750, 96, 124, 112, 870266, 795869, 0.4, 50, 100, 3, 17, 5000, 5
0, 6750, 106, 132, 119, 909792, 833389, 0.4, 50, 100, 3, 16, 5000, 5
0, 6750, 108, 134, 122, 1004890, 908063, 0.4, 50, 100, 3, 17, 5000, 5
0, 6750, 107, 126, 122, 942961, 940787, 0.4, 50, 100, 3, 16, 5000, 5
0, 6750, 104, 131, 123, 945658, 877889, 0.4, 50, 100, 3, 17, 5000, 5
0, 6750, 95, 117, 119, 895214, 849951, 0.4, 50, 100, 3, 16, 5000, 5
0, 6750, 101, 121, 110, 888248, 855056, 0.4, 50, 100, 3, 16, 5000, 5
0, 6750, 108, 129, 117, 940533, 879206, 0.4, 50, 100, 3, 18, 5000, 5
0, 6750, 107, 143, 125, 942661, 845065, 0.4, 50, 100, 3, 17, 5000, 5
0, 6750, 101, 126, 115, 943547, 900764, 0.4, 50, 100, 3, 16, 5000, 5
1, 6401, 95, 110, 112, 940484, 948280, 0.4, 50, 100, 3, 15, 5000, 5
0, 6750, 89, 112, 95, 1009574, 914660, 0.4, 50, 100, 3, 16, 5000, 5
1, 5514, 86, 94, 92, 781553, 793713, 0.4, 50, 100, 3, 11, 5000, 5
1, 5894, 93, 98, 99, 828744, 850508, 0.4, 50, 100, 3, 14, 5000, 5
1, 5773, 100, 105, 104, 833371, 844058, 0.4, 50, 100, 3, 13, 5000, 5
0, 6750, 101, 118, 114, 878083, 804454, 0.4, 50, 100, 3, 18, 5000, 5
0, 6750, 108, 135, 122, 894397, 879661, 0.4, 50, 100, 3, 17, 5000, 5
0, 6750, 112, 135, 133, 909605, 850226, 0.4, 50, 100, 3, 17, 5000, 5
0, 6750, 113, 132, 124, 1013263, 937138, 0.4, 50, 100, 3, 16, 5000, 5
1, 6197, 97, 109, 109, 765947, 766514, 0.4, 50, 100, 3, 15, 5000, 5
1, 5759, 99, 106, 108, 908714, 913994, 0.4, 50, 100, 3, 15, 5000, 5
0, 6750, 115, 138, 132, 948285, 901546, 0.4, 50, 100, 3, 17, 5000, 5
0, 6750, 94, 120, 106, 1026489, 940966, 0.4, 50, 100, 3, 17, 5000, 5
0, 6750, 105, 129, 117, 890539, 821598, 0.4, 50, 100, 3, 15, 5000, 5
0, 6750, 91, 113, 105, 930188, 851690, 0.4, 50, 100, 3, 17, 5000, 5
0, 6750, 108, 121, 123, 860986, 800364, 0.4, 50, 100, 3, 19, 5000, 5
0, 6750, 108, 130, 114, 878158, 809446, 0.4, 50, 100, 3, 17, 5000, 5
0, 6750, 106, 136, 119, 933710, 835012, 0.4, 50, 100, 3, 17, 5000, 5
1, 5399, 79, 84, 81, 797960, 798915, 0.4, 50, 100, 3, 12, 5000, 5
0, 6750, 113, 128, 126, 898720, 841812, 0.4, 50, 100, 3, 18, 5000, 5
0, 6750, 102, 121, 114, 957916, 903378, 0.4, 50, 100, 3, 18, 5000, 5
0, 6750, 93, 122, 109, 961429, 887475, 0.4, 50, 100, 3, 16, 5000, 5
0, 6750, 98, 118, 106, 1050437, 932367, 0.4, 50, 100, 3, 17, 5000, 5
0, 6750, 101, 121, 114, 999261, 916102, 0.4, 50, 100, 3, 17, 5000, 5
0, 6750, 83, 105, 94, 983228, 881465, 0.4, 50, 100, 3, 16, 5000, 5
0, 6750, 109, 125, 120, 774076, 736818, 0.4, 50, 100, 3, 18, 5000, 5
0, 6750, 105, 124, 120, 1015035, 957955, 0.4, 50, 100, 3, 17, 5000, 5
0, 6750, 106, 128, 117, 839821, 779561, 0.4, 50, 100, 3, 16, 5000, 5
0, 6750, 104, 126, 122, 926862, 842667, 0.4, 50, 100, 3, 17, 5000, 5
0, 6750, 88, 102, 94, 970908, 950391, 0.4, 50, 100, 3, 16, 5000, 5
0, 6750, 104, 131, 113, 947739, 830326, 0.4, 50, 100, 3, 17, 5000, 5
1, 5384, 97, 102, 102, 733991, 740923, 0.4, 50, 100, 3, 13, 5000, 5
0, 6750, 94, 117, 110, 920532, 892698, 0.4, 50, 100, 3, 16, 5000, 5
0, 6750, 113, 133, 132, 965520, 892635, 0.4, 50, 100, 3, 17, 5000, 5
0, 6750, 105, 120, 118, 870241, 827348, 0.4, 50, 100, 3, 17, 5000, 5
0, 6750, 108, 124, 121, 952042, 908667, 0.4, 50, 100, 3, 17, 5000, 5
0, 6750, 108, 138, 124, 933517, 865117, 0.4, 50, 100, 3, 16, 5000, 5
1, 5512, 101, 107, 106, 838434, 844037, 0.4, 50, 100, 3, 12, 5000, 5
1, 5491, 103, 109, 108, 676505, 679414, 0.4, 50, 100, 3, 12, 5000, 5
0, 6750, 110, 141, 124, 893809, 799184, 0.4, 50, 100, 3, 16, 5000, 5
0, 6750, 87, 110, 99, 996791, 948467, 0.4, 50, 100, 3, 17, 5000, 5
0, 6750, 92, 122, 109, 835704, 788032, 0.4, 50, 100, 3, 16, 5000, 5
1, 5386, 117, 123, 121, 842122, 843930, 0.4, 50, 100, 3, 13, 5000, 5
1, 5289, 82, 87, 91, 784122, 791030, 0.4, 50, 100, 3, 11, 5000, 5
0, 6750, 102, 123, 114, 979438, 902782, 0.4, 50, 100, 3, 16, 5000, 5
1, 5543, 101, 106, 104, 728840, 739542, 0.4, 50, 100, 3, 12, 5000, 5
0, 6750, 108, 135, 128, 908015, 845284, 0.4, 50, 100, 3, 16, 5000, 5
0, 6750, 95, 116, 112, 922779, 849575, 0.4, 50, 100, 3, 15, 5000, 5
0, 6750, 94, 124, 125, 826189, 781633, 0.4, 50, 100, 3, 21, 5000, 5
0, 6750, 102, 120, 117, 1016169, 995787, 0.4, 50, 100, 3, 16, 5000, 5
0, 6750, 97, 113, 116, 960223, 889081, 0.4, 50, 100, 3, 16, 5000, 5
0, 6750, 108, 128, 122, 902303, 856793, 0.4, 50, 100, 3, 17, 5000, 5
0, 6750, 92, 110, 98, 885106, 781529, 0.4, 50, 100, 3, 16, 5000, 5
0, 6750, 101, 118, 117, 973254, 907662, 0.4, 50, 100, 3, 16, 5000, 5
0, 6750, 97, 114, 117, 850216, 829658, 0.4, 50, 100, 3, 16, 5000, 5
0, 6750, 112, 131, 120, 995237, 906401, 0.4, 50, 100, 3, 17, 5000, 5
0, 6750, 103, 127, 125, 884268, 845476, 0.4, 50, 100, 3, 17, 5000, 5
1, 5544, 87, 92, 94, 735378, 739150, 0.4, 50, 100, 3, 12, 5000, 5
0, 6750, 105, 128, 117, 889157, 840921, 0.4, 50, 100, 3, 16, 5000, 5
1, 5303, 114, 122, 121, 763263, 763987, 0.4, 50, 100, 3, 12, 5000, 5
0, 6750, 95, 120, 114, 844228, 804378, 0.4, 50, 100, 3, 17, 5000, 5
0, 6750, 102, 117, 116, 904524, 887673, 0.4, 50, 100, 3, 17, 5000, 5
1, 6019, 98, 105, 107, 838249, 847354, 0.4, 50, 100, 3, 15, 5000, 5
0, 6750, 121, 136, 135, 940440, 893007, 0.4, 50, 100, 3, 19, 5000, 5
0, 6750, 99, 121, 117, 937269, 866961, 0.4, 50, 100, 3, 18, 5000, 5
1, 6067, 101, 111, 110, 814632, 816997, 0.4, 50, 100, 3, 14, 5000, 5
1, 5681, 80, 85, 93, 847681, 860801, 0.4, 50, 100, 3, 13, 5000, 5
0, 6750, 108, 124, 118, 819357, 781871, 0.4, 50, 100, 3, 18, 5000, 5
0, 6750, 105, 138, 127, 859163, 792531, 0.4, 50, 100, 3, 16, 5000, 5
0, 6750, 104, 130, 121, 843961, 786391, 0.4, 50, 100, 3, 16, 5000, 5
0, 6750, 102, 125, 120, 875735, 839606, 0.4, 50, 100, 3, 16, 5000, 5
0, 6750, 94, 120, 107, 1005735, 924820, 0.4, 50, 100, 3, 18, 5000, 5
0, 6750, 87, 112, 102, 921566, 851094, 0.4, 50, 100, 3, 16, 5000, 5
0, 6750, 111, 131, 122, 971188, 934410, 0.4, 50, 100, 3, 16, 5000, 5
0, 6750, 84, 107, 100, 833795, 784946, 0.4, 50, 100, 3, 17, 5000, 5
0, 6750, 107, 139, 125, 988444, 888872, 0.4, 50, 100, 3, 17, 5000, 5
0, 6750, 73, 104, 88, 885851, 828220, 0.4, 50, 100, 3, 16, 5000, 5
0, 6750, 99, 121, 117, 895168, 860341, 0.4, 50, 100, 3, 20, 5000, 5
1, 5428, 99, 106, 104, 946060, 953392, 0.4, 50, 100, 4, 17, 5000, 5
0, 6750, 91, 122, 100, 1207746, 1110478, 0.4, 50, 100, 4, 22, 5000, 5
1, 5308, 102, 107, 108, 1065671, 1077774, 0.4, 50, 100, 4, 17, 5000, 5
0, 6750, 107, 123, 121, 1262782, 1164483, 0.4, 50, 100, 4, 25, 5000, 5
0, 6750, 108, 132, 123, 1165714, 1117491, 0.4, 50, 100, 4, 22, 5000, 5
0, 6750, 103, 116, 118, 1184346, 1130286, 0.4, 50, 100, 4, 23, 5000, 5
0, 6750, 102, 131, 126, 1091728, 1023738, 0.4, 50, 100, 4, 25, 5000, 5
0, 6750, 99, 121, 116, 1255164, 1180421, 0.4, 50, 100, 4, 23, 5000, 5
0, 6750, 105, 127, 120, 1165354, 1113592, 0.4, 50, 100, 4, 24, 5000, 5
1, 5902, 86, 92, 96, 1046272, 1047443, 0.4, 50, 100, 4, 17, 5000, 5
0, 6750, 81, 101, 97, 1128886, 1059921, 0.4, 50, 100, 4, 21, 5000, 5
0, 6750, 96, 120, 112, 1240492, 1133969, 0.4, 50, 100, 4, 24, 5000, 5
1, 5280, 105, 110, 112, 902909, 912668, 0.4, 50, 100, 4, 15, 5000, 5
0, 6750, 96, 120, 112, 1182294, 1134869, 0.4, 50, 100, 4, 22, 5000, 5
0, 6750, 107, 134, 124, 1199059, 1115602, 0.4, 50, 100, 4, 23, 5000, 5
0, 6750, 99, 126, 112, 1221588, 1134014, 0.4, 50, 100, 4, 22, 5000, 5
1, 5401, 104, 109, 106, 1059183, 1072639, 0.4, 50, 100, 4, 16, 5000, 5
0, 6750, 98, 124, 112, 1220982, 1189827, 0.4, 50, 100, 4, 24, 5000, 5
0, 6750, 102, 122, 114, 1116574, 1041263, 0.4, 50, 100, 4, 23, 5000, 5
0, 6750, 96, 115, 113, 1310409, 1213433, 0.4, 50, 100, 4, 24, 5000, 5
0, 6750, 99, 126, 110, 1136215, 1044712, 0.4, 50, 100, 4, 22, 5000, 5
0, 6750, 99, 133, 115, 1190518, 1121094, 0.4, 50, 100, 4, 22, 5000, 5
0, 6750, 112, 133, 128, 1110281, 1017338, 0.4, 50, 100, 4, 23, 5000, 5
1, 5486, 99, 105, 102, 1010156, 1018525, 0.4, 50, 100, 4, 18, 5000, 5
0, 6750, 98, 118, 105, 1170567, 1081675, 0.4, 50, 100, 4, 23, 5000, 5
0, 6750, 89, 112, 108, 1236809, 1174506, 0.4, 50, 100, 4, 26, 5000, 5
0, 6750, 101, 132, 116, 1385849, 1318539, 0.4, 50, 100, 4, 24, 5000, 5
1, 5490, 96, 101, 103, 1052775, 1057288, 0.4, 50, 100, 4, 16, 5000, 5
0, 6750, 118, 138, 127, 1093940, 1030467, 0.4, 50, 100, 4, 23, 5000, 5
0, 6750, 116, 136, 131, 1189476, 1083308, 0.4, 50, 100, 4, 23, 5000, 5
0, 6750, 111, 124, 117, 1148859, 1081094, 0.4, 50, 100, 4, 23, 5000, 5
0, 6750, 103, 126, 111, 1177006, 1080185, 0.4, 50, 100, 4, 24, 5000, 5
0, 6750, 114, 132, 127, 1251863, 1217615, 0.4, 50, 100, 4, 23, 5000, 5
0, 6750, 90, 109, 103, 1210386, 1122847, 0.4, 50, 100, 4, 22, 5000, 5
0, 6750, 93, 110, 105, 1277929, 1181551, 0.4, 50, 100, 4, 21, 5000, 5
0, 6750, 114, 135, 133, 1286603, 1219698, 0.4, 50, 100, 4, 22, 5000, 5
0, 6750, 98, 123, 107, 1324129, 1264013, 0.4, 50, 100, 4, 22, 5000, 5
0, 6750, 111, 132, 120, 1200875, 1100419, 0.4, 50, 100, 4, 24, 5000, 5
0, 6750, 101, 126, 109, 1176261, 1045522, 0.4, 50, 100, 4, 23, 5000, 5
0, 6750, 100, 117, 112, 1203674, 1120067, 0.4, 50, 100, 4, 21, 5000, 5
0, 6750, 103, 128, 120, 1142657, 1089408, 0.4, 50, 100, 4, 24, 5000, 5
0, 6750, 103, 110, 113, 1271574, 1222494, 0.4, 50, 100, 4, 24, 5000, 5
0, 6750, 114, 127, 123, 1248728, 1226368, 0.4, 50, 100, 4, 26, 5000, 5
1, 5630, 105, 110, 113, 1029764, 1041708, 0.4, 50, 100, 4, 18, 5000, 5
0, 6750, 91, 114, 103, 1185559, 1137817, 0.4, 50, 100, 4, 22, 5000, 5
0, 6750, 96, 108, 107, 1218171, 1159914, 0.4, 50, 100, 4, 23, 5000, 5
0, 6750, 112, 133, 122, 1192675, 1099454, 0.4, 50, 100, 4, 25, 5000, 5
0, 6750, 93, 120, 103, 1256469, 1151468, 0.4, 50, 100, 4, 25, 5000, 5
0, 6750, 87, 113, 105, 1097351, 1035546, 0.4, 50, 100, 4, 23, 5000, 5
1, 5648, 72, 78, 77, 1067513, 1085125, 0.4, 50, 100, 4, 18, 5000, 5
0, 6750, 123, 144, 140, 1175099, 1093547, 0.4, 50, 100, 4, 25, 5000, 5
0, 6750, 105, 126, 117, 1200444, 1119846, 0.4, 50, 100, 4, 24, 5000, 5
0, 6750, 109, 128, 118, 1241122, 1148667, 0.4, 50, 100, 4, 22, 5000, 5
1, 5638, 113, 119, 125, 1018417, 1033395, 0.4, 50, 100, 4, 20, 5000, 5
1, 5514, 106, 111, 113, 1107687, 1111958, 0.4, 50, 100, 4, 18, 5000, 5
0, 6750, 102, 126, 121, 1179519, 1121033, 0.4, 50, 100, 4, 24, 5000, 5
0, 6750, 103, 119, 121, 1238816, 1221715, 0.4, 50, 100, 4, 23, 5000, 5
0, 6750, 115, 139, 136, 1094939, 1078812, 0.4, 50, 100, 4, 23, 5000, 5
0, 6750, 95, 117, 112, 1143104, 1094342, 0.4, 50, 100, 4, 23, 5000, 5
0, 6750, 105, 131, 119, 1204821, 1096304, 0.4, 50, 100, 4, 24, 5000, 5
0, 6750, 108, 125, 123, 1229453, 1158021, 0.4, 50, 100, 4, 23, 5000, 5
0, 6750, 92, 115, 106, 1128336, 1051873, 0.4, 50, 100, 4, 24, 5000, 5
0, 6750, 115, 140, 133, 1298611, 1215660, 0.4, 50, 100, 4, 25, 5000, 5
0, 6750, 100, 118, 114, 1105208, 1017088, 0.4, 50, 100, 4, 23, 5000, 5
0, 6750, 100, 118, 112, 1278735, 1192275, 0.4, 50, 100, 4, 25, 5000, 5
0, 6750, 82, 97, 99, 1197793, 1170687, 0.4, 50, 100, 4, 22, 5000, 5
0, 6750, 102, 124, 120, 1191589, 1095025, 0.4, 50, 100, 4, 22, 5000, 5
0, 6750, 107, 122, 119, 1165078, 1096665, 0.4, 50, 100, 4, 26, 5000, 5
0, 6750, 108, 123, 123, 1220524, 1151706, 0.4, 50, 100, 4, 24, 5000, 5
0, 6750, 110, 134, 130, 1254297, 1187705, 0.4, 50, 100, 4, 23, 5000, 5
0, 6750, 106, 123, 121, 1261669, 1136832, 0.4, 50, 100, 4, 26, 5000, 5
1, 5569, 106, 114, 110, 1038535, 1042246, 0.4, 50, 100, 4, 18, 5000, 5
0, 6750, 102, 125, 108, 1285804, 1204876, 0.4, 50, 100, 4, 23, 5000, 5
0, 6750, 90, 103, 112, 1151903, 1115001, 0.4, 50, 100, 4, 23, 5000, 5
0, 6750, 103, 128, 117, 1138773, 1070386, 0.4, 50, 100, 4, 23, 5000, 5
0, 6750, 96, 120, 110, 1257569, 1165133, 0.4, 50, 100, 4, 23, 5000, 5
1, 5462, 111, 116, 118, 976331, 987648, 0.4, 50, 100, 4, 16, 5000, 5
0, 6750, 99, 119, 121, 1253488, 1180873, 0.4, 50, 100, 4, 23, 5000, 5
1, 5962, 119, 126, 127, 1074561, 1084948, 0.4, 50, 100, 4, 20, 5000, 5
0, 6750, 96, 111, 119, 1128054, 1110596, 0.4, 50, 100, 4, 26, 5000, 5
0, 6750, 107, 126, 120, 1157771, 1115254, 0.4, 50, 100, 4, 22, 5000, 5
0, 6750, 88, 111, 99, 1139779, 1091445, 0.4, 50, 100, 4, 29, 5000, 5
0, 6750, 103, 125, 121, 1256304, 1160418, 0.4, 50, 100, 4, 24, 5000, 5
0, 6750, 79, 98, 96, 1130640, 1067223, 0.4, 50, 100, 4, 23, 5000, 5
0, 6750, 92, 110, 108, 1185857, 1146298, 0.4, 50, 100, 4, 22, 5000, 5
0, 6750, 95, 116, 107, 1219618, 1124548, 0.4, 50, 100, 4, 23, 5000, 5
0, 6750, 104, 126, 120, 1184593, 1114951, 0.4, 50, 100, 4, 27, 5000, 5
0, 6750, 98, 120, 110, 1149910, 1030453, 0.4, 50, 100, 4, 23, 5000, 5
0, 6750, 111, 131, 126, 1231435, 1124965, 0.4, 50, 100, 4, 25, 5000, 5
1, 5993, 93, 103, 104, 1154884, 1166650, 0.4, 50, 100, 4, 23, 5000, 5
0, 6750, 107, 133, 115, 1231900, 1093193, 0.4, 50, 100, 4, 24, 5000, 5
0, 6750, 113, 134, 131, 1156263, 1046475, 0.4, 50, 100, 4, 23, 5000, 5
0, 6750, 82, 100, 97, 1235577, 1162108, 0.4, 50, 100, 4, 26, 5000, 5
0, 6750, 98, 114, 111, 1146721, 1073875, 0.4, 50, 100, 4, 24, 5000, 5
0, 6750, 104, 125, 116, 1168642, 1105631, 0.4, 50, 100, 4, 24, 5000, 5
0, 6750, 107, 138, 121, 1232219, 1104779, 0.4, 50, 100, 4, 24, 5000, 5
0, 6750, 100, 124, 114, 1131364, 1035664, 0.4, 50, 100, 4, 24, 5000, 5
0, 6750, 120, 133, 129, 1098101, 1064971, 0.4, 50, 100, 4, 25, 5000, 5
0, 6750, 94, 119, 119, 1220387, 1133106, 0.4, 50, 100, 4, 26, 5000, 5
1, 5246, 105, 110, 108, 1253249, 1255315, 0.4, 50, 100, 5, 22, 5000, 5
0, 6750, 93, 117, 110, 1435600, 1393208, 0.4, 50, 100, 5, 29, 5000, 5
0, 6750, 92, 110, 108, 1507963, 1378440, 0.4, 50, 100, 5, 31, 5000, 5
0, 6750, 101, 127, 116, 1178003, 1138138, 0.4, 50, 100, 4, 26, 5000, 5
0, 6750, 96, 125, 110, 1519977, 1355675, 0.4, 50, 100, 5, 31, 5000, 5
0, 6750, 98, 124, 111, 1482555, 1405749, 0.4, 50, 100, 5, 31, 5000, 5
1, 5357, 118, 123, 124, 1288926, 1290984, 0.4, 50, 100, 5, 22, 5000, 5
0, 6750, 121, 146, 135, 1583426, 1435526, 0.4, 50, 100, 5, 35, 5000, 5
0, 6750, 98, 116, 119, 1689492, 1538245, 0.4, 50, 100, 5, 33, 5000, 5
0, 6750, 110, 134, 130, 1518577, 1433919, 0.4, 50, 100, 5, 33, 5000, 5
0, 6750, 102, 117, 120, 1513454, 1454236, 0.4, 50, 100, 5, 32, 5000, 5
0, 6750, 98, 116, 116, 1517251, 1480830, 0.4, 50, 100, 5, 31, 5000, 5
0, 6750, 109, 129, 121, 1553043, 1453819, 0.4, 50, 100, 5, 33, 5000, 5
1, 5673, 104, 109, 112, 1371651, 1380373, 0.4, 50, 100, 5, 24, 5000, 5
0, 6750, 104, 126, 116, 1534187, 1434947, 0.4, 50, 100, 5, 32, 5000, 5
0, 6750, 108, 134, 123, 1536087, 1452050, 0.4, 50, 100, 5, 35, 5000, 5
1, 5547, 97, 102, 102, 1277540, 1282952, 0.4, 50, 100, 5, 25, 5000, 5
0, 6750, 94, 121, 110, 1526936, 1445790, 0.4, 50, 100, 5, 30, 5000, 5
0, 6750, 83, 111, 95, 1545975, 1409009, 0.4, 50, 100, 5, 33, 5000, 5
1, 5424, 101, 107, 105, 1347106, 1362270, 0.4, 50, 100, 5, 24, 5000, 5
0, 6750, 101, 120, 114, 1426446, 1362977, 0.4, 50, 100, 5, 33, 5000, 5
1, 5893, 99, 108, 107, 1358857, 1384408, 0.4, 50, 100, 5, 26, 5000, 5
0, 6750, 107, 131, 127, 1485374, 1403808, 0.4, 50, 100, 5, 33, 5000, 5
1, 5793, 95, 104, 103, 1397387, 1403720, 0.4, 50, 100, 5, 25, 5000, 5
0, 6750, 105, 130, 123, 1547320, 1430340, 0.4, 50, 100, 5, 32, 5000, 5
0, 6750, 79, 99, 92, 1720020, 1629508, 0.4, 50, 100, 5, 32, 5000, 5
0, 6750, 105, 126, 120, 1464729, 1405490, 0.4, 50, 100, 5, 30, 5000, 5
0, 6750, 98, 114, 113, 1471774, 1359474, 0.4, 50, 100, 5, 34, 5000, 5
0, 6750, 92, 115, 107, 1501419, 1391117, 0.4, 50, 100, 5, 30, 5000, 5
1, 5419, 88, 93, 94, 1281873, 1300730, 0.4, 50, 100, 5, 24, 5000, 5
0, 6750, 92, 118, 108, 1473665, 1362294, 0.4, 50, 100, 5, 30, 5000, 5
0, 6750, 77, 94, 87, 1470023, 1431606, 0.4, 50, 100, 5, 33, 5000, 5
0, 6750, 108, 134, 122, 1579035, 1501944, 0.4, 50, 100, 5, 33, 5000, 5
0, 6750, 103, 120, 114, 1523200, 1404189, 0.4, 50, 100, 5, 32, 5000, 5
0, 6750, 108, 133, 121, 1455428, 1337018, 0.4, 50, 100, 5, 31, 5000, 5
0, 6750, 94, 115, 108, 1545694, 1470313, 0.4, 50, 100, 5, 31, 5000, 5
0, 6750, 115, 131, 123, 1502850, 1418244, 0.4, 50, 100, 5, 34, 5000, 5
0, 6750, 99, 122, 124, 1517343, 1437843, 0.4, 50, 100, 5, 32, 5000, 5
0, 6750, 82, 101, 98, 1489611, 1433046, 0.4, 50, 100, 5, 28, 5000, 5
0, 6750, 113, 126, 127, 1672484, 1497550, 0.4, 50, 100, 5, 32, 5000, 5
0, 6750, 108, 125, 121, 1454219, 1381003, 0.4, 50, 100, 5, 32, 5000, 5
0, 6750, 81, 111, 97, 1462018, 1357507, 0.4, 50, 100, 5, 33, 5000, 5
0, 6750, 100, 125, 115, 1575057, 1482216, 0.4, 50, 100, 5, 32, 5000, 5
1, 5308, 101, 108, 104, 1452949, 1454526, 0.4, 50, 100, 5, 23, 5000, 5
0, 6750, 102, 125, 113, 1606363, 1498071, 0.4, 50, 100, 5, 34, 5000, 5
0, 6750, 105, 127, 116, 1560705, 1496311, 0.4, 50, 100, 5, 32, 5000, 5
0, 6750, 100, 123, 115, 1621899, 1445043, 0.4, 50, 100, 5, 33, 5000, 5
0, 6750, 117, 143, 128, 1501441, 1357010, 0.4, 50, 100, 5, 32, 5000, 5
0, 6750, 89, 109, 102, 1416820, 1315927, 0.4, 50, 100, 5, 33, 5000, 5
0, 6750, 104, 128, 116, 1542839, 1469809, 0.4, 50, 100, 5, 35, 5000, 5
0, 6750, 113, 136, 127, 1376335, 1254255, 0.4, 50, 100, 5, 33, 5000, 5
0, 6750, 104, 127, 120, 1509640, 1390583, 0.4, 50, 100, 5, 33, 5000, 5
0, 6750, 105, 120, 116, 1462422, 1420383, 0.4, 50, 100, 5, 31, 5000, 5
0, 6750, 109, 137, 129, 1399463, 1363626, 0.4, 50, 100, 5, 32, 5000, 5
0, 6750, 90, 110, 107, 1473321, 1438876, 0.4, 50, 100, 5, 32, 5000, 5
1, 6517, 110, 124, 122, 1381665, 1392339, 0.4, 50, 100, 5, 30, 5000, 5
0, 6750, 98, 110, 114, 1375533, 1322417, 0.4, 50, 100, 5, 33, 5000, 5
0, 6750, 98, 123, 120, 1621312, 1474360, 0.4, 50, 100, 5, 29, 5000, 5
0, 6750, 95, 118, 109, 1423374, 1384326, 0.4, 50, 100, 5, 29, 5000, 5
0, 6750, 102, 125, 119, 1505128, 1406504, 0.4, 50, 100, 5, 31, 5000, 5
0, 6750, 102, 128, 123, 1543893, 1455008, 0.4, 50, 100, 5, 35, 5000, 5
0, 6750, 104, 128, 124, 1415376, 1360693, 0.4, 50, 100, 5, 31, 5000, 5
0, 6750, 95, 116, 102, 1543411, 1403839, 0.4, 50, 100, 5, 33, 5000, 5
0, 6750, 110, 134, 120, 1600298, 1501278, 0.4, 50, 100, 5, 33, 5000, 5
0, 6750, 103, 132, 122, 1498666, 1420552, 0.4, 50, 100, 5, 33, 5000, 5
0, 6750, 111, 140, 129, 1539601, 1459420, 0.4, 50, 100, 5, 30, 5000, 5
0, 6750, 99, 114, 119, 1426806, 1342379, 0.4, 50, 100, 5, 33, 5000, 5
0, 6750, 107, 133, 126, 1469575, 1386478, 0.4, 50, 100, 5, 34, 5000, 5
0, 6750, 101, 124, 119, 1431623, 1365119, 0.4, 50, 100, 5, 30, 5000, 5
0, 6750, 80, 111, 101, 1537573, 1452230, 0.4, 50, 100, 5, 35, 5000, 5
0, 6750, 109, 131, 124, 1523188, 1469259, 0.4, 50, 100, 5, 31, 5000, 5
0, 6750, 103, 125, 112, 1567780, 1536833, 0.4, 50, 100, 5, 29, 5000, 5
0, 6750, 105, 133, 123, 1487854, 1344124, 0.4, 50, 100, 5, 32, 5000, 5
0, 6750, 94, 122, 105, 1464032, 1383995, 0.4, 50, 100, 5, 35, 5000, 5
0, 6750, 98, 114, 115, 1545812, 1434998, 0.4, 50, 100, 5, 32, 5000, 5
0, 6750, 106, 129, 131, 1534752, 1458194, 0.4, 50, 100, 5, 35, 5000, 5
0, 6750, 109, 130, 118, 1475957, 1382877, 0.4, 50, 100, 5, 31, 5000, 5
0, 6750, 96, 112, 107, 1494868, 1413395, 0.4, 50, 100, 5, 32, 5000, 5
1, 5455, 98, 105, 103, 1282727, 1297645, 0.4, 50, 100, 5, 22, 5000, 5
0, 6750, 114, 136, 130, 1528038, 1452334, 0.4, 50, 100, 5, 32, 5000, 5
0, 6750, 112, 136, 129, 1527152, 1451888, 0.4, 50, 100, 5, 31, 5000, 5
0, 6750, 114, 131, 127, 1523997, 1436134, 0.4, 50, 100, 5, 35, 5000, 5
0, 6750, 97, 117, 109, 1504846, 1447121, 0.4, 50, 100, 5, 32, 5000, 5
0, 6750, 103, 124, 122, 1566623, 1525284, 0.4, 50, 100, 5, 32, 5000, 5
1, 5414, 96, 101, 100, 1259858, 1273628, 0.4, 50, 100, 5, 23, 5000, 5
1, 6658, 106, 123, 127, 1418524, 1441223, 0.4, 50, 100, 5, 29, 5000, 5
0, 6750, 98, 125, 108, 1520875, 1430873, 0.4, 50, 100, 5, 33, 5000, 5
0, 6750, 106, 132, 122, 1554973, 1439825, 0.4, 50, 100, 5, 34, 5000, 5
0, 6750, 111, 125, 129, 1424588, 1418207, 0.4, 50, 100, 5, 33, 5000, 5
0, 6750, 102, 119, 117, 1423013, 1361180, 0.4, 50, 100, 5, 30, 5000, 5
0, 6750, 97, 112, 111, 1556770, 1470030, 0.4, 50, 100, 5, 33, 5000, 5
0, 6750, 85, 99, 98, 1539138, 1445705, 0.4, 50, 100, 5, 33, 5000, 5
0, 6750, 94, 116, 114, 1452242, 1351436, 0.4, 50, 100, 5, 32, 5000, 5
0, 6750, 82, 105, 97, 1504637, 1389634, 0.4, 50, 100, 5, 33, 5000, 5
0, 6750, 92, 111, 104, 1536979, 1460516, 0.4, 50, 100, 5, 31, 5000, 5
0, 6750, 99, 122, 115, 1470259, 1364928, 0.4, 50, 100, 5, 32, 5000, 5
0, 6750, 84, 115, 103, 1526762, 1461776, 0.4, 50, 100, 5, 32, 5000, 5
0, 6750, 74, 91, 81, 1535893, 1447031, 0.4, 50, 100, 5, 33, 5000, 5
0, 6750, 92, 118, 112, 1545277, 1462490, 0.4, 50, 100, 5, 32, 5000, 5
0, 6750, 101, 121, 117, 1650197, 1497702, 0.4, 50, 100, 5, 32, 5000, 5
0, 6750, 106, 127, 111, 1512639, 1431248, 0.4, 50, 100, 5, 37, 5000, 5
0, 6750, 108, 130, 126, 1752543, 1625019, 0.4, 50, 100, 6, 39, 5000, 5
0, 6750, 107, 128, 117, 1807608, 1687842, 0.4, 50, 100, 6, 36, 5000, 5
0, 6750, 101, 128, 114, 1702057, 1541516, 0.4, 50, 100, 6, 41, 5000, 5
0, 6750, 90, 115, 100, 1717529, 1629383, 0.4, 50, 100, 6, 42, 5000, 5
0, 6750, 93, 113, 106, 1799330, 1694702, 0.4, 50, 100, 6, 42, 5000, 5
0, 6750, 101, 122, 112, 1792725, 1709970, 0.4, 50, 100, 6, 44, 5000, 5
0, 6750, 101, 124, 115, 1757005, 1626940, 0.4, 50, 100, 6, 40, 5000, 5
0, 6750, 94, 115, 109, 1788788, 1644632, 0.4, 50, 100, 6, 38, 5000, 5
0, 6750, 109, 132, 118, 1804093, 1672225, 0.4, 50, 100, 6, 48, 5000, 5
0, 6750, 95, 124, 109, 2075589, 1888650, 0.4, 50, 100, 6, 41, 5000, 5
1, 5744, 103, 108, 113, 1617026, 1635881, 0.4, 50, 100, 6, 31, 5000, 5
0, 6750, 77, 101, 91, 1741004, 1656836, 0.4, 50, 100, 6, 39, 5000, 5
0, 6750, 98, 118, 114, 1721069, 1616544, 0.4, 50, 100, 6, 42, 5000, 5
0, 6750, 94, 113, 101, 1822950, 1665784, 0.4, 50, 100, 6, 40, 5000, 5
0, 6750, 98, 123, 109, 1895642, 1751057, 0.4, 50, 100, 6, 47, 5000, 5
0, 6750, 103, 131, 125, 1860006, 1746399, 0.4, 50, 100, 6, 40, 5000, 5
0, 6750, 79, 92, 94, 1856891, 1785588, 0.4, 50, 100, 6, 45, 5000, 5
0, 6750, 100, 125, 109, 1837198, 1743108, 0.4, 50, 100, 6, 40, 5000, 5
0, 6750, 94, 118, 102, 1952993, 1836106, 0.4, 50, 100, 6, 37, 5000, 5
0, 6750, 103, 118, 114, 1949993, 1796624, 0.4, 50, 100, 6, 38, 5000, 5
0, 6750, 90, 110, 108, 1749304, 1642672, 0.4, 50, 100, 6, 44, 5000, 5
0, 6750, 106, 125, 121, 1651519, 1576852, 0.4, 50, 100, 6, 39, 5000, 5
0, 6750, 109, 125, 127, 1820857, 1734926, 0.4, 50, 100, 6, 42, 5000, 5
0, 6750, 92, 107, 103, 1843332, 1740518, 0.4, 50, 100, 6, 42, 5000, 5
0, 6750, 92, 116, 112, 1875350, 1788860, 0.4, 50, 100, 6, 41, 5000, 5
0, 6750, 110, 129, 130, 1839734, 1756899, 0.4, 50, 100, 6, 40, 5000, 5
0, 6750, 103, 134, 125, 1878303, 1786576, 0.4, 50, 100, 6, 39, 5000, 5
0, 6750, 99, 118, 110, 1766377, 1629364, 0.4, 50, 100, 6, 42, 5000, 5
0, 6750, 118, 141, 121, 1850577, 1672422, 0.4, 50, 100, 6, 39, 5000, 5
0, 6750, 93, 114, 114, 1866897, 1787685, 0.4, 50, 100, 6, 42, 5000, 5
0, 6750, 103, 128, 115, 1744135, 1629763, 0.4, 50, 100, 6, 39, 5000, 5
0, 6750, 102, 133, 122, 1745366, 1595990, 0.4, 50, 100, 6, 44, 5000, 5
0, 6750, 96, 124, 109, 1896876, 1769749, 0.4, 50, 100, 6, 43, 5000, 5
0, 6750, 76, 92, 88, 1795207, 1735938, 0.4, 50, 100, 6, 42, 5000, 5
0, 6750, 98, 125, 117, 1715487, 1618935, 0.4, 50, 100, 6, 38, 5000, 5
0, 6750, 113, 134, 127, 1718244, 1640123, 0.4, 50, 100, 6, 44, 5000, 5
0, 6750, 97, 118, 104, 1780829, 1684831, 0.4, 50, 100, 6, 38, 5000, 5
0, 6750, 113, 129, 125, 1696930, 1590393, 0.4, 50, 100, 6, 41, 5000, 5
0, 6750, 96, 117, 115, 1647312, 1583944, 0.4, 50, 100, 6, 48, 5000, 5
0, 6750, 101, 126, 119, 1810857, 1680652, 0.4, 50, 100, 6, 39, 5000, 5
0, 6750, 103, 122, 113, 1714657, 1594819, 0.4, 50, 100, 6, 41, 5000, 5
0, 6750, 118, 134, 136, 1899081, 1804664, 0.4, 50, 100, 6, 41, 5000, 5
0, 6750, 88, 113, 113, 1717995, 1674165, 0.4, 50, 100, 6, 41, 5000, 5
0, 6750, 68, 82, 71, 1896525, 1796081, 0.4, 50, 100, 6, 48, 5000, 5
0, 6750, 100, 121, 113, 1854194, 1702440, 0.4, 50, 100, 6, 42, 5000, 5
0, 6750, 107, 137, 117, 1886006, 1718141, 0.4, 50, 100, 6, 46, 5000, 5
1, 5891, 112, 117, 122, 1563595, 1590312, 0.4, 50, 100, 6, 33, 5000, 5
0, 6750, 98, 119, 114, 1737974, 1605305, 0.4, 50, 100, 6, 41, 5000, 5
0, 6750, 97, 116, 108, 1786479, 1682340, 0.4, 50, 100, 6, 40, 5000, 5
0, 6750, 103, 118, 113, 1829132, 1713743, 0.4, 50, 100, 6, 43, 5000, 5
0, 6750, 86, 101, 98, 1905224, 1769273, 0.4, 50, 100, 6, 43, 5000, 5
0, 6750, 106, 137, 119, 1786349, 1624913, 0.4, 50, 100, 6, 39, 5000, 5
0, 6750, 114, 129, 125, 1681681, 1575703, 0.4, 50, 100, 6, 38, 5000, 5
1, 5812, 100, 110, 107, 1607708, 1622025, 0.4, 50, 100, 6, 34, 5000, 5
0, 6750, 118, 142, 133, 1807563, 1612441, 0.4, 50, 100, 6, 43, 5000, 5
0, 6750, 100, 116, 118, 1751686, 1702755, 0.4, 50, 100, 6, 40, 5000, 5
0, 6750, 96, 115, 111, 1838544, 1743016, 0.4, 50, 100, 6, 45, 5000, 5
0, 6750, 109, 136, 123, 1751122, 1665938, 0.4, 50, 100, 6, 43, 5000, 5
0, 6750, 87, 105, 100, 1792781, 1664672, 0.4, 50, 100, 6, 40, 5000, 5
0, 6750, 115, 135, 131, 1720650, 1665798, 0.4, 50, 100, 6, 40, 5000, 5
0, 6750, 75, 94, 89, 1871669, 1801360, 0.4, 50, 100, 6, 43, 5000, 5
0, 6750, 112, 132, 122, 1858026, 1809034, 0.4, 50, 100, 6, 41, 5000, 5
0, 6750, 103, 129, 120, 1752521, 1640506, 0.4, 50, 100, 6, 40, 5000, 5
0, 6750, 98, 122, 115, 1725114, 1625359, 0.4, 50, 100, 6, 39, 5000, 5
0, 6750, 108, 131, 125, 1801616, 1689225, 0.4, 50, 100, 6, 38, 5000, 5
0, 6750, 102, 124, 111, 1802149, 1668040, 0.4, 50, 100, 6, 41, 5000, 5
0, 6750, 99, 125, 117, 2011322, 1891033, 0.4, 50, 100, 6, 39, 5000, 5
0, 6750, 105, 123, 117, 1892351, 1804364, 0.4, 50, 100, 6, 40, 5000, 5
0, 6750, 102, 120, 126, 1757609, 1736866, 0.4, 50, 100, 6, 39, 5000, 5
0, 6750, 113, 139, 128, 1692270, 1630247, 0.4, 50, 100, 6, 40, 5000, 5
0, 6750, 109, 136, 126, 1813796, 1677578, 0.4, 50, 100, 6, 41, 5000, 5
0, 6750, 96, 119, 115, 1826013, 1739683, 0.4, 50, 100, 6, 39, 5000, 5
0, 6750, 94, 122, 101, 1892107, 1719708, 0.4, 50, 100, 6, 36, 5000, 5
0, 6750, 106, 128, 122, 1829310, 1763297, 0.4, 50, 100, 6, 41, 5000, 5
0, 6750, 90, 114, 104, 1838467, 1774475, 0.4, 50, 100, 6, 42, 5000, 5
0, 6750, 108, 126, 128, 1754507, 1668303, 0.4, 50, 100, 6, 40, 5000, 5
0, 6750, 81, 99, 100, 1815165, 1713182, 0.4, 50, 100, 6, 40, 5000, 5
0, 6750, 96, 115, 113, 1771756, 1665316, 0.4, 50, 100, 6, 39, 5000, 5
0, 6750, 111, 131, 121, 1939300, 1802563, 0.4, 50, 100, 6, 41, 5000, 5
0, 6750, 111, 133, 123, 1925750, 1808034, 0.4, 50, 100, 6, 36, 5000, 5
0, 6750, 93, 116, 111, 1770196, 1659158, 0.4, 50, 100, 6, 40, 5000, 5
0, 6750, 80, 104, 94, 1828709, 1756605, 0.4, 50, 100, 6, 42, 5000, 5
0, 6750, 91, 117, 101, 1719933, 1601952, 0.4, 50, 100, 6, 39, 5000, 5
0, 6750, 98, 126, 116, 1987655, 1836126, 0.4, 50, 100, 6, 40, 5000, 5
0, 6750, 109, 132, 123, 1862007, 1719454, 0.4, 50, 100, 6, 42, 5000, 5
1, 5380, 96, 102, 99, 1501740, 1523685, 0.4, 50, 100, 6, 33, 5000, 5
0, 6750, 99, 121, 114, 1730803, 1613734, 0.4, 50, 100, 6, 42, 5000, 5
0, 6750, 111, 131, 127, 1909183, 1820207, 0.4, 50, 100, 6, 43, 5000, 5
0, 6750, 95, 121, 111, 1790420, 1609199, 0.4, 50, 100, 6, 41, 5000, 5
0, 6750, 103, 119, 125, 1819450, 1725352, 0.4, 50, 100, 6, 40, 5000, 5
1, 6035, 98, 113, 112, 1656818, 1669319, 0.4, 50, 100, 6, 35, 5000, 5
0, 6750, 98, 117, 118, 1915632, 1778608, 0.4, 50, 100, 6, 40, 5000, 5
0, 6750, 118, 141, 130, 1757776, 1686716, 0.4, 50, 100, 6, 41, 5000, 5
0, 6750, 110, 129, 124, 1660466, 1566529, 0.4, 50, 100, 6, 41, 5000, 5
0, 6750, 118, 147, 133, 1778826, 1659162, 0.4, 50, 100, 6, 39, 5000, 5
0, 6750, 109, 133, 122, 1877317, 1712391, 0.4, 50, 100, 6, 39, 5000, 5
0, 6750, 104, 132, 115, 1796140, 1603859, 0.4, 50, 100, 6, 41, 5000, 5
0, 6750, 92, 116, 106, 1868742, 1801370, 0.4, 50, 100, 6, 42, 5000, 5
0, 6750, 111, 133, 125, 1908846, 1797131, 0.4, 50, 100, 6, 44, 5000, 5
0, 6750, 86, 116, 101, 1783228, 1671498, 0.4, 50, 100, 6, 43, 5000, 5
0, 6750, 97, 111, 107, 2173882, 2133920, 0.4, 50, 100, 7, 49, 5000, 5
0, 6750, 93, 116, 110, 1946375, 1875034, 0.4, 50, 100, 7, 50, 5000, 5
0, 6750, 107, 137, 124, 2113026, 2019322, 0.4, 50, 100, 7, 48, 5000, 5
0, 6750, 79, 105, 89, 2385421, 2219266, 0.4, 50, 100, 7, 54, 5000, 5
0, 6750, 93, 123, 107, 2208042, 2051312, 0.4, 50, 100, 7, 52, 5000, 5
0, 6750, 97, 124, 115, 2041936, 1983874, 0.4, 50, 100, 7, 53, 5000, 5
1, 5498, 102, 107, 108, 2107805, 2132377, 0.4, 50, 100, 7, 38, 5000, 5
0, 6750, 108, 132, 123, 2079538, 1966455, 0.4, 50, 100, 7, 53, 5000, 5
0, 6750, 103, 123, 125, 2108734, 2026017, 0.4, 50, 100, 7, 51, 5000, 5
0, 6750, 101, 117, 116, 2038224, 1929641, 0.4, 50, 100, 7, 52, 5000, 5
0, 6750, 98, 116, 113, 2178355, 2021209, 0.4, 50, 100, 7, 52, 5000, 5
0, 6750, 94, 110, 105, 2035379, 2023117, 0.4, 50, 100, 7, 52, 5000, 5
0, 6750, 102, 117, 110, 2100579, 2007935, 0.4, 50, 100, 7, 49, 5000, 5
0, 6750, 102, 128, 121, 2099173, 1984623, 0.4, 50, 100, 7, 51, 5000, 5
0, 6750, 90, 106, 102, 2195881, 2032050, 0.4, 50, 100, 7, 59, 5000, 5
1, 5475, 82, 87, 89, 1694465, 1710278, 0.4, 50, 100, 7, 37, 5000, 5
1, 5852, 105, 114, 112, 1909540, 1929486, 0.4, 50, 100, 7, 46, 5000, 5
0, 6750, 105, 129, 118, 2146329, 1959119, 0.4, 50, 100, 7, 50, 5000, 5
0, 6750, 90, 108, 108, 2013500, 1893946, 0.4, 50, 100, 7, 55, 5000, 5
0, 6750, 101, 120, 119, 2085568, 2007391, 0.4, 50, 100, 7, 51, 5000, 5
1, 5326, 97, 102, 106, 1753161, 1756027, 0.4, 50, 100, 7, 48, 5000, 5
0, 6750, 100, 117, 119, 2199882, 2071443, 0.4, 50, 100, 7, 53, 5000, 5
0, 6750, 88, 114, 100, 2087707, 1950564, 0.4, 50, 100, 7, 49, 5000, 5
0, 6750, 103, 132, 120, 2004193, 1811595, 0.4, 50, 100, 7, 60, 5000, 5
0, 6750, 95, 124, 122, 2163293, 2095051, 0.4, 50, 100, 7, 50, 5000, 5
0, 6750, 97, 114, 119, 2154765, 2060875, 0.4, 50, 100, 7, 48, 5000, 5
0, 6750, 85, 108, 95, 2052906, 1932727, 0.4, 50, 100, 7, 49, 5000, 5
0, 6750, 89, 105, 107, 2136644, 2004459, 0.4, 50, 100, 7, 53, 5000, 5
0, 6750, 107, 133, 126, 2102875, 1957329, 0.4, 50, 100, 7, 55, 5000, 5
0, 6750, 95, 120, 110, 2256137, 2126787, 0.4, 50, 100, 7, 55, 5000, 5
1, 5438, 100, 105, 109, 1843482, 1851090, 0.4, 50, 100, 7, 37, 5000, 5
0, 6750, 93, 116, 108, 2136559, 2067330, 0.4, 50, 100, 7, 52, 5000, 5
0, 6750, 98, 116, 114, 2097530, 1968296, 0.4, 50, 100, 7, 50, 5000, 5
0, 6750, 91, 115, 103, 2229927, 2040863, 0.4, 50, 100, 7, 51, 5000, 5
0, 6750, 107, 127, 119, 2062654, 1892286, 0.4, 50, 100, 7, 49, 5000, 5
0, 6750, 101, 125, 112, 1940263, 1786043, 0.4, 50, 100, 7, 52, 5000, 5
0, 6750, 99, 125, 111, 1960244, 1777583, 0.4, 50, 100, 7, 43, 5000, 5
1, 5566, 110, 117, 115, 1889836, 1916141, 0.4, 50, 100, 7, 38, 5000, 5
0, 6750, 107, 134, 111, 2139457, 1988230, 0.4, 50, 100, 7, 51, 5000, 5
0, 6750, 97, 127, 114, 2172622, 2011671, 0.4, 50, 100, 7, 49, 5000, 5
0, 6750, 96, 115, 107, 2023896, 1958053, 0.4, 50, 100, 7, 48, 5000, 5
0, 6750, 104, 138, 115, 2052537, 1865908, 0.4, 50, 100, 7, 50, 5000, 5
0, 6750, 97, 115, 112, 2097706, 1989782, 0.4, 50, 100, 7, 49, 5000, 5
1, 5319, 116, 121, 119, 1885563, 1887609, 0.4, 50, 100, 7, 34, 5000, 5
0, 6750, 94, 110, 104, 2081861, 2007342, 0.4, 50, 100, 7, 52, 5000, 5
0, 6750, 99, 124, 114, 2108520, 1992360, 0.4, 50, 100, 7, 52, 5000, 5
0, 6750, 97, 125, 109, 2107094, 1964117, 0.4, 50, 100, 7, 49, 5000, 5
0, 6750, 106, 137, 123, 2122300, 1977023, 0.4, 50, 100, 7, 48, 5000, 5
0, 6750, 99, 121, 119, 2274001, 2179173, 0.4, 50, 100, 7, 48, 5000, 5
0, 6750, 103, 122, 114, 2173629, 2053946, 0.4, 50, 100, 7, 52, 5000, 5
0, 6750, 96, 114, 112, 2017733, 1978849, 0.4, 50, 100, 7, 55, 5000, 5
0, 6750, 114, 140, 125, 2128904, 1971147, 0.4, 50, 100, 7, 54, 5000, 5
0, 6750, 88, 110, 101, 2084737, 1980158, 0.4, 50, 100, 7, 56, 5000, 5
0, 6750, 119, 141, 131, 2173285, 2027217, 0.4, 50, 100, 7, 52, 5000, 5
0, 6750, 99, 134, 117, 2159105, 1982032, 0.4, 50, 100, 7, 50, 5000, 5
0, 6750, 91, 115, 114, 2122002, 1992617, 0.4, 50, 100, 7, 50, 5000, 5
0, 6750, 94, 121, 107, 2062549, 1936819, 0.4, 50, 100, 7, 47, 5000, 5
0, 6750, 98, 122, 112, 2096383, 2021834, 0.4, 50, 100, 7, 48, 5000, 5
0, 6750, 89, 116, 99, 2179219, 2064346, 0.4, 50, 100, 7, 55, 5000, 5
0, 6750, 99, 127, 111, 2068742, 1947117, 0.4, 50, 100, 7, 54, 5000, 5
0, 6750, 102, 123, 116, 2051937, 1883807, 0.4, 50, 100, 7, 51, 5000, 5
0, 6750, 111, 129, 121, 2150315, 2059216, 0.4, 50, 100, 7, 49, 5000, 5
0, 6750, 94, 112, 111, 2028524, 1930632, 0.4, 50, 100, 7, 56, 5000, 5
0, 6750, 106, 126, 118, 1992891, 1849204, 0.4, 50, 100, 7, 50, 5000, 5
0, 6750, 105, 132, 126, 2078191, 1925230, 0.4, 50, 100, 7, 54, 5000, 5
0, 6750, 101, 121, 115, 2067270, 1981302, 0.4, 50, 100, 7, 52, 5000, 5
0, 6750, 95, 124, 113, 2039901, 1938155, 0.4, 50, 100, 7, 48, 5000, 5
0, 6750, 105, 125, 120, 2062549, 1955819, 0.4, 50, 100, 7, 50, 5000, 5
0, 6750, 98, 124, 110, 2015353, 1941958, 0.4, 50, 100, 7, 47, 5000, 5
0, 6750, 100, 131, 120, 2162958, 2084522, 0.4, 50, 100, 7, 54, 5000, 5
0, 6750, 104, 126, 117, 2049320, 1992270, 0.4, 50, 100, 7, 49, 5000, 5
0, 6750, 93, 115, 104, 2141542, 1939914, 0.4, 50, 100, 7, 50, 5000, 5
0, 6750, 106, 137, 125, 2171325, 2041507, 0.4, 50, 100, 7, 46, 5000, 5
1, 5500, 89, 96, 97, 1876246, 1892350, 0.4, 50, 100, 7, 37, 5000, 5
0, 6750, 98, 122, 112, 2204322, 2119176, 0.4, 50, 100, 7, 48, 5000, 5
0, 6750, 116, 145, 127, 2083327, 1847272, 0.4, 50, 100, 7, 51, 5000, 5
0, 6750, 104, 127, 114, 2187744, 2058188, 0.4, 50, 100, 7, 50, 5000, 5
0, 6750, 105, 125, 125, 2121979, 2005252, 0.4, 50, 100, 7, 48, 5000, 5
1, 5235, 100, 105, 105, 1854955, 1865035, 0.4, 50, 100, 7, 36, 5000, 5
0, 6750, 103, 128, 117, 2107526, 1891962, 0.4, 50, 100, 7, 53, 5000, 5
0, 6750, 94, 111, 121, 1834324, 1798564, 0.4, 50, 100, 7, 50, 5000, 5
0, 6750, 101, 118, 118, 2187201, 2010055, 0.4, 50, 100, 7, 57, 5000, 5
0, 6750, 89, 119, 104, 2156443, 2003621, 0.4, 50, 100, 7, 48, 5000, 5
0, 6750, 103, 125, 114, 2172058, 2035874, 0.4, 50, 100, 7, 47, 5000, 5
0, 6750, 100, 130, 120, 2130559, 1970378, 0.4, 50, 100, 7, 55, 5000, 5
0, 6750, 103, 123, 115, 2073824, 1916089, 0.4, 50, 100, 7, 54, 5000, 5
0, 6750, 92, 122, 107, 2152788, 1999206, 0.4, 50, 100, 7, 49, 5000, 5
0, 6750, 105, 123, 118, 1948324, 1848077, 0.4, 50, 100, 7, 58, 5000, 5
0, 6750, 84, 108, 100, 2024964, 1914616, 0.4, 50, 100, 7, 49, 5000, 5
0, 6750, 88, 115, 101, 2040215, 1930161, 0.4, 50, 100, 7, 47, 5000, 5
0, 6750, 99, 117, 118, 2042750, 1944695, 0.4, 50, 100, 7, 53, 5000, 5
0, 6750, 115, 138, 137, 2053281, 1912028, 0.4, 50, 100, 7, 51, 5000, 5
0, 6750, 112, 134, 126, 2077227, 1965428, 0.4, 50, 100, 7, 54, 5000, 5
0, 6750, 105, 123, 116, 2145289, 1983210, 0.4, 50, 100, 7, 52, 5000, 5
0, 6750, 114, 134, 124, 2250678, 2091970, 0.4, 50, 100, 7, 52, 5000, 5
0, 6750, 97, 115, 112, 1991271, 1896896, 0.4, 50, 100, 7, 50, 5000, 5
0, 6750, 94, 112, 110, 2160441, 1987066, 0.4, 50, 100, 7, 52, 5000, 5
0, 6750, 89, 111, 112, 2115425, 2045710, 0.4, 50, 100, 7, 57, 5000, 5
0, 6750, 117, 139, 128, 2221033, 2075014, 0.4, 50, 100, 7, 54, 5000, 5
0, 6750, 106, 135, 121, 2049076, 1932029, 0.4, 50, 100, 7, 51, 5000, 5
0, 6750, 96, 113, 110, 2672542, 2603777, 0.4, 50, 100, 9, 75, 5000, 5
1, 5372, 90, 97, 94, 2307163, 2323169, 0.4, 50, 100, 9, 54, 5000, 5
0, 6750, 110, 136, 123, 2854859, 2727141, 0.4, 50, 100, 9, 75, 5000, 5
0, 6750, 101, 116, 118, 2867894, 2755648, 0.4, 50, 100, 9, 73, 5000, 5
0, 6750, 95, 119, 110, 2783956, 2610187, 0.4, 50, 100, 9, 70, 5000, 5
0, 6750, 102, 124, 122, 2626352, 2496983, 0.4, 50, 100, 9, 77, 5000, 5
0, 6750, 102, 122, 114, 2617893, 2523536, 0.4, 50, 100, 9, 72, 5000, 5
0, 6750, 106, 123, 121, 2723540, 2525616, 0.4, 50, 100, 9, 70, 5000, 5
0, 6750, 98, 116, 118, 2821079, 2730300, 0.4, 50, 100, 9, 74, 5000, 5
0, 6750, 107, 129, 118, 2719312, 2587600, 0.4, 50, 100, 9, 69, 5000, 5
0, 6750, 101, 120, 115, 2550758, 2398214, 0.4, 50, 100, 9, 70, 5000, 5
0, 6750, 97, 120, 115, 2726626, 2571464, 0.4, 50, 100, 9, 73, 5000, 5
0, 6750, 109, 132, 120, 2839050, 2557322, 0.4, 50, 100, 9, 77, 5000, 5
0, 6750, 107, 129, 115, 2984466, 2813442, 0.4, 50, 100, 9, 77, 5000, 5
0, 6750, 96, 108, 111, 2699901, 2575790, 0.4, 50, 100, 9, 72, 5000, 5
0, 6750, 108, 131, 122, 2796740, 2573734, 0.4, 50, 100, 9, 78, 5000, 5
0, 6750, 105, 119, 123, 2665081, 2537913, 0.4, 50, 100, 9, 73, 5000, 5
0, 6750, 96, 114, 106, 2651676, 2515393, 0.4, 50, 100, 9, 72, 5000, 5
0, 6750, 92, 110, 109, 2720766, 2646254, 0.4, 50, 100, 9, 81, 5000, 5
0, 6750, 98, 129, 117, 2706434, 2623715, 0.4, 50, 100, 9, 70, 5000, 5
0, 6750, 103, 128, 121, 2749204, 2638163, 0.4, 50, 100, 9, 80, 5000, 5
0, 6750, 95, 107, 104, 2606366, 2674818, 0.4, 50, 100, 9, 77, 5000, 5
0, 6750, 101, 125, 111, 2738004, 2574376, 0.4, 50, 100, 9, 74, 5000, 5
0, 6750, 103, 125, 115, 2639081, 2577188, 0.4, 50, 100, 9, 77, 5000, 5
0, 6750, 107, 133, 116, 2834679, 2586958, 0.4, 50, 100, 9, 77, 5000, 5
0, 6750, 108, 133, 127, 2548986, 2439066, 0.4, 50, 100, 9, 73, 5000, 5
0, 6750, 90, 120, 108, 2683801, 2493880, 0.4, 50, 100, 9, 79, 5000, 5
0, 6750, 107, 124, 126, 2773985, 2616624, 0.4, 50, 100, 9, 74, 5000, 5
0, 6750, 103, 123, 115, 2832271, 2665297, 0.4, 50, 100, 9, 74, 5000, 5
0, 6750, 112, 133, 125, 2763233, 2568950, 0.4, 50, 100, 9, 85, 5000, 5
0, 6750, 91, 107, 101, 2596459, 2468774, 0.4, 50, 100, 9, 86, 5000, 5
0, 6750, 90, 111, 106, 2641597, 2497872, 0.4, 50, 100, 9, 75, 5000, 5
0, 6750, 108, 131, 124, 2707585, 2548421, 0.4, 50, 100, 9, 73, 5000, 5
0, 6750, 92, 121, 105, 2661219, 2483623, 0.4, 50, 100, 9, 73, 5000, 5
0, 6750, 106, 125, 123, 2740265, 2565496, 0.4, 50, 100, 9, 68, 5000, 5
0, 6750, 110, 137, 130, 2989718, 2780857, 0.4, 50, 100, 9, 69, 5000, 5
0, 6750, 93, 124, 112, 2951556, 2737501, 0.4, 50, 100, 9, 75, 5000, 5
0, 6750, 89, 111, 101, 2701595, 2570412, 0.4, 50, 100, 9, 71, 5000, 5
0, 6750, 107, 130, 131, 2860075, 2736552, 0.4, 50, 100, 9, 76, 5000, 5
0, 6750, 107, 129, 127, 2655853, 2541357, 0.4, 50, 100, 9, 69, 5000, 5
0, 6750, 95, 117, 114, 2539607, 2403916, 0.4, 50, 100, 9, 76, 5000, 5
0, 6750, 97, 121, 114, 2593813, 2472069, 0.4, 50, 100, 9, 69, 5000, 5
0, 6750, 102, 128, 122, 2689078, 2555718, 0.4, 50, 100, 9, 77, 5000, 5
0, 6750, 99, 121, 119, 2619385, 2566815, 0.4, 50, 100, 9, 69, 5000, 5
0, 6750, 107, 127, 122, 2692509, 2592991, 0.4, 50, 100, 9, 73, 5000, 5
0, 6750, 105, 137, 118, 2953714, 2684826, 0.4, 50, 100, 9, 71, 5000, 5
0, 6750, 98, 123, 123, 2672997, 2495869, 0.4, 50, 100, 9, 77, 5000, 5
0, 6750, 94, 125, 108, 2875729, 2734729, 0.4, 50, 100, 9, 68, 5000, 5
0, 6750, 115, 127, 130, 2576225, 2444571, 0.4, 50, 100, 9, 73, 5000, 5
0, 6750, 104, 124, 113, 2751944, 2605499, 0.4, 50, 100, 9, 79, 5000, 5
0, 6750, 113, 130, 125, 2735964, 2577644, 0.4, 50, 100, 9, 71, 5000, 5
0, 6750, 95, 116, 113, 2808392, 2712381, 0.4, 50, 100, 9, 71, 5000, 5
0, 6750, 96, 112, 107, 2613934, 2550530, 0.4, 50, 100, 9, 77, 5000, 5
0, 6750, 98, 120, 119, 2729524, 2657327, 0.4, 50, 100, 9, 68, 5000, 5
0, 6750, 98, 119, 115, 2700072, 2519080, 0.4, 50, 100, 9, 76, 5000, 5
0, 6750, 108, 130, 124, 2766722, 2675531, 0.4, 50, 100, 9, 78, 5000, 5
0, 6750, 104, 122, 117, 2736648, 2510969, 0.4, 50, 100, 9, 77, 5000, 5
0, 6750, 127, 145, 140, 2663012, 2518388, 0.4, 50, 100, 9, 80, 5000, 5
0, 6750, 105, 129, 120, 2577125, 2449639, 0.4, 50, 100, 9, 74, 5000, 5
0, 6750, 103, 113, 111, 2782486, 2652338, 0.4, 50, 100, 9, 77, 5000, 5
0, 6750, 72, 102, 89, 2823759, 2559954, 0.4, 50, 100, 9, 73, 5000, 5
0, 6750, 101, 124, 117, 2779338, 2524307, 0.4, 50, 100, 9, 70, 5000, 5
0, 6750, 108, 135, 121, 2784688, 2693391, 0.4, 50, 100, 9, 68, 5000, 5
0, 6750, 88, 105, 102, 2671676, 2522381, 0.4, 50, 100, 9, 72, 5000, 5
0, 6750, 105, 124, 122, 2844271, 2676313, 0.4, 50, 100, 9, 70, 5000, 5
0, 6750, 89, 111, 109, 2758813, 2566731, 0.4, 50, 100, 9, 83, 5000, 5
0, 6750, 90, 110, 107, 2739518, 2471145, 0.4, 50, 100, 9, 76, 5000, 5
0, 6750, 98, 118, 116, 2841176, 2630613, 0.4, 50, 100, 9, 75, 5000, 5
0, 6750, 110, 130, 128, 2808337, 2684086, 0.4, 50, 100, 9, 69, 5000, 5
0, 6750, 102, 121, 120, 2873811, 2706236, 0.4, 50, 100, 9, 82, 5000, 5
0, 6750, 97, 110, 108, 2732233, 2591855, 0.4, 50, 100, 9, 81, 5000, 5
0, 6750, 102, 119, 118, 2655794, 2500536, 0.4, 50, 100, 9, 79, 5000, 5
0, 6750, 92, 115, 104, 2555452, 2349709, 0.4, 50, 100, 9, 72, 5000, 5
0, 6750, 104, 125, 121, 2770270, 2584437, 0.4, 50, 100, 9, 82, 5000, 5
0, 6750, 103, 117, 120, 2584253, 2386911, 0.4, 50, 100, 9, 76, 5000, 5
0, 6750, 97, 120, 117, 2657189, 2500292, 0.4, 50, 100, 9, 75, 5000, 5
0, 6750, 112, 130, 118, 2655430, 2518009, 0.4, 50, 100, 9, 75, 5000, 5
0, 6750, 116, 141, 133, 2893742, 2741811, 0.4, 50, 100, 9, 70, 5000, 5
0, 6750, 102, 125, 116, 2677494, 2495188, 0.4, 50, 100, 9, 71, 5000, 5
0, 6750, 112, 128, 130, 2830153, 2722403, 0.4, 50, 100, 9, 74, 5000, 5
0, 6750, 101, 125, 119, 2824317, 2606481, 0.4, 50, 100, 9, 82, 5000, 5
0, 6750, 93, 112, 114, 2794909, 2626859, 0.4, 50, 100, 9, 84, 5000, 5
0, 6750, 81, 101, 97, 2778184, 2545167, 0.4, 50, 100, 9, 73, 5000, 5
0, 6750, 100, 117, 116, 2836342, 2716531, 0.4, 50, 100, 9, 82, 5000, 5
0, 6750, 118, 142, 127, 2804530, 2616360, 0.4, 50, 100, 9, 71, 5000, 5
0, 6750, 93, 117, 111, 2896721, 2853441, 0.4, 50, 100, 9, 68, 5000, 5
0, 6750, 119, 149, 134, 2786966, 2533411, 0.4, 50, 100, 9, 89, 5000, 5
0, 6750, 95, 117, 111, 2669474, 2607996, 0.4, 50, 100, 9, 69, 5000, 5
0, 6750, 96, 109, 104, 2743978, 2508039, 0.4, 50, 100, 9, 72, 5000, 5
0, 6750, 104, 123, 111, 2699660, 2466163, 0.4, 50, 100, 9, 75, 5000, 5
0, 6750, 90, 110, 105, 2718205, 2515988, 0.4, 50, 100, 9, 80, 5000, 5
0, 6750, 91, 110, 105, 2726118, 2586731, 0.4, 50, 100, 9, 71, 5000, 5
0, 6750, 97, 115, 113, 2751507, 2602170, 0.4, 50, 100, 9, 69, 5000, 5
0, 6750, 103, 129, 123, 2607582, 2424122, 0.4, 50, 100, 9, 78, 5000, 5
0, 6750, 100, 125, 121, 2771495, 2617844, 0.4, 50, 100, 9, 66, 5000, 5
0, 6750, 100, 126, 114, 2615562, 2475323, 0.4, 50, 100, 9, 74, 5000, 5
0, 6750, 103, 129, 115, 2489180, 2323000, 0.4, 50, 100, 9, 69, 5000, 5
0, 6750, 91, 117, 104, 2689574, 2562425, 0.4, 50, 100, 9, 72, 5000, 5
0, 6750, 97, 121, 112, 2531400, 2389030, 0.4, 50, 100, 9, 70, 5000, 5
0, 6750, 86, 100, 98, 2721630, 2557342, 0.4, 50, 100, 9, 74, 5000, 5
1, 5232, 86, 91, 90, 2819107, 2883390, 0.4, 50, 100, 11, 72, 5000, 5
0, 6750, 97, 123, 117, 3178849, 3036785, 0.4, 50, 100, 11, 93, 5000, 5
0, 6750, 116, 142, 128, 3425059, 3222698, 0.4, 50, 100, 11, 92, 5000, 5
0, 6750, 93, 111, 116, 3444554, 3150896, 0.4, 50, 100, 11, 97, 5000, 5
0, 6750, 103, 140, 129, 3240703, 3060507, 0.4, 50, 100, 11, 99, 5000, 5
0, 6750, 106, 124, 119, 3524354, 3300193, 0.4, 50, 100, 11, 105, 5000, 5
0, 6750, 85, 100, 98, 3288003, 3128642, 0.4, 50, 100, 11, 99, 5000, 5
0, 6750, 95, 118, 110, 3216447, 3047577, 0.4, 50, 100, 11, 102, 5000, 5
0, 6750, 91, 112, 102, 3214144, 2912426, 0.4, 50, 100, 11, 96, 5000, 5
0, 6750, 109, 127, 124, 3156044, 3027818, 0.4, 50, 100, 11, 104, 5000, 5
0, 6750, 108, 131, 126, 3342626, 3243604, 0.4, 50, 100, 11, 96, 5000, 5
0, 6750, 81, 100, 98, 3574423, 3228457, 0.4, 50, 100, 11, 102, 5000, 5
0, 6750, 103, 130, 125, 3144811, 3030815, 0.4, 50, 100, 11, 98, 5000, 5
0, 6750, 106, 120, 120, 3305148, 3118719, 0.4, 50, 100, 11, 103, 5000, 5
0, 6750, 97, 123, 114, 3327790, 3125719, 0.4, 50, 100, 11, 98, 5000, 5
0, 6750, 118, 136, 132, 3282547, 3132472, 0.4, 50, 100, 11, 98, 5000, 5
0, 6750, 92, 114, 104, 3238510, 3117631, 0.4, 50, 100, 11, 123, 5000, 5
0, 6750, 95, 112, 112, 3285901, 3151148, 0.4, 50, 100, 11, 110, 5000, 5
0, 6750, 102, 123, 123, 3285666, 3059274, 0.4, 50, 100, 11, 112, 5000, 5
0, 6750, 95, 118, 108, 3219168, 2976661, 0.4, 50, 100, 11, 96, 5000, 5
0, 6750, 105, 128, 121, 3322815, 3132011, 0.4, 50, 100, 11, 107, 5000, 5
0, 6750, 97, 114, 117, 3202398, 3129802, 0.4, 50, 100, 11, 104, 5000, 5
0, 6750, 108, 121, 124, 3256036, 3180105, 0.4, 50, 100, 11, 112, 5000, 5
0, 6750, 103, 120, 113, 3293428, 3101755, 0.4, 50, 100, 11, 103, 5000, 5
0, 6750, 101, 117, 113, 3168494, 2971560, 0.4, 50, 100, 11, 105, 5000, 5
0, 6750, 107, 122, 129, 3136805, 3144153, 0.4, 50, 100, 11, 97, 5000, 5
0, 6750, 94, 124, 112, 3139978, 2967971, 0.4, 50, 100, 11, 103, 5000, 5
0, 6750, 112, 137, 127, 3287102, 3056472, 0.4, 50, 100, 11, 98, 5000, 5
1, 5420, 106, 113, 109, 3064982, 3089122, 0.4, 50, 100, 11, 76, 5000, 5
0, 6750, 105, 125, 113, 3132972, 2964890, 0.4, 50, 100, 11, 108, 5000, 5
0, 6750, 111, 126, 121, 3297572, 3087390, 0.4, 50, 100, 11, 111, 5000, 5
0, 6750, 100, 127, 117, 3137198, 2848397, 0.4, 50, 100, 11, 105, 5000, 5
0, 6750, 106, 130, 117, 3042771, 2768077, 0.4, 50, 100, 11, 116, 5000, 5
0, 6750, 92, 109, 113, 3318660, 3243476, 0.4, 50, 100, 11, 101, 5000, 5
0, 6750, 95, 120, 109, 3246336, 3115355, 0.4, 50, 100, 11, 91, 5000, 5
0, 6750, 107, 131, 127, 3164094, 3006050, 0.4, 50, 100, 11, 110, 5000, 5
0, 6750, 113, 130, 124, 3368119, 3178530, 0.4, 50, 100, 11, 103, 5000, 5
0, 6750, 98, 127, 112, 3264047, 2999964, 0.4, 50, 100, 11, 100, 5000, 5
0, 6750, 110, 133, 126, 3490387, 3314295, 0.4, 50, 100, 11, 116, 5000, 5
0, 6750, 84, 111, 97, 3474115, 3249385, 0.4, 50, 100, 11, 112, 5000, 5
0, 6750, 92, 110, 113, 3284805, 3120815, 0.4, 50, 100, 11, 114, 5000, 5
0, 6750, 102, 122, 119, 3471777, 3273376, 0.4, 50, 100, 11, 106, 5000, 5
0, 6750, 98, 120, 111, 3343923, 3100017, 0.4, 50, 100, 11, 105, 5000, 5
0, 6750, 88, 111, 104, 3475074, 3241736, 0.4, 50, 100, 11, 100, 5000, 5
0, 6750, 105, 125, 118, 3340836, 3124394, 0.4, 50, 100, 11, 108, 5000, 5
0, 6750, 81, 112, 94, 3694474, 3466715, 0.4, 50, 100, 11, 96, 5000, 5
0, 6750, 95, 121, 114, 3329967, 3151545, 0.4, 50, 100, 11, 100, 5000, 5
0, 6750, 113, 126, 124, 3408258, 3327605, 0.4, 50, 100, 11, 93, 5000, 5
0, 6750, 73, 97, 87, 3334646, 3151765, 0.4, 50, 100, 11, 122, 5000, 5
0, 6750, 95, 109, 104, 3329990, 3178500, 0.4, 50, 100, 11, 98, 5000, 5
0, 6750, 81, 98, 89, 3162036, 2921148, 0.4, 50, 100, 11, 118, 5000, 5
0, 6750, 105, 124, 122, 3394540, 3213520, 0.4, 50, 100, 11, 102, 5000, 5
0, 6750, 103, 125, 121, 3183754, 2958409, 0.4, 50, 100, 11, 96, 5000, 5
0, 6750, 104, 123, 128, 3191075, 3037426, 0.4, 50, 100, 11, 124, 5000, 5
0, 6750, 94, 117, 102, 3403401, 3168679, 0.4, 50, 100, 11, 105, 5000, 5
0, 6750, 93, 116, 108, 3222362, 3057563, 0.4, 50, 100, 11, 102, 5000, 5
0, 6750, 106, 126, 124, 3379600, 3288189, 0.4, 50, 100, 11, 111, 5000, 5
0, 6750, 103, 131, 116, 3216810, 3040463, 0.4, 50, 100, 11, 124, 5000, 5
0, 6750, 102, 123, 110, 3222416, 3020868, 0.4, 50, 100, 11, 108, 5000, 5
0, 6750, 102, 125, 118, 3196761, 3076671, 0.4, 50, 100, 11, 103, 5000, 5
0, 6750, 115, 130, 130, 3327575, 3250073, 0.4, 50, 100, 11, 97, 5000, 5
0, 6750, 108, 130, 128, 3298885, 3052015, 0.4, 50, 100, 11, 97, 5000, 5
0, 6750, 106, 120, 119, 3519818, 3194200, 0.4, 50, 100, 11, 117, 5000, 5
0, 6750, 108, 133, 126, 3240025, 3110169, 0.4, 50, 100, 11, 120, 5000, 5
0, 6750, 100, 117, 116, 3425879, 3269218, 0.4, 50, 100, 11, 105, 5000, 5
1, 5298, 106, 111, 110, 2886303, 2916054, 0.4, 50, 100, 11, 75, 5000, 5
0, 6750, 113, 128, 127, 3368725, 3264245, 0.4, 50, 100, 11, 98, 5000, 5
0, 6750, 99, 114, 110, 3548898, 3353622, 0.4, 50, 100, 11, 102, 5000, 5
0, 6750, 105, 119, 119, 3294475, 3107895, 0.4, 50, 100, 11, 109, 5000, 5
0, 6750, 84, 108, 94, 3480055, 3186296, 0.4, 50, 100, 11, 103, 5000, 5
0, 6750, 90, 118, 111, 3582516, 3472665, 0.4, 50, 100, 11, 97, 5000, 5
0, 6750, 96, 115, 115, 3196044, 3055855, 0.4, 50, 100, 11, 99, 5000, 5
0, 6750, 100, 126, 118, 3309804, 3135759, 0.4, 50, 100, 11, 105, 5000, 5
0, 6750, 99, 120, 114, 3247436, 3045714, 0.4, 50, 100, 11, 106, 5000, 5
0, 6750, 101, 127, 118, 3203193, 3013707, 0.4, 50, 100, 11, 95, 5000, 5
0, 6750, 115, 140, 127, 3475503, 3253244, 0.4, 50, 100, 11, 102, 5000, 5
0, 6750, 104, 120, 119, 3209608, 3095595, 0.4, 50, 100, 11, 103, 5000, 5
0, 6750, 108, 134, 126, 3327737, 3029562, 0.4, 50, 100, 11, 111, 5000, 5
0, 6750, 100, 116, 114, 3373416, 3172271, 0.4, 50, 100, 11, 104, 5000, 5
0, 6750, 81, 101, 94, 3276521, 3057947, 0.4, 50, 100, 11, 104, 5000, 5
0, 6750, 97, 118, 110, 3180574, 3042258, 0.4, 50, 100, 11, 104, 5000, 5
1, 5397, 93, 102, 97, 3132312, 3143224, 0.4, 50, 100, 11, 80, 5000, 5
0, 6750, 95, 115, 102, 3331888, 2973944, 0.4, 50, 100, 11, 109, 5000, 5
0, 6750, 100, 130, 115, 3440746, 3243444, 0.4, 50, 100, 11, 109, 5000, 5
0, 6750, 103, 129, 115, 3355136, 3144490, 0.4, 50, 100, 11, 104, 5000, 5
0, 6750, 115, 147, 127, 3240046, 2986259, 0.4, 50, 100, 11, 98, 5000, 5
0, 6750, 95, 124, 126, 3378520, 3186083, 0.4, 50, 100, 11, 107, 5000, 5
0, 6750, 88, 108, 100, 3278935, 3028064, 0.4, 50, 100, 11, 115, 5000, 5
0, 6750, 108, 139, 117, 3464733, 3233238, 0.4, 50, 100, 11, 116, 5000, 5
0, 6750, 108, 132, 127, 3274230, 3069258, 0.4, 50, 100, 11, 99, 5000, 5
0, 6750, 102, 126, 122, 3432704, 3278597, 0.4, 50, 100, 11, 99, 5000, 5
0, 6750, 112, 133, 126, 3290428, 3144124, 0.4, 50, 100, 11, 109, 5000, 5
0, 6750, 114, 129, 128, 3083489, 2957608, 0.4, 50, 100, 11, 112, 5000, 5
0, 6750, 99, 123, 113, 3362092, 3116513, 0.4, 50, 100, 11, 114, 5000, 5
0, 6750, 91, 116, 106, 3638159, 3386006, 0.4, 50, 100, 11, 111, 5000, 5
0, 6750, 103, 123, 122, 3195539, 3045673, 0.4, 50, 100, 11, 106, 5000, 5
0, 6750, 80, 103, 87, 3481321, 3157191, 0.4, 50, 100, 11, 101, 5000, 5
0, 6750, 83, 101, 98, 3249156, 3139247, 0.4, 50, 100, 11, 101, 5000, 5
0, 6750, 108, 133, 123, 3409621, 3260933, 0.4, 50, 100, 11, 101, 5000, 5
0, 6750, 80, 106, 91, 3394004, 3111078, 0.4, 50, 100, 11, 97, 5000, 5
0, 6750, 96, 119, 116, 3950292, 3739075, 0.4, 50, 100, 13, 128, 5000, 5
0, 6750, 94, 119, 113, 4048568, 3800864, 0.4, 50, 100, 13, 135, 5000, 5
0, 6750, 102, 127, 115, 4019937, 3848517, 0.4, 50, 100, 13, 129, 5000, 5
0, 6750, 121, 137, 133, 3925835, 3671325, 0.4, 50, 100, 13, 134, 5000, 5
0, 6750, 95, 128, 107, 4166003, 3750229, 0.4, 50, 100, 13, 139, 5000, 5
0, 6750, 105, 124, 119, 4036283, 3822465, 0.4, 50, 100, 13, 146, 5000, 5
0, 6750, 87, 114, 102, 3936109, 3747222, 0.4, 50, 100, 13, 126, 5000, 5
0, 6750, 115, 136, 133, 3742923, 3586577, 0.4, 50, 100, 13, 131, 5000, 5
0, 6750, 115, 139, 128, 3881585, 3711566, 0.4, 50, 100, 13, 123, 5000, 5
0, 6750, 113, 134, 127, 3714519, 3566064, 0.4, 50, 100, 13, 136, 5000, 5
0, 6750, 108, 128, 121, 4025890, 3839504, 0.4, 50, 100, 13, 136, 5000, 5
0, 6750, 89, 114, 109, 3898750, 3685543, 0.4, 50, 100, 13, 130, 5000, 5
0, 6750, 82, 106, 107, 4035666, 3869710, 0.4, 50, 100, 13, 121, 5000, 5
0, 6750, 105, 128, 120, 3961469, 3687851, 0.4, 50, 100, 13, 135, 5000, 5
0, 6750, 101, 120, 117, 3708574, 3445607, 0.4, 50, 100, 13, 139, 5000, 5
0, 6750, 117, 136, 130, 3841358, 3670276, 0.4, 50, 100, 13, 150, 5000, 5
0, 6750, 84, 111, 97, 3774384, 3501498, 0.4, 50, 100, 13, 129, 5000, 5
0, 6750, 108, 127, 123, 3756312, 3583388, 0.4, 50, 100, 13, 136, 5000, 5
0, 6750, 108, 142, 123, 3951819, 3682832, 0.4, 50, 100, 13, 141, 5000, 5
0, 6750, 105, 129, 121, 4042331, 3904033, 0.4, 50, 100, 13, 134, 5000, 5
0, 6750, 94, 119, 109, 4141807, 3837644, 0.4, 50, 100, 13, 145, 5000, 5
0, 6750, 101, 125, 113, 3887332, 3712252, 0.4, 50, 100, 13, 146, 5000, 5
0, 6750, 107, 131, 121, 3853704, 3655405, 0.4, 50, 100, 13, 138, 5000, 5
0, 6750, 102, 130, 115, 4036826, 3729661, 0.4, 50, 100, 13, 158, 5000, 5
0, 6750, 92, 109, 114, 3798655, 3589214, 0.4, 50, 100, 13, 135, 5000, 5
0, 6750, 105, 124, 122, 3935632, 3692906, 0.4, 50, 100, 13, 143, 5000, 5
0, 6750, 93, 112, 115, 3867023, 3738190, 0.4, 50, 100, 13, 138, 5000, 5
0, 6750, 99, 126, 115, 3981546, 3764423, 0.4, 50, 100, 13, 133, 5000, 5
0, 6750, 113, 135, 128, 3801698, 3526258, 0.4, 50, 100, 13, 153, 5000, 5
0, 6750, 97, 121, 119, 3818734, 3603920, 0.4, 50, 100, 13, 145, 5000, 5
0, 6750, 87, 115, 106, 3943507, 3622890, 0.4, 50, 100, 13, 138, 5000, 5
0, 6750, 108, 134, 123, 4004399, 3619460, 0.4, 50, 100, 13, 132, 5000, 5
1, 5712, 111, 116, 116, 3543213, 3613019, 0.4, 50, 100, 13, 105, 5000, 5
0, 6750, 93, 122, 109, 3977453, 3707240, 0.4, 50, 100, 13, 135, 5000, 5
0, 6750, 94, 116, 105, 3922298, 3697323, 0.4, 50, 100, 13, 123, 5000, 5
0, 6750, 95, 118, 109, 4023490, 3840184, 0.4, 50, 100, 13, 128, 5000, 5
0, 6750, 90, 111, 107, 4099461, 3790055, 0.4, 50, 100, 13, 146, 5000, 5
0, 6750, 105, 123, 117, 4136358, 3938448, 0.4, 50, 100, 13, 146, 5000, 5
0, 6750, 100, 123, 117, 3907356, 3727205, 0.4, 50, 100, 13, 124, 5000, 5
0, 6750, 98, 119, 116, 4038667, 3816468, 0.4, 50, 100, 13, 131, 5000, 5
0, 6750, 103, 119, 116, 4090038, 3828085, 0.4, 50, 100, 13, 141, 5000, 5
0, 6750, 79, 93, 92, 3901293, 3636743, 0.4, 50, 100, 13, 155, 5000, 5
0, 6750, 101, 125, 121, 4032988, 3851524, 0.4, 50, 100, 13, 148, 5000, 5
0, 6750, 92, 113, 105, 3841762, 3678212, 0.4, 50, 100, 13, 147, 5000, 5
0, 6750, 107, 122, 118, 4108777, 3902120, 0.4, 50, 100, 13, 145, 5000, 5
0, 6750, 98, 126, 111, 3891330, 3594358, 0.4, 50, 100, 13, 159, 5000, 5
0, 6750, 92, 117, 103, 3829623, 3552493, 0.4, 50, 100, 13, 150, 5000, 5
0, 6750, 93, 121, 104, 4136082, 3659533, 0.4, 50, 100, 13, 146, 5000, 5
0, 6750, 102, 125, 116, 3867312, 3733787, 0.4, 50, 100, 13, 144, 5000, 5
0, 6750, 96, 118, 107, 3920584, 3653843, 0.4, 50, 100, 13, 151, 5000, 5
0, 6750, 95, 109, 109, 3602649, 3526222, 0.4, 50, 100, 13, 152, 5000, 5
0, 6750, 123, 140, 141, 3765767, 3566326, 0.4, 50, 100, 13, 149, 5000, 5
0, 6750, 106, 127, 122, 3974776, 3800512, 0.4, 50, 100, 13, 136, 5000, 5
0, 6750, 103, 117, 119, 4056848, 3739233, 0.4, 50, 100, 13, 144, 5000, 5
1, 5602, 98, 106, 105, 3370187, 3376620, 0.4, 50, 100, 13, 119, 5000, 5
0, 6750, 108, 122, 120, 3787746, 3674570, 0.4, 50, 100, 13, 152, 5000, 5
0, 6750, 99, 117, 117, 3643934, 3392717, 0.4, 50, 100, 13, 137, 5000, 5
0, 6750, 104, 123, 113, 4299987, 4032459, 0.4, 50, 100, 13, 147, 5000, 5
0, 6750, 113, 140, 134, 3749212, 3575756, 0.4, 50, 100, 13, 161, 5000, 5
0, 6750, 97, 117, 112, 3916203, 3590805, 0.4, 50, 100, 13, 128, 5000, 5
0, 6750, 102, 130, 118, 3887491, 3528467, 0.4, 50, 100, 13, 171, 5000, 5
0, 6750, 95, 120, 117, 4015383, 3805042, 0.4, 50, 100, 13, 165, 5000, 5
0, 6750, 112, 129, 125, 3915872, 3729713, 0.4, 50, 100, 13, 150, 5000, 5
0, 6750, 108, 136, 118, 3946910, 3668080, 0.4, 50, 100, 13, 145, 5000, 5
0, 6750, 95, 124, 108, 3863336, 3667655, 0.4, 50, 100, 13, 134, 5000, 5
0, 6750, 95, 113, 108, 4185903, 3933083, 0.4, 50, 100, 13, 134, 5000, 5
0, 6750, 108, 125, 126, 4134296, 3934399, 0.4, 50, 100, 13, 131, 5000, 5
0, 6750, 99, 118, 113, 3964741, 3850142, 0.4, 50, 100, 13, 132, 5000, 5
0, 6750, 111, 128, 129, 3943912, 3668189, 0.4, 50, 100, 13, 135, 5000, 5
0, 6750, 89, 109, 112, 3790166, 3748157, 0.4, 50, 100, 13, 142, 5000, 5
0, 6750, 112, 138, 125, 3771548, 3537785, 0.4, 50, 100, 13, 132, 5000, 5
0, 6750, 93, 106, 102, 3841438, 3685691, 0.4, 50, 100, 13, 134, 5000, 5
0, 6750, 113, 142, 131, 3915973, 3540030, 0.4, 50, 100, 13, 140, 5000, 5
0, 6750, 115, 138, 128, 3909785, 3720727, 0.4, 50, 100, 13, 138, 5000, 5
0, 6750, 101, 118, 125, 3848933, 3612839, 0.4, 50, 100, 13, 154, 5000, 5
0, 6750, 93, 124, 114, 3882510, 3566119, 0.4, 50, 100, 13, 128, 5000, 5
0, 6750, 103, 123, 118, 4081088, 3816253, 0.4, 50, 100, 13, 134, 5000, 5
0, 6750, 100, 122, 118, 4226353, 3972703, 0.4, 50, 100, 13, 139, 5000, 5
0, 6750, 109, 129, 125, 4129806, 3759244, 0.4, 50, 100, 13, 135, 5000, 5
0, 6750, 109, 133, 126, 4080552, 3954364, 0.4, 50, 100, 13, 137, 5000, 5
0, 6750, 99, 122, 110, 3968059, 3651498, 0.4, 50, 100, 13, 144, 5000, 5
0, 6750, 98, 125, 117, 3973355, 3823263, 0.4, 50, 100, 13, 161, 5000, 5
0, 6750, 106, 126, 114, 3801889, 3597647, 0.4, 50, 100, 13, 133, 5000, 5
0, 6750, 115, 138, 133, 4020895, 3786001, 0.4, 50, 100, 13, 138, 5000, 5
0, 6750, 101, 131, 115, 4089443, 3898030, 0.4, 50, 100, 13, 139, 5000, 5
0, 6750, 103, 123, 117, 3740752, 3551939, 0.4, 50, 100, 13, 137, 5000, 5
0, 6750, 82, 99, 96, 4102328, 3586035, 0.4, 50, 100, 13, 155, 5000, 5
0, 6750, 97, 106, 102, 3684389, 3547615, 0.4, 50, 100, 13, 152, 5000, 5
0, 6750, 100, 128, 116, 4081910, 3841539, 0.4, 50, 100, 13, 140, 5000, 5
0, 6750, 96, 129, 108, 3957313, 3746787, 0.4, 50, 100, 13, 132, 5000, 5
0, 6750, 97, 122, 104, 3759052, 3438154, 0.4, 50, 100, 13, 148, 5000, 5
0, 6750, 111, 130, 128, 3832826, 3615706, 0.4, 50, 100, 13, 134, 5000, 5
0, 6750, 110, 123, 125, 3938655, 3781646, 0.4, 50, 100, 13, 129, 5000, 5
0, 6750, 94, 107, 119, 3655684, 3595117, 0.4, 50, 100, 13, 131, 5000, 5
0, 6750, 101, 128, 120, 3882370, 3715729, 0.4, 50, 100, 13, 134, 5000, 5
0, 6750, 84, 102, 99, 4058128, 3856799, 0.4, 50, 100, 13, 124, 5000, 5
0, 6750, 95, 113, 108, 3983165, 3666301, 0.4, 50, 100, 13, 143, 5000, 5
0, 6750, 86, 117, 99, 3990652, 3723368, 0.4, 50, 100, 13, 141, 5000, 5
0, 6750, 110, 132, 126, 4013317, 3765619, 0.4, 50, 100, 13, 123, 5000, 5
0, 6750, 113, 139, 126, 4031540, 3814839, 0.4, 50, 100, 13, 131, 5000, 5
0, 6750, 95, 110, 103, 4521463, 4303366, 0.4, 50, 100, 15, 169, 5000, 5
0, 6750, 101, 121, 113, 4341642, 4012719, 0.4, 50, 100, 15, 175, 5000, 5
0, 6750, 88, 111, 104, 4625424, 4388584, 0.4, 50, 100, 15, 172, 5000, 5
0, 6750, 90, 109, 102, 4480621, 4152384, 0.4, 50, 100, 15, 184, 5000, 5
0, 6750, 107, 125, 120, 4418212, 4191895, 0.4, 50, 100, 15, 172, 5000, 5
0, 6750, 94, 114, 113, 4635632, 4331703, 0.4, 50, 100, 15, 166, 5000, 5
0, 6750, 99, 124, 116, 4449895, 4170642, 0.4, 50, 100, 15, 170, 5000, 5
0, 6750, 111, 138, 122, 4527537, 4220105, 0.4, 50, 100, 15, 173, 5000, 5
0, 6750, 95, 116, 105, 4547208, 4305239, 0.4, 50, 100, 15, 171, 5000, 5
0, 6750, 91, 114, 106, 4586613, 4311024, 0.4, 50, 100, 15, 161, 5000, 5
0, 6750, 97, 119, 112, 4507406, 4309483, 0.4, 50, 100, 15, 198, 5000, 5
0, 6750, 86, 99, 102, 4546430, 4286263, 0.4, 50, 100, 15, 203, 5000, 5
0, 6750, 100, 121, 115, 4707781, 4359124, 0.4, 50, 100, 15, 177, 5000, 5
0, 6750, 102, 124, 113, 4564659, 4322189, 0.4, 50, 100, 15, 172, 5000, 5
0, 6750, 105, 121, 123, 4328805, 4187473, 0.4, 50, 100, 15, 172, 5000, 5
0, 6750, 97, 111, 117, 4530507, 4409376, 0.4, 50, 100, 15, 190, 5000, 5
0, 6750, 98, 119, 113, 4607072, 4364990, 0.4, 50, 100, 15, 175, 5000, 5
0, 6750, 107, 135, 119, 4582675, 4186790, 0.4, 50, 100, 15, 165, 5000, 5
0, 6750, 103, 125, 117, 4703278, 4433232, 0.4, 50, 100, 15, 169, 5000, 5
0, 6750, 99, 119, 111, 4507973, 4194639, 0.4, 50, 100, 15, 167, 5000, 5
0, 6750, 104, 123, 114, 4669392, 4358166, 0.4, 50, 100, 15, 185, 5000, 5
0, 6750, 101, 132, 114, 4729733, 4427525, 0.4, 50, 100, 15, 189, 5000, 5
0, 6750, 94, 122, 105, 4540241, 4136046, 0.4, 50, 100, 15, 214, 5000, 5
0, 6750, 102, 129, 117, 4493421, 4075874, 0.4, 50, 100, 15, 165, 5000, 5
0, 6750, 101, 124, 108, 4773100, 4275387, 0.4, 50, 100, 15, 182, 5000, 5
0, 6750, 102, 123, 116, 4629797, 4480003, 0.4, 50, 100, 15, 215, 5000, 5
0, 6750, 109, 126, 126, 4669599, 4311559, 0.4, 50, 100, 15, 182, 5000, 5
0, 6750, 107, 129, 120, 4566985, 4306254, 0.4, 50, 100, 15, 185, 5000, 5
0, 6750, 108, 128, 127, 4570020, 4294711, 0.4, 50, 100, 15, 187, 5000, 5
0, 6750, 86, 105, 103, 4473721, 4214544, 0.4, 50, 100, 15, 194, 5000, 5
0, 6750, 99, 123, 117, 4388063, 4141790, 0.4, 50, 100, 15, 194, 5000, 5
0, 6750, 98, 118, 112, 4495258, 4099554, 0.4, 50, 100, 15, 165, 5000, 5
0, 6750, 100, 121, 115, 4502380, 4326452, 0.4, 50, 100, 15, 166, 5000, 5
0, 6750, 90, 111, 112, 4306205, 4082499, 0.4, 50, 100, 15, 179, 5000, 5
1, 5594, 109, 117, 115, 4206538, 4247677, 0.4, 50, 100, 15, 141, 5000, 5
0, 6750, 107, 127, 119, 4556026, 4190884, 0.4, 50, 100, 15, 178, 5000, 5
0, 6750, 94, 113, 108, 4440203, 4133173, 0.4, 50, 100, 15, 173, 5000, 5
0, 6750, 89, 119, 101, 4476509, 4186688, 0.4, 50, 100, 15, 166, 5000, 5
0, 6750, 87, 112, 103, 4585239, 4353830, 0.4, 50, 100, 15, 170, 5000, 5
0, 6750, 100, 119, 116, 4573083, 4381852, 0.4, 50, 100, 15, 190, 5000, 5
0, 6750, 91, 103, 103, 4288017, 4141787, 0.4, 50, 100, 15, 181, 5000, 5
0, 6750, 115, 134, 125, 4671149, 4435863, 0.4, 50, 100, 15, 194, 5000, 5
0, 6750, 85, 113, 107, 4504455, 4365073, 0.4, 50, 100, 15, 178, 5000, 5
0, 6750, 106, 119, 118, 4383863, 4254241, 0.4, 50, 100, 15, 178, 5000, 5
0, 6750, 100, 116, 112, 4384616, 4075326, 0.4, 50, 100, 15, 192, 5000, 5
0, 6750, 105, 127, 120, 4497631, 4202133, 0.4, 50, 100, 15, 197, 5000, 5
0, 6750, 83, 105, 98, 4538338, 4117874, 0.4, 50, 100, 15, 180, 5000, 5
0, 6750, 97, 135, 119, 4563469, 4374608, 0.4, 50, 100, 15, 168, 5000, 5
0, 6750, 98, 115, 108, 4453373, 4089698, 0.4, 50, 100, 15, 192, 5000, 5
0, 6750, 102, 126, 110, 4452036, 4252337, 0.4, 50, 100, 15, 187, 5000, 5
0, 6750, 98, 114, 116, 4346118, 4191730, 0.4, 50, 100, 15, 224, 5000, 5
0, 6750, 103, 129, 124, 4379841, 4205799, 0.4, 50, 100, 15, 183, 5000, 5
0, 6750, 94, 116, 113, 4456022, 4360124, 0.4, 50, 100, 15, 182, 5000, 5
0, 6750, 100, 119, 112, 4504293, 4260136, 0.4, 50, 100, 15, 184, 5000, 5
0, 6750, 90, 112, 98, 4577003, 4239594, 0.4, 50, 100, 15, 189, 5000, 5
0, 6750, 95, 118, 119, 4565413, 4416373, 0.4, 50, 100, 15, 182, 5000, 5
0, 6750, 96, 126, 114, 4684116, 4353994, 0.4, 50, 100, 15, 180, 5000, 5
0, 6750, 100, 130, 115, 4648007, 4267505, 0.4, 50, 100, 15, 194, 5000, 5
0, 6750, 86, 100, 97, 4581757, 4442433, 0.4, 50, 100, 15, 219, 5000, 5
0, 6750, 92, 111, 112, 4547992, 4367372, 0.4, 50, 100, 15, 222, 5000, 5
0, 6750, 98, 116, 114, 4497732, 4223009, 0.4, 50, 100, 15, 203, 5000, 5
0, 6750, 109, 130, 129, 4672456, 4454866, 0.4, 50, 100, 15, 182, 5000, 5
0, 6750, 109, 120, 117, 4238957, 4114870, 0.4, 50, 100, 15, 168, 5000, 5
0, 6750, 105, 128, 125, 4366685, 4151757, 0.4, 50, 100, 15, 189, 5000, 5
0, 6750, 99, 126, 116, 4544910, 4206717, 0.4, 50, 100, 15, 251, 5000, 5
0, 6750, 93, 122, 104, 4501237, 4172642, 0.4, 50, 100, 15, 179, 5000, 5
0, 6750, 115, 135, 128, 4255583, 4182917, 0.4, 50, 100, 15, 198, 5000, 5
0, 6750, 86, 110, 95, 4417905, 3988330, 0.4, 50, 100, 15, 173, 5000, 5
0, 6750, 100, 113, 117, 4769460, 4544078, 0.4, 50, 100, 15, 201, 5000, 5
0, 6750, 92, 105, 98, 4603665, 4392542, 0.4, 50, 100, 15, 177, 5000, 5
0, 6750, 83, 97, 99, 4277385, 4135924, 0.4, 50, 100, 15, 198, 5000, 5
0, 6750, 82, 100, 99, 4612299, 4382428, 0.4, 50, 100, 15, 188, 5000, 5
0, 6750, 117, 138, 128, 4730481, 4377478, 0.4, 50, 100, 15, 178, 5000, 5
0, 6750, 112, 141, 125, 4722870, 4425174, 0.4, 50, 100, 15, 198, 5000, 5
0, 6750, 111, 130, 129, 4662028, 4411181, 0.4, 50, 100, 15, 188, 5000, 5
0, 6750, 108, 131, 119, 4382344, 4115879, 0.4, 50, 100, 15, 178, 5000, 5
0, 6750, 110, 134, 116, 4628224, 4195134, 0.4, 50, 100, 15, 188, 5000, 5
0, 6750, 88, 114, 106, 4305912, 4141127, 0.4, 50, 100, 15, 173, 5000, 5
0, 6750, 102, 131, 123, 4495528, 4244403, 0.4, 50, 100, 15, 177, 5000, 5
0, 6750, 111, 129, 124, 4693334, 4350350, 0.4, 50, 100, 15, 180, 5000, 5
0, 6750, 88, 119, 106, 4664688, 4420463, 0.4, 50, 100, 15, 179, 5000, 5
0, 6750, 106, 124, 117, 4562619, 4247673, 0.4, 50, 100, 15, 192, 5000, 5
0, 6750, 96, 120, 113, 4455458, 4137850, 0.4, 50, 100, 15, 233, 5000, 5
0, 6750, 96, 124, 100, 4281638, 3785954, 0.4, 50, 100, 15, 170, 5000, 5
0, 6750, 106, 128, 118, 4771698, 4415705, 0.4, 50, 100, 15, 163, 5000, 5
0, 6750, 124, 144, 138, 4405522, 4183468, 0.4, 50, 100, 15, 198, 5000, 5
0, 6750, 97, 120, 110, 4702137, 4380922, 0.4, 50, 100, 15, 203, 5000, 5
0, 6750, 109, 133, 129, 4453489, 4119993, 0.4, 50, 100, 15, 208, 5000, 5
0, 6750, 113, 137, 130, 4802727, 4523310, 0.4, 50, 100, 15, 173, 5000, 5
0, 6750, 90, 106, 108, 4466156, 4203484, 0.4, 50, 100, 15, 184, 5000, 5
0, 6750, 106, 130, 124, 4592349, 4294918, 0.4, 50, 100, 15, 192, 5000, 5
0, 6750, 101, 125, 118, 4747476, 4540378, 0.4, 50, 100, 15, 190, 5000, 5
0, 6750, 97, 123, 113, 4551575, 4343702, 0.4, 50, 100, 15, 185, 5000, 5
0, 6750, 111, 146, 136, 4671796, 4395002, 0.4, 50, 100, 15, 175, 5000, 5
0, 6750, 105, 129, 123, 4471332, 4210299, 0.4, 50, 100, 15, 173, 5000, 5
0, 6750, 109, 129, 118, 4438351, 4291324, 0.4, 50, 100, 15, 174, 5000, 5
0, 6750, 121, 141, 142, 4629050, 4407749, 0.4, 50, 100, 15, 172, 5000, 5
0, 6750, 83, 108, 102, 4628507, 4328024, 0.4, 50, 100, 15, 177, 5000, 5
0, 6750, 95, 114, 104, 4657823, 4531192, 0.4, 50, 100, 15, 202, 5000, 5
0, 6750, 107, 126, 128, 4646514, 4389896, 0.4, 50, 100, 15, 185, 5000, 5
0, 6750, 86, 106, 96, 5114591, 4808449, 0.4, 50, 100, 17, 211, 5000, 5
0, 6750, 102, 123, 119, 5215667, 4884408, 0.4, 50, 100, 17, 218, 5000, 5
0, 6750, 105, 125, 121, 5137891, 4985675, 0.4, 50, 100, 17, 223, 5000, 5
0, 6750, 75, 99, 89, 4746727, 4510695, 0.4, 50, 100, 17, 212, 5000, 5
0, 6750, 116, 141, 138, 5269352, 5057070, 0.4, 50, 100, 17, 228, 5000, 5
0, 6750, 95, 121, 107, 5104829, 4662214, 0.4, 50, 100, 17, 227, 5000, 5
0, 6750, 97, 109, 117, 5127346, 5046677, 0.4, 50, 100, 17, 218, 5000, 5
0, 6750, 98, 122, 110, 5112573, 4638932, 0.4, 50, 100, 17, 227, 5000, 5
0, 6750, 105, 129, 117, 5147945, 4853879, 0.4, 50, 100, 17, 220, 5000, 5
0, 6750, 85, 103, 103, 5482762, 5177573, 0.4, 50, 100, 17, 208, 5000, 5
0, 6750, 91, 117, 102, 4895885, 4599536, 0.4, 50, 100, 17, 228, 5000, 5
0, 6750, 86, 114, 94, 5140418, 4687699, 0.4, 50, 100, 17, 213, 5000, 5
0, 6750, 102, 129, 112, 5224313, 4893978, 0.4, 50, 100, 17, 210, 5000, 5
0, 6750, 117, 143, 133, 4980603, 4668533, 0.4, 50, 100, 17, 245, 5000, 5
0, 6750, 88, 110, 111, 4945992, 4788973, 0.4, 50, 100, 17, 212, 5000, 5
0, 6750, 107, 131, 122, 5220111, 4978263, 0.4, 50, 100, 17, 227, 5000, 5
0, 6750, 90, 115, 101, 5088688, 4753720, 0.4, 50, 100, 17, 265, 5000, 5
0, 6750, 86, 104, 99, 5190848, 4900546, 0.4, 50, 100, 17, 220, 5000, 5
0, 6750, 98, 115, 115, 5040255, 4839000, 0.4, 50, 100, 17, 268, 5000, 5
0, 6750, 101, 119, 110, 5151633, 4822251, 0.4, 50, 100, 17, 218, 5000, 5
0, 6750, 104, 122, 118, 5358058, 5149148, 0.4, 50, 100, 17, 220, 5000, 5
0, 6750, 95, 116, 110, 4985301, 4729572, 0.4, 50, 100, 17, 247, 5000, 5
0, 6750, 91, 116, 100, 4958129, 4645552, 0.4, 50, 100, 17, 229, 5000, 5
0, 6750, 108, 126, 121, 5084422, 4773154, 0.4, 50, 100, 17, 233, 5000, 5
0, 6750, 94, 118, 110, 5279266, 4971723, 0.4, 50, 100, 17, 221, 5000, 5
0, 6750, 97, 121, 117, 4991356, 4835814, 0.4, 50, 100, 17, 261, 5000, 5
0, 6750, 101, 123, 116, 4913201, 4667212, 0.4, 50, 100, 17, 255, 5000, 5
0, 6750, 99, 120, 117, 4939496, 4680197, 0.4, 50, 100, 17, 224, 5000, 5
0, 6750, 110, 127, 128, 5041730, 4747798, 0.4, 50, 100, 17, 246, 5000, 5
0, 6750, 107, 133, 121, 5145801, 4816700, 0.4, 50, 100, 17, 230, 5000, 5
0, 6750, 107, 126, 125, 5183146, 4856169, 0.4, 50, 100, 17, 220, 5000, 5
0, 6750, 104, 128, 120, 5068686, 4814237, 0.4, 50, 100, 17, 221, 5000, 5
0, 6750, 100, 124, 117, 4977591, 4702710, 0.4, 50, 100, 17, 220, 5000, 5
0, 6750, 90, 121, 106, 5028571, 4660234, 0.4, 50, 100, 17, 246, 5000, 5
0, 6750, 114, 141, 127, 5041245, 4767811, 0.4, 50, 100, 17, 205, 5000, 5
0, 6750, 104, 119, 111, 4898060, 4680142, 0.4, 50, 100, 17, 233, 5000, 5
0, 6750, 111, 131, 123, 4987613, 4758410, 0.4, 50, 100, 17, 209, 5000, 5
0, 6750, 90, 113, 110, 5258095, 4956488, 0.4, 50, 100, 17, 224, 5000, 5
0, 6750, 99, 123, 109, 5345322, 4928169, 0.4, 50, 100, 17, 226, 5000, 5
0, 6750, 107, 125, 121, 5033417, 4823121, 0.4, 50, 100, 17, 210, 5000, 5
0, 6750, 91, 117, 111, 5388616, 5010513, 0.4, 50, 100, 17, 219, 5000, 5
0, 6750, 102, 128, 115, 5029356, 4661213, 0.4, 50, 100, 17, 222, 5000, 5
0, 6750, 108, 134, 130, 4882202, 4571649, 0.4, 50, 100, 17, 217, 5000, 5
0, 6750, 96, 115, 108, 5168780, 4887419, 0.4, 50, 100, 17, 220, 5000, 5
0, 6750, 107, 134, 124, 5021641, 4776333, 0.4, 50, 100, 17, 216, 5000, 5
0, 6750, 87, 105, 104, 4996662, 4740558, 0.4, 50, 100, 17, 214, 5000, 5
0, 6750, 89, 108, 106, 5472439, 5015162, 0.4, 50, 100, 17, 210, 5000, 5
0, 6750, 105, 125, 123, 5624159, 5252228, 0.4, 50, 100, 17, 202, 5000, 5
0, 6750, 112, 140, 127, 5145591, 4823075, 0.4, 50, 100, 17, 211, 5000, 5
0, 6750, 88, 101, 97, 5073599, 4883894, 0.4, 50, 100, 17, 229, 5000, 5
0, 6750, 101, 130, 122, 5235525, 5005830, 0.4, 50, 100, 17, 283, 5000, 5
0, 6750, 107, 123, 119, 5324823, 4885847, 0.4, 50, 100, 17, 235, 5000, 5
0, 6750, 93, 116, 107, 4886449, 4726392, 0.4, 50, 100, 17, 235, 5000, 5
0, 6750, 109, 129, 121, 5174512, 4771836, 0.4, 50, 100, 17, 224, 5000, 5
0, 6750, 93, 126, 108, 5077789, 4911550, 0.4, 50, 100, 17, 245, 5000, 5
0, 6750, 90, 109, 98, 5300969, 5034979, 0.4, 50, 100, 17, 225, 5000, 5
0, 6750, 99, 122, 119, 5497140, 5207155, 0.4, 50, 100, 17, 222, 5000, 5
0, 6750, 102, 130, 117, 4976029, 4826012, 0.4, 50, 100, 17, 234, 5000, 5
0, 6750, 109, 125, 118, 5365546, 4982448, 0.4, 50, 100, 17, 225, 5000, 5
0, 6750, 110, 128, 127, 5089788, 4905876, 0.4, 50, 100, 17, 223, 5000, 5
0, 6750, 100, 122, 113, 5079215, 4895259, 0.4, 50, 100, 17, 218, 5000, 5
0, 6750, 93, 114, 101, 5142809, 5025769, 0.4, 50, 100, 17, 246, 5000, 5
0, 6750, 103, 121, 117, 5155772, 4925610, 0.4, 50, 100, 17, 249, 5000, 5
0, 6750, 90, 112, 111, 5204567, 4939230, 0.4, 50, 100, 17, 218, 5000, 5
0, 6750, 100, 132, 119, 5262103, 4843455, 0.4, 50, 100, 17, 217, 5000, 5
0, 6750, 108, 127, 122, 5203665, 4983095, 0.4, 50, 100, 17, 227, 5000, 5
0, 6750, 98, 122, 118, 5112246, 4814769, 0.4, 50, 100, 17, 225, 5000, 5
0, 6750, 103, 118, 116, 5262199, 5034077, 0.4, 50, 100, 17, 211, 5000, 5
0, 6750, 82, 101, 97, 4990962, 4785463, 0.4, 50, 100, 17, 234, 5000, 5
0, 6750, 96, 119, 106, 5109910, 4890351, 0.4, 50, 100, 17, 208, 5000, 5
0, 6750, 105, 131, 120, 5178949, 4871309, 0.4, 50, 100, 17, 211, 5000, 5
0, 6750, 101, 123, 117, 5076227, 4796928, 0.4, 50, 100, 17, 219, 5000, 5
0, 6750, 79, 103, 94, 5060867, 4884196, 0.4, 50, 100, 17, 218, 5000, 5
0, 6750, 106, 129, 117, 5072878, 4782760, 0.4, 50, 100, 17, 222, 5000, 5
0, 6750, 107, 128, 124, 5234326, 4924505, 0.4, 50, 100, 17, 223, 5000, 5
0, 6750, 103, 123, 124, 4821084, 4620584, 0.4, 50, 100, 17, 284, 5000, 5
0, 6750, 113, 136, 131, 5095299, 4836410, 0.4, 50, 100, 17, 242, 5000, 5
0, 6750, 106, 126, 118, 5058361, 4764696, 0.4, 50, 100, 17, 241, 5000, 5
0, 6750, 98, 119, 112, 5064717, 4765253, 0.4, 50, 100, 17, 250, 5000, 5
0, 6750, 118, 142, 135, 5154302, 4689602, 0.4, 50, 100, 17, 240, 5000, 5
0, 6750, 89, 109, 98, 5340353, 4984146, 0.4, 50, 100, 17, 222, 5000, 5
0, 6750, 101, 129, 119, 5396536, 5072555, 0.4, 50, 100, 17, 230, 5000, 5
0, 6750, 101, 129, 114, 5227777, 4858019, 0.4, 50, 100, 17, 218, 5000, 5
0, 6750, 97, 111, 116, 5379677, 5133063, 0.4, 50, 100, 17, 255, 5000, 5
0, 6750, 107, 128, 119, 4955589, 4649175, 0.4, 50, 100, 17, 255, 5000, 5
0, 6750, 89, 116, 99, 5320211, 5026581, 0.4, 50, 100, 17, 236, 5000, 5
0, 6750, 104, 123, 121, 5115060, 4863477, 0.4, 50, 100, 17, 227, 5000, 5
0, 6750, 98, 121, 110, 4920668, 4641403, 0.4, 50, 100, 17, 272, 5000, 5
0, 6750, 110, 129, 123, 5061952, 4756718, 0.4, 50, 100, 17, 241, 5000, 5
0, 6750, 117, 144, 129, 5208822, 4831033, 0.4, 50, 100, 17, 248, 5000, 5
0, 6750, 99, 120, 109, 5058811, 4633694, 0.4, 50, 100, 17, 219, 5000, 5
0, 6750, 102, 118, 115, 5167802, 4829859, 0.4, 50, 100, 17, 251, 5000, 5
0, 6750, 114, 137, 128, 5109912, 4823381, 0.4, 50, 100, 17, 251, 5000, 5
0, 6750, 95, 108, 103, 5202225, 4921662, 0.4, 50, 100, 17, 310, 5000, 5
0, 6750, 101, 120, 117, 5047498, 4795404, 0.4, 50, 100, 17, 223, 5000, 5
0, 6750, 84, 103, 97, 5045560, 4765758, 0.4, 50, 100, 17, 248, 5000, 5
0, 6750, 99, 115, 111, 4962815, 4920029, 0.4, 50, 100, 17, 239, 5000, 5
0, 6750, 110, 128, 128, 4936495, 4646871, 0.4, 50, 100, 17, 231, 5000, 5
0, 6750, 100, 122, 117, 5096134, 4956356, 0.4, 50, 100, 17, 246, 5000, 5
0, 6750, 99, 114, 111, 5066342, 4833214, 0.4, 50, 100, 17, 279, 5000, 5
0, 6750, 105, 133, 119, 5698597, 5326939, 0.4, 50, 100, 19, 264, 5000, 5
0, 6750, 79, 106, 96, 5712690, 5372934, 0.4, 50, 100, 19, 264, 5000, 5
0, 6750, 103, 124, 117, 5733135, 5446031, 0.4, 50, 100, 19, 259, 5000, 5
0, 6750, 94, 118, 103, 5621982, 5298265, 0.4, 50, 100, 19, 268, 5000, 5
0, 6750, 96, 118, 111, 5818193, 5498441, 0.4, 50, 100, 19, 292, 5000, 5
0, 6750, 83, 104, 98, 5807455, 5545580, 0.4, 50, 100, 19, 275, 5000, 5
0, 6750, 97, 117, 115, 5670508, 5421768, 0.4, 50, 100, 19, 272, 5000, 5
0, 6750, 102, 120, 115, 5801680, 5474898, 0.4, 50, 100, 19, 271, 5000, 5
0, 6750, 101, 112, 109, 5407690, 5161706, 0.4, 50, 100, 19, 295, 5000, 5
0, 6750, 108, 130, 122, 5492115, 5191167, 0.4, 50, 100, 19, 288, 5000, 5
0, 6750, 94, 118, 114, 5811815, 5490511, 0.4, 50, 100, 19, 294, 5000, 5
0, 6750, 105, 123, 117, 5995069, 5648013, 0.4, 50, 100, 19, 262, 5000, 5
0, 6750, 82, 93, 98, 5645134, 5417927, 0.4, 50, 100, 19, 279, 5000, 5
0, 6750, 100, 123, 112, 5677851, 5404818, 0.4, 50, 100, 19, 341, 5000, 5
0, 6750, 109, 126, 127, 5695364, 5497080, 0.4, 50, 100, 19, 301, 5000, 5
0, 6750, 98, 115, 111, 5620313, 5261423, 0.4, 50, 100, 19, 304, 5000, 5
0, 6750, 91, 117, 105, 5658966, 5264671, 0.4, 50, 100, 19, 269, 5000, 5
0, 6750, 102, 126, 120, 5765557, 5493153, 0.4, 50, 100, 19, 320, 5000, 5
0, 6750, 108, 130, 123, 5781052, 5477988, 0.4, 50, 100, 19, 271, 5000, 5
0, 6750, 115, 136, 131, 5892452, 5549040, 0.4, 50, 100, 19, 359, 5000, 5
0, 6750, 105, 123, 122, 5609489, 5258368, 0.4, 50, 100, 19, 300, 5000, 5
0, 6750, 108, 124, 122, 5693695, 5387486, 0.4, 50, 100, 19, 256, 5000, 5
0, 6750, 111, 141, 125, 5916566, 5569542, 0.4, 50, 100, 19, 274, 5000, 5
0, 6750, 98, 128, 118, 5768015, 5437837, 0.4, 50, 100, 19, 271, 5000, 5
0, 6750, 94, 118, 109, 5848275, 5657925, 0.4, 50, 100, 19, 262, 5000, 5
0, 6750, 82, 98, 97, 5928386, 5771273, 0.4, 50, 100, 19, 286, 5000, 5
0, 6750, 101, 125, 114, 5503666, 5230746, 0.4, 50, 100, 19, 294, 5000, 5
0, 6750, 112, 143, 125, 5796363, 5334953, 0.4, 50, 100, 19, 270, 5000, 5
0, 6750, 110, 132, 123, 5598833, 5371617, 0.4, 50, 100, 19, 259, 5000, 5
0, 6750, 96, 122, 112, 5554928, 5328048, 0.4, 50, 100, 19, 264, 5000, 5
0, 6750, 95, 121, 112, 5828039, 5517257, 0.4, 50, 100, 19, 266, 5000, 5
0, 6750, 105, 127, 119, 5788746, 5558986, 0.4, 50, 100, 19, 280, 5000, 5
0, 6750, 105, 130, 121, 5774111, 5419608, 0.4, 50, 100, 19, 287, 5000, 5
0, 6750, 105, 127, 118, 5923876, 5526779, 0.4, 50, 100, 19, 269, 5000, 5
0, 6750, 111, 139, 125, 6015893, 5540755, 0.4, 50, 100, 19, 269, 5000, 5
0, 6750, 105, 125, 119, 6074056, 5669305, 0.4, 50, 100, 19, 260, 5000, 5
0, 6750, 108, 131, 114, 5776709, 5449980, 0.4, 50, 100, 19, 317, 5000, 5
0, 6750, 98, 128, 115, 5588495, 5188356, 0.4, 50, 100, 19, 251, 5000, 5
0, 6750, 92, 105, 112, 5590999, 5288505, 0.4, 50, 100, 19, 284, 5000, 5
0, 6750, 110, 126, 124, 5596360, 5227879, 0.4, 50, 100, 19, 281, 5000, 5
0, 6750, 112, 134, 126, 5617888, 5179936, 0.4, 50, 100, 19, 283, 5000, 5
0, 6750, 102, 121, 111, 5776147, 5550431, 0.4, 50, 100, 19, 277, 5000, 5
0, 6750, 90, 118, 102, 6053067, 5746612, 0.4, 50, 100, 19, 297, 5000, 5
0, 6750, 104, 125, 118, 5554609, 5244499, 0.4, 50, 100, 19, 302, 5000, 5
0, 6750, 111, 141, 125, 6012651, 5687925, 0.4, 50, 100, 19, 265, 5000, 5
0, 6750, 100, 120, 118, 6108537, 5678816, 0.4, 50, 100, 19, 275, 5000, 5
0, 6750, 103, 141, 124, 5762191, 5365524, 0.4, 50, 100, 19, 264, 5000, 5
0, 6750, 104, 129, 118, 5773398, 5395262, 0.4, 50, 100, 19, 282, 5000, 5
0, 6750, 116, 136, 131, 5810756, 5590187, 0.4, 50, 100, 19, 280, 5000, 5
0, 6750, 103, 131, 114, 5572443, 5365260, 0.4, 50, 100, 19, 270, 5000, 5
0, 6750, 99, 130, 111, 5816341, 5505635, 0.4, 50, 100, 19, 281, 5000, 5
0, 6750, 106, 130, 123, 5792429, 5336791, 0.4, 50, 100, 19, 312, 5000, 5
0, 6750, 108, 135, 119, 5523118, 5236046, 0.4, 50, 100, 19, 292, 5000, 5
0, 6750, 109, 131, 129, 5947693, 5649593, 0.4, 50, 100, 19, 279, 5000, 5
0, 6750, 88, 109, 104, 5730201, 5441855, 0.4, 50, 100, 19, 281, 5000, 5
0, 6750, 107, 141, 120, 5859111, 5528670, 0.4, 50, 100, 19, 274, 5000, 5
0, 6750, 98, 125, 111, 5778111, 5258228, 0.4, 50, 100, 19, 310, 5000, 5
0, 6750, 104, 132, 117, 5698585, 5329333, 0.4, 50, 100, 19, 305, 5000, 5
0, 6750, 99, 124, 111, 5674162, 5240573, 0.4, 50, 100, 19, 283, 5000, 5
0, 6750, 101, 125, 118, 5714500, 5467485, 0.4, 50, 100, 19, 282, 5000, 5
0, 6750, 111, 129, 127, 5785096, 5410424, 0.4, 50, 100, 19, 313, 5000, 5
0, 6750, 117, 139, 131, 5966551, 5690205, 0.4, 50, 100, 19, 276, 5000, 5
0, 6750, 98, 117, 114, 5444464, 5111738, 0.4, 50, 100, 19, 296, 5000, 5
0, 6750, 106, 127, 120, 5465289, 5431316, 0.4, 50, 100, 19, 280, 5000, 5
0, 6750, 106, 130, 117, 5706902, 5314122, 0.4, 50, 100, 19, 287, 5000, 5
0, 6750, 85, 107, 100, 5863777, 5523662, 0.4, 50, 100, 19, 281, 5000, 5
0, 6750, 101, 127, 112, 6098058, 5786433, 0.4, 50, 100, 19, 252, 5000, 5
0, 6750, 107, 131, 119, 5621851, 5304435, 0.4, 50, 100, 19, 319, 5000, 5
0, 6750, 97, 125, 118, 5608774, 5249472, 0.4, 50, 100, 19, 276, 5000, 5
0, 6750, 93, 118, 104, 5716101, 5255925, 0.4, 50, 100, 19, 298, 5000, 5
0, 6750, 105, 128, 119, 5507071, 5183311, 0.4, 50, 100, 19, 284, 5000, 5
0, 6750, 97, 121, 110, 5575088, 5117014, 0.4, 50, 100, 19, 277, 5000, 5
0, 6750, 89, 108, 106, 5753767, 5467910, 0.4, 50, 100, 19, 275, 5000, 5
0, 6750, 101, 114, 114, 5525981, 5217363, 0.4, 50, 100, 19, 306, 5000, 5
0, 6750, 85, 110, 100, 5564785, 5275867, 0.4, 50, 100, 19, 277, 5000, 5
0, 6750, 95, 112, 113, 5797906, 5544152, 0.4, 50, 100, 19, 276, 5000, 5
0, 6750, 103, 124, 119, 6020098, 5711515, 0.4, 50, 100, 19, 300, 5000, 5
0, 6750, 103, 119, 124, 5829021, 5530815, 0.4, 50, 100, 19, 305, 5000, 5
0, 6750, 110, 135, 126, 5722142, 5442904, 0.4, 50, 100, 19, 289, 5000, 5
0, 6750, 102, 130, 114, 5853676, 5484138, 0.4, 50, 100, 19, 302, 5000, 5
0, 6750, 96, 121, 116, 5688443, 5395080, 0.4, 50, 100, 19, 278, 5000, 5
0, 6750, 93, 122, 107, 5627496, 5369185, 0.4, 50, 100, 19, 278, 5000, 5
0, 6750, 97, 124, 115, 5738841, 5405805, 0.4, 50, 100, 19, 272, 5000, 5
0, 6750, 94, 119, 110, 5646207, 5172866, 0.4, 50, 100, 19, 328, 5000, 5
0, 6750, 94, 112, 106, 5780765, 5565867, 0.4, 50, 100, 19, 268, 5000, 5
0, 6750, 95, 122, 105, 5908370, 5462928, 0.4, 50, 100, 19, 254, 5000, 5
0, 6750, 96, 124, 110, 5425419, 5071151, 0.4, 50, 100, 19, 265, 5000, 5
0, 6750, 104, 127, 120, 5524981, 5203357, 0.4, 50, 100, 19, 276, 5000, 5
0, 6750, 113, 126, 131, 5571017, 5309335, 0.4, 50, 100, 19, 287, 5000, 5
0, 6750, 92, 118, 100, 5842231, 5408879, 0.4, 50, 100, 19, 290, 5000, 5
0, 6750, 94, 112, 112, 5791244, 5401391, 0.4, 50, 100, 19, 294, 5000, 5
0, 6750, 103, 121, 112, 5601499, 5218495, 0.4, 50, 100, 19, 261, 5000, 5
0, 6750, 97, 125, 111, 5621185, 5313973, 0.4, 50, 100, 19, 297, 5000, 5
0, 6750, 88, 111, 109, 5656137, 5421926, 0.4, 50, 100, 19, 302, 5000, 5
0, 6750, 92, 126, 111, 5927060, 5609183, 0.4, 50, 100, 19, 276, 5000, 5
0, 6750, 74, 88, 82, 5224234, 5074948, 0.4, 50, 100, 19, 270, 5000, 5
0, 6750, 89, 113, 106, 5626356, 5229755, 0.4, 50, 100, 19, 306, 5000, 5
0, 6750, 100, 123, 113, 5685453, 5285117, 0.4, 50, 100, 19, 298, 5000, 5
0, 6750, 103, 122, 121, 6128632, 5929783, 0.4, 50, 100, 21, 312, 5000, 5
0, 6750, 103, 120, 115, 6229070, 5867105, 0.4, 50, 100, 21, 316, 5000, 5
0, 6750, 103, 122, 121, 5647177, 5435374, 0.4, 50, 100, 19, 426, 5000, 5
0, 6750, 103, 127, 113, 6634601, 6334392, 0.4, 50, 100, 21, 308, 5000, 5
0, 6750, 99, 117, 112, 5954581, 5593706, 0.4, 50, 100, 21, 368, 5000, 5
0, 6750, 108, 124, 123, 6401715, 6017350, 0.4, 50, 100, 21, 332, 5000, 5
0, 6750, 99, 122, 117, 6643729, 6160078, 0.4, 50, 100, 21, 324, 5000, 5
0, 6750, 107, 125, 126, 6337826, 5997337, 0.4, 50, 100, 21, 365, 5000, 5
0, 6750, 99, 122, 110, 6429405, 6014020, 0.4, 50, 100, 21, 326, 5000, 5
0, 6750, 107, 130, 119, 5593211, 5123411, 0.4, 50, 100, 19, 449, 5000, 5
0, 6750, 116, 136, 135, 6100613, 5730462, 0.4, 50, 100, 21, 319, 5000, 5
0, 6750, 97, 118, 121, 6321845, 6026119, 0.4, 50, 100, 21, 337, 5000, 5
0, 6750, 101, 119, 122, 6359123, 6016195, 0.4, 50, 100, 21, 325, 5000, 5
0, 6750, 92, 114, 104, 6382612, 6005516, 0.4, 50, 100, 21, 377, 5000, 5
0, 6750, 117, 143, 135, 6068304, 5747645, 0.4, 50, 100, 21, 342, 5000, 5
0, 6750, 90, 111, 103, 6316593, 5984441, 0.4, 50, 100, 21, 309, 5000, 5
0, 6750, 99, 116, 112, 6228416, 5974014, 0.4, 50, 100, 21, 328, 5000, 5
0, 6750, 116, 138, 125, 6442614, 6019617, 0.4, 50, 100, 21, 333, 5000, 5
0, 6750, 99, 118, 113, 6258061, 6128800, 0.4, 50, 100, 21, 327, 5000, 5
0, 6750, 84, 106, 96, 6638038, 6141524, 0.4, 50, 100, 21, 320, 5000, 5
0, 6750, 105, 130, 118, 6561877, 6021348, 0.4, 50, 100, 21, 332, 5000, 5
0, 6750, 115, 137, 128, 6062982, 5772639, 0.4, 50, 100, 21, 322, 5000, 5
0, 6750, 96, 120, 111, 6340235, 6069007, 0.4, 50, 100, 21, 335, 5000, 5
0, 6750, 93, 117, 101, 6470276, 6000301, 0.4, 50, 100, 21, 524, 5000, 5
0, 6750, 99, 122, 111, 6391492, 5964019, 0.4, 50, 100, 21, 330, 5000, 5
0, 6750, 107, 123, 120, 6580418, 6019840, 0.4, 50, 100, 21, 342, 5000, 5
0, 6750, 94, 111, 108, 6229717, 5969966, 0.4, 50, 100, 21, 330, 5000, 5
0, 6750, 100, 120, 118, 6397040, 6070501, 0.4, 50, 100, 21, 323, 5000, 5
0, 6750, 108, 130, 124, 6383986, 6002917, 0.4, 50, 100, 21, 339, 5000, 5
0, 6750, 105, 127, 120, 6605882, 6042593, 0.4, 50, 100, 21, 336, 5000, 5
0, 6750, 90, 103, 100, 6334484, 5939886, 0.4, 50, 100, 21, 386, 5000, 5
0, 6750, 107, 132, 123, 6117659, 5913331, 0.4, 50, 100, 21, 518, 5000, 5
0, 6750, 117, 138, 132, 6493797, 6125718, 0.4, 50, 100, 21, 344, 5000, 5
0, 6750, 105, 118, 122, 6141323, 5869761, 0.4, 50, 100, 21, 348, 5000, 5
0, 6750, 102, 116, 114, 6387589, 6160190, 0.4, 50, 100, 21, 379, 5000, 5
0, 6750, 83, 101, 93, 6394898, 5987742, 0.4, 50, 100, 21, 356, 5000, 5
0, 6750, 101, 122, 116, 6066556, 5739067, 0.4, 50, 100, 21, 332, 5000, 5
0, 6750, 106, 129, 122, 6521818, 6114964, 0.4, 50, 100, 21, 351, 5000, 5
0, 6750, 102, 119, 114, 6087483, 5721221, 0.4, 50, 100, 21, 345, 5000, 5
0, 6750, 102, 124, 116, 6293779, 5763377, 0.4, 50, 100, 21, 411, 5000, 5
0, 6750, 98, 117, 109, 6077201, 5793595, 0.4, 50, 100, 21, 344, 5000, 5
0, 6750, 107, 137, 125, 6492384, 5951360, 0.4, 50, 100, 21, 327, 5000, 5
0, 6750, 110, 136, 131, 6437705, 6027980, 0.4, 50, 100, 21, 333, 5000, 5
0, 6750, 103, 123, 121, 6437662, 5919382, 0.4, 50, 100, 21, 345, 5000, 5
0, 6750, 98, 119, 114, 6485134, 6094650, 0.4, 50, 100, 21, 342, 5000, 5
0, 6750, 103, 122, 118, 6471022, 5994825, 0.4, 50, 100, 21, 346, 5000, 5
0, 6750, 102, 121, 112, 6266974, 5888977, 0.4, 50, 100, 21, 385, 5000, 5
0, 6750, 107, 127, 119, 6506105, 6180218, 0.4, 50, 100, 21, 342, 5000, 5
0, 6750, 106, 126, 123, 6416652, 6036386, 0.4, 50, 100, 21, 411, 5000, 5
0, 6750, 90, 118, 105, 6246351, 5964032, 0.4, 50, 100, 21, 335, 5000, 5
0, 6750, 93, 114, 110, 6310196, 6040157, 0.4, 50, 100, 21, 345, 5000, 5
0, 6750, 101, 127, 120, 6229025, 5930319, 0.4, 50, 100, 21, 333, 5000, 5
0, 6750, 103, 136, 110, 6992136, 6509574, 0.4, 50, 100, 21, 341, 5000, 5
0, 6750, 93, 104, 104, 6118530, 6090681, 0.4, 50, 100, 21, 342, 5000, 5
0, 6750, 94, 123, 106, 6554231, 5967547, 0.4, 50, 100, 21, 344, 5000, 5
0, 6750, 88, 106, 96, 6375029, 5988583, 0.4, 50, 100, 21, 367, 5000, 5
0, 6750, 97, 115, 117, 6129763, 5791454, 0.4, 50, 100, 21, 359, 5000, 5
0, 6750, 106, 133, 127, 6133738, 5722683, 0.4, 50, 100, 21, 359, 5000, 5
0, 6750, 108, 126, 123, 6249763, 5885922, 0.4, 50, 100, 21, 357, 5000, 5
0, 6750, 105, 123, 116, 6432274, 6088521, 0.4, 50, 100, 21, 425, 5000, 5
0, 6750, 108, 121, 121, 6240289, 5920941, 0.4, 50, 100, 21, 330, 5000, 5
0, 6750, 104, 121, 114, 6281166, 5889334, 0.4, 50, 100, 21, 353, 5000, 5
0, 6750, 117, 134, 128, 6840246, 6333362, 0.4, 50, 100, 21, 309, 5000, 5
0, 6750, 109, 132, 128, 6317901, 5973550, 0.4, 50, 100, 21, 331, 5000, 5
0, 6750, 72, 89, 87, 6215128, 5893482, 0.4, 50, 100, 21, 339, 5000, 5
0, 6750, 108, 133, 125, 6271407, 5992881, 0.4, 50, 100, 21, 340, 5000, 5
0, 6750, 84, 109, 110, 6281226, 5995011, 0.4, 50, 100, 21, 384, 5000, 5
0, 6750, 98, 118, 115, 6409191, 6178083, 0.4, 50, 100, 21, 333, 5000, 5
0, 6750, 108, 141, 125, 6420575, 5963093, 0.4, 50, 100, 21, 331, 5000, 5
0, 6750, 83, 110, 98, 6465559, 6134694, 0.4, 50, 100, 21, 387, 5000, 5
0, 6750, 118, 141, 139, 6301987, 6015595, 0.4, 50, 100, 21, 313, 5000, 5
0, 6750, 100, 118, 112, 6162788, 5826766, 0.4, 50, 100, 21, 357, 5000, 5
0, 6750, 94, 111, 112, 6342237, 5935570, 0.4, 50, 100, 21, 331, 5000, 5
0, 6750, 107, 129, 124, 6188770, 5898372, 0.4, 50, 100, 21, 365, 5000, 5
0, 6750, 106, 126, 119, 6121965, 5873971, 0.4, 50, 100, 21, 326, 5000, 5
0, 6750, 85, 107, 102, 6453215, 6070160, 0.4, 50, 100, 21, 325, 5000, 5
0, 6750, 96, 113, 111, 6589594, 6250459, 0.4, 50, 100, 21, 336, 5000, 5
0, 6750, 105, 122, 114, 6252890, 5981341, 0.4, 50, 100, 21, 326, 5000, 5
0, 6750, 112, 128, 128, 6157565, 5781210, 0.4, 50, 100, 21, 348, 5000, 5
0, 6750, 115, 146, 138, 6443239, 6112947, 0.4, 50, 100, 21, 353, 5000, 5
0, 6750, 106, 131, 121, 6387901, 5982261, 0.4, 50, 100, 21, 439, 5000, 5
0, 6750, 107, 129, 117, 6270766, 5846084, 0.4, 50, 100, 21, 377, 5000, 5
0, 6750, 108, 130, 124, 6224313, 5987813, 0.4, 50, 100, 21, 397, 5000, 5
0, 6750, 101, 121, 115, 6475322, 6104528, 0.4, 50, 100, 21, 320, 5000, 5
0, 6750, 111, 139, 123, 6398611, 6036563, 0.4, 50, 100, 21, 372, 5000, 5
0, 6750, 107, 129, 121, 6666561, 6398444, 0.4, 50, 100, 21, 318, 5000, 5
0, 6750, 110, 134, 120, 6288370, 5935057, 0.4, 50, 100, 21, 348, 5000, 5
0, 6750, 94, 115, 112, 6074769, 5811641, 0.4, 50, 100, 21, 423, 5000, 5
0, 6750, 99, 120, 123, 6447410, 6092123, 0.4, 50, 100, 21, 348, 5000, 5
0, 6750, 104, 117, 115, 5938056, 5704226, 0.4, 50, 100, 21, 362, 5000, 5
0, 6750, 102, 118, 114, 6887739, 6156860, 0.4, 50, 100, 21, 332, 5000, 5
0, 6750, 107, 131, 118, 6300337, 5888072, 0.4, 50, 100, 21, 332, 5000, 5
0, 6750, 96, 110, 104, 6073915, 6023019, 0.4, 50, 100, 21, 329, 5000, 5
0, 6750, 83, 107, 92, 6407308, 5974515, 0.4, 50, 100, 21, 437, 5000, 5
0, 6750, 98, 130, 118, 6565957, 6202626, 0.4, 50, 100, 21, 347, 5000, 5
0, 6750, 99, 123, 120, 6342048, 5931844, 0.4, 50, 100, 21, 313, 5000, 5
0, 6750, 87, 107, 107, 6195991, 5933866, 0.4, 50, 100, 21, 383, 5000, 5
0, 6750, 96, 116, 113, 6666611, 6227169, 0.4, 50, 100, 21, 333, 5000, 5
0, 6750, 101, 120, 120, 6358446, 5930939, 0.4, 50, 100, 21, 361, 5000, 5
0, 6750, 85, 108, 103, 6558935, 6258891, 0.4, 50, 100, 21, 320, 5000, 5
0, 6750, 93, 106, 116, 6304951, 6023298, 0.4, 50, 100, 21, 354, 5000, 5
0, 6750, 97, 122, 115, 6345840, 6018275, 0.4, 50, 100, 21, 375, 5000, 5
0, 6750, 111, 129, 127, 8994107, 8545027, 0.4, 50, 100, 30, 691, 5000, 5
0, 6750, 108, 128, 124, 9210292, 8864435, 0.4, 50, 100, 30, 711, 5000, 5
0, 6750, 81, 101, 101, 8822013, 8204560, 0.4, 50, 100, 30, 699, 5000, 5
0, 6750, 97, 114, 112, 8923884, 8492531, 0.4, 50, 100, 30, 683, 5000, 5
0, 6750, 105, 129, 120, 9057915, 8517921, 0.4, 50, 100, 30, 675, 5000, 5
0, 6750, 107, 127, 126, 9055295, 8567688, 0.4, 50, 100, 30, 703, 5000, 5
0, 6750, 106, 121, 120, 9090895, 8654935, 0.4, 50, 100, 30, 753, 5000, 5
0, 6750, 106, 123, 127, 8997862, 8589184, 0.4, 50, 100, 30, 677, 5000, 5
0, 6750, 113, 136, 130, 9222372, 8707768, 0.4, 50, 100, 30, 734, 5000, 5
0, 6750, 99, 126, 115, 9106212, 8599659, 0.4, 50, 100, 30, 712, 5000, 5
0, 6750, 98, 120, 112, 9237918, 8671285, 0.4, 50, 100, 30, 736, 5000, 5
0, 6750, 87, 114, 102, 9290740, 8816189, 0.4, 50, 100, 30, 750, 5000, 5
0, 6750, 87, 104, 97, 9251161, 8819039, 0.4, 50, 100, 30, 722, 5000, 5
0, 6750, 81, 103, 96, 9030018, 8433091, 0.4, 50, 100, 30, 709, 5000, 5
0, 6750, 107, 123, 120, 8758408, 8335635, 0.4, 50, 100, 30, 758, 5000, 5
0, 6750, 101, 125, 111, 9040171, 8155574, 0.4, 50, 100, 30, 773, 5000, 5
0, 6750, 96, 122, 107, 9238793, 8501425, 0.4, 50, 100, 30, 818, 5000, 5
0, 6750, 97, 124, 114, 9065650, 8631815, 0.4, 50, 100, 30, 696, 5000, 5
0, 6750, 94, 109, 105, 9164213, 8870977, 0.4, 50, 100, 30, 804, 5000, 5
0, 6750, 109, 127, 127, 9303312, 8376803, 0.4, 50, 100, 30, 889, 5000, 5
0, 6750, 105, 128, 120, 9126837, 8482645, 0.4, 50, 100, 30, 672, 5000, 5
0, 6750, 94, 114, 110, 8923393, 8441717, 0.4, 50, 100, 30, 692, 5000, 5
0, 6750, 116, 137, 126, 8931683, 8310435, 0.4, 50, 100, 30, 700, 5000, 5
0, 6750, 87, 104, 110, 8981040, 8515598, 0.4, 50, 100, 30, 822, 5000, 5
0, 6750, 108, 127, 125, 9441344, 8883545, 0.4, 50, 100, 30, 728, 5000, 5
0, 6750, 103, 124, 115, 9367784, 8593483, 0.4, 50, 100, 30, 711, 5000, 5
0, 6750, 88, 113, 106, 8730244, 8213681, 0.4, 50, 100, 30, 725, 5000, 5
0, 6750, 99, 129, 114, 9011119, 8552184, 0.4, 50, 100, 30, 771, 5000, 5
0, 6750, 109, 129, 127, 9048665, 8778993, 0.4, 50, 100, 30, 773, 5000, 5
0, 6750, 98, 110, 118, 8965995, 8693871, 0.4, 50, 100, 30, 964, 5000, 5
0, 6750, 104, 131, 116, 8906583, 8325546, 0.4, 50, 100, 30, 859, 5000, 5
0, 6750, 98, 117, 113, 8891529, 8376980, 0.4, 50, 100, 30, 678, 5000, 5
0, 6750, 93, 111, 110, 9190755, 8785411, 0.4, 50, 100, 30, 690, 5000, 5
0, 6750, 108, 127, 121, 9617697, 8731771, 0.4, 50, 100, 30, 712, 5000, 5
0, 6750, 110, 133, 123, 9154142, 8435960, 0.4, 50, 100, 30, 679, 5000, 5
0, 6750, 86, 109, 102, 9138227, 8689024, 0.4, 50, 100, 30, 727, 5000, 5
0, 6750, 97, 118, 115, 9048870, 8728527, 0.4, 50, 100, 30, 706, 5000, 5
0, 6750, 121, 150, 133, 9296562, 8671532, 0.4, 50, 100, 30, 715, 5000, 5
0, 6750, 92, 119, 105, 8809661, 8268344, 0.4, 50, 100, 30, 701, 5000, 5
0, 6750, 109, 128, 126, 9182631, 8682969, 0.4, 50, 100, 30, 710, 5000, 5
0, 6750, 104, 124, 121, 9044485, 8674194, 0.4, 50, 100, 30, 772, 5000, 5
0, 6750, 95, 111, 115, 9351517, 8957525, 0.4, 50, 100, 30, 704, 5000, 5
0, 6750, 106, 125, 118, 9094723, 8607845, 0.4, 50, 100, 30, 707, 5000, 5
1, 5275, 109, 114, 113, 7745076, 7842495, 0.4, 50, 100, 30, 607, 5000, 5
0, 6750, 121, 146, 132, 8890517, 8238295, 0.4, 50, 100, 30, 734, 5000, 5
0, 6750, 108, 128, 128, 9491361, 8986734, 0.4, 50, 100, 30, 899, 5000, 5
0, 6750, 92, 106, 110, 8849738, 8601885, 0.4, 50, 100, 30, 678, 5000, 5
0, 6750, 85, 111, 104, 9214415, 8590366, 0.4, 50, 100, 30, 650, 5000, 5
0, 6750, 83, 106, 101, 8972835, 8665604, 0.4, 50, 100, 30, 753, 5000, 5
0, 6750, 108, 126, 124, 9304618, 8791435, 0.4, 50, 100, 30, 693, 5000, 5
0, 6750, 102, 121, 110, 9110028, 8473846, 0.4, 50, 100, 30, 727, 5000, 5
0, 6750, 104, 125, 122, 8843475, 8368521, 0.4, 50, 100, 30, 814, 5000, 5
0, 6750, 97, 120, 112, 9012098, 8669513, 0.4, 50, 100, 30, 814, 5000, 5
0, 6750, 94, 108, 112, 9166233, 8697297, 0.4, 50, 100, 30, 701, 5000, 5
0, 6750, 111, 135, 126, 8800648, 8282730, 0.4, 50, 100, 30, 836, 5000, 5
0, 6750, 112, 135, 129, 9152173, 8593740, 0.4, 50, 100, 30, 708, 5000, 5
0, 6750, 93, 115, 115, 9693089, 9206934, 0.4, 50, 100, 30, 788, 5000, 5
0, 6750, 90, 118, 105, 9259964, 8799458, 0.4, 50, 100, 30, 747, 5000, 5
0, 6750, 92, 115, 106, 9039668, 8425269, 0.4, 50, 100, 30, 892, 5000, 5
0, 6750, 108, 130, 122, 9123420, 8534449, 0.4, 50, 100, 30, 790, 5000, 5
0, 6750, 79, 104, 91, 9030115, 8561276, 0.4, 50, 100, 30, 827, 5000, 5
0, 6750, 101, 125, 111, 8740317, 8114104, 0.4, 50, 100, 30, 832, 5000, 5
0, 6750, 114, 138, 133, 9029543, 8372246, 0.4, 50, 100, 30, 650, 5000, 5
0, 6750, 103, 120, 113, 9246643, 8867318, 0.4, 50, 100, 30, 738, 5000, 5
0, 6750, 99, 126, 117, 8959414, 8747830, 0.4, 50, 100, 30, 673, 5000, 5
0, 6750, 87, 117, 103, 9255820, 8610366, 0.4, 50, 100, 30, 729, 5000, 5
0, 6750, 98, 129, 112, 8771436, 8401460, 0.4, 50, 100, 30, 720, 5000, 5
0, 6750, 95, 121, 112, 9187688, 8655616, 0.4, 50, 100, 30, 756, 5000, 5
0, 6750, 90, 114, 103, 9408974, 8918461, 0.4, 50, 100, 30, 754, 5000, 5
0, 6750, 97, 129, 116, 9156733, 8574084, 0.4, 50, 100, 30, 660, 5000, 5
0, 6750, 115, 129, 125, 9206074, 8784936, 0.4, 50, 100, 30, 738, 5000, 5
0, 6750, 91, 120, 102, 9573357, 9009775, 0.4, 50, 100, 30, 711, 5000, 5
0, 6750, 106, 132, 124, 9024268, 8503648, 0.4, 50, 100, 30, 747, 5000, 5
0, 6750, 104, 118, 115, 8819122, 8346635, 0.4, 50, 100, 30, 927, 5000, 5
0, 6750, 107, 129, 116, 9166259, 8453809, 0.4, 50, 100, 30, 788, 5000, 5
0, 6750, 98, 124, 118, 9124282, 8624293, 0.4, 50, 100, 30, 761, 5000, 5
0, 6750, 85, 105, 101, 9019492, 8664290, 0.4, 50, 100, 30, 686, 5000, 5
0, 6750, 98, 117, 110, 8854054, 8295869, 0.4, 50, 100, 30, 759, 5000, 5
0, 6750, 85, 102, 104, 9217507, 8695125, 0.4, 50, 100, 30, 749, 5000, 5
0, 6750, 82, 100, 92, 9008378, 8428721, 0.4, 50, 100, 30, 697, 5000, 5
0, 6750, 103, 117, 118, 8977337, 8599403, 0.4, 50, 100, 30, 831, 5000, 5
0, 6750, 92, 111, 103, 9058975, 8393853, 0.4, 50, 100, 30, 704, 5000, 5
0, 6750, 110, 127, 125, 8908635, 8255460, 0.4, 50, 100, 30, 740, 5000, 5
0, 6750, 93, 124, 113, 9035036, 8646804, 0.4, 50, 100, 30, 753, 5000, 5
0, 6750, 100, 130, 119, 9174870, 8467488, 0.4, 50, 100, 30, 729, 5000, 5
0, 6750, 97, 115, 109, 8984751, 8678119, 0.4, 50, 100, 30, 699, 5000, 5
0, 6750, 92, 114, 113, 8752596, 8190149, 0.4, 50, 100, 30, 674, 5000, 5
0, 6750, 93, 114, 108, 8903724, 8121501, 0.4, 50, 100, 30, 700, 5000, 5
0, 6750, 117, 137, 140, 8501909, 8070160, 0.4, 50, 100, 30, 699, 5000, 5
0, 6750, 97, 118, 110, 9149868, 8610712, 0.4, 50, 100, 30, 698, 5000, 5
0, 6750, 113, 130, 121, 9280236, 8610022, 0.4, 50, 100, 30, 694, 5000, 5
0, 6750, 106, 128, 122, 9111646, 8591957, 0.4, 50, 100, 30, 691, 5000, 5
0, 6750, 115, 136, 126, 8844221, 8486721, 0.4, 50, 100, 30, 684, 5000, 5
0, 6750, 109, 126, 123, 8822266, 8421951, 0.4, 50, 100, 30, 579, 5000, 5
0, 6750, 99, 122, 114, 8912692, 8355359, 0.4, 50, 100, 30, 569, 5000, 5
0, 6750, 93, 116, 109, 8823219, 8483019, 0.4, 50, 100, 30, 597, 5000, 5
0, 6750, 101, 118, 126, 8988222, 8557922, 0.4, 50, 100, 30, 536, 5000, 5
0, 6750, 94, 120, 109, 8995072, 8545573, 0.4, 50, 100, 30, 595, 5000, 5
0, 6750, 102, 130, 121, 9298776, 8785037, 0.4, 50, 100, 30, 557, 5000, 5
0, 6750, 95, 109, 105, 8817933, 8526425, 0.4, 50, 100, 30, 530, 5000, 5
